english,was,now,shape,source,state
a,bod,bod,CVC,short,kept
abandon,xubz,xubz,CVCC,fill,kept
able,fip,fip,CVC,short,kept
abort,lorv,lorv,CVCC,fill,kept
about,buf,buf,CVC,short,kept
above,nedj,nedj,CVCC,fill,kept
abroad,rudz,rudz,CVCC,fill,kept
absent,bruf,bruf,CCVC,fill,kept
absolute,vorf,vorf,CVCC,fill,kept
absorb,zub,zub,CVC,hand,fixed
abstain,flan,flan,CCVC,fill,kept
abstract,habz,habz,CVCC,hand,fixed
absurd,folv,folv,CVCC,fill,kept
abundant,fruz,fruz,CCVC,fill,kept
abyss,krad,krad,CCVC,fill,kept
academy,vebz,vebz,CVCC,fill,kept
accelerate,snaC,snaC,CCVC,fill,kept
accent,vatx,vatx,CVCC,fill,kept
accept,kedj,kedj,CVCC,hand,fixed
access,disp,disp,CVCC,fill,kept
accident,weq,weq,CVC,short,kept
accommodate,txid,txid,CCVC,fill,kept
accompany,lesk,lesk,CVCC,fill,kept
accord,kluv,kluv,CCVC,fill,kept
account,nodz,nodz,CVCC,fill,kept
accumulate,fruv,fruv,CCVC,fill,kept
accurate,jemp,jemp,CVCC,fill,kept
accuse,yand,yand,CVCC,fill,kept
ace,horv,horv,CVCC,fill,kept
ache,blat,blat,CCVC,fill,kept
achieve,judz,judz,CVCC,fill,kept
acid,falf,falf,CVCC,fill,kept
acorn,vraf,vraf,CCVC,fill,kept
acoustic,stob,stob,CCVC,fill,kept
acquire,brid,brid,CCVC,fill,kept
acre,trov,trov,CCVC,fill,kept
across,roq,roq,CVC,short,kept
act,yez,yez,CVC,short,kept
activity,zorv,zorv,CVCC,fill,kept
actual,txul,txul,CCVC,hand,fixed
acute,djuj,djuj,CCVC,fill,kept
adapt,brez,brez,CCVC,fill,kept
add,lax,lax,CVC,hand,fixed
addict,yolb,yolb,CVCC,fill,kept
address,nind,nind,CVCC,fill,kept
adequate,broz,broz,CCVC,fill,kept
adhere,fruf,fruf,CCVC,fill,kept
adhesive,stuc,stuc,CCVC,fill,kept
adjacent,snef,snef,CCVC,fill,kept
adjust,yarp,yarp,CVCC,fill,kept
administer,klom,klom,CCVC,fill,kept
admire,sisk,sisk,CVCC,fill,kept
admit,modz,modz,CVCC,fill,kept
adopt,lond,lond,CVCC,fill,kept
adult,sidz,sidz,CVCC,fill,kept
advance,kuft,kuft,CVCC,fill,kept
advantage,busp,busp,CVCC,fill,kept
adventure,zidz,zidz,CVCC,fill,kept
advise,vadj,vadj,CVCC,fill,kept
affair,dagz,dagz,CVCC,fill,kept
affect,volc,volc,CVCC,fill,kept
afford,noft,noft,CVCC,fill,kept
after,ret,ret,CVC,hand,fixed
afterward,plot,plot,CCVC,fill,kept
again,pal,pal,CVC,short,kept
against,zof,zof,CVC,short,kept
age,hedj,hedj,CVCC,hand,fixed
agent,yug,yug,CVC,short,kept
aggregate,kan,kan,CVC,hand,fixed
aggressive,jibz,jibz,CVCC,fill,kept
agitated,blex,blex,CCVC,fill,kept
ago,sin,sin,CVC,short,kept
agree,kek,kek,CVC,hand,fixed
ah,zog,zog,CVC,short,kept
aha,Ceps,Ceps,CVCC,fill,kept
ahead,hord,hord,CVCC,hand,fixed
aid,soqk,soqk,CVCC,fill,kept
aim,hond,hond,CVCC,fill,kept
air,les,les,CVC,hand,fixed
alarm,desk,desk,CVCC,fill,kept
alas,grev,grev,CCVC,fill,kept
alcohol,koqk,xogz,CVCC,fill,moved
alert,palv,palv,CVCC,fill,kept
algorithm,riC,riC,CVC,hand,fixed
alias,wolk,wolk,CVCC,fill,kept
alien,kebz,kebz,CVCC,fill,fixed
align,mok,mok,CVC,hand,fixed
alike,vort,vort,CVCC,fill,kept
alive,fis,fis,CVC,short,kept
all,kol,kol,CVC,hand,fixed
allegiance,djaC,djaC,CCVC,fill,kept
allergy,kleb,kleb,CCVC,fill,kept
alley,korv,korv,CVCC,fill,kept
allow,norg,norg,CVCC,fill,kept
alloy,stid,stid,CCVC,fill,kept
allure,frox,frox,CCVC,fill,kept
ally,gusk,gusk,CVCC,fill,kept
almost,zup,zup,CVC,short,kept
alone,kag,kag,CVC,short,kept
along,veq,veq,CVC,short,kept
already,ked,ked,CVC,short,kept
also,soz,soz,CVC,hand,fixed
altar,rarb,rarb,CVCC,fill,kept
alter,ledz,ledz,CVCC,fill,kept
alternate,glef,glef,CCVC,fill,kept
although,nusk,nusk,CVCC,fill,kept
altitude,grib,grib,CCVC,fill,kept
alto,sniC,sniC,CCVC,fill,kept
always,naq,naq,CVC,short,kept
amaze,smiq,smiq,CCVC,fill,kept
ambiguous,vrax,vrax,CCVC,fill,kept
ambush,yorp,yorp,CVCC,fill,kept
ammonia,smav,smav,CCVC,fill,kept
among,gorf,gorf,CVCC,fill,fixed
amount,barg,barg,CVCC,fill,fixed
amp,trot,trot,CCVC,fill,kept
amuse,braq,braq,CCVC,fill,kept
analyze,djix,djix,CCVC,fill,kept
ancestor,bev,bev,CVC,short,kept
anchor,jolf,jolf,CVCC,fill,kept
ancient,xant,xant,CVCC,hand,fixed
and,kon,kon,CVC,hand,fixed
anesthetic,snet,snet,CCVC,fill,kept
angel,woq,woq,CVC,short,kept
anger,tidz,tidz,CVCC,fill,kept
angle,homp,homp,CVCC,fill,kept
anguish,pluv,pluv,CCVC,fill,kept
animal,zul,zul,CVC,hand,fixed
ankle,xuft,xuft,CVCC,fill,kept
announce,forf,forf,CVCC,fill,kept
annoy,blev,blev,CCVC,fill,kept
anomaly,snoC,snoC,CCVC,fill,kept
another,puv,puv,CVC,short,kept
answer,vad,vad,CVC,short,kept
ant,yolv,yolv,CVCC,fill,kept
antenna,got,got,CVC,hand,fixed
anti,flag,flag,CCVC,fill,kept
anticipate,blep,blep,CCVC,fill,kept
anus,spab,spab,CCVC,fill,kept
anxious,segz,segz,CVCC,fill,kept
any,nark,nark,CVCC,hand,fixed
anyone,sad,sad,CVC,short,kept
anything,pep,pep,CVC,short,kept
apart,prat,prat,CCVC,hand,fixed
apathy,fluv,fluv,CCVC,fill,kept
ape,heps,heps,CVCC,hand,fixed
apology,hips,hips,CVCC,fill,kept
apparatus,smab,smab,CCVC,fill,kept
apparent,wobz,wobz,CVCC,fill,kept
appear,fleC,fleC,CCVC,hand,fixed
appendage,dedj,dedj,CVCC,hand,fixed
appendix,brag,brag,CCVC,fill,kept
appetite,xagz,xagz,CVCC,fill,kept
applause,volp,volp,CVCC,fill,kept
apple,bodj,bodj,CVCC,fill,kept
apply,vend,vend,CVCC,fill,kept
appoint,txat,txat,CCVC,fill,kept
appreciate,leb,leb,CVC,short,kept
approach,peft,peft,CVCC,fill,kept
appropriate,zugz,zugz,CVCC,fill,kept
approve,vosk,vosk,CVCC,fill,kept
approximate,snoz,snoz,CCVC,fill,kept
arbitrary,steq,steq,CCVC,fill,kept
arc,hark,hark,CVCC,hand,fixed
arch,gruq,gruq,CCVC,fill,kept
archive,snab,snab,CCVC,fill,kept
area,mint,mint,CVCC,fill,kept
arena,glib,glib,CCVC,fill,kept
argue,tint,tint,CVCC,fill,kept
arithmetic,smex,smex,CCVC,fill,kept
arm,marb,marb,CVCC,fill,kept
around,poz,yum,CVC,short,moved
arouse,snuv,snuv,CCVC,fill,kept
arrange,hent,hent,CVCC,fill,kept
arrive,tomp,tomp,CVCC,fill,kept
arrogant,ribz,ribz,CVCC,fill,kept
arrow,jift,golz,CVCC,fill,moved
arson,djun,djun,CCVC,fill,kept
art,meqk,meqk,CVCC,fill,kept
artery,yubz,yubz,CVCC,fill,kept
artifact,spom,spom,CCVC,fill,kept
artificial,liks,liks,CVCC,fill,kept
as,naz,naz,CVC,hand,fixed
ascend,skiq,skiq,CCVC,fill,kept
ash,prax,prax,CCVC,hand,fixed
ask,xask,xask,CVCC,hand,fixed
asleep,sip,sip,CVC,hand,fixed
aspect,vas,vas,CVC,hand,fixed
assault,keqk,keqk,CVCC,fill,kept
assemble,djeq,djeq,CCVC,fill,kept
assert,sur,sur,CVC,hand,fixed
assign,druq,druq,CCVC,fill,kept
assimilate,flav,flav,CCVC,fill,kept
associate,xesk,xesk,CVCC,fill,kept
assume,golf,golf,CVCC,fill,kept
assurance,txaq,txaq,CCVC,fill,kept
at,hat,hat,CVC,hand,fixed
athlete,lodj,lodj,CVCC,fill,kept
atmosphere,fugz,fugz,CVCC,fill,kept
atom,tom,tom,CVC,hand,fixed
attach,totx,totx,CVCC,hand,fixed
attack,wuf,wuf,CVC,short,kept
attempt,tedj,tedj,CVCC,fill,kept
attend,setx,setx,CVCC,fill,kept
attention,rix,hif,CVC,short,moved
attitude,biks,biks,CVCC,fill,kept
attract,yaqk,yaqk,CVCC,fill,fixed
attribute,skev,skev,CCVC,fill,kept
audio,yalz,yalz,CVCC,fill,kept
audit,spaq,spaq,CCVC,fill,kept
aura,trof,trof,CCVC,fill,kept
author,jidj,jidj,CVCC,fill,kept
authority,peps,peps,CVCC,fill,kept
automatic,Cagz,Cagz,CVCC,fill,kept
autumn,grab,grab,CCVC,fill,kept
available,bisk,bisk,CVCC,fill,kept
average,vraj,vraj,CCVC,hand,fixed
aversion,snez,snez,CCVC,fill,kept
avoid,vord,vord,CVCC,hand,fixed
await,duf,duf,CVC,short,kept
awake,bud,bud,CVC,hand,fixed
award,zolv,zolv,CVCC,fill,kept
aware,dub,dub,CVC,hand,fixed
away,yad,yad,CVC,hand,fixed
awe,brex,brex,CCVC,fill,kept
awful,marf,marf,CVCC,fill,kept
awkward,sigz,sigz,CVCC,fill,kept
axe,rubz,rubz,CVCC,fill,kept
axis,vov,vov,CVC,hand,fixed
baby,beb,beb,CVC,hand,fixed
back,gok,gok,CVC,hand,fixed
bacteria,brak,brak,CCVC,hand,fixed
bad,fut,fut,CVC,hand,fixed
badge,heft,heft,CVCC,fill,kept
bag,rod,rod,CVC,short,kept
bait,blet,blet,CCVC,hand,fixed
bake,ceft,ceft,CVCC,fill,kept
balance,halv,halv,CVCC,fill,fixed
ball,bral,bral,CCVC,hand,fixed
balloon,xarf,xarf,CVCC,fill,kept
balm,frov,frov,CCVC,fill,kept
ban,djex,djex,CCVC,fill,kept
banana,fitx,fitx,CVCC,fill,kept
band,mups,mups,CVCC,fill,kept
bang,beq,beq,CVC,hand,fixed
bank,lar,lar,CVC,short,kept
bar,led,led,CVC,short,kept
barb,barb,barb,CVCC,hand,fixed
bare,xold,xold,CVCC,fill,kept
bargain,vars,vars,CVCC,fill,kept
bark,yogz,yogz,CVCC,fill,kept
barley,skif,skif,CCVC,fill,kept
barren,smaC,smaC,CCVC,fill,kept
barrier,glof,glof,CCVC,fill,kept
base,gont,gont,CVCC,fill,fixed
basin,triz,triz,CCVC,fill,kept
basis,varf,varf,CVCC,fill,kept
bask,frux,frux,CCVC,fill,kept
bass,jarf,jarf,CVCC,fill,kept
bat,batx,batx,CVCC,hand,fixed
batch,word,word,CVCC,fill,kept
bathe,blam,blam,CCVC,fill,kept
battery,veps,veps,CVCC,fill,kept
battle,nutx,nutx,CVCC,fill,kept
bay,balb,balb,CVCC,fill,kept
be,baq,baq,CVC,hand,fixed
beach,molp,molp,CVCC,fill,kept
bead,spef,spef,CCVC,fill,kept
beak,bruk,bruk,CCVC,hand,fixed
beam,blim,blim,CCVC,hand,fixed
bean,Colv,Colv,CVCC,fill,kept
bear,nuqk,nuqk,CVCC,hand,fixed
beard,vitx,vitx,CVCC,fill,kept
beast,bist,bist,CVCC,hand,fixed
beat,bit,bit,CVC,hand,fixed
beauty,bat,bat,CVC,hand,fixed
because,tuz,tuz,CVC,hand,fixed
become,jef,jef,CVC,short,kept
bed,vif,vif,CVC,short,kept
bee,fest,losk,CVCC,fill,moved
beep,brip,brip,CCVC,hand,fixed
beer,mimp,mimp,CVCC,fill,kept
before,tor,tor,CVC,hand,fixed
beg,nisp,nisp,CVCC,fill,kept
begin,mork,mork,CVCC,fill,kept
behave,kolv,kolv,CVCC,fill,kept
behind,vib,vib,CVC,short,kept
believe,pof,pof,CVC,short,kept
bell,gent,kubz,CVCC,fill,moved
belong,norb,norb,CVCC,fill,kept
below,dodj,dodj,CVCC,fill,kept
belt,barz,barz,CVCC,fill,kept
bend,bend,bend,CVCC,hand,fixed
beneath,vodz,vodz,CVCC,fill,kept
benefit,sint,sint,CVCC,fill,kept
berry,glaf,spug,CCVC,fill,moved
beside,sadj,sadj,CVCC,hand,fixed
bet,vop,vop,CVC,short,kept
betray,xedz,xedz,CVCC,fill,kept
between,tin,tin,CVC,hand,fixed
beyond,nump,nump,CVCC,fill,fixed
bias,smim,smim,CCVC,fill,kept
bid,visk,visk,CVCC,fill,kept
big,brat,brat,CCVC,hand,fixed
bile,vriz,vriz,CCVC,fill,kept
bill,xaz,xaz,CVC,short,kept
bind,bin,huc,CVC,short,moved
bird,bax,bax,CVC,hand,fixed
birth,dolb,dolb,CVCC,fill,fixed
bit,vic,vic,CVC,hand,fixed
bite,bed,bed,CVC,hand,fixed
bitter,vump,vump,CVCC,fill,kept
black,vog,vog,CVC,hand,fixed
bladder,wuts,wuts,CVCC,fill,kept
blade,zalf,zalf,CVCC,fill,kept
blame,moks,moks,CVCC,fill,kept
bland,spod,spod,CCVC,fill,kept
blank,folf,folf,CVCC,fill,kept
blast,kunt,kunt,CVCC,fill,kept
blaze,txen,txen,CCVC,fill,kept
bleed,falt,falt,CVCC,fill,kept
blemish,frof,frof,CCVC,fill,kept
blend,weks,weks,CVCC,fill,kept
bless,godj,godj,CVCC,fill,kept
blind,nald,nald,CVCC,fill,kept
blink,rarv,rarv,CVCC,fill,kept
bliss,djan,djan,CCVC,fill,kept
bloat,flaf,flaf,CCVC,fill,kept
blob,blab,blab,CCVC,hand,fixed
block,giks,giks,CVCC,fill,kept
blog,frem,frem,CCVC,fill,kept
blood,bloC,bloC,CCVC,hand,fixed
bloom,blum,blum,CCVC,hand,fixed
blot,stun,stun,CCVC,fill,kept
blow,blof,blof,CCVC,hand,fixed
blue,bul,bul,CVC,hand,fixed
bluff,calv,calv,CVCC,fill,kept
blunt,ruqk,ruqk,CVCC,fill,kept
blur,blor,blor,CCVC,hand,fixed
board,marz,Ceqk,CVCC,fill,moved
boast,spun,spun,CCVC,fill,kept
boat,bot,bot,CVC,hand,fixed
bob,ror,ror,CVC,short,kept
body,vat,vat,CVC,hand,fixed
bog,stop,stop,CCVC,fill,kept
boil,yigz,yigz,CVCC,fill,kept
bold,jarb,jarb,CVCC,fill,kept
bolt,Cogz,Cogz,CVCC,fill,kept
bomb,mudj,mudj,CVCC,fill,kept
bond,nuq,nuq,CVC,hand,fixed
bondage,kliz,kliz,CCVC,fill,kept
bone,brod,brod,CCVC,hand,fixed
bonus,xeqk,xeqk,CVCC,fill,kept
book,vam,vam,CVC,short,kept
boom,bum,bum,CVC,hand,fixed
bore,jesp,jesp,CVCC,fill,kept
born,lof,lof,CVC,short,kept
borrow,fup,fup,CVC,hand,fixed
boss,fux,fux,CVC,short,kept
both,kor,kor,CVC,short,kept
bottom,kis,kis,CVC,hand,fixed
bounce,fodz,fodz,CVCC,fill,kept
bound,tudj,tudj,CVCC,fill,kept
bow,pobz,pobz,CVCC,fill,kept
bowel,gliv,gliv,CCVC,fill,kept
bowl,pift,pift,CVCC,fill,kept
box,braz,braz,CCVC,hand,fixed
boy,puk,puk,CVC,short,kept
brace,catx,catx,CVCC,fill,kept
bracken,frex,frex,CCVC,fill,kept
brag,glap,glap,CCVC,fill,kept
braid,bred,bred,CCVC,hand,fixed
brain,bren,bren,CCVC,hand,fixed
brake,cubz,cubz,CVCC,fill,kept
bran,snat,snat,CCVC,fill,kept
branch,lum,lum,CVC,hand,fixed
brand,seft,seft,CVCC,fill,kept
brave,brev,brev,CCVC,hand,fixed
bravo,tand,tand,CVCC,fill,kept
bread,dalf,dalf,CVCC,fill,kept
break,ged,ged,CVC,short,fixed
breast,xamp,xamp,CVCC,fill,kept
breath,nogz,nogz,CVCC,fill,fixed
breathe,nets,nets,CVCC,fill,kept
breed,cesk,cesk,CVCC,fill,kept
breeze,xutx,xutx,CVCC,fill,kept
bribe,cund,cund,CVCC,fill,kept
brick,fark,fark,CVCC,fill,kept
bride,balp,balp,CVCC,fill,kept
bridge,nalb,nalb,CVCC,fill,kept
brief,brif,brif,CCVC,hand,fixed
bright,din,din,CVC,short,fixed
brilliant,galz,galz,CVCC,fill,kept
brim,skef,skef,CCVC,fill,kept
bring,briq,briq,CCVC,hand,fixed
brittle,snim,snim,CCVC,fill,kept
broad,horb,horb,CVCC,fill,kept
broken,mift,mift,CVCC,fill,kept
brood,spob,spob,CCVC,fill,kept
broth,skex,skex,CCVC,fill,kept
brother,siq,siq,CVC,short,kept
brow,brol,brol,CCVC,hand,fixed
brown,cov,cov,CVC,hand,fixed
browse,fruq,fruq,CCVC,fill,kept
bruise,djif,djif,CCVC,fill,kept
brush,sisp,sisp,CVCC,fill,kept
bubble,jimp,jimp,CVCC,fill,kept
buckle,ralf,ralf,CVCC,fill,kept
bud,gond,gond,CVCC,fill,kept
buff,blax,blax,CCVC,fill,kept
buffer,klon,klon,CCVC,fill,kept
bug,pamp,pamp,CVCC,fill,kept
build,guf,guf,CVC,short,kept
bulb,wusk,wusk,CVCC,fill,fixed
bulge,stox,djuz,CCVC,fill,moved
bulk,txuC,txuC,CCVC,fill,kept
bull,dund,dund,CVCC,fill,kept
bullet,gesp,gesp,CVCC,fill,kept
bully,Cidz,Cidz,CVCC,fill,kept
bump,bamp,bamp,CVCC,hand,fixed
bun,driC,driC,CCVC,fill,kept
bunch,motx,motx,CVCC,fill,kept
bundle,grim,grim,CCVC,fill,kept
burden,fobz,fobz,CVCC,fill,kept
burn,molc,molc,CVCC,fill,kept
burp,borp,borp,CVCC,hand,fixed
burrow,flif,flif,CCVC,fill,kept
burst,bust,bust,CVCC,hand,fixed
bury,parf,parf,CVCC,fill,kept
bush,send,send,CVCC,fill,kept
bust,dold,dold,CVCC,fill,kept
but,ket,ket,CVC,hand,fixed
butcher,xodj,xodj,CVCC,fill,kept
butt,blut,blut,CCVC,hand,fixed
butter,pond,pond,CVCC,fill,kept
button,dond,dond,CVCC,fill,kept
buy,zuf,zuf,CVC,short,kept
buzz,bruz,bruz,CCVC,hand,fixed
by,baC,baC,CVC,hand,fixed
byte,veb,veb,CVC,hand,fixed
cabbage,drif,drif,CCVC,fill,kept
cable,pigz,pigz,CVCC,fill,kept
cache,froq,froq,CCVC,fill,kept
cactus,drij,drij,CCVC,fill,kept
cage,porg,porg,CVCC,fill,kept
cake,krek,krek,CCVC,hand,fixed
calcium,kraz,kraz,CCVC,fill,kept
calculate,txev,txev,CCVC,fill,kept
calculus,skig,skig,CCVC,fill,kept
calendar,Cemp,Cemp,CVCC,fill,kept
call,kar,kar,CVC,hand,fixed
calm,kam,kam,CVC,hand,fixed
camera,mort,mort,CVCC,fill,kept
camouflage,traz,traz,CCVC,fill,kept
camp,kamp,kamp,CVCC,hand,fixed
can,kard,kard,CVCC,hand,fixed
cancel,tuft,tuft,CVCC,fill,kept
cancer,budj,budj,CVCC,fill,kept
candidate,xobz,xobz,CVCC,fill,kept
candle,xusp,xusp,CVCC,fill,kept
candor,stez,stez,CCVC,fill,kept
candy,galv,galv,CVCC,fill,kept
cannot,fuk,fuk,CVC,short,kept
canon,staz,staz,CCVC,fill,kept
canvas,woqk,woqk,CVCC,fill,kept
canyon,xump,xump,CVCC,fill,kept
cap,talb,talb,CVCC,fill,kept
capacity,xups,xups,CVCC,fill,fixed
capital,vind,vind,CVCC,fill,kept
captain,zal,zal,CVC,short,kept
capture,femp,femp,CVCC,fill,kept
car,tib,tib,CVC,short,kept
carbon,rint,rint,CVCC,fill,kept
carcass,smev,smev,CCVC,fill,kept
card,lez,lez,CVC,short,kept
cardinal,wolz,wolz,CVCC,fill,kept
care,kriq,kriq,CCVC,hand,fixed
carp,vreq,vreq,CCVC,fill,kept
carry,maft,maft,CVCC,fill,kept
cart,xets,xets,CVCC,fill,kept
cartilage,vrac,vrac,CCVC,fill,kept
carve,djon,djon,CCVC,fill,kept
cascade,fram,fram,CCVC,fill,kept
case,nor,nor,CVC,short,kept
cast,kast,kast,CVCC,hand,fixed
castle,pibz,pibz,CVCC,fill,kept
casual,jusp,jusp,CVCC,fill,kept
cat,klat,klat,CCVC,hand,fixed
catalog,drit,drit,CCVC,fill,kept
catch,vuc,vuc,CVC,hand,fixed
category,wolc,wolc,CVCC,fill,kept
cattle,zeft,zeft,CVCC,fill,kept
cause,kaz,kaz,CVC,hand,fixed
caution,redj,redj,CVCC,fill,kept
cautious,glug,glug,CCVC,fill,kept
cave,kliv,kliv,CCVC,hand,fixed
cavity,djub,djub,CCVC,fill,kept
cease,skoq,skoq,CCVC,hand,fixed
ceiling,xorf,xorf,CVCC,fill,kept
celebrate,badz,badz,CVCC,fill,kept
cell,mudz,vint,CVCC,fill,moved
celsius,sals,sals,CVCC,hand,fixed
cement,lolb,lolb,CVCC,fill,kept
center,nav,nav,CVC,hand,fixed
central,barp,barp,CVCC,fill,kept
century,parg,parg,CVCC,fill,kept
ceramic,snuk,snuk,CCVC,fill,kept
cereal,ceks,ceks,CVCC,fill,kept
ceremony,higz,higz,CVCC,fill,kept
certain,sart,sart,CVCC,hand,fixed
certificate,xeft,xeft,CVCC,fill,kept
chain,lip,lip,CVC,hand,fixed
chair,neqk,neqk,CVCC,fill,kept
chalk,glif,glif,CCVC,fill,kept
challenge,pubz,pubz,CVCC,fill,kept
chamber,zuft,zuft,CVCC,fill,kept
champion,pabz,pabz,CVCC,fill,kept
chance,zeq,zeq,CVC,short,kept
change,xun,xun,CVC,hand,fixed
channel,bark,bark,CVCC,fill,kept
chant,plik,plik,CCVC,fill,kept
chaos,xits,xits,CVCC,fill,kept
chaotic,spam,spam,CCVC,fill,kept
chapter,valt,valt,CVCC,fill,kept
char,smut,smut,CCVC,fill,kept
character,gesk,gesk,CVCC,fill,kept
charge,ruf,ruf,CVC,short,kept
charm,hisk,hisk,CVCC,fill,kept
chart,xind,xind,CVCC,fill,kept
chase,txes,txes,CCVC,hand,fixed
cheap,galb,galb,CVCC,fill,kept
cheat,kend,kend,CVCC,fill,kept
check,txak,txak,CCVC,hand,fixed
cheek,Ciks,Ciks,CVCC,fill,kept
cheer,tond,tond,CVCC,fill,fixed
cheese,gedj,gedj,CVCC,fill,kept
chest,gitx,gitx,CVCC,fill,kept
chew,txut,txut,CCVC,hand,fixed
chick,bips,bips,CVCC,fill,kept
chief,wob,wob,CVC,short,kept
child,gag,gag,CVC,hand,fixed
chime,xam,xam,CVC,hand,fixed
chin,vigz,vigz,CVCC,fill,kept
chip,txap,txap,CCVC,hand,fixed
chisel,skam,skam,CCVC,fill,kept
chlorine,vraq,vraq,CCVC,fill,kept
chocolate,dadj,sosp,CVCC,fill,moved
choir,yups,yups,CVCC,fill,kept
choke,cift,cift,CVCC,fill,kept
choose,txuz,txuz,CCVC,hand,fixed
chop,zimp,zimp,CVCC,fill,kept
chord,trox,trox,CCVC,fill,kept
chorus,colv,colv,CVCC,fill,kept
chronic,rund,rund,CVCC,fill,kept
chuck,pisp,pisp,CVCC,fill,kept
chunk,worp,worp,CVCC,fill,kept
chute,glik,glik,CCVC,fill,kept
cigarette,bimp,bimp,CVCC,fill,kept
circle,salk,salk,CVCC,hand,fixed
circuit,Cutx,Cutx,CVCC,fill,kept
circulate,skid,skid,CCVC,fill,kept
circumvent,flon,flon,CCVC,fill,kept
citizen,zent,zent,CVCC,fill,kept
citrus,floq,floq,CCVC,fill,kept
city,vug,vug,CVC,short,kept
civil,himp,himp,CVCC,fill,kept
claim,klem,klem,CCVC,hand,fixed
clam,wuft,wuft,CVCC,fill,kept
clamp,Corv,Corv,CVCC,fill,kept
clan,wolt,wolt,CVCC,fill,kept
clang,skoz,skoz,CCVC,fill,kept
clap,left,left,CVCC,fill,kept
clash,snep,snep,CCVC,fill,kept
clasp,stit,stit,CCVC,fill,kept
class,gev,gev,CVC,short,kept
clatter,vrod,vrod,CCVC,fill,kept
clause,dran,dran,CCVC,fill,kept
claw,klan,klan,CCVC,hand,fixed
clay,vart,vart,CVCC,fill,kept
clean,klin,klin,CCVC,hand,fixed
cleanse,smoz,smoz,CCVC,fill,kept
clear,vob,vob,CVC,short,kept
clerk,zorg,zorg,CVCC,fill,kept
clever,dunt,dunt,CVCC,fill,kept
click,klek,klek,CCVC,hand,fixed
client,must,must,CVCC,fill,kept
cliff,pidj,pidj,CVCC,fill,kept
climate,glek,glek,CCVC,fill,kept
climb,kim,kim,CVC,hand,fixed
cling,blan,blan,CCVC,fill,kept
clip,yagz,yagz,CVCC,fill,kept
clitoris,spuq,spuq,CCVC,fill,kept
clock,klak,klak,CCVC,hand,fixed
clone,kep,kep,CVC,hand,fixed
close,kloz,kloz,CCVC,hand,fixed
closure,djog,djog,CCVC,fill,kept
clot,truz,truz,CCVC,fill,kept
cloth,corv,corv,CVCC,fill,kept
cloud,klad,klad,CCVC,hand,fixed
club,rig,rig,CVC,short,kept
clue,kuf,kuf,CVC,hand,fixed
clump,flep,flep,CCVC,fill,kept
clumsy,yold,yold,CVCC,fill,kept
cluster,snan,snan,CCVC,fill,kept
clutch,blaj,blaj,CCVC,fill,kept
coarse,snic,snic,CCVC,fill,kept
coast,dusp,dusp,CVCC,fill,kept
coat,nusp,letx,CVCC,fill,moved
cob,vrud,vrud,CCVC,fill,kept
cobalt,frug,frug,CCVC,fill,kept
cock,vorg,vorg,CVCC,fill,kept
cod,plam,plam,CCVC,fill,kept
code,kod,kod,CVC,hand,fixed
coffee,foq,foq,CVC,short,kept
coil,smid,smid,CCVC,fill,kept
coin,folk,folk,CVCC,fill,kept
coincide,vriv,vriv,CCVC,fill,kept
cold,kold,kold,CVCC,hand,fixed
collaborate,frog,frog,CCVC,fill,kept
collapse,yomp,yomp,CVCC,fill,kept
collar,fedj,fedj,CVCC,fill,kept
collect,lek,lek,CVC,hand,fixed
college,lev,lev,CVC,short,kept
collide,skib,skib,CCVC,fill,kept
colon,blen,blen,CCVC,fill,kept
colony,yibz,yibz,CVCC,fill,kept
color,klor,klor,CCVC,hand,fixed
column,zolt,zolt,CVCC,hand,fixed
comb,colf,colf,CVCC,fill,kept
combat,sund,sund,CVCC,fill,kept
combine,plaz,plaz,CCVC,fill,kept
come,gum,gum,CVC,hand,fixed
comedy,valz,valz,CVCC,fill,kept
comfort,kraf,kraf,CCVC,hand,fixed
command,kand,kand,CVCC,hand,fixed
commit,deg,deg,CVC,short,kept
common,nobz,nobz,CVCC,fill,fixed
commotion,txez,txez,CCVC,fill,kept
communicate,ken,ken,CVC,hand,fixed
community,klun,klun,CCVC,hand,fixed
compact,klev,klev,CCVC,fill,kept
company,fej,fej,CVC,short,kept
compare,xork,xork,CVCC,fill,fixed
comparison,grux,grux,CCVC,fill,kept
compass,wund,wund,CVCC,fill,kept
compassion,plas,plas,CCVC,hand,fixed
compatible,prev,prev,CCVC,fill,kept
compel,steg,steg,CCVC,fill,kept
compete,xotx,xotx,CVCC,fill,kept
complain,vift,vift,CVCC,fill,kept
complaint,farz,farz,CVCC,fill,kept
complement,vreg,vreg,CCVC,fill,kept
complete,nibz,nibz,CVCC,fill,kept
complex,fluz,fluz,CCVC,hand,fixed
comply,pron,pron,CCVC,fill,kept
component,smif,smif,CCVC,fill,kept
compose,smed,smed,CCVC,fill,kept
composite,snov,snov,CCVC,fill,kept
compound,Ceqk,vodj,CVCC,fill,moved
compress,frav,frav,CCVC,fill,kept
compulsion,snoc,snoc,CCVC,fill,kept
compute,vrot,vrot,CCVC,fill,kept
computer,mops,mops,CVCC,fill,kept
conceal,blek,blek,CCVC,fill,kept
conceive,plig,plig,CCVC,fill,kept
concentrate,hitx,hitx,CVCC,fill,kept
concept,figz,figz,CVCC,fill,kept
concern,bitx,bitx,CVCC,fill,kept
concert,kegz,kegz,CVCC,fill,kept
conclude,blaC,blaC,CCVC,fill,kept
concrete,jorf,jorf,CVCC,fill,kept
condemn,priz,priz,CCVC,fill,kept
condition,geft,geft,CVCC,fill,kept
conduct,vunt,vunt,CVCC,fill,kept
cone,korb,korb,CVCC,hand,fixed
confess,hiqk,hiqk,CVCC,fill,kept
confident,fiks,fiks,CVCC,fill,kept
configuration,stug,stug,CCVC,fill,kept
confine,stak,stak,CCVC,fill,kept
confirm,simp,simp,CVCC,fill,kept
conflict,xart,xart,CVCC,fill,kept
conform,skak,skak,CCVC,fill,kept
confound,speq,speq,CCVC,fill,kept
confront,wesk,wesk,CVCC,fill,kept
confuse,leks,leks,CVCC,fill,fixed
congestion,fluf,fluf,CCVC,fill,kept
conjure,snof,snof,CCVC,fill,kept
connect,dib,dib,CVC,hand,fixed
conquer,rorg,rorg,CVCC,fill,kept
conscious,tiv,tiv,CVC,hand,fixed
consent,jorb,jorb,CVCC,fill,kept
consequence,djej,djej,CCVC,fill,kept
conserve,skaz,skaz,CCVC,fill,kept
consider,nimp,nimp,CVCC,fill,kept
conspicuous,smom,smom,CCVC,fill,kept
constant,kus,kus,CVC,hand,fixed
constellation,stub,stub,CCVC,fill,kept
constitute,skov,skov,CCVC,fill,kept
construct,smod,smod,CCVC,fill,kept
consume,txej,txej,CCVC,fill,kept
contact,marp,marp,CVCC,fill,fixed
contain,corf,corf,CVCC,fill,fixed
container,weps,weps,CVCC,fill,kept
contaminate,vrob,vrob,CCVC,fill,kept
contempt,rodj,rodj,CVCC,fill,kept
content,dad,dad,CVC,hand,fixed
contest,tarb,tarb,CVCC,fill,kept
context,djeg,djeg,CCVC,fill,kept
continent,gruf,gruf,CCVC,fill,kept
continue,sef,sef,CVC,hand,fixed
contract,didz,didz,CVCC,fill,kept
contradict,snem,snem,CCVC,fill,kept
contrast,txed,txed,CCVC,fill,kept
contribute,gref,gref,CCVC,fill,kept
control,fol,fol,CVC,short,kept
convenient,xont,xont,CVCC,fill,kept
converge,fran,fran,CCVC,fill,kept
conversation,nemp,nemp,CVCC,fill,kept
convert,djax,djax,CCVC,fill,fixed
convey,drux,drux,CCVC,fill,kept
conviction,yidz,yidz,CVCC,fill,kept
convince,talv,talv,CVCC,fill,kept
cook,nalf,nalf,CVCC,fill,kept
cool,zug,zug,CVC,short,kept
cooperate,fesk,fesk,CVCC,fill,kept
coordinate,blib,blib,CCVC,fill,kept
cope,djib,djib,CCVC,fill,kept
copper,rov,rov,CVC,hand,fixed
copy,xok,xok,CVC,hand,fixed
coral,prix,prix,CCVC,fill,kept
cord,Cesk,Cesk,CVCC,fill,kept
core,fotx,fotx,CVCC,fill,kept
cork,dreq,dreq,CCVC,fill,kept
corn,sips,sips,CVCC,fill,kept
corner,muft,muft,CVCC,fill,kept
corpse,falz,falz,CVCC,fill,kept
correct,noqk,noqk,CVCC,fill,kept
correspond,stut,stut,CCVC,fill,kept
corrupt,yuts,yuts,CVCC,fill,kept
cost,munt,munt,CVCC,fill,kept
cot,txog,txog,CCVC,fill,kept
cotton,siks,siks,CVCC,fill,kept
council,katx,katx,CVCC,fill,kept
count,jaq,jaq,CVC,hand,fixed
country,fib,fib,CVC,short,kept
couple,zef,zef,CVC,short,kept
courage,bodz,bodz,CVCC,fill,kept
course,tig,tig,CVC,short,kept
court,yuf,yuf,CVC,short,kept
cousin,nebz,nebz,CVCC,fill,kept
covenant,Cudj,Cudj,CVCC,fill,kept
cover,kov,kov,CVC,hand,fixed
covering,vedz,vedz,CVCC,fill,kept
cow,vaqk,vaqk,CVCC,hand,fixed
coward,sind,sind,CVCC,fill,kept
cozy,yatx,yatx,CVCC,fill,kept
crab,Calv,Calv,CVCC,fill,kept
crack,krak,krak,CCVC,hand,fixed
cradle,drek,drek,CCVC,fill,kept
craft,yabz,yabz,CVCC,fill,kept
cramp,drag,drag,CCVC,fill,kept
crane,golp,golp,CVCC,fill,kept
cranium,vrif,vrif,CCVC,fill,kept
crank,yugz,yugz,CVCC,fill,kept
crash,krax,krax,CCVC,hand,fixed
crater,brof,brof,CCVC,fill,kept
crave,krev,krev,CCVC,hand,fixed
crawl,vaft,vaft,CVCC,fill,kept
crazy,seq,seq,CVC,short,kept
creak,flog,flog,CCVC,fill,kept
cream,neps,neps,CVCC,fill,kept
crease,snix,snix,CCVC,fill,kept
create,bam,bam,CVC,hand,fixed
creature,pend,pend,CVCC,fill,kept
credit,kred,kred,CCVC,hand,fixed
creek,xabz,xabz,CVCC,fill,kept
creep,volv,volv,CVCC,fill,kept
crescent,smuz,smuz,CCVC,fill,kept
crest,txeb,txeb,CCVC,fill,kept
crew,neft,neft,CVCC,fill,kept
crime,memp,memp,CVCC,fill,kept
crimson,snaq,snaq,CCVC,fill,kept
crisp,djez,djez,CCVC,fill,kept
critic,grat,grat,CCVC,fill,kept
critique,flov,flov,CCVC,fill,kept
crocodile,plev,plev,CCVC,fill,kept
crooked,yadz,yadz,CVCC,fill,kept
cross,kras,kras,CCVC,hand,fixed
crotch,drop,drop,CCVC,fill,kept
crouch,vrag,vrag,CCVC,fill,kept
crow,wint,wint,CVCC,fill,kept
crowd,gasp,gasp,CVCC,fill,kept
crucial,lold,lold,CVCC,fill,kept
crude,djoj,djoj,CCVC,fill,kept
cruel,tutx,tutx,CVCC,fill,kept
crumb,trux,trux,CCVC,fill,kept
crumble,snin,snin,CCVC,fill,kept
crunch,glak,glak,CCVC,fill,kept
crush,karb,karb,CVCC,fill,kept
crust,djid,djid,CCVC,fill,kept
cry,mard,mard,CVCC,fill,kept
cryptic,spuf,spuf,CCVC,fill,kept
crystal,kuqk,kuqk,CVCC,fill,kept
cube,kub,kub,CVC,hand,fixed
cuckoo,djuk,djuk,CCVC,fill,kept
cucumber,txok,txok,CCVC,fill,kept
cuddle,plub,plub,CCVC,fill,kept
cue,klum,klum,CCVC,hand,fixed
cultivate,stuk,stuk,CCVC,fill,kept
culture,salv,salv,CVCC,fill,kept
cunning,wump,wump,CVCC,fill,kept
cup,nips,nips,CVCC,fill,kept
cure,paft,paft,CVCC,fill,kept
curiosity,xodz,xodz,CVCC,fill,kept
curious,bigz,bigz,CVCC,fill,kept
curl,kork,kork,CVCC,hand,fixed
currency,glig,glig,CCVC,fill,kept
current,keft,keft,CVCC,fill,kept
curse,kidz,kidz,CVCC,fill,kept
curtain,fadz,fadz,CVCC,fill,kept
curve,kurv,kurv,CVCC,hand,fixed
cushion,plun,plun,CCVC,fill,kept
custom,calf,calf,CVCC,fill,kept
cut,zep,haj,CVC,short,moved
cute,klut,klut,CCVC,hand,fixed
cycle,rol,rol,CVC,hand,fixed
cylinder,smeb,smeb,CCVC,fill,kept
cynical,glim,glim,CCVC,fill,kept
dad,puf,puf,CVC,short,kept
dam,yeks,yeks,CVCC,fill,kept
damage,guts,guts,CVCC,fill,kept
damp,drid,drid,CCVC,fill,kept
dance,fex,fex,CVC,short,kept
dandy,wisp,wisp,CVCC,fill,kept
danger,nolf,nolf,CVCC,fill,fixed
dangle,snev,snev,CCVC,fill,kept
dare,molf,molf,CVCC,fill,kept
dark,ram,ram,CVC,hand,fixed
dart,txup,txup,CCVC,fill,kept
dash,cuqk,cuqk,CVCC,fill,kept
data,vuq,vuq,CVC,hand,fixed
date,fob,fob,CVC,short,kept
daughter,vor,vor,CVC,short,kept
dawn,bebz,bebz,CVCC,fill,kept
day,yam,yam,CVC,hand,fixed
daylight,fuks,fuks,CVCC,fill,kept
daze,flix,flix,CCVC,fill,kept
dazzle,stex,stex,CCVC,fill,kept
dead,tis,tis,CVC,short,kept
deaf,huks,huks,CVCC,fill,kept
deal,djat,djat,CCVC,hand,fixed
dear,zev,zev,CVC,short,kept
death,dac,dac,CVC,hand,fixed
debate,xist,xist,CVCC,fill,kept
debris,djab,djab,CCVC,fill,kept
debt,sibz,sibz,CVCC,fill,kept
decay,txex,txex,CCVC,fill,kept
deceit,treq,treq,CCVC,fill,kept
deceive,gloz,gloz,CCVC,fill,kept
decent,dogz,dogz,CVCC,fill,kept
decide,nift,nift,CVCC,fill,kept
decimal,brob,brob,CCVC,hand,fixed
deck,boqk,boqk,CVCC,fill,kept
declare,jaft,jaft,CVCC,fill,kept
decline,djug,djug,CCVC,fill,kept
decode,spot,spot,CCVC,fill,kept
decorate,prom,prom,CCVC,fill,kept
decrease,spig,spig,CCVC,fill,kept
dedicate,bluk,bluk,CCVC,fill,kept
deduce,flim,flim,CCVC,fill,kept
deed,did,did,CVC,hand,fixed
deep,gov,gov,CVC,short,fixed
deer,xars,xars,CVCC,fill,kept
default,kof,kof,CVC,hand,fixed
defeat,voft,voft,CVCC,fill,kept
defect,blot,blot,CCVC,fill,kept
defend,targ,targ,CVCC,fill,kept
defense,guft,guft,CVCC,fill,kept
deficit,spoz,spoz,CCVC,fill,kept
define,dif,dif,CVC,hand,fixed
definite,dref,dref,CCVC,hand,fixed
defy,djoq,djoq,CCVC,fill,kept
degrade,vrux,vrux,CCVC,fill,kept
degree,drig,drig,CCVC,hand,fixed
deity,fliv,fliv,CCVC,fill,kept
delay,vudj,vudj,CVCC,fill,kept
delegate,smoC,smoC,CCVC,fill,kept
delete,dul,dul,CVC,hand,fixed
deliberate,drez,drez,CCVC,fill,kept
delicate,fuft,fuft,CVCC,fill,kept
delicious,pips,pips,CVCC,fill,kept
delight,yaft,yaft,CVCC,fill,kept
deliver,dolv,dolv,CVCC,hand,fixed
demand,kesk,kesk,CVCC,fill,kept
demon,dent,dent,CVCC,fill,kept
demonstrate,lalf,lalf,CVCC,fill,kept
dense,txif,txif,CCVC,fill,kept
density,smoc,smoc,CCVC,fill,fixed
dent,glev,glev,CCVC,fill,kept
deny,diqk,diqk,CVCC,hand,fixed
depart,txib,txib,CCVC,fill,kept
depend,font,font,CVCC,fill,kept
depict,flev,flev,CCVC,fill,kept
depot,djuC,djuC,CCVC,fill,kept
depress,vrok,vrok,CCVC,fill,kept
depression,jigz,jigz,CVCC,fill,kept
deprive,snak,snak,CCVC,fill,kept
derive,vrub,vrub,CCVC,fill,kept
descend,txuf,txuf,CCVC,fill,kept
describe,sab,sab,CVC,hand,fixed
desert,dors,dors,CVCC,hand,fixed
deserve,nolv,nolv,CVCC,fill,kept
design,kolf,kolf,CVCC,fill,kept
designate,frod,frod,CCVC,fill,kept
desire,poqk,poqk,CVCC,fill,kept
desk,dask,dask,CVCC,hand,fixed
despair,yent,yent,CVCC,fill,kept
dessert,seps,seps,CVCC,fill,kept
destination,yift,yift,CVCC,fill,kept
destiny,borv,borv,CVCC,fill,kept
destroy,xiv,xiv,CVC,hand,fixed
detach,bog,bog,CVC,short,kept
detail,tibz,tibz,CVCC,fill,kept
detect,ragz,ragz,CVCC,fill,fixed
determine,xorp,xorp,CVCC,fill,kept
develop,fups,fups,CVCC,fill,kept
deviate,vrad,vrad,CCVC,fill,kept
device,fon,fon,CVC,hand,fixed
devil,gigz,gigz,CVCC,fill,kept
devote,txoj,txoj,CCVC,fill,kept
dew,txig,txig,CCVC,fill,kept
diagnose,spuz,spuz,CCVC,fill,kept
diagonal,flef,flef,CCVC,fill,kept
diagram,snoq,snoq,CCVC,fill,kept
dial,xaks,xaks,CVCC,fill,kept
dialect,snex,snex,CCVC,fill,kept
diameter,spux,spux,CCVC,fill,kept
diaphragm,txeC,txeC,CCVC,fill,kept
dictate,kroz,kroz,CCVC,fill,kept
die,sex,sex,CVC,short,kept
diet,hetx,hetx,CVCC,fill,kept
differ,bluz,bluz,CCVC,fill,kept
difficult,skut,skut,CCVC,hand,fixed
diffuse,stav,stav,CCVC,fill,kept
dig,narz,narz,CVCC,fill,kept
digest,glux,glux,CCVC,fill,kept
digit,jit,jit,CVC,hand,fixed
dignity,fidj,fidj,CVCC,fill,kept
diligent,vrib,vrib,CCVC,fill,kept
dim,dof,dof,CVC,short,kept
dimension,pat,pat,CVC,hand,fixed
diminish,skub,skub,CCVC,fill,kept
dine,webz,webz,CVCC,fill,kept
dip,jiqk,jiqk,CVCC,fill,kept
diplomatic,rogz,rogz,CVCC,fill,kept
direct,balk,balk,CVCC,fill,kept
direction,drix,drix,CCVC,hand,fixed
dirt,dort,dort,CVCC,hand,fixed
dirty,mats,mats,CVCC,fill,kept
disappoint,xosp,xosp,CVCC,fill,kept
disaster,ketx,ketx,CVCC,fill,kept
disc,brud,brud,CCVC,fill,kept
discern,sark,sark,CVCC,hand,fixed
discharge,cedz,cedz,CVCC,fill,kept
discipline,plin,plin,CCVC,hand,fixed
discover,disk,disk,CVCC,hand,fixed
discuss,nalk,nalk,CVCC,fill,kept
disease,bidj,bidj,CVCC,fill,kept
disguise,jent,jent,CVCC,fill,kept
dish,voks,voks,CVCC,fill,kept
disk,cimp,cimp,CVCC,fill,kept
dismiss,yord,yord,CVCC,fill,kept
dispatch,Corf,Corf,CVCC,fill,kept
disperse,kren,kren,CCVC,fill,kept
display,xoqk,xoqk,CVCC,fill,kept
dispose,djaq,djaq,CCVC,fill,kept
dispute,djef,djef,CCVC,fill,kept
disrupt,snac,snac,CCVC,fill,kept
dissolve,zalv,zalv,CVCC,hand,fixed
distance,bedz,bedz,CVCC,fill,fixed
distant,xalk,xalk,CVCC,fill,kept
distinct,djoC,djoC,CCVC,fill,kept
distinguish,krez,krez,CCVC,fill,kept
distract,lind,lind,CVCC,fill,kept
district,pant,pant,CVCC,fill,kept
disturb,vuqk,vuqk,CVCC,fill,kept
ditch,jisp,jisp,CVCC,fill,kept
dive,zudz,zudz,CVCC,fill,kept
diverse,vred,vred,CCVC,fill,kept
divide,kuv,kuv,CVC,hand,fixed
divine,dav,dav,CVC,hand,fixed
divorce,gust,gust,CVCC,fill,kept
dizzy,xoft,xoft,CVCC,fill,kept
do,duz,duz,CVC,hand,fixed
dock,folp,folp,CVCC,fill,kept
doctor,seb,seb,CVC,short,kept
doctrine,skof,skof,CCVC,fill,kept
document,falb,falb,CVCC,fill,kept
dog,dag,dag,CVC,hand,fixed
doll,baft,baft,CVCC,fill,kept
dollar,dorb,dorb,CVCC,fill,kept
domain,brox,brox,CCVC,fill,kept
dome,txox,txox,CCVC,fill,kept
domestic,Codj,Codj,CVCC,fill,kept
donate,wubz,wubz,CVCC,fill,kept
door,dor,dor,CVC,hand,fixed
dormant,speg,speg,CCVC,fill,kept
dose,yutx,yutx,CVCC,fill,kept
dot,Cuft,Cuft,CVCC,fill,kept
doubt,dolt,dolt,CVCC,hand,fixed
dough,hind,hind,CVCC,fill,kept
dove,yalv,yalv,CVCC,fill,kept
down,dot,dot,CVC,hand,fixed
draft,Cind,Cind,CVCC,fill,kept
drag,dreg,dreg,CCVC,hand,fixed
dragon,tend,tend,CVCC,fill,kept
drain,xalp,xalp,CVCC,fill,kept
drama,polf,polf,CVCC,fill,kept
draw,gisp,gisp,CVCC,fill,kept
dread,blef,blef,CCVC,fill,kept
dream,drim,drim,CCVC,hand,fixed
dress,liz,liz,CVC,short,kept
drift,ceqk,ceqk,CVCC,fill,kept
drill,suqk,suqk,CVCC,fill,kept
drink,dug,dug,CVC,hand,fixed
drip,rand,rand,CVCC,fill,kept
drive,feq,feq,CVC,short,kept
drool,drul,drul,CCVC,hand,fixed
drop,drap,drap,CCVC,hand,fixed
drought,snit,snit,CCVC,fill,kept
drown,fegz,fegz,CVCC,fill,kept
drug,som,som,CVC,hand,fixed
drum,drum,drum,CCVC,hand,fixed
drunk,wub,wub,CVC,short,kept
dry,dral,dral,CCVC,hand,fixed
dual,spex,spex,CCVC,fill,kept
duck,babz,babz,CVCC,fill,kept
duct,djag,djag,CCVC,fill,kept
due,nodj,nodj,CVCC,fill,kept
dull,vasp,vasp,CVCC,fill,kept
dumb,nadz,nadz,CVCC,fill,kept
dummy,forg,forg,CVCC,fill,kept
dump,domp,domp,CVCC,hand,fixed
dumpling,skez,skez,CCVC,fill,kept
duplicate,plid,plid,CCVC,fill,kept
duration,huz,huz,CVC,hand,fixed
during,gof,gof,CVC,short,kept
dusk,snuj,snuj,CCVC,fill,kept
dust,bomp,bomp,CVCC,fill,kept
duty,nist,nist,CVCC,fill,kept
dwarf,djob,djob,CCVC,fill,kept
dwell,drab,drab,CCVC,fill,kept
dye,grif,grif,CCVC,fill,kept
dynamic,dez,dez,CVC,hand,fixed
each,sof,sof,CVC,hand,fixed
eager,Corg,Corg,CVCC,fill,kept
eagle,votx,votx,CVCC,fill,kept
ear,dits,dits,CVCC,fill,kept
early,yab,yab,CVC,short,kept
earn,hesp,hesp,CVCC,fill,kept
earnest,smen,smen,CCVC,fill,kept
earth,riq,riq,CVC,short,fixed
ease,tebz,tebz,CVCC,fill,kept
east,rog,rog,CVC,hand,fixed
eat,gab,gab,CVC,hand,fixed
echo,Corb,Corb,CVCC,fill,kept
ecstasy,djep,djep,CCVC,fill,kept
edge,padj,padj,CVCC,hand,fixed
edit,reg,reg,CVC,hand,fixed
educate,txan,txan,CCVC,fill,kept
eel,smun,smun,CCVC,fill,kept
effect,zak,zak,CVC,hand,fixed
efficient,rolv,rolv,CVCC,fill,kept
effort,tift,tift,CVCC,fill,kept
egg,bisp,bisp,CVCC,fill,kept
ego,jalv,jalv,CVCC,fill,kept
eight,fet,fet,CVC,hand,fixed
either,veg,veg,CVC,short,kept
elastic,stin,stin,CCVC,fill,kept
elbow,holv,holv,CVCC,hand,fixed
elder,Cesp,Cesp,CVCC,fill,kept
elect,smuv,smuv,CCVC,fill,kept
electric,kesp,kesp,CVCC,fill,fixed
elegant,cabz,cabz,CVCC,fill,kept
element,larg,larg,CVCC,hand,fixed
elephant,vorp,vorp,CVCC,fill,kept
elevate,skot,skot,CCVC,fill,kept
elicit,fluq,fluq,CCVC,fill,kept
ellipse,tiz,tiz,CVC,hand,fixed
eloquent,stot,stot,CCVC,fill,kept
else,fos,fos,CVC,hand,fixed
embarrass,xasp,xasp,CVCC,fill,kept
embed,nust,nust,CVCC,hand,fixed
embrace,jarg,jarg,CVCC,fill,kept
embryo,vren,vren,CCVC,fill,kept
emerge,moj,moj,CVC,hand,fixed
emergency,mugz,mugz,CVCC,fill,kept
emotion,tuc,tuc,CVC,hand,fixed
empathy,spez,spez,CCVC,fill,kept
emphasis,snog,snog,CCVC,fill,kept
empire,vidz,vidz,CVCC,fill,kept
employ,gluq,gluq,CCVC,fill,kept
empty,nuv,nuv,CVC,hand,fixed
enable,bef,bef,CVC,short,kept
encourage,cunt,cunt,CVCC,fill,kept
end,guv,guv,CVC,hand,fixed
endure,wigz,wigz,CVCC,fill,kept
enemy,netx,netx,CVCC,fill,kept
energy,bup,bup,CVC,hand,fixed
engage,coqk,coqk,CVCC,fill,kept
engine,diks,diks,CVCC,fill,kept
enjoy,wib,wib,CVC,short,kept
enlighten,txij,txij,CCVC,fill,kept
enlist,smem,smem,CCVC,fill,kept
enormous,famp,famp,CVCC,fill,kept
enough,pux,pux,CVC,short,kept
enroll,vruv,vruv,CCVC,fill,kept
ensure,rolf,rolf,CVCC,fill,kept
enter,droz,droz,CCVC,hand,fixed
entertain,codj,codj,CVCC,fill,kept
enthusiastic,drat,drat,CCVC,fill,kept
entice,flad,flad,CCVC,fill,kept
entire,wed,wed,CVC,short,kept
envelope,falv,falv,CVCC,fill,kept
environment,ron,ron,CVC,hand,fixed
envy,fusp,fusp,CVCC,fill,kept
enzyme,spug,glaf,CCVC,fill,moved
epic,pref,pref,CCVC,fill,kept
episode,vand,vand,CVCC,fill,kept
equilibrium,skix,skix,CCVC,fill,kept
equivalent,bram,bram,CCVC,fill,kept
era,har,har,CVC,hand,fixed
erase,calb,calb,CVCC,fill,kept
erect,spip,spip,CCVC,fill,kept
erosion,fleq,fleq,CCVC,fill,kept
error,lob,lob,CVC,hand,fixed
escape,norv,norv,CVCC,fill,kept
escort,holf,holf,CVCC,fill,kept
essay,cotx,cotx,CVCC,fill,kept
essence,yark,yark,CVCC,fill,kept
establish,camp,camp,CVCC,fill,kept
estimate,lesp,lesp,CVCC,fill,kept
eternal,xax,xax,CVC,hand,fixed
ether,txiC,txiC,CCVC,fill,kept
ethics,yolc,yolc,CVCC,fill,kept
evacuate,yarf,yarf,CVCC,fill,kept
evaluate,kruv,kruv,CCVC,fill,kept
even,pev,pev,CVC,short,kept
evening,xad,xad,CVC,short,kept
event,hap,hap,CVC,hand,fixed
ever,vorb,vorb,CVCC,hand,fixed
every,hez,hez,CVC,hand,fixed
evidence,lap,lap,CVC,short,kept
evil,mips,mips,CVCC,fill,kept
evolution,yudz,yudz,CVCC,fill,kept
evolve,valv,valv,CVCC,hand,fixed
exact,bolv,bolv,CVCC,fill,kept
examine,foqk,foqk,CVCC,fill,kept
example,dest,dest,CVCC,fill,kept
exceed,snot,snot,CCVC,fill,kept
excellent,musk,musk,CVCC,fill,kept
except,Coz,Coz,CVC,hand,fixed
excess,djoz,djoz,CCVC,fill,kept
exchange,porb,porb,CVCC,fill,kept
excite,plux,plux,CCVC,fill,kept
exclude,bal,bal,CVC,short,kept
exclusive,jeqk,jeqk,CVCC,fill,kept
excuse,skuz,skuz,CCVC,hand,fixed
exempt,vrom,vrom,CCVC,fill,kept
exercise,kemp,kemp,CVCC,fill,kept
exhaust,txip,txip,CCVC,fill,kept
exist,wav,wav,CVC,hand,fixed
exit,zord,zord,CVCC,hand,fixed
expand,glax,glax,CCVC,fill,kept
expansion,klid,klid,CCVC,fill,kept
expect,yop,yop,CVC,short,kept
expel,snip,snip,CCVC,fill,kept
experience,zus,zus,CVC,hand,fixed
experiment,kump,kump,CVCC,fill,kept
expert,butx,butx,CVCC,fill,kept
expire,skem,skem,CCVC,fill,kept
explain,yep,yep,CVC,short,kept
explicit,sniq,sniq,CCVC,fill,kept
explode,forp,forp,CVCC,fill,kept
exploit,blug,blug,CCVC,fill,kept
explore,hask,hask,CVCC,hand,fixed
exponent,gul,gul,CVC,hand,fixed
export,baz,baz,CVC,short,kept
expose,Cebz,Cebz,CVCC,fill,kept
exposure,yamp,yamp,CVCC,fill,kept
express,ris,ris,CVC,hand,fixed
expression,zutx,zutx,CVCC,fill,kept
extend,cegz,cegz,CVCC,fill,kept
extent,wunt,wunt,CVCC,fill,kept
exterior,prem,prem,CCVC,fill,kept
external,blob,blob,CCVC,fill,kept
extinct,blaq,blaq,CCVC,fill,kept
extinguish,skox,skox,CCVC,fill,kept
extra,mobz,mobz,CVCC,fill,kept
extract,djuf,djuf,CCVC,fill,kept
extravagant,smov,smov,CCVC,fill,kept
extreme,vuft,datx,CVCC,fill,moved
eye,xic,xic,CVC,hand,fixed
eyelash,skav,skav,CCVC,fill,kept
fabric,lisk,lisk,CVCC,fill,kept
face,fes,fes,CVC,hand,fixed
facilitate,stax,stax,CCVC,fill,kept
fact,voq,voq,CVC,short,kept
factor,Ciqk,Ciqk,CVCC,fill,kept
fad,vric,vric,CCVC,fill,kept
fade,yarv,yarv,CVCC,fill,kept
fahrenheit,vrab,vrab,CCVC,fill,kept
fail,fur,fur,CVC,hand,fixed
faint,xisk,xisk,CVCC,fill,kept
fair,rom,rom,CVC,short,kept
fairy,kalb,kalb,CVCC,fill,kept
faith,narp,narp,CVCC,fill,kept
fake,fek,fek,CVC,hand,fixed
fall,zur,zur,CVC,hand,fixed
false,rot,rot,CVC,hand,fixed
fame,xald,xald,CVCC,fill,kept
familiar,gorp,gorp,CVCC,fill,kept
family,fam,fam,CVC,hand,fixed
famous,nond,nond,CVCC,fill,kept
fan,gogz,gogz,CVCC,fill,kept
fancy,goft,goft,CVCC,fill,kept
fantasy,kolb,kolb,CVCC,fill,kept
far,zad,zad,CVC,short,fixed
fare,cond,cond,CVCC,fill,kept
farm,desp,desp,CVCC,fill,kept
fashion,tarv,tarv,CVCC,fill,kept
fast,fast,fast,CVCC,hand,fixed
fasten,grod,grod,CCVC,fill,kept
fat,wes,wes,CVC,short,kept
fate,driv,driv,CCVC,hand,fixed
father,bab,bab,CVC,hand,fixed
fault,yob,yob,CVC,short,kept
favor,megz,megz,CVCC,fill,kept
fear,froC,froC,CCVC,hand,fixed
feast,Cunt,Cunt,CVCC,fill,kept
feat,smej,smej,CCVC,fill,kept
feather,cind,cind,CVCC,fill,kept
feature,sarz,sarz,CVCC,hand,fixed
feces,vrex,vrex,CCVC,fill,kept
fee,fump,fump,CVCC,fill,kept
feeble,klef,klef,CCVC,fill,kept
feed,nubz,nubz,CVCC,fill,kept
feel,nag,nag,CVC,short,kept
fellow,mosk,mosk,CVCC,fill,kept
female,fim,fim,CVC,hand,fixed
fence,kudj,kudj,CVCC,fill,kept
fern,djen,djen,CCVC,fill,kept
ferry,yump,yump,CVCC,fill,kept
fertile,smeq,smeq,CCVC,fill,kept
festival,fond,fond,CVCC,fill,kept
fetch,vusp,vusp,CVCC,fill,kept
feud,snax,snax,CCVC,fill,kept
fever,pudz,tusk,CVCC,fill,moved
few,flun,flun,CCVC,hand,fixed
fiber,djot,slim,CCVC,fill,moved
fiction,colb,colb,CVCC,fill,kept
fiddle,glit,glit,CCVC,fill,kept
field,gor,gor,CVC,short,kept
fierce,lebz,lebz,CVCC,fill,kept
fight,flet,flet,CCVC,hand,fixed
figure,fud,fud,CVC,short,kept
file,nold,nold,CVCC,fill,kept
fill,nolb,nolb,CVCC,fill,fixed
filter,vek,vek,CVC,hand,fixed
fin,glov,glov,CCVC,fill,kept
final,nend,nend,CVCC,fill,kept
find,fan,fan,CVC,hand,fixed
fine,pol,pol,CVC,short,kept
finger,gart,gart,CVCC,fill,kept
finite,freg,freg,CCVC,fill,fixed
fire,for,for,CVC,hand,fixed
firm,goqk,goqk,CVCC,fill,kept
fish,frix,frix,CCVC,hand,fixed
fist,junt,junt,CVCC,fill,kept
fit,morg,morg,CVCC,fill,kept
five,kom,kom,CVC,hand,fixed
fix,len,len,CVC,short,kept
fizz,fraf,fraf,CCVC,fill,kept
flag,ded,ded,CVC,short,kept
flair,pliv,pliv,CCVC,fill,kept
flake,kron,kron,CCVC,fill,kept
flame,flem,flem,CCVC,hand,fixed
flap,briv,briv,CCVC,fill,kept
flare,wogz,wogz,CVCC,fill,kept
flash,hest,hest,CVCC,fill,kept
flat,flat,flat,CCVC,hand,fixed
flatter,wust,wust,CVCC,fill,kept
flavor,rotx,rotx,CVCC,fill,kept
flaw,djox,djox,CCVC,fill,kept
flax,flub,flub,CCVC,fill,kept
flee,lund,lund,CVCC,fill,kept
fleet,fedz,fedz,CVCC,fill,kept
flesh,flax,flax,CCVC,hand,fixed
flex,vus,vus,CVC,hand,fixed
flinch,spep,spep,CCVC,fill,kept
flip,flip,flip,CCVC,hand,fixed
float,flot,flot,CCVC,hand,fixed
flock,loqk,loqk,CVCC,fill,kept
flood,yeft,yeft,CVCC,fill,kept
floor,rim,rim,CVC,short,kept
flop,pruz,pruz,CCVC,fill,kept
flour,djev,djev,CCVC,fill,kept
flow,sunt,sunt,CVCC,fill,fixed
flower,flor,flor,CCVC,hand,fixed
fluff,smuk,smuk,CCVC,fill,kept
fluid,flud,flud,CCVC,hand,fixed
flush,flux,flux,CCVC,hand,fixed
flute,txic,txic,CCVC,fill,kept
flutter,skom,skom,CCVC,fill,kept
fly,lab,lab,CVC,short,kept
foam,glaq,glaq,CCVC,fill,kept
focus,kat,kat,CVC,hand,fixed
fog,farg,farg,CVCC,hand,fixed
foil,snuf,snuf,CCVC,fill,kept
fold,fold,fold,CVCC,hand,fixed
folk,Citx,Citx,CVCC,fill,kept
follow,darb,darb,CVCC,hand,fixed
folly,smof,smof,CCVC,fill,kept
fond,vesk,vesk,CVCC,fill,kept
font,stuq,stuq,CCVC,fill,kept
food,fiz,fiz,CVC,short,fixed
fool,lim,lim,CVC,short,kept
foot,gral,gral,CCVC,hand,fixed
for,bob,bob,CVC,short,kept
forbid,xalc,xalc,CVCC,fill,kept
force,ros,ros,CVC,hand,fixed
foreign,bubz,bubz,CVCC,fill,kept
foresee,stad,stad,CCVC,fill,kept
forest,varz,varz,CVCC,hand,fixed
forge,djit,djit,CCVC,fill,kept
forget,nul,nul,CVC,hand,fixed
forgive,wof,wof,CVC,short,kept
fork,xarg,xarg,CVCC,fill,kept
form,nunt,nunt,CVCC,fill,fixed
formal,xolp,xolp,CVCC,fill,kept
format,spud,spud,CCVC,fill,kept
formula,jisk,jisk,CVCC,fill,kept
fort,fort,fort,CVCC,hand,fixed
fortunate,xolv,xolv,CVCC,fill,kept
fortune,deft,deft,CVCC,fill,kept
fossil,smep,smep,CCVC,fill,kept
foul,hust,hust,CVCC,fill,kept
found,tot,tot,CVC,short,kept
fountain,Calf,Calf,CVCC,fill,kept
four,laf,laf,CVC,hand,fixed
fowl,vruq,vruq,CCVC,fill,kept
fox,pidz,pidz,CVCC,fill,kept
fraction,txag,txag,CCVC,fill,kept
fracture,remp,remp,CVCC,fill,kept
fragile,reft,reft,CVCC,fill,kept
fragment,trig,trig,CCVC,fill,kept
fragrance,spid,spid,CCVC,fill,kept
fragrant,vrog,vrog,CCVC,fill,kept
frail,smix,smix,CCVC,fill,kept
frame,fret,fret,CCVC,hand,fixed
frank,fit,fit,CVC,short,kept
free,pod,pod,CVC,hand,fixed
freeze,friz,friz,CCVC,hand,fixed
frenzy,txac,txac,CCVC,fill,kept
frequency,cint,cint,CVCC,fill,fixed
fresh,frax,frax,CCVC,hand,fixed
fret,trev,trev,CCVC,fill,kept
friction,snum,snum,CCVC,fill,kept
friend,dud,dud,CVC,hand,fixed
fright,drax,drax,CCVC,fill,kept
fringe,klaz,klaz,CCVC,fill,kept
frog,ran,ran,CVC,hand,fixed
from,pib,pib,CVC,short,kept
front,keg,keg,CVC,hand,fixed
frost,lemp,lemp,CVCC,fill,kept
frown,txad,txad,CCVC,fill,kept
fruit,mag,mag,CVC,hand,fixed
fry,xord,xord,CVCC,fill,kept
fuel,ful,ful,CVC,hand,fixed
fulfill,grig,grig,CCVC,fill,kept
full,vup,vup,CVC,short,kept
fumble,vrip,vrip,CCVC,fill,kept
fun,zed,zed,CVC,short,kept
function,fuq,fuq,CVC,hand,fixed
fund,fand,fand,CVCC,hand,fixed
funeral,gudj,gudj,CVCC,fill,kept
fungus,ploq,ploq,CCVC,fill,kept
funnel,spaf,spaf,CCVC,fill,kept
fur,xolt,xolt,CVCC,fill,kept
furnace,drud,drud,CCVC,fill,kept
furniture,harb,harb,CVCC,fill,kept
fuse,liqk,liqk,CVCC,fill,kept
fuss,Cisk,Cisk,CVCC,fill,kept
future,gak,gak,CVC,short,fixed
fuzz,trem,trem,CCVC,fill,kept
gag,Cetx,Cetx,CVCC,fill,kept
gain,zig,zig,CVC,hand,fixed
gall,txoz,txoz,CCVC,fill,kept
gallon,plif,plif,CCVC,fill,kept
gallop,stuz,stuz,CCVC,fill,kept
gamble,xadz,xadz,CVCC,fill,kept
game,gem,gem,CVC,hand,fixed
gang,dets,dets,CVCC,fill,kept
gap,wets,wets,CVCC,fill,kept
garage,duqk,duqk,CVCC,fill,kept
garden,gan,gan,CVC,hand,fixed
garment,smuc,smuc,CCVC,fill,kept
gas,mesk,mesk,CVCC,fill,kept
gasoline,cidz,cidz,CVCC,fill,kept
gate,glet,glet,CCVC,hand,fixed
gateway,txov,txov,CCVC,fill,kept
gather,gaC,gaC,CVC,hand,fixed
gauge,plom,plom,CCVC,fill,kept
gaze,blif,blif,CCVC,fill,kept
gear,kutx,kutx,CVCC,fill,kept
gel,klof,klof,CCVC,fill,kept
gem,blod,blod,CCVC,fill,kept
gender,drec,drec,CCVC,fill,kept
gene,djin,djin,CCVC,hand,fixed
general,Cef,Cef,CVC,short,fixed
generous,karf,karf,CVCC,fill,kept
genesis,txod,txod,CCVC,fill,kept
genius,gorg,gorg,CVCC,fill,kept
gentle,kogz,kogz,CVCC,fill,kept
genuine,xund,xund,CVCC,fill,kept
geometry,trav,trav,CCVC,fill,kept
germ,snop,frep,CCVC,fill,moved
gesture,jorg,jorg,CVCC,fill,kept
get,cit,cit,CVC,hand,fixed
ghost,gost,gost,CVCC,hand,fixed
giant,dudj,dudj,CVCC,fill,kept
giggle,klip,klip,CCVC,fill,kept
gill,klif,klif,CCVC,fill,kept
girl,pud,pud,CVC,short,kept
give,gif,gif,CVC,hand,fixed
glad,vof,vof,CVC,short,kept
glance,glop,glop,CCVC,fill,kept
gland,smaq,fron,CCVC,fill,moved
glass,malz,malz,CVCC,fill,fixed
glaze,sket,blop,CCVC,fill,moved
glide,glan,glan,CCVC,hand,fixed
global,caqk,caqk,CVCC,fill,kept
gloom,spix,spix,CCVC,fill,kept
glory,piks,piks,CVCC,fill,kept
gloss,smop,smop,CCVC,fill,kept
glow,flok,flok,CCVC,hand,fixed
glue,yist,yist,CVCC,fill,kept
glyph,run,run,CVC,hand,fixed
go,big,big,CVC,hand,fixed
goal,gol,gol,CVC,hand,fixed
goat,glot,glot,CCVC,hand,fixed
god,gad,gad,CVC,hand,fixed
gold,god,god,CVC,hand,fixed
gong,bluv,bluv,CCVC,fill,kept
good,taf,taf,CVC,hand,fixed
goods,veft,sosk,CVCC,fill,moved
goose,zarv,zarv,CVCC,fill,kept
gossip,jebz,jebz,CVCC,fill,kept
gourd,flup,flup,CCVC,fill,kept
govern,snut,snut,CCVC,fill,kept
grab,mend,mend,CVCC,fill,kept
grace,nuts,nuts,CVCC,fill,kept
grade,datx,vuft,CVCC,fill,moved
gradual,vref,vref,CCVC,fill,kept
graft,klob,klob,CCVC,fill,kept
grain,letx,nusp,CVCC,fill,moved
gram,bron,bron,CCVC,fill,kept
grand,malb,malb,CVCC,fill,fixed
grant,dind,dind,CVCC,fill,kept
grape,grep,grep,CCVC,hand,fixed
graph,bon,bon,CVC,short,fixed
grasp,lolf,lolf,CVCC,fill,kept
grass,gras,gras,CCVC,hand,fixed
grate,stiz,stiz,CCVC,fill,kept
gratitude,jeft,jeft,CVCC,fill,kept
grave,bint,bint,CVCC,fill,kept
gravity,Cotx,Cotx,CVCC,fill,kept
gray,petx,petx,CVCC,fill,kept
graze,vreb,vreb,CCVC,fill,kept
grease,Carg,Carg,CVCC,fill,kept
great,mac,mac,CVC,hand,fixed
greed,lend,lend,CVCC,fill,kept
green,pes,pes,CVC,hand,fixed
greet,yusk,yusk,CVCC,fill,kept
grid,grad,grad,CCVC,hand,fixed
grief,fidz,fidz,CVCC,fill,kept
grieve,griv,griv,CCVC,hand,fixed
grill,wind,wind,CVCC,fill,kept
grin,drub,drub,CCVC,fill,kept
grind,grot,grot,CCVC,fill,kept
grip,folc,folc,CVCC,fill,kept
grit,stuv,stuv,CCVC,fill,kept
groin,krin,krin,CCVC,fill,kept
groove,worg,worg,CVCC,fill,kept
gross,hesk,hesk,CVCC,fill,kept
ground,mits,mits,CVCC,fill,kept
group,hip,hip,CVC,hand,fixed
grove,gren,gren,CCVC,fill,kept
grow,grun,grun,CCVC,hand,fixed
grudge,wiqk,wiqk,CVCC,fill,kept
grumpy,prez,prez,CCVC,fill,kept
guarantee,busk,busk,CVCC,fill,kept
guard,moft,moft,CVCC,fill,kept
guess,gres,gres,CCVC,hand,fixed
guest,gest,gest,CVCC,hand,fixed
guide,gib,gib,CVC,hand,fixed
guilt,galt,galt,CVCC,hand,fixed
gull,spat,spat,CCVC,fill,kept
gulp,stap,stap,CCVC,fill,kept
gum,zibz,zibz,CVCC,fill,kept
gun,zaz,zaz,CVC,short,kept
gut,gut,gut,CVC,hand,fixed
guy,poq,poq,CVC,short,kept
habit,husp,husp,CVCC,fill,kept
habitat,plaq,plaq,CCVC,fill,kept
hail,vard,vard,CVCC,fill,kept
hair,fif,fif,CVC,short,kept
hall,niqk,niqk,CVCC,fill,kept
halo,smib,smib,CCVC,fill,kept
hammer,vent,vent,CVCC,fill,kept
hamper,smuf,smuf,CCVC,fill,kept
hand,zeqk,zeqk,CVCC,hand,fixed
handle,huv,huv,CVC,hand,fixed
hang,heq,heq,CVC,hand,fixed
happen,sak,sak,CVC,short,kept
happy,keq,keq,CVC,short,kept
harass,snej,snej,CCVC,fill,kept
harbor,vubz,vubz,CVCC,fill,kept
hard,kad,haf,CVC,short,moved
harm,drak,drak,CCVC,hand,fixed
harmony,maq,maq,CVC,hand,fixed
harp,brem,brem,CCVC,fill,kept
harsh,Cent,Cent,CVCC,fill,kept
harvest,grez,grez,CCVC,fill,kept
hash,moz,moz,CVC,hand,fixed
hasty,glab,glab,CCVC,fill,kept
hat,mark,mark,CVCC,fill,kept
hatch,zudj,zudj,CVCC,fill,kept
hate,zas,zas,CVC,short,kept
have,haz,haz,CVC,hand,fixed
hay,cetx,cetx,CVCC,fill,kept
hazard,greq,greq,CCVC,fill,kept
haze,smag,smag,CCVC,fill,kept
he,mik,mik,CVC,short,kept
head,had,had,CVC,hand,fixed
heal,vors,vors,CVCC,fill,kept
health,gisk,gisk,CVCC,fill,kept
heap,rutx,rutx,CVCC,fill,kept
hear,pub,pub,CVC,short,kept
heart,zif,zif,CVC,short,fixed
heat,hit,hit,CVC,hand,fixed
heave,glid,glid,CCVC,fill,kept
heaven,molk,molk,CVCC,fill,kept
heavy,nant,nant,CVCC,fill,fixed
heed,hut,hut,CVC,hand,fixed
heel,jump,jump,CVCC,fill,kept
height,xisp,bidz,CVCC,fill,moved
heir,rips,rips,CVCC,fill,kept
hell,nuj,nuj,CVC,hand,fixed
hello,grit,grit,CCVC,hand,fixed
helm,yolf,yolf,CVCC,fill,kept
help,neq,neq,CVC,short,kept
hen,djed,djed,CCVC,fill,kept
henry,wup,wup,CVC,short,kept
herb,rorb,rorb,CVCC,fill,kept
herd,Cedj,Cedj,CVCC,fill,kept
here,doz,doz,CVC,hand,fixed
heritage,bleg,bleg,CCVC,fill,kept
herring,djup,djup,CCVC,fill,kept
hertz,fraq,fraq,CCVC,fill,kept
hesitate,yorg,yorg,CVCC,fill,kept
hey,hem,hem,CVC,hand,fixed
hidden,pedj,pedj,CVCC,fill,fixed
hide,hud,hud,CVC,hand,fixed
hierarchy,frag,frag,CCVC,fill,kept
high,mol,mol,CVC,hand,fixed
hill,gagz,gagz,CVCC,fill,kept
hinge,flin,flin,CCVC,fill,kept
hint,hint,hint,CVCC,hand,fixed
hip,hebz,hebz,CVCC,fill,kept
hire,bedj,bedj,CVCC,fill,kept
hiss,fris,fris,CCVC,hand,fixed
history,lop,lop,CVC,short,kept
hit,sis,sis,CVC,short,fixed
hitch,wolv,wolv,CVCC,fill,kept
hive,staj,staj,CCVC,fill,kept
hmm,ham,ham,CVC,hand,fixed
hog,raqk,raqk,CVCC,fill,kept
hold,hoq,hoq,CVC,hand,fixed
holder,smip,smip,CCVC,fill,kept
hole,hatx,hatx,CVCC,hand,fixed
holiday,pegz,pegz,CVCC,fill,kept
hollow,vabz,vabz,CVCC,fill,kept
holy,mest,mest,CVCC,fill,kept
home,hom,hom,CVC,hand,fixed
honest,mitx,mitx,CVCC,fill,kept
honey,kav,kav,CVC,short,kept
honor,res,res,CVC,short,kept
hood,hets,hets,CVCC,fill,kept
hoof,klig,klig,CCVC,fill,kept
hook,huk,huk,CVC,hand,fixed
hooray,yest,yest,CVCC,fill,kept
hop,flap,flap,CCVC,hand,fixed
hope,hop,hop,CVC,hand,fixed
horizon,lutx,lutx,CVCC,fill,kept
horizontal,smad,smad,CCVC,fill,kept
hormone,snen,snen,CCVC,fill,kept
horn,peks,peks,CVCC,fill,kept
horse,hors,hors,CVCC,hand,fixed
hospital,xes,xes,CVC,short,kept
host,harf,harf,CVCC,fill,fixed
hostile,xaqk,xaqk,CVCC,fill,kept
hot,gep,gep,CVC,short,kept
hotel,yor,yor,CVC,short,kept
hour,hek,hek,CVC,hand,fixed
house,puz,puz,CVC,short,kept
hover,sped,sped,CCVC,fill,kept
how,hal,hal,CVC,hand,fixed
howl,txec,txec,CCVC,fill,kept
hue,smuC,smuC,CCVC,fill,kept
hug,temp,temp,CVCC,fill,kept
huge,nest,nest,CVCC,fill,kept
huh,tag,tag,CVC,short,kept
hull,wodz,wodz,CVCC,fill,kept
hum,libz,libz,CVCC,fill,kept
human,dram,dram,CCVC,hand,fixed
humble,foft,foft,CVCC,fill,kept
humid,skek,skek,CCVC,fill,kept
humiliate,wosk,wosk,CVCC,fill,kept
humility,prid,prid,CCVC,fill,kept
humor,kalf,kalf,CVCC,fill,kept
hump,wits,wits,CVCC,fill,kept
hundred,wef,wef,CVC,short,kept
hunger,huqk,huqk,CVCC,hand,fixed
hunt,hant,hant,CVCC,hand,fixed
hurry,vaz,vaz,CVC,short,kept
hurt,zis,zis,CVC,short,kept
hut,zamp,zamp,CVCC,fill,kept
hybrid,txav,txav,CCVC,fill,kept
hydrogen,brim,brim,CCVC,fill,kept
hypocrite,djik,djik,CCVC,fill,kept
hypothesis,skon,skon,CCVC,fill,kept
i,mim,mim,CVC,short,kept
ice,hals,hals,CVCC,hand,fixed
icon,klim,klim,CCVC,fill,kept
idea,miv,miv,CVC,hand,fixed
ideal,jubz,jubz,CVCC,fill,kept
identical,yond,yond,CVCC,fill,kept
identity,zut,zut,CVC,hand,fixed
idle,drog,drog,CCVC,fill,kept
idol,draC,draC,CCVC,fill,kept
if,kiz,kiz,CVC,hand,fixed
ignite,stam,stam,CCVC,fill,kept
ignore,torg,torg,CVCC,fill,kept
ill,pedz,pedz,CVCC,fill,kept
illusion,hun,hun,CVC,hand,fixed
image,madj,madj,CVCC,hand,fixed
imagine,xip,xip,CVC,hand,fixed
imitate,trut,trut,CCVC,fill,kept
immediate,volf,volf,CVCC,fill,kept
immune,weqk,weqk,CVCC,fill,kept
impact,xidj,xidj,CVCC,fill,kept
imply,druz,druz,CCVC,fill,kept
import,beg,beg,CVC,short,kept
impress,farp,farp,CVCC,fill,kept
improve,xudj,xudj,CVCC,fill,kept
impulse,yusp,yusp,CVCC,fill,kept
in,ras,ras,CVC,hand,fixed
inch,veks,veks,CVCC,fill,kept
include,dab,dab,CVC,short,kept
income,jolv,jolv,CVCC,fill,kept
incorporate,vrep,vrep,CCVC,fill,kept
increase,xalv,xalv,CVCC,fill,kept
independent,xitx,xitx,CVCC,fill,kept
index,bez,bez,CVC,short,kept
indicate,xolb,xolb,CVCC,fill,kept
individual,pip,pip,CVC,hand,fixed
induce,smit,smit,CCVC,fill,kept
indulge,drem,drem,CCVC,fill,kept
industry,vomp,vomp,CVCC,fill,kept
inertia,frob,frob,CCVC,fill,kept
inevitable,yarb,yarb,CVCC,fill,kept
infect,snub,snub,CCVC,fill,kept
infer,fliq,fliq,CCVC,fill,kept
infinite,git,git,CVC,hand,fixed
inflammation,frep,snop,CCVC,fill,moved
inflate,flox,flox,CCVC,fill,kept
influence,hogz,hogz,CVCC,fill,kept
inform,vips,vips,CVCC,fill,kept
information,vit,vit,CVC,hand,fixed
ingredient,brad,brad,CCVC,fill,kept
inhale,bif,bif,CVC,short,kept
inherit,gleg,gleg,CCVC,fill,kept
initiate,gluz,gluz,CCVC,fill,kept
inject,bluj,bluj,CCVC,fill,kept
injure,sted,sted,CCVC,fill,kept
ink,joqk,joqk,CVCC,fill,kept
inn,xorb,xorb,CVCC,fill,kept
innocent,muqk,muqk,CVCC,fill,kept
input,bik,bik,CVC,short,kept
inquire,klet,klet,CCVC,fill,kept
inquisitive,steb,steb,CCVC,fill,kept
insect,bag,bag,CVC,hand,fixed
insensitive,gron,gron,CCVC,fill,kept
insert,draf,draf,CCVC,fill,kept
inside,geb,geb,CVC,short,fixed
insight,vram,vram,CCVC,hand,fixed
inspect,blip,blip,CCVC,fill,kept
inspire,grid,grid,CCVC,fill,kept
install,stom,stom,CCVC,hand,fixed
instance,karv,karv,CVCC,fill,fixed
instant,fibz,fibz,CVCC,fill,kept
instinct,jant,jant,CVCC,fill,kept
institution,jetx,jetx,CVCC,fill,kept
instruct,klaq,klaq,CCVC,fill,kept
instrument,xudz,xudz,CVCC,fill,kept
insult,vemp,vemp,CVCC,fill,kept
insure,spub,spub,CCVC,fill,kept
integrate,vrix,vrix,CCVC,fill,kept
intellect,txit,txit,CCVC,fill,kept
intend,borb,borb,CVCC,fill,kept
intense,biz,biz,CVC,hand,fixed
intent,kiv,kiv,CVC,hand,fixed
interest,tris,tris,CCVC,hand,fixed
interfere,fust,fust,CVCC,fill,kept
interior,rigz,rigz,CVCC,fill,kept
intermittent,fleg,fleg,CCVC,fill,kept
internal,fodj,fodj,CVCC,fill,kept
interpret,blud,blud,CCVC,fill,kept
interrupt,talf,talf,CVCC,fill,kept
interval,skan,skan,CCVC,fill,kept
intervene,smux,smux,CCVC,fill,kept
intestine,stif,stif,CCVC,fill,kept
intimidate,klix,klix,CCVC,fill,kept
into,pef,pef,CVC,short,kept
introduce,gord,gord,CVCC,fill,kept
intrude,blez,blez,CCVC,fill,kept
intuition,tux,tux,CVC,hand,fixed
invade,djof,djof,CCVC,fill,kept
invent,lorf,lorf,CVCC,fill,kept
inverse,wis,wis,CVC,hand,fixed
invest,lamp,lamp,CVCC,fill,kept
investigate,xint,xint,CVCC,fill,kept
invisible,vesp,vesp,CVCC,fill,kept
invite,dant,dant,CVCC,fill,kept
invoke,stan,stan,CCVC,fill,kept
involve,cisk,cisk,CVCC,fill,kept
iodine,snox,snox,CCVC,fill,kept
iris,yuks,yuks,CVCC,fill,kept
iron,kitx,kitx,CVCC,fill,kept
irrigate,frot,frot,CCVC,fill,kept
island,gend,gend,CVCC,fill,kept
isolate,dric,dric,CCVC,fill,kept
issue,grap,grap,CCVC,hand,fixed
it,vax,vax,CVC,hand,fixed
itch,hutx,hutx,CVCC,hand,fixed
item,dev,dev,CVC,short,kept
jab,glud,glud,CCVC,fill,kept
jack,sus,sus,CVC,short,kept
jacket,golc,golc,CVCC,fill,kept
jagged,flig,flig,CCVC,fill,kept
jail,medj,medj,CVCC,fill,kept
jam,djam,djam,CCVC,hand,fixed
jaw,grac,grac,CCVC,hand,fixed
jealous,geks,geks,CVCC,fill,kept
jelly,Cift,Cift,CVCC,fill,kept
jerk,gubz,gubz,CVCC,fill,kept
jet,sift,sift,CVCC,fill,kept
jewel,djul,djul,CCVC,hand,fixed
jewelry,vudz,vudz,CVCC,fill,kept
job,goq,goq,CVC,hand,fixed
join,goz,goz,CVC,short,kept
joint,dolf,dolf,CVCC,fill,kept
joke,djok,djok,CCVC,hand,fixed
jolt,snib,snib,CCVC,fill,kept
journal,xaps,xaps,CVCC,fill,kept
journey,pugz,pugz,CVCC,fill,kept
joy,djaz,djaz,CCVC,hand,fixed
judge,wep,wep,CVC,short,kept
jug,breq,breq,CCVC,fill,kept
juice,djus,djus,CCVC,hand,fixed
jumbo,drej,drej,CCVC,fill,kept
jump,mets,mets,CVCC,fill,kept
junction,djuc,djuc,CCVC,fill,kept
jungle,bolc,bolc,CVCC,fill,kept
junk,heks,heks,CVCC,fill,kept
just,bof,bof,CVC,short,kept
justice,djas,djas,CCVC,hand,fixed
kangaroo,plim,plim,CCVC,fill,kept
keel,snuC,snuC,CCVC,fill,kept
keen,lubz,lubz,CVCC,fill,kept
keep,karp,karp,CVCC,hand,fixed
kelvin,kalv,kalv,CVCC,hand,fixed
kept,rux,rux,CVC,short,kept
key,cux,cux,CVC,hand,fixed
keyboard,kriz,kriz,CCVC,fill,kept
kick,kik,kik,CVC,hand,fixed
kid,kit,kit,CVC,short,kept
kidney,fund,fund,CVCC,fill,kept
kill,klub,klub,CCVC,hand,fixed
kin,west,west,CVCC,fill,kept
kind,nab,nab,CVC,short,kept
king,fub,fub,CVC,short,kept
kiss,xan,xan,CVC,short,kept
kit,kent,kent,CVCC,fill,kept
knee,holb,holb,CVCC,fill,kept
kneel,yudj,yudj,CVCC,fill,kept
knife,nabz,nabz,CVCC,fill,kept
knight,duks,duks,CVCC,fill,kept
knit,net,net,CVC,hand,fixed
knob,blox,blox,CCVC,fill,kept
knock,nak,nak,CVC,hand,fixed
knot,grox,grox,CCVC,fill,kept
know,num,num,CVC,hand,fixed
knowledge,nadj,nadj,CVCC,hand,fixed
known,xef,xef,CVC,short,kept
knuckle,snav,snav,CCVC,fill,kept
label,Cond,Cond,CVCC,fill,kept
labor,vaps,vaps,CVCC,fill,kept
lack,laks,laks,CVCC,hand,fixed
ladder,xemp,xemp,CVCC,fill,kept
lady,zat,zat,CVC,short,kept
lag,smon,smon,CCVC,fill,kept
lake,gals,gals,CVCC,fill,kept
lamb,fisk,fisk,CVCC,fill,kept
lame,fimp,fimp,CVCC,fill,kept
lamp,zunt,zunt,CVCC,fill,kept
land,lan,lan,CVC,hand,fixed
language,gar,gar,CVC,hand,fixed
lap,ziqk,ziqk,CVCC,fill,kept
large,giqk,gadz,CVCC,fill,moved
larva,larv,larv,CVCC,hand,fixed
larynx,spev,spev,CCVC,fill,kept
lash,klag,klag,CCVC,fill,kept
last,last,last,CVCC,hand,fixed
latch,txuk,txuk,CCVC,fill,kept
late,seg,seg,CVC,short,kept
lateral,smef,smef,CCVC,fill,kept
laugh,laft,laft,CVCC,hand,fixed
launch,puqk,puqk,CVCC,fill,kept
lava,glod,glod,CCVC,fill,kept
law,xuf,xuf,CVC,short,kept
lay,gled,gled,CCVC,hand,fixed
layer,grof,grof,CCVC,fill,kept
lazy,vops,vops,CVCC,fill,kept
lead,lid,lid,CVC,hand,fixed
leaf,lif,lif,CVC,hand,fixed
leak,farf,farf,CVCC,fill,kept
lean,fesp,fesp,CVCC,fill,kept
leap,Cubz,Cubz,CVCC,fill,kept
learn,lin,lin,CVC,hand,fixed
least,zoq,zoq,CVC,short,kept
leather,zind,zind,CVCC,fill,kept
leave,lurv,lurv,CVCC,hand,fixed
ledge,glag,glag,CCVC,fill,kept
leech,krov,krov,CCVC,fill,kept
left,bep,bep,CVC,hand,fixed
leg,legz,legz,CVCC,hand,fixed
legal,galf,galf,CVCC,fill,kept
legend,keks,keks,CVCC,fill,kept
legitimate,jalb,jalb,CVCC,fill,kept
leisure,bled,bled,CCVC,fill,kept
lemon,varg,varg,CVCC,fill,kept
lend,daq,daq,CVC,short,kept
length,dar,dar,CVC,short,kept
lenient,sken,sken,CCVC,fill,kept
lens,lalv,lalv,CVCC,fill,kept
lesion,frud,frud,CCVC,fill,kept
less,gef,gef,CVC,short,fixed
lesson,didj,didj,CVCC,fill,kept
let,lart,lart,CVCC,hand,fixed
letter,wit,wit,CVC,short,kept
level,nits,nits,CVCC,fill,kept
lever,djem,djem,CCVC,fill,kept
lewd,snon,snon,CCVC,fill,kept
liberty,komp,komp,CVCC,fill,kept
library,bolb,bolb,CVCC,fill,kept
lice,txiq,txiq,CCVC,fill,kept
license,dips,dips,CVCC,fill,kept
lie,zav,zav,CVC,hand,fixed
life,cad,cad,CVC,hand,fixed
lift,gorv,gorv,CVCC,fill,kept
light,lit,lit,CVC,hand,fixed
lightning,semp,semp,CVCC,fill,kept
like,lak,lak,CVC,hand,fixed
likely,bemp,bemp,CVCC,fill,kept
lily,dutx,dutx,CVCC,fill,kept
limb,larf,larf,CVCC,fill,kept
lime,djiq,djiq,CCVC,fill,kept
limit,zarf,zarf,CVCC,fill,fixed
limp,limp,limp,CVCC,hand,fixed
line,zob,zob,CVC,short,fixed
lineage,skob,skob,CCVC,fill,kept
linen,drik,drik,CCVC,fill,kept
linger,smot,smot,CCVC,fill,kept
link,lik,lik,CVC,hand,fixed
lion,groq,groq,CCVC,hand,fixed
lip,glip,glip,CCVC,hand,fixed
liquid,krid,krid,CCVC,hand,fixed
liquor,keps,keps,CVCC,fill,kept
list,list,list,CVCC,hand,fixed
listen,nix,nix,CVC,hand,fixed
little,nip,nip,CVC,short,kept
live,kib,kib,CVC,short,kept
lizard,zart,zart,CVCC,hand,fixed
load,lod,lod,CVC,hand,fixed
loaf,luft,luft,CVCC,fill,kept
loan,lon,lon,CVC,hand,fixed
lobe,trez,trez,CCVC,fill,kept
lobster,jups,jups,CVCC,fill,kept
local,ruv,ruv,CVC,hand,fixed
locate,fadj,fadj,CVCC,fill,kept
location,ruk,ruk,CVC,hand,fixed
lock,mols,mols,CVCC,fill,kept
lodge,Cudz,Cudz,CVCC,fill,kept
loft,gliq,gliq,CCVC,fill,kept
log,def,def,CVC,short,kept
lone,rimp,rimp,CVCC,fill,kept
lonely,gind,gind,CVCC,fill,kept
long,nuc,nuc,CVC,hand,fixed
look,luk,luk,CVC,hand,fixed
loop,lup,lup,CVC,hand,fixed
loose,txot,txot,CCVC,hand,fixed
loot,gleb,gleb,CCVC,fill,kept
lord,lor,lor,CVC,hand,fixed
lore,frim,frim,CCVC,fill,kept
lose,guz,guz,CVC,hand,fixed
lost,sen,sen,CVC,short,kept
lot,pug,pug,CVC,short,kept
loud,gift,gift,CVCC,fill,kept
love,lav,lav,CVC,hand,fixed
low,lem,lem,CVC,hand,fixed
loyal,varp,varp,CVCC,fill,kept
loyalty,vont,vont,CVCC,fill,kept
luck,fiv,fiv,CVC,short,kept
lucky,fog,fog,CVC,short,kept
luggage,vund,vund,CVCC,fill,kept
lump,gleq,gleq,CCVC,fill,kept
lung,xols,xols,CVCC,fill,kept
lure,womp,womp,CVCC,fill,kept
lust,yalf,yalf,CVCC,fill,kept
luxury,cugz,cugz,CVCC,fill,kept
machine,xin,xin,CVC,hand,fixed
mad,yeg,yeg,CVC,short,kept
magic,gim,gim,CVC,hand,fixed
magnesium,skeq,skeq,CCVC,fill,kept
magnet,namp,namp,CVCC,hand,fixed
magnificent,zand,zand,CVCC,fill,fixed
magnitude,smuq,smuq,CCVC,fill,kept
mail,garb,garb,CVCC,fill,kept
main,men,men,CVC,hand,fixed
maintain,zoqk,zoqk,CVCC,fill,kept
major,yaz,yaz,CVC,short,kept
make,mek,mek,CVC,hand,fixed
male,maf,maf,CVC,hand,fixed
mammal,snuz,snuz,CCVC,fill,kept
man,nim,nim,CVC,short,kept
manage,pisk,pisk,CVCC,fill,kept
mandate,smaf,smaf,CCVC,fill,kept
mane,frub,frub,CCVC,fill,kept
mania,stiv,stiv,CCVC,fill,kept
manifest,grud,grud,CCVC,fill,kept
manual,jind,jind,CVCC,fill,kept
manufacture,bluf,bluf,CCVC,fill,kept
many,mav,mav,CVC,hand,fixed
map,deq,deq,CVC,short,fixed
march,balv,balv,CVCC,fill,kept
mark,wen,wen,CVC,short,kept
marker,ridz,ridz,CVCC,fill,kept
market,gald,gald,CVCC,fill,kept
marriage,wov,wov,CVC,short,kept
marrow,djuz,stox,CCVC,fill,moved
marry,yav,yav,CVC,short,kept
marsh,glat,glat,CCVC,fill,kept
marvel,txuq,txuq,CCVC,fill,kept
masculine,blun,blun,CCVC,fill,kept
mask,mask,mask,CVCC,hand,fixed
mass,mars,mars,CVCC,hand,fixed
mast,klox,klox,CCVC,fill,kept
master,pik,pik,CVC,hand,fixed
mat,glaz,glaz,CCVC,fill,kept
match,gup,gup,CVC,short,fixed
mate,ment,ment,CVCC,hand,fixed
material,buts,buts,CVCC,fill,kept
matrix,grex,grex,CCVC,fill,kept
matter,tuf,tuf,CVC,short,kept
mature,xolz,xolz,CVCC,fill,kept
maximum,maks,maks,CVCC,hand,fixed
may,nax,nax,CVC,short,kept
maybe,morv,morv,CVCC,hand,fixed
maze,blit,blit,CCVC,fill,kept
meadow,plix,plix,CCVC,fill,kept
meal,darg,darg,CVCC,fill,kept
mean,piv,piv,CVC,short,kept
measure,yaj,yaj,CVC,hand,fixed
meat,mak,mak,CVC,hand,fixed
mechanic,rarf,rarf,CVCC,fill,kept
mechanism,groz,groz,CCVC,fill,kept
media,bups,bups,CVCC,fill,kept
medicine,gorz,gorz,CVCC,fill,kept
meditate,tam,tam,CVC,hand,fixed
medium,sit,sit,CVC,hand,fixed
meet,mit,mit,CVC,hand,fixed
melancholy,plum,plum,CCVC,fill,kept
melody,cigz,cigz,CVCC,fill,kept
melon,weft,weft,CVCC,fill,kept
melt,jutx,jutx,CVCC,fill,kept
member,mast,mast,CVCC,hand,fixed
membrane,broq,broq,CCVC,hand,fixed
memory,guj,guj,CVC,hand,fixed
mend,brav,brav,CCVC,fill,kept
mention,mont,mont,CVCC,fill,kept
mercy,mus,mus,CVC,hand,fixed
merge,bas,bas,CVC,short,fixed
merit,glum,glum,CCVC,fill,kept
merry,gedz,gedz,CVCC,fill,kept
mesh,vrum,vrum,CCVC,fill,fixed
mess,wog,wog,CVC,short,kept
message,muj,muj,CVC,hand,fixed
metabolism,spov,spov,CCVC,fill,kept
metal,malt,malt,CVCC,hand,fixed
metaphor,griz,griz,CCVC,fill,kept
meter,carf,carf,CVCC,fill,kept
method,dax,dax,CVC,short,kept
middle,mad,mad,CVC,hand,fixed
midnight,dalv,dalv,CVCC,fill,kept
mild,lent,lent,CVCC,fill,kept
mile,pesp,pesp,CVCC,fill,kept
military,gibz,gibz,CVCC,fill,kept
milk,nudj,nudj,CVCC,fill,kept
million,xak,xak,CVC,short,kept
mimic,vrit,vrit,CCVC,fill,kept
mind,tid,tid,CVC,short,fixed
mine,meq,meq,CVC,hand,fixed
mineral,brom,brom,CCVC,fill,kept
minimum,skim,skim,CCVC,hand,fixed
minister,tuqk,tuqk,CVCC,fill,kept
minor,zubz,zubz,CVCC,fill,kept
mint,yorb,yorb,CVCC,fill,kept
minute,duk,duk,CVC,hand,fixed
miracle,duft,duft,CVCC,fill,kept
mirror,flek,flek,CCVC,hand,fixed
miss,tit,tit,CVC,short,fixed
missile,zatx,zatx,CVCC,fill,kept
mist,glem,glem,CCVC,fill,kept
mix,miks,miks,CVCC,hand,fixed
mixture,blok,blok,CCVC,fill,kept
mmm,muq,muq,CVC,hand,fixed
mob,zogz,zogz,CVCC,fill,kept
mobile,jotx,jotx,CVCC,fill,kept
mock,dov,dov,CVC,short,kept
mode,mod,mod,CVC,hand,fixed
model,mej,mej,CVC,hand,fixed
modern,kint,kint,CVCC,fill,kept
modest,yisk,yisk,CVCC,fill,kept
module,biv,biv,CVC,short,kept
moist,trug,trug,CCVC,fill,kept
moisture,snup,snup,CCVC,fill,kept
mold,wedj,wedj,CVCC,fill,kept
molecule,mal,mal,CVC,hand,fixed
moment,ven,ven,CVC,short,kept
momentum,klen,klen,CCVC,fill,kept
money,pov,pov,CVC,short,kept
monitor,zaft,zaft,CVCC,fill,kept
monkey,maqk,maqk,CVCC,hand,fixed
monopoly,draj,draj,CCVC,fill,kept
monster,gebz,gebz,CVCC,fill,kept
month,mes,mes,CVC,hand,fixed
monument,plib,plib,CCVC,fill,kept
mood,mud,mud,CVC,hand,fixed
moon,lun,lun,CVC,hand,fixed
mope,vruf,vruf,CCVC,fill,kept
moral,zint,zint,CVCC,fill,kept
more,nis,nis,CVC,short,fixed
morning,tan,tan,CVC,short,kept
mosquito,trun,trun,CCVC,fill,kept
moss,magz,magz,CVCC,hand,fixed
most,nof,nof,CVC,short,kept
moth,plem,plem,CCVC,fill,kept
mother,mam,mam,CVC,hand,fixed
motion,miq,miq,CVC,hand,fixed
motive,zeps,zeps,CVCC,fill,kept
motor,zadj,zadj,CVCC,fill,kept
mound,sman,sman,CCVC,fill,kept
mount,valc,valc,CVCC,fill,kept
mountain,mot,mot,CVC,hand,fixed
mourn,bleb,bleb,CCVC,fill,kept
mouse,tedz,tedz,CVCC,fill,kept
mouth,muc,muc,CVC,hand,fixed
move,muv,muv,CVC,hand,fixed
much,nen,nen,CVC,short,kept
mucus,frum,frum,CCVC,fill,kept
mud,cat,cat,CVC,hand,fixed
mug,Colb,Colb,CVCC,fill,kept
multiple,feqk,feqk,CVCC,fill,kept
multiply,vak,vak,CVC,hand,fixed
mumble,vrij,vrij,CCVC,fill,kept
murder,yed,yed,CVC,short,kept
murky,froz,froz,CCVC,fill,kept
murmur,stum,stum,CCVC,fill,kept
muscle,suft,suft,CVCC,fill,kept
museum,tunt,tunt,CVCC,fill,kept
mush,draq,draq,CCVC,fill,kept
music,feb,feb,CVC,short,kept
mutant,glix,glix,CCVC,fill,kept
mutual,Cidj,Cidj,CVCC,fill,kept
muzzle,smij,smij,CCVC,fill,kept
my,slur,slur,CCVC,hand,fixed
mystery,sod,sod,CVC,hand,fixed
myth,Comp,Comp,CVCC,fill,kept
nail,togz,togz,CVCC,fill,kept
naive,cemp,cemp,CVCC,fill,kept
name,nam,nam,CVC,hand,fixed
nap,vidj,vidj,CVCC,fill,kept
narrow,Ceft,Ceft,CVCC,fill,kept
nasty,bump,bump,CVCC,fill,kept
nation,pomp,pomp,CVCC,fill,kept
native,xolk,xolk,CVCC,fill,kept
natural,nups,nups,CVCC,fill,kept
nature,nep,nep,CVC,hand,fixed
naughty,faft,faft,CVCC,fill,kept
nausea,pluz,pluz,CCVC,fill,kept
navel,snun,snun,CCVC,fill,kept
navigate,txux,txux,CCVC,fill,kept
navy,begz,begz,CVCC,fill,kept
near,lub,lub,CVC,short,fixed
neat,veqk,veqk,CVCC,fill,kept
necessary,narf,narf,CVCC,fill,kept
neck,mond,mond,CVCC,fill,kept
nectar,skik,skik,CCVC,fill,kept
need,nid,nid,CVC,hand,fixed
needle,vald,vald,CVCC,fill,kept
neglect,klex,klex,CCVC,fill,kept
negotiate,Cuqk,Cuqk,CVCC,fill,kept
neither,meft,meft,CVCC,fill,kept
nerve,nurv,nurv,CVCC,hand,fixed
nervous,mant,mant,CVCC,fill,kept
nest,nas,nas,CVC,hand,fixed
net,hift,hift,CVCC,fill,kept
network,mix,mix,CVC,hand,fixed
neutral,nal,nal,CVC,hand,fixed
never,nit,nit,CVC,short,kept
new,gump,gump,CVCC,hand,fixed
newton,grog,grog,CCVC,fill,kept
next,fid,fid,CVC,hand,fixed
nice,nes,nes,CVC,hand,fixed
niche,skiz,skiz,CCVC,fill,kept
nickel,xosk,xosk,CVCC,fill,kept
night,yit,yit,CVC,hand,fixed
nine,mamp,mamp,CVCC,fill,fixed
nipple,drev,drev,CCVC,fill,kept
nitrogen,snuc,snuc,CCVC,fill,kept
no,nop,nop,CVC,hand,fixed
noble,hugz,hugz,CVCC,fill,kept
nobody,sed,sed,CVC,short,kept
node,krag,krag,CCVC,hand,fixed
noise,gobz,gobz,CVCC,fill,kept
non,grax,grax,CCVC,fill,kept
none,yek,yek,CVC,short,kept
noon,kibz,kibz,CVCC,fill,kept
nor,nork,nork,CVCC,hand,fixed
norm,gluv,gluv,CCVC,fill,kept
normal,mebz,mebz,CVCC,fill,fixed
north,yin,yin,CVC,hand,fixed
nose,noz,noz,CVC,hand,fixed
nostalgia,vrek,vrek,CCVC,fill,kept
nostril,vrup,vrup,CCVC,fill,kept
not,mas,mas,CVC,short,kept
notch,glut,glut,CCVC,fill,kept
note,not,not,CVC,hand,fixed
nothing,him,him,CVC,hand,fixed
notice,mogz,mogz,CVCC,fill,kept
now,xom,xom,CVC,hand,fixed
nucleus,klis,klis,CCVC,hand,fixed
nude,yisp,yisp,CVCC,fill,kept
nuisance,djiC,djiC,CCVC,fill,kept
numb,rusp,rusp,CVCC,fill,kept
number,dis,dis,CVC,hand,fixed
nurse,nont,nont,CVCC,fill,kept
nurture,vron,vron,CCVC,fill,kept
nut,hiks,hiks,CVCC,fill,kept
nylon,sneq,sneq,CCVC,fill,kept
oak,yalb,yalb,CVCC,fill,kept
oar,skud,skud,CCVC,fill,kept
oat,flez,flez,CCVC,fill,kept
oath,fogz,fogz,CVCC,fill,kept
obey,xand,xand,CVCC,fill,kept
object,kaq,kaq,CVC,hand,fixed
obligation,Cund,Cund,CVCC,fill,kept
oblige,plaf,plaf,CCVC,fill,kept
obscure,brum,brum,CCVC,fill,kept
observe,suv,suv,CVC,hand,fixed
obsess,from,from,CCVC,fill,kept
obstacle,brov,brov,CCVC,fill,fixed
obstruct,frut,frut,CCVC,fill,kept
obtain,grov,grov,CCVC,fill,kept
obvious,daqk,daqk,CVCC,fill,kept
occasion,kodj,kodj,CVCC,fill,kept
occupy,blog,blog,CCVC,fill,kept
occur,joft,joft,CVCC,fill,kept
ocean,vrun,vrun,CCVC,hand,fixed
octopus,txug,txug,CCVC,fill,kept
odd,balt,balt,CVCC,fill,kept
odor,pran,pran,CCVC,fill,kept
of,yov,yov,CVC,hand,fixed
off,nev,nev,CVC,hand,fixed
offend,risp,risp,CVCC,fill,kept
offense,kotx,kotx,CVCC,fill,kept
offer,migz,migz,CVCC,fill,kept
office,zop,zop,CVC,short,kept
official,balf,balf,CVCC,fill,kept
offset,flib,flib,CCVC,fill,kept
offspring,blik,blik,CCVC,fill,kept
often,gug,gug,CVC,short,kept
oh,pin,pin,CVC,short,kept
oil,gips,gips,CVCC,fill,kept
ointment,kluq,kluq,CCVC,fill,kept
okay,hok,hok,CVC,hand,fixed
old,marg,marg,CVCC,hand,fixed
omen,klik,klik,CCVC,fill,kept
on,vun,vun,CVC,hand,fixed
once,kin,kin,CVC,short,kept
one,zan,zan,CVC,hand,fixed
oneself,txiz,txiz,CCVC,fill,kept
onion,wont,wont,CVCC,fill,kept
only,peb,peb,CVC,short,kept
onto,garp,garp,CVCC,fill,kept
oops,find,find,CVCC,fill,kept
opaque,prik,prik,CCVC,hand,fixed
open,zark,zark,CVCC,hand,fixed
opening,getx,getx,CVCC,fill,kept
operate,zift,zift,CVCC,fill,kept
opinion,nuft,nuft,CVCC,fill,kept
opponent,labz,labz,CVCC,fill,kept
opportunity,gits,gits,CVCC,fill,kept
oppose,pluq,pluq,CCVC,fill,fixed
opposite,hand,hand,CVCC,fill,kept
option,huft,huft,CVCC,fill,kept
or,xat,xat,CVC,hand,fixed
oracle,plag,plag,CCVC,fill,kept
orange,dej,dej,CVC,hand,fixed
orb,drot,drot,CCVC,fill,kept
orbit,brit,brit,CCVC,hand,fixed
order,nord,nord,CVCC,hand,fixed
ordinary,tetx,tetx,CVCC,fill,kept
ore,klod,klod,CCVC,fill,kept
organ,Cint,Cint,CVCC,fill,kept
organism,txam,txam,CCVC,fill,kept
orient,lij,lij,CVC,hand,fixed
origin,wimp,wimp,CVCC,fill,kept
original,dont,dont,CVCC,fill,fixed
ornament,speb,speb,CCVC,fill,kept
other,nez,nez,CVC,short,fixed
ouch,vusk,vusk,CVCC,fill,kept
our,bliz,bliz,CCVC,hand,fixed
out,buk,buk,CVC,short,fixed
outcome,wutx,wutx,CVCC,fill,kept
output,bip,bip,CVC,hand,fixed
outside,ges,ges,CVC,short,fixed
oval,snij,snij,CCVC,fill,kept
ovary,flaq,flaq,CCVC,fill,kept
oven,xatx,xatx,CVCC,fill,kept
over,djip,djip,CCVC,hand,fixed
overlap,flit,flit,CCVC,fill,kept
ow,molb,molb,CVCC,fill,kept
owe,mibz,mibz,CVCC,fill,kept
owl,yalp,yalp,CVCC,fill,kept
own,tik,tik,CVC,short,kept
pace,futs,futs,CVCC,fill,kept
pack,nolk,nolk,CVCC,fill,kept
package,pak,pak,CVC,hand,fixed
packet,blag,blag,CCVC,fill,kept
pad,xunt,xunt,CVCC,fill,kept
paddle,graz,graz,CCVC,fill,kept
page,gadz,giqk,CVCC,fill,moved
pain,muz,muz,CVC,hand,fixed
paint,pent,pent,CVCC,hand,fixed
pair,den,den,CVC,short,kept
pal,morb,morb,CVCC,fill,kept
palate,stac,stac,CCVC,fill,kept
pale,xusk,xusk,CVCC,fill,kept
palm,zebz,zebz,CVCC,fill,kept
palsy,flex,flex,CCVC,fill,kept
pamper,flab,flab,CCVC,fill,kept
pan,vamp,vamp,CVCC,fill,kept
panel,Cimp,Cimp,CVCC,fill,kept
pant,stod,stod,CCVC,fill,kept
paper,yof,yof,CVC,short,kept
par,rump,rump,CVCC,fill,kept
parade,zump,zump,CVCC,fill,kept
paradox,snod,snod,CCVC,fill,kept
parallel,wist,wist,CVCC,fill,fixed
paramount,pleq,pleq,CCVC,fill,kept
parasite,blop,sket,CCVC,fill,moved
parcel,snid,snid,CCVC,fill,kept
pardon,mart,mart,CVCC,fill,kept
parent,sas,sas,CVC,hand,fixed
park,misp,misp,CVCC,fill,kept
parliament,plad,plad,CCVC,fill,kept
part,part,part,CVCC,hand,fixed
partial,ligz,ligz,CVCC,fill,kept
participate,wisk,wisk,CVCC,fill,kept
particle,rav,rav,CVC,hand,fixed
particular,dobz,dobz,CVCC,fill,kept
partner,mind,mind,CVCC,fill,kept
party,zeb,zeb,CVC,short,kept
pascal,spof,spof,CCVC,fill,kept
pass,yef,yef,CVC,short,kept
passage,jaqk,jaqk,CVCC,fill,kept
passenger,fips,fips,CVCC,fill,kept
passion,tind,tind,CVCC,fill,kept
past,gez,gez,CVC,short,fixed
paste,pest,pest,CVCC,hand,fixed
pastry,txuv,txuv,CCVC,fill,kept
pasture,smeC,smeC,CCVC,fill,kept
pat,kimp,kimp,CVCC,fill,kept
patch,patx,patx,CVCC,hand,fixed
path,pac,pac,CVC,hand,fixed
patient,marv,marv,CVCC,fill,kept
patter,vroz,vroz,CCVC,fill,kept
pattern,jom,jom,CVC,hand,fixed
pause,yorf,yorf,CVCC,fill,kept
pavilion,stoz,stoz,CCVC,fill,kept
paw,djac,djac,CCVC,fill,kept
pay,peq,peq,CVC,hand,fixed
pea,griq,griq,CCVC,fill,kept
peace,siz,siz,CVC,hand,fixed
peach,cesp,cesp,CVCC,fill,kept
peak,yint,yint,CVCC,fill,kept
peck,glex,glex,CCVC,fill,kept
pedal,txaf,txaf,CCVC,fill,kept
pee,kidj,kidj,CVCC,fill,kept
peer,smec,smec,CCVC,fill,kept
peg,garv,garv,CVCC,fill,kept
pellet,snam,snam,CCVC,fill,kept
pelvis,txom,txom,CCVC,fill,kept
pen,bart,bart,CVCC,fill,kept
penalty,xedj,xedj,CVCC,fill,kept
penetrate,dreb,dreb,CCVC,fill,kept
peninsula,sniz,sniz,CCVC,fill,kept
penis,zidj,zidj,CVCC,fill,kept
people,ped,ped,CVC,short,kept
pepper,xard,xard,CVCC,fill,kept
per,pork,pork,CVCC,hand,fixed
perceive,siv,siv,CVC,hand,fixed
percent,beqk,beqk,CVCC,fill,kept
perfect,kax,kax,CVC,hand,fixed
perform,kudz,kudz,CVCC,fill,kept
perhaps,fov,fov,CVC,short,kept
period,dotx,dotx,CVCC,fill,kept
permanent,yaq,yaq,CVC,hand,fixed
permeate,pim,pim,CVC,hand,fixed
permit,vaks,vaks,CVCC,fill,kept
perpendicular,parp,parp,CVCC,hand,fixed
persist,spim,spim,CCVC,fill,fixed
person,nar,nar,CVC,hand,fixed
personal,rof,rof,CVC,short,kept
perspective,xolf,xolf,CVCC,fill,kept
persuade,cebz,cebz,CVCC,fill,kept
pest,dred,dred,CCVC,fill,kept
pet,polb,polb,CVCC,fill,kept
petal,skaq,skaq,CCVC,fill,kept
phase,vest,vest,CVCC,fill,kept
pheasant,vrin,vrin,CCVC,fill,kept
phenomenon,lolv,lolv,CVCC,fill,kept
phew,txep,txep,CCVC,fill,kept
phosphorus,friq,friq,CCVC,fill,kept
physical,dak,dak,CVC,hand,fixed
pick,pruk,pruk,CCVC,hand,fixed
picture,foz,foz,CVC,short,kept
piece,fuf,jig,CVC,short,moved
pierce,bent,bent,CVCC,fill,kept
pig,prag,prag,CCVC,hand,fixed
pile,zagz,zagz,CVCC,fill,kept
pill,valk,valk,CVCC,fill,kept
pillar,smiC,smiC,CCVC,fill,kept
pillow,vost,vost,CVCC,fill,kept
pilot,dust,dust,CVCC,fill,kept
pimple,klav,klav,CCVC,fill,kept
pin,koft,koft,CVCC,fill,kept
pinch,corg,corg,CVCC,fill,kept
pine,comp,comp,CVCC,fill,kept
ping,djig,djig,CCVC,fill,kept
pink,dalb,dalb,CVCC,fill,kept
pipe,tidj,tidj,CVCC,fill,kept
pit,zesp,zesp,CVCC,fill,kept
pitch,hend,hend,CVCC,fill,kept
pity,botx,botx,CVCC,fill,kept
place,nad,nad,CVC,short,fixed
plain,pint,pint,CVCC,fill,kept
plait,flen,flen,CCVC,fill,kept
plan,plan,plan,CCVC,hand,fixed
plane,rag,rag,CVC,short,kept
planet,glob,glob,CCVC,hand,fixed
plank,txax,txax,CCVC,fill,kept
plant,dorf,dorf,CVCC,fill,fixed
plasma,rorv,rorv,CVCC,fill,kept
plastic,tarf,tarf,CVCC,fill,kept
plate,plet,plet,CCVC,hand,fixed
plateau,flik,flik,CCVC,fill,kept
platform,cogz,cogz,CVCC,fill,kept
platinum,bluc,bluc,CCVC,fill,kept
plead,Caqk,Caqk,CVCC,fill,kept
please,pliz,pliz,CCVC,hand,fixed
pleasure,zim,zim,CVC,hand,fixed
pledge,Coqk,Coqk,CVCC,fill,kept
plenty,malp,malp,CVCC,fill,kept
plot,vobz,vobz,CVCC,fill,kept
plow,triv,triv,CCVC,fill,kept
plug,fets,fets,CVCC,fill,kept
plume,flug,flug,CCVC,fill,kept
plump,smac,smac,CCVC,fill,kept
plural,stov,stov,CCVC,fill,kept
plus,naqk,naqk,CVCC,fill,kept
pocket,galc,galc,CVCC,fill,kept
pod,pard,pard,CVCC,hand,fixed
poetry,zemp,zemp,CVCC,fill,kept
point,leC,leC,CVC,hand,fixed
poise,spon,spon,CCVC,fill,kept
poison,borz,borz,CVCC,hand,fixed
poke,yeqk,yeqk,CVCC,fill,kept
pole,viks,viks,CVCC,fill,kept
police,zeg,zeg,CVC,short,kept
policy,dubz,dubz,CVCC,fill,kept
polish,fudz,fudz,CVCC,fill,kept
polite,sarv,sarv,CVCC,fill,kept
poll,blak,blak,CCVC,fill,kept
pond,cand,cand,CVCC,fill,kept
pool,nagz,nagz,CVCC,fill,kept
poop,plup,plup,CCVC,hand,fixed
poor,por,por,CVC,hand,fixed
pop,mand,mand,CVCC,fill,kept
popular,bork,bork,CVCC,fill,kept
population,xebz,xebz,CVCC,fill,kept
porch,fubz,fubz,CVCC,fill,kept
port,hups,hups,CVCC,fill,kept
portal,went,went,CVCC,fill,kept
pose,Colf,Colf,CVCC,fill,kept
position,giz,giz,CVC,hand,fixed
positive,mid,mid,CVC,hand,fixed
possess,gaz,gaz,CVC,hand,fixed
possible,yen,yen,CVC,short,fixed
post,dint,dint,CVCC,fill,kept
posture,klib,klib,CCVC,fill,kept
pot,bunt,bunt,CVCC,fill,kept
potassium,klov,klov,CCVC,fill,kept
potato,volk,volk,CVCC,fill,kept
potential,taft,taft,CVCC,fill,fixed
pound,solv,solv,CVCC,fill,kept
pour,haft,haft,CVCC,fill,kept
powder,kubz,gent,CVCC,fill,moved
power,fep,fep,CVC,short,fixed
practical,vold,vold,CVCC,fill,kept
practice,nalp,nalp,CVCC,fill,kept
praise,xiqk,xiqk,CVCC,fill,kept
pray,pam,pam,CVC,hand,fixed
preach,prin,prin,CCVC,fill,kept
precious,prex,prex,CCVC,hand,fixed
precise,rift,rift,CVCC,fill,kept
precision,drin,drin,CCVC,fill,kept
predator,bran,bran,CCVC,fill,kept
predict,wudj,wudj,CVCC,fill,kept
prefer,gutx,gutx,CVCC,fill,kept
pregnant,nint,nint,CVCC,fill,kept
prepare,golk,golk,CVCC,fill,kept
presence,zaq,zaq,CVC,hand,fixed
present,gog,gog,CVC,short,fixed
preserve,vix,vix,CVC,hand,fixed
press,malf,malf,CVCC,fill,kept
pressure,pres,pres,CCVC,hand,fixed
presume,xuqk,xuqk,CVCC,fill,kept
pretend,gist,gist,CVCC,fill,kept
pretty,tol,tol,CVC,short,kept
prevent,dek,dek,CVC,short,kept
previous,daz,daz,CVC,short,kept
price,muts,muts,CVCC,fill,kept
prick,seqk,seqk,CVCC,fill,kept
pride,doft,doft,CVCC,fill,kept
primate,vrut,vrut,CCVC,fill,kept
prime,bast,bast,CVCC,hand,fixed
primitive,rebz,rebz,CVCC,fill,kept
principle,jeks,jeks,CVCC,fill,kept
print,punt,punt,CVCC,fill,kept
prism,vriq,vriq,CCVC,fill,kept
prison,masp,masp,CVCC,fill,kept
private,boz,boz,CVC,hand,fixed
privilege,fift,fift,CVCC,fill,kept
prize,praz,praz,CCVC,hand,fixed
probable,prab,prab,CCVC,hand,fixed
problem,woz,woz,CVC,hand,fixed
procedure,kugz,kugz,CVCC,fill,kept
process,kix,kix,CVC,hand,fixed
produce,vugz,vugz,CVCC,fill,kept
product,horg,horg,CVCC,fill,kept
profane,fled,fled,CCVC,fill,kept
profile,zund,zund,CVCC,fill,kept
profit,vuks,vuks,CVCC,fill,kept
program,nudz,nudz,CVCC,fill,kept
progress,reC,reC,CVC,hand,fixed
prohibit,flut,flut,CCVC,fill,kept
project,gaks,gaks,CVCC,fill,kept
projection,txeg,txeg,CCVC,fill,kept
prominent,blid,blid,CCVC,fill,kept
promise,feg,feg,CVC,short,kept
promote,widz,widz,CVCC,fill,kept
prompt,spiv,spiv,CCVC,fill,kept
pronounce,citx,citx,CVCC,fill,kept
propaganda,djav,djav,CCVC,fill,kept
proper,best,best,CVCC,fill,kept
property,guqk,guqk,CVCC,fill,kept
prophecy,cagz,cagz,CVCC,fill,kept
prophet,yunt,yunt,CVCC,fill,kept
proportion,drof,drof,CCVC,fill,kept
propose,zomp,zomp,CVCC,fill,kept
prose,stuf,stuf,CCVC,fill,kept
prostitute,jarv,jarv,CVCC,fill,kept
protect,meps,meps,CVCC,fill,kept
protein,ludz,ralz,CVCC,fill,moved
protest,xarb,xarb,CVCC,fill,kept
protocol,jogz,jogz,CVCC,fill,kept
proud,lol,lol,CVC,short,kept
prove,pruv,pruv,CCVC,hand,fixed
provide,xit,xit,CVC,hand,fixed
provoke,blac,blac,CCVC,fill,kept
proxy,skeg,skeg,CCVC,fill,kept
prudent,smik,smik,CCVC,fill,kept
pry,worz,worz,CVCC,fill,kept
public,zab,zab,CVC,hand,fixed
puck,dren,dren,CCVC,fill,kept
puff,porf,porf,CVCC,hand,fixed
pull,pul,pul,CVC,hand,fixed
pulp,truq,truq,CCVC,fill,kept
pulse,bobz,bobz,CVCC,fill,kept
pump,vibz,vibz,CVCC,fill,kept
punch,dand,dand,CVCC,fill,kept
puncture,trit,trit,CCVC,fill,kept
punish,fuqk,fuqk,CVCC,fill,kept
pupil,djeC,djeC,CCVC,fill,kept
puppet,yoft,yoft,CVCC,fill,kept
purchase,ceps,ceps,CVCC,fill,kept
pure,pit,pit,CVC,hand,fixed
purple,sif,sif,CVC,hand,fixed
purpose,godz,godz,CVCC,fill,kept
pus,step,step,CCVC,fill,kept
push,lep,lep,CVC,hand,fixed
put,drad,drad,CCVC,hand,fixed
puzzle,jugz,jugz,CVCC,fill,kept
quake,smig,smig,CCVC,fill,kept
qualify,wolp,wolp,CVCC,fill,kept
quality,tolv,tolv,CVCC,fill,kept
quantity,tref,tref,CCVC,fill,kept
quantum,yalk,yalk,CVCC,fill,kept
quench,frad,frad,CCVC,fill,kept
quest,cedj,cedj,CVCC,fill,kept
question,luq,luq,CVC,hand,fixed
queue,bav,bav,CVC,short,kept
quick,klok,klok,CCVC,hand,fixed
quiet,xud,xud,CVC,hand,fixed
quill,drox,drox,CCVC,fill,kept
quit,rus,rus,CVC,short,kept
quite,zov,zov,CVC,short,kept
quota,trex,trex,CCVC,fill,kept
quote,futx,futx,CVCC,fill,kept
rabbit,pagz,pagz,CVCC,fill,kept
race,malk,malk,CVCC,fill,fixed
rack,jedz,jedz,CVCC,fill,kept
racket,jorv,jorv,CVCC,fill,kept
radar,gomp,gomp,CVCC,fill,kept
radiant,pluf,pluf,CCVC,fill,kept
radio,wot,wot,CVC,short,kept
radius,drus,drus,CCVC,hand,fixed
raft,raft,raft,CVCC,hand,fixed
rag,leps,leps,CVCC,fill,kept
rage,vorz,vorz,CVCC,fill,kept
raid,xomp,xomp,CVCC,fill,kept
rail,lump,lump,CVCC,fill,kept
rain,ren,ren,CVC,hand,fixed
raise,mump,mump,CVCC,fill,kept
ram,cent,cent,CVCC,fill,kept
random,fard,fard,CVCC,fill,kept
range,raj,raj,CVC,hand,fixed
rank,reqk,reqk,CVCC,hand,fixed
ransom,folb,folb,CVCC,fill,kept
rape,kusk,kusk,CVCC,fill,kept
rapid,wemp,wemp,CVCC,fill,kept
rare,rar,rar,CVC,hand,fixed
rat,dimp,dimp,CVCC,fill,kept
ratchet,vrap,vrap,CCVC,fill,kept
rate,bagz,bagz,CVCC,fill,fixed
rather,yis,yis,CVC,short,kept
ratio,djic,djic,CCVC,fill,kept
rattle,glun,glun,CCVC,fill,kept
raw,ral,ral,CVC,hand,fixed
ray,req,req,CVC,short,kept
reach,morz,morz,CVCC,fill,kept
read,rid,rid,CVC,hand,fixed
real,lam,lam,CVC,hand,fixed
realm,rum,rum,CVC,hand,fixed
rear,vegz,vegz,CVCC,fill,kept
reason,sog,sog,CVC,hand,fixed
rebel,yolk,yolk,CVCC,fill,kept
receipt,jolb,jolb,CVCC,fill,kept
receive,kab,kab,CVC,hand,fixed
recess,glon,glon,CCVC,fill,kept
recipe,jatx,jatx,CVCC,fill,kept
reciprocate,flod,flod,CCVC,fill,kept
reckless,runt,runt,CVCC,fill,kept
recognize,gort,gort,CVCC,fill,kept
recommend,seks,seks,CVCC,fill,kept
record,gop,gop,CVC,short,kept
recover,xust,xust,CVCC,fill,kept
recruit,gruz,gruz,CCVC,fill,kept
rectangle,baks,baks,CVCC,hand,fixed
red,gic,gic,CVC,hand,fixed
redeem,klux,klux,CCVC,fill,kept
reduce,dus,dus,CVC,hand,fixed
reed,xeps,xeps,CVCC,fill,kept
reel,djiv,djiv,CCVC,fill,kept
refer,judj,judj,CVCC,fill,kept
reference,raf,raf,CVC,hand,fixed
reflect,wotx,wotx,CVCC,fill,fixed
reflex,pled,pled,CCVC,fill,kept
refrain,txaj,txaj,CCVC,fill,kept
refuge,fuj,fuj,CVC,hand,fixed
refuse,pesk,pesk,CVCC,fill,kept
refute,frig,frig,CCVC,fill,kept
regard,jund,jund,CVCC,fill,kept
region,roqk,roqk,CVCC,fill,fixed
register,vups,vups,CVCC,fill,kept
regret,dugz,dugz,CVCC,fill,kept
regular,golb,golb,CVCC,fill,kept
regulate,vrez,vrez,CCVC,fill,kept
rehearse,ludj,ludj,CVCC,fill,kept
reign,djaf,djaf,CCVC,fill,kept
rein,vrem,vrem,CCVC,fill,kept
reject,djek,djek,CCVC,hand,fixed
relapse,skiv,skiv,CCVC,fill,kept
relation,wort,wort,CVCC,fill,fixed
relax,rep,rep,CVC,short,kept
release,garf,garf,CVCC,fill,fixed
relevant,yalt,yalt,CVCC,fill,kept
relief,hunt,hunt,CVCC,fill,kept
relieve,yalc,yalc,CVCC,fill,kept
religion,sump,sump,CVCC,fill,kept
reluctant,blad,blad,CCVC,fill,kept
rely,Cibz,Cibz,CVCC,fill,kept
remain,gugz,gugz,CVCC,fill,kept
remainder,smap,smap,CCVC,fill,kept
remedy,prod,prod,CCVC,fill,kept
remember,nat,nat,CVC,short,kept
remorse,djum,djum,CCVC,fill,kept
remote,sesk,sesk,CVCC,fill,kept
remove,pebz,pebz,CVCC,fill,kept
render,txon,txon,CCVC,fill,kept
renounce,klez,klez,CCVC,fill,kept
rent,gorb,gorb,CVCC,fill,kept
repair,xaft,xaft,CVCC,fill,kept
repeat,vav,vav,CVC,hand,fixed
repel,frid,frid,CCVC,fill,fixed
repent,blux,blux,CCVC,fill,kept
repetition,vruk,vruk,CCVC,fill,kept
replace,zend,zend,CVCC,fill,kept
replenish,flop,flop,CCVC,fill,kept
reply,lift,lift,CVCC,fill,kept
report,yak,yak,CVC,short,kept
represent,hagz,hagz,CVCC,fill,kept
reproduce,smet,smet,CCVC,fill,kept
reptile,tarz,tarz,CVCC,hand,fixed
reputation,tent,tent,CVCC,fill,kept
request,piq,piq,CVC,hand,fixed
require,fist,fist,CVCC,fill,kept
rescue,betx,betx,CVCC,fill,kept
research,gups,gups,CVCC,fill,kept
resemble,kleq,kleq,CCVC,fill,kept
resent,yesp,yesp,CVCC,fill,kept
reserve,Cips,Cips,CVCC,fill,kept
residue,drod,drod,CCVC,fill,kept
resist,zist,zist,CVCC,hand,fixed
resonate,raz,raz,CVC,hand,fixed
resource,klud,klud,CCVC,fill,kept
respect,spek,spek,CCVC,hand,fixed
respond,sedz,sedz,CVCC,fill,kept
response,paq,paq,CVC,hand,fixed
rest,zax,zax,CVC,short,fixed
restaurant,narg,narg,CVCC,fill,kept
restore,rorf,rorf,CVCC,fill,kept
restraint,bliq,bliq,CCVC,fill,kept
restrict,fleb,fleb,CCVC,fill,kept
result,xen,xen,CVC,hand,fixed
resume,yadj,yadj,CVCC,fill,kept
retain,pren,pren,CCVC,fill,kept
retaliate,snok,snok,CCVC,fill,kept
retard,wuks,wuks,CVCC,fill,kept
retire,forv,forv,CVCC,fill,kept
retrieve,worf,worf,CVCC,fill,kept
return,xuv,xuv,CVC,hand,fixed
reveal,vex,vex,CVC,hand,fixed
revenge,teft,teft,CVCC,fill,kept
revere,spag,spag,CCVC,fill,kept
review,hoqk,hoqk,CVCC,fill,kept
revise,skab,skab,CCVC,fill,kept
revive,trax,trax,CCVC,fill,kept
revoke,vroq,vroq,CCVC,fill,kept
revolve,vruz,vruz,CCVC,fill,kept
reward,kips,kips,CVCC,fill,kept
rhythm,raC,raC,CVC,hand,fixed
rib,yitx,yitx,CVCC,fill,kept
rice,harv,harv,CVCC,fill,kept
rich,rip,rip,CVC,hand,fixed
rid,momp,momp,CVCC,fill,kept
riddle,lugz,lugz,CVCC,fill,kept
ride,rab,rab,CVC,hand,fixed
ridge,Cedz,Cedz,CVCC,fill,kept
ridicule,txoc,txoc,CCVC,fill,kept
rifle,hudz,hudz,CVCC,fill,kept
rift,spox,spox,CCVC,fill,kept
rig,xalt,xalt,CVCC,fill,kept
right,pob,pob,CVC,hand,fixed
rigid,tram,tram,CCVC,fill,kept
rim,bloc,bloc,CCVC,fill,kept
ring,rop,rop,CVC,short,fixed
rinse,pred,pred,CCVC,fill,kept
riot,ciks,ciks,CVCC,fill,kept
rip,pump,pump,CVCC,fill,kept
ripe,woft,woft,CVCC,fill,kept
ripple,smat,smat,CCVC,fill,kept
rise,riz,riz,CVC,hand,fixed
risk,risk,risk,CVCC,hand,fixed
rite,smob,smob,CCVC,fill,kept
ritual,xadj,xadj,CVCC,fill,kept
rival,grag,grag,CCVC,fill,kept
river,narv,narv,CVCC,hand,fixed
road,yeb,yeb,CVC,short,kept
roam,glox,glox,CCVC,fill,kept
roar,wudz,wudz,CVCC,fill,kept
roast,forb,forb,CVCC,fill,kept
rob,borg,borg,CVCC,fill,kept
robot,vats,vats,CVCC,fill,kept
robust,vrov,vrov,CCVC,fill,kept
rock,rak,rak,CVC,hand,fixed
rocket,valp,valp,CVCC,fill,kept
rod,fits,fits,CVCC,fill,kept
rodent,truv,truv,CCVC,fill,kept
role,kigz,kigz,CVCC,fill,kept
roll,mald,mald,CVCC,fill,kept
romance,hemp,hemp,CVCC,fill,kept
room,tif,tif,CVC,short,kept
roost,skag,skag,CCVC,fill,kept
root,febz,febz,CVCC,fill,kept
rope,bolk,bolk,CVCC,fill,kept
rose,roz,roz,CVC,hand,fixed
rot,jamp,jamp,CVCC,fill,kept
rotate,txub,txub,CCVC,fill,kept
rough,gabz,gabz,CVCC,fill,kept
round,maps,maps,CVCC,fill,kept
route,peqk,peqk,CVCC,fill,kept
routine,pusp,pusp,CVCC,fill,kept
row,grum,grum,CCVC,hand,fixed
rowdy,stix,stix,CCVC,fill,kept
royal,bord,bord,CVCC,fill,kept
rub,gruv,gruv,CCVC,hand,fixed
rude,buks,buks,CVCC,fill,kept
rug,feks,feks,CVCC,fill,kept
ruin,darv,darv,CVCC,fill,kept
rule,nesk,nesk,CVCC,fill,fixed
rumble,drun,drun,CCVC,fill,kept
rumor,fetx,fetx,CVCC,fill,kept
run,rin,rin,CVC,hand,fixed
rupture,snaj,snaj,CCVC,fill,kept
rush,dift,dift,CVCC,fill,kept
rust,blom,blom,CCVC,fill,kept
sac,snaz,snaz,CCVC,fill,kept
sacred,sebz,sebz,CVCC,fill,kept
sacrifice,kiks,kiks,CVCC,fill,kept
sad,stud,stud,CCVC,hand,fixed
saddle,jend,jend,CVCC,fill,kept
safe,stef,stef,CCVC,hand,fixed
sag,vrig,vrig,CCVC,fill,kept
sail,fras,fras,CCVC,hand,fixed
salad,kadj,kadj,CVCC,fill,kept
saliva,brix,brix,CCVC,fill,kept
salt,tigz,tigz,CVCC,fill,fixed
same,nob,nob,CVC,short,fixed
sample,hund,hund,CVCC,fill,kept
sanctuary,wegz,wegz,CVCC,fill,kept
sand,sand,sand,CVCC,hand,fixed
sandwich,buft,buft,CVCC,fill,kept
sane,yoqk,yoqk,CVCC,fill,kept
sanitary,skat,skat,CCVC,fill,kept
sap,glom,glom,CCVC,fill,kept
sarcasm,drep,drep,CCVC,fill,kept
sarcastic,braf,braf,CCVC,fill,kept
satire,freq,freq,CCVC,fill,kept
satisfaction,Catx,Catx,CVCC,fill,kept
satisfy,yarz,yarz,CVCC,fill,kept
saturate,txor,txor,CCVC,hand,fixed
sauce,hist,hist,CVCC,fill,kept
sausage,jedj,jedj,CVCC,fill,kept
save,sev,sev,CVC,hand,fixed
saw,tax,tax,CVC,short,kept
say,nib,nib,CVC,short,kept
scale,skal,skal,CCVC,hand,fixed
scalp,grug,grug,CCVC,fill,kept
scan,xibz,xibz,CVCC,fill,kept
scandal,xugz,xugz,CVCC,fill,kept
scar,xoks,xoks,CVCC,fill,kept
scarce,kleg,kleg,CCVC,fill,kept
scare,skur,skur,CCVC,hand,fixed
scarf,larb,larb,CVCC,fill,kept
scatter,blup,blup,CCVC,fill,kept
scene,midz,midz,CVCC,fill,kept
scent,yind,yind,CVCC,fill,kept
schedule,damp,damp,CVCC,fill,kept
scheme,skum,skum,CCVC,hand,fixed
scholar,glin,glin,CCVC,fill,kept
school,skul,skul,CCVC,hand,fixed
science,gask,gask,CVCC,fill,kept
scold,snec,snec,CCVC,fill,kept
scoop,skup,skup,CCVC,hand,fixed
scope,kop,kop,CVC,hand,fixed
score,skor,skor,CCVC,hand,fixed
scorn,spem,spem,CCVC,fill,kept
scorpion,brin,brin,CCVC,fill,kept
scrap,wift,wift,CVCC,fill,kept
scrape,work,work,CVCC,fill,kept
scratch,tadj,tadj,CVCC,fill,kept
screech,carb,carb,CVCC,fill,kept
screen,boft,boft,CVCC,fill,fixed
screw,gadj,gadj,CVCC,fill,kept
script,tiqk,tiqk,CVCC,fill,kept
scroll,plez,plez,CCVC,fill,kept
scrub,carv,carv,CVCC,fill,kept
sculpture,djom,djom,CCVC,fill,kept
sea,malc,malc,CVCC,fill,kept
seal,hobz,hobz,CVCC,fill,kept
seam,frev,frev,CCVC,fill,kept
search,nesp,nesp,CVCC,fill,kept
season,dist,dist,CVCC,fill,kept
secret,kret,kret,CCVC,hand,fixed
sect,vrak,vrak,CCVC,fill,kept
sector,Ceks,Ceks,CVCC,fill,kept
secure,barf,barf,CVCC,fill,kept
seductive,vran,vran,CCVC,fill,kept
see,vis,vis,CVC,hand,fixed
seed,sid,sid,CVC,hand,fixed
seek,sik,sik,CVC,hand,fixed
seem,fop,fop,CVC,short,kept
segment,txof,txof,CCVC,fill,kept
seize,lidj,lidj,CVCC,fill,kept
select,glep,glep,CCVC,fill,fixed
self,dep,dep,CVC,short,fixed
sell,rok,rok,CVC,short,kept
semen,wusp,wusp,CVCC,fill,kept
seminar,wond,wond,CVCC,fill,kept
send,bak,bak,CVC,hand,fixed
sensation,ruft,ruft,CVCC,fill,kept
sense,zox,zox,CVC,hand,fixed
sensitive,buqk,buqk,CVCC,fill,kept
separate,nub,nub,CVC,hand,fixed
sequence,xorg,xorg,CVCC,fill,fixed
serene,snuq,snuq,CCVC,fill,kept
serial,volb,volb,CVCC,fill,kept
series,polv,polv,CVCC,fill,kept
serious,fev,fev,CVC,short,kept
serum,graf,graf,CCVC,fill,kept
serve,gamp,gamp,CVCC,fill,kept
service,weg,weg,CVC,short,kept
session,zedz,zedz,CVCC,fill,kept
set,gen,gen,CVC,short,kept
settle,vret,vret,CCVC,hand,fixed
seven,xab,xab,CVC,hand,fixed
several,geps,geps,CVCC,fill,kept
severe,xips,xips,CVCC,fill,kept
sew,yodz,yodz,CVCC,fill,kept
sewage,spib,spib,CCVC,fill,kept
sex,fed,fed,CVC,short,kept
sexual,gudz,gudz,CVCC,fill,kept
shack,yarg,yarg,CVCC,fill,kept
shade,yimp,yimp,CVCC,fill,kept
shadow,pets,pets,CVCC,fill,fixed
shaft,jand,jand,CVCC,fill,kept
shake,gemp,gemp,CVCC,fill,kept
shallow,dop,dop,CVC,short,kept
shame,gint,gint,CVCC,fill,kept
shape,deps,deps,CVCC,fill,kept
shard,vraz,vraz,CCVC,fill,kept
share,xal,xal,CVC,hand,fixed
shark,half,half,CVCC,fill,kept
sharp,bont,bont,CVCC,fill,kept
shatter,smuj,smuj,CCVC,fill,kept
shaving,yegz,yegz,CVCC,fill,kept
she,mom,mom,CVC,short,kept
sheath,flof,flof,CCVC,fill,kept
shed,vuts,vuts,CVCC,fill,kept
sheep,zigz,zigz,CVCC,fill,kept
sheet,vodj,marz,CVCC,fill,moved
shelf,Cabz,Cabz,CVCC,fill,kept
shell,txal,txal,CCVC,hand,fixed
shelter,vond,vond,CVCC,fill,kept
shh,mund,mund,CVCC,fill,kept
shield,xolc,xolc,CVCC,fill,kept
shift,xift,xift,CVCC,hand,fixed
shin,djop,djop,CCVC,fill,kept
shine,palb,palb,CVCC,fill,fixed
shiny,jegz,jegz,CVCC,fill,kept
ship,xup,xup,CVC,hand,fixed
shirt,nard,nard,CVCC,fill,kept
shit,txet,txet,CCVC,hand,fixed
shock,dard,dard,CVCC,fill,kept
shoe,debz,debz,CVCC,fill,kept
shoot,fig,fig,CVC,short,kept
shop,mubz,mubz,CVCC,fill,kept
shore,pups,pups,CVCC,fill,kept
short,let,let,CVC,short,kept
shoulder,bidz,xisp,CVCC,fill,moved
shout,xut,xut,CVC,hand,fixed
show,xol,xol,CVC,hand,fixed
shred,djux,djux,CCVC,fill,kept
shrimp,xarv,xarv,CVCC,fill,kept
shrine,djut,djut,CCVC,fill,kept
shrink,vorv,vorv,CVCC,fill,kept
shun,flaz,flaz,CCVC,fill,kept
shut,ses,ses,CVC,short,kept
shy,tubz,tubz,CVCC,fill,kept
sibling,tat,tat,CVC,hand,fixed
sick,vuf,vuf,CVC,short,kept
side,sard,sard,CVCC,hand,fixed
siege,pliq,pliq,CCVC,fill,kept
sign,saqk,saqk,CVCC,hand,fixed
signal,tet,tet,CVC,hand,fixed
signature,vadz,vadz,CVCC,fill,kept
silence,beks,beks,CVCC,fill,fixed
silent,borf,borf,CVCC,fill,kept
silicon,kled,kled,CCVC,fill,kept
silk,ford,ford,CVCC,fill,kept
silver,sav,sav,CVC,hand,fixed
similar,subz,subz,CVCC,fill,kept
simple,briz,briz,CCVC,hand,fixed
simulate,liq,liq,CVC,hand,fixed
simultaneous,fliz,fliz,CCVC,fill,kept
sin,von,von,CVC,hand,fixed
since,kev,kev,CVC,short,kept
sincere,cuft,cuft,CVCC,fill,kept
sing,rem,rem,CVC,short,kept
single,misk,misk,CVCC,fill,kept
singular,snob,snob,CCVC,fill,kept
sink,kabz,kabz,CVCC,fill,fixed
sip,rabz,rabz,CVCC,fill,kept
sister,vez,vez,CVC,short,kept
sit,kef,kef,CVC,short,kept
site,teqk,teqk,CVCC,fill,kept
situation,wik,wik,CVC,short,kept
six,vip,vip,CVC,hand,fixed
size,gux,gux,CVC,short,fixed
sizzle,frab,frab,CCVC,fill,kept
skeleton,radj,radj,CVCC,fill,kept
skeptical,smoq,smoq,CCVC,fill,kept
skill,jips,jips,CVCC,fill,kept
skin,skin,skin,CCVC,hand,fixed
skip,skap,skap,CCVC,hand,fixed
skirt,falc,falc,CVCC,fill,kept
skull,horf,horf,CVCC,fill,kept
sky,xum,xum,CVC,hand,fixed
slab,tron,tron,CCVC,fill,kept
slack,yips,yips,CVCC,fill,kept
slam,yebz,yebz,CVCC,fill,kept
slander,snoj,snoj,CCVC,fill,kept
slant,spet,spet,CCVC,fill,kept
slave,tudz,tudz,CVCC,fill,kept
sled,driq,driq,CCVC,fill,kept
sleep,slip,slip,CCVC,hand,fixed
sleeve,yald,yald,CVCC,fill,kept
slender,vrat,vrat,CCVC,fill,kept
slice,xogz,koqk,CVCC,fill,moved
slide,slad,slad,CCVC,hand,fixed
slight,slet,slet,CCVC,hand,fixed
slim,valb,valb,CVCC,fill,kept
slip,bift,bift,CVCC,fill,kept
slippery,wibz,wibz,CVCC,fill,kept
slit,gran,gran,CCVC,fill,kept
slogan,blaz,blaz,CCVC,fill,kept
slope,slop,slop,CCVC,hand,fixed
slot,yodj,yodj,CVCC,fill,kept
sloth,smox,smox,CCVC,fill,kept
slough,friv,friv,CCVC,fill,kept
slow,slom,slom,CCVC,hand,fixed
slug,slog,slog,CCVC,hand,fixed
sly,druf,druf,CCVC,fill,kept
small,smal,smal,CCVC,hand,fixed
smart,rez,rez,CVC,short,fixed
smash,smax,smax,CCVC,hand,fixed
smear,plof,plof,CCVC,fill,kept
smell,lug,hij,CVC,short,moved
smile,smul,smul,CCVC,hand,fixed
smoke,smok,smok,CCVC,hand,fixed
smooth,kind,kind,CVCC,fill,kept
smuggle,txob,txob,CCVC,fill,kept
smut,sniv,sniv,CCVC,fill,kept
snack,xegz,xegz,CVCC,fill,kept
snail,kran,kran,CCVC,fill,kept
snake,his,his,CVC,hand,fixed
snap,snap,snap,CCVC,hand,fixed
snare,vrev,vrev,CCVC,fill,kept
snatch,grin,grin,CCVC,fill,kept
sneak,snik,snik,CCVC,hand,fixed
sneeze,txun,txun,CCVC,hand,fixed
sniff,snif,snif,CCVC,hand,fixed
snob,plox,plox,CCVC,fill,kept
snoop,blav,blav,CCVC,fill,kept
snort,spen,spen,CCVC,fill,kept
snot,txix,txix,CCVC,fill,kept
snout,skod,skod,CCVC,fill,kept
snow,snom,snom,CCVC,hand,fixed
snug,smum,smum,CCVC,fill,kept
so,bol,bol,CVC,short,kept
soak,glog,glog,CCVC,fill,kept
soap,haqk,haqk,CVCC,fill,kept
sober,falk,falk,CVCC,fill,kept
social,gund,gund,CVCC,fill,kept
society,xark,xark,CVCC,hand,fixed
socket,smiz,smiz,CCVC,fill,kept
soda,puft,puft,CVCC,fill,kept
sodium,blov,blov,CCVC,fill,kept
soft,saft,saft,CVCC,hand,fixed
soil,rit,rit,CVC,hand,fixed
sole,yuft,yuft,CVCC,fill,kept
solemn,ploz,ploz,CCVC,fill,kept
solid,sold,sold,CVCC,hand,fixed
solo,xond,xond,CVCC,fill,kept
solution,hibz,hibz,CVCC,fill,fixed
solve,wiz,wiz,CVC,hand,fixed
some,nin,nin,CVC,short,kept
son,tav,tav,CVC,short,kept
soon,slun,slun,CCVC,hand,fixed
soot,spum,spum,CCVC,fill,kept
soothe,snaf,snaf,CCVC,fill,kept
sorcery,fref,fref,CCVC,fill,kept
sore,halb,halb,CVCC,fill,kept
sorrow,Coft,Coft,CVCC,fill,kept
sorry,peg,peg,CVC,short,kept
sort,yev,yev,CVC,hand,fixed
soul,sol,sol,CVC,hand,fixed
sound,sam,sam,CVC,hand,fixed
soup,beft,beft,CVCC,fill,kept
sour,yedz,yedz,CVCC,fill,kept
source,mab,mab,CVC,hand,fixed
south,lut,lut,CVC,hand,fixed
space,pas,pas,CVC,hand,fixed
spade,prov,prov,CCVC,fill,kept
span,txop,txop,CCVC,fill,fixed
spar,vrof,vrof,CCVC,fill,kept
spare,degz,degz,CVCC,fill,kept
spark,cadj,Camp,CVCC,fill,moved
sparkle,klab,klab,CCVC,fill,fixed
sparrow,brax,brax,CCVC,fill,kept
spasm,spav,spav,CCVC,fill,kept
spawn,troz,troz,CCVC,fill,kept
speak,vik,vik,CVC,short,kept
spear,lunt,lunt,CVCC,fill,kept
spec,cok,cok,CVC,hand,fixed
special,fez,fez,CVC,short,kept
species,sudj,sudj,CVCC,fill,kept
specific,kisk,kisk,CVCC,fill,fixed
speck,tren,tren,CCVC,fill,kept
spectrum,trom,trom,CCVC,hand,fixed
speed,gidj,gidj,CVCC,fill,kept
spell,gark,gark,CVCC,fill,kept
spend,rob,rob,CVC,short,kept
sperm,carg,carg,CVCC,fill,kept
sphere,bloq,bloq,CCVC,fill,kept
sphincter,spad,spad,CCVC,fill,kept
spice,spas,spas,CCVC,hand,fixed
spider,falp,falp,CVCC,fill,kept
spike,spak,spak,CCVC,hand,fixed
spill,xops,xops,CVCC,fill,kept
spin,spin,spin,CCVC,hand,fixed
spine,span,span,CCVC,hand,fixed
spiral,kriv,kriv,CCVC,fill,kept
spirit,jan,jan,CVC,hand,fixed
spit,spit,spit,CCVC,hand,fixed
spite,jabz,jabz,CVCC,fill,kept
splash,wodj,wodj,CVCC,fill,kept
spleen,bruv,bruv,CCVC,fill,kept
splendid,voqk,voqk,CVCC,fill,kept
splendor,spiq,spiq,CCVC,fill,kept
split,dit,dit,CVC,short,kept
spoil,vogz,vogz,CVCC,fill,kept
spoke,gets,gets,CVCC,fill,kept
sponge,Cugz,Cugz,CVCC,fill,kept
sponsor,yolp,yolp,CVCC,fill,kept
spontaneous,woks,woks,CVCC,fill,kept
spool,flam,flam,CCVC,fill,kept
spoon,jadj,jadj,CVCC,fill,kept
sport,pudj,pudj,CVCC,fill,kept
spot,mals,mals,CVCC,fill,kept
spouse,txuj,txuj,CCVC,fill,kept
spout,stib,stib,CCVC,fill,kept
spray,fudj,fudj,CVCC,fill,kept
spread,dend,dend,CVCC,fill,kept
spring,demp,demp,CVCC,fill,kept
sprout,sked,sked,CCVC,fill,kept
spur,smug,smug,CCVC,fill,kept
spy,pund,pund,CVCC,fill,kept
square,skar,skar,CCVC,hand,fixed
squash,skax,skax,CCVC,hand,fixed
squat,djec,djec,CCVC,fill,kept
squeak,priv,priv,CCVC,fill,kept
squeeze,harg,harg,CVCC,fill,kept
squirm,skuv,skuv,CCVC,fill,kept
squish,stiq,stiq,CCVC,fill,kept
stab,stab,stab,CCVC,hand,fixed
stability,krav,krav,CCVC,fill,kept
stabilize,smaj,smaj,CCVC,fill,kept
stable,tab,tab,CVC,hand,fixed
stack,dog,dog,CVC,short,kept
staff,ditx,ditx,CVCC,fill,kept
stage,nalv,nalv,CVCC,fill,kept
stain,sten,sten,CCVC,hand,fixed
stair,sned,sned,CCVC,fill,kept
stake,kond,kond,CVCC,fill,kept
stale,driz,driz,CCVC,fill,kept
stalk,klep,klep,CCVC,fill,kept
stall,stal,stal,CCVC,hand,fixed
stamina,smic,smic,CCVC,fill,kept
stamp,yidj,yidj,CVCC,fill,kept
stance,trim,trim,CCVC,fill,kept
stand,zes,zes,CVC,short,kept
standard,tugz,tugz,CVCC,fill,kept
star,star,star,CCVC,hand,fixed
starch,sneb,sneb,CCVC,fill,kept
stare,fomp,fomp,CVCC,fill,kept
start,vig,vig,CVC,hand,fixed
stash,ralv,ralv,CVCC,fill,kept
state,dom,dom,CVC,hand,fixed
statue,fend,fend,CVCC,fill,kept
status,stet,stet,CCVC,hand,fixed
steady,bolp,bolp,CVCC,fill,kept
steal,muks,muks,CVCC,fill,kept
steam,stim,stim,CCVC,hand,fixed
steep,bluq,bluq,CCVC,fill,kept
steer,cudj,cudj,CVCC,fill,kept
stem,plef,plef,CCVC,fill,kept
step,tip,tip,CVC,hand,fixed
sterile,plov,plov,CCVC,fill,kept
stew,cend,cend,CVCC,fill,kept
steward,drob,drob,CCVC,fill,kept
stick,reb,reb,CVC,short,fixed
stiff,fatx,fatx,CVCC,fill,kept
still,pon,pon,CVC,short,fixed
stimulus,floz,floz,CCVC,fill,kept
sting,Camp,cadj,CVCC,fill,moved
stink,zaqk,zaqk,CVCC,fill,kept
stir,yiks,yiks,CVCC,fill,kept
stitch,jodj,jodj,CVCC,fill,kept
stock,beps,beps,CVCC,fill,kept
stomach,stok,stok,CCVC,hand,fixed
stone,ston,ston,CCVC,hand,fixed
stool,glad,glad,CCVC,fill,kept
stop,nef,nef,CVC,short,fixed
storage,stoj,stoj,CCVC,hand,fixed
store,sut,sut,CVC,hand,fixed
storm,deqk,deqk,CVCC,fill,kept
story,zam,zam,CVC,short,kept
stout,stig,stig,CCVC,fill,kept
straight,ric,ric,CVC,hand,fixed
strain,Cegz,Cegz,CVCC,fill,kept
strand,tran,tran,CCVC,fill,kept
strange,leq,leq,CVC,short,kept
stranger,duts,duts,CVCC,fill,kept
strap,regz,regz,CVCC,fill,kept
strategy,xidz,xidz,CVCC,fill,kept
straw,caft,caft,CVCC,fill,kept
stray,yuqk,yuqk,CVCC,fill,kept
streak,yets,yets,CVCC,fill,kept
stream,xuts,xuts,CVCC,fill,kept
street,fef,fef,CVC,short,kept
stress,hisp,hisp,CVCC,fill,kept
stretch,hump,hump,CVCC,fill,kept
strict,Cand,Cand,CVCC,fill,kept
strike,nalc,nalc,CVCC,fill,kept
string,des,des,CVC,short,kept
strip,hits,hits,CVCC,fill,kept
stripe,smog,smog,CCVC,fill,kept
strive,snag,snag,CCVC,fill,kept
stroke,zarg,zarg,CVCC,fill,kept
stroll,worb,worb,CVCC,fill,kept
strong,liv,liv,CVC,short,fixed
structure,tok,tok,CVC,hand,fixed
struggle,zitx,zitx,CVCC,fill,kept
strut,smeg,smeg,CCVC,fill,kept
stubborn,fint,fint,CVCC,fill,kept
stuck,mabz,mabz,CVCC,fill,kept
stud,Carb,Carb,CVCC,fill,kept
student,nund,nund,CVCC,fill,kept
study,nedz,nedz,CVCC,fill,kept
stuff,staf,staf,CCVC,hand,fixed
stumble,txoC,txoC,CCVC,fill,kept
stump,blub,blub,CCVC,fill,kept
stupid,stup,stup,CCVC,hand,fixed
style,deks,deks,CVCC,fill,kept
subject,garg,garg,CVCC,fill,kept
sublime,smoj,smoj,CCVC,fill,kept
submit,yont,yont,CVCC,fill,kept
subscribe,skad,skad,CCVC,fill,kept
substance,Cisp,Cisp,CVCC,fill,kept
substitute,lomp,lomp,CVCC,fill,kept
subtle,Carf,Carf,CVCC,fill,kept
subtract,xul,xul,CVC,hand,fixed
succeed,xigz,xigz,CVCC,fill,kept
success,ref,ref,CVC,hand,fixed
such,satx,satx,CVCC,hand,fixed
suck,gotx,gotx,CVCC,fill,kept
sudden,golz,jift,CVCC,fill,moved
sue,dabz,dabz,CVCC,fill,kept
suffer,bugz,bugz,CVCC,fill,kept
sugar,gand,gand,CVCC,fill,kept
suggest,geqk,geqk,CVCC,fill,kept
suit,mesp,mesp,CVCC,fill,kept
sulfur,spiz,spiz,CCVC,fill,kept
sum,fabz,fabz,CVCC,fill,kept
summer,won,won,CVC,short,kept
summit,gluf,gluf,CCVC,fill,kept
summon,greg,greg,CCVC,fill,kept
sun,san,san,CVC,hand,fixed
sunrise,cump,cump,CVCC,fill,kept
sunset,fant,fant,CVCC,fill,kept
superior,zond,zond,CVCC,fill,kept
supervise,txud,txud,CCVC,fill,kept
supply,toqk,toqk,CVCC,fill,kept
support,nisk,nisk,CVCC,fill,kept
suppose,fuv,fuv,CVC,short,kept
suppress,smaz,smaz,CCVC,fill,kept
sure,xort,xort,CVCC,hand,fixed
surf,sar,sar,CVC,hand,fixed
surface,sorf,sorf,CVCC,hand,fixed
surge,troq,troq,CCVC,fill,kept
surgery,digz,digz,CVCC,fill,kept
surplus,txaC,txaC,CCVC,fill,kept
surprise,lib,lib,CVC,short,kept
surrender,hegz,hegz,CVCC,fill,kept
surround,djov,djov,CCVC,fill,kept
survive,detx,detx,CVCC,fill,kept
suspect,norf,norf,CVCC,fill,kept
suspend,drom,drom,CCVC,fill,kept
suspicion,juft,juft,CVCC,fill,kept
sustain,druv,druv,CCVC,fill,kept
swallow,vimp,vimp,CVCC,fill,kept
swamp,xest,xest,CVCC,fill,fixed
swap,solp,solp,CVCC,hand,fixed
swarm,sneC,sneC,CCVC,fill,kept
sway,blem,blem,CCVC,fill,kept
swear,lis,lis,CVC,short,kept
sweat,pimp,pimp,CVCC,fill,kept
sweep,fusk,fusk,CVCC,fill,kept
sweet,skit,skit,CCVC,hand,fixed
swell,parb,parb,CVCC,fill,kept
swift,greb,greb,CCVC,fill,kept
swim,wum,wum,CVC,hand,fixed
swing,slid,slid,CCVC,hand,fixed
swirl,skeb,skeb,CCVC,fill,kept
switch,doqk,doqk,CVCC,fill,kept
sword,bibz,bibz,CVCC,fill,kept
symbol,mar,mar,CVC,hand,fixed
symmetry,matx,matx,CVCC,hand,fixed
sympathy,xorz,xorz,CVCC,fill,kept
symptom,trix,trix,CCVC,fill,kept
sync,gin,gin,CVC,hand,fixed
system,wux,wux,CVC,hand,fixed
table,gam,gam,CVC,short,kept
tablet,smak,smak,CCVC,fill,kept
taboo,snux,snux,CCVC,fill,kept
tack,txem,txem,CCVC,fill,kept
tact,spoq,spoq,CCVC,fill,kept
tag,sorv,sorv,CVCC,fill,kept
tail,tad,tad,CVC,hand,fixed
take,tek,tek,CVC,hand,fixed
tale,varb,varb,CVCC,fill,kept
talent,bits,bits,CVCC,fill,kept
talk,tak,tak,CVC,hand,fixed
tall,tals,tals,CVCC,hand,fixed
talon,spog,spog,CCVC,fill,kept
tan,xals,xals,CVCC,fill,kept
tang,plab,plab,CCVC,fill,kept
tangle,spuv,spuv,CCVC,fill,kept
tap,hoft,hoft,CVCC,fill,kept
tape,meks,meks,CVCC,fill,kept
tar,djad,djad,CCVC,fill,kept
target,bim,bim,CVC,hand,fixed
task,tos,tos,CVC,hand,fixed
taste,test,test,CVCC,hand,fixed
tattoo,varv,varv,CVCC,fill,kept
tax,hubz,hubz,CVCC,fill,kept
tea,mosp,mosp,CVCC,fill,kept
teach,titx,titx,CVCC,hand,fixed
team,tim,tim,CVC,hand,fixed
tear,dups,dups,CVCC,fill,kept
tease,yant,yant,CVCC,fill,kept
teen,txin,txin,CCVC,hand,fixed
television,gold,gold,CVCC,fill,kept
tell,tal,tal,CVC,hand,fixed
temper,vosp,vosp,CVCC,fill,kept
temperature,tamp,tamp,CVCC,hand,fixed
tempo,klam,klam,CCVC,fill,kept
temporary,zarb,zarb,CVCC,fill,kept
tempt,blix,blix,CCVC,fill,kept
ten,feC,feC,CVC,short,fixed
tend,vagz,vagz,CVCC,fill,kept
tendency,drug,drug,CCVC,fill,kept
tense,farb,farb,CVCC,fill,kept
tension,xalf,xalf,CVCC,fill,kept
tent,kedz,kedz,CVCC,fill,kept
term,tod,tod,CVC,hand,fixed
terror,xesp,xesp,CVCC,fill,kept
tesla,skuq,skuq,CCVC,fill,kept
test,tas,tas,CVC,hand,fixed
text,tox,tox,CVC,hand,fixed
texture,kloq,kloq,CCVC,fill,kept
than,pos,pos,CVC,short,kept
thank,cak,cak,CVC,hand,fixed
that,mip,mip,CVC,short,fixed
thaw,smiv,smiv,CCVC,fill,kept
the,dan,dan,CVC,hand,fixed
theater,balz,balz,CVCC,fill,kept
theme,somp,somp,CVCC,fill,kept
then,cam,cam,CVC,hand,fixed
theory,ledj,ledj,CVCC,hand,fixed
therapy,tund,tund,CVCC,fill,kept
there,max,max,CVC,short,fixed
therefore,sliC,sliC,CCVC,hand,fixed
these,pez,pez,CVC,short,kept
thick,sesp,sesp,CVCC,fill,kept
thief,bald,bald,CVCC,fill,kept
thigh,grom,grom,CCVC,fill,kept
thin,porv,porv,CVCC,fill,kept
thing,niv,niv,CVC,short,fixed
think,ciqk,ciqk,CVCC,hand,fixed
thirst,host,host,CVCC,hand,fixed
this,rug,rug,CVC,hand,fixed
thorn,rarg,rarg,CVCC,fill,kept
thorough,lagz,lagz,CVCC,fill,kept
those,pog,pog,CVC,short,kept
though,vep,vep,CVC,short,kept
thousand,metx,metx,CVCC,fill,kept
thread,rent,rent,CVCC,fill,kept
threat,parv,parv,CVCC,fill,kept
three,suC,suC,CVC,hand,fixed
threshold,droq,droq,CCVC,fill,fixed
thrive,kruz,kruz,CCVC,fill,kept
throat,galk,galk,CVCC,fill,kept
through,pup,huj,CVC,short,moved
throw,jet,jet,CVC,hand,fixed
thrust,grix,grix,CCVC,fill,kept
thumb,vals,vals,CVCC,fill,kept
thunder,zegz,zegz,CVCC,fill,fixed
thus,Cas,Cas,CVC,hand,fixed
tick,Cigz,Cigz,CVCC,fill,kept
ticket,nomp,nomp,CVCC,fill,kept
tickle,leqk,leqk,CVCC,fill,kept
tide,juqk,juqk,CVCC,fill,kept
tie,notx,notx,CVCC,fill,kept
tight,trat,trat,CCVC,hand,fixed
tile,txiv,txiv,CCVC,fill,kept
till,vut,vut,CVC,short,kept
tilt,plav,plav,CCVC,fill,kept
timber,blaf,blaf,CCVC,fill,kept
time,kal,kal,CVC,hand,fixed
tin,xalb,xalb,CVCC,fill,kept
tiny,dibz,dibz,CVCC,fill,kept
tip,dorv,dorv,CVCC,fill,kept
tire,vetx,vetx,CVCC,fill,kept
tissue,txum,txum,CCVC,hand,fixed
title,tump,tump,CVCC,fill,kept
to,mib,mib,CVC,short,kept
toast,golv,golv,CVCC,fill,kept
tobacco,Cadj,Cadj,CVCC,fill,kept
today,taz,taz,CVC,short,kept
toe,vint,mudz,CVCC,fill,moved
together,tug,tug,CVC,short,kept
toil,staq,staq,CCVC,fill,kept
toilet,daft,daft,CVCC,fill,kept
token,wugz,wugz,CVCC,fill,kept
tolerate,Calb,Calb,CVCC,fill,kept
toll,glub,glub,CCVC,fill,kept
tomb,yart,yart,CVCC,fill,kept
tomorrow,kif,kif,CVC,short,kept
ton,jomp,jomp,CVCC,fill,kept
tone,kup,kup,CVC,hand,fixed
tongue,taq,taq,CVC,hand,fixed
too,gal,gal,CVC,hand,fixed
tool,tul,tul,CVC,hand,fixed
tooth,cutx,cutx,CVCC,hand,fixed
top,suk,suk,CVC,hand,fixed
tornado,bliv,bliv,CCVC,fill,kept
torso,trog,trog,CCVC,fill,kept
toss,vets,vets,CVCC,fill,kept
total,gaqk,gaqk,CVCC,fill,kept
touch,tatx,tatx,CVCC,hand,fixed
tough,rut,rut,CVC,short,kept
tour,dedz,dedz,CVCC,fill,kept
tow,yeps,yeps,CVCC,fill,kept
town,suz,suz,CVC,short,kept
toxic,rugz,rugz,CVCC,fill,kept
toy,taqk,taqk,CVCC,hand,fixed
trace,tres,tres,CCVC,hand,fixed
track,molv,molv,CVCC,fill,kept
tract,smud,smud,CCVC,fill,kept
trade,tred,tred,CCVC,hand,fixed
traffic,darf,darf,CVCC,fill,kept
trail,tegz,tegz,CVCC,fill,kept
train,rax,rax,CVC,short,kept
trait,tret,tret,CCVC,hand,fixed
trajectory,trod,trod,CCVC,fill,kept
trample,vrid,vrid,CCVC,fill,kept
trance,rind,rind,CVCC,fill,kept
transfer,palf,palf,CVCC,fill,kept
transform,plob,plob,CCVC,fill,kept
transit,djet,djet,CCVC,fill,kept
transition,Con,Con,CVC,hand,fixed
translate,litx,litx,CVCC,fill,kept
transmit,dret,dret,CCVC,fill,kept
transparent,truf,truf,CCVC,fill,kept
trap,trap,trap,CCVC,hand,fixed
trash,budz,budz,CVCC,fill,kept
trauma,kaqk,kaqk,CVCC,fill,kept
travel,gunt,gunt,CVCC,fill,kept
traverse,vrav,vrav,CCVC,fill,kept
tread,plip,plip,CCVC,fill,kept
treasure,trij,trij,CCVC,hand,fixed
treat,nidz,nidz,CVCC,fill,kept
tree,dip,dip,CVC,hand,fixed
tremble,plex,plex,CCVC,fill,kept
tremor,vrim,vrim,CCVC,fill,kept
trench,djod,djod,CCVC,fill,kept
trend,txef,txef,CCVC,fill,kept
trespass,smub,smub,CCVC,fill,kept
triangle,traq,traq,CCVC,hand,fixed
tribe,trab,trab,CCVC,hand,fixed
tribute,ridj,ridj,CVCC,fill,kept
trick,trik,trik,CCVC,hand,fixed
trigger,kaft,kaft,CVCC,fill,kept
trillion,stem,stem,CCVC,fill,kept
trim,wesp,wesp,CVCC,fill,kept
trinket,vrop,vrop,CCVC,fill,kept
trip,wif,wif,CVC,short,kept
troop,yedj,yedj,CVCC,fill,kept
tropical,djeb,djeb,CCVC,fill,kept
trouble,zez,zez,CVC,short,kept
truce,wedz,wedz,CVCC,fill,kept
true,nuf,nuf,CVC,short,fixed
trumpet,wolb,wolb,CVCC,fill,kept
trunk,timp,timp,CVCC,fill,kept
trust,vef,vef,CVC,short,kept
try,zok,zok,CVC,hand,fixed
tub,viqk,viqk,CVCC,fill,kept
tube,tub,tub,CVC,hand,fixed
tuck,jidz,jidz,CVCC,fill,kept
tug,drok,drok,CCVC,fill,kept
tumble,smez,smez,CCVC,fill,kept
tumor,redz,redz,CVCC,fill,kept
tuna,jint,jint,CVCC,fill,kept
tune,kip,kip,CVC,hand,fixed
tunnel,kisp,kisp,CVCC,fill,kept
turkey,bolf,bolf,CVCC,fill,kept
turn,kak,kak,CVC,short,fixed
turtle,kagz,kagz,CVCC,fill,kept
tutor,lotx,lotx,CVCC,fill,kept
twelve,mop,mop,CVC,hand,fixed
twin,feps,feps,CVCC,fill,kept
twirl,snad,snad,CCVC,fill,kept
twist,vits,vits,CVCC,fill,kept
twitch,txim,txim,CCVC,fill,kept
two,dob,dob,CVC,hand,fixed
type,tuq,tuq,CVC,hand,fixed
typical,visp,visp,CVCC,fill,kept
ugh,husk,husk,CVCC,fill,kept
ugly,nuks,nuks,CVCC,fill,kept
uh,huq,huq,CVC,hand,fixed
ulcer,blig,blig,CCVC,fill,kept
ultimate,xeks,xeks,CVCC,fill,kept
umbrella,jond,jond,CVCC,fill,kept
uncertain,preq,preq,CCVC,fill,fixed
under,bet,bet,CVC,hand,fixed
undergo,skux,skux,CCVC,fill,kept
understand,das,das,CVC,hand,fixed
undo,wend,wend,CVCC,fill,kept
uniform,badj,badj,CVCC,fill,kept
union,piqk,piqk,CVCC,fill,fixed
unique,sudz,sudz,CVCC,fill,kept
unit,galp,galp,CVCC,fill,kept
unite,djoc,djoc,CCVC,fill,kept
universal,yend,yend,CVCC,fill,kept
universe,jul,jul,CVC,hand,fixed
unless,yeq,yeq,CVC,short,kept
unravel,stoq,stoq,CCVC,fill,kept
until,kas,kas,CVC,short,kept
unusual,bogz,bogz,CVCC,fill,kept
up,ted,ted,CVC,hand,fixed
upon,pand,pand,CVCC,hand,fixed
upset,midj,midj,CVCC,fill,kept
urban,logz,logz,CVCC,fill,kept
urge,hum,hum,CVC,hand,fixed
urgent,hont,hont,CVCC,fill,kept
urine,cidj,cidj,CVCC,fill,kept
use,yuz,yuz,CVC,hand,fixed
usual,gaft,gaft,CVCC,fill,kept
uterus,trud,trud,CCVC,fill,kept
utter,romp,romp,CVCC,fill,kept
vacation,gusp,gusp,CVCC,fill,kept
vacuum,yetx,yetx,CVCC,fill,kept
vagina,ralb,ralb,CVCC,fill,kept
vague,luqk,luqk,CVCC,fill,fixed
vain,cibz,cibz,CVCC,fill,kept
valid,djij,djij,CCVC,fill,kept
valley,baqk,baqk,CVCC,fill,kept
value,val,val,CVC,hand,fixed
valve,lidz,lidz,CVCC,fill,kept
van,nidj,nidj,CVCC,fill,kept
vapor,fron,smaq,CCVC,fill,moved
variable,var,var,CVC,hand,fixed
vary,stux,stux,CCVC,fill,kept
vast,vast,vast,CVCC,hand,fixed
vault,vask,vask,CVCC,fill,kept
vector,smam,smam,CCVC,fill,kept
vegetable,vedj,vedj,CVCC,hand,fixed
vehicle,yan,yan,CVC,hand,fixed
veil,djuv,djuv,CCVC,fill,kept
vein,gliz,gliz,CCVC,fill,kept
velocity,draz,draz,CCVC,fill,kept
vent,wips,wips,CVCC,fill,kept
venture,land,land,CVCC,fill,kept
verify,vurf,vurf,CVCC,hand,fixed
verse,lalb,lalb,CVCC,fill,kept
version,korf,korf,CVCC,fill,kept
vertical,drac,drac,CCVC,fill,kept
very,pen,pen,CVC,short,kept
vessel,ves,ves,CVC,hand,fixed
via,vul,vul,CVC,hand,fixed
vibe,vab,vab,CVC,hand,fixed
vibrate,spax,spax,CCVC,fill,kept
vice,torv,torv,CVCC,fill,kept
victory,pemp,pemp,CVCC,fill,kept
video,gidz,gidz,CVCC,fill,kept
view,yuv,yuv,CVC,hand,fixed
village,golt,golt,CVCC,fill,kept
vine,txek,txek,CCVC,fill,kept
vintage,drip,drip,CCVC,fill,kept
violate,priq,priq,CCVC,fill,kept
violet,koj,koj,CVC,hand,fixed
virgin,tabz,tabz,CVCC,fill,kept
virtue,reps,reps,CVCC,fill,kept
virus,tagz,tagz,CVCC,fill,kept
vision,balc,balc,CVCC,fill,kept
visit,vist,vist,CVCC,hand,fixed
visual,vots,vots,CVCC,fill,kept
vital,jeps,jeps,CVCC,fill,kept
vivid,txab,txab,CCVC,fill,kept
voice,voz,voz,CVC,hand,fixed
void,vod,vod,CVC,hand,fixed
volt,volt,volt,CVCC,hand,fixed
voltage,klax,klax,CCVC,fill,kept
volume,Caft,Caft,CVCC,fill,fixed
voluntary,txoq,txoq,CCVC,fill,kept
vomit,yund,yund,CVCC,fill,kept
vote,vot,vot,CVC,hand,fixed
vow,yorv,yorv,CVCC,fill,kept
voyage,cudz,cudz,CVCC,fill,kept
vulnerable,xalz,xalz,CVCC,fill,kept
wage,djaj,djaj,CCVC,fill,kept
wagon,kift,kift,CVCC,fill,kept
waist,resp,resp,CVCC,fill,kept
wait,wet,wet,CVC,hand,fixed
wake,gat,gat,CVC,short,kept
walk,wak,wak,CVC,hand,fixed
wall,medz,medz,CVCC,fill,kept
wander,yemp,yemp,CVCC,fill,kept
want,want,want,CVCC,hand,fixed
war,gek,gek,CVC,short,kept
ward,sidj,sidj,CVCC,fill,kept
ware,plog,plog,CCVC,fill,kept
warm,wem,wem,CVC,hand,fixed
warn,besp,besp,CVCC,fill,kept
warp,yobz,yobz,CVCC,fill,kept
wart,snud,snud,CCVC,fill,kept
wash,sax,sax,CVC,hand,fixed
wasp,smup,smup,CCVC,fill,kept
waste,musp,musp,CVCC,fill,kept
watch,watx,watx,CVCC,hand,fixed
water,waC,waC,CVC,hand,fixed
watt,triq,triq,CCVC,fill,kept
wave,wev,wev,CVC,hand,fixed
wax,xetx,xetx,CVCC,fill,kept
way,yat,yat,CVC,hand,fixed
we,bib,bib,CVC,hand,fixed
weak,slok,slok,CCVC,hand,fixed
weapon,naft,naft,CVCC,fill,kept
wear,war,war,CVC,hand,fixed
weasel,rudj,rudj,CVCC,fill,kept
weather,gork,gork,CVCC,fill,kept
weave,worv,worv,CVCC,hand,fixed
web,xend,xend,CVCC,fill,kept
wed,bloj,bloj,CCVC,fill,kept
wedge,prav,prav,CCVC,fill,kept
weed,valf,valf,CVCC,fill,kept
week,wek,wek,CVC,hand,fixed
weep,yotx,yotx,CVCC,fill,kept
weigh,Cend,Cend,CVCC,fill,kept
weird,yup,yup,CVC,short,kept
welcome,vev,vev,CVC,short,kept
weld,fraz,fraz,CCVC,fill,kept
welfare,jiks,jiks,CVCC,fill,kept
well,pig,pig,CVC,short,kept
west,web,web,CVC,hand,fixed
wet,gegz,gegz,CVCC,fill,kept
whale,vols,vols,CVCC,fill,kept
what,wut,wut,CVC,hand,fixed
wheat,yesk,yesk,CVCC,fill,kept
wheel,dudz,dudz,CVCC,fill,kept
when,mon,mon,CVC,short,kept
where,zuk,zuk,CVC,hand,fixed
whether,madz,madz,CVCC,fill,kept
which,wetx,wetx,CVCC,hand,fixed
whiff,blon,blon,CCVC,fill,kept
while,wal,wal,CVC,hand,fixed
whim,prad,prad,CCVC,fill,kept
whimsical,vrik,vrik,CCVC,fill,kept
whine,kluz,kluz,CCVC,fill,kept
whip,zabz,zabz,CVCC,fill,kept
whirl,krod,krod,CCVC,fill,kept
whisper,jitx,jitx,CVCC,fill,kept
whistle,hedz,hedz,CVCC,fill,kept
white,wip,wip,CVC,hand,fixed
who,miqk,miqk,CVCC,hand,fixed
whoa,fik,fik,CVC,short,kept
whole,hol,hol,CVC,hand,fixed
why,wan,wan,CVC,hand,fixed
wick,blap,blap,CCVC,fill,kept
wicked,zedj,zedj,CVCC,fill,kept
wide,bond,bond,CVCC,fill,kept
width,vrox,vrox,CCVC,fill,kept
wig,xorv,xorv,CVCC,fill,kept
wiggle,djuq,djuq,CCVC,fill,kept
wild,wald,wald,CVCC,hand,fixed
will,xiq,xiq,CVC,hand,fixed
willing,nent,nent,CVCC,fill,kept
win,fof,fof,CVC,short,kept
wind,moqk,moqk,CVCC,fill,fixed
window,leg,leg,CVC,short,kept
wine,malv,malv,CVCC,fill,kept
wing,wiq,wiq,CVC,hand,fixed
wink,glam,glam,CCVC,fill,kept
winter,biqk,biqk,CVCC,fill,kept
wipe,karg,karg,CVCC,fill,kept
wire,dump,dump,CVCC,fill,kept
wise,dald,dald,CVCC,fill,fixed
wish,slix,slix,CCVC,hand,fixed
wit,yits,yits,CVCC,fill,kept
witch,dorg,dorg,CVCC,fill,kept
with,bop,bop,CVC,short,fixed
within,modj,modj,CVCC,fill,kept
without,Cev,Cev,CVC,hand,fixed
witness,nitx,nitx,CVCC,fill,kept
wizard,fisp,fisp,CVCC,fill,kept
wobble,frun,frun,CCVC,fill,kept
wolf,wolf,wolf,CVCC,hand,fixed
woman,nom,nom,CVC,short,kept
womb,gloq,gloq,CCVC,fill,kept
wonder,xug,xug,CVC,short,kept
wood,vriC,vriC,CCVC,hand,fixed
wool,laqk,laqk,CVCC,hand,fixed
word,dat,dat,CVC,hand,fixed
work,wark,wark,CVCC,hand,fixed
world,wold,wold,CVCC,hand,fixed
worm,fald,fald,CVCC,fill,kept
worry,kug,kug,CVC,short,kept
worship,xuks,xuks,CVCC,fill,kept
worth,yes,yes,CVC,short,kept
wound,bind,bind,CVCC,fill,kept
wow,wol,wol,CVC,hand,fixed
wrap,rap,rap,CVC,hand,fixed
wreck,sugz,sugz,CVCC,fill,kept
wrinkle,txuc,txuc,CCVC,fill,kept
wrist,feft,feft,CVCC,fill,kept
write,rat,rat,CVC,hand,fixed
wrong,raq,raq,CVC,hand,fixed
yard,bant,bant,CVCC,fill,kept
yawn,stag,stag,CCVC,fill,kept
yay,Cump,Cump,CVCC,fill,kept
year,yar,yar,CVC,hand,fixed
yearn,stof,stof,CCVC,fill,kept
yeast,skog,skog,CCVC,fill,kept
yell,yol,yol,CVC,hand,fixed
yellow,bux,bux,CVC,hand,fixed
yes,pan,pan,CVC,hand,fixed
yesterday,rek,rek,CVC,short,kept
yet,yut,yut,CVC,hand,fixed
yield,dup,dup,CVC,short,kept
you,dim,dim,CVC,hand,fixed
young,zen,pij,CVC,short,moved
yuck,graq,graq,CCVC,fill,kept
yum,wuqk,wuqk,CVCC,fill,kept
zap,zap,zap,CVC,hand,fixed
zero,han,han,CVC,hand,fixed
zinc,skug,skug,CCVC,fill,kept
zip,jagz,jagz,CVCC,fill,kept
zone,zon,zon,CVC,hand,fixed
