domain,head,names,share_of_domain
adj.all,shaped,115,0.0379
adj.all,colored,42,0.0138
adj.all,eyed,41,0.0135
adj.all,out,39,0.0128
adj.all,like,34,0.0112
adj.all,sized,28,0.0092
adj.all,coloured,28,0.0092
adj.all,white,27,0.0089
adj.all,haired,26,0.0086
adj.all,brown,26,0.0086
adj.all,green,24,0.0079
adj.all,minded,24,0.0079
adj.all,gray,23,0.0076
adj.all,grey,23,0.0076
adj.all,scented,22,0.0072
adj.all,blue,22,0.0072
adj.all,red,21,0.0069
adj.all,speaking,19,0.0063
adj.all,black,19,0.0063
adj.all,down,19,0.0063
adj.all,faced,18,0.0059
adj.all,headed,17,0.0056
adj.all,free,16,0.0053
adj.all,purple,15,0.0049
adj.all,fifth,15,0.0049
adj.all,five,15,0.0049
adj.all,one,14,0.0046
adj.all,bodied,14,0.0046
adj.all,leafed,14,0.0046
adj.all,leaved,14,0.0046
adj.all,handed,14,0.0046
adj.all,sided,14,0.0046
adj.all,off,13,0.0043
adj.all,pink,13,0.0043
adv.all,time,21,0.0276
adv.all,way,14,0.0184
anatomy,development,947,0.0433
anatomy,cell,768,0.0351
anatomy,differentiation,488,0.0223
anatomy,morphogenesis,472,0.0216
anatomy,artery,417,0.0191
anatomy,bone,397,0.0181
anatomy,muscle,369,0.0169
anatomy,nucleus,339,0.0155
anatomy,vein,335,0.0153
anatomy,element,299,0.0137
anatomy,transport,273,0.0125
anatomy,gland,267,0.0122
anatomy,node,253,0.0116
anatomy,epithelium,252,0.0115
anatomy,formation,233,0.0106
anatomy,tooth,217,0.0099
anatomy,cartilage,214,0.0098
anatomy,proliferation,196,0.0090
anatomy,vertebra,193,0.0088
anatomy,nerve,192,0.0088
anatomy,secretion,184,0.0084
anatomy,system,183,0.0084
anatomy,tissue,179,0.0082
anatomy,membrane,172,0.0079
anatomy,digit,165,0.0075
anatomy,joint,161,0.0074
anatomy,migration,153,0.0070
anatomy,layer,147,0.0067
anatomy,organization,138,0.0063
anatomy,binding,136,0.0062
anatomy,region,135,0.0062
anatomy,duct,123,0.0056
anatomy,somite,123,0.0056
anatomy,cord,120,0.0055
anatomy,assembly,120,0.0055
anatomy,segment,111,0.0051
anatomy,tract,110,0.0050
anatomy,ganglion,110,0.0050
anatomy,complex,104,0.0048
anatomy,condensation,104,0.0048
anatomy,mesenchyme,102,0.0047
anatomy,plate,99,0.0045
anatomy,vessel,97,0.0044
anatomy,cortex,96,0.0044
anatomy,human,95,0.0043
anatomy,area,95,0.0043
anatomy,organ,94,0.0043
anatomy,sulcus,94,0.0043
anatomy,skeleton,91,0.0042
anatomy,response,87,0.0040
anatomy,mouse,87,0.0040
anatomy,canal,83,0.0038
anatomy,maturation,83,0.0038
anatomy,ray,81,0.0037
anatomy,foramen,74,0.0034
anatomy,ligament,73,0.0033
anatomy,primordium,73,0.0033
anatomy,ventricle,71,0.0032
anatomy,stimulus,70,0.0032
anatomy,lobe,69,0.0032
anatomy,crest,65,0.0030
anatomy,activation,64,0.0029
anatomy,chemotaxis,64,0.0029
anatomy,homeostasis,63,0.0029
anatomy,neuron,62,0.0028
anatomy,plexus,61,0.0028
anatomy,gyrus,61,0.0028
anatomy,body,59,0.0027
anatomy,stage,58,0.0026
anatomy,growth,57,0.0026
anatomy,tubule,56,0.0026
anatomy,tube,55,0.0025
anatomy,acid,54,0.0025
anatomy,intestine,54,0.0025
anatomy,zone,50,0.0023
anatomy,rib,50,0.0023
anatomy,junction,49,0.0022
anatomy,division,48,0.0022
anatomy,bud,48,0.0022
anatomy,arch,48,0.0022
anatomy,sinus,47,0.0021
anatomy,colon,46,0.0021
anatomy,cavity,46,0.0021
anatomy,space,46,0.0021
anatomy,spine,46,0.0021
anatomy,column,45,0.0021
anatomy,contraction,45,0.0021
anatomy,localization,45,0.0021
anatomy,structure,44,0.0020
anatomy,sac,44,0.0020
anatomy,entity,43,0.0020
anatomy,bronchus,42,0.0019
anatomy,production,42,0.0019
anatomy,commissure,42,0.0019
anatomy,compound,41,0.0019
anatomy,fold,41,0.0019
anatomy,thalamus,41,0.0019
anatomy,disassembly,39,0.0018
anatomy,endothelium,38,0.0017
anatomy,mucosa,36,0.0016
anatomy,pad,36,0.0016
anatomy,fossa,36,0.0016
anatomy,stomach,35,0.0016
anatomy,bronchiole,35,0.0016
anatomy,pathway,35,0.0016
anatomy,septum,34,0.0016
anatomy,follicle,34,0.0016
anatomy,manus,34,0.0016
anatomy,eye,33,0.0015
anatomy,presentation,33,0.0015
anatomy,behavior,33,0.0015
anatomy,hair,33,0.0015
anatomy,trunk,33,0.0015
anatomy,placode,33,0.0015
anatomy,mesoderm,33,0.0015
anatomy,wall,32,0.0015
anatomy,pes,32,0.0015
anatomy,horn,32,0.0015
anatomy,suture,32,0.0015
anatomy,skin,31,0.0014
anatomy,pouch,31,0.0014
anatomy,fiber,30,0.0014
anatomy,appendix,30,0.0014
anatomy,tongue,30,0.0014
anatomy,part,30,0.0014
anatomy,vesicle,30,0.0014
anatomy,papilla,30,0.0014
anatomy,vasculature,29,0.0013
anatomy,potential,29,0.0013
anatomy,lumen,29,0.0013
anatomy,bladder,28,0.0013
anatomy,mater,28,0.0013
anatomy,signaling,28,0.0013
anatomy,brain,28,0.0013
anatomy,ectoderm,28,0.0013
anatomy,humerus,28,0.0013
anatomy,valve,28,0.0013
anatomy,disc,27,0.0012
anatomy,urethra,27,0.0012
anatomy,limb,27,0.0012
anatomy,anion,26,0.0012
anatomy,cycle,26,0.0012
anatomy,chicken,26,0.0012
anatomy,scale,26,0.0012
anatomy,lip,26,0.0012
anatomy,tubercle,26,0.0012
anatomy,ion,25,0.0011
anatomy,fibroblast,25,0.0011
anatomy,liver,25,0.0011
anatomy,immunity,25,0.0011
anatomy,femur,25,0.0011
anatomy,lung,24,0.0011
anatomy,medulla,24,0.0011
anatomy,cerebellum,24,0.0011
anatomy,bundle,24,0.0011
anatomy,fin,24,0.0011
anatomy,hypertrophy,23,0.0011
anatomy,transmission,23,0.0011
anatomy,penis,23,0.0011
anatomy,colliculus,23,0.0011
anatomy,field,23,0.0011
anatomy,line,22,0.0010
anatomy,ear,22,0.0010
anatomy,furo,22,0.0010
anatomy,mass,22,0.0010
anatomy,ureter,22,0.0010
anatomy,retina,22,0.0010
anatomy,ridge,22,0.0010
anatomy,atom,21,0.0010
anatomy,capsule,21,0.0010
anatomy,microtubule,21,0.0010
anatomy,exocytosis,21,0.0010
anatomy,fluid,21,0.0010
anatomy,phalanx,21,0.0010
anatomy,maxilla,21,0.0010
anatomy,metabolite,20,0.0009
anatomy,propria,20,0.0009
anatomy,organism,20,0.0009
anatomy,kidney,20,0.0009
anatomy,fasciculus,20,0.0009
anatomy,head,20,0.0009
anatomy,sphincter,20,0.0009
anatomy,matter,20,0.0009
anatomy,heart,20,0.0009
anatomy,scapula,20,0.0009
anatomy,boundary,19,0.0009
anatomy,progenitor,19,0.0009
anatomy,pancreas,19,0.0009
anatomy,esophagus,19,0.0009
anatomy,thymus,19,0.0009
anatomy,fusion,19,0.0009
anatomy,midbrain,19,0.0009
anatomy,sheath,19,0.0009
anatomy,lobule,19,0.0009
anatomy,aorta,19,0.0009
anatomy,endoderm,19,0.0009
anatomy,mandible,19,0.0009
anatomy,feather,19,0.0009
anatomy,atrium,18,0.0008
anatomy,labyrinth,18,0.0008
anatomy,uptake,18,0.0008
anatomy,apparatus,18,0.0008
anatomy,synapse,18,0.0008
anatomy,barrier,18,0.0008
anatomy,radius,18,0.0008
anatomy,telencephalon,18,0.0008
anatomy,tibia,18,0.0008
anatomy,series,18,0.0008
anatomy,protein,17,0.0008
anatomy,ring,17,0.0008
anatomy,interneuron,17,0.0008
anatomy,trachea,17,0.0008
anatomy,vacuole,17,0.0008
anatomy,polarity,17,0.0008
anatomy,movement,17,0.0008
anatomy,adhesion,17,0.0008
anatomy,product,17,0.0008
anatomy,palate,17,0.0008
anatomy,capillary,17,0.0008
anatomy,musculature,17,0.0008
anatomy,lamina,17,0.0008
anatomy,hand,17,0.0008
anatomy,derivative,16,0.0007
anatomy,cation,16,0.0007
anatomy,agent,16,0.0007
anatomy,ovary,16,0.0007
anatomy,prostate,16,0.0007
anatomy,breast,16,0.0007
anatomy,motility,16,0.0007
anatomy,cytotoxicity,16,0.0007
anatomy,depolymerization,16,0.0007
anatomy,anterior,16,0.0007
anatomy,hypothalamus,16,0.0007
anatomy,eminence,16,0.0007
anatomy,groove,16,0.0007
anatomy,molecule,15,0.0007
anatomy,component,15,0.0007
anatomy,anorectum,15,0.0007
anatomy,abdomen,15,0.0007
anatomy,segregation,15,0.0007
anatomy,specification,15,0.0007
anatomy,fenestra,15,0.0007
anatomy,receptor,15,0.0007
anatomy,villus,15,0.0007
anatomy,peduncle,15,0.0007
anatomy,sacrum,15,0.0007
anatomy,tail,15,0.0007
anatomy,coxa,15,0.0007
anatomy,calcaneus,15,0.0007
anatomy,steroid,14,0.0006
anatomy,chain,14,0.0006
anatomy,duodenum,14,0.0006
anatomy,arteriole,14,0.0006
anatomy,meatus,14,0.0006
anatomy,center,14,0.0006
anatomy,death,14,0.0006
anatomy,cytoskeleton,14,0.0006
anatomy,quality,14,0.0006
anatomy,vagina,14,0.0006
anatomy,longus,14,0.0006
anatomy,fissure,14,0.0006
anatomy,terminalis,14,0.0006
anatomy,notch,14,0.0006
anatomy,diaphragm,14,0.0006
anatomy,clitoris,14,0.0006
anatomy,row,14,0.0006
anatomy,fascia,14,0.0006
anatomy,glands,14,0.0006
anatomy,borealis,14,0.0006
anatomy,salt,13,0.0006
anatomy,residue,13,0.0006
anatomy,epidermis,13,0.0006
anatomy,uterus,13,0.0006
anatomy,nephron,13,0.0006
anatomy,degranulation,13,0.0006
anatomy,circulation,13,0.0006
anatomy,matrix,13,0.0006
anatomy,embryo,13,0.0006
anatomy,neurotransmission,13,0.0006
anatomy,biogenesis,13,0.0006
anatomy,organelle,13,0.0006
anatomy,projection,13,0.0006
anatomy,root,13,0.0006
anatomy,ulna,13,0.0006
anatomy,girdle,13,0.0006
anatomy,jaw,13,0.0006
anatomy,rod,13,0.0006
anatomy,keel,13,0.0006
anatomy,premaxilla,13,0.0006
anatomy,axis,12,0.0005
anatomy,venule,12,0.0005
anatomy,ossification,12,0.0005
anatomy,processing,12,0.0005
anatomy,transduction,12,0.0005
anatomy,adaptation,12,0.0005
anatomy,regeneration,12,0.0005
anatomy,appendage,12,0.0005
anatomy,opening,12,0.0005
anatomy,posterior,12,0.0005
anatomy,henle,12,0.0005
anatomy,testis,12,0.0005
anatomy,stroma,12,0.0005
anatomy,oblongata,12,0.0005
anatomy,diencephalon,12,0.0005
anatomy,interstitium,12,0.0005
cell,cell,1457,0.4598
cell,neuron,322,0.1016
cell,mmus,152,0.0480
cell,macrophage,60,0.0189
cell,gland,53,0.0167
cell,primate,47,0.0148
cell,interneuron,36,0.0114
cell,thymocyte,36,0.0114
cell,fibroblast,35,0.0110
cell,intestine,30,0.0095
cell,human,28,0.0088
cell,mouse,24,0.0076
cell,monocyte,21,0.0066
cell,sapiens,21,0.0066
cell,progenitor,20,0.0063
cell,epithelium,20,0.0063
cell,duct,15,0.0047
cell,chondrocyte,14,0.0044
cell,cortex,14,0.0044
cell,appendix,14,0.0044
cell,tract,14,0.0044
cell,fiber,13,0.0041
cell,colon,13,0.0041
cell,plexus,13,0.0041
cell,node,13,0.0041
chemistry,ester,1600,0.0766
chemistry,one,1037,0.0497
chemistry,carboxamide,819,0.0392
chemistry,ylurea,729,0.0349
chemistry,ylacetamide,618,0.0296
chemistry,acid,618,0.0296
chemistry,pyridinecarboxamide,511,0.0245
chemistry,ylbenzamide,378,0.0181
chemistry,ylbutanamide,343,0.0164
chemistry,methylbenzenesulfonamide,308,0.0147
chemistry,dione,286,0.0137
chemistry,oxanecarboxamide,276,0.0132
chemistry,ylmethanesulfonamide,264,0.0126
chemistry,methylurea,252,0.0121
chemistry,ylbenzenesulfonamide,248,0.0119
chemistry,phenylacetamide,233,0.0112
chemistry,phenylethylacetamide,213,0.0102
chemistry,ylpropanamide,209,0.0100
chemistry,phenylurea,205,0.0098
chemistry,propanol,195,0.0093
chemistry,furancarboxamide,194,0.0093
chemistry,pyrazinecarboxamide,172,0.0082
chemistry,ylcyclopropanecarboxamide,167,0.0080
chemistry,propylurea,165,0.0079
chemistry,thione,159,0.0076
chemistry,cyclopropylacetamide,158,0.0076
chemistry,methylbenzamide,145,0.0069
chemistry,methylacetamide,127,0.0061
chemistry,ylcyclohexanecarboxamide,126,0.0060
chemistry,trifluoromethylphenylurea,121,0.0058
chemistry,isoxazolecarboxamide,118,0.0057
chemistry,amine,118,0.0057
chemistry,imidazolesulfonamide,117,0.0056
chemistry,oxanylacetamide,115,0.0055
chemistry,dimethylacetamide,109,0.0052
chemistry,ylethanesulfonamide,109,0.0052
chemistry,propenamide,108,0.0052
chemistry,oxanylbenzamide,107,0.0051
chemistry,carbonitrile,101,0.0048
chemistry,azetidinecarbonitrile,99,0.0047
chemistry,methoxybenzenesulfonamide,99,0.0047
chemistry,pyridinylacetamide,95,0.0045
chemistry,thiophenecarboxamide,95,0.0045
chemistry,fluorobenzamide,94,0.0045
chemistry,methoxyphenylurea,91,0.0044
chemistry,methoxyacetamide,90,0.0043
chemistry,methoxyphenylmethylacetamide,89,0.0043
chemistry,fluorophenylmethylacetamide,88,0.0042
chemistry,methylbutanamide,88,0.0042
chemistry,pyridinylmethylacetamide,81,0.0039
chemistry,ylcyclobutanecarboxamide,81,0.0039
chemistry,ylmethylacetamide,80,0.0038
chemistry,ylthioacetamide,78,0.0037
chemistry,phenylphenylacetamide,75,0.0036
chemistry,oxanylurea,74,0.0035
chemistry,chlorophenylmethylacetamide,73,0.0035
chemistry,dimethylbenzenesulfonamide,70,0.0034
chemistry,piperidinylpropanamide,69,0.0033
chemistry,methoxybenzamide,69,0.0033
chemistry,oxanylbenzenesulfonamide,69,0.0033
chemistry,piperidinecarboxamide,69,0.0033
chemistry,methylcyclohexanecarboxamide,67,0.0032
chemistry,quinolinecarboxamide,67,0.0032
chemistry,dienone,67,0.0032
chemistry,piperidinylethylacetamide,65,0.0031
chemistry,diamine,65,0.0031
chemistry,naphthalenylurea,64,0.0031
chemistry,fluorophenylurea,63,0.0030
chemistry,cyclopropylmethylacetamide,60,0.0029
chemistry,oxadiazole,60,0.0029
chemistry,ylethylacetamide,58,0.0028
chemistry,trione,56,0.0027
chemistry,piperazinylmethanone,52,0.0025
chemistry,methylmethanesulfonamide,51,0.0024
chemistry,ylethanone,50,0.0024
chemistry,methoxyethylacetamide,49,0.0023
chemistry,ylmethanone,48,0.0023
chemistry,pyrazolecarboxamide,46,0.0022
chemistry,oxanylethylbenzamide,45,0.0022
chemistry,piperazinylethanone,43,0.0021
chemistry,dimethylbenzamide,43,0.0021
chemistry,thiophenesulfonamide,43,0.0021
chemistry,sulfanylidenemethylbenzamide,43,0.0021
chemistry,fluorobenzenesulfonamide,42,0.0020
chemistry,isoxazolylurea,42,0.0020
chemistry,propanone,38,0.0018
chemistry,morpholinylacetamide,37,0.0018
chemistry,ylthioethanone,36,0.0017
chemistry,pyrrolidinylacetamide,35,0.0017
chemistry,methylpropanamide,35,0.0017
chemistry,apyrimidine,35,0.0017
chemistry,thiazolidinone,35,0.0017
chemistry,cyclohexylurea,35,0.0017
chemistry,dpyrimidinamine,34,0.0016
chemistry,nitrobenzamide,34,0.0016
chemistry,trifluorobutanamide,34,0.0016
chemistry,oxazolecarbonitrile,34,0.0016
chemistry,piperidinylmethanone,33,0.0016
chemistry,morpholinylpropylacetamide,33,0.0016
chemistry,thiazolylacetamide,33,0.0016
chemistry,morpholinylpropanamide,33,0.0016
chemistry,phenylmethylacetamide,32,0.0015
chemistry,methylcyclopropanecarboxamide,30,0.0014
chemistry,difluorophenylmethylacetamide,30,0.0014
chemistry,propylacetamide,30,0.0014
chemistry,methylphenylacetamide,30,0.0014
chemistry,thiazolylbenzamide,30,0.0014
chemistry,thiazolamine,29,0.0014
chemistry,triazolecarboxamide,29,0.0014
chemistry,isoxazolesulfonamide,27,0.0013
chemistry,cyclohexylacetamide,27,0.0013
chemistry,phenylphenylmethylacetamide,27,0.0013
chemistry,oxanylpropanamide,27,0.0013
chemistry,pyridinecarbonitrile,27,0.0013
chemistry,thiazolone,27,0.0013
chemistry,sulfonamide,27,0.0013
chemistry,benzofurancarboxamide,27,0.0013
chemistry,oxanylcyclobutanecarboxamide,26,0.0012
chemistry,phenylmethanesulfonamide,26,0.0012
chemistry,methylaminomethylbenzamide,25,0.0012
chemistry,piperidinylethanone,24,0.0011
chemistry,azetidinecarboxamide,24,0.0011
chemistry,methoxyphenylacetamide,24,0.0011
chemistry,quinazolinone,24,0.0011
chemistry,oxanylethylcyclopropanecarboxamide,24,0.0011
chemistry,dicarboxamide,23,0.0011
chemistry,ylcyclopentanecarboxamide,23,0.0011
chemistry,cyclopentylacetamide,22,0.0011
chemistry,oxanylcyclopropanecarboxamide,22,0.0011
chemistry,pyrrolidinylethylacetamide,21,0.0010
chemistry,pyrimidinylmethylacetamide,21,0.0010
chemistry,thiazolecarboxamide,20,0.0010
chemistry,dpyrimidine,20,0.0010
chemistry,phenoxyphenylmethylacetamide,19,0.0009
chemistry,ylbenzonitrile,19,0.0009
chemistry,quinazolinamine,19,0.0009
chemistry,pyrrolidinecarboxamide,19,0.0009
chemistry,oxanylcyclohexanecarboxamide,18,0.0009
chemistry,ylphenylacetamide,18,0.0009
chemistry,piperazinylacetamide,18,0.0009
chemistry,dimethylaminobutanamide,18,0.0009
chemistry,benzothiazole,18,0.0009
chemistry,dpyrimidinone,18,0.0009
chemistry,ethylacetamide,17,0.0008
chemistry,diol,17,0.0008
chemistry,pyrazolamine,17,0.0008
chemistry,pyrimidinamine,17,0.0008
chemistry,methylphenylthiourea,17,0.0008
chemistry,pyridinylurea,17,0.0008
chemistry,tetrazolylacetamide,17,0.0008
chemistry,phenylbenzenesulfonamide,17,0.0008
chemistry,benzimidazole,16,0.0008
chemistry,oxolanecarboxamide,16,0.0008
chemistry,triazole,16,0.0008
chemistry,oxime,16,0.0008
chemistry,thiadiazole,16,0.0008
chemistry,apyrimidinecarboxamide,16,0.0008
chemistry,trifluoroethylacetamide,15,0.0007
chemistry,ium,15,0.0007
chemistry,ylthiourea,15,0.0007
chemistry,oxolanylmethylacetamide,15,0.0007
chemistry,phenylthiourea,15,0.0007
chemistry,oxanylethylurea,15,0.0007
chemistry,dimethylaminopropylacetamide,14,0.0007
chemistry,pyrazolone,14,0.0007
chemistry,carbohydrazide,14,0.0007
chemistry,pyridazinone,14,0.0007
chemistry,piperazinecarbothioamide,14,0.0007
chemistry,butanone,14,0.0007
chemistry,dicarbonitrile,14,0.0007
chemistry,isoxazolylacetamide,14,0.0007
chemistry,quinolinamine,13,0.0006
chemistry,ylmethylthiourea,13,0.0006
chemistry,furanylmethylacetamide,13,0.0006
chemistry,phenylmethanone,13,0.0006
chemistry,naphthalenecarboxamide,13,0.0006
chemistry,morpholinylmethanone,12,0.0006
chemistry,oxanylmethanol,12,0.0006
chemistry,difluorobenzamide,12,0.0006
chemistry,fluorophenylacetamide,12,0.0006
chemistry,quinolinone,12,0.0006
chemistry,imidazolidinone,12,0.0006
chemistry,pyridinamine,12,0.0006
clothing,helmet,147,0.0381
clothing,medal,133,0.0345
clothing,clothing,113,0.0293
clothing,hat,86,0.0223
clothing,dress,83,0.0215
clothing,cap,76,0.0197
clothing,shoe,65,0.0168
clothing,ring,63,0.0163
clothing,suit,60,0.0156
clothing,mask,60,0.0156
clothing,jacket,54,0.0140
clothing,uniform,52,0.0135
clothing,costume,52,0.0135
clothing,badge,45,0.0117
clothing,collar,45,0.0117
clothing,glove,45,0.0117
clothing,boot,41,0.0106
clothing,fashion,39,0.0101
clothing,shirt,36,0.0093
clothing,watch,36,0.0093
clothing,skirt,36,0.0093
clothing,pants,35,0.0091
clothing,brooch,34,0.0088
clothing,glasses,31,0.0080
clothing,belt,29,0.0075
clothing,coat,28,0.0073
clothing,merit,25,0.0065
clothing,cross,24,0.0062
clothing,shield,24,0.0062
clothing,armour,21,0.0054
clothing,crown,20,0.0052
clothing,sock,19,0.0049
clothing,ribbon,17,0.0044
clothing,guard,15,0.0039
clothing,armor,15,0.0039
clothing,top,14,0.0036
clothing,gown,14,0.0036
clothing,shorts,14,0.0036
clothing,jersey,14,0.0036
clothing,tie,14,0.0036
clothing,decoration,14,0.0036
clothing,pin,13,0.0034
clothing,shoes,13,0.0034
clothing,sari,13,0.0034
clothing,kabuto,13,0.0034
clothing,vest,12,0.0031
clothing,knot,12,0.0031
clothing,band,12,0.0031
clothing,beret,12,0.0031
clothing,series,12,0.0031
clothing,accessory,12,0.0031
clothing,insignia,12,0.0031
clothing,trousers,12,0.0031
clothing,award,12,0.0031
disease,animal,5554,0.1283
disease,syndrome,3269,0.0755
disease,dog,727,0.0168
disease,cell,670,0.0155
disease,deficiency,582,0.0134
disease,carcinoma,571,0.0132
disease,morphology,515,0.0119
disease,neoplasm,397,0.0092
disease,cattle,337,0.0078
disease,finger,330,0.0076
disease,human,315,0.0073
disease,tumor,304,0.0070
disease,toe,299,0.0069
disease,cat,299,0.0069
disease,recessive,283,0.0065
disease,cancer,249,0.0058
disease,dominant,217,0.0050
disease,dysplasia,216,0.0050
disease,gland,201,0.0046
disease,pig,198,0.0046
disease,epithelium,190,0.0044
disease,horse,187,0.0043
disease,system,186,0.0043
disease,secretion,182,0.0042
disease,transport,181,0.0042
disease,adenocarcinoma,169,0.0039
disease,development,166,0.0038
disease,failure,166,0.0038
disease,artery,165,0.0038
disease,tissue,160,0.0037
disease,chromosome,155,0.0036
disease,lymphoma,155,0.0036
disease,differentiation,154,0.0036
disease,dystrophy,153,0.0035
disease,loss,151,0.0035
disease,bone,151,0.0035
disease,encephalopathy,147,0.0034
disease,digit,147,0.0034
disease,concentration,146,0.0034
disease,linked,144,0.0033
disease,sheep,143,0.0033
disease,element,137,0.0032
disease,defect,131,0.0030
disease,muscle,125,0.0029
disease,complex,121,0.0028
disease,myopathy,115,0.0027
disease,vein,114,0.0026
disease,infection,110,0.0025
disease,nerve,109,0.0025
disease,response,109,0.0025
disease,adenoma,106,0.0024
disease,atrophy,105,0.0024
disease,familial,105,0.0024
disease,sarcoma,104,0.0024
disease,pigmentosa,101,0.0023
disease,hypoplasia,95,0.0022
disease,abnormalities,95,0.0022
disease,acid,93,0.0021
disease,inhibitor,92,0.0021
disease,neuropathy,86,0.0020
disease,anemia,83,0.0019
disease,mesenchyme,83,0.0019
disease,stage,82,0.0019
disease,retinopathy,82,0.0019
disease,agent,81,0.0019
disease,duct,81,0.0019
disease,region,79,0.0018
disease,vessel,79,0.0018
disease,malformation,79,0.0018
disease,meningioma,79,0.0018
disease,condensation,78,0.0018
disease,therapy,76,0.0018
disease,physiology,75,0.0017
disease,stenosis,74,0.0017
disease,ataxia,74,0.0017
disease,leukemia,73,0.0017
disease,paraplegia,73,0.0017
disease,compound,72,0.0017
disease,hand,72,0.0017
disease,rabbit,72,0.0017
disease,epilepsy,71,0.0016
disease,layer,70,0.0016
disease,cardiomyopathy,70,0.0016
disease,behavior,69,0.0016
disease,melanoma,69,0.0016
disease,anomalies,69,0.0016
disease,joint,67,0.0015
disease,stimulus,67,0.0015
disease,disability,67,0.0015
disease,virus,66,0.0015
disease,metabolism,66,0.0015
disease,fever,64,0.0015
disease,seizures,64,0.0015
disease,entity,62,0.0014
disease,binding,61,0.0014
disease,chicken,61,0.0014
disease,pathway,60,0.0014
disease,membrane,59,0.0014
disease,degeneration,59,0.0014
disease,tract,58,0.0013
disease,calcification,58,0.0013
disease,hallux,58,0.0013
disease,onset,58,0.0013
disease,mutation,58,0.0013
disease,skin,57,0.0013
disease,cyst,57,0.0013
disease,skeleton,57,0.0013
disease,glycosylation,56,0.0013
disease,ventricle,55,0.0013
disease,cord,54,0.0012
disease,organization,52,0.0012
disease,atresia,52,0.0012
disease,node,51,0.0012
disease,drug,50,0.0012
disease,colon,50,0.0012
disease,vertebra,50,0.0012
disease,dyskinesia,50,0.0012
disease,intestine,49,0.0011
disease,material,49,0.0011
disease,homeostasis,49,0.0011
disease,papilloma,49,0.0011
disease,sclerosis,48,0.0011
disease,thumb,47,0.0011
disease,canal,46,0.0011
disease,macaque,46,0.0011
disease,structure,45,0.0010
disease,ear,45,0.0010
disease,bones,45,0.0010
disease,unilateral,45,0.0010
disease,bilateral,45,0.0010
disease,goat,44,0.0010
disease,morphogenesis,44,0.0010
disease,ossification,44,0.0010
disease,anomaly,44,0.0010
disease,body,43,0.0010
disease,agenesis,43,0.0010
disease,assembly,42,0.0010
disease,activation,42,0.0010
disease,dysgenesis,42,0.0010
disease,organ,42,0.0010
disease,dystonia,42,0.0010
disease,hemangioma,42,0.0010
disease,teratoma,42,0.0010
disease,product,41,0.0009
disease,tube,41,0.0009
disease,palate,41,0.0009
disease,leiomyoma,41,0.0009
disease,lipoma,41,0.0009
disease,atom,40,0.0009
disease,lung,40,0.0009
disease,hyperplasia,40,0.0009
disease,tuberculosis,40,0.0009
disease,soil,38,0.0009
disease,dysfunction,38,0.0009
disease,limbs,38,0.0009
disease,phalanx,38,0.0009
disease,lobe,38,0.0009
disease,encephalitis,37,0.0009
disease,sinus,37,0.0009
disease,metacarpal,37,0.0009
disease,primary,37,0.0009
disease,bronchus,36,0.0008
disease,quality,36,0.0008
disease,cleft,36,0.0008
disease,polydactyly,36,0.0008
disease,immunodeficiency,36,0.0008
disease,cataract,36,0.0008
disease,situ,36,0.0008
disease,deafness,36,0.0008
disease,anion,35,0.0008
disease,environment,35,0.0008
disease,hair,35,0.0008
disease,epiphyses,35,0.0008
disease,cavity,35,0.0008
disease,lipofuscinosis,35,0.0008
disease,neuron,34,0.0008
disease,eye,34,0.0008
disease,ovary,34,0.0008
disease,mucosa,34,0.0008
disease,lip,34,0.0008
disease,edema,34,0.0008
disease,valve,34,0.0008
disease,endothelium,34,0.0008
disease,rhabdomyosarcoma,34,0.0008
disease,leiomyosarcoma,34,0.0008
disease,amyloidosis,34,0.0008
disease,facies,34,0.0008
disease,crest,34,0.0008
disease,stomach,33,0.0008
disease,tubule,33,0.0008
disease,vasculature,33,0.0008
disease,tongue,33,0.0008
disease,contraction,32,0.0007
disease,junction,32,0.0007
disease,mellitus,32,0.0007
disease,hypertension,32,0.0007
disease,palsy,32,0.0007
disease,bud,32,0.0007
disease,esophagus,31,0.0007
disease,insufficiency,31,0.0007
disease,susceptibility,31,0.0007
disease,limb,31,0.0007
disease,aplasia,31,0.0007
disease,toes,31,0.0007
disease,phenotype,31,0.0007
disease,pancreas,30,0.0007
disease,bladder,30,0.0007
disease,glaucoma,30,0.0007
disease,poisoning,30,0.0007
disease,musculature,29,0.0007
disease,symphalangism,29,0.0007
disease,aciduria,29,0.0007
disease,epiphysis,29,0.0007
disease,infarction,29,0.0007
disease,anosmia,29,0.0007
disease,trisomy,29,0.0007
disease,appendix,28,0.0006
disease,urethra,28,0.0006
disease,mater,28,0.0006
disease,cycle,28,0.0006
disease,fusion,28,0.0006
disease,maturation,28,0.0006
disease,duplication,28,0.0006
disease,dermatitis,28,0.0006
disease,cartilage,28,0.0006
disease,pneumonia,28,0.0006
disease,nevus,28,0.0006
disease,congenital,28,0.0006
disease,segment,28,0.0006
disease,primordium,28,0.0006
disease,metabolite,27,0.0006
disease,cortex,27,0.0006
disease,water,27,0.0006
disease,matter,27,0.0006
disease,lumen,27,0.0006
disease,neck,27,0.0006
disease,syndactyly,27,0.0006
disease,delay,27,0.0006
disease,metatarsal,27,0.0006
disease,arch,27,0.0006
disease,polyp,27,0.0006
disease,astrocytoma,27,0.0006
disease,uterus,26,0.0006
disease,retina,26,0.0006
disease,division,26,0.0006
disease,immunity,26,0.0006
disease,obstruction,26,0.0006
disease,kidney,26,0.0006
disease,fibrosis,26,0.0006
disease,necrosis,26,0.0006
disease,count,26,0.0006
disease,malformations,26,0.0006
disease,childhood,26,0.0006
disease,bronchiole,25,0.0006
disease,column,25,0.0006
disease,dust,25,0.0006
disease,hypertrophy,25,0.0006
disease,contracture,25,0.0006
disease,lipodystrophy,25,0.0006
disease,glomerulonephritis,25,0.0006
disease,hereditary,25,0.0006
disease,defects,25,0.0006
disease,nucleus,24,0.0006
disease,eyelid,24,0.0006
disease,migration,24,0.0006
disease,hypersensitivity,24,0.0006
disease,localization,24,0.0006
disease,penis,24,0.0006
disease,media,24,0.0006
disease,coloboma,24,0.0006
disease,paralysis,24,0.0006
disease,ichthyosis,24,0.0006
disease,hypomyelinating,24,0.0006
disease,antibodies,24,0.0006
disease,ciliopathy,24,0.0006
disease,plexus,23,0.0005
disease,motility,23,0.0005
disease,proportion,23,0.0005
disease,brain,23,0.0005
disease,vasculitis,23,0.0005
disease,liposarcoma,23,0.0005
disease,spectrum,23,0.0005
disease,ganglion,23,0.0005
disease,formation,22,0.0005
disease,fluid,22,0.0005
disease,transduction,22,0.0005
disease,vesicle,22,0.0005
disease,impairment,22,0.0005
disease,lesion,22,0.0005
disease,liver,22,0.0005
disease,thrombosis,22,0.0005
disease,pattern,22,0.0005
disease,wall,22,0.0005
disease,dysostosis,22,0.0005
disease,osteosarcoma,22,0.0005
disease,variant,22,0.0005
disease,ependymoma,22,0.0005
disease,congenita,22,0.0005
disease,placode,22,0.0005
disease,plate,22,0.0005
disease,derivative,21,0.0005
disease,atrium,21,0.0005
disease,stature,21,0.0005
disease,abnormality,21,0.0005
disease,aorta,21,0.0005
disease,acidosis,21,0.0005
disease,mesothelioma,21,0.0005
disease,features,21,0.0005
disease,amaurosis,21,0.0005
disease,toxicity,21,0.0005
disease,hormone,20,0.0005
disease,fibroblast,20,0.0005
disease,thymocyte,20,0.0005
disease,breast,20,0.0005
disease,septum,20,0.0005
disease,production,20,0.0005
disease,movement,20,0.0005
disease,transmission,20,0.0005
disease,pigmentation,20,0.0005
disease,cells,20,0.0005
disease,arthritis,20,0.0005
disease,vertebrae,20,0.0005
disease,level,20,0.0005
disease,meningitis,20,0.0005
disease,conjunctivitis,20,0.0005
disease,asthma,20,0.0005
disease,glioma,20,0.0005
disease,infancy,20,0.0005
disease,uteri,20,0.0005
disease,hamster,20,0.0005
disease,monkey,20,0.0005
disease,manus,20,0.0005
disease,mesoderm,20,0.0005
disease,pad,20,0.0005
disease,space,19,0.0004
disease,genitalia,19,0.0004
disease,ureter,19,0.0004
disease,weakness,19,0.0004
disease,glands,19,0.0004
disease,agnosia,19,0.0004
disease,module,19,0.0004
disease,related,19,0.0004
disease,thrombocytopenia,19,0.0004
disease,craniosynostosis,19,0.0004
disease,pes,19,0.0004
disease,part,18,0.0004
disease,positive,18,0.0004
disease,sac,18,0.0004
disease,pressure,18,0.0004
disease,mass,18,0.0004
disease,chemotaxis,18,0.0004
disease,head,18,0.0004
disease,eyelashes,18,0.0004
disease,vagina,18,0.0004
disease,synostosis,18,0.0004
disease,pelvis,18,0.0004
disease,dementia,18,0.0004
disease,bodies,18,0.0004
disease,cysts,18,0.0004
disease,aneurysm,18,0.0004
disease,neonatal,18,0.0004
disease,ectoderm,18,0.0004
disease,steroid,17,0.0004
disease,zwitterion,17,0.0004
disease,progenitor,17,0.0004
disease,thymus,17,0.0004
disease,gallbladder,17,0.0004
disease,face,17,0.0004
disease,biome,17,0.0004
disease,signaling,17,0.0004
disease,proliferation,17,0.0004
disease,ulcer,17,0.0004
disease,jaw,17,0.0004
disease,cystadenoma,17,0.0004
disease,leukoencephalopathy,17,0.0004
disease,vitreoretinopathy,17,0.0004
disease,predisposition,17,0.0004
disease,medaka,17,0.0004
disease,component,16,0.0004
disease,spleen,16,0.0004
disease,ligament,16,0.0004
disease,radiation,16,0.0004
disease,organism,16,0.0004
disease,segregation,16,0.0004
disease,elongation,16,0.0004
disease,pregnancy,16,0.0004
disease,function,16,0.0004
disease,microcephaly,16,0.0004
disease,infections,16,0.0004
disease,pancreatitis,16,0.0004
disease,intolerance,16,0.0004
disease,radius,16,0.0004
disease,humerus,16,0.0004
disease,heart,16,0.0004
disease,diarrhea,16,0.0004
disease,granuloma,16,0.0004
disease,paraganglioma,16,0.0004
disease,keratitis,16,0.0004
disease,testis,16,0.0004
disease,cholangitis,16,0.0004
disease,cystadenocarcinoma,16,0.0004
disease,neoplasia,16,0.0004
disease,histiocytosis,16,0.0004
disease,reversal,16,0.0004
disease,involvement,16,0.0004
disease,cation,15,0.0003
disease,potential,15,0.0003
disease,pain,15,0.0003
disease,tooth,15,0.0003
disease,hernia,15,0.0003
disease,nose,15,0.0003
disease,fossa,15,0.0003
disease,erythematosus,15,0.0003
disease,femur,15,0.0003
disease,metaphysis,15,0.0003
disease,infantile,15,0.0003
disease,colitis,15,0.0003
disease,occlusion,15,0.0003
disease,polyneuropathy,15,0.0003
disease,gastritis,15,0.0003
disease,angiosarcoma,15,0.0003
disease,trunk,15,0.0003
disease,salt,14,0.0003
disease,fiber,14,0.0003
disease,rectum,14,0.0003
disease,stress,14,0.0003
disease,size,14,0.0003
disease,mouth,14,0.0003
disease,sequence,14,0.0003
disease,resistance,14,0.0003
disease,keratoderma,14,0.0003
disease,callosum,14,0.0003
disease,dislocation,14,0.0003
disease,tachycardia,14,0.0003
disease,clitoris,14,0.0003
disease,osteoporosis,14,0.0003
disease,blood,14,0.0003
disease,grade,14,0.0003
disease,injury,14,0.0003
disease,fibrosarcoma,14,0.0003
disease,choriocarcinoma,14,0.0003
disease,urticaria,14,0.0003
disease,autosomal,14,0.0003
disease,polyposis,14,0.0003
disease,tpq,14,0.0003
disease,pouch,14,0.0003
disease,capsule,13,0.0003
disease,phosphorylation,13,0.0003
disease,acceptor,13,0.0003
disease,growth,13,0.0003
disease,sleep,13,0.0003
disease,hypogonadism,13,0.0003
disease,ridge,13,0.0003
disease,block,13,0.0003
disease,ulna,13,0.0003
disease,fibula,13,0.0003
disease,fingers,13,0.0003
disease,tibia,13,0.0003
disease,pericardium,13,0.0003
disease,chondrosarcoma,13,0.0003
disease,neuroblastoma,13,0.0003
disease,arrest,13,0.0003
disease,blindness,13,0.0003
disease,dermatomyositis,13,0.0003
disease,adenofibroma,13,0.0003
disease,myositis,13,0.0003
disease,sickness,13,0.0003
disease,uveitis,13,0.0003
disease,buffalo,13,0.0003
disease,deer,13,0.0003
disease,genus,13,0.0003
disease,sphincter,13,0.0003
disease,ion,12,0.0003
disease,phosphate,12,0.0003
disease,role,12,0.0003
disease,medulla,12,0.0003
disease,initiation,12,0.0003
disease,trimer,12,0.0003
disease,adhesion,12,0.0003
disease,death,12,0.0003
disease,reflex,12,0.0003
disease,sinusitis,12,0.0003
disease,diaphragm,12,0.0003
disease,hypothyroidism,12,0.0003
disease,arteries,12,0.0003
disease,spasticity,12,0.0003
disease,amyotrophy,12,0.0003
disease,fat,12,0.0003
disease,suture,12,0.0003
disease,cornea,12,0.0003
disease,ophthalmoplegia,12,0.0003
disease,isolated,12,0.0003
disease,microphthalmia,12,0.0003
disease,myoclonic,12,0.0003
disease,syphilis,12,0.0003
disease,nephropathy,12,0.0003
disease,abscess,12,0.0003
disease,deletion,12,0.0003
disease,dependence,12,0.0003
disease,porphyria,12,0.0003
disease,reflux,12,0.0003
disease,hamartoma,12,0.0003
disease,bullosa,12,0.0003
disease,like,12,0.0003
disease,variable,12,0.0003
disease,osteopetrosis,12,0.0003
disease,zellweger,12,0.0003
disease,microdeletion,12,0.0003
disease,quail,12,0.0003
disease,llama,12,0.0003
disease,boundary,12,0.0003
environment,product,251,0.0530
environment,soil,142,0.0300
environment,water,137,0.0289
environment,biome,126,0.0266
environment,material,107,0.0226
environment,entity,86,0.0182
environment,atom,78,0.0165
environment,environment,71,0.0150
environment,system,65,0.0137
environment,zone,62,0.0131
environment,lake,59,0.0125
environment,ice,59,0.0125
environment,facility,56,0.0118
environment,layer,53,0.0112
environment,forest,48,0.0101
environment,compound,46,0.0097
environment,sediment,45,0.0095
environment,radiation,34,0.0072
environment,plant,32,0.0068
environment,snow,32,0.0068
environment,structure,32,0.0068
environment,epithelium,32,0.0068
environment,area,28,0.0059
environment,front,28,0.0059
environment,beverage,28,0.0059
environment,region,26,0.0055
environment,ecosystem,26,0.0055
environment,acid,25,0.0053
environment,surface,25,0.0053
environment,cloud,25,0.0053
environment,tissue,25,0.0053
environment,body,23,0.0049
environment,field,23,0.0049
environment,energy,23,0.0049
environment,anion,22,0.0046
environment,spring,21,0.0044
environment,cave,20,0.0042
environment,quality,20,0.0042
environment,dust,20,0.0042
environment,pond,18,0.0038
environment,bed,17,0.0036
environment,fluid,17,0.0036
environment,vessel,17,0.0036
environment,sand,16,0.0034
environment,wall,16,0.0034
environment,wind,16,0.0034
environment,mesenchyme,16,0.0034
environment,derivative,15,0.0032
environment,salt,15,0.0032
environment,crest,15,0.0032
environment,planet,15,0.0032
environment,cfr,15,0.0032
environment,organ,15,0.0032
environment,muscle,15,0.0032
environment,inhibitor,14,0.0030
environment,particle,14,0.0030
environment,island,14,0.0030
environment,floor,14,0.0030
environment,building,14,0.0030
environment,mass,14,0.0030
environment,phosphate,13,0.0027
environment,gas,13,0.0027
environment,reef,13,0.0027
environment,dam,13,0.0027
environment,column,13,0.0027
environment,flow,13,0.0027
environment,atmosphere,13,0.0027
environment,mountain,13,0.0027
environment,mesoderm,13,0.0027
environment,part,12,0.0025
environment,stream,12,0.0025
environment,unit,12,0.0025
environment,manure,12,0.0025
geology.mineral,sadanagaite,13,0.0197
geology.rock,udcs,415,0.1368
geology.rock,rock,285,0.0940
geology.rock,mudstone,80,0.0264
geology.rock,limestone,78,0.0257
geology.rock,sandstone,71,0.0234
geology.rock,psammite,65,0.0214
geology.rock,semipelite,64,0.0211
geology.rock,gabbro,51,0.0168
geology.rock,pelite,46,0.0152
geology.rock,tuff,45,0.0148
geology.rock,basalt,42,0.0138
geology.rock,breccia,41,0.0135
geology.rock,andesite,36,0.0119
geology.rock,siltstone,36,0.0119
geology.rock,microgabbro,35,0.0115
geology.rock,stone,33,0.0109
geology.rock,lava,32,0.0106
geology.rock,granite,31,0.0102
geology.rock,conglomerate,31,0.0102
geology.rock,sediment,31,0.0102
geology.rock,tas,30,0.0099
geology.rock,diorite,30,0.0099
geology.rock,coal,29,0.0096
geology.rock,microgranite,28,0.0092
geology.rock,ironstone,25,0.0082
geology.rock,microdiorite,25,0.0082
geology.rock,metabasalt,24,0.0079
geology.rock,gravel,24,0.0079
geology.rock,quartzite,24,0.0079
geology.rock,sand,23,0.0076
geology.rock,rocks,22,0.0073
geology.rock,metamudstone,21,0.0069
geology.rock,schist,19,0.0063
geology.rock,syenite,18,0.0059
geology.rock,clay,18,0.0059
geology.rock,folk,18,0.0059
geology.rock,mud,17,0.0056
geology.rock,trachyte,16,0.0053
geology.rock,metalava,16,0.0053
geology.rock,grainstone,16,0.0053
geology.rock,packstone,16,0.0053
geology.rock,wackestone,16,0.0053
geology.rock,dolostone,16,0.0053
geology.rock,norite,16,0.0053
geology.rock,waste,15,0.0049
geology.rock,metagranite,15,0.0049
geology.rock,metalimestone,15,0.0049
geology.rock,felsite,14,0.0046
geology.rock,boundstone,14,0.0046
geology.rock,dolerite,14,0.0046
geology.rock,granodiorite,14,0.0046
geology.rock,arenite,14,0.0046
geology.rock,gneiss,14,0.0046
geology.rock,metagabbro,13,0.0043
geology.rock,metatuff,13,0.0043
geology.rock,metasandstone,13,0.0043
geology.rock,phosphorite,13,0.0043
geology.rock,vein,12,0.0040
geology.rock,microgranodiorite,12,0.0040
geology.rock,lamproite,12,0.0040
law,law,353,0.1654
law,act,81,0.0380
law,legislation,39,0.0183
law,states,37,0.0173
law,decree,35,0.0164
law,germany,30,0.0141
law,laws,28,0.0131
law,agreement,28,0.0131
law,france,25,0.0117
law,constitution,24,0.0112
law,code,23,0.0108
law,union,23,0.0108
law,india,21,0.0098
law,rights,20,0.0094
law,regulations,20,0.0094
law,regulation,19,0.0089
law,treaty,19,0.0089
law,order,18,0.0084
law,china,15,0.0070
law,ban,14,0.0066
law,right,13,0.0061
law,kingdom,12,0.0056
law,suffrage,12,0.0056
law,indonesia,12,0.0056
medicine.all,ctcae,9369,0.0591
medicine.all,gene,7097,0.0448
medicine.all,allele,6530,0.0412
medicine.all,question,5329,0.0336
medicine.all,measurement,4565,0.0288
medicine.all,carcinoma,2678,0.0169
medicine.all,terminology,2223,0.0140
medicine.all,hydrochloride,1819,0.0115
medicine.all,regimen,1757,0.0111
medicine.all,protein,1569,0.0099
medicine.all,neoplasm,1558,0.0098
medicine.all,score,1359,0.0086
medicine.all,mutation,1177,0.0074
medicine.all,tumor,1081,0.0068
medicine.all,lymphoma,1074,0.0068
medicine.all,cell,862,0.0054
medicine.all,syndrome,846,0.0053
medicine.all,device,758,0.0048
medicine.all,adenocarcinoma,727,0.0046
medicine.all,pathway,713,0.0045
medicine.all,code,696,0.0044
medicine.all,indicator,671,0.0042
medicine.all,result,658,0.0042
medicine.all,sodium,650,0.0041
medicine.all,positive,641,0.0040
medicine.all,finding,613,0.0039
medicine.all,vaccine,612,0.0039
medicine.all,cells,602,0.0038
medicine.all,entity,595,0.0038
medicine.all,therapy,560,0.0035
medicine.all,count,544,0.0034
medicine.all,language,491,0.0031
medicine.all,present,488,0.0031
medicine.all,method,486,0.0031
medicine.all,vincristine,477,0.0030
medicine.all,identifier,476,0.0030
medicine.all,stage,473,0.0030
medicine.all,system,462,0.0029
medicine.all,unit,455,0.0029
medicine.all,acid,448,0.0028
medicine.all,sarcoma,419,0.0026
medicine.all,rearrangement,418,0.0026
medicine.all,artery,384,0.0024
medicine.all,day,369,0.0023
medicine.all,test,368,0.0023
medicine.all,product,363,0.0023
medicine.all,response,357,0.0023
medicine.all,questionnaire,344,0.0022
medicine.all,antigen,344,0.0022
medicine.all,negative,342,0.0022
medicine.all,anhydrous,333,0.0021
medicine.all,domain,328,0.0021
medicine.all,factor,322,0.0020
medicine.all,administration,319,0.0020
medicine.all,leukemia,312,0.0020
medicine.all,gland,312,0.0020
medicine.all,time,305,0.0019
medicine.all,antibody,300,0.0019
medicine.all,inhibitor,298,0.0019
medicine.all,status,295,0.0019
medicine.all,name,288,0.0018
medicine.all,receptor,279,0.0018
medicine.all,agent,278,0.0018
medicine.all,scale,267,0.0017
medicine.all,pain,263,0.0017
medicine.all,infection,256,0.0016
medicine.all,grade,252,0.0016
medicine.all,lymphocytes,251,0.0016
medicine.all,word,251,0.0016
medicine.all,deficiency,251,0.0016
medicine.all,acetate,251,0.0016
medicine.all,number,251,0.0016
medicine.all,date,249,0.0016
medicine.all,assessment,239,0.0015
medicine.all,pollen,238,0.0015
medicine.all,melanoma,236,0.0015
medicine.all,adenoma,234,0.0015
medicine.all,sulfate,233,0.0015
medicine.all,eye,229,0.0014
medicine.all,mouse,228,0.0014
medicine.all,documentation,224,0.0014
medicine.all,lesion,223,0.0014
medicine.all,alfa,223,0.0014
medicine.all,tissue,221,0.0014
medicine.all,table,216,0.0014
medicine.all,procedure,215,0.0014
medicine.all,study,215,0.0014
medicine.all,oil,215,0.0014
medicine.all,analysis,213,0.0013
medicine.all,problem,210,0.0013
medicine.all,activities,207,0.0013
medicine.all,variant,202,0.0013
medicine.all,site,199,0.0013
medicine.all,index,196,0.0012
medicine.all,monohydrate,194,0.0012
medicine.all,category,192,0.0012
medicine.all,mesylate,191,0.0012
medicine.all,report,185,0.0012
medicine.all,milliliter,182,0.0011
medicine.all,mirna,182,0.0011
medicine.all,region,182,0.0011
medicine.all,assay,178,0.0011
medicine.all,muscle,176,0.0011
medicine.all,expression,174,0.0011
medicine.all,member,173,0.0011
medicine.all,dose,172,0.0011
medicine.all,family,172,0.0011
medicine.all,imaging,172,0.0011
medicine.all,alpha,168,0.0011
medicine.all,pattern,167,0.0011
medicine.all,skin,164,0.0010
medicine.all,weight,164,0.0010
medicine.all,cancer,162,0.0010
medicine.all,description,162,0.0010
medicine.all,beta,160,0.0010
medicine.all,injury,159,0.0010
medicine.all,area,159,0.0010
medicine.all,rate,159,0.0010
medicine.all,kinase,158,0.0010
medicine.all,side,153,0.0010
medicine.all,percent,152,0.0010
medicine.all,specified,151,0.0010
medicine.all,squared,150,0.0009
medicine.all,version,150,0.0009
medicine.all,cyst,147,0.0009
medicine.all,maleate,147,0.0009
medicine.all,surgery,146,0.0009
medicine.all,life,146,0.0009
medicine.all,hyperplasia,146,0.0009
medicine.all,peptide,145,0.0009
medicine.all,range,145,0.0009
medicine.all,fish,145,0.0009
medicine.all,nodes,142,0.0009
medicine.all,treatment,140,0.0009
medicine.all,phosphate,140,0.0009
medicine.all,homolog,138,0.0009
medicine.all,mitochondrial,138,0.0009
medicine.all,chloride,138,0.0009
medicine.all,hours,137,0.0009
medicine.all,node,137,0.0009
medicine.all,dihydrochloride,137,0.0009
medicine.all,paclitaxel,136,0.0009
medicine.all,vein,136,0.0009
medicine.all,format,135,0.0009
medicine.all,calcium,134,0.0008
medicine.all,subunit,134,0.0008
medicine.all,remission,134,0.0008
medicine.all,work,132,0.0008
medicine.all,meningioma,132,0.0008
medicine.all,chain,131,0.0008
medicine.all,event,129,0.0008
medicine.all,condition,127,0.0008
medicine.all,tract,126,0.0008
medicine.all,severity,125,0.0008
medicine.all,research,125,0.0008
medicine.all,dysplasia,124,0.0008
medicine.all,exposure,124,0.0008
medicine.all,center,124,0.0008
medicine.all,neoplasia,124,0.0008
medicine.all,supplement,123,0.0008
medicine.all,differentiation,121,0.0008
medicine.all,virus,119,0.0008
medicine.all,bromide,119,0.0008
medicine.all,criteria,118,0.0007
medicine.all,lymphocyte,118,0.0007
medicine.all,performed,117,0.0007
medicine.all,sites,117,0.0007
medicine.all,foot,116,0.0007
medicine.all,astrocytoma,116,0.0007
medicine.all,kilogram,115,0.0007
medicine.all,bone,115,0.0007
medicine.all,fluid,114,0.0007
medicine.all,trial,110,0.0007
medicine.all,shoulder,109,0.0007
medicine.all,fumarate,109,0.0007
medicine.all,duration,108,0.0007
medicine.all,dataset,108,0.0007
medicine.all,nmcga,107,0.0007
medicine.all,sargramostim,106,0.0007
medicine.all,extremity,106,0.0007
medicine.all,illness,106,0.0007
medicine.all,facility,105,0.0007
medicine.all,tartrate,105,0.0007
medicine.all,failure,104,0.0007
medicine.all,complex,104,0.0007
medicine.all,amplification,104,0.0007
medicine.all,body,104,0.0007
medicine.all,limb,103,0.0007
medicine.all,hemorrhage,102,0.0006
medicine.all,hip,102,0.0006
medicine.all,hemangioma,102,0.0006
medicine.all,hand,101,0.0006
medicine.all,biopsy,101,0.0006
medicine.all,glioma,100,0.0006
medicine.all,rhabdomyosarcoma,99,0.0006
medicine.all,breast,98,0.0006
medicine.all,involvement,98,0.0006
medicine.all,citrate,97,0.0006
medicine.all,frequency,97,0.0006
medicine.all,unknown,95,0.0006
medicine.all,program,95,0.0006
medicine.all,set,95,0.0006
medicine.all,nevus,95,0.0006
medicine.all,formation,94,0.0006
medicine.all,specimen,94,0.0006
medicine.all,gram,93,0.0006
medicine.all,answer,93,0.0006
medicine.all,interleukin,92,0.0006
medicine.all,vinblastine,91,0.0006
medicine.all,energy,91,0.0006
medicine.all,mass,91,0.0006
medicine.all,papilloma,91,0.0006
medicine.all,polyp,90,0.0006
medicine.all,week,89,0.0006
medicine.all,sequencing,89,0.0006
medicine.all,inhibition,89,0.0006
medicine.all,chromosome,89,0.0006
medicine.all,resource,89,0.0006
medicine.all,joint,88,0.0006
medicine.all,epithelium,88,0.0006
medicine.all,trimester,88,0.0006
medicine.all,intervention,87,0.0005
medicine.all,lifetime,87,0.0005
medicine.all,teratoma,87,0.0005
medicine.all,diagnosis,86,0.0005
medicine.all,volume,86,0.0005
medicine.all,hour,86,0.0005
medicine.all,leiomyosarcoma,84,0.0005
medicine.all,testing,83,0.0005
medicine.all,complication,82,0.0005
medicine.all,ratio,82,0.0005
medicine.all,health,82,0.0005
medicine.all,covid,82,0.0005
medicine.all,problems,81,0.0005
medicine.all,extract,81,0.0005
medicine.all,leg,81,0.0005
medicine.all,liposarcoma,81,0.0005
medicine.all,minute,80,0.0005
medicine.all,second,79,0.0005
medicine.all,tube,79,0.0005
medicine.all,material,78,0.0005
medicine.all,dihydrate,78,0.0005
medicine.all,bilateral,78,0.0005
medicine.all,things,77,0.0005
medicine.all,potassium,77,0.0005
medicine.all,label,77,0.0005
medicine.all,interval,76,0.0005
medicine.all,stenosis,75,0.0005
medicine.all,flavor,75,0.0005
medicine.all,months,75,0.0005
medicine.all,edema,75,0.0005
medicine.all,nerve,75,0.0005
medicine.all,data,74,0.0005
medicine.all,tired,74,0.0005
medicine.all,care,73,0.0005
medicine.all,like,73,0.0005
medicine.all,plasma,73,0.0005
medicine.all,knee,73,0.0005
medicine.all,identified,73,0.0005
medicine.all,home,72,0.0005
medicine.all,information,72,0.0005
medicine.all,attempt,72,0.0005
medicine.all,concentration,72,0.0005
medicine.all,location,72,0.0005
medicine.all,text,72,0.0005
medicine.all,relationship,72,0.0005
medicine.all,lung,72,0.0005
medicine.all,tamoxifen,71,0.0004
medicine.all,methotrexate,71,0.0004
medicine.all,neck,71,0.0004
medicine.all,liter,71,0.0004
medicine.all,effect,71,0.0004
medicine.all,cavity,70,0.0004
medicine.all,succinate,70,0.0004
medicine.all,figo,70,0.0004
medicine.all,change,69,0.0004
medicine.all,part,69,0.0004
medicine.all,technique,69,0.0004
medicine.all,segment,69,0.0004
medicine.all,root,69,0.0004
medicine.all,mesothelioma,69,0.0004
medicine.all,elbow,69,0.0004
medicine.all,wrist,69,0.0004
medicine.all,perforation,68,0.0004
medicine.all,plan,68,0.0004
medicine.all,birth,68,0.0004
medicine.all,preparation,68,0.0004
medicine.all,leiomyoma,68,0.0004
medicine.all,hydrobromide,68,0.0004
medicine.all,specify,67,0.0004
medicine.all,rna,67,0.0004
medicine.all,friends,67,0.0004
medicine.all,strain,67,0.0004
medicine.all,prostate,67,0.0004
medicine.all,etoposide,65,0.0004
medicine.all,lipoma,65,0.0004
medicine.all,compound,64,0.0004
medicine.all,disodium,64,0.0004
medicine.all,use,63,0.0004
medicine.all,solution,63,0.0004
medicine.all,reaction,63,0.0004
medicine.all,model,63,0.0004
medicine.all,osteosarcoma,63,0.0004
medicine.all,anemia,63,0.0004
medicine.all,symptoms,61,0.0004
medicine.all,death,61,0.0004
medicine.all,pressure,61,0.0004
medicine.all,abnormality,61,0.0004
medicine.all,transplantation,61,0.0004
medicine.all,duct,61,0.0004
medicine.all,angiosarcoma,61,0.0004
medicine.all,workers,61,0.0004
medicine.all,protocol,60,0.0004
medicine.all,worse,60,0.0004
medicine.all,cholangiocarcinoma,60,0.0004
medicine.all,value,60,0.0004
medicine.all,overexpression,60,0.0004
medicine.all,chinese,60,0.0004
medicine.all,neuroblastoma,59,0.0004
medicine.all,fraction,59,0.0004
medicine.all,point,58,0.0004
medicine.all,fistula,58,0.0004
medicine.all,comment,58,0.0004
medicine.all,therapist,58,0.0004
medicine.all,clinic,57,0.0004
medicine.all,tosylate,57,0.0004
medicine.all,paraganglioma,57,0.0004
medicine.all,cytoplasm,57,0.0004
medicine.all,specialist,57,0.0004
medicine.all,reason,56,0.0004
medicine.all,risk,56,0.0004
medicine.all,document,56,0.0004
medicine.all,management,56,0.0004
medicine.all,associated,56,0.0004
medicine.all,not,56,0.0004
medicine.all,month,55,0.0003
medicine.all,bed,55,0.0003
medicine.all,examination,55,0.0003
medicine.all,diameter,55,0.0003
medicine.all,nmcgt,55,0.0003
medicine.all,liver,55,0.0003
medicine.all,alteration,55,0.0003
medicine.all,autoleucel,55,0.0003
medicine.all,schwannoma,55,0.0003
medicine.all,evaluation,54,0.0003
medicine.all,swallowing,54,0.0003
medicine.all,level,54,0.0003
medicine.all,tomography,54,0.0003
medicine.all,isoform,54,0.0003
medicine.all,nodule,54,0.0003
medicine.all,binding,54,0.0003
medicine.all,neoplasms,54,0.0003
medicine.all,iodide,54,0.0003
medicine.all,days,53,0.0003
medicine.all,nmcag,53,0.0003
medicine.all,easily,53,0.0003
medicine.all,contrast,53,0.0003
medicine.all,encephalopathy,53,0.0003
medicine.all,year,52,0.0003
medicine.all,night,52,0.0003
medicine.all,damage,52,0.0003
medicine.all,obstruction,52,0.0003
medicine.all,transporter,52,0.0003
medicine.all,meter,52,0.0003
medicine.all,cord,52,0.0003
medicine.all,formula,52,0.0003
medicine.all,epilepticus,52,0.0003
medicine.all,inactivation,52,0.0003
medicine.all,gamma,51,0.0003
medicine.all,loss,51,0.0003
medicine.all,membrane,51,0.0003
medicine.all,artifact,51,0.0003
medicine.all,phase,51,0.0003
medicine.all,metaplasia,51,0.0003
medicine.all,nmcct,51,0.0003
medicine.all,nmcgc,51,0.0003
medicine.all,situ,51,0.0003
medicine.all,carcinosarcoma,51,0.0003
medicine.all,help,50,0.0003
medicine.all,well,50,0.0003
medicine.all,defect,50,0.0003
medicine.all,antagonist,50,0.0003
medicine.all,items,50,0.0003
medicine.all,glioblastoma,50,0.0003
medicine.all,blood,50,0.0003
medicine.all,fibroma,50,0.0003
medicine.all,canthus,50,0.0003
medicine.all,address,49,0.0003
medicine.all,people,49,0.0003
medicine.all,visit,49,0.0003
medicine.all,section,49,0.0003
medicine.all,years,49,0.0003
medicine.all,chemotherapy,49,0.0003
medicine.all,fracture,49,0.0003
medicine.all,fever,49,0.0003
medicine.all,sample,49,0.0003
medicine.all,excipient,49,0.0003
medicine.all,induction,49,0.0003
medicine.all,technologist,49,0.0003
medicine.all,subscore,48,0.0003
medicine.all,azd,48,0.0003
medicine.all,component,48,0.0003
medicine.all,flag,48,0.0003
medicine.all,space,48,0.0003
medicine.all,file,48,0.0003
medicine.all,infarction,48,0.0003
medicine.all,translocation,48,0.0003
medicine.all,mri,48,0.0003
medicine.all,control,48,0.0003
medicine.all,than,48,0.0003
medicine.all,atypia,48,0.0003
medicine.all,uncomplicated,48,0.0003
medicine.all,conjugate,47,0.0003
medicine.all,intensity,47,0.0003
medicine.all,dna,47,0.0003
medicine.all,ependymoma,47,0.0003
medicine.all,line,47,0.0003
medicine.all,nursing,47,0.0003
medicine.all,closure,46,0.0003
medicine.all,resection,46,0.0003
medicine.all,scan,46,0.0003
medicine.all,profile,46,0.0003
medicine.all,hypertension,46,0.0003
medicine.all,kidney,46,0.0003
medicine.all,reference,46,0.0003
medicine.all,branch,46,0.0003
medicine.all,myself,46,0.0003
medicine.all,prednisone,45,0.0003
medicine.all,patient,45,0.0003
medicine.all,object,45,0.0003
medicine.all,drug,45,0.0003
medicine.all,age,45,0.0003
medicine.all,all,45,0.0003
medicine.all,proliferation,45,0.0003
medicine.all,arthritis,45,0.0003
medicine.all,length,45,0.0003
medicine.all,development,45,0.0003
medicine.all,quantity,45,0.0003
medicine.all,medicine,44,0.0003
medicine.all,nmcdel,44,0.0003
medicine.all,dysfunction,44,0.0003
medicine.all,thiotepa,44,0.0003
medicine.all,urine,44,0.0003
medicine.all,chemokine,44,0.0003
medicine.all,canal,44,0.0003
medicine.all,total,43,0.0003
medicine.all,block,43,0.0003
medicine.all,potential,43,0.0003
medicine.all,contact,43,0.0003
medicine.all,distribution,43,0.0003
medicine.all,vessel,43,0.0003
medicine.all,minutes,43,0.0003
medicine.all,function,43,0.0003
medicine.all,radiation,43,0.0003
medicine.all,topotecan,43,0.0003
medicine.all,toxicity,43,0.0003
medicine.all,pregnancy,43,0.0003
medicine.all,hamartoma,43,0.0003
medicine.all,note,43,0.0003
medicine.all,coma,43,0.0003
medicine.all,languages,43,0.0003
medicine.all,gel,42,0.0003
medicine.all,capsule,42,0.0003
medicine.all,legs,42,0.0003
medicine.all,nephropathy,42,0.0003
medicine.all,leakage,42,0.0003
medicine.all,chondrosarcoma,42,0.0003
medicine.all,surface,42,0.0003
medicine.all,terrier,42,0.0003
medicine.all,person,41,0.0003
medicine.all,food,41,0.0003
medicine.all,administered,41,0.0003
medicine.all,done,41,0.0003
medicine.all,deletion,41,0.0003
medicine.all,physician,41,0.0003
medicine.all,leaf,41,0.0003
medicine.all,necrosis,40,0.0003
medicine.all,mouth,40,0.0003
medicine.all,application,40,0.0003
medicine.all,units,40,0.0003
medicine.all,increased,40,0.0003
medicine.all,elsewhere,40,0.0003
medicine.all,interest,39,0.0002
medicine.all,setting,39,0.0002
medicine.all,identification,39,0.0002
medicine.all,breath,39,0.0002
medicine.all,start,39,0.0002
medicine.all,capacity,39,0.0002
medicine.all,myeloma,39,0.0002
medicine.all,bladder,39,0.0002
medicine.all,abscess,39,0.0002
medicine.all,ligament,39,0.0002
medicine.all,fibrosarcoma,39,0.0002
medicine.all,spleen,39,0.0002
medicine.all,walking,38,0.0002
medicine.all,partner,38,0.0002
medicine.all,myopathy,38,0.0002
medicine.all,structure,38,0.0002
medicine.all,item,38,0.0002
medicine.all,invasion,38,0.0002
medicine.all,immunoassay,38,0.0002
medicine.all,microscopy,38,0.0002
medicine.all,title,38,0.0002
medicine.all,vertebra,38,0.0002
medicine.all,esophagus,38,0.0002
medicine.all,glomerulonephritis,38,0.0002
medicine.all,mucosa,38,0.0002
medicine.all,melphalan,37,0.0002
medicine.all,behavior,37,0.0002
medicine.all,state,37,0.0002
medicine.all,mitoxantrone,37,0.0002
medicine.all,phosphatase,37,0.0002
medicine.all,distress,37,0.0002
medicine.all,origin,37,0.0002
medicine.all,sampling,37,0.0002
medicine.all,delivery,37,0.0002
medicine.all,timepoint,37,0.0002
medicine.all,cystadenoma,37,0.0002
medicine.all,screening,37,0.0002
medicine.all,mitomycin,36,0.0002
medicine.all,medication,36,0.0002
medicine.all,less,36,0.0002
medicine.all,aneurysm,36,0.0002
medicine.all,vedotin,36,0.0002
medicine.all,stomach,36,0.0002
medicine.all,field,36,0.0002
medicine.all,formulation,36,0.0002
medicine.all,papillomavirus,36,0.0002
medicine.all,gemcitabine,36,0.0002
medicine.all,fibrosis,36,0.0002
medicine.all,trastuzumab,36,0.0002
medicine.all,pancreas,36,0.0002
medicine.all,dystrophy,36,0.0002
medicine.all,lactate,36,0.0002
medicine.all,features,36,0.0002
medicine.all,marrow,36,0.0002
medicine.all,systems,36,0.0002
medicine.all,sinus,35,0.0002
medicine.all,appetite,35,0.0002
medicine.all,ideation,35,0.0002
medicine.all,tongue,35,0.0002
medicine.all,period,35,0.0002
medicine.all,insufficiency,35,0.0002
medicine.all,eat,35,0.0002
medicine.all,density,35,0.0002
medicine.all,element,35,0.0002
medicine.all,valve,35,0.0002
medicine.all,thrombosis,35,0.0002
medicine.all,zone,35,0.0002
medicine.all,medulloblastoma,35,0.0002
medicine.all,sclerosis,35,0.0002
medicine.all,atrophy,35,0.0002
medicine.all,bms,35,0.0002
medicine.all,sex,35,0.0002
medicine.all,dimension,35,0.0002
medicine.all,doxorubicin,34,0.0002
medicine.all,population,34,0.0002
medicine.all,certainty,34,0.0002
medicine.all,worker,34,0.0002
medicine.all,gvhd,34,0.0002
medicine.all,nitrate,34,0.0002
medicine.all,nmctc,34,0.0002
medicine.all,reagent,34,0.0002
medicine.all,summary,34,0.0002
medicine.all,ulcer,34,0.0002
medicine.all,interference,34,0.0002
medicine.all,stain,34,0.0002
medicine.all,complaint,34,0.0002
medicine.all,onset,33,0.0002
medicine.all,subcategory,33,0.0002
medicine.all,rituximab,33,0.0002
medicine.all,vinorelbine,33,0.0002
medicine.all,network,33,0.0002
medicine.all,malformation,33,0.0002
medicine.all,granuloma,33,0.0002
medicine.all,absent,33,0.0002
medicine.all,cortex,33,0.0002
medicine.all,nucleus,33,0.0002
medicine.all,cervix,33,0.0002
medicine.all,glands,33,0.0002
medicine.all,nominal,33,0.0002
medicine.all,cistern,33,0.0002
medicine.all,history,32,0.0002
medicine.all,brachytherapy,32,0.0002
medicine.all,completion,32,0.0002
medicine.all,nmcat,32,0.0002
medicine.all,nausea,32,0.0002
medicine.all,job,32,0.0002
medicine.all,labor,32,0.0002
medicine.all,interaction,32,0.0002
medicine.all,milligram,32,0.0002
medicine.all,chordoma,32,0.0002
medicine.all,service,32,0.0002
medicine.all,technician,32,0.0002
medicine.all,hemihydrate,32,0.0002
medicine.all,resistance,31,0.0002
medicine.all,design,31,0.0002
medicine.all,neuropathy,31,0.0002
medicine.all,depressed,31,0.0002
medicine.all,position,31,0.0002
medicine.all,rest,31,0.0002
medicine.all,hands,31,0.0002
medicine.all,collection,31,0.0002
medicine.all,spectrometry,31,0.0002
medicine.all,occupations,31,0.0002
medicine.all,molecule,31,0.0002
medicine.all,nmcta,31,0.0002
medicine.all,hemangioendothelioma,31,0.0002
medicine.all,brain,31,0.0002
medicine.all,course,31,0.0002
medicine.all,larynx,31,0.0002
medicine.all,disturbance,31,0.0002
medicine.all,nurse,31,0.0002
medicine.all,cigs,31,0.0002
medicine.all,salicylate,31,0.0002
medicine.all,antibiotic,30,0.0002
medicine.all,stairs,30,0.0002
medicine.all,filgrastim,30,0.0002
medicine.all,colon,30,0.0002
medicine.all,arm,30,0.0002
medicine.all,nmccg,30,0.0002
medicine.all,dermatitis,30,0.0002
medicine.all,rating,30,0.0002
medicine.all,stimulation,30,0.0002
medicine.all,catheter,30,0.0002
medicine.all,pneumonia,30,0.0002
medicine.all,irradiation,30,0.0002
medicine.all,term,30,0.0002
medicine.all,ventricle,30,0.0002
medicine.all,choriocarcinoma,30,0.0002
medicine.all,dominant,30,0.0002
medicine.all,hepatoblastoma,30,0.0002
medicine.all,ovary,30,0.0002
medicine.all,tier,30,0.0002
medicine.all,sioux,30,0.0002
medicine.all,repair,29,0.0002
medicine.all,you,29,0.0002
medicine.all,error,29,0.0002
medicine.all,shower,29,0.0002
medicine.all,besylate,29,0.0002
medicine.all,sequence,29,0.0002
medicine.all,monitoring,29,0.0002
medicine.all,signature,29,0.0002
medicine.all,activation,29,0.0002
medicine.all,replacement,29,0.0002
medicine.all,adult,29,0.0002
medicine.all,encounter,29,0.0002
medicine.all,biology,29,0.0002
medicine.all,narrative,29,0.0002
medicine.all,ablation,28,0.0002
medicine.all,statement,28,0.0002
medicine.all,size,28,0.0002
medicine.all,infiltrate,28,0.0002
medicine.all,relapse,28,0.0002
medicine.all,substance,28,0.0002
medicine.all,down,28,0.0002
medicine.all,hospital,28,0.0002
medicine.all,entry,28,0.0002
medicine.all,nmctg,28,0.0002
medicine.all,organization,28,0.0002
medicine.all,ill,28,0.0002
medicine.all,sad,28,0.0002
medicine.all,malignancy,28,0.0002
medicine.all,children,28,0.0002
medicine.all,oligodendroglioma,28,0.0002
medicine.all,epilepsy,28,0.0002
medicine.all,metastasis,28,0.0002
medicine.all,lobe,28,0.0002
medicine.all,intestine,28,0.0002
medicine.all,abnormalities,28,0.0002
medicine.all,delusions,28,0.0002
medicine.all,sure,28,0.0002
medicine.all,neurofibroma,28,0.0002
medicine.all,map,28,0.0002
medicine.all,murmur,28,0.0002
medicine.all,sound,28,0.0002
medicine.all,tqb,28,0.0002
medicine.all,trihydrate,28,0.0002
medicine.all,sleep,27,0.0002
medicine.all,times,27,0.0002
medicine.all,ifosfamide,27,0.0002
medicine.all,extension,27,0.0002
medicine.all,alcohol,27,0.0002
medicine.all,synthase,27,0.0002
medicine.all,hormone,27,0.0002
medicine.all,pelvis,27,0.0002
medicine.all,review,27,0.0002
medicine.all,cream,27,0.0002
medicine.all,irinotecan,27,0.0002
medicine.all,issue,27,0.0002
medicine.all,width,27,0.0002
medicine.all,altered,27,0.0002
medicine.all,outcome,27,0.0002
medicine.all,paralysis,27,0.0002
medicine.all,moderate,27,0.0002
medicine.all,phalanx,27,0.0002
medicine.all,cystadenocarcinoma,27,0.0002
medicine.all,agonist,27,0.0002
medicine.all,presence,27,0.0002
medicine.all,genetics,27,0.0002
medicine.all,medulloepithelioma,27,0.0002
medicine.all,delirium,27,0.0002
medicine.all,hallucinations,27,0.0002
medicine.all,symptom,26,0.0002
medicine.all,methylprednisolone,26,0.0002
medicine.all,mood,26,0.0002
medicine.all,depression,26,0.0002
medicine.all,feet,26,0.0002
medicine.all,normal,26,0.0002
medicine.all,future,26,0.0002
medicine.all,immunohistochemistry,26,0.0002
medicine.all,appearance,26,0.0002
medicine.all,margin,26,0.0002
medicine.all,lethality,26,0.0002
medicine.all,measure,26,0.0002
medicine.all,oncology,26,0.0002
medicine.all,euthanasia,26,0.0002
medicine.all,diabetes,26,0.0002
medicine.all,presentation,26,0.0002
medicine.all,weak,26,0.0002
medicine.all,variable,26,0.0002
medicine.all,used,26,0.0002
medicine.all,secretion,26,0.0002
medicine.all,equipment,26,0.0002
medicine.all,fiber,26,0.0002
medicine.all,subtype,26,0.0002
medicine.all,retinoblastoma,26,0.0002
medicine.all,thymoma,26,0.0002
medicine.all,studies,26,0.0002
medicine.all,fruit,26,0.0002
medicine.all,graft,25,0.0002
medicine.all,chair,25,0.0002
medicine.all,nervous,25,0.0002
medicine.all,fluorouracil,25,0.0002
medicine.all,dead,25,0.0002
medicine.all,attempts,25,0.0002
medicine.all,radiotherapy,25,0.0002
medicine.all,culture,25,0.0002
medicine.all,source,25,0.0002
medicine.all,hydrolase,25,0.0002
medicine.all,pegol,25,0.0002
medicine.all,hair,25,0.0002
medicine.all,implant,25,0.0002
medicine.all,thalidomide,25,0.0002
medicine.all,urethra,25,0.0002
medicine.all,immunodeficiency,25,0.0002
medicine.all,dementia,25,0.0002
medicine.all,phenotype,25,0.0002
medicine.all,arteries,25,0.0002
medicine.all,sciences,25,0.0002
medicine.all,professional,25,0.0002
medicine.all,ataxia,25,0.0002
medicine.all,meglumine,25,0.0002
medicine.all,consortium,25,0.0002
medicine.all,hemangiopericytoma,25,0.0002
medicine.all,zebrafish,25,0.0002
medicine.all,content,24,0.0002
medicine.all,intent,24,0.0002
medicine.all,signaling,24,0.0002
medicine.all,occurrence,24,0.0002
medicine.all,deviation,24,0.0002
medicine.all,environment,24,0.0002
medicine.all,zidovudine,24,0.0002
medicine.all,concept,24,0.0002
medicine.all,spectroscopy,24,0.0002
medicine.all,thickness,24,0.0002
medicine.all,tumors,24,0.0002
medicine.all,needed,24,0.0002
medicine.all,sulcus,24,0.0002
medicine.all,tool,24,0.0002
medicine.all,delta,24,0.0002
medicine.all,seed,24,0.0002
medicine.all,ultrasound,24,0.0002
medicine.all,nmcca,24,0.0002
medicine.all,milk,24,0.0002
medicine.all,qualifier,24,0.0002
medicine.all,cartilage,24,0.0002
medicine.all,algorithm,24,0.0002
medicine.all,edition,24,0.0002
medicine.all,lip,24,0.0002
medicine.all,tetraxetan,24,0.0002
medicine.all,border,24,0.0002
medicine.all,colitis,24,0.0002
medicine.all,jnj,24,0.0002
medicine.all,mutant,24,0.0002
medicine.all,transfer,24,0.0002
medicine.all,child,24,0.0002
medicine.all,glycol,24,0.0002
medicine.all,attenuation,24,0.0002
medicine.all,chemistry,24,0.0002
medicine.all,organs,24,0.0002
medicine.all,polyneuropathy,24,0.0002
medicine.all,assistant,24,0.0002
medicine.all,dissection,23,0.0001
medicine.all,tobacco,23,0.0001
medicine.all,now,23,0.0001
medicine.all,events,23,0.0001
medicine.all,heart,23,0.0001
medicine.all,thioguanine,23,0.0001
medicine.all,substrate,23,0.0001
medicine.all,glycoprotein,23,0.0001
medicine.all,record,23,0.0001
medicine.all,progression,23,0.0001
medicine.all,dehydrogenase,23,0.0001
medicine.all,human,23,0.0001
medicine.all,marker,23,0.0001
medicine.all,pathologist,23,0.0001
medicine.all,oxide,23,0.0001
medicine.all,distance,23,0.0001
medicine.all,pamoate,23,0.0001
medicine.all,conjunctivitis,23,0.0001
medicine.all,uterus,23,0.0001
medicine.all,school,23,0.0001
medicine.all,plexus,23,0.0001
medicine.all,mode,23,0.0001
medicine.all,motif,23,0.0001
medicine.all,amyloidosis,23,0.0001
medicine.all,fear,23,0.0001
medicine.all,questions,23,0.0001
medicine.all,intake,23,0.0001
medicine.all,mean,23,0.0001
medicine.all,significance,23,0.0001
medicine.all,excision,23,0.0001
medicine.all,immunotoxin,23,0.0001
medicine.all,flower,23,0.0001
medicine.all,flow,22,0.0001
medicine.all,injection,22,0.0001
medicine.all,withdrawal,22,0.0001
medicine.all,fissure,22,0.0001
medicine.all,out,22,0.0001
medicine.all,subject,22,0.0001
medicine.all,diarrhea,22,0.0001
medicine.all,tablet,22,0.0001
medicine.all,ligand,22,0.0001
medicine.all,juice,22,0.0001
medicine.all,centimeter,22,0.0001
medicine.all,tretinoin,22,0.0001
medicine.all,globulin,22,0.0001
medicine.all,lysine,22,0.0001
medicine.all,detection,22,0.0001
medicine.all,left,22,0.0001
medicine.all,histiocytosis,22,0.0001
medicine.all,percentile,22,0.0001
medicine.all,primary,22,0.0001
medicine.all,microliter,22,0.0001
medicine.all,infusion,22,0.0001
medicine.all,laterality,22,0.0001
medicine.all,face,22,0.0001
medicine.all,decreased,22,0.0001
medicine.all,gastritis,22,0.0001
medicine.all,ear,22,0.0001
medicine.all,bronchus,22,0.0001
medicine.all,ureter,22,0.0001
medicine.all,islands,22,0.0001
medicine.all,committee,22,0.0001
medicine.all,dying,22,0.0001
medicine.all,gas,22,0.0001
medicine.all,genotype,22,0.0001
medicine.all,pharynx,22,0.0001
medicine.all,database,22,0.0001
medicine.all,complications,22,0.0001
medicine.all,required,22,0.0001
medicine.all,surgeon,22,0.0001
medicine.all,childbirth,22,0.0001
medicine.all,puerperium,22,0.0001
medicine.all,placement,21,0.0001
medicine.all,education,21,0.0001
medicine.all,tasks,21,0.0001
medicine.all,idarubicin,21,0.0001
medicine.all,eating,21,0.0001
medicine.all,difficulty,21,0.0001
medicine.all,vindesine,21,0.0001
medicine.all,cataract,21,0.0001
medicine.all,hypoplasia,21,0.0001
medicine.all,suspension,21,0.0001
medicine.all,bay,21,0.0001
medicine.all,deciliter,21,0.0001
medicine.all,liposome,21,0.0001
medicine.all,available,21,0.0001
medicine.all,act,21,0.0001
medicine.all,bathroom,21,0.0001
medicine.all,childhood,21,0.0001
medicine.all,vesicle,21,0.0001
medicine.all,seminoma,21,0.0001
medicine.all,eyesight,21,0.0001
medicine.all,medium,21,0.0001
medicine.all,bleeding,21,0.0001
medicine.all,activated,21,0.0001
medicine.all,image,21,0.0001
medicine.all,isa,21,0.0001
medicine.all,carbonate,21,0.0001
medicine.all,degeneration,21,0.0001
medicine.all,fusion,21,0.0001
medicine.all,ganglion,21,0.0001
medicine.all,recessive,21,0.0001
medicine.all,adenofibroma,21,0.0001
medicine.all,histiocytoma,21,0.0001
medicine.all,qter,21,0.0001
medicine.all,laboratory,21,0.0001
medicine.all,supplier,21,0.0001
medicine.all,lbs,21,0.0001
medicine.all,hydrate,21,0.0001
medicine.all,allergy,21,0.0001
medicine.all,keratosis,21,0.0001
medicine.all,nmcins,21,0.0001
medicine.all,testis,21,0.0001
medicine.all,sinuses,21,0.0001
medicine.all,benzoate,21,0.0001
medicine.all,digit,21,0.0001
medicine.all,inactivated,21,0.0001
medicine.all,better,20,0.0001
medicine.all,clearance,20,0.0001
medicine.all,difficult,20,0.0001
medicine.all,mile,20,0.0001
medicine.all,blue,20,0.0001
medicine.all,hurt,20,0.0001
medicine.all,only,20,0.0001
medicine.all,amount,20,0.0001
medicine.all,institute,20,0.0001
medicine.all,strength,20,0.0001
medicine.all,effort,20,0.0001
medicine.all,thoughts,20,0.0001
medicine.all,american,20,0.0001
medicine.all,propionate,20,0.0001
medicine.all,right,20,0.0001
medicine.all,asp,20,0.0001
medicine.all,fun,20,0.0001
medicine.all,shock,20,0.0001
medicine.all,mellitus,20,0.0001
medicine.all,discharge,20,0.0001
medicine.all,agency,20,0.0001
medicine.all,axis,20,0.0001
medicine.all,animal,20,0.0001
medicine.all,cigarette,20,0.0001
medicine.all,nasopharynx,20,0.0001
medicine.all,tuberculosis,20,0.0001
medicine.all,elements,20,0.0001
medicine.all,wall,20,0.0001
medicine.all,muscles,20,0.0001
medicine.all,immunotherapy,20,0.0001
medicine.all,plate,20,0.0001
medicine.all,happened,20,0.0001
medicine.all,witnessed,20,0.0001
medicine.all,abdomen,20,0.0001
medicine.all,stiff,20,0.0001
medicine.all,psychologist,20,0.0001
medicine.all,adjuvant,20,0.0001
medicine.all,lineage,20,0.0001
medicine.all,epidemiology,20,0.0001
medicine.all,hepatitis,20,0.0001
medicine.all,award,20,0.0001
medicine.all,gyrus,20,0.0001
medicine.all,occlusion,19,0.0001
medicine.all,ability,19,0.0001
medicine.all,over,19,0.0001
medicine.all,yourself,19,0.0001
medicine.all,vomiting,19,0.0001
medicine.all,atresia,19,0.0001
medicine.all,newborn,19,0.0001
medicine.all,palsy,19,0.0001
medicine.all,aspiration,19,0.0001
medicine.all,band,19,0.0001
medicine.all,temperature,19,0.0001
medicine.all,sterilization,19,0.0001
medicine.all,variation,19,0.0001
medicine.all,weeks,19,0.0001
medicine.all,labeling,19,0.0001
medicine.all,standard,19,0.0001
medicine.all,support,19,0.0001
medicine.all,thigh,19,0.0001
medicine.all,survey,19,0.0001
medicine.all,low,19,0.0001
medicine.all,nppek,19,0.0001
medicine.all,junction,19,0.0001
medicine.all,gsk,19,0.0001
medicine.all,amg,19,0.0001
medicine.all,tromethamine,19,0.0001
medicine.all,one,19,0.0001
medicine.all,locus,19,0.0001
medicine.all,nmcac,19,0.0001
medicine.all,mole,19,0.0001
medicine.all,oxaliplatin,19,0.0001
medicine.all,ingredient,19,0.0001
medicine.all,erythematosus,19,0.0001
medicine.all,fulfilling,19,0.0001
medicine.all,production,19,0.0001
medicine.all,five,19,0.0001
medicine.all,fatigued,19,0.0001
medicine.all,role,19,0.0001
medicine.all,mapping,19,0.0001
medicine.all,trunk,19,0.0001
medicine.all,training,19,0.0001
medicine.all,growth,19,0.0001
medicine.all,microgram,19,0.0001
medicine.all,chromatography,19,0.0001
medicine.all,myxoma,19,0.0001
medicine.all,pecoma,19,0.0001
medicine.all,follicle,19,0.0001
medicine.all,fibromatosis,19,0.0001
medicine.all,need,19,0.0001
medicine.all,heterozygosity,19,0.0001
medicine.all,release,19,0.0001
medicine.all,peritoneum,19,0.0001
medicine.all,dog,19,0.0001
medicine.all,gangrene,19,0.0001
medicine.all,bark,19,0.0001
medicine.all,teniposide,18,0.0001
medicine.all,impairment,18,0.0001
medicine.all,usual,18,0.0001
medicine.all,epoch,18,0.0001
medicine.all,recovery,18,0.0001
medicine.all,cytoplasmic,18,0.0001
medicine.all,vulgaris,18,0.0001
medicine.all,nppgr,18,0.0001
medicine.all,concentrating,18,0.0001
medicine.all,kit,18,0.0001
medicine.all,embolism,18,0.0001
medicine.all,abortion,18,0.0001
medicine.all,evaluator,18,0.0001
medicine.all,placenta,18,0.0001
medicine.all,four,18,0.0001
medicine.all,bowels,18,0.0001
medicine.all,suppression,18,0.0001
medicine.all,granulomatosis,18,0.0001
medicine.all,prevention,18,0.0001
medicine.all,oblimersen,18,0.0001
medicine.all,action,18,0.0001
medicine.all,zinc,18,0.0001
medicine.all,container,18,0.0001
medicine.all,deregulation,18,0.0001
medicine.all,magnesium,18,0.0001
medicine.all,island,18,0.0001
medicine.all,recipient,18,0.0001
medicine.all,transmission,18,0.0001
medicine.all,abbv,18,0.0001
medicine.all,apply,18,0.0001
medicine.all,breathe,18,0.0001
medicine.all,rashes,18,0.0001
medicine.all,accidentally,18,0.0001
medicine.all,feel,18,0.0001
medicine.all,library,18,0.0001
medicine.all,rule,18,0.0001
medicine.all,stay,18,0.0001
medicine.all,prostatectomy,18,0.0001
medicine.all,gluconate,18,0.0001
medicine.all,british,18,0.0001
medicine.all,celsius,18,0.0001
medicine.all,induration,18,0.0001
medicine.all,scores,18,0.0001
medicine.all,antigens,18,0.0001
medicine.all,mild,18,0.0001
medicine.all,xbb,18,0.0001
medicine.all,coating,18,0.0001
medicine.all,implantation,17,0.0001
medicine.all,discomfort,17,0.0001
medicine.all,water,17,0.0001
medicine.all,rehabilitation,17,0.0001
medicine.all,threshold,17,0.0001
medicine.all,insomnia,17,0.0001
medicine.all,channel,17,0.0001
medicine.all,enzyme,17,0.0001
medicine.all,severe,17,0.0001
medicine.all,fludarabine,17,0.0001
medicine.all,polypeptide,17,0.0001
medicine.all,reductase,17,0.0001
medicine.all,cytoskeletal,17,0.0001
medicine.all,sponsor,17,0.0001
medicine.all,iia,17,0.0001
medicine.all,iib,17,0.0001
medicine.all,chest,17,0.0001
medicine.all,crisis,17,0.0001
medicine.all,processing,17,0.0001
medicine.all,hypothyroidism,17,0.0001
medicine.all,quality,17,0.0001
medicine.all,feeding,17,0.0001
medicine.all,hybridization,17,0.0001
medicine.all,seizure,17,0.0001
medicine.all,sar,17,0.0001
medicine.all,repeat,17,0.0001
medicine.all,plasmacytoma,17,0.0001
medicine.all,redness,17,0.0001
medicine.all,pheochromocytoma,17,0.0001
medicine.all,exercise,17,0.0001
medicine.all,encephalitis,17,0.0001
medicine.all,diet,17,0.0001
medicine.all,project,17,0.0001
medicine.all,myelofibrosis,17,0.0001
medicine.all,two,17,0.0001
medicine.all,coping,17,0.0001
medicine.all,reconstruction,17,0.0001
medicine.all,cycle,17,0.0001
medicine.all,association,17,0.0001
medicine.all,learned,17,0.0001
medicine.all,weights,17,0.0001
medicine.all,completed,17,0.0001
medicine.all,technology,17,0.0001
medicine.all,lymphangioma,17,0.0001
medicine.all,insurance,17,0.0001
medicine.all,quantification,17,0.0001
medicine.all,rhabdomyoma,17,0.0001
medicine.all,physiology,17,0.0001
medicine.all,morphology,17,0.0001
medicine.all,pathology,17,0.0001
medicine.all,rectum,17,0.0001
medicine.all,ibi,17,0.0001
medicine.all,metabolism,17,0.0001
medicine.all,poisoning,17,0.0001
medicine.all,bronchiole,17,0.0001
medicine.all,leukoplakia,17,0.0001
medicine.all,lead,16,0.0001
medicine.all,angiography,16,0.0001
medicine.all,fingers,16,0.0001
medicine.all,place,16,0.0001
medicine.all,instructions,16,0.0001
medicine.all,daily,16,0.0001
medicine.all,dressing,16,0.0001
medicine.all,asleep,16,0.0001
medicine.all,isolation,16,0.0001
medicine.all,relative,16,0.0001
medicine.all,know,16,0.0001
medicine.all,septum,16,0.0001
medicine.all,thrombocytopenia,16,0.0001
medicine.all,medi,16,0.0001
medicine.all,objective,16,0.0001
medicine.all,orientation,16,0.0001
medicine.all,provider,16,0.0001
medicine.all,regulator,16,0.0001
medicine.all,fossa,16,0.0001
medicine.all,intercourse,16,0.0001
medicine.all,matrix,16,0.0001
medicine.all,methyltransferase,16,0.0001
medicine.all,oxidase,16,0.0001
medicine.all,dressed,16,0.0001
medicine.all,mastectomy,16,0.0001
medicine.all,doctor,16,0.0001
medicine.all,reflex,16,0.0001
medicine.all,pouch,16,0.0001
medicine.all,incb,16,0.0001
medicine.all,layer,16,0.0001
medicine.all,contraction,16,0.0001
medicine.all,sac,16,0.0001
medicine.all,concentrate,16,0.0001
medicine.all,abl,16,0.0001
medicine.all,hernia,16,0.0001
medicine.all,statistics,16,0.0001
medicine.all,velocity,16,0.0001
medicine.all,arthropathy,16,0.0001
medicine.all,aorta,16,0.0001
medicine.all,asked,16,0.0001
medicine.all,determination,16,0.0001
medicine.all,certification,16,0.0001
medicine.all,resources,16,0.0001
medicine.all,syndromes,16,0.0001
medicine.all,goiter,16,0.0001
medicine.all,manufacturer,16,0.0001
medicine.all,factors,16,0.0001
medicine.all,sum,16,0.0001
medicine.all,bitartrate,16,0.0001
medicine.all,applicator,16,0.0001
medicine.all,stearate,16,0.0001
medicine.all,oophorectomy,16,0.0001
medicine.all,biochemistry,16,0.0001
medicine.all,series,16,0.0001
medicine.all,criterion,16,0.0001
medicine.all,spaniel,16,0.0001
medicine.all,effusion,16,0.0001
medicine.all,ameloblastoma,16,0.0001
medicine.all,scaling,16,0.0001
medicine.all,carcinogenesis,16,0.0001
medicine.all,practitioner,16,0.0001
medicine.all,cig,16,0.0001
medicine.all,friend,16,0.0001
medicine.all,parvec,16,0.0001
medicine.all,monohydrochloride,16,0.0001
medicine.all,spray,15,0.0001
medicine.all,thrombus,15,0.0001
medicine.all,anxiety,15,0.0001
medicine.all,dystonia,15,0.0001
medicine.all,extremities,15,0.0001
medicine.all,granules,15,0.0001
medicine.all,bank,15,0.0001
medicine.all,patch,15,0.0001
medicine.all,emulsion,15,0.0001
medicine.all,creatinine,15,0.0001
medicine.all,registry,15,0.0001
medicine.all,shop,15,0.0001
medicine.all,stroke,15,0.0001
medicine.all,synthesis,15,0.0001
medicine.all,rupture,15,0.0001
medicine.all,transplant,15,0.0001
medicine.all,hydroxide,15,0.0001
medicine.all,sensitivity,15,0.0001
medicine.all,decoction,15,0.0001
medicine.all,astrocyte,15,0.0001
medicine.all,restrictions,15,0.0001
medicine.all,regulation,15,0.0001
medicine.all,cluster,15,0.0001
medicine.all,coli,15,0.0001
medicine.all,bacillus,15,0.0001
medicine.all,diverticulum,15,0.0001
medicine.all,meninges,15,0.0001
medicine.all,vagina,15,0.0001
medicine.all,organ,15,0.0001
medicine.all,fibroadenoma,15,0.0001
medicine.all,aids,15,0.0001
medicine.all,rearrangements,15,0.0001
medicine.all,stroma,15,0.0001
medicine.all,three,15,0.0001
medicine.all,vector,15,0.0001
medicine.all,endocarditis,15,0.0001
medicine.all,match,15,0.0001
medicine.all,column,15,0.0001
medicine.all,mail,15,0.0001
medicine.all,melanocytoma,15,0.0001
medicine.all,cation,15,0.0001
medicine.all,enrollment,15,0.0001
medicine.all,acquisition,15,0.0001
medicine.all,identity,15,0.0001
medicine.all,investigator,15,0.0001
medicine.all,nmcdelinstt,15,0.0001
medicine.all,craniopharyngioma,15,0.0001
medicine.all,malate,15,0.0001
medicine.all,procedures,15,0.0001
medicine.all,cardiomyopathy,15,0.0001
medicine.all,tag,15,0.0001
medicine.all,classified,15,0.0001
medicine.all,carcinogen,15,0.0001
medicine.all,schizophrenia,15,0.0001
medicine.all,ankle,15,0.0001
medicine.all,manager,15,0.0001
medicine.all,indian,15,0.0001
medicine.all,stone,15,0.0001
medicine.all,conclusion,15,0.0001
medicine.all,characteristics,14,0.0001
medicine.all,list,14,0.0001
medicine.all,movements,14,0.0001
medicine.all,gait,14,0.0001
medicine.all,constipation,14,0.0001
medicine.all,cisplatin,14,0.0001
medicine.all,room,14,0.0001
medicine.all,tachycardia,14,0.0001
medicine.all,counseling,14,0.0001
medicine.all,suramin,14,0.0001
medicine.all,hydroxyurea,14,0.0001
medicine.all,dexamethasone,14,0.0001
medicine.all,microspheres,14,0.0001
medicine.all,arch,14,0.0001
medicine.all,iva,14,0.0001
medicine.all,toilet,14,0.0001
medicine.all,nppyc,14,0.0001
medicine.all,store,14,0.0001
medicine.all,toxin,14,0.0001
medicine.all,docetaxel,14,0.0001
medicine.all,temozolomide,14,0.0001
medicine.all,before,14,0.0001
medicine.all,neutropenia,14,0.0001
medicine.all,inflammation,14,0.0001
medicine.all,amplitude,14,0.0001
medicine.all,vision,14,0.0001
medicine.all,media,14,0.0001
medicine.all,tak,14,0.0001
medicine.all,ago,14,0.0001
medicine.all,probe,14,0.0001
medicine.all,calcification,14,0.0001
medicine.all,oligoastrocytoma,14,0.0001
medicine.all,array,14,0.0001
medicine.all,albumin,14,0.0001
medicine.all,prolapse,14,0.0001
medicine.all,results,14,0.0001
medicine.all,beat,14,0.0001
medicine.all,coughing,14,0.0001
medicine.all,skills,14,0.0001
medicine.all,iiia,14,0.0001
medicine.all,palmitate,14,0.0001
medicine.all,services,14,0.0001
medicine.all,rickets,14,0.0001
medicine.all,base,14,0.0001
medicine.all,fifty,14,0.0001
medicine.all,survival,14,0.0001
medicine.all,subscale,14,0.0001
medicine.all,endothelium,14,0.0001
medicine.all,conjunctiva,14,0.0001
medicine.all,confidence,14,0.0001
medicine.all,quickly,14,0.0001
medicine.all,hyperinsulinism,14,0.0001
medicine.all,parent,14,0.0001
medicine.all,height,14,0.0001
medicine.all,spine,14,0.0001
medicine.all,generation,14,0.0001
medicine.all,monitor,14,0.0001
medicine.all,nppgv,14,0.0001
medicine.all,burden,14,0.0001
medicine.all,pack,14,0.0001
medicine.all,trihydrochloride,14,0.0001
medicine.all,thecoma,14,0.0001
medicine.all,adipate,14,0.0001
medicine.all,dimaleate,14,0.0001
medicine.all,engineering,14,0.0001
medicine.all,diacetate,14,0.0001
medicine.all,tannate,14,0.0001
medicine.all,science,14,0.0001
medicine.all,dimesylate,14,0.0001
medicine.all,dependence,14,0.0001
medicine.all,none,14,0.0001
medicine.all,guidelines,14,0.0001
medicine.all,vertebrae,14,0.0001
medicine.all,operator,14,0.0001
medicine.all,biomarker,14,0.0001
medicine.all,biocarta,14,0.0001
medicine.all,vial,14,0.0001
medicine.all,season,13,0.0001
medicine.all,speech,13,0.0001
medicine.all,fatigue,13,0.0001
medicine.all,letter,13,0.0001
medicine.all,true,13,0.0001
medicine.all,chores,13,0.0001
medicine.all,good,13,0.0001
medicine.all,donor,13,0.0001
medicine.all,carefully,13,0.0001
medicine.all,interfered,13,0.0001
medicine.all,had,13,0.0001
medicine.all,improvement,13,0.0001
medicine.all,epsilon,13,0.0001
medicine.all,shape,13,0.0001
medicine.all,agenesis,13,0.0001
medicine.all,activator,13,0.0001
medicine.all,ointment,13,0.0001
medicine.all,cytarabine,13,0.0001
medicine.all,offered,13,0.0001
medicine.all,much,13,0.0001
medicine.all,headaches,13,0.0001
medicine.all,equivalent,13,0.0001
medicine.all,ligase,13,0.0001
medicine.all,supernatant,13,0.0001
medicine.all,task,13,0.0001
medicine.all,arginine,13,0.0001
medicine.all,responsibilities,13,0.0001
medicine.all,six,13,0.0001
medicine.all,purification,13,0.0001
medicine.all,storage,13,0.0001
medicine.all,duplication,13,0.0001
medicine.all,serum,13,0.0001
medicine.all,rash,13,0.0001
medicine.all,property,13,0.0001
medicine.all,drugs,13,0.0001
medicine.all,foods,13,0.0001
medicine.all,slide,13,0.0001
medicine.all,mastocytosis,13,0.0001
medicine.all,assistance,13,0.0001
medicine.all,candidiasis,13,0.0001
medicine.all,hysterectomy,13,0.0001
medicine.all,hallucination,13,0.0001
medicine.all,meningitis,13,0.0001
medicine.all,electrocardiogram,13,0.0001
medicine.all,trials,13,0.0001
medicine.all,expected,13,0.0001
medicine.all,request,13,0.0001
medicine.all,palate,13,0.0001
medicine.all,transformation,13,0.0001
medicine.all,autotemcel,13,0.0001
medicine.all,breathing,13,0.0001
medicine.all,stem,13,0.0001
medicine.all,smoking,13,0.0001
medicine.all,modification,13,0.0001
medicine.all,neuron,13,0.0001
medicine.all,cystadenofibroma,13,0.0001
medicine.all,oxalate,13,0.0001
medicine.all,microcephaly,13,0.0001
medicine.all,electrophoresis,13,0.0001
medicine.all,thalassemia,13,0.0001
medicine.all,endpoint,13,0.0001
medicine.all,pediatrician,13,0.0001
medicine.all,received,13,0.0001
medicine.all,depth,13,0.0001
medicine.all,worst,13,0.0001
medicine.all,bovine,13,0.0001
medicine.all,modeling,13,0.0001
medicine.all,breed,13,0.0001
medicine.all,impact,13,0.0001
medicine.all,rara,13,0.0001
medicine.all,pharmacology,13,0.0001
medicine.all,toxicology,13,0.0001
medicine.all,oncologist,13,0.0001
medicine.all,characteristic,13,0.0001
medicine.all,kiosk,13,0.0001
medicine.all,autoantigens,13,0.0001
medicine.all,internet,13,0.0001
medicine.all,estimands,13,0.0001
medicine.all,tooth,13,0.0001
medicine.all,snp,13,0.0001
medicine.all,rhythm,12,0.0001
medicine.all,pump,12,0.0001
medicine.all,ring,12,0.0001
medicine.all,fold,12,0.0001
medicine.all,tension,12,0.0001
medicine.all,house,12,0.0001
medicine.all,purpose,12,0.0001
medicine.all,communication,12,0.0001
medicine.all,maintenance,12,0.0001
medicine.all,affected,12,0.0001
medicine.all,peaceful,12,0.0001
medicine.all,staging,12,0.0001
medicine.all,circumference,12,0.0001
medicine.all,arrest,12,0.0001
medicine.all,intrusions,12,0.0001
medicine.all,hospitalization,12,0.0001
medicine.all,curve,12,0.0001
medicine.all,deacetylase,12,0.0001
medicine.all,sox,12,0.0001
medicine.all,rotation,12,0.0001
medicine.all,urinate,12,0.0001
medicine.all,joints,12,0.0001
medicine.all,kda,12,0.0001
medicine.all,order,12,0.0001
medicine.all,hemoglobin,12,0.0001
medicine.all,hydroxylase,12,0.0001
medicine.all,head,12,0.0001
medicine.all,cdx,12,0.0001
medicine.all,syringe,12,0.0001
medicine.all,mrna,12,0.0001
medicine.all,fasciitis,12,0.0001
medicine.all,fevers,12,0.0001
medicine.all,deposition,12,0.0001
medicine.all,stillbirth,12,0.0001
medicine.all,transcript,12,0.0001
medicine.all,approval,12,0.0001
medicine.all,parameter,12,0.0001
medicine.all,transfusion,12,0.0001
medicine.all,observation,12,0.0001
medicine.all,analogue,12,0.0001
medicine.all,aggregate,12,0.0001
medicine.all,maturation,12,0.0001
medicine.all,weekly,12,0.0001
medicine.all,perfusion,12,0.0001
medicine.all,bacteria,12,0.0001
medicine.all,obesity,12,0.0001
medicine.all,being,12,0.0001
medicine.all,iiib,12,0.0001
medicine.all,bnt,12,0.0001
medicine.all,movement,12,0.0001
medicine.all,interpretation,12,0.0001
medicine.all,ether,12,0.0001
medicine.all,details,12,0.0001
medicine.all,therapeutics,12,0.0001
medicine.all,motion,12,0.0001
medicine.all,systole,12,0.0001
medicine.all,npplp,12,0.0001
medicine.all,session,12,0.0001
medicine.all,papillomatosis,12,0.0001
medicine.all,stress,12,0.0001
medicine.all,osteoma,12,0.0001
medicine.all,paraplegia,12,0.0001
medicine.all,lesions,12,0.0001
medicine.all,dislike,12,0.0001
medicine.all,plaque,12,0.0001
medicine.all,law,12,0.0001
medicine.all,nppgd,12,0.0001
medicine.all,meals,12,0.0001
medicine.all,equivalents,12,0.0001
medicine.all,hemangioblastoma,12,0.0001
medicine.all,ganglioneuroma,12,0.0001
medicine.all,detected,12,0.0001
medicine.all,nose,12,0.0001
medicine.all,states,12,0.0001
medicine.all,bat,12,0.0001
medicine.all,karyotype,12,0.0001
medicine.all,ridge,12,0.0001
medicine.all,provenance,12,0.0001
medicine.all,lens,12,0.0001
medicine.all,calf,12,0.0001
medicine.all,midfoot,12,0.0001
medicine.all,division,12,0.0001
medicine.all,ppm,12,0.0001
medicine.all,anastomosis,12,0.0001
medicine.all,salt,12,0.0001
medicine.all,buy,12,0.0001
medicine.all,grocery,12,0.0001
medicine.all,drugstore,12,0.0001
medicine.all,vending,12,0.0001
medicine.all,hemisuccinate,12,0.0001
medicine.all,trachea,12,0.0001
medicine.all,convolution,12,0.0001
medicine.all,officinalis,12,0.0001
medicine.all,chippewa,12,0.0001
medicine.mesh,immunology,22264,0.0253
medicine.mesh,metabolism,21406,0.0243
medicine.mesh,history,21121,0.0240
medicine.mesh,economics,20042,0.0228
medicine.mesh,human,18263,0.0207
medicine.mesh,genetics,16996,0.0193
medicine.mesh,chemistry,16436,0.0187
medicine.mesh,blood,15445,0.0175
medicine.mesh,therapy,15438,0.0175
medicine.mesh,urine,15106,0.0172
medicine.mesh,fluid,15103,0.0172
medicine.mesh,standards,14490,0.0165
medicine.mesh,physiology,13584,0.0154
medicine.mesh,mouse,12949,0.0147
medicine.mesh,purification,12458,0.0142
medicine.mesh,toxicity,11381,0.0129
medicine.mesh,poisoning,11377,0.0129
medicine.mesh,virology,10813,0.0123
medicine.mesh,distribution,10788,0.0123
medicine.mesh,ultrastructure,10768,0.0122
medicine.mesh,analysis,10753,0.0122
medicine.mesh,use,10530,0.0120
medicine.mesh,dosage,10410,0.0118
medicine.mesh,enzymology,10372,0.0118
medicine.mesh,pharmacology,9979,0.0113
medicine.mesh,acid,9785,0.0111
medicine.mesh,pharmacokinetics,9703,0.0110
medicine.mesh,microbiology,9664,0.0110
medicine.mesh,parasitology,9650,0.0110
medicine.mesh,synthesis,9518,0.0108
medicine.mesh,inhibitors,9251,0.0105
medicine.mesh,isomer,8058,0.0092
medicine.mesh,psychology,8040,0.0091
medicine.mesh,embryology,7993,0.0091
medicine.mesh,agonists,7740,0.0088
medicine.mesh,veterinary,7075,0.0080
medicine.mesh,pathology,6820,0.0077
medicine.mesh,nursing,6745,0.0077
medicine.mesh,surgery,6739,0.0077
medicine.mesh,mortality,6720,0.0076
medicine.mesh,rat,6470,0.0073
medicine.mesh,imaging,6358,0.0072
medicine.mesh,biosynthesis,6290,0.0071
medicine.mesh,physiopathology,6263,0.0071
medicine.mesh,arabidopsis,6262,0.0071
medicine.mesh,ethnology,5799,0.0066
medicine.mesh,deficiency,5569,0.0063
medicine.mesh,epidemiology,5523,0.0063
medicine.mesh,rehabilitation,5456,0.0062
medicine.mesh,ethics,5414,0.0061
medicine.mesh,control,5348,0.0061
medicine.mesh,data,5295,0.0060
medicine.mesh,development,5242,0.0060
medicine.mesh,diagnosis,5105,0.0058
medicine.mesh,etiology,5097,0.0058
medicine.mesh,complications,4964,0.0056
medicine.mesh,induced,4954,0.0056
medicine.mesh,radiotherapy,4832,0.0055
medicine.mesh,trends,4615,0.0052
medicine.mesh,cytology,4466,0.0051
medicine.mesh,congenital,4100,0.0047
medicine.mesh,cerevisiae,3869,0.0044
medicine.mesh,drosophila,3672,0.0042
medicine.mesh,xenopus,3646,0.0041
medicine.mesh,salt,3367,0.0038
medicine.mesh,jurisprudence,3333,0.0038
medicine.mesh,histology,3280,0.0037
medicine.mesh,methods,3206,0.0036
medicine.mesh,one,3023,0.0034
medicine.mesh,derivatives,2974,0.0034
medicine.mesh,instrumentation,2840,0.0032
medicine.mesh,coli,2579,0.0029
medicine.mesh,zebrafish,2522,0.0029
medicine.mesh,elegans,2437,0.0028
medicine.mesh,pathogenicity,2279,0.0026
medicine.mesh,hydrochloride,2049,0.0023
medicine.mesh,syndrome,1815,0.0021
medicine.mesh,injuries,1756,0.0020
medicine.mesh,administration,1700,0.0019
medicine.mesh,abnormalities,1666,0.0019
medicine.mesh,virus,1606,0.0018
medicine.mesh,education,1606,0.0018
medicine.mesh,supply,1596,0.0018
medicine.mesh,ester,1554,0.0018
medicine.mesh,compound,1547,0.0018
medicine.mesh,transplantation,1500,0.0017
medicine.mesh,protocol,1311,0.0015
medicine.mesh,protein,1307,0.0015
medicine.mesh,peptide,1276,0.0014
medicine.mesh,pombe,1102,0.0013
medicine.mesh,people,1097,0.0012
medicine.mesh,phosphate,945,0.0011
medicine.mesh,antigen,937,0.0011
medicine.mesh,sulfate,901,0.0010
medicine.mesh,dione,878,0.0010
medicine.mesh,chloride,861,0.0010
medicine.mesh,innervation,861,0.0010
medicine.mesh,labeled,824,0.0009
medicine.mesh,acetate,784,0.0009
medicine.mesh,transmission,754,0.0009
medicine.mesh,receptor,707,0.0008
medicine.mesh,oxide,699,0.0008
medicine.mesh,glucopyranoside,679,0.0008
medicine.mesh,proteins,613,0.0007
medicine.mesh,bacteria,604,0.0007
medicine.mesh,factor,587,0.0007
medicine.mesh,ether,552,0.0006
medicine.mesh,combination,518,0.0006
medicine.mesh,monohydrochloride,515,0.0006
medicine.mesh,diol,493,0.0006
medicine.mesh,complex,477,0.0005
medicine.mesh,secondary,458,0.0005
medicine.mesh,bromide,455,0.0005
medicine.mesh,carboxamide,440,0.0005
medicine.mesh,cpd,422,0.0005
medicine.mesh,kinase,403,0.0005
medicine.mesh,dihydrochloride,385,0.0004
medicine.mesh,triphosphate,382,0.0004
medicine.mesh,iodide,380,0.0004
medicine.mesh,dehydrogenase,376,0.0004
medicine.mesh,reductase,371,0.0004
medicine.mesh,vaccine,337,0.0004
medicine.mesh,glucoside,334,0.0004
medicine.mesh,carboxylate,334,0.0004
medicine.mesh,synthase,308,0.0003
medicine.mesh,amide,308,0.0003
medicine.mesh,glucuronide,305,0.0003
medicine.mesh,subtilis,303,0.0003
medicine.mesh,herpesvirus,298,0.0003
medicine.mesh,tuberculosis,281,0.0003
medicine.mesh,sodium,280,0.0003
medicine.mesh,amine,276,0.0003
medicine.mesh,monophosphate,274,0.0003
medicine.mesh,subunit,273,0.0003
medicine.mesh,conjugate,264,0.0003
medicine.mesh,cells,256,0.0003
medicine.mesh,antibody,243,0.0003
medicine.mesh,ene,241,0.0003
medicine.mesh,alpha,239,0.0003
medicine.mesh,methyltransferase,230,0.0003
medicine.mesh,beta,221,0.0003
medicine.mesh,oxidase,221,0.0003
medicine.mesh,aeruginosa,220,0.0002
medicine.mesh,recessive,219,0.0002
medicine.mesh,monohydrate,213,0.0002
medicine.mesh,agents,204,0.0002
medicine.mesh,lactone,201,0.0002
medicine.mesh,synthetase,201,0.0002
medicine.mesh,hydrolase,201,0.0002
medicine.mesh,infections,198,0.0002
medicine.mesh,copolymer,194,0.0002
medicine.mesh,aureus,193,0.0002
medicine.mesh,hydrobromide,191,0.0002
medicine.mesh,regimen,191,0.0002
medicine.mesh,diphosphate,190,0.0002
medicine.mesh,extract,189,0.0002
medicine.mesh,enzyme,188,0.0002
medicine.mesh,maleate,185,0.0002
medicine.mesh,methacrylate,184,0.0002
medicine.mesh,alanine,182,0.0002
medicine.mesh,lysine,181,0.0002
medicine.mesh,plant,181,0.0002
medicine.mesh,mays,180,0.0002
medicine.mesh,ketone,178,0.0002
medicine.mesh,olide,177,0.0002
medicine.mesh,triol,176,0.0002
medicine.mesh,nitrate,174,0.0002
medicine.mesh,falciparum,172,0.0002
medicine.mesh,hydroxylase,170,0.0002
medicine.mesh,ion,168,0.0002
medicine.mesh,sulfonate,167,0.0002
medicine.mesh,alcohol,166,0.0002
medicine.mesh,acids,166,0.0002
medicine.mesh,sativa,164,0.0002
medicine.mesh,dioxide,163,0.0002
medicine.mesh,factors,160,0.0002
medicine.mesh,resin,159,0.0002
medicine.mesh,neoplasms,158,0.0002
medicine.mesh,pneumoniae,158,0.0002
medicine.mesh,toxin,156,0.0002
medicine.mesh,familial,156,0.0002
medicine.mesh,ala,154,0.0002
medicine.mesh,compounds,152,0.0002
medicine.mesh,dihydrate,150,0.0002
medicine.mesh,blue,150,0.0002
medicine.mesh,solution,150,0.0002
medicine.mesh,glycine,149,0.0002
medicine.mesh,linked,149,0.0002
medicine.mesh,galactopyranoside,148,0.0002
medicine.mesh,dominant,148,0.0002
medicine.mesh,diamine,144,0.0002
medicine.mesh,topic,144,0.0002
medicine.mesh,deoxyuridine,143,0.0002
medicine.mesh,phosphatase,143,0.0002
medicine.mesh,phe,143,0.0002
medicine.mesh,system,142,0.0002
medicine.mesh,typhimurium,140,0.0002
medicine.mesh,phenylalanine,139,0.0002
medicine.mesh,proline,135,0.0002
medicine.mesh,soli,135,0.0002
medicine.mesh,massiliensis,134,0.0002
medicine.mesh,anhydride,133,0.0002
medicine.mesh,cyclodextrin,132,0.0001
medicine.mesh,japonica,132,0.0001
medicine.mesh,infection,130,0.0001
medicine.mesh,inhibitor,128,0.0001
medicine.mesh,leu,128,0.0001
medicine.mesh,diene,126,0.0001
medicine.mesh,nidulans,126,0.0001
medicine.mesh,propanol,124,0.0001
medicine.mesh,citrate,124,0.0001
medicine.mesh,oxalate,123,0.0001
medicine.mesh,endonuclease,123,0.0001
medicine.mesh,glycol,122,0.0001
medicine.mesh,red,122,0.0001
medicine.mesh,oil,122,0.0001
medicine.mesh,albicans,121,0.0001
medicine.mesh,alloy,121,0.0001
medicine.mesh,protease,121,0.0001
medicine.mesh,phosphocholine,120,0.0001
medicine.mesh,glucose,120,0.0001
medicine.mesh,tabacum,119,0.0001
medicine.mesh,taurus,119,0.0001
medicine.mesh,nucleus,119,0.0001
medicine.mesh,sulfoxide,118,0.0001
medicine.mesh,disulfide,116,0.0001
medicine.mesh,techniques,115,0.0001
medicine.mesh,hormone,115,0.0001
medicine.mesh,cytomegalovirus,114,0.0001
medicine.mesh,lyase,113,0.0001
medicine.mesh,diacetate,113,0.0001
medicine.mesh,arg,113,0.0001
medicine.mesh,fumarate,113,0.0001
medicine.mesh,brucei,113,0.0001
medicine.mesh,fluoride,112,0.0001
medicine.mesh,perchlorate,111,0.0001
medicine.mesh,lys,111,0.0001
medicine.mesh,thione,111,0.0001
medicine.mesh,nitroanilide,111,0.0001
medicine.mesh,care,111,0.0001
medicine.mesh,antigens,111,0.0001
medicine.mesh,arginine,110,0.0001
medicine.mesh,cement,110,0.0001
medicine.mesh,test,109,0.0001
medicine.mesh,gallus,109,0.0001
medicine.mesh,chicken,108,0.0001
medicine.mesh,dysplasia,108,0.0001
medicine.mesh,marina,107,0.0001
medicine.mesh,eucalypti,107,0.0001
medicine.mesh,glycerol,106,0.0001
medicine.mesh,oxime,105,0.0001
medicine.mesh,hydrate,105,0.0001
medicine.mesh,vulgare,105,0.0001
medicine.mesh,dpyrimidine,104,0.0001
medicine.mesh,aquatica,104,0.0001
medicine.mesh,tyr,103,0.0001
medicine.mesh,vulgaris,101,0.0001
medicine.mesh,triazole,100,0.0001
medicine.mesh,benzoquinone,100,0.0001
medicine.mesh,dioxygenase,100,0.0001
medicine.mesh,esculentum,100,0.0001
medicine.mesh,tang,100,0.0001
medicine.mesh,carbonate,98,0.0001
medicine.mesh,sulfone,98,0.0001
medicine.mesh,antagonists,98,0.0001
medicine.mesh,tyrosine,97,0.0001
medicine.mesh,carbonitrile,97,0.0001
medicine.mesh,mesylate,97,0.0001
medicine.mesh,naphthoquinone,97,0.0001
medicine.mesh,discoideum,97,0.0001
medicine.mesh,sediminis,97,0.0001
medicine.mesh,chain,97,0.0001
medicine.mesh,anhydrous,96,0.0001
medicine.mesh,epoxide,96,0.0001
medicine.mesh,hydroxide,95,0.0001
medicine.mesh,tests,95,0.0001
medicine.mesh,crassa,95,0.0001
medicine.mesh,succinate,94,0.0001
medicine.mesh,indica,94,0.0001
medicine.mesh,systems,93,0.0001
medicine.mesh,polymer,92,0.0001
medicine.mesh,cysteine,92,0.0001
medicine.mesh,isomerase,92,0.0001
medicine.mesh,monooxygenase,92,0.0001
medicine.mesh,sulfide,91,0.0001
medicine.mesh,oxidoreductase,91,0.0001
medicine.mesh,pylori,91,0.0001
medicine.mesh,oryzae,91,0.0001
medicine.mesh,sinensis,91,0.0001
medicine.mesh,tartrate,90,0.0001
medicine.mesh,acetyltransferase,90,0.0001
medicine.mesh,deoxyguanosine,90,0.0001
medicine.mesh,transferase,90,0.0001
medicine.mesh,brasiliensis,90,0.0001
medicine.mesh,effect,90,0.0001
medicine.mesh,lectin,89,0.0001
medicine.mesh,recombinant,88,0.0001
medicine.mesh,lactis,88,0.0001
medicine.mesh,americana,88,0.0001
medicine.mesh,hydrazide,86,0.0001
medicine.mesh,trp,86,0.0001
medicine.mesh,cell,86,0.0001
medicine.mesh,deoxyadenosine,85,0.0001
medicine.mesh,cholerae,85,0.0001
medicine.mesh,alba,85,0.0001
medicine.mesh,decoction,85,0.0001
medicine.mesh,pyrophosphate,84,0.0001
medicine.mesh,dichloride,84,0.0001
medicine.mesh,receptors,84,0.0001
medicine.mesh,sulfotransferase,84,0.0001
medicine.mesh,imidazole,83,0.0001
medicine.mesh,decarboxylase,83,0.0001
medicine.mesh,channel,81,0.0001
medicine.mesh,albumin,80,0.0001
medicine.mesh,isothiocyanate,79,0.0001
medicine.mesh,ligase,79,0.0001
medicine.mesh,terrae,79,0.0001
medicine.mesh,triazine,78,0.0001
medicine.mesh,marinus,78,0.0001
medicine.mesh,hydrazone,77,0.0001
medicine.mesh,esterase,77,0.0001
medicine.mesh,sepharose,77,0.0001
medicine.mesh,dictyostelium,77,0.0001
medicine.mesh,glutamate,76,0.0001
medicine.mesh,leucine,76,0.0001
medicine.mesh,japonicum,76,0.0001
medicine.mesh,indians,76,0.0001
medicine.mesh,synthetic,75,0.0001
medicine.mesh,cruzi,75,0.0001
medicine.mesh,medicine,75,0.0001
medicine.mesh,acyltransferase,74,0.0001
medicine.mesh,pseudomonas,74,0.0001
medicine.mesh,rhamnopyranoside,73,0.0001
medicine.mesh,benzoate,73,0.0001
medicine.mesh,gly,73,0.0001
medicine.mesh,thiosemicarbazone,73,0.0001
medicine.mesh,galactosyltransferase,73,0.0001
medicine.mesh,behavior,73,0.0001
medicine.mesh,aestivum,73,0.0001
medicine.mesh,procedures,73,0.0001
medicine.mesh,sulfonamide,72,0.0001
medicine.mesh,palmitate,72,0.0001
medicine.mesh,gamma,72,0.0001
medicine.mesh,tetrafluoroborate,71,0.0001
medicine.mesh,dibromide,71,0.0001
medicine.mesh,indole,71,0.0001
medicine.mesh,bond,71,0.0001
medicine.mesh,pro,71,0.0001
medicine.mesh,flava,71,0.0001
medicine.mesh,adduct,70,0.0001
medicine.mesh,glucosyltransferase,70,0.0001
medicine.mesh,insect,70,0.0001
medicine.mesh,denitrificans,70,0.0001
medicine.mesh,yellow,70,0.0001
medicine.mesh,bacterial,70,0.0001
medicine.mesh,methylase,70,0.0001
medicine.mesh,aestuarii,69,0.0001
medicine.mesh,fractures,69,0.0001
medicine.mesh,mori,68,0.0001
medicine.mesh,vaccines,68,0.0001
medicine.mesh,sativum,67,0.0001
medicine.mesh,rosea,67,0.0001
medicine.mesh,dystrophy,67,0.0001
medicine.mesh,bpyridine,66,0.0001
medicine.mesh,tumor,66,0.0001
medicine.mesh,gondii,66,0.0001
medicine.mesh,glucopyranose,65,0.0001
medicine.mesh,streptomyces,65,0.0001
medicine.mesh,phenanthroline,65,0.0001
medicine.mesh,valine,65,0.0001
medicine.mesh,nucleopolyhedrovirus,65,0.0001
medicine.mesh,aurantiaca,65,0.0001
medicine.mesh,thailandica,65,0.0001
medicine.mesh,faecalis,65,0.0001
medicine.mesh,plus,65,0.0001
medicine.mesh,bacillus,65,0.0001
medicine.mesh,pyogenes,65,0.0001
medicine.mesh,acrylate,64,0.0001
medicine.mesh,isoform,64,0.0001
medicine.mesh,nerve,64,0.0001
medicine.mesh,influenzae,64,0.0001
medicine.mesh,tetrahydroisoquinoline,63,0.0001
medicine.mesh,dinucleotide,63,0.0001
medicine.mesh,proteinase,63,0.0001
medicine.mesh,services,63,0.0001
medicine.mesh,orientalis,63,0.0001
medicine.mesh,yunnanensis,63,0.0001
medicine.mesh,streptococcus,63,0.0001
medicine.mesh,hospital,63,0.0001
medicine.mesh,phenomena,63,0.0001
medicine.mesh,california,63,0.0001
medicine.mesh,xylopyranoside,62,0.0001
medicine.mesh,carbamate,62,0.0001
medicine.mesh,tryptophan,62,0.0001
medicine.mesh,peroxidase,62,0.0001
medicine.mesh,methanesulfonate,61,0.0001
medicine.mesh,tosylate,61,0.0001
medicine.mesh,propionate,61,0.0001
medicine.mesh,oate,61,0.0001
medicine.mesh,kinases,61,0.0001
medicine.mesh,macrospora,61,0.0001
medicine.mesh,member,61,0.0001
medicine.mesh,papillomavirus,61,0.0001
medicine.mesh,carbaldehyde,60,0.0001
medicine.mesh,lactate,60,0.0001
medicine.mesh,gel,60,0.0001
medicine.mesh,siamensis,60,0.0001
medicine.mesh,variant,60,0.0001
medicine.mesh,bovine,60,0.0001
medicine.mesh,serine,59,0.0001
medicine.mesh,nitroimidazole,59,0.0001
medicine.mesh,trione,59,0.0001
medicine.mesh,dicarboxylate,59,0.0001
medicine.mesh,variabilis,59,0.0001
medicine.mesh,gracilis,59,0.0001
medicine.mesh,halotolerans,59,0.0001
medicine.mesh,precursor,59,0.0001
medicine.mesh,phosphonate,58,0.0001
medicine.mesh,australis,58,0.0001
medicine.mesh,tribe,58,0.0001
medicine.mesh,primary,58,0.0001
medicine.mesh,dehydratase,57,0.0001
medicine.mesh,litoralis,57,0.0001
medicine.mesh,kda,57,0.0001
medicine.mesh,ratiopharm,57,0.0001
medicine.mesh,genes,57,0.0001
medicine.mesh,furanone,56,0.0001
medicine.mesh,phenylalaninamide,56,0.0001
medicine.mesh,oxyl,56,0.0001
medicine.mesh,thuringiensis,56,0.0001
medicine.mesh,transporter,56,0.0001
medicine.mesh,health,56,0.0001
medicine.mesh,australiensis,56,0.0001
medicine.mesh,rna,55,0.0001
medicine.mesh,campestris,55,0.0001
medicine.mesh,antarctica,55,0.0001
medicine.mesh,village,55,0.0001
medicine.mesh,monoacetate,54,0.0001
medicine.mesh,cuniculus,54,0.0001
medicine.mesh,research,54,0.0001
medicine.mesh,salmonella,54,0.0001
medicine.mesh,deoxyribonucleases,54,0.0001
medicine.mesh,syringae,54,0.0001
medicine.mesh,bicolor,54,0.0001
medicine.mesh,hydroperoxide,53,0.0001
medicine.mesh,tetrol,53,0.0001
medicine.mesh,bisphosphate,53,0.0001
medicine.mesh,naphthol,53,0.0001
medicine.mesh,dye,53,0.0001
medicine.mesh,gallate,53,0.0001
medicine.mesh,related,53,0.0001
medicine.mesh,lignicola,53,0.0001
medicine.mesh,halophilus,53,0.0001
medicine.mesh,africana,53,0.0001
medicine.mesh,meliloti,53,0.0001
medicine.mesh,naphthylamide,53,0.0001
medicine.mesh,koreensis,53,0.0001
medicine.mesh,dextran,52,0.0001
medicine.mesh,acetamide,52,0.0001
medicine.mesh,neuropathy,52,0.0001
medicine.mesh,enterica,52,0.0001
medicine.mesh,napus,52,0.0001
medicine.mesh,artery,52,0.0001
medicine.mesh,californica,52,0.0001
medicine.mesh,minor,52,0.0001
medicine.mesh,endophytica,52,0.0001
medicine.mesh,methylamide,51,0.0001
medicine.mesh,salicylate,51,0.0001
medicine.mesh,dtpa,51,0.0001
medicine.mesh,demethylase,51,0.0001
medicine.mesh,polypeptide,51,0.0001
medicine.mesh,aminotransferase,51,0.0001
medicine.mesh,cov,51,0.0001
medicine.mesh,rhizosphaerae,51,0.0001
medicine.mesh,polysaccharide,51,0.0001
medicine.mesh,ginsengisoli,51,0.0001
medicine.mesh,taiwanensis,51,0.0001
medicine.mesh,viruses,51,0.0001
medicine.mesh,tetrahydrocannabinol,50,0.0001
medicine.mesh,oleate,50,0.0001
medicine.mesh,imine,50,0.0001
medicine.mesh,cyclase,50,0.0001
medicine.mesh,nle,50,0.0001
medicine.mesh,ile,50,0.0001
medicine.mesh,lutea,50,0.0001
medicine.mesh,hereditary,50,0.0001
medicine.mesh,thermophilus,50,0.0001
medicine.mesh,intermedia,50,0.0001
medicine.mesh,putida,50,0.0001
medicine.mesh,burgdorferi,50,0.0001
medicine.mesh,thiadiazole,49,0.0001
medicine.mesh,mannopyranoside,49,0.0001
medicine.mesh,deoxycytidine,49,0.0001
medicine.mesh,mansoni,49,0.0001
medicine.mesh,allergen,49,0.0001
medicine.mesh,monocytogenes,49,0.0001
medicine.mesh,adenovirus,49,0.0001
medicine.mesh,area,49,0.0001
medicine.mesh,thiol,48,0.0001
medicine.mesh,dimer,48,0.0001
medicine.mesh,monohydrobromide,48,0.0001
medicine.mesh,phthalate,48,0.0001
medicine.mesh,coelicolor,48,0.0001
medicine.mesh,orange,48,0.0001
medicine.mesh,chitosan,48,0.0001
medicine.mesh,dental,48,0.0001
medicine.mesh,green,48,0.0001
medicine.mesh,indicus,48,0.0001
medicine.mesh,cancer,48,0.0001
medicine.mesh,max,48,0.0001
medicine.mesh,autoantibody,48,0.0001
medicine.mesh,japonicus,48,0.0001
medicine.mesh,purpuratus,48,0.0001
medicine.mesh,roseus,47,0.0001
medicine.mesh,ylacetamide,47,0.0001
medicine.mesh,phenylenediamine,47,0.0001
medicine.mesh,phosphotransferase,47,0.0001
medicine.mesh,retardation,47,0.0001
medicine.mesh,major,47,0.0001
medicine.mesh,hominis,47,0.0001
medicine.mesh,cortex,47,0.0001
medicine.mesh,fragilis,47,0.0001
medicine.mesh,rhamnoside,46,0.0001
medicine.mesh,trihydrate,46,0.0001
medicine.mesh,benzimidazole,46,0.0001
medicine.mesh,butyrate,46,0.0001
medicine.mesh,dihydrodiol,46,0.0001
medicine.mesh,aldehyde,46,0.0001
medicine.mesh,mustard,46,0.0001
medicine.mesh,xanthus,46,0.0001
medicine.mesh,humicola,46,0.0001
medicine.mesh,populi,46,0.0001
medicine.mesh,fever,46,0.0001
medicine.mesh,intestinalis,46,0.0001
medicine.mesh,rosae,46,0.0001
medicine.mesh,pressure,46,0.0001
medicine.mesh,diiodide,45,0.0001
medicine.mesh,phosphatidylcholine,45,0.0001
medicine.mesh,amp,45,0.0001
medicine.mesh,agent,45,0.0001
medicine.mesh,album,45,0.0001
medicine.mesh,simplex,45,0.0001
medicine.mesh,reaction,45,0.0001
medicine.mesh,mexicana,45,0.0001
medicine.mesh,pacifica,45,0.0001
medicine.mesh,tetrahydropyridine,44,0.0000
medicine.mesh,carboline,44,0.0000
medicine.mesh,bindole,44,0.0000
medicine.mesh,chrysanthemi,44,0.0000
medicine.mesh,methylcoumarin,44,0.0000
medicine.mesh,ser,44,0.0000
medicine.mesh,deafness,44,0.0000
medicine.mesh,san,44,0.0000
medicine.mesh,hcl,43,0.0000
medicine.mesh,anthraquinone,43,0.0000
medicine.mesh,plasmodium,43,0.0000
medicine.mesh,nitrosourea,43,0.0000
medicine.mesh,quinone,43,0.0000
medicine.mesh,atp,43,0.0000
medicine.mesh,bovis,43,0.0000
medicine.mesh,aspartate,43,0.0000
medicine.mesh,borealis,43,0.0000
medicine.mesh,halophila,43,0.0000
medicine.mesh,maritima,43,0.0000
medicine.mesh,ataxia,43,0.0000
medicine.mesh,antibodies,43,0.0000
medicine.mesh,atpase,43,0.0000
medicine.mesh,devices,43,0.0000
medicine.mesh,inositol,42,0.0000
medicine.mesh,ylamine,42,0.0000
medicine.mesh,galactoside,42,0.0000
medicine.mesh,cys,42,0.0000
medicine.mesh,adenosine,42,0.0000
medicine.mesh,methiodide,42,0.0000
medicine.mesh,galactose,42,0.0000
medicine.mesh,hexahydrate,42,0.0000
medicine.mesh,capsulatus,42,0.0000
medicine.mesh,laevis,42,0.0000
medicine.mesh,preparation,42,0.0000
medicine.mesh,bodies,42,0.0000
medicine.mesh,luteus,42,0.0000
medicine.mesh,psychological,42,0.0000
medicine.mesh,aquaticus,42,0.0000
medicine.mesh,enterocolitica,42,0.0000
medicine.mesh,terrestris,42,0.0000
medicine.mesh,urea,41,0.0000
medicine.mesh,methyl,41,0.0000
medicine.mesh,stearate,41,0.0000
medicine.mesh,canadensis,41,0.0000
medicine.mesh,coronavirus,41,0.0000
medicine.mesh,thermophila,41,0.0000
medicine.mesh,pain,41,0.0000
medicine.mesh,bone,41,0.0000
medicine.mesh,failure,41,0.0000
medicine.mesh,mirabilis,41,0.0000
medicine.mesh,chinensis,41,0.0000
medicine.mesh,peptidase,41,0.0000
medicine.mesh,pinicola,41,0.0000
medicine.mesh,val,41,0.0000
medicine.mesh,indicum,41,0.0000
medicine.mesh,gonorrhoeae,41,0.0000
medicine.mesh,occidentalis,41,0.0000
medicine.mesh,polymerase,41,0.0000
medicine.mesh,ylmethanone,40,0.0000
medicine.mesh,apyridine,40,0.0000
medicine.mesh,desaturase,40,0.0000
medicine.mesh,potassium,40,0.0000
medicine.mesh,ylbenzamide,40,0.0000
medicine.mesh,globulin,40,0.0000
medicine.mesh,oxygenase,40,0.0000
medicine.mesh,tuberosum,40,0.0000
medicine.mesh,viral,40,0.0000
medicine.mesh,terricola,40,0.0000
medicine.mesh,traumatic,40,0.0000
medicine.mesh,anomalies,40,0.0000
medicine.mesh,aquaticum,40,0.0000
medicine.mesh,reservation,40,0.0000
medicine.mesh,triene,39,0.0000
medicine.mesh,falpha,39,0.0000
medicine.mesh,nadp,39,0.0000
medicine.mesh,epilepsy,39,0.0000
medicine.mesh,pneumophila,39,0.0000
medicine.mesh,pestis,39,0.0000
medicine.mesh,eucalyptorum,39,0.0000
medicine.mesh,genetic,39,0.0000
medicine.mesh,meningitidis,39,0.0000
medicine.mesh,delta,39,0.0000
medicine.mesh,cyst,39,0.0000
medicine.mesh,nation,39,0.0000
medicine.mesh,flexneri,39,0.0000
medicine.mesh,pigmentosa,39,0.0000
medicine.mesh,glu,38,0.0000
medicine.mesh,oxadiazole,38,0.0000
medicine.mesh,ome,38,0.0000
medicine.mesh,hemihydrate,38,0.0000
medicine.mesh,region,38,0.0000
medicine.mesh,rubra,38,0.0000
medicine.mesh,tropicalis,38,0.0000
medicine.mesh,defect,38,0.0000
medicine.mesh,venom,38,0.0000
medicine.mesh,synechocystis,38,0.0000
medicine.mesh,fusiformis,38,0.0000
medicine.mesh,atrophy,38,0.0000
medicine.mesh,tetrahydrate,37,0.0000
medicine.mesh,isocyanate,37,0.0000
medicine.mesh,arabinopyranoside,37,0.0000
medicine.mesh,acetylglucosamine,37,0.0000
medicine.mesh,glass,37,0.0000
medicine.mesh,azide,37,0.0000
medicine.mesh,dna,37,0.0000
medicine.mesh,domain,37,0.0000
medicine.mesh,sequence,37,0.0000
medicine.mesh,fusca,37,0.0000
medicine.mesh,albus,37,0.0000
medicine.mesh,channels,37,0.0000
medicine.mesh,alfa,37,0.0000
medicine.mesh,testing,37,0.0000
medicine.mesh,hexafluorophosphate,36,0.0000
medicine.mesh,ylethanone,36,0.0000
medicine.mesh,quinolone,36,0.0000
medicine.mesh,formate,36,0.0000
medicine.mesh,hemisuccinate,36,0.0000
medicine.mesh,porphyrin,36,0.0000
medicine.mesh,viridis,36,0.0000
medicine.mesh,microspora,36,0.0000
medicine.mesh,hemoglobin,36,0.0000
medicine.mesh,resistance,36,0.0000
medicine.mesh,islands,36,0.0000
medicine.mesh,onset,36,0.0000
medicine.mesh,peptides,36,0.0000
medicine.mesh,pini,36,0.0000
medicine.mesh,infantile,36,0.0000
medicine.mesh,leguminosarum,36,0.0000
medicine.mesh,propanediol,35,0.0000
medicine.mesh,radical,35,0.0000
medicine.mesh,phosphorylcholine,35,0.0000
medicine.mesh,glycoside,35,0.0000
medicine.mesh,aldolase,35,0.0000
medicine.mesh,glycinamide,35,0.0000
medicine.mesh,deacetylase,35,0.0000
medicine.mesh,epimerase,35,0.0000
medicine.mesh,stilbene,35,0.0000
medicine.mesh,asp,35,0.0000
medicine.mesh,scrofa,35,0.0000
medicine.mesh,acaciae,35,0.0000
medicine.mesh,griseus,35,0.0000
medicine.mesh,lipolytica,35,0.0000
medicine.mesh,flavus,35,0.0000
medicine.mesh,aurantiacus,35,0.0000
medicine.mesh,niger,35,0.0000
medicine.mesh,medical,35,0.0000
medicine.mesh,hybrida,35,0.0000
medicine.mesh,membrane,35,0.0000
medicine.mesh,oleracea,35,0.0000
medicine.mesh,ruber,35,0.0000
medicine.mesh,radioisotopes,35,0.0000
medicine.mesh,technique,35,0.0000
medicine.mesh,ribose,34,0.0000
medicine.mesh,butene,34,0.0000
medicine.mesh,dioxin,34,0.0000
medicine.mesh,deaminase,34,0.0000
medicine.mesh,quinazolinone,34,0.0000
medicine.mesh,naphthyridine,34,0.0000
medicine.mesh,dimethacrylate,34,0.0000
medicine.mesh,pallidum,34,0.0000
medicine.mesh,sulfamate,34,0.0000
medicine.mesh,sexta,34,0.0000
medicine.mesh,peroxide,34,0.0000
medicine.mesh,caprolactone,34,0.0000
medicine.mesh,ylbenzenesulfonamide,34,0.0000
medicine.mesh,histolytica,34,0.0000
medicine.mesh,antarcticus,34,0.0000
medicine.mesh,timonensis,34,0.0000
medicine.mesh,learning,34,0.0000
medicine.mesh,arctica,34,0.0000
medicine.mesh,dependent,34,0.0000
medicine.mesh,fistula,34,0.0000
medicine.mesh,fallax,34,0.0000
medicine.mesh,maxima,34,0.0000
medicine.mesh,animal,34,0.0000
medicine.mesh,leishmania,34,0.0000
medicine.mesh,relations,34,0.0000
medicine.mesh,triflate,33,0.0000
medicine.mesh,composite,33,0.0000
medicine.mesh,fluorouracil,33,0.0000
medicine.mesh,dihydrobromide,33,0.0000
medicine.mesh,deoxythymidine,33,0.0000
medicine.mesh,gingivalis,33,0.0000
medicine.mesh,triacetate,33,0.0000
medicine.mesh,dithiocarbamate,33,0.0000
medicine.mesh,glucosidase,33,0.0000
medicine.mesh,interleukin,33,0.0000
medicine.mesh,italica,33,0.0000
medicine.mesh,caeni,33,0.0000
medicine.mesh,hongkongensis,33,0.0000
medicine.mesh,carcinoma,33,0.0000
medicine.mesh,aminopeptidase,33,0.0000
medicine.mesh,activator,33,0.0000
medicine.mesh,venoms,33,0.0000
medicine.mesh,mobilis,33,0.0000
medicine.mesh,sacchari,33,0.0000
medicine.mesh,glycoprotein,33,0.0000
medicine.mesh,muscle,33,0.0000
medicine.mesh,decipiens,33,0.0000
medicine.mesh,syndromes,33,0.0000
medicine.mesh,dysfunction,33,0.0000
medicine.mesh,sphaeroides,33,0.0000
medicine.mesh,lambda,33,0.0000
medicine.mesh,chains,33,0.0000
medicine.mesh,methionine,32,0.0000
medicine.mesh,piperidine,32,0.0000
medicine.mesh,caffeate,32,0.0000
medicine.mesh,pyridone,32,0.0000
medicine.mesh,pyrimidinone,32,0.0000
medicine.mesh,thiocyanate,32,0.0000
medicine.mesh,estradiol,32,0.0000
medicine.mesh,phosphorothioate,32,0.0000
medicine.mesh,endorphin,32,0.0000
medicine.mesh,tumefaciens,32,0.0000
medicine.mesh,stenosis,32,0.0000
medicine.mesh,myopathy,32,0.0000
medicine.mesh,xinjiangensis,32,0.0000
medicine.mesh,management,32,0.0000
medicine.mesh,lactamase,32,0.0000
medicine.mesh,media,32,0.0000
medicine.mesh,bambusae,32,0.0000
medicine.mesh,endopeptidase,32,0.0000
medicine.mesh,family,32,0.0000
medicine.mesh,wan,32,0.0000
medicine.mesh,tenuis,32,0.0000
medicine.mesh,pandanicola,32,0.0000
medicine.mesh,marcescens,32,0.0000
medicine.mesh,studies,32,0.0000
medicine.mesh,nigra,32,0.0000
medicine.mesh,musae,32,0.0000
medicine.mesh,theory,32,0.0000
medicine.mesh,yersinia,32,0.0000
medicine.mesh,ferulate,31,0.0000
medicine.mesh,pyrazole,31,0.0000
medicine.mesh,nicotinate,31,0.0000
medicine.mesh,riboside,31,0.0000
medicine.mesh,hydratase,31,0.0000
medicine.mesh,edta,31,0.0000
medicine.mesh,canis,31,0.0000
medicine.mesh,ganglioside,31,0.0000
medicine.mesh,parvum,31,0.0000
medicine.mesh,centers,31,0.0000
medicine.mesh,bambusicola,31,0.0000
medicine.mesh,subtype,31,0.0000
medicine.mesh,pertussis,31,0.0000
medicine.mesh,chronic,31,0.0000
medicine.mesh,atlantica,31,0.0000
medicine.mesh,acetylglucosaminyltransferase,31,0.0000
medicine.mesh,nigrescens,31,0.0000
medicine.mesh,auratus,31,0.0000
medicine.mesh,formula,31,0.0000
medicine.mesh,humi,31,0.0000
medicine.mesh,metalloproteinase,31,0.0000
medicine.mesh,mammalian,31,0.0000
medicine.mesh,programs,31,0.0000
medicine.mesh,olivacea,31,0.0000
medicine.mesh,disulfonate,30,0.0000
medicine.mesh,crown,30,0.0000
medicine.mesh,platinumii,30,0.0000
medicine.mesh,aminopropane,30,0.0000
medicine.mesh,mononitrate,30,0.0000
medicine.mesh,dehalogenase,30,0.0000
medicine.mesh,thr,30,0.0000
medicine.mesh,acetal,30,0.0000
medicine.mesh,trachomatis,30,0.0000
medicine.mesh,mycobacterium,30,0.0000
medicine.mesh,cellulose,30,0.0000
medicine.mesh,sulfite,30,0.0000
medicine.mesh,lactide,30,0.0000
medicine.mesh,reinhardtii,30,0.0000
medicine.mesh,aurea,30,0.0000
medicine.mesh,iia,30,0.0000
medicine.mesh,mediterranea,30,0.0000
medicine.mesh,subunits,30,0.0000
medicine.mesh,neonatal,30,0.0000
medicine.mesh,parasitica,30,0.0000
medicine.mesh,endophyticus,30,0.0000
medicine.mesh,lasers,30,0.0000
medicine.mesh,fasciculata,30,0.0000
medicine.mesh,cinerea,30,0.0000
medicine.mesh,zelandiae,30,0.0000
medicine.mesh,headache,30,0.0000
medicine.mesh,asiatica,30,0.0000
medicine.mesh,intermedius,30,0.0000
medicine.mesh,insulin,29,0.0000
medicine.mesh,ylphenol,29,0.0000
medicine.mesh,apyrimidine,29,0.0000
medicine.mesh,nad,29,0.0000
medicine.mesh,hydride,29,0.0000
medicine.mesh,histidine,29,0.0000
medicine.mesh,ligand,29,0.0000
medicine.mesh,met,29,0.0000
medicine.mesh,rate,29,0.0000
medicine.mesh,nigricans,29,0.0000
medicine.mesh,alpina,29,0.0000
medicine.mesh,minuta,29,0.0000
medicine.mesh,tissue,29,0.0000
medicine.mesh,flavum,29,0.0000
medicine.mesh,elements,29,0.0000
medicine.mesh,deserti,29,0.0000
medicine.mesh,phthalocyanine,29,0.0000
medicine.mesh,abuse,29,0.0000
medicine.mesh,marinum,29,0.0000
medicine.mesh,acquired,29,0.0000
medicine.mesh,martensii,29,0.0000
medicine.mesh,grisea,29,0.0000
medicine.mesh,montana,29,0.0000
medicine.mesh,commune,29,0.0000
medicine.mesh,death,29,0.0000
medicine.mesh,maydis,29,0.0000
medicine.mesh,jejuni,29,0.0000
medicine.mesh,dinitrate,28,0.0000
medicine.mesh,butadiene,28,0.0000
medicine.mesh,phenol,28,0.0000
medicine.mesh,isobutyrate,28,0.0000
medicine.mesh,violet,28,0.0000
medicine.mesh,octreotide,28,0.0000
medicine.mesh,propanone,28,0.0000
medicine.mesh,carboxaldehyde,28,0.0000
medicine.mesh,trisphosphate,28,0.0000
medicine.mesh,bipyridine,28,0.0000
medicine.mesh,transaminase,28,0.0000
medicine.mesh,adipate,28,0.0000
medicine.mesh,communis,28,0.0000
medicine.mesh,flow,28,0.0000
medicine.mesh,index,28,0.0000
medicine.mesh,confusa,28,0.0000
medicine.mesh,calcium,28,0.0000
medicine.mesh,suis,28,0.0000
medicine.mesh,potentials,28,0.0000
medicine.mesh,assay,28,0.0000
medicine.mesh,brain,28,0.0000
medicine.mesh,flavescens,28,0.0000
medicine.mesh,sclerosis,28,0.0000
medicine.mesh,hypoplasia,28,0.0000
medicine.mesh,avium,28,0.0000
medicine.mesh,iib,28,0.0000
medicine.mesh,robusta,28,0.0000
medicine.mesh,trypanosoma,28,0.0000
medicine.mesh,zeae,28,0.0000
medicine.mesh,technology,28,0.0000
medicine.mesh,rutinoside,27,0.0000
medicine.mesh,glucan,27,0.0000
medicine.mesh,tetrazole,27,0.0000
medicine.mesh,hydroxybutyrate,27,0.0000
medicine.mesh,xanthone,27,0.0000
medicine.mesh,disulfate,27,0.0000
medicine.mesh,derivative,27,0.0000
medicine.mesh,stereoisomer,27,0.0000
medicine.mesh,biotin,27,0.0000
medicine.mesh,decanoate,27,0.0000
medicine.mesh,isolated,27,0.0000
medicine.mesh,specific,27,0.0000
medicine.mesh,adhesive,27,0.0000
medicine.mesh,scale,27,0.0000
medicine.mesh,muscles,27,0.0000
medicine.mesh,stress,27,0.0000
medicine.mesh,defluvii,27,0.0000
medicine.mesh,joint,27,0.0000
medicine.mesh,thrombosis,27,0.0000
medicine.mesh,hormones,27,0.0000
medicine.mesh,jejuensis,27,0.0000
medicine.mesh,similis,27,0.0000
medicine.mesh,forte,27,0.0000
medicine.mesh,mali,27,0.0000
medicine.mesh,volvulus,27,0.0000
medicine.mesh,monitoring,27,0.0000
medicine.mesh,thailandensis,27,0.0000
medicine.mesh,treatment,27,0.0000
medicine.mesh,epidermidis,27,0.0000
medicine.mesh,monticola,27,0.0000
medicine.mesh,xyloside,26,0.0000
medicine.mesh,asparagine,26,0.0000
medicine.mesh,bisphosphonate,26,0.0000
medicine.mesh,betaine,26,0.0000
medicine.mesh,carbohydrazide,26,0.0000
medicine.mesh,glucosamine,26,0.0000
medicine.mesh,pyrrolidone,26,0.0000
medicine.mesh,hydroiodide,26,0.0000
medicine.mesh,mixture,26,0.0000
medicine.mesh,phosphorylase,26,0.0000
medicine.mesh,dialdehyde,26,0.0000
medicine.mesh,sulfatase,26,0.0000
medicine.mesh,seizures,26,0.0000
medicine.mesh,irregularis,26,0.0000
medicine.mesh,versicolor,26,0.0000
medicine.mesh,psychrotolerans,26,0.0000
medicine.mesh,personnel,26,0.0000
medicine.mesh,products,26,0.0000
medicine.mesh,lacus,26,0.0000
medicine.mesh,pratensis,26,0.0000
medicine.mesh,community,26,0.0000
medicine.mesh,agalactiae,26,0.0000
medicine.mesh,sialyltransferase,26,0.0000
medicine.mesh,mangrovi,26,0.0000
medicine.mesh,elongata,26,0.0000
medicine.mesh,radiata,26,0.0000
medicine.mesh,alkaloids,26,0.0000
medicine.mesh,association,26,0.0000
medicine.mesh,meningioma,26,0.0000
medicine.mesh,thailandicum,26,0.0000
medicine.mesh,oncogenes,26,0.0000
medicine.mesh,study,26,0.0000
medicine.mesh,brevis,26,0.0000
medicine.mesh,pallida,26,0.0000
medicine.mesh,tetraol,25,0.0000
medicine.mesh,butanol,25,0.0000
medicine.mesh,cinnamate,25,0.0000
medicine.mesh,ylpyridine,25,0.0000
medicine.mesh,cpyridine,25,0.0000
medicine.mesh,indazole,25,0.0000
medicine.mesh,hydroxycoumarin,25,0.0000
medicine.mesh,deoxyglucose,25,0.0000
medicine.mesh,phosphodiesterase,25,0.0000
medicine.mesh,purine,25,0.0000
medicine.mesh,oxazolidinone,25,0.0000
medicine.mesh,prolyl,25,0.0000
medicine.mesh,tetraacetate,25,0.0000
medicine.mesh,lactam,25,0.0000
medicine.mesh,nitroaniline,25,0.0000
medicine.mesh,molecule,25,0.0000
medicine.mesh,palustris,25,0.0000
medicine.mesh,primer,25,0.0000
medicine.mesh,response,25,0.0000
medicine.mesh,multiple,25,0.0000
medicine.mesh,childhood,25,0.0000
medicine.mesh,profundi,25,0.0000
medicine.mesh,caninum,25,0.0000
medicine.mesh,stada,25,0.0000
medicine.mesh,equi,25,0.0000
medicine.mesh,planning,25,0.0000
medicine.mesh,composti,25,0.0000
medicine.mesh,vaginalis,25,0.0000
medicine.mesh,purpurea,25,0.0000
medicine.mesh,obstruction,25,0.0000
medicine.mesh,alkaliphilus,25,0.0000
medicine.mesh,verrucosa,25,0.0000
medicine.mesh,salina,25,0.0000
medicine.mesh,reagent,25,0.0000
medicine.mesh,pathway,25,0.0000
medicine.mesh,americanus,25,0.0000
medicine.mesh,granules,25,0.0000
medicine.mesh,artificial,25,0.0000
medicine.mesh,minima,25,0.0000
medicine.mesh,crescentus,25,0.0000
medicine.mesh,design,25,0.0000
medicine.mesh,rotavirus,25,0.0000
medicine.mesh,ylurea,24,0.0000
medicine.mesh,ethyl,24,0.0000
medicine.mesh,peg,24,0.0000
medicine.mesh,ium,24,0.0000
medicine.mesh,benzopyran,24,0.0000
medicine.mesh,analog,24,0.0000
medicine.mesh,pyridine,24,0.0000
medicine.mesh,gentiobioside,24,0.0000
medicine.mesh,bquinoline,24,0.0000
medicine.mesh,dehydrogenases,24,0.0000
medicine.mesh,staphylococcus,24,0.0000
medicine.mesh,forming,24,0.0000
medicine.mesh,oxazoline,24,0.0000
medicine.mesh,benzamide,24,0.0000
medicine.mesh,trimethoxyflavone,24,0.0000
medicine.mesh,naphthalimide,24,0.0000
medicine.mesh,ointment,24,0.0000
medicine.mesh,his,24,0.0000
medicine.mesh,tropica,24,0.0000
medicine.mesh,soybean,24,0.0000
medicine.mesh,acute,24,0.0000
medicine.mesh,agglutinin,24,0.0000
medicine.mesh,adult,24,0.0000
medicine.mesh,hernia,24,0.0000
medicine.mesh,infarction,24,0.0000
medicine.mesh,paralysis,24,0.0000
medicine.mesh,candida,24,0.0000
medicine.mesh,aquatilis,24,0.0000
medicine.mesh,aurantiacum,24,0.0000
medicine.mesh,ceramic,24,0.0000
medicine.mesh,atra,24,0.0000
medicine.mesh,officinalis,24,0.0000
medicine.mesh,body,24,0.0000
medicine.mesh,gyrus,24,0.0000
medicine.mesh,archaeal,24,0.0000
medicine.mesh,hainanensis,24,0.0000
medicine.mesh,europaea,24,0.0000
medicine.mesh,affinis,24,0.0000
medicine.mesh,complexes,24,0.0000
medicine.mesh,perception,24,0.0000
medicine.mesh,graminis,24,0.0000
medicine.mesh,hypertension,24,0.0000
medicine.mesh,time,24,0.0000
medicine.mesh,volume,24,0.0000
medicine.mesh,familiaris,24,0.0000
medicine.mesh,microscopy,24,0.0000
medicine.mesh,nystagmus,24,0.0000
medicine.mesh,glycyl,24,0.0000
medicine.mesh,disodium,23,0.0000
medicine.mesh,piperidone,23,0.0000
medicine.mesh,nitrophenol,23,0.0000
medicine.mesh,trifluoroacetate,23,0.0000
medicine.mesh,diphosphonate,23,0.0000
medicine.mesh,hydroxybenzoate,23,0.0000
medicine.mesh,ulose,23,0.0000
medicine.mesh,maleimide,23,0.0000
medicine.mesh,ceramide,23,0.0000
medicine.mesh,defects,23,0.0000
medicine.mesh,fragment,23,0.0000
medicine.mesh,smegmatis,23,0.0000
medicine.mesh,roretzi,23,0.0000
medicine.mesh,faecium,23,0.0000
medicine.mesh,injury,23,0.0000
medicine.mesh,oklahoma,23,0.0000
medicine.mesh,quercicola,23,0.0000
medicine.mesh,training,23,0.0000
medicine.mesh,materials,23,0.0000
medicine.mesh,thermotolerans,23,0.0000
medicine.mesh,polylysine,23,0.0000
medicine.mesh,pyrophosphatase,23,0.0000
medicine.mesh,hydrophila,23,0.0000
medicine.mesh,degeneration,23,0.0000
medicine.mesh,fungal,23,0.0000
medicine.mesh,proteae,23,0.0000
medicine.mesh,solani,23,0.0000
medicine.mesh,loss,23,0.0000
medicine.mesh,mutabilis,23,0.0000
medicine.mesh,reticulata,23,0.0000
medicine.mesh,americanum,23,0.0000
medicine.mesh,parva,23,0.0000
medicine.mesh,surgical,23,0.0000
medicine.mesh,assisted,23,0.0000
medicine.mesh,rabbit,23,0.0000
medicine.mesh,albida,23,0.0000
medicine.mesh,nothofagi,23,0.0000
medicine.mesh,nitratireducens,23,0.0000
medicine.mesh,globosa,23,0.0000
medicine.mesh,chilensis,23,0.0000
medicine.mesh,aquimaris,23,0.0000
medicine.mesh,phi,23,0.0000
medicine.mesh,brunnea,23,0.0000
medicine.mesh,majus,23,0.0000
medicine.mesh,hemorrhage,23,0.0000
medicine.mesh,repair,23,0.0000
medicine.mesh,drugs,23,0.0000
medicine.mesh,solanacearum,23,0.0000
medicine.mesh,prosthesis,23,0.0000
medicine.mesh,hypertrophic,23,0.0000
medicine.mesh,sativus,23,0.0000
medicine.mesh,ring,23,0.0000
medicine.mesh,quercina,23,0.0000
medicine.mesh,networks,23,0.0000
medicine.mesh,mexico,23,0.0000
medicine.mesh,methanol,22,0.0000
medicine.mesh,benzene,22,0.0000
medicine.mesh,hydroxybenzamide,22,0.0000
medicine.mesh,linoleate,22,0.0000
medicine.mesh,coa,22,0.0000
medicine.mesh,thiotriphosphate,22,0.0000
medicine.mesh,butanone,22,0.0000
medicine.mesh,fquinoline,22,0.0000
medicine.mesh,uridine,22,0.0000
medicine.mesh,aegypti,22,0.0000
medicine.mesh,hydroxyquinoline,22,0.0000
medicine.mesh,phenylacetamide,22,0.0000
medicine.mesh,methylphenol,22,0.0000
medicine.mesh,gluconate,22,0.0000
medicine.mesh,hydroxamate,22,0.0000
medicine.mesh,carota,22,0.0000
medicine.mesh,diglucoside,22,0.0000
medicine.mesh,casein,22,0.0000
medicine.mesh,sylvestris,22,0.0000
medicine.mesh,drug,22,0.0000
medicine.mesh,longisporum,22,0.0000
medicine.mesh,anomala,22,0.0000
medicine.mesh,senegalensis,22,0.0000
medicine.mesh,luteum,22,0.0000
medicine.mesh,black,22,0.0000
medicine.mesh,fermentans,22,0.0000
medicine.mesh,camelliae,22,0.0000
medicine.mesh,fumigatus,22,0.0000
medicine.mesh,smithii,22,0.0000
medicine.mesh,puren,22,0.0000
medicine.mesh,anabaena,22,0.0000
medicine.mesh,errors,22,0.0000
medicine.mesh,protozoan,22,0.0000
medicine.mesh,longispora,22,0.0000
medicine.mesh,block,22,0.0000
medicine.mesh,policy,22,0.0000
medicine.mesh,pusilla,22,0.0000
medicine.mesh,circulation,22,0.0000
medicine.mesh,assessment,22,0.0000
medicine.mesh,isotopes,22,0.0000
medicine.mesh,pair,22,0.0000
medicine.mesh,neisseria,22,0.0000
medicine.mesh,practice,22,0.0000
medicine.mesh,ethanol,21,0.0000
medicine.mesh,carboxymethyloxime,21,0.0000
medicine.mesh,glucitol,21,0.0000
medicine.mesh,imidazoline,21,0.0000
medicine.mesh,nortestosterone,21,0.0000
medicine.mesh,borate,21,0.0000
medicine.mesh,adp,21,0.0000
medicine.mesh,butyrolactone,21,0.0000
medicine.mesh,aminobenzoate,21,0.0000
medicine.mesh,porcine,21,0.0000
medicine.mesh,thiourea,21,0.0000
medicine.mesh,pyrrolidinone,21,0.0000
medicine.mesh,chloroformate,21,0.0000
medicine.mesh,phosphoethanolamine,21,0.0000
medicine.mesh,amidohydrolase,21,0.0000
medicine.mesh,rubrum,21,0.0000
medicine.mesh,phosphatidylethanolamine,21,0.0000
medicine.mesh,aglycone,21,0.0000
medicine.mesh,leprae,21,0.0000
medicine.mesh,carboxamidine,21,0.0000
medicine.mesh,pyridazinone,21,0.0000
medicine.mesh,acrylamide,21,0.0000
medicine.mesh,adenylate,21,0.0000
medicine.mesh,acetylcysteine,21,0.0000
medicine.mesh,guanosine,21,0.0000
medicine.mesh,anthracis,21,0.0000
medicine.mesh,glutathione,21,0.0000
medicine.mesh,pig,21,0.0000
medicine.mesh,cyanide,21,0.0000
medicine.mesh,tem,21,0.0000
medicine.mesh,palsy,21,0.0000
medicine.mesh,fulva,21,0.0000
medicine.mesh,punctata,21,0.0000
medicine.mesh,domestica,21,0.0000
medicine.mesh,syzygii,21,0.0000
medicine.mesh,ferrireducens,21,0.0000
medicine.mesh,stimulation,21,0.0000
medicine.mesh,hyperplasia,21,0.0000
medicine.mesh,encephalopathy,21,0.0000
medicine.mesh,glands,21,0.0000
medicine.mesh,insufficiency,21,0.0000
medicine.mesh,glutamicum,21,0.0000
medicine.mesh,gambiae,21,0.0000
medicine.mesh,rubi,21,0.0000
medicine.mesh,persons,21,0.0000
medicine.mesh,pacificus,21,0.0000
medicine.mesh,procedure,21,0.0000
medicine.mesh,ethers,21,0.0000
medicine.mesh,glutamine,21,0.0000
medicine.mesh,citri,21,0.0000
medicine.mesh,graminicola,21,0.0000
medicine.mesh,vaccinii,21,0.0000
medicine.mesh,facilities,21,0.0000
medicine.mesh,dipeptidase,21,0.0000
medicine.mesh,mangrovei,21,0.0000
medicine.mesh,atresia,21,0.0000
medicine.mesh,malformations,21,0.0000
medicine.mesh,virescens,21,0.0000
medicine.mesh,probes,21,0.0000
medicine.mesh,algicola,21,0.0000
medicine.mesh,capensis,21,0.0000
medicine.mesh,septentrionalis,21,0.0000
medicine.mesh,tract,21,0.0000
medicine.mesh,powder,21,0.0000
medicine.mesh,gigantea,21,0.0000
medicine.mesh,sulcata,21,0.0000
medicine.mesh,clavata,21,0.0000
medicine.mesh,mapping,21,0.0000
medicine.mesh,hirsutum,21,0.0000
medicine.mesh,piceae,21,0.0000
medicine.mesh,arcticus,21,0.0000
medicine.mesh,status,21,0.0000
medicine.mesh,ylmethanol,20,0.0000
medicine.mesh,arabinofuranosylcytosine,20,0.0000
medicine.mesh,azabicycloheptane,20,0.0000
medicine.mesh,fluorescein,20,0.0000
medicine.mesh,chromene,20,0.0000
medicine.mesh,arabinofuranoside,20,0.0000
medicine.mesh,butylphenol,20,0.0000
medicine.mesh,benzoxadiazole,20,0.0000
medicine.mesh,tetrahydronaphthalene,20,0.0000
medicine.mesh,heparin,20,0.0000
medicine.mesh,abenzimidazole,20,0.0000
medicine.mesh,benzodiazepine,20,0.0000
medicine.mesh,nitrile,20,0.0000
medicine.mesh,monosulfate,20,0.0000
medicine.mesh,methylpyridinium,20,0.0000
medicine.mesh,argininamide,20,0.0000
medicine.mesh,leucinamide,20,0.0000
medicine.mesh,isoleucine,20,0.0000
medicine.mesh,oxazolone,20,0.0000
medicine.mesh,tetrachlorobiphenyl,20,0.0000
medicine.mesh,arabinoside,20,0.0000
medicine.mesh,methoxybenzamide,20,0.0000
medicine.mesh,methoxyflavone,20,0.0000
medicine.mesh,hexal,20,0.0000
medicine.mesh,cholesterol,20,0.0000
medicine.mesh,aptamer,20,0.0000
medicine.mesh,dementia,20,0.0000
medicine.mesh,neurotoxin,20,0.0000
medicine.mesh,insignis,20,0.0000
medicine.mesh,nuclei,20,0.0000
medicine.mesh,male,20,0.0000
medicine.mesh,plantarum,20,0.0000
medicine.mesh,trauma,20,0.0000
medicine.mesh,tectonae,20,0.0000
medicine.mesh,nigrum,20,0.0000
medicine.mesh,pyriformis,20,0.0000
medicine.mesh,glycoproteins,20,0.0000
medicine.mesh,interactions,20,0.0000
medicine.mesh,pallidus,20,0.0000
medicine.mesh,aspergillus,20,0.0000
medicine.mesh,edulis,20,0.0000
medicine.mesh,maris,20,0.0000
medicine.mesh,filiformis,20,0.0000
medicine.mesh,caricis,20,0.0000
medicine.mesh,oceani,20,0.0000
medicine.mesh,brunnescens,20,0.0000
medicine.mesh,rubescens,20,0.0000
medicine.mesh,juvenile,20,0.0000
medicine.mesh,pruinosa,20,0.0000
medicine.mesh,mutans,20,0.0000
medicine.mesh,nuclear,20,0.0000
medicine.mesh,aplysia,20,0.0000
medicine.mesh,cysts,20,0.0000
medicine.mesh,leucyl,20,0.0000
medicine.mesh,permease,20,0.0000
medicine.mesh,sinus,20,0.0000
medicine.mesh,experimental,20,0.0000
medicine.mesh,foliicola,20,0.0000
medicine.mesh,hiv,20,0.0000
medicine.mesh,agarose,20,0.0000
medicine.mesh,cinereus,20,0.0000
medicine.mesh,exigua,20,0.0000
medicine.mesh,avian,20,0.0000
medicine.mesh,tumors,20,0.0000
medicine.mesh,capsule,20,0.0000
medicine.mesh,absorption,20,0.0000
medicine.mesh,gregaria,20,0.0000
medicine.mesh,spectroscopy,20,0.0000
medicine.mesh,models,20,0.0000
medicine.mesh,synechococcus,20,0.0000
medicine.mesh,chlamydomonas,20,0.0000
medicine.mesh,probe,20,0.0000
medicine.mesh,material,20,0.0000
medicine.mesh,anemia,20,0.0000
medicine.mesh,orn,20,0.0000
medicine.mesh,quinolinone,19,0.0000
medicine.mesh,prolinamide,19,0.0000
medicine.mesh,rgd,19,0.0000
medicine.mesh,fucopyranoside,19,0.0000
medicine.mesh,msh,19,0.0000
medicine.mesh,proteases,19,0.0000
medicine.mesh,difficile,19,0.0000
medicine.mesh,methylsulfate,19,0.0000
medicine.mesh,tetrahydroquinoline,19,0.0000
medicine.mesh,cytidine,19,0.0000
medicine.mesh,apyrazine,19,0.0000
medicine.mesh,thiouridine,19,0.0000
medicine.mesh,lactoside,19,0.0000
medicine.mesh,pyrimidine,19,0.0000
medicine.mesh,diselenide,19,0.0000
medicine.mesh,coumarin,19,0.0000
medicine.mesh,trehalose,19,0.0000
medicine.mesh,dimethoxyflavone,19,0.0000
medicine.mesh,migratoria,19,0.0000
medicine.mesh,coumarate,19,0.0000
medicine.mesh,tetramethoxyflavone,19,0.0000
medicine.mesh,valerate,19,0.0000
medicine.mesh,female,19,0.0000
medicine.mesh,stagnalis,19,0.0000
medicine.mesh,fibers,19,0.0000
medicine.mesh,mellifera,19,0.0000
medicine.mesh,inflata,19,0.0000
medicine.mesh,rugosa,19,0.0000
medicine.mesh,organizations,19,0.0000
medicine.mesh,antarcticum,19,0.0000
medicine.mesh,cavernae,19,0.0000
medicine.mesh,cinnamomea,19,0.0000
medicine.mesh,oral,19,0.0000
medicine.mesh,cutaneous,19,0.0000
medicine.mesh,lymphoma,19,0.0000
medicine.mesh,ulmi,19,0.0000
medicine.mesh,esculenta,19,0.0000
medicine.mesh,aurantia,19,0.0000
medicine.mesh,ambigua,19,0.0000
medicine.mesh,mannosyltransferase,19,0.0000
medicine.mesh,acetylgalactosaminyltransferase,19,0.0000
medicine.mesh,cylindrica,19,0.0000
medicine.mesh,malonate,19,0.0000
medicine.mesh,psychrophila,19,0.0000
medicine.mesh,quercus,19,0.0000
medicine.mesh,viticola,19,0.0000
medicine.mesh,silicate,19,0.0000
medicine.mesh,intermedium,19,0.0000
medicine.mesh,alni,19,0.0000
medicine.mesh,communication,19,0.0000
medicine.mesh,migration,19,0.0000
medicine.mesh,progressive,19,0.0000
medicine.mesh,base,19,0.0000
medicine.mesh,adjuvant,19,0.0000
medicine.mesh,luteola,19,0.0000
medicine.mesh,aries,19,0.0000
medicine.mesh,gum,19,0.0000
medicine.mesh,method,19,0.0000
medicine.mesh,paste,19,0.0000
medicine.mesh,podocarpi,19,0.0000
medicine.mesh,persica,19,0.0000
medicine.mesh,solutions,19,0.0000
medicine.mesh,nivea,19,0.0000
medicine.mesh,vivax,19,0.0000
medicine.mesh,evaluation,19,0.0000
medicine.mesh,propylaminotetralin,18,0.0000
medicine.mesh,bleomycin,18,0.0000
medicine.mesh,folate,18,0.0000
medicine.mesh,colloid,18,0.0000
medicine.mesh,enoate,18,0.0000
medicine.mesh,enone,18,0.0000
medicine.mesh,alaninamide,18,0.0000
medicine.mesh,bfuran,18,0.0000
medicine.mesh,pyridinone,18,0.0000
medicine.mesh,dioxolane,18,0.0000
medicine.mesh,cresol,18,0.0000
medicine.mesh,pyrrole,18,0.0000
medicine.mesh,trifluoromethanesulfonate,18,0.0000
medicine.mesh,fad,18,0.0000
medicine.mesh,trihydrochloride,18,0.0000
medicine.mesh,cyanoacrylate,18,0.0000
medicine.mesh,bromoacetate,18,0.0000
medicine.mesh,megaterium,18,0.0000
medicine.mesh,deletion,18,0.0000
medicine.mesh,phenethylamine,18,0.0000
medicine.mesh,starch,18,0.0000
medicine.mesh,racemase,18,0.0000
medicine.mesh,phosphite,18,0.0000
medicine.mesh,igg,18,0.0000
medicine.mesh,diglyceride,18,0.0000
medicine.mesh,oxindole,18,0.0000
medicine.mesh,nuclease,18,0.0000
medicine.mesh,doxorubicin,18,0.0000
medicine.mesh,abyssi,18,0.0000
medicine.mesh,collagen,18,0.0000
medicine.mesh,donovani,18,0.0000
medicine.mesh,gordonii,18,0.0000
medicine.mesh,glauca,18,0.0000
medicine.mesh,chemical,18,0.0000
medicine.mesh,ocular,18,0.0000
medicine.mesh,esters,18,0.0000
medicine.mesh,aspartamide,18,0.0000
medicine.mesh,cloacae,18,0.0000
medicine.mesh,ellipsoidea,18,0.0000
medicine.mesh,granulosus,18,0.0000
medicine.mesh,massiliense,18,0.0000
medicine.mesh,tremor,18,0.0000
medicine.mesh,transport,18,0.0000
medicine.mesh,acutus,18,0.0000
medicine.mesh,phosphoribosyltransferase,18,0.0000
medicine.mesh,gland,18,0.0000
medicine.mesh,transfer,18,0.0000
medicine.mesh,support,18,0.0000
medicine.mesh,pathways,18,0.0000
medicine.mesh,retard,18,0.0000
medicine.mesh,furiosus,18,0.0000
medicine.mesh,euphorbiae,18,0.0000
medicine.mesh,pulchella,18,0.0000
medicine.mesh,abietis,18,0.0000
medicine.mesh,alpinus,18,0.0000
medicine.mesh,spartii,18,0.0000
medicine.mesh,alkalitolerans,18,0.0000
medicine.mesh,jonesii,18,0.0000
medicine.mesh,lamblia,18,0.0000
medicine.mesh,purpurascens,18,0.0000
medicine.mesh,longipes,18,0.0000
medicine.mesh,citrina,18,0.0000
medicine.mesh,mutation,18,0.0000
medicine.mesh,state,18,0.0000
medicine.mesh,ulcer,18,0.0000
medicine.mesh,structures,18,0.0000
medicine.mesh,ginsenosidimutans,18,0.0000
medicine.mesh,ligament,18,0.0000
medicine.mesh,autoantibodies,18,0.0000
medicine.mesh,encephalitis,18,0.0000
medicine.mesh,fragments,18,0.0000
medicine.mesh,parvula,18,0.0000
medicine.mesh,root,18,0.0000
medicine.mesh,toxins,18,0.0000
medicine.mesh,alanh,18,0.0000
medicine.mesh,eucalypticola,18,0.0000
medicine.mesh,albidus,18,0.0000
medicine.mesh,growth,18,0.0000
medicine.mesh,corticola,18,0.0000
medicine.mesh,fimbriata,18,0.0000
medicine.mesh,salinarum,18,0.0000
medicine.mesh,size,18,0.0000
medicine.mesh,oxa,18,0.0000
medicine.mesh,fruit,18,0.0000
medicine.mesh,dyskinesia,18,0.0000
medicine.mesh,ramosa,18,0.0000
medicine.mesh,plants,18,0.0000
medicine.mesh,anserina,18,0.0000
medicine.mesh,polymorpha,18,0.0000
medicine.mesh,dokdonensis,18,0.0000
medicine.mesh,units,18,0.0000
medicine.mesh,parvispora,18,0.0000
medicine.mesh,science,18,0.0000
medicine.mesh,vesicles,18,0.0000
medicine.mesh,vertebrate,18,0.0000
medicine.mesh,depot,18,0.0000
medicine.mesh,violacea,18,0.0000
medicine.mesh,deoxynojirimycin,18,0.0000
medicine.mesh,component,18,0.0000
medicine.mesh,annuus,18,0.0000
medicine.mesh,threonine,17,0.0000
medicine.mesh,methylpiperazine,17,0.0000
medicine.mesh,ornithine,17,0.0000
medicine.mesh,galloylglucopyranoside,17,0.0000
medicine.mesh,ethylamide,17,0.0000
medicine.mesh,piperazine,17,0.0000
medicine.mesh,diazepine,17,0.0000
medicine.mesh,imide,17,0.0000
medicine.mesh,benzazepine,17,0.0000
medicine.mesh,cellobioside,17,0.0000
medicine.mesh,deoxyglucopyranoside,17,0.0000
medicine.mesh,methylcarbamate,17,0.0000
medicine.mesh,semicarbazone,17,0.0000
medicine.mesh,acetylgalactosamine,17,0.0000
medicine.mesh,styrene,17,0.0000
medicine.mesh,monoacid,17,0.0000
medicine.mesh,ethanolamine,17,0.0000
medicine.mesh,aisoquinoline,17,0.0000
medicine.mesh,trisomy,17,0.0000
medicine.mesh,pyran,17,0.0000
medicine.mesh,phosphoramidite,17,0.0000
medicine.mesh,ribonuclease,17,0.0000
medicine.mesh,diethylamide,17,0.0000
medicine.mesh,toluidine,17,0.0000
medicine.mesh,asn,17,0.0000
medicine.mesh,tetraphosphate,17,0.0000
medicine.mesh,thymidine,17,0.0000
medicine.mesh,baumannii,17,0.0000
medicine.mesh,malate,17,0.0000
medicine.mesh,pivalate,17,0.0000
medicine.mesh,adenylyltransferase,17,0.0000
medicine.mesh,glucopyranosyl,17,0.0000
medicine.mesh,nana,17,0.0000
medicine.mesh,sensitivity,17,0.0000
medicine.mesh,multivorans,17,0.0000
medicine.mesh,gln,17,0.0000
medicine.mesh,arxii,17,0.0000
medicine.mesh,repens,17,0.0000
medicine.mesh,phragmitis,17,0.0000
medicine.mesh,minutum,17,0.0000
medicine.mesh,contusion,17,0.0000
medicine.mesh,glabrata,17,0.0000
medicine.mesh,heumann,17,0.0000
medicine.mesh,globosum,17,0.0000
medicine.mesh,macrosporum,17,0.0000
medicine.mesh,brassicae,17,0.0000
medicine.mesh,ferrooxidans,17,0.0000
medicine.mesh,ochracea,17,0.0000
medicine.mesh,sanguinis,17,0.0000
medicine.mesh,sealer,17,0.0000
medicine.mesh,cataract,17,0.0000
medicine.mesh,disabilities,17,0.0000
medicine.mesh,aspects,17,0.0000
medicine.mesh,count,17,0.0000
medicine.mesh,carboxypeptidase,17,0.0000
medicine.mesh,dogs,17,0.0000
medicine.mesh,echinata,17,0.0000
medicine.mesh,lutimaris,17,0.0000
medicine.mesh,heptahydrate,17,0.0000
medicine.mesh,rice,17,0.0000
medicine.mesh,aspera,17,0.0000
medicine.mesh,curvata,17,0.0000
medicine.mesh,longissima,17,0.0000
medicine.mesh,betulae,17,0.0000
medicine.mesh,dactylidis,17,0.0000
medicine.mesh,endophyticum,17,0.0000
medicine.mesh,desertorum,17,0.0000
medicine.mesh,domains,17,0.0000
medicine.mesh,krabiensis,17,0.0000
medicine.mesh,aneurysm,17,0.0000
medicine.mesh,tetraspora,17,0.0000
medicine.mesh,thaliana,17,0.0000
medicine.mesh,occlusion,17,0.0000
medicine.mesh,ferruginea,17,0.0000
medicine.mesh,maritimus,17,0.0000
medicine.mesh,liquid,17,0.0000
medicine.mesh,industry,17,0.0000
medicine.mesh,arteries,17,0.0000
medicine.mesh,tenue,17,0.0000
medicine.mesh,appendiculata,17,0.0000
medicine.mesh,malignant,17,0.0000
medicine.mesh,mice,17,0.0000
medicine.mesh,ccl,17,0.0000
medicine.mesh,meglumine,17,0.0000
medicine.mesh,marismortui,17,0.0000
medicine.mesh,sinense,17,0.0000
medicine.mesh,fracture,17,0.0000
medicine.mesh,flavida,17,0.0000
medicine.mesh,sediminicola,17,0.0000
medicine.mesh,retrovirus,17,0.0000
medicine.mesh,mycoplasma,17,0.0000
medicine.mesh,baculovirus,17,0.0000
medicine.mesh,ylacetate,16,0.0000
medicine.mesh,methoxybenzoate,16,0.0000
medicine.mesh,dioxane,16,0.0000
medicine.mesh,methylbutanoate,16,0.0000
medicine.mesh,hydroxyproline,16,0.0000
medicine.mesh,methoxyphenol,16,0.0000
medicine.mesh,heptanone,16,0.0000
medicine.mesh,olate,16,0.0000
medicine.mesh,fluorouridine,16,0.0000
medicine.mesh,dicarbonitrile,16,0.0000
medicine.mesh,ribofuranose,16,0.0000
medicine.mesh,propene,16,0.0000
medicine.mesh,carbazole,16,0.0000
medicine.mesh,butanediol,16,0.0000
medicine.mesh,phenylacetate,16,0.0000
medicine.mesh,tetralone,16,0.0000
medicine.mesh,methylanthraquinone,16,0.0000
medicine.mesh,semialdehyde,16,0.0000
medicine.mesh,des,16,0.0000
medicine.mesh,galactopyranose,16,0.0000
medicine.mesh,dimidazole,16,0.0000
medicine.mesh,trichloride,16,0.0000
medicine.mesh,tetrachloride,16,0.0000
medicine.mesh,diisocyanate,16,0.0000
medicine.mesh,ammonium,16,0.0000
medicine.mesh,maltoside,16,0.0000
medicine.mesh,picrate,16,0.0000
medicine.mesh,methylpyridine,16,0.0000
medicine.mesh,thiazole,16,0.0000
medicine.mesh,nadph,16,0.0000
medicine.mesh,mannose,16,0.0000
medicine.mesh,hydroxyphenylporphyrin,16,0.0000
medicine.mesh,ribofuranoside,16,0.0000
medicine.mesh,pyrone,16,0.0000
medicine.mesh,monomer,16,0.0000
medicine.mesh,dideoxyuridine,16,0.0000
medicine.mesh,lysinamide,16,0.0000
medicine.mesh,poliovirus,16,0.0000
medicine.mesh,graveolens,16,0.0000
medicine.mesh,ylporphyrin,16,0.0000
medicine.mesh,tetraphenylporphyrin,16,0.0000
medicine.mesh,zinc,16,0.0000
medicine.mesh,reduction,16,0.0000
medicine.mesh,muris,16,0.0000
medicine.mesh,carboxylase,16,0.0000
medicine.mesh,molitor,16,0.0000
medicine.mesh,haliotis,16,0.0000
medicine.mesh,actinomycetemcomitans,16,0.0000
medicine.mesh,amidase,16,0.0000
medicine.mesh,algorithms,16,0.0000
medicine.mesh,insulae,16,0.0000
medicine.mesh,dismutase,16,0.0000
medicine.mesh,macrosporus,16,0.0000
medicine.mesh,leaf,16,0.0000
medicine.mesh,ventilation,16,0.0000
medicine.mesh,nitrite,16,0.0000
medicine.mesh,lunata,16,0.0000
medicine.mesh,tolerance,16,0.0000
medicine.mesh,phenylalanyl,16,0.0000
medicine.mesh,atlanticus,16,0.0000
medicine.mesh,oregonensis,16,0.0000
medicine.mesh,pruni,16,0.0000
medicine.mesh,floridae,16,0.0000
medicine.mesh,inaequalis,16,0.0000
medicine.mesh,hepatica,16,0.0000
medicine.mesh,rufescens,16,0.0000
medicine.mesh,acerina,16,0.0000
medicine.mesh,immunoglobulin,16,0.0000
medicine.mesh,cubensis,16,0.0000
medicine.mesh,gracile,16,0.0000
medicine.mesh,idiopathic,16,0.0000
medicine.mesh,aureum,16,0.0000
medicine.mesh,glacialis,16,0.0000
medicine.mesh,microsporus,16,0.0000
medicine.mesh,vein,16,0.0000
medicine.mesh,harveyi,16,0.0000
medicine.mesh,alkaliphila,16,0.0000
medicine.mesh,equipment,16,0.0000
medicine.mesh,lividus,16,0.0000
medicine.mesh,population,16,0.0000
medicine.mesh,weight,16,0.0000
medicine.mesh,sebacate,16,0.0000
medicine.mesh,lupini,16,0.0000
medicine.mesh,glabra,16,0.0000
medicine.mesh,mucosa,16,0.0000
medicine.mesh,nanoparticles,16,0.0000
medicine.mesh,extraction,16,0.0000
medicine.mesh,capitata,16,0.0000
medicine.mesh,striata,16,0.0000
medicine.mesh,pneumonia,16,0.0000
medicine.mesh,cyanobacteria,16,0.0000
medicine.mesh,toxoid,16,0.0000
medicine.mesh,stain,16,0.0000
medicine.mesh,jannaschii,16,0.0000
medicine.mesh,fibrosis,16,0.0000
medicine.mesh,inducers,16,0.0000
medicine.mesh,meridionalis,16,0.0000
medicine.mesh,space,16,0.0000
medicine.mesh,alphabeta,16,0.0000
medicine.mesh,tridentatus,16,0.0000
medicine.mesh,valerolactone,15,0.0000
medicine.mesh,methylpiperidine,15,0.0000
medicine.mesh,uracil,15,0.0000
medicine.mesh,adenine,15,0.0000
medicine.mesh,ylalanine,15,0.0000
medicine.mesh,terpyridine,15,0.0000
medicine.mesh,naphthylamine,15,0.0000
medicine.mesh,nitrobenzoate,15,0.0000
medicine.mesh,laurate,15,0.0000
medicine.mesh,decane,15,0.0000
medicine.mesh,azabicyclooctane,15,0.0000
medicine.mesh,thiouracil,15,0.0000
medicine.mesh,deoxyglucopyranose,15,0.0000
medicine.mesh,ylacrylamide,15,0.0000
medicine.mesh,mannitol,15,0.0000
medicine.mesh,quinoline,15,0.0000
medicine.mesh,choline,15,0.0000
medicine.mesh,dihydropyridine,15,0.0000
medicine.mesh,methylthiosemicarbazone,15,0.0000
medicine.mesh,trimethylammonium,15,0.0000
medicine.mesh,ylethanol,15,0.0000
medicine.mesh,pyrazoline,15,0.0000
medicine.mesh,dicarboxamide,15,0.0000
medicine.mesh,camptothecin,15,0.0000
medicine.mesh,diketopiperazine,15,0.0000
medicine.mesh,thioester,15,0.0000
medicine.mesh,homopolymer,15,0.0000
medicine.mesh,aciduria,15,0.0000
medicine.mesh,methylaniline,15,0.0000
medicine.mesh,methyladenosine,15,0.0000
medicine.mesh,biphenyl,15,0.0000
medicine.mesh,pentachlorobiphenyl,15,0.0000
medicine.mesh,gmp,15,0.0000
medicine.mesh,dimethoxychalcone,15,0.0000
medicine.mesh,ducreyi,15,0.0000
medicine.mesh,flavone,15,0.0000
medicine.mesh,deacylase,15,0.0000
medicine.mesh,tetrahymena,15,0.0000
medicine.mesh,carinii,15,0.0000
medicine.mesh,dipropionate,15,0.0000
medicine.mesh,deazaguanine,15,0.0000
medicine.mesh,aminofluorene,15,0.0000
medicine.mesh,tetraurelia,15,0.0000
medicine.mesh,aerogenes,15,0.0000
medicine.mesh,bisporus,15,0.0000
medicine.mesh,cylindrospora,15,0.0000
medicine.mesh,radiation,15,0.0000
medicine.mesh,formulation,15,0.0000
medicine.mesh,patagonica,15,0.0000
medicine.mesh,nivalis,15,0.0000
medicine.mesh,avulsion,15,0.0000
medicine.mesh,beijingensis,15,0.0000
medicine.mesh,perfringens,15,0.0000
medicine.mesh,xiamenensis,15,0.0000
medicine.mesh,fusispora,15,0.0000
medicine.mesh,algeriensis,15,0.0000
medicine.mesh,chiangmaiensis,15,0.0000
medicine.mesh,urchin,15,0.0000
medicine.mesh,particles,15,0.0000
medicine.mesh,americans,15,0.0000
medicine.mesh,vietnamensis,15,0.0000
medicine.mesh,kunmingensis,15,0.0000
medicine.mesh,impairment,15,0.0000
medicine.mesh,angusta,15,0.0000
medicine.mesh,oxytoca,15,0.0000
medicine.mesh,lyases,15,0.0000
medicine.mesh,tsugae,15,0.0000
medicine.mesh,polyspora,15,0.0000
medicine.mesh,medium,15,0.0000
medicine.mesh,rhododendri,15,0.0000
medicine.mesh,hawaiiensis,15,0.0000
medicine.mesh,aestuariivivens,15,0.0000
medicine.mesh,simulans,15,0.0000
medicine.mesh,neuraxpharm,15,0.0000
medicine.mesh,mexicanum,15,0.0000
medicine.mesh,motifs,15,0.0000
medicine.mesh,titanate,15,0.0000
medicine.mesh,juniperi,15,0.0000
medicine.mesh,fulvum,15,0.0000
medicine.mesh,palmicola,15,0.0000
medicine.mesh,muelleri,15,0.0000
medicine.mesh,activities,15,0.0000
medicine.mesh,neoplasm,15,0.0000
medicine.mesh,ornata,15,0.0000
medicine.mesh,muscicola,15,0.0000
medicine.mesh,review,15,0.0000
medicine.mesh,variegata,15,0.0000
medicine.mesh,alanyl,15,0.0000
medicine.mesh,bones,15,0.0000
medicine.mesh,obscura,15,0.0000
medicine.mesh,mykiss,15,0.0000
medicine.mesh,subterraneus,15,0.0000
medicine.mesh,africanum,15,0.0000
medicine.mesh,life,15,0.0000
medicine.mesh,pamoate,15,0.0000
medicine.mesh,hordei,15,0.0000
medicine.mesh,sphaerospora,15,0.0000
medicine.mesh,singularis,15,0.0000
medicine.mesh,infestans,15,0.0000
medicine.mesh,anomaly,15,0.0000
medicine.mesh,molecules,15,0.0000
medicine.mesh,muralis,15,0.0000
medicine.mesh,mollis,15,0.0000
medicine.mesh,pseudomallei,15,0.0000
medicine.mesh,bilateral,15,0.0000
medicine.mesh,veins,15,0.0000
medicine.mesh,olivascens,15,0.0000
medicine.mesh,australe,15,0.0000
medicine.mesh,seed,15,0.0000
medicine.mesh,epsilon,15,0.0000
medicine.mesh,mexicanus,15,0.0000
medicine.mesh,himalayensis,15,0.0000
medicine.mesh,pastoris,15,0.0000
medicine.mesh,fil,15,0.0000
medicine.mesh,cord,15,0.0000
medicine.mesh,roseum,15,0.0000
medicine.mesh,sequencing,15,0.0000
medicine.mesh,maculata,15,0.0000
medicine.mesh,recombinase,15,0.0000
medicine.mesh,isopropylacrylamide,15,0.0000
medicine.mesh,herbarum,15,0.0000
medicine.mesh,hirsuta,15,0.0000
medicine.mesh,fish,15,0.0000
medicine.mesh,equine,15,0.0000
medicine.mesh,eburnea,15,0.0000
medicine.mesh,aquimarina,15,0.0000
medicine.mesh,cleft,15,0.0000
medicine.mesh,neohesperidoside,14,0.0000
medicine.mesh,benzomorphan,14,0.0000
medicine.mesh,triazacyclononane,14,0.0000
medicine.mesh,copperii,14,0.0000
medicine.mesh,methoxycoumarin,14,0.0000
medicine.mesh,propylamine,14,0.0000
medicine.mesh,epoxidase,14,0.0000
medicine.mesh,polystyrene,14,0.0000
medicine.mesh,tyramine,14,0.0000
medicine.mesh,isoglutamine,14,0.0000
medicine.mesh,indolinone,14,0.0000
medicine.mesh,glucosinolate,14,0.0000
medicine.mesh,ylpiperazine,14,0.0000
medicine.mesh,benzilate,14,0.0000
medicine.mesh,solfataricus,14,0.0000
medicine.mesh,phenylglycine,14,0.0000
medicine.mesh,tetraazacyclododecane,14,0.0000
medicine.mesh,methane,14,0.0000
medicine.mesh,chelate,14,0.0000
medicine.mesh,mannopyranose,14,0.0000
medicine.mesh,dimethylbenzaanthracene,14,0.0000
medicine.mesh,diperchlorate,14,0.0000
medicine.mesh,terephthalate,14,0.0000
medicine.mesh,spiralis,14,0.0000
medicine.mesh,retinal,14,0.0000
medicine.mesh,dihydrotestosterone,14,0.0000
medicine.mesh,hydroquinone,14,0.0000
medicine.mesh,methylpyrimidine,14,0.0000
medicine.mesh,mutase,14,0.0000
medicine.mesh,methylbenzamide,14,0.0000
medicine.mesh,methoxychalcone,14,0.0000
medicine.mesh,aminoazobenzene,14,0.0000
medicine.mesh,glycinate,14,0.0000
medicine.mesh,benzodioxole,14,0.0000
medicine.mesh,hexachlorobiphenyl,14,0.0000
medicine.mesh,fucosyltransferase,14,0.0000
medicine.mesh,glycosylase,14,0.0000
medicine.mesh,ascorbate,14,0.0000
medicine.mesh,pentamethoxyflavone,14,0.0000
medicine.mesh,diester,14,0.0000
medicine.mesh,rhizobium,14,0.0000
medicine.mesh,release,14,0.0000
medicine.mesh,methylphosphonate,14,0.0000
medicine.mesh,nitride,14,0.0000
medicine.mesh,bacteriophage,14,0.0000
medicine.mesh,reversal,14,0.0000
medicine.mesh,glynh,14,0.0000
medicine.mesh,odn,14,0.0000
medicine.mesh,tetrakisphosphate,14,0.0000
medicine.mesh,algae,14,0.0000
medicine.mesh,antibiotic,14,0.0000
medicine.mesh,salmonicida,14,0.0000
medicine.mesh,abscess,14,0.0000
medicine.mesh,spontaneous,14,0.0000
medicine.mesh,spinosa,14,0.0000
medicine.mesh,bullata,14,0.0000
medicine.mesh,transection,14,0.0000
medicine.mesh,duct,14,0.0000
medicine.mesh,lichenicola,14,0.0000
medicine.mesh,oligonucleotide,14,0.0000
medicine.mesh,guangxiensis,14,0.0000
medicine.mesh,solisilvae,14,0.0000
medicine.mesh,acylase,14,0.0000
medicine.mesh,stroke,14,0.0000
medicine.mesh,pulmonary,14,0.0000
medicine.mesh,sciences,14,0.0000
medicine.mesh,neurons,14,0.0000
medicine.mesh,crocea,14,0.0000
medicine.mesh,panaciterrae,14,0.0000
medicine.mesh,convertase,14,0.0000
medicine.mesh,sickness,14,0.0000
medicine.mesh,fraction,14,0.0000
medicine.mesh,tibetensis,14,0.0000
medicine.mesh,casei,14,0.0000
medicine.mesh,arenicola,14,0.0000
medicine.mesh,paludosa,14,0.0000
medicine.mesh,fischeri,14,0.0000
medicine.mesh,ellisii,14,0.0000
medicine.mesh,vinelandii,14,0.0000
medicine.mesh,mitochondrial,14,0.0000
medicine.mesh,reductases,14,0.0000
medicine.mesh,alginate,14,0.0000
medicine.mesh,chungangensis,14,0.0000
medicine.mesh,jeotgali,14,0.0000
medicine.mesh,lethal,14,0.0000
medicine.mesh,falcata,14,0.0000
medicine.mesh,score,14,0.0000
medicine.mesh,salicis,14,0.0000
medicine.mesh,spectabilis,14,0.0000
medicine.mesh,phase,14,0.0000
medicine.mesh,glc,14,0.0000
medicine.mesh,mannosidase,14,0.0000
medicine.mesh,lysozyme,14,0.0000
medicine.mesh,thrombin,14,0.0000
medicine.mesh,malayi,14,0.0000
medicine.mesh,microsporum,14,0.0000
medicine.mesh,multiformis,14,0.0000
medicine.mesh,arenaria,14,0.0000
medicine.mesh,guyanensis,14,0.0000
medicine.mesh,zonata,14,0.0000
medicine.mesh,azu,14,0.0000
medicine.mesh,brasiliense,14,0.0000
medicine.mesh,yunnanense,14,0.0000
medicine.mesh,variation,14,0.0000
medicine.mesh,baltica,14,0.0000
medicine.mesh,spinal,14,0.0000
medicine.mesh,anguillarum,14,0.0000
medicine.mesh,lonicerae,14,0.0000
medicine.mesh,rosarum,14,0.0000
medicine.mesh,dietary,14,0.0000
medicine.mesh,rights,14,0.0000
medicine.mesh,repeats,14,0.0000
medicine.mesh,segment,14,0.0000
medicine.mesh,formosana,14,0.0000
medicine.mesh,immunotoxin,14,0.0000
medicine.mesh,processing,14,0.0000
medicine.mesh,pallescens,14,0.0000
medicine.mesh,gelatinosa,14,0.0000
medicine.mesh,gamsii,14,0.0000
medicine.mesh,aggregata,14,0.0000
medicine.mesh,velutipes,14,0.0000
medicine.mesh,cardiac,14,0.0000
medicine.mesh,fusion,14,0.0000
medicine.mesh,africanus,14,0.0000
medicine.mesh,striatus,14,0.0000
medicine.mesh,tritici,14,0.0000
medicine.mesh,cyanescens,14,0.0000
medicine.mesh,verruculosa,14,0.0000
medicine.mesh,pulchra,14,0.0000
medicine.mesh,tiliae,14,0.0000
medicine.mesh,stellata,14,0.0000
medicine.mesh,agnosia,14,0.0000
medicine.mesh,implantation,14,0.0000
medicine.mesh,examination,14,0.0000
medicine.mesh,depolymerase,14,0.0000
medicine.mesh,tentans,14,0.0000
medicine.mesh,ratio,14,0.0000
medicine.mesh,whale,14,0.0000
medicine.mesh,fusiforme,14,0.0000
medicine.mesh,gold,14,0.0000
medicine.mesh,donors,14,0.0000
medicine.mesh,water,14,0.0000
medicine.mesh,seal,14,0.0000
medicine.mesh,edema,14,0.0000
medicine.mesh,tricolor,14,0.0000
medicine.mesh,annuum,14,0.0000
medicine.mesh,yin,14,0.0000
medicine.mesh,phosphates,14,0.0000
medicine.mesh,uniseptata,14,0.0000
medicine.mesh,smoking,14,0.0000
medicine.mesh,cycle,14,0.0000
medicine.mesh,tomography,14,0.0000
medicine.mesh,pentahydrate,14,0.0000
medicine.mesh,fragrans,14,0.0000
medicine.mesh,artemisiae,14,0.0000
medicine.mesh,nodosa,14,0.0000
medicine.mesh,mangiferae,14,0.0000
medicine.mesh,savignyi,14,0.0000
medicine.mesh,spectrometry,14,0.0000
medicine.mesh,flavovirens,14,0.0000
medicine.mesh,hypersensitivity,14,0.0000
medicine.mesh,work,14,0.0000
medicine.mesh,trifolii,14,0.0000
medicine.mesh,albescens,14,0.0000
medicine.mesh,fuscus,14,0.0000
medicine.mesh,agenesis,14,0.0000
medicine.mesh,nanhaiensis,14,0.0000
medicine.mesh,emulsion,14,0.0000
medicine.mesh,century,14,0.0000
medicine.mesh,cent,14,0.0000
medicine.mesh,trimethoxyphenylmethanone,13,0.0000
medicine.mesh,aquinoxaline,13,0.0000
medicine.mesh,mab,13,0.0000
medicine.mesh,bay,13,0.0000
medicine.mesh,diacylglycerol,13,0.0000
medicine.mesh,ylcarbamate,13,0.0000
medicine.mesh,ylguanidine,13,0.0000
medicine.mesh,diaminocyclohexane,13,0.0000
medicine.mesh,rhodamine,13,0.0000
medicine.mesh,methylimidazolium,13,0.0000
medicine.mesh,dinitrobenzene,13,0.0000
medicine.mesh,dimethylxanthine,13,0.0000
medicine.mesh,methylquinolinium,13,0.0000
medicine.mesh,fructose,13,0.0000
medicine.mesh,lhrh,13,0.0000
medicine.mesh,nitrobenzene,13,0.0000
medicine.mesh,hydrazine,13,0.0000
medicine.mesh,bitartrate,13,0.0000
medicine.mesh,hydroxycinnamate,13,0.0000
medicine.mesh,triiodide,13,0.0000
medicine.mesh,tetrahydrobenzoapyrene,13,0.0000
medicine.mesh,acetonitrile,13,0.0000
medicine.mesh,tetrahydrochloride,13,0.0000
medicine.mesh,methylchrysene,13,0.0000
medicine.mesh,thiophosphate,13,0.0000
medicine.mesh,enitol,13,0.0000
medicine.mesh,diacrylate,13,0.0000
medicine.mesh,partial,13,0.0000
medicine.mesh,lysyl,13,0.0000
medicine.mesh,octreotate,13,0.0000
medicine.mesh,carotene,13,0.0000
medicine.mesh,acetonide,13,0.0000
medicine.mesh,fluorocytidine,13,0.0000
medicine.mesh,ylethylacetamide,13,0.0000
medicine.mesh,nucleoside,13,0.0000
medicine.mesh,vinylpyridine,13,0.0000
medicine.mesh,glutarate,13,0.0000
medicine.mesh,phenylhydrazone,13,0.0000
medicine.mesh,thiosulfate,13,0.0000
medicine.mesh,trifluoromethylcoumarin,13,0.0000
medicine.mesh,immitis,13,0.0000
medicine.mesh,dihydroxyflavone,13,0.0000
medicine.mesh,abortus,13,0.0000
medicine.mesh,dimethylamide,13,0.0000
medicine.mesh,ribonucleoside,13,0.0000
medicine.mesh,selenide,13,0.0000
medicine.mesh,trioxide,13,0.0000
medicine.mesh,methotrexate,13,0.0000
medicine.mesh,cypa,13,0.0000
medicine.mesh,rnase,13,0.0000
medicine.mesh,hydroxylamine,13,0.0000
medicine.mesh,tobacco,13,0.0000
medicine.mesh,koreana,13,0.0000
medicine.mesh,implants,13,0.0000
medicine.mesh,whole,13,0.0000
medicine.mesh,pulvinata,13,0.0000
medicine.mesh,tuberculata,13,0.0000
medicine.mesh,lactobacillus,13,0.0000
medicine.mesh,matrix,13,0.0000
medicine.mesh,ldl,13,0.0000
medicine.mesh,hydrolases,13,0.0000
medicine.mesh,proteolyticus,13,0.0000
medicine.mesh,valve,13,0.0000
medicine.mesh,chrysogenum,13,0.0000
medicine.mesh,polycephalum,13,0.0000
medicine.mesh,clostridium,13,0.0000
medicine.mesh,fulvus,13,0.0000
medicine.mesh,act,13,0.0000
medicine.mesh,lung,13,0.0000
medicine.mesh,fluorescens,13,0.0000
medicine.mesh,crassostreae,13,0.0000
medicine.mesh,clavatus,13,0.0000
medicine.mesh,luteolus,13,0.0000
medicine.mesh,hamster,13,0.0000
medicine.mesh,vitis,13,0.0000
medicine.mesh,grandis,13,0.0000
medicine.mesh,rhizophorae,13,0.0000
medicine.mesh,pollution,13,0.0000
medicine.mesh,halodurans,13,0.0000
medicine.mesh,constricta,13,0.0000
medicine.mesh,confluens,13,0.0000
medicine.mesh,donghaensis,13,0.0000
medicine.mesh,poae,13,0.0000
medicine.mesh,sibirica,13,0.0000
medicine.mesh,aromaticivorans,13,0.0000
medicine.mesh,contaminans,13,0.0000
medicine.mesh,agri,13,0.0000
medicine.mesh,enzymes,13,0.0000
medicine.mesh,anomalus,13,0.0000
medicine.mesh,badia,13,0.0000
medicine.mesh,congenita,13,0.0000
medicine.mesh,man,13,0.0000
medicine.mesh,capsici,13,0.0000
medicine.mesh,ethanolamide,13,0.0000
medicine.mesh,compacta,13,0.0000
medicine.mesh,iranica,13,0.0000
medicine.mesh,sites,13,0.0000
medicine.mesh,hispanica,13,0.0000
medicine.mesh,lentus,13,0.0000
medicine.mesh,canescens,13,0.0000
medicine.mesh,coryli,13,0.0000
medicine.mesh,gardneri,13,0.0000
medicine.mesh,javanica,13,0.0000
medicine.mesh,essential,13,0.0000
medicine.mesh,truncatula,13,0.0000
medicine.mesh,plans,13,0.0000
medicine.mesh,cerebral,13,0.0000
medicine.mesh,abdominal,13,0.0000
medicine.mesh,mixed,13,0.0000
medicine.mesh,posterior,13,0.0000
medicine.mesh,cardiomyopathy,13,0.0000
medicine.mesh,siamense,13,0.0000
medicine.mesh,papillata,13,0.0000
medicine.mesh,prunicola,13,0.0000
medicine.mesh,daejeonensis,13,0.0000
medicine.mesh,incarnata,13,0.0000
medicine.mesh,garethjonesii,13,0.0000
medicine.mesh,paludis,13,0.0000
medicine.mesh,coronata,13,0.0000
medicine.mesh,asiaticus,13,0.0000
medicine.mesh,odoratus,13,0.0000
medicine.mesh,transporters,13,0.0000
medicine.mesh,liver,13,0.0000
medicine.mesh,sorediata,13,0.0000
medicine.mesh,badius,13,0.0000
medicine.mesh,gossypii,13,0.0000
medicine.mesh,neglecta,13,0.0000
medicine.mesh,ciliata,13,0.0000
medicine.mesh,octanoate,13,0.0000
medicine.mesh,triseptata,13,0.0000
medicine.mesh,program,13,0.0000
medicine.mesh,olivaceus,13,0.0000
medicine.mesh,plexus,13,0.0000
medicine.mesh,fuscum,13,0.0000
medicine.mesh,banksiae,13,0.0000
medicine.mesh,protearum,13,0.0000
medicine.mesh,muriformis,13,0.0000
medicine.mesh,abieticola,13,0.0000
medicine.mesh,atrovirens,13,0.0000
medicine.mesh,villosa,13,0.0000
medicine.mesh,screening,13,0.0000
medicine.mesh,carotovora,13,0.0000
medicine.mesh,corymbiae,13,0.0000
medicine.mesh,obtusa,13,0.0000
medicine.mesh,laevigata,13,0.0000
medicine.mesh,council,13,0.0000
medicine.mesh,virens,13,0.0000
medicine.mesh,magna,13,0.0000
medicine.mesh,government,13,0.0000
medicine.mesh,workers,13,0.0000
medicine.mesh,hydrogenase,13,0.0000
medicine.mesh,nitida,13,0.0000
medicine.mesh,bispora,13,0.0000
medicine.mesh,divinylbenzene,13,0.0000
medicine.mesh,benign,13,0.0000
medicine.mesh,glaucescens,13,0.0000
medicine.mesh,flavoviridis,13,0.0000
medicine.mesh,gigas,13,0.0000
medicine.mesh,kauffmanii,13,0.0000
medicine.mesh,rerio,13,0.0000
medicine.mesh,violence,13,0.0000
medicine.mesh,necrosis,13,0.0000
medicine.mesh,curtisii,13,0.0000
medicine.mesh,typhi,13,0.0000
medicine.mesh,abnormal,13,0.0000
medicine.mesh,barkeri,13,0.0000
medicine.mesh,exilis,13,0.0000
medicine.mesh,oligosaccharide,13,0.0000
medicine.mesh,scapularis,13,0.0000
medicine.mesh,transposase,13,0.0000
medicine.mesh,pratense,13,0.0000
medicine.mesh,chromosome,13,0.0000
medicine.mesh,syndromic,13,0.0000
medicine.mesh,vasopressin,12,0.0000
medicine.mesh,trimer,12,0.0000
medicine.mesh,propenamide,12,0.0000
medicine.mesh,thiodiphosphate,12,0.0000
medicine.mesh,enolide,12,0.0000
medicine.mesh,azetidinone,12,0.0000
medicine.mesh,methylester,12,0.0000
medicine.mesh,glucuronate,12,0.0000
medicine.mesh,trifluoride,12,0.0000
medicine.mesh,butanoate,12,0.0000
medicine.mesh,aminotetralin,12,0.0000
medicine.mesh,pyrrolidine,12,0.0000
medicine.mesh,methoxyphenylpiperazine,12,0.0000
medicine.mesh,dimaleate,12,0.0000
medicine.mesh,dimethyltriazene,12,0.0000
medicine.mesh,pentanone,12,0.0000
medicine.mesh,malonyltransferase,12,0.0000
medicine.mesh,monomesylate,12,0.0000
medicine.mesh,arabinofuranosyluracil,12,0.0000
medicine.mesh,spermine,12,0.0000
medicine.mesh,thiazoline,12,0.0000
medicine.mesh,dideoxycytidine,12,0.0000
medicine.mesh,dipalmitate,12,0.0000
medicine.mesh,diimide,12,0.0000
medicine.mesh,bpyrazine,12,0.0000
medicine.mesh,dienolide,12,0.0000
medicine.mesh,nitropyridine,12,0.0000
medicine.mesh,oxazine,12,0.0000
medicine.mesh,ylbenzonitrile,12,0.0000
medicine.mesh,carbodithioate,12,0.0000
medicine.mesh,ribofuranosylpurine,12,0.0000
medicine.mesh,methylguanosine,12,0.0000
medicine.mesh,methyltyrosine,12,0.0000
medicine.mesh,iva,12,0.0000
medicine.mesh,thioglucopyranoside,12,0.0000
medicine.mesh,phosphoramidate,12,0.0000
medicine.mesh,polymers,12,0.0000
medicine.mesh,nitroxide,12,0.0000
medicine.mesh,nitrostyrene,12,0.0000
medicine.mesh,isocyanide,12,0.0000
medicine.mesh,hydroxyflavone,12,0.0000
medicine.mesh,alkaloid,12,0.0000
medicine.mesh,dopamine,12,0.0000
medicine.mesh,aminophenol,12,0.0000
medicine.mesh,dopa,12,0.0000
medicine.mesh,sphingosine,12,0.0000
medicine.mesh,isovalerate,12,0.0000
medicine.mesh,glcnac,12,0.0000
medicine.mesh,platinum,12,0.0000
medicine.mesh,galactosidase,12,0.0000
medicine.mesh,berghei,12,0.0000
medicine.mesh,surveys,12,0.0000
medicine.mesh,performance,12,0.0000
medicine.mesh,rhythm,12,0.0000
medicine.mesh,paucivorans,12,0.0000
medicine.mesh,apis,12,0.0000
medicine.mesh,piscicola,12,0.0000
medicine.mesh,magnum,12,0.0000
medicine.mesh,thermophilum,12,0.0000
medicine.mesh,occulta,12,0.0000
medicine.mesh,griseum,12,0.0000
medicine.mesh,rhizophila,12,0.0000
medicine.mesh,ferrugineus,12,0.0000
medicine.mesh,sichuanensis,12,0.0000
medicine.mesh,erythraea,12,0.0000
medicine.mesh,nucleotides,12,0.0000
medicine.mesh,uterus,12,0.0000
medicine.mesh,sugars,12,0.0000
medicine.mesh,brown,12,0.0000
medicine.mesh,immunologic,12,0.0000
medicine.mesh,structure,12,0.0000
medicine.mesh,vernalis,12,0.0000
medicine.mesh,transferases,12,0.0000
medicine.mesh,age,12,0.0000
medicine.mesh,effusa,12,0.0000
medicine.mesh,salexigens,12,0.0000
medicine.mesh,neuropeptide,12,0.0000
medicine.mesh,symptoms,12,0.0000
medicine.mesh,peregrina,12,0.0000
medicine.mesh,lectins,12,0.0000
medicine.mesh,pallens,12,0.0000
medicine.mesh,herba,12,0.0000
medicine.mesh,bordetella,12,0.0000
medicine.mesh,island,12,0.0000
medicine.mesh,caricicola,12,0.0000
medicine.mesh,agarivorans,12,0.0000
medicine.mesh,pseudotsugae,12,0.0000
medicine.mesh,regulation,12,0.0000
medicine.mesh,licheniformis,12,0.0000
medicine.mesh,bungarotoxin,12,0.0000
medicine.mesh,castaneae,12,0.0000
medicine.mesh,heveae,12,0.0000
medicine.mesh,undulata,12,0.0000
medicine.mesh,monostearate,12,0.0000
medicine.mesh,costaricensis,12,0.0000
medicine.mesh,farinosa,12,0.0000
medicine.mesh,verrucosus,12,0.0000
medicine.mesh,developmental,12,0.0000
medicine.mesh,conditions,12,0.0000
medicine.mesh,neuronal,12,0.0000
medicine.mesh,imperfecta,12,0.0000
medicine.mesh,lividans,12,0.0000
medicine.mesh,attenuata,12,0.0000
medicine.mesh,littoralis,12,0.0000
medicine.mesh,guianensis,12,0.0000
medicine.mesh,granulosa,12,0.0000
medicine.mesh,laxa,12,0.0000
medicine.mesh,contortus,12,0.0000
medicine.mesh,subterranea,12,0.0000
medicine.mesh,canal,12,0.0000
medicine.mesh,pulcherrima,12,0.0000
medicine.mesh,peoples,12,0.0000
medicine.mesh,period,12,0.0000
medicine.mesh,combined,12,0.0000
medicine.mesh,pill,12,0.0000
medicine.mesh,atpases,12,0.0000
medicine.mesh,culture,12,0.0000
medicine.mesh,populina,12,0.0000
medicine.mesh,neoformans,12,0.0000
medicine.mesh,submersa,12,0.0000
medicine.mesh,spongiae,12,0.0000
medicine.mesh,hypogaea,12,0.0000
medicine.mesh,spathulata,12,0.0000
medicine.mesh,allergy,12,0.0000
medicine.mesh,tarda,12,0.0000
medicine.mesh,sojae,12,0.0000
medicine.mesh,varians,12,0.0000
medicine.mesh,olivaceum,12,0.0000
medicine.mesh,precursors,12,0.0000
medicine.mesh,urticaria,12,0.0000
medicine.mesh,dystonia,12,0.0000
medicine.mesh,gallinarum,12,0.0000
medicine.mesh,asiaticum,12,0.0000
medicine.mesh,lutescens,12,0.0000
medicine.mesh,clematidis,12,0.0000
medicine.mesh,cereus,12,0.0000
medicine.mesh,hku,12,0.0000
medicine.mesh,rubripes,12,0.0000
medicine.mesh,borrelia,12,0.0000
medicine.mesh,kidney,12,0.0000
medicine.mesh,shv,12,0.0000
medicine.mesh,pubescens,12,0.0000
medicine.mesh,ruminantium,12,0.0000
medicine.mesh,jararaca,12,0.0000
medicine.mesh,donation,12,0.0000
medicine.mesh,selection,12,0.0000
medicine.mesh,insularis,12,0.0000
medicine.mesh,dolphin,12,0.0000
medicine.mesh,tomentosa,12,0.0000
medicine.mesh,fimicola,12,0.0000
medicine.mesh,ischemia,12,0.0000
medicine.mesh,waves,12,0.0000
medicine.mesh,fluminis,12,0.0000
medicine.mesh,pharma,12,0.0000
medicine.mesh,abz,12,0.0000
medicine.mesh,variabile,12,0.0000
medicine.mesh,angustata,12,0.0000
medicine.mesh,lactea,12,0.0000
medicine.mesh,subalpina,12,0.0000
medicine.mesh,dependence,12,0.0000
medicine.mesh,ligases,12,0.0000
medicine.mesh,like,12,0.0000
medicine.mesh,latipes,12,0.0000
medicine.mesh,biology,12,0.0000
medicine.mesh,lacustris,12,0.0000
medicine.mesh,cylindrosporum,12,0.0000
medicine.mesh,caudata,12,0.0000
medicine.mesh,ochraceum,12,0.0000
medicine.mesh,brevispora,12,0.0000
medicine.mesh,clinical,12,0.0000
medicine.mesh,paradoxus,12,0.0000
medicine.mesh,aggregans,12,0.0000
medicine.mesh,layer,12,0.0000
medicine.mesh,stability,12,0.0000
medicine.mesh,grevilleae,12,0.0000
medicine.mesh,phaseoli,12,0.0000
medicine.mesh,cerebriformis,12,0.0000
medicine.mesh,sealant,12,0.0000
medicine.mesh,pusillum,12,0.0000
medicine.mesh,chiangraiensis,12,0.0000
medicine.mesh,montagnei,12,0.0000
medicine.mesh,dentistry,12,0.0000
medicine.mesh,resources,12,0.0000
medicine.mesh,activation,12,0.0000
medicine.mesh,agencies,12,0.0000
medicine.mesh,fraxini,12,0.0000
medicine.mesh,substances,12,0.0000
medicine.mesh,alnicola,12,0.0000
medicine.mesh,latifolia,12,0.0000
medicine.mesh,exposure,12,0.0000
medicine.mesh,salinus,12,0.0000
medicine.mesh,ecoi,12,0.0000
medicine.mesh,peucetius,12,0.0000
medicine.mesh,conflict,12,0.0000
medicine.mesh,perenne,12,0.0000
medicine.mesh,spp,12,0.0000
medicine.mesh,catarrhalis,12,0.0000
medicine.mesh,reovirus,12,0.0000
medicine.mesh,silvestris,12,0.0000
medicine.mesh,dibromobenzamide,12,0.0000
medicine.mesh,propanediamine,12,0.0000
medicine.sign,concentration,1018,0.0561
medicine.sign,morphology,747,0.0412
medicine.sign,finger,500,0.0276
medicine.sign,toe,467,0.0257
medicine.sign,level,356,0.0196
medicine.sign,positivity,310,0.0171
medicine.sign,infection,282,0.0155
medicine.sign,test,173,0.0095
medicine.sign,seizure,144,0.0079
medicine.sign,hand,108,0.0060
medicine.sign,proportion,101,0.0056
medicine.sign,physiology,100,0.0055
medicine.sign,atrophy,97,0.0053
medicine.sign,hypoplasia,97,0.0053
medicine.sign,bones,94,0.0052
medicine.sign,hallux,86,0.0047
medicine.sign,thumb,79,0.0044
medicine.sign,expression,79,0.0044
medicine.sign,cyst,78,0.0043
medicine.sign,bone,78,0.0043
medicine.sign,count,77,0.0042
medicine.sign,pain,72,0.0040
medicine.sign,bodies,68,0.0037
medicine.sign,phalanx,68,0.0037
medicine.sign,calcification,65,0.0036
medicine.sign,exposure,64,0.0035
medicine.sign,stenosis,61,0.0034
medicine.sign,ratio,57,0.0031
medicine.sign,hemorrhage,55,0.0030
medicine.sign,mass,55,0.0030
medicine.sign,cells,55,0.0030
medicine.sign,sign,55,0.0030
medicine.sign,weakness,54,0.0030
medicine.sign,neoplasm,54,0.0030
medicine.sign,defect,53,0.0029
medicine.sign,metacarpal,52,0.0029
medicine.sign,contracture,51,0.0028
medicine.sign,dysplasia,50,0.0028
medicine.sign,epiphyses,50,0.0028
medicine.sign,ossification,49,0.0027
medicine.sign,abscess,49,0.0027
medicine.sign,impairment,48,0.0026
medicine.sign,lesion,48,0.0026
medicine.sign,limbs,48,0.0026
medicine.sign,skin,47,0.0026
medicine.sign,carcinoma,47,0.0026
medicine.sign,toes,46,0.0025
medicine.sign,muscle,46,0.0025
medicine.sign,edema,45,0.0025
medicine.sign,logmar,45,0.0025
medicine.sign,tissue,42,0.0023
medicine.sign,cataract,41,0.0023
medicine.sign,fracture,41,0.0023
medicine.sign,urine,40,0.0022
medicine.sign,epiphysis,40,0.0022
medicine.sign,hypertrophy,39,0.0021
medicine.sign,system,39,0.0021
medicine.sign,synostosis,39,0.0021
medicine.sign,malformation,38,0.0021
medicine.sign,reflex,38,0.0021
medicine.sign,hair,38,0.0021
medicine.sign,atresia,37,0.0020
medicine.sign,hyperplasia,37,0.0020
medicine.sign,necrosis,37,0.0020
medicine.sign,artery,37,0.0020
medicine.sign,anemia,37,0.0020
medicine.sign,fistula,35,0.0019
medicine.sign,metatarsal,35,0.0019
medicine.sign,metaphysis,35,0.0019
medicine.sign,tumor,35,0.0019
medicine.sign,hemangioma,34,0.0019
medicine.sign,ear,34,0.0019
medicine.sign,symphalangism,34,0.0019
medicine.sign,syndactyly,34,0.0019
medicine.sign,fibrosis,34,0.0019
medicine.sign,fibroblasts,34,0.0019
medicine.sign,abnormality,33,0.0018
medicine.sign,lip,33,0.0018
medicine.sign,teeth,33,0.0018
medicine.sign,vertebrae,33,0.0018
medicine.sign,antibody,33,0.0018
medicine.sign,infections,32,0.0018
medicine.sign,degeneration,32,0.0018
medicine.sign,aneurysm,32,0.0018
medicine.sign,aplasia,32,0.0018
medicine.sign,valve,30,0.0017
medicine.sign,electroretinogram,29,0.0016
medicine.sign,dislocation,29,0.0016
medicine.sign,pressure,29,0.0016
medicine.sign,onset,29,0.0016
medicine.sign,cleft,27,0.0015
medicine.sign,dystrophy,27,0.0015
medicine.sign,behavior,27,0.0015
medicine.sign,adenoma,27,0.0015
medicine.sign,joints,27,0.0015
medicine.sign,hyperpigmentation,27,0.0015
medicine.sign,aciduria,27,0.0015
medicine.sign,allergy,27,0.0015
medicine.sign,obstruction,26,0.0014
medicine.sign,neck,26,0.0014
medicine.sign,potentials,26,0.0014
medicine.sign,muscles,26,0.0014
medicine.sign,deficiency,26,0.0014
medicine.sign,deposits,26,0.0014
medicine.sign,tachycardia,26,0.0014
medicine.sign,mrs,26,0.0014
medicine.sign,incisor,25,0.0014
medicine.sign,nodule,25,0.0014
medicine.sign,humerus,25,0.0014
medicine.sign,thickening,25,0.0014
medicine.sign,digit,25,0.0014
medicine.sign,agenesis,24,0.0013
medicine.sign,head,24,0.0013
medicine.sign,musculature,24,0.0013
medicine.sign,deposition,24,0.0013
medicine.sign,elbow,24,0.0013
medicine.sign,volume,24,0.0013
medicine.sign,thickness,23,0.0013
medicine.sign,sclerosis,22,0.0012
medicine.sign,syndrome,22,0.0012
medicine.sign,tongue,22,0.0012
medicine.sign,palate,22,0.0012
medicine.sign,hyperkeratosis,22,0.0012
medicine.sign,canal,22,0.0012
medicine.sign,eyelashes,22,0.0012
medicine.sign,fusion,22,0.0012
medicine.sign,acidosis,22,0.0012
medicine.sign,hypercellularity,22,0.0012
medicine.sign,oct,22,0.0012
medicine.sign,dysfunction,21,0.0012
medicine.sign,helix,21,0.0012
medicine.sign,neuropathy,21,0.0012
medicine.sign,crease,21,0.0012
medicine.sign,arthritis,21,0.0012
medicine.sign,gait,21,0.0012
medicine.sign,sleep,21,0.0012
medicine.sign,discharges,21,0.0012
medicine.sign,waves,21,0.0012
medicine.sign,infiltration,21,0.0012
medicine.sign,casts,21,0.0012
medicine.sign,stature,20,0.0011
medicine.sign,anomaly,20,0.0011
medicine.sign,ribs,20,0.0011
medicine.sign,gland,20,0.0011
medicine.sign,fingers,20,0.0011
medicine.sign,radius,20,0.0011
medicine.sign,ulna,20,0.0011
medicine.sign,features,19,0.0010
medicine.sign,loss,19,0.0010
medicine.sign,eyebrow,19,0.0010
medicine.sign,ventricle,19,0.0010
medicine.sign,pneumonia,19,0.0010
medicine.sign,leukemia,19,0.0010
medicine.sign,fibers,19,0.0010
medicine.sign,accumulation,19,0.0010
medicine.sign,joint,19,0.0010
medicine.sign,rupture,19,0.0010
medicine.sign,glycosylation,19,0.0010
medicine.sign,ingestion,19,0.0010
medicine.sign,use,19,0.0010
medicine.sign,movement,18,0.0010
medicine.sign,nystagmus,18,0.0010
medicine.sign,block,18,0.0010
medicine.sign,tract,18,0.0010
medicine.sign,epilepticus,18,0.0010
medicine.sign,time,18,0.0010
medicine.sign,inheritance,17,0.0009
medicine.sign,duplication,17,0.0009
medicine.sign,sensation,17,0.0009
medicine.sign,face,17,0.0009
medicine.sign,antihelix,17,0.0009
medicine.sign,movements,17,0.0009
medicine.sign,pigmentation,17,0.0009
medicine.sign,metacarpals,17,0.0009
medicine.sign,paralysis,17,0.0009
medicine.sign,amyloidosis,17,0.0009
medicine.sign,tremor,17,0.0009
medicine.sign,hamartoma,17,0.0009
medicine.sign,distribution,17,0.0009
medicine.sign,grade,17,0.0009
medicine.sign,genitalia,16,0.0009
medicine.sign,telangiectasia,16,0.0009
medicine.sign,nose,16,0.0009
medicine.sign,palsy,16,0.0009
medicine.sign,failure,16,0.0009
medicine.sign,delay,16,0.0009
medicine.sign,hepatitis,16,0.0009
medicine.sign,arrest,16,0.0009
medicine.sign,foot,16,0.0009
medicine.sign,pattern,16,0.0009
medicine.sign,encephalitis,16,0.0009
medicine.sign,history,16,0.0009
medicine.sign,number,16,0.0009
medicine.sign,acid,16,0.0009
medicine.sign,wave,16,0.0009
medicine.sign,occlusion,16,0.0009
medicine.sign,localization,16,0.0009
medicine.sign,granules,16,0.0009
medicine.sign,metabolism,15,0.0008
medicine.sign,polydactyly,15,0.0008
medicine.sign,dystonia,15,0.0008
medicine.sign,speech,15,0.0008
medicine.sign,thrombosis,15,0.0008
medicine.sign,hallucination,15,0.0008
medicine.sign,vasculitis,15,0.0008
medicine.sign,eyelid,15,0.0008
medicine.sign,connection,15,0.0008
medicine.sign,granulomatosis,15,0.0008
medicine.sign,hrct,15,0.0008
medicine.sign,insufficiency,14,0.0008
medicine.sign,cysts,14,0.0008
medicine.sign,ulcer,14,0.0008
medicine.sign,vessels,14,0.0008
medicine.sign,fissure,14,0.0008
medicine.sign,glands,14,0.0008
medicine.sign,sinuses,14,0.0008
medicine.sign,lipoma,14,0.0008
medicine.sign,subluxation,14,0.0008
medicine.sign,nail,14,0.0008
medicine.sign,aorta,14,0.0008
medicine.sign,deformity,14,0.0008
medicine.sign,response,14,0.0008
medicine.sign,heterotopia,14,0.0008
medicine.sign,encephalopathy,14,0.0008
medicine.sign,dilatation,14,0.0008
medicine.sign,formation,14,0.0008
medicine.sign,metaphyses,14,0.0008
medicine.sign,irregularity,14,0.0008
medicine.sign,aggregation,14,0.0008
medicine.sign,diameter,14,0.0008
medicine.sign,amyotrophy,14,0.0008
medicine.sign,diaphysis,14,0.0008
medicine.sign,polyposis,14,0.0008
medicine.sign,membrane,14,0.0008
medicine.sign,content,14,0.0008
medicine.sign,nerve,14,0.0008
medicine.sign,lymphoma,14,0.0008
medicine.sign,culture,14,0.0008
medicine.sign,reflux,13,0.0007
medicine.sign,kidney,13,0.0007
medicine.sign,pit,13,0.0007
medicine.sign,size,13,0.0007
medicine.sign,changes,13,0.0007
medicine.sign,hypertension,13,0.0007
medicine.sign,clavicle,13,0.0007
medicine.sign,creases,13,0.0007
medicine.sign,esotropia,13,0.0007
medicine.sign,cord,13,0.0007
medicine.sign,hypermobility,13,0.0007
medicine.sign,function,13,0.0007
medicine.sign,fluid,13,0.0007
medicine.sign,incisors,13,0.0007
medicine.sign,cardiomyopathy,13,0.0007
medicine.sign,instability,13,0.0007
medicine.sign,aphasia,13,0.0007
medicine.sign,dissection,13,0.0007
medicine.sign,rate,13,0.0007
medicine.sign,spasm,13,0.0007
medicine.sign,density,13,0.0007
medicine.sign,vertebra,13,0.0007
medicine.sign,arch,13,0.0007
medicine.sign,adenocarcinoma,13,0.0007
medicine.sign,meningitis,13,0.0007
medicine.sign,mucosa,13,0.0007
medicine.sign,pregnancy,13,0.0007
medicine.sign,teratoma,13,0.0007
medicine.sign,location,13,0.0007
medicine.sign,tear,13,0.0007
medicine.sign,vaccine,13,0.0007
medicine.sign,diverticulum,12,0.0007
medicine.sign,penis,12,0.0007
medicine.sign,septum,12,0.0007
medicine.sign,ridge,12,0.0007
medicine.sign,asymmetry,12,0.0007
medicine.sign,maxilla,12,0.0007
medicine.sign,tortuosity,12,0.0007
medicine.sign,erythema,12,0.0007
medicine.sign,swelling,12,0.0007
medicine.sign,callosum,12,0.0007
medicine.sign,liver,12,0.0007
medicine.sign,proliferation,12,0.0007
medicine.sign,arteries,12,0.0007
medicine.sign,effusion,12,0.0007
medicine.sign,cortex,12,0.0007
medicine.sign,femur,12,0.0007
medicine.sign,phenomenon,12,0.0007
medicine.sign,phalanges,12,0.0007
medicine.sign,lesions,12,0.0007
medicine.sign,sound,12,0.0007
medicine.sign,sarcoglycan,12,0.0007
medicine.sign,colitis,12,0.0007
medicine.sign,thrombi,12,0.0007
music,drum,114,0.0427
music,instrument,107,0.0401
music,guitar,77,0.0289
music,flute,61,0.0229
music,fingerholes,61,0.0229
music,organ,47,0.0176
music,bell,45,0.0169
music,bass,36,0.0135
music,horn,31,0.0116
music,harp,30,0.0112
music,drums,29,0.0109
music,duct,29,0.0109
music,reed,28,0.0105
music,microphone,28,0.0105
music,stick,28,0.0105
music,piano,27,0.0101
music,series,24,0.0090
music,zither,23,0.0086
music,trumpet,22,0.0082
music,soprano,21,0.0079
music,recorder,18,0.0067
music,lute,18,0.0067
music,accordion,18,0.0067
music,whistle,17,0.0064
music,idiophone,17,0.0064
music,clarinet,16,0.0060
music,fiddle,16,0.0060
music,trombone,15,0.0056
music,synthesizer,15,0.0056
music,aerophone,15,0.0056
music,bore,15,0.0056
music,violin,14,0.0052
music,saxophone,14,0.0052
music,baritone,13,0.0049
music,keyboard,13,0.0049
music,bow,13,0.0049
music,kantele,12,0.0045
music,playing,12,0.0045
music,mouthpiece,12,0.0045
music,played,12,0.0045
noun.act,game,57,0.0179
noun.act,war,49,0.0154
noun.act,fire,38,0.0119
noun.act,dance,32,0.0101
noun.act,operation,29,0.0091
noun.act,analysis,29,0.0091
noun.act,therapy,28,0.0088
noun.act,reflex,26,0.0082
noun.act,shot,25,0.0079
noun.act,dancing,23,0.0072
noun.act,surgery,23,0.0072
noun.act,control,22,0.0069
noun.act,care,22,0.0069
noun.act,service,20,0.0063
noun.act,play,20,0.0063
noun.act,off,19,0.0060
noun.act,campaign,18,0.0057
noun.act,worship,17,0.0053
noun.act,test,17,0.0053
noun.act,response,16,0.0050
noun.act,procedure,16,0.0050
noun.act,out,16,0.0050
noun.act,duty,15,0.0047
noun.act,sale,14,0.0044
noun.act,ball,14,0.0044
noun.act,defense,13,0.0041
noun.act,work,13,0.0041
noun.act,revolution,12,0.0038
noun.act,delivery,12,0.0038
noun.act,exercise,12,0.0038
noun.act,action,12,0.0038
noun.animal,fish,82,0.0098
noun.animal,snake,73,0.0087
noun.animal,moth,66,0.0079
noun.animal,bird,64,0.0076
noun.animal,beetle,54,0.0064
noun.animal,dog,48,0.0057
noun.animal,fly,44,0.0052
noun.animal,cat,43,0.0051
noun.animal,lizard,41,0.0049
noun.animal,terrier,40,0.0048
noun.animal,bat,38,0.0045
noun.animal,horse,36,0.0043
noun.animal,mouse,35,0.0042
noun.animal,virus,35,0.0042
noun.animal,shark,35,0.0042
noun.animal,bug,34,0.0041
noun.animal,rat,32,0.0038
noun.animal,frog,28,0.0033
noun.animal,crab,27,0.0032
noun.animal,squirrel,27,0.0032
noun.animal,worm,26,0.0031
noun.animal,whale,25,0.0030
noun.animal,toad,24,0.0029
noun.animal,mammal,23,0.0027
noun.animal,bear,22,0.0026
noun.animal,louse,22,0.0026
noun.animal,insect,22,0.0026
noun.animal,salamander,21,0.0025
noun.animal,bass,21,0.0025
noun.animal,turtle,21,0.0025
noun.animal,monkey,19,0.0023
noun.animal,duck,19,0.0023
noun.animal,butterfly,19,0.0023
noun.animal,spaniel,17,0.0020
noun.animal,hen,17,0.0020
noun.animal,owl,17,0.0020
noun.animal,bee,16,0.0019
noun.animal,ant,16,0.0019
noun.animal,eagle,16,0.0019
noun.animal,warbler,16,0.0019
noun.animal,deer,16,0.0019
noun.animal,family,16,0.0019
noun.animal,genus,16,0.0019
noun.animal,bacteria,16,0.0019
noun.animal,seal,15,0.0018
noun.animal,salmon,15,0.0018
noun.animal,sheep,15,0.0018
noun.animal,americana,14,0.0017
noun.animal,goat,14,0.0017
noun.animal,fox,14,0.0017
noun.animal,americanus,14,0.0017
noun.animal,sparrow,14,0.0017
noun.animal,animal,14,0.0017
noun.animal,wolf,13,0.0016
noun.animal,goose,13,0.0016
noun.animal,hawk,13,0.0016
noun.animal,eel,13,0.0016
noun.animal,clam,13,0.0016
noun.animal,hare,12,0.0014
noun.animal,wren,12,0.0014
noun.animal,rattlesnake,12,0.0014
noun.animal,thrush,12,0.0014
noun.artifact,machine,117,0.0139
noun.artifact,system,112,0.0133
noun.artifact,house,76,0.0090
noun.artifact,drug,71,0.0084
noun.artifact,room,71,0.0084
noun.artifact,line,67,0.0079
noun.artifact,box,59,0.0070
noun.artifact,car,57,0.0068
noun.artifact,bomb,56,0.0066
noun.artifact,bridge,52,0.0062
noun.artifact,board,52,0.0062
noun.artifact,tube,48,0.0057
noun.artifact,bag,47,0.0056
noun.artifact,lamp,45,0.0053
noun.artifact,table,44,0.0052
noun.artifact,gun,40,0.0047
noun.artifact,arch,40,0.0047
noun.artifact,device,39,0.0046
noun.artifact,engine,39,0.0046
noun.artifact,plane,39,0.0046
noun.artifact,station,36,0.0043
noun.artifact,ball,36,0.0043
noun.artifact,bed,35,0.0041
noun.artifact,iron,35,0.0041
noun.artifact,chair,33,0.0039
noun.artifact,wheel,33,0.0039
noun.artifact,ship,32,0.0038
noun.artifact,shop,32,0.0038
noun.artifact,suit,31,0.0037
noun.artifact,pump,31,0.0037
noun.artifact,cap,31,0.0037
noun.artifact,stitch,31,0.0037
noun.artifact,wrench,30,0.0036
noun.artifact,knife,30,0.0036
noun.artifact,hat,30,0.0036
noun.artifact,boat,29,0.0034
noun.artifact,bar,29,0.0034
noun.artifact,circuit,28,0.0033
noun.artifact,door,28,0.0033
noun.artifact,jacket,28,0.0033
noun.artifact,equipment,28,0.0033
noun.artifact,saw,28,0.0033
noun.artifact,cell,27,0.0032
noun.artifact,ring,27,0.0032
noun.artifact,instrument,27,0.0032
noun.artifact,plate,26,0.0031
noun.artifact,coat,26,0.0031
noun.artifact,glass,26,0.0031
noun.artifact,press,26,0.0031
noun.artifact,pipe,26,0.0031
noun.artifact,knot,25,0.0030
noun.artifact,block,25,0.0030
noun.artifact,deck,25,0.0030
noun.artifact,seat,25,0.0030
noun.artifact,printer,25,0.0030
noun.artifact,store,25,0.0030
noun.artifact,thermometer,24,0.0028
noun.artifact,window,23,0.0027
noun.artifact,lens,23,0.0027
noun.artifact,chamber,23,0.0027
noun.artifact,pad,23,0.0027
noun.artifact,agent,22,0.0026
noun.artifact,hydrochloride,22,0.0026
noun.artifact,joint,22,0.0026
noun.artifact,bit,22,0.0026
noun.artifact,gear,22,0.0026
noun.artifact,bottle,21,0.0025
noun.artifact,light,21,0.0025
noun.artifact,key,20,0.0024
noun.artifact,camp,20,0.0024
noun.artifact,tower,19,0.0023
noun.artifact,art,19,0.0023
noun.artifact,boot,19,0.0023
noun.artifact,tent,19,0.0023
noun.artifact,truck,19,0.0023
noun.artifact,mill,19,0.0023
noun.artifact,stick,19,0.0023
noun.artifact,university,18,0.0021
noun.artifact,pole,18,0.0021
noun.artifact,hole,18,0.0021
noun.artifact,vehicle,18,0.0021
noun.artifact,case,18,0.0021
noun.artifact,garden,18,0.0021
noun.artifact,rack,18,0.0021
noun.artifact,gauge,18,0.0021
noun.artifact,wagon,17,0.0020
noun.artifact,motor,17,0.0020
noun.artifact,card,17,0.0020
noun.artifact,hall,17,0.0020
noun.artifact,camera,17,0.0020
noun.artifact,furnace,17,0.0020
noun.artifact,clock,17,0.0020
noun.artifact,pin,17,0.0020
noun.artifact,cloth,17,0.0020
noun.artifact,battery,16,0.0019
noun.artifact,yard,16,0.0019
noun.artifact,powder,16,0.0019
noun.artifact,hammer,16,0.0019
noun.artifact,valve,16,0.0019
noun.artifact,cart,16,0.0019
noun.artifact,drill,15,0.0018
noun.artifact,cup,15,0.0018
noun.artifact,set,15,0.0018
noun.artifact,bell,15,0.0018
noun.artifact,market,15,0.0018
noun.artifact,road,15,0.0018
noun.artifact,chest,15,0.0018
noun.artifact,computer,15,0.0018
noun.artifact,rod,15,0.0018
noun.artifact,cutter,15,0.0018
noun.artifact,memory,15,0.0018
noun.artifact,gate,14,0.0017
noun.artifact,center,14,0.0017
noun.artifact,rig,14,0.0017
noun.artifact,screen,14,0.0017
noun.artifact,telescope,14,0.0017
noun.artifact,roof,14,0.0017
noun.artifact,coil,14,0.0017
noun.artifact,storage,14,0.0017
noun.artifact,bandage,14,0.0017
noun.artifact,hook,14,0.0017
noun.artifact,reactor,14,0.0017
noun.artifact,shoe,14,0.0017
noun.artifact,train,14,0.0017
noun.artifact,basket,14,0.0017
noun.artifact,farm,14,0.0017
noun.artifact,mine,14,0.0017
noun.artifact,range,14,0.0017
noun.artifact,laboratory,13,0.0015
noun.artifact,drive,13,0.0015
noun.artifact,cross,13,0.0015
noun.artifact,ladder,13,0.0015
noun.artifact,projection,13,0.0015
noun.artifact,office,13,0.0015
noun.artifact,belt,13,0.0015
noun.artifact,bath,13,0.0015
noun.artifact,monitor,13,0.0015
noun.artifact,frame,13,0.0015
noun.artifact,paint,13,0.0015
noun.artifact,plant,13,0.0015
noun.artifact,pen,13,0.0015
noun.artifact,mask,13,0.0015
noun.artifact,tool,13,0.0015
noun.artifact,microphone,13,0.0015
noun.artifact,brake,13,0.0015
noun.artifact,post,13,0.0015
noun.artifact,gage,13,0.0015
noun.artifact,inhibitor,12,0.0014
noun.artifact,wall,12,0.0014
noun.artifact,converter,12,0.0014
noun.artifact,building,12,0.0014
noun.artifact,heel,12,0.0014
noun.artifact,switch,12,0.0014
noun.artifact,horn,12,0.0014
noun.artifact,collar,12,0.0014
noun.artifact,counter,12,0.0014
noun.artifact,disk,12,0.0014
noun.artifact,horse,12,0.0014
noun.artifact,film,12,0.0014
noun.artifact,missile,12,0.0014
noun.artifact,cleaner,12,0.0014
noun.artifact,clip,12,0.0014
noun.artifact,rocket,12,0.0014
noun.artifact,pan,12,0.0014
noun.artifact,dress,12,0.0014
noun.artifact,cable,12,0.0014
noun.artifact,bowl,12,0.0014
noun.attribute,green,14,0.0185
noun.attribute,red,13,0.0172
noun.attribute,blue,13,0.0172
noun.attribute,property,13,0.0172
noun.attribute,frequency,12,0.0159
noun.body,vein,173,0.0809
noun.body,artery,110,0.0514
noun.body,cell,73,0.0341
noun.body,muscle,63,0.0295
noun.body,bone,56,0.0262
noun.body,nerve,51,0.0239
noun.body,gland,46,0.0215
noun.body,system,39,0.0182
noun.body,body,29,0.0136
noun.body,joint,26,0.0122
noun.body,organ,26,0.0122
noun.body,cavity,23,0.0108
noun.body,gene,20,0.0094
noun.body,plexus,20,0.0094
noun.body,area,18,0.0084
noun.body,tissue,18,0.0084
noun.body,membrane,15,0.0070
noun.body,duct,15,0.0070
noun.body,smear,14,0.0065
noun.body,cortex,14,0.0065
noun.body,hormone,14,0.0065
noun.body,canal,13,0.0061
noun.body,tooth,13,0.0061
noun.body,arch,13,0.0061
noun.body,valve,13,0.0061
noun.body,sinus,13,0.0061
noun.body,tract,12,0.0056
noun.body,fluid,12,0.0056
noun.cognition,law,51,0.0309
noun.cognition,test,47,0.0284
noun.cognition,system,46,0.0278
noun.cognition,theory,43,0.0260
noun.cognition,science,28,0.0169
noun.cognition,principle,23,0.0139
noun.cognition,correlation,23,0.0139
noun.cognition,psychology,22,0.0133
noun.cognition,program,20,0.0121
noun.cognition,architecture,18,0.0109
noun.cognition,geometry,17,0.0103
noun.cognition,vision,17,0.0103
noun.cognition,medicine,17,0.0103
noun.cognition,analysis,16,0.0097
noun.cognition,sensation,15,0.0091
noun.cognition,memory,15,0.0091
noun.cognition,engineering,14,0.0085
noun.cognition,plan,13,0.0079
noun.cognition,logic,13,0.0079
noun.cognition,anatomy,13,0.0079
noun.communication,language,744,0.1820
noun.communication,system,58,0.0142
noun.communication,program,50,0.0122
noun.communication,music,49,0.0120
noun.communication,word,35,0.0086
noun.communication,book,31,0.0076
noun.communication,code,31,0.0076
noun.communication,line,30,0.0073
noun.communication,letter,29,0.0071
noun.communication,name,28,0.0069
noun.communication,law,27,0.0066
noun.communication,card,25,0.0061
noun.communication,notation,23,0.0056
noun.communication,order,21,0.0051
noun.communication,mark,20,0.0049
noun.communication,contract,20,0.0049
noun.communication,consonant,20,0.0049
noun.communication,file,19,0.0046
noun.communication,list,18,0.0044
noun.communication,dialect,18,0.0044
noun.communication,sign,18,0.0044
noun.communication,communication,18,0.0044
noun.communication,vowel,18,0.0044
noun.communication,call,18,0.0044
noun.communication,spelling,17,0.0042
noun.communication,mail,16,0.0039
noun.communication,english,16,0.0039
noun.communication,script,16,0.0039
noun.communication,agreement,16,0.0039
noun.communication,story,16,0.0039
noun.communication,ticket,15,0.0037
noun.communication,signal,15,0.0037
noun.communication,show,14,0.0034
noun.communication,clause,14,0.0034
noun.communication,verb,14,0.0034
noun.communication,number,13,0.0032
noun.communication,alphabet,13,0.0032
noun.communication,case,13,0.0032
noun.communication,degree,13,0.0032
noun.communication,bill,13,0.0032
noun.communication,talk,13,0.0032
noun.communication,paper,13,0.0032
noun.communication,scale,12,0.0029
noun.communication,act,12,0.0029
noun.communication,address,12,0.0029
noun.communication,rule,12,0.0029
noun.communication,dictionary,12,0.0029
noun.communication,index,12,0.0029
noun.communication,point,12,0.0029
noun.event,race,29,0.0682
noun.event,wave,18,0.0424
noun.event,event,14,0.0329
noun.food,sauce,61,0.0316
noun.food,bread,45,0.0233
noun.food,cake,43,0.0222
noun.food,bean,39,0.0202
noun.food,milk,27,0.0140
noun.food,food,26,0.0135
noun.food,cream,25,0.0129
noun.food,oil,25,0.0129
noun.food,cheese,24,0.0124
noun.food,wine,24,0.0124
noun.food,diet,22,0.0114
noun.food,liqueur,21,0.0109
noun.food,apple,20,0.0103
noun.food,soup,20,0.0103
noun.food,butter,19,0.0098
noun.food,pie,19,0.0098
noun.food,steak,19,0.0098
noun.food,pudding,18,0.0093
noun.food,tea,18,0.0093
noun.food,roll,17,0.0088
noun.food,water,17,0.0088
noun.food,nut,17,0.0088
noun.food,sugar,17,0.0088
noun.food,egg,16,0.0083
noun.food,seed,16,0.0083
noun.food,salad,15,0.0078
noun.food,beer,15,0.0078
noun.food,cookie,15,0.0078
noun.food,meat,15,0.0078
noun.food,plum,14,0.0072
noun.food,juice,14,0.0072
noun.food,salmon,13,0.0067
noun.food,biscuit,13,0.0067
noun.food,sandwich,12,0.0062
noun.food,dressing,12,0.0062
noun.food,cherry,12,0.0062
noun.food,squash,12,0.0062
noun.food,roast,12,0.0062
noun.food,pepper,12,0.0062
noun.food,pea,12,0.0062
noun.group,company,66,0.0294
noun.group,party,62,0.0276
noun.group,school,60,0.0267
noun.group,department,46,0.0205
noun.group,church,43,0.0192
noun.group,service,42,0.0187
noun.group,agency,37,0.0165
noun.group,industry,36,0.0160
noun.group,organization,33,0.0147
noun.group,court,28,0.0125
noun.group,army,27,0.0120
noun.group,dynasty,26,0.0116
noun.group,council,24,0.0107
noun.group,movement,23,0.0102
noun.group,club,23,0.0102
noun.group,force,22,0.0098
noun.group,law,22,0.0098
noun.group,office,20,0.0089
noun.group,line,20,0.0089
noun.group,commission,19,0.0085
noun.group,bank,18,0.0080
noun.group,administration,17,0.0076
noun.group,system,16,0.0071
noun.group,league,15,0.0067
noun.group,front,15,0.0067
noun.group,set,15,0.0067
noun.group,unit,15,0.0067
noun.group,team,14,0.0062
noun.group,order,14,0.0062
noun.group,committee,14,0.0062
noun.group,state,13,0.0058
noun.group,union,13,0.0058
noun.group,academy,13,0.0058
noun.group,culture,12,0.0053
noun.group,guard,12,0.0053
noun.group,government,12,0.0053
noun.location,state,73,0.0340
noun.location,islands,67,0.0312
noun.location,park,60,0.0279
noun.location,line,48,0.0223
noun.location,island,47,0.0219
noun.location,city,45,0.0209
noun.location,capital,44,0.0205
noun.location,desert,38,0.0177
noun.location,republic,37,0.0172
noun.location,zone,36,0.0168
noun.location,area,26,0.0121
noun.location,states,20,0.0093
noun.location,peninsula,19,0.0088
noun.location,land,17,0.0079
noun.location,ground,17,0.0079
noun.location,country,15,0.0070
noun.location,region,15,0.0070
noun.location,africa,14,0.0065
noun.location,site,14,0.0065
noun.location,district,13,0.0061
noun.location,horizon,12,0.0056
noun.location,point,12,0.0056
noun.object,river,200,0.1826
noun.object,sea,46,0.0420
noun.object,mountains,41,0.0374
noun.object,bay,28,0.0256
noun.object,falls,17,0.0155
noun.object,star,17,0.0155
noun.object,cloud,16,0.0146
noun.object,particle,14,0.0128
noun.object,peak,13,0.0119
noun.object,range,13,0.0119
noun.object,peninsula,12,0.0110
noun.person,man,106,0.0127
noun.person,person,100,0.0120
noun.person,woman,81,0.0097
noun.person,agent,50,0.0060
noun.person,officer,45,0.0054
noun.person,girl,43,0.0052
noun.person,worker,36,0.0043
noun.person,boy,33,0.0040
noun.person,great,31,0.0037
noun.person,player,30,0.0036
noun.person,england,27,0.0032
noun.person,maker,25,0.0030
noun.person,france,23,0.0028
noun.person,general,21,0.0025
noun.person,engineer,19,0.0023
noun.person,american,18,0.0022
noun.person,leader,17,0.0020
noun.person,elder,16,0.0019
noun.person,driver,16,0.0019
noun.person,doctor,16,0.0019
noun.person,smith,15,0.0018
noun.person,wilson,15,0.0018
noun.person,deity,15,0.0018
noun.person,teacher,15,0.0018
noun.person,scientist,14,0.0017
noun.person,clerk,14,0.0017
noun.person,secretary,13,0.0016
noun.person,jackson,13,0.0016
noun.person,williams,13,0.0016
noun.person,child,13,0.0016
noun.person,apostle,13,0.0016
noun.person,master,13,0.0016
noun.person,member,13,0.0016
noun.person,dancer,13,0.0016
noun.person,nurse,13,0.0016
noun.person,white,12,0.0014
noun.person,russell,12,0.0014
noun.person,lee,12,0.0014
noun.person,robinson,12,0.0014
noun.person,law,12,0.0014
noun.person,sergeant,12,0.0014
noun.phenomenon,energy,24,0.0465
noun.phenomenon,radiation,22,0.0426
noun.phenomenon,force,21,0.0407
noun.phenomenon,pressure,20,0.0388
noun.phenomenon,wave,17,0.0329
noun.phenomenon,spectrum,17,0.0329
noun.phenomenon,effect,16,0.0310
noun.phenomenon,current,15,0.0291
noun.phenomenon,ray,14,0.0271
noun.phenomenon,wind,14,0.0271
noun.plant,tree,360,0.0277
noun.plant,family,225,0.0173
noun.plant,plant,196,0.0151
noun.plant,fern,184,0.0141
noun.plant,grass,153,0.0118
noun.plant,pine,118,0.0091
noun.plant,oak,92,0.0071
noun.plant,lily,76,0.0058
noun.plant,flower,72,0.0055
noun.plant,leaf,68,0.0052
noun.plant,pea,66,0.0051
noun.plant,vine,64,0.0049
noun.plant,bush,64,0.0049
noun.plant,bean,63,0.0048
noun.plant,aster,56,0.0043
noun.plant,orchid,54,0.0041
noun.plant,palm,53,0.0041
noun.plant,willow,44,0.0034
noun.plant,fungus,44,0.0034
noun.plant,cherry,43,0.0033
noun.plant,root,41,0.0031
noun.plant,weed,40,0.0031
noun.plant,daisy,38,0.0029
noun.plant,thistle,35,0.0027
noun.plant,violet,33,0.0025
noun.plant,mushroom,32,0.0025
noun.plant,cedar,31,0.0024
noun.plant,nut,31,0.0024
noun.plant,wood,30,0.0023
noun.plant,apple,28,0.0022
noun.plant,rose,28,0.0022
noun.plant,birch,27,0.0021
noun.plant,ash,27,0.0021
noun.plant,poppy,27,0.0021
noun.plant,berry,27,0.0021
noun.plant,mallow,27,0.0021
noun.plant,plum,26,0.0020
noun.plant,vulgaris,26,0.0020
noun.plant,fir,26,0.0020
noun.plant,elm,26,0.0020
noun.plant,clover,25,0.0019
noun.plant,maple,25,0.0019
noun.plant,alba,24,0.0018
noun.plant,americana,24,0.0018
noun.plant,gum,24,0.0018
noun.plant,pepper,23,0.0018
noun.plant,oil,23,0.0018
noun.plant,officinalis,22,0.0017
noun.plant,honeysuckle,22,0.0017
noun.plant,canadensis,22,0.0017
noun.plant,cypress,22,0.0017
noun.plant,pink,22,0.0017
noun.plant,millet,20,0.0015
noun.plant,beech,20,0.0015
noun.plant,heath,20,0.0015
noun.plant,sage,20,0.0015
noun.plant,bark,20,0.0015
noun.plant,begonia,20,0.0015
noun.plant,moss,20,0.0015
noun.plant,geranium,20,0.0015
noun.plant,cress,19,0.0015
noun.plant,cactus,19,0.0015
noun.plant,gentian,18,0.0014
noun.plant,jasmine,18,0.0014
noun.plant,nettle,18,0.0014
noun.plant,goldenrod,18,0.0014
noun.plant,fig,18,0.0014
noun.plant,spruce,18,0.0014
noun.plant,slipper,18,0.0014
noun.plant,iris,18,0.0014
noun.plant,penstemon,18,0.0014
noun.plant,sumac,17,0.0013
noun.plant,corn,17,0.0013
noun.plant,rush,17,0.0013
noun.plant,holly,16,0.0012
noun.plant,marigold,16,0.0012
noun.plant,laurel,16,0.0012
noun.plant,spurge,16,0.0012
noun.plant,glabra,16,0.0012
noun.plant,yew,16,0.0012
noun.plant,genus,16,0.0012
noun.plant,maritima,15,0.0012
noun.plant,chestnut,15,0.0012
noun.plant,elder,15,0.0012
noun.plant,nigra,15,0.0012
noun.plant,spleenwort,15,0.0012
noun.plant,morel,15,0.0012
noun.plant,garlic,15,0.0012
noun.plant,lettuce,15,0.0012
noun.plant,mint,15,0.0012
noun.plant,cup,15,0.0012
noun.plant,vetch,15,0.0012
noun.plant,hickory,15,0.0012
noun.plant,mustard,15,0.0012
noun.plant,orchis,15,0.0012
noun.plant,nightshade,14,0.0011
noun.plant,grandiflora,14,0.0011
noun.plant,occidentalis,14,0.0011
noun.plant,japonica,14,0.0011
noun.plant,sativa,14,0.0011
noun.plant,hemlock,14,0.0011
noun.plant,alder,14,0.0011
noun.plant,poplar,14,0.0011
noun.plant,broom,14,0.0011
noun.plant,orange,14,0.0011
noun.plant,tulip,13,0.0010
noun.plant,palustris,13,0.0010
noun.plant,virginiana,13,0.0010
noun.plant,onion,13,0.0010
noun.plant,plantain,13,0.0010
noun.plant,sunflower,13,0.0010
noun.plant,virginica,12,0.0009
noun.plant,arvensis,12,0.0009
noun.plant,hemp,12,0.0009
noun.plant,dogwood,12,0.0009
noun.plant,californica,12,0.0009
noun.plant,vulgare,12,0.0009
noun.plant,cabbage,12,0.0009
noun.plant,parsley,12,0.0009
noun.plant,squash,12,0.0009
noun.possession,tax,35,0.0372
noun.possession,account,32,0.0340
noun.possession,money,29,0.0309
noun.possession,bond,26,0.0277
noun.possession,trust,24,0.0255
noun.possession,stock,24,0.0255
noun.possession,cost,23,0.0245
noun.possession,rate,22,0.0234
noun.possession,insurance,20,0.0213
noun.possession,price,19,0.0202
noun.possession,loan,19,0.0202
noun.possession,credit,18,0.0191
noun.possession,bill,16,0.0170
noun.possession,check,15,0.0160
noun.possession,expense,14,0.0149
noun.possession,security,13,0.0138
noun.possession,fee,13,0.0138
noun.possession,fund,13,0.0138
noun.possession,payment,12,0.0128
noun.process,operation,28,0.1045
noun.process,reaction,24,0.0896
noun.process,processing,19,0.0709
noun.quantity,unit,215,0.2687
noun.quantity,number,31,0.0387
noun.quantity,franc,28,0.0350
noun.quantity,dollar,24,0.0300
noun.quantity,mile,15,0.0187
noun.quantity,constant,12,0.0150
noun.quantity,pound,12,0.0150
noun.quantity,measure,12,0.0150
noun.relation,relation,35,0.1174
noun.relation,scale,21,0.0705
noun.relation,ratio,17,0.0570
noun.relation,tense,12,0.0403
noun.shape,angle,30,0.1807
noun.shape,shape,15,0.0904
noun.shape,triangle,13,0.0783
noun.state,syndrome,67,0.0359
noun.state,fever,66,0.0353
noun.state,blight,29,0.0155
noun.state,aphasia,22,0.0118
noun.state,anaemia,21,0.0112
noun.state,anemia,21,0.0112
noun.state,pneumonia,20,0.0107
noun.state,infection,19,0.0102
noun.state,epilepsy,18,0.0096
noun.state,leukemia,17,0.0091
noun.state,diabetes,17,0.0091
noun.state,blindness,17,0.0091
noun.state,poisoning,16,0.0086
noun.state,fracture,16,0.0086
noun.state,depression,14,0.0075
noun.state,sickness,14,0.0075
noun.state,encephalitis,13,0.0070
noun.state,rot,13,0.0070
noun.state,anesthesia,13,0.0070
noun.state,cancer,13,0.0070
noun.state,tumor,12,0.0064
noun.state,failure,12,0.0064
noun.state,state,12,0.0064
noun.substance,acid,219,0.1072
noun.substance,number,116,0.0568
noun.substance,oil,70,0.0343
noun.substance,paper,47,0.0230
noun.substance,steel,34,0.0166
noun.substance,metal,29,0.0142
noun.substance,resin,28,0.0137
noun.substance,gas,27,0.0132
noun.substance,material,27,0.0132
noun.substance,agent,25,0.0122
noun.substance,factor,23,0.0113
noun.substance,glass,23,0.0113
noun.substance,radical,22,0.0108
noun.substance,water,21,0.0103
noun.substance,oxide,21,0.0103
noun.substance,iron,18,0.0088
noun.substance,alcohol,18,0.0088
noun.substance,chloride,18,0.0088
noun.substance,wax,17,0.0083
noun.substance,soil,17,0.0083
noun.substance,solution,16,0.0078
noun.substance,compound,15,0.0073
noun.substance,lime,15,0.0073
noun.substance,gum,14,0.0069
noun.substance,hormone,14,0.0069
noun.substance,leather,13,0.0064
noun.substance,dye,13,0.0064
noun.substance,concrete,13,0.0064
noun.substance,sugar,13,0.0064
noun.substance,blue,12,0.0059
noun.substance,carbonate,12,0.0059
noun.substance,rock,12,0.0059
noun.time,day,122,0.1383
noun.time,time,96,0.1088
noun.time,period,45,0.0510
noun.time,year,27,0.0306
noun.time,age,24,0.0272
noun.time,rate,23,0.0261
noun.time,season,22,0.0249
noun.time,calendar,19,0.0215
noun.time,hour,15,0.0170
noun.time,era,13,0.0147
noun.time,month,12,0.0136
physics.quantity,density,54,0.0317
physics.quantity,energy,46,0.0270
physics.quantity,rate,41,0.0241
physics.quantity,mass,40,0.0235
physics.quantity,coefficient,39,0.0229
physics.quantity,ratio,36,0.0211
physics.quantity,temperature,34,0.0200
physics.quantity,factor,26,0.0153
physics.quantity,pressure,25,0.0147
physics.quantity,area,25,0.0147
physics.quantity,power,21,0.0123
physics.quantity,time,18,0.0106
physics.quantity,length,18,0.0106
physics.quantity,number,18,0.0106
physics.quantity,angle,17,0.0100
physics.quantity,velocity,16,0.0094
physics.quantity,constant,16,0.0094
physics.quantity,volume,14,0.0082
physics.quantity,charge,14,0.0082
physics.quantity,elektrik,12,0.0070
physics.unit,unit,246,0.6165
physics.unit,meter,14,0.0351
physics.unit,second,13,0.0326
plant-part,stage,283,0.1957
plant-part,cell,167,0.1155
plant-part,epidermis,58,0.0401
plant-part,meristem,55,0.0380
plant-part,system,36,0.0249
plant-part,zone,36,0.0249
plant-part,axis,32,0.0221
plant-part,inflorescence,27,0.0187
plant-part,leaf,23,0.0159
plant-part,primordium,23,0.0159
plant-part,bud,22,0.0152
plant-part,fruit,22,0.0152
plant-part,root,20,0.0138
plant-part,trichome,18,0.0124
plant-part,margin,17,0.0118
plant-part,layer,16,0.0111
plant-part,parenchyma,15,0.0104
plant-part,element,14,0.0097
plant-part,spikelet,14,0.0097
plant-part,complex,13,0.0090
plant-part,structure,12,0.0083
plant-part,tip,12,0.0083
plant-part,apex,12,0.0083
plant-part,protoxylem,12,0.0083
quality,quality,49,0.0538
quality,shaped,49,0.0538
quality,morphology,28,0.0307
quality,orientation,25,0.0274
quality,temperature,16,0.0176
quality,rate,13,0.0143
quality,like,13,0.0143
quality,growth,13,0.0143
quality,toward,12,0.0132
sport,racing,109,0.0291
sport,sport,81,0.0216
sport,cup,72,0.0192
sport,prix,60,0.0160
sport,football,58,0.0155
sport,marathon,47,0.0125
sport,diving,44,0.0117
sport,climbing,43,0.0115
sport,chess,41,0.0109
sport,sports,41,0.0109
sport,game,40,0.0107
sport,wrestling,39,0.0104
sport,race,38,0.0101
sport,stakes,34,0.0091
sport,championship,34,0.0091
sport,skating,33,0.0088
sport,hockey,32,0.0085
sport,skiing,31,0.0083
sport,sweden,28,0.0075
sport,relay,27,0.0072
sport,round,24,0.0064
sport,run,23,0.0061
sport,states,23,0.0061
sport,germany,23,0.0061
sport,mahjong,22,0.0059
sport,dance,22,0.0059
sport,tennis,21,0.0056
sport,shooting,20,0.0053
sport,swimming,20,0.0053
sport,japan,19,0.0051
sport,walk,17,0.0045
sport,orienteering,17,0.0045
sport,gymnastics,16,0.0043
sport,cricket,16,0.0043
sport,australia,16,0.0043
sport,golf,16,0.0043
sport,track,15,0.0040
sport,fencing,15,0.0040
sport,baiting,15,0.0040
sport,cycling,15,0.0040
sport,hurdles,14,0.0037
sport,freestyle,14,0.0037
sport,basketball,14,0.0037
sport,paralympics,14,0.0037
sport,america,14,0.0037
sport,republic,14,0.0037
sport,bowling,14,0.0037
sport,polo,14,0.0037
sport,spain,14,0.0037
sport,universiade,14,0.0037
sport,rhum,13,0.0035
sport,pentathlon,13,0.0035
sport,games,13,0.0035
sport,handball,13,0.0035
sport,draughts,13,0.0035
sport,belgium,13,0.0035
sport,austria,13,0.0035
sport,canada,13,0.0035
sport,france,13,0.0035
sport,kingdom,13,0.0035
sport,running,13,0.0035
sport,volleyball,13,0.0035
sport,surfing,13,0.0035
sport,rowing,13,0.0035
sport,jump,13,0.0035
sport,union,12,0.0032
sport,china,12,0.0032
sport,denmark,12,0.0032
sport,india,12,0.0032
sport,italy,12,0.0032
sport,russia,12,0.0032
sport,montenegro,12,0.0032
sport,korea,12,0.0032
sport,switzerland,12,0.0032
sport,ball,12,0.0032
sport,poker,12,0.0032
sport,kinen,12,0.0032
tool.artifact,species,2680,0.0195
tool.artifact,language,2582,0.0188
tool.artifact,style,2182,0.0159
tool.artifact,wood,1352,0.0099
tool.artifact,genus,993,0.0072
tool.artifact,components,864,0.0063
tool.artifact,buildings,764,0.0056
tool.artifact,equipment,736,0.0054
tool.artifact,works,725,0.0053
tool.artifact,family,719,0.0052
tool.artifact,color,639,0.0047
tool.artifact,component,612,0.0045
tool.artifact,material,527,0.0038
tool.artifact,chairs,464,0.0034
tool.artifact,tools,428,0.0031
tool.artifact,technique,406,0.0030
tool.artifact,pigment,402,0.0029
tool.artifact,institutions,393,0.0029
tool.artifact,tables,381,0.0028
tool.artifact,houses,380,0.0028
tool.artifact,building,378,0.0028
tool.artifact,machine,361,0.0026
tool.artifact,work,351,0.0026
tool.artifact,order,334,0.0024
tool.artifact,art,331,0.0024
tool.artifact,machines,330,0.0024
tool.artifact,lamps,324,0.0024
tool.artifact,paper,317,0.0023
tool.artifact,concept,313,0.0023
tool.artifact,styles,310,0.0023
tool.artifact,glass,310,0.0023
tool.artifact,tool,309,0.0023
tool.artifact,prints,308,0.0022
tool.artifact,culture,303,0.0022
tool.artifact,function,288,0.0021
tool.artifact,period,288,0.0021
tool.artifact,systems,253,0.0018
tool.artifact,genre,249,0.0018
tool.artifact,books,236,0.0017
tool.artifact,boxes,236,0.0017
tool.artifact,table,233,0.0017
tool.artifact,chair,217,0.0016
tool.artifact,structures,213,0.0016
tool.artifact,knives,208,0.0015
tool.artifact,box,202,0.0015
tool.artifact,people,191,0.0014
tool.artifact,knife,190,0.0014
tool.artifact,oil,189,0.0014
tool.artifact,devices,188,0.0014
tool.artifact,case,188,0.0014
tool.artifact,house,186,0.0014
tool.artifact,planes,186,0.0014
tool.artifact,stands,184,0.0013
tool.artifact,lamp,183,0.0013
tool.artifact,drawings,183,0.0013
tool.artifact,cases,182,0.0013
tool.artifact,joints,180,0.0013
tool.artifact,furniture,178,0.0013
tool.artifact,containers,176,0.0013
tool.artifact,bce,176,0.0013
tool.artifact,ware,175,0.0013
tool.artifact,vessels,173,0.0013
tool.artifact,plates,169,0.0012
tool.artifact,system,168,0.0012
tool.artifact,print,165,0.0012
tool.artifact,artists,161,0.0012
tool.artifact,stone,157,0.0011
tool.artifact,glasses,157,0.0011
tool.artifact,water,156,0.0011
tool.artifact,marble,155,0.0011
tool.artifact,holders,154,0.0011
tool.artifact,board,153,0.0011
tool.artifact,plate,151,0.0011
tool.artifact,boards,150,0.0011
tool.artifact,institution,150,0.0011
tool.artifact,records,148,0.0011
tool.artifact,cards,147,0.0011
tool.artifact,rugs,146,0.0011
tool.artifact,egyptian,143,0.0010
tool.artifact,book,143,0.0010
tool.artifact,spaces,142,0.0010
tool.artifact,artist,141,0.0010
tool.artifact,plants,141,0.0010
tool.artifact,sets,140,0.0010
tool.artifact,device,140,0.0010
tool.artifact,light,140,0.0010
tool.artifact,elements,139,0.0010
tool.artifact,beds,139,0.0010
tool.artifact,rooms,139,0.0010
tool.artifact,school,138,0.0010
tool.artifact,materials,136,0.0010
tool.artifact,motif,135,0.0010
tool.artifact,joint,134,0.0010
tool.artifact,cups,133,0.0010
tool.artifact,container,132,0.0010
tool.artifact,vessel,131,0.0010
tool.artifact,photographs,130,0.0009
tool.artifact,saws,129,0.0009
tool.artifact,structure,128,0.0009
tool.artifact,card,128,0.0009
tool.artifact,record,127,0.0009
tool.artifact,painting,126,0.0009
tool.artifact,papers,125,0.0009
tool.artifact,brick,125,0.0009
tool.artifact,green,125,0.0009
tool.artifact,holder,124,0.0009
tool.artifact,set,124,0.0009
tool.artifact,covers,124,0.0009
tool.artifact,construction,123,0.0009
tool.artifact,stations,123,0.0009
tool.artifact,name,122,0.0009
tool.artifact,pattern,122,0.0009
tool.artifact,frames,122,0.0009
tool.artifact,sculpture,122,0.0009
tool.artifact,space,122,0.0009
tool.artifact,blue,122,0.0009
tool.artifact,bags,120,0.0009
tool.artifact,maps,120,0.0009
tool.artifact,frame,118,0.0009
tool.artifact,windows,118,0.0009
tool.artifact,presses,117,0.0009
tool.artifact,carpets,117,0.0009
tool.artifact,context,116,0.0008
tool.artifact,person,116,0.0008
tool.artifact,hammers,116,0.0008
tool.artifact,objects,115,0.0008
tool.artifact,discipline,115,0.0008
tool.artifact,general,114,0.0008
tool.artifact,documents,113,0.0008
tool.artifact,door,113,0.0008
tool.artifact,arches,113,0.0008
tool.artifact,locks,113,0.0008
tool.artifact,yellow,113,0.0008
tool.artifact,boats,112,0.0008
tool.artifact,element,111,0.0008
tool.artifact,photography,111,0.0008
tool.artifact,resin,111,0.0008
tool.artifact,press,111,0.0008
tool.artifact,back,111,0.0008
tool.artifact,lights,110,0.0008
tool.artifact,american,109,0.0008
tool.artifact,bag,109,0.0008
tool.artifact,cup,109,0.0008
tool.artifact,makers,109,0.0008
tool.artifact,stand,108,0.0008
tool.artifact,roofs,108,0.0008
tool.artifact,instruments,107,0.0008
tool.artifact,cutters,107,0.0008
tool.artifact,money,104,0.0008
tool.artifact,architecture,104,0.0008
tool.artifact,cloth,104,0.0008
tool.artifact,concepts,102,0.0007
tool.artifact,attribute,102,0.0007
tool.artifact,guns,102,0.0007
tool.artifact,nails,102,0.0007
tool.artifact,feet,101,0.0007
tool.artifact,periods,101,0.0007
tool.artifact,sticks,101,0.0007
tool.artifact,blocks,101,0.0007
tool.artifact,pieces,101,0.0007
tool.artifact,analysis,100,0.0007
tool.artifact,bed,100,0.0007
tool.artifact,block,99,0.0007
tool.artifact,white,99,0.0007
tool.artifact,cap,99,0.0007
tool.artifact,caps,99,0.0007
tool.artifact,state,98,0.0007
tool.artifact,movement,98,0.0007
tool.artifact,hammer,98,0.0007
tool.artifact,script,98,0.0007
tool.artifact,property,97,0.0007
tool.artifact,cover,97,0.0007
tool.artifact,walls,97,0.0007
tool.artifact,printing,96,0.0007
tool.artifact,languages,96,0.0007
tool.artifact,wall,96,0.0007
tool.artifact,window,96,0.0007
tool.artifact,metal,95,0.0007
tool.artifact,drawing,95,0.0007
tool.artifact,bindings,94,0.0007
tool.artifact,room,94,0.0007
tool.artifact,tongs,94,0.0007
tool.artifact,textile,94,0.0007
tool.artifact,brushes,93,0.0007
tool.artifact,bridges,93,0.0007
tool.artifact,organizations,92,0.0007
tool.artifact,iron,92,0.0007
tool.artifact,cement,91,0.0007
tool.artifact,red,91,0.0007
tool.artifact,paint,91,0.0007
tool.artifact,baskets,91,0.0007
tool.artifact,phylum,90,0.0007
tool.artifact,moldings,90,0.0007
tool.artifact,techniques,89,0.0006
tool.artifact,cutter,89,0.0006
tool.artifact,dishes,89,0.0006
tool.artifact,garden,89,0.0006
tool.artifact,brush,89,0.0006
tool.artifact,toys,88,0.0006
tool.artifact,plant,88,0.0006
tool.artifact,complexes,88,0.0006
tool.artifact,game,88,0.0006
tool.artifact,map,88,0.0006
tool.artifact,plan,87,0.0006
tool.artifact,hats,87,0.0006
tool.artifact,spoons,87,0.0006
tool.artifact,film,86,0.0006
tool.artifact,curtains,86,0.0006
tool.artifact,bowls,86,0.0006
tool.artifact,instrument,86,0.0006
tool.artifact,nail,86,0.0006
tool.artifact,vehicles,85,0.0006
tool.artifact,motifs,85,0.0006
tool.artifact,mills,85,0.0006
tool.artifact,cars,85,0.0006
tool.artifact,accessories,84,0.0006
tool.artifact,screens,84,0.0006
tool.artifact,plane,84,0.0006
tool.artifact,hook,84,0.0006
tool.artifact,racks,83,0.0006
tool.artifact,concrete,83,0.0006
tool.artifact,hinges,83,0.0006
tool.artifact,gun,83,0.0006
tool.artifact,watercraft,82,0.0006
tool.artifact,bolts,82,0.0006
tool.artifact,rack,81,0.0006
tool.artifact,ring,81,0.0006
tool.artifact,tile,81,0.0006
tool.artifact,irons,81,0.0006
tool.artifact,coins,81,0.0006
tool.artifact,lace,80,0.0006
tool.artifact,saw,80,0.0006
tool.artifact,area,79,0.0006
tool.artifact,fiber,79,0.0006
tool.artifact,bottle,79,0.0006
tool.artifact,chisels,79,0.0006
tool.artifact,rings,78,0.0006
tool.artifact,doors,78,0.0006
tool.artifact,clocks,78,0.0006
tool.artifact,crosses,78,0.0006
tool.artifact,housing,78,0.0006
tool.artifact,figures,77,0.0006
tool.artifact,shell,77,0.0006
tool.artifact,areas,77,0.0006
tool.artifact,animal,77,0.0006
tool.artifact,ball,77,0.0006
tool.artifact,hooks,76,0.0006
tool.artifact,names,76,0.0006
tool.artifact,quilts,76,0.0006
tool.artifact,document,76,0.0006
tool.artifact,binding,76,0.0006
tool.artifact,spoon,76,0.0006
tool.artifact,design,75,0.0005
tool.artifact,aircraft,75,0.0005
tool.artifact,rock,75,0.0005
tool.artifact,gardens,75,0.0005
tool.artifact,desks,75,0.0005
tool.artifact,cabinet,74,0.0005
tool.artifact,calendar,74,0.0005
tool.artifact,spectroscopy,74,0.0005
tool.artifact,dye,74,0.0005
tool.artifact,air,74,0.0005
tool.artifact,fork,74,0.0005
tool.artifact,plans,74,0.0005
tool.artifact,car,74,0.0005
tool.artifact,marks,74,0.0005
tool.artifact,gauge,73,0.0005
tool.artifact,gauges,73,0.0005
tool.artifact,stick,73,0.0005
tool.artifact,punch,73,0.0005
tool.artifact,chests,72,0.0005
tool.artifact,games,72,0.0005
tool.artifact,toy,72,0.0005
tool.artifact,lock,72,0.0005
tool.artifact,roof,72,0.0005
tool.artifact,mill,72,0.0005
tool.artifact,files,71,0.0005
tool.artifact,object,71,0.0005
tool.artifact,painters,71,0.0005
tool.artifact,facilities,71,0.0005
tool.artifact,benches,71,0.0005
tool.artifact,bottles,71,0.0005
tool.artifact,ornament,71,0.0005
tool.artifact,halls,71,0.0005
tool.artifact,pin,71,0.0005
tool.artifact,wheel,71,0.0005
tool.artifact,pots,71,0.0005
tool.artifact,shape,70,0.0005
tool.artifact,wheels,70,0.0005
tool.artifact,photograph,70,0.0005
tool.artifact,vaults,70,0.0005
tool.artifact,electric,70,0.0005
tool.artifact,forks,70,0.0005
tool.artifact,event,69,0.0005
tool.artifact,bench,69,0.0005
tool.artifact,stones,69,0.0005
tool.artifact,scales,69,0.0005
tool.artifact,drums,69,0.0005
tool.artifact,hardware,68,0.0005
tool.artifact,steel,68,0.0005
tool.artifact,clock,68,0.0005
tool.artifact,bars,68,0.0005
tool.artifact,coin,68,0.0005
tool.artifact,maker,67,0.0005
tool.artifact,fruit,67,0.0005
tool.artifact,dress,67,0.0005
tool.artifact,vehicle,67,0.0005
tool.artifact,station,67,0.0005
tool.artifact,parks,67,0.0005
tool.artifact,bowl,67,0.0005
tool.artifact,sign,66,0.0005
tool.artifact,pottery,66,0.0005
tool.artifact,early,66,0.0005
tool.artifact,boat,66,0.0005
tool.artifact,pins,66,0.0005
tool.artifact,arch,66,0.0005
tool.artifact,making,66,0.0005
tool.artifact,axes,66,0.0005
tool.artifact,hair,65,0.0005
tool.artifact,tape,65,0.0005
tool.artifact,views,65,0.0005
tool.artifact,line,65,0.0005
tool.artifact,dish,65,0.0005
tool.artifact,trays,65,0.0005
tool.artifact,architectural,65,0.0005
tool.artifact,needles,65,0.0005
tool.artifact,centers,64,0.0005
tool.artifact,weapons,64,0.0005
tool.artifact,picture,64,0.0005
tool.artifact,stairs,64,0.0005
tool.artifact,towers,64,0.0005
tool.artifact,punches,64,0.0005
tool.artifact,tray,64,0.0005
tool.artifact,beam,64,0.0005
tool.artifact,workers,64,0.0005
tool.artifact,size,63,0.0005
tool.artifact,units,63,0.0005
tool.artifact,grain,63,0.0005
tool.artifact,bolt,63,0.0005
tool.artifact,hat,63,0.0005
tool.artifact,hall,63,0.0005
tool.artifact,basket,63,0.0005
tool.artifact,point,63,0.0005
tool.artifact,complex,62,0.0005
tool.artifact,black,62,0.0005
tool.artifact,double,62,0.0005
tool.artifact,events,62,0.0005
tool.artifact,shaped,62,0.0005
tool.artifact,cloths,62,0.0005
tool.artifact,revival,62,0.0005
tool.artifact,arms,61,0.0004
tool.artifact,age,61,0.0004
tool.artifact,center,61,0.0004
tool.artifact,drills,61,0.0004
tool.artifact,bits,61,0.0004
tool.artifact,fixtures,60,0.0004
tool.artifact,costume,60,0.0004
tool.artifact,acid,60,0.0004
tool.artifact,screen,60,0.0004
tool.artifact,horse,60,0.0004
tool.artifact,pipe,60,0.0004
tool.artifact,key,60,0.0004
tool.artifact,condition,59,0.0004
tool.artifact,leather,59,0.0004
tool.artifact,post,59,0.0004
tool.artifact,title,59,0.0004
tool.artifact,weapon,59,0.0004
tool.artifact,cross,59,0.0004
tool.artifact,clamps,59,0.0004
tool.artifact,brown,59,0.0004
tool.artifact,needle,59,0.0004
tool.artifact,bells,58,0.0004
tool.artifact,food,58,0.0004
tool.artifact,rods,58,0.0004
tool.artifact,number,58,0.0004
tool.artifact,stools,58,0.0004
tool.artifact,chisel,58,0.0004
tool.artifact,land,58,0.0004
tool.artifact,pans,58,0.0004
tool.artifact,sites,58,0.0004
tool.artifact,drum,58,0.0004
tool.artifact,balls,58,0.0004
tool.artifact,ornaments,57,0.0004
tool.artifact,cabinets,57,0.0004
tool.artifact,cameras,57,0.0004
tool.artifact,posts,57,0.0004
tool.artifact,figure,57,0.0004
tool.artifact,mineral,57,0.0004
tool.artifact,fire,57,0.0004
tool.artifact,bridge,57,0.0004
tool.artifact,model,56,0.0004
tool.artifact,models,56,0.0004
tool.artifact,columns,56,0.0004
tool.artifact,pictures,56,0.0004
tool.artifact,dating,56,0.0004
tool.artifact,painter,56,0.0004
tool.artifact,districts,56,0.0004
tool.artifact,drill,56,0.0004
tool.artifact,beams,56,0.0004
tool.artifact,paintings,55,0.0004
tool.artifact,writing,55,0.0004
tool.artifact,pipes,55,0.0004
tool.artifact,gold,55,0.0004
tool.artifact,titles,55,0.0004
tool.artifact,religion,55,0.0004
tool.artifact,division,55,0.0004
tool.artifact,engineering,55,0.0004
tool.artifact,piece,55,0.0004
tool.artifact,fasteners,55,0.0004
tool.artifact,scale,55,0.0004
tool.artifact,dolls,55,0.0004
tool.artifact,hand,55,0.0004
tool.artifact,helmets,55,0.0004
tool.artifact,jackets,55,0.0004
tool.artifact,bar,55,0.0004
tool.artifact,features,54,0.0004
tool.artifact,music,54,0.0004
tool.artifact,sheets,54,0.0004
tool.artifact,landforms,54,0.0004
tool.artifact,cut,54,0.0004
tool.artifact,chinese,54,0.0004
tool.artifact,pigments,54,0.0004
tool.artifact,shoe,54,0.0004
tool.artifact,foot,54,0.0004
tool.artifact,currency,54,0.0004
tool.artifact,alloy,53,0.0004
tool.artifact,movements,53,0.0004
tool.artifact,accessory,53,0.0004
tool.artifact,rug,53,0.0004
tool.artifact,lighting,53,0.0004
tool.artifact,belt,53,0.0004
tool.artifact,seats,53,0.0004
tool.artifact,hinge,53,0.0004
tool.artifact,blankets,53,0.0004
tool.artifact,indicator,53,0.0004
tool.artifact,mask,53,0.0004
tool.artifact,armor,53,0.0004
tool.artifact,clay,52,0.0004
tool.artifact,bell,52,0.0004
tool.artifact,file,52,0.0004
tool.artifact,earth,52,0.0004
tool.artifact,tube,52,0.0004
tool.artifact,tubes,52,0.0004
tool.artifact,service,51,0.0004
tool.artifact,images,51,0.0004
tool.artifact,hangers,51,0.0004
tool.artifact,carpet,51,0.0004
tool.artifact,tower,51,0.0004
tool.artifact,power,51,0.0004
tool.artifact,gear,50,0.0004
tool.artifact,chest,50,0.0004
tool.artifact,composition,50,0.0004
tool.artifact,camera,50,0.0004
tool.artifact,church,50,0.0004
tool.artifact,signs,50,0.0004
tool.artifact,wrenches,50,0.0004
tool.artifact,subspecies,50,0.0004
tool.artifact,site,50,0.0004
tool.artifact,late,50,0.0004
tool.artifact,wax,50,0.0004
tool.artifact,cart,50,0.0004
tool.artifact,artifacts,49,0.0004
tool.artifact,body,49,0.0004
tool.artifact,players,49,0.0004
tool.artifact,law,49,0.0004
tool.artifact,shears,49,0.0004
tool.artifact,mold,49,0.0004
tool.artifact,molds,49,0.0004
tool.artifact,animals,49,0.0004
tool.artifact,bit,49,0.0004
tool.artifact,clamp,49,0.0004
tool.artifact,helmet,49,0.0004
tool.artifact,storage,48,0.0003
tool.artifact,arts,48,0.0003
tool.artifact,public,48,0.0003
tool.artifact,blanket,48,0.0003
tool.artifact,wire,48,0.0003
tool.artifact,limestone,48,0.0003
tool.artifact,pan,48,0.0003
tool.artifact,net,48,0.0003
tool.artifact,rod,48,0.0003
tool.artifact,undersea,48,0.0003
tool.artifact,drawers,48,0.0003
tool.artifact,tester,47,0.0003
tool.artifact,agent,47,0.0003
tool.artifact,military,47,0.0003
tool.artifact,garments,47,0.0003
tool.artifact,gum,47,0.0003
tool.artifact,management,47,0.0003
tool.artifact,hanger,47,0.0003
tool.artifact,coats,47,0.0003
tool.artifact,masks,47,0.0003
tool.artifact,fish,47,0.0003
tool.artifact,heating,46,0.0003
tool.artifact,mirrors,46,0.0003
tool.artifact,stamps,46,0.0003
tool.artifact,dresses,46,0.0003
tool.artifact,curtain,46,0.0003
tool.artifact,quilt,46,0.0003
tool.artifact,pink,46,0.0003
tool.artifact,chain,46,0.0003
tool.artifact,carts,46,0.0003
tool.artifact,copy,46,0.0003
tool.artifact,windsor,46,0.0003
tool.artifact,landform,46,0.0003
tool.artifact,wagons,46,0.0003
tool.artifact,keys,46,0.0003
tool.artifact,natural,45,0.0003
tool.artifact,settlements,45,0.0003
tool.artifact,shoes,45,0.0003
tool.artifact,orange,45,0.0003
tool.artifact,festival,45,0.0003
tool.artifact,loom,45,0.0003
tool.artifact,format,44,0.0003
tool.artifact,origin,44,0.0003
tool.artifact,literature,44,0.0003
tool.artifact,testers,44,0.0003
tool.artifact,image,44,0.0003
tool.artifact,dwellings,44,0.0003
tool.artifact,field,44,0.0003
tool.artifact,clip,44,0.0003
tool.artifact,guards,44,0.0003
tool.artifact,jack,44,0.0003
tool.artifact,scraper,44,0.0003
tool.artifact,roller,44,0.0003
tool.artifact,compound,44,0.0003
tool.artifact,head,43,0.0003
tool.artifact,divisions,43,0.0003
tool.artifact,jars,43,0.0003
tool.artifact,burners,43,0.0003
tool.artifact,seat,43,0.0003
tool.artifact,urban,43,0.0003
tool.artifact,ships,43,0.0003
tool.artifact,sewing,43,0.0003
tool.artifact,fixture,43,0.0003
tool.artifact,indian,43,0.0003
tool.artifact,nets,43,0.0003
tool.artifact,french,43,0.0003
tool.artifact,jacket,43,0.0003
tool.artifact,wagon,43,0.0003
tool.artifact,top,43,0.0003
tool.artifact,machinery,42,0.0003
tool.artifact,scripts,42,0.0003
tool.artifact,view,42,0.0003
tool.artifact,services,42,0.0003
tool.artifact,numbers,42,0.0003
tool.artifact,stamp,42,0.0003
tool.artifact,organization,42,0.0003
tool.artifact,capitals,42,0.0003
tool.artifact,negatives,42,0.0003
tool.artifact,pads,42,0.0003
tool.artifact,indians,42,0.0003
tool.artifact,proofs,42,0.0003
tool.artifact,microscopy,42,0.0003
tool.artifact,pistols,42,0.0003
tool.artifact,kit,42,0.0003
tool.artifact,pot,42,0.0003
tool.artifact,jar,41,0.0003
tool.artifact,molding,41,0.0003
tool.artifact,business,41,0.0003
tool.artifact,groupings,41,0.0003
tool.artifact,belts,41,0.0003
tool.artifact,collar,41,0.0003
tool.artifact,lumber,41,0.0003
tool.artifact,letters,41,0.0003
tool.artifact,compass,41,0.0003
tool.artifact,lines,41,0.0003
tool.artifact,wrench,41,0.0003
tool.artifact,computer,41,0.0003
tool.artifact,gas,41,0.0003
tool.artifact,vault,41,0.0003
tool.artifact,horses,41,0.0003
tool.artifact,candle,41,0.0003
tool.artifact,trusses,41,0.0003
tool.artifact,pliers,41,0.0003
tool.artifact,product,40,0.0003
tool.artifact,landscape,40,0.0003
tool.artifact,patterns,40,0.0003
tool.artifact,sound,40,0.0003
tool.artifact,city,40,0.0003
tool.artifact,reports,40,0.0003
tool.artifact,sheet,40,0.0003
tool.artifact,studies,40,0.0003
tool.artifact,engines,40,0.0003
tool.artifact,oxide,40,0.0003
tool.artifact,cupboards,40,0.0003
tool.artifact,park,40,0.0003
tool.artifact,fastener,40,0.0003
tool.artifact,garment,40,0.0003
tool.artifact,looms,40,0.0003
tool.artifact,industrial,40,0.0003
tool.artifact,scrapers,40,0.0003
tool.artifact,information,40,0.0003
tool.artifact,religious,40,0.0003
tool.artifact,carriage,40,0.0003
tool.artifact,carriages,40,0.0003
tool.artifact,worker,40,0.0003
tool.artifact,desk,40,0.0003
tool.artifact,barns,39,0.0003
tool.artifact,plastic,39,0.0003
tool.artifact,subclass,39,0.0003
tool.artifact,charts,39,0.0003
tool.artifact,column,39,0.0003
tool.artifact,bird,39,0.0003
tool.artifact,cream,39,0.0003
tool.artifact,rail,39,0.0003
tool.artifact,horns,39,0.0003
tool.artifact,powder,39,0.0003
tool.artifact,coverings,39,0.0003
tool.artifact,suborder,39,0.0003
tool.artifact,middle,39,0.0003
tool.artifact,rules,39,0.0003
tool.artifact,arm,39,0.0003
tool.artifact,kits,39,0.0003
tool.artifact,letter,39,0.0003
tool.artifact,dance,39,0.0003
tool.artifact,cutting,38,0.0003
tool.artifact,headgear,38,0.0003
tool.artifact,spectrometry,38,0.0003
tool.artifact,films,38,0.0003
tool.artifact,bodies,38,0.0003
tool.artifact,district,38,0.0003
tool.artifact,bead,38,0.0003
tool.artifact,varnish,38,0.0003
tool.artifact,pad,38,0.0003
tool.artifact,portraits,38,0.0003
tool.artifact,guard,38,0.0003
tool.artifact,jewelry,38,0.0003
tool.artifact,fishing,38,0.0003
tool.artifact,homes,38,0.0003
tool.artifact,ground,38,0.0003
tool.artifact,coat,38,0.0003
tool.artifact,weight,37,0.0003
tool.artifact,artillery,37,0.0003
tool.artifact,unit,37,0.0003
tool.artifact,description,37,0.0003
tool.artifact,transfer,37,0.0003
tool.artifact,screw,37,0.0003
tool.artifact,science,37,0.0003
tool.artifact,silver,37,0.0003
tool.artifact,recorders,37,0.0003
tool.artifact,island,37,0.0003
tool.artifact,jacks,37,0.0003
tool.artifact,pens,37,0.0003
tool.artifact,mark,37,0.0003
tool.artifact,stitches,37,0.0003
tool.artifact,points,37,0.0003
tool.artifact,matter,36,0.0003
tool.artifact,gothic,36,0.0003
tool.artifact,roads,36,0.0003
tool.artifact,lists,36,0.0003
tool.artifact,lenses,36,0.0003
tool.artifact,mail,36,0.0003
tool.artifact,harps,36,0.0003
tool.artifact,panel,36,0.0003
tool.artifact,settlement,36,0.0003
tool.artifact,pole,36,0.0003
tool.artifact,dressing,36,0.0003
tool.artifact,social,36,0.0003
tool.artifact,out,36,0.0003
tool.artifact,sport,36,0.0003
tool.artifact,purplish,36,0.0003
tool.artifact,rake,36,0.0003
tool.artifact,casting,36,0.0003
tool.artifact,ceremonies,35,0.0003
tool.artifact,leaf,35,0.0003
tool.artifact,fruits,35,0.0003
tool.artifact,altar,35,0.0003
tool.artifact,ribbon,35,0.0003
tool.artifact,capital,35,0.0003
tool.artifact,trucks,35,0.0003
tool.artifact,engine,35,0.0003
tool.artifact,lake,35,0.0003
tool.artifact,day,35,0.0003
tool.artifact,candlesticks,35,0.0003
tool.artifact,roman,35,0.0003
tool.artifact,portrait,35,0.0003
tool.artifact,round,35,0.0003
tool.artifact,sword,35,0.0003
tool.artifact,swords,35,0.0003
tool.artifact,artifact,35,0.0003
tool.artifact,weave,35,0.0003
tool.artifact,suit,35,0.0003
tool.artifact,colors,35,0.0003
tool.artifact,purple,35,0.0003
tool.artifact,transportation,34,0.0002
tool.artifact,media,34,0.0002
tool.artifact,care,34,0.0002
tool.artifact,collars,34,0.0002
tool.artifact,place,34,0.0002
tool.artifact,truck,34,0.0002
tool.artifact,compasses,34,0.0002
tool.artifact,phase,34,0.0002
tool.artifact,rails,34,0.0002
tool.artifact,lens,34,0.0002
tool.artifact,clothing,34,0.0002
tool.artifact,breed,34,0.0002
tool.artifact,designers,34,0.0002
tool.artifact,copies,34,0.0002
tool.artifact,development,34,0.0002
tool.artifact,masonry,34,0.0002
tool.artifact,tree,34,0.0002
tool.artifact,pulls,34,0.0002
tool.artifact,stool,34,0.0002
tool.artifact,corner,34,0.0002
tool.artifact,suits,34,0.0002
tool.artifact,typefaces,34,0.0002
tool.artifact,stove,34,0.0002
tool.artifact,towns,34,0.0002
tool.artifact,feature,34,0.0002
tool.artifact,subject,33,0.0002
tool.artifact,data,33,0.0002
tool.artifact,wear,33,0.0002
tool.artifact,method,33,0.0002
tool.artifact,basins,33,0.0002
tool.artifact,pump,33,0.0002
tool.artifact,screws,33,0.0002
tool.artifact,islands,33,0.0002
tool.artifact,steps,33,0.0002
tool.artifact,beads,33,0.0002
tool.artifact,spring,33,0.0002
tool.artifact,mortar,33,0.0002
tool.artifact,colorant,33,0.0002
tool.artifact,violet,33,0.0002
tool.artifact,clips,33,0.0002
tool.artifact,poles,33,0.0002
tool.artifact,organs,33,0.0002
tool.artifact,flasks,33,0.0002
tool.artifact,chains,33,0.0002
tool.artifact,photographic,33,0.0002
tool.artifact,bands,33,0.0002
tool.artifact,office,33,0.0002
tool.artifact,sodium,33,0.0002
tool.artifact,crown,33,0.0002
tool.artifact,ice,33,0.0002
tool.artifact,ink,33,0.0002
tool.artifact,relief,33,0.0002
tool.artifact,fields,32,0.0002
tool.artifact,facility,32,0.0002
tool.artifact,shutter,32,0.0002
tool.artifact,lime,32,0.0002
tool.artifact,apparatus,32,0.0002
tool.artifact,heads,32,0.0002
tool.artifact,legs,32,0.0002
tool.artifact,rifles,32,0.0002
tool.artifact,photoprints,32,0.0002
tool.artifact,tombs,32,0.0002
tool.artifact,ship,32,0.0002
tool.artifact,amphorae,32,0.0002
tool.artifact,mechanical,32,0.0002
tool.artifact,stock,32,0.0002
tool.artifact,digital,32,0.0002
tool.artifact,doll,32,0.0002
tool.artifact,places,32,0.0002
tool.artifact,related,32,0.0002
tool.artifact,notes,32,0.0002
tool.artifact,tiles,32,0.0002
tool.artifact,stitch,32,0.0002
tool.artifact,pile,32,0.0002
tool.artifact,bow,32,0.0002
tool.artifact,wallpapers,32,0.0002
tool.artifact,butter,32,0.0002
tool.artifact,grouping,31,0.0002
tool.artifact,region,31,0.0002
tool.artifact,printers,31,0.0002
tool.artifact,report,31,0.0002
tool.artifact,symbol,31,0.0002
tool.artifact,modern,31,0.0002
tool.artifact,meters,31,0.0002
tool.artifact,covering,31,0.0002
tool.artifact,african,31,0.0002
tool.artifact,bracket,31,0.0002
tool.artifact,sections,31,0.0002
tool.artifact,trees,31,0.0002
tool.artifact,weights,31,0.0002
tool.artifact,control,31,0.0002
tool.artifact,mat,31,0.0002
tool.artifact,pumps,31,0.0002
tool.artifact,half,31,0.0002
tool.artifact,sheds,31,0.0002
tool.artifact,bookcases,31,0.0002
tool.artifact,reddish,31,0.0002
tool.artifact,band,31,0.0002
tool.artifact,stair,31,0.0002
tool.artifact,scroll,31,0.0002
tool.artifact,processing,30,0.0002
tool.artifact,symbols,30,0.0002
tool.artifact,base,30,0.0002
tool.artifact,time,30,0.0002
tool.artifact,churches,30,0.0002
tool.artifact,effect,30,0.0002
tool.artifact,shutters,30,0.0002
tool.artifact,vocabulary,30,0.0002
tool.artifact,harp,30,0.0002
tool.artifact,rifle,30,0.0002
tool.artifact,carriers,30,0.0002
tool.artifact,beverage,30,0.0002
tool.artifact,vases,30,0.0002
tool.artifact,side,30,0.0002
tool.artifact,recorder,30,0.0002
tool.artifact,spirit,30,0.0002
tool.artifact,marine,30,0.0002
tool.artifact,display,30,0.0002
tool.artifact,camp,30,0.0002
tool.artifact,square,30,0.0002
tool.artifact,latches,30,0.0002
tool.artifact,pull,30,0.0002
tool.artifact,pen,30,0.0002
tool.artifact,bank,30,0.0002
tool.artifact,town,30,0.0002
tool.artifact,bedsteads,30,0.0002
tool.artifact,tank,30,0.0002
tool.artifact,yellowish,30,0.0002
tool.artifact,scrolls,30,0.0002
tool.artifact,decoration,29,0.0002
tool.artifact,disk,29,0.0002
tool.artifact,conservation,29,0.0002
tool.artifact,barrel,29,0.0002
tool.artifact,electrical,29,0.0002
tool.artifact,anchor,29,0.0002
tool.artifact,mine,29,0.0002
tool.artifact,engineers,29,0.0002
tool.artifact,dog,29,0.0002
tool.artifact,birds,29,0.0002
tool.artifact,horn,29,0.0002
tool.artifact,communities,29,0.0002
tool.artifact,cable,29,0.0002
tool.artifact,tie,29,0.0002
tool.artifact,knots,29,0.0002
tool.artifact,welding,29,0.0002
tool.artifact,dams,29,0.0002
tool.artifact,flat,29,0.0002
tool.artifact,history,29,0.0002
tool.artifact,mirror,29,0.0002
tool.artifact,camps,29,0.0002
tool.artifact,businesses,29,0.0002
tool.artifact,roofing,29,0.0002
tool.artifact,augers,29,0.0002
tool.artifact,ovens,29,0.0002
tool.artifact,tea,29,0.0002
tool.artifact,aerophones,29,0.0002
tool.artifact,rollers,29,0.0002
tool.artifact,olive,29,0.0002
tool.artifact,archaeology,29,0.0002
tool.artifact,picks,29,0.0002
tool.artifact,gate,29,0.0002
tool.artifact,buddhism,29,0.0002
tool.artifact,flutes,29,0.0002
tool.artifact,bases,28,0.0002
tool.artifact,properties,28,0.0002
tool.artifact,jugs,28,0.0002
tool.artifact,pressure,28,0.0002
tool.artifact,government,28,0.0002
tool.artifact,woodworking,28,0.0002
tool.artifact,life,28,0.0002
tool.artifact,cartridge,28,0.0002
tool.artifact,domes,28,0.0002
tool.artifact,shells,28,0.0002
tool.artifact,basin,28,0.0002
tool.artifact,floor,28,0.0002
tool.artifact,registers,28,0.0002
tool.artifact,burner,28,0.0002
tool.artifact,subfamily,28,0.0002
tool.artifact,ski,28,0.0002
tool.artifact,wool,28,0.0002
tool.artifact,community,28,0.0002
tool.artifact,sandstone,28,0.0002
tool.artifact,perspective,28,0.0002
tool.artifact,ties,28,0.0002
tool.artifact,kingdom,28,0.0002
tool.artifact,trap,28,0.0002
tool.artifact,indexes,28,0.0002
tool.artifact,safety,28,0.0002
tool.artifact,court,28,0.0002
tool.artifact,clubs,28,0.0002
tool.artifact,salt,28,0.0002
tool.artifact,sash,28,0.0002
tool.artifact,loading,28,0.0002
tool.artifact,proof,28,0.0002
tool.artifact,elevators,28,0.0002
tool.artifact,piano,28,0.0002
tool.artifact,coating,28,0.0002
tool.artifact,saddle,28,0.0002
tool.artifact,mass,28,0.0002
tool.artifact,war,28,0.0002
tool.artifact,dry,28,0.0002
tool.artifact,gable,28,0.0002
tool.artifact,gables,28,0.0002
tool.artifact,clergy,27,0.0002
tool.artifact,projection,27,0.0002
tool.artifact,stage,27,0.0002
tool.artifact,education,27,0.0002
tool.artifact,cities,27,0.0002
tool.artifact,cleaning,27,0.0002
tool.artifact,realism,27,0.0002
tool.artifact,register,27,0.0002
tool.artifact,etching,27,0.0002
tool.artifact,fan,27,0.0002
tool.artifact,statues,27,0.0002
tool.artifact,open,27,0.0002
tool.artifact,leg,27,0.0002
tool.artifact,carrier,27,0.0002
tool.artifact,copper,27,0.0002
tool.artifact,staffs,27,0.0002
tool.artifact,platform,27,0.0002
tool.artifact,transliterated,27,0.0002
tool.artifact,thermal,27,0.0002
tool.artifact,braces,27,0.0002
tool.artifact,projections,27,0.0002
tool.artifact,boots,27,0.0002
tool.artifact,home,27,0.0002
tool.artifact,drop,27,0.0002
tool.artifact,locomotives,27,0.0002
tool.artifact,candles,27,0.0002
tool.artifact,rubber,27,0.0002
tool.artifact,list,27,0.0002
tool.artifact,courses,27,0.0002
tool.artifact,reel,27,0.0002
tool.artifact,ammunition,27,0.0002
tool.artifact,skirts,27,0.0002
tool.artifact,skirt,27,0.0002
tool.artifact,egg,27,0.0002
tool.artifact,truss,27,0.0002
tool.artifact,tops,27,0.0002
tool.artifact,underwear,27,0.0002
tool.artifact,metalworking,27,0.0002
tool.artifact,eye,27,0.0002
tool.artifact,holiday,27,0.0002
tool.artifact,gates,27,0.0002
tool.artifact,tanks,27,0.0002
tool.artifact,flower,26,0.0002
tool.artifact,use,26,0.0002
tool.artifact,dispenser,26,0.0002
tool.artifact,dispensers,26,0.0002
tool.artifact,occupations,26,0.0002
tool.artifact,footwear,26,0.0002
tool.artifact,note,26,0.0002
tool.artifact,new,26,0.0002
tool.artifact,ceremony,26,0.0002
tool.artifact,pueblo,26,0.0002
tool.artifact,handling,26,0.0002
tool.artifact,nut,26,0.0002
tool.artifact,chart,26,0.0002
tool.artifact,story,26,0.0002
tool.artifact,engineer,26,0.0002
tool.artifact,dogs,26,0.0002
tool.artifact,scoops,26,0.0002
tool.artifact,chapels,26,0.0002
tool.artifact,terminals,26,0.0002
tool.artifact,dialect,26,0.0002
tool.artifact,blind,26,0.0002
tool.artifact,slabs,26,0.0002
tool.artifact,supports,26,0.0002
tool.artifact,architects,26,0.0002
tool.artifact,temple,26,0.0002
tool.artifact,hospitals,26,0.0002
tool.artifact,ancient,26,0.0002
tool.artifact,stretchers,26,0.0002
tool.artifact,range,26,0.0002
tool.artifact,trade,26,0.0002
tool.artifact,artificial,26,0.0002
tool.artifact,solar,26,0.0002
tool.artifact,hanging,26,0.0002
tool.artifact,wind,26,0.0002
tool.artifact,roll,26,0.0002
tool.artifact,pocket,26,0.0002
tool.artifact,fabric,26,0.0002
tool.artifact,angle,26,0.0002
tool.artifact,awls,26,0.0002
tool.artifact,monuments,26,0.0002
tool.artifact,pick,26,0.0002
tool.artifact,section,25,0.0002
tool.artifact,compounds,25,0.0002
tool.artifact,functions,25,0.0002
tool.artifact,genres,25,0.0002
tool.artifact,working,25,0.0002
tool.artifact,resistance,25,0.0002
tool.artifact,milk,25,0.0002
tool.artifact,plaster,25,0.0002
tool.artifact,academic,25,0.0002
tool.artifact,anchors,25,0.0002
tool.artifact,transit,25,0.0002
tool.artifact,library,25,0.0002
tool.artifact,term,25,0.0002
tool.artifact,pillow,25,0.0002
tool.artifact,lanterns,25,0.0002
tool.artifact,lead,25,0.0002
tool.artifact,tokens,25,0.0002
tool.artifact,text,25,0.0002
tool.artifact,rests,25,0.0002
tool.artifact,bread,25,0.0002
tool.artifact,adhesive,25,0.0002
tool.artifact,chambers,25,0.0002
tool.artifact,boot,25,0.0002
tool.artifact,exhibition,25,0.0002
tool.artifact,index,25,0.0002
tool.artifact,web,25,0.0002
tool.artifact,cupboard,25,0.0002
tool.artifact,sand,25,0.0002
tool.artifact,log,25,0.0002
tool.artifact,rakes,25,0.0002
tool.artifact,mouldings,25,0.0002
tool.artifact,acquisition,25,0.0002
tool.artifact,hospital,25,0.0002
tool.artifact,pianos,25,0.0002
tool.artifact,mats,25,0.0002
tool.artifact,strips,25,0.0002
tool.artifact,bath,25,0.0002
tool.artifact,strip,25,0.0002
tool.artifact,chimney,25,0.0002
tool.artifact,valances,25,0.0002
tool.artifact,prayer,25,0.0002
tool.artifact,rule,25,0.0002
tool.artifact,greenish,25,0.0002
tool.artifact,trumpets,25,0.0002
tool.artifact,artists',25,0.0002
tool.artifact,mallets,25,0.0002
tool.artifact,vacuum,25,0.0002
tool.artifact,adzes,25,0.0002
tool.artifact,poetry,25,0.0002
tool.artifact,dynasty,24,0.0002
tool.artifact,dome,24,0.0002
tool.artifact,alcohol,24,0.0002
tool.artifact,label,24,0.0002
tool.artifact,street,24,0.0002
tool.artifact,bronze,24,0.0002
tool.artifact,stories,24,0.0002
tool.artifact,engineer's,24,0.0002
tool.artifact,engineers',24,0.0002
tool.artifact,cats,24,0.0002
tool.artifact,qualifier,24,0.0002
tool.artifact,filters,24,0.0002
tool.artifact,lantern,24,0.0002
tool.artifact,heater,24,0.0002
tool.artifact,portable,24,0.0002
tool.artifact,structural,24,0.0002
tool.artifact,balance,24,0.0002
tool.artifact,comb,24,0.0002
tool.artifact,exhibitions,24,0.0002
tool.artifact,shops,24,0.0002
tool.artifact,vise,24,0.0002
tool.artifact,electronic,24,0.0002
tool.artifact,change,24,0.0002
tool.artifact,national,24,0.0002
tool.artifact,elevator,24,0.0002
tool.artifact,latch,24,0.0002
tool.artifact,handles,24,0.0002
tool.artifact,reference,24,0.0002
tool.artifact,organ,24,0.0002
tool.artifact,cheese,24,0.0002
tool.artifact,steam,24,0.0002
tool.artifact,chamber,24,0.0002
tool.artifact,river,24,0.0002
tool.artifact,forest,24,0.0002
tool.artifact,skin,24,0.0002
tool.artifact,auger,24,0.0002
tool.artifact,banks,24,0.0002
tool.artifact,action,24,0.0002
tool.artifact,foundation,24,0.0002
tool.artifact,wine,24,0.0002
tool.artifact,attributes,24,0.0002
tool.artifact,chromatography,24,0.0002
tool.artifact,valley,24,0.0002
tool.artifact,baroque,24,0.0002
tool.artifact,bucket,23,0.0002
tool.artifact,buckets,23,0.0002
tool.artifact,cans,23,0.0002
tool.artifact,outerwear,23,0.0002
tool.artifact,printer,23,0.0002
tool.artifact,dwelling,23,0.0002
tool.artifact,farms,23,0.0002
tool.artifact,hoods,23,0.0002
tool.artifact,ceiling,23,0.0002
tool.artifact,fiction,23,0.0002
tool.artifact,surface,23,0.0002
tool.artifact,cat,23,0.0002
tool.artifact,factory,23,0.0002
tool.artifact,glue,23,0.0002
tool.artifact,negative,23,0.0002
tool.artifact,heaters,23,0.0002
tool.artifact,grinder,23,0.0002
tool.artifact,token,23,0.0002
tool.artifact,support,23,0.0002
tool.artifact,gilding,23,0.0002
tool.artifact,spanish,23,0.0002
tool.artifact,flask,23,0.0002
tool.artifact,bond,23,0.0002
tool.artifact,traps,23,0.0002
tool.artifact,scissors,23,0.0002
tool.artifact,protection,23,0.0002
tool.artifact,course,23,0.0002
tool.artifact,designer,23,0.0002
tool.artifact,offices,23,0.0002
tool.artifact,measurement,23,0.0002
tool.artifact,shields,23,0.0002
tool.artifact,market,23,0.0002
tool.artifact,pencil,23,0.0002
tool.artifact,squares,23,0.0002
tool.artifact,granite,23,0.0002
tool.artifact,cylinder,23,0.0002
tool.artifact,load,23,0.0002
tool.artifact,loads,23,0.0002
tool.artifact,shot,23,0.0002
tool.artifact,english,23,0.0002
tool.artifact,long,23,0.0002
tool.artifact,glove,23,0.0002
tool.artifact,seed,23,0.0002
tool.artifact,ray,23,0.0002
tool.artifact,clothes,23,0.0002
tool.artifact,markers,23,0.0002
tool.artifact,deep,23,0.0002
tool.artifact,engravers,23,0.0002
tool.artifact,patch,23,0.0002
tool.artifact,soap,23,0.0002
tool.artifact,mallet,23,0.0002
tool.artifact,lift,23,0.0002
tool.artifact,software,23,0.0002
tool.artifact,awl,23,0.0002
tool.artifact,scoop,23,0.0002
tool.artifact,radio,23,0.0002
tool.artifact,officer,23,0.0002
tool.artifact,strings,23,0.0002
tool.artifact,hoe,23,0.0002
tool.artifact,bows,23,0.0002
tool.artifact,imaging,23,0.0002
tool.artifact,fluorescence,23,0.0002
tool.artifact,location,22,0.0002
tool.artifact,tobacco,22,0.0002
tool.artifact,medicine,22,0.0002
tool.artifact,sciences,22,0.0002
tool.artifact,farm,22,0.0002
tool.artifact,binder,22,0.0002
tool.artifact,folding,22,0.0002
tool.artifact,certificates,22,0.0002
tool.artifact,ceilings,22,0.0002
tool.artifact,railroad,22,0.0002
tool.artifact,master,22,0.0002
tool.artifact,shelters,22,0.0002
tool.artifact,slip,22,0.0002
tool.artifact,vase,22,0.0002
tool.artifact,glaze,22,0.0002
tool.artifact,pillars,22,0.0002
tool.artifact,chants,22,0.0002
tool.artifact,apparatuses,22,0.0002
tool.artifact,neck,22,0.0002
tool.artifact,plow,22,0.0002
tool.artifact,tags,22,0.0002
tool.artifact,composite,22,0.0002
tool.artifact,coal,22,0.0002
tool.artifact,idiophones,22,0.0002
tool.artifact,asphalt,22,0.0002
tool.artifact,pistol,22,0.0002
tool.artifact,handle,22,0.0002
tool.artifact,chalk,22,0.0002
tool.artifact,lifes,22,0.0002
tool.artifact,baths,22,0.0002
tool.artifact,balloon,22,0.0002
tool.artifact,cake,22,0.0002
tool.artifact,axe,22,0.0002
tool.artifact,forests,22,0.0002
tool.artifact,spade,22,0.0002
tool.artifact,gray,22,0.0002
tool.artifact,dances,22,0.0002
tool.artifact,texts,22,0.0002
tool.artifact,rolls,22,0.0002
tool.artifact,bricks,22,0.0002
tool.artifact,states,22,0.0002
tool.artifact,sleeves,22,0.0002
tool.artifact,detectors,22,0.0002
tool.artifact,shelf,21,0.0002
tool.artifact,sports,21,0.0002
tool.artifact,level,21,0.0002
tool.artifact,dryer,21,0.0002
tool.artifact,separator,21,0.0002
tool.artifact,administrative,21,0.0002
tool.artifact,guitars,21,0.0002
tool.artifact,hood,21,0.0002
tool.artifact,road,21,0.0002
tool.artifact,certificate,21,0.0002
tool.artifact,rocks,21,0.0002
tool.artifact,tomography,21,0.0002
tool.artifact,exchange,21,0.0002
tool.artifact,gouge,21,0.0002
tool.artifact,gouges,21,0.0002
tool.artifact,ladder,21,0.0002
tool.artifact,mines,21,0.0002
tool.artifact,villages,21,0.0002
tool.artifact,schools,21,0.0002
tool.artifact,first,21,0.0002
tool.artifact,wells,21,0.0002
tool.artifact,drying,21,0.0002
tool.artifact,high,21,0.0002
tool.artifact,directories,21,0.0002
tool.artifact,energy,21,0.0002
tool.artifact,chloride,21,0.0002
tool.artifact,end,21,0.0002
tool.artifact,harness,21,0.0002
tool.artifact,cultural,21,0.0002
tool.artifact,historical,21,0.0002
tool.artifact,mountain,21,0.0002
tool.artifact,dutch,21,0.0002
tool.artifact,trumpet,21,0.0002
tool.artifact,commercial,21,0.0002
tool.artifact,vises,21,0.0002
tool.artifact,agents,21,0.0002
tool.artifact,children's,21,0.0002
tool.artifact,shingle,21,0.0002
tool.artifact,lots,21,0.0002
tool.artifact,albums,21,0.0002
tool.artifact,ceremonial,21,0.0002
tool.artifact,slate,21,0.0002
tool.artifact,courts,21,0.0002
tool.artifact,coffee,21,0.0002
tool.artifact,beaters,21,0.0002
tool.artifact,grounds,21,0.0002
tool.artifact,club,21,0.0002
tool.artifact,seam,21,0.0002
tool.artifact,casters,21,0.0002
tool.artifact,yards,21,0.0002
tool.artifact,silk,21,0.0002
tool.artifact,rest,21,0.0002
tool.artifact,liners,21,0.0002
tool.artifact,factories,21,0.0002
tool.artifact,restaurants,21,0.0002
tool.artifact,animation,21,0.0002
tool.artifact,shield,21,0.0002
tool.artifact,chordophones,21,0.0002
tool.artifact,can,20,0.0001
tool.artifact,separators,20,0.0001
tool.artifact,disks,20,0.0001
tool.artifact,personal,20,0.0001
tool.artifact,shade,20,0.0001
tool.artifact,slide,20,0.0001
tool.artifact,entities,20,0.0001
tool.artifact,marking,20,0.0001
tool.artifact,colonial,20,0.0001
tool.artifact,eastern,20,0.0001
tool.artifact,portuguese,20,0.0001
tool.artifact,indicators,20,0.0001
tool.artifact,architect,20,0.0001
tool.artifact,brackets,20,0.0001
tool.artifact,combs,20,0.0001
tool.artifact,trailer,20,0.0001
tool.artifact,fiddles,20,0.0001
tool.artifact,ladles,20,0.0001
tool.artifact,counter,20,0.0001
tool.artifact,royal,20,0.0001
tool.artifact,catalog,20,0.0001
tool.artifact,guides,20,0.0001
tool.artifact,pencils,20,0.0001
tool.artifact,performance,20,0.0001
tool.artifact,cements,20,0.0001
tool.artifact,player,20,0.0001
tool.artifact,tracks,20,0.0001
tool.artifact,meat,20,0.0001
tool.artifact,catches,20,0.0001
tool.artifact,badges,20,0.0001
tool.artifact,oven,20,0.0001
tool.artifact,reels,20,0.0001
tool.artifact,slips,20,0.0001
tool.artifact,string,20,0.0001
tool.artifact,codes,20,0.0001
tool.artifact,beater,20,0.0001
tool.artifact,gloves,20,0.0001
tool.artifact,shaving,20,0.0001
tool.artifact,projectors,20,0.0001
tool.artifact,warmers,20,0.0001
tool.artifact,kilns,20,0.0001
tool.artifact,edge,20,0.0001
tool.artifact,drawer,20,0.0001
tool.artifact,stretcher,20,0.0001
tool.artifact,face,20,0.0001
tool.artifact,marker,20,0.0001
tool.artifact,communion,20,0.0001
tool.artifact,sugar,20,0.0001
tool.artifact,seals,20,0.0001
tool.artifact,officers,20,0.0001
tool.artifact,watch,20,0.0001
tool.artifact,flute,20,0.0001
tool.artifact,nation,20,0.0001
tool.artifact,riding,19,0.0001
tool.artifact,position,19,0.0001
tool.artifact,dryers,19,0.0001
tool.artifact,jug,19,0.0001
tool.artifact,activities,19,0.0001
tool.artifact,cultures,19,0.0001
tool.artifact,chemical,19,0.0001
tool.artifact,landscapes,19,0.0001
tool.artifact,gowns,19,0.0001
tool.artifact,altars,19,0.0001
tool.artifact,torch,19,0.0001
tool.artifact,resistant,19,0.0001
tool.artifact,carbon,19,0.0001
tool.artifact,labels,19,0.0001
tool.artifact,fans,19,0.0001
tool.artifact,ladders,19,0.0001
tool.artifact,panels,19,0.0001
tool.artifact,step,19,0.0001
tool.artifact,filter,19,0.0001
tool.artifact,company,19,0.0001
tool.artifact,memory,19,0.0001
tool.artifact,tin,19,0.0001
tool.artifact,front,19,0.0001
tool.artifact,staff,19,0.0001
tool.artifact,tomb,19,0.0001
tool.artifact,veils,19,0.0001
tool.artifact,trowels,19,0.0001
tool.artifact,furnaces,19,0.0001
tool.artifact,ladle,19,0.0001
tool.artifact,shop,19,0.0001
tool.artifact,dam,19,0.0001
tool.artifact,ribs,19,0.0001
tool.artifact,environmental,19,0.0001
tool.artifact,straight,19,0.0001
tool.artifact,dark,19,0.0001
tool.artifact,porcelain,19,0.0001
tool.artifact,platforms,19,0.0001
tool.artifact,ceramics,19,0.0001
tool.artifact,study,19,0.0001
tool.artifact,price,19,0.0001
tool.artifact,veintena,19,0.0001
tool.artifact,pants,19,0.0001
tool.artifact,code,19,0.0001
tool.artifact,standard,19,0.0001
tool.artifact,seams,19,0.0001
tool.artifact,hangings,19,0.0001
tool.artifact,tent,19,0.0001
tool.artifact,kiln,19,0.0001
tool.artifact,badge,19,0.0001
tool.artifact,shakers,19,0.0001
tool.artifact,warp,19,0.0001
tool.artifact,button,19,0.0001
tool.artifact,leaves,19,0.0001
tool.artifact,slab,19,0.0001
tool.artifact,gages,19,0.0001
tool.artifact,heat,19,0.0001
tool.artifact,historic,19,0.0001
tool.artifact,empire,19,0.0001
tool.artifact,thread,19,0.0001
tool.artifact,sulfide,19,0.0001
tool.artifact,lifts,19,0.0001
tool.artifact,biological,19,0.0001
tool.artifact,plays,19,0.0001
tool.artifact,village,19,0.0001
tool.artifact,track,19,0.0001
tool.artifact,companies,19,0.0001
tool.artifact,made,19,0.0001
tool.artifact,nouns,19,0.0001
tool.artifact,disciplines,18,0.0001
tool.artifact,environment,18,0.0001
tool.artifact,geometric,18,0.0001
tool.artifact,surveying,18,0.0001
tool.artifact,shades,18,0.0001
tool.artifact,cellulose,18,0.0001
tool.artifact,torches,18,0.0001
tool.artifact,telescope,18,0.0001
tool.artifact,political,18,0.0001
tool.artifact,entity,18,0.0001
tool.artifact,tickets,18,0.0001
tool.artifact,old,18,0.0001
tool.artifact,naval,18,0.0001
tool.artifact,meter,18,0.0001
tool.artifact,terminal,18,0.0001
tool.artifact,wing,18,0.0001
tool.artifact,training,18,0.0001
tool.artifact,utility,18,0.0001
tool.artifact,chapel,18,0.0001
tool.artifact,steels,18,0.0001
tool.artifact,publications,18,0.0001
tool.artifact,sulfate,18,0.0001
tool.artifact,chant,18,0.0001
tool.artifact,carbonate,18,0.0001
tool.artifact,acetate,18,0.0001
tool.artifact,stress,18,0.0001
tool.artifact,strength,18,0.0001
tool.artifact,islamic,18,0.0001
tool.artifact,sea,18,0.0001
tool.artifact,western,18,0.0001
tool.artifact,superfamily,18,0.0001
tool.artifact,societies,18,0.0001
tool.artifact,strainer,18,0.0001
tool.artifact,associations,18,0.0001
tool.artifact,catalogs,18,0.0001
tool.artifact,guide,18,0.0001
tool.artifact,telephone,18,0.0001
tool.artifact,extension,18,0.0001
tool.artifact,advertising,18,0.0001
tool.artifact,optical,18,0.0001
tool.artifact,statement,18,0.0001
tool.artifact,statements,18,0.0001
tool.artifact,medieval,18,0.0001
tool.artifact,world,18,0.0001
tool.artifact,flash,18,0.0001
tool.artifact,mixers,18,0.0001
tool.artifact,cradle,18,0.0001
tool.artifact,sofas,18,0.0001
tool.artifact,aerophone,18,0.0001
tool.artifact,baptismal,18,0.0001
tool.artifact,projector,18,0.0001
tool.artifact,percussion,18,0.0001
tool.artifact,strainers,18,0.0001
tool.artifact,yarn,18,0.0001
tool.artifact,orders,18,0.0001
tool.artifact,discs,18,0.0001
tool.artifact,grayish,18,0.0001
tool.artifact,deck,18,0.0001
tool.artifact,lathe,18,0.0001
tool.artifact,gauntlets,18,0.0001
tool.artifact,star,18,0.0001
tool.artifact,terms,18,0.0001
tool.artifact,weft,18,0.0001
tool.artifact,stencil,18,0.0001
tool.artifact,puzzles,18,0.0001
tool.artifact,realist,18,0.0001
tool.artifact,astronomical,18,0.0001
tool.artifact,headdresses,18,0.0001
tool.artifact,residences,18,0.0001
tool.artifact,chordophone,18,0.0001
tool.artifact,testing,18,0.0001
tool.artifact,concretes,18,0.0001
tool.artifact,expression,18,0.0001
tool.artifact,kete,17,0.0001
tool.artifact,shelves,17,0.0001
tool.artifact,hands,17,0.0001
tool.artifact,quality,17,0.0001
tool.artifact,washer,17,0.0001
tool.artifact,mongols,17,0.0001
tool.artifact,treatment,17,0.0001
tool.artifact,dollar,17,0.0001
tool.artifact,disc,17,0.0001
tool.artifact,cartridges,17,0.0001
tool.artifact,tapes,17,0.0001
tool.artifact,mudra,17,0.0001
tool.artifact,shoulder,17,0.0001
tool.artifact,apartments,17,0.0001
tool.artifact,veneer,17,0.0001
tool.artifact,museum,17,0.0001
tool.artifact,airplanes,17,0.0001
tool.artifact,pollution,17,0.0001
tool.artifact,missile,17,0.0001
tool.artifact,shirts,17,0.0001
tool.artifact,candlestick,17,0.0001
tool.artifact,siding,17,0.0001
tool.artifact,computers,17,0.0001
tool.artifact,paddle,17,0.0001
tool.artifact,paddles,17,0.0001
tool.artifact,rafters,17,0.0001
tool.artifact,harnesses,17,0.0001
tool.artifact,trailers,17,0.0001
tool.artifact,furnace,17,0.0001
tool.artifact,television,17,0.0001
tool.artifact,stake,17,0.0001
tool.artifact,cosmetic,17,0.0001
tool.artifact,physics,17,0.0001
tool.artifact,blank,17,0.0001
tool.artifact,ranges,17,0.0001
tool.artifact,studios,17,0.0001
tool.artifact,contracts,17,0.0001
tool.artifact,municipal,17,0.0001
tool.artifact,firms,17,0.0001
tool.artifact,collection,17,0.0001
tool.artifact,sales,17,0.0001
tool.artifact,well,17,0.0001
tool.artifact,locomotive,17,0.0001
tool.artifact,crowns,17,0.0001
tool.artifact,shovel,17,0.0001
tool.artifact,bay,17,0.0001
tool.artifact,mixer,17,0.0001
tool.artifact,hole,17,0.0001
tool.artifact,rattles,17,0.0001
tool.artifact,hollow,17,0.0001
tool.artifact,cookware,17,0.0001
tool.artifact,exercise,17,0.0001
tool.artifact,diagrams,17,0.0001
tool.artifact,armchairs,17,0.0001
tool.artifact,claw,17,0.0001
tool.artifact,neolithic,17,0.0001
tool.artifact,sculptures,17,0.0001
tool.artifact,socket,17,0.0001
tool.artifact,stakes,17,0.0001
tool.artifact,spear,17,0.0001
tool.artifact,warmer,17,0.0001
tool.artifact,buddhist,17,0.0001
tool.artifact,radiation,17,0.0001
tool.artifact,palace,17,0.0001
tool.artifact,whistle,17,0.0001
tool.artifact,turpentine,17,0.0001
tool.artifact,lathes,17,0.0001
tool.artifact,soil,17,0.0001
tool.artifact,calf,17,0.0001
tool.artifact,gelatin,17,0.0001
tool.artifact,cranes,17,0.0001
tool.artifact,tooth,17,0.0001
tool.artifact,medical,17,0.0001
tool.artifact,adz,17,0.0001
tool.artifact,phonograph,17,0.0001
tool.artifact,hydraulic,17,0.0001
tool.artifact,classic,17,0.0001
tool.artifact,paste,17,0.0001
tool.artifact,second,17,0.0001
tool.artifact,elevations,17,0.0001
tool.artifact,bicycle,17,0.0001
tool.artifact,crayons,16,0.0001
tool.artifact,alloys,16,0.0001
tool.artifact,biome,16,0.0001
tool.artifact,trains,16,0.0001
tool.artifact,technology,16,0.0001
tool.artifact,bin,16,0.0001
tool.artifact,washers,16,0.0001
tool.artifact,administration,16,0.0001
tool.artifact,poems,16,0.0001
tool.artifact,recordings,16,0.0001
tool.artifact,guitar,16,0.0001
tool.artifact,adapter,16,0.0001
tool.artifact,adapters,16,0.0001
tool.artifact,laser,16,0.0001
tool.artifact,greek,16,0.0001
tool.artifact,flooring,16,0.0001
tool.artifact,upper,16,0.0001
tool.artifact,ribbons,16,0.0001
tool.artifact,vegetable,16,0.0001
tool.artifact,cone,16,0.0001
tool.artifact,grave,16,0.0001
tool.artifact,persons,16,0.0001
tool.artifact,student,16,0.0001
tool.artifact,cord,16,0.0001
tool.artifact,rights,16,0.0001
tool.artifact,passenger,16,0.0001
tool.artifact,dining,16,0.0001
tool.artifact,streets,16,0.0001
tool.artifact,viols,16,0.0001
tool.artifact,renaissance,16,0.0001
tool.artifact,theater,16,0.0001
tool.artifact,cables,16,0.0001
tool.artifact,strap,16,0.0001
tool.artifact,bonds,16,0.0001
tool.artifact,float,16,0.0001
tool.artifact,cemeteries,16,0.0001
tool.artifact,tack,16,0.0001
tool.artifact,mathematics,16,0.0001
tool.artifact,stages,16,0.0001
tool.artifact,video,16,0.0001
tool.artifact,brace,16,0.0001
tool.artifact,society,16,0.0001
tool.artifact,theory,16,0.0001
tool.artifact,interior,16,0.0001
tool.artifact,firm,16,0.0001
tool.artifact,historians,16,0.0001
tool.artifact,survey,16,0.0001
tool.artifact,surveys,16,0.0001
tool.artifact,funerary,16,0.0001
tool.artifact,rural,16,0.0001
tool.artifact,bullet,16,0.0001
tool.artifact,fashion,16,0.0001
tool.artifact,shovels,16,0.0001
tool.artifact,spiral,16,0.0001
tool.artifact,catalogues,16,0.0001
tool.artifact,damage,16,0.0001
tool.artifact,hairstyle,16,0.0001
tool.artifact,rattle,16,0.0001
tool.artifact,electron,16,0.0001
tool.artifact,cleaners,16,0.0001
tool.artifact,barn,16,0.0001
tool.artifact,grand,16,0.0001
tool.artifact,cramps,16,0.0001
tool.artifact,chrome,16,0.0001
tool.artifact,beetles,16,0.0001
tool.artifact,hoop,16,0.0001
tool.artifact,layer,16,0.0001
tool.artifact,trimmer,16,0.0001
tool.artifact,hunting,16,0.0001
tool.artifact,hip,16,0.0001
tool.artifact,huts,16,0.0001
tool.artifact,tents,16,0.0001
tool.artifact,medals,16,0.0001
tool.artifact,congo,16,0.0001
tool.artifact,flag,16,0.0001
tool.artifact,shaker,16,0.0001
tool.artifact,palaces,16,0.0001
tool.artifact,slides,16,0.0001
tool.artifact,rose,16,0.0001
tool.artifact,spout,16,0.0001
tool.artifact,waste,16,0.0001
tool.artifact,spice,16,0.0001
tool.artifact,grinders,16,0.0001
tool.artifact,crane,16,0.0001
tool.artifact,legal,16,0.0001
tool.artifact,pullers,16,0.0001
tool.artifact,puzzle,16,0.0001
tool.artifact,sleeve,16,0.0001
tool.artifact,traffic,16,0.0001
tool.artifact,pillar,16,0.0001
tool.artifact,magnetic,16,0.0001
tool.artifact,ups,16,0.0001
tool.artifact,monument,16,0.0001
tool.artifact,country,16,0.0001
tool.artifact,lifters,16,0.0001
tool.artifact,way,16,0.0001
tool.artifact,craft,15,0.0001
tool.artifact,textiles,15,0.0001
tool.artifact,valves,15,0.0001
tool.artifact,agriculture,15,0.0001
tool.artifact,association,15,0.0001
tool.artifact,finishing,15,0.0001
tool.artifact,twist,15,0.0001
tool.artifact,recording,15,0.0001
tool.artifact,bulbs,15,0.0001
tool.artifact,circular,15,0.0001
tool.artifact,anvil,15,0.0001
tool.artifact,telescopes,15,0.0001
tool.artifact,organic,15,0.0001
tool.artifact,nuts,15,0.0001
tool.artifact,ticket,15,0.0001
tool.artifact,cast,15,0.0001
tool.artifact,cords,15,0.0001
tool.artifact,agricultural,15,0.0001
tool.artifact,compositions,15,0.0001
tool.artifact,wedding,15,0.0001
tool.artifact,tanned,15,0.0001
tool.artifact,tapestry,15,0.0001
tool.artifact,literary,15,0.0001
tool.artifact,directory,15,0.0001
tool.artifact,phosphate,15,0.0001
tool.artifact,balances,15,0.0001
tool.artifact,drive,15,0.0001
tool.artifact,vat,15,0.0001
tool.artifact,lodges,15,0.0001
tool.artifact,grenades,15,0.0001
tool.artifact,idiophone,15,0.0001
tool.artifact,die,15,0.0001
tool.artifact,hotels,15,0.0001
tool.artifact,studio,15,0.0001
tool.artifact,project,15,0.0001
tool.artifact,heritage,15,0.0001
tool.artifact,photographers,15,0.0001
tool.artifact,mourning,15,0.0001
tool.artifact,nouveau,15,0.0001
tool.artifact,sofa,15,0.0001
tool.artifact,horizon,15,0.0001
tool.artifact,caliper,15,0.0001
tool.artifact,residence,15,0.0001
tool.artifact,urns,15,0.0001
tool.artifact,eskimo,15,0.0001
tool.artifact,boilers,15,0.0001
tool.artifact,album,15,0.0001
tool.artifact,watches,15,0.0001
tool.artifact,portions,15,0.0001
tool.artifact,winders,15,0.0001
tool.artifact,valve,15,0.0001
tool.artifact,framing,15,0.0001
tool.artifact,german,15,0.0001
tool.artifact,false,15,0.0001
tool.artifact,canoes,15,0.0001
tool.artifact,insulation,15,0.0001
tool.artifact,products,15,0.0001
tool.artifact,spears,15,0.0001
tool.artifact,medal,15,0.0001
tool.artifact,shed,15,0.0001
tool.artifact,coach,15,0.0001
tool.artifact,sketches,15,0.0001
tool.artifact,bluish,15,0.0001
tool.artifact,diamond,15,0.0001
tool.artifact,engraving,15,0.0001
tool.artifact,workers',15,0.0001
tool.artifact,variable,15,0.0001
tool.artifact,extractors,15,0.0001
tool.artifact,marriage,15,0.0001
tool.artifact,common,15,0.0001
tool.artifact,trowel,15,0.0001
tool.artifact,china,15,0.0001
tool.artifact,cemetery,15,0.0001
tool.artifact,thermometers,15,0.0001
tool.artifact,fishes,15,0.0001
tool.artifact,typewriter,15,0.0001
tool.artifact,carving,15,0.0001
tool.artifact,byzantine,15,0.0001
tool.artifact,stoves,15,0.0001
tool.artifact,skiffs,15,0.0001
tool.artifact,performances,15,0.0001
tool.artifact,combination,15,0.0001
tool.artifact,artist's,15,0.0001
tool.artifact,infrastructure,15,0.0001
tool.artifact,quilting,15,0.0001
tool.artifact,stitching,15,0.0001
tool.artifact,visual,15,0.0001
tool.artifact,antique,15,0.0001
tool.artifact,bus,15,0.0001
tool.artifact,turbine,15,0.0001
tool.artifact,noun,15,0.0001
tool.artifact,hockey,15,0.0001
tool.artifact,production,14,0.0001
tool.artifact,ownership,14,0.0001
tool.artifact,openings,14,0.0001
tool.artifact,physical,14,0.0001
tool.artifact,representation,14,0.0001
tool.artifact,distance,14,0.0001
tool.artifact,sideboards,14,0.0001
tool.artifact,bulb,14,0.0001
tool.artifact,gown,14,0.0001
tool.artifact,robe,14,0.0001
tool.artifact,motion,14,0.0001
tool.artifact,plug,14,0.0001
tool.artifact,former,14,0.0001
tool.artifact,comics,14,0.0001
tool.artifact,directors,14,0.0001
tool.artifact,beacons,14,0.0001
tool.artifact,sigillata,14,0.0001
tool.artifact,curing,14,0.0001
tool.artifact,private,14,0.0001
tool.artifact,off,14,0.0001
tool.artifact,aluminum,14,0.0001
tool.artifact,shirt,14,0.0001
tool.artifact,cloud,14,0.0001
tool.artifact,arcades,14,0.0001
tool.artifact,floats,14,0.0001
tool.artifact,contact,14,0.0001
tool.artifact,japanese,14,0.0001
tool.artifact,feeder,14,0.0001
tool.artifact,cells,14,0.0001
tool.artifact,bibliographies,14,0.0001
tool.artifact,satellite,14,0.0001
tool.artifact,goggles,14,0.0001
tool.artifact,knot,14,0.0001
tool.artifact,northern,14,0.0001
tool.artifact,bookbindings,14,0.0001
tool.artifact,combined,14,0.0001
tool.artifact,pine,14,0.0001
tool.artifact,starch,14,0.0001
tool.artifact,logs,14,0.0001
tool.artifact,mounds,14,0.0001
tool.artifact,channel,14,0.0001
tool.artifact,pits,14,0.0001
tool.artifact,bone,14,0.0001
tool.artifact,spreader,14,0.0001
tool.artifact,leatherworking,14,0.0001
tool.artifact,circle,14,0.0001
tool.artifact,bonnet,14,0.0001
tool.artifact,catch,14,0.0001
tool.artifact,filling,14,0.0001
tool.artifact,blenders,14,0.0001
tool.artifact,inuit,14,0.0001
tool.artifact,kettles,14,0.0001
tool.artifact,soda,14,0.0001
tool.artifact,pit,14,0.0001
tool.artifact,tennis,14,0.0001
tool.artifact,cleaner,14,0.0001
tool.artifact,cannon,14,0.0001
tool.artifact,tracery,14,0.0001
tool.artifact,rag,14,0.0001
tool.artifact,balloons,14,0.0001
tool.artifact,towel,14,0.0001
tool.artifact,page,14,0.0001
tool.artifact,installations,14,0.0001
tool.artifact,drainage,14,0.0001
tool.artifact,sockets,14,0.0001
tool.artifact,weaving,14,0.0001
tool.artifact,bark,14,0.0001
tool.artifact,trousers,14,0.0001
tool.artifact,dictionaries,14,0.0001
tool.artifact,modeling,14,0.0001
tool.artifact,whistles,14,0.0001
tool.artifact,gypsum,14,0.0001
tool.artifact,canvas,14,0.0001
tool.artifact,wash,14,0.0001
tool.artifact,pediment,14,0.0001
tool.artifact,edges,14,0.0001
tool.artifact,troughs,14,0.0001
tool.artifact,implements,14,0.0001
tool.artifact,vaulting,14,0.0001
tool.artifact,holidays,14,0.0001
tool.artifact,puller,14,0.0001
tool.artifact,train,14,0.0001
tool.artifact,elastomer,14,0.0001
tool.artifact,knobs,14,0.0001
tool.artifact,buttons,14,0.0001
tool.artifact,timber,14,0.0001
tool.artifact,match,14,0.0001
tool.artifact,stud,14,0.0001
tool.artifact,rigs,14,0.0001
tool.artifact,lids,14,0.0001
tool.artifact,scientist,14,0.0001
tool.artifact,sect,14,0.0001
tool.artifact,dovetail,14,0.0001
tool.artifact,chutes,14,0.0001
tool.artifact,prisons,14,0.0001
tool.artifact,museums,14,0.0001
tool.artifact,sight,14,0.0001
tool.artifact,kettle,14,0.0001
tool.artifact,detector,14,0.0001
tool.artifact,medium,13,0.0001
tool.artifact,posters,13,0.0001
tool.artifact,scanning,13,0.0001
tool.artifact,microscope,13,0.0001
tool.artifact,quarters,13,0.0001
tool.artifact,classical,13,0.0001
tool.artifact,converters,13,0.0001
tool.artifact,floors,13,0.0001
tool.artifact,aerial,13,0.0001
tool.artifact,battery,13,0.0001
tool.artifact,seal,13,0.0001
tool.artifact,bomb,13,0.0001
tool.artifact,international,13,0.0001
tool.artifact,estate,13,0.0001
tool.artifact,travel,13,0.0001
tool.artifact,laundry,13,0.0001
tool.artifact,cushion,13,0.0001
tool.artifact,cushions,13,0.0001
tool.artifact,hose,13,0.0001
tool.artifact,wires,13,0.0001
tool.artifact,zinc,13,0.0001
tool.artifact,carvers,13,0.0001
tool.artifact,publication,13,0.0001
tool.artifact,audio,13,0.0001
tool.artifact,bibliography,13,0.0001
tool.artifact,theaters,13,0.0001
tool.artifact,asian,13,0.0001
tool.artifact,european,13,0.0001
tool.artifact,jewish,13,0.0001
tool.artifact,venetian,13,0.0001
tool.artifact,cage,13,0.0001
tool.artifact,feeders,13,0.0001
tool.artifact,tag,13,0.0001
tool.artifact,worms,13,0.0001
tool.artifact,gilt,13,0.0001
tool.artifact,swage,13,0.0001
tool.artifact,swages,13,0.0001
tool.artifact,pendant,13,0.0001
tool.artifact,absorption,13,0.0001
tool.artifact,reverse,13,0.0001
tool.artifact,assembly,13,0.0001
tool.artifact,trails,13,0.0001
tool.artifact,memorial,13,0.0001
tool.artifact,linen,13,0.0001
tool.artifact,cave,13,0.0001
tool.artifact,inventories,13,0.0001
tool.artifact,continuous,13,0.0001
tool.artifact,dagger,13,0.0001
tool.artifact,collections,13,0.0001
tool.artifact,devotional,13,0.0001
tool.artifact,ivory,13,0.0001
tool.artifact,calipers,13,0.0001
tool.artifact,railway,13,0.0001
tool.artifact,spatula,13,0.0001
tool.artifact,servers,13,0.0001
tool.artifact,shingles,13,0.0001
tool.artifact,regional,13,0.0001
tool.artifact,status,13,0.0001
tool.artifact,plaque,13,0.0001
tool.artifact,lath,13,0.0001
tool.artifact,cape,13,0.0001
tool.artifact,bonnets,13,0.0001
tool.artifact,loop,13,0.0001
tool.artifact,traveling,13,0.0001
tool.artifact,straw,13,0.0001
tool.artifact,springs,13,0.0001
tool.artifact,winder,13,0.0001
tool.artifact,balsam,13,0.0001
tool.artifact,amber,13,0.0001
tool.artifact,brake,13,0.0001
tool.artifact,fence,13,0.0001
tool.artifact,drivers,13,0.0001
tool.artifact,bat,13,0.0001
tool.artifact,receiver,13,0.0001
tool.artifact,receivers,13,0.0001
tool.artifact,markets,13,0.0001
tool.artifact,bookcase,13,0.0001
tool.artifact,coolers,13,0.0001
tool.artifact,coaches,13,0.0001
tool.artifact,sliding,13,0.0001
tool.artifact,temples,13,0.0001
tool.artifact,quarter,13,0.0001
tool.artifact,perspectives,13,0.0001
tool.artifact,twill,13,0.0001
tool.artifact,offset,13,0.0001
tool.artifact,caster,13,0.0001
tool.artifact,counters,13,0.0001
tool.artifact,pulp,13,0.0001
tool.artifact,health,13,0.0001
tool.artifact,foundations,13,0.0001
tool.artifact,corsets,13,0.0001
tool.artifact,down,13,0.0001
tool.artifact,cannons,13,0.0001
tool.artifact,nuclear,13,0.0001
tool.artifact,pediments,13,0.0001
tool.artifact,liner,13,0.0001
tool.artifact,finger,13,0.0001
tool.artifact,faced,13,0.0001
tool.artifact,cold,13,0.0001
tool.artifact,tar,13,0.0001
tool.artifact,thermometer,13,0.0001
tool.artifact,credit,13,0.0001
tool.artifact,yard,13,0.0001
tool.artifact,access,13,0.0001
tool.artifact,globe,13,0.0001
tool.artifact,schedules,13,0.0001
tool.artifact,kitchen,13,0.0001
tool.artifact,pedestal,13,0.0001
tool.artifact,utensils,13,0.0001
tool.artifact,vats,13,0.0001
tool.artifact,watermarks,13,0.0001
tool.artifact,tribe,13,0.0001
tool.artifact,engraver,13,0.0001
tool.artifact,emergency,13,0.0001
tool.artifact,resources,13,0.0001
tool.artifact,philosophy,13,0.0001
tool.artifact,condenser,13,0.0001
tool.artifact,nations,13,0.0001
tool.artifact,lithographic,13,0.0001
tool.artifact,patent,13,0.0001
tool.artifact,rib,13,0.0001
tool.artifact,imperial,13,0.0001
tool.artifact,hard,13,0.0001
tool.artifact,show,13,0.0001
tool.artifact,maueuedapa,12,0.0001
tool.artifact,preparation,12,0.0001
tool.artifact,communication,12,0.0001
tool.artifact,operation,12,0.0001
tool.artifact,candleholders,12,0.0001
tool.artifact,party,12,0.0001
tool.artifact,length,12,0.0001
tool.artifact,depth,12,0.0001
tool.artifact,reed,12,0.0001
tool.artifact,spacecraft,12,0.0001
tool.artifact,microscopes,12,0.0001
tool.artifact,single,12,0.0001
tool.artifact,binders,12,0.0001
tool.artifact,peoples,12,0.0001
tool.artifact,robes,12,0.0001
tool.artifact,ramps,12,0.0001
tool.artifact,armament,12,0.0001
tool.artifact,resins,12,0.0001
tool.artifact,emission,12,0.0001
tool.artifact,facet,12,0.0001
tool.artifact,inserts,12,0.0001
tool.artifact,sale,12,0.0001
tool.artifact,reading,12,0.0001
tool.artifact,east,12,0.0001
tool.artifact,lakes,12,0.0001
tool.artifact,fine,12,0.0001
tool.artifact,lands,12,0.0001
tool.artifact,bellows,12,0.0001
tool.artifact,indoor,12,0.0001
tool.artifact,ports,12,0.0001
tool.artifact,coastal,12,0.0001
tool.artifact,native,12,0.0001
tool.artifact,paints,12,0.0001
tool.artifact,pouches,12,0.0001
tool.artifact,zithers,12,0.0001
tool.artifact,canopies,12,0.0001
tool.artifact,date,12,0.0001
tool.artifact,impact,12,0.0001
tool.artifact,british,12,0.0001
tool.artifact,spirits,12,0.0001
tool.artifact,reamer,12,0.0001
tool.artifact,reamers,12,0.0001
tool.artifact,stalls,12,0.0001
tool.artifact,whip,12,0.0001
tool.artifact,announcements,12,0.0001
tool.artifact,decorations,12,0.0001
tool.artifact,guinea,12,0.0001
tool.artifact,underwater,12,0.0001
tool.artifact,contract,12,0.0001
tool.artifact,daggers,12,0.0001
tool.artifact,small,12,0.0001
tool.artifact,soft,12,0.0001
tool.artifact,fly,12,0.0001
tool.artifact,pearl,12,0.0001
tool.artifact,satellites,12,0.0001
tool.artifact,metalworker,12,0.0001
tool.artifact,spatulas,12,0.0001
tool.artifact,enamel,12,0.0001
tool.artifact,poster,12,0.0001
tool.artifact,prices,12,0.0001
tool.artifact,galleries,12,0.0001
tool.artifact,taper,12,0.0001
tool.artifact,manuscript,12,0.0001
tool.artifact,manuscripts,12,0.0001
tool.artifact,closed,12,0.0001
tool.artifact,drawknife,12,0.0001
tool.artifact,drawknives,12,0.0001
tool.artifact,dust,12,0.0001
tool.artifact,gift,12,0.0001
tool.artifact,amphora,12,0.0001
tool.artifact,brakes,12,0.0001
tool.artifact,masters,12,0.0001
tool.artifact,hydroxide,12,0.0001
tool.artifact,header,12,0.0001
tool.artifact,towels,12,0.0001
tool.artifact,sinks,12,0.0001
tool.artifact,pitcher,12,0.0001
tool.artifact,pitchers,12,0.0001
tool.artifact,walking,12,0.0001
tool.artifact,trimmers,12,0.0001
tool.artifact,kraters,12,0.0001
tool.artifact,anvils,12,0.0001
tool.artifact,bottom,12,0.0001
tool.artifact,tissue,12,0.0001
tool.artifact,transparencies,12,0.0001
tool.artifact,tax,12,0.0001
tool.artifact,firing,12,0.0001
tool.artifact,marbles,12,0.0001
tool.artifact,pictorial,12,0.0001
tool.artifact,fittings,12,0.0001
tool.artifact,spades,12,0.0001
tool.artifact,worker's,12,0.0001
tool.artifact,pale,12,0.0001
tool.artifact,measuring,12,0.0001
tool.artifact,automobile,12,0.0001
tool.artifact,part,12,0.0001
tool.artifact,extractor,12,0.0001
tool.artifact,christening,12,0.0001
tool.artifact,mount,12,0.0001
tool.artifact,console,12,0.0001
tool.artifact,standing,12,0.0001
tool.artifact,musical,12,0.0001
tool.artifact,alarm,12,0.0001
tool.artifact,corinthian,12,0.0001
tool.artifact,mound,12,0.0001
tool.artifact,struck,12,0.0001
tool.artifact,security,12,0.0001
tool.artifact,underground,12,0.0001
tool.artifact,fluid,12,0.0001
tool.artifact,stop,12,0.0001
tool.artifact,rulers,12,0.0001
tool.artifact,lifter,12,0.0001
tool.artifact,server,12,0.0001
tool.artifact,photonegatives,12,0.0001
tool.artifact,watermark,12,0.0001
tool.artifact,cursive,12,0.0001
tool.artifact,port,12,0.0001
tool.artifact,dioxide,12,0.0001
tool.artifact,polymer,12,0.0001
tool.artifact,reader,12,0.0001
tool.artifact,readers,12,0.0001
tool.artifact,signal,12,0.0001
tool.artifact,straps,12,0.0001
tool.artifact,rig,12,0.0001
tool.artifact,online,12,0.0001
tool.artifact,burial,12,0.0001
tool.artifact,reinforced,12,0.0001
tool.artifact,slag,12,0.0001
tool.artifact,generators,12,0.0001
tool.artifact,morocco,12,0.0001
tool.artifact,mounted,12,0.0001
tool.artifact,corn,12,0.0001
tool.artifact,gravity,12,0.0001
tool.artifact,archives,12,0.0001
tool.artifact,flags,12,0.0001
tool.artifact,coast,12,0.0001
tool.artifact,territories,12,0.0001
tool.artifact,manuals,12,0.0001
tool.artifact,uniform,12,0.0001
tool.artifact,fiddle,12,0.0001
tool.artifact,deities,12,0.0001
tool.artifact,copying,12,0.0001
tool.artifact,finish,12,0.0001
tool.artifact,projects,12,0.0001
tool.artifact,toe,12,0.0001
tool.artifact,infrared,12,0.0001
tool.artifact,puppets,12,0.0001
tool.artifact,blown,12,0.0001
tool.artifact,zukuri,12,0.0001
tool.artifact,goat,12,0.0001
tool.artifact,bicycles,12,0.0001
tool.artifact,blinds,12,0.0001
tool.artifact,dahomey,12,0.0001
verb.body,out,35,0.2465
verb.body,down,16,0.1127
verb.body,off,12,0.0845
verb.change,out,78,0.2173
verb.change,off,42,0.1170
verb.change,down,41,0.1142
verb.change,away,18,0.0501
verb.change,over,12,0.0334
verb.cognition,out,37,0.2342
verb.cognition,over,12,0.0759
verb.communication,out,60,0.1893
verb.communication,off,32,0.1009
verb.communication,down,21,0.0662
verb.competition,out,15,0.1376
verb.competition,off,14,0.1284
verb.consumption,out,16,0.2353
verb.contact,out,68,0.1994
verb.contact,off,61,0.1789
verb.contact,down,32,0.0938
verb.contact,away,20,0.0587
verb.contact,over,13,0.0381
verb.creation,out,24,0.2105
verb.creation,off,14,0.1228
verb.emotion,down,12,0.1263
verb.motion,out,53,0.1342
verb.motion,off,37,0.0937
verb.motion,down,36,0.0911
verb.motion,around,24,0.0608
verb.motion,over,21,0.0532
verb.motion,away,20,0.0506
verb.motion,back,16,0.0405
verb.motion,along,12,0.0304
verb.perception,out,21,0.2500
verb.possession,out,41,0.2398
verb.possession,off,19,0.1111
verb.possession,away,16,0.0936
verb.social,out,43,0.1433
verb.social,off,25,0.0833
verb.social,down,18,0.0600
verb.social,over,13,0.0433
verb.stative,out,33,0.1964
verb.stative,off,15,0.0893
verb.stative,around,13,0.0774
