domain,meaning,word,source
other,absorb,zub,by hand
other,abstract,habz,by hand
other,accept,kedj,by hand
other,actual,txul,by hand
math,add,lax,by hand
time,after,ret,by hand
other,age,hedj,by hand
other,aggregate,kan,by hand
other,agree,kek,by hand
other,ahead,hord,by hand
other,air,les,by hand
other,algorithm,riC,by hand
other,align,mok,by hand
number,all,kol,by hand
relate,also,soz,by hand
other,ancient,xant,by hand
relate,and,kon,by hand
animal,animal,zul,by hand
other,any,nark,by hand
other,apart,prat,by hand
other,appear,fleC,by hand
shape,arc,hark,by hand
other,as,naz,by hand
other,ash,prax,by hand
speak,ask,xask,by hand
other,asleep,sip,by hand
other,aspect,vas,by hand
other,at,hat,by hand
other,atom,tom,by hand
other,attach,totx,by hand
other,average,vraj,by hand
other,avoid,vord,by hand
other,awake,bud,by hand
other,aware,dub,by hand
place,away,yad,by hand
shape,axis,vov,by hand
people,baby,beb,by hand
body,back,gok,by hand
other,bacteria,brak,by hand
quality,bad,fut,by hand
other,bait,blet,by hand
other,ball,bral,by hand
other,base,bes,by hand
being,be,baq,by hand
other,beak,bruk,by hand
other,beam,blim,by hand
animal,beast,bist,by hand
flow,beat,bit,by hand
other,beauty,bat,by hand
relate,because,tuz,by hand
time,before,tor,by hand
do,bend,bend,by hand
other,beside,sadj,by hand
place,between,tin,by hand
quality,big,brat,by hand
animal,bird,bax,by hand
other,bit,vic,by hand
other,bite,bed,by hand
other,black,vog,by hand
body,blood,bloC,by hand
other,bloom,blum,by hand
other,blow,blof,by hand
other,blue,bul,by hand
other,blur,blor,by hand
other,boat,bot,by hand
body,body,vat,by hand
other,bond,nuq,by hand
body,bone,brod,by hand
other,borrow,fup,by hand
place,bottom,kis,by hand
other,boundary,bund,by hand
thing,box,braz,by hand
other,braid,bred,by hand
body,brain,bren,by hand
nature,branch,lum,by hand
other,brave,brev,by hand
other,brief,brif,by hand
do,bring,briq,by hand
other,brown,cov,by hand
other,bump,bamp,by hand
other,burp,borp,by hand
other,burst,bust,by hand
relate,but,ket,by hand
other,buzz,bruz,by hand
other,by,baC,by hand
other,cake,krek,by hand
speak,call,kar,by hand
feel,calm,kam,by hand
other,camp,kamp,by hand
prime,can,kard,by hand
world,care,kriq,by hand
other,cast,kast,by hand
animal,cat,klat,by hand
move,catch,vuc,by hand
being,cause,kaz,by hand
other,cave,kliv,by hand
other,cease,skoq,by hand
place,center,nav,by hand
other,certain,sart,by hand
other,chain,lip,by hand
being,change,xun,by hand
other,chase,txes,by hand
other,check,txak,by hand
other,chew,txut,by hand
people,child,gag,by hand
other,chip,txap,by hand
mind,choose,txuz,by hand
thing,circle,salk,by hand
other,claim,klem,by hand
animal,claw,klan,by hand
sense,clean,klin,by hand
other,click,klek,by hand
move,climb,kim,by hand
other,clock,klak,by hand
other,close,kloz,by hand
nature,cloud,klad,by hand
other,clue,kuf,by hand
make,code,kod,by hand
sense,cold,kold,by hand
other,collect,lek,by hand
other,color,klor,by hand
other,column,zolt,by hand
move,come,gum,by hand
other,comfort,kraf,by hand
other,command,kand,by hand
other,communicate,ken,by hand
other,community,klun,by hand
quality,complex,fluz,by hand
shape,cone,korb,by hand
other,connect,dib,by hand
other,conscious,tiv,by hand
math,constant,kus,by hand
other,content,dad,by hand
being,continue,sef,by hand
other,copper,rov,by hand
make,copy,xok,by hand
number,count,jaq,by hand
other,cover,kov,by hand
animal,cow,vaqk,by hand
other,crack,krak,by hand
other,crash,krax,by hand
other,crave,krev,by hand
other,create,bam,by hand
other,credit,kred,by hand
other,cross,kras,by hand
shape,cube,kub,by hand
other,cue,klum,by hand
other,curl,kork,by hand
thing,curve,kurv,by hand
other,cute,klut,by hand
flow,cycle,rol,by hand
sense,dark,ram,by hand
other,data,vuq,by hand
time,day,yam,by hand
other,deal,djat,by hand
being,death,dac,by hand
other,decimal,brob,by hand
other,deed,did,by hand
other,define,dif,by hand
other,definite,dref,by hand
other,degree,drig,by hand
other,delete,dul,by hand
other,deliver,dolv,by hand
other,deny,diqk,by hand
other,describe,sab,by hand
other,desert,dors,by hand
other,desk,dask,by hand
other,destroy,xiv,by hand
other,device,fon,by hand
other,difficult,skut,by hand
other,digit,jit,by hand
other,dimension,pat,by hand
other,direction,drix,by hand
other,dirt,dort,by hand
other,discover,disk,by hand
other,dissolve,zalv,by hand
math,divide,kuv,by hand
other,divine,dav,by hand
do,do,duz,by hand
animal,dog,dag,by hand
thing,door,dor,by hand
mind,doubt,dolt,by hand
place,down,dot,by hand
other,drag,dreg,by hand
mind,dream,drim,by hand
do,drink,dug,by hand
other,drive,div,by hand
other,drool,drul,by hand
move,drop,drap,by hand
other,drug,som,by hand
other,drum,drum,by hand
sense,dry,dral,by hand
other,duration,huz,by hand
number,each,sof,by hand
other,east,rog,by hand
do,eat,gab,by hand
place,edge,padj,by hand
other,edit,reg,by hand
being,effect,zak,by hand
number,eight,fet,by hand
other,elbow,holv,by hand
other,element,larg,by hand
other,else,fos,by hand
other,emotion,tuc,by hand
quality,empty,nuv,by hand
being,end,guv,by hand
other,energy,bup,by hand
move,enter,droz,by hand
other,environment,ron,by hand
other,era,har,by hand
other,error,lob,by hand
other,event,hap,by hand
other,ever,vorb,by hand
number,every,hez,by hand
other,evolve,valv,by hand
other,except,Coz,by hand
other,excuse,skuz,by hand
being,exist,wav,by hand
move,exit,zord,by hand
other,experience,zus,by hand
other,explore,hask,by hand
other,express,ris,by hand
body,eye,xic,by hand
body,face,fes,by hand
other,fail,fur,by hand
other,fake,fek,by hand
move,fall,zur,by hand
quality,false,rot,by hand
social,family,fam,by hand
time,fast,fast,by hand
spirit,fate,driv,by hand
people,father,bab,by hand
mind,fear,froC,by hand
other,feature,sarz,by hand
other,female,fim,by hand
number,few,flun,by hand
social,fight,flet,by hand
other,filter,vek,by hand
other,find,fan,by hand
nature,fire,for,by hand
animal,fish,frix,by hand
number,five,kom,by hand
other,flame,flem,by hand
thing,flat,flat,by hand
other,flesh,flax,by hand
other,flex,vus,by hand
other,flip,flip,by hand
other,float,flot,by hand
nature,flower,flor,by hand
other,fluid,flud,by hand
mind,focus,kat,by hand
other,fog,farg,by hand
do,fold,fold,by hand
move,follow,darb,by hand
body,foot,gral,by hand
world,force,ros,by hand
nature,forest,varz,by hand
mind,forget,nul,by hand
other,fort,fort,by hand
number,four,laf,by hand
other,frame,fret,by hand
quality,free,pod,by hand
other,freeze,friz,by hand
other,fresh,frax,by hand
people,friend,dud,by hand
other,frog,ran,by hand
place,front,keg,by hand
nature,fruit,mag,by hand
other,fuel,ful,by hand
math,function,fuq,by hand
other,fund,fand,by hand
other,gain,zig,by hand
other,game,gem,by hand
other,garden,gan,by hand
other,gate,glet,by hand
flow,gather,gaC,by hand
other,gene,djin,by hand
do,get,cit,by hand
other,ghost,gost,by hand
do,give,gif,by hand
other,glide,glan,by hand
other,glove,glav,by hand
other,glow,flok,by hand
move,go,big,by hand
other,goal,gol,by hand
animal,goat,glot,by hand
spirit,god,gad,by hand
quality,good,taf,by hand
other,grape,grep,by hand
other,graph,zip,by hand
nature,grass,gras,by hand
other,great,mac,by hand
other,green,pes,by hand
shape,grid,grad,by hand
other,grieve,griv,by hand
people,group,hip,by hand
being,grow,grun,by hand
mind,guess,gres,by hand
world,guest,gest,by hand
other,guide,gib,by hand
feel,guilt,galt,by hand
body,gut,gut,by hand
body,hand,zeqk,by hand
other,handle,huv,by hand
other,hang,heq,by hand
other,harm,drak,by hand
world,harmony,maq,by hand
social,have,haz,by hand
body,head,had,by hand
other,heat,hit,by hand
spirit,hell,nuj,by hand
other,hello,grit,by hand
place,here,doz,by hand
other,hide,hud,by hand
other,high,mol,by hand
other,hint,hint,by hand
do,hold,hoq,by hand
thing,hole,hatx,by hand
social,home,hom,by hand
make,hook,huk,by hand
other,hop,flap,by hand
mind,hope,hop,by hand
animal,horse,hors,by hand
time,hour,hek,by hand
other,how,hal,by hand
other,human,dram,by hand
other,hunger,huqk,by hand
other,hunt,hant,by hand
nature,ice,hals,by hand
mind,idea,miv,by hand
other,identity,zut,by hand
relate,if,kiz,by hand
make,image,madj,by hand
mind,imagine,xip,by hand
place,in,ras,by hand
other,individual,pip,by hand
other,infinite,git,by hand
other,information,vit,by hand
other,insect,bag,by hand
other,install,stom,by hand
other,intense,biz,by hand
other,intent,kiv,by hand
other,interest,tris,by hand
other,issue,grap,by hand
other,it,vax,by hand
other,itch,hutx,by hand
other,jam,djam,by hand
other,jaw,grac,by hand
other,jewel,djul,by hand
social,job,goq,by hand
other,joke,djok,by hand
feel,joy,djaz,by hand
other,juice,djus,by hand
other,justice,djas,by hand
do,keep,karp,by hand
other,key,cux,by hand
other,kick,kik,by hand
do,kill,klub,by hand
other,knit,net,by hand
other,knock,nak,by hand
mind,know,num,by hand
other,knowledge,nadj,by hand
social,lack,laks,by hand
social,land,lan,by hand
speak,language,gar,by hand
other,larva,larv,by hand
other,last,last,by hand
other,laugh,laft,by hand
other,lay,gled,by hand
move,lead,lid,by hand
nature,leaf,lif,by hand
mind,learn,lin,by hand
other,leave,lurv,by hand
place,left,bep,by hand
body,leg,legz,by hand
other,let,lart,by hand
spirit,lie,zav,by hand
other,life,cad,by hand
sense,light,lit,by hand
feel,like,lak,by hand
other,limp,limp,by hand
relate,link,lik,by hand
animal,lion,groq,by hand
body,lip,glip,by hand
other,liquid,krid,by hand
other,list,list,by hand
sense,listen,nix,by hand
other,lizard,zart,by hand
other,load,lod,by hand
other,loan,lon,by hand
other,local,ruv,by hand
other,location,ruk,by hand
time,long,nuc,by hand
sense,look,luk,by hand
flow,loop,lup,by hand
other,loose,txot,by hand
other,lord,lor,by hand
other,lose,guz,by hand
feel,love,lav,by hand
other,low,lem,by hand
make,machine,xin,by hand
spirit,magic,gim,by hand
other,magnet,namp,by hand
other,main,men,by hand
do,make,mek,by hand
other,male,maf,by hand
number,many,mav,by hand
other,mask,mask,by hand
other,mass,mars,by hand
other,master,pik,by hand
other,mate,ment,by hand
other,maximum,maks,by hand
prime,maybe,morv,by hand
other,measure,yaj,by hand
other,meat,mak,by hand
other,meditate,tam,by hand
other,medium,sit,by hand
other,meet,mit,by hand
other,member,mast,by hand
other,memory,guj,by hand
world,mercy,mus,by hand
other,message,muj,by hand
thing,metal,malt,by hand
place,middle,mad,by hand
mind,mind,man,by hand
other,mine,meq,by hand
other,minimum,skim,by hand
other,minute,duk,by hand
other,mirror,flek,by hand
other,mix,miks,by hand
other,mode,mod,by hand
make,model,mej,by hand
other,molecule,mal,by hand
animal,monkey,maqk,by hand
other,month,mes,by hand
other,mood,mud,by hand
nature,moon,lun,by hand
people,mother,mam,by hand
other,motion,miq,by hand
nature,mountain,mot,by hand
body,mouth,muc,by hand
move,move,muv,by hand
other,mud,cat,by hand
math,multiply,vak,by hand
other,my,slur,by hand
other,mystery,sod,by hand
speak,name,nam,by hand
other,nature,nep,by hand
mind,need,nid,by hand
body,nerve,nurv,by hand
animal,nest,nas,by hand
other,network,mix,by hand
other,neutral,nal,by hand
time,new,gump,by hand
other,next,fid,by hand
other,nice,nes,by hand
time,night,yit,by hand
other,no,nop,by hand
other,node,krag,by hand
other,nor,nork,by hand
other,north,yin,by hand
body,nose,noz,by hand
other,note,not,by hand
other,nothing,him,by hand
time,now,xom,by hand
other,nucleus,klis,by hand
number,number,dis,by hand
thing,object,kaq,by hand
other,observe,suv,by hand
nature,ocean,vrun,by hand
other,of,yov,by hand
other,off,nev,by hand
other,okay,hok,by hand
time,old,marg,by hand
other,on,vun,by hand
number,one,zan,by hand
other,opaque,prik,by hand
do,open,zark,by hand
relate,or,xat,by hand
other,orange,dej,by hand
other,orbit,brit,by hand
social,order,nord,by hand
other,our,bliz,by hand
other,output,bip,by hand
other,over,djip,by hand
other,package,pak,by hand
other,pain,muz,by hand
other,paint,pent,by hand
people,parent,sas,by hand
number,part,part,by hand
other,particle,rav,by hand
other,paste,pest,by hand
other,patch,patx,by hand
other,path,pac,by hand
make,pattern,jom,by hand
social,pay,peq,by hand
social,peace,siz,by hand
other,per,pork,by hand
other,perceive,siv,by hand
other,perfect,kax,by hand
other,permanent,yaq,by hand
other,perpendicular,parp,by hand
people,person,nar,by hand
other,physical,dak,by hand
other,pick,pruk,by hand
animal,pig,prag,by hand
make,plan,plan,by hand
other,planet,glob,by hand
other,plate,plet,by hand
other,please,pliz,by hand
other,pleasure,zim,by hand
other,pod,pard,by hand
thing,point,leC,by hand
other,poison,borz,by hand
other,poop,plup,by hand
quality,poor,por,by hand
other,position,giz,by hand
other,positive,mid,by hand
other,possess,gaz,by hand
spirit,pray,pam,by hand
other,precious,prex,by hand
other,presence,zaq,by hand
other,preserve,vix,by hand
other,pressure,pres,by hand
other,private,boz,by hand
other,prize,praz,by hand
other,probable,prab,by hand
other,problem,woz,by hand
other,process,kix,by hand
other,progress,reC,by hand
math,prove,pruv,by hand
other,provide,xit,by hand
other,public,zab,by hand
other,puff,porf,by hand
move,pull,pul,by hand
other,pure,pit,by hand
other,purple,sif,by hand
move,push,lep,by hand
do,put,drad,by hand
other,question,luq,by hand
other,quick,klok,by hand
sense,quiet,xud,by hand
other,raft,raft,by hand
nature,rain,ren,by hand
other,range,raj,by hand
world,rank,reqk,by hand
other,rare,rar,by hand
other,raw,ral,by hand
speak,read,rid,by hand
other,real,lam,by hand
mind,reason,sog,by hand
other,receive,kab,by hand
other,rectangle,baks,by hand
other,red,gic,by hand
other,reduce,dus,by hand
other,reference,raf,by hand
other,refuge,fuj,by hand
other,reject,djek,by hand
other,repeat,vav,by hand
other,reptile,tarz,by hand
other,request,piq,by hand
other,resist,zist,by hand
other,respect,spek,by hand
other,response,paq,by hand
other,result,xen,by hand
other,return,xuv,by hand
other,reveal,vex,by hand
flow,rhythm,raC,by hand
quality,rich,rip,by hand
other,ride,rab,by hand
place,right,pob,by hand
move,rise,riz,by hand
other,risk,risk,by hand
nature,river,narv,by hand
nature,rock,rak,by hand
other,row,grum,by hand
other,rub,gruv,by hand
move,run,rin,by hand
feel,sad,stud,by hand
quality,safe,stef,by hand
other,sail,fras,by hand
nature,sand,sand,by hand
do,save,sev,by hand
other,scale,skal,by hand
other,scare,skur,by hand
other,scheme,skum,by hand
other,school,skul,by hand
other,scoop,skup,by hand
other,scope,kop,by hand
other,score,skor,by hand
other,secret,kret,by hand
sense,see,vis,by hand
nature,seed,sid,by hand
other,seek,sik,by hand
do,send,bak,by hand
sense,sense,zox,by hand
relate,separate,nub,by hand
other,settle,vret,by hand
number,seven,xab,by hand
social,share,xal,by hand
other,shell,txal,by hand
other,shift,xift,by hand
other,ship,xup,by hand
speak,shout,xut,by hand
other,show,xol,by hand
other,sibling,tat,by hand
place,side,sard,by hand
make,sign,saqk,by hand
other,signal,tet,by hand
other,silver,sav,by hand
quality,simple,briz,by hand
spirit,sin,von,by hand
number,six,vip,by hand
body,skin,skin,by hand
other,skip,skap,by hand
nature,sky,xum,by hand
other,sleep,slip,by hand
move,slide,slad,by hand
other,slight,slet,by hand
other,slope,slop,by hand
time,slow,slom,by hand
quality,small,smal,by hand
other,smash,smax,by hand
other,smile,smul,by hand
other,smoke,smok,by hand
animal,snake,his,by hand
other,snap,snap,by hand
other,sneak,snik,by hand
other,sneeze,txun,by hand
other,sniff,snif,by hand
nature,snow,snom,by hand
other,society,xark,by hand
sense,soft,saft,by hand
nature,soil,rit,by hand
other,solid,sold,by hand
other,solve,wiz,by hand
other,soon,slun,by hand
other,sort,yev,by hand
people,soul,sol,by hand
speak,sound,sam,by hand
other,source,mab,by hand
other,south,lut,by hand
other,space,pas,by hand
other,spec,cok,by hand
other,spectrum,trom,by hand
other,spice,spas,by hand
other,spike,spak,by hand
move,spin,spin,by hand
other,spine,span,by hand
people,spirit,jan,by hand
other,spit,spit,by hand
thing,square,skar,by hand
other,squash,skax,by hand
other,stab,stab,by hand
other,stable,tab,by hand
other,stain,sten,by hand
nature,star,star,by hand
being,start,vig,by hand
other,state,dom,by hand
other,status,stet,by hand
other,steam,stim,by hand
other,step,tip,by hand
other,stomach,stok,by hand
other,storage,stoj,by hand
other,store,sut,by hand
thing,straight,ric,by hand
other,structure,tok,by hand
thing,stuff,staf,by hand
other,stupid,stup,by hand
math,subtract,xul,by hand
other,success,ref,by hand
other,such,satx,by hand
nature,sun,san,by hand
other,sure,xort,by hand
thing,surface,sorf,by hand
other,swap,solp,by hand
sense,sweet,skit,by hand
move,swim,wum,by hand
move,swing,slid,by hand
make,symbol,mar,by hand
other,symmetry,matx,by hand
other,sync,gin,by hand
other,system,wux,by hand
animal,tail,tad,by hand
do,take,tek,by hand
speak,talk,tak,by hand
other,tall,tals,by hand
other,target,bim,by hand
other,task,tos,by hand
sense,taste,test,by hand
mind,teach,titx,by hand
people,team,tim,by hand
other,teen,txin,by hand
speak,tell,tal,by hand
other,temperature,tamp,by hand
other,term,tod,by hand
other,test,tas,by hand
other,text,tox,by hand
other,thank,cak,by hand
other,the,dan,by hand
time,then,cam,by hand
other,theory,ledj,by hand
other,therefore,sliC,by hand
mind,think,ciqk,by hand
other,thirst,host,by hand
prime,this,rug,by hand
number,three,suC,by hand
move,throw,jet,by hand
other,thus,Cas,by hand
other,tight,trat,by hand
time,time,kal,by hand
other,tissue,txum,by hand
other,tone,kup,by hand
body,tongue,taq,by hand
other,too,gal,by hand
thing,tool,tul,by hand
body,tooth,cutx,by hand
place,top,suk,by hand
sense,touch,tatx,by hand
other,toy,taqk,by hand
other,trace,tres,by hand
social,trade,tred,by hand
other,trait,tret,by hand
other,transition,Con,by hand
other,trap,trap,by hand
other,treasure,trij,by hand
nature,tree,dip,by hand
shape,triangle,traq,by hand
other,tribe,trab,by hand
other,trick,trik,by hand
do,try,zok,by hand
other,tube,tub,by hand
other,tune,kip,by hand
other,twelve,mop,by hand
number,two,dob,by hand
other,type,tuq,by hand
other,under,bet,by hand
mind,understand,das,by hand
other,universe,jul,by hand
place,up,ted,by hand
other,upon,pand,by hand
other,urge,hum,by hand
do,use,yuz,by hand
other,value,val,by hand
math,variable,var,by hand
other,vegetable,vedj,by hand
other,vehicle,yan,by hand
other,verify,vurf,by hand
other,vessel,ves,by hand
other,via,vul,by hand
other,vibe,vab,by hand
other,view,yuv,by hand
other,visit,vist,by hand
speak,voice,voz,by hand
world,void,vod,by hand
other,vote,vot,by hand
other,wait,wet,by hand
move,walk,wak,by hand
mind,want,want,by hand
sense,warm,wem,by hand
do,wash,sax,by hand
sense,watch,watx,by hand
nature,water,waC,by hand
flow,wave,wev,by hand
world,way,yat,by hand
other,we,bib,by hand
quality,weak,slok,by hand
other,wear,war,by hand
other,weave,worv,by hand
other,week,wek,by hand
other,west,web,by hand
other,what,wut,by hand
prime,where,zuk,by hand
other,which,wetx,by hand
other,while,wal,by hand
other,white,wip,by hand
other,who,miqk,by hand
number,whole,hol,by hand
other,why,wan,by hand
other,wild,wald,by hand
other,will,xiq,by hand
animal,wing,wiq,by hand
other,wish,slix,by hand
relate,without,Cev,by hand
animal,wolf,wolf,by hand
thing,wood,vriC,by hand
other,wool,laqk,by hand
speak,word,dat,by hand
do,work,wark,by hand
other,world,wold,by hand
other,wrap,rap,by hand
speak,write,rat,by hand
quality,wrong,raq,by hand
time,year,yar,by hand
other,yell,yol,by hand
other,yellow,bux,by hand
other,yes,pan,by hand
relate,yet,yut,by hand
prime,you,dim,by hand
number,zero,han,by hand
other,zone,zon,by hand
other,antenna,got,by hand
animal,ape,heps,by hand
other,appendage,dedj,by hand
other,assert,sur,by hand
other,bang,beq,by hand
other,barb,barb,by hand
other,beep,brip,by hand
other,blob,blab,by hand
other,boom,bum,by hand
other,brow,brol,by hand
other,chime,xam,by hand
other,clone,kep,by hand
other,compassion,plas,by hand
other,default,kof,by hand
other,discern,sark,by hand
other,discipline,plin,by hand
other,dynamic,dez,by hand
shape,ellipse,tiz,by hand
other,elm,hald,by hand
other,embed,nust,by hand
other,emerge,moj,by hand
other,emphasize,saz,by hand
other,eternal,xax,by hand
math,exponent,gul,by hand
other,glyph,run,by hand
other,hash,moz,by hand
other,heed,hut,by hand
other,hey,hem,by hand
other,hiss,fris,by hand
other,hmm,ham,by hand
world,illusion,hun,by hand
other,insight,vram,by hand
other,intuition,tux,by hand
other,inverse,wis,by hand
other,membrane,broq,by hand
other,mmm,muq,by hand
nature,moss,magz,by hand
other,orient,lij,by hand
other,permeate,pim,by hand
other,prime,bast,by hand
shape,radius,drus,by hand
other,realm,rum,by hand
other,resonate,raz,by hand
nature,rose,roz,by hand
other,saturate,txor,by hand
other,simulate,liq,by hand
other,slug,slog,by hand
other,submit,slim,by hand
other,uh,huq,by hand
other,vast,vast,by hand
other,wow,wol,by hand
other word,a,mon,laid out
other word,about,noq,laid out
other word,ago,gud,laid out
other word,ah,deb,laid out
other word,aha,bop,laid out
other word,alas,pet,laid out
other word,although,tik,laid out
other word,another,kos,laid out
other word,bravo,hos,laid out
other word,during,suz,laid out
other word,either,zuv,laid out
other word,fig,vef,laid out
other word,for,fex,laid out
other word,from,xuj,laid out
other word,hooray,joC,laid out
other word,huh,Cor,laid out
other word,hundred,cor,laid out
other word,into,yomp,laid out
other word,million,rump,laid out
other word,neither,lent,laid out
other word,non,wend,laid out
other word,oh,muqk,laid out
other word,onto,nolp,laid out
other word,oops,golb,laid out
other word,ouch,dolf,laid out
other word,ow,bolv,laid out
other word,phew,puls,laid out
other word,plenty,tolz,laid out
other word,several,kolz,laid out
other word,shh,hult,laid out
other word,shoot,solc,laid out
other word,since,zold,laid out
other word,than,volk,laid out
other word,that,forp,laid out
other word,these,xurb,laid out
other word,those,jorf,laid out
other word,though,Corv,laid out
other word,thousand,curs,laid out
other word,till,yorz,laid out
other word,to,rift,laid out
other word,today,lord,laid out
other word,tomorrow,work,laid out
other word,trillion,murg,laid out
other word,ugh,neft,laid out
other word,unless,geft,laid out
other word,until,dups,laid out
other word,well,boks,laid out
other word,whether,piks,laid out
other word,whoa,tibz,laid out
other word,within,kobz,laid out
other word,yay,hugz,laid out
other word,yesterday,sidj,laid out
other word,yuck,zedj,laid out
other verb,abandon,mig,laid out
other verb,abort,neq,laid out
other verb,accelerate,gid,laid out
other verb,accent,dab,laid out
other verb,access,bap,laid out
other verb,accommodate,puk,laid out
other verb,accompany,tuk,laid out
other verb,accord,kas,laid out
other verb,account,hus,laid out
other verb,accumulate,sov,laid out
other verb,accuse,ziv,laid out
other verb,ache,vif,laid out
other verb,achieve,fox,laid out
other verb,acquire,xij,laid out
other verb,act,jiC,laid out
other verb,adapt,Cur,laid out
other verb,address,cur,laid out
other verb,adjust,yimp,laid out
other verb,administer,rimp,laid out
other verb,admit,lont,laid out
other verb,adopt,wind,laid out
other verb,advance,moqk,laid out
other verb,advise,nulp,laid out
other verb,affect,gulb,laid out
other verb,affix,dulf,laid out
other verb,afford,bulv,laid out
other verb,agitated,pols,laid out
other verb,aid,tulz,laid out
other verb,aim,kulz,laid out
other verb,allocate,holt,laid out
other verb,allow,sulc,laid out
other verb,alter,zuld,laid out
other verb,amaze,vulk,laid out
other verb,amuse,furp,laid out
other verb,analyze,xorb,laid out
other verb,anchor,jurf,laid out
other verb,anger,Curv,laid out
other verb,animate,cors,laid out
other verb,anneal,yurz,laid out
other verb,announce,roft,laid out
other verb,annoy,lurd,laid out
other verb,anticipate,wurk,laid out
other verb,apply,morg,laid out
other verb,appoint,nift,laid out
other verb,appreciate,gift,laid out
other verb,approach,dips,laid out
other verb,approve,biks,laid out
other verb,arch,poks,laid out
other verb,archive,tobz,laid out
other verb,argue,kibz,laid out
other verb,arouse,higz,laid out
other verb,arrange,sodj,laid out
other verb,arrive,zidj,laid out
other verb,ascend,vitx,laid out
other verb,assail,fodz,laid out
other verb,assemble,xisk,laid out
other verb,assign,jisp,laid out
other verb,assimilate,Cost,laid out
other verb,associate,cum,laid out
other verb,assume,yim,laid out
other verb,attack,rem,laid out
other verb,attempt,lim,laid out
other verb,attend,wam,laid out
other verb,attest,meg,laid out
other verb,attract,nim,laid out
other verb,attribute,glik,laid out
other verb,await,djis,laid out
other verb,award,bem,laid out
other verb,bake,prev,laid out
other verb,ban,truf,laid out
other verb,band,kem,laid out
other verb,bank,hon,laid out
other verb,bar,skiC,laid out
other verb,bargain,zam,laid out
other verb,bathe,vum,laid out
other verb,battle,fem,laid out
other verb,beg,xem,laid out
other verb,behave,jum,laid out
other verb,benefit,Com,laid out
other verb,bet,cim,laid out
other verb,betray,yom,laid out
other verb,bewilder,roq,laid out
other verb,bias,loq,laid out
other verb,bid,weg,laid out
other verb,blame,med,laid out
other verb,blast,nib,laid out
other verb,bleed,gop,laid out
other verb,blend,dit,laid out
other verb,blink,bik,laid out
other verb,bloat,pos,laid out
other verb,block,tez,laid out
other verb,board,kev,laid out
other verb,boast,hef,laid out
other verb,bog,sux,laid out
other verb,boil,zoj,laid out
other verb,bomb,viC,laid out
other verb,book,fic,laid out
other verb,boot,xor,laid out
other verb,border,jol,laid out
other verb,bore,Cemp,laid out
other verb,born,cent,laid out
other verb,bottle,yund,laid out
other verb,bounce,roqk,laid out
other verb,brake,lorp,laid out
other verb,brand,wolb,laid out
other verb,breathe,molf,laid out
other verb,breed,nulv,laid out
other verb,bribe,gols,laid out
other verb,bridge,dolz,laid out
other verb,bruise,bulz,laid out
other verb,brush,polt,laid out
other verb,bubble,tolc,laid out
other verb,buckle,kuld,laid out
other verb,bud,holk,laid out
other verb,buffer,surp,laid out
other verb,bulk,zorb,laid out
other verb,bully,vorf,laid out
other verb,bundle,furv,laid out
other verb,burden,xors,laid out
other verb,burn,jorz,laid out
other verb,bury,Cort,laid out
other verb,cage,cord,laid out
other verb,calculate,yurk,laid out
other verb,calibrate,reft,laid out
other verb,cancel,left,laid out
other verb,cannot,wuft,laid out
other verb,cap,mops,laid out
other verb,capture,noks,laid out
other verb,carve,giks,laid out
other verb,catalog,dobz,laid out
other verb,caulk,bugz,laid out
other verb,caution,pegz,laid out
other verb,celebrate,tedj,laid out
other verb,chair,kudj,laid out
other verb,challenge,hotx,laid out
other verb,channel,sidz,laid out
other verb,chant,zisk,laid out
other verb,charge,vosp,laid out
other verb,charm,fust,laid out
other verb,chart,xon,laid out
other verb,cheat,jem,laid out
other verb,cheer,Cum,laid out
other verb,chop,com,laid out
other verb,chute,yum,laid out
other verb,circulate,rim,laid out
other verb,circumvent,len,laid out
other verb,clap,won,laid out
other verb,cling,meb,laid out
other verb,clip,nem,laid out
other verb,club,gom,laid out
other verb,coat,djor,laid out
other verb,coerce,bom,laid out
other verb,coincide,pin,laid out
other verb,collaborate,txon,laid out
other verb,collapse,kun,laid out
other verb,collide,hen,laid out
other verb,combat,sled,laid out
other verb,combine,zun,laid out
other verb,commit,vom,laid out
other verb,compete,fom,laid out
other verb,complain,xan,laid out
other verb,comply,jim,laid out
other verb,compose,Cun,laid out
other verb,compound,ceq,laid out
other verb,comprise,yeg,laid out
other verb,compute,rod,laid out
other verb,conceal,lib,laid out
other verb,conceive,wup,laid out
other verb,concentrate,met,laid out
other verb,concern,nok,laid out
other verb,conclude,gos,laid out
other verb,condemn,diz,laid out
other verb,condense,bev,laid out
other verb,conduct,puf,laid out
other verb,confess,tex,laid out
other verb,confirm,kij,laid out
other verb,conflict,hiC,laid out
other verb,conform,soc,laid out
other verb,confront,zor,laid out
other verb,confuse,vol,laid out
other verb,conjure,femp,laid out
other verb,conquer,xunt,laid out
other verb,consent,jond,laid out
other verb,conserve,Ciqk,laid out
other verb,consider,colp,laid out
other verb,consist,yolb,laid out
other verb,constitute,rulf,laid out
other verb,constrain,lurp,laid out
other verb,construct,wols,laid out
other verb,consume,mulz,laid out
other verb,contact,nolz,laid out
other verb,contaminate,golt,laid out
other verb,contract,dolc,laid out
other verb,contradict,buld,laid out
other verb,contrast,pulk,laid out
other verb,contribute,turp,laid out
other verb,control,kurb,laid out
other verb,converge,hurf,laid out
other verb,convert,sorv,laid out
other verb,convey,zors,laid out
other verb,convince,vorz,laid out
other verb,convolute,furt,laid out
other verb,cooperate,xurd,laid out
other verb,coordinate,jork,laid out
other verb,cope,Corg,laid out
other verb,core,cuft,laid out
other verb,correlate,yoft,laid out
other verb,correspond,rips,laid out
other verb,corrode,liks,laid out
other verb,cost,woks,laid out
other verb,couple,mubz,laid out
other verb,court,nebz,laid out
other verb,covering,gets,laid out
other verb,crawl,duts,laid out
other verb,creep,bodj,laid out
other verb,crooked,putx,laid out
other verb,crumble,tidz,laid out
other verb,crush,kosp,laid out
other verb,cry,husp,laid out
other verb,cultivate,skez,laid out
other verb,curate,zen,laid out
other verb,cure,vruf,laid out
other verb,dam,frox,laid out
other verb,damage,xoq,laid out
other verb,dance,jam,laid out
other verb,dare,Cim,laid out
other verb,dart,cem,laid out
other verb,dash,yen,laid out
other verb,date,rom,laid out
other verb,daze,leq,laid out
other verb,dazzle,wen,laid out
other verb,debate,mib,laid out
other verb,deceive,nom,laid out
other verb,decelerate,gam,laid out
other verb,declare,djup,laid out
other verb,decline,ben,laid out
other verb,decode,pen,laid out
other verb,decorate,txus,laid out
other verb,decrease,kin,laid out
other verb,dedicate,hiq,laid out
other verb,deduce,sim,laid out
other verb,defeat,zoq,laid out
other verb,defecate,vem,laid out
other verb,defect,fen,laid out
other verb,defend,xeq,laid out
other verb,deform,jug,laid out
other verb,defy,Cod,laid out
other verb,degrade,cib,laid out
other verb,delay,yip,laid out
other verb,delegate,rut,laid out
other verb,delight,lus,laid out
other verb,demand,wes,laid out
other verb,demonstrate,mez,laid out
other verb,denote,niv,laid out
other verb,depart,gof,laid out
other verb,depend,dix,laid out
other verb,depict,bij,laid out
other verb,deplete,poC,laid out
other verb,derive,toc,laid out
other verb,descend,kor,laid out
other verb,deserve,hul,laid out
other verb,designate,sump,laid out
other verb,desire,zont,laid out
other verb,detach,vind,laid out
other verb,detail,foqk,laid out
other verb,detect,xolp,laid out
other verb,determine,julb,laid out
other verb,develop,Colf,laid out
other verb,deviate,colv,laid out
other verb,devolve,yuls,laid out
other verb,devote,rolz,laid out
other verb,diagnose,lorb,laid out
other verb,dictate,wolt,laid out
other verb,differ,molc,laid out
other verb,dig,nuld,laid out
other verb,digest,golk,laid out
other verb,diminish,dorp,laid out
other verb,dine,burf,laid out
other verb,dip,purf,laid out
other verb,disappoint,torv,laid out
other verb,discuss,kors,laid out
other verb,disguise,horz,laid out
other verb,dish,surt,laid out
other verb,dismiss,zurd,laid out
other verb,dispatch,vurk,laid out
other verb,disperse,furg,laid out
other verb,display,xoft,laid out
other verb,dispute,jift,laid out
other verb,disrupt,Cips,laid out
other verb,dissipate,coks,laid out
other verb,distinguish,yuks,laid out
other verb,distract,rebz,laid out
other verb,disturb,lebz,laid out
other verb,ditch,wugz,laid out
other verb,dive,mots,laid out
other verb,divorce,nidj,laid out
other verb,dock,gitx,laid out
other verb,document,dosk,laid out
other verb,domesticate,busk,laid out
other verb,donate,pist,laid out
other verb,dove,treC,laid out
other verb,draft,kruc,laid out
other verb,drain,haq,laid out
other verb,draw,skol,laid out
other verb,dress,zuq,laid out
other verb,drill,vron,laid out
other verb,drip,fluq,laid out
other verb,drown,xuq,laid out
other verb,dumpling,jen,laid out
other verb,duplicate,Cem,laid out
other verb,dwell,con,laid out
other verb,dye,yon,laid out
other verb,earn,riq,laid out
other verb,echo,lug,laid out
other verb,educate,wuq,laid out
other verb,elate,mob,laid out
other verb,elect,naq,laid out
other verb,elevate,gon,laid out
other verb,embarrass,dem,laid out
other verb,embrace,bin,laid out
other verb,enable,pon,laid out
other verb,enchant,txur,laid out
other verb,enclose,koq,laid out
other verb,encourage,heg,laid out
other verb,endure,sen,laid out
other verb,engage,zeq,laid out
other verb,enlighten,vug,laid out
other verb,enlist,fod,laid out
other verb,enroll,xib,laid out
other verb,ensure,jop,laid out
other verb,entice,Cut,laid out
other verb,equate,cek,laid out
other verb,erase,yes,laid out
other verb,erode,rez,laid out
other verb,erupt,lov,laid out
other verb,escape,wif,laid out
other verb,establish,mux,laid out
other verb,estimate,noj,laid out
other verb,etch,guC,laid out
other verb,evacuate,dec,laid out
other verb,evaluate,bur,laid out
other verb,evaporate,pol,laid out
other verb,examine,tomp,laid out
other verb,exceed,kint,laid out
other verb,exchange,hind,laid out
other verb,excite,soqk,laid out
other verb,exclude,zulp,laid out
other verb,excrete,volb,laid out
other verb,exercise,folv,laid out
other verb,exhaust,xulv,laid out
other verb,expand,jols,laid out
other verb,expect,Colz,laid out
other verb,expel,colz,laid out
other verb,expend,yolt,laid out
other verb,experiment,rulc,laid out
other verb,expire,lurb,laid out
other verb,explain,wolk,laid out
other verb,explode,murp,laid out
other verb,exploit,norb,laid out
other verb,export,gorf,laid out
other verb,expose,dorv,laid out
other verb,extend,bors,laid out
other verb,extinguish,purz,laid out
other verb,extract,tord,laid out
other verb,fabricate,kord,laid out
other verb,facilitate,hurk,laid out
other verb,fade,surg,laid out
other verb,farm,zift,laid out
other verb,fasten,vift,laid out
other verb,feed,fops,laid out
other verb,fence,xuks,laid out
other verb,ferment,jeks,laid out
other verb,fetch,Cebz,laid out
other verb,field,cubz,laid out
other verb,figure,yogz,laid out
other verb,file,rits,laid out
other verb,fill,lidj,laid out
other verb,fit,wotx,laid out
other verb,fixate,mudz,laid out
other verb,flag,nesk,laid out
other verb,flake,gesp,laid out
other verb,flare,dust,laid out
other verb,flash,bruq,laid out
other verb,flatter,prig,laid out
other verb,flavor,trod,laid out
other verb,flee,krob,laid out
other verb,flock,hug,laid out
other verb,flood,sket,laid out
other verb,flop,zeg,laid out
other verb,fluctuate,vrus,laid out
other verb,forbid,fum,laid out
other verb,foresee,xaq,laid out
other verb,forge,jon,laid out
other verb,forgive,Cam,laid out
other verb,fork,cun,laid out
other verb,format,yun,laid out
other verb,found,req,laid out
other verb,fracture,leg,laid out
other verb,fragment,woq,laid out
other verb,frost,mub,laid out
other verb,frown,nog,laid out
other verb,frustrate,gen,laid out
other verb,fry,djug,laid out
other verb,fulfill,bon,laid out
other verb,fuss,pun,laid out
other verb,fuzz,tun,laid out
other verb,gamete,keq,laid out
other verb,gang,hig,laid out
other verb,gas,sud,laid out
other verb,gaze,zob,laid out
other verb,giggle,vup,laid out
other verb,gloss,fit,laid out
other verb,glue,xek,laid out
other verb,gossip,jus,laid out
other verb,govern,Cuz,laid out
other verb,grab,civ,laid out
other verb,grade,yif,laid out
other verb,grapple,rox,laid out
other verb,grasp,loj,laid out
other verb,grate,weC,laid out
other verb,graze,mec,laid out
other verb,greet,nur,laid out
other verb,grill,gomp,laid out
other verb,grind,dimp,laid out
other verb,grip,bint,laid out
other verb,ground,pond,laid out
other verb,guarantee,tuqk,laid out
other verb,guard,kolp,laid out
other verb,gulp,holb,laid out
other verb,gun,sulf,laid out
other verb,hammer,zolv,laid out
other verb,hamper,vols,laid out
other verb,harass,folz,laid out
other verb,harvest,xolz,laid out
other verb,hatch,jult,laid out
other verb,heal,Cold,laid out
other verb,herring,cold,laid out
other verb,hesitate,yulk,laid out
other verb,hidden,ruft,laid out
other verb,hire,larb,laid out
other verb,hit,worf,laid out
other verb,howl,murv,laid out
other verb,hug,nurs,laid out
other verb,humiliate,gorz,laid out
other verb,hurry,durt,laid out
other verb,ignite,burd,laid out
other verb,imitate,purk,laid out
other verb,impact,torg,laid out
other verb,imply,kift,laid out
other verb,import,hoft,laid out
other verb,impress,subz,laid out
other verb,improve,zeks,laid out
other verb,incline,veks,laid out
other verb,include,fubz,laid out
other verb,incorporate,xobz,laid out
other verb,increase,jigz,laid out
other verb,index,Cits,laid out
other verb,indicate,codj,laid out
other verb,induce,yutx,laid out
other verb,indulge,redz,laid out
other verb,infect,lesk,laid out
other verb,infer,wusp,laid out
other verb,inflate,mist,laid out
other verb,inflect,nag,laid out
other verb,influence,grik,laid out
other verb,inform,dros,laid out
other verb,inhale,bun,laid out
other verb,inhibit,priv,laid out
other verb,initiate,tref,laid out
other verb,inject,krux,laid out
other verb,injure,hog,laid out
other verb,ink,skoC,laid out
other verb,inquire,zog,laid out
other verb,inscribe,vam,laid out
other verb,insert,fin,laid out
other verb,inspect,xeg,laid out
other verb,inspire,jun,laid out
other verb,instantiate,Cin,laid out
other verb,instigate,cin,laid out
other verb,instruct,yoq,laid out
other verb,insulate,ruq,laid out
other verb,insult,lud,laid out
other verb,insure,weq,laid out
other verb,integrate,mep,laid out
other verb,intend,nod,laid out
other verb,interpret,guq,laid out
other verb,interrupt,don,laid out
other verb,intimidate,boq,laid out
other verb,intoxicate,pig,laid out
other verb,introduce,tid,laid out
other verb,invade,kib,laid out
other verb,invent,hep,laid out
other verb,invert,set,laid out
other verb,invest,zik,laid out
other verb,investigate,vos,laid out
other verb,invite,fiz,laid out
other verb,invoke,xov,laid out
other verb,involve,jof,laid out
other verb,iron,Cux,laid out
other verb,irrigate,cej,laid out
other verb,isolate,yeC,laid out
other verb,iterate,ruc,laid out
other verb,jet,lur,laid out
other verb,kept,wul,laid out
other verb,kid,mint,laid out
other verb,kiss,noqk,laid out
other verb,kneel,gund,laid out
other verb,label,deqk,laid out
other verb,labor,bolp,laid out
other verb,lag,pulb,laid out
other verb,lash,tolf,laid out
other verb,launch,kolv,laid out
other verb,leak,hols,laid out
other verb,leap,solz,laid out
other verb,lend,zult,laid out
other verb,level,vult,laid out
other verb,license,folc,laid out
other verb,limit,xuld,laid out
other verb,linger,jolk,laid out
other verb,locate,Corp,laid out
other verb,lock,curb,laid out
other verb,lodge,yorf,laid out
other verb,log,rops,laid out
other verb,loot,lors,laid out
other verb,lubricate,worz,laid out
other verb,lump,murt,laid out
other verb,lust,nurd,laid out
other verb,mail,gork,laid out
other verb,maintain,dorg,laid out
other verb,manage,boft,laid out
other verb,mandate,puft,laid out
other verb,manifest,teps,laid out
other verb,manufacture,kebz,laid out
other verb,market,huks,laid out
other verb,marry,sobz,laid out
other verb,match,zits,laid out
other verb,may,vigz,laid out
other verb,mediate,fots,laid out
other verb,melt,xudj,laid out
other verb,mend,jetx,laid out
other verb,mention,Cedz,laid out
other verb,merge,cusk,laid out
other verb,merit,yosp,laid out
other verb,mess,rist,laid out
other verb,metabolize,led,laid out
other verb,migrate,wog,laid out
other verb,milk,mup,laid out
other verb,mimic,nud,laid out
other verb,miss,grec,laid out
other verb,mock,djur,laid out
other verb,modulate,buq,laid out
other verb,mold,prom,laid out
other verb,monitor,tron,laid out
other verb,mount,kloq,laid out
other verb,mourn,hag,laid out
other verb,muddle,sked,laid out
other verb,mumble,zug,laid out
other verb,murder,vrup,laid out
other verb,nail,foq,laid out
other verb,narrate,xig,laid out
other verb,navigate,jiq,laid out
other verb,neglect,Cen,laid out
other verb,negotiate,cen,laid out
other verb,net,yeq,laid out
other verb,nourish,rig,laid out
other verb,nurse,lub,laid out
other verb,nurture,wag,laid out
other verb,obey,mip,laid out
other verb,obsess,nad,laid out
other verb,obstruct,ged,laid out
other verb,obtain,dup,laid out
other verb,occupy,bek,laid out
other verb,offend,pek,laid out
other verb,offer,tus,laid out
other verb,offset,kuz,laid out
other verb,omit,hes,laid out
other verb,opening,saf,laid out
other verb,operate,zov,laid out
other verb,oppose,vuf,laid out
other verb,oppress,fux,laid out
other verb,originate,xej,laid out
other verb,oscillate,juC,laid out
other verb,overlap,Col,laid out
other verb,pack,car,laid out
other verb,pair,yump,laid out
other verb,pamper,romp,laid out
other verb,pan,lunt,laid out
other verb,parallel,wond,laid out
other verb,park,meqk,laid out
other verb,participate,nalp,laid out
other verb,party,galb,laid out
other verb,past,dalf,laid out
other verb,pave,balv,laid out
other verb,peak,pals,laid out
other verb,pee,talz,laid out
other verb,peel,kalz,laid out
other verb,peer,halt,laid out
other verb,pen,salc,laid out
other verb,penetrate,zald,laid out
other verb,perform,valk,laid out
other verb,permit,farp,laid out
other verb,persevere,xarb,laid out
other verb,persist,jarf,laid out
other verb,persuade,Cors,laid out
other verb,pet,cars,laid out
other verb,phase,yarz,laid out
other verb,pile,reps,laid out
other verb,pin,lard,laid out
other verb,pipe,worg,laid out
other verb,pit,moft,laid out
other verb,plant,nuft,laid out
other verb,plead,goft,laid out
other verb,plump,deps,laid out
other verb,police,buks,laid out
other verb,polish,puks,laid out
other verb,poll,tubz,laid out
other verb,pollute,kubz,laid out
other verb,pool,hogz,laid out
other verb,pop,sudj,laid out
other verb,populate,zodj,laid out
other verb,pore,vetx,laid out
other verb,pose,fudz,laid out
other verb,post,xosk,laid out
other verb,pound,josp,laid out
other verb,pour,Cist,laid out
other verb,practice,can,laid out
other verb,praise,yuq,laid out
other verb,preach,rag,laid out
other verb,precede,leb,laid out
other verb,precipitate,wud,laid out
other verb,preclude,mik,laid out
other verb,predicate,nob,laid out
other verb,predict,glib,laid out
other verb,prefer,djop,laid out
other verb,prepare,bog,laid out
other verb,press,prek,laid out
other verb,pretend,tros,laid out
other verb,prevent,kug,laid out
other verb,pride,hed,laid out
other verb,print,skif,laid out
other verb,produce,zag,laid out
other verb,profess,ven,laid out
other verb,profile,fiq,laid out
other verb,program,xog,laid out
other verb,prohibit,jeq,laid out
other verb,project,Cuq,laid out
other verb,promise,coq,laid out
other verb,promote,yig,laid out
other verb,pronounce,rad,laid out
other verb,propagate,lab,laid out
other verb,propose,wid,laid out
other verb,protect,mos,laid out
other verb,protest,neb,laid out
other verb,protrude,gup,laid out
other verb,provoke,dut,laid out
other verb,pump,bok,laid out
other verb,punch,pis,laid out
other verb,punish,taz,laid out
other verb,purchase,kav,laid out
other verb,puzzle,hif,laid out
other verb,qualify,sex,laid out
other verb,quench,zuj,laid out
other verb,quit,voC,laid out
other verb,quiver,foc,laid out
other verb,quote,xur,laid out
other verb,race,jal,laid out
other verb,rack,Cump,laid out
other verb,rage,cint,laid out
other verb,raise,yend,laid out
other verb,rate,ruqk,laid out
other verb,rattle,lorf,laid out
other verb,reach,wulb,laid out
other verb,recede,mulf,laid out
other verb,reciprocate,nolv,laid out
other verb,recognize,guls,laid out
other verb,recommend,dulz,laid out
other verb,record,bolz,laid out
other verb,recover,pult,laid out
other verb,refer,tulc,laid out
other verb,reflect,kald,laid out
other verb,refuse,hulk,laid out
other verb,refute,sorp,laid out
other verb,regard,zurb,laid out
other verb,register,varf,laid out
other verb,regret,forv,laid out
other verb,regulate,xurs,laid out
other verb,rehearse,jurz,laid out
other verb,reign,Curt,laid out
other verb,rein,curd,laid out
other verb,release,yark,laid out
other verb,relieve,raps,laid out
other verb,rely,lift,laid out
other verb,remedy,weft,laid out
other verb,remove,mups,laid out
other verb,render,nuks,laid out
other verb,renounce,goks,laid out
other verb,rent,dibz,laid out
other verb,repair,bogz,laid out
other verb,repel,pugz,laid out
other verb,repent,tidj,laid out
other verb,replace,kidj,laid out
other verb,replenish,hitx,laid out
other verb,reply,sodz,laid out
other verb,report,zosk,laid out
other verb,represent,visp,laid out
other verb,reproduce,fost,laid out
other verb,require,xug,laid out
other verb,research,joq,laid out
other verb,resemble,Ceq,laid out
other verb,resent,cuq,laid out
other verb,reserve,yug,laid out
other verb,respond,rob,laid out
other verb,restore,lop,laid out
other verb,resume,wod,laid out
other verb,retaliate,mas,laid out
other verb,retrieve,nab,laid out
other verb,review,geq,laid out
other verb,revise,din,laid out
other verb,revoke,beg,laid out
other verb,revolve,poq,laid out
other verb,reward,txar,laid out
other verb,rid,kog,laid out
other verb,riot,hib,laid out
other verb,rip,slen,laid out
other verb,roam,zed,laid out
other verb,roar,voq,laid out
other verb,roast,feq,laid out
other verb,roof,xag,laid out
other verb,rot,juq,laid out
other verb,rotate,Coq,laid out
other verb,route,caq,laid out
other verb,ruin,yag,laid out
other verb,rush,reb,laid out
other verb,rust,lap,laid out
other verb,sack,wep,laid out
other verb,sacrifice,miz,laid out
other verb,sample,nuk,laid out
other verb,satiate,ges,laid out
other verb,satisfy,daz,laid out
other verb,saw,biv,laid out
other verb,scan,pef,laid out
other verb,scar,tax,laid out
other verb,scavenge,kuj,laid out
other verb,schedule,hoC,laid out
other verb,scrape,sic,laid out
other verb,scratch,zol,laid out
other verb,screech,vump,laid out
other verb,screen,fimp,laid out
other verb,scroll,xent,laid out
other verb,search,jund,laid out
other verb,secrete,Coqk,laid out
other verb,seem,culp,laid out
other verb,segregate,yulb,laid out
other verb,seize,rolf,laid out
other verb,serrate,lurf,laid out
other verb,serve,wuls,laid out
other verb,service,malz,laid out
other verb,sew,nulz,laid out
other verb,shack,gult,laid out
other verb,shade,dulc,laid out
other verb,shatter,bald,laid out
other verb,shaving,polk,laid out
other verb,shed,turb,laid out
other verb,shelter,karb,laid out
other verb,shine,horf,laid out
other verb,shock,surv,laid out
other verb,shop,zurs,laid out
other verb,shrink,vurz,laid out
other verb,shun,ford,laid out
other verb,sink,xord,laid out
other verb,sip,jurk,laid out
other verb,sit,Curg,laid out
other verb,slice,ceft,laid out
other verb,slip,yuft,laid out
other verb,slit,roks,laid out
other verb,snatch,loks,laid out
other verb,soak,wiks,laid out
other verb,sober,mobz,laid out
other verb,soothe,nubz,laid out
other verb,span,gits,laid out
other verb,spark,dets,laid out
other verb,sparkle,budj,laid out
other verb,spawn,petx,laid out
other verb,speed,todz,laid out
other verb,spell,kisp,laid out
other verb,spend,hosp,laid out
other verb,spill,skot,laid out
other verb,spite,zid,laid out
other verb,splash,vres,laid out
other verb,spoil,fruz,laid out
other verb,spoke,xod,laid out
other verb,sponsor,jig,laid out
other verb,spot,Ciq,laid out
other verb,spray,cog,laid out
other verb,sprout,yud,laid out
other verb,spur,rep,laid out
other verb,spy,let,laid out
other verb,squish,wed,laid out
other verb,stabilize,mov,laid out
other verb,stack,nip,laid out
other verb,staff,giq,laid out
other verb,stage,djog,laid out
other verb,stake,bod,laid out
other verb,stalk,puq,laid out
other verb,stamp,txep,laid out
other verb,stand,kig,laid out
other verb,stare,hob,laid out
other verb,steal,sum,laid out
other verb,steer,zod,laid out
other verb,sting,veq,laid out
other verb,stink,faq,laid out
other verb,stir,xad,laid out
other verb,stitch,jeg,laid out
other verb,strain,Cud,laid out
other verb,stress,cob,laid out
other verb,stretch,yop,laid out
other verb,strike,rok,laid out
other verb,string,lis,laid out
other verb,strip,wus,laid out
other verb,strive,mev,laid out
other verb,stroke,nov,laid out
other verb,struggle,guf,laid out
other verb,study,dox,laid out
other verb,stumble,boj,laid out
other verb,style,piC,laid out
other verb,subject,tec,laid out
other verb,subscribe,kump,laid out
other verb,substitute,hemp,laid out
other verb,succeed,semp,laid out
other verb,suck,zunt,laid out
other verb,suggest,vond,laid out
other verb,suit,fuqk,laid out
other verb,summarize,xulp,laid out
other verb,summon,jolb,laid out
other verb,supervise,Culf,laid out
other verb,supply,culv,laid out
other verb,support,yols,laid out
other verb,suppose,rulz,laid out
other verb,suppress,larf,laid out
other verb,surpass,wult,laid out
other verb,surprise,mulc,laid out
other verb,surround,nold,laid out
other verb,survive,gulk,laid out
other verb,suspend,durp,laid out
other verb,sustain,borf,laid out
other verb,swallow,parf,laid out
other verb,sway,turv,laid out
other verb,swear,kurs,laid out
other verb,sweat,hurz,laid out
other verb,sweep,sort,laid out
other verb,swell,zard,laid out
other verb,switch,vorg,laid out
other verb,synthesize,forg,laid out
other verb,tag,xuft,laid out
other verb,tangle,joft,laid out
other verb,tax,Cops,laid out
other verb,tear,ciks,laid out
other verb,tease,yoks,laid out
other verb,temper,rubz,laid out
other verb,tempt,libz,laid out
other verb,tend,wegz,laid out
other verb,thread,muts,laid out
other verb,thrive,nodj,laid out
other verb,thrust,gotx,laid out
other verb,tick,desk,laid out
other verb,tile,bosk,laid out
other verb,tip,pust,laid out
other verb,tire,trif,laid out
other verb,tolerate,krex,laid out
other verb,toss,heb,laid out
other verb,total,skuC,laid out
other verb,tour,zud,laid out
other verb,track,vaq,laid out
other verb,train,fog,laid out
other verb,trample,xub,laid out
other verb,transcend,jog,laid out
other verb,transfer,Caq,laid out
other verb,transform,cug,laid out
other verb,translate,yod,laid out
other verb,travel,rop,laid out
other verb,treat,las,laid out
other verb,tremble,wad,laid out
other verb,trend,muf,laid out
other verb,tribute,nup,laid out
other verb,trigger,gaq,laid out
other verb,trim,djuv,laid out
other verb,trip,buk,laid out
other verb,trouble,pog,laid out
other verb,tumble,txij,laid out
other verb,tunnel,kag,laid out
other verb,twin,hab,laid out
other verb,undergo,sin,laid out
other verb,undo,zad,laid out
other verb,unite,veg,laid out
other verb,unravel,fud,laid out
other verb,uplift,xob,laid out
other verb,upset,jip,laid out
other verb,vacuum,Cot,laid out
other verb,vary,cik,laid out
other verb,venture,yis,laid out
other verb,vibrate,rev,laid out
other verb,violate,luv,laid out
other verb,vomit,wof,laid out
other verb,vow,mex,laid out
other verb,vulcanise,nij,laid out
other verb,wake,goC,laid out
other verb,wander,duc,laid out
other verb,warn,bol,laid out
other verb,waste,pal,laid out
other verb,wax,tump,laid out
other verb,weather,kont,laid out
other verb,wed,hond,laid out
other verb,weep,suqk,laid out
other verb,weigh,zolp,laid out
other verb,welcome,vulb,laid out
other verb,weld,fulv,laid out
other verb,whip,xolv,laid out
other verb,whistle,juls,laid out
other verb,wick,Culz,laid out
other verb,win,culz,laid out
other verb,wipe,yult,laid out
other verb,worship,rolc,laid out
other verb,worth,lorv,laid out
other verb,wound,wulk,laid out
other verb,wreck,marp,laid out
other verb,wrinkle,nurb,laid out
other verb,yawn,gurf,laid out
other verb,yield,durv,laid out
other verb,zip,burs,laid out
other adjective,able,mif,laid out
other adjective,absent,nap,laid out
other adjective,absolute,gob,laid out
other adjective,absurd,dep,laid out
other adjective,abundant,bis,laid out
other adjective,accurate,pok,laid out
other adjective,acute,tis,laid out
other adjective,adequate,kez,laid out
other adjective,adhesive,hiz,laid out
other adjective,adjacent,sox,laid out
other adjective,adult,zev,laid out
other adjective,against,vof,laid out
other adjective,aggressive,fax,laid out
other adjective,alert,xoj,laid out
other adjective,alike,jeC,laid out
other adjective,alone,Cul,laid out
other adjective,alternate,col,laid out
other adjective,ambiguous,yemp,laid out
other adjective,anesthetic,remp,laid out
other adjective,anxious,lant,laid out
other adjective,apathetic,wund,laid out
other adjective,apparent,mulp,laid out
other adjective,appropriate,nolb,laid out
other adjective,approximate,golf,laid out
other adjective,arbitrary,dulv,laid out
other adjective,aromatic,bols,laid out
other adjective,arrogant,pulz,laid out
other adjective,artificial,talc,laid out
other adjective,automatic,kolt,laid out
other adjective,available,hulc,laid out
other adjective,awful,suld,laid out
other adjective,awkward,zolk,laid out
other adjective,bare,vorp,laid out
other adjective,barren,forb,laid out
other adjective,behind,xurf,laid out
other adjective,beneath,jorv,laid out
other adjective,beyond,Curs,laid out
other adjective,bland,curz,laid out
other adjective,blind,yort,laid out
other adjective,blunt,riks,laid out
other adjective,bold,lork,laid out
other adjective,bound,wurg,laid out
other adjective,bright,muft,laid out
other adjective,brilliant,noft,laid out
other adjective,broad,guft,laid out
other adjective,casual,dops,laid out
other adjective,cautious,beks,laid out
other adjective,central,peks,laid out
other adjective,ceramic,tebz,laid out
other adjective,chaotic,kabz,laid out
other adjective,cheap,hegz,laid out
other adjective,chief,setx,laid out
other adjective,chronic,zudj,laid out
other adjective,civil,votx,laid out
other adjective,clever,fidz,laid out
other adjective,clumsy,xusk,laid out
other adjective,coarse,jusp,laid out
other adjective,common,Cust,laid out
other adjective,compatible,cig,laid out
other adjective,complacent,yed,laid out
other adjective,complete,rek,laid out
other adjective,concrete,luz,laid out
other adjective,confident,wob,laid out
other adjective,conspicuous,mof,laid out
other adjective,convenient,nit,laid out
other adjective,correct,glek,laid out
other adjective,corrupt,djos,laid out
other adjective,cozy,bus,laid out
other adjective,crazy,prov,laid out
other adjective,credential,trof,laid out
other adjective,crisp,ked,laid out
other adjective,crucial,hup,laid out
other adjective,crude,skeC,laid out
other adjective,cruel,zib,laid out
other adjective,cryptic,vag,laid out
other adjective,cunning,feg,laid out
other adjective,curious,xeb,laid out
other adjective,cynical,jag,laid out
other adjective,damp,Cig,laid out
other adjective,deaf,ceg,laid out
other adjective,dear,yid,laid out
other adjective,decent,rus,laid out
other adjective,deep,liz,laid out
other adjective,deliberate,wib,laid out
other adjective,delicate,mef,laid out
other adjective,delicious,nut,laid out
other adjective,dense,gip,laid out
other adjective,diagonal,dik,laid out
other adjective,diffuse,bas,laid out
other adjective,diligent,pus,laid out
other adjective,dim,tov,laid out
other adjective,diplomatic,kef,laid out
other adjective,direct,hof,laid out
other adjective,discrete,suj,laid out
other adjective,disobedient,zij,laid out
other adjective,disreputable,vuC,laid out
other adjective,distant,fuc,laid out
other adjective,distinct,xar,laid out
other adjective,diverse,jump,laid out
other adjective,dizzy,Cimp,laid out
other adjective,domestic,cont,laid out
other adjective,dormant,yind,laid out
other adjective,drunk,raqk,laid out
other adjective,dual,lurs,laid out
other adjective,due,walb,laid out
other adjective,dull,malf,laid out
other adjective,dumb,nalv,laid out
other adjective,dummy,gals,laid out
other adjective,durable,dalz,laid out
other adjective,eager,balz,laid out
other adjective,earnest,palt,laid out
other adjective,efficient,tuld,laid out
other adjective,elastic,korp,laid out
other adjective,electric,halk,laid out
other adjective,elegant,sarp,laid out
other adjective,elicit,zarb,laid out
other adjective,eloquent,vors,laid out
other adjective,endemic,furs,laid out
other adjective,enormous,xars,laid out
other adjective,enough,jarz,laid out
other adjective,enthusiastic,Cart,laid out
other adjective,entire,card,laid out
other adjective,epic,yurg,laid out
other adjective,equivalent,reks,laid out
other adjective,erect,loft,laid out
other adjective,evil,wift,laid out
other adjective,exact,mips,laid out
other adjective,excellent,naks,laid out
other adjective,excess,guks,laid out
other adjective,exclusive,dubz,laid out
other adjective,exempt,bigz,laid out
other adjective,expert,pigz,laid out
other adjective,explicit,todj,laid out
other adjective,external,kodj,laid out
other adjective,extra,hetx,laid out
other adjective,extravagant,sudz,laid out
other adjective,extreme,zusk,laid out
other adjective,faint,vusp,laid out
other adjective,fair,fist,laid out
other adjective,familiar,xep,laid out
other adjective,famous,jed,laid out
other adjective,fancy,Cug,laid out
other adjective,fat,cag,laid out
other adjective,feeble,yib,laid out
other adjective,fellow,res,laid out
other adjective,feral,loz,laid out
other adjective,fertile,wub,laid out
other adjective,fervent,max,laid out
other adjective,fierce,nat,laid out
other adjective,final,geb,laid out
other adjective,fine,djar,laid out
other adjective,finite,bez,laid out
other adjective,firm,pug,laid out
other adjective,fond,txen,laid out
other adjective,foreign,kad,laid out
other adjective,formal,het,laid out
other adjective,fortunate,slod,laid out
other adjective,foul,zeb,laid out
other adjective,fragile,vud,laid out
other adjective,fragrant,fig,laid out
other adjective,frail,xop,laid out
other adjective,fringe,jod,laid out
other adjective,fun,Ceg,laid out
other adjective,future,ced,laid out
other adjective,general,yeb,laid out
other adjective,generous,ruf,laid out
other adjective,gentle,lez,laid out
other adjective,genuine,wap,laid out
other adjective,giant,mij,laid out
other adjective,global,nos,laid out
other adjective,gradual,gas,laid out
other adjective,grand,dev,laid out
other adjective,grave,buv,laid out
other adjective,gregarious,pif,laid out
other adjective,grumpy,toj,laid out
other adjective,gymnastic,kej,laid out
other adjective,happy,huC,laid out
other adjective,harsh,suc,laid out
other adjective,hasty,zal,laid out
other adjective,hollow,vemp,laid out
other adjective,honest,fomp,laid out
other adjective,horizontal,xint,laid out
other adjective,hostile,jind,laid out
other adjective,huge,Cuqk,laid out
other adjective,humble,calp,laid out
other adjective,humid,yalb,laid out
other adjective,ideal,ralf,laid out
other adjective,identical,lars,laid out
other adjective,idle,wals,laid out
other adjective,ill,mult,laid out
other adjective,immediate,nolt,laid out
other adjective,implicit,golc,laid out
other adjective,independent,dalc,laid out
other adjective,inert,bolk,laid out
other adjective,inevitable,palk,laid out
other adjective,innocent,torb,laid out
other adjective,inquisitive,korf,laid out
other adjective,insensitive,harf,laid out
other adjective,instant,sarv,laid out
other adjective,intermittent,zars,laid out
other adjective,internal,vort,laid out
other adjective,invariant,furd,laid out
other adjective,invisible,xard,laid out
other adjective,jagged,jark,laid out
other adjective,jealous,Carg,laid out
other adjective,keen,cift,laid out
other adjective,known,yift,laid out
other adjective,lame,ruks,laid out
other adjective,large,luks,laid out
other adjective,lateral,wuks,laid out
other adjective,lazy,mibz,laid out
other adjective,lean,nibz,laid out
other adjective,legal,gots,laid out
other adjective,legitimate,dits,laid out
other adjective,lenient,bidj,laid out
other adjective,lewd,pidz,laid out
other adjective,likely,tudz,laid out
other adjective,little,kusp,laid out
other adjective,lonely,hisp,laid out
other adjective,lost,skiz,laid out
other adjective,loyal,zep,laid out
other adjective,lucky,vrif,laid out
other adjective,mad,frux,laid out
other adjective,magnificent,xap,laid out
other adjective,masculine,jid,laid out
other adjective,mature,Cag,laid out
other adjective,median,cud,laid out
other adjective,merry,yob,laid out
other adjective,mild,rof,laid out
other adjective,minor,liv,laid out
other adjective,mobile,wab,laid out
other adjective,modern,miC,laid out
other adjective,modest,nis,laid out
other adjective,moist,gep,laid out
other adjective,moral,djep,laid out
other adjective,multiple,baz,laid out
other adjective,mutual,peg,laid out
other adjective,naive,txis,laid out
other adjective,nasty,kob,laid out
other adjective,natural,hot,laid out
other adjective,naughty,son,laid out
other adjective,neat,zop,laid out
other adjective,necessary,vad,laid out
other adjective,nervous,fed,laid out
other adjective,noble,xet,laid out
other adjective,normal,jud,laid out
other adjective,numb,Cid,laid out
other adjective,obvious,ceb,laid out
other adjective,odd,yup,laid out
other adjective,official,rix,laid out
other adjective,opposite,lev,laid out
other adjective,ordinary,wos,laid out
other adjective,original,meC,laid out
other adjective,oval,nuf,laid out
other adjective,pale,gef,laid out
other adjective,parable,dex,laid out
other adjective,partial,buj,laid out
other adjective,particular,puC,laid out
other adjective,passionate,tol,laid out
other adjective,patient,kemp,laid out
other adjective,personal,himp,laid out
other adjective,pillar,simp,laid out
other adjective,pink,zint,laid out
other adjective,plain,vund,laid out
other adjective,plastic,feqk,laid out
other adjective,plural,xalp,laid out
other adjective,polite,jalb,laid out
other adjective,poplar,Calf,laid out
other adjective,popular,calv,laid out
other adjective,possible,yals,laid out
other adjective,potential,ralz,laid out
other adjective,practical,lorz,laid out
other adjective,precise,walt,laid out
other adjective,pregnant,malc,laid out
other adjective,present,nald,laid out
other adjective,pretty,galk,laid out
other adjective,previous,darp,laid out
other adjective,profane,barf,laid out
other adjective,prominent,porv,laid out
other adjective,prompt,tarv,laid out
other adjective,proper,kars,laid out
other adjective,prudent,harz,laid out
other adjective,radiant,surd,laid out
other adjective,random,zork,laid out
other adjective,rapid,vurg,laid out
other adjective,raspy,fups,laid out
other adjective,rear,xeft,laid out
other adjective,rebel,juft,laid out
other adjective,reckless,Cups,laid out
other adjective,regular,cuks,laid out
other adjective,relevant,yiks,laid out
other adjective,reluctant,ribz,laid out
other adjective,remote,lobz,laid out
other adjective,rigid,wigz,laid out
other adjective,ripe,mits,laid out
other adjective,rival,nudj,laid out
other adjective,robust,gutx,laid out
other adjective,routine,dosp,laid out
other adjective,royal,bisk,laid out
other adjective,rude,past,laid out
other adjective,sage,triC,laid out
other adjective,sanitary,kric,laid out
other adjective,sarcastic,hiv,laid out
other adjective,scarce,spol,laid out
other adjective,secure,zup,laid out
other adjective,seductive,vrin,laid out
other adjective,select,fliq,laid out
other adjective,sensitive,xot,laid out
other adjective,sentient,jad,laid out
other adjective,serene,Ced,laid out
other adjective,serial,cod,laid out
other adjective,serious,yub,laid out
other adjective,severe,rux,laid out
other adjective,sexual,lof,laid out
other adjective,shallow,wit,laid out
other adjective,sharp,moC,laid out
other adjective,shiny,nus,laid out
other adjective,shy,gap,laid out
other adjective,sick,den,laid out
other adjective,silent,bav,laid out
other adjective,similar,pag,laid out
other adjective,simultaneous,tum,laid out
other adjective,sincere,keb,laid out
other adjective,single,hev,laid out
other adjective,singular,sun,laid out
other adjective,skeptical,zit,laid out
other adjective,slender,vob,laid out
other adjective,slim,fad,laid out
other adjective,slippery,xuk,laid out
other adjective,sly,jup,laid out
other adjective,smart,Cit,laid out
other adjective,social,ces,laid out
other adjective,sole,yos,laid out
other adjective,solemn,rax,laid out
other adjective,sore,lef,laid out
other adjective,sorry,wuf,laid out
other adjective,spare,muC,laid out
other adjective,sparse,nej,laid out
other adjective,special,giC,laid out
other adjective,specific,dic,laid out
other adjective,splendid,bal,laid out
other adjective,spontaneous,punt,laid out
other adjective,squat,timp,laid out
other adjective,stale,kunt,laid out
other adjective,standard,hund,laid out
other adjective,steady,seqk,laid out
other adjective,steep,zalp,laid out
other adjective,sterile,valb,laid out
other adjective,stiff,falv,laid out
other adjective,stout,xalv,laid out
other adjective,strange,jals,laid out
other adjective,stray,Calz,laid out
other adjective,strict,calz,laid out
other adjective,stubborn,yalt,laid out
other adjective,sublime,ralc,laid out
other adjective,subtle,lurz,laid out
other adjective,sudden,walk,laid out
other adjective,superior,murb,laid out
other adjective,suspect,norf,laid out
other adjective,swift,garf,laid out
other adjective,taboo,darv,laid out
other adjective,tame,bars,laid out
other adjective,temperate,porz,laid out
other adjective,temporary,turd,laid out
other adjective,tense,kurd,laid out
other adjective,thorough,hork,laid out
other adjective,tiny,sarg,laid out
other adjective,together,zoft,laid out
other adjective,token,voft,laid out
other adjective,tough,fips,laid out
other adjective,toxic,xiks,laid out
other adjective,transparent,jiks,laid out
other adjective,tropical,Cibz,laid out
other adjective,turmeric,cibz,laid out
other adjective,typical,yigz,laid out
other adjective,ugly,rots,laid out
other adjective,ultimate,lodj,laid out
other adjective,uncertain,wutx,laid out
other adjective,unique,midz,laid out
other adjective,universal,nisk,laid out
other adjective,unusual,gisp,laid out
other adjective,urban,dist,laid out
other adjective,urgent,breq,laid out
other adjective,usual,prog,laid out
other adjective,utter,trud,laid out
other adjective,vain,krib,laid out
other adjective,valid,hav,laid out
other adjective,vanilla,skat,laid out
other adjective,vertical,zot,laid out
other adjective,visual,vris,laid out
other adjective,vital,fob,laid out
other adjective,vivid,xak,laid out
other adjective,voluntary,jib,laid out
other adjective,vulnerable,Cad,laid out
other adjective,weird,cid,laid out
other adjective,whimsical,yab,laid out
other adjective,wicked,rej,laid out
other adjective,willing,lux,laid out
other adjective,wise,wot,laid out
place,above,maC,laid out
place,across,nez,laid out
place,along,gat,laid out
place,among,dop,laid out
place,around,buf,laid out
place,below,piz,laid out
place,far,tes,laid out
place,inside,kif,laid out
place,near,haf,laid out
place,out,sij,laid out
place,outside,zif,laid out
place,place,vaf,laid out
place,there,faj,laid out
place,through,xaj,laid out
other adverb,abroad,mic,laid out
other adverb,again,nef,laid out
other adverb,almost,get,laid out
other adverb,already,dap,laid out
other adverb,just,bif,laid out
other adverb,once,poz,laid out
other adverb,perhaps,tav,laid out
other adverb,quite,kex,laid out
other adverb,rather,huf,laid out
other noun,abrade,moc,laid out
other noun,absense,nof,laid out
other noun,abstain,gek,laid out
other noun,abyss,dek,laid out
other noun,acacia,bef,laid out
other noun,accident,puz,laid out
other noun,acid,tev,laid out
other noun,activity,kux,laid out
other noun,addict,hox,laid out
other noun,adhere,soj,laid out
other noun,admin,zuf,laid out
other noun,admire,vox,laid out
other noun,advantage,fej,laid out
other noun,adventure,xuC,laid out
other noun,affair,jaC,laid out
other noun,afterward,Cal,laid out
other noun,agent,cul,laid out
other noun,ail,yamp,laid out
other noun,alcohol,runt,laid out
other noun,algae,lend,laid out
other noun,alias,weqk,laid out
other noun,alien,molp,laid out
other noun,allegiance,nulb,laid out
other noun,allergy,gulf,laid out
other noun,alloy,dalv,laid out
other noun,allure,buls,laid out
other noun,ally,polz,laid out
other noun,almond,tald,laid out
other noun,aloe,kult,laid out
other noun,altar,holc,laid out
other noun,altitude,sald,laid out
other noun,ambush,zulk,laid out
other noun,amniote,vurp,laid out
other noun,amount,furb,laid out
other noun,amp,xorf,laid out
other noun,amphibian,jurv,laid out
other noun,amplitude,Cars,laid out
other noun,angel,corz,laid out
other noun,anguish,yurt,laid out
other noun,anise,raks,laid out
other noun,ankle,lurk,laid out
other noun,annelid,warg,laid out
other noun,anomaly,mift,laid out
other noun,anti,naft,laid out
other noun,antler,gaft,laid out
other noun,anus,daps,laid out
other noun,anyone,begz,laid out
other noun,anything,paks,laid out
other noun,apathy,tabz,laid out
other noun,apology,kogz,laid out
other noun,apparatus,hagz,laid out
other noun,appendix,sotx,laid out
other noun,appetite,zadj,laid out
other noun,applause,vatx,laid out
other noun,apple,fedz,laid out
other noun,aquifer,xesk,laid out
other noun,area,jesp,laid out
other noun,arena,Cest,laid out
other noun,arithmetic,cab,laid out
other noun,armor,yep,laid out
other noun,arrow,rij,laid out
other noun,arson,lix,laid out
other noun,artery,wok,laid out
other noun,arthropod,mur,laid out
other noun,artifact,naf,laid out
other noun,ashame,glak,laid out
other noun,asparagus,djes,laid out
other noun,assault,bof,laid out
other noun,assurance,prav,laid out
other noun,athlete,traf,laid out
other noun,atmosphere,kap,laid out
other noun,attention,hux,laid out
other noun,attitude,skaC,laid out
other noun,audio,zat,laid out
other noun,author,vub,laid out
other noun,authority,feb,laid out
other noun,autumn,xes,laid out
other noun,aversion,jub,laid out
other noun,avocado,Cob,laid out
other noun,axe,cip,laid out
other noun,axiom,yot,laid out
other noun,badge,roj,laid out
other noun,balloon,lex,laid out
other noun,balm,wik,laid out
other noun,banana,mont,laid out
other noun,barley,nux,laid out
other noun,barrel,gak,laid out
other noun,barrier,dok,laid out
other noun,basil,baf,laid out
other noun,basin,pez,laid out
other noun,basis,tuf,laid out
other noun,bask,kaj,laid out
other noun,basket,hex,laid out
other noun,bass,sej,laid out
other noun,batch,zej,laid out
other noun,battery,veC,laid out
other noun,bay,fec,laid out
other noun,beach,xomp,laid out
other noun,bead,jimp,laid out
other noun,beard,Comp,laid out
other noun,bed,cunt,laid out
other noun,beech,yond,laid out
other noun,beer,rolp,laid out
other noun,beet,larz,laid out
other noun,bell,wulf,laid out
other noun,belove,molv,laid out
other noun,bile,nuls,laid out
other noun,bill,golz,laid out
other noun,bladder,dult,laid out
other noun,blade,bult,laid out
other noun,blanket,polc,laid out
other noun,blaze,tolk,laid out
other noun,blemish,kurp,laid out
other noun,bliss,horp,laid out
other noun,blog,surb,laid out
other noun,blot,zorf,laid out
other noun,bob,vurs,laid out
other noun,bondage,fors,laid out
other noun,bonus,xorz,laid out
other noun,boss,jort,laid out
other noun,bow,Cord,laid out
other noun,bowel,cork,laid out
other noun,bowl,yorg,laid out
other noun,boy,robz,laid out
other noun,brace,luft,laid out
other noun,brag,woft,laid out
other noun,bread,meps,laid out
other noun,breast,nobz,laid out
other noun,breeze,geks,laid out
other noun,brick,debz,laid out
other noun,bride,bagz,laid out
other noun,brim,pagz,laid out
other noun,brittle,tudj,laid out
other noun,brood,kadj,laid out
other noun,broth,hodz,laid out
other noun,brother,sedz,laid out
other noun,browse,zesk,laid out
other noun,bucket,vesp,laid out
other noun,bulb,fest,laid out
other noun,bulge,xis,laid out
other noun,bull,jeb,laid out
other noun,bullet,Cub,laid out
other noun,bun,cop,laid out
other noun,bunch,yet,laid out
other noun,buoyant,ruj,laid out
other noun,burrow,lej,laid out
other noun,butcher,wuk,laid out
other noun,butter,munt,laid out
other noun,button,nex,laid out
other noun,cabbage,goz,laid out
other noun,cacao,doq,laid out
other noun,cache,bix,laid out
other noun,calcium,pid,laid out
other noun,calendar,txan,laid out
other noun,camera,kut,laid out
other noun,camouflage,hax,laid out
other noun,candidate,slud,laid out
other noun,candle,zek,laid out
other noun,candy,vib,laid out
other noun,cannabis,fib,laid out
other noun,canvas,xos,laid out
other noun,canyon,job,laid out
other noun,capacity,Cib,laid out
other noun,capital,cep,laid out
other noun,captain,yek,laid out
other noun,car,ruC,laid out
other noun,carbon,laj,laid out
other noun,carcass,was,laid out
other noun,card,mant,laid out
other noun,carp,nax,laid out
other noun,carrot,gez,laid out
other noun,cart,dov,laid out
other noun,cartilage,bex,laid out
other noun,cascade,pof,laid out
other noun,case,tij,laid out
other noun,cassava,kiC,laid out
other noun,castle,heC,laid out
other noun,category,sec,laid out
other noun,cattle,zump,laid out
other noun,cavity,vimp,laid out
other noun,ceiling,fump,laid out
other noun,celery,xont,laid out
other noun,cell,jend,laid out
other noun,cement,Ceqk,laid out
other noun,century,colb,laid out
other noun,cereal,yolf,laid out
other noun,ceremony,rulv,laid out
other noun,certificate,lort,laid out
other noun,chalk,wolz,laid out
other noun,chamber,muld,laid out
other noun,chamomile,nult,laid out
other noun,champion,gulc,laid out
other noun,chance,dolk,laid out
other noun,chaos,bulk,laid out
other noun,char,purb,laid out
other noun,character,tarb,laid out
other noun,cheek,kurf,laid out
other noun,cheese,hurv,laid out
other noun,cherry,sorz,laid out
other noun,chestnut,zort,laid out
other noun,chick,vurt,laid out
other noun,chin,fard,laid out
other noun,chisel,xurk,laid out
other noun,chocolate,jorg,laid out
other noun,choir,Ceft,laid out
other noun,choke,coft,laid out
other noun,chord,yeft,laid out
other noun,chorus,rabz,laid out
other noun,chunk,leks,laid out
other noun,cigarette,weks,laid out
other noun,cilantro,mebz,laid out
other noun,cinnamon,nabz,laid out
other noun,circuit,guts,laid out
other noun,citizen,dots,laid out
other noun,citrus,bedj,laid out
other noun,clam,podz,laid out
other noun,clan,tedz,laid out
other noun,clang,kesp,laid out
other noun,clash,hesp,laid out
other noun,clasp,skoz,laid out
other noun,class,zes,laid out
other noun,clatter,vrof,laid out
other noun,clause,frex,laid out
other noun,clay,xus,laid out
other noun,clerk,jab,laid out
other noun,client,Ceb,laid out
other noun,cliff,cup,laid out
other noun,climate,yik,laid out
other noun,closure,roC,laid out
other noun,clot,luC,laid out
other noun,clump,wuz,laid out
other noun,cluster,mind,laid out
other noun,cnidarian,naj,laid out
other noun,coast,gov,laid out
other noun,cob,duq,laid out
other noun,cock,box,laid out
other noun,cod,ped,laid out
other noun,coffee,txos,laid out
other noun,coil,kot,laid out
other noun,coin,hij,laid out
other noun,collar,siq,laid out
other noun,college,zos,laid out
other noun,colon,vop,laid out
other noun,colony,fub,laid out
other noun,comb,xas,laid out
other noun,comedy,jep,laid out
other noun,commotion,Cab,laid out
other noun,compact,cap,laid out
other noun,company,yok,laid out
other noun,compare,roc,laid out
other noun,comparison,liC,laid out
other noun,compass,waz,laid out
other noun,complaint,mend,laid out
other noun,complement,nuC,laid out
other noun,component,gaf,laid out
other noun,compress,dax,laid out
other noun,compulsion,bej,laid out
other noun,concept,peC,laid out
other noun,concert,temp,laid out
other noun,condition,kimp,laid out
other noun,configuration,homp,laid out
other noun,confine,somp,laid out
other noun,confound,zent,laid out
other noun,congestion,vend,laid out
other noun,connector,folp,laid out
other noun,consequence,xolb,laid out
other noun,constellation,julf,laid out
other noun,constraint,Colv,laid out
other noun,container,cols,laid out
other noun,contempt,yulz,laid out
other noun,contest,rolt,laid out
other noun,context,lurt,laid out
other noun,continent,wolc,laid out
other noun,conversation,mald,laid out
other noun,conviction,nulk,laid out
other noun,convulse,gorp,laid out
other noun,coral,dorb,laid out
other noun,cord,burv,laid out
other noun,cork,purv,laid out
other noun,corn,tors,laid out
other noun,corner,korz,laid out
other noun,corpse,hurt,laid out
other noun,cot,sord,laid out
other noun,cotton,zurk,laid out
other noun,council,varg,laid out
other noun,courage,feps,laid out
other noun,course,xaft,laid out
other noun,cousin,jeft,laid out
other noun,covenant,Ceps,laid out
other noun,coward,ceks,laid out
other noun,crab,yeks,laid out
other noun,cradle,regz,laid out
other noun,crane,lubz,laid out
other noun,crank,wogz,laid out
other noun,crater,mets,laid out
other noun,creak,nedj,laid out
other noun,cream,getx,laid out
other noun,crease,disp,laid out
other noun,creature,busp,laid out
other noun,creek,prej,laid out
other noun,crest,troC,laid out
other noun,crew,kroc,laid out
other noun,crime,hoj,laid out
other noun,crimson,spul,laid out
other noun,criterion,zis,laid out
other noun,critic,vren,laid out
other noun,critique,floq,laid out
other noun,crocodile,xez,laid out
other noun,crouch,jot,laid out
other noun,crow,Cup,laid out
other noun,crumb,cot,laid out
other noun,crumple,yak,laid out
other noun,crunch,rec,laid out
other noun,crust,loC,laid out
other noun,crustacean,wuv,laid out
other noun,crystal,mond,laid out
other noun,cucumber,neC,laid out
other noun,cuddle,giv,laid out
other noun,culture,diq,laid out
other noun,cumin,baj,laid out
other noun,cup,pud,laid out
other noun,curd,tem,laid out
other noun,curdle,kit,laid out
other noun,curiosity,hej,laid out
other noun,currency,seq,laid out
other noun,curtain,zas,laid out
other noun,cushion,vep,laid out
other noun,custom,fab,laid out
other noun,cuticle,xiz,laid out
other noun,cyclone,jut,laid out
other noun,cypress,Cet,laid out
other noun,cyst,cis,laid out
other noun,dad,yus,laid out
other noun,dai,rac,laid out
other noun,dandy,laC,laid out
other noun,dangle,wef,laid out
other noun,daughter,mund,laid out
other noun,dawn,noC,laid out
other noun,daylight,geC,laid out
other noun,debris,doc,laid out
other noun,deceit,bemp,laid out
other noun,defense,pint,laid out
other noun,deficit,tond,laid out
other noun,deity,kent,laid out
other noun,delude,hend,laid out
other noun,demon,sulp,laid out
other noun,density,zulb,laid out
other noun,dent,volf,laid out
other noun,depot,fols,laid out
other noun,depression,xuls,laid out
other noun,deprive,jolz,laid out
other noun,despair,Colt,laid out
other noun,dessert,colt,laid out
other noun,destination,yolc,laid out
other noun,destiny,ruld,laid out
other noun,devil,lark,laid out
other noun,dew,worp,laid out
other noun,diagram,morb,laid out
other noun,dial,narf,laid out
other noun,dialect,gorv,laid out
other noun,diaphragm,durs,laid out
other noun,diet,burz,laid out
other noun,dignity,purt,laid out
other noun,dill,tork,laid out
other noun,disaster,kurg,laid out
other noun,disease,hurg,laid out
other noun,disk,soft,laid out
other noun,distance,zuft,laid out
other noun,district,vuft,laid out
other noun,doctor,faps,laid out
other noun,doctrine,xoks,laid out
other noun,dollar,joks,laid out
other noun,domain,Cobz,laid out
other noun,dome,cobz,laid out
other noun,dose,yugz,laid out
other noun,dot,ruts,laid out
other noun,dough,ludj,laid out
other noun,dragon,wodz,laid out
other noun,drama,modz,laid out
other noun,dread,nosk,laid out
other noun,droop,gosp,laid out
other noun,drought,dost,laid out
other noun,duck,braq,laid out
other noun,duct,prug,laid out
other noun,dusk,txid,laid out
other noun,dwarf,krub,laid out
other noun,eagle,huj,laid out
other noun,ease,spet,laid out
other noun,eave,zef,laid out
other noun,echinoderm,vros,laid out
other noun,eco,fop,laid out
other noun,ecstasy,xoz,laid out
other noun,eel,jat,laid out
other noun,eggplant,Cop,laid out
other noun,ego,cut,laid out
other noun,ember,yas,laid out
other noun,embryo,rent,laid out
other noun,emergency,luc,laid out
other noun,emit,wov,laid out
other noun,empathy,mand,laid out
other noun,emphasis,niC,laid out
other noun,empire,gev,laid out
other noun,employ,djig,laid out
other noun,encode,beC,laid out
other noun,encompass,pad,laid out
other noun,entertain,tan,laid out
other noun,entropy,koC,laid out
other noun,envelope,haj,laid out
other noun,enzyme,sed,laid out
other noun,equilibrium,zof,laid out
other noun,erosion,vap,laid out
other noun,escort,fat,laid out
other noun,essay,xuz,laid out
other noun,essence,jis,laid out
other noun,eternity,Cez,laid out
other noun,ethics,cev,laid out
other noun,eucalyptus,yof,laid out
other noun,evidence,ront,laid out
other noun,evolution,lic,laid out
other noun,example,wiC,laid out
other noun,exclusion,malp,laid out
other noun,expansion,nor,laid out
other noun,exposure,gemp,laid out
other noun,expression,dump,laid out
other noun,extent,bont,laid out
other noun,exterior,pind,laid out
other noun,extinct,tiqk,laid out
other noun,extrude,kulp,laid out
other noun,eyelash,hulb,laid out
other noun,fabric,solf,laid out
other noun,fact,zulv,laid out
other noun,factor,vuls,laid out
other noun,fad,fulz,laid out
other noun,fairy,xulz,laid out
other noun,fame,jolt,laid out
other noun,fan,Culd,laid out
other noun,fantasy,culd,laid out
other noun,fare,yolk,laid out
other noun,fashion,rogz,laid out
other noun,fastener,lurg,laid out
other noun,fault,wurf,laid out
other noun,favor,marv,laid out
other noun,feast,nars,laid out
other noun,feces,gurz,laid out
other noun,fee,dork,laid out
other noun,feminism,bord,laid out
other noun,fennel,porg,laid out
other noun,festival,turg,laid out
other noun,feud,koft,laid out
other noun,fever,hift,laid out
other noun,fiber,sibz,laid out
other noun,fiction,ziks,laid out
other noun,filament,viks,laid out
other noun,fin,fibz,laid out
other noun,fist,xibz,laid out
other noun,fizz,jogz,laid out
other noun,flair,Cots,laid out
other noun,flap,cidj,laid out
other noun,flaw,yitx,laid out
other noun,flax,ridz,laid out
other noun,flinch,lisk,laid out
other noun,floor,wisp,laid out
other noun,flour,must,laid out
other noun,fluff,naC,laid out
other noun,flute,grok,laid out
other noun,foam,dris,laid out
other noun,folk,buC,laid out
other noun,font,plev,laid out
other noun,fool,txef,laid out
other noun,forage,krix,laid out
other noun,formula,haC,laid out
other noun,fortune,spiC,laid out
other noun,fossil,zix,laid out
other noun,fountain,vut,laid out
other noun,fowl,fip,laid out
other noun,fragrance,xaz,laid out
other noun,frenzy,jek,laid out
other noun,frequency,Cip,laid out
other noun,friction,cet,laid out
other noun,fright,yiz,laid out
other noun,fumble,rint,laid out
other noun,funeral,loc,laid out
other noun,funnel,waf,laid out
other noun,furnace,molb,laid out
other noun,furniture,nec,laid out
other noun,fuse,gux,laid out
other noun,gap,deq,laid out
other noun,garage,biC,laid out
other noun,garlic,pib,laid out
other noun,garment,tud,laid out
other noun,gasoline,kuC,laid out
other noun,gateway,hec,laid out
other noun,gauge,sot,laid out
other noun,gel,zux,laid out
other noun,gem,viz,laid out
other noun,gender,foz,laid out
other noun,genesis,xev,laid out
other noun,genius,jif,laid out
other noun,geometry,Cix,laid out
other noun,germ,cij,laid out
other noun,gestation,yiC,laid out
other noun,gesture,rund,laid out
other noun,gill,lar,laid out
other noun,ginger,wimp,laid out
other noun,ginseng,mulb,laid out
other noun,girl,niqk,laid out
other noun,glance,gind,laid out
other noun,gland,doqk,laid out
other noun,glaze,bulp,laid out
other noun,gloom,polb,laid out
other noun,glory,tulf,laid out
other noun,gluttony,kulv,laid out
other noun,gonad,huls,laid out
other noun,gong,sulz,laid out
other noun,goose,zalt,laid out
other noun,gourd,valt,laid out
other noun,grace,fulc,laid out
other noun,gram,xold,laid out
other noun,grant,julk,laid out
other noun,gratitude,Curp,laid out
other noun,gravity,carb,laid out
other noun,grease,yurf,laid out
other noun,greed,rugz,laid out
other noun,grief,leps,laid out
other noun,grin,wurz,laid out
other noun,groin,mort,laid out
other noun,grove,nard,laid out
other noun,grudge,gurk,laid out
other noun,gull,durg,laid out
other noun,gum,bift,laid out
other noun,gurgle,pift,laid out
other noun,guy,tips,laid out
other noun,habit,kegz,laid out
other noun,habitat,hiks,laid out
other noun,hail,sebz,laid out
other noun,hall,zots,laid out
other noun,halo,vogz,laid out
other noun,harbor,fits,laid out
other noun,harp,xidj,laid out
other noun,hat,jitx,laid out
other noun,hay,Cidz,laid out
other noun,hazard,cisk,laid out
other noun,haze,yisp,laid out
other noun,he,rust,laid out
other noun,health,lec,laid out
other noun,heap,wox,laid out
other noun,heel,malb,laid out
other noun,height,nic,laid out
other noun,heir,gric,laid out
other noun,helm,daq,laid out
other noun,hemp,boC,laid out
other noun,hen,prum,laid out
other noun,herb,trun,laid out
other noun,herd,kluq,laid out
other noun,heritage,huc,laid out
other noun,hierarchy,skid,laid out
other noun,hip,zex,laid out
other noun,history,vrip,laid out
other noun,hive,fep,laid out
other noun,hog,xav,laid out
other noun,holder,jik,laid out
other noun,holiday,Cep,laid out
other noun,honey,cus,laid out
other noun,hood,yez,laid out
other noun,hoof,rind,laid out
other noun,horizon,lac,laid out
other noun,hormone,wix,laid out
other noun,hospital,mulv,laid out
other noun,hotel,noc,laid out
other noun,hover,gox,laid out
other noun,hub,dos,laid out
other noun,hue,bec,laid out
other noun,hull,paz,laid out
other noun,hum,tif,laid out
other noun,humility,keC,laid out
other noun,humor,hic,laid out
other noun,hump,soC,laid out
other noun,husk,zax,laid out
other noun,hut,vux,laid out
other noun,hydrogen,fij,laid out
other noun,hypocrite,xeC,laid out
other noun,hypothesis,juc,laid out
other noun,icon,Camp,laid out
other noun,idiom,cal,laid out
other noun,idol,yint,laid out
other noun,immune,rand,laid out
other noun,impair,lund,laid out
other noun,impulse,wiqk,laid out
other noun,income,malv,laid out
other noun,indent,nalb,laid out
other noun,industry,galf,laid out
other noun,inertia,dols,laid out
other noun,inflame,bals,laid out
other noun,inflammation,palz,laid out
other noun,ingredient,tulk,laid out
other noun,inherit,kolc,laid out
other noun,inn,huld,laid out
other noun,input,sulk,laid out
other noun,instance,zalk,laid out
other noun,instinct,varp,laid out
other noun,institution,farb,laid out
other noun,instrument,xarf,laid out
other noun,integer,jarv,laid out
other noun,intellect,Corz,laid out
other noun,interfere,carz,laid out
other noun,interior,yart,laid out
other noun,interval,rigz,laid out
other noun,intervene,lips,laid out
other noun,intestine,waft,laid out
other noun,invalidate,meft,laid out
other noun,involution,nups,laid out
other noun,iridescent,geps,laid out
other noun,item,deks,laid out
other noun,jab,buts,laid out
other noun,jacket,pobz,laid out
other noun,jail,tigz,laid out
other noun,jar,kigz,laid out
other noun,jaundice,hots,laid out
other noun,jelly,sadz,laid out
other noun,jerk,zitx,laid out
other noun,jewelry,vedz,laid out
other noun,joint,fadz,laid out
other noun,jolt,xosp,laid out
other noun,journal,jasp,laid out
other noun,journey,Cast,laid out
other noun,jug,cos,laid out
other noun,jumbo,yoz,laid out
other noun,junction,rulp,laid out
other noun,jungle,lemp,laid out
other noun,junk,wex,laid out
other noun,kangaroo,mols,laid out
other noun,kettle,nac,laid out
other noun,keyboard,glub,laid out
other noun,kidney,dog,laid out
other noun,kit,buc,laid out
other noun,kitchen,prok,laid out
other noun,knight,trus,laid out
other noun,knob,kaC,laid out
other noun,knuckle,hoc,laid out
other noun,ladder,skof,laid out
other noun,lady,zaj,laid out
other noun,lamb,vet,laid out
other noun,lamp,fap,laid out
other noun,landform,xef,laid out
other noun,latency,jok,laid out
other noun,laurel,Cap,laid out
other noun,lava,cas,laid out
other noun,lavender,yaz,laid out
other noun,layer,ralp,laid out
other noun,leather,lomp,laid out
other noun,ledge,wax,laid out
other noun,legend,muls,laid out
other noun,legume,nemp,laid out
other noun,leisure,gix,laid out
other noun,lemon,des,laid out
other noun,length,bic,laid out
other noun,lens,piv,laid out
other noun,lentil,tof,laid out
other noun,lesion,kuc,laid out
other noun,lesson,hac,laid out
other noun,lettuce,saC,laid out
other noun,lever,zuC,laid out
other noun,lexicon,vaC,laid out
other noun,liberty,fac,laid out
other noun,library,xump,laid out
other noun,lice,jomp,laid out
other noun,lid,Cunt,laid out
other noun,lightning,cant,laid out
other noun,limb,yand,laid out
other noun,lineage,rulb,laid out
other noun,linen,lops,laid out
other noun,liquor,walf,laid out
other noun,loaf,mals,laid out
other noun,lobe,nols,laid out
other noun,lobster,gulz,laid out
other noun,loft,dulk,laid out
other noun,loin,bolt,laid out
other noun,lone,pulc,laid out
other noun,loom,talk,laid out
other noun,lore,karf,laid out
other noun,lot,hurp,laid out
other noun,lowland,sorb,laid out
other noun,loyalty,zurf,laid out
other noun,luggage,vars,laid out
other noun,lure,fars,laid out
other noun,luxury,xurz,laid out
other noun,magma,jurt,laid out
other noun,magnitude,Curd,laid out
other noun,mammal,curk,laid out
other noun,mane,yarg,laid out
other noun,mango,ragz,laid out
other noun,mania,lups,laid out
other noun,march,weps,laid out
other noun,marker,maps,laid out
other noun,marriage,nogz,laid out
other noun,marrow,gaks,laid out
other noun,marsh,dabz,laid out
other noun,marvel,bots,laid out
other noun,mast,puts,laid out
other noun,mat,tadj,laid out
other noun,material,ketx,laid out
other noun,matrix,hudz,laid out
other noun,matte,spal,laid out
other noun,meadow,zask,laid out
other noun,meal,vasp,laid out
other noun,mechanic,froq,laid out
other noun,mechanism,xuf,laid out
other noun,media,juk,laid out
other noun,medicine,Cat,laid out
other noun,melancholy,cuz,laid out
other noun,melody,yiv,laid out
other noun,melon,rolb,laid out
other noun,mesh,lump,laid out
other noun,metabolism,woj,laid out
other noun,metaphor,mulk,laid out
other noun,meter,nimp,laid out
other noun,method,gex,laid out
other noun,microbe,deg,laid out
other noun,midnight,boc,laid out
other noun,mile,pub,laid out
other noun,military,toq,laid out
other noun,millet,koc,laid out
other noun,mineral,hur,laid out
other noun,minister,slin,laid out
other noun,mint,zeC,laid out
other noun,miracle,vuk,laid out
other noun,missile,fik,laid out
other noun,mist,xif,laid out
other noun,mixture,jos,laid out
other noun,mob,Cok,laid out
other noun,module,ciz,laid out
other noun,moisture,yav,laid out
other noun,mollusk,ralb,laid out
other noun,molt,lamp,laid out
other noun,momentum,wij,laid out
other noun,monopoly,molk,laid out
other noun,monster,nomp,laid out
other noun,monument,gax,laid out
other noun,mope,duv,laid out
other noun,mosquito,bac,laid out
other noun,moth,paf,laid out
other noun,motive,tuj,laid out
other noun,motor,kic,laid out
other noun,mottle,hor,laid out
other noun,mound,sac,laid out
other noun,mucus,zomp,laid out
other noun,muffle,vomp,laid out
other noun,mug,famp,laid out
other noun,murmur,xend,laid out
other noun,museum,jand,laid out
other noun,mush,Caqk,laid out
other noun,music,culb,laid out
other noun,mustard,yulf,laid out
other noun,muzzle,rolv,laid out
other noun,myth,laps,laid out
other noun,nap,wulz,laid out
other noun,nation,malk,laid out
other noun,native,nalt,laid out
other noun,nausea,galc,laid out
other noun,navy,dalk,laid out
other noun,nectar,balk,laid out
other noun,needle,porb,laid out
other noun,niche,turf,laid out
other noun,nipple,korv,laid out
other noun,nitrogen,horv,laid out
other noun,nobody,surz,laid out
other noun,noise,zurt,laid out
other noun,noon,vart,laid out
other noun,norm,furk,laid out
other noun,nostril,xork,laid out
other noun,nuance,jurg,laid out
other noun,nuisance,Cift,laid out
other noun,nutrient,caft,laid out
other noun,nylon,yaft,laid out
other noun,oar,rets,laid out
other noun,oat,labz,laid out
other noun,oath,waks,laid out
other noun,obligation,mabz,laid out
other noun,oblige,nugz,laid out
other noun,obstacle,gats,laid out
other noun,obtuse,dats,laid out
other noun,occasion,badj,laid out
other noun,octave,pudz,laid out
other noun,octopus,tadz,laid out
other noun,odor,kasp,laid out
other noun,offense,hasp,laid out
other noun,office,sput,laid out
other noun,offspring,ziC,laid out
other noun,ointment,vras,laid out
other noun,olive,froz,laid out
other noun,omen,xof,laid out
other noun,oneself,jes,laid out
other noun,oneway,Cik,laid out
other noun,onion,coz,laid out
other noun,opinion,yuf,laid out
other noun,opponent,ralv,laid out
other noun,opportunity,lind,laid out
other noun,option,wuj,laid out
other noun,oracle,marb,laid out
other noun,ore,nump,laid out
other noun,oregano,gij,laid out
other noun,organ,djeg,laid out
other noun,organism,bump,laid out
other noun,origin,peb,laid out
other noun,ornament,txip,laid out
other noun,ourself,kec,laid out
other noun,outcome,hump,laid out
other noun,ovary,soq,laid out
other noun,oven,zoC,laid out
other noun,owl,vok,laid out
other noun,pace,fuk,laid out
other noun,packet,xaf,laid out
other noun,pad,jez,laid out
other noun,paddle,Cuk,laid out
other noun,page,cez,laid out
other noun,pal,yef,laid out
other noun,pander,rols,laid out
other noun,panel,lond,laid out
other noun,pant,wej,laid out
other noun,parade,murf,laid out
other noun,paradox,neqk,laid out
other noun,parameter,goj,laid out
other noun,paramount,doj,laid out
other noun,parasite,bimp,laid out
other noun,parcel,paC,laid out
other noun,pardon,tind,laid out
other noun,parliament,komp,laid out
other noun,parse,hent,laid out
other noun,parsley,sint,laid out
other noun,partner,zant,laid out
other noun,passage,vand,laid out
other noun,passenger,fulp,laid out
other noun,pastry,xulb,laid out
other noun,pasture,jolf,laid out
other noun,pathway,Culv,laid out
other noun,patter,culs,laid out
other noun,paw,yolz,laid out
other noun,pea,rult,laid out
other noun,peach,logz,laid out
other noun,pear,wulc,laid out
other noun,peck,marf,laid out
other noun,pellet,nolk,laid out
other noun,pelvis,gurp,laid out
other noun,penalty,durb,laid out
other noun,peninsula,borv,laid out
other noun,penis,parv,laid out
other noun,pepper,turs,laid out
other noun,percent,kurz,laid out
other noun,period,hart,laid out
other noun,periphery,sork,laid out
other noun,perspective,zurg,laid out
other noun,pertain,veft,laid out
other noun,pest,feks,laid out
other noun,phenomenon,xups,laid out
other noun,phoneme,jaft,laid out
other noun,piece,Caps,laid out
other noun,pierce,caks,laid out
other noun,pigment,yaks,laid out
other noun,pill,rats,laid out
other noun,pillow,ligz,laid out
other noun,pilot,wagz,laid out
other noun,pimple,mats,laid out
other noun,pinch,notx,laid out
other noun,pitch,gidz,laid out
other noun,pith,dusp,laid out
other noun,pixel,bosp,laid out
other noun,plait,pluv,laid out
other noun,plasma,txif,laid out
other noun,plateau,krox,laid out
other noun,platform,hunt,laid out
other noun,pledge,spoC,laid out
other noun,plot,zaC,laid out
other noun,plow,vik,laid out
other noun,plum,fis,laid out
other noun,plume,xiC,laid out
other noun,pock,jiz,laid out
other noun,pocket,Cek,laid out
other noun,poetry,caz,laid out
other noun,poise,yaf,laid out
other noun,poke,ruls,laid out
other noun,pole,land,laid out
other noun,policy,waj,laid out
other noun,pond,murs,laid out
other noun,population,naqk,laid out
other noun,porch,gej,laid out
other noun,port,djiv,laid out
other noun,portal,bomp,laid out
other noun,pot,pab,laid out
other noun,potato,txoj,laid out
other noun,pouch,kac,laid out
other noun,powder,hont,laid out
other noun,pre,suq,laid out
other noun,precision,zec,laid out
other noun,predator,vuz,laid out
other noun,presume,fas,laid out
other noun,prick,xoC,laid out
other noun,prickle,joz,laid out
other noun,primate,Cak,laid out
other noun,principle,cav,laid out
other noun,prison,yex,laid out
other noun,privilege,rals,laid out
other noun,procedure,luqk,laid out
other noun,product,woC,laid out
other noun,profit,mors,laid out
other noun,projection,nolf,laid out
other noun,prong,goc,laid out
other noun,propaganda,dur,laid out
other noun,property,bent,laid out
other noun,prophecy,pont,laid out
other noun,prophet,tund,laid out
other noun,proportion,kant,laid out
other noun,prose,hand,laid out
other noun,prostitute,salp,laid out
other noun,protein,zolb,laid out
other noun,protocol,vulf,laid out
other noun,proxy,fuls,laid out
other noun,pry,xols,laid out
other noun,puck,julz,laid out
other noun,pulley,Cult,laid out
other noun,puncture,cult,laid out
other noun,pupil,yulc,laid out
other noun,puppet,rold,laid out
other noun,purpose,lugz,laid out
other noun,pus,wurp,laid out
other noun,quake,morz,laid out
other noun,quality,norv,laid out
other noun,quantity,gurv,laid out
other noun,quantum,dars,laid out
other noun,quest,barz,laid out
other noun,quill,pord,laid out
other noun,quota,turk,laid out
other noun,rabbit,karg,laid out
other noun,racket,horg,laid out
other noun,radio,suft,laid out
other noun,raid,zeft,laid out
other noun,rail,vaft,laid out
other noun,ransom,fiks,laid out
other noun,ratchet,xeks,laid out
other noun,ray,juks,laid out
other noun,receipt,Cubz,laid out
other noun,recipe,cebz,laid out
other noun,recruit,yegz,laid out
other noun,recur,rodj,laid out
other noun,redeem,litx,laid out
other noun,refrain,widz,laid out
other noun,region,medz,laid out
other noun,relapse,nusk,laid out
other noun,relation,gusp,laid out
other noun,relief,dest,laid out
other noun,religion,brul,laid out
other noun,remainder,prem,laid out
other noun,remnant,tren,laid out
other noun,remorse,kroq,laid out
other noun,repetition,hoqk,laid out
other noun,reputation,skud,laid out
other noun,rescue,zic,laid out
other noun,residue,vrep,laid out
other noun,resource,fez,laid out
other noun,restaurant,xaC,laid out
other noun,restraint,juz,laid out
other noun,retain,Cis,laid out
other noun,revenge,cof,laid out
other noun,rhetoric,yux,laid out
other noun,rib,ralt,laid out
other noun,riddle,leqk,laid out
other noun,ridge,wuC,laid out
other noun,ridicule,murz,laid out
other noun,rifle,nulf,laid out
other noun,rift,gaj,laid out
other noun,rim,djom,laid out
other noun,rinse,bunt,laid out
other noun,rite,pev,laid out
other noun,ritual,teg,laid out
other noun,rivet,kind,laid out
other noun,rob,hiqk,laid out
other noun,robot,sad,laid out
other noun,rocket,zoc,laid out
other noun,rodent,vez,laid out
other noun,role,fuv,laid out
other noun,romance,xec,laid out
other noun,room,jaz,laid out
other noun,roost,Caz,laid out
other noun,rosemary,cif,laid out
other noun,rowdy,yox,laid out
other noun,rumble,rald,laid out
other noun,rumor,loqk,laid out
other noun,rupture,wuc,laid out
other noun,rye,marz,laid out
other noun,sac,nalf,laid out
other noun,saddle,gamp,laid out
other noun,sag,demp,laid out
other noun,salad,bant,laid out
other noun,saliva,pund,laid out
other noun,sanctuary,toqk,laid out
other noun,sandwich,kalp,laid out
other noun,sane,halb,laid out
other noun,satire,salf,laid out
other noun,satisfaction,zuls,laid out
other noun,sauce,vals,laid out
other noun,sausage,falz,laid out
other noun,savanna,xalz,laid out
other noun,scalp,jalt,laid out
other noun,scandal,Cald,laid out
other noun,scarf,cald,laid out
other noun,scene,yalk,laid out
other noun,scent,rudj,laid out
other noun,schema,lagz,laid out
other noun,scholar,warf,laid out
other noun,science,mart,laid out
other noun,scold,norz,laid out
other noun,scorn,gurt,laid out
other noun,scrap,durk,laid out
other noun,script,bork,laid out
other noun,scruff,purg,laid out
other noun,sculpture,targ,laid out
other noun,secretion,kuft,laid out
other noun,sect,huft,laid out
other noun,sediment,sabz,laid out
other noun,seep,zuks,laid out
other noun,segment,voks,laid out
other noun,seminar,febz,laid out
other noun,sensation,xubz,laid out
other noun,sequence,jugz,laid out
other noun,series,Cuts,laid out
other noun,serum,cudj,laid out
other noun,sesame,yotx,laid out
other noun,session,rudz,laid out
other noun,sewage,losk,laid out
other noun,sex,wesp,laid out
other noun,shackle,mest,laid out
other noun,shadow,nals,laid out
other noun,shard,grib,laid out
other noun,shark,drip,laid out
other noun,she,bond,laid out
other noun,sheath,prak,laid out
other noun,shelf,txas,laid out
other noun,shield,krez,laid out
other noun,shin,haqk,laid out
other noun,shirt,skuf,laid out
other noun,shoe,zuc,laid out
other noun,shred,vrij,laid out
other noun,shrimp,fov,laid out
other noun,shrine,xuc,laid out
other noun,siege,jev,laid out
other noun,signature,Ces,laid out
other noun,silicon,cuf,laid out
other noun,silk,yax,laid out
other noun,sill,rolk,laid out
other noun,sister,liqk,laid out
other noun,site,woc,laid out
other noun,situation,murd,laid out
other noun,sizzle,nolc,laid out
other noun,skeleton,gec,laid out
other noun,skirt,duf,laid out
other noun,skull,bind,laid out
other noun,slander,pov,laid out
other noun,slant,tib,laid out
other noun,slave,kond,laid out
other noun,sled,hulp,laid out
other noun,sleeve,sak,laid out
other noun,slobber,zac,laid out
other noun,slogan,vaz,laid out
other noun,slot,fiv,laid out
other noun,sloth,xoc,laid out
other noun,slur,juf,laid out
other noun,smear,Cox,laid out
other noun,smolder,cuj,laid out
other noun,snack,yoC,laid out
other noun,snail,rulk,laid out
other noun,snare,luts,laid out
other noun,snob,womp,laid out
other noun,snoop,mard,laid out
other noun,snort,nulc,laid out
other noun,snot,gond,laid out
other noun,snout,duqk,laid out
other noun,snug,balp,laid out
other noun,soap,palb,laid out
other noun,sock,talf,laid out
other noun,solo,kols,laid out
other noun,solution,holz,laid out
other noun,son,salz,laid out
other noun,soot,zolc,laid out
other noun,sorcery,vulc,laid out
other noun,soup,falc,laid out
other noun,spade,xald,laid out
other noun,sparrow,jalk,laid out
other noun,spasm,Carp,laid out
other noun,spear,corf,laid out
other noun,species,yarf,laid out
other noun,speck,ridj,laid out
other noun,sperm,lits,laid out
other noun,spinach,warz,laid out
other noun,spire,mork,laid out
other noun,spleen,nurk,laid out
other noun,splendor,gark,laid out
other noun,sponge,darg,laid out
other noun,spool,buft,laid out
other noun,spoon,poft,laid out
other noun,spore,tups,laid out
other noun,sport,kugz,laid out
other noun,spouse,heks,laid out
other noun,spout,sugz,laid out
other noun,squeak,zuts,laid out
other noun,squeeze,vugz,laid out
other noun,squirm,futs,laid out
other noun,stability,xodj,laid out
other noun,stair,jutx,laid out
other noun,stamina,Codz,laid out
other noun,stance,cesk,laid out
other noun,starch,yusp,laid out
other noun,stash,rest,laid out
other noun,statue,lots,laid out
other noun,stew,wic,laid out
other noun,steward,murk,laid out
other noun,stimulus,nalc,laid out
other noun,stock,grex,laid out
other noun,stool,def,laid out
other noun,strait,buqk,laid out
other noun,strand,proc,laid out
other noun,strap,tig,laid out
other noun,strategy,kend,laid out
other noun,stratum,holp,laid out
other noun,straw,skon,laid out
other noun,street,zemp,laid out
other noun,stripe,vreg,laid out
other noun,stroll,fev,laid out
other noun,strut,xac,laid out
other noun,stubble,jiv,laid out
other noun,student,Cos,laid out
other noun,substance,cef,laid out
other noun,substrate,yuj,laid out
other noun,sue,ralk,laid out
other noun,suffix,lets,laid out
other noun,sugar,wec,laid out
other noun,sulfur,mark,laid out
other noun,summer,nalk,laid out
other noun,summit,guc,laid out
other noun,sunrise,dof,laid out
other noun,sunset,biqk,laid out
other noun,supersede,puv,laid out
other noun,surgery,tej,laid out
other noun,surplus,kulb,laid out
other noun,surrender,halp,laid out
other noun,suspicion,sont,laid out
other noun,swamp,zimp,laid out
other noun,swarm,voj,laid out
other noun,sword,foj,laid out
other noun,sympathy,xemp,laid out
other noun,symptom,jec,laid out
other noun,syntax,Cint,laid out
other noun,syrup,comp,laid out
other noun,table,yont,laid out
other noun,tablet,redj,laid out
other noun,tact,lats,laid out
other noun,tale,wuqk,laid out
other noun,talent,maft,laid out
other noun,talon,norp,laid out
other noun,tangent,gulv,laid out
other noun,tank,duls,laid out
other noun,tap,balt,laid out
other noun,tape,palc,laid out
other noun,tattoo,torf,laid out
other noun,tea,kulc,laid out
other noun,television,harp,laid out
other noun,template,solk,laid out
other noun,tempo,zurp,laid out
other noun,tendency,vurb,laid out
other noun,tendril,forz,laid out
other noun,tension,xorv,laid out
other noun,tent,jors,laid out
other noun,tentacle,Curz,laid out
other noun,terror,cort,laid out
other noun,testis,yord,laid out
other noun,texture,radj,laid out
other noun,thaw,lotx,laid out
other noun,theater,wips,laid out
other noun,theme,moks,laid out
other noun,thief,nops,laid out
other noun,thigh,gups,laid out
other noun,threat,diks,laid out
other noun,threshold,bets,laid out
other noun,thrift,pubz,laid out
other noun,throat,togz,laid out
other noun,throb,kagz,laid out
other noun,thud,hits,laid out
other noun,thumb,spot,laid out
other noun,thunder,zutx,laid out
other noun,thyme,vidz,laid out
other noun,ticket,fesk,laid out
other noun,tickle,xusp,laid out
other noun,tilt,jost,laid out
other noun,timber,Cus,laid out
other noun,tin,caf,laid out
other noun,title,yoj,laid out
other noun,toast,rutx,laid out
other noun,tobacco,letx,laid out
other noun,toil,wac,laid out
other noun,toilet,muks,laid out
other noun,tomato,nurp,laid out
other noun,tomb,gliq,laid out
other noun,ton,djag,laid out
other noun,tornado,boqk,laid out
other noun,torso,prub,laid out
other noun,tortilla,trep,laid out
other noun,tow,kolb,laid out
other noun,tradeoff,hulf,laid out
other noun,traffic,sug,laid out
other noun,trail,zamp,laid out
other noun,trajectory,vij,laid out
other noun,trance,fav,laid out
other noun,transmit,xamp,laid out
other noun,trash,jov,laid out
other noun,traverse,Civ,laid out
other noun,tread,cix,laid out
other noun,tremor,yij,laid out
other noun,trench,rotx,laid out
other noun,trespass,lutx,laid out
other noun,trinket,wur,laid out
other noun,troop,meks,laid out
other noun,truce,narp,laid out
other noun,tub,gac,laid out
other noun,tuft,duj,laid out
other noun,tumor,beqk,laid out
other noun,tuna,pav,laid out
other noun,turtle,tiC,laid out
other noun,tusk,kalb,laid out
other noun,tutor,holf,laid out
other noun,twirl,sunt,laid out
other noun,twitch,zend,laid out
other noun,umbrella,voc,laid out
other noun,uniform,far,laid out
other noun,union,xind,laid out
other noun,unit,jemp,laid out
other noun,urchin,Cont,laid out
other noun,urine,cund,laid out
other noun,uterus,yeqk,laid out
other noun,vacation,rodz,laid out
other noun,van,latx,laid out
other noun,vapor,wolv,laid out
other noun,vault,migz,laid out
other noun,vector,nurz,laid out
other noun,vein,galz,laid out
other noun,velocity,durf,laid out
other noun,vent,bolc,laid out
other noun,verse,pold,laid out
other noun,version,tarf,laid out
other noun,vice,karv,laid out
other noun,victory,horb,laid out
other noun,video,sarb,laid out
other noun,vigor,zarf,laid out
other noun,village,vurd,laid out
other noun,vinegar,furz,laid out
other noun,vintage,xurt,laid out
other noun,virgin,jart,laid out
other noun,virus,Card,laid out
other noun,vision,cark,laid out
other noun,voltage,yips,laid out
other noun,volume,radz,laid out
other noun,voyage,ludz,laid out
other noun,wage,wops,laid out
other noun,wagon,megz,laid out
other noun,waist,nagz,laid out
other noun,walnut,gobz,laid out
other noun,ware,digz,laid out
other noun,wart,bits,laid out
other noun,wasp,pots,laid out
other noun,waterbody,tusk,laid out
other noun,watercourse,kitx,laid out
other noun,watt,hedz,laid out
other noun,weapon,spuC,laid out
other noun,weasel,zosp,laid out
other noun,web,vost,laid out
other noun,whim,frol,laid out
other noun,whine,xond,laid out
other noun,whirl,juv,laid out
other noun,whisker,Cov,laid out
other noun,wicket,cex,laid out
other noun,width,yej,laid out
other noun,wig,rosk,laid out
other noun,wiggle,lidz,laid out
other noun,wine,wump,laid out
other noun,wink,mogz,laid out
other noun,winter,narz,laid out
other noun,wit,gor,laid out
other noun,witch,djev,laid out
other noun,witness,baqk,laid out
other noun,wizard,pox,laid out
other noun,wobble,txuj,laid out
other noun,womb,kolf,laid out
other noun,wrist,half,laid out
other noun,yam,slor,laid out
other noun,yard,zind,laid out
other noun,yeast,vej,laid out
other noun,yum,fuC,laid out
quality,alive,mugz,laid out
quality,broken,nort,laid out
quality,clear,gur,laid out
quality,danger,dij,laid out
quality,dead,bulf,laid out
quality,full,pix,laid out
quality,heavy,teC,laid out
quality,narrow,kalf,laid out
quality,strong,halv,laid out
quality,stuck,sant,laid out
quality,thick,zand,laid out
quality,thin,vaj,laid out
quality,true,faC,laid out
quality,vague,xand,laid out
quality,wide,jic,laid out
time,always,midj,laid out
time,begin,nurt,laid out
time,early,gunt,laid out
time,evening,daj,laid out
time,late,balf,laid out
time,moment,pax,laid out
time,morning,tuC,laid out
time,never,kulf,laid out
time,often,hulv,laid out
time,season,sund,laid out
time,short,zund,laid out
time,young,vuj,laid out
world,ancestor,modj,laid out
world,awe,norg,laid out
world,balance,gint,laid out
world,breath,deC,laid out
world,effort,bolf,laid out
world,elder,pux,laid out
world,grit,toC,laid out
world,honor,kuls,laid out
world,host,hulz,laid out
world,nostalgia,sond,laid out
world,patience,zond,laid out
world,pause,vec,laid out
world,rest,feC,laid out
world,revere,xund,laid out
world,silence,joc,laid out
world,sorrow,Cent,laid out
world,yearn,cimp,laid out
shape,angle,mudj,laid out
shape,cylinder,nurg,laid out
shape,diameter,gont,laid out
shape,disc,diC,laid out
shape,helix,bulc,laid out
shape,hyperbola,pex,laid out
shape,knot,tend,laid out
shape,lattice,kals,laid out
shape,orb,hurb,laid out
shape,parabola,sind,laid out
shape,plane,ziqk,laid out
shape,polygon,vac,laid out
shape,prism,fiC,laid out
shape,ring,xuqk,laid out
shape,rod,jac,laid out
shape,sheet,Cant,laid out
shape,slab,cump,laid out
shape,sphere,yunt,laid out
shape,wedge,resk,laid out
speak,answer,medj,laid out
speak,mean,narg,laid out
speak,say,gent,laid out
speak,sing,doC,laid out
speak,speak,balc,laid out
speak,story,poj,laid out
speak,whisper,tand,laid out
animal,ant,mitx,laid out
animal,bat,nips,laid out
animal,bear,gend,laid out
animal,bee,duC,laid out
animal,bug,burp,laid out
animal,deer,puj,laid out
animal,egg,teqk,laid out
animal,elephant,kalc,laid out
animal,feather,harb,laid out
animal,fox,send,laid out
animal,fur,zoqk,laid out
animal,horn,vor,laid out
animal,mouse,foC,laid out
animal,rat,xiqk,laid out
animal,seal,jor,laid out
animal,sheep,Cind,laid out
animal,spider,cemp,laid out
animal,whale,yent,laid out
animal,worm,rusp,laid out
body,arm,metx,laid out
body,chest,naps,laid out
body,ear,gand,laid out
body,finger,daC,laid out
body,hair,barp,laid out
body,heart,pij,laid out
body,knee,talp,laid out
body,lung,karz,laid out
body,muscle,harv,laid out
body,neck,sulb,laid out
body,shoulder,zaqk,laid out
body,toe,vur,laid out
make,art,motx,laid out
make,belt,neps,laid out
make,bolt,guqk,laid out
make,cable,dar,laid out
make,clamp,bort,laid out
make,computer,pej,laid out
make,craft,tolp,laid out
make,design,kurt,laid out
make,engine,hurs,laid out
make,gear,solb,laid out
make,groove,zulf,laid out
make,hinge,vamp,laid out
make,latch,fol,laid out
make,letter,xoqk,laid out
make,map,jur,laid out
make,mark,Cond,laid out
make,notch,camp,laid out
make,peg,yant,laid out
make,picture,risp,laid out
make,plug,ledz,laid out
make,screw,woqk,laid out
make,shaft,madz,laid out
make,skill,nots,laid out
make,socket,golv,laid out
make,spring,dals,laid out
make,valve,burt,laid out
make,wire,puld,laid out
thing,bag,misk,laid out
thing,cloth,nits,laid out
thing,food,giqk,laid out
thing,form,dol,laid out
thing,glass,bart,laid out
thing,house,paj,laid out
thing,knife,tulp,laid out
thing,line,keft,laid out
thing,matter,hars,laid out
thing,oil,salb,laid out
thing,paper,zolf,laid out
thing,road,vent,laid out
thing,rope,fal,laid out
thing,round,xeqk,laid out
thing,salt,jar,laid out
thing,shape,Cund,laid out
thing,size,cind,laid out
thing,stick,yoqk,laid out
thing,thing,rosp,laid out
thing,wall,lodz,laid out
thing,wheel,waqk,laid out
thing,window,musk,laid out
nature,bark,mosk,laid out
nature,bean,nuts,laid out
nature,berry,goqk,laid out
nature,bush,damp,laid out
nature,cactus,burk,laid out
nature,dust,puc,laid out
nature,earth,tolb,laid out
nature,fern,kaft,laid out
nature,fungus,hurd,laid out
nature,grain,solv,laid out
nature,hill,zalf,laid out
nature,island,vint,laid out
nature,lake,fint,laid out
nature,lichen,xaqk,laid out
nature,lily,jamp,laid out
nature,nut,Cend,laid out
nature,oak,cond,laid out
nature,palm,yuqk,laid out
nature,pine,resp,laid out
nature,reed,ladz,laid out
nature,rice,wolp,laid out
nature,root,mesk,laid out
nature,sap,nets,laid out
nature,sea,galv,laid out
nature,shore,dorf,laid out
nature,stem,bark,laid out
nature,storm,pald,laid out
nature,thorn,tars,laid out
nature,trunk,keps,laid out
nature,valley,harg,laid out
nature,vine,surf,laid out
nature,weed,zorp,laid out
nature,wheat,varb,laid out
nature,wind,farz,laid out
being,become,misp,laid out
being,birth,nats,laid out
being,decay,gaqk,laid out
being,die,dont,laid out
being,happen,burg,laid out
being,live,poc,laid out
being,occur,talb,laid out
being,remain,kips,laid out
being,stop,heft,laid out
mind,believe,mosp,laid out
mind,decide,nitx,laid out
mind,ignore,geqk,laid out
mind,judge,dent,laid out
mind,notice,borg,laid out
mind,remember,pic,laid out
mind,wonder,tulb,laid out
relate,belong,masp,laid out
relate,contain,nutx,laid out
relate,even,galp,laid out
relate,not,dant,laid out
relate,only,barg,laid out
relate,so,pec,laid out
relate,still,talv,laid out
relate,with,kaps,laid out
do,bind,musp,laid out
do,break,netx,laid out
do,build,gulp,laid out
do,cook,dunt,laid out
do,cut,baft,laid out
do,fix,pur,laid out
do,help,tulv,laid out
do,hurt,kups,laid out
do,join,haft,laid out
do,shut,sulv,laid out
do,split,zals,laid out
do,tie,vunt,laid out
sense,bitter,mesp,laid out
sense,cool,nadz,laid out
sense,dirty,golp,laid out
sense,hard,dint,laid out
sense,hear,beft,laid out
sense,hot,pant,laid out
sense,loud,tolv,laid out
sense,rough,kops,laid out
sense,smell,hups,laid out
sense,smooth,salv,laid out
sense,sour,zols,laid out
sense,wet,vont,laid out
spirit,bless,nidz,laid out
spirit,curse,nedz,laid out
spirit,faith,gald,laid out
spirit,folly,daqk,laid out
spirit,heaven,bups,laid out
spirit,holy,pend,laid out
spirit,luck,tols,laid out
spirit,sacred,kets,laid out
spirit,virtue,hips,laid out
number,both,nodz,laid out
number,half,nudz,laid out
number,least,gold,laid out
number,less,dolp,laid out
number,more,bips,laid out
number,most,piqk,laid out
number,nine,tuls,laid out
number,none,kats,laid out
number,same,hops,laid out
number,some,sult,laid out
number,ten,zalc,laid out
social,buy,nask,laid out
social,city,nesp,laid out
social,country,guld,laid out
social,debt,dalp,laid out
social,duty,beps,laid out
social,law,peqk,laid out
social,money,torz,laid out
social,owe,kits,laid out
social,own,haps,laid out
social,price,salt,laid out
social,rule,zulc,laid out
social,sell,veqk,laid out
social,town,fant,laid out
social,war,xalb,laid out
move,carry,nisp,laid out
move,drift,nasp,laid out
move,flow,garp,laid out
move,fly,dulp,laid out
move,jump,baps,laid out
move,lift,puqk,laid out
move,pass,turz,laid out
move,roll,kots,laid out
move,shake,haks,laid out
move,turn,solt,laid out
people,crowd,nosp,laid out
people,enemy,nusp,laid out
people,kin,garb,laid out
people,king,dolb,laid out
people,man,bops,laid out
people,other,poqk,laid out
people,people,tark,laid out
people,self,kuts,laid out
people,stranger,hoks,laid out
people,woman,sarf,laid out
flow,current,nist,laid out
flow,pulse,nest,laid out
flow,ripple,gorb,laid out
flow,scatter,dalb,laid out
flow,spiral,bats,laid out
flow,spread,palf,laid out
flow,stream,taps,laid out
flow,surge,katx,laid out
flow,swirl,hobz,laid out
flow,tide,surk,laid out
flow,twist,zarp,laid out
feel,enjoy,nast,laid out
feel,envy,nost,laid out
feel,feel,gurb,laid out
feel,glad,dulb,laid out
feel,hate,bitx,laid out
feel,pity,pulf,laid out
feel,proud,tops,laid out
feel,relax,kutx,laid out
feel,shame,hubz,laid out
feel,suffer,sift,laid out
feel,trust,zarv,laid out
feel,worry,viqk,laid out
math,fraction,garv,laid out
math,power,gars,laid out
math,ratio,gors,laid out
math,set,darf,laid out
math,sum,butx,laid out
prime,i,gurs,laid out
prime,kind,gart,laid out
prime,much,gort,laid out
prime,very,dorz,laid out
prime,when,betx,laid out
