word,domains,uses
of,63,35813
the,56,7225
and,54,13849
in,54,6697
up,49,1379
to,48,5812
on,48,1452
free,48,848
double,47,958
water,46,2198
point,44,691
short,43,1184
air,43,1056
off,43,664
down,43,564
high,42,1711
light,42,1359
open,42,709
red,41,1704
by,40,3272
for,40,2232
long,40,1519
cross,40,797
head,39,1385
line,39,1037
black,39,1005
field,39,644
side,39,500
eye,38,1617
post,38,1365
life,38,716
face,38,307
blood,37,19784
body,37,2190
de,37,1153
single,37,939
back,37,937
ground,37,313
non,36,8449
white,36,1549
time,36,1413
second,36,697
fire,36,619
one,35,15154
hand,35,1340
low,35,1314
out,35,1105
lead,35,816
base,35,652
top,35,318
small,34,2372
mass,34,1118
soft,34,872
end,34,776
set,34,688
part,34,647
dry,34,539
over,34,374
square,34,355
drop,34,224
salt,33,6396
with,33,6250
group,33,4750
blue,33,1521
work,33,1036
common,33,971
natural,33,823
deep,33,511
bar,33,254
run,33,247
foot,32,1098
self,32,986
surface,32,977
lower,32,972
block,32,898
ring,32,897
new,32,803
round,32,527
cold,32,489
two,32,447
direct,32,368
bottom,32,136
touch,32,116
human,31,27360
control,31,6221
heart,31,2124
chain,31,1784
oil,31,1759
order,31,1011
at,31,1003
root,31,896
death,31,864
silver,31,778
first,31,695
from,31,668
home,31,568
cut,31,386
go,31,316
medium,31,259
cell,30,18063
type,30,12048
system,30,6760
skin,30,2581
central,30,2257
right,30,1502
green,30,996
sex,30,960
tree,30,815
sea,30,765
stone,30,581
three,30,396
active,30,352
earth,30,331
hard,30,320
action,30,291
dead,30,266
force,30,214
spot,30,206
break,30,200
charge,30,185
complex,29,4692
nuclear,29,3102
plant,29,2776
form,29,2340
iron,29,1477
color,29,1104
state,29,739
horse,29,654
center,29,628
no,29,604
half,29,463
flow,29,461
man,29,442
hot,29,386
change,29,377
crown,29,373
ball,29,372
wave,29,341
fast,29,254
full,29,254
play,29,206
split,29,199
simple,29,168
cast,29,135
compound,28,2723
test,28,2254
joint,28,1980
large,28,1286
american,28,1011
pressure,28,959
scale,28,958
heat,28,863
gas,28,792
space,28,781
st,28,764
magnetic,28,576
old,28,381
floor,28,356
wind,28,245
do,28,228
good,28,226
place,28,213
mark,28,179
big,28,177
fall,28,149
bear,28,116
beta,27,21590
ii,27,4390
positive,27,3370
process,27,3247
level,27,1178
wall,27,917
paper,27,850
physical,27,830
ice,27,696
fat,27,593
case,27,555
brown,27,540
power,27,530
bed,27,503
sound,27,463
land,27,454
great,27,417
west,27,392
shell,27,349
world,27,301
stick,27,254
spring,27,230
pole,27,217
rest,27,201
it,27,174
re,27,166
pass,27,143
quarter,27,124
catch,27,111
chemical,26,10239
animal,26,6879
stage,26,3847
primary,26,2309
as,26,1854
unit,26,1565
class,26,1367
box,26,1254
hair,26,1148
area,26,1103
glass,26,927
energy,26,766
rock,26,760
day,26,724
age,26,689
gold,26,652
internal,26,606
house,26,556
tongue,26,554
indian,26,548
angle,26,505
north,26,397
range,26,397
french,26,382
gray,26,372
nose,26,362
minor,26,346
flat,26,337
whole,26,326
take,26,299
blind,26,249
star,26,216
fly,26,200
track,26,191
away,26,190
turn,26,190
tip,26,159
put,26,132
flash,26,122
strike,26,93
love,26,86
alpha,25,21361
or,25,3943
brain,25,1931
food,25,1881
channel,25,1689
transfer,25,1304
yellow,25,1056
ear,25,1018
middle,25,982
motor,25,958
plate,25,755
fish,25,727
standard,25,726
rate,25,650
ray,25,625
all,25,617
major,25,547
get,25,464
seed,25,459
game,25,381
mineral,25,321
pan,25,267
reverse,25,260
bank,25,248
stock,25,247
pit,25,202
roll,25,196
straight,25,194
golden,25,193
call,25,178
cloud,25,144
shoot,25,135
hole,25,131
hold,25,127
real,25,115
beat,25,105
crack,25,74
acid,24,65280
radiation,24,18918
factor,24,12389
growth,24,8822
bone,24,4383
family,24,4383
pre,24,1098
number,24,1038
neck,24,992
copper,24,901
co,24,867
substance,24,798
male,24,765
electric,24,714
weight,24,708
mouth,24,674
cap,24,663
military,24,636
release,24,622
leaf,24,592
milk,24,575
zone,24,530
heavy,24,516
egg,24,485
third,24,396
south,24,360
section,24,358
pick,24,342
east,24,306
brush,24,268
way,24,256
key,24,248
closed,24,245
cover,24,245
saint,24,241
disk,24,239
be,24,226
grand,24,222
snow,24,218
net,24,213
living,24,209
sun,24,202
drive,24,184
speed,24,181
german,24,176
figure,24,174
little,24,174
loose,24,174
flag,24,172
piece,24,167
wing,24,150
triple,24,141
check,24,138
flight,24,124
pitch,24,116
storm,24,107
like,23,3988
dental,23,3077
anti,23,2826
wood,23,1893
breast,23,1819
oral,23,1475
service,23,1313
upper,23,1054
tube,23,1000
organic,23,998
function,23,971
mixed,23,958
general,23,830
phase,23,804
public,23,752
core,23,719
chinese,23,491
size,23,461
clear,23,458
birth,23,402
japanese,23,387
contact,23,385
night,23,355
bag,23,330
coal,23,303
loop,23,292
tail,23,283
linear,23,271
bottle,23,270
four,23,269
strain,23,256
stand,23,243
an,23,241
dark,23,238
belt,23,221
wire,23,219
hook,23,218
fine,23,201
under,23,180
content,23,177
make,23,175
wash,23,165
slip,23,153
come,23,146
return,23,136
angular,23,133
reserve,23,120
through,23,119
polar,23,116
train,23,96
swing,23,76
development,22,7378
grade,22,7211
negative,22,2450
specific,22,1661
medical,22,1636
loss,22,1302
secondary,22,1296
product,22,1288
organ,22,1013
art,22,866
school,22,645
al,22,598
formation,22,591
lip,22,580
arm,22,573
structure,22,533
exchange,22,529
native,22,487
orange,22,472
band,22,468
support,22,452
image,22,427
sand,22,397
la,22,378
cup,22,373
eastern,22,363
grass,22,361
solid,22,350
industrial,22,341
press,22,309
waste,22,302
bond,22,292
english,22,269
series,22,246
radio,22,242
shape,22,241
sub,22,217
live,22,214
snake,22,207
true,22,203
palm,22,198
balance,22,194
front,22,190
patent,22,187
start,22,180
walk,22,174
string,22,169
dutch,22,165
stop,22,152
rule,22,151
desert,22,150
pull,22,149
blast,22,143
mud,22,143
strip,22,136
semi,22,131
tap,22,116
mexican,22,113
moon,22,103
rain,22,95
pop,22,88
blow,22,86
hit,22,68
bubble,22,59
transport,21,2601
pro,21,2365
concentration,21,1654
stem,21,1207
agent,21,1131
dog,21,1053
social,21,1039
count,21,978
name,21,873
information,21,866
juvenile,21,724
pattern,21,694
international,21,572
cat,21,571
intermediate,21,561
board,21,484
mercury,21,482
nail,21,473
fruit,21,466
signal,21,456
cone,21,449
cycle,21,449
matter,21,446
leg,21,433
liquid,21,412
disc,21,411
film,21,408
speech,21,381
motion,21,371
effect,21,366
well,21,359
broad,21,348
bell,21,330
frame,21,308
grain,21,306
war,21,301
mechanical,21,292
after,21,286
branch,21,270
plus,21,263
trade,21,252
sweet,21,248
pin,21,247
rabbit,21,242
pink,21,229
special,21,211
patch,21,202
fourth,21,199
fold,21,192
border,21,189
street,21,189
distance,21,185
main,21,175
step,21,169
vertical,21,167
tear,21,161
sponge,21,155
raw,21,144
draw,21,139
into,21,138
snap,21,138
dip,21,129
give,21,120
grey,21,119
show,21,119
circle,21,115
russian,21,108
burn,21,107
weather,21,106
scratch,21,104
mother,21,103
rise,21,84
centre,21,68
drug,20,20617
supply,20,12472
muscle,20,3620
tissue,20,3508
iii,20,2344
tooth,20,1987
care,20,1913
alcohol,20,1768
score,20,1690
activity,20,1682
delta,20,1607
left,20,1401
visual,20,1096
material,20,1081
molecular,20,1042
adult,20,959
shock,20,873
machine,20,789
table,20,784
metal,20,758
layer,20,754
female,20,744
african,20,725
car,20,688
terminal,20,688
mental,20,687
biological,20,652
index,20,617
national,20,615
external,20,600
card,20,531
inner,20,517
western,20,446
european,20,427
normal,20,358
chicken,20,353
tin,20,351
composite,20,347
outer,20,345
horn,20,336
term,20,330
flower,20,329
mountain,20,328
business,20,302
pig,20,300
target,20,290
wild,20,275
tie,20,260
legal,20,258
island,20,252
corn,20,248
sign,20,248
bridge,20,242
atomic,20,235
wine,20,233
political,20,230
taste,20,222
roman,20,213
relative,20,208
crystal,20,189
discharge,20,187
union,20,185
ridge,20,184
country,20,183
cluster,20,181
course,20,181
greek,20,181
guinea,20,181
road,20,178
close,20,176
position,20,174
slow,20,171
sheet,20,166
italian,20,160
attack,20,151
bearing,20,151
fifth,20,145
royal,20,143
crop,20,132
turkey,20,128
fan,20,125
hunting,20,123
dot,20,106
flame,20,104
throw,20,99
shift,20,95
bull,20,91
spur,20,90
stay,20,90
carry,20,83
colour,20,77
fair,20,75
parallel,20,72
see,20,68
upon,20,56
even,20,47
mouse,19,14712
data,19,6255
style,19,2537
multiple,19,1663
finger,19,1197
element,19,1093
sleep,19,1000
ion,19,992
early,19,890
partial,19,788
total,19,775
trial,19,716
reaction,19,711
resistance,19,687
volume,19,674
movement,19,628
cellular,19,623
computer,19,619
shaped,19,585
quality,19,538
soil,19,531
media,19,530
book,19,525
united,19,510
bay,19,479
electron,19,478
sugar,19,468
object,19,464
basic,19,449
frequency,19,398
window,19,396
safety,19,395
word,19,384
production,19,360
personal,19,341
labor,19,328
optical,19,325
classical,19,317
steel,19,290
acoustic,19,284
plane,19,277
electrical,19,270
purple,19,258
tax,19,249
market,19,245
wheel,19,242
solar,19,241
pocket,19,233
false,19,227
baby,19,222
dust,19,212
peg,19,201
web,19,199
pump,19,198
six,19,180
civil,19,175
source,19,170
pot,19,167
travel,19,166
rack,19,164
bow,19,157
bowl,19,155
load,19,155
fixed,19,153
port,19,151
around,19,148
shot,19,137
farm,19,136
holy,19,136
bound,19,133
duck,19,132
narrow,19,132
australian,19,131
extra,19,129
universal,19,117
rough,19,116
measure,19,114
near,19,112
winter,19,112
dynamic,19,110
el,19,110
opening,19,103
cow,19,100
look,19,96
irish,19,93
flush,19,92
tan,19,91
flux,19,90
pay,19,89
poison,19,87
clean,19,83
floating,19,80
aggregate,19,78
stream,19,76
kick,19,72
gross,19,71
escape,19,70
pearl,19,70
peace,19,69
knock,19,63
drift,19,61
yield,19,59
puff,19,58
hang,19,52
fluid,18,15938
use,18,11219
hydrogen,18,3252
gamma,18,3242
fusion,18,1980
respiratory,18,1920
liver,18,1788
per,18,1717
cord,18,1555
vein,18,1538
cardiac,18,1528
iv,18,1403
matrix,18,1232
law,18,1200
plasma,18,1137
carbon,18,1130
based,18,1059
transmission,18,1046
artificial,18,785
building,18,783
smooth,18,716
sulfur,18,706
due,18,700
toe,18,699
date,18,686
stress,18,686
sexual,18,682
tobacco,18,638
stomach,18,630
giant,18,620
shoulder,18,618
fiber,18,567
nitrogen,18,565
digital,18,562
functional,18,511
practice,18,417
late,18,401
lake,18,398
gum,18,395
structural,18,394
pulp,18,390
powder,18,386
pair,18,379
population,18,377
marine,18,368
pedal,18,358
forest,18,349
clay,18,339
length,18,332
pipe,18,314
plan,18,314
garden,18,309
urban,18,293
office,18,291
bird,18,288
beam,18,281
picture,18,277
rhythm,18,273
particle,18,271
axial,18,263
bundle,18,263
potential,18,263
association,18,261
spanish,18,260
composition,18,244
thermal,18,243
para,18,240
current,18,236
walking,18,232
condensation,18,212
letter,18,210
camp,18,207
bread,18,193
generation,18,186
arms,18,178
twist,18,178
impact,18,175
academic,18,170
price,18,169
sense,18,162
bit,18,160
five,18,158
wear,18,157
edge,18,155
interest,18,153
ship,18,153
wet,18,150
elastic,18,149
jet,18,144
congo,18,141
mushroom,18,139
king,18,138
feather,18,136
lift,18,135
ocean,18,134
fox,18,132
horizontal,18,132
knot,18,127
tone,18,126
utility,18,122
ten,18,118
mid,18,116
honey,18,110
strong,18,108
contract,18,107
best,18,102
sharp,18,91
trip,18,91
mount,18,90
spread,18,83
approach,18,81
offset,18,79
stretch,18,75
deposit,18,74
eagle,18,73
advance,18,68
belly,18,68
forward,18,68
flip,18,66
deal,18,64
nest,18,58
cardinal,18,55
drag,18,51
sweep,18,50
zero,18,48
kill,18,45
plume,18,44
gene,17,10590
rat,17,7396
binding,17,6503
cancer,17,5378
nerve,17,4275
en,17,4250
health,17,3038
pain,17,2529
membrane,17,2523
organization,17,2123
culture,17,1751
vascular,17,1684
region,17,1289
storage,17,1141
lateral,17,1101
child,17,912
have,17,883
nasal,17,842
immune,17,772
basal,17,720
superior,17,718
river,17,668
hip,17,664
insect,17,624
environmental,17,603
reproductive,17,581
present,17,571
sequence,17,544
states,17,517
oxygen,17,507
capital,17,483
domestic,17,470
tool,17,469
modified,17,412
temporal,17,384
skeleton,17,383
tick,17,378
temperature,17,377
instrument,17,352
act,17,343
professional,17,340
neutral,17,315
physiological,17,312
cream,17,309
complete,17,307
division,17,301
economic,17,299
local,17,289
protective,17,282
church,17,264
transition,17,264
column,17,250
capacity,17,249
smoke,17,249
gap,17,248
working,17,246
rose,17,245
projection,17,236
spiral,17,235
diamond,17,231
multi,17,231
mole,17,224
chamber,17,222
private,17,221
roof,17,214
clock,17,209
monkey,17,204
battle,17,202
screw,17,195
pure,17,189
hybrid,17,187
rubber,17,180
circular,17,178
lock,17,178
ad,17,174
extension,17,173
guard,17,172
barrel,17,170
jack,17,157
persian,17,155
coast,17,151
mantle,17,151
bush,17,148
counter,17,148
stamp,17,148
variation,17,148
tension,17,147
combat,17,146
club,17,145
feed,17,145
passive,17,143
twin,17,140
saddle,17,139
wake,17,137
spirit,17,133
christian,17,132
margin,17,130
police,17,124
heel,17,117
flying,17,113
gravity,17,111
individual,17,109
warm,17,109
strand,17,108
portion,17,105
keep,17,102
push,17,101
fuel,17,98
die,17,97
mind,17,95
parts,17,95
japan,17,94
scrub,17,94
pack,17,93
fill,17,88
far,17,85
canadian,17,79
straw,17,78
flood,17,74
bitter,17,60
polish,17,60
turkish,17,60
lay,17,56
equatorial,17,54
swallow,17,53
cock,17,46
command,17,45
sky,17,38
stuff,17,35
slack,17,31
protein,16,96341
distribution,16,11036
related,16,4306
regulation,16,4297
cd,16,2911
kidney,16,1828
complement,16,1717
fatty,16,1557
retinal,16,1506
intestinal,16,1477
zinc,16,1439
linked,16,1163
exposure,16,1140
site,16,1085
peripheral,16,977
hearing,16,964
genetic,16,836
vessel,16,823
cavity,16,750
canal,16,679
event,16,591
resistant,16,589
radial,16,548
derivative,16,495
risk,16,490
density,16,488
sports,16,483
knee,16,471
repair,16,460
extract,16,458
processing,16,449
killer,16,448
elbow,16,436
pine,16,427
capillary,16,422
value,16,421
list,16,402
us,16,402
construction,16,401
sperm,16,387
religious,16,384
rod,16,381
stroke,16,381
door,16,377
about,16,376
nickel,16,375
sac,16,370
tea,16,366
training,16,365
mosaic,16,359
iris,16,356
coat,16,351
condition,16,351
wound,16,345
sweat,16,337
room,16,331
model,16,328
nut,16,320
eating,16,319
islands,16,305
record,16,302
crest,16,298
music,16,288
very,16,287
toll,16,284
city,16,280
origin,16,279
independent,16,278
bean,16,271
financial,16,264
property,16,263
variable,16,261
california,16,252
hammer,16,252
plastic,16,248
trim,16,246
thumb,16,245
absorption,16,244
wax,16,235
access,16,234
southern,16,233
cost,16,231
northern,16,229
limited,16,227
global,16,226
van,16,223
pea,16,216
race,16,212
pad,16,211
screen,16,199
ash,16,193
tropical,16,193
ski,16,187
asian,16,185
steam,16,182
limit,16,180
basket,16,179
commercial,16,177
strength,16,177
apple,16,175
bark,16,174
job,16,173
spider,16,171
olive,16,164
climbing,16,162
output,16,160
mixture,16,157
regular,16,154
claw,16,150
match,16,148
pet,16,147
credit,16,145
cotton,16,144
boot,16,140
crab,16,139
thin,16,139
import,16,138
conversion,16,137
absolute,16,133
project,16,133
seal,16,133
young,16,132
coordination,16,131
constant,16,129
elevation,16,129
fork,16,128
juice,16,128
mobile,16,128
salmon,16,127
treat,16,127
bill,16,124
magna,16,118
summer,16,115
trap,16,113
au,16,112
tank,16,111
rag,16,108
shield,16,108
view,16,106
peak,16,105
trace,16,104
link,16,103
focus,16,102
atlantic,16,101
finish,16,101
chip,16,100
lemon,16,99
impulse,16,97
account,16,95
indirect,16,94
freeze,16,93
difference,16,92
plain,16,91
korean,16,82
youth,16,81
trust,16,79
victoria,16,79
hill,16,76
will,16,76
random,16,71
comfort,16,66
goose,16,66
texas,16,66
row,16,65
search,16,64
fault,16,63
ace,16,61
flare,16,61
cash,16,60
magic,16,59
passage,16,57
rent,16,57
shower,16,56
draft,16,53
whip,16,53
jam,16,52
virgin,16,52
seventh,16,51
pyramid,16,50
pigeon,16,48
snuff,16,48
peach,16,47
gall,16,46
devil,16,44
bob,16,41
raise,16,40
fringe,16,38
rip,16,37
acceleration,16,35
dash,16,33
lie,16,33
history,15,21644
disease,15,9074
nursing,15,7837
language,15,4389
di,15,2450
infection,15,2000
domain,15,1778
response,15,1740
bacterial,15,1524
urinary,15,1476
component,15,1335
gastric,15,1265
bladder,15,1157
enzyme,15,1037
optic,15,1019
ratio,15,1002
facial,15,967
research,15,967
limb,15,888
not,15,845
progressive,15,761
carrier,15,759
neural,15,715
fracture,15,689
map,15,683
junction,15,648
rich,15,624
lens,15,621
sensory,15,614
expression,15,610
community,15,582
capsule,15,563
migration,15,555
carbonate,15,541
design,15,516
radical,15,428
fin,15,421
vi,15,414
leak,15,410
simplex,15,402
regional,15,397
communication,15,393
sport,15,383
performance,15,369
meat,15,343
dress,15,339
des,15,336
emergency,15,327
pharmaceutical,15,321
kit,15,309
satellite,15,301
recognition,15,296
transient,15,293
compression,15,292
periodic,15,282
depression,15,277
hour,15,275
gun,15,273
leather,15,272
circulation,15,269
fishing,15,268
drum,15,261
hat,15,259
continuous,15,257
closure,15,256
security,15,251
axis,15,250
radioactive,15,249
money,15,247
delivery,15,244
intensity,15,231
last,15,219
wheat,15,209
dance,15,204
sick,15,204
collar,15,202
mean,15,202
temporary,15,199
network,15,197
voice,15,195
lime,15,193
fraction,15,192
induction,15,190
marginal,15,188
relief,15,186
radius,15,181
gain,15,180
rail,15,180
butter,15,172
bite,15,169
party,15,168
spike,15,167
slit,15,159
transit,15,159
tertiary,15,158
degree,15,156
residual,15,155
can,15,151
translation,15,149
critical,15,148
defense,15,148
oblique,15,145
pool,15,143
breath,15,141
bronze,15,141
naval,15,140
running,15,140
bat,15,138
china,15,138
pacific,15,137
button,15,135
rapid,15,135
permanent,15,134
carpet,15,133
foam,15,133
moving,15,133
beach,15,128
between,15,128
mold,15,128
poor,15,127
traffic,15,127
coral,15,126
average,15,124
maximum,15,124
separation,15,122
equal,15,120
stain,15,117
circuit,15,116
threshold,15,116
feature,15,115
consumption,15,110
cage,15,105
hands,15,105
sector,15,104
standing,15,103
bad,15,102
eight,15,101
still,15,101
alkali,15,99
chop,15,99
conduct,15,99
visible,15,99
town,15,95
demand,15,94
hop,15,94
jelly,15,93
mix,15,93
hunt,15,91
lag,15,91
cause,15,90
butterfly,15,88
plug,15,88
slate,15,87
alpine,15,86
calf,15,86
issue,15,83
bus,15,82
cod,15,81
lap,15,81
proof,15,81
height,15,80
jump,15,79
rush,15,78
let,15,77
span,15,76
conflict,15,74
ivory,15,71
rocket,15,71
soup,15,69
ionic,15,67
tilt,15,67
float,15,66
resolution,15,66
shade,15,66
christmas,15,65
echo,15,64
electromagnetic,15,64
buffalo,15,62
continental,15,62
prime,15,62
quick,15,59
wedge,15,59
arab,15,58
fresh,15,58
nature,15,57
extreme,15,56
bend,15,55
fundamental,15,54
static,15,54
cork,15,53
hay,15,52
burst,15,50
shadow,15,50
ghost,15,46
swedish,15,46
thrust,15,46
pace,15,45
arabian,15,44
crow,15,44
path,15,43
crash,15,40
cascade,15,38
con,15,36
express,15,36
separate,15,35
mate,15,34
shore,15,33
bang,15,29
reach,15,29
sodium,14,7036
diagnostic,14,6842
dna,14,4007
potassium,14,2831
nervous,14,2313
dependent,14,2025
clinical,14,1934
device,14,1781
nucleus,14,1777
surgical,14,1526
member,14,1513
study,14,1405
tract,14,1359
behavior,14,1093
node,14,984
metabolic,14,982
coronary,14,914
derived,14,770
colon,14,715
lipid,14,705
period,14,618
germ,14,615
arch,14,608
skeletal,14,595
gram,14,587
corpus,14,573
synthetic,14,555
chest,14,544
inferior,14,532
cattle,14,490
atom,14,482
infant,14,474
exercise,14,462
accessory,14,452
orbital,14,435
manual,14,429
platinum,14,417
replacement,14,415
rib,14,397
cleft,14,393
skull,14,381
knife,14,374
reflex,14,370
vii,14,369
bilateral,14,362
nd,14,362
reference,14,360
xi,14,358
foreign,14,357
umbilical,14,336
envelope,14,333
collection,14,324
program,14,318
john,14,293
needle,14,292
barrier,14,289
meter,14,284
modern,14,276
transverse,14,272
feet,14,271
government,14,269
girdle,14,268
trunk,14,267
file,14,264
shoe,14,251
tape,14,251
vehicle,14,251
molar,14,245
notch,14,245
aromatic,14,241
protection,14,241
san,14,241
spine,14,241
greater,14,240
trouble,14,234
nurse,14,232
primitive,14,231
role,14,231
staff,14,230
suspension,14,228
drinking,14,224
rights,14,222
cheese,14,216
da,14,212
reduction,14,211
anatomical,14,210
video,14,207
tunnel,14,205
mi,14,201
neo,14,199
court,14,198
camera,14,197
rice,14,188
et,14,182
boat,14,181
quartz,14,181
pen,14,178
damage,14,177
past,14,177
master,14,171
dwarf,14,169
british,14,168
pulse,14,166
diffusion,14,164
seven,14,164
se,14,161
id,14,160
pouch,14,158
silk,14,154
bulb,14,152
mill,14,151
bench,14,146
expansion,14,146
wool,14,145
daily,14,144
future,14,143
ribbon,14,142
spray,14,142
technical,14,142
agreement,14,140
amount,14,140
niger,14,139
wide,14,136
sum,14,135
dish,14,132
analog,14,131
address,14,129
kingdom,14,129
noise,14,128
shop,14,127
flour,14,125
mine,14,125
boundary,14,123
flap,14,123
note,14,123
cape,14,122
scarlet,14,122
velocity,14,122
comb,14,119
folk,14,117
mode,14,117
arc,14,116
ex,14,114
tar,14,113
along,14,110
principal,14,109
error,14,106
orbit,14,106
plague,14,106
canada,14,104
mat,14,104
micro,14,103
curve,14,101
executive,14,101
tall,14,98
hoof,14,97
smart,14,97
generic,14,96
displacement,14,95
leave,14,94
thread,14,93
wolf,14,93
groove,14,92
pork,14,92
tag,14,92
ultra,14,92
shelf,14,91
settlement,14,90
spin,14,90
swimming,14,90
collapse,14,89
queen,14,86
scan,14,86
submarine,14,86
final,14,85
concentrate,14,84
may,14,83
sight,14,83
fig,14,81
imperial,14,80
dome,14,79
across,14,77
establishment,14,76
register,14,76
charcoal,14,75
firm,14,75
super,14,75
throat,14,75
bucket,14,74
frog,14,74
arctic,14,73
justice,14,70
rattle,14,69
zealand,14,69
bengal,14,68
constitutional,14,68
pound,14,68
portuguese,14,67
nine,14,65
beef,14,64
mathematical,14,63
trail,14,63
choice,14,62
paris,14,62
swiss,14,62
beauty,14,61
together,14,61
grip,14,58
sixth,14,58
reality,14,57
rig,14,57
brazilian,14,56
direction,14,56
holding,14,55
higher,14,54
stalk,14,53
background,14,52
fit,14,50
linkage,14,50
dump,14,49
honor,14,49
jumping,14,49
shear,14,48
sit,14,47
sack,14,45
welsh,14,43
mess,14,41
lunar,14,40
concert,14,39
corona,14,38
growing,14,38
asiatic,14,37
click,14,35
costa,14,35
jazz,14,35
norwegian,14,35
boom,14,34
fog,14,34
retail,14,34
hungarian,14,33
flesh,14,32
harbor,14,32
dominican,14,31
shin,14,31
miss,14,30
spherical,14,30
dig,14,29
jordan,14,25
grind,14,23
bump,14,21
flop,14,21
splash,14,20
israeli,14,19
phosphate,13,6571
sulfate,13,4581
peptide,13,3916
gland,13,3372
oxide,13,3343
calcium,13,3232
acute,13,2901
education,13,2313
hormone,13,2176
ammonium,13,2049
lung,13,2012
spinal,13,1968
renal,13,1942
cyclic,13,1928
valve,13,1428
differentiation,13,1418
medicine,13,1229
code,13,1208
fetal,13,1112
abdominal,13,1026
serum,13,967
treatment,13,958
neonatal,13,938
dioxide,13,891
th,13,859
management,13,852
adhesion,13,836
dominant,13,818
hepatic,13,815
pigment,13,760
voltage,13,743
ca,13,739
lobe,13,638
variant,13,624
anal,13,614
combined,13,603
maintenance,13,603
memory,13,592
olfactory,13,590
bones,13,586
without,13,584
arterial,13,562
solution,13,544
connective,13,538
releasing,13,534
jaw,13,520
dose,13,510
reduced,13,493
feel,13,484
alcoholic,13,468
occupational,13,463
reactive,13,446
subject,13,435
auditory,13,429
science,13,418
assembly,13,414
electronic,13,405
genital,13,401
cement,13,396
ammonia,13,382
engineering,13,352
psychological,13,345
location,13,340
mast,13,330
placenta,13,307
violet,13,306
starch,13,302
sheath,13,295
inclusion,13,267
paint,13,267
pm,13,251
viii,13,251
sympathetic,13,246
attachment,13,238
cleavage,13,238
minute,13,238
sensitivity,13,238
caudal,13,226
parent,13,226
pore,13,224
guide,13,219
musical,13,218
policy,13,218
year,13,218
identification,13,215
moderate,13,214
coffee,13,210
cultural,13,208
vocal,13,208
ancient,13,206
making,13,206
contrast,13,204
valley,13,203
administrative,13,198
cutting,13,198
drainage,13,196
somatic,13,194
emission,13,191
conservation,13,188
potato,13,187
station,13,185
title,13,185
ill,13,181
mail,13,179
du,13,176
goat,13,174
suit,13,170
university,13,170
cherry,13,168
branched,13,167
ink,13,166
nigra,13,163
identity,13,162
company,13,161
asbestos,13,160
retention,13,159
corner,13,157
cuff,13,154
irregular,13,151
seat,13,150
consumer,13,148
breathing,13,145
probe,13,144
clip,13,140
burning,13,139
nile,13,138
mild,13,137
collateral,13,135
roller,13,134
aid,13,132
packaging,13,132
fashion,13,129
bee,13,128
bomb,13,128
operating,13,128
stable,13,128
interior,13,125
reading,13,122
geographic,13,121
max,13,120
switch,13,120
agency,13,116
bicycle,13,115
follow,13,115
tight,13,114
deck,13,113
mediterranean,13,112
mirror,13,111
aluminium,13,110
bullet,13,110
crush,13,107
men,13,107
morning,13,106
friction,13,105
meeting,13,105
presence,13,105
loading,13,104
transformation,13,104
india,13,103
dairy,13,102
depth,13,101
fur,13,101
marriage,13,101
spatial,13,100
lot,13,99
atmospheric,13,98
soda,13,97
temple,13,97
wedding,13,97
pilot,13,96
trench,13,91
entry,13,88
lesser,13,88
characteristic,13,87
pillar,13,87
cave,13,85
export,13,84
armed,13,82
investment,13,82
handle,13,81
ticket,13,81
grant,13,80
automatic,13,79
oxidation,13,79
rank,13,79
rotary,13,79
brass,13,78
oval,13,78
petroleum,13,77
quaternary,13,77
rocky,13,77
dam,13,75
equivalent,13,75
benefit,13,74
explosive,13,74
mongolian,13,74
disposition,13,73
streak,13,73
evening,13,72
blister,13,71
rolling,13,71
representation,13,70
spice,13,69
bloom,13,68
cane,13,68
efficiency,13,67
england,13,67
gut,13,67
against,13,66
virginia,13,64
greenhouse,13,62
rosette,13,62
sri,13,61
banana,13,60
fence,13,60
cry,13,59
experience,13,59
noble,13,59
additive,13,58
alaska,13,58
reflection,13,57
ferry,13,56
add,13,55
penny,13,55
upset,13,55
elasticity,13,54
oriental,13,54
song,13,54
scottish,13,53
po,13,52
formal,13,51
frost,13,51
czech,13,50
god,13,50
try,13,50
bog,13,49
carolina,13,48
curl,13,48
drip,13,48
fragmentation,13,48
proper,13,48
stripe,13,48
sour,13,47
hedge,13,46
ready,13,46
balanced,13,45
bare,13,44
chance,13,44
surf,13,44
say,13,42
inter,13,41
sole,13,41
sierra,13,40
mop,13,39
spit,13,39
bermuda,13,38
stump,13,38
beaver,13,37
fighting,13,36
harvest,13,36
knuckle,13,36
squeeze,13,36
build,13,35
hawk,13,35
shake,13,34
grace,13,33
jade,13,33
passion,13,33
pinch,13,32
prize,13,32
posture,13,31
charm,13,30
cuban,13,30
kid,13,30
mould,13,30
truth,13,29
partition,13,28
skip,13,27
hunger,13,25
fix,13,24
hell,13,24
soul,13,24
divide,13,21
stir,13,18
malaysian,13,16
shame,13,15
classification,12,26023
amino,12,11602
synthesis,12,9722
veterinary,12,7356
induced,12,6576
chloride,12,6016
acetate,12,4660
transcription,12,4517
measurement,12,4380
associated,12,3703
carboxylic,12,3419
trans,12,2916
species,12,2908
pulmonary,12,2622
ala,12,1951
people,12,1854
cerebral,12,1685
sinus,12,1520
duct,12,1429
activated,12,1342
posterior,12,1269
poly,12,1155
regulatory,12,1131
failure,12,1110
hospital,12,1076
infectious,12,1059
thoracic,12,1018
bovine,12,937
bile,12,919
diffuse,12,918
nitrate,12,905
anion,12,900
focal,12,874
gastrointestinal,12,860
prostate,12,855
status,12,807
vaginal,12,752
method,12,748
assessment,12,740
initiation,12,739
refractory,12,737
experimental,12,727
cortical,12,709
adrenergic,12,706
cation,12,696
molecule,12,690
activation,12,686
intellectual,12,620
disability,12,615
marrow,12,597
segment,12,550
fibrous,12,515
equine,12,501
insurance,12,494
technology,12,491
interstitial,12,486
personality,12,462
lambda,12,460
sheep,12,455
smoking,12,454
ventral,12,451
person,12,449
systemic,12,449
assay,12,437
monitoring,12,436
pa,12,435
embryonic,12,418
carbonic,12,413
histamine,12,412
mustard,12,412
diabetic,12,404
cobalt,12,403
lithium,12,402
lamp,12,394
facility,12,392
learning,12,389
elongation,12,383
tubular,12,382
carbohydrate,12,379
frontal,12,377
manganese,12,377
ix,12,376
library,12,370
me,12,369
carbonyl,12,368
pi,12,362
ab,12,355
follicle,12,347
spindle,12,347
phosphorus,12,344
inorganic,12,342
essential,12,341
preparation,12,338
iodine,12,335
vision,12,331
balloon,12,323
marble,12,323
agricultural,12,315
neuromuscular,12,312
canine,12,309
forming,12,308
fatigue,12,306
acting,12,305
character,12,298
solitary,12,289
adipose,12,281
print,12,281
traditional,12,273
epidermal,12,272
housing,12,270
arts,12,263
review,12,252
mt,12,249
dressing,12,245
bi,12,242
interaction,12,236
sensitive,12,235
concrete,12,234
alkaline,12,230
egyptian,12,230
superficial,12,229
cocaine,12,228
bud,12,225
apparatus,12,224
regulator,12,224
interval,12,220
toxic,12,220
intrinsic,12,219
saw,12,218
selective,12,218
recall,12,216
restriction,12,216
vitreous,12,212
fused,12,210
item,12,209
detection,12,208
gag,12,205
molybdenum,12,203
dissociation,12,191
historical,12,191
acidic,12,186
park,12,185
watch,12,185
maple,12,183
silicon,12,178
alternative,12,177
fertility,12,174
ha,12,172
mask,12,171
help,12,169
pectoral,12,169
na,12,168
peanut,12,166
win,12,165
federal,12,164
pseudo,12,164
longitudinal,12,162
mature,12,162
vacuum,12,162
edible,12,158
sickle,12,158
twenty,12,158
birch,12,157
anchor,12,155
donor,12,152
ph,12,151
games,12,150
apical,12,149
fragment,12,149
silicate,12,149
extended,12,146
bolt,12,145
intelligence,12,144
spotted,12,142
coin,12,141
supplement,12,141
incomplete,12,140
yeast,12,140
drill,12,139
software,12,139
solvent,12,138
tau,12,138
telephone,12,138
tower,12,137
educational,12,136
inversion,12,135
gauge,12,134
sampling,12,134
stool,12,134
quantity,12,133
household,12,132
piano,12,131
pile,12,131
scientific,12,131
gulf,12,130
only,12,130
store,12,130
fe,12,129
accumulation,12,128
ma,12,128
vital,12,127
dense,12,125
quantitative,12,125
atlas,12,124
inverted,12,124
sleeping,12,123
mining,12,122
berry,12,120
shooting,12,120
decision,12,119
selection,12,119
bead,12,116
criminal,12,115
doctor,12,114
truck,12,113
subdivision,12,112
bracket,12,110
battery,12,109
being,12,109
constitution,12,109
mary,12,109
discrimination,12,108
welfare,12,108
lineage,12,107
sap,12,105
serial,12,105
soap,12,104
affinity,12,103
athletic,12,103
grape,12,103
intensive,12,103
swamp,12,103
worm,12,103
analytical,12,102
shaft,12,100
consciousness,12,99
blanket,12,97
columnar,12,96
pesticide,12,96
filling,12,95
hanging,12,95
neutron,12,94
stiff,12,94
gate,12,92
chin,12,91
prairie,12,91
rot,12,91
inheritance,12,90
miniature,12,89
chalk,12,88
nitrous,12,88
yard,12,88
meal,12,87
phone,12,87
dock,12,86
france,12,86
snail,12,86
differential,12,85
so,12,85
minimum,12,84
si,12,84
corporate,12,83
pie,12,82
bet,12,81
silica,12,81
castor,12,79
silent,12,79
array,12,77
goods,12,77
panic,12,77
empty,12,76
rope,12,76
spiny,12,76
pale,12,75
onion,12,74
bulk,12,73
postal,12,73
conical,12,72
interface,12,72
breed,12,71
vibration,12,71
santa,12,69
volcanic,12,69
aqueous,12,68
mechanism,12,68
shark,12,68
brand,12,67
collective,12,67
ho,12,67
mint,12,67
fossil,12,66
halo,12,66
bin,12,63
hope,12,63
gift,12,62
harness,12,62
buffer,12,61
bo,12,60
danish,12,60
elephant,12,60
raising,12,60
rim,12,60
vertebrate,12,60
whistle,12,60
authority,12,59
equilibrium,12,59
eyes,12,59
lamb,12,59
he,12,58
march,12,58
altitude,12,57
cheek,12,57
scar,12,57
forces,12,56
humor,12,56
reform,12,56
atmosphere,12,55
economy,12,55
fiddle,12,55
mesh,12,55
outdoor,12,55
viscosity,12,55
york,12,55
one's,12,54
pia,12,54
quail,12,54
correspondence,12,53
leading,12,53
saturation,12,53
thai,12,53
cradle,12,52
litter,12,52
metallic,12,52
precipitation,12,52
bodily,12,51
slave,12,51
chi,12,50
slug,12,50
abstract,12,49
auto,12,49
defence,12,49
judgment,12,49
maternity,12,49
orthodox,12,49
election,12,48
vent,12,48
belgian,12,47
developing,12,47
ears,12,47
marshall,12,47
mound,12,47
gill,12,46
restraint,12,46
crew,12,45
hazard,12,45
musk,12,45
peel,12,45
rescue,12,45
dab,12,44
exhaust,12,44
georgia,12,44
going,12,44
bias,12,43
liberty,12,43
swim,12,43
ass,12,42
martial,12,42
ginger,12,41
hotel,12,41
kong,12,41
rainbow,12,41
refuse,12,41
tactile,12,41
variance,12,41
highly,12,40
alligator,12,38
flexible,12,38
baltic,12,37
beard,12,37
exit,12,37
rotation,12,37
semantic,12,37
apart,12,36
crossing,12,36
cuticle,12,36
kinetic,12,36
accommodation,12,35
alignment,12,35
broadcast,12,35
derivation,12,35
forth,12,35
habit,12,35
killing,12,35
rear,12,35
ruby,12,35
saudi,12,35
scheme,12,35
smell,12,35
bust,12,34
recess,12,34
swell,12,34
crescent,12,33
decline,12,32
indonesian,12,32
austrian,12,31
fate,12,31
hare,12,31
ram,12,31
spar,12,31
spell,12,31
trash,12,31
vietnamese,12,31
independence,12,30
intrusion,12,30
perch,12,30
slam,12,30
stratification,12,30
pour,12,29
nominal,12,28
cliff,12,27
gutter,12,27
melting,12,27
ping,12,27
prick,12,27
honeycomb,12,26
influence,12,26
jerusalem,12,26
addition,12,24
dirt,12,24
glow,12,23
poll,12,23
wage,12,23
client,12,21
combine,12,21
heave,12,20
laminar,12,20
concord,12,19
hum,12,19
lump,12,19
beginning,12,18
fleet,12,18
pall,12,18
chorus,12,16
methyl,11,36302
hydroxy,11,18105
therapy,11,18101
cerebrospinal,11,15273
ester,11,13396
administration,11,12845
analysis,11,12114
receptor,11,11181
deficiency,11,8934
surgery,11,7444
mortality,11,6838
virus,11,6600
diet,11,5542
genus,11,4764
cells,11,4142
amine,11,4098
inhibitor,11,3519
artery,11,3153
ether,11,1762
glucose,11,1634
anterior,11,1479
cervical,11,1456
insulin,11,1454
morphology,11,1454
his,11,1443
other,11,1407
pancreatic,11,1402
thyroid,11,1402
equipment,11,1389
uterine,11,1300
pathway,11,1229
glycine,11,1224
cutaneous,11,1218
distal,11,1188
esophageal,11,1099
atp,11,1084
pituitary,11,1057
entity,11,965
magnesium,11,957
activating,11,938
muscular,11,932
ar,11,891
collagen,11,885
advanced,11,861
urea,11,790
conjugate,11,787
indicator,11,786
serotonin,11,775
degeneration,11,766
steroid,11,751
acquired,11,732
ocular,11,726
developmental,11,715
fungal,11,690
sp,11,681
atrial,11,679
inflammatory,11,664
omega,11,657
adp,11,655
dorsal,11,627
ec,11,605
ribose,11,594
procedure,11,560
precursor,11,556
materials,11,536
alveolar,11,533
hydroxide,11,530
digestive,11,523
recombinant,11,522
epsilon,11,507
stimulating,11,507
abuse,11,502
aldehyde,11,501
cardiovascular,11,490
phosphoric,11,470
von,11,462
generalized,11,452
barium,11,451
serous,11,427
medial,11,425
assisted,11,419
sec,11,419
abortion,11,418
industry,11,413
nutrition,11,410
dye,11,406
proton,11,398
printing,11,389
cadmium,11,381
colony,11,381
drugs,11,369
gel,11,367
oak,11,367
antagonist,11,360
unknown,11,352
nodule,11,343
host,11,341
maternal,11,338
placental,11,336
writing,11,328
septum,11,324
football,11,320
testosterone,11,316
nodular,11,314
enamel,11,310
brick,11,309
distress,11,309
nitric,11,304
republic,11,304
mono,11,296
environment,11,291
feeding,11,290
subcutaneous,11,290
strontium,11,283
architecture,11,280
arrest,11,274
portal,11,273
peroxide,11,269
mediated,11,261
rd,11,254
perception,11,253
spectrum,11,251
latent,11,247
organism,11,246
ventilation,11,244
glandular,11,242
tennis,11,239
contraceptive,11,238
cosmetic,11,237
selenium,11,236
transportation,11,235
intravenous,11,229
nitrite,11,227
granular,11,226
pr,11,223
gadolinium,11,215
heating,11,214
soluble,11,212
teeth,11,212
catalytic,11,209
toy,11,208
determination,11,206
seminal,11,206
citrus,11,204
dimensional,11,203
hours,11,203
used,11,200
hall,11,199
immunity,11,199
lethal,11,199
airway,11,197
fixation,11,196
jersey,11,194
reason,11,194
bass,11,193
granule,11,193
tile,11,190
presentation,11,189
irradiation,11,188
observation,11,188
label,11,186
lace,11,186
chorionic,11,184
triangular,11,184
hockey,11,183
mobility,11,183
gravel,11,182
cutter,11,180
helix,11,178
log,11,177
rural,11,177
retrograde,11,174
mo,11,170
suicide,11,170
uptake,11,170
tolerance,11,168
application,11,167
fissure,11,166
vegetable,11,166
colloid,11,160
fecal,11,158
proportion,11,158
relations,11,158
vector,11,158
xii,11,158
sensation,11,155
sorting,11,154
monoxide,11,151
responsive,11,151
spoon,11,150
ultrasound,11,149
chief,11,148
degradation,11,147
os,11,147
adhesive,11,146
engine,11,144
bath,11,142
conductance,11,142
curved,11,140
deviation,11,140
operation,11,140
recovery,11,140
amniotic,11,139
cake,11,139
homo,11,139
comparative,11,136
council,11,136
gi,11,136
ne,11,135
tandem,11,135
analogue,11,132
thickness,11,132
detachment,11,130
orphan,11,130
landscape,11,129
pyramidal,11,128
islamic,11,127
reconstruction,11,127
toilet,11,127
audio,11,126
vault,11,126
rap,11,124
stratum,11,122
deficit,11,121
elemental,11,121
chestnut,11,120
hydraulic,11,120
rare,11,120
setting,11,120
woman,11,119
encounter,11,118
made,11,118
profile,11,118
excretion,11,116
survey,11,116
filament,11,115
plaster,11,115
permeability,11,114
commission,11,112
migratory,11,112
narcotic,11,112
complementary,11,111
basketball,11,109
coastal,11,109
ultraviolet,11,109
competition,11,108
tubercle,11,108
glue,11,107
messenger,11,107
formic,11,106
cleaning,11,105
latex,11,105
swelling,11,105
aquatic,11,104
coil,11,103
foundation,11,103
granite,11,103
hollow,11,103
deer,11,102
enteric,11,102
artistic,11,101
latin,11,101
saturated,11,101
chess,11,100
chocolate,11,100
driving,11,100
supporting,11,100
africa,11,99
hr,11,99
recreational,11,99
reducing,11,99
frozen,11,98
burden,11,97
sales,11,96
baseball,11,95
district,11,95
jar,11,94
cannabis,11,92
dollar,11,92
inventory,11,92
municipal,11,92
teaching,11,91
timing,11,91
vapor,11,91
alarm,11,90
chrome,11,88
ethnic,11,87
ceiling,11,86
healing,11,86
le,11,86
deaf,11,85
easy,11,85
integrated,11,85
pip,11,84
astronomical,11,83
america,11,82
argon,11,82
compact,11,82
speaking,11,82
automobile,11,80
employment,11,80
knowledge,11,80
smear,11,80
voluntary,11,80
labour,11,79
asia,11,78
sin,11,78
covered,11,76
cricket,11,76
km,11,76
adaptive,11,75
horseshoe,11,75
pathological,11,75
bony,11,74
europe,11,74
refractive,11,74
ward,11,74
impression,11,73
judicial,11,73
indigo,11,72
communications,11,71
lobster,11,71
accounting,11,70
bring,11,70
factory,11,70
squash,11,70
freedom,11,69
cabbage,11,68
deciduous,11,68
pica,11,68
australia,11,67
fear,11,67
gem,11,67
globe,11,67
rake,11,67
reproduction,11,67
census,11,66
democratic,11,66
grid,11,66
ore,11,66
pill,11,66
blade,11,65
broken,11,65
opacity,11,65
width,11,65
annular,11,64
breeding,11,64
hi,11,64
move,11,64
articulation,11,63
lady,11,63
task,11,63
tub,11,63
hen,11,62
pointed,11,62
official,11,61
alum,11,60
blank,11,60
paddle,11,60
goal,11,59
nutrient,11,59
pleasure,11,59
profit,11,59
sharing,11,59
shipping,11,59
stationary,11,59
gambling,11,58
prison,11,58
write,11,58
geological,11,57
oceanic,11,57
sequential,11,57
tide,11,57
cartilaginous,11,56
coarse,11,56
hawaiian,11,56
secret,11,56
beak,11,55
savings,11,55
breakfast,11,54
garland,11,54
nations,11,54
reef,11,54
stratified,11,54
bug,11,53
contour,11,53
shrimp,11,53
tiger,11,53
umbrella,11,53
underground,11,53
playing,11,52
voting,11,52
fancy,11,51
loan,11,51
planetary,11,51
navy,11,50
pear,11,50
dispersion,11,49
increase,11,49
inverse,11,49
stake,11,49
torch,11,48
aviation,11,47
sudan,11,47
talc,11,47
byzantine,11,46
radiant,11,46
wrap,11,46
brace,11,45
decay,11,45
slope,11,45
vanilla,11,45
warning,11,45
engagement,11,44
execution,11,44
natal,11,44
anglo,11,43
buck,11,43
rust,11,43
connection,11,42
enterprise,11,42
florida,11,42
least,11,42
ride,11,42
spain,11,42
acceptance,11,41
bright,11,41
formed,11,41
norway,11,41
pat,11,41
purchase,11,41
southeast,11,41
brussels,11,40
del,11,40
fibre,11,40
fun,11,40
ireland,11,40
sink,11,40
sporting,11,40
armenian,11,39
logic,11,39
settle,11,39
berlin,11,38
camel,11,38
curvature,11,38
keel,11,38
liability,11,38
panama,11,38
crane,11,37
dime,11,37
electrostatic,11,37
equation,11,37
harmonic,11,37
saving,11,37
sell,11,37
syrian,11,37
witch,11,37
destruction,11,36
foil,11,36
frank,11,36
maria,11,36
maritime,11,36
minus,11,36
prussian,11,36
purse,11,36
waiting,11,36
canonical,11,35
celestial,11,35
cereal,11,35
dirty,11,35
preference,11,35
find,11,34
share,11,34
surge,11,34
tufted,11,34
want,11,34
ask,11,33
canary,11,33
divorce,11,33
shank,11,33
stack,11,33
volunteer,11,33
couple,11,32
overhead,11,32
passing,11,32
prominence,11,32
spark,11,32
tender,11,32
budget,11,31
detergent,11,31
ditch,11,31
lean,11,31
perfect,11,31
ramp,11,31
shut,11,31
affairs,11,30
mock,11,30
reciprocal,11,30
rum,11,30
acidity,11,29
filler,11,29
oriented,11,29
propellant,11,29
rub,11,29
solo,11,29
sonic,11,29
sphere,11,29
twelve,11,29
wilderness,11,29
chilean,11,28
duplicate,11,28
moral,11,28
afro,11,27
kentucky,11,27
missouri,11,27
nick,11,27
oneself,11,27
sort,11,27
chile,11,26
cube,11,26
den,11,26
maltese,11,26
offer,11,26
spreading,11,26
tug,11,26
boulder,11,25
georgian,11,25
jamaica,11,25
linguistic,11,25
possession,11,25
blunt,11,24
draught,11,24
ease,11,24
ling,11,24
crazy,11,23
directional,11,23
philippine,11,23
romanian,11,23
slice,11,23
peruvian,11,22
rotational,11,22
spill,11,22
aside,11,21
bulgarian,11,21
distributed,11,21
mutual,11,21
parity,11,21
penetration,11,21
canton,11,20
emerald,11,20
ending,11,20
mare,11,20
quiet,11,20
rally,11,20
respect,11,20
afghan,11,19
boiling,11,19
suck,11,19
parcel,11,18
advantage,11,17
bunker,11,17
sapphire,11,17
creep,11,16
fare,11,16
moor,11,16
cambodian,11,15
reward,11,15
blush,11,13
urine,10,15506
therapeutic,10,10950
oxo,10,10318
imaging,10,7335
tumor,10,6081
prevention,10,5492
antigen,10,4692
disorder,10,4114
compounds,10,3434
version,10,3082
abnormal,10,3062
antibody,10,2876
sn,10,2506
tyrosine,10,1915
vaccine,10,1854
fever,10,1726
systems,10,1703
acetic,10,1542
necrosis,10,1383
recurrent,10,1306
ovarian,10,1293
ventricular,10,1286
pregnancy,10,1259
adenosine,10,1255
acyl,10,1229
nucleotide,10,1203
lymph,10,1200
combination,10,1186
circulating,10,1143
signaling,10,1122
glutamate,10,1053
epithelium,10,1012
services,10,993
obstruction,10,992
cysteine,10,983
recessive,10,964
prop,10,962
salivary,10,948
tc,10,945
glycol,10,925
adrenal,10,916
corneal,10,907
works,10,906
secretion,10,817
fact,10,796
proximal,10,777
citrate,10,769
cranial,10,745
traumatic,10,742
endocrine,10,722
papillary,10,695
dicarboxylic,10,689
hydrate,10,630
mucosa,10,629
femoral,10,603
cystic,10,602
pelvic,10,598
angiotensin,10,577
dendritic,10,566
activator,10,541
pleural,10,539
rectal,10,532
mammary,10,528
nucleic,10,519
vesicular,10,511
lactate,10,505
secretory,10,500
repeat,10,498
guanine,10,493
defect,10,489
avian,10,488
venous,10,487
thymus,10,473
ethylene,10,455
invasive,10,453
ga,10,445
lymphatic,10,445
situ,10,432
sc,10,429
pharyngeal,10,427
ciliary,10,416
il,10,415
suppressor,10,414
resonance,10,411
intestine,10,408
splenic,10,407
vestibular,10,397
parasitic,10,391
pax,10,390
textile,10,390
report,10,377
cataract,10,376
my,10,374
polysaccharide,10,371
am,10,370
titanium,10,370
planning,10,368
chromium,10,360
glucagon,10,356
mu,10,356
dual,10,347
synovial,10,344
department,10,343
visceral,10,343
kappa,10,338
ankle,10,329
antibiotic,10,329
pancreas,10,329
heterocyclic,10,320
lighting,10,314
embryo,10,310
extracellular,10,310
sebaceous,10,310
atrioventricular,10,308
urogenital,10,304
cellulose,10,303
agonist,10,296
retardation,10,294
progesterone,10,290
median,10,273
ability,10,268
gender,10,267
medulla,10,267
spontaneous,10,263
ct,10,260
tracheal,10,258
gal,10,256
drawing,10,253
sulfuric,10,253
women's,10,253
cyanide,10,251
lumbar,10,251
transitional,10,249
appendage,10,246
cloth,10,244
dermal,10,242
plaque,10,242
yttrium,10,239
salicylate,10,237
you,10,237
resource,10,235
unilateral,10,234
emotional,10,233
conduction,10,228
fluorescence,10,228
spleen,10,226
butyric,10,224
snare,10,224
humeral,10,223
injection,10,223
cough,10,222
ovary,10,220
surfactant,10,220
parietal,10,218
gonadotropin,10,214
meta,10,213
arsenic,10,211
bleeding,10,211
duration,10,210
coated,10,209
extraction,10,202
aa,10,199
replication,10,199
biology,10,195
bm,10,194
exocrine,10,193
cabinet,10,192
intervertebral,10,191
boron,10,189
reed,10,189
compulsive,10,188
more,10,187
sm,10,186
lactic,10,183
monetary,10,183
ascending,10,182
areas,10,181
hairy,10,181
transplant,10,180
alba,10,178
segmental,10,178
classic,10,176
display,10,174
mg,10,174
bicarbonate,10,172
epidermis,10,172
mb,10,168
sediment,10,168
sensing,10,168
gear,10,167
cigarette,10,164
contraction,10,163
legs,10,162
outflow,10,159
phenomenon,10,159
preservation,10,158
tat,10,158
nation,10,157
septic,10,157
nod,10,156
biogenic,10,155
bipolar,10,155
calendar,10,152
jacket,10,152
venom,10,152
xiii,10,152
involvement,10,150
penis,10,150
topical,10,150
attention,10,149
ba,10,149
interference,10,146
shellfish,10,146
regulating,10,143
collecting,10,142
semicircular,10,141
send,10,141
television,10,141
scalp,10,140
restricted,10,138
diameter,10,135
diving,10,135
taurus,10,135
polo,10,134
retina,10,133
golf,10,132
mater,10,132
tonic,10,132
syrup,10,131
folding,10,130
gastrin,10,130
cable,10,129
slide,10,129
dopa,10,128
unsaturated,10,128
college,10,127
pepper,10,126
spruce,10,126
ak,10,125
armor,10,124
suture,10,124
uniform,10,124
adjustment,10,123
aerial,10,123
orientation,10,123
addiction,10,122
blocking,10,122
pep,10,122
pineal,10,121
cigar,10,120
brief,10,119
invertebrate,10,119
multiplex,10,119
appearance,10,117
assistance,10,117
norepinephrine,10,116
seasonal,10,116
paste,10,115
agriculture,10,114
fragile,10,114
infrared,10,114
read,10,114
capture,10,113
flutter,10,113
pupil,10,112
curtain,10,110
germinal,10,110
railroad,10,110
team,10,110
hundred,10,109
statistical,10,109
li,10,108
marking,10,108
mononuclear,10,108
medieval,10,107
stellate,10,107
fascia,10,105
riding,10,105
ax,10,104
md,10,104
employee,10,103
trumpet,10,102
diaphragm,10,101
forced,10,100
society,10,100
acquisition,10,99
compass,10,99
filtration,10,99
rules,10,99
fungi,10,98
termination,10,98
volatile,10,98
ai,10,97
colorado,10,97
sauce,10,97
sword,10,96
trigger,10,96
aerobic,10,95
navigation,10,95
mite,10,94
numbers,10,94
manufacturing,10,93
weed,10,93
pencil,10,92
waist,10,92
involuntary,10,91
applied,10,89
freshwater,10,89
apache,10,88
cycling,10,88
desk,10,88
cushion,10,86
par,10,86
basin,10,85
graduate,10,85
te,10,85
epinephrine,10,84
lantern,10,84
typing,10,84
participation,10,83
filter,10,82
opium,10,82
palatine,10,82
thought,10,82
candy,10,81
regression,10,81
certificate,10,80
germany,10,80
diagonal,10,79
placement,10,79
gradient,10,78
ionization,10,78
page,10,78
parenchyma,10,78
strap,10,78
thorax,10,78
cf,10,77
cooperative,10,77
funeral,10,77
oyster,10,77
robin,10,77
empire,10,76
estate,10,76
lightning,10,76
lost,10,76
news,10,76
puncture,10,76
finishing,10,75
trabecular,10,75
ape,10,74
buccal,10,74
fort,10,74
timber,10,74
cubic,10,73
programming,10,73
balsam,10,72
coupling,10,72
occurrence,10,72
partially,10,72
salad,10,72
torpedo,10,72
coiled,10,71
heads,10,71
packing,10,71
companion,10,70
cox,10,70
license,10,70
moment,10,70
campaign,10,69
cargo,10,69
headed,10,69
lion,10,69
serpentine,10,69
automated,10,68
monitor,10,68
accident,10,67
funnel,10,67
registration,10,66
tv,10,66
verbal,10,66
cramp,10,65
foster,10,65
fund,10,65
poland,10,65
relay,10,65
scaling,10,65
talus,10,65
chewing,10,64
ecological,10,64
hood,10,64
segregation,10,64
brake,10,63
caribbean,10,63
ozone,10,63
season,10,63
senior,10,63
sterile,10,63
thick,10,63
virtual,10,63
barn,10,62
crime,10,62
flank,10,62
minimal,10,62
principle,10,62
relation,10,62
tack,10,62
covering,10,61
sequestration,10,61
weak,10,61
fractional,10,60
glaze,10,60
gypsum,10,60
retirement,10,60
sale,10,60
junior,10,59
nude,10,59
satisfaction,10,59
alto,10,58
prince,10,58
turtle,10,58
asymmetric,10,57
fertilization,10,57
outside,10,57
ownership,10,57
scotch,10,57
apparent,10,56
bid,10,56
dragon,10,56
exclusion,10,56
immersion,10,56
package,10,56
diesel,10,55
lawn,10,55
purpose,10,55
amber,10,54
bore,10,54
diurnal,10,54
lattice,10,54
zip,10,54
biochemical,10,53
clove,10,53
cylindrical,10,53
dent,10,53
mus,10,53
recession,10,53
sage,10,53
assault,10,52
martin,10,52
peer,10,52
poverty,10,52
almond,10,51
humidity,10,51
korea,10,51
merit,10,51
occult,10,51
partnership,10,51
precision,10,51
scent,10,51
sting,10,51
uric,10,51
annulus,10,50
chad,10,50
circumference,10,50
invariant,10,50
leisure,10,50
malt,10,50
mini,10,50
sacred,10,50
sitting,10,50
zap,10,50
falling,10,49
fountain,10,49
oregon,10,49
parking,10,49
scattering,10,49
boston,10,48
callus,10,48
catholic,10,48
duplex,10,48
inch,10,48
people's,10,48
seeking,10,48
zebra,10,48
affect,10,47
article,10,47
calm,10,47
claim,10,47
cloaca,10,47
nip,10,47
scapular,10,47
attrition,10,46
cinnamon,10,46
conception,10,46
pacemaker,10,46
texture,10,46
bent,10,45
faith,10,45
farmer's,10,45
raft,10,45
stall,10,45
thigh,10,45
vamp,10,45
inside,10,44
jug,10,44
kettle,10,44
probability,10,44
shovel,10,44
suction,10,44
clam,10,43
drain,10,43
pod,10,43
starting,10,43
paw,10,42
qualitative,10,42
trough,10,42
alabama,10,41
cocoa,10,41
cook,10,41
gin,10,41
london,10,41
maneuver,10,41
nova,10,41
progress,10,41
brazil,10,40
cool,10,40
foul,10,40
freezing,10,40
hide,10,40
ottoman,10,40
sessile,10,40
bending,10,39
coke,10,39
grease,10,39
ideal,10,39
kite,10,39
northwest,10,39
notice,10,39
botanical,10,38
eighth,10,38
flattened,10,38
hong,10,37
alert,10,36
consolidation,10,36
racial,10,36
romance,10,36
binary,10,35
blocker,10,35
easter,10,35
elementary,10,35
just,10,35
kiss,10,35
operational,10,35
witness,10,35
buff,10,34
distortion,10,34
hazel,10,34
res,10,34
sunday,10,34
verde,10,34
crustacean,10,33
delaware,10,33
dolomite,10,33
illegal,10,33
revolution,10,33
stunt,10,33
bait,10,32
ivy,10,32
pursuit,10,32
scandinavian,10,32
treasure,10,32
angel,10,31
arrangement,10,31
dispatch,10,31
divine,10,31
federation,10,31
fission,10,31
odd,10,31
siberian,10,31
convex,10,30
ethiopian,10,30
garbage,10,30
inflation,10,30
man's,10,30
responsibility,10,30
resting,10,30
theatre,10,30
thorn,10,30
vapour,10,30
abu,10,29
basis,10,29
fret,10,29
hem,10,29
hurt,10,29
mug,10,29
paralytic,10,29
pebble,10,29
scatter,10,29
spirits,10,29
tuck,10,29
amorphous,10,28
boss,10,28
combustion,10,28
grab,10,28
illumination,10,28
iowa,10,28
meet,10,28
racket,10,28
rape,10,28
receive,10,28
taxi,10,28
twelfth,10,28
chicago,10,27
drone,10,27
egypt,10,27
glory,10,27
indonesia,10,27
malaysia,10,27
solomon,10,27
vinegar,10,27
chromatic,10,26
confederate,10,26
develop,10,26
displaced,10,26
fully,10,26
highland,10,26
luminous,10,26
ohio,10,26
thing,10,26
vanishing,10,26
zen,10,26
chuck,10,25
junk,10,25
limitation,10,25
orb,10,25
poke,10,25
stub,10,25
xv,10,25
isle,10,24
scallop,10,24
segmentation,10,24
substitute,10,24
tincture,10,24
toss,10,24
extend,10,23
maiden,10,23
uruguay,10,23
bristle,10,22
custom,10,22
diplomatic,10,22
equality,10,22
iceland,10,22
initiative,10,22
jerk,10,22
succession,10,22
dope,10,21
pus,10,21
tumble,10,21
bluff,10,20
bulla,10,20
cote,10,20
hail,10,20
olympic,10,20
petit,10,20
sop,10,20
volumetric,10,20
apatite,10,19
harlequin,10,19
mega,10,19
opposite,10,19
riddle,10,19
shallow,10,19
crust,10,18
greenland,10,18
madagascar,10,18
massachusetts,10,18
mutton,10,18
skim,10,18
ukrainian,10,18
cuboid,10,17
trend,10,17
wonder,10,17
argentine,10,16
blaze,10,16
favor,10,16
morphological,10,16
ruin,10,16
slash,10,16
spat,10,16
fleece,10,15
geneva,10,15
globular,10,15
kazakh,10,15
means,10,15
regard,10,15
thunder,10,15
amazon,10,14
blend,10,14
dew,10,14
maroon,10,14
plunge,10,14
rebound,10,14
slough,10,14
upgrade,10,14
broadside,10,13
quadruple,10,13
shit,10,13
slovenian,10,13
enter,10,12
lebanese,10,12
whiff,10,12
precipitate,10,11
syndrome,9,19602
chemistry,9,16734
standards,9,14529
adverse,9,13899
isolation,9,12500
ethyl,9,11470
kinase,9,5960
numerical,9,5255
rna,9,4077
cerevisiae,9,4005
question,9,3621
acids,9,3383
coli,9,3093
leukemia,9,2900
elegans,9,2521
interleukin,9,2473
malignant,9,2433
cis,9,2233
chronic,9,2175
bromide,9,1978
iodide,9,1972
viral,9,1854
injury,9,1774
residue,9,1725
mutation,9,1582
anemia,9,1569
epithelial,9,1323
chromosome,9,1319
fistula,9,1300
immunoglobulin,9,1289
aortic,9,1259
vitamin,9,1222
lymphocyte,9,1218
lysine,9,1214
products,9,1142
benzene,9,1097
decreased,9,1068
cartilage,9,1036
cortex,9,1028
triphosphate,9,988
endothelial,9,986
platelet,9,961
bacteria,9,958
hiv,9,891
glycogen,9,882
neuron,9,831
bodies,9,824
aspergillus,9,813
technique,9,811
patient,9,799
digit,9,798
encephalitis,9,795
amp,9,794
amide,9,792
cerebellar,9,791
ethanol,9,783
ketone,9,783
pe,9,776
plexus,9,726
leucine,9,703
neoplastic,9,687
severe,9,680
myocardial,9,665
keratin,9,654
aluminum,9,638
pyridine,9,635
protease,9,598
testicular,9,573
threonine,9,566
rupture,9,562
gp,9,548
nucleoside,9,546
testing,9,542
peritoneal,9,538
estradiol,9,536
parathyroid,9,529
ac,9,528
laboratory,9,515
premature,9,511
resin,9,502
dopamine,9,501
problem,9,486
lymphoid,9,482
polymer,9,482
vinyl,9,471
methanol,9,469
autonomic,9,461
coagulation,9,461
eukaryotic,9,456
endo,9,447
myelin,9,447
cytoplasmic,9,443
delayed,9,440
hypertrophic,9,436
graft,9,433
gm,9,425
urethral,9,425
pollen,9,422
furniture,9,421
gaba,9,420
occlusion,9,419
lupus,9,415
pc,9,415
choline,9,414
choroid,9,414
cm,9,411
lymphocytic,9,400
village,9,399
cb,9,393
allergic,9,386
laser,9,386
nasopharyngeal,9,370
sr,9,370
vesicle,9,370
medullary,9,366
proliferation,9,361
glutamic,9,358
apoptosis,9,356
bronchial,9,355
cl,9,333
ce,9,332
glutamine,9,330
screening,9,323
gestational,9,320
hypothalamic,9,318
duodenal,9,313
maturation,9,312
route,9,312
superfamily,9,306
mitral,9,305
aureus,9,296
groups,9,296
clothing,9,291
intervention,9,291
gallium,9,290
stimulation,9,290
days,9,283
document,9,280
is,9,277
fluorescent,9,276
mucin,9,276
fossa,9,275
naphthalene,9,271
wrist,9,268
lamina,9,267
controlled,9,265
ferric,9,263
propane,9,263
coma,9,259
anomaly,9,256
musculoskeletal,9,252
articular,9,249
theory,9,244
intermittent,9,243
alloy,9,241
lewis,9,239
microbial,9,239
lichen,9,237
rating,9,237
sa,9,237
glial,9,230
whale,9,228
calcitonin,9,227
motility,9,226
lingual,9,225
somatostatin,9,225
aircraft,9,223
aspiration,9,223
metabolite,9,223
nicotinamide,9,223
undifferentiated,9,223
meso,9,219
limestone,9,217
ms,9,217
propionic,9,216
vasopressin,9,213
antimony,9,212
carotene,9,212
tremor,9,210
lactose,9,206
acetylcholine,9,202
bismuth,9,201
formaldehyde,9,201
respiration,9,200
prolactin,9,198
windsor,9,196
phospholipid,9,195
infusion,9,194
fc,9,193
immature,9,193
rh,9,193
delay,9,192
nodal,9,192
withdrawal,9,192
soybean,9,191
buy,9,190
uk,9,188
adolescent,9,187
golgi,9,185
pericardial,9,185
nicotine,9,184
cs,9,183
sample,9,183
crisis,9,182
torsion,9,182
aminobutyric,9,181
antimicrobial,9,178
panel,9,178
pyloric,9,178
mc,9,177
punch,9,177
saccharomyces,9,177
jaundice,9,176
janus,9,174
racing,9,174
xx,9,174
yolk,9,174
cerium,9,171
vanadium,9,171
dc,9,170
hypothalamus,9,170
cationic,9,168
copy,9,167
ophthalmic,9,167
effector,9,166
cystine,9,165
immediate,9,165
marker,9,165
sacral,9,165
scavenger,9,164
regions,9,163
formula,9,162
lumen,9,162
mm,9,161
o',9,161
canis,9,160
sarcosine,9,160
acceptor,9,159
discipline,9,159
nocturnal,9,159
rings,9,159
syncytial,9,159
corticotropin,9,158
descending,9,158
outlet,9,158
pigmentation,9,157
methane,9,154
sexually,9,154
chlorine,9,153
mammalian,9,153
uranium,9,153
reagent,9,150
sigmoid,9,150
erosion,9,149
toluene,9,146
aging,9,144
compartment,9,144
oxidative,9,144
borderline,9,141
rash,9,141
reticular,9,141
hyaline,9,140
reversal,9,139
sudden,9,139
sulphate,9,139
celiac,9,138
candle,9,137
climate,9,137
australis,9,135
gangrene,9,135
inguinal,9,134
lily,9,134
extent,9,133
producing,9,132
instability,9,131
xanthine,9,131
beryllium,9,130
regeneration,9,130
worker,9,130
fibula,9,129
joseph,9,129
succinic,9,129
weapons,9,129
epidemic,9,128
locus,9,128
clearance,9,127
jugular,9,127
tympanic,9,127
dogs,9,126
dimension,9,125
drying,9,125
palatal,9,125
striated,9,125
colic,9,123
most,9,123
pp,9,123
thallium,9,123
warfare,9,123
anaerobic,9,122
cns,9,122
recording,9,122
algal,9,121
initial,9,121
melatonin,9,121
photo,9,121
socket,9,121
violence,9,121
goblet,9,120
saline,9,120
ta,9,120
literature,9,119
ox,9,119
polycyclic,9,118
visit,9,118
arachnoid,9,117
religion,9,117
excess,9,115
serving,9,114
tunica,9,114
adaptation,9,113
student,9,113
camphor,9,112
chart,9,112
stability,9,111
glove,9,110
mosquito,9,110
platform,9,110
vitro,9,110
nipple,9,109
tibia,9,109
aldosterone,9,108
currency,9,108
mating,9,108
dried,9,107
infiltration,9,106
taenia,9,106
superoxide,9,105
renin,9,104
skirt,9,104
intake,9,103
pes,9,103
son,9,103
farming,9,102
gothic,9,102
mucous,9,102
mucus,9,102
atrium,9,101
beer,9,101
income,9,101
ok,9,101
ge,9,100
cor,9,99
gb,9,99
hinge,9,99
ic,9,98
institutional,9,97
quinine,9,97
taurine,9,97
arsenate,9,96
indoor,9,96
marketing,9,96
physics,9,96
naive,9,95
tidal,9,95
wrench,9,95
bursa,9,94
cart,9,94
coating,9,93
eminence,9,93
ara,9,92
bowling,9,92
dermis,9,92
tomato,9,92
cultured,9,91
er,9,91
machinery,9,91
pericardium,9,91
peduncle,9,90
arabic,9,89
beetle,9,89
former,9,89
porphyrin,9,89
rosa,9,89
theater,9,89
adams,9,88
apex,9,88
indigenous,9,88
pallidus,9,88
conventional,9,87
livestock,9,86
branching,9,85
kitchen,9,85
payment,9,85
aerosol,9,84
steal,9,84
av,9,83
coach,9,83
warp,9,83
aged,9,82
dura,9,82
feldspar,9,82
guidance,9,82
gustatory,9,82
mexico,9,82
remote,9,82
saliva,9,82
parasite,9,81
disaster,9,80
distemper,9,80
paternal,9,80
peat,9,80
jones,9,79
binge,9,77
shaker,9,77
cam,9,76
sumo,9,76
tr,9,76
abrasion,9,75
disturbance,9,75
ladder,9,75
winged,9,75
approval,9,74
bio,9,74
labial,9,74
laurel,9,74
passenger,9,74
award,9,73
colored,9,73
eyed,9,73
pierre,9,73
safe,9,73
substitution,9,73
antifungal,9,72
contamination,9,71
sanitary,9,70
vegetative,9,70
citric,9,69
dentate,9,69
deposition,9,69
deprivation,9,69
grouping,9,69
oven,9,69
pillow,9,69
breech,9,68
dandy,9,68
hyaluronic,9,68
integrity,9,68
leopard,9,68
moss,9,68
sectional,9,68
confidence,9,67
dilution,9,67
fungus,9,67
menstrual,9,67
rift,9,67
think,9,67
vasodilator,9,67
homer,9,66
jewish,9,66
osmotic,9,66
procedural,9,66
sam,9,66
schedule,9,66
terra,9,66
venezuelan,9,66
enlargement,9,65
helium,9,65
mad,9,65
washing,9,65
fore,9,64
interpretation,9,64
altered,9,63
amplitude,9,63
quantum,9,63
symmetrical,9,63
thickening,9,63
axe,9,62
coconut,9,62
douglas,9,62
duty,9,62
hippocampus,9,62
instruction,9,62
lining,9,62
nt,9,62
auxiliary,9,61
zygote,9,61
insects,9,60
particulate,9,60
pneumatic,9,60
ani,9,59
lee,9,59
novo,9,59
sunflower,9,59
traction,9,59
fitting,9,58
hemisphere,9,58
rejection,9,58
squirrel,9,58
stud,9,58
uv,9,58
associate,9,57
prune,9,57
tibetan,9,57
acinus,9,56
confusion,9,56
electronics,9,56
objective,9,56
selenite,9,56
strawberry,9,56
swan,9,56
catalog,9,55
caudate,9,55
columbia,9,55
graphic,9,55
hog,9,55
kin,9,55
liner,9,55
mason,9,55
poppy,9,55
soccer,9,55
terrestrial,9,55
alternating,9,54
banking,9,54
lb,9,54
motorcycle,9,54
pry,9,54
russia,9,54
finance,9,53
heritage,9,53
leo,9,53
organized,9,53
residence,9,53
scarf,9,53
spear,9,53
ut,9,53
admission,9,52
arrow,9,52
herb,9,52
operator,9,52
papal,9,52
splanchnic,9,52
ecclesiastical,9,51
marsh,9,51
processed,9,51
cannon,9,50
craft,9,50
halide,9,50
maturity,9,50
sandwich,9,50
scoop,9,50
graphite,9,49
iranian,9,49
shelter,9,49
shy,9,49
sod,9,49
debt,9,48
entertainment,9,48
erection,9,48
ko,9,48
pu,9,48
usage,9,48
garnet,9,47
newspaper,9,47
nordic,9,47
tt,9,47
twitch,9,47
wisconsin,9,47
adrenocorticotropic,9,46
ban,9,46
filled,9,46
microwave,9,46
pas,9,46
vermilion,9,46
calcite,9,45
compressed,9,45
eel,9,45
gad,9,45
league,9,45
poker,9,45
popular,9,45
reversible,9,45
beet,9,44
caprine,9,44
crease,9,44
creosote,9,44
glacial,9,44
launch,9,44
netherlands,9,44
spiritual,9,44
turning,9,44
copyright,9,43
leaflet,9,43
opaque,9,43
stimulant,9,43
transparent,9,43
annual,9,42
baking,9,42
celtic,9,42
centered,9,42
commerce,9,42
dots,9,42
tac,9,42
tuna,9,42
driven,9,41
electricity,9,41
floral,9,41
input,9,41
promotion,9,41
din,9,40
forte,9,40
metric,9,40
ninth,9,40
sedimentation,9,40
triangle,9,40
widow,9,40
canopy,9,39
conference,9,39
fermentation,9,39
flint,9,39
lodge,9,39
punishment,9,39
smoker,9,39
switzerland,9,39
albert,9,38
azure,9,38
both,9,38
brittle,9,38
dagger,9,38
detail,9,38
expert,9,38
flemish,9,38
insert,9,38
terms,9,38
bedding,9,37
clutch,9,37
correct,9,37
dull,9,37
entrance,9,37
ethical,9,37
hindu,9,37
imitation,9,37
nap,9,37
plantation,9,37
sling,9,37
talking,9,37
tudor,9,37
accession,9,36
buoy,9,36
carp,9,36
gemini,9,36
norman,9,36
slop,9,36
strait,9,36
strategic,9,36
concave,9,35
fry,9,35
gloss,9,35
licorice,9,35
solubility,9,35
above,9,34
bastard,9,34
charter,9,34
damp,9,34
jockey,9,34
lance,9,34
operations,9,34
organizer,9,34
sacrifice,9,34
sapiens,9,34
smut,9,34
splitting,9,34
subgroup,9,34
alternate,9,33
ballistic,9,33
configuration,9,33
isometric,9,33
opinion,9,33
singapore,9,33
caucasian,9,32
decrease,9,32
michigan,9,32
pastoral,9,32
pharmacological,9,32
tour,9,32
aliphatic,9,31
aries,9,31
ballast,9,31
ballet,9,31
choke,9,31
creation,9,31
curly,9,31
developed,9,31
fixing,9,31
isthmus,9,31
lavender,9,31
muzzle,9,31
neglect,9,31
rage,9,31
scene,9,31
symmetric,9,31
vegetation,9,31
wrong,9,31
civic,9,30
closing,9,30
ensemble,9,30
meiosis,9,30
nebraska,9,30
novel,9,30
oxford,9,30
pickup,9,30
thatch,9,30
wee,9,30
aggression,9,29
appraisal,9,29
attorney,9,29
fiscal,9,29
gay,9,29
ordinary,9,29
recycling,9,29
resident,9,29
shuttle,9,29
splint,9,29
steady,9,29
vice,9,29
wearing,9,29
breakdown,9,28
coordinate,9,28
cyprus,9,28
denmark,9,28
fight,9,28
hack,9,28
itch,9,28
kind,9,28
sulphur,9,28
vote,9,28
watering,9,28
wise,9,28
christ,9,27
convention,9,27
dim,9,27
dos,9,27
found,9,27
norfolk,9,27
outline,9,27
peru,9,27
prompt,9,27
proportional,9,27
ache,9,26
arabia,9,26
broadcasting,9,26
calyx,9,26
elongated,9,26
greece,9,26
jungle,9,26
logical,9,26
lowland,9,26
mace,9,26
naked,9,26
turf,9,26
burmese,9,25
dependency,9,25
eleventh,9,25
finland,9,25
flake,9,25
foliate,9,25
john's,9,25
nan,9,25
opportunity,9,25
pith,9,25
politics,9,25
sol,9,25
taiwan,9,25
tennessee,9,25
terpene,9,25
yoke,9,25
chase,9,24
commonwealth,9,24
fume,9,24
joke,9,24
luxembourg,9,24
maximus,9,24
overseas,9,24
pubis,9,24
unemployment,9,24
aperture,9,23
bun,9,23
cosmic,9,23
finnish,9,23
flexibility,9,23
founder,9,23
hitch,9,23
iran,9,23
jag,9,23
rouge,9,23
serve,9,23
triton,9,23
benin,9,22
birthday,9,22
coming,9,22
disintegration,9,22
java,9,22
offspring,9,22
woods,9,22
alliance,9,21
antibacterial,9,21
bacon,9,21
canyon,9,21
extinction,9,21
frisian,9,21
geographical,9,21
khmer,9,21
macedonian,9,21
nutmeg,9,21
pension,9,21
programme,9,21
ripple,9,21
save,9,21
sneak,9,21
spy,9,21
violent,9,21
aesthetic,9,20
barbados,9,20
hydrolysis,9,20
immigration,9,20
judge,9,20
labrador,9,20
phoenix,9,20
potter,9,20
rhomboid,9,20
shine,9,20
treble,9,20
worth,9,20
bind,9,19
blowing,9,19
clearing,9,19
crank,9,19
crawl,9,19
fen,9,19
fingerprint,9,19
knight,9,19
mar,9,19
migrant,9,19
moroccan,9,19
motive,9,19
must,9,19
pledge,9,19
puerto,9,19
shellac,9,19
smash,9,19
spare,9,19
timor,9,19
breeze,9,18
chang,9,18
cohesion,9,18
constituent,9,18
contribution,9,18
cornish,9,18
croatian,9,18
cyclone,9,18
d'ivoire,9,18
diversification,9,18
lao,9,18
lebanon,9,18
mist,9,18
mozambique,9,18
raid,9,18
rome,9,18
boost,9,17
clap,9,17
clog,9,17
dawn,9,17
icelandic,9,17
plump,9,17
ply,9,17
purity,9,17
tusk,9,17
attraction,9,16
gabon,9,16
iraqi,9,16
jolly,9,16
leap,9,16
lis,9,16
mall,9,16
mottled,9,16
newfoundland,9,16
palestinian,9,16
peep,9,16
rhythmic,9,16
rwanda,9,16
silhouette,9,16
tamil,9,16
traverse,9,16
whistling,9,16
char,9,15
communist,9,15
emirates,9,15
gather,9,15
gravitational,9,15
hiatus,9,15
hive,9,15
illinois,9,15
malawi,9,15
mead,9,15
pose,9,15
radioactivity,9,15
shrink,9,15
squint,9,15
turkmen,9,15
wholesale,9,15
algeria,9,14
algerian,9,14
alimentary,9,14
azerbaijani,9,14
chord,9,14
darkness,9,14
divergent,9,14
dung,9,14
guernsey,9,14
horseback,9,14
imprint,9,14
king's,9,14
myanmar,9,14
puddle,9,14
scab,9,14
scrape,9,14
tendency,9,14
terror,9,14
albanian,9,13
cinnabar,9,13
humanitarian,9,13
initiate,9,13
kiwi,9,13
leadership,9,13
morbidity,9,13
retarded,9,13
rhode,9,13
siderite,9,13
un,9,13
vis,9,13
void,9,13
ante,9,12
buzz,9,12
essence,9,12
falciform,9,12
hematite,9,12
kaolinite,9,12
moo,9,12
mormon,9,12
paternity,9,12
pawn,9,12
refrigerant,9,12
signalling,9,12
skinny,9,12
belarusian,9,11
chap,9,11
chrysotile,9,11
fuck,9,11
halt,9,11
haze,9,11
poise,9,11
quasi,9,11
surrender,9,11
bully,9,10
fell,9,10
incline,9,10
latvian,9,10
twilight,9,10
effects,8,43751
metabolism,8,22212
economics,8,20181
physiology,8,13830
phenyl,8,9773
psychology,8,8381
biosynthesis,8,6407
rehabilitation,8,5700
ethics,8,5523
acetyl,8,4021
butyl,8,3882
coa,8,3557
dehydrogenase,8,3503
legislation,8,3495
histology,8,3352
diol,8,3264
derivatives,8,3162
subunit,8,2665
carboxamide,8,2654
carboxylate,8,2075
serine,8,1613
transporter,8,1590
hepatitis,8,1507
hemoglobin,8,1498
tuberculosis,8,1491
benzoic,8,1482
squamous,8,1369
oxidase,8,1302
acetamide,8,1297
mitochondrial,8,1277
phosphatase,8,1255
childhood,8,1235
proto,8,1226
alanine,8,1190
immunodeficiency,8,1181
monophosphate,8,1144
glycerol,8,1137
components,8,1131
epoxy,8,1068
monoclonal,8,1066
streptococcus,8,1050
interferon,8,997
abnormality,8,968
myeloid,8,951
subfamily,8,946
clostridium,8,924
toxin,8,895
intra,8,887
atrophy,8,871
fibroblast,8,844
sulfonic,8,835
hemorrhagic,8,823
phenol,8,819
ulcer,8,814
dietary,8,795
result,8,788
polymerase,8,785
operative,8,776
ligament,8,763
phenylalanine,8,756
laryngeal,8,755
prostaglandin,8,754
pt,8,748
intracranial,8,746
coenzyme,8,730
ly,8,730
elevated,8,719
mycoplasma,8,715
influenza,8,702
susceptibility,8,695
oxalate,8,684
leukocyte,8,677
tartrate,8,673
proline,8,671
cholesterol,8,664
amyloid,8,662
penicillium,8,658
candida,8,641
carotid,8,640
purine,8,621
glutathione,8,601
onset,8,581
macrophage,8,556
pd,8,522
swine,8,509
inhibitory,8,502
tryptophan,8,501
ci,8,498
guanosine,8,497
methionine,8,497
endometrial,8,492
ventricle,8,492
albumin,8,490
sulfide,8,489
mandibular,8,487
cp,8,479
biliary,8,473
cognitive,8,467
vertebral,8,467
than,8,466
coupled,8,457
units,8,454
bowel,8,452
fluorouracil,8,442
spastic,8,435
vessels,8,430
br,8,426
galactose,8,423
histidine,8,422
fructose,8,421
concept,8,420
adenine,8,416
arteries,8,416
escherichia,8,416
atypical,8,410
isobutyl,8,410
tendon,8,409
epoxide,8,400
obesity,8,400
prolapse,8,394
persistent,8,392
dissection,8,391
infantile,8,389
trigeminal,8,386
pediatric,8,383
vulgaris,8,382
dr,8,381
ia,8,379
macular,8,379
lacrimal,8,377
ornithine,8,376
prostatic,8,376
appendix,8,374
aorta,8,373
headache,8,370
effusion,8,368
mesenteric,8,368
carbamate,8,367
deletion,8,367
category,8,364
seizure,8,363
nuclei,8,362
chair,8,361
valine,8,357
enkephalin,8,356
feline,8,354
ureter,8,345
implantation,8,335
ras,8,333
lipoprotein,8,329
pelvis,8,328
duplication,8,327
nh,8,327
glomerular,8,323
actin,8,321
zoster,8,320
ectodermal,8,317
hematopoietic,8,317
examination,8,316
architectural,8,314
fr,8,313
botulinum,8,310
nodes,8,308
container,8,307
foramen,8,306
processes,8,306
fibrinogen,8,305
plasminogen,8,305
excitatory,8,303
conjunctival,8,299
hypertrophy,8,299
personnel,8,298
mesenchymal,8,297
organizations,8,296
hypoxia,8,295
erythrocyte,8,294
less,8,294
penicillin,8,293
iib,8,285
thiamine,8,284
uterus,8,281
porcine,8,279
creatine,8,273
allergen,8,271
epidural,8,269
iga,8,267
sandy,8,265
casein,8,264
iia,8,263
localization,8,263
tetanus,8,261
betaine,8,260
intolerance,8,260
times,8,260
androgen,8,256
cola,8,255
helmet,8,254
incontinence,8,254
mucosal,8,249
intracellular,8,248
parotid,8,248
regulated,8,248
bb,8,247
modification,8,247
dentin,8,246
neurogenic,8,244
planned,8,244
epileptic,8,243
antineoplastic,8,242
localized,8,242
marie,8,242
carpal,8,241
impairment,8,241
ap,8,240
cards,8,240
thyrotropin,8,240
cochlear,8,239
directed,8,239
tuber,8,238
relationship,8,237
blindness,8,236
indium,8,234
gait,8,232
shunt,8,232
va,8,229
femur,8,227
substances,8,226
cervix,8,225
meningeal,8,224
forensic,8,223
fluorine,8,222
alkyl,8,221
inhibition,8,221
absence,8,219
paranasal,8,219
brassica,8,218
urethra,8,218
pollution,8,216
inhalation,8,215
pneumococcal,8,214
staining,8,213
unusual,8,213
weakness,8,211
felt,8,210
arbor,8,209
helper,8,205
proteus,8,204
reticulum,8,204
adjuvant,8,203
choroidal,8,203
monocyte,8,203
organs,8,198
behavioral,8,196
islet,8,194
nerves,8,194
polyp,8,193
institution,8,192
ru,8,192
propylene,8,189
doppler,8,188
ige,8,185
parainfluenza,8,185
retinol,8,185
submandibular,8,185
axillary,8,184
raphe,8,184
appetite,8,182
louis,8,182
americana,8,181
plantar,8,181
abdomen,8,180
charles,8,179
cc,8,178
chlorophyll,8,178
mn,8,177
text,8,177
ampulla,8,176
basement,8,176
dengue,8,176
lipase,8,176
wasting,8,176
aspirin,8,173
men's,8,171
systolic,8,171
walker,8,171
substrate,8,170
biotin,8,169
aurora,8,168
cr,8,168
scanning,8,167
acinar,8,166
riboflavin,8,165
cu,8,164
endorphin,8,163
subclavian,8,163
tn,8,163
gelatin,8,162
microscopic,8,162
peptic,8,162
genitalia,8,161
partner,8,161
xylose,8,160
conditions,8,159
labyrinth,8,159
sublingual,8,159
ferrous,8,158
hydrocarbon,8,158
patella,8,158
survival,8,158
vagina,8,158
albicans,8,157
intercellular,8,157
rectum,8,156
guided,8,155
album,8,154
bos,8,154
institute,8,154
conjugated,8,151
mood,8,149
prokaryotic,8,148
pubic,8,148
poliovirus,8,147
arcuate,8,146
conjunctiva,8,146
cedar,8,145
depressed,8,145
particles,8,145
psychotic,8,145
glucocorticoid,8,144
gr,8,144
poultry,8,143
recombination,8,143
ablation,8,141
crystalline,8,141
mitomycin,8,141
palladium,8,141
ceramic,8,140
granulosa,8,139
ss,8,139
trachea,8,138
aggregation,8,137
gd,8,137
vas,8,136
hydride,8,135
tetrachloride,8,134
paired,8,133
primate,8,133
vaccination,8,133
cn,8,132
smith,8,132
cerebellum,8,131
literary,8,131
percussion,8,131
silt,8,131
eccrine,8,130
eucalyptus,8,130
ig,8,129
pharynx,8,129
rubidium,8,129
clothes,8,128
cylinder,8,128
eruption,8,128
herbal,8,128
duodenum,8,126
viola,8,126
forebrain,8,125
worry,8,125
genitourinary,8,124
renaissance,8,124
spina,8,124
marina,8,123
vasa,8,123
audit,8,122
enlarged,8,122
hydroxyproline,8,122
forearm,8,121
accelerated,8,120
bromine,8,120
brasiliensis,8,119
needles,8,119
ki,8,118
limbic,8,118
prescription,8,116
bilirubin,8,115
fingers,8,115
oocyte,8,115
porcelain,8,115
rem,8,115
aura,8,113
cecum,8,113
residential,8,113
restoration,8,113
bands,8,112
es,8,112
user,8,112
ileum,8,111
sweating,8,111
toes,8,111
caffeine,8,110
emulsion,8,110
monoamine,8,110
oxidized,8,109
tic,8,109
province,8,108
recreation,8,108
somatotropin,8,108
has,8,107
var,8,107
purkinje,8,106
acyclic,8,105
advertising,8,105
chitin,8,105
jejunum,8,105
lack,8,105
nematode,8,105
sister,8,105
cornea,8,104
horns,8,104
mitotic,8,104
brevis,8,103
chisel,8,103
coefficient,8,103
flea,8,103
gc,8,103
lobar,8,103
melanocyte,8,103
nm,8,103
papilla,8,103
simulation,8,103
subclass,8,103
rb,8,102
ejaculation,8,101
harp,8,101
planus,8,100
crypt,8,99
mercuric,8,99
player,8,99
plum,8,99
competitive,8,98
cop,8,98
cytoplasm,8,98
mandible,8,98
scleral,8,98
somatosensory,8,98
inflorescence,8,97
niobium,8,97
parasympathetic,8,97
aqueduct,8,96
elm,8,96
intermedia,8,96
luteinizing,8,96
angelica,8,95
coloring,8,95
lotus,8,95
amputation,8,94
flowering,8,94
membranous,8,94
xylene,8,94
catecholamine,8,93
endogenous,8,93
acellular,8,92
depletion,8,92
emergence,8,92
iridium,8,92
lac,8,92
amyl,8,91
army,8,91
bonnet,8,91
parameter,8,91
pyridoxine,8,91
women,8,91
pb,8,90
transposition,8,90
apocrine,8,89
cooking,8,89
rhodium,8,89
usher,8,89
doll,8,88
ytterbium,8,88
oxalic,8,87
rifle,8,87
rigidity,8,87
acetone,8,86
lamellar,8,86
larval,8,86
nigricans,8,86
disperse,8,85
utilization,8,85
colonial,8,84
enhanced,8,84
laevis,8,84
ovine,8,84
az,8,82
lifting,8,82
marathon,8,82
peritoneum,8,82
plateau,8,82
pleura,8,82
tripartite,8,82
typhoid,8,82
boric,8,81
expanded,8,81
geometric,8,81
laundry,8,81
underwater,8,81
dorsalis,8,80
gout,8,80
lactation,8,80
obsessive,8,80
proxy,8,80
ti,8,80
borealis,8,79
chromate,8,78
calcareous,8,77
diaper,8,77
digitalis,8,77
eat,8,77
ra,8,77
disposal,8,76
eta,8,76
gibson,8,76
monosaccharide,8,76
reel,8,76
any,8,75
biotite,8,75
cooling,8,75
known,8,75
ku,8,75
salvage,8,75
tb,8,75
butt,8,74
carmine,8,74
em,8,74
externa,8,74
fibril,8,74
heroin,8,74
immunological,8,74
symbol,8,74
insecticide,8,73
eu,8,72
measures,8,72
mile,8,72
pallidum,8,72
retrieval,8,72
semen,8,72
stearic,8,72
bernard,8,71
epididymis,8,71
extrinsic,8,71
germanium,8,71
thinking,8,71
tubal,8,71
washington,8,71
endometrium,8,70
need,8,70
nuts,8,70
suppression,8,70
antarctica,8,69
hedgehog,8,69
lactase,8,69
miller,8,69
photon,8,69
sad,8,69
soy,8,69
specialty,8,69
barley,8,68
correction,8,68
dinner,8,68
fee,8,68
gilbert,8,68
burial,8,67
corticosterone,8,67
ecosystem,8,67
innate,8,67
macula,8,67
photosensitivity,8,67
surveillance,8,67
agitation,8,66
drink,8,66
igneous,8,66
kt,8,66
pap,8,66
sided,8,66
vestibule,8,66
gasoline,8,65
indo,8,65
menthol,8,65
poorly,8,65
seminiferous,8,65
aleutian,8,64
carbohydrates,8,64
challenge,8,64
circulatory,8,64
cv,8,64
glycan,8,64
overload,8,64
primer,8,64
rc,8,64
rodent,8,64
thousand,8,64
vocational,8,64
waters,8,64
auricular,8,63
colchicine,8,63
garlic,8,63
philosophy,8,63
schwann,8,63
specification,8,63
warfarin,8,63
before,8,62
crus,8,62
modifier,8,62
phantom,8,62
phenobarbital,8,62
polymeric,8,62
spinning,8,62
tire,8,62
wandering,8,62
computing,8,61
feast,8,61
modeling,8,61
musculus,8,61
neon,8,61
pest,8,61
trout,8,61
connecting,8,60
costal,8,60
daisy,8,60
lacquer,8,60
nucleated,8,60
tom,8,60
binder,8,59
bk,8,59
constriction,8,59
expressed,8,59
forehead,8,59
integumentary,8,59
massage,8,59
mourning,8,59
percentage,8,59
behaviour,8,58
pak,8,58
pons,8,58
tenor,8,58
compliance,8,57
dehydration,8,57
gen,8,57
interna,8,57
tai,8,57
tuberculin,8,57
anesthetic,8,56
dancing,8,56
erectile,8,56
inertia,8,56
keyhole,8,56
montana,8,56
sedimentary,8,56
sure,8,56
taking,8,56
carrying,8,55
equity,8,55
eyebrow,8,55
fisher,8,55
fu,8,55
relaxation,8,55
benzoin,8,54
clot,8,54
clover,8,54
dolphin,8,54
dural,8,54
perennial,8,54
tourism,8,54
velvet,8,54
abandoned,8,53
allocation,8,53
dart,8,53
driver,8,53
feeder,8,53
gingiva,8,53
ham,8,53
hu,8,53
indeterminate,8,53
promotional,8,53
registered,8,53
scaphoid,8,53
sweden,8,53
urge,8,53
beige,8,52
cleaner,8,52
hepatica,8,52
ilium,8,52
melon,8,52
nursery,8,52
purchasing,8,52
sporadic,8,52
balkan,8,51
celery,8,51
cognition,8,51
edition,8,51
flail,8,51
never,8,51
powered,8,51
seam,8,51
thirty,8,51
wings,8,51
anger,8,50
automation,8,50
banded,8,50
better,8,50
bible,8,50
discoid,8,50
ejection,8,50
insulation,8,50
integral,8,50
osseous,8,50
ruber,8,50
compensation,8,49
deltoid,8,49
drilling,8,49
geothermal,8,49
gluten,8,49
hunter,8,49
longus,8,49
lunch,8,49
mastoid,8,49
minority,8,49
ni,8,49
runner,8,49
cocktail,8,48
commitment,8,48
episode,8,48
hg,8,48
ir,8,48
know,8,48
lethargy,8,48
reservation,8,48
sine,8,48
spa,8,48
taper,8,48
wasp,8,48
banding,8,47
bd,8,47
gardening,8,47
granulation,8,47
isoniazid,8,47
overlap,8,47
polarity,8,47
pond,8,47
territory,8,47
trick,8,47
boxing,8,46
bran,8,46
contractile,8,46
decidua,8,46
hospitalization,8,46
mali,8,46
mathematics,8,46
morocco,8,46
parental,8,46
practical,8,46
primordial,8,46
riot,8,46
token,8,46
abo,8,45
aragonite,8,45
arizona,8,45
austria,8,45
cacao,8,45
drawn,8,45
grounds,8,45
investigation,8,45
kaolin,8,45
melt,8,45
movie,8,45
slag,8,45
tattoo,8,45
extrusion,8,44
footed,8,44
juniper,8,44
pudding,8,44
sesame,8,44
carotenoid,8,43
flies,8,43
humoral,8,43
magnus,8,43
pinna,8,43
stiffness,8,43
wireless,8,43
cameroon,8,42
coloured,8,42
crisscross,8,42
flounder,8,42
fowl,8,42
mandatory,8,42
meteorological,8,42
millet,8,42
staple,8,42
academy,8,41
coherence,8,41
flowers,8,41
gong,8,41
intramuscular,8,41
lard,8,41
mammals,8,41
nigerian,8,41
puzzle,8,41
veil,8,41
warren,8,41
armour,8,40
conductivity,8,40
cuboidal,8,40
dummy,8,40
freight,8,40
inland,8,40
melanin,8,40
sounding,8,40
sur,8,40
allen,8,39
communicating,8,39
disposable,8,39
marital,8,39
modulation,8,39
razor,8,39
regurgitation,8,39
rising,8,39
striped,8,39
urgency,8,39
bamboo,8,38
chinchilla,8,38
conditioner,8,38
corrosion,8,38
discovery,8,38
enforcement,8,38
integument,8,38
oat,8,38
pennsylvania,8,38
perfume,8,38
rio,8,38
seafood,8,38
sewage,8,38
theca,8,38
vomer,8,38
automotive,8,37
barber,8,37
fairy,8,37
pupillary,8,37
serrated,8,37
serratus,8,37
slender,8,37
tell,8,37
advisory,8,36
batch,8,36
bentonite,8,36
comparison,8,36
ends,8,36
groin,8,36
harm,8,36
innovation,8,36
las,8,36
missing,8,36
motile,8,36
odor,8,36
saxon,8,36
umbilicus,8,36
behind,8,35
coca,8,35
crib,8,35
dial,8,35
fertilizer,8,35
generator,8,35
glycosaminoglycan,8,35
patrol,8,35
sill,8,35
tears,8,35
terminalis,8,35
worship,8,35
yb,8,35
zoo,8,35
clasp,8,34
cottonseed,8,34
gang,8,34
rosin,8,34
same,8,34
territories,8,34
transducer,8,34
ada,8,33
buckle,8,33
cant,8,33
indiana,8,33
supreme,8,33
theatrical,8,33
ana,8,32
ang,8,32
appendicular,8,32
catfish,8,32
com,8,32
contingent,8,32
cultivation,8,32
custody,8,32
malachite,8,32
motivation,8,32
prepared,8,32
serbia,8,32
southwestern,8,32
anaesthetic,8,31
antioxidant,8,31
attitude,8,31
colloidal,8,31
conservative,8,31
excretory,8,31
filing,8,31
glacier,8,31
hebrew,8,31
italy,8,31
juan,8,31
nautical,8,31
none,8,31
quarters,8,31
raspberry,8,31
tenth,8,31
adolescence,8,30
arched,8,30
bas,8,30
ben,8,30
calorie,8,30
cue,8,30
disruption,8,30
informal,8,30
labyrinthine,8,30
lapse,8,30
locomotion,8,30
op,8,30
prickle,8,30
sao,8,30
spectral,8,30
stag,8,30
aim,8,29
bridle,8,29
castle,8,29
etch,8,29
flexure,8,29
hudson,8,29
liquor,8,29
own,8,29
pellet,8,29
socialist,8,29
soot,8,29
stopping,8,29
teller,8,29
tracer,8,29
wales,8,29
warming,8,29
aqua,8,28
basque,8,28
breaking,8,28
burr,8,28
closet,8,28
conclusion,8,28
crackle,8,28
herbicide,8,28
instant,8,28
lenticular,8,28
mussel,8,28
niche,8,28
oscillation,8,28
pony,8,28
presidential,8,28
saucer,8,28
slavic,8,28
soviet,8,28
thailand,8,28
thrush,8,28
wattle,8,28
wavelength,8,28
areolar,8,27
cumulus,8,27
deformed,8,27
donkey,8,27
drought,8,27
estimation,8,27
gaseous,8,27
gaze,8,27
goldfish,8,27
revenue,8,27
scintillation,8,27
sulfurous,8,27
bel,8,26
caesium,8,26
congress,8,26
crude,8,26
ford,8,26
generative,8,26
histological,8,26
hungary,8,26
interruption,8,26
israel,8,26
judgement,8,26
magnetism,8,26
mob,8,26
mural,8,26
nothing,8,26
onyx,8,26
plot,8,26
porosity,8,26
producer,8,26
remnant,8,26
representative,8,26
southeastern,8,26
torture,8,26
variety,8,26
vertebrata,8,26
ways,8,26
anise,8,25
beacon,8,25
booster,8,25
depressor,8,25
deterioration,8,25
explosion,8,25
fi,8,25
gathering,8,25
guy,8,25
metamorphic,8,25
northeast,8,25
pentose,8,25
photosensitive,8,25
scout,8,25
siren,8,25
stellar,8,25
structured,8,25
wish,8,25
xiv,8,25
attached,8,24
bailey,8,24
blot,8,24
career,8,24
climb,8,24
convergence,8,24
docking,8,24
galaxy,8,24
grouse,8,24
hardness,8,24
lighter,8,24
limiting,8,24
lucida,8,24
ooze,8,24
papua,8,24
produce,8,24
prosthetic,8,24
rein,8,24
slot,8,24
ton,8,24
aba,8,23
baked,8,23
botany,8,23
cephalic,8,23
controlling,8,23
interchange,8,23
luck,8,23
magenta,8,23
magnitude,8,23
philippines,8,23
plumb,8,23
ranch,8,23
scrap,8,23
sleeper,8,23
stopper,8,23
synchronous,8,23
taxonomy,8,23
terrace,8,23
tonga,8,23
bishop,8,22
bleu,8,22
cracking,8,22
defecation,8,22
desire,8,22
dream,8,22
handicap,8,22
lug,8,22
momentum,8,22
mortgage,8,22
mucoid,8,22
muscovite,8,22
mute,8,22
navicular,8,22
perpendicular,8,22
preservative,8,22
protestant,8,22
pumpkin,8,22
refined,8,22
scots,8,22
segmented,8,22
statutory,8,22
surprise,8,22
tapered,8,22
whipping,8,22
wort,8,22
belarus,8,21
blink,8,21
breach,8,21
brunswick,8,21
bulgaria,8,21
bunk,8,21
chlorite,8,21
fortune,8,21
friendly,8,21
held,8,21
husk,8,21
kansas,8,21
married,8,21
nucleate,8,21
nylon,8,21
piggyback,8,21
prone,8,21
resort,8,21
shedding,8,21
sunken,8,21
vienna,8,21
admiralty,8,20
bissau,8,20
catalan,8,20
connected,8,20
crossed,8,20
dimple,8,20
discount,8,20
dune,8,20
glut,8,20
greco,8,20
improved,8,20
jury,8,20
musca,8,20
permit,8,20
protruding,8,20
rue,8,20
slick,8,20
southwest,8,20
streaming,8,20
supplementary,8,20
vincent,8,20
chinook,8,19
cole,8,19
colombia,8,19
conjugation,8,19
conjunction,8,19
crimson,8,19
cruise,8,19
crystallization,8,19
doughnut,8,19
flicker,8,19
hydrated,8,19
lipoic,8,19
obtuse,8,19
oman,8,19
precious,8,19
pride,8,19
quebec,8,19
refraction,8,19
repellent,8,19
romania,8,19
spinous,8,19
territorial,8,19
woody,8,19
acre,8,18
appointment,8,18
bantu,8,18
beggar,8,18
binocular,8,18
chapter,8,18
cuba,8,18
detached,8,18
dilator,8,18
dissemination,8,18
dumb,8,18
eleven,8,18
forage,8,18
framework,8,18
kenya,8,18
lima,8,18
nepalese,8,18
petty,8,18
propulsion,8,18
psychic,8,18
sham,8,18
tearing,8,18
trivalent,8,18
trot,8,18
yukon,8,18
albania,8,17
babylonian,8,17
bloody,8,17
cache,8,17
connect,8,17
deformation,8,17
electoral,8,17
haitian,8,17
hermaphrodite,8,17
honduras,8,17
iraq,8,17
jasper,8,17
libyan,8,17
mandarin,8,17
meridian,8,17
merry,8,17
nmr,8,17
parachute,8,17
perimeter,8,17
persistence,8,17
pyrite,8,17
summation,8,17
tartar,8,17
topographic,8,17
tune,8,17
vatican,8,17
adsorption,8,16
arthropoda,8,16
boil,8,16
bordeaux,8,16
brine,8,16
bulbous,8,16
caustic,8,16
communism,8,16
convenience,8,16
leone,8,16
lightweight,8,16
lying,8,16
maid,8,16
manifest,8,16
maryland,8,16
monte,8,16
otc,8,16
reflective,8,16
scotland,8,16
slush,8,16
snout,8,16
stoop,8,16
topaz,8,16
trinidad,8,16
turquoise,8,16
uganda,8,16
upland,8,16
vacation,8,16
yak,8,16
barbara,8,15
brood,8,15
condensed,8,15
contemporary,8,15
coronal,8,15
fahrenheit,8,15
fake,8,15
flick,8,15
grasp,8,15
heap,8,15
join,8,15
littoral,8,15
magnetization,8,15
maine,8,15
mangle,8,15
nebula,8,15
nepal,8,15
pittsburgh,8,15
retreat,8,15
shaking,8,15
soak,8,15
squat,8,15
sterling,8,15
stony,8,15
vintage,8,15
volley,8,15
arkansas,8,14
assumption,8,14
bargain,8,14
botswana,8,14
bounce,8,14
breton,8,14
buoyancy,8,14
charity,8,14
clathrate,8,14
constructive,8,14
cypher,8,14
decomposition,8,14
dehydrated,8,14
gestation,8,14
hermaphroditism,8,14
honour,8,14
hull,8,14
intermediary,8,14
lanka,8,14
masquerade,8,14
mire,8,14
murder,8,14
paraguay,8,14
particular,8,14
pivot,8,14
pumice,8,14
quad,8,14
qualification,8,14
sake,8,14
serbian,8,14
slovakia,8,14
stochastic,8,14
subsidiary,8,14
sunshine,8,14
wife,8,14
zoom,8,14
armenia,8,13
atoll,8,13
blues,8,13
bosom,8,13
budding,8,13
burundi,8,13
captive,8,13
caput,8,13
cobble,8,13
descent,8,13
disinfectant,8,13
dub,8,13
engage,8,13
hash,8,13
hatching,8,13
hire,8,13
intersection,8,13
kurdish,8,13
lash,8,13
libya,8,13
madeira,8,13
muck,8,13
pant,8,13
repose,8,13
scalar,8,13
smack,8,13
taiwanese,8,13
togo,8,13
torus,8,13
unipolar,8,13
withdraw,8,13
zigzag,8,13
affine,8,12
beijing,8,12
bolivia,8,12
bulge,8,12
camouflage,8,12
comoros,8,12
departure,8,12
downward,8,12
ego,8,12
exclusive,8,12
favour,8,12
gelatinous,8,12
glare,8,12
hobble,8,12
jamaican,8,12
joy,8,12
levy,8,12
liberian,8,12
lithuanian,8,12
mercy,8,12
prospect,8,12
prove,8,12
refuge,8,12
selling,8,12
slap,8,12
steep,8,12
swagger,8,12
terminus,8,12
undulate,8,12
airborne,8,11
bauxite,8,11
bengali,8,11
catalyst,8,11
discontinuous,8,11
discover,8,11
elliptic,8,11
fluff,8,11
gibraltar,8,11
haploid,8,11
harbour,8,11
hollywood,8,11
instrumental,8,11
lease,8,11
majority,8,11
micronutrient,8,11
midway,8,11
moro,8,11
omaha,8,11
proboscis,8,11
provision,8,11
seek,8,11
stink,8,11
tremolite,8,11
troll,8,11
vomit,8,11
amphibia,8,10
assume,8,10
bipartite,8,10
chunk,8,10
cordon,8,10
hate,8,10
heaven,8,10
mum,8,10
nag,8,10
obligation,8,10
odds,8,10
override,8,10
pinnacle,8,10
quiver,8,10
refinement,8,10
samba,8,10
shipwreck,8,10
till,8,10
anaphylactic,8,9
austin,8,9
cartwheel,8,9
clash,8,9
convergent,8,9
declarative,8,9
discord,8,9
dispersed,8,9
fawn,8,9
fuss,8,9
heavenly,8,9
jumble,8,9
nucleon,8,9
quack,8,9
smoky,8,9
squeak,8,9
tabular,8,9
whispering,8,9
borax,8,8
chaos,8,8
concretion,8,8
curled,8,8
divergence,8,8
kitten,8,8
overflow,8,8
subatomic,8,8
trifle,8,8
genetics,7,17215
dimethyl,7,13395
hydrochloride,7,13098
poisoning,7,12330
toxicity,7,11557
pathology,7,7140
congenital,7,6879
statistics,7,5356
radiotherapy,7,5041
finding,7,4804
agents,7,4103
nitro,7,3654
anatomy,7,3395
lymphoma,7,2814
benzyl,7,2767
transplantation,7,2207
cytochrome,7,2165
reductase,7,1902
familial,7,1748
hereditary,7,1513
val,7,1490
indole,7,1365
techniques,7,1352
neuroendocrine,7,1341
isopropyl,7,1311
melanoma,7,1246
bacillus,7,1226
cyst,7,1165
containing,7,1146
pseudomonas,7,1108
tests,7,1063
increased,7,1055
mycobacterium,7,1043
arginine,7,1031
glycoprotein,7,998
epilepsy,7,988
inositol,7,971
antibodies,7,942
pathologic,7,898
carbamic,7,834
imidazole,7,797
autoimmune,7,775
trna,7,774
stromal,7,761
metastatic,7,749
tg,7,737
ro,7,730
coronavirus,7,721
methylene,7,718
arthritis,7,717
dermatitis,7,701
glutamyl,7,678
uridine,7,667
ganglion,7,662
salmonella,7,654
aspartate,7,649
hypersensitivity,7,649
follicular,7,640
disulfide,7,637
doxorubicin,7,637
ligand,7,627
muscles,7,624
lactone,7,617
hernia,7,603
fibrosis,7,590
perforation,7,590
keto,7,587
fluoride,7,584
methacrylate,7,582
anhydrous,7,581
glands,7,581
pyruvate,7,581
unspecified,7,578
joints,7,556
pyrimidine,7,555
nadp,7,544
methotrexate,7,540
morphogenesis,7,537
nadph,7,536
decarboxylase,7,534
hydrolase,7,530
myo,7,527
vibrio,7,524
adenovirus,7,516
monosodium,7,513
herpes,7,503
polyethylene,7,490
maxillary,7,486
tribal,7,482
gallbladder,7,475
gingival,7,470
anxiety,7,468
tri,7,461
igg,7,451
covid,7,447
cdc,7,440
mannose,7,440
dexamethasone,7,439
acyltransferase,7,437
anesthesia,7,437
embolism,7,435
painting,7,430
fallopian,7,429
peptidase,7,429
percent,7,427
eyelid,7,425
tomography,7,421
absent,7,417
dichloride,7,417
tibial,7,417
peroxidase,7,414
isomerase,7,411
gonadal,7,408
septal,7,408
penile,7,406
cytidine,7,403
evaluation,7,402
sickness,7,401
neisseria,7,399
carbamoyl,7,395
cytokine,7,394
vena,7,394
aspartic,7,392
neuronal,7,391
extremity,7,387
pneumoniae,7,383
sulfoxide,7,378
palsy,7,374
periodontal,7,372
colonic,7,371
mesenchyme,7,371
papilloma,7,371
apc,7,370
ganglia,7,363
corynebacterium,7,356
borne,7,349
carnitine,7,348
fusarium,7,348
nk,7,348
sb,7,347
palate,7,345
estrogen,7,344
calcification,7,338
yersinia,7,334
activities,7,332
neutrophil,7,328
rho,7,328
ectopic,7,324
inducing,7,323
staphylococcal,7,323
copolymer,7,322
furo,7,321
formate,7,320
tnf,7,320
esophagus,7,319
aniline,7,316
thymidine,7,312
nad,7,311
aeruginosa,7,306
immunologic,7,306
thalamic,7,303
studies,7,302
progenitor,7,299
dislocation,7,298
ossification,7,298
murine,7,297
rs,7,296
veins,7,295
leishmania,7,293
transferase,7,292
glucosamine,7,289
heparin,7,288
metatarsal,7,287
oropharyngeal,7,287
ib,7,285
butanol,7,282
reflux,7,282
tribe,7,282
cavernous,7,281
ulnar,7,280
century,7,279
japonica,7,277
glucan,7,276
proteinase,7,275
tm,7,275
tricuspid,7,271
ps,7,269
dependence,7,268
chondroitin,7,267
inosine,7,265
metacarpal,7,264
sphincter,7,264
original,7,261
brachial,7,260
atrophic,7,256
stomatitis,7,255
tarsal,7,255
tinea,7,255
ch,7,254
pharmacy,7,254
junctional,7,252
persons,7,252
tubule,7,252
endothelium,7,251
photography,7,251
documentation,7,250
her,7,249
eosinophilic,7,248
leprosy,7,248
adam,7,244
uracil,7,244
malaria,7,242
nicotinic,7,241
cog,7,238
langerhans,7,234
rad,7,234
sulfite,7,234
bronchus,7,232
subacute,7,232
allergy,7,230
psychiatric,7,230
splicing,7,230
granulocyte,7,229
hypoplastic,7,228
ag,7,226
iliac,7,226
implant,7,226
neurotransmitter,7,226
igm,7,224
hex,7,221
oligodendrocyte,7,221
ruthenium,7,221
asparagine,7,220
format,7,220
illness,7,220
mapping,7,220
impaired,7,219
mutant,7,219
isoleucine,7,217
sinensis,7,217
workers,7,217
catechol,7,216
capsular,7,215
symptom,7,215
penetrating,7,214
occipital,7,213
tp,7,212
dinucleotide,7,211
zirconium,7,211
oxidoreductase,7,210
sox,7,209
defined,7,208
jejunal,7,206
diaphragmatic,7,205
oxytocin,7,205
simian,7,205
anus,7,203
measuring,7,202
homocysteine,7,201
sertoli,7,201
bypass,7,200
ileal,7,200
photoreceptor,7,200
newborn,7,198
photographic,7,198
hydroxybenzoic,7,195
aflatoxin,7,194
heme,7,193
adenylate,7,192
glyceraldehyde,7,192
phosphoenolpyruvate,7,191
popliteal,7,191
oils,7,190
pleomorphic,7,190
vomiting,7,190
listeria,7,187
physician,7,184
erythroid,7,182
pyridoxal,7,182
rubella,7,182
legionella,7,181
inflammation,7,178
thymic,7,178
chlamydia,7,177
children's,7,176
avium,7,175
zona,7,175
cutis,7,174
resorption,7,174
signs,7,174
sar,7,173
vp,7,172
aminotransferase,7,171
butane,7,171
primordium,7,171
's,7,170
acetaldehyde,7,170
lobular,7,170
pars,7,170
cholinergic,7,169
tungsten,7,168
cesium,7,167
circadian,7,166
evidence,7,165
during,7,164
dilatation,7,162
folic,7,161
leydig,7,161
rotavirus,7,160
chromatin,7,159
james,7,159
mannitol,7,158
phosphine,7,158
vasculature,7,158
ambulatory,7,157
mink,7,156
oct,7,156
sphingomyelin,7,156
banks,7,155
flute,7,155
scales,7,155
acrylic,7,154
conus,7,153
phosphorylation,7,153
chemotaxis,7,152
cofactor,7,152
carboxyl,7,151
larynx,7,150
ribonucleoside,7,150
amphetamine,7,149
isocyanate,7,149
resources,7,149
sh,7,149
glossopharyngeal,7,148
marks,7,148
weapon,7,148
salicylic,7,147
thiosulfate,7,147
conditioning,7,146
homeostasis,7,146
sewing,7,146
thyroxine,7,146
ky,7,145
mentha,7,144
chromosomal,7,143
fl,7,143
indica,7,143
stranded,7,142
differentiated,7,141
hexose,7,141
aggressive,7,140
thymine,7,140
ulna,7,140
arrhythmia,7,139
patellar,7,139
thorium,7,139
tang,7,138
thrombin,7,138
vasoactive,7,138
pigmented,7,137
sucrose,7,137
varicella,7,137
castration,7,136
incisor,7,136
butadiene,7,135
hs,7,135
sd,7,135
olivine,7,134
alkaloid,7,133
ascorbic,7,133
internet,7,133
points,7,133
pylori,7,133
fragments,7,132
osmium,7,132
pipes,7,132
styrene,7,132
spermatic,7,131
deformity,7,130
basilar,7,129
humerus,7,129
papio,7,129
ribonucleotide,7,129
stroma,7,129
adenoid,7,128
bars,7,128
constipation,7,127
gallus,7,127
lanthanum,7,127
limbs,7,127
phi,7,127
syncope,7,127
bc,7,126
children,7,126
transmitted,7,126
hardware,7,125
hydroxybutyrate,7,125
tricarboxylic,7,125
dialysis,7,124
beverage,7,122
hb,7,122
organisms,7,122
ortho,7,122
portable,7,122
sinoatrial,7,122
xenon,7,122
mr,7,121
nephrogenic,7,121
neurotoxin,7,120
rectus,7,120
rabies,7,119
removal,7,119
sagittal,7,119
thomas,7,119
amidase,7,118
bh,7,118
brilliant,7,118
changes,7,118
irrigation,7,118
tuberous,7,118
usual,7,118
gastroesophageal,7,117
modulator,7,117
scorpion,7,117
su,7,117
facet,7,116
myocardium,7,116
nn,7,116
parenteral,7,116
staging,7,116
bronchitis,7,115
intercostal,7,115
ng,7,115
prothrombin,7,115
cg,7,114
intrauterine,7,114
mineralocorticoid,7,114
rubra,7,114
afferent,7,113
ceremonial,7,113
chloramphenicol,7,113
prayer,7,113
restrictive,7,113
worst,7,113
answer,7,112
ulcerative,7,112
angiogenesis,7,111
larva,7,111
sl,7,111
acacia,7,110
daphnia,7,110
formulation,7,110
octane,7,110
psychomotor,7,110
meconium,7,109
monocarboxylic,7,109
nervosa,7,109
ointment,7,109
salts,7,109
signet,7,109
amendment,7,108
clinic,7,108
endemic,7,108
lumber,7,108
myxoma,7,108
parvovirus,7,108
rhenium,7,108
birds,7,107
carriage,7,107
committee,7,106
decompression,7,105
garcinia,7,105
weber,7,105
conductive,7,104
lines,7,104
characteristics,7,103
ds,7,103
mri,7,103
perceptual,7,103
theta,7,103
acp,7,102
bu,7,102
c',7,102
mp,7,102
pms,7,102
programmed,7,102
acetaminophen,7,101
inactivation,7,101
lutea,7,101
polystyrene,7,101
proliferative,7,101
collagenous,7,100
consent,7,99
edta,7,99
kb,7,99
canadensis,7,98
polymorphic,7,98
ribs,7,98
excision,7,97
substantia,7,97
anthrax,7,96
clamp,7,96
enhancement,7,96
fabric,7,96
megakaryocyte,7,96
positional,7,96
samarium,7,96
willow,7,96
ebola,7,95
paul,7,95
alexander,7,94
bulbar,7,94
communion,7,94
eb,7,94
nb,7,94
plutonium,7,94
reporting,7,94
astragalus,7,93
dismutase,7,93
mori,7,93
neodymium,7,93
genu,7,92
gpc,7,92
sciatic,7,92
endoderm,7,91
excitation,7,91
mrs,7,91
peroneal,7,91
skating,7,91
contagious,7,90
ovis,7,90
stokes,7,90
cilium,7,89
communis,7,89
costs,7,89
demineralization,7,89
faculty,7,89
retraction,7,89
supernumerary,7,89
zn,7,89
impingement,7,88
obturator,7,88
ovulation,7,88
volleyball,7,88
welding,7,88
basophilic,7,87
episodic,7,87
hp,7,87
presumptive,7,87
shirt,7,87
tellurium,7,87
capitis,7,86
cochlea,7,86
statement,7,86
countries,7,85
diastolic,7,85
dopaminergic,7,85
online,7,85
varicose,7,85
bicolor,7,84
geniculate,7,84
johnson,7,84
wrestling,7,84
americanus,7,83
azo,7,83
effective,7,83
garment,7,83
lipoid,7,83
tracking,7,83
caenorhabditis,7,82
progression,7,82
saponin,7,82
senna,7,82
cda,7,81
cortisone,7,81
curing,7,81
database,7,81
fa,7,81
paraffin,7,81
collodion,7,80
oligosaccharide,7,80
tent,7,80
unclassified,7,80
amylase,7,79
antiviral,7,79
boy,7,79
cupric,7,79
exhibition,7,79
louse,7,79
methicillin,7,79
smallpox,7,79
ubiquinone,7,79
actinic,7,78
cortisol,7,78
elder,7,78
intradermal,7,78
required,7,78
sorghum,7,78
twins,7,78
via,7,78
efferent,7,77
lumbosacral,7,77
masked,7,77
million,7,77
president,7,77
sepia,7,77
vase,7,77
zygomatic,7,77
ant,7,76
clavicle,7,76
clubs,7,76
fitness,7,76
mountains,7,76
ross,7,76
squalene,7,76
turpentine,7,76
veterans,7,76
bonding,7,75
impurity,7,75
infestation,7,75
jackson,7,75
malabsorption,7,75
scrotum,7,75
significance,7,75
striatum,7,75
erythropoietin,7,74
orders,7,74
scroll,7,74
symphysis,7,74
coffin,7,73
exhaustion,7,73
grave,7,73
incompatibility,7,73
indicus,7,73
performing,7,73
scapula,7,73
sk,7,73
sliding,7,73
sus,7,73
vera,7,73
whey,7,73
anemone,7,72
cy,7,72
trapezoid,7,72
hemp,7,71
medicinal,7,71
scandium,7,71
sensor,7,71
sternum,7,71
citrulline,7,70
diencephalon,7,70
ephemeral,7,70
pellucida,7,70
pheromone,7,70
rostral,7,70
tonsil,7,70
tuft,7,70
electrolyte,7,69
infrastructure,7,69
nasolacrimal,7,69
abc,7,68
brachiocephalic,7,68
brainstem,7,68
dynamics,7,68
holiday,7,68
knockout,7,68
pestis,7,68
prefrontal,7,68
yap,7,68
chlorinated,7,67
coverage,7,67
fasciola,7,67
hyoid,7,67
insemination,7,67
mhc,7,67
radiata,7,67
temperate,7,67
trait,7,67
bathing,7,66
choriomeningitis,7,66
gt,7,66
lecithin,7,66
myristic,7,66
otic,7,66
peoples,7,66
polyester,7,66
pyrene,7,66
additional,7,65
discrete,7,64
endodermal,7,64
extensor,7,64
parathion,7,64
scrofa,7,64
calculus,7,63
esr,7,63
lassa,7,63
mas,7,63
metronidazole,7,63
mixing,7,63
phosphorous,7,63
rete,7,63
sacs,7,63
weaving,7,63
autonomous,7,62
camellia,7,62
cinerea,7,62
lama,7,62
palustris,7,62
radon,7,62
sorbitol,7,62
specialized,7,62
aloe,7,61
chat,7,61
cords,7,61
hidden,7,61
hoop,7,61
murmur,7,61
necrotic,7,61
overlapping,7,61
roots,7,61
sociology,7,61
tailed,7,61
ultrasonic,7,61
viridis,7,61
alder,7,60
cardiogenic,7,60
cusp,7,60
glyceric,7,60
lab,7,60
lh,7,60
phrenic,7,60
publication,7,60
rex,7,60
sleeve,7,60
spots,7,60
tracing,7,60
trimer,7,60
anabolic,7,59
arousal,7,59
digoxin,7,59
domestica,7,59
lynch,7,59
nettle,7,59
sources,7,59
subordinate,7,59
thinning,7,59
ur,7,59
vulva,7,59
breakage,7,58
gonad,7,58
imperforate,7,58
incense,7,58
lawrence,7,58
magnum,7,58
positron,7,58
reuptake,7,58
sized,7,58
stages,7,58
stannous,7,58
urethane,7,58
asparagus,7,57
biomarker,7,57
conglomerate,7,57
correlation,7,57
dj,7,57
flax,7,57
frontalis,7,57
hazardous,7,57
intramural,7,57
rumination,7,57
thymol,7,57
triad,7,57
using,7,57
uvea,7,57
commune,7,56
cumulative,7,56
improvement,7,56
infancy,7,56
nana,7,56
occupation,7,56
portrait,7,56
scrotal,7,56
circumcision,7,55
epiglottis,7,55
insular,7,55
tl,7,55
woolly,7,55
calamus,7,54
concentrating,7,54
epigastric,7,54
minerals,7,54
orifice,7,54
peri,7,54
peter,7,54
poisonous,7,54
thistle,7,54
vocabulary,7,54
wilson,7,54
branchial,7,53
cucumber,7,53
exterior,7,53
feedback,7,53
nodosum,7,53
oblongata,7,53
sailing,7,53
sutures,7,53
advocacy,7,52
cafe,7,52
defensive,7,52
forestry,7,52
hydra,7,52
inert,7,52
lambert,7,52
massive,7,52
raised,7,52
submission,7,52
antique,7,51
dissolved,7,51
epitope,7,51
exposed,7,51
fencing,7,51
ferritin,7,51
fuse,7,51
insertion,7,51
inspection,7,51
interactive,7,51
iota,7,51
lm,7,51
plagioclase,7,51
polarization,7,51
strings,7,51
teacher,7,51
villus,7,51
adnexa,7,50
africanus,7,50
alien,7,50
fragility,7,50
lateralis,7,50
lutein,7,50
methamphetamine,7,50
min,7,50
moderately,7,50
pastry,7,50
phenytoin,7,50
trafficking,7,50
vat,7,50
forty,7,49
husbandry,7,49
null,7,49
pedis,7,49
reticulocyte,7,49
sg,7,49
ship's,7,49
skate,7,49
terrorism,7,49
aldose,7,48
certified,7,48
corticosteroid,7,48
evolution,7,48
falls,7,48
inducer,7,48
multicellular,7,48
naming,7,48
ontology,7,48
saharan,7,48
assignment,7,47
coalition,7,47
concern,7,47
efficacy,7,47
gouge,7,47
linking,7,47
magazine,7,47
scabies,7,47
tricyclic,7,47
allantoin,7,46
attenuation,7,46
ciliated,7,46
clark,7,46
coccyx,7,46
erythroblast,7,46
impotence,7,46
mission,7,46
omentum,7,46
overweight,7,46
referral,7,46
rigid,7,46
safflower,7,46
spermatogenesis,7,46
starvation,7,46
stifle,7,46
venereal,7,46
within,7,46
cad,7,45
chorion,7,45
dumping,7,45
horizon,7,45
luminal,7,45
mitosis,7,45
nematoda,7,45
occupancy,7,45
parliament,7,45
pitcher,7,45
plains,7,45
radium,7,45
ri,7,45
cat's,7,44
chordata,7,44
cobblestone,7,44
creek,7,44
ecology,7,44
fasting,7,44
hypoglycemic,7,44
incentive,7,44
ketamine,7,44
landau,7,44
lunate,7,44
nucleolus,7,44
paraquat,7,44
pylorus,7,44
subjective,7,44
upright,7,44
vulvae,7,44
alcoholism,7,43
chelate,7,43
circumflex,7,43
handed,7,43
interlobular,7,43
lettuce,7,43
mustela,7,43
orotic,7,43
permanganate,7,43
radar,7,43
repetitive,7,43
spiralis,7,43
spore,7,43
tab,7,43
tet,7,43
adipic,7,42
amnion,7,42
californium,7,42
cookie,7,42
evergreen,7,42
intermedium,7,42
lacrosse,7,42
luteal,7,42
neurotic,7,42
pcr,7,42
perineal,7,42
poster,7,42
pruning,7,42
quit,7,42
analytic,7,41
anserine,7,41
bronchodilator,7,41
divalent,7,41
diversity,7,41
eggs,7,41
heterochromatin,7,41
ischium,7,41
ka,7,41
lid,7,41
lincoln,7,41
osteoclast,7,41
pike,7,41
planet,7,41
positioning,7,41
revised,7,41
sensorimotor,7,41
tritium,7,41
weighted,7,41
aeronautical,7,40
algae,7,40
backed,7,40
bicyclic,7,40
cerebrum,7,40
clone,7,40
corti,7,40
cottage,7,40
gallic,7,40
insecta,7,40
meadow,7,40
minimally,7,40
octopus,7,40
proprietary,7,40
receiver,7,40
reception,7,40
shortening,7,40
trapezium,7,40
aluminosilicate,7,39
bowing,7,39
dakota,7,39
default,7,39
depressant,7,39
elf,7,39
endurance,7,39
forceps,7,39
happy,7,39
horned,7,39
ip,7,39
ji,7,39
mississippi,7,39
monovalent,7,39
quadrant,7,39
amaranth,7,38
correctional,7,38
focusing,7,38
fourier,7,38
igd,7,38
malathion,7,38
meatus,7,38
requirements,7,38
shed,7,38
sounds,7,38
suspended,7,38
tense,7,38
toad,7,38
tragacanth,7,38
accelerator,7,37
aerospace,7,37
aided,7,37
appropriate,7,37
cambium,7,37
conformation,7,37
cranberry,7,37
diminished,7,37
emotion,7,37
era,7,37
gaelic,7,37
glasgow,7,37
halothane,7,37
huang,7,37
hymen,7,37
installation,7,37
magnetite,7,37
malic,7,37
maya,7,37
membership,7,37
multipotent,7,37
phagocytosis,7,37
polygonal,7,37
scoring,7,37
senescence,7,37
stocking,7,37
subepithelial,7,37
typical,7,37
anonymous,7,36
assurance,7,36
bandy,7,36
chloroform,7,36
detoxification,7,36
don,7,36
hydrochloric,7,36
metadata,7,36
prevalence,7,36
radiating,7,36
spikes,7,36
torque,7,36
argentina,7,35
aspect,7,35
authorization,7,35
bachelor,7,35
copal,7,35
der,7,35
fang,7,35
glyoxylate,7,35
luminescence,7,35
mag,7,35
maori,7,35
proboscidea,7,35
sausage,7,35
sclerotic,7,35
scope,7,35
alginic,7,34
baritone,7,34
conditioned,7,34
gastrula,7,34
hamilton,7,34
hydroxides,7,34
kola,7,34
liberation,7,34
manufactured,7,34
psychotropic,7,34
reactor,7,34
reinforcement,7,34
sadness,7,34
symptomatic,7,34
vitae,7,34
words,7,34
aboriginal,7,33
archive,7,33
bull's,7,33
bursal,7,33
containment,7,33
diatomaceous,7,33
exemption,7,33
laying,7,33
mollusca,7,33
plank,7,33
procurement,7,33
willis,7,33
apply,7,32
bike,7,32
blockade,7,32
creative,7,32
creole,7,32
cycles,7,32
exotic,7,32
homosexuality,7,32
lounge,7,32
penal,7,32
pineapple,7,32
protected,7,32
stabilizer,7,32
strategy,7,32
sumac,7,32
switching,7,32
tartaric,7,32
venosus,7,32
viability,7,32
champagne,7,31
corporation,7,31
cos,7,31
dn,7,31
hydrophilic,7,31
journalism,7,31
limbus,7,31
lysosome,7,31
mac,7,31
offshore,7,31
owner,7,31
pointer,7,31
polymerization,7,31
postmortem,7,31
rowing,7,31
situation,7,31
tenure,7,31
turnip,7,31
vd,7,31
analgesic,7,30
anchorage,7,30
banner,7,30
clinch,7,30
cloak,7,30
cure,7,30
disaccharide,7,30
earthquake,7,30
elderly,7,30
extensive,7,30
fillet,7,30
ionizing,7,30
lutheran,7,30
mangrove,7,30
mineralization,7,30
piezo,7,30
restaurant,7,30
rye,7,30
suckling,7,30
tram,7,30
tricolor,7,30
wig,7,30
xenobiotic,7,30
ambulance,7,29
august,7,29
bleach,7,29
bolus,7,29
bowed,7,29
cellularity,7,29
competence,7,29
conduit,7,29
davis,7,29
diptera,7,29
escort,7,29
fertile,7,29
gourd,7,29
hearth,7,29
hymenoptera,7,29
lane,7,29
lepidoptera,7,29
methylglutaryl,7,29
mica,7,29
moisture,7,29
nmda,7,29
organisation,7,29
photochemical,7,29
reservoir,7,29
revolutionary,7,29
toenail,7,29
toothed,7,29
trapping,7,29
usa,7,29
agate,7,28
badger,7,28
bandage,7,28
below,7,28
canon,7,28
carnivorous,7,28
corpuscle,7,28
drama,7,28
dramatic,7,28
enclosed,7,28
europaeus,7,28
ewe,7,28
felidae,7,28
fractionation,7,28
groundwater,7,28
iaa,7,28
knob,7,28
miles,7,28
mpc,7,28
privacy,7,28
sealing,7,28
sen,7,28
seneca,7,28
siliceous,7,28
sixteen,7,28
timothy,7,28
yo,7,28
alaskan,7,27
batting,7,27
breaker,7,27
carnivora,7,27
cestoda,7,27
cleaving,7,27
clotting,7,27
graph,7,27
halogen,7,27
interpersonal,7,27
intimate,7,27
learned,7,27
lyric,7,27
medica,7,27
mordant,7,27
nonprofit,7,27
opener,7,27
parade,7,27
peeling,7,27
picket,7,27
polka,7,27
powdered,7,27
primates,7,27
quarantine,7,27
respite,7,27
rodentia,7,27
serpent,7,27
tee,7,27
trematoda,7,27
tundra,7,27
artiodactyla,7,26
assyrian,7,26
audience,7,26
buttress,7,26
canidae,7,26
cnidaria,7,26
daylight,7,26
disabled,7,26
echinodermata,7,26
entire,7,26
equidae,7,26
hominidae,7,26
hub,7,26
islam,7,26
jumper,7,26
lagomorpha,7,26
magnet,7,26
montenegro,7,26
muridae,7,26
mustelidae,7,26
myelinated,7,26
neighborhood,7,26
opal,7,26
patterned,7,26
perissodactyla,7,26
wafer,7,26
athletics,7,25
bail,7,25
bugle,7,25
camping,7,25
custard,7,25
diuretic,7,25
dominance,7,25
ed,7,25
equestrian,7,25
gluteal,7,25
glutinosa,7,25
grocery,7,25
himalayan,7,25
incidence,7,25
moist,7,25
mosaicism,7,25
optics,7,25
racemosa,7,25
reduce,7,25
roast,7,25
sebum,7,25
skew,7,25
softball,7,25
spinach,7,25
swollen,7,25
systematic,7,25
totipotent,7,25
transparency,7,25
vending,7,25
alar,7,24
alkane,7,24
attic,7,24
audiovisual,7,24
carpenter,7,24
casualty,7,24
cuprous,7,24
friendship,7,24
guilt,7,24
homeless,7,24
infra,7,24
interim,7,24
kernel,7,24
livery,7,24
loft,7,24
pallium,7,24
picking,7,24
provincial,7,24
putorius,7,24
rational,7,24
restlessness,7,24
romantic,7,24
shave,7,24
sieve,7,24
spacing,7,24
speak,7,24
spermatid,7,24
starter,7,24
stave,7,24
symmetry,7,24
taxation,7,24
tenderness,7,24
tumour,7,24
victorian,7,24
wars,7,24
arid,7,23
asymmetrical,7,23
bale,7,23
balm,7,23
barrow,7,23
confirmation,7,23
curb,7,23
dentition,7,23
devil's,7,23
dive,7,23
dong,7,23
extraterrestrial,7,23
federated,7,23
flora,7,23
fusiform,7,23
governing,7,23
haw,7,23
infundibulum,7,23
innocent,7,23
isolate,7,23
jan,7,23
led,7,23
liberal,7,23
relieve,7,23
rf,7,23
robot,7,23
rounded,7,23
stern,7,23
temper,7,23
thyme,7,23
trinity,7,23
vagal,7,23
zeaxanthin,7,23
augmented,7,22
blubber,7,22
cambridge,7,22
cob,7,22
comma,7,22
commons,7,22
crook,7,22
elite,7,22
eo,7,22
eukaryota,7,22
fail,7,22
haiti,7,22
hills,7,22
interoperability,7,22
judaism,7,22
magnification,7,22
muddy,7,22
sedge,7,22
she,7,22
sinusoidal,7,22
stabilization,7,22
sucking,7,22
syntax,7,22
tropic,7,22
ukraine,7,22
zonal,7,22
aculeatus,7,21
aeolian,7,21
alley,7,21
alluvial,7,21
ambient,7,21
antarctic,7,21
apricot,7,21
blistering,7,21
branches,7,21
caper,7,21
capra,7,21
descriptive,7,21
digestion,7,21
encapsulation,7,21
expenditure,7,21
grapefruit,7,21
invalid,7,21
luo,7,21
malay,7,21
minnesota,7,21
narrowing,7,21
nonspecific,7,21
perforated,7,21
prc,7,21
retro,7,21
ringing,7,21
roach,7,21
sentence,7,21
startle,7,21
tackle,7,21
zoology,7,21
ahead,7,20
alb,7,20
biblical,7,20
born,7,20
centrifugal,7,20
coccygeal,7,20
continuity,7,20
exogenous,7,20
fed,7,20
furrow,7,20
hatch,7,20
herd,7,20
highway,7,20
javanese,7,20
journal,7,20
kent,7,20
lagoon,7,20
lose,7,20
loud,7,20
lure,7,20
midget,7,20
obi,7,20
phillips,7,20
repetition,7,20
slant,7,20
toggle,7,20
turnover,7,20
wheeler,7,20
yoruba,7,20
airplane,7,19
boar,7,19
capacitance,7,19
caroline,7,19
compatibility,7,19
construct,7,19
dol,7,19
exclude,7,19
expressive,7,19
feces,7,19
ghana,7,19
hardy,7,19
lamella,7,19
leech,7,19
macedonia,7,19
multidimensional,7,19
orchard,7,19
palestine,7,19
palms,7,19
portfolio,7,19
portugal,7,19
potency,7,19
preserve,7,19
rasp,7,19
rattus,7,19
receptive,7,19
reversed,7,19
roe,7,19
skunk,7,19
slovenia,7,19
tally,7,19
tenax,7,19
tips,7,19
tow,7,19
transmitter,7,19
tread,7,19
ascension,7,18
bach,7,18
bard,7,18
checker,7,18
cultivated,7,18
cuneiform,7,18
customary,7,18
esteem,7,18
furfural,7,18
grooved,7,18
guttata,7,18
gypsy,7,18
laugh,7,18
modal,7,18
norse,7,18
osage,7,18
ossified,7,18
pakistan,7,18
parliamentary,7,18
rufus,7,18
saber,7,18
senegal,7,18
shawnee,7,18
siamese,7,18
silence,7,18
snapper,7,18
snip,7,18
squid,7,18
subgenus,7,18
subsistence,7,18
terrain,7,18
tesla,7,18
adoption,7,17
arithmetic,7,17
augustine,7,17
aves,7,17
biotic,7,17
broiler,7,17
bum,7,17
caramel,7,17
chic,7,17
clara,7,17
climatic,7,17
clinker,7,17
conditional,7,17
croatia,7,17
definitive,7,17
depreciation,7,17
dominica,7,17
dove,7,17
fixative,7,17
granulosum,7,17
grub,7,17
hz,7,17
illusion,7,17
latvia,7,17
lodging,7,17
mariana,7,17
mule,7,17
parrot,7,17
peacock,7,17
peck,7,17
pint,7,17
polynesian,7,17
prim,7,17
propagation,7,17
quarry,7,17
ringer,7,17
sucker,7,17
suffering,7,17
wag,7,17
wart,7,17
weld,7,17
yoga,7,17
yuan,7,17
acetylsalicylic,7,16
angola,7,16
autumn,7,16
baja,7,16
britain,7,16
canaliculus,7,16
cauliflower,7,16
colombian,7,16
compensatory,7,16
confectionery,7,16
cuckoo,7,16
cum,7,16
estimate,7,16
fiji,7,16
guar,7,16
hampshire,7,16
herbaceous,7,16
idle,7,16
incorporation,7,16
jesus,7,16
jim,7,16
jute,7,16
lecture,7,16
liechtenstein,7,16
lips,7,16
monaco,7,16
nigeria,7,16
paradise,7,16
phenotypic,7,16
principe,7,16
render,7,16
reticulate,7,16
ribonucleic,7,16
rica,7,16
rican,7,16
ruffle,7,16
sabre,7,16
salvador,7,16
seas,7,16
shoulders,7,16
specialization,7,16
sticky,7,16
summit,7,16
venus,7,16
vermont,7,16
xvi,7,16
absorbance,7,15
acorn,7,15
added,7,15
appalachian,7,15
backup,7,15
begin,7,15
biophysical,7,15
bold,7,15
bosnia,7,15
burgundy,7,15
cerulean,7,15
circumstances,7,15
cirrus,7,15
clown,7,15
compost,7,15
cooper,7,15
divinity,7,15
downhill,7,15
estonia,7,15
evil,7,15
exhibit,7,15
floppy,7,15
flotation,7,15
fumaric,7,15
galvanic,7,15
gordon,7,15
grammatical,7,15
granulated,7,15
hesitancy,7,15
leaning,7,15
malar,7,15
malta,7,15
mastication,7,15
micronesia,7,15
midi,7,15
migrating,7,15
muslim,7,15
nez,7,15
oceania,7,15
our,7,15
paddy,7,15
pancake,7,15
pasture,7,15
pee,7,15
plana,7,15
plicata,7,15
pupillae,7,15
recoil,7,15
rendering,7,15
sable,7,15
scaly,7,15
scorch,7,15
secular,7,15
simultaneous,7,15
siouan,7,15
sledge,7,15
stigma,7,15
tailor,7,15
tobago,7,15
tome,7,15
trio,7,15
tucker,7,15
verge,7,15
vibratory,7,15
wad,7,15
wealth,7,15
adventitial,7,14
arena,7,14
articulated,7,14
billy,7,14
bouquet,7,14
calcified,7,14
cambodia,7,14
catawba,7,14
corneum,7,14
curry,7,14
daytime,7,14
distribute,7,14
eclipse,7,14
expedition,7,14
fenestrated,7,14
hillock,7,14
ignition,7,14
indifference,7,14
ipsilateral,7,14
latissimus,7,14
ligature,7,14
lucifer,7,14
metamorphosis,7,14
ochre,7,14
operculum,7,14
palau,7,14
pilar,7,14
provide,7,14
putting,7,14
scotia,7,14
seychelles,7,14
shivering,7,14
tanzania,7,14
tasting,7,14
tease,7,14
thompson,7,14
tlc,7,14
tramp,7,14
uncertainty,7,14
vanuatu,7,14
venture,7,14
viscous,7,14
watermelon,7,14
americas,7,13
antigua,7,13
april,7,13
aversion,7,13
azerbaijan,7,13
bahrain,7,13
baker's,7,13
barbuda,7,13
beryl,7,13
bohemian,7,13
boys,7,13
caraway,7,13
champion,7,13
chew,7,13
chickpea,7,13
continuation,7,13
contractility,7,13
crock,7,13
croix,7,13
denial,7,13
draco,7,13
ethiopia,7,13
fag,7,13
filipino,7,13
fulminate,7,13
heels,7,13
here,7,13
herzegovina,7,13
hike,7,13
lather,7,13
lesotho,7,13
liberia,7,13
lipstick,7,13
metazoa,7,13
miracle,7,13
mohawk,7,13
murphy,7,13
muster,7,13
norvegicus,7,13
pascal,7,13
rental,7,13
rotunda,7,13
rout,7,13
solitaire,7,13
spoil,7,13
struggle,7,13
syria,7,13
tart,7,13
tributary,7,13
wellington,7,13
whirl,7,13
acetoacetic,7,12
alter,7,12
andorra,7,12
apollo,7,12
appeal,7,12
atretic,7,12
blackjack,7,12
blizzard,7,12
canterbury,7,12
cayman,7,12
charitable,7,12
chechen,7,12
chickasaw,7,12
citizenship,7,12
collect,7,12
compaction,7,12
condensate,7,12
cowl,7,12
djibouti,7,12
dublin,7,12
ecuador,7,12
epiblast,7,12
equivalence,7,12
fleck,7,12
fool's,7,12
gore,7,12
grenadines,7,12
gymnastic,7,12
hurdle,7,12
io,7,12
lending,7,12
manifold,7,12
mucopolysaccharide,7,12
overcast,7,12
papuan,7,12
pelt,7,12
providence,7,12
resolve,7,12
sicilian,7,12
spinner,7,12
stannic,7,12
suggestion,7,12
tahitian,7,12
tech,7,12
technological,7,12
thirst,7,12
trump,7,12
turkmenistan,7,12
vernal,7,12
vertex,7,12
actinolite,7,11
antiseptic,7,11
bluegrass,7,11
climax,7,11
columbus,7,11
crossover,7,11
cryolite,7,11
dodge,7,11
domed,7,11
dunk,7,11
ebb,7,11
erect,7,11
fascicle,7,11
funk,7,11
halite,7,11
honduran,7,11
hue,7,11
hydroxylapatite,7,11
icing,7,11
kali,7,11
lexical,7,11
lick,7,11
overrun,7,11
pakistani,7,11
perpetual,7,11
pluralism,7,11
polyploid,7,11
radiance,7,11
reactivity,7,11
reckoning,7,11
relaxant,7,11
retire,7,11
ruff,7,11
salary,7,11
sanction,7,11
somali,7,11
squamata,7,11
striate,7,11
symbolic,7,11
taboo,7,11
tajik,7,11
tango,7,11
translate,7,11
tyrolean,7,11
undercut,7,11
uzbekistan,7,11
visa,7,11
wanton,7,11
waxy,7,11
zucchini,7,11
acidophilic,7,10
alexandria,7,10
anchoring,7,10
areola,7,10
astringent,7,10
asynchronous,7,10
bathe,7,10
belize,7,10
blueprint,7,10
bombard,7,10
carlo,7,10
cavities,7,10
chamois,7,10
chatter,7,10
choking,7,10
cingulata,7,10
clout,7,10
clump,7,10
consort,7,10
contra,7,10
corrupt,7,10
covert,7,10
diploid,7,10
dominion,7,10
dun,7,10
halibut,7,10
heaving,7,10
hostility,7,10
iodoform,7,10
layered,7,10
lingua,7,10
mammalia,7,10
matching,7,10
mojave,7,10
monsoon,7,10
motley,7,10
mycotoxin,7,10
nationalism,7,10
neighbour,7,10
pretend,7,10
puppy,7,10
samoan,7,10
shanghai,7,10
shasta,7,10
singaporean,7,10
snowshoe,7,10
somalia,7,10
spheroid,7,10
stinging,7,10
sunset,7,10
tangle,7,10
thrill,7,10
trainer,7,10
unity,7,10
vet,7,10
wait,7,10
winkle,7,10
wrinkle,7,10
allantoic,7,9
barren,7,9
bundling,7,9
cancel,7,9
colouring,7,9
contingency,7,9
counterbalance,7,9
coyote,7,9
crunch,7,9
degenerate,7,9
dribble,7,9
euro,7,9
fete,7,9
graduated,7,9
hubbard,7,9
karelian,7,9
kink,7,9
lop,7,9
lord's,7,9
magnesite,7,9
navel,7,9
pedigree,7,9
plunk,7,9
prostrate,7,9
quench,7,9
redundancy,7,9
reflectivity,7,9
reject,7,9
sabine,7,9
scald,7,9
scourge,7,9
snowflake,7,9
squirt,7,9
stagger,7,9
sufficiency,7,9
sunrise,7,9
surrounding,7,9
tapioca,7,9
thaw,7,9
thoroughbred,7,9
tongan,7,9
translucent,7,9
vegetal,7,9
vigil,7,9
vortex,7,9
winchester,7,9
woman's,7,9
zulu,7,9
approximation,7,8
browse,7,8
chink,7,8
confederation,7,8
deforestation,7,8
delight,7,8
eau,7,8
embrace,7,8
emetic,7,8
estonian,7,8
goethite,7,8
inject,7,8
mandate,7,8
ornamentation,7,8
piezoelectric,7,8
realgar,7,8
redox,7,8
riffle,7,8
salvadoran,7,8
scribble,7,8
scum,7,8
snowball,7,8
steamroller,7,8
sustain,7,8
trojan,7,8
welcome,7,8
whitewash,7,8
wreck,7,8
zaire,7,8
bhutanese,7,7
boomerang,7,7
brook,7,7
concavity,7,7
distinction,7,7
empirical,7,7
franchise,7,7
hydrophobicity,7,7
laotian,7,7
propensity,7,7
rut,7,7
scruple,7,7
senegalese,7,7
sepiolite,7,7
sputter,7,7
purification,6,12487
dosage,6,11513
chloro,6,10444
pharmacology,6,10051
methoxy,6,10037
carcinoma,6,6940
diagnosis,6,5449
disorders,6,5349
cytology,6,4503
drosophila,6,3859
xenopus,6,3768
fluoro,6,3379
jurisprudence,6,3340
neoplasm,6,3254
tert,6,3097
county,6,3074
diethyl,6,2959
instrumentation,6,2852
ene,6,2397
propyl,6,2201
dysplasia,6,1848
protocol,6,1844
diphosphate,6,1800
cid,6,1792
sarcoma,6,1742
arg,6,1710
gly,6,1701
tyr,6,1700
met,6,1694
asp,6,1659
autosomal,6,1645
lys,6,1639
terminology,6,1587
streptomyces,6,1557
hemorrhage,6,1552
hydroxyethyl,6,1455
ile,6,1391
stenosis,6,1222
dystrophy,6,1104
adenoma,6,1078
benign,6,1073
technetium,6,1073
ligase,6,1005
carboxy,6,970
pneumonia,6,941
hypoplasia,6,935
phalanx,6,908
hypertension,6,899
neuropathy,6,856
diabetes,6,854
aneurysm,6,823
epi,6,779
hormones,6,779
devices,6,766
ribosomal,6,764
gated,6,759
infarction,6,743
hyperplasia,6,708
histone,6,700
lyase,6,698
ataxia,6,688
cardiomyopathy,6,676
insufficiency,6,673
houses,6,666
benzoate,6,661
allyl,6,655
propanediol,6,650
ccl,6,642
cyclophosphamide,6,637
nevus,6,620
staphylococcus,6,613
palmitoyl,6,611
encephalopathy,6,609
succinate,6,608
idiopathic,6,605
vincristine,6,597
maleate,6,595
thrombosis,6,595
monohydrate,6,584
tachycardia,6,583
aplasia,6,582
papillomavirus,6,576
formyl,6,572
granuloma,6,571
rearrangement,6,567
apolipoprotein,6,556
oh,6,555
how,6,547
cassette,6,544
colorectal,6,543
inborn,6,543
prosthesis,6,541
meningitis,6,532
furan,6,523
aids,6,502
plasmodium,6,491
defects,6,486
microscopy,6,484
hydroxypropyl,6,483
rel,6,483
amanita,6,481
complexes,6,481
paralysis,6,481
elements,6,480
anhydride,6,473
myosin,6,473
piperidine,6,468
but,6,466
lectin,6,460
vulvar,6,446
phosphorylase,6,435
transaminase,6,432
atresia,6,430
polypeptide,6,430
hemangioma,6,427
nf,6,427
monooxygenase,6,425
biosynthetic,6,421
cyclase,6,421
hemolytic,6,417
deafness,6,409
motif,6,407
cathepsin,6,403
haemophilus,6,403
hn,6,401
oxime,6,400
rheumatoid,6,400
animals,6,395
heterogeneous,6,393
erythema,6,390
complementation,6,389
mk,6,384
hydrolases,6,380
caspase,6,377
vertebra,6,377
hepatocyte,6,375
fibers,6,374
isolated,6,374
glioma,6,373
sulfonamide,6,373
bcl,6,369
sars,6,369
rac,6,367
denture,6,366
ceramide,6,365
carboxymethyl,6,363
colitis,6,362
sulfonate,6,361
transfusion,6,361
deaminase,6,360
propionate,6,358
pancreatitis,6,357
bs,6,354
semialdehyde,6,349
tetra,6,348
epithelioid,6,347
ht,6,347
stat,6,345
biopsy,6,344
malformation,6,340
specimen,6,339
prednisone,6,334
dementia,6,332
endothelin,6,329
glaucoma,6,329
anaplastic,6,326
sterol,6,323
paroxysmal,6,321
cytomegalovirus,6,318
nails,6,318
ccr,6,315
pyrophosphate,6,314
helicobacter,6,309
ischemic,6,305
costume,6,304
severity,6,301
dysgenesis,6,300
ribosome,6,300
globulin,6,297
phosphates,6,297
subdural,6,297
alk,6,296
coding,6,296
conjunctivitis,6,295
diarrhea,6,294
iso,6,294
allium,6,292
bisphosphate,6,291
enhancer,6,291
nor,6,291
plates,6,291
translocation,6,291
protozoan,6,290
carboxylase,6,286
diverticulum,6,286
asthma,6,283
medal,6,283
lignin,6,281
purpura,6,280
genre,6,279
chromatography,6,278
msh,6,277
natriuretic,6,276
ductal,6,275
acrylate,6,274
candidiasis,6,274
macromolecule,6,273
prunus,6,273
urticaria,6,273
retinopathy,6,272
spinocerebellar,6,271
cytosine,6,270
quinoline,6,270
agenesis,6,269
sciences,6,269
embryonal,6,268
sinusitis,6,267
folate,6,265
otitis,6,264
specified,6,264
rhinitis,6,263
specificity,6,263
bordetella,6,262
intrahepatic,6,261
atpase,6,260
perchlorate,6,260
butyrate,6,258
solanum,6,256
acidosis,6,253
ducts,6,250
px,6,250
willebrand,6,250
amyloidosis,6,249
cava,6,249
klebsiella,6,248
glomerulonephritis,6,247
hydroxybenzoate,6,246
uveal,6,246
sculpture,6,245
hypotension,6,242
rheumatic,6,242
lights,6,241
nephritis,6,240
pinus,6,240
hydrazine,6,237
acth,6,236
eosinophil,6,234
erythematosus,6,234
ethane,6,233
fern,6,233
healthcare,6,231
polycystic,6,230
stricture,6,230
uveitis,6,230
fibroma,6,228
glucosidase,6,228
glomus,6,227
microtubule,6,227
problems,6,227
cholesteryl,6,226
gyrus,6,226
oxides,6,226
palmitate,6,226
ureteral,6,225
trypsin,6,224
borrelia,6,223
deoxyadenosine,6,222
myositis,6,222
obstructive,6,221
standardized,6,221
mays,6,219
myeloma,6,219
ah,6,218
events,6,218
nutritional,6,218
thyroiditis,6,218
trophoblastic,6,218
osteoarthritis,6,217
oculomotor,6,216
genome,6,214
keratitis,6,214
merkel,6,214
nausea,6,214
testis,6,214
leptospira,6,213
malate,6,213
pertussis,6,213
acetylglucosamine,6,212
orthodontic,6,212
quercus,6,212
rods,6,212
scleroderma,6,211
sets,6,211
arthropathy,6,210
ins,6,210
sandstone,6,209
bacteroides,6,208
sq,6,208
raf,6,207
erythromycin,6,206
triacylglycerol,6,206
fluorescein,6,205
transporting,6,205
spaces,6,204
alopecia,6,203
ldl,6,203
dehydratase,6,202
enteritis,6,202
arteritis,6,200
transferrin,6,200
ep,6,199
intoxication,6,199
quinone,6,197
endocarditis,6,195
methylbenzene,6,195
cirrhosis,6,194
albinism,6,193
fibrin,6,192
infective,6,192
lipoma,6,192
keratosis,6,191
cytotoxic,6,190
dwarfism,6,190
succinyl,6,190
benzodiazepine,6,189
dilated,6,189
hippocampal,6,189
shared,6,189
brucella,6,188
sticks,6,188
cannabinoid,6,187
enterocolitis,6,187
hypertensive,6,187
iiia,6,187
synaptic,6,187
neuritis,6,186
thromboxane,6,186
vesicles,6,186
dp,6,185
emphysema,6,185
phenothiazine,6,185
blocks,6,184
dentistry,6,184
extrahepatic,6,184
dec,6,183
dimer,6,183
eosinophilia,6,182
schistosoma,6,182
spasm,6,182
obstetric,6,181
esters,6,180
hexanoic,6,180
macaca,6,180
rickets,6,180
arteriosus,6,179
foods,6,179
axonal,6,178
gs,6,178
occlusive,6,178
puberty,6,178
stearate,6,178
types,6,178
gastritis,6,177
shigella,6,177
granules,6,176
membranes,6,176
salvia,6,176
biomedical,6,175
cholecystitis,6,174
cholecystokinin,6,173
neuroblastoma,6,173
acetal,6,172
metals,6,172
ml,6,172
multifocal,6,172
anastomotic,6,171
mercaptopurine,6,171
prenatal,6,171
radiography,6,171
cerebrovascular,6,170
paranoid,6,170
hydrocephalus,6,169
intraocular,6,168
aminopeptidase,6,167
glycoside,6,167
prednisolone,6,167
prolonged,6,167
serratia,6,167
tocopherol,6,167
altar,6,166
aspergillosis,6,166
affective,6,165
cholerae,6,165
complication,6,165
features,6,165
hypothyroidism,6,165
rg,6,165
stature,6,165
stimulus,6,165
tamoxifen,6,165
alcohols,6,164
creatinine,6,164
perfusion,6,164
enterovirus,6,163
acetylgalactosamine,6,162
abducens,6,161
epstein,6,161
infertility,6,161
lyme,6,160
schistosomiasis,6,160
casting,6,159
nitrobenzene,6,159
repressor,6,159
zeta,6,159
cystitis,6,158
midbrain,6,158
hc,6,157
mesoderm,6,157
bridges,6,156
coxa,6,156
disseminated,6,156
pneumocystis,6,156
fibrillation,6,155
stimulated,6,155
adenomatous,6,154
ks,6,154
trehalose,6,154
vertebrae,6,154
cytotoxicity,6,153
ethmoid,6,153
punctata,6,153
treponema,6,153
bronchopulmonary,6,151
pericarditis,6,150
subarachnoid,6,150
ketoglutarate,6,149
mills,6,149
peritonitis,6,149
doors,6,148
microvascular,6,148
emery,6,147
catheter,6,146
hormonal,6,146
mastitis,6,146
morphine,6,146
temporomandibular,6,146
endocardial,6,144
fucose,6,144
movements,6,144
remission,6,144
arthropod,6,143
biogenesis,6,143
les,6,143
uremic,6,143
depressive,6,142
gracilis,6,142
volvulus,6,142
callosum,6,140
crystallin,6,140
ethanolamine,6,140
lutetium,6,139
measles,6,139
phosphoserine,6,139
cgs,6,138
leakage,6,138
pruritus,6,138
triticum,6,138
periventricular,6,136
phosphoglycerate,6,136
sphenoid,6,136
trochlear,6,136
ventilator,6,136
commissure,6,135
dysplastic,6,135
theophylline,6,135
communicable,6,134
fos,6,134
mumps,6,134
orthostatic,6,134
tetraethyl,6,134
hoe,6,133
lymphadenitis,6,133
maleic,6,133
sensorineural,6,133
suppurative,6,133
feeling,6,131
gases,6,131
midline,6,131
hyperthermia,6,130
linoleic,6,130
substituted,6,130
inherited,6,129
keratoconjunctivitis,6,129
malnutrition,6,129
npc,6,129
mediator,6,128
arteriosclerosis,6,127
caries,6,127
mucocutaneous,6,127
neurological,6,127
variabilis,6,127
artemisia,6,126
chitosan,6,126
converting,6,126
pyelonephritis,6,126
vestibulocochlear,6,126
af,6,125
oleate,6,125
sterilization,6,125
lysophosphatidylcholine,6,123
rosea,6,123
ascites,6,121
gastroenteritis,6,120
polyvinyl,6,120
bifida,6,119
elimination,6,119
fats,6,119
triacetate,6,119
bridged,6,118
erg,6,118
astrocyte,6,117
cmp,6,117
healthy,6,117
tetrahydrocannabinol,6,117
tray,6,117
accidental,6,116
ascorbate,6,116
awareness,6,116
cystathionine,6,116
historic,6,116
hydrocortisone,6,116
names,6,116
streptococcal,6,116
ductus,6,114
following,6,114
guidelines,6,114
invasion,6,114
maker,6,114
maxilla,6,114
paresis,6,114
robert,6,114
baroque,6,113
estriol,6,113
bleaching,6,112
rotator,6,112
hygiene,6,111
obstetrical,6,111
estrone,6,110
felis,6,110
maltose,6,110
neuroepithelial,6,110
orientalis,6,110
coup,6,109
hyper,6,109
orthopedic,6,109
perspective,6,109
bn,6,108
catechin,6,108
cecal,6,108
ectoderm,6,108
edward,6,108
flavin,6,108
hindlimb,6,108
photograph,6,108
summary,6,108
actinomyces,6,107
tracts,6,107
epiphyseal,6,106
genetically,6,106
hydantoin,6,106
limonene,6,106
villous,6,106
graves,6,105
handling,6,105
nephron,6,105
cartridge,6,104
hexane,6,104
jewelry,6,104
kanamycin,6,104
lidocaine,6,104
parish,6,104
penicillamine,6,104
vancomycin,6,104
alkalosis,6,103
borate,6,103
burgdorferi,6,103
chorea,6,103
fallot,6,103
fundus,6,103
octanoic,6,103
ono,6,103
what,6,103
avulsion,6,102
bursitis,6,102
hypothermia,6,102
lr,6,102
luteum,6,102
lymphadenopathy,6,102
opportunistic,6,102
palmar,6,102
centromere,6,101
chimney,6,101
decorative,6,101
propria,6,101
deficient,6,100
aberrant,6,99
atropine,6,99
eczema,6,99
europium,6,99
lauryl,6,99
preventive,6,99
triiodothyronine,6,99
echinococcus,6,98
elk,6,98
lc,6,98
myotonic,6,98
piper,6,98
antibiotics,6,97
babesia,6,97
isotope,6,97
laws,6,97
lin,6,97
polysaccharides,6,97
trioxide,6,97
yellowish,6,97
defective,6,96
occidentalis,6,96
phencyclidine,6,96
syn,6,96
angiosarcoma,6,95
anthropology,6,95
fields,6,95
galactosidase,6,95
imbalance,6,95
paget,6,95
synovitis,6,95
adduct,6,94
ankylosis,6,94
artillery,6,94
bits,6,94
entrapment,6,94
ganglionic,6,94
procaine,6,94
skills,6,94
degenerative,6,93
dehiscence,6,93
deposits,6,93
functioning,6,93
psychogenic,6,93
sella,6,93
aplastic,6,92
basophil,6,92
cellulitis,6,92
dehydroepiandrosterone,6,92
heptane,6,92
japonicus,6,92
mesodermal,6,92
organelle,6,92
pads,6,92
phosphatidic,6,92
slipped,6,92
deferens,6,91
overall,6,91
procarbazine,6,91
transcriptase,6,91
years,6,91
ibuprofen,6,90
impedance,6,90
megacolon,6,90
pneumothorax,6,90
rug,6,90
tantalum,6,90
transferring,6,90
varnish,6,90
eclampsia,6,89
needs,6,89
pudendal,6,89
rm,6,89
stilbene,6,89
thalamus,6,89
who,6,89
acuity,6,88
asymmetry,6,88
gingivitis,6,88
immunoglobulins,6,88
np,6,88
shaving,6,88
stitch,6,88
cordis,6,87
elastase,6,87
intima,6,87
mortar,6,87
organizational,6,87
pants,6,87
polymyxin,6,87
precocious,6,87
predisposition,6,87
fishes,6,86
hypoxanthine,6,86
metacarpophalangeal,6,86
silicic,6,86
tay,6,86
basalt,6,85
dining,6,85
equina,6,85
glucuronate,6,85
oleic,6,85
prematurity,6,85
psi,6,85
secretary,6,85
transduction,6,85
tympani,6,85
anorexia,6,84
beech,6,84
dyslexia,6,84
glossitis,6,84
methylmalonyl,6,84
phthalocyanine,6,84
zr,6,84
acidemia,6,83
arteriole,6,83
bacillary,6,83
deuterium,6,83
dm,6,83
macrophages,6,83
mesentery,6,83
railway,6,83
shells,6,83
balanitis,6,82
continuing,6,82
dysprosium,6,82
giardia,6,82
kr,6,82
methylmalonic,6,82
phagocyte,6,82
pneumophila,6,82
postural,6,82
transcript,6,82
tyramine,6,82
cloacal,6,81
leaves,6,81
stapes,6,81
tas,6,81
truncus,6,81
versicolor,6,81
acrylamide,6,80
cauda,6,80
clonal,6,80
iodinated,6,80
myocarditis,6,80
quinacrine,6,80
rocks,6,80
tuff,6,80
vaginalis,6,80
badge,6,79
mer,6,79
overgrowth,6,79
palmitic,6,79
pentaerythritol,6,79
skiing,6,79
terbium,6,79
asphyxia,6,78
chrysanthemum,6,78
comprehensive,6,78
ejaculatory,6,78
exfoliation,6,78
financing,6,78
flavum,6,78
globus,6,78
manus,6,78
module,6,78
neomycin,6,78
rec,6,78
vitelline,6,78
attenuated,6,77
bicuspid,6,77
flexor,6,77
glutaryl,6,77
nasopharynx,6,77
olecranon,6,77
perivascular,6,77
retroversion,6,77
enterobacteriaceae,6,76
ethanediol,6,76
krypton,6,76
pouf,6,76
treated,6,76
virulence,6,76
carbocyclic,6,75
decoration,6,75
flexion,6,75
glomerulus,6,75
leptin,6,75
medroxyprogesterone,6,75
vinca,6,75
wf,6,75
anorectal,6,74
aseptic,6,74
ck,6,74
coping,6,74
euphorbia,6,74
nucleobase,6,74
oklahoma,6,74
osteomyelitis,6,74
radionuclide,6,74
vermis,6,74
archaeology,6,73
argininosuccinic,6,73
epic,6,73
meniscus,6,73
perinatal,6,73
roads,6,73
strabismus,6,73
tetracycline,6,73
turner,6,73
bulimia,6,72
chol,6,72
clitoris,6,72
cyanobacteria,6,72
db,6,72
diversion,6,72
hibiscus,6,72
hickory,6,72
jean,6,72
lava,6,72
maize,6,72
nitrile,6,72
restless,6,72
secretin,6,72
students,6,72
talk,6,72
cerebri,6,71
codeine,6,71
croton,6,71
deoxyribose,6,71
ephedrine,6,71
extraembryonic,6,71
griseus,6,71
polyacrylamide,6,71
reticularis,6,71
scopolamine,6,71
walnut,6,71
yang,6,71
aminobutyrate,6,70
amphibian,6,70
collected,6,70
drops,6,70
erbium,6,70
imprinting,6,70
mediastinum,6,70
newcastle,6,70
thalidomide,6,70
thyroglobulin,6,70
workers',6,70
anomalous,6,69
condyle,6,69
donation,6,69
fatal,6,69
ginkgo,6,69
metacarpus,6,69
metatarsus,6,69
nodosa,6,69
pathogen,6,69
sioux,6,69
sternal,6,69
subcortical,6,69
communities,6,68
diethylstilbestrol,6,68
eyelashes,6,68
fibronectin,6,68
fixture,6,68
hafnium,6,68
hyperthyroidism,6,68
indomethacin,6,68
juniperus,6,68
lauric,6,68
leader,6,68
recent,6,68
angioma,6,67
ficus,6,67
grading,6,67
hypertonic,6,67
impaction,6,67
magnolia,6,67
pantothenate,6,67
sacrum,6,67
tempo,6,67
tobramycin,6,67
belladonna,6,66
dihydropyrimidine,6,66
hose,6,66
kyphosis,6,66
stakes,6,66
sulfamethoxazole,6,66
tcp,6,66
yarn,6,66
broom,6,65
ces,6,65
ciprofloxacin,6,65
david,6,65
ghrelin,6,65
lakes,6,65
lp,6,65
luminescent,6,65
proteinuria,6,65
sphingolipid,6,65
sulfates,6,65
bluish,6,64
capsicum,6,64
chikungunya,6,64
crimean,6,64
cx,6,64
fibular,6,64
francisella,6,64
harris,6,64
narrative,6,64
ricinus,6,64
urate,6,64
actinium,6,63
certification,6,63
diffraction,6,63
jakob,6,63
megaloblastic,6,63
rapa,6,63
trachomatis,6,63
botulism,6,62
endocardium,6,62
fibrocartilage,6,62
flushing,6,62
layers,6,62
lentis,6,62
mammal,6,62
methacholine,6,62
monoester,6,62
nu,6,62
supported,6,62
thiourea,6,62
biologic,6,61
championship,6,61
coarctation,6,61
contusion,6,61
diclofenac,6,61
gla,6,61
glycyrrhiza,6,61
keratinocyte,6,61
limbal,6,61
memorial,6,61
plastics,6,61
polonium,6,61
smoked,6,61
tetralogy,6,61
topography,6,61
aminoisobutyric,6,60
bacillaceae,6,60
grief,6,60
jr,6,60
landing,6,60
laterality,6,60
mesangial,6,60
month,6,60
parthenium,6,60
printed,6,60
pyruvic,6,60
retained,6,60
ribavirin,6,60
sassafras,6,60
soprano,6,60
streptomycin,6,60
worse,6,60
acetylene,6,59
ampicillin,6,59
axon,6,59
designer,6,59
dichromate,6,59
droplet,6,59
levels,6,59
mx,6,59
organophosphate,6,59
pancytopenia,6,59
perianal,6,59
perilla,6,59
rugby,6,59
shopping,6,59
wells,6,59
acrylonitrile,6,58
aquaculture,6,58
arsenite,6,58
calcaneus,6,58
cholinesterase,6,58
faced,6,58
geography,6,58
gizzard,6,58
manure,6,58
mechanics,6,58
nra,6,58
pectoralis,6,58
phlebitis,6,58
pictorial,6,58
pits,6,58
polishing,6,58
purpurea,6,58
reinforced,6,58
ricin,6,58
shingle,6,58
stab,6,58
tanning,6,58
thomson,6,58
thrive,6,58
ambystoma,6,57
amphotericin,6,57
contracts,6,57
disomy,6,57
endometritis,6,57
fluor,6,57
hydroxylysine,6,57
pharyngitis,6,57
plumbing,6,57
portland,6,57
salpingitis,6,57
scissors,6,57
sulfonylurea,6,57
tweak,6,57
ambrosia,6,56
amylose,6,56
carbide,6,56
gentian,6,56
gh,6,56
hamstring,6,56
intussusception,6,56
laryngitis,6,56
levator,6,56
majus,6,56
meninges,6,56
realism,6,56
somnolence,6,56
tensor,6,56
trichinella,6,56
turcica,6,56
aminoadipic,6,55
cul,6,55
eicosapentaenoic,6,55
europaea,6,55
fraser,6,55
kw,6,55
niacin,6,55
ritual,6,55
rv,6,55
tags,6,55
venetian,6,55
adventitia,6,54
assistant,6,54
blueberry,6,54
cabin,6,54
cadaverine,6,54
enone,6,54
fibrillary,6,54
headgear,6,54
hexafluoride,6,54
implementation,6,54
lice,6,54
locomotive,6,54
melas,6,54
oropharynx,6,54
peninsula,6,54
spectinomycin,6,54
tarsus,6,54
uvula,6,54
alizarin,6,53
cyanamide,6,53
fifty,6,53
imagery,6,53
perfringens,6,53
photosynthetic,6,53
polyunsaturated,6,53
sesamoid,6,53
throwing,6,53
torticollis,6,53
agave,6,52
anticoagulant,6,52
chromic,6,52
cyanosis,6,52
hepatobiliary,6,52
locusta,6,52
molybdate,6,52
myoglobin,6,52
oligo,6,52
protozoal,6,52
transformed,6,52
unique,6,52
acidophil,6,51
arachis,6,51
cerebroside,6,51
classified,6,51
dimethylglycine,6,51
encapsulated,6,51
eskimo,6,51
midgut,6,51
myenteric,6,51
myoglobinuria,6,51
opacification,6,51
pallor,6,51
paronychia,6,51
spade,6,51
tex,6,51
variability,6,51
verapamil,6,51
agar,6,50
anterograde,6,50
blight,6,50
carbamazepine,6,50
catalase,6,50
dd,6,50
fasciculation,6,50
flatulence,6,50
hospice,6,50
iduronate,6,50
linguistics,6,50
lordosis,6,50
pilaris,6,50
promethazine,6,50
theobromine,6,50
thiouracil,6,50
ureteric,6,50
xylitol,6,50
accountability,6,49
achilles,6,49
adults,6,49
americium,6,49
bonds,6,49
cistern,6,49
delusional,6,49
epistaxis,6,49
furunculosis,6,49
glenoid,6,49
governance,6,49
hilar,6,49
ie,6,49
krebs,6,49
lincomycin,6,49
mesial,6,49
option,6,49
orchitis,6,49
plow,6,49
putrescine,6,49
septate,6,49
shotgun,6,49
soldering,6,49
strychnine,6,49
convoluted,6,48
hexokinase,6,48
hyperventilation,6,48
ido,6,48
inequality,6,48
keratan,6,48
ketosis,6,48
melena,6,48
patches,6,48
request,6,48
saccharin,6,48
sas,6,48
ulceration,6,48
vegetables,6,48
augmentation,6,47
cardia,6,47
carinatum,6,47
dcc,6,47
dessert,6,47
editing,6,47
firing,6,47
flask,6,47
hydralazine,6,47
lait,6,47
methyldopa,6,47
mevalonate,6,47
pendant,6,47
permethrin,6,47
pilocarpine,6,47
spongiform,6,47
spout,6,47
validation,6,47
viper,6,47
amalgam,6,46
cachexia,6,46
canvas,6,46
clergy,6,46
cryptococcosis,6,46
cubital,6,46
emerging,6,46
foregut,6,46
glycolipid,6,46
informed,6,46
lactoferrin,6,46
locked,6,46
marburg,6,46
oto,6,46
profiling,6,46
reserpine,6,46
rhus,6,46
stria,6,46
succinylcholine,6,46
veneer,6,46
alt,6,45
arginase,6,45
atm,6,45
beehive,6,45
curie,6,45
cyanine,6,45
decoy,6,45
disproportion,6,45
hypoproteinemia,6,45
ileitis,6,45
inadequate,6,45
menopause,6,45
methadone,6,45
misuse,6,45
polyuria,6,45
rand,6,45
remains,6,45
rom,6,45
tetrodotoxin,6,45
tonsillitis,6,45
traveling,6,45
ts,6,45
wan,6,45
adductor,6,44
adipocyte,6,44
affected,6,44
anomia,6,44
anthracis,6,44
apron,6,44
auction,6,44
bicornuate,6,44
buddhism,6,44
calendula,6,44
concurrent,6,44
corinthian,6,44
depersonalization,6,44
ellison,6,44
gigantism,6,44
glutaric,6,44
ingrown,6,44
legislative,6,44
miliary,6,44
painful,6,44
phimosis,6,44
tassel,6,44
threatened,6,44
woodland,6,44
zipper,6,44
acetylcholinesterase,6,43
algorithm,6,43
alphabet,6,43
annotation,6,43
anticipatory,6,43
benzocaine,6,43
carbuncle,6,43
chamomile,6,43
comic,6,43
dysuria,6,43
eustachian,6,43
furosemide,6,43
glycolic,6,43
grandis,6,43
grinder,6,43
hypochlorite,6,43
incompetence,6,43
kerosene,6,43
linalool,6,43
literacy,6,43
macroscopic,6,43
malleus,6,43
milling,6,43
mutilation,6,43
patchy,6,43
prediction,6,43
previous,6,43
restorative,6,43
rhinovirus,6,43
rigor,6,43
rumen,6,43
silo,6,43
slipper,6,43
textiles,6,43
tissues,6,43
virginiana,6,43
acrolein,6,42
anuria,6,42
argillaceous,6,42
biceps,6,42
diphtheriae,6,42
dwelling,6,42
dysphoria,6,42
immunosuppressive,6,42
injurious,6,42
isoproterenol,6,42
leprae,6,42
pantothenic,6,42
physostigmine,6,42
scimitar,6,42
sputum,6,42
tetroxide,6,42
tracheobronchial,6,42
whooping,6,42
acetazolamide,6,41
aggregated,6,41
amobarbital,6,41
auricle,6,41
avascular,6,41
carpus,6,41
computational,6,41
cytosol,6,41
dap,6,41
dracunculus,6,41
graphics,6,41
mallet,6,41
message,6,41
once,6,41
opera,6,41
osteoblast,6,41
oxacillin,6,41
pentobarbital,6,41
pyriform,6,41
sclera,6,41
sunburn,6,41
trophoblast,6,41
vaulting,6,41
antenna,6,40
camelus,6,40
chloral,6,40
foreskin,6,40
fraternal,6,40
fungicide,6,40
gorilla,6,40
interview,6,40
irx,6,40
modulus,6,40
neostigmine,6,40
organophosphorus,6,40
polypropylene,6,40
proteolysis,6,40
smo,6,40
sulfated,6,40
wooden,6,40
xiphoid,6,40
allopurinol,6,39
canoe,6,39
caudata,6,39
cay,6,39
chlorate,6,39
echolalia,6,39
fovea,6,39
funding,6,39
gums,6,39
looking,6,39
lynx,6,39
mexicanum,6,39
muscularis,6,39
onium,6,39
oviduct,6,39
platelets,6,39
puppet,6,39
striata,6,39
treaty,6,39
utricle,6,39
valvular,6,39
bathroom,6,38
bird's,6,38
boarding,6,38
chlorpyrifos,6,38
chromatid,6,38
computerized,6,38
diazoxide,6,38
dihydropteridine,6,38
electrochemical,6,38
fortified,6,38
habitual,6,38
instructions,6,38
limpet,6,38
linseed,6,38
lysozyme,6,38
masses,6,38
mimosa,6,38
minoxidil,6,38
modality,6,38
mucilage,6,38
nautilus,6,38
neutralization,6,38
odontoid,6,38
periosteum,6,38
phenylbutazone,6,38
punctate,6,38
quadriceps,6,38
rider,6,38
rinse,6,38
stalking,6,38
telegraph,6,38
trading,6,38
violin,6,38
acidophilus,6,37
americanum,6,37
amiodarone,6,37
amygdala,6,37
andean,6,37
asymptomatic,6,37
blastomyces,6,37
cab,6,37
cementum,6,37
cherokee,6,37
directive,6,37
drinks,6,37
eyeball,6,37
ileocecal,6,37
inactive,6,37
ivermectin,6,37
meshwork,6,37
methylphenidate,6,37
mixer,6,37
purines,6,37
scanner,6,37
schizoid,6,37
sulfapyridine,6,37
template,6,37
titanate,6,37
triglyceride,6,37
trinitrotoluene,6,37
vest,6,37
wonderland,6,37
written,6,37
abomasum,6,36
aegean,6,36
another,6,36
anvil,6,36
aralia,6,36
archives,6,36
chorioretinal,6,36
flavonoid,6,36
foamy,6,36
grinding,6,36
header,6,36
hydroxytryptamine,6,36
imide,6,36
kl,6,36
nectar,6,36
organismal,6,36
pomegranate,6,36
postnatal,6,36
preliminary,6,36
resolving,6,36
resorcinol,6,36
ridges,6,36
sensitizing,6,36
taxus,6,36
telecommunication,6,36
telecommunications,6,36
tk,6,36
verrucosa,6,36
acetabulum,6,35
amphibole,6,35
axilla,6,35
cactus,6,35
cisterna,6,35
curling,6,35
ethosuximide,6,35
experimentation,6,35
fired,6,35
gamete,6,35
glycosphingolipid,6,35
gutta,6,35
hypophyseal,6,35
intent,6,35
interdisciplinary,6,35
molindone,6,35
monomer,6,35
navigational,6,35
nitroglycerin,6,35
podocyte,6,35
pox,6,35
pulsatilla,6,35
repression,6,35
shaping,6,35
switched,6,35
thiabendazole,6,35
variola,6,35
wildlife,6,35
yam,6,35
androgenic,6,34
bisulfate,6,34
cnidarian,6,34
congestive,6,34
contaminated,6,34
fontanelle,6,34
fraud,6,34
gadus,6,34
irritability,6,34
kat,6,34
laceration,6,34
loci,6,34
mars,6,34
merchant,6,34
organometallic,6,34
panoramic,6,34
porphyrins,6,34
rhododendron,6,34
server,6,34
silage,6,34
skatole,6,34
synchronization,6,34
adjustable,6,33
adventure,6,33
anthropogenic,6,33
antiprotozoal,6,33
areca,6,33
articles,6,33
asthmatic,6,33
chlorothiazide,6,33
cilia,6,33
clerical,6,33
continent,6,33
disulfiram,6,33
dysphagia,6,33
hispanic,6,33
intercourse,6,33
interventricular,6,33
isotonic,6,33
morris,6,33
mossy,6,33
murray,6,33
myometrium,6,33
nictitating,6,33
pedestrian,6,33
periodontium,6,33
petal,6,33
petrolatum,6,33
pisiform,6,33
posterolateral,6,33
rotenone,6,33
ruminant,6,33
sixty,6,33
splice,6,33
subcapsular,6,33
teachers,6,33
transform,6,33
tularensis,6,33
aminoglycoside,6,32
antihypertensive,6,32
attacks,6,32
azygos,6,32
benzalkonium,6,32
builder,6,32
celsius,6,32
chloroprene,6,32
hindgut,6,32
instance,6,32
insufficient,6,32
lanolin,6,32
liquids,6,32
makeup,6,32
mebendazole,6,32
nil,6,32
pitched,6,32
possible,6,32
renewal,6,32
sail,6,32
significant,6,32
singlet,6,32
speaker,6,32
triceps,6,32
vacuole,6,32
xvii,6,32
amelia,6,31
biting,6,31
carbonates,6,31
ee,6,31
emissions,6,31
formalin,6,31
ginseng,6,31
grassland,6,31
hedera,6,31
homogentisic,6,31
lubricant,6,31
mothers,6,31
phenolic,6,31
philosophical,6,31
retrospective,6,31
seaweed,6,31
stainless,6,31
thrombomodulin,6,31
valuation,6,31
wetting,6,31
accounts,6,30
airport,6,30
ao,6,30
barbiturate,6,30
cooperation,6,30
given,6,30
hh,6,30
illustration,6,30
intention,6,30
ld,6,30
lyre,6,30
miter,6,30
pigs,6,30
psittaci,6,30
ribbons,6,30
testes,6,30
tier,6,30
tuberosity,6,30
abstraction,6,29
acrosome,6,29
alms,6,29
anionic,6,29
aspirate,6,29
belgium,6,29
bituminous,6,29
citizen,6,29
corrective,6,29
dehydrocholesterol,6,29
divided,6,29
eggshell,6,29
frankincense,6,29
holistic,6,29
hydroxyglutaric,6,29
leptomeningeal,6,29
masonic,6,29
methylated,6,29
morgan,6,29
nymph,6,29
parsley,6,29
percha,6,29
processor,6,29
restrictions,6,29
sedative,6,29
triplet,6,29
vasorum,6,29
advancement,6,28
alfalfa,6,28
aspartame,6,28
bridal,6,28
citation,6,28
claims,6,28
dado,6,28
dystrophic,6,28
madison,6,28
milking,6,28
miscellaneous,6,28
mol,6,28
ophthalmology,6,28
pandemic,6,28
paving,6,28
plough,6,28
pointing,6,28
protector,6,28
relationships,6,28
scheduling,6,28
senile,6,28
singing,6,28
sinusoid,6,28
stepped,6,28
aluminate,6,27
announcement,6,27
armored,6,27
chemoreceptor,6,27
clustered,6,27
conversation,6,27
cosmetics,6,27
counterfeit,6,27
croquet,6,27
decapoda,6,27
designation,6,27
dibasic,6,27
dis,6,27
foundry,6,27
germanic,6,27
hourglass,6,27
hypnotic,6,27
ingestion,6,27
laxity,6,27
magnoliopsida,6,27
mummy,6,27
picnic,6,27
plasmablast,6,27
polytetrafluoroethylene,6,27
rectosigmoid,6,27
taxonomic,6,27
teres,6,27
treasury,6,27
valproate,6,27
vanillin,6,27
while,6,27
wreath,6,27
alone,6,26
anura,6,26
bam,6,26
bristol,6,26
chyle,6,26
columbidae,6,26
commodity,6,26
convertible,6,26
enzymatic,6,26
fm,6,26
folded,6,26
gastropoda,6,26
han,6,26
heraldic,6,26
inca,6,26
mon,6,26
mv,6,26
phalangeal,6,26
philadelphia,6,26
piping,6,26
polychaeta,6,26
reindeer,6,26
sibling,6,26
statute,6,26
steering,6,26
supraorbital,6,26
turbo,6,26
vertebrates,6,26
zoning,6,26
annelida,6,25
bankruptcy,6,25
bearer,6,25
bivalvia,6,25
bon,6,25
calculation,6,25
camelidae,6,25
cetacea,6,25
characterization,6,25
characters,6,25
chiroptera,6,25
clitoral,6,25
concentrated,6,25
constraint,6,25
curriculum,6,25
duke,6,25
eutheria,6,25
experiment,6,25
fellow,6,25
gaming,6,25
gracile,6,25
graham,6,25
grande,6,25
hilum,6,25
humic,6,25
humpback,6,25
igbo,6,25
ing,6,25
kn,6,25
lat,6,25
ledger,6,25
lilac,6,25
medallion,6,25
methodology,6,25
monotremata,6,25
perry,6,25
pinhole,6,25
prepare,6,25
refugee,6,25
republican,6,25
sag,6,25
samoa,6,25
september,6,25
setter,6,25
skilled,6,25
sludge,6,25
soldier,6,25
stained,6,25
tam,6,25
ursidae,6,25
utero,6,25
xenarthra,6,25
ambystomatidae,6,24
anseriformes,6,24
autoimmunity,6,24
bargaining,6,24
beaded,6,24
biodegradable,6,24
butcher,6,24
cerumen,6,24
columbiformes,6,24
congestion,6,24
consistency,6,24
corpuscular,6,24
cypriniformes,6,24
demographic,6,24
dilation,6,24
distension,6,24
durable,6,24
eco,6,24
elasmobranchii,6,24
eurasian,6,24
expense,6,24
fer,6,24
fingerprinting,6,24
folds,6,24
galliformes,6,24
glans,6,24
governor,6,24
granulocytic,6,24
gravy,6,24
hardening,6,24
herring,6,24
intact,6,24
irregularity,6,24
lanceolata,6,24
measured,6,24
naples,6,24
osmolality,6,24
owned,6,24
passeriformes,6,24
privilege,6,24
productivity,6,24
resilience,6,24
rivet,6,24
rocker,6,24
sal,6,24
salmonidae,6,24
sewer,6,24
stellata,6,24
strigiformes,6,24
struthioniformes,6,24
sylvatica,6,24
thesaurus,6,24
toddler,6,24
weekly,6,24
wilt,6,24
anterolateral,6,23
blackberry,6,23
bother,6,23
cassava,6,23
cleansing,6,23
cobalamin,6,23
contiguous,6,23
crying,6,23
customs,6,23
dat,6,23
downy,6,23
femoris,6,23
ferrocyanide,6,23
happiness,6,23
humanities,6,23
jewel,6,23
littoralis,6,23
lox,6,23
manic,6,23
modiolus,6,23
morula,6,23
movable,6,23
nevada,6,23
pickle,6,23
prickly,6,23
refrigeration,6,23
sco,6,23
shale,6,23
sloping,6,23
splayed,6,23
tao,6,23
toward,6,23
vitality,6,23
ambiguous,6,22
ascomycota,6,22
ballot,6,22
basidiomycota,6,22
basil,6,22
baton,6,22
berber,6,22
blanc,6,22
chen,6,22
cheyenne,6,22
chine,6,22
colostrum,6,22
crosse,6,22
cuts,6,22
edo,6,22
electrolytic,6,22
fennel,6,22
gastrocnemius,6,22
germination,6,22
gluconeogenesis,6,22
gu,6,22
helical,6,22
hypogammaglobulinemia,6,22
imaginary,6,22
inability,6,22
incremental,6,22
iq,6,22
isles,6,22
jingle,6,22
lucidum,6,22
manifestation,6,22
masking,6,22
mendelian,6,22
modular,6,22
mucorales,6,22
nesting,6,22
pragmatic,6,22
prism,6,22
proteolytic,6,22
rosemary,6,22
sebacic,6,22
shrinkage,6,22
sled,6,22
smelling,6,22
socialism,6,22
terminally,6,22
vacuolated,6,22
visiting,6,22
webbed,6,22
whisk,6,22
abduction,6,21
antitrust,6,21
astronomy,6,21
attendance,6,21
browning,6,21
carrot,6,21
circus,6,21
comp,6,21
concolor,6,21
continuant,6,21
crested,6,21
cured,6,21
curvilinear,6,21
cyan,6,21
dedication,6,21
diatomic,6,21
ecto,6,21
expectancy,6,21
facing,6,21
ferret,6,21
flaccid,6,21
fob,6,21
francisco,6,21
gps,6,21
grate,6,21
hooded,6,21
insecurity,6,21
levant,6,21
licensed,6,21
mineralized,6,21
nonlinear,6,21
ob,6,21
pavement,6,21
piston,6,21
polymorphous,6,21
porter,6,21
primrose,6,21
sensitization,6,21
shampoo,6,21
shepherd,6,21
stew,6,21
supper,6,21
toast,6,21
variants,6,21
vernix,6,21
aggravated,6,20
archipelago,6,20
atonic,6,20
backward,6,20
benedict,6,20
chips,6,20
constructed,6,20
continue,6,20
coronoid,6,20
crisp,6,20
densa,6,20
disconnected,6,20
ergonomics,6,20
eyelash,6,20
farmers,6,20
flexural,6,20
further,6,20
glassy,6,20
hawaii,6,20
hypogaea,6,20
hypoxic,6,20
ottawa,6,20
pains,6,20
paraxial,6,20
phrase,6,20
plat,6,20
ranging,6,20
robotics,6,20
salinity,6,20
scapularis,6,20
stirrup,6,20
tpi,6,20
travelling,6,20
understanding,6,20
uzbek,6,20
values,6,20
variegated,6,20
vulval,6,20
adenohypophysis,6,19
amphibious,6,19
anticipation,6,19
apathy,6,19
bai,6,19
batter,6,19
bomber,6,19
calling,6,19
communal,6,19
cracker,6,19
crepe,6,19
demyelination,6,19
detention,6,19
diagram,6,19
dielectric,6,19
fidelity,6,19
gooseberry,6,19
gym,6,19
handicapped,6,19
hone,6,19
hyaloid,6,19
icon,6,19
ira,6,19
jig,6,19
kazak,6,19
kk,6,19
lax,6,19
licensing,6,19
lithuania,6,19
maculatum,6,19
maintain,6,19
manila,6,19
rasa,6,19
repeated,6,19
repeating,6,19
rit,6,19
scuba,6,19
serrata,6,19
skid,6,19
tca,6,19
teams,6,19
tectonic,6,19
venezuela,6,19
wc,6,19
wheeled,6,19
yugoslavia,6,19
adrenaline,6,18
aztec,6,18
bald,6,18
bleb,6,18
calvarial,6,18
capped,6,18
cardboard,6,18
chime,6,18
chlamys,6,18
circumferential,6,18
colonization,6,18
columba,6,18
congressional,6,18
contractor,6,18
dextrose,6,18
dissolve,6,18
dusting,6,18
eccentric,6,18
hairs,6,18
hazelnut,6,18
hydration,6,18
hydroxylation,6,18
kara,6,18
knit,6,18
laden,6,18
lignite,6,18
loving,6,18
masa,6,18
monocular,6,18
oogenesis,6,18
passer,6,18
prep,6,18
profession,6,18
prohibition,6,18
promenade,6,18
pseudohermaphroditism,6,18
punctum,6,18
receipt,6,18
reflectance,6,18
secure,6,18
sneezing,6,18
tatar,6,18
terpenoid,6,18
trichloroethane,6,18
weigh,6,18
xe,6,18
anoxia,6,17
ataxic,6,17
beyond,6,17
booby,6,17
cavalier,6,17
cavalry,6,17
chimpanzee,6,17
conductor,6,17
corvus,6,17
crushing,6,17
dag,6,17
delusion,6,17
demonstration,6,17
dioxygen,6,17
duo,6,17
editorial,6,17
enrichment,6,17
famine,6,17
giving,6,17
hale,6,17
hertz,6,17
hock,6,17
hydrophobic,6,17
indies,6,17
irregularly,6,17
isoprene,6,17
joe,6,17
listed,6,17
lobata,6,17
locking,6,17
lozenge,6,17
mango,6,17
marino,6,17
meleagris,6,17
miami,6,17
nobility,6,17
opt,6,17
ot,6,17
parting,6,17
peppermint,6,17
pierce,6,17
prisoner,6,17
pub,6,17
pulmonic,6,17
qatar,6,17
racquetball,6,17
rcc,6,17
reflexes,6,17
remove,6,17
sally,6,17
stereo,6,17
theology,6,17
tigris,6,17
transversus,6,17
vasoconstriction,6,17
wagner,6,17
weaver,6,17
widening,6,17
yacht,6,17
acts,6,16
capric,6,16
carton,6,16
cfc,6,16
churn,6,16
civilization,6,16
connecticut,6,16
coordinating,6,16
cope,6,16
cree,6,16
deliver,6,16
democracy,6,16
dislocated,6,16
domino,6,16
electrically,6,16
fantasy,6,16
few,6,16
habitat,6,16
halter,6,16
hero,6,16
humour,6,16
isovaleric,6,16
jupiter,6,16
kelvin,6,16
kinship,6,16
louisiana,6,16
mechanically,6,16
modelling,6,16
neapolitan,6,16
nevis,6,16
oris,6,16
panamanian,6,16
parabolic,6,16
pipeline,6,16
prima,6,16
proprioception,6,16
pug,6,16
radialis,6,16
rapidly,6,16
regia,6,16
sardine,6,16
seminole,6,16
shi,6,16
siphon,6,16
sirius,6,16
sixteenth,6,16
slime,6,16
snack,6,16
spermatocyte,6,16
tanzanian,6,16
tensile,6,16
thimble,6,16
vocalization,6,16
wipe,6,16
abyssal,6,15
afternoon,6,15
aligned,6,15
asexual,6,15
basset,6,15
beating,6,15
believe,6,15
bisexuality,6,15
boa,6,15
bop,6,15
brightness,6,15
broth,6,15
brow,6,15
calabash,6,15
canned,6,15
cashew,6,15
charlotte,6,15
chimaera,6,15
cologne,6,15
corrections,6,15
curse,6,15
digest,6,15
disturbed,6,15
enclosure,6,15
entropy,6,15
epicondyle,6,15
exudate,6,15
gregorian,6,15
grow,6,15
hind,6,15
immunofluorescence,6,15
inlet,6,15
kings,6,15
kuwait,6,15
lactitol,6,15
licence,6,15
moldova,6,15
multiplier,6,15
municipality,6,15
ostrich,6,15
otter,6,15
packet,6,15
panda,6,15
perforating,6,15
peristalsis,6,15
photosynthesis,6,15
pistachio,6,15
plastron,6,15
probate,6,15
shepherd's,6,15
stabilized,6,15
taro,6,15
acidification,6,14
andromeda,6,14
barb,6,14
bender,6,14
betting,6,14
breathe,6,14
calico,6,14
canker,6,14
carte,6,14
castilian,6,14
cayuga,6,14
chariot,6,14
concealed,6,14
congener,6,14
creature,6,14
deceleration,6,14
diary,6,14
dice,6,14
diopside,6,14
dorsi,6,14
emu,6,14
erinaceus,6,14
exploration,6,14
fallout,6,14
follicularis,6,14
fool,6,14
fourteenth,6,14
fried,6,14
gale,6,14
gauntlet,6,14
gila,6,14
glance,6,14
grandfather,6,14
gros,6,14
guinean,6,14
habitus,6,14
hairline,6,14
hippo,6,14
hispidus,6,14
hobby,6,14
hug,6,14
imbricata,6,14
invagination,6,14
kai,6,14
kan,6,14
kazakhstan,6,14
keg,6,14
kitts,6,14
leucite,6,14
manx,6,14
mao,6,14
melody,6,14
menhaden,6,14
mimic,6,14
multinucleate,6,14
negro,6,14
neritic,6,14
nubian,6,14
osseus,6,14
portage,6,14
pros,6,14
protozoa,6,14
queensland,6,14
ragged,6,14
rearing,6,14
rico,6,14
seller,6,14
sint,6,14
snatch,6,14
spinosum,6,14
sublimation,6,14
tanker,6,14
tethered,6,14
torn,6,14
troop,6,14
turmeric,6,14
ultimate,6,14
visualization,6,14
warehouse,6,14
webbing,6,14
wharf,6,14
whorl,6,14
wisdom,6,14
wo,6,14
yemen,6,14
zimbabwe,6,14
absorbed,6,13
achromatic,6,13
anticonvulsant,6,13
antilles,6,13
apostolic,6,13
arenaceous,6,13
bagatelle,6,13
barrage,6,13
beaked,6,13
berth,6,13
bongo,6,13
brim,6,13
capability,6,13
cipher,6,13
clack,6,13
cockle,6,13
collaboration,6,13
concentric,6,13
consideration,6,13
coriander,6,13
corporis,6,13
crocodile,6,13
debris,6,13
dermatophytosis,6,13
dill,6,13
dipping,6,13
disequilibrium,6,13
dissent,6,13
fiat,6,13
fipronil,6,13
forecast,6,13
gentle,6,13
harmony,6,13
immaculate,6,13
latitude,6,13
logistics,6,13
mari,6,13
mildew,6,13
mitzvah,6,13
nationality,6,13
nazi,6,13
nicaragua,6,13
nov,6,13
oestrus,6,13
orleans,6,13
oxonium,6,13
pate,6,13
periwinkle,6,13
pixel,6,13
polychromatic,6,13
potatoes,6,13
pressing,6,13
publisher,6,13
robust,6,13
salivation,6,13
shag,6,13
simulated,6,13
sinister,6,13
slurry,6,13
som,6,13
sprout,6,13
tajikistan,6,13
teddy,6,13
tint,6,13
trapezius,6,13
tuba,6,13
tunisia,6,13
volition,6,13
wetness,6,13
wichita,6,13
accuracy,6,12
admit,6,12
adulthood,6,12
agnus,6,12
alta,6,12
anglican,6,12
apartheid,6,12
approximate,6,12
azimuth,6,12
backbone,6,12
bahamas,6,12
barbary,6,12
biloxi,6,12
bismarck,6,12
bolivian,6,12
cashmere,6,12
catus,6,12
chit,6,12
chosen,6,12
cloven,6,12
coiling,6,12
commodities,6,12
conducting,6,12
continuum,6,12
crowding,6,12
cryptic,6,12
decade,6,12
decarboxylation,6,12
definite,6,12
dermatome,6,12
determinant,6,12
distinctive,6,12
dumbbell,6,12
echinoderm,6,12
eddy,6,12
embarrassment,6,12
exile,6,12
february,6,12
filamentous,6,12
filum,6,12
flagellum,6,12
gambia,6,12
glossy,6,12
guatemala,6,12
guerrilla,6,12
handwriting,6,12
harvard,6,12
hmong,6,12
homeostatic,6,12
hostile,6,12
husband,6,12
hydroelectric,6,12
imperative,6,12
inclination,6,12
inertial,6,12
inspiration,6,12
kashmiri,6,12
kiribati,6,12
kosovo,6,12
laxative,6,12
lookout,6,12
lubrication,6,12
lucia,6,12
lungs,6,12
maldives,6,12
microcrystalline,6,12
mollusc,6,12
multiplication,6,12
ontario,6,12
organize,6,12
ovalis,6,12
palmetto,6,12
pied,6,12
polynesia,6,12
pong,6,12
popcorn,6,12
premier,6,12
protrusion,6,12
provitamin,6,12
prussia,6,12
pullorum,6,12
punt,6,12
relational,6,12
richardson,6,12
rubbish,6,12
saffron,6,12
semitic,6,12
simplified,6,12
sino,6,12
skullcap,6,12
smile,6,12
soles,6,12
sphagnum,6,12
susan,6,12
susceptible,6,12
suspect,6,12
sutural,6,12
tactical,6,12
taxis,6,12
thematic,6,12
thermodynamics,6,12
tlingit,6,12
tout,6,12
vermillion,6,12
walloon,6,12
alas,6,11
anoxic,6,11
apparel,6,11
arrival,6,11
assimilation,6,11
bahia,6,11
bifurcation,6,11
calamine,6,11
canvass,6,11
carnauba,6,11
caste,6,11
chesterfield,6,11
commit,6,11
compatible,6,11
cuneate,6,11
dedicated,6,11
deflection,6,11
dei,6,11
dike,6,11
dispute,6,11
doubt,6,11
dragon's,6,11
dripping,6,11
efficient,6,11
emergent,6,11
erotic,6,11
eruptive,6,11
evolutionary,6,11
excitement,6,11
fathom,6,11
fibro,6,11
fragrance,6,11
grenada,6,11
herbs,6,11
humans,6,11
hump,6,11
hush,6,11
hypodermic,6,11
incubation,6,11
introduce,6,11
ionian,6,11
irradiated,6,11
jurisdiction,6,11
ken,6,11
kip,6,11
kyrgyzstan,6,11
limber,6,11
luxury,6,11
maarten,6,11
menominee,6,11
mentally,6,11
mesa,6,11
moderator,6,11
naturally,6,11
neem,6,11
od,6,11
opened,6,11
orthochromatic,6,11
phlegm,6,11
phoenician,6,11
pontifical,6,11
prawn,6,11
primum,6,11
punjabi,6,11
pup,6,11
purge,6,11
raven,6,11
regius,6,11
responsiveness,6,11
rheumatism,6,11
rhodes,6,11
roar,6,11
rumble,6,11
scare,6,11
secundum,6,11
seeing,6,11
shout,6,11
spaghetti,6,11
spending,6,11
splay,6,11
stuffer,6,11
suriname,6,11
tamper,6,11
tangent,6,11
teething,6,11
thumbnail,6,11
tidy,6,11
transsexual,6,11
turbidity,6,11
unbalanced,6,11
volatility,6,11
volta,6,11
wavy,6,11
wrapper,6,11
yk,6,11
zambia,6,11
acetylation,6,10
aden,6,10
adiabatic,6,10
afghanistan,6,10
alabaster,6,10
angolan,6,10
anthracite,6,10
arroyo,6,10
asteroid,6,10
austronesian,6,10
avocado,6,10
bangladesh,6,10
bathtub,6,10
beneficiary,6,10
bering,6,10
bhutan,6,10
blame,6,10
borage,6,10
breadth,6,10
burkina,6,10
champ,6,10
ciliaris,6,10
coeur,6,10
complexity,6,10
consecutive,6,10
contempt,6,10
crumb,6,10
cruz,6,10
dalmatian,6,10
dentine,6,10
dick,6,10
distillation,6,10
distributive,6,10
einstein,6,10
erie,6,10
example,6,10
excise,6,10
exempt,6,10
falcon,6,10
ferment,6,10
fimbria,6,10
fudge,6,10
gallop,6,10
glutamylcysteine,6,10
guarani,6,10
guatemalan,6,10
haul,6,10
haute,6,10
highlands,6,10
hinduism,6,10
hupa,6,10
incident,6,10
indemnity,6,10
insoluble,6,10
intercalary,6,10
involution,6,10
iroquois,6,10
isothermal,6,10
jog,6,10
lagopus,6,10
legume,6,10
liquefied,6,10
lone,6,10
lurch,6,10
manitoba,6,10
mash,6,10
mauritania,6,10
mauritius,6,10
mercurial,6,10
mongol,6,10
nam,6,10
necessity,6,10
obstacle,6,10
occurrent,6,10
omani,6,10
pisces,6,10
pitting,6,10
porous,6,10
potent,6,10
prod,6,10
protuberance,6,10
proud,6,10
pupils,6,10
queen's,6,10
radiate,6,10
reynolds,6,10
riparian,6,10
roentgen,6,10
rump,6,10
samaritan,6,10
saxony,6,10
scorpio,6,10
serpentina,6,10
sindhi,6,10
sob,6,10
sonora,6,10
sovereignty,6,10
speckled,6,10
sublimate,6,10
suffer,6,10
sydney,6,10
tetrafluoroethylene,6,10
torment,6,10
treadmill,6,10
tunic,6,10
upward,6,10
viet,6,10
wac,6,10
wander,6,10
wildcat,6,10
wollastonite,6,10
alienation,6,9
assamese,6,9
bavarian,6,9
bitch,6,9
bolero,6,9
bourbon,6,9
brothers,6,9
brunei,6,9
cardamom,6,9
chalcedony,6,9
chill,6,9
chronology,6,9
citron,6,9
clavus,6,9
collision,6,9
condylar,6,9
confluent,6,9
covenant,6,9
crinkle,6,9
cuticular,6,9
doublet,6,9
drifting,6,9
envy,6,9
excelsior,6,9
facilitation,6,9
fanny,6,9
fictional,6,9
fijian,6,9
flex,6,9
floater,6,9
foetal,6,9
fuzzy,6,9
galena,6,9
gamboge,6,9
goa,6,9
goggle,6,9
helicopter,6,9
heliotrope,6,9
hydrogensulfate,6,9
kg,6,9
kirgiz,6,9
lame,6,9
leafy,6,9
leeward,6,9
leporidae,6,9
lib,6,9
manchu,6,9
methylcrotonyl,6,9
mino,6,9
multivariate,6,9
namibia,6,9
neutrality,6,9
occasion,6,9
occidental,6,9
olympian,6,9
parasagittal,6,9
pda,6,9
pearly,6,9
pedro,6,9
principles,6,9
protest,6,9
pvc,6,9
queer,6,9
quest,6,9
questioning,6,9
remain,6,9
remit,6,9
reply,6,9
retracted,6,9
rid,6,9
saratoga,6,9
saver,6,9
scalene,6,9
shortage,6,9
sinhalese,6,9
sinker,6,9
sleepy,6,9
slouch,6,9
slovak,6,9
slur,6,9
snarl,6,9
soaking,6,9
speculation,6,9
standardization,6,9
sternocleidomastoid,6,9
stun,6,9
surcharge,6,9
swap,6,9
tangential,6,9
thirteen,6,9
trophic,6,9
tru,6,9
udder,6,9
vermiform,6,9
vestigial,6,9
viscose,6,9
visibility,6,9
weekend,6,9
whirling,6,9
windward,6,9
wink,6,9
xanthan,6,9
yen,6,9
zapotec,6,9
abandon,6,8
abundance,6,8
accord,6,8
antacid,6,8
arrange,6,8
artemis,6,8
backfire,6,8
bagasse,6,8
benedictine,6,8
blattaria,6,8
blur,6,8
boating,6,8
camber,6,8
cambrian,6,8
carib,6,8
cartesian,6,8
censor,6,8
chafe,6,8
chronological,6,8
chukchi,6,8
chuvash,6,8
communicative,6,8
conscience,6,8
corruption,6,8
crap,6,8
cruciferous,6,8
cruel,6,8
crutch,6,8
diatomite,6,8
dickey,6,8
doe,6,8
duet,6,8
edematous,6,8
edinburgh,6,8
eliminate,6,8
episcleral,6,8
excreta,6,8
existential,6,8
faso,6,8
feminism,6,8
flipper,6,8
florence,6,8
guadalupe,6,8
hamburg,6,8
holstein,6,8
homelessness,6,8
honeydew,6,8
honorary,6,8
humus,6,8
impress,6,8
interpolation,6,8
jus,6,8
kale,6,8
landfill,6,8
levee,6,8
lifelong,6,8
located,6,8
macau,6,8
macronutrient,6,8
milky,6,8
miotic,6,8
miscarriage,6,8
missionary,6,8
monocytosis,6,8
muskogee,6,8
naso,6,8
nicaraguan,6,8
oblong,6,8
oka,6,8
orient,6,8
orthoclase,6,8
overturn,6,8
patronage,6,8
paulo,6,8
phocidae,6,8
poetic,6,8
privy,6,8
promise,6,8
qatari,6,8
resume,6,8
reunion,6,8
romp,6,8
sandbag,6,8
scollop,6,8
shuttlecock,6,8
singleton,6,8
slaughter,6,8
sodalite,6,8
sprinkle,6,8
std,6,8
stepping,6,8
stray,6,8
streamer,6,8
strut,6,8
success,6,8
supervision,6,8
swash,6,8
swat,6,8
sympathomimetic,6,8
tagalog,6,8
tannic,6,8
transaction,6,8
transudate,6,8
tuvalu,6,8
unemployed,6,8
vibrational,6,8
virginal,6,8
visually,6,8
vulnerability,6,8
wed,6,8
widow's,6,8
wrinkled,6,8
xhosa,6,8
xxviii,6,8
yemeni,6,8
abkhazian,6,7
aica,6,7
alexandrite,6,7
amethyst,6,7
antipyretic,6,7
baffle,6,7
baryon,6,7
basel,6,7
bluster,6,7
bolivar,6,7
bovidae,6,7
caution,6,7
centrally,6,7
chloropicrin,6,7
chum,6,7
circassian,6,7
coaxial,6,7
conformity,6,7
conga,6,7
coronet,6,7
correlate,6,7
corundum,6,7
cram,6,7
cricetidae,6,7
d'alene,6,7
delineate,6,7
durham,6,7
echinus,6,7
epa,6,7
faroe,6,7
fatality,6,7
fibrils,6,7
fleshy,6,7
fluorite,6,7
forelock,6,7
gamble,6,7
google,6,7
hexapoda,6,7
homestead,6,7
hypovolemic,6,7
ilmenite,6,7
incorporate,6,7
increment,6,7
jackknife,6,7
lankan,6,7
latter,6,7
lepton,6,7
ley,6,7
loyalty,6,7
luminance,6,7
lunula,6,7
maud,6,7
mauritanian,6,7
melancholy,6,7
mogul,6,7
mutagen,6,7
normality,6,7
platyhelminthes,6,7
prophet,6,7
pyrenees,6,7
quid,6,7
recapture,6,7
richter,6,7
ruffled,6,7
sardinian,6,7
saturn,6,7
scythian,6,7
snag,6,7
souse,6,7
spatter,6,7
spearhead,6,7
spectator,6,7
squelch,6,7
steer,6,7
stimulate,6,7
suidae,6,7
supra,6,7
sympathy,6,7
syrinx,6,7
tadzhik,6,7
tho,6,7
tickle,6,7
tinker,6,7
triumph,6,7
udmurt,6,7
upstage,6,7
valencia,6,7
veneris,6,7
veto,6,7
vigilance,6,7
writer's,6,7
xxx,6,7
yakut,6,7
absentee,6,6
amnesic,6,6
annoyance,6,6
antagonism,6,6
antecedent,6,6
aquamarine,6,6
assortment,6,6
baa,6,6
bahamian,6,6
balk,6,6
ballooning,6,6
bangladeshi,6,6
bivalve,6,6
bottled,6,6
bronchiolar,6,6
centaur,6,6
chalcopyrite,6,6
clan,6,6
clarion,6,6
coif,6,6
dally,6,6
damascene,6,6
decentralization,6,6
derp,6,6
destiny,6,6
disguise,6,6
feudal,6,6
glen,6,6
gush,6,6
hydrophilicity,6,6
instinct,6,6
lobate,6,6
lust,6,6
marsupium,6,6
muscovy,6,6
nonmetal,6,6
obligate,6,6
omission,6,6
parallelogram,6,6
perfection,6,6
philanthropic,6,6
plenty,6,6
progestogen,6,6
remuneration,6,6
reprieve,6,6
rerun,6,6
resettlement,6,6
retrofit,6,6
retroflexion,6,6
rime,6,6
serration,6,6
seville,6,6
shimmy,6,6
singsong,6,6
stinger,6,6
surfeit,6,6
tete,6,6
trademark,6,6
transcendental,6,6
tributyrin,6,6
twinkle,6,6
vie,6,6
wishing,6,6
inhibitors,5,11479
microbiology,5,9822
diseases,5,9315
isomer,5,8314
bis,5,7344
receptors,5,6948
hydroxymethyl,5,6769
allele,5,6552
infections,5,6413
epidemiology,5,5594
dihydroxy,5,5225
etiology,5,5149
chemically,5,4958
dione,5,4773
bromo,5,3698
methods,5,3314
factors,5,3283
abnormalities,5,2455
hla,5,2040
synthase,5,1951
leu,5,1837
diphenyl,5,1808
adenocarcinoma,5,1694
fractures,5,1612
trp,5,1596
glucoside,5,1456
diamine,5,1440
ser,5,1412
channels,5,1397
gtp,5,1314
diethylaminoethyl,5,1303
diene,5,1246
labeled,5,1166
cyclohexyl,5,1138
propanol,5,1116
zwitterion,5,1109
chemokine,5,1064
methyltransferase,5,1010
dl,5,883
disodium,5,875
biphenyl,5,857
chairs,5,817
nitroso,5,796
chains,5,778
alanyl,5,776
benzoyl,5,757
dysfunction,5,743
tables,5,735
hydroxylase,5,728
homolog,5,716
mir,5,702
sclerosis,5,695
abscess,5,686
genes,5,685
alfa,5,683
phospho,5,669
nsc,5,657
azido,5,656
integrin,5,637
structures,5,636
sf,5,634
phenylalanyl,5,612
piperazine,5,609
phosphatidylinositol,5,606
ribonucleoprotein,5,597
mitogen,5,593
pyrazole,5,570
diacetate,5,561
ubiquitin,5,545
udp,5,545
edema,5,542
viruses,5,539
cisplatin,5,533
tools,5,532
cysts,5,531
fumarate,5,528
lesion,5,502
lactobacillus,5,500
myopathy,5,496
hodgkin,5,485
galactosyl,5,484
retinoblastoma,5,484
synthetase,5,481
pf,5,476
propanone,5,473
dodecyl,5,471
errors,5,466
malformations,5,458
trauma,5,458
mellitus,5,451
pn,5,445
cytarabine,5,442
rab,5,432
trypanosoma,5,432
dibromide,5,428
vasculitis,5,425
bms,5,423
tyrosyl,5,421
built,5,420
cxcl,5,416
alternaria,5,407
transforming,5,406
propenyl,5,403
aza,5,401
centers,5,393
neoplasia,5,393
facilities,5,387
dihydrate,5,385
enoyl,5,385
dihydrogen,5,384
mucinous,5,381
records,5,377
lysyl,5,374
secreting,5,373
lymphoblastic,5,372
schools,5,372
ischemia,5,369
epiphysis,5,366
transmembrane,5,366
hematoma,5,363
leukotriene,5,358
encephalomyelitis,5,347
isothiocyanate,5,341
retinitis,5,338
subtilis,5,338
gata,5,337
necrotizing,5,337
mediastinal,5,335
aspartyl,5,330
deoxyuridine,5,325
naphthol,5,325
mesothelioma,5,322
contracture,5,321
csf,5,321
medication,5,321
intraepithelial,5,319
dioxane,5,318
tx,5,317
quercetin,5,316
ichthyosis,5,314
rhabdomyosarcoma,5,312
glasses,5,311
involved,5,311
adamts,5,307
hydrazide,5,305
phenomena,5,301
butanone,5,300
dioxin,5,299
galactoside,5,298
nav,5,298
description,5,297
meningioma,5,297
hydrocarbons,5,296
barbituric,5,295
paraplegia,5,295
trisomy,5,295
opioid,5,293
spectroscopy,5,292
sugars,5,292
dyskinesia,5,289
schizophrenia,5,289
phthalate,5,287
oncology,5,284
hallux,5,283
bradykinin,5,280
sulfone,5,280
computed,5,279
phospholipase,5,276
sativa,5,275
benzoquinone,5,274
symptoms,5,273
was,5,273
calmodulin,5,272
cyclohexene,5,272
parkinson,5,270
polydactyly,5,266
aphasia,5,265
dicarboxylate,5,263
histocompatibility,5,263
bcr,5,260
attribute,5,258
deoxyguanosine,5,257
enterococcus,5,257
anomalies,5,256
burkholderia,5,256
indene,5,256
catabolic,5,255
dg,5,255
lysosomal,5,255
usp,5,254
microcephaly,5,253
nadh,5,253
spectrometry,5,252
kv,5,250
rickettsia,5,249
ae,5,246
diphtheria,5,244
goiter,5,244
angina,5,242
apoptotic,5,242
trials,5,242
deoxycytidine,5,241
leishmaniasis,5,240
imperfecta,5,238
acinetobacter,5,236
sphingosine,5,236
src,5,235
zea,5,233
aminobenzoate,5,232
deoxyribonuclease,5,232
rp,5,232
falciparum,5,231
thrombocytopenia,5,231
lipoxygenase,5,230
androstane,5,229
porphyria,5,229
teratoma,5,229
anhydrase,5,228
congenita,5,228
bifidobacterium,5,227
acetanilide,5,226
arteriovenous,5,226
hydratase,5,226
isoform,5,226
leiomyosarcoma,5,224
neuralgia,5,224
ns,5,222
models,5,221
nocardia,5,220
odontogenic,5,218
osteosarcoma,5,218
chondrosarcoma,5,217
hematologic,5,217
fgfr,5,216
cresol,5,215
disabilities,5,215
histiocytosis,5,215
leiomyoma,5,215
sialic,5,215
febrile,5,213
phosphoribosyltransferase,5,212
polyps,5,212
languages,5,210
hepatocellular,5,208
pathways,5,208
paz,5,208
sclerosing,5,208
charcot,5,207
apnea,5,205
migraine,5,205
neuropeptide,5,203
william,5,203
electrophoresis,5,202
glucopyranose,5,202
iva,5,202
liposarcoma,5,202
pent,5,202
lu,5,200
caps,5,198
instruments,5,197
vaccinia,5,197
bags,5,196
toxoplasmosis,5,196
difficulty,5,195
holder,5,195
nephropathy,5,195
carboxyethyl,5,194
obliterans,5,194
silty,5,194
meglumine,5,193
hyperlipoproteinemia,5,192
pyrroline,5,192
retroperitoneal,5,192
propionyl,5,191
burns,5,190
neutropenia,5,188
hpv,5,187
objects,5,187
criteria,5,186
sir,5,186
sulcus,5,186
sigma,5,185
amplification,5,184
pieces,5,183
tablet,5,183
hamartoma,5,181
baseline,5,180
antithrombin,5,179
periodontitis,5,179
carcinoid,5,178
nephrotic,5,178
nitrofuran,5,178
nystagmus,5,178
psa,5,178
actinobacillus,5,177
covers,5,177
hydroperoxide,5,177
keratoderma,5,177
mastectomy,5,177
nc,5,176
bartonella,5,175
chloroplast,5,175
py,5,175
oxygenase,5,174
toluidine,5,173
empyema,5,172
glyceryl,5,172
arthroplasty,5,171
apo,5,170
bases,5,170
cxcr,5,170
hydroxyl,5,170
lymphedema,5,170
bronchiolitis,5,168
cep,5,168
lesions,5,168
musculature,5,168
retinoic,5,168
somite,5,167
vagus,5,167
donors,5,166
script,5,166
biome,5,165
myoclonus,5,165
typhimurium,5,165
cholestasis,5,164
metanephric,5,164
cholera,5,163
coumarin,5,163
meningitidis,5,163
mycosis,5,162
barr,5,161
granulomatosis,5,161
undersea,5,161
diacetyl,5,160
diazo,5,160
helminth,5,160
hyperparathyroidism,5,160
outcome,5,160
dysostosis,5,159
postpartum,5,159
gallate,5,158
amnesia,5,157
angiography,5,157
anhydrides,5,157
hdl,5,157
craniofacial,5,156
hemihydrate,5,156
malocclusion,5,156
trefoil,5,156
trisodium,5,156
osteolysis,5,155
sepsis,5,155
brachydactyly,5,154
hordeum,5,154
retinoid,5,154
gravis,5,153
rhodamine,5,153
alteration,5,152
anthraquinone,5,152
ceramics,5,151
nitrosourea,5,151
vinblastine,5,151
able,5,150
adrenocortical,5,150
interphalangeal,5,150
myopia,5,150
stairs,5,150
acne,5,149
modifying,5,149
syndactyly,5,149
trichomonas,5,148
insipidus,5,147
context,5,146
hypogonadism,5,146
iiib,5,146
ribosyl,5,146
translational,5,146
benzaldehyde,5,145
bw,5,145
cruciate,5,144
granulomatous,5,144
lipomatosis,5,144
ethylenediamine,5,143
forms,5,143
medicago,5,143
pontine,5,143
pregnane,5,143
thiocyanate,5,143
esophagitis,5,142
capping,5,141
hyperbilirubinemia,5,141
soli,5,141
things,5,141
delirium,5,140
precursors,5,140
shiga,5,140
squared,5,140
angioedema,5,139
henry,5,139
neuroma,5,139
hydroxyacyl,5,138
masonry,5,137
tuberculous,5,137
metaplasia,5,136
pasteurella,5,136
phenotype,5,136
typhus,5,136
amyotrophic,5,135
influenzae,5,135
linolenic,5,135
neurofibroma,5,135
chiari,5,134
ophthalmoplegia,5,134
xy,5,134
anatomic,5,133
brl,5,133
chaetomium,5,133
exanthema,5,133
fusobacterium,5,133
hypoglossal,5,133
melphalan,5,133
patterns,5,133
lim,5,132
thrombocytopenic,5,132
enteropathy,5,131
hydroxyprogesterone,5,131
mismatch,5,131
azide,5,130
coins,5,130
relapsing,5,130
gdp,5,128
glioblastoma,5,128
glucuronic,5,128
mannosidase,5,128
mds,5,128
multidrug,5,128
integration,5,127
monosomy,5,127
neurologic,5,127
paraparesis,5,127
sativum,5,127
vaccinium,5,127
vaginitis,5,127
your,5,127
erwinia,5,126
agglutinin,5,125
dating,5,125
osteogenesis,5,125
psychotherapy,5,125
cyanidin,5,124
george,5,124
guitar,5,124
hexahydrate,5,124
osteoporosis,5,124
polycythemia,5,124
cyclooxygenase,5,123
figures,5,123
ny,5,123
officinalis,5,123
tubulin,5,123
cholangitis,5,122
diverticulosis,5,122
dyspnea,5,122
endolymphatic,5,122
exchanger,5,122
fetus,5,122
imp,5,122
irinotecan,5,122
migrans,5,122
monoatomic,5,122
monomethyl,5,122
phylum,5,122
echinococcosis,5,121
enuresis,5,121
etching,5,121
osteitis,5,121
ret,5,121
pins,5,120
qt,5,120
tubes,5,120
waves,5,119
amaurosis,5,118
californica,5,118
chimeric,5,118
ea,5,118
hominis,5,118
suborder,5,118
diazonium,5,117
japonicum,5,117
ll,5,117
oncorhynchus,5,117
ornament,5,117
retroviridae,5,117
apigenin,5,116
helminthiasis,5,116
involving,5,116
apraxia,5,115
forks,5,115
myeloproliferative,5,115
wheels,5,115
bp,5,114
extremities,5,114
pyogenes,5,114
raja,5,114
domains,5,113
mesothelial,5,113
neurofibromatosis,5,113
ectopia,5,112
faecalis,5,112
if,5,112
letters,5,112
osteochondritis,5,112
phosphorylcholine,5,112
toxoplasma,5,112
diastasis,5,111
hexa,5,111
intestinalis,5,111
marijuana,5,111
moth,5,111
occupations,5,111
pheochromocytoma,5,111
sheets,5,111
utp,5,111
immunization,5,110
lymphangioma,5,110
octanoate,5,110
osteoma,5,110
asparaginyl,5,109
bombesin,5,109
citrobacter,5,109
cmc,5,109
epilepticus,5,109
hypotonia,5,109
ilex,5,109
mirabilis,5,109
rev,5,109
tetrasodium,5,109
amlodipine,5,108
aster,5,108
emd,5,108
myotonia,5,108
prior,5,108
sinuses,5,108
submucosa,5,108
chromaffin,5,107
epimerase,5,107
mitochondria,5,107
papain,5,107
prion,5,107
properties,5,107
sponsor,5,107
hybridization,5,106
hyperpigmentation,5,106
informatics,5,106
myelitis,5,106
organizing,5,106
cinnamomum,5,105
culinary,5,105
hydroxybutyric,5,105
immunotherapy,5,105
intramolecular,5,105
lactam,5,105
networks,5,104
phorbol,5,104
psoriasis,5,104
concussion,5,103
evoked,5,103
moraxella,5,103
thymocyte,5,103
ceramidase,5,102
dermoid,5,102
hypoglycemia,5,102
mcm,5,102
nostoc,5,102
pemphigus,5,102
sash,5,102
vertigo,5,102
arabinose,5,101
cruzi,5,101
geranium,5,101
lavage,5,101
molding,5,101
remodeling,5,101
tromethamine,5,101
transmissible,5,100
acer,5,99
dissociative,5,99
fama,5,99
malonate,5,99
mmp,5,99
mononucleotide,5,99
reports,5,99
vs,5,99
angiopathy,5,98
chinensis,5,98
grafting,5,98
hydatidiform,5,98
insensitivity,5,98
kynurenine,5,98
metaphysis,5,98
ovale,5,98
sulphonic,5,98
thromboembolism,5,98
enterica,5,97
hl,5,97
ileus,5,97
mandelic,5,97
pregnenolone,5,97
spondylitis,5,97
supplemental,5,97
vivax,5,97
anastomosis,5,96
phytolacca,5,96
rhamnose,5,96
bronchiole,5,95
dolichol,5,95
insomnia,5,95
spermidine,5,95
subspecies,5,95
adenosylmethionine,5,94
africana,5,94
calcinosis,5,94
cryptococcus,5,94
cytoskeleton,5,94
diammonium,5,94
engraving,5,94
hemoglobinuria,5,94
meristem,5,94
polymers,5,94
silicone,5,94
spermine,5,94
telomere,5,94
thiotepa,5,94
valgus,5,94
hydroxycholesterol,5,93
hypercholesterolemia,5,93
losing,5,93
oligosaccharides,5,93
populus,5,93
ribitol,5,93
adenosyl,5,92
ewing,5,92
excessive,5,92
fisheries,5,92
hydrops,5,92
inappropriate,5,92
intraventricular,5,92
alphas,5,91
amelogenesis,5,91
calcifying,5,91
endoscopy,5,91
myalgia,5,91
opiate,5,91
recurrence,5,91
seborrheic,5,91
triamcinolone,5,91
agnosia,5,90
horses,5,90
palmitoyltransferase,5,90
salix,5,90
uncertain,5,90
ureaplasma,5,90
xanthomatosis,5,90
counting,5,89
harvesting,5,89
phobia,5,89
phosphonate,5,89
physicians,5,89
plasmacytoma,5,89
scoliosis,5,89
shoes,5,89
spasticity,5,89
tarda,5,89
arachidonic,5,88
atherosclerotic,5,88
euthanasia,5,88
hypoventilation,5,88
myelofibrosis,5,88
oleracea,5,88
valves,5,88
aldolase,5,87
ascaris,5,87
broca,5,87
deca,5,87
entamoeba,5,87
horseradish,5,87
lomustine,5,87
nuchal,5,87
adherence,5,86
aminobenzoic,5,86
dystocia,5,86
flavor,5,86
nandrolone,5,86
osteopetrosis,5,86
steroidal,5,86
synoptic,5,86
uteri,5,86
vu,5,86
menstruation,5,85
nodules,5,85
retroviral,5,85
tonsillar,5,85
aphakia,5,84
besylate,5,84
bf,5,84
butylamine,5,84
cessation,5,84
cholic,5,84
concomitant,5,84
elastin,5,84
hornblende,5,84
lobule,5,84
mutism,5,84
piperonyl,5,84
poliomyelitis,5,84
pyogenic,5,84
subluxation,5,84
trimethoprim,5,84
abies,5,83
actinomycosis,5,83
amebic,5,83
brucellosis,5,83
chimera,5,83
flavone,5,83
foliated,5,83
hypopigmentation,5,83
intermedius,5,83
maritima,5,83
sis,5,83
slab,5,83
sprue,5,83
alnus,5,82
autism,5,82
chemicals,5,82
cypress,5,82
fowlpox,5,82
fragilis,5,82
glycosyltransferase,5,82
leukocytes,5,82
anchored,5,81
anthracene,5,81
docosahexaenoic,5,81
keloid,5,81
laxa,5,81
lysis,5,81
nigrum,5,81
onchocerciasis,5,81
polydipsia,5,81
raba,5,81
rhinorrhea,5,81
seminoma,5,81
amoxicillin,5,80
anosmia,5,80
arbovirus,5,80
breakthrough,5,80
bruxism,5,80
cucurbita,5,80
cyclopropane,5,80
dermatosis,5,80
emphysematous,5,80
focused,5,80
girl,5,80
hemiplegia,5,80
isosorbide,5,80
kallikrein,5,80
napus,5,80
overdose,5,80
painter,5,80
pneumonitis,5,80
provider,5,80
pueblo,5,80
arsine,5,79
betula,5,79
cdb,5,79
chambers,5,79
comment,5,79
festival,5,79
flava,5,79
gondii,5,79
hypercalcemia,5,79
hypoparathyroidism,5,79
monocytogenes,5,79
radiology,5,79
reddish,5,79
trpv,5,79
urolithiasis,5,79
ano,5,78
atopic,5,78
bacitracin,5,78
dihydrotestosterone,5,78
ebv,5,78
erysipelas,5,78
esophagogastric,5,78
hyaluronan,5,78
irritable,5,78
liturgical,5,78
rara,5,78
requirement,5,78
riboside,5,78
submucous,5,78
weave,5,78
abortifacient,5,77
heparan,5,77
holmium,5,77
intractable,5,77
lysergic,5,77
monocytic,5,77
norethindrone,5,77
phaseolus,5,77
premenstrual,5,77
propargyl,5,77
pterygium,5,77
sambucus,5,77
wv,5,77
actinomycin,5,76
alg,5,76
hypospadias,5,76
mexicana,5,76
naloxone,5,76
orchid,5,76
pim,5,76
previa,5,76
protamine,5,76
russell,5,76
viia,5,76
week,5,76
bactericidal,5,75
cert,5,75
corrected,5,75
glycosuria,5,75
gonorrhoeae,5,75
kappab,5,75
plexiform,5,75
quinidine,5,75
tuberosum,5,75
urination,5,75
urokinase,5,75
aedes,5,74
agouti,5,74
associations,5,74
berberine,5,74
cea,5,74
chlorambucil,5,74
methanesulfonic,5,74
repens,5,74
roofing,5,74
sentinel,5,74
ammunition,5,73
antiphospholipid,5,73
asthenia,5,73
atherosclerosis,5,73
dermatomyositis,5,73
diazepam,5,73
extraocular,5,73
glutamyltransferase,5,73
gravidarum,5,73
hanger,5,73
manipulation,5,73
polymorphism,5,73
praseodymium,5,73
puerperal,5,73
signature,5,73
timolol,5,73
yin,5,73
adh,5,72
eugenol,5,72
fermented,5,72
hyperemesis,5,72
lentivirus,5,72
pepsinogen,5,72
picea,5,72
prophylaxis,5,72
stearyl,5,72
toxicodendron,5,72
toxicology,5,72
uroporphyrinogen,5,72
vip,5,72
zidovudine,5,72
childbirth,5,71
megestrol,5,71
myristate,5,71
opc,5,71
piperacillin,5,71
ramus,5,71
sequences,5,71
sucrase,5,71
sylvestris,5,71
telencephalon,5,71
undetermined,5,71
baptismal,5,70
codes,5,70
cryptorchidism,5,70
cryptosporidium,5,70
fibrillar,5,70
keratinizing,5,70
norm,5,70
prominent,5,70
propofol,5,70
qualifier,5,70
rmi,5,70
aromatase,5,69
atf,5,69
beads,5,69
clonic,5,69
dictionary,5,69
dy,5,69
enteroendocrine,5,69
iic,5,69
ingredient,5,69
initiator,5,69
recorder,5,69
signals,5,69
situs,5,69
tablets,5,69
too,5,69
antigenic,5,68
calcitriol,5,68
edulis,5,68
evans,5,68
fastener,5,68
hindbrain,5,68
hyperglycemia,5,68
mart,5,68
marvel,5,68
modulating,5,68
molluscum,5,68
rickettsial,5,68
rr,5,68
xl,5,68
agalactiae,5,67
albuterol,5,67
centaurea,5,67
cytoskeletal,5,67
cytosolic,5,67
difficile,5,67
dysarthria,5,67
homing,5,67
hydro,5,67
hyperplastic,5,67
lg,5,67
luciferin,5,67
patched,5,67
sulfadiazine,5,67
urachal,5,67
williams,5,67
acetoin,5,66
agammaglobulinemia,5,66
alphavirus,5,66
chaperone,5,66
firefly,5,66
flavescens,5,66
huntington,5,66
ketorolac,5,66
malonic,5,66
meibomian,5,66
phlebotomus,5,66
pongo,5,66
rhizopus,5,66
thulium,5,66
trichophyton,5,66
tripeptidyl,5,66
androsterone,5,65
argininosuccinate,5,65
atlanto,5,65
badminton,5,65
basaltic,5,65
chloroquine,5,65
contagiosum,5,65
fibroadenoma,5,65
helianthus,5,65
meningoencephalitis,5,65
norgestrel,5,65
porphobilinogen,5,65
regulations,5,65
reticulata,5,65
rubus,5,65
scotoma,5,65
sideroblastic,5,65
subependymal,5,65
tinnitus,5,65
valsartan,5,65
anaphylaxis,5,64
bluetongue,5,64
bradycardia,5,64
droplets,5,64
epoch,5,64
floxuridine,5,64
folliculitis,5,64
gdf,5,64
gloves,5,64
hamster,5,64
heterotaxy,5,64
hydroxypyridine,5,64
inhalant,5,64
metformin,5,64
multiforme,5,64
painted,5,64
rhabdomyoma,5,64
triose,5,64
ulmus,5,64
wd,5,64
abstinence,5,63
blastoma,5,63
cats,5,63
cuniculus,5,63
determining,5,63
dough,5,63
flavivirus,5,63
hematuria,5,63
hypocalcemia,5,63
ladies',5,63
metatarsophalangeal,5,63
nelson,5,63
neutrophilic,5,63
oryctolagus,5,63
oxoglutarate,5,63
printer,5,63
prostatitis,5,63
sustained,5,63
tendons,5,63
terephthalate,5,63
vasomotor,5,63
calpain,5,62
celecoxib,5,62
emodin,5,62
encephalocele,5,62
ependymal,5,62
keratoconus,5,62
meningocele,5,62
nephrolithiasis,5,62
oxoacid,5,62
phosphide,5,62
recruitment,5,62
sedation,5,62
spasms,5,62
tapping,5,62
thrombophlebitis,5,62
thromboplastin,5,62
vitiligo,5,62
wa,5,62
amacrine,5,61
caffeic,5,61
cinchona,5,61
delphinidin,5,61
ectasia,5,61
erythroderma,5,61
fluorinated,5,61
gramicidin,5,61
hemostatic,5,61
isovaleryl,5,61
methylation,5,61
monoethyl,5,61
nitride,5,61
osteosclerosis,5,61
publishing,5,61
quinolinic,5,61
rhabdomyolysis,5,61
simvastatin,5,61
sulfanilamide,5,61
tamponade,5,61
albus,5,60
antidiuretic,5,60
arnold,5,60
asphalt,5,60
butylene,5,60
cyperus,5,60
cysteamine,5,60
fibroblasts,5,60
gl,5,60
hyperactivity,5,60
octadecanoate,5,60
pistol,5,60
snakes,5,60
spirochaetales,5,60
wolff,5,60
actinomycetales,5,59
bacteroidaceae,5,59
cassia,5,59
chills,5,59
chlamydiaceae,5,59
chloroacetate,5,59
chondroma,5,59
definition,5,59
dentinogenesis,5,59
dermatologic,5,59
histolytica,5,59
icos,5,59
lamivudine,5,59
poplar,5,59
pv,5,59
roseus,5,59
tenosynovitis,5,59
thyrotoxicosis,5,59
uniparental,5,59
unstable,5,59
acetates,5,58
astigmatism,5,58
collagenase,5,58
cq,5,58
endometriosis,5,58
epicardial,5,58
fad,5,58
galactitol,5,58
henle,5,58
hydroxamic,5,58
malignancy,5,58
osteochondroma,5,58
pacifica,5,58
peroxides,5,58
propranolol,5,58
pterocarpus,5,58
shutter,5,58
synapse,5,58
that,5,58
acanthoma,5,57
adapter,5,57
chester,5,57
chondrocyte,5,57
disassembly,5,57
discoloration,5,57
drawer,5,57
fibrocystic,5,57
frailty,5,57
gentamicin,5,57
hydroxypregnenolone,5,57
hypercalciuria,5,57
hyperlipidemia,5,57
naproxen,5,57
nonsense,5,57
oxazepam,5,57
paramyxoviridae,5,57
pterygoid,5,57
rhabdoviridae,5,57
togaviridae,5,57
acuminata,5,56
alkylating,5,56
amenorrhea,5,56
bunyaviridae,5,56
casts,5,56
cephalexin,5,56
chenodeoxycholic,5,56
cho,5,56
clopidogrel,5,56
contents,5,56
curium,5,56
decree,5,56
extravasation,5,56
filoviridae,5,56
flaviviridae,5,56
fusca,5,56
gossypium,5,56
hyperaldosteronism,5,56
keratoacanthoma,5,56
levodopa,5,56
lizard,5,56
lumpy,5,56
lymphocytosis,5,56
nucleotidase,5,56
orthomyxoviridae,5,56
otosclerosis,5,56
otx,5,56
panthera,5,56
porphyritic,5,56
projections,5,56
pyroxene,5,56
reoviridae,5,56
typhi,5,56
acanthosis,5,55
ago,5,55
anagen,5,55
bitartrate,5,55
cervicitis,5,55
cmb,5,55
encoding,5,55
epididymal,5,55
hypersomnia,5,55
ketoacidosis,5,55
omeprazole,5,55
prisons,5,55
protoporphyrin,5,55
serious,5,55
amygdaloid,5,54
auricularia,5,54
biochemistry,5,54
carthamus,5,54
carya,5,54
cheilitis,5,54
colistin,5,54
dioscorea,5,54
effectiveness,5,54
engineer,5,54
ever,5,54
extrapyramidal,5,54
extremely,5,54
fraxinus,5,54
gliadin,5,54
gossypol,5,54
hemostasis,5,54
hierarchy,5,54
hyperkalemia,5,54
hypernatremia,5,54
hypertonia,5,54
hypokalemia,5,54
latch,5,54
melanosis,5,54
melia,5,54
myiasis,5,54
neuro,5,54
occulta,5,54
oxytetracycline,5,54
phenylephrine,5,54
plantago,5,54
pseudoephedrine,5,54
springs,5,54
stimuli,5,54
veratrum,5,54
amylopectin,5,53
atelectasis,5,53
bacteremia,5,53
clindamycin,5,53
coxsackievirus,5,53
crataegus,5,53
diplopia,5,53
echinacea,5,53
enrollment,5,53
fluphenazine,5,53
glyphosate,5,53
gynecomastia,5,53
heater,5,53
hirsutism,5,53
histiocyte,5,53
hyponatremia,5,53
locust,5,53
malus,5,53
pectus,5,53
persica,5,53
prophylactic,5,53
pyridoxamine,5,53
qa,5,53
quadriplegia,5,53
snf,5,53
suramin,5,53
tcr,5,53
trifluoride,5,53
acetoacetate,5,52
appendicitis,5,52
barre,5,52
barrett,5,52
creutzfeldt,5,52
depot,5,52
diphenhydramine,5,52
fishery,5,52
heated,5,52
hyperhidrosis,5,52
inulin,5,52
lawsonia,5,52
lions,5,52
mesoblastic,5,52
nonsteroidal,5,52
penicillinase,5,52
piercing,5,52
poetry,5,52
relapse,5,52
viscera,5,52
weiss,5,52
albendazole,5,51
amblyopia,5,51
burner,5,51
chlorhexidine,5,51
citrullus,5,51
cytometry,5,51
diospyros,5,51
doxazosin,5,51
fentanyl,5,51
fetalis,5,51
ft,5,51
hexestrol,5,51
hydronephrosis,5,51
hydroxyphenylacetic,5,51
longum,5,51
lorazepam,5,51
mal,5,51
meiotic,5,51
mortise,5,51
myoblast,5,51
nephrocalcinosis,5,51
papaver,5,51
pentahydrate,5,51
promoter,5,51
proteinogenic,5,51
rubrum,5,51
tracheoesophageal,5,51
urethritis,5,51
viremia,5,51
aaa,5,50
amitriptyline,5,50
animation,5,50
atorvastatin,5,50
cardiopulmonary,5,50
catecholaminergic,5,50
chlorpromazine,5,50
cps,5,50
desensitization,5,50
equus,5,50
footwear,5,50
gates,5,50
glabra,5,50
haloperidol,5,50
horner,5,50
hydrochlorothiazide,5,50
hypochromic,5,50
imipramine,5,50
indicum,5,50
islander,5,50
kp,5,50
lentigo,5,50
lymphopenia,5,50
maxima,5,50
minutes,5,50
osteoblastoma,5,50
osteoid,5,50
palace,5,50
paroxetine,5,50
perceived,5,50
pneumoconiosis,5,50
podophyllum,5,50
rosacea,5,50
submucosal,5,50
sudanese,5,50
thrombocytosis,5,50
urothelium,5,50
amanitin,5,49
aneurysmal,5,49
antral,5,49
arthralgia,5,49
cardiomegaly,5,49
clofibrate,5,49
cotinine,5,49
cyanoacrylate,5,49
cytopenia,5,49
dacryocystitis,5,49
doxepin,5,49
dyspepsia,5,49
erosive,5,49
flurbiprofen,5,49
francis,5,49
gigas,5,49
gnrh,5,49
gpa,5,49
indoleacetic,5,49
interdigital,5,49
june,5,49
labialis,5,49
lilium,5,49
mf,5,49
paresthesia,5,49
resolved,5,49
retropharyngeal,5,49
rhesus,5,49
scheduled,5,49
spiramycin,5,49
squares,5,49
subaortic,5,49
surrogate,5,49
yards,5,49
yucca,5,49
anencephaly,5,48
anodontia,5,48
are,5,48
axonemal,5,48
bifunctional,5,48
bridging,5,48
butylated,5,48
chlortetracycline,5,48
cholecalciferol,5,48
chylous,5,48
dextroamphetamine,5,48
dysmenorrhea,5,48
effort,5,48
ergotamine,5,48
gown,5,48
guaiacol,5,48
hairless,5,48
hyoscyamine,5,48
hyperemia,5,48
layout,5,48
letrozole,5,48
maze,5,48
melanogaster,5,48
nosed,5,48
palpebral,5,48
papaverine,5,48
perphenazine,5,48
peyer's,5,48
photophobia,5,48
postmenopausal,5,48
scleritis,5,48
siemens,5,48
sore,5,48
ssr,5,48
sv,5,48
thioridazine,5,48
thyroglossal,5,48
tim,5,48
tularemia,5,48
unexplained,5,48
vulvovaginitis,5,48
aminolevulinate,5,47
aortitis,5,47
auratus,5,47
bbs,5,47
blepharitis,5,47
carboxylesterase,5,47
cepacia,5,47
coccidiosis,5,47
cupboard,5,47
cupressus,5,47
daidzein,5,47
dander,5,47
desipramine,5,47
diaphysis,5,47
dorsolateral,5,47
father,5,47
genotype,5,47
hispanica,5,47
histoplasmosis,5,47
kc,5,47
listeriosis,5,47
lonicera,5,47
lycopene,5,47
macrocytic,5,47
moles,5,47
morbid,5,47
perihilar,5,47
ptosis,5,47
retrobulbar,5,47
saphenous,5,47
spondylolisthesis,5,47
thrombus,5,47
toxemia,5,47
tracheitis,5,47
urachus,5,47
vara,5,47
virginiamycin,5,47
vivo,5,47
aq,5,46
arcus,5,46
capitata,5,46
captopril,5,46
cetyl,5,46
chlorpheniramine,5,46
chorioretinitis,5,46
cimetidine,5,46
claudication,5,46
cursive,5,46
dihydrostreptomycin,5,46
dysphonia,5,46
encephalomalacia,5,46
enol,5,46
fagus,5,46
fluoxetine,5,46
fragaria,5,46
frostbite,5,46
fugax,5,46
glottis,5,46
glucuronidase,5,46
glutaminase,5,46
hematemesis,5,46
hydrocele,5,46
impetigo,5,46
levamisole,5,46
menorrhagia,5,46
miosis,5,46
morton,5,46
neptunium,5,46
ochronosis,5,46
oophoritis,5,46
osteomalacia,5,46
priapism,5,46
priming,5,46
reader,5,46
relaxin,5,46
robe,5,46
routine,5,46
sialadenitis,5,46
sock,5,46
splenomegaly,5,46
staghorn,5,46
trimipramine,5,46
trismus,5,46
valproic,5,46
agranulocytosis,5,45
aminolevulinic,5,45
app,5,45
asthmaticus,5,45
carrageenan,5,45
carvedilol,5,45
cbx,5,45
cephalosporin,5,45
clonidine,5,45
coffea,5,45
cyproheptadine,5,45
cysticercosis,5,45
dextrocardia,5,45
dislocations,5,45
ecchymosis,5,45
engelmann,5,45
expected,5,45
freckle,5,45
hydroxyzine,5,45
insensitive,5,45
interatrial,5,45
juglans,5,45
larix,5,45
lymphangitis,5,45
malvidin,5,45
myxedema,5,45
narcissus,5,45
noradrenaline,5,45
nutcracker,5,45
nystatin,5,45
olea,5,45
ornamental,5,45
paradoxical,5,45
parkinsonism,5,45
pellucidum,5,45
pentoxifylline,5,45
pontocerebellar,5,45
pravastatin,5,45
ranitidine,5,45
rifamycin,5,45
secretions,5,45
seeds,5,45
sertraline,5,45
some,5,45
sulfisoxazole,5,45
sustainable,5,45
syringe,5,45
thinness,5,45
tor,5,45
tranylcypromine,5,45
typewriter,5,45
ureterocele,5,45
venule,5,45
xerostomia,5,45
adonis,5,44
agarose,5,44
alendronate,5,44
antrum,5,44
aphthous,5,44
arvensis,5,44
arytenoid,5,44
assist,5,44
aurea,5,44
beck,5,44
billion,5,44
blepharospasm,5,44
bronchoalveolar,5,44
ceftazidime,5,44
cholelithiasis,5,44
constrictive,5,44
cracked,5,44
cramps,5,44
curcuma,5,44
dens,5,44
dianthus,5,44
diltiazem,5,44
dropped,5,44
epididymitis,5,44
epispadias,5,44
estrus,5,44
fb,5,44
flecainide,5,44
fluency,5,44
hepatomegaly,5,44
hookworm,5,44
hypercapnia,5,44
impacted,5,44
infarct,5,44
iridocyclitis,5,44
iritis,5,44
leptospirosis,5,44
livedo,5,44
macroglossia,5,44
malformed,5,44
methacrylic,5,44
metoprolol,5,44
migratoria,5,44
neuroleptic,5,44
parotitis,5,44
parturient,5,44
pluripotent,5,44
pregnanediol,5,44
prochlorperazine,5,44
pyuria,5,44
rutin,5,44
salmo,5,44
scurvy,5,44
serology,5,44
sinapis,5,44
truncated,5,44
upstream,5,44
adoptive,5,43
agglutination,5,43
albuminuria,5,43
alice,5,43
amnestic,5,43
ankyloglossia,5,43
aortopulmonary,5,43
billiard,5,43
blackwater,5,43
buddhist,5,43
buspirone,5,43
chlordiazepoxide,5,43
cloacae,5,43
coccidioidomycosis,5,43
coprophagia,5,43
croup,5,43
crs,5,43
ddt,5,43
digitoxin,5,43
dx,5,43
ellis,5,43
eventration,5,43
fissures,5,43
flurazepam,5,43
galen,5,43
gemfibrozil,5,43
gentiana,5,43
gymnastics,5,43
hogg,5,43
hyperesthesia,5,43
ketoprofen,5,43
lute,5,43
macrocephaly,5,43
mania,5,43
metencephalon,5,43
mottle,5,43
nephroblastoma,5,43
orphenadrine,5,43
pistacia,5,43
pratensis,5,43
prehistoric,5,43
preterm,5,43
prosopis,5,43
regenerative,5,43
serosa,5,43
stripping,5,43
stunning,5,43
tangier,5,43
tardive,5,43
tetany,5,43
thickened,5,43
tocainide,5,43
tolmetin,5,43
trisulfide,5,43
uranyl,5,43
varum,5,43
venereum,5,43
yohimbine,5,43
acebutolol,5,42
afibrinogenemia,5,42
afp,5,42
anaplasmosis,5,42
androstenedione,5,42
apomorphine,5,42
ascariasis,5,42
bland,5,42
blastocyst,5,42
boswellia,5,42
caprylic,5,42
cestode,5,42
chalazion,5,42
chiropractic,5,42
cloxacillin,5,42
cobaltous,5,42
cocos,5,42
consultation,5,42
cribriform,5,42
cyclamen,5,42
cystocele,5,42
digits,5,42
dihydroxyphenylacetic,5,42
dimethylformamide,5,42
diosgenin,5,42
ergosterol,5,42
evisceration,5,42
giardiasis,5,42
gigantea,5,42
hiking,5,42
kangaroo,5,42
klinefelter,5,42
leukopenia,5,42
lymphogranuloma,5,42
methylmalonate,5,42
midazolam,5,42
necrobiosis,5,42
neglecta,5,42
neutrophils,5,42
nipples,5,42
paleolithic,5,42
papillon,5,42
parakeratosis,5,42
pepsin,5,42
periorbital,5,42
pernicious,5,42
phenylpropanolamine,5,42
phosphogluconate,5,42
pleurisy,5,42
polyostotic,5,42
projects,5,42
raffinose,5,42
scott,5,42
sequoia,5,42
serositis,5,42
steatorrhea,5,42
trazodone,5,42
tripelennamine,5,42
trypsinogen,5,42
waterborne,5,42
worn,5,42
abdominis,5,41
acetylcarnitine,5,41
agoraphobia,5,41
allergies,5,41
anethole,5,41
arteriolosclerosis,5,41
atenolol,5,41
awl,5,41
bacterium,5,41
calves,5,41
carpometacarpal,5,41
cent,5,41
cohort,5,41
coproporphyrin,5,41
crystals,5,41
cycloserine,5,41
dracunculiasis,5,41
dryopteris,5,41
dyscalculia,5,41
dysphoric,5,41
ependyma,5,41
epichlorohydrin,5,41
etodolac,5,41
extramedullary,5,41
feelings,5,41
feminine,5,41
fenoprofen,5,41
foramina,5,41
fornix,5,41
gabapentin,5,41
generated,5,41
grooming,5,41
halitosis,5,41
hematopoiesis,5,41
histoplasma,5,41
hypersplenism,5,41
kd,5,41
kwashiorkor,5,41
lavandula,5,41
lovastatin,5,41
macadamia,5,41
mastoiditis,5,41
mefloquine,5,41
metanephrine,5,41
microcystin,5,41
mistletoe,5,41
mobius,5,41
monostotic,5,41
musa,5,41
nitrilotriacetic,5,41
nortriptyline,5,41
obscurus,5,41
paraphimosis,5,41
phenolphthalein,5,41
piroxicam,5,41
pyelitis,5,41
pyrogallol,5,41
raccoon,5,41
ribes,5,41
rickettsiosis,5,41
saccharum,5,41
suburban,5,41
thuja,5,41
tourette,5,41
trabecula,5,41
trenbolone,5,41
trichuriasis,5,41
vaginismus,5,41
zollinger,5,41
abetalipoproteinemia,5,40
achlorhydria,5,40
adenomyosis,5,40
aesculus,5,40
aire,5,40
amikacin,5,40
aminopterin,5,40
anguilla,5,40
anisometropia,5,40
antisocial,5,40
apoplexy,5,40
arecoline,5,40
asthenopia,5,40
baclofen,5,40
bison,5,40
burnt,5,40
cha,5,40
chamaecyparis,5,40
chick,5,40
cholestanol,5,40
cmv,5,40
compacta,5,40
cornus,5,40
corps,5,40
corylus,5,40
ctp,5,40
divinyl,5,40
dmp,5,40
eg,5,40
elymus,5,40
emaciation,5,40
ergotism,5,40
eructation,5,40
favism,5,40
fd,5,40
fuji,5,40
glossoptosis,5,40
hemin,5,40
hemoptysis,5,40
hemothorax,5,40
hesperidin,5,40
hiccup,5,40
hyaluronidase,5,40
hydroxyamphetamine,5,40
hydroxychloroquine,5,40
hydroxycorticosterone,5,40
hyperacusis,5,40
interrupted,5,40
iodothyronine,5,40
irritant,5,40
kernicterus,5,40
kimura,5,40
labetalol,5,40
lots,5,40
loxapine,5,40
maculata,5,40
mexiletine,5,40
monocyclic,5,40
oligomeric,5,40
oliguria,5,40
ovule,5,40
phleum,5,40
pindolol,5,40
pinguecula,5,40
prazosin,5,40
probable,5,40
spermatocele,5,40
sulfacetamide,5,40
sulfathiazole,5,40
temazepam,5,40
tilia,5,40
tsuga,5,40
vitamins,5,40
vulvitis,5,40
xerophthalmia,5,40
zic,5,40
anthracosis,5,39
arctica,5,39
armeniaca,5,39
asiatica,5,39
berberis,5,39
bisphosphatase,5,39
brompheniramine,5,39
cerebellopontine,5,39
chylomicron,5,39
cpa,5,39
daphne,5,39
divinylbenzene,5,39
eyelids,5,39
farnesol,5,39
ff,5,39
fluorosis,5,39
glanders,5,39
guanidinoacetate,5,39
hamate,5,39
hsv,5,39
hung,5,39
indican,5,39
indocyanine,5,39
juxtaglomerular,5,39
latency,5,39
lisinopril,5,39
malpighian,5,39
managers,5,39
meclizine,5,39
melamine,5,39
methenamine,5,39
miconazole,5,39
monensin,5,39
monounsaturated,5,39
naa,5,39
noninvasive,5,39
notification,5,39
nymphaea,5,39
pal,5,39
pallida,5,39
pause,5,39
pentazocine,5,39
phenacetin,5,39
phentolamine,5,39
pumping,5,39
pyrus,5,39
thiopental,5,39
trichloroacetic,5,39
ultramarine,5,39
urobilinogen,5,39
wheelchair,5,39
aconitic,5,38
adenosyltransferase,5,38
amyotrophy,5,38
anabasine,5,38
arnica,5,38
atrazine,5,38
capitate,5,38
captan,5,38
carbonated,5,38
cefadroxil,5,38
cefotaxime,5,38
chlormadinone,5,38
clomipramine,5,38
compassion,5,38
dapsone,5,38
dicloxacillin,5,38
disorganized,5,38
electrophysiology,5,38
elevator,5,38
fortification,5,38
gage,5,38
homovanillic,5,38
huckleberry,5,38
hypopharynx,5,38
institutes,5,38
inuit,5,38
knitting,5,38
lotion,5,38
masseter,5,38
matricaria,5,38
mefenamic,5,38
methyltestosterone,5,38
nanotube,5,38
naphazoline,5,38
notation,5,38
notochord,5,38
opus,5,38
oxaloacetic,5,38
pentachlorophenol,5,38
phobic,5,38
propolis,5,38
pyrilamine,5,38
rhamnus,5,38
secobarbital,5,38
spr,5,38
ternary,5,38
tetracaine,5,38
trk,5,38
trousers,5,38
wakefulness,5,38
wisteria,5,38
abortus,5,37
amprolium,5,37
arsenide,5,37
bap,5,37
barbital,5,37
butoxide,5,37
carica,5,37
cefoperazone,5,37
cereus,5,37
choir,5,37
clenbuterol,5,37
clotrimazole,5,37
cotyledon,5,37
cytisus,5,37
dantrolene,5,37
diflunisal,5,37
factitious,5,37
flunitrazepam,5,37
glauca,5,37
glycolate,5,37
hypochlorous,5,37
illicit,5,37
im,5,37
jc,5,37
lever,5,37
lf,5,37
liquidambar,5,37
lye,5,37
mesangium,5,37
metaproterenol,5,37
nifedipine,5,37
nitrofurantoin,5,37
occlusal,5,37
petrous,5,37
phenazopyridine,5,37
phenelzine,5,37
pheniramine,5,37
predominant,5,37
primula,5,37
projectile,5,37
protactinium,5,37
provocation,5,37
putamen,5,37
robinia,5,37
saccule,5,37
sacrococcygeal,5,37
saquinavir,5,37
stored,5,37
syzygium,5,37
triglycerides,5,37
tubocurarine,5,37
urease,5,37
xviii,5,37
alginate,5,36
allied,5,36
amplified,5,36
amygdalin,5,36
bream,5,36
carboxymethylcellulose,5,36
carinii,5,36
castanea,5,36
ceiba,5,36
chippewa,5,36
clomiphene,5,36
cyclothymic,5,36
dithionite,5,36
eared,5,36
ectrodactyly,5,36
encainide,5,36
ergot,5,36
excoriation,5,36
exhibitionism,5,36
font,5,36
gallamine,5,36
hallucination,5,36
histrionic,5,36
integrative,5,36
ions,5,36
isobutyryl,5,36
lactulose,5,36
lytic,5,36
manner,5,36
mevalonic,5,36
nafcillin,5,36
narcissistic,5,36
nelfinavir,5,36
platypus,5,36
ponderosa,5,36
prepuce,5,36
procyclidine,5,36
psilocybin,5,36
psyllium,5,36
pubescens,5,36
ratchet,5,36
reboxetine,5,36
seventy,5,36
spironolactone,5,36
sterculia,5,36
stockings,5,36
sulfadoxine,5,36
thiothixene,5,36
tulip,5,36
ups,5,36
verbena,5,36
voyeurism,5,36
wb,5,36
xylazine,5,36
aldicarb,5,35
anchusa,5,35
angustifolia,5,35
bra,5,35
bulbourethral,5,35
carbamide,5,35
cedrus,5,35
chlorides,5,35
chlorthalidone,5,35
cic,5,35
coccidioides,5,35
diminazene,5,35
estimated,5,35
framycetin,5,35
galium,5,35
gardenia,5,35
genista,5,35
geology,5,35
hydroxyanisole,5,35
hydroxybutanoic,5,35
iatrogenic,5,35
infliximab,5,35
intense,5,35
levallorphan,5,35
mande,5,35
meloxicam,5,35
meprobamate,5,35
mescaline,5,35
methapyrilene,5,35
methaqualone,5,35
methiocarb,5,35
nitrazepam,5,35
oxaprozin,5,35
phorate,5,35
pili,5,35
plaques,5,35
primaquine,5,35
pronephros,5,35
pseudomallei,5,35
psychosis,5,35
pueraria,5,35
sarcocystis,5,35
seismic,5,35
senegalensis,5,35
styrax,5,35
sulfadimethoxine,5,35
tendineae,5,35
unexpected,5,35
valsalva,5,35
antipsychotic,5,34
aponeurosis,5,34
ascorbyl,5,34
azathioprine,5,34
biliverdin,5,34
bithionol,5,34
buxus,5,34
capsaicin,5,34
chlordecone,5,34
cinereus,5,34
delavirdine,5,34
dolomitic,5,34
enalapril,5,34
exam,5,34
fibrinolysin,5,34
furnishings,5,34
galactosylceramide,5,34
geometry,5,34
granulocytes,5,34
hallucinogen,5,34
heath,5,34
hm,5,34
hopper,5,34
incus,5,34
lansoprazole,5,34
lata,5,34
latifolia,5,34
limits,5,34
mangifera,5,34
mastic,5,34
medetomidine,5,34
multimedia,5,34
nacre,5,34
nadolol,5,34
nalidixic,5,34
nat,5,34
navajo,5,34
om,5,34
oxyphenbutazone,5,34
paiute,5,34
phenformin,5,34
pinene,5,34
preferred,5,34
protriptyline,5,34
puma,5,34
ramipril,5,34
recta,5,34
ruta,5,34
scientists,5,34
sparse,5,34
sulfamethazine,5,34
sulphide,5,34
tagetes,5,34
tolazoline,5,34
tolbutamide,5,34
urocanic,5,34
zein,5,34
alprazolam,5,33
aminophylline,5,33
ananas,5,33
api,5,33
arctium,5,33
azadirachta,5,33
baltimore,5,33
brother,5,33
canthus,5,33
carbofuran,5,33
conflicts,5,33
coumaphos,5,33
curare,5,33
dimetridazole,5,33
dressed,5,33
dulcis,5,33
entomology,5,33
fenthion,5,33
foveal,5,33
graminis,5,33
hexachlorophene,5,33
hydrofluoric,5,33
inclusions,5,33
indapamide,5,33
laminated,5,33
manubrium,5,33
mellifera,5,33
mephenytoin,5,33
metaplastic,5,33
methocarbamol,5,33
montgomery,5,33
myofibrillar,5,33
nabumetone,5,33
neuroblast,5,33
nevirapine,5,33
niclosamide,5,33
norethynodrel,5,33
norovirus,5,33
pao,5,33
phytic,5,33
probenecid,5,33
pseudotsuga,5,33
pustular,5,33
rn,5,33
roundabout,5,33
session,5,33
tetrachloroethylene,5,33
tetramisole,5,33
thiram,5,33
this,5,33
trichloroethylene,5,33
uronic,5,33
vesicoureteral,5,33
vim,5,33
voriconazole,5,33
worms,5,33
abelmoschus,5,32
aconitum,5,32
alloxan,5,32
anthocyanins,5,32
bighorn,5,32
blastoderm,5,32
cephalothin,5,32
cftr,5,32
chapel,5,32
chiasm,5,32
conceptual,5,32
cycloheximide,5,32
deoxycorticosterone,5,32
dibucaine,5,32
dichlorophen,5,32
estazolam,5,32
ethchlorvynol,5,32
fenitrothion,5,32
flavonoids,5,32
glutethimide,5,32
glyburide,5,32
goggles,5,32
grains,5,32
griseofulvin,5,32
hear,5,32
interventions,5,32
intimal,5,32
itraconazole,5,32
labia,5,32
leflunomide,5,32
luba,5,32
maclura,5,32
mephobarbital,5,32
methimazole,5,32
methomyl,5,32
mifepristone,5,32
mimetic,5,32
minima,5,32
neocortex,5,32
opuntia,5,32
phallus,5,32
planar,5,32
plantain,5,32
primidone,5,32
rous,5,32
simazine,5,32
smithii,5,32
stillbirth,5,32
tomentosa,5,32
triazolam,5,32
trichlorfon,5,32
vasoconstrictor,5,32
wp,5,32
wu,5,32
ailanthus,5,31
allantois,5,31
applications,5,31
aspidosperma,5,31
avoid,5,31
bellows,5,31
blastula,5,31
breeches,5,31
carbachol,5,31
cardiotonic,5,31
cataracts,5,31
convulsive,5,31
coq,5,31
cress,5,31
crustacea,5,31
dendrite,5,31
dimenhydrinate,5,31
dimethoate,5,31
dinitroaniline,5,31
endocytosis,5,31
frequent,5,31
gan,5,31
grazing,5,31
hydroflumethiazide,5,31
isatis,5,31
isoelectric,5,31
longa,5,31
mestranol,5,31
methoxyflurane,5,31
methylhistamine,5,31
nitrosopyrrolidine,5,31
norethandrolone,5,31
palpation,5,31
paraoxon,5,31
perineum,5,31
peritubular,5,31
pimozide,5,31
propoxur,5,31
quassia,5,31
robotic,5,31
stanford,5,31
strainer,5,31
subthalamic,5,31
tadalafil,5,31
tinctoria,5,31
tinctorius,5,31
trimethadione,5,31
wiring,5,31
yi,5,31
amitrole,5,30
antiparasitic,5,30
aromaticum,5,30
baccharis,5,30
broussonetia,5,30
callithrix,5,30
clopidol,5,30
collaborative,5,30
costus,5,30
crista,5,30
ctc,5,30
dan,5,30
dianion,5,30
dichlorvos,5,30
dimercaprol,5,30
directly,5,30
disulfoton,5,30
electrolytes,5,30
emulsifying,5,30
enflurane,5,30
ethoxyquin,5,30
eyebrows,5,30
fonofos,5,30
glipizide,5,30
guest,5,30
hexamethylene,5,30
infantum,5,30
intercalated,5,30
isoflurane,5,30
laurus,5,30
libido,5,30
linuron,5,30
lumbricoides,5,30
miner's,5,30
molasses,5,30
moore,5,30
msa,5,30
multilocularis,5,30
nitrates,5,30
omasum,5,30
oxyclozanide,5,30
pam,5,30
papular,5,30
paraldehyde,5,30
phenols,5,30
phosmet,5,30
phosphamidon,5,30
propylthiouracil,5,30
prt,5,30
pygmy,5,30
pyrrolizidine,5,30
qs,5,30
quaking,5,30
quinoa,5,30
rafoxanide,5,30
salina,5,30
spacecraft,5,30
sternoclavicular,5,30
streptobacillus,5,30
stretching,5,30
taylor,5,30
tetrahydrobiopterin,5,30
tolazamide,5,30
trichlormethiazide,5,30
yogurt,5,30
abductor,5,29
acetamides,5,29
acinonyx,5,29
acromioclavicular,5,29
acromion,5,29
acylcarnitine,5,29
albumen,5,29
antitussive,5,29
benjamin,5,29
benzoates,5,29
bib,5,29
cantharidin,5,29
cathode,5,29
commissural,5,29
dying,5,29
furans,5,29
indexing,5,29
indoles,5,29
masters,5,29
matched,5,29
methylhistidine,5,29
mevinphos,5,29
myrtus,5,29
next,5,29
nobilis,5,29
odorata,5,29
platanus,5,29
plectranthus,5,29
postage,5,29
preserved,5,29
propoxyphene,5,29
pyridines,5,29
revision,5,29
salicylates,5,29
santalum,5,29
sitosterol,5,29
sketch,5,29
spirillum,5,29
spoke,5,29
swinging,5,29
taeda,5,29
transgender,5,29
triquetrum,5,29
vt,5,29
accessibility,5,28
agonistic,5,28
alveolus,5,28
anther,5,28
archaea,5,28
asimina,5,28
backing,5,28
bisulfite,5,28
bola,5,28
breve,5,28
cajal,5,28
cask,5,28
charges,5,28
collector,5,28
convalescent,5,28
cpi,5,28
cupping,5,28
directory,5,28
dynein,5,28
ethmoidal,5,28
exigua,5,28
gk,5,28
governmental,5,28
grapevine,5,28
guideline,5,28
hematocrit,5,28
hydroxytoluene,5,28
lactiferous,5,28
lt,5,28
lx,5,28
macrocarpa,5,28
mda,5,28
mesencephalon,5,28
mexicanus,5,28
pac,5,28
pacinian,5,28
paradisi,5,28
pedicle,5,28
physicochemical,5,28
putty,5,28
rapeseed,5,28
rhombencephalon,5,28
salamander,5,28
sanctum,5,28
solder,5,28
sparrow,5,28
supplements,5,28
sw,5,28
thermography,5,28
warmer,5,28
wheezing,5,28
xk,5,28
acipenser,5,27
advice,5,27
als,5,27
apb,5,27
author,5,27
ave,5,27
bundles,5,27
bur,5,27
cbr,5,27
clapper,5,27
cockroach,5,27
dryness,5,27
ducks,5,27
echinata,5,27
electro,5,27
exploratory,5,27
grandiflora,5,27
heading,5,27
hemiptera,5,27
hemispheric,5,27
hemolysis,5,27
hermaphroditic,5,27
hopkins,5,27
hydroxyglutarate,5,27
lands,5,27
manifestations,5,27
marianum,5,27
mata,5,27
monroe,5,27
mounted,5,27
mulberry,5,27
pathogenic,5,27
phytate,5,27
poaceae,5,27
pulling,5,27
rehydration,5,27
reporter,5,27
reserves,5,27
ripening,5,27
rosaceae,5,27
salar,5,27
shoshone,5,27
sotho,5,27
spermatozoa,5,27
sts,5,27
tritici,5,27
vb,5,27
virion,5,27
acanthaceae,5,26
acanthocephala,5,26
amaranthaceae,5,26
amusement,5,26
arecaceae,5,26
bicycling,5,26
biotechnology,5,26
brachyura,5,26
bryozoa,5,26
californicus,5,26
caryophyllales,5,26
child's,5,26
chlorophyta,5,26
combretaceae,5,26
corset,5,26
criticism,5,26
crp,5,26
cupressaceae,5,26
cyclopia,5,26
dga,5,26
fingernail,5,26
formosa,5,26
generating,5,26
globin,5,26
hairpin,5,26
heller,5,26
infraorbital,5,26
intracerebral,5,26
kelp,5,26
lamiaceae,5,26
marked,5,26
mesothelium,5,26
myrtales,5,26
necked,5,26
pcm,5,26
plasmin,5,26
presenting,5,26
profundus,5,26
ration,5,26
resist,5,26
retard,5,26
rosales,5,26
scaffold,5,26
sealed,5,26
sexuality,5,26
shrew,5,26
solanaceae,5,26
speckle,5,26
tibialis,5,26
tracheophyta,5,26
translocase,5,26
tubing,5,26
um,5,26
unified,5,26
ursus,5,26
warrant,5,26
actinoid,5,25
astrocytic,5,25
avoidance,5,25
banquet,5,25
canescens,5,25
carassius,5,25
choctaw,5,25
crocidolite,5,25
cyclamate,5,25
cypermethrin,5,25
dammar,5,25
decimal,5,25
enjoyment,5,25
enteritidis,5,25
eve,5,25
exostosis,5,25
farmer,5,25
fringed,5,25
gastro,5,25
geophysical,5,25
guaiac,5,25
heinz,5,25
henselae,5,25
hydrographic,5,25
irreversible,5,25
jo,5,25
laughter,5,25
luteola,5,25
lyssavirus,5,25
mackerel,5,25
mh,5,25
mountaineering,5,25
organically,5,25
oxyphil,5,25
pala,5,25
paraguariensis,5,25
periosteal,5,25
phosgene,5,25
pratense,5,25
pregnant,5,25
priority,5,25
procera,5,25
remember,5,25
reptiles,5,25
sept,5,25
simpson,5,25
slat,5,25
smokeless,5,25
snp,5,25
tal,5,25
telluric,5,25
trades,5,25
tuning,5,25
vasectomy,5,25
vernacular,5,25
wright,5,25
acanthus,5,24
acetylsalicylate,5,24
anoplura,5,24
anthozoa,5,24
anxiolytic,5,24
apg,5,24
arachnida,5,24
ark,5,24
azane,5,24
barge,5,24
beans,5,24
boring,5,24
cephalopoda,5,24
cercopithecidae,5,24
col,5,24
comet,5,24
compassionate,5,24
corporal,5,24
cowboy,5,24
crater,5,24
determined,5,24
dk,5,24
dram,5,24
drosophilidae,5,24
euchromatin,5,24
favorable,5,24
genitalium,5,24
germanica,5,24
grooving,5,24
heteroptera,5,24
hua,5,24
hydroxykynurenine,5,24
laid,5,24
lea,5,24
lightening,5,24
lottery,5,24
macropodidae,5,24
madagascariensis,5,24
magi,5,24
marbles,5,24
menadione,5,24
microvillus,5,24
milestone,5,24
mpeg,5,24
notched,5,24
observer,5,24
orthoptera,5,24
platyrrhini,5,24
porifera,5,24
procyonidae,5,24
proteomics,5,24
recipient,5,24
ribbed,5,24
scute,5,24
sempervirens,5,24
sibirica,5,24
siphonaptera,5,24
sirenia,5,24
slamf,5,24
sorbic,5,24
spatula,5,24
spoken,5,24
sy,5,24
translucency,5,24
tre,5,24
viverridae,5,24
vk,5,24
watt,5,24
yao,5,24
absorbent,5,23
abundant,5,23
aft,5,23
autopsy,5,23
bibliographic,5,23
bonded,5,23
bounded,5,23
bumper,5,23
caerulea,5,23
caster,5,23
cellophane,5,23
ciliata,5,23
colubridae,5,23
coptic,5,23
cove,5,23
cows,5,23
cpt,5,23
cyprinidae,5,23
decahydrate,5,23
deoxycortisol,5,23
disinfection,5,23
dysphasia,5,23
editor,5,23
emg,5,23
expanding,5,23
ext,5,23
fenestration,5,23
gadiformes,5,23
guild,5,23
helm,5,23
holes,5,23
incendiary,5,23
lit,5,23
lymphangiectasia,5,23
metropolitan,5,23
mezzo,5,23
morhua,5,23
palette,5,23
papaya,5,23
pendula,5,23
perciformes,5,23
permafrost,5,23
pipidae,5,23
pomo,5,23
precordial,5,23
preeclampsia,5,23
psittaciformes,5,23
reticulocytes,5,23
salamandridae,5,23
scd,5,23
serotonergic,5,23
suite,5,23
survivor,5,23
sx,5,23
terrorist,5,23
tied,5,23
tourist,5,23
tracheotomy,5,23
urchin,5,23
urn,5,23
walton,5,23
wearable,5,23
abutment,5,22
acetylglutamate,5,22
billiards,5,22
buttermilk,5,22
cautery,5,22
cbs,5,22
cider,5,22
cingulum,5,22
convolution,5,22
dispersive,5,22
dysregulation,5,22
episcopal,5,22
fuchsin,5,22
gulo,5,22
hba,5,22
hippuric,5,22
holmes,5,22
hound,5,22
incision,5,22
iodotyrosine,5,22
leucinate,5,22
linearis,5,22
lobed,5,22
loops,5,22
lpa,5,22
mailing,5,22
mak,5,22
margarine,5,22
maritimus,5,22
marmorata,5,22
methylglutaconic,5,22
minister,5,22
mitigation,5,22
multinucleated,5,22
nhs,5,22
nitrosoguanidine,5,22
obtusa,5,22
omphalocele,5,22
overlay,5,22
polyclonal,5,22
purging,5,22
quintana,5,22
ragweed,5,22
reovirus,5,22
rostrata,5,22
salmoniformes,5,22
silky,5,22
sponsored,5,22
sprint,5,22
steamer,5,22
steatosis,5,22
stereoscopic,5,22
swab,5,22
synthesizer,5,22
tetraodontiformes,5,22
theme,5,22
thermoplastic,5,22
troy,5,22
unnecessary,5,22
vegetarian,5,22
ventilatory,5,22
verticillata,5,22
administrator,5,21
akinesia,5,21
alive,5,21
birthing,5,21
blocked,5,21
bromate,5,21
centralized,5,21
chalcogen,5,21
conveyor,5,21
creeper,5,21
cumberland,5,21
diplomacy,5,21
dipper,5,21
dv,5,21
eurotiales,5,21
firmicutes,5,21
fruiting,5,21
frying,5,21
fuchs,5,21
gab,5,21
garrison,5,21
gods,5,21
hf,5,21
inclined,5,21
kaposi's,5,21
knockdown,5,21
macro,5,21
manufacture,5,21
menarche,5,21
michael,5,21
mouthpiece,5,21
mycoplasmataceae,5,21
operated,5,21
ounce,5,21
padi,5,21
pei,5,21
petrol,5,21
pima,5,21
pitt,5,21
playground,5,21
polyurethane,5,21
qing,5,21
ripe,5,21
scenic,5,21
shawl,5,21
silvestris,5,21
sisal,5,21
socioeconomic,5,21
spirillaceae,5,21
titration,5,21
vegan,5,21
villa,5,21
accent,5,20
aleut,5,20
ancillary,5,20
anilide,5,20
arborea,5,20
argus,5,20
authorized,5,20
bacteriology,5,20
baptist,5,20
brandy,5,20
buggy,5,20
burned,5,20
butler,5,20
carcass,5,20
chloramine,5,20
clivus,5,20
conch,5,20
couch,5,20
craving,5,20
d',5,20
decisions,5,20
decontamination,5,20
deed,5,20
densitometry,5,20
derby,5,20
desorption,5,20
destructive,5,20
diencephalic,5,20
dignity,5,20
discolor,5,20
dorsum,5,20
erythroblasts,5,20
exceptional,5,20
fax,5,20
ferrite,5,20
framed,5,20
giganteus,5,20
grammar,5,20
heroic,5,20
hittite,5,20
hyaluronate,5,20
inermis,5,20
introduction,5,20
irritation,5,20
lacunae,5,20
lancet,5,20
lapis,5,20
latino,5,20
masculine,5,20
meteorology,5,20
nanotechnology,5,20
obscura,5,20
papyrus,5,20
paschal,5,20
pieris,5,20
polypyrrole,5,20
pumila,5,20
sari,5,20
sclerotium,5,20
setup,5,20
sitka,5,20
sluice,5,20
sorption,5,20
sovereign,5,20
subungual,5,20
supercritical,5,20
terazosin,5,20
thc,5,20
theoretical,5,20
tung,5,20
unfavorable,5,20
vesical,5,20
xanthoma,5,20
acetabular,5,19
alloisoleucine,5,19
amara,5,19
answering,5,19
asa,5,19
blessed,5,19
blower,5,19
boiled,5,19
cal,5,19
carnea,5,19
catalogue,5,19
cervus,5,19
clade,5,19
comprehension,5,19
cornuta,5,19
cristatus,5,19
darning,5,19
deception,5,19
decidual,5,19
diastema,5,19
differences,5,19
diplegia,5,19
disgust,5,19
dory,5,19
electrolysis,5,19
epithelioma,5,19
esculentus,5,19
evaporation,5,19
exopolysaccharide,5,19
exoskeleton,5,19
hughes,5,19
hurricane,5,19
hydrogenated,5,19
hypothesis,5,19
incarceration,5,19
jay,5,19
kiowa,5,19
markov,5,19
methylglutaric,5,19
myeloblast,5,19
necklace,5,19
nepheline,5,19
partridge,5,19
pepo,5,19
polyatomic,5,19
pon,5,19
porcupine,5,19
pounds,5,19
premium,5,19
provisional,5,19
pulcherrima,5,19
refrigerator,5,19
reign,5,19
rhinoceros,5,19
seedling,5,19
select,5,19
sheer,5,19
shifting,5,19
singular,5,19
subsequent,5,19
syne,5,19
unmyelinated,5,19
warping,5,19
weighing,5,19
workflow,5,19
wounding,5,19
again,5,18
antenatal,5,18
antidepressant,5,18
arcade,5,18
autoradiography,5,18
bilge,5,18
bruising,5,18
buster,5,18
caballus,5,18
calibration,5,18
carnation,5,18
carpinus,5,18
casual,5,18
cleat,5,18
craniocervical,5,18
cremation,5,18
detective,5,18
developer,5,18
ferroptosis,5,18
gopher,5,18
gritty,5,18
guan,5,18
harrow,5,18
hawthorn,5,18
humilis,5,18
intersex,5,18
kinin,5,18
macropus,5,18
mdp,5,18
metabolites,5,18
miao,5,18
micrometer,5,18
nog,5,18
oligodontia,5,18
optimization,5,18
optometry,5,18
ordinal,5,18
ovata,5,18
packaged,5,18
pelagic,5,18
photometry,5,18
phylogenetic,5,18
pizza,5,18
postprandial,5,18
potawatomi,5,18
princess,5,18
rates,5,18
reminder,5,18
roberts,5,18
rotated,5,18
rotating,5,18
sami,5,18
sampler,5,18
scouring,5,18
snipe,5,18
solids,5,18
stewart,5,18
supernatant,5,18
suspensory,5,18
symbolism,5,18
tipped,5,18
topographical,5,18
vernalis,5,18
wand,5,18
wit,5,18
aneuploidy,5,17
angora,5,17
arabica,5,17
attractive,5,17
bacteriological,5,17
beau,5,17
beeswax,5,17
belief,5,17
braun,5,17
browser,5,17
calcaneal,5,17
caller,5,17
celtis,5,17
cloister,5,17
concertina,5,17
dai,5,17
delinquency,5,17
dietetics,5,17
dog's,5,17
dotted,5,17
dravidian,5,17
duplicated,5,17
emperor,5,17
endangered,5,17
epicardium,5,17
epiglottic,5,17
erythropoiesis,5,17
established,5,17
falx,5,17
finch,5,17
flannel,5,17
floret,5,17
frustration,5,17
gallon,5,17
gda,5,17
gesture,5,17
glycolysis,5,17
goals,5,17
graded,5,17
haemorrhagic,5,17
handled,5,17
heterogeneity,5,17
hexosamine,5,17
hus,5,17
hydroxyisobutyric,5,17
ida,5,17
ik,5,17
insight,5,17
instillation,5,17
isoprenoid,5,17
jib,5,17
keeping,5,17
lactoglobulin,5,17
lien,5,17
lined,5,17
majora,5,17
mam,5,17
medialis,5,17
mention,5,17
menu,5,17
monocalcium,5,17
monoplegia,5,17
moot,5,17
myeloperoxidase,5,17
nai,5,17
nipa,5,17
oculi,5,17
older,5,17
orbicularis,5,17
osteodystrophy,5,17
parasol,5,17
pasta,5,17
pectin,5,17
phenothrin,5,17
photochemistry,5,17
polyvalent,5,17
princeps,5,17
productive,5,17
propelled,5,17
purulent,5,17
python,5,17
quadruplet,5,17
remover,5,17
ren,5,17
renewable,5,17
returns,5,17
ry,5,17
sanitation,5,17
saxatilis,5,17
slight,5,17
smegma,5,17
smp,5,17
splat,5,17
strategies,5,17
stridor,5,17
subphylum,5,17
subway,5,17
sugarcane,5,17
swift,5,17
tate,5,17
thap,5,17
torres,5,17
ulcers,5,17
usb,5,17
vanadate,5,17
velutina,5,17
victory,5,17
vicugna,5,17
voodoo,5,17
wyoming,5,17
agglomerate,5,16
alpaca,5,16
ampullary,5,16
anaesthesia,5,16
asset,5,16
assets,5,16
assistive,5,16
astaxanthin,5,16
authentication,5,16
baker,5,16
bedroom,5,16
blurred,5,16
borer,5,16
broccoli,5,16
bulbus,5,16
bulletin,5,16
camphoric,5,16
cartoon,5,16
cheer,5,16
collins,5,16
controller,5,16
convulsion,5,16
cordata,5,16
cowpea,5,16
crooked,5,16
damask,5,16
declaration,5,16
demolition,5,16
distributor,5,16
dredge,5,16
externus,5,16
fam,5,16
fellowship,5,16
filet,5,16
flock,5,16
gametogenesis,5,16
geologic,5,16
hcfc,5,16
hemi,5,16
homicide,5,16
integer,5,16
locker,5,16
longevity,5,16
lsd,5,16
lyra,5,16
margins,5,16
matte,5,16
medius,5,16
midface,5,16
minora,5,16
mitt,5,16
mod,5,16
monocarboxylate,5,16
morse,5,16
motorized,5,16
muffin,5,16
naphtha,5,16
neb,5,16
nuda,5,16
opposition,5,16
organogenesis,5,16
parker,5,16
pitching,5,16
plod,5,16
pom,5,16
praecox,5,16
pressurized,5,16
prom,5,16
receptacle,5,16
responses,5,16
saccular,5,16
santee,5,16
sat,5,16
scapulae,5,16
seated,5,16
seawater,5,16
shan,5,16
sla,5,16
slowly,5,16
smock,5,16
sphenoidal,5,16
stakeholder,5,16
suberic,5,16
superioris,5,16
supination,5,16
tariff,5,16
teach,5,16
thumbs,5,16
tightness,5,16
timeline,5,16
trac,5,16
tractor,5,16
trochanter,5,16
tuscan,5,16
vape,5,16
vert,5,16
vietnam,5,16
yawning,5,16
zi,5,16
adenosis,5,15
allowance,5,15
amish,5,15
antidote,5,15
arapaho,5,15
argument,5,15
arrays,5,15
atn,5,15
attendant,5,15
availability,5,15
beaten,5,15
benzylpenicillin,5,15
braille,5,15
brotherhood,5,15
butylhydroquinone,5,15
carbonaceous,5,15
catastrophic,5,15
catcher,5,15
cinchonine,5,15
coco,5,15
compressive,5,15
cyanoguanidine,5,15
cym,5,15
descend,5,15
dipole,5,15
discourse,5,15
doc,5,15
dormancy,5,15
elaeis,5,15
encapsulating,5,15
eosin,5,15
est,5,15
flooding,5,15
fo,5,15
footprint,5,15
fullerene,5,15
galloway,5,15
garter,5,15
geiger,5,15
gip,5,15
glufosinate,5,15
gma,5,15
gon,5,15
grill,5,15
guttural,5,15
hai,5,15
haplotype,5,15
hart,5,15
herniation,5,15
hint,5,15
hydroxycortisol,5,15
hypermedia,5,15
iberian,5,15
incidental,5,15
indefinite,5,15
johns,5,15
ke,5,15
kennedy,5,15
lactosylceramide,5,15
lesbian,5,15
linum,5,15
lorraine,5,15
lv,5,15
marginalis,5,15
marshal,5,15
menziesii,5,15
microcytic,5,15
ming,5,15
mit,5,15
monastic,5,15
moschata,5,15
necessary,5,15
nigripes,5,15
nit,5,15
obligations,5,15
obsolete,5,15
odocoileus,5,15
osmolarity,5,15
pallet,5,15
predatory,5,15
proanthocyanidin,5,15
pur,5,15
quartet,5,15
quotient,5,15
raisin,5,15
regenerating,5,15
regime,5,15
represent,5,15
reuse,5,15
rhubarb,5,15
rubens,5,15
runaway,5,15
sepiapterin,5,15
siris,5,15
soya,5,15
spectra,5,15
spraying,5,15
stamen,5,15
tallow,5,15
tamarix,5,15
telling,5,15
tenuifolia,5,15
trailing,5,15
trained,5,15
twice,5,15
volcano,5,15
washed,5,15
weeping,5,15
wetland,5,15
ambiguus,5,14
anniversary,5,14
annulene,5,14
attitudes,5,14
avalanche,5,14
barcelona,5,14
becker,5,14
berries,5,14
betel,5,14
bioluminescence,5,14
blastemal,5,14
bois,5,14
buckwheat,5,14
caddo,5,14
candidum,5,14
caterpillar,5,14
compilation,5,14
concha,5,14
coniferous,5,14
cornu,5,14
courtesy,5,14
crispus,5,14
cub,5,14
czechoslovakia,5,14
danger,5,14
decubitus,5,14
dentata,5,14
dichloropropene,5,14
digger,5,14
digitata,5,14
divergens,5,14
douche,5,14
duster,5,14
efavirenz,5,14
electromechanical,5,14
excursion,5,14
extraordinary,5,14
ferox,5,14
fingertip,5,14
flagellated,5,14
flak,5,14
florid,5,14
formative,5,14
fuchsia,5,14
gorge,5,14
hag,5,14
heterophylla,5,14
heterosexuality,5,14
hopi,5,14
hypophosphite,5,14
inline,5,14
jamaicensis,5,14
jewellery,5,14
justification,5,14
kashmir,5,14
kinetics,5,14
leon,5,14
liothyronine,5,14
mercantile,5,14
monodon,5,14
monster,5,14
monthly,5,14
multipurpose,5,14
nasi,5,14
nib,5,14
novelty,5,14
nozzle,5,14
oas,5,14
oasis,5,14
obsidian,5,14
olefin,5,14
oracle,5,14
pheasant,5,14
phlogopite,5,14
polarized,5,14
polychromatophilic,5,14
ppm,5,14
precentral,5,14
predominance,5,14
privatization,5,14
pyridinoline,5,14
racemic,5,14
reconstructive,5,14
retardant,5,14
rima,5,14
rutherford,5,14
sacks,5,14
sahara,5,14
sandal,5,14
scattered,5,14
secondhand,5,14
securities,5,14
serosal,5,14
shouldered,5,14
sila,5,14
ska,5,14
stabilizing,5,14
sticker,5,14
superiority,5,14
syphilitic,5,14
tecta,5,14
terminated,5,14
terry,5,14
theorem,5,14
tokyo,5,14
tropane,5,14
truncatus,5,14
ural,5,14
viride,5,14
vista,5,14
zig,5,14
achievement,5,13
acromelic,5,13
adar,5,13
aldohexose,5,13
artemisinin,5,13
asl,5,13
assign,5,13
authorities,5,13
barbecue,5,13
bedside,5,13
blackfoot,5,13
blinking,5,13
breasts,5,13
bubalus,5,13
bustle,5,13
casino,5,13
causing,5,13
cavum,5,13
chordate,5,13
cicatricial,5,13
cinch,5,13
cinder,5,13
circumscribed,5,13
comanche,5,13
committed,5,13
confidential,5,13
contorta,5,13
convection,5,13
coop,5,13
counts,5,13
cutoff,5,13
cypriot,5,13
dear,5,13
desktop,5,13
ding,5,13
dinitrogen,5,13
dissolution,5,13
draining,5,13
dumps,5,13
eater,5,13
ern,5,13
esmolol,5,13
eviction,5,13
facsimile,5,13
fetish,5,13
formulary,5,13
frankfurt,5,13
fulgens,5,13
galilean,5,13
glaucum,5,13
globulus,5,13
greens,5,13
gull,5,13
harding,5,13
het,5,13
hilus,5,13
immaterial,5,13
impossible,5,13
jail,5,13
jenny,5,13
kaki,5,13
kilometer,5,13
labile,5,13
laughing,5,13
lek,5,13
liaison,5,13
lux,5,13
mach,5,13
madrid,5,13
mammoth,5,13
manta,5,13
mongolia,5,13
muff,5,13
mustache,5,13
ning,5,13
northwestern,5,13
obstructed,5,13
occiput,5,13
oneida,5,13
orthodoxy,5,13
orthogonal,5,13
osmosis,5,13
oxaloacetate,5,13
oxoadipic,5,13
pathogenesis,5,13
pericentral,5,13
periodical,5,13
petersburg,5,13
phocomelia,5,13
pirate,5,13
placebo,5,13
polyploidy,5,13
proerythroblast,5,13
progestin,5,13
prs,5,13
pyrolysis,5,13
rayon,5,13
regret,5,13
retractor,5,13
ribotide,5,13
ripping,5,13
rosebud,5,13
rosy,5,13
ruling,5,13
savory,5,13
seine,5,13
shelled,5,13
sherman,5,13
shona,5,13
shroud,5,13
skill,5,13
skinned,5,13
solving,5,13
spencer,5,13
superba,5,13
superficialis,5,13
teton,5,13
then,5,13
thresholds,5,13
tok,5,13
toothbrush,5,13
totality,5,13
trophy,5,13
utah,5,13
waltz,5,13
weasel,5,13
winnebago,5,13
accept,5,12
ages,5,12
alae,5,12
allow,5,12
amendments,5,12
appreciation,5,12
aquarium,5,12
aran,5,12
awake,5,12
bast,5,12
bergamot,5,12
bole,5,12
bottoms,5,12
bowie,5,12
brat,5,12
burton,5,12
calculator,5,12
campesterol,5,12
capitalist,5,12
cardigan,5,12
caryophyllus,5,12
centripetal,5,12
cervicis,5,12
chevron,5,12
chicory,5,12
conic,5,12
conifer,5,12
conjoined,5,12
contain,5,12
convert,5,12
corticomedullary,5,12
cyfluthrin,5,12
das,5,12
davenport,5,12
decurrens,5,12
degraded,5,12
detomidine,5,12
doctoral,5,12
dug,5,12
eighteen,5,12
elephas,5,12
eng,5,12
epiphany,5,12
erythematous,5,12
excavatum,5,12
females,5,12
formica,5,12
frail,5,12
frontier,5,12
functionality,5,12
funny,5,12
gala,5,12
glyceride,5,12
grandmother,5,12
guiana,5,12
guineensis,5,12
handedness,5,12
hydrostatic,5,12
ibr,5,12
idaho,5,12
inductance,5,12
isocyanic,5,12
itaconic,5,12
itk,5,12
jaeger,5,12
khaya,5,12
khk,5,12
klein,5,12
lanatus,5,12
landmark,5,12
landscaping,5,12
leaden,5,12
liquorice,5,12
ltd,5,12
luna,5,12
mafa,5,12
mayo,5,12
meaning,5,12
mohave,5,12
myopathic,5,12
nbn,5,12
nik,5,12
norpropoxyphene,5,12
nsaid,5,12
obscure,5,12
operate,5,12
organochlorine,5,12
outgrowth,5,12
oxyphencyclimine,5,12
pawnee,5,12
payments,5,12
perborate,5,12
periocular,5,12
phenthoate,5,12
phoebe,5,12
pinion,5,12
pinwheel,5,12
piperocaine,5,12
platte,5,12
polyol,5,12
possum,5,12
proceedings,5,12
protoplasmic,5,12
readable,5,12
romani,5,12
ron,5,12
roses,5,12
rotundus,5,12
rudimentary,5,12
runoff,5,12
salute,5,12
scraping,5,12
separated,5,12
skateboarding,5,12
skater,5,12
sorbian,5,12
spinosus,5,12
spud,5,12
subclinical,5,12
superorder,5,12
supplementation,5,12
sussex,5,12
tagging,5,12
tame,5,12
taxes,5,12
tora,5,12
trois,5,12
ugandan,5,12
unresponsive,5,12
uva,5,12
vanity,5,12
vermicularis,5,12
vitriol,5,12
waver,5,12
yavapai,5,12
zoological,5,12
according,5,11
accretion,5,11
admixture,5,11
aj,5,11
akan,5,11
aquila,5,11
aryan,5,11
aryepiglottic,5,11
attend,5,11
basso,5,11
behavioural,5,11
biostatistics,5,11
branding,5,11
bruise,5,11
bulletproof,5,11
calvary,5,11
campeche,5,11
capitalism,5,11
capitulum,5,11
capreolus,5,11
carbendazim,5,11
cardinalis,5,11
carpio,5,11
carprofen,5,11
catechu,5,11
chaser,5,11
cheat,5,11
civilian,5,11
coinage,5,11
communicate,5,11
contest,5,11
copaiba,5,11
cur,5,11
darwin,5,11
dealbata,5,11
denatured,5,11
depigmentation,5,11
desperate,5,11
diaspora,5,11
diepoxybutane,5,11
douglasii,5,11
dulce,5,11
eighteenth,5,11
ems,5,11
enabling,5,11
epiphora,5,11
erionite,5,11
fade,5,11
fibrinolysis,5,11
fictitious,5,11
finisher,5,11
flunixin,5,11
fourteen,5,11
frontoparietal,5,11
funiculus,5,11
futures,5,11
gargle,5,11
glide,5,11
graduation,5,11
grasshopper,5,11
gridiron,5,11
hematochezia,5,11
hsd,5,11
huron,5,11
hydrogenphosphate,5,11
hypoxemia,5,11
iceberg,5,11
infinite,5,11
innominate,5,11
insured,5,11
interpretive,5,11
intralobular,5,11
isobutylene,5,11
julian,5,11
kickapoo,5,11
kodiak,5,11
kos,5,11
laminate,5,11
lazarus,5,11
lazuli,5,11
lighten,5,11
litigation,5,11
malleolus,5,11
manchester,5,11
maxi,5,11
mercurous,5,11
methylbutyryl,5,11
midwestern,5,11
ministry,5,11
mirage,5,11
miwok,5,11
moccasin,5,11
mononeuropathy,5,11
myxiniformes,5,11
nagoya,5,11
nasogastric,5,11
nefazodone,5,11
nineteenth,5,11
orca,5,11
oxidizing,5,11
papa,5,11
paramyxovirus,5,11
pardon,5,11
parieto,5,11
penguin,5,11
penobscot,5,11
periderm,5,11
periphery,5,11
phenyltoloxamine,5,11
photogenic,5,11
picric,5,11
plica,5,11
pockets,5,11
polygenic,5,11
ponca,5,11
procyon,5,11
pungens,5,11
pupal,5,11
resurrection,5,11
rhea,5,11
rudiment,5,11
rummy,5,11
sae,5,11
santos,5,11
sax,5,11
schmidt,5,11
scissor,5,11
searching,5,11
shad,5,11
sisters,5,11
snooker,5,11
sorbate,5,11
stacked,5,11
sticking,5,11
straits,5,11
strangulation,5,11
sui,5,11
takeoff,5,11
tenement,5,11
textual,5,11
tort,5,11
tripolyphosphate,5,11
tunisian,5,11
turbinate,5,11
turnout,5,11
twisted,5,11
viewer,5,11
virginicus,5,11
watercress,5,11
watershed,5,11
abalone,5,10
abscission,5,10
albite,5,10
algonquian,5,10
alike,5,10
alizarine,5,10
amy,5,10
andrew's,5,10
anhidrosis,5,10
anthophyllite,5,10
appropriation,5,10
arundinacea,5,10
asking,5,10
aso,5,10
attending,5,10
autofluorescence,5,10
axillaris,5,10
azinphos,5,10
binomial,5,10
bloat,5,10
bloc,5,10
blonde,5,10
boxer,5,10
braid,5,10
bremen,5,10
brucine,5,10
burke,5,10
bye,5,10
byte,5,10
cajan,5,10
caproic,5,10
causal,5,10
cembra,5,10
chameleon,5,10
chesapeake,5,10
chock,5,10
chromated,5,10
chromite,5,10
cloverleaf,5,10
codex,5,10
cognate,5,10
combustibility,5,10
confined,5,10
contracting,5,10
cooked,5,10
copulation,5,10
corolla,5,10
corsican,5,10
crohn's,5,10
crowd,5,10
cuttlefish,5,10
cyclobenzaprine,5,10
damaged,5,10
daub,5,10
davy,5,10
dewar,5,10
dichloromethane,5,10
diego,5,10
disciplinary,5,10
disorganization,5,10
dissociated,5,10
echidna,5,10
elizabethan,5,10
emilia,5,10
epicondylitis,5,10
eras,5,10
establish,5,10
eversion,5,10
excavation,5,10
excellence,5,10
expose,5,10
feasibility,5,10
fenamiphos,5,10
fez,5,10
finno,5,10
fitted,5,10
floribunda,5,10
fluke,5,10
foliation,5,10
forbidden,5,10
forum,5,10
fours,5,10
fulminant,5,10
glabella,5,10
glossary,5,10
grapes,5,10
gravitation,5,10
grin,5,10
groundnut,5,10
guarantee,5,10
haida,5,10
hampton,5,10
hercules,5,10
hydrolysate,5,10
hypotensive,5,10
iba,5,10
intrapulmonary,5,10
invite,5,10
johnny,5,10
kendall,5,10
kern,5,10
knocker,5,10
kraft,5,10
lad,5,10
lamprey,5,10
laver,5,10
lethality,5,10
lipo,5,10
lite,5,10
loam,5,10
maidu,5,10
manoeuvre,5,10
meclofenamate,5,10
medullaris,5,10
metabisulfite,5,10
meteor,5,10
methoxide,5,10
metro,5,10
microcirculation,5,10
micturition,5,10
monoblast,5,10
morphea,5,10
mph,5,10
mung,5,10
nares,5,10
nasalis,5,10
naturalization,5,10
nauru,5,10
nestor,5,10
niagara,5,10
normandy,5,10
nutans,5,10
october,5,10
osteopathy,5,10
ovaries,5,10
oxbow,5,10
oxfendazole,5,10
ozark,5,10
palpebrae,5,10
pelican,5,10
periportal,5,10
perirenal,5,10
pirimiphos,5,10
pogo,5,10
polyoma,5,10
prey,5,10
prostacyclin,5,10
proximity,5,10
psychosexual,5,10
pts,5,10
punk,5,10
purl,5,10
pva,5,10
raiser,5,10
relish,5,10
remembrance,5,10
resonant,5,10
rhine,5,10
santo,5,10
satiety,5,10
seattle,5,10
seltzer,5,10
semantics,5,10
shining,5,10
sing,5,10
skipping,5,10
slim,5,10
spam,5,10
speciosus,5,10
spend,5,10
sphinx,5,10
spiked,5,10
stele,5,10
submit,5,10
sufi,5,10
sulfuryl,5,10
swarm,5,10
tara,5,10
thz,5,10
tnt,5,10
tol,5,10
topper,5,10
tornado,5,10
transversely,5,10
tricks,5,10
tswana,5,10
tule,5,10
turban,5,10
tympanum,5,10
ugly,5,10
univalent,5,10
update,5,10
urens,5,10
ute,5,10
waterproof,5,10
whitefish,5,10
wilkes,5,10
won,5,10
wrack,5,10
xanthophyll,5,10
yachting,5,10
zambian,5,10
absorb,5,9
aby,5,9
accommodate,5,9
acesulfame,5,9
acetyltyrosine,5,9
admittance,5,9
adobe,5,9
ailuropoda,5,9
amsterdam,5,9
ancestor,5,9
ancestry,5,9
animate,5,9
antagonistic,5,9
antler,5,9
ascent,5,9
bain,5,9
ballroom,5,9
biodegradation,5,9
biologically,5,9
bourgeois,5,9
bunamidine,5,9
butacaine,5,9
caesarean,5,9
carol,5,9
catchment,5,9
cheap,5,9
chiasma,5,9
clair,5,9
clastic,5,9
cms,5,9
confirm,5,9
consulting,5,9
corinth,5,9
corkscrew,5,9
couplet,5,9
crimp,5,9
crotch,5,9
cumin,5,9
cyclops,5,9
damascus,5,9
dangerous,5,9
dee,5,9
delhi,5,9
demerara,5,9
dihydrogenphosphate,5,9
distilled,5,9
domestication,5,9
drape,5,9
eggplant,5,9
elias,5,9
endocervix,5,9
endowment,5,9
equilateral,5,9
ethion,5,9
extractable,5,9
faecal,5,9
fist,5,9
fling,5,9
galician,5,9
gallant,5,9
galli,5,9
gee,5,9
gibberellic,5,9
gran,5,9
gravid,5,9
guam,5,9
guess,5,9
guyana,5,9
helena,5,9
hellenic,5,9
hobo,5,9
hoc,5,9
holographic,5,9
hoot,5,9
hypodermis,5,9
idea,5,9
inclusive,5,9
infernal,5,9
informational,5,9
intimacy,5,9
invert,5,9
jewels,5,9
kaffir,5,9
kenyan,5,9
klamath,5,9
koto,5,9
lacking,5,9
lei,5,9
likelihood,5,9
listing,5,9
luis,5,9
lut,5,9
macroeconomic,5,9
marching,5,9
marsupialis,5,9
martyr,5,9
math,5,9
maxim,5,9
meander,5,9
mistake,5,9
monacan,5,9
moose,5,9
morality,5,9
mottling,5,9
myrrh,5,9
negundo,5,9
nervousness,5,9
nkp,5,9
nobel,5,9
nonverbal,5,9
noose,5,9
nootka,5,9
novaehollandiae,5,9
onondaga,5,9
otoe,5,9
packed,5,9
panther,5,9
paraguayan,5,9
parana,5,9
patter,5,9
peasant,5,9
pectinate,5,9
perce,5,9
perk,5,9
phalloides,5,9
phascolarctos,5,9
pickled,5,9
placer,5,9
polio,5,9
polyphonic,5,9
powdery,5,9
powhatan,5,9
poxvirus,5,9
prefix,5,9
pretty,5,9
puebla,5,9
pyramidalis,5,9
pyroglutamic,5,9
quiescent,5,9
recognize,5,9
recommendation,5,9
recruit,5,9
ringed,5,9
sagittarius,5,9
sarcomere,5,9
savage,5,9
scalenus,5,9
sedentary,5,9
shaggy,5,9
sheepskin,5,9
shiner,5,9
shrinking,5,9
sigmodon,5,9
skagit,5,9
sow,5,9
spasmodic,5,9
statin,5,9
stout,5,9
straddle,5,9
strep,5,9
sumatran,5,9
suppressive,5,9
surety,5,9
taint,5,9
tangerine,5,9
tantalite,5,9
taos,5,9
taxol,5,9
teaspoon,5,9
tenancy,5,9
terbufos,5,9
thawing,5,9
tiller,5,9
titan,5,9
tos,5,9
tot,5,9
tote,5,9
tremuloides,5,9
tuscarora,5,9
typha,5,9
tzu,5,9
universe,5,9
urbanization,5,9
vane,5,9
velum,5,9
virginianus,5,9
voter,5,9
vox,5,9
voyage,5,9
wager,5,9
whitney,5,9
whorled,5,9
wisp,5,9
wobble,5,9
yale,5,9
za,5,9
zanzibar,5,9
adventitious,5,8
airflow,5,8
alberta,5,8
aleppo,5,8
alleghaniensis,5,8
altaic,5,8
ameloblast,5,8
anlage,5,8
anthropometry,5,8
aquarius,5,8
archangel,5,8
archeological,5,8
azurite,5,8
balsamea,5,8
balsamifera,5,8
basale,5,8
beats,5,8
bellow,5,8
berkeley,5,8
betulus,5,8
biconcave,5,8
bidirectional,5,8
bight,5,8
bilingual,5,8
biometry,5,8
bioresmethrin,5,8
bleed,5,8
blockage,5,8
bosnian,5,8
boson,5,8
bougainville,5,8
brave,5,8
brewery,5,8
bunt,5,8
butte,5,8
buying,5,8
candelilla,5,8
capitatum,5,8
capo,5,8
capuchin,5,8
carvacrol,5,8
ccc,5,8
chambered,5,8
checking,5,8
cheddar,5,8
chipewyan,5,8
chlordane,5,8
christianity,5,8
closantel,5,8
cloudy,5,8
clubbing,5,8
cobb,5,8
cockscomb,5,8
colonialism,5,8
confinement,5,8
contaminant,5,8
convexity,5,8
convey,5,8
cro,5,8
crumpled,5,8
cystoid,5,8
dane,5,8
dangle,5,8
depiction,5,8
developmentally,5,8
disagreement,5,8
discriminant,5,8
disorientation,5,8
drooping,5,8
dysgraphia,5,8
eclectic,5,8
elastica,5,8
elixir,5,8
eritrea,5,8
ethylenediaminetetraacetic,5,8
excessively,5,8
faggot,5,8
falkland,5,8
faroese,5,8
fenugreek,5,8
fluorapatite,5,8
formetanate,5,8
gaussian,5,8
geo,5,8
graphical,5,8
grappling,5,8
graze,5,8
greyhound,5,8
grit,5,8
guadeloupe,5,8
hemicellulose,5,8
hexagonal,5,8
hippocastanum,5,8
hob,5,8
hobnail,5,8
holland,5,8
homogeneous,5,8
horny,5,8
humanism,5,8
humming,5,8
hydrogenation,5,8
hydroxyisobutyryl,5,8
hypophysial,5,8
immobile,5,8
infants,5,8
inflexible,5,8
inserted,5,8
inspector,5,8
intercept,5,8
isofenphos,5,8
jargon,5,8
koi,5,8
kuwaiti,5,8
lam,5,8
legitimate,5,8
lemongrass,5,8
lombard,5,8
macho,5,8
mainland,5,8
manipulative,5,8
margarita,5,8
marines,5,8
matted,5,8
methodist,5,8
midland,5,8
millstone,5,8
minstrel,5,8
moldovan,5,8
monarch,5,8
montmorillonite,5,8
munda,5,8
myoid,5,8
namibian,5,8
nepali,5,8
nidus,5,8
npa,5,8
occitan,5,8
occupy,5,8
oglala,5,8
okinawa,5,8
omental,5,8
paprika,5,8
peaked,5,8
penalty,5,8
penetrate,5,8
pennsylvanica,5,8
pentagon,5,8
petechiae,5,8
photovoltaic,5,8
pilosebaceous,5,8
planner,5,8
pola,5,8
polling,5,8
pollutant,5,8
polyhedral,5,8
polyneuritis,5,8
powwow,5,8
precipitated,5,8
prn,5,8
propagate,5,8
proprioceptive,5,8
psilocin,5,8
putter,5,8
queens,5,8
ransom,5,8
rebate,5,8
recorded,5,8
recover,5,8
reflexive,5,8
reversion,5,8
rhombic,5,8
roughness,5,8
rustica,5,8
rutile,5,8
ryukyuan,5,8
saba,5,8
sawdust,5,8
scapulohumeral,5,8
schizophrenic,5,8
scrubland,5,8
senescent,5,8
senses,5,8
serbo,5,8
shading,5,8
sitar,5,8
slum,5,8
smudge,5,8
snub,5,8
soma,5,8
sombrero,5,8
sorb,5,8
sparkle,5,8
sparkling,5,8
spearmint,5,8
spinel,5,8
stachyose,5,8
standstill,5,8
stasis,5,8
subsidence,5,8
suffix,5,8
sula,5,8
sunlight,5,8
sway,5,8
swish,5,8
sync,5,8
tabasco,5,8
tablespoon,5,8
tadpole,5,8
tannin,5,8
tectal,5,8
telugu,5,8
tensin,5,8
testimonial,5,8
thermionic,5,8
threat,5,8
thrombocyte,5,8
tine,5,8
tinsel,5,8
tristearate,5,8
tunicata,5,8
tunicate,5,8
tupi,5,8
turgor,5,8
turks,5,8
twang,5,8
uma,5,8
unction,5,8
unsteady,5,8
uphill,5,8
upstairs,5,8
urocyon,5,8
valentine,5,8
vega,5,8
vesca,5,8
vex,5,8
virgo,5,8
vo,5,8
weary,5,8
wiener,5,8
wintun,5,8
witches',5,8
yorkshire,5,8
yuma,5,8
zhuang,5,8
abaca,5,7
abroad,5,7
acquire,5,7
adjunct,5,7
adopt,5,7
affair,5,7
agalactia,5,7
amicarbalide,5,7
anasarca,5,7
anisotropy,5,7
anorthite,5,7
antiemetic,5,7
apprehension,5,7
argyll,5,7
arise,5,7
aruba,5,7
augusta,5,7
austral,5,7
barefoot,5,7
barite,5,7
beaufort,5,7
blazer,5,7
boo,5,7
bosch,5,7
bouncing,5,7
bromic,5,7
bromophos,5,7
buccinator,5,7
buddy,5,7
burrow,5,7
caesarea,5,7
caliphate,5,7
camphorated,5,7
carve,5,7
castile,5,7
catabolism,5,7
catalysis,5,7
cephalopod,5,7
cereals,5,7
chaotic,5,7
chemiluminescence,5,7
chiton,5,7
christi,5,7
classifier,5,7
cleanup,5,7
cling,5,7
cloves,5,7
computation,5,7
condensing,5,7
confine,5,7
confluence,5,7
congolese,5,7
conk,5,7
coordinated,5,7
coquille,5,7
cordoba,5,7
corm,5,7
critique,5,7
cupid's,5,7
cyanogenic,5,7
cyprinid,5,7
damn,5,7
dapi,5,7
deflation,5,7
deltoides,5,7
deluge,5,7
dermatological,5,7
desiccation,5,7
designate,5,7
devils,5,7
dexter,5,7
diathesis,5,7
divan,5,7
doom,5,7
douse,5,7
droop,5,7
drown,5,7
drumstick,5,7
echinoidea,5,7
eden,5,7
elaborate,5,7
eminent,5,7
emphasis,5,7
endopterygota,5,7
espionage,5,7
evaporative,5,7
explorer,5,7
favourite,5,7
feminist,5,7
flatness,5,7
flattening,5,7
fluctuating,5,7
foaming,5,7
fodder,5,7
fumigant,5,7
fuzz,5,7
georgiana,5,7
girth,5,7
graeco,5,7
grapple,5,7
gras,5,7
greatest,5,7
grooves,5,7
headset,5,7
herero,5,7
hexacosanoic,5,7
hircus,5,7
hod,5,7
honeymoon,5,7
hoodoo,5,7
hops,5,7
hugger,5,7
hydroplane,5,7
hypo,5,7
hypoactive,5,7
hyposmia,5,7
idol,5,7
imperfect,5,7
inelastic,5,7
inferiority,5,7
inka,5,7
interlock,5,7
internment,5,7
irrational,5,7
jd,5,7
joggle,5,7
keystone,5,7
komi,5,7
kudu,5,7
leash,5,7
leyden,5,7
lgb,5,7
ligneous,5,7
lindane,5,7
liquefaction,5,7
lobes,5,7
loco,5,7
loosening,5,7
lou,5,7
majalis,5,7
malayo,5,7
males,5,7
manhattan,5,7
melanesia,5,7
mend,5,7
methamidophos,5,7
microcline,5,7
microorganism,5,7
mime,5,7
monopoly,5,7
morale,5,7
multiply,5,7
mummification,5,7
mush,5,7
nanticoke,5,7
nationalist,5,7
neighbor,5,7
nilotic,5,7
noir,5,7
oleoresin,5,7
organise,5,7
outfit,5,7
outrage,5,7
overlook,5,7
oxamyl,5,7
oxidising,5,7
pacos,5,7
pagan,5,7
palisade,5,7
paradigm,5,7
peas,5,7
pericarp,5,7
peril,5,7
perm,5,7
persona,5,7
pholidota,5,7
phonic,5,7
phoxim,5,7
pioneer,5,7
pirimicarb,5,7
pitter,5,7
ploidy,5,7
plutonic,5,7
predictor,5,7
pressor,5,7
proletarian,5,7
provence,5,7
punctatum,5,7
punic,5,7
pyromorphite,5,7
quadrangular,5,7
quadratic,5,7
quapaw,5,7
quechua,5,7
queue,5,7
quota,5,7
radiopaque,5,7
rationalization,5,7
rave,5,7
reflexion,5,7
reims,5,7
requisition,5,7
reticuloendothelial,5,7
reverberation,5,7
ridged,5,7
riff,5,7
rodeo,5,7
rook,5,7
salmonid,5,7
saltwater,5,7
sapporo,5,7
saskatchewan,5,7
savoy,5,7
scaphocephaly,5,7
scintillating,5,7
scoparius,5,7
screaming,5,7
scuff,5,7
scuffle,5,7
sheen,5,7
shrug,5,7
sleek,5,7
sleet,5,7
slump,5,7
smiling,5,7
snowboard,5,7
soften,5,7
souffle,5,7
spartan,5,7
spicatum,5,7
sprawl,5,7
stampede,5,7
sustainability,5,7
swot,5,7
sylvian,5,7
synergistic,5,7
tare,5,7
telogen,5,7
testudines,5,7
thiofanox,5,7
thracian,5,7
thrift,5,7
topi,5,7
turkic,5,7
turnaround,5,7
twig,5,7
undefined,5,7
ungual,5,7
unidirectional,5,7
unpaired,5,7
uruguayan,5,7
utopian,5,7
valdecoxib,5,7
valet,5,7
vanadinite,5,7
vitrification,5,7
voucher,5,7
wages,5,7
wallet,5,7
wallow,5,7
warmth,5,7
whim,5,7
whipplei,5,7
withers,5,7
xxiii,5,7
zircon,5,7
zirconia,5,7
abkhaz,5,6
acrididae,5,6
aerodynamic,5,6
afer,5,6
aggressiveness,5,6
aii,5,6
aires,5,6
albino,5,6
allegro,5,6
ally,5,6
altai,5,6
alternifolia,5,6
amerind,5,6
aminocarb,5,6
amphiprotic,5,6
angioblastic,5,6
anguilliformes,5,6
antecubital,5,6
anticipate,5,6
antiquity,5,6
antispasmodic,5,6
appreciate,5,6
archosauria,5,6
asteroidea,5,6
astray,5,6
athabaskan,5,6
bacilli,5,6
bagger,5,6
balearic,5,6
bambara,5,6
banging,5,6
barter,5,6
baulk,5,6
belted,5,6
bendiocarb,5,6
bifocal,5,6
blackout,5,6
blau,5,6
blended,5,6
blowhole,5,6
brachiopoda,5,6
brahma,5,6
brahman,5,6
bravo,5,6
bray,5,6
brewer,5,6
bromoform,5,6
bubonic,5,6
buenos,5,6
butylate,5,6
capella,5,6
carbophenothion,5,6
carnallite,5,6
caspian,5,6
catastrophe,5,6
celluloid,5,6
cervidae,5,6
cetacean,5,6
charlie,5,6
chelicerata,5,6
chiasmatic,5,6
chondrichthyes,5,6
clincher,5,6
cocoon,5,6
commercialization,5,6
commuting,5,6
concordance,5,6
congee,5,6
connexion,5,6
conspiracy,5,6
convoy,5,6
corridor,5,6
craniata,5,6
crustal,5,6
cyromazine,5,6
dactylifera,5,6
decorticate,5,6
delphi,5,6
denier,5,6
deoxyribonucleic,5,6
depress,5,6
desertification,5,6
destination,5,6
diaveridine,5,6
diegueno,5,6
discus,5,6
dispose,5,6
dissipation,5,6
distaff,5,6
distention,5,6
dromedarius,5,6
ectocervix,5,6
effluent,5,6
electromotive,5,6
emulation,5,6
emulsifier,5,6
entail,5,6
essay,5,6
ethylmalonic,5,6
factorial,5,6
fenvalerate,5,6
fetter,5,6
flaky,5,6
freeman,5,6
freudian,5,6
friable,5,6
froth,5,6
fulani,5,6
fumble,5,6
gadidae,5,6
garnish,5,6
genesis,5,6
gentilis,5,6
gliding,5,6
goad,5,6
grandifolia,5,6
greasy,5,6
gsr,5,6
guano,5,6
gyral,5,6
gyration,5,6
hamlet,5,6
hardship,5,6
hausa,5,6
havasupai,5,6
helping,5,6
helplessness,5,6
hiding,5,6
hirudinea,5,6
hitting,5,6
hominoidea,5,6
honk,5,6
hulk,5,6
hummingbird,5,6
hurry,5,6
idaeus,5,6
idiot,5,6
illuminance,5,6
immortal,5,6
impar,5,6
inactivity,5,6
include,5,6
inductive,5,6
inquiry,5,6
inspire,5,6
iridescent,5,6
jordanian,5,6
kainite,5,6
kirghiz,5,6
kui,5,6
laryngotracheal,5,6
lasso,5,6
letterer,5,6
liliopsida,5,6
livia,5,6
loess,5,6
loneliness,5,6
looping,5,6
lull,5,6
madras,5,6
malacostraca,5,6
manipulate,5,6
matt,5,6
mauritian,5,6
medinensis,5,6
metharbital,5,6
methidathion,5,6
minimalist,5,6
miso,5,6
modernization,5,6
monterey,5,6
mugger,5,6
multipolar,5,6
muse,5,6
mustang,5,6
mydriatic,5,6
myxinidae,5,6
netted,5,6
newtonian,5,6
nitrocellulose,5,6
odobenidae,5,6
olaquindox,5,6
omnibus,5,6
ordination,5,6
paragraph,5,6
parentage,5,6
parthian,5,6
parvifolia,5,6
patchouli,5,6
pave,5,6
pedunculate,5,6
permeable,5,6
pernambuco,5,6
phallic,5,6
phasianidae,5,6
phensuximide,5,6
plaice,5,6
pollard,5,6
polluted,5,6
poop,5,6
portrayal,5,6
postulate,5,6
potable,5,6
predator,5,6
prestige,5,6
prodigy,5,6
prolate,5,6
propaganda,5,6
protoplast,5,6
przewalskii,5,6
pseudoacacia,5,6
quarrel,5,6
qui,5,6
quinalphos,5,6
rabbi,5,6
racemate,5,6
radially,5,6
radiocarbon,5,6
raindrop,5,6
recreate,5,6
redistribution,5,6
remand,5,6
retainer,5,6
retired,5,6
rhodesian,5,6
ribbing,5,6
ringlet,5,6
roaring,5,6
rooting,5,6
rostrum,5,6
salve,5,6
sanidine,5,6
saturday,5,6
satyr,5,6
sauria,5,6
saurischia,5,6
screech,5,6
serpentes,5,6
sertindole,5,6
seventeen,5,6
shipboard,5,6
shun,5,6
sikh,5,6
sinuata,5,6
someone's,5,6
soricidae,5,6
sorrow,5,6
spicule,5,6
spirituality,5,6
spitting,5,6
splinter,5,6
spodumene,5,6
squab,5,6
styraciflua,5,6
subordination,5,6
surinam,5,6
surinamese,5,6
sustaining,5,6
syncytium,5,6
tactual,5,6
talpidae,5,6
teratogenic,5,6
theropoda,5,6
thorns,5,6
thorny,5,6
thump,5,6
toka,5,6
tourmaline,5,6
transference,5,6
trichocarpa,5,6
trinidadian,5,6
trousseau,5,6
tubulidentata,5,6
und,5,6
undercoat,5,6
unfold,5,6
uplift,5,6
utopia,5,6
venue,5,6
wade,5,6
weakly,5,6
welt,5,6
whirligig,5,6
whoop,5,6
winning,5,6
winnow,5,6
wow,5,6
wrestle,5,6
xxy,5,6
yakima,5,6
zealander,5,6
zeolite,5,6
acephate,5,5
acme,5,5
agrifolia,5,5
alluvium,5,5
altitudinal,5,5
amitraz,5,5
ammoniated,5,5
amnesty,5,5
andante,5,5
aneuploid,5,5
antigorite,5,5
arawakan,5,5
arsenopyrite,5,5
assam,5,5
associative,5,5
backstop,5,5
barbadian,5,5
beast,5,5
benfuracarb,5,5
benzenoid,5,5
benzylic,5,5
bermudan,5,5
bermudian,5,5
bioremediation,5,5
blanca,5,5
blanching,5,5
blindfold,5,5
bobble,5,5
bootleg,5,5
bottleneck,5,5
brittany,5,5
bronx,5,5
brooding,5,5
capsularis,5,5
carbosulfan,5,5
caricature,5,5
carom,5,5
caseous,5,5
cassiterite,5,5
categorical,5,5
categorization,5,5
causeway,5,5
chadian,5,5
chicane,5,5
chrysoprase,5,5
citrine,5,5
combatant,5,5
combining,5,5
concatenation,5,5
conceptus,5,5
conciliation,5,5
concourse,5,5
convolute,5,5
cranium,5,5
craze,5,5
crouch,5,5
cruelty,5,5
cte,5,5
cull,5,5
cutin,5,5
czechoslovakian,5,5
daminozide,5,5
dammara,5,5
decayed,5,5
deceit,5,5
declination,5,5
defeat,5,5
depilatory,5,5
dication,5,5
dictate,5,5
dipolar,5,5
disapproval,5,5
discriminate,5,5
disrespect,5,5
distended,5,5
divorced,5,5
domicile,5,5
doodle,5,5
dorian,5,5
dread,5,5
drizzle,5,5
dropping,5,5
dynamical,5,5
efflorescence,5,5
electromagnetism,5,5
eliminator,5,5
entree,5,5
ermine,5,5
experiential,5,5
faire,5,5
fenoxycarb,5,5
fermion,5,5
fertilized,5,5
fiduciary,5,5
filaria,5,5
filial,5,5
flirt,5,5
foreground,5,5
forerunner,5,5
franciscan,5,5
gabonese,5,5
gai,5,5
gambian,5,5
ganoine,5,5
gash,5,5
ghanian,5,5
girls,5,5
glitter,5,5
guanicoe,5,5
guyanese,5,5
habitation,5,5
hadron,5,5
haloxon,5,5
handicraft,5,5
highlight,5,5
hornpipe,5,5
humiliation,5,5
immunosuppressant,5,5
incarnation,5,5
indentation,5,5
insolation,5,5
invention,5,5
invoice,5,5
iproclozide,5,5
jacksonian,5,5
jealousy,5,5
jinx,5,5
ketonuria,5,5
lang,5,5
lassitude,5,5
lentiscus,5,5
lizardite,5,5
maceration,5,5
malawian,5,5
manganite,5,5
marasmus,5,5
marcasite,5,5
marl,5,5
mediation,5,5
meerschaum,5,5
melanoblast,5,5
menace,5,5
metaldehyde,5,5
mexacarbate,5,5
modus,5,5
mont,5,5
multiform,5,5
negotiation,5,5
nightcap,5,5
nitrofen,5,5
nonconformity,5,5
nord,5,5
normative,5,5
nurture,5,5
obsolescence,5,5
oregano,5,5
overdrive,5,5
overwhelm,5,5
oxidant,5,5
oxoacids,5,5
palygorskite,5,5
parody,5,5
peeled,5,5
perineurium,5,5
perturbation,5,5
petite,5,5
pigeonhole,5,5
plait,5,5
planking,5,5
platysma,5,5
poisson,5,5
popping,5,5
precaution,5,5
preen,5,5
proceed,5,5
propiconazole,5,5
protoplasm,5,5
prowl,5,5
ptolemaic,5,5
punjab,5,5
pyroxylin,5,5
quo,5,5
radiosensitivity,5,5
realm,5,5
reap,5,5
rectilinear,5,5
recurvatum,5,5
remedy,5,5
reniform,5,5
repel,5,5
resorantel,5,5
resultant,5,5
retain,5,5
revenge,5,5
rhodonite,5,5
rofecoxib,5,5
safeguard,5,5
saka,5,5
sarawak,5,5
sard,5,5
scoria,5,5
scrubbing,5,5
secrecy,5,5
severance,5,5
shih,5,5
shorthand,5,5
sigh,5,5
sizzle,5,5
solidus,5,5
specifically,5,5
speck,5,5
stemma,5,5
suds,5,5
swede,5,5
swordfish,5,5
sylvite,5,5
teflon,5,5
togolese,5,5
torrent,5,5
totalitarian,5,5
transmit,5,5
travail,5,5
triazophos,5,5
tripalmitin,5,5
tweet,5,5
twitter,5,5
ulster,5,5
uncoiled,5,5
undress,5,5
unification,5,5
unrest,5,5
upbeat,5,5
upside,5,5
waxing,5,5
whelk,5,5
whirlpool,5,5
whitewater,5,5
winking,5,5
xxii,5,5
zimbabwean,5,5
immunology,4,22305
yl,4,14995
proteins,4,14253
virology,4,10843
enzymology,4,10378
dihydro,4,10079
pharmacokinetics,4,9713
embryology,4,8010
neoplasms,4,6838
ol,4,6604
wt,4,6518
arabidopsis,4,6367
complications,4,5370
trimethyl,4,4667
trends,4,4607
n',4,4516
injuries,4,4306
tetrahydro,4,4136
chlorophenyl,4,3033
lsm,4,2971
deoxy,4,2505
pathogenicity,4,2290
dihydrochloride,4,2228
oxa,4,2164
trihydroxy,4,2081
monohydrochloride,4,2042
regimen,4,2017
ylmethyl,4,1976
oncogene,4,1962
phe,4,1948
dioxo,4,1700
nitrophenyl,4,1604
dien,4,1587
glu,4,1501
triazine,4,1492
pyran,4,1457
cys,4,1391
indol,4,1391
asn,4,1318
cyano,4,1279
slca,4,1214
hydroxyphenyl,4,1204
cyclin,4,1185
glucopyranoside,4,1132
triol,4,1082
glucuronide,4,997
dimethylaminoethyl,4,990
pyrido,4,958
iodo,4,953
buildings,4,943
procedures,4,918
questionnaire,4,902
subsp,4,875
diamino,4,870
prolyl,4,806
tris,4,770
herpesvirus,4,764
glycyl,4,757
phenylethyl,4,749
hydrobromide,4,738
adaptor,4,734
radioisotopes,4,724
acetyltransferase,4,699
leucyl,4,685
metalloproteinase,4,660
bindole,4,656
mice,4,634
trichloro,4,629
dideoxy,4,601
hexyl,4,589
pyridyl,4,588
benzofuran,4,584
topic,4,581
pentyl,4,575
dioxygenase,4,568
autologous,4,564
tumors,4,562
inbred,4,559
dimethylphenyl,4,541
lymphocytes,4,534
mesylate,4,533
chloromethyl,4,525
phosphatidylcholine,4,509
phosphatidylethanolamine,4,502
aminoethyl,4,498
thione,4,486
lyases,4,485
etoposide,4,481
cpd,4,470
deformities,4,470
phosphoethanolamine,4,464
octyl,4,453
hospitals,4,446
fanconi,4,442
naphthyl,4,442
pyrrole,4,437
furanyl,4,426
promoting,4,423
venoms,4,423
sch,4,413
smad,4,413
hsp,4,410
thio,4,410
enzymes,4,409
puccinia,4,408
subtype,4,391
ent,4,390
phenylpropan,4,381
books,4,373
morphogenetic,4,368
dibutyl,4,367
locally,4,364
paclitaxel,4,363
metastasis,4,361
toxins,4,361
boxes,4,357
methylcarbamate,4,348
dehydro,4,340
guanidine,4,340
ethenyl,4,339
stearoyl,4,339
hydroxysteroid,4,337
methanesulfonate,4,337
lactamase,4,335
pyridinium,4,331
seizures,4,330
propenoic,4,329
wnt,4,329
dipropyl,4,328
diacylglycerol,4,327
benzenesulfonic,4,324
isoquinoline,4,322
ribonuclease,4,321
dibenzoa,4,319
positivity,4,316
agaricus,4,315
ecg,4,311
erythro,4,309
mercapto,4,309
gsk,4,307
chemotherapy,4,306
tetrakis,4,303
phenoxy,4,302
ware,4,300
ethylhexyl,4,299
rhizobium,4,295
epha,4,289
heptyl,4,284
campylobacter,4,278
propanoic,4,278
boards,4,277
dystonia,4,277
sites,4,277
solute,4,274
benzaanthracene,4,269
ganglioside,4,269
aminomethyl,4,267
carboxypeptidase,4,267
ethers,4,267
pigmentosa,4,267
neurons,4,266
cgp,4,265
exo,4,264
silane,4,264
gmp,4,262
plans,4,262
targeting,4,262
convertase,4,261
hyperostosis,4,261
mucopolysaccharidosis,4,261
distant,4,260
annexin,4,259
cw,4,258
specify,4,258
ethylamine,4,257
astrocytoma,4,253
myoclonic,4,253
mrna,4,250
phosphodiesterase,4,250
butanoic,4,249
beds,4,248
phenylpropyl,4,247
cov,4,246
phosphatidylserine,4,246
maps,4,245
inducible,4,243
phenethyl,4,243
triethyl,4,243
stations,4,242
phalanges,4,240
urothelial,4,240
antisense,4,237
bpyridine,4,237
deacetylase,4,236
flavobacterium,4,236
acridine,4,235
dextran,4,235
cyclo,4,234
postoperative,4,234
probes,4,234
sulfatase,4,234
syphilis,4,234
indeno,4,233
kaempferol,4,233
frames,4,232
sequencing,4,232
endopeptidase,4,228
galactopyranoside,4,228
containers,4,227
molecules,4,227
naphthoquinone,4,226
cyclodextrin,4,225
cystadenoma,4,225
gravelly,4,224
homoserine,4,224
phage,4,223
tosylate,4,223
cyclohexane,4,221
indians,4,221
neuroectodermal,4,221
arches,4,220
cysteinyl,4,220
mdl,4,220
drb,4,217
extracts,4,217
lymphoproliferative,4,217
autophagy,4,215
windows,4,214
gpr,4,213
propanoate,4,211
ym,4,211
neurotrophic,4,210
vehicles,4,210
bleomycin,4,209
lipodystrophy,4,209
seco,4,207
dipotassium,4,206
isoxazolyl,4,206
octadecyl,4,206
pg,4,206
dinitrophenyl,4,205
hydroxynaphthalene,4,205
methionyl,4,205
resins,4,204
esterase,4,203
htlv,4,203
pyrimidinyl,4,203
kilogram,4,202
threo,4,202
neurodevelopmental,4,201
peroxisomal,4,201
ann,4,200
polyposis,4,200
diisopropyl,4,199
peptidyl,4,199
boats,4,198
glucosaminyl,4,198
fibromatosis,4,197
phenylacetamide,4,197
thalassemia,4,197
benzoapyrene,4,196
thiadiazole,4,196
paraganglioma,4,195
bisphenol,4,194
palmoplantar,4,193
benzothiazole,4,192
niemann,4,192
phenylenediamine,4,192
nicotiana,4,191
muscarinic,4,189
dihydrodiol,4,188
papers,4,188
'r,4,187
cladosporium,4,187
endoscopic,4,187
resection,4,187
bce,4,186
demyelinating,4,186
mutase,4,186
glycosylation,4,185
naphthylamine,4,185
neurokinin,4,185
watercraft,4,185
forkhead,4,184
intraductal,4,184
transcriptional,4,183
docetaxel,4,182
morpholino,4,182
phenylacetate,4,182
methylprednisolone,4,181
periapical,4,181
ultrasonography,4,180
walls,4,180
clayey,4,179
gemcitabine,4,179
hypopharyngeal,4,179
talaromyces,4,179
aeromonas,4,178
asparaginase,4,178
telangiectasia,4,178
adnexal,4,177
dynasty,4,177
histidyl,4,177
lenses,4,177
mannosyl,4,177
myelomonocytic,4,177
butene,4,176
gibberellin,4,176
brucei,4,175
daunorubicin,4,175
nanoparticles,4,175
xanthomonas,4,174
octadecenoic,4,173
gluconate,4,172
trisphosphate,4,172
panniculitis,4,171
pityriasis,4,171
isoleucyl,4,170
guns,4,169
phosphoprotein,4,169
pol,4,169
phosphorothioate,4,168
androst,4,167
boletus,4,167
synostosis,4,167
gardens,4,166
neovascularization,4,166
anesthetics,4,165
phosphofructokinase,4,165
cdh,4,164
mullerian,4,164
orf,4,164
org,4,164
leukoencephalopathy,4,163
myasthenia,4,163
prevotella,4,163
aciduria,4,162
procollagen,4,162
alphabeta,4,161
cystatin,4,161
dota,4,161
cars,4,160
histiocytoma,4,160
hydrazone,4,160
ifosfamide,4,160
mastocytosis,4,160
histiocytic,4,159
mtor,4,159
ependymoma,4,158
hcl,4,158
strains,4,158
abeta,4,157
methylenebis,4,157
ppar,4,157
surveys,4,157
acetophenone,4,156
bl,4,156
chondrodysplasia,4,156
leukodystrophy,4,156
lymphotropic,4,156
methylamine,4,156
estrogens,4,155
arachidonate,4,154
cholan,4,154
echocardiography,4,154
yne,4,154
cholestane,4,153
bovis,4,152
cholangiocarcinoma,4,152
leukoplakia,4,152
much,4,152
vater,4,152
carcinosarcoma,4,151
topoisomerase,4,151
conotoxin,4,150
maxillofacial,4,150
ul,4,150
gtpase,4,149
guanylate,4,149
hydroxyvitamin,4,149
tetradecyl,4,149
crosses,4,148
cyanoethyl,4,148
pigments,4,148
polyneuropathy,4,148
bis',4,147
diiodo,4,147
nci,4,147
apyrimidine,4,146
nme,4,146
wy,4,146
choriocarcinoma,4,145
coloboma,4,145
dimethylaniline,4,145
enal,4,145
documents,4,144
fgf,4,144
mesonephric,4,144
octadecadienoic,4,144
nicotinate,4,143
parks,4,143
pyrimidinone,4,143
ustilago,4,143
xeroderma,4,143
mudstone,4,142
unc,4,142
vulgare,4,142
adipate,4,141
akt,4,141
dibenzyl,4,141
gli,4,141
olivary,4,141
oryza,4,141
psychiatry,4,141
monopotassium,4,140
promyelocytic,4,140
woodworking,4,140
aldrich,4,139
gw,4,139
oryzae,4,139
oxopentanoic,4,139
toxoid,4,139
wiskott,4,139
hemisuccinate,4,138
octadecanoic,4,138
pigmentosum,4,137
otherwise,4,136
phenylene,4,136
tmc,4,136
decanoate,4,135
fas,4,135
fasciitis,4,135
flt,4,135
dihydrobromide,4,133
hexosaminidase,4,133
myasthenic,4,133
alzheimer,4,132
catheterization,4,132
falpha,4,132
lissencephaly,4,132
triphenyl,4,132
arthrogryposis,4,131
cbl,4,131
when,4,131
hydroxylamine,4,130
medulloblastoma,4,130
meningococcal,4,130
mitoxantrone,4,130
appendiceal,4,129
ethylidene,4,129
microphthalmia,4,129
tetrafluoroborate,4,128
acetylneuraminic,4,127
cardiolipin,4,127
ganoderma,4,127
genomic,4,127
furoate,4,126
luteolin,4,126
dysentery,4,125
interneuron,4,125
isobutyrate,4,125
propene,4,125
revival,4,125
trihydrate,4,125
a',4,124
pcp,4,124
pemphigoid,4,124
rgs,4,124
sdz,4,124
threonyl,4,124
fluoroethyl,4,123
fractured,4,123
mucor,4,123
oxazolidinone,4,123
reported,4,123
tabacum,4,123
tenofovir,4,123
wr,4,123
aquatica,4,122
beverages,4,122
blasts,4,122
chenopodium,4,122
med,4,122
eicosatetraenoic,4,121
ivb,4,121
valerate,4,121
diamide,4,120
hemophilia,4,120
leber,4,120
bipyridine,4,119
cyclohexanol,4,119
galactosamine,4,119
gpi,4,119
neonatorum,4,119
tak,4,119
vectors,4,119
butanediol,4,118
dds,4,118
hydroxybenzyl,4,118
masks,4,118
betamethasone,4,117
bullous,4,117
dt,4,117
hooks,4,117
oligonucleotide,4,117
crispr,4,116
dataset,4,116
fk,4,116
homology,4,116
malonyl,4,116
inactivated,4,115
monoacetate,4,115
phosphatidyl,4,115
counseling,4,114
farnesyl,4,114
fibrosarcoma,4,114
idh,4,114
pamoate,4,114
stones,4,114
tacrolimus,4,114
thymoma,4,114
dinitrate,4,113
endoplasmic,4,113
lamin,4,113
rapamycin,4,113
rhabdoid,4,113
rhodococcus,4,113
stings,4,113
verrucous,4,113
wilms,4,113
desmethyl,4,112
dibenza,4,112
enterobacter,4,112
burkitt,4,111
carmustine,4,111
decanoic,4,111
mansoni,4,111
medicare,4,111
neurotensin,4,111
vacuolar,4,111
dihydroxypropyl,4,110
ethoxycarbonyl,4,110
hexanoate,4,110
immunohistochemistry,4,110
melanocortin,4,110
muc,4,110
stair,4,110
triamine,4,110
bpi,4,109
expiratory,4,109
nanoparticle,4,109
ships,4,109
abt,4,108
crocus,4,108
esculentum,4,108
museum,4,108
trimester,4,108
anaplasma,4,107
disulfate,4,107
hypotrichosis,4,107
secreted,4,107
acetonide,4,106
dystrophin,4,106
friends,4,106
hydroxyquinoline,4,106
tetrabromo,4,106
thiazine,4,106
carboximidic,4,105
cinnamate,4,105
exostoses,4,105
nuclease,4,105
pentanoic,4,105
polya,4,105
specialist,4,105
supplies,4,105
tetrazolium,4,105
triphosphatase,4,105
carbamoyltransferase,4,104
fluorobenzyl,4,104
ginsenoside,4,104
hete,4,104
proteasome,4,104
diallyl,4,103
hypophosphatemic,4,103
laminin,4,103
bells,4,102
bombyx,4,102
dipalmitoyl,4,102
frontotemporal,4,102
jun,4,102
lipoamide,4,102
methylenedioxy,4,102
osteochondrosis,4,102
polynucleotide,4,102
angioplasty,4,101
computers,4,101
phosphotransferase,4,101
wernicke,4,101
zk,4,101
butyryl,4,100
chlamydophila,4,100
cucumis,4,100
dyes,4,100
formamide,4,100
melanotic,4,100
topotecan,4,100
ehrlichia,4,99
forelimb,4,99
gabaergic,4,99
glutaminyl,4,99
ipomoea,4,99
oligodendroglioma,4,99
psma,4,99
acanthamoeba,4,98
epidermolytic,4,98
handball,4,98
jak,4,98
osteonecrosis,4,98
tlr,4,98
toronto,4,98
coats,4,97
copperii,4,97
exudative,4,97
glucosyltransferase,4,97
hemochromatosis,4,97
homologous,4,97
stimulator,4,97
tilletia,4,97
xylulose,4,97
alpha',4,96
deoxythymidine,4,96
identified,4,96
myxoid,4,96
pyoderma,4,96
snx,4,96
trihydrochloride,4,96
adamantane,4,95
idarubicin,4,95
nucleolar,4,95
pyrophosphatase,4,95
wagon,4,95
agrobacterium,4,94
assays,4,94
atpa,4,94
enriched,4,94
hantavirus,4,94
hyperkeratosis,4,94
hypophosphatemia,4,94
imidazolyl,4,94
leaved,4,94
octreotide,4,94
sialyltransferase,4,94
stove,4,94
supratentorial,4,94
swallowing,4,94
talipes,4,94
tetraphosphate,4,94
laboratories,4,93
mos,4,93
sensu,4,93
varus,4,93
acetylcysteine,4,92
cer,4,92
chemotactic,4,92
deoxyglucose,4,92
exon,4,92
ferro,4,92
formoterol,4,92
hepatoblastoma,4,92
heptanoic,4,92
metallothionein,4,92
arabinoside,4,91
argipressin,4,91
deformans,4,91
every,4,91
germline,4,91
heterotopic,4,91
holoprosencephaly,4,91
klf,4,91
lange,4,91
loom,4,91
seats,4,91
septicemia,4,91
steps,4,91
yy,4,91
arhgap,4,90
bowman,4,90
ectromelia,4,90
epicatechin,4,90
isopentyl,4,90
phthalic,4,90
sarcoidosis,4,90
selenide,4,90
suis,4,90
balls,4,89
campestris,4,89
caproate,4,89
deficiencies,4,89
discs,4,89
disruptive,4,89
emtricitabine,4,89
orofacial,4,89
pseudotuberculosis,4,89
runx,4,89
aminosalicylic,4,88
charts,4,88
chondromatosis,4,88
cystica,4,88
epirubicin,4,88
erythropoietic,4,88
metaphyseal,4,88
octanol,4,88
pyrantel,4,88
suits,4,88
tanner,4,88
adenomatosis,4,87
antitrypsin,4,87
cholesteatoma,4,87
hydroxyurea,4,87
hyperoxaluria,4,87
junctions,4,87
observed,4,87
trichloride,4,87
vasculopathy,4,87
angiomatosis,4,86
axin,4,86
chorioretinopathy,4,86
dinor,4,86
drawers,4,86
genomics,4,86
glycosyl,4,86
heterotopia,4,86
ids,4,86
phytophthora,4,86
sporothrix,4,86
tetrahydrate,4,86
trpm,4,86
weights,4,86
bmp,4,85
bronchogenic,4,85
fritillaria,4,85
fucosyl,4,85
isocitrate,4,85
laurate,4,85
lauroyl,4,85
nephroma,4,85
pyrrolidone,4,85
radiographic,4,85
scores,4,85
azoospermia,4,84
dimethacrylate,4,84
elephantiasis,4,84
had,4,84
oxoanion,4,84
pnu,4,84
quinolinecarboxylic,4,84
resveratrol,4,84
sachs,4,84
vldl,4,84
aestivum,4,83
attempt,4,83
autoantibody,4,83
chordoma,4,83
hemosiderosis,4,83
labels,4,83
monoammonium,4,83
mononitrate,4,83
oxy,4,83
pectoris,4,83
polychlorinated,4,83
subvalvular,4,83
therapist,4,83
vitis,4,83
brodmann,4,82
hyperthyroxinemia,4,82
hypertrichosis,4,82
lactide,4,82
myh,4,82
nephrosis,4,82
officer,4,82
piperidinium,4,82
schwannoma,4,82
chagas,4,81
disks,4,81
diverticulitis,4,81
drusen,4,81
images,4,81
neutralizing,4,81
ocimum,4,81
ophthalmia,4,81
oxaliplatin,4,81
pleuropneumonia,4,81
silicates,4,81
yes,4,81
blastocystis,4,80
chlorohydrin,4,80
committees,4,80
eicosatrienoic,4,80
exstrophy,4,80
gangliosidosis,4,80
hexamethonium,4,80
intravascular,4,80
methylimidazo,4,80
microglobulin,4,80
neu,4,80
pk,4,80
plagiocephaly,4,80
polymicrogyria,4,80
postsynaptic,4,80
vine,4,80
wi,4,80
craniosynostosis,4,79
criterion,4,79
diisocyanate,4,79
geriatric,4,79
grayish,4,79
hemlock,4,79
methoxyflavone,4,79
story,4,79
sulfoximine,4,79
supraventricular,4,79
valeric,4,79
adenofibroma,4,78
cyclobutyl,4,78
dihydrouracil,4,78
interactions,4,78
monosulfate,4,78
pco,4,78
phenanthrene,4,78
sophora,4,78
vasospasm,4,78
arabinofuranosylcytosine,4,77
belts,4,77
butanoate,4,77
carboxyphenyl,4,77
fasciculata,4,77
glia,4,77
lymphangiectasis,4,77
markers,4,77
nitroquinoline,4,77
plasmacytoid,4,77
stk,4,77
tachypnea,4,77
zika,4,77
actual,4,76
anisidine,4,76
carriers,4,76
colleges,4,76
ert,4,76
melanoleuca,4,76
myocyte,4,76
nigella,4,76
phenylazo,4,76
siltstone,4,76
technicians,4,76
thiocyanic,4,76
xa,4,76
acupuncture,4,75
capecitabine,4,75
cyclohexanone,4,75
datura,4,75
dihydroxyacetone,4,75
echovirus,4,75
exophiala,4,75
genistein,4,75
glycinamide,4,75
hep,4,75
reentry,4,75
telomeric,4,75
triggered,4,75
ventricles,4,75
werner,4,75
amifostine,4,74
aminophenol,4,74
ceacam,4,74
cesarean,4,74
dyskeratosis,4,74
glomerulosclerosis,4,74
iiic,4,74
indicators,4,74
mytilus,4,74
neurodegeneration,4,74
onchocerca,4,74
prix,4,74
teratoid,4,74
affecting,4,73
chymotrypsin,4,73
colors,4,73
cymene,4,73
dinitrophenol,4,73
dissecans,4,73
erythritol,4,73
lists,4,73
maximal,4,73
paratyphoid,4,73
pentane,4,73
puromycin,4,73
quilt,4,73
ruminants,4,73
ryanodine,4,73
sialyl,4,73
tdp,4,73
amidino,4,72
audiometry,4,72
benzotriazole,4,72
biotinidase,4,72
brd,4,72
dipropionate,4,72
dipyridamole,4,72
firearm,4,72
flashes,4,72
fluorides,4,72
offices,4,72
plasmid,4,72
tyrphostin,4,72
acetylglucosaminidase,4,71
diethylamine,4,71
functions,4,71
ganglioneuroblastoma,4,71
kir,4,71
meters,4,71
norleucine,4,71
penta,4,71
postganglionic,4,71
presynaptic,4,71
pyrazine,4,71
quinolone,4,71
spores,4,71
sulfonium,4,71
terminals,4,71
tetraethylammonium,4,71
tetrahydrofolate,4,71
tetranitrate,4,71
thymosin,4,71
tops,4,71
acetohydroxamic,4,70
adenylosuccinate,4,70
bcg,4,70
bortezomib,4,70
carboxykinase,4,70
cas,4,70
concanavalin,4,70
cyproterone,4,70
fasciculus,4,70
hematoporphyrin,4,70
pouches,4,70
reagents,4,70
richard,4,70
steroidogenic,4,70
varices,4,70
vidarabine,4,70
automatism,4,69
chickenpox,4,69
dimethylamine,4,69
equi,4,69
equid,4,69
hexadecanoic,4,69
hsdb,4,69
hymenolepis,4,69
measurements,4,69
munchausen,4,69
nemaline,4,69
psoas,4,69
strongyloides,4,69
tilapia,4,69
tricarboxylate,4,69
boronic,4,68
caused,4,68
diatrizoate,4,68
dodecanoic,4,68
fda,4,68
fes,4,68
imidodiphosphate,4,68
inversus,4,68
keyboard,4,68
kininogen,4,68
methylenedioxyamphetamine,4,68
milbemycin,4,68
myricetin,4,68
polyphosphate,4,68
rectifying,4,68
streptokinase,4,68
tegmental,4,68
trifluoroacetate,4,68
vitreoretinopathy,4,68
wnk,4,68
antimycin,4,67
carbodiimide,4,67
embolic,4,67
gluconic,4,67
infinity,4,67
ipratropium,4,67
mahogany,4,67
meckel,4,67
morbillivirus,4,67
octadecatrienoic,4,67
phosphosulfate,4,67
prenyl,4,67
rx,4,67
sicca,4,67
strips,4,67
tapestry,4,67
tazobactam,4,67
tgi,4,67
toluic,4,67
xp,4,67
adiponectin,4,66
affinis,4,66
ameloblastoma,4,66
bischloromethyl,4,66
camptothecin,4,66
deoxyribonucleoside,4,66
erysipelothrix,4,66
mci,4,66
methanethiol,4,66
methylindole,4,66
palliative,4,66
pentetate,4,66
pivalate,4,66
planococcus,4,66
propenal,4,66
retrovirus,4,66
seca,4,66
temozolomide,4,66
thecoma,4,66
tramadol,4,66
vasotocin,4,66
amaranthus,4,65
aminobiphenyl,4,65
anopheles,4,65
chrysanthemi,4,65
cowpox,4,65
dysmorphic,4,65
enterocolitica,4,65
fquinoline,4,65
hexanedioic,4,65
hirschsprung,4,65
homozygous,4,65
imipenem,4,65
induration,4,65
mechanistic,4,65
methylcholanthrene,4,65
microscope,4,65
narcolepsy,4,65
nonanoic,4,65
rhizomelic,4,65
accidents,4,64
arthur,4,64
brimonidine,4,64
chelating,4,64
cicer,4,64
collections,4,64
craniopharyngioma,4,64
ctx,4,64
dipeptidase,4,64
flavus,4,64
fludarabine,4,64
fmn,4,64
furfuryl,4,64
infratentorial,4,64
inhibin,4,64
lipids,4,64
luteus,4,64
methemoglobinemia,4,64
nitroanisole,4,64
nitrogenous,4,64
pdea,4,64
phenylacetic,4,64
pimpinella,4,64
poems,4,64
precancerous,4,64
towns,4,64
trichechus,4,64
truss,4,64
aminopyrine,4,63
bethanechol,4,63
capensis,4,63
chrysosporium,4,63
commemorative,4,63
curcumin,4,63
desoxycorticosterone,4,63
dibenzoc,4,63
fender,4,63
foci,4,63
galacto,4,63
gaucher,4,63
glycinate,4,63
homocystinuria,4,63
hydroxybut,4,63
isoamyl,4,63
joining,4,63
ossifying,4,63
paced,4,63
peroxidases,4,63
polymethyl,4,63
porokeratosis,4,63
thrombopoietin,4,63
adhesions,4,62
ahr,4,62
b',4,62
blotting,4,62
buds,4,62
diethylene,4,62
dressings,4,62
edwardsiella,4,62
electrodes,4,62
engineers,4,62
extrapulmonary,4,62
germinoma,4,62
imatinib,4,62
kits,4,62
landform,4,62
leigh,4,62
linoleate,4,62
melanocytic,4,62
methylcytosine,4,62
selenocysteine,4,62
alaninate,4,61
angiokeratoma,4,61
appliance,4,61
attributes,4,61
axl,4,61
ay,4,61
benzathine,4,61
braces,4,61
bretylium,4,61
bronchiectasis,4,61
budesonide,4,61
choanal,4,61
cities,4,61
coumaric,4,61
dichlorobenzyl,4,61
henipavirus,4,61
lewy,4,61
lrp,4,61
mallory,4,61
pseudohypoaldosteronism,4,61
salmeterol,4,61
sarcomatoid,4,61
sos,4,61
thrombophilia,4,61
acetylaminofluorene,4,60
aminohippuric,4,60
biomarkers,4,60
busulfan,4,60
ciliophora,4,60
cyclosporin,4,60
diethylamide,4,60
doxycycline,4,60
esotropia,4,60
fzd,4,60
ganglioglioma,4,60
greenish,4,60
hemangioblastoma,4,60
hydroxyestrone,4,60
karyotype,4,60
methylacridinium,4,60
neurotoxicity,4,60
prilocaine,4,60
racemase,4,60
rk,4,60
stevens,4,60
xq,4,60
zd,4,60
algestone,4,59
araucaria,4,59
aristolochia,4,59
artemether,4,59
azotobacter,4,59
brominated,4,59
cct,4,59
completed,4,59
cushing,4,59
dideoxyadenosine,4,59
dimethylaminoazobenzene,4,59
dyserythropoietic,4,59
eimeria,4,59
eubacterium,4,59
fab,4,59
gallery,4,59
generators,4,59
heptachlor,4,59
hexadecenoic,4,59
megalencephaly,4,59
methylchrysene,4,59
myoepithelial,4,59
notes,4,59
ovarii,4,59
phenoxymethyl,4,59
picrate,4,59
polyamine,4,59
propanesulfonic,4,59
respirovirus,4,59
ros,4,59
schizosaccharomyces,4,59
sorbose,4,59
subglottic,4,59
turbine,4,59
amdinocillin,4,58
brenner,4,58
caregiver,4,58
chromophobe,4,58
decenoic,4,58
dialdehyde,4,58
ephedra,4,58
ezetimibe,4,58
glucosaminide,4,58
hanthracene,4,58
hypopituitarism,4,58
ixodes,4,58
kf,4,58
missile,4,58
noncompaction,4,58
parvum,4,58
pivoxil,4,58
rickettsiaceae,4,58
setaria,4,58
tanacetum,4,58
xylem,4,58
achalasia,4,57
addictive,4,57
adenoviridae,4,57
amiloride,4,57
andesite,4,57
aniridia,4,57
bifid,4,57
bureau,4,57
caffeate,4,57
carbamyl,4,57
crohn,4,57
cynara,4,57
dysautonomia,4,57
friend,4,57
ganglioneuroma,4,57
graveolens,4,57
hypertriglyceridemia,4,57
hysterectomy,4,57
leiomyomatosis,4,57
lenalidomide,4,57
mycoplasmatales,4,57
postaxial,4,57
rinderpest,4,57
sulfamate,4,57
surveying,4,57
tangles,4,57
trifluoroacetic,4,57
vdj,4,57
visna,4,57
adamantinoma,4,56
arenaria,4,56
arenaviridae,4,56
arum,4,56
atriplex,4,56
buta,4,56
caliciviridae,4,56
coronaviridae,4,56
courses,4,56
cystinuria,4,56
daucus,4,56
degrader,4,56
dihomo,4,56
erythrocytes,4,56
exotropia,4,56
gammopathy,4,56
hemifacial,4,56
isotretinoin,4,56
medoxomil,4,56
methylsulfate,4,56
microphone,4,56
microtia,4,56
mononegavirales,4,56
neisseriaceae,4,56
neuraminidase,4,56
nnc,4,56
resuscitation,4,56
rubivirus,4,56
sarcoplasmic,4,56
spectrophotometry,4,56
supranuclear,4,56
trifolium,4,56
tuftsin,4,56
vasovagal,4,56
viscum,4,56
abiraterone,4,55
accordion,4,55
angiomyolipoma,4,55
biphasic,4,55
clp,4,55
delusions,4,55
deoxycholic,4,55
dimesylate,4,55
enjoy,4,55
epigallocatechin,4,55
fucosyltransferase,4,55
having,4,55
isis,4,55
mage,4,55
mandibulofacial,4,55
methylbutanoic,4,55
metoclopramide,4,55
naltrexone,4,55
nidovirales,4,55
nih,4,55
now,4,55
odontoma,4,55
oleyl,4,55
olivopontocerebellar,4,55
olmesartan,4,55
phosphonium,4,55
polygonum,4,55
portosystemic,4,55
prognostic,4,55
towel,4,55
triethanolamine,4,55
turkeys,4,55
adapalene,4,54
ankylosing,4,54
apis,4,54
centimeter,4,54
dosimetry,4,54
endoperoxide,4,54
fibromuscular,4,54
fluids,4,54
heptose,4,54
hodgkin's,4,54
lipoxin,4,54
mammea,4,54
mechlorethamine,4,54
naphthoate,4,54
pcb,4,54
pma,4,54
reconstitution,4,54
struck,4,54
tbcd,4,54
tomb,4,54
weeks,4,54
amaryllidaceae,4,53
ancylostoma,4,53
aristolochic,4,53
chrysene,4,53
dialect,4,53
enema,4,53
facies,4,53
gardner,4,53
hydriodide,4,53
hyperammonemia,4,53
hypertelorism,4,53
hyperuricemia,4,53
lhx,4,53
lysophosphatidic,4,53
micrococcus,4,53
msx,4,53
policies,4,53
residues,4,53
sparteine,4,53
spata,4,53
splints,4,53
supraglottic,4,53
syringomyelia,4,53
tem,4,53
toxocara,4,53
vindesine,4,53
warburg,4,53
were,4,53
angiofibroma,4,52
antitubercular,4,52
bim,4,52
canals,4,52
carota,4,52
cellobiose,4,52
chlorobenzene,4,52
chylothorax,4,52
coxiella,4,52
dalbergia,4,52
dioica,4,52
dobutamine,4,52
dysgerminoma,4,52
elliptocytosis,4,52
eso,4,52
fg,4,52
guillain,4,52
hookah,4,52
hydroquinone,4,52
hypoalbuminemia,4,52
kainic,4,52
linen,4,52
moyamoya,4,52
neurofilament,4,52
nonpolyposis,4,52
officinale,4,52
patients,4,52
phyllanthus,4,52
picolinic,4,52
pronephric,4,52
prostheses,4,52
s',4,52
scutellaria,4,52
sebacate,4,52
selenomethionine,4,52
sparing,4,52
triazene,4,52
trucks,4,52
verticillium,4,52
acneiform,4,51
amsacrine,4,51
asc,4,51
available,4,51
carnosine,4,51
cyclobutane,4,51
dispenser,4,51
encephalitozoon,4,51
endospore,4,51
engineered,4,51
erlotinib,4,51
esculenta,4,51
exfoliative,4,51
fees,4,51
fibroelastosis,4,51
flutamide,4,51
fructofuranose,4,51
hydrogel,4,51
hydrolyzing,4,51
hyperphosphatemia,4,51
hypohidrosis,4,51
ideation,4,51
imaginal,4,51
insulinoma,4,51
later,4,51
macaque,4,51
methylmercury,4,51
myokymia,4,51
nairobi,4,51
neopterin,4,51
oenothera,4,51
orotate,4,51
ovum,4,51
pipecolic,4,51
places,4,51
polyarteritis,4,51
polyketide,4,51
polyoxyethylene,4,51
registry,4,51
retinoschisis,4,51
rti,4,51
rubinstein,4,51
tetraol,4,51
tracheostomy,4,51
tu,4,51
acral,4,50
bacteriochlorophyll,4,50
cresyl,4,50
decalcification,4,50
deleted,4,50
desmoid,4,50
dibenzo,4,50
digoxigenin,4,50
dimethylhydrazine,4,50
dimethyltryptamine,4,50
dodecenoic,4,50
exosome,4,50
fagopyrum,4,50
famb,4,50
fibrosa,4,50
hydranencephaly,4,50
hydroxyanthranilic,4,50
hydroxycholest,4,50
hydroxytryptophan,4,50
hypogonadotropic,4,50
inspiratory,4,50
iodoacetamide,4,50
jejuni,4,50
lacto,4,50
lactuca,4,50
lagophthalmos,4,50
lichenoides,4,50
lowry,4,50
markets,4,50
membranoproliferative,4,50
methylanthraquinone,4,50
microsporum,4,50
nlrp,4,50
paragonimus,4,50
pelargonidin,4,50
pelargonium,4,50
pentamidine,4,50
polymyositis,4,50
proinsulin,4,50
ruptured,4,50
scolymus,4,50
spherocytosis,4,50
sulindac,4,50
trifluoroacetyl,4,50
tryptamine,4,50
tumefaciens,4,50
ys,4,50
akathisia,4,49
aminoglutethimide,4,49
atropa,4,49
atto,4,49
azotemia,4,49
cetylpyridinium,4,49
cln,4,49
cryptogenic,4,49
dermatan,4,49
diorite,4,49
disopyramide,4,49
duane,4,49
furnace,4,49
gangrenosum,4,49
gefitinib,4,49
gonadoblastoma,4,49
grisea,4,49
hypersecretion,4,49
insignia,4,49
lafora,4,49
laparoscopy,4,49
loads,4,49
maleimide,4,49
methemoglobin,4,49
methyladenine,4,49
metre,4,49
multicystic,4,49
octopamine,4,49
phloem,4,49
reimbursement,4,49
rosiglitazone,4,49
septin,4,49
somatostatinoma,4,49
telluride,4,49
terrestris,4,49
vitelliform,4,49
vx,4,49
warts,4,49
weill,4,49
zones,4,49
acyclovir,4,48
azithromycin,4,48
calcific,4,48
carbenicillin,4,48
chondroblastoma,4,48
dexrazoxane,4,48
donepezil,4,48
ethylhexanoate,4,48
fluorophenylalanine,4,48
frederick,4,48
fumigatus,4,48
harvey,4,48
hoarseness,4,48
icr,4,48
iminodiacetic,4,48
interviewer,4,48
lymphangiosarcoma,4,48
lymphocele,4,48
marinum,4,48
miliaria,4,48
naegleria,4,48
neurocytoma,4,48
neurosyphilis,4,48
nop,4,48
nsd,4,48
parenchymal,4,48
pier,4,48
piperazinedione,4,48
proctitis,4,48
pseudouridine,4,48
psoriatic,4,48
quartzite,4,48
recovered,4,48
salter,4,48
scirrhous,4,48
sfb,4,48
shr,4,48
thrombasthenia,4,48
achondroplasia,4,47
ants,4,47
arachnodactyly,4,47
bendamustine,4,47
bupropion,4,47
cataplexy,4,47
cinnamic,4,47
cystamine,4,47
devotional,4,47
dienoyl,4,47
eflornithine,4,47
euthyroid,4,47
exertional,4,47
extensively,4,47
gels,4,47
hemiatrophy,4,47
heptahydrate,4,47
hidrocystoma,4,47
hydroxytestosterone,4,47
hypokalemic,4,47
hypokinesia,4,47
infected,4,47
ketoconazole,4,47
lichenoid,4,47
lissamine,4,47
metachromatic,4,47
myelogenous,4,47
nodding,4,47
novae,4,47
numeric,4,47
orc,4,47
osteoporotic,4,47
papilledema,4,47
perioral,4,47
pralidoxime,4,47
procyanidin,4,47
randomized,4,47
scaffolding,4,47
scientist,4,47
staurosporine,4,47
stippling,4,47
struma,4,47
telescope,4,47
thoracoabdominal,4,47
triatriatum,4,47
urological,4,47
wolfram,4,47
zanthoxylum,4,47
aberration,4,46
baumannii,4,46
bg,4,46
bnt,4,46
brooch,4,46
budd,4,46
cefotiam,4,46
cholate,4,46
culex,4,46
diethylcarbamazine,4,46
disordered,4,46
enhancing,4,46
ethene,4,46
exertion,4,46
exophthalmos,4,46
feminization,4,46
flu,4,46
gastrinoma,4,46
gastroparesis,4,46
glucagonoma,4,46
glycosidase,4,46
glycosylphosphatidylinositol,4,46
granulosus,4,46
horticultural,4,46
javanica,4,46
lolium,4,46
malassezia,4,46
mj,4,46
mutagenesis,4,46
myofibromatosis,4,46
nox,4,46
opiomelanocortin,4,46
osteopoikilosis,4,46
pointes,4,46
propafenone,4,46
prx,4,46
pseudohypoparathyroidism,4,46
scopulariopsis,4,46
silencing,4,46
striae,4,46
supravalvular,4,46
taxane,4,46
tetradecanoic,4,46
tetrahydrochloride,4,46
trifluoperazine,4,46
vivid,4,46
vulvovaginal,4,46
xanthogranulomatous,4,46
yaws,4,46
adjusted,4,45
alloimmune,4,45
anaplasia,4,45
antipyrine,4,45
avidin,4,45
calcifediol,4,45
cannabidiol,4,45
cementoma,4,45
citalopram,4,45
cryptococcal,4,45
cutanea,4,45
df,4,45
dispar,4,45
ei,4,45
enterochromaffin,4,45
erythrina,4,45
exocytosis,4,45
faecium,4,45
hemosiderin,4,45
hordeolum,4,45
hydroa,4,45
hydrophila,4,45
hyperkalemic,4,45
kcnk,4,45
labyrinthitis,4,45
lacunar,4,45
leukomalacia,4,45
mab,4,45
nielsen,4,45
nijmegen,4,45
officers,4,45
phenylketonuria,4,45
pilonidal,4,45
processional,4,45
pseudobulbar,4,45
pseudocyst,4,45
randomization,4,45
received,4,45
rhodopsin,4,45
robusta,4,45
tenuis,4,45
vacciniforme,4,45
versus,4,45
vipoma,4,45
absorbable,4,44
alprenolol,4,44
amantadine,4,44
anetoderma,4,44
antazoline,4,44
apgar,4,44
aphonia,4,44
atlantica,4,44
beclomethasone,4,44
bisoprolol,4,44
bupivacaine,4,44
chitinase,4,44
cidofovir,4,44
clematis,4,44
console,4,44
cryoglobulinemia,4,44
dentigerous,4,44
dimethylacetamide,4,44
dodecanoate,4,44
dryer,4,44
duchenne,4,44
duodenitis,4,44
ebony,4,44
fenfluramine,4,44
fluoxymesterone,4,44
fulvestrant,4,44
hepatis,4,44
hexachlorocyclohexane,4,44
hypericum,4,44
hypomagnesemia,4,44
idoxuridine,4,44
interosseous,4,44
italica,4,44
lactalbumin,4,44
lameness,4,44
lapatinib,4,44
lennox,4,44
loperamide,4,44
myristyl,4,44
naphthoflavone,4,44
nefopam,4,44
onycholysis,4,44
ota,4,44
periostitis,4,44
phialophora,4,44
pinealoma,4,44
progeria,4,44
prosopagnosia,4,44
pustulosis,4,44
rectifier,4,44
rectovaginal,4,44
saccharopine,4,44
schizencephaly,4,44
shortness,4,44
silene,4,44
solvents,4,44
spondyloepimetaphyseal,4,44
stx,4,44
sulbactam,4,44
telencephalic,4,44
tenascin,4,44
thioinosine,4,44
trichosporon,4,44
tylosin,4,44
acromegaly,4,43
aegilops,4,43
alveolitis,4,43
anastrozole,4,43
angiodysplasia,4,43
aqp,4,43
arbutin,4,43
avena,4,43
barth,4,43
biphenotypic,4,43
chromomycin,4,43
cladribine,4,43
defensin,4,43
dequalinium,4,43
dermopathy,4,43
dicamba,4,43
dithiole,4,43
dodecanol,4,43
duloxetine,4,43
equol,4,43
fascioliasis,4,43
filariasis,4,43
floors,4,43
fosfomycin,4,43
franklin,4,43
gonorrhea,4,43
guanethidine,4,43
hemicrania,4,43
hevea,4,43
holly,4,43
immunosorbent,4,43
laurence,4,43
levonorgestrel,4,43
losartan,4,43
manihot,4,43
mbd,4,43
meniere,4,43
microphthalmos,4,43
mip,4,43
morus,4,43
mycophenolic,4,43
neuropil,4,43
nucleotidyltransferase,4,43
oculopharyngeal,4,43
odorant,4,43
offering,4,43
ofloxacin,4,43
opsoclonus,4,43
oxprenolol,4,43
oxygenation,4,43
oxyphenonium,4,43
oxyquinoline,4,43
pagetoid,4,43
panencephalitis,4,43
peliosis,4,43
pharmaceutic,4,43
piriform,4,43
piriformis,4,43
poa,4,43
reciprocating,4,43
rhinotracheitis,4,43
rumex,4,43
secretase,4,43
selegiline,4,43
smoldering,4,43
spp,4,43
striking,4,43
sweeteners,4,43
tegafur,4,43
tetrabutylammonium,4,43
thymidylate,4,43
toothache,4,43
transducers,4,43
trpa,4,43
tsc,4,43
valga,4,43
veronica,4,43
whiplash,4,43
accepted,4,42
agraphia,4,42
akinetic,4,42
alkaptonuria,4,42
anticholinergic,4,42
arp,4,42
arsanilic,4,42
biuret,4,42
blastomycosis,4,42
bornyl,4,42
calorimetry,4,42
canavanine,4,42
ceftriaxone,4,42
certainty,4,42
cogan,4,42
coturnix,4,42
crassostrea,4,42
deanol,4,42
deferoxamine,4,42
director,4,42
dyssynergia,4,42
econazole,4,42
edetate,4,42
ehrlich,4,42
emetine,4,42
epiglottitis,4,42
ethanolamide,4,42
friderichsen,4,42
fs,4,42
fura,4,42
gouty,4,42
hashimoto,4,42
hybrida,4,42
hydroxyestradiol,4,42
incisional,4,42
intraabdominal,4,42
intranuclear,4,42
iodobenzylguanidine,4,42
ips,4,42
laryngomalacia,4,42
leukoencephalitis,4,42
lithiasis,4,42
mammillary,4,42
monascus,4,42
mononucleosis,4,42
mycetoma,4,42
nocturia,4,42
norfloxacin,4,42
oligospermia,4,42
orthophosphate,4,42
overactive,4,42
oxymorphone,4,42
pecten,4,42
perazine,4,42
perindopril,4,42
pl,4,42
polyhydramnios,4,42
prices,4,42
pyridinol,4,42
pyrimethamine,4,42
ranunculus,4,42
raynaud,4,42
renovascular,4,42
restaurants,4,42
restenosis,4,42
ritonavir,4,42
rosenthal,4,42
shaken,4,42
snoring,4,42
spi,4,42
srs,4,42
suicidal,4,42
tabes,4,42
tetramethylammonium,4,42
ticarcillin,4,42
tpp,4,42
trailer,4,42
triethylene,4,42
trimetrexate,4,42
ttc,4,42
vaginosis,4,42
valgum,4,42
waterhouse,4,42
whipple,4,42
ageusia,4,41
alexia,4,41
amebiasis,4,41
anatolian,4,41
annona,4,41
annulare,4,41
armadillo,4,41
asleep,4,41
benzydamine,4,41
bepridil,4,41
beriberi,4,41
betahistine,4,41
bronchopneumonia,4,41
caroli,4,41
cavus,4,41
cervicofacial,4,41
chilblains,4,41
chloroaniline,4,41
cigars,4,41
clarithromycin,4,41
clofibric,4,41
cloning,4,41
clubfoot,4,41
crises,4,41
cruciform,4,41
deiodinase,4,41
deoxyribonucleotide,4,41
dicer,4,41
dnajb,4,41
domperidone,4,41
doxylamine,4,41
dyspareunia,4,41
eaton,4,41
electrocardiography,4,41
eledoisin,4,41
equilin,4,41
erythromelalgia,4,41
faba,4,41
flavanone,4,41
foodborne,4,41
fordyce,4,41
formamidine,4,41
galactorrhea,4,41
haliotis,4,41
hck,4,41
hematocele,4,41
hemoperitoneum,4,41
hyp,4,41
hypocapnia,4,41
hypromellose,4,41
infantilism,4,41
infiltrate,4,41
intrathoracic,4,41
iodocholesterol,4,41
kuru,4,41
lactogen,4,41
langer,4,41
legionnaires',4,41
leukocytoclastic,4,41
lipoidica,4,41
loaded,4,41
lymphocytopenia,4,41
mechanisms,4,41
melaleuca,4,41
melioidosis,4,41
melorheostosis,4,41
methylbutyrate,4,41
micaceous,4,41
microaneurysm,4,41
monilethrix,4,41
mortis,4,41
mydriasis,4,41
neprilysin,4,41
nicotinyl,4,41
oleandomycin,4,41
optica,4,41
panuveitis,4,41
passiflora,4,41
pefloxacin,4,41
physalis,4,41
pneumonic,4,41
properdin,4,41
psychosine,4,41
raloxifene,4,41
reye,4,41
rhoa,4,41
rhod,4,41
rolitetracycline,4,41
scrapie,4,41
smc,4,41
solidago,4,41
sorbitan,4,41
spondylolysis,4,41
steatocystoma,4,41
streptozocin,4,41
stretcher,4,41
tetraacetic,4,41
thiamphenicol,4,41
trematode,4,41
tyrosinate,4,41
underwear,4,41
urtica,4,41
variegate,4,41
vertebrobasilar,4,41
vinson,4,41
zm,4,41
acamprosate,4,40
accrual,4,40
alpina,4,40
autolysis,4,40
azauridine,4,40
bayer,4,40
benefits,4,40
betulinic,4,40
buthionine,4,40
caesalpinia,4,40
cathinone,4,40
cdd,4,40
ceremony,4,40
chilensis,4,40
chordae,4,40
coagulase,4,40
continua,4,40
cri,4,40
cst,4,40
cyanogen,4,40
decamethonium,4,40
decerebrate,4,40
degranulation,4,40
diethanolamine,4,40
dihydroxycholesterol,4,40
ebstein,4,40
enchondromatosis,4,40
enterobiasis,4,40
equinus,4,40
esp,4,40
euonymus,4,40
ffluoro,4,40
fluvastatin,4,40
fumonisin,4,40
gyrate,4,40
hemiacetal,4,40
hepatopulmonary,4,40
holocarboxylase,4,40
homoarginine,4,40
homocystine,4,40
hycanthone,4,40
hydromorphone,4,40
hydroxyphenylpyruvate,4,40
hyperpituitarism,4,40
hyphema,4,40
hypovolemia,4,40
hysteria,4,40
imported,4,40
inguinale,4,40
iodomethyl,4,40
isethionate,4,40
isomaltase,4,40
malva,4,40
manufacturer,4,40
mesocricetus,4,40
methosulfate,4,40
microsporidiosis,4,40
nedocromil,4,40
novobiocin,4,40
olanzapine,4,40
olfaction,4,40
opisthorchiasis,4,40
palonosetron,4,40
paromomycin,4,40
paspalum,4,40
peonidin,4,40
periplaneta,4,40
peritonsillar,4,40
pha,4,40
phytanic,4,40
procainamide,4,40
projecting,4,40
proliferating,4,40
pyometra,4,40
pyridostigmine,4,40
rarefaction,4,40
ropivacaine,4,40
saimiri,4,40
scalded,4,40
sciatica,4,40
shh,4,40
siderosis,4,40
sofa,4,40
straussler,4,40
stupor,4,40
suppuration,4,40
syringa,4,40
tacrine,4,40
taeniasis,4,40
tamsulosin,4,40
toremifene,4,40
tracheomalacia,4,40
trachoma,4,40
tubercidin,4,40
tuberculoid,4,40
tyrocidine,4,40
vanillic,4,40
varicocele,4,40
vecuronium,4,40
venlafaxine,4,40
vincamine,4,40
zygomycosis,4,40
abbott,4,39
acantholysis,4,39
aci,4,39
adiposis,4,39
agmatine,4,39
ainhum,4,39
ampa,4,39
anovulation,4,39
arthus,4,39
asclepias,4,39
athetosis,4,39
babesiosis,4,39
biperiden,4,39
buserelin,4,39
calve,4,39
carbidopa,4,39
cefprozil,4,39
cefuroxime,4,39
celiprolol,4,39
cephapirin,4,39
chromophore,4,39
clofarabine,4,39
comminuted,4,39
coproporphyrinogen,4,39
corpora,4,39
demeclocycline,4,39
dente,4,39
desmin,4,39
desvenlafaxine,4,39
dh,4,39
dothiepin,4,39
endarteritis,4,39
endosulfan,4,39
entorhinal,4,39
ethionine,4,39
etilefrine,4,39
flatfoot,4,39
fucosidase,4,39
glabrata,4,39
glycocholic,4,39
hemimegalencephaly,4,39
hk,4,39
hydrangea,4,39
hydrothorax,4,39
hydroxypentyl,4,39
hyperamylasemia,4,39
hyperphagia,4,39
iridocorneal,4,39
leukorrhea,4,39
levofloxacin,4,39
lymphokine,4,39
menthyl,4,39
metrorrhagia,4,39
misonidazole,4,39
modulated,4,39
muir,4,39
multicentric,4,39
nalorphine,4,39
nanism,4,39
nebivolol,4,39
nephrosclerosis,4,39
neurodermatitis,4,39
oligomenorrhea,4,39
orotidine,4,39
osteophyte,4,39
pacificus,4,39
pasteurellosis,4,39
phenylimidazo,4,39
pinacidil,4,39
pinctada,4,39
pipecuronium,4,39
redwood,4,39
rhinophyma,4,39
rrna,4,39
scleredema,4,39
semustine,4,39
senilis,4,39
sorafenib,4,39
stigmasterol,4,39
sufentanil,4,39
td,4,39
theft,4,39
thiomalate,4,39
tropicamide,4,39
ursolic,4,39
vardenafil,4,39
vesicovaginal,4,39
viloxazine,4,39
acetylserotonin,4,38
aclacinomycin,4,38
adenosylhomocysteine,4,38
adrenochrome,4,38
androstenediol,4,38
angiogenic,4,38
annua,4,38
aps,4,38
asbestosis,4,38
benzenesulfonate,4,38
biscuit,4,38
bromus,4,38
catatonic,4,38
cefamandole,4,38
cefazolin,4,38
ceftizoxime,4,38
dabigatran,4,38
darunavir,4,38
dedifferentiated,4,38
desferrioxamine,4,38
dihydralazine,4,38
doxapram,4,38
elongatus,4,38
endosperm,4,38
equisetum,4,38
esterified,4,38
ethynodiol,4,38
flavonol,4,38
fluocortolone,4,38
fp,4,38
fsh,4,38
fto,4,38
gastroschisis,4,38
glis,4,38
gynecological,4,38
heptaminol,4,38
hydroxybenzoapyrene,4,38
hypochondriasis,4,38
ionomer,4,38
isonicotinate,4,38
levocardia,4,38
lipogranulomatosis,4,38
lisuride,4,38
lobelia,4,38
lobeline,4,38
luffa,4,38
mafenide,4,38
medronate,4,38
methylhex,4,38
minocycline,4,38
mollusk,4,38
motilin,4,38
myxomatosis,4,38
nordefrin,4,38
normetanephrine,4,38
noscapine,4,38
origanum,4,38
osteocalcin,4,38
phalaris,4,38
phenylpyruvic,4,38
pivampicillin,4,38
pramipexole,4,38
prekallikrein,4,38
pycnodysostosis,4,38
remoxipride,4,38
ristocetin,4,38
rt,4,38
sacroiliac,4,38
selenic,4,38
ses,4,38
sildenafil,4,38
silicosis,4,38
spc,4,38
statements,4,38
synesthesia,4,38
tenella,4,38
transdermal,4,38
trihexyphenidyl,4,38
tulipa,4,38
accreta,4,37
ajmaline,4,37
alpinia,4,37
aminocaproic,4,37
amodiaquine,4,37
anthemis,4,37
arylamine,4,37
barking,4,37
betaxolol,4,37
bexarotene,4,37
biloba,4,37
bisacodyl,4,37
bricks,4,37
bromazepam,4,37
bucladesine,4,37
cecropia,4,37
cefonicid,4,37
cilazapril,4,37
citrinin,4,37
convolvulus,4,37
cornual,4,37
crl,4,37
crm,4,37
cyclizine,4,37
cyclohexylamine,4,37
cynodon,4,37
desmosine,4,37
diflucortolone,4,37
diquat,4,37
enalaprilat,4,37
equilenin,4,37
erucic,4,37
ethambutol,4,37
eupatorium,4,37
fasciatus,4,37
feathers,4,37
fingolimod,4,37
foeniculum,4,37
galantamine,4,37
galnt,4,37
grk,4,37
immitis,4,37
impatiens,4,37
isoetharine,4,37
ladders,4,37
lasalocid,4,37
levobunolol,4,37
maydis,4,37
meals,4,37
meperidine,4,37
millimeter,4,37
moclobemide,4,37
nalbuphine,4,37
nicardipine,4,37
nisin,4,37
obstetrics,4,37
ondansetron,4,37
pamidronate,4,37
paniculata,4,37
pervasive,4,37
pirenzepine,4,37
porphyra,4,37
pristinamycin,4,37
proflavine,4,37
proteoglycan,4,37
remnants,4,37
repository,4,37
rheum,4,37
rocking,4,37
rubia,4,37
saxitoxin,4,37
sclerotome,4,37
sesquihydrate,4,37
solifenacin,4,37
spouse,4,37
stereotypic,4,37
sterigmatocystin,4,37
suprofen,4,37
tetrapyrrole,4,37
tilidine,4,37
tolterodine,4,37
trehalase,4,37
undecanoic,4,37
verbascum,4,37
viburnum,4,37
washer,4,37
xamoterol,4,37
xyy,4,37
zolpidem,4,37
acitretin,4,36
adansonia,4,36
aerogenes,4,36
agreements,4,36
agrostis,4,36
alfentanil,4,36
ambulation,4,36
anomala,4,36
aripiprazole,4,36
asper,4,36
atazanavir,4,36
autistic,4,36
aversive,4,36
bisphosphoglycerate,4,36
cefepime,4,36
cephradine,4,36
cetirizine,4,36
chloroadenosine,4,36
cirsium,4,36
corydalis,4,36
csfr,4,36
cyclopentolate,4,36
detector,4,36
dibutyrate,4,36
diethylpropion,4,36
diglycidyl,4,36
dihydroergotamine,4,36
diphenoxylate,4,36
dithiothreitol,4,36
documentary,4,36
escitalopram,4,36
etanidazole,4,36
ethacridine,4,36
fenoterol,4,36
fetishism,4,36
fetoprotein,4,36
fluocinolone,4,36
fluorocarbon,4,36
franc,4,36
fructosamine,4,36
frutescens,4,36
galactokinase,4,36
geotrichum,4,36
gjb,4,36
hydroxyindoleacetic,4,36
hydroxypropanoic,4,36
ide,4,36
inlay,4,36
ironstone,4,36
items,4,36
jefferson,4,36
ketotifen,4,36
laburnum,4,36
managed,4,36
maprotiline,4,36
masochism,4,36
medicaid,4,36
mercaptan,4,36
mesoamerican,4,36
morantel,4,36
moricizine,4,36
mycoplasmal,4,36
myelencephalon,4,36
nephritic,4,36
nl,4,36
npr,4,36
oligohydramnios,4,36
oppositional,4,36
oxysterol,4,36
paliperidone,4,36
penbutolol,4,36
pentagastrin,4,36
pergolide,4,36
phenylmercuric,4,36
phosphoramide,4,36
pimenta,4,36
promazine,4,36
promethium,4,36
propantheline,4,36
protoporphyrinogen,4,36
provenance,4,36
psychosocial,4,36
sadism,4,36
shades,4,36
spicata,4,36
sumatriptan,4,36
terlipressin,4,36
thiobarbituric,4,36
tiagabine,4,36
tirofiban,4,36
trillium,4,36
trimebutine,4,36
uba,4,36
utensils,4,36
viomycin,4,36
vitreoretinal,4,36
winding,4,36
achillea,4,35
almitrine,4,35
alx,4,35
artesunate,4,35
aureobasidium,4,35
batatas,4,35
benserazide,4,35
betacoronavirus,4,35
betazole,4,35
bosentan,4,35
bromocriptine,4,35
bupranolol,4,35
butaclamol,4,35
calsequestrin,4,35
cefaclor,4,35
centralis,4,35
chlormerodrin,4,35
chlorphenesin,4,35
cholesten,4,35
ciclopirox,4,35
claustrophobia,4,35
cleaners,4,35
clobetasol,4,35
clorazepate,4,35
cones,4,35
coughing,4,35
counters,4,35
cyclopentenyl,4,35
danazol,4,35
defiant,4,35
dermacentor,4,35
diaminopurine,4,35
dilazep,4,35
dinoprost,4,35
dysthymic,4,35
edrophonium,4,35
emepronium,4,35
encopresis,4,35
ertapenem,4,35
etiocholanolone,4,35
exercises,4,35
fenofibrate,4,35
fenoldopam,4,35
filipin,4,35
fumaria,4,35
gatifloxacin,4,35
glucosylceramidase,4,35
hexobarbital,4,35
hydroxocobalamin,4,35
idazoxan,4,35
imidocarb,4,35
important,4,35
indinavir,4,35
indoleamine,4,35
ino,4,35
interfaces,4,35
isocyanide,4,35
isoflavones,4,35
karaya,4,35
kinetin,4,35
larvae,4,35
levalbuterol,4,35
licheniformis,4,35
lidofenin,4,35
ligustrum,4,35
lucanthone,4,35
melilotus,4,35
memantine,4,35
metyrapone,4,35
microarray,4,35
milnacipran,4,35
mitotane,4,35
mykiss,4,35
naphthalimide,4,35
naringenin,4,35
nitromifene,4,35
nomifensine,4,35
pargyline,4,35
patulin,4,35
pca,4,35
pedophilia,4,35
penicillanic,4,35
phenmetrazine,4,35
phentermine,4,35
phosphocreatine,4,35
phosphoglucomutase,4,35
picloram,4,35
praziquantel,4,35
premaxilla,4,35
procalcitonin,4,35
quinapril,4,35
rabeprazole,4,35
ranolazine,4,35
ritodrine,4,35
robo,4,35
santonin,4,35
schizotypal,4,35
selenious,4,35
serrate,4,35
sesamum,4,35
solani,4,35
stavudine,4,35
streptodornase,4,35
sulpiride,4,35
thiethylperazine,4,35
throughput,4,35
tilorone,4,35
tretoquinol,4,35
triamterene,4,35
trichotillomania,4,35
triclosan,4,35
trimeprazine,4,35
trimmer,4,35
vigabatrin,4,35
volunteers,4,35
xml,4,35
agrimonia,4,34
agropyron,4,34
ancitabine,4,34
antirheumatic,4,34
apartment,4,34
approaches,4,34
atracurium,4,34
benztropine,4,34
bromhexine,4,34
canthaxanthin,4,34
carbaryl,4,34
carbocysteine,4,34
carteolol,4,34
cav,4,34
cefotetan,4,34
cefoxitin,4,34
chlorobutanol,4,34
chlorphentermine,4,34
cinacalcet,4,34
circumventricular,4,34
clioquinol,4,34
clopenthixol,4,34
colforsin,4,34
contractures,4,34
cytokines,4,34
dactylis,4,34
diazole,4,34
didanosine,4,34
dihydroergocristine,4,34
dizocilpine,4,34
dobesilate,4,34
dyphylline,4,34
fenclonine,4,34
fenestra,4,34
fh,4,34
flavoxate,4,34
fluorescens,4,34
fluorometholone,4,34
fucus,4,34
fusaric,4,34
gabexate,4,34
glycerate,4,34
hacridine,4,34
hypogastric,4,34
iduronidase,4,34
impromidine,4,34
indigofera,4,34
isoxsuprine,4,34
ivabradine,4,34
kawasaki,4,34
lacosamide,4,34
levobupivacaine,4,34
levopropoxyphene,4,34
lurasidone,4,34
lypressin,4,34
lysinate,4,34
lyso,4,34
manager,4,34
medazepam,4,34
mefruside,4,34
mephentermine,4,34
mertiatide,4,34
mesalamine,4,34
mesonephros,4,34
metaraminol,4,34
methohexital,4,34
methysergide,4,34
microbiological,4,34
midodrine,4,34
mlh,4,34
multocida,4,34
myelopathy,4,34
myroxylon,4,34
nafenopin,4,34
neoformans,4,34
nepeta,4,34
nonoxynol,4,34
nrc,4,34
oxymetazoline,4,34
pantoprazole,4,34
paracoccidioides,4,34
paramethasone,4,34
perhexiline,4,34
pesticides,4,34
phenylbutyric,4,34
phenylpropionate,4,34
phospholipids,4,34
pioglitazone,4,34
prenalterol,4,34
proglumide,4,34
propiolactone,4,34
quinpirole,4,34
quipazine,4,34
remifentanil,4,34
reptilian,4,34
ribosomes,4,34
ribostamycin,4,34
risperidone,4,34
rpa,4,34
saponaria,4,34
scid,4,34
sisomicin,4,34
sorbus,4,34
sotalol,4,34
stamping,4,34
subjects,4,34
succimer,4,34
sym,4,34
talampicillin,4,34
taraxacum,4,34
terbinafine,4,34
terbutaline,4,34
terpineol,4,34
tetrahydrocortisol,4,34
teucrium,4,34
thiazolium,4,34
ticlopidine,4,34
tiletamine,4,34
tolperisone,4,34
trichostrongylus,4,34
trientine,4,34
ubr,4,34
undecylenic,4,34
xanthium,4,34
zolazepam,4,34
acepromazine,4,33
allergens,4,33
alphacoronavirus,4,33
alphaprodine,4,33
ambenonium,4,33
ambroxol,4,33
americans,4,33
anderson,4,33
atomoxetine,4,33
atrasentan,4,33
atrox,4,33
attribution,4,33
bencyclane,4,33
borane,4,33
buckeye,4,33
bunolol,4,33
caliper,4,33
carisoprodol,4,33
cefmetazole,4,33
celosia,4,33
clemastine,4,33
clozapine,4,33
cromakalim,4,33
cryptomeria,4,33
culturally,4,33
currents,4,33
dehydroascorbic,4,33
deslanoside,4,33
dexmethylphenidate,4,33
dianhydrogalactitol,4,33
dicyclomine,4,33
dihydroergocornine,4,33
dimethindene,4,33
dronedarone,4,33
dubia,4,33
endplate,4,33
enoxacin,4,33
etazolate,4,33
ethacrynic,4,33
famotidine,4,33
festuca,4,33
fludrocortisone,4,33
flufenamic,4,33
flumethasone,4,33
fn,4,33
fut,4,33
gallopamil,4,33
gcarbazole,4,33
guanfacine,4,33
hatchet,4,33
hexoprenaline,4,33
immobilization,4,33
interrenal,4,33
iofetamine,4,33
iopamidol,4,33
irs,4,33
isradipine,4,33
jatropha,4,33
kata,4,33
lady's,4,33
leptophos,4,33
lespedeza,4,33
ligamentum,4,33
lofepramine,4,33
lopinavir,4,33
loratadine,4,33
lycopersicum,4,33
mammography,4,33
masticatory,4,33
meclofenoxate,4,33
medulloepithelioma,4,33
melo,4,33
mepivacaine,4,33
meptazinol,4,33
mesoridazine,4,33
methantheline,4,33
methoxychlor,4,33
mianserin,4,33
mibefradil,4,33
micrurus,4,33
milrinone,4,33
mirtazapine,4,33
moxifloxacin,4,33
nafoxidine,4,33
nasturtium,4,33
neurosecretory,4,33
nimustine,4,33
nisoldipine,4,33
nrg,4,33
olopatadine,4,33
oseltamivir,4,33
ossicle,4,33
ostomy,4,33
pancuronium,4,33
pemoline,4,33
pentolinium,4,33
phenazocine,4,33
pimelic,4,33
piracetam,4,33
planting,4,33
pregabalin,4,33
propenoate,4,33
propoxycaine,4,33
prospidium,4,33
pulposus,4,33
quetiapine,4,33
removable,4,33
rimantadine,4,33
safrole,4,33
sarin,4,33
smilax,4,33
smokers,4,33
spry,4,33
srp,4,33
steryl,4,33
sulfamethizole,4,33
sulfinpyrazone,4,33
telmisartan,4,33
terahertz,4,33
tiapamil,4,33
toyocamycin,4,33
trifluridine,4,33
tripeptide,4,33
troglitazone,4,33
ucb,4,33
valerian,4,33
zoledronic,4,33
adiantum,4,32
aminorex,4,32
anacardium,4,32
anisakis,4,32
aprindine,4,32
arsphenamine,4,32
astatine,4,32
beater,4,32
bethanidine,4,32
bt,4,32
butoxamine,4,32
caninum,4,32
canrenone,4,32
capsella,4,32
cephaloglycin,4,32
cfr,4,32
chf,4,32
chlorisondamine,4,32
chloroacetophenone,4,32
chlorogenic,4,32
cisapride,4,32
claustrum,4,32
clonazepam,4,32
ddr,4,32
deazauridine,4,32
demecolcine,4,32
dexfenfluramine,4,32
dexpramipexole,4,32
dextromoramide,4,32
dihydroergocryptine,4,32
dimethisterone,4,32
disofenin,4,32
diuron,4,32
droperidol,4,32
dubius,4,32
eno,4,32
epithalamus,4,32
eryngium,4,32
esculin,4,32
etidronic,4,32
exchanges,4,32
fadrozole,4,32
fluprednisolone,4,32
foxp,4,32
fresco,4,32
glazing,4,32
guanabenz,4,32
gubernaculum,4,32
haptic,4,32
helleborus,4,32
homopolymer,4,32
hps,4,32
hymenaea,4,32
illicium,4,32
indoramin,4,32
iodipamide,4,32
ketanserin,4,32
levulinic,4,32
litchi,4,32
manuscript,4,32
mecamylamine,4,32
mek,4,32
melitensis,4,32
methandriol,4,32
methoxamine,4,32
methylcellulose,4,32
metipranolol,4,32
mivacurium,4,32
modafinil,4,32
monticola,4,32
moxalactam,4,32
mulatta,4,32
nac,4,32
nelumbo,4,32
nephrectomy,4,32
netilmicin,4,32
neuroscience,4,32
nitropyrene,4,32
nylidrin,4,32
obidoxime,4,32
oenanthe,4,32
opipramol,4,32
orgasm,4,32
outpatient,4,32
oxamniquine,4,32
oxymetholone,4,32
pacing,4,32
paeonia,4,32
parapharyngeal,4,32
paraspinal,4,32
persimmon,4,32
phenoxybenzamine,4,32
phytosterols,4,32
polypodium,4,32
pouteria,4,32
prenylamine,4,32
prodrug,4,32
prunella,4,32
quantification,4,32
raclopride,4,32
raltegravir,4,32
razoxane,4,32
rimonabant,4,32
ritanserin,4,32
rivastigmine,4,32
rolipram,4,32
rolled,4,32
rspo,4,32
rugosa,4,32
salsola,4,32
schist,4,32
silymarin,4,32
sinica,4,32
solanaceous,4,32
solanine,4,32
spinosa,4,32
streptonigrin,4,32
sucralfate,4,32
sulfamonomethoxine,4,32
tattooing,4,32
tectum,4,32
tetrahydrouridine,4,32
tolvaptan,4,32
tribes,4,32
tricarbonyl,4,32
triflupromazine,4,32
trifluralin,4,32
trimetazidine,4,32
trimethaphan,4,32
tropine,4,32
ulex,4,32
vac,4,32
valinomycin,4,32
xanthinol,4,32
xinafoate,4,32
acecainide,4,31
aclarubicin,4,31
aflatoxins,4,31
aldrin,4,31
aleurites,4,31
alicyclic,4,31
aminonaphthalene,4,31
amisulpride,4,31
anisomycin,4,31
anthralin,4,31
apazone,4,31
argemone,4,31
aurothioglucose,4,31
aztreonam,4,31
bartholin,4,31
bendroflumethiazide,4,31
bephenium,4,31
berkelium,4,31
bromophenol,4,31
buformin,4,31
bumetanide,4,31
burnetii,4,31
calleja,4,31
cannabinol,4,31
cathedral,4,31
cedrela,4,31
cga,4,31
chlormequat,4,31
chlormezanone,4,31
chlorpropamide,4,31
chlorzoxazone,4,31
clarinet,4,31
clonixin,4,31
colonies,4,31
consensus,4,31
corchorus,4,31
cricoid,4,31
debrisoquin,4,31
desflurane,4,31
dichlorobenzidine,4,31
docosahexaenoate,4,31
doripenem,4,31
dracaena,4,31
eels,4,31
einsteinium,4,31
elapid,4,31
enough,4,31
enoximone,4,31
enrofloxacin,4,31
epizootic,4,31
estetrol,4,31
ethylsuccinate,4,31
etidocaine,4,31
euterpe,4,31
fendiline,4,31
finasteride,4,31
flashing,4,31
flucytosine,4,31
flumazenil,4,31
gabra,4,31
galacturonic,4,31
gastroepiploic,4,31
gleditsia,4,31
gliclazide,4,31
glycerophosphate,4,31
guaifenesin,4,31
harmala,4,31
hexobendine,4,31
hyacinthus,4,31
hyoscyamus,4,31
imiquimod,4,31
indoprofen,4,31
intraosseous,4,31
ionomycin,4,31
iprindole,4,31
iproniazid,4,31
irak,4,31
irbesartan,4,31
jasminum,4,31
lif,4,31
lynestrenol,4,31
madder,4,31
mannomustine,4,31
methoprene,4,31
methoxsalen,4,31
methylxanthine,4,31
mimosine,4,31
mitis,4,31
moxisylyte,4,31
mycobacterial,4,31
narcotics,4,31
nateglinide,4,31
nephrology,4,31
nephronophthisis,4,31
nimodipine,4,31
nitracrine,4,31
nitrendipine,4,31
nitroprusside,4,31
nodosus,4,31
nv,4,31
nyssa,4,31
pediculus,4,31
pentapeptide,4,31
peracetic,4,31
phenoperidine,4,31
phenylalaninate,4,31
phosphonoacetic,4,31
pipemidic,4,31
piperoxan,4,31
porfiromycin,4,31
pusilla,4,31
putative,4,31
rifaximin,4,31
rilmenidine,4,31
schinus,4,31
stachys,4,31
sulfamerazine,4,31
sulfamethoxypyridazine,4,31
sulfaphenazole,4,31
sulfasalazine,4,31
sulfisomidine,4,31
tenuazonic,4,31
tetani,4,31
tetrabenazine,4,31
thiazoles,4,31
thiophanate,4,31
thyronine,4,31
tiapride,4,31
tiopronin,4,31
trabectedin,4,31
trigonella,4,31
trimecaine,4,31
tubulointerstitial,4,31
tyrothricin,4,31
ulva,4,31
vitex,4,31
vorinostat,4,31
zalcitabine,4,31
zanamivir,4,31
zonisamide,4,31
abacavir,4,30
acetohexamide,4,30
aconitine,4,30
acorus,4,30
additives,4,30
ale,4,30
alfadolone,4,30
amb,4,30
amrinone,4,30
anagallis,4,30
astemizole,4,30
atra,4,30
avicennia,4,30
azaserine,4,30
azoxymethane,4,30
benzbromarone,4,30
bezafibrate,4,30
boiler,4,30
bufexamac,4,30
bunaftine,4,30
butea,4,30
cabergoline,4,30
carbimazole,4,30
carboxin,4,30
cefatrizine,4,30
cholane,4,30
chromogenic,4,30
cilostazol,4,30
clobazam,4,30
cyamopsis,4,30
cyclandelate,4,30
cyclofenil,4,30
desmosterol,4,30
desogestrel,4,30
dexetimide,4,30
dicofol,4,30
diflubenzuron,4,30
dorsomedial,4,30
droxidopa,4,30
edged,4,30
enanthate,4,30
epirizole,4,30
ethylestrenol,4,30
etoricoxib,4,30
exact,4,30
famciclovir,4,30
felodipine,4,30
fermium,4,30
ferula,4,30
fleroxacin,4,30
fluconazole,4,30
fluocinonide,4,30
frequently,4,30
gestonorone,4,30
glafenine,4,30
glya,4,30
haemolytica,4,30
haversian,4,30
hexachlorobenzene,4,30
hmg,4,30
holcus,4,30
housekeeping,4,30
hypotonic,4,30
ila,4,30
ioxaglic,4,30
ketoses,4,30
lamotrigine,4,30
lantana,4,30
lanthanoid,4,30
linezolid,4,30
liriodendron,4,30
mannosyltransferase,4,30
mazindol,4,30
meclofenamic,4,30
mephenesin,4,30
mesterolone,4,30
methandrostenolone,4,30
methyclothiazide,4,30
methyltryptophan,4,30
microcystic,4,30
millettia,4,30
nicarbazin,4,30
nicergoline,4,30
niceritrol,4,30
nimorazole,4,30
nitrilotriacetate,4,30
nitrovin,4,30
nitroxide,4,30
nizatidine,4,30
nonstop,4,30
ornidazole,4,30
ornithogalum,4,30
oxandrolone,4,30
oxytropis,4,30
peptostreptococcus,4,30
photosensitizing,4,30
polythiazide,4,30
practolol,4,30
prazepam,4,30
prednimustine,4,30
pregnanetriol,4,30
psychoactive,4,30
punctatus,4,30
pyrrolnitrin,4,30
quinestrol,4,30
rationale,4,30
rhizome,4,30
rl,4,30
rosmarinus,4,30
roxarsone,4,30
schlemm's,4,30
sealant,4,30
secale,4,30
solium,4,30
spartium,4,30
spiperone,4,30
stanozolol,4,30
ste,4,30
sulfamoxole,4,30
sulfaquinoxaline,4,30
telbivudine,4,30
testolactone,4,30
tetrahydrofurfuryl,4,30
thoughts,4,30
thp,4,30
tinidazole,4,30
tolnaftate,4,30
tranexamic,4,30
tranquilizing,4,30
trichlorophenol,4,30
trichuris,4,30
trifluperidol,4,30
tryptamines,4,30
zingiber,4,30
ziziphus,4,30
zoxazolamine,4,30
acedapsone,4,29
alphah,4,29
aminonicotinamide,4,29
amoxapine,4,29
anidulafungin,4,29
aquilegia,4,29
asb,4,29
atl,4,29
atr,4,29
azaperone,4,29
bambusa,4,29
benomyl,4,29
biguanide,4,29
borago,4,29
brassicae,4,29
bronchiseptica,4,29
bulbs,4,29
calluna,4,29
cambendazole,4,29
cancellous,4,29
canrenoic,4,29
capillaries,4,29
carbadox,4,29
carbutamide,4,29
carum,4,29
cephaloridine,4,29
cgi,4,29
chlorotrianisene,4,29
chlorpropham,4,29
chlorquinaldol,4,29
chondrus,4,29
cinoxacin,4,29
clofazimine,4,29
coix,4,29
colchicum,4,29
convallaria,4,29
curves,4,29
cuscuta,4,29
cyclacillin,4,29
cyclazocine,4,29
cyclopenthiazide,4,29
decoquinate,4,29
deferasirox,4,29
deferiprone,4,29
diamfenetide,4,29
dibenzothiophene,4,29
dieldrin,4,29
diketogulonic,4,29
dinitolmide,4,29
dydrogesterone,4,29
eagles,4,29
elective,4,29
endrin,4,29
ethisterone,4,29
ethopabate,4,29
ethoxzolamide,4,29
ethylbenzene,4,29
etretinate,4,29
febuxostat,4,29
felbamate,4,29
felypressin,4,29
fenbendazole,4,29
feprazone,4,29
furazolidone,4,29
gelsemium,4,29
gestrinone,4,29
glucuronyl,4,29
halofenate,4,29
heterozygosity,4,29
hexetidine,4,29
intestines,4,29
inula,4,29
iodamide,4,29
ipecac,4,29
ipronidazole,4,29
isocarboxazid,4,29
isocyanates,4,29
kh,4,29
khellin,4,29
lactoside,4,29
ledum,4,29
lubiprostone,4,29
mahonia,4,29
mallotus,4,29
masoprocol,4,29
mecom,4,29
melarsoprol,4,29
metergoline,4,29
methadyl,4,29
methazolamide,4,29
metolazone,4,29
metrizoic,4,29
mirex,4,29
mopidamol,4,29
morinda,4,29
muzolimine,4,29
needed,4,29
nerium,4,29
neurology,4,29
neuroprotective,4,29
niclofolan,4,29
nicorandil,4,29
niflumic,4,29
niridazole,4,29
nocodazole,4,29
norgestrienone,4,29
occasional,4,29
orthobunyavirus,4,29
oversight,4,29
owl,4,29
oxcarbazepine,4,29
oxolinic,4,29
palaquium,4,29
pastinaca,4,29
phellodendron,4,29
phenindione,4,29
pipobroman,4,29
piromidic,4,29
powders,4,29
probucol,4,29
promegestone,4,29
propanidid,4,29
propanil,4,29
propidium,4,29
pyrimidines,4,29
racism,4,29
riluzole,4,29
ronidazole,4,29
salicylamide,4,29
sarcoglycan,4,29
sedum,4,29
sennosides,4,29
sequoiadendron,4,29
sevoflurane,4,29
simendan,4,29
soman,4,29
stevia,4,29
strikes,4,29
stuffed,4,29
sulfaguanidine,4,29
sural,4,29
taxodium,4,29
terfenadine,4,29
tetracyclines,4,29
tetradecenoic,4,29
thimerosal,4,29
tolerant,4,29
toona,4,29
toxaphene,4,29
tra,4,29
trapidil,4,29
triacetin,4,29
triaziquone,4,29
triethiodide,4,29
triparanol,4,29
troglodytes,4,29
troleandomycin,4,29
trypan,4,29
tussilago,4,29
xipamide,4,29
ziram,4,29
actaea,4,28
alstonia,4,28
alveoli,4,28
anions,4,28
antistatic,4,28
antithyroid,4,28
applicable,4,28
barbiturates,4,28
bartholin's,4,28
basolateral,4,28
bees,4,28
boehmeria,4,28
