word,kind,described,traits,name,why
Ligularia,genus,"Tall herb of wet alpine meadow and stream side. Huge kidney-shaped basal leaves as wide as a plate on long stalks, then a tall torch of bright yellow daisy heads whose ray florets are long narrow straps. Root boiled for cough. First thing seen: round leaves at the ground, yellow torch above.","strap ray floret; huge round basal leaf; yellow spike; wet alpine meadow; cough root","tongue + flower","The Latin ligula is a little tongue and names the strap ray, which is the one trait true of every species and visible on meeting it."
Indigofera,genus,"Legume shrub or herb with pinnate leaves, spikes of small pink-purple pea flowers and slender pods. The leaves ferment to a deep blue, and this is the plant that dyed the world's cloth blue for three thousand years.","blue dye from leaves; pea flower; pinnate leaf; shrub","blue + dye","Latin indigo-bearing and Chinese wood blue say the same thing. The plant is not blue, it MAKES blue, so dye carries the sense that colour alone would lose."
Plagiochila,genus,"Leafy liverwort of wet shaded forest, growing on bark and rock in flat overlapping feathery mats, translucent green, each shoot a double row of round toothed leaves like a feather laid flat.","feather-flat shoot; overlapping leaves; wet shade; bark and rock; translucent green","feather + moss","The Chinese calls it feather moss and that is exactly what the mats look like. Minimal, and a person meeting it would guess it."
Viburnum,genus,"Shrub with opposite pleated strongly veined leaves, a flat white plate of flowers often ringed with larger sterile ones, then clusters of red or black berries. Straight young shoots were cut for arrow shafts, which is where the English name comes from.","flat white flower plate; red berry; opposite pleated leaf; straight shoots for arrows","arrow + wood","Flat white cyme and red drupe are shared with too many shrubs. The straight arrow shoot is a use, is what English already calls it, and is what matters to someone who needs a shaft."
Saussurea,genus,"Alpine thistle of high stony ground, wrapped in dense white wool, the snow lotus swaddled in translucent woolly bracts that trap the sun's heat at altitude. Purple thistle heads buried in the wool.","dense white wool; alpine and high stony; thistle head; bracts trapping heat","wool + thistle","Chinese wind-hair points at the same wool. Wool separates it from every other thistle, and it is the first thing a hand feels."
Scrophularia,genus,"Square-stemmed herb with opposite leaves and small dull maroon-brown pitcher flowers that wasps work. Rank smell when bruised. The dark tuberous root is dug for fever and swelling.","square stem; small brown helmet flower; rank smell; dark medicinal tuber","dark + root","Chinese xuan shen is dark root, and the root is the whole reason the plant is known and gathered. The flowers are too dull to name it by."
Begonia,genus,"Fleshy translucent jointed stem, and a leaf that is plainly LOPSIDED, one half larger than the other, often silver-marked or red beneath. Pink or white flowers, winged triangular seed cases. The stem is sharply sour and is eaten as a sour vegetable.","lopsided asymmetric leaf; fleshy jointed stem; sour juice; winged seed case","crooked + leaf","The unequal leaf is unique in the whole flora and is the first thing anyone notices. Nothing else needs saying."
Aralia,genus,"Stout prickly stem carrying the largest compound leaves in the temperate wood, with a frothy head of tiny white flowers and black berries. The young spring shoot is cut and eaten before the prickles harden.","thick prickly stem; enormous compound leaf; edible spring shoot; white froth of flowers","thorn + shoot","Chinese song mu is thorn tree. Thorn alone fits too many shrubs, so the edible shoot is added, which is also why people go to it."
Gastrodia,genus,"An orchid with no leaves and no green at all, living on the fungus in the forest floor. A bare brown or straw stalk pushes up carrying dull tubular flowers, then dies back. The underground tuber is dug for headache and dizziness.","no leaves, no green; bare stalk; feeds on fungus; tuber for headache","bare + orchid","Leaflessness is total and is the first thing seen, a stalk standing with nothing on it. No other orchid here is bare."
Deyeuxia,genus,"Tufted perennial grass of damp meadow and hillside, with a fine feathery flower head and a tuft of long hairs at the base of each floret, standing shorter than a true reed.","tufted; feathery panicle; hairs at floret base; damp meadow; reed-like but small","small + reed","English already calls the group small-reed. Two parts, true of the genus, and it places the plant beside the reed it resembles."
Berberis,genus,"Spiny shrub carrying three-pronged thorns at each node and rosettes of small spoon-shaped leaves. Hanging yellow flowers, then oblong scarlet berries sharp enough to make the mouth water. Cut the stem and the wood and inner bark are BRIGHT YELLOW, and that yellow is both dye and medicine.","three-pronged thorn; bright yellow inner wood; red sour berry; yellow hanging flower","yellow + thorn","Thorn and berry alone would take in rose and bramble. The yellow wood under the bark is unique, valuable, and paired with the thorn names it exactly."
Gentiana,genus,"Herb of high short turf, often with deep blue trumpet flowers that open to the sun and shut in cloud. The root is ferociously bitter, the standard bitter tonic east and west, dug for the liver.","deep blue trumpet; alpine turf; violently bitter root; opens to sun","bitter + root","Chinese long dan is dragon's bile, the same bitterness. Not every species is blue but every one is bitter, so bitterness is the accurate half."
Oreocharis,genus,"A flat rosette of thick wrinkled hairy leaves pressed against wet shaded limestone cliff in the south-west, throwing up slender stalks of nodding bell flowers in yellow, orange or purple.","rosette flat on wet cliff; thick wrinkled hairy leaf; nodding bell flower; limestone shade","cliff + bell","The Latin mountain-grace is vague. Where it lives and what the flower is shaped like are both exact and both visible at a glance."
Dalbergia,genus,"Tropical legume tree and liana with pinnate leaves, small white pea flowers and flat papery pods. The heartwood is dense, dark red-brown and FRAGRANT, and it is the rosewood of furniture and instruments, the most trafficked timber on earth.","fragrant dense heartwood; dark red-brown wood; pea flower; papery pod; prized timber","scent + wood","Red wood alone fits many timbers. The fragrance of the heartwood is what separates rosewood from all of them and is why it is cut."
Stipa,genus,"Tufted grass of dry steppe. Every seed carries a long twisted awn, feathered or needle-fine, that turns with the damp and drills the sharp seed into the soil, and into the wool and skin of whatever walks through.","long twisted awn; needle-sharp seed that drills; dry steppe; feathery plume","needle + grass","The Chinese says needle grass and the seed really does work like a needle. Minimal, exact, and anyone who has walked through it knows."
Boehmeria,genus,"Tall herb or shrub with nettle-like toothed opposite leaves, often white-felted beneath, but WITHOUT the sting. The bast under the bark strips into ramie, among the strongest fibres there is, spun for cloth and laid into rope.","nettle leaf without sting; white felt beneath; very strong bast fibre; cloth and rope","rope + nettle","It looks like a nettle and is used like flax. Naming it by the fibre says why anyone walks to it, and nettle places the leaf."
Athyrium,genus,"Soft finely cut fern of damp wood, fronds twice or three times divided into lace, rising in a shuttlecock crown from a brittle pale or reddish stalk. Under the frond the spore covers curve like a hoof.","lacy twice-cut frond; shuttlecock crown; brittle pale stalk; hoof-curved spore cover; damp wood","hoof + fern","Lacy fits half the ferns there are. The hooked spore cover is diagnostic, and the Chinese had already picked it out as the hoof."
Kengyilia,genus,"Tufted grass of cold high plateau sand and gravel, with a dense bristly spike in the wheat tribe, grazed hard by yak where almost nothing else grows.","wheat-like bristly spike; cold high plateau; sand and gravel; grazed by yak","high + wheat + grass","No feature of the plant itself is distinctive, so the name is where it grows and what it belongs to. It grows higher than any of its relatives."
Mallotus,genus,"Small tree whose whole underside is covered in woolly star-shaped hairs, often with rust-red or golden glands. Broad, often three-lobed leaves. The fruit of one species is rubbed for kamala, a brilliant red-orange dye powder.","woolly star hairs all over; rust-red glands; broad three-lobed leaf; red dye from fruit","wool + tree","The Latin means fleecy and the wool is on every species. The red dye belongs to one species only, so it cannot carry the genus."
Silene,genus,"Herb with opposite leaves and a five-petalled notched white or pink flower sitting in an INFLATED BLADDER of a calyx. The stems of many are glandular and sticky enough to hold a fly, and some open and give scent only at dusk for moths.","inflated bladder calyx; sticky stem that traps flies; notched petal; night scent","sticky + flower","Latin names it for foam-covered Silenus and Chinese calls it fly grass. Both point at the stickiness, so two independent witnesses agree."
Aconitum,genus,"Tall herb with deeply cut dark palmate leaves and deep blue-purple flowers whose upper sepal arches into a HELMET. The tuberous root is among the deadliest things that grow, smeared on arrow and spear, and given in minute processed doses for pain.","helmet-hooded flower; deep blue-purple; deadly tuber; arrow poison; cut palmate leaf","hood + flower","The hood is unmistakable, unique among blue flowers, and is what is seen first. The poison is famous but invisible."
Bambusa,genus,"Clumping bamboo of the warm south, hollow jointed woody stems rising in a dense tuft, with sharp thorny branches tangled about the base of the clump.","clumping not running; thorny branches at the base; hollow jointed stem; warm south","thorn + bamboo","Chinese le zhu is thorn bamboo exactly. The thorns at the clump base separate it from every other bamboo here."
Sageretia,genus,"Thorny scrambling shrub with small glossy opposite leaves, spikes of tiny fragrant flowers and small purple-black sweet-sour fruits that birds strip. Leaves are brewed as tea, and the twisted stems are trained as bonsai.","thorny scrambler; tiny plum-like fruit; birds strip it; glossy small leaf; leaf tea","bird + plum","The Chinese sparrow plum vine names the fruit and the birds together, which is how anyone meets the plant, following a flock into the thicket."
Flemingia,genus,"Legume shrub whose flowers hide inside conspicuous folded leafy bracts like a closed fan. The deep taproot is so firmly set that the Chinese name says it would take a thousand pounds to pull it out, and that root is what is dug for medicine.","folded fan-like bracts; hidden flower; immovably deep taproot; trifoliate leaf","strong + root","The Chinese name is entirely about the root that will not come out, and the root is what is gathered. Nothing above ground is as telling."
Indocalamus,genus,"Dwarf bamboo carrying very large broad leaves, low in the forest understorey. The leaf is the point: it wraps rice dumplings, is sewn into rain hats, and is laid over boat awnings.","very broad large leaf; dwarf bamboo; leaf wraps food; leaf for rain hats","wrap + bamboo","The Chinese character ruo names the broad bamboo leaf used for wrapping. The use is the identity, and it is short."
Mucuna,genus,"Huge tropical liana with trifoliate leaves, throwing down long ropes hung with chains of dark claw-shaped flowers. The pods are covered in orange hairs that break off in the skin and itch savagely for days. Big glossy sea beans drift oceans and wash up whole.","stinging itch hairs on the pod; giant climbing rope; claw flowers in hanging chains; drifting glossy bean","itch + vine","Everyone who has touched the pod remembers only the itch. It is unique, it is the first thing learned about the plant, and it is two words."
Isachne,genus,"Small soft grass of marsh edge and wet ditch with lance-shaped leaves and an open airy head of tiny round paired grains, the two of a pair alike in size and ripening together.","paired equal grains; open airy head; wet ground; small round spikelet","twin + grain","The Latin says equal chaff and means the paired florets, which is the one character that holds across the genus and can be seen in the hand."
Allium,genus,"Bulb in the ground, hollow or strap leaves, a globe of star flowers on a bare stalk. Crush any part of it and the smell is unmistakable and sharp enough to sting the eyes. Onion, garlic, leek and chive are all this one kind.","bulb; pungent sulphur smell; globe umbel; hollow leaf; the oldest kitchen plant","onion","The whole genus is the onion kind and every language already has one word for it. Adding a describing word would be adding one nobody needs."
Diplazium,genus,"Fern of damp forest floor with broad once or twice cut fronds rising from a stout crown, the spore lines set in pairs back to back along each vein. The coiled young fronds are picked and eaten across Asia.","paired back-to-back spore lines; broad cut frond; edible fiddlehead; damp forest","twin + fern","Chinese and Latin agree on the doubling, and the paired spore lines separate it from every fern beside it."
Musa,genus,"Giant herb whose trunk is nothing but rolled leaf bases. Enormous paddle leaves tear along their veins in wind into a ragged fan. A heavy purple bud hangs down and opens hand after hand of fruit.","false trunk of rolled leaves; huge paddle leaf shredding in wind; hanging purple bud; hands of fruit","banana","The fruit is among the most eaten things on earth and already has a single word everywhere. A compound here would be longer and say less."
Eutrema,genus,"Low crucifer rooted in cold running mountain water, heart-shaped leaves on long stalks, small white cross flowers. The thick green rhizome grated fresh is fiercely pungent, and the heat runs up into the nose rather than burning the tongue.","cold running water; heart leaf; green rhizome; heat that goes up the nose","nose + fire","The burn is unlike any other pungency because of where it is felt, and that is exactly what the two words say. Anyone who has eaten it knows the name at once."
Luzula,genus,"Grass-like plant of wood and moor with flat soft leaves fringed all along their edges with long white hairs that hold dew and catch the light. Clusters of small brown papery flowers.","long white hairs fringing the leaf edge; dew caught on the hairs; flat grassy leaf; brown papery flower","hair + rush","The fringe of hairs is the one character that tells it from every true rush at a glance, and it is why the Latin name means glowworm."
Aspidistra,genus,"Thick dark lance-shaped leaves standing straight out of deep shade, enduring drought, dark and neglect for years. The flowers are the strange part: fleshy purple-brown cups sitting ON THE GROUND among the leaf bases, worked by gnats and springtails.","flowers at ground level among the leaf bases; tough dark leathery leaf; deep shade; almost unkillable","ground + flower","A flower opening on the soil itself is rare enough to name by, and once seen it is never mistaken. Toughness is shared with too many plants."
Reevesia,genus,"Tree of the mallow kin with leathery simple leaves and showy fragrant heads of white or pink flowers, each one pushing out a long slender column far beyond the petals with the anthers crowded at its tip. Woody pear-shaped capsules split to loose winged seeds.","long protruding stamen column; fragrant white or pink head; winged seed from a woody capsule; bark fibre","pillar + flower","The column standing out of the flower is unmistakable and is the character the genus is built on."
Echinops,genus,"A perfect steel-blue SPHERE of spiny flowers held on a stout stem above deeply cut prickly leaves that are grey and woolly beneath. Bees work the globe all around.","ball of blue spiny flowers; prickly cut leaf; grey wool beneath; stout stem","thorn + ball","The Latin says hedgehog face and the Chinese says blue thorn head. Both point at the same spiny sphere, and no other plant makes one."
Neillia,genus,"Shrub of the rose kin with arching canes and doubly toothed lobed leaves, hung with slender drooping strings of small tubular pink or white flowers, one after another like beads on a thread.","drooping thread of small tubular flowers; arching cane; lobed doubly toothed leaf; small dry inflated fruit","thread + flower","Chinese calls it the embroidery-thread plum for that thin hanging string of flowers, which is exactly what is seen first."
Arisaema,genus,"One or two leaves split into a spread of fingers, and beside them a striped HOOD arching over a standing spike, often drawn out into a long whip. Raw, it burns the mouth raw with needle crystals. In autumn the spike becomes a scarlet cob of berries.","striped hood over a standing spike; fingered leaf; whip-like tail; burns the mouth; scarlet berry cob","snake + hood","The hood is striped and arched exactly like a cobra raised to strike, which is what its English name says too, and the hood alone is already taken by the monkshood."
Bulbophyllum,genus,"Orchid creeping along bark or rock, its rhizome set at intervals with rounded swollen bulbs, each carrying one thick leaf. The flowers are often hinged and rock in the least air, and many smell of carrion to bring flies.","swollen round bulb at intervals; one thick leaf per bulb; creeping on bark and rock; hinged rocking flower; carrion smell","bulb + leaf","The Latin says bulb leaf and the Chinese says stone bean, the same swollen bulb seen twice. It is the character that makes the genus recognisable."
Pilea,genus,"Small herb of damp shade with watery TRANSLUCENT stems that snap wetly, opposite leaves often banded with silver, and tiny green flowers that fire their pollen in a small visible puff when they ripen.","translucent watery stem; silver-banded leaf; damp shade; pollen fired in a puff","clear + stem","The stem is see-through, which almost nothing else here is, and it is the first thing noticed on picking one."
Achillea,genus,"Flat plate of tiny white or pink daisies on a stiff stem above leaves cut so finely they look like feathers. Sharp aromatic smell when crushed. Pressed on a cut it slows the bleeding, and it has been the wound herb of every people that has met it.","feather-fine cut leaf; flat white plate of flowers; sharp aromatic smell; staunches bleeding","wound + herb","Every people that met it named it for staunching blood: staunchweed, soldier's woundwort, nosebleed plant. The use is older and steadier than any look."
Gnetum,genus,"A cone-bearing plant wearing the clothes of a flowering one: woody liana with swollen jointed nodes and opposite glossy leathery oval leaves exactly like a broadleaf tree's, but the seeds sit naked in fleshy red coats along a spike. The bark strips into strong cord for nets, and the seeds are pounded into crackers.","liana with jointed swollen nodes; broadleaf-looking leaves on a cone plant; naked red seed on a spike; strong bark cordage","rope + vine","The bark cord is why anyone climbs to it, and liana places it. Chinese names it the hemp vine for the same fibre."
Anthoxanthum,genus,"Short grass with a dense spike-like head that turns from green to yellow-brown. It is the grass that makes hay smell of hay: dry a handful and the scent of new-mown meadow and vanilla comes off it for months.","the smell of drying hay; dense yellow-brown spike; short grass; meadow","sweet + grass","The scent is the entire reason the plant is known, is unmistakable, and is already its name in English. Nothing about the look would separate it."
Potentilla,genus,"Low herb or small shrub whose leaves split into five toothed fingers from a single point, under flat five-petalled flowers, almost always bright yellow, ringed with an extra outer collar of bracts. The silvery-leaved one has roots that were dug in hunger years.","five fingers from one point; flat five-petalled yellow flower; outer ring of bracts; famine root","five + leaf","The five leaflets are the genus in one word and are what the English cinquefoil already says. They are countable on meeting the plant."
Jacobaea,genus,"Tall herb with ragged deeply cut leaves and a dense flat head of hard bright yellow daisies. It poisons the liver of horses and cattle slowly and they die months after eating it, so it is grubbed out of every pasture. Black and orange caterpillars strip it bare.","flat head of hard yellow daisies; ragged cut leaf; slow liver poison to stock; black and orange caterpillar","poison + daisy","Yellow daisies are everywhere and the poison is what sets this one apart. It is also the thing anyone keeping animals most needs the name to say."
Patrinia,genus,"Herb with pinnately cut leaves under a broad flat spray of tiny yellow or white flowers. The whole plant, and the root worst of all, stinks of soured bean sauce and old cloth, and the smell carries on the hand long after.","stink of soured sauce; flat spray of small yellow flowers; cut leaf; root used for abscess","rot + smell","The Chinese name is simply spoiled sauce. The smell reaches a person before the plant is even found, and nothing else about it is distinctive."
Cymbidium,genus,"Orchid with long strap leaves rising in a fan from a squat bulb, sending up arching sprays of waxy flowers that last for months, green and brown and yellow, with a boat-shaped lip. The scent is faint and clean, and it has stood for the scholar and the gentleman in painting and verse for two thousand years.","boat-shaped lip; strap leaves in a fan; long-lasting waxy flower; faint clean scent","boat + orchid","The Latin names the boat of the lip. Chinese gives this genus the bare word orchid, so the added word has to be small and true, and the lip is both."
Yushania,genus,"Running bamboo of high cold mountain forest, slender canes spreading on long underground necks into dense thickets under the trees. Pandas live on it.","high cold mountain forest; running underground necks; dense understorey thicket; slender cane; panda food","high + bamboo","Altitude is what separates it from every other bamboo here, and the other bamboos are already named by thorn and by wrapping leaf."
Camellia,genus,"Evergreen with thick glossy dark leathery leaves and bold waxy flowers, white or pink or red, around a boss of yellow stamens. Hard round woody capsules hold big oily seeds pressed for cooking oil. The dried young leaves of one of them are all the tea in the world.","thick glossy leathery leaf; waxy flower with a yellow stamen boss; oily seed; the tea leaf","tea + flower","Chinese calls it mountain tea. Tea names what the genus gave the world and flower keeps it apart from the drink itself."
Selliguea,genus,"Fern riding on bark or bare rock, its creeping scaly rhizome pressed flat to the surface, throwing up thick leathery fronds, sometimes simple straps, sometimes lobed, with spore patches sunk into pits on the underside.","thick leathery frond; creeping on bark and rock; sunken spore pits; simple or lobed strap","leather + fern","The frond is stiff and leathery to the hand, unlike the lacy ferns of the ground, which is what its rock and bark life demands."
Glyceria,genus,"Tall soft grass standing in shallow water and ditch, broad bright green leaves floating and bending on the surface, with a wide spreading head of long narrow spikelets. The grain is sweet and was gathered and boiled as groats.","sweet grain gathered as food; standing in shallow water; broad soft floating leaf; long narrow spikelet","sweet + grain","Latin and Chinese both say sweet. The grain is the part that is sweet and the part that was eaten, and sweet grass is already taken by the hay grass."
Frullania,genus,"Tiny leafy liverwort making flat dark mats, reddish brown to almost black-purple, pressed to tree bark and rock. Under a lens each leaf carries a small hollow pitcher folded beneath it, shaped like an ear, which holds water through a drought and sometimes a rotifer with it. Loggers who handle the bark come out in a rash.","ear-shaped water pouch under each leaf; dark red-brown to purple mats; flat on bark and rock; causes a rash on handling","ear + moss","The Chinese names it ear-leaf for that folded pouch, which is the one character that separates it from every other liverwort, and feather is already taken by Plagiochila."
Senecio,genus,"Yellow daisy heads, often with few rays or none, over ragged leaves. When the seed sets, the head turns into a ball of pure white hair and then goes bald, which is why the Latin calls it the old man.","white-haired seed head going bald; yellow daisy head; few or no rays; ragged leaf","white + head","The Latin is senex, an old man, and means the white seed head. It is what the plant looks like for most of the season and it tells it from the other yellow daisies."
Fimbristylis,genus,"Sedge of wet open ground, with dense brown spikelets held in a loose umbel on slender stems that sway in any wind. The style is fringed with fine hairs along its edge and drops away once the seed is set.","fringed style; brown spikelet in an umbel; wet open ground; swaying slender stem","fringe + sedge","The fringe on the style is what the Latin names and is the character that holds across the genus. Swaying, which the Chinese picked, is true of half the wet-ground plants there are."
Justicia,genus,"Herb or low shrub with opposite leaves and tubular flowers split into two clear lips, white, pink or red, crowded into bracted spikes. The ripe capsule dries, splits with a snap and throws its seeds off small hooks.","two-lipped tubular flower; bracted spike; capsule that snaps open and throws seed; opposite leaf","lip + flower","The two-lipped flower is on every species and is what is seen. The exploding capsule is shared with the whole family around it, so it cannot tell this one apart."
Argentina,genus,"Low creeper of damp ground running on red runners, with pinnate leaves that are silky SILVER-WHITE underneath and flash when the wind turns them. Single yellow five-petalled flowers. The roots were dug in hunger years and taste of parsnip and chestnut.","silver-white silky leaf underside; creeping red runners; yellow five-petal flower; famine root","silver + leaf","The Latin is silver and the underside really does flash white across a whole meadow when the wind turns. Five leaves is already Potentilla, which this was split from."
Ilex,genus,"Evergreen with thick glossy leaves, often armed with hard spines along the edge, small dull white flowers, and brilliant red berries that hold on the bare winter branches until the birds strip them. Poisonous to people. The wood is white and very hard.","evergreen through winter; glossy spined leaf; red berry held all winter; hard white wood","winter + green","The Chinese dong qing is winter green, and staying green and berried through the dead of the year is the whole reason anyone notices the tree."
Leymus,genus,"Tall coarse blue-grey grass of sand dune and salt steppe, with thick cords of rhizome running through loose sand and binding it. A dense stiff spike like a head of wheat stands above.","blue-grey coarse leaf; binds loose sand with thick rhizome; dune and salt steppe; stiff wheat-like spike","sand + rye","It is the wild rye of sand, which places the plant and says where it grows in two words. Holding the dune together is also the only reason it is ever planted."
Hemsleya,genus,"Climbing gourd vine with tendrils and palmate leaves of five to nine leaflets, carrying small greenish flowers. Under the ground sits a heavy pale tuber that is violently bitter, dug and dried for dysentery and inflammation.","large violently bitter tuber; tendril climber; palmate leaflets; small green flower","bitter + vine","Chinese xue dan is snow gall, pale and bitter, and the bitterness is why it is dug. Bitter root already belongs to the gentian, so the climbing habit does the separating."
Heracleum,genus,"A huge umbellifer. Thick hollow ridged stems, deeply lobed leaves as long as an arm, and a flat white flower plate the size of a dinner plate. The sap on skin in sunlight raises burns and blisters that scar and come back for years.","enormous size; thick hollow ridged stem; broad flat white umbel; sap that blisters skin in sunlight","blister + weed","The size is what is seen and the sap is what matters. Anyone cutting a path through it needs the name to carry the warning, and no other umbellifer here burns."
Cerastium,genus,"Low soft herb with grey-green opposite leaves covered in fine hair, each the size and shape of a mouse's ear. Small white flowers whose five petals are split so deeply they look like ten. The seed case is a small curved horn.","soft grey hairy leaf like a mouse ear; deeply split white petal; curved horn seed case; low mat","mouse + ear","English, Chinese and the hand all agree: the leaf is a mouse's ear, in size, shape and softness. Three independent witnesses on one trait is as good as it gets."
Derris,genus,"Woody climbing legume of the tropics with pinnate leaves and sprays of pink-white pea flowers. The root, pounded and stirred into a pool, brings the fish up stunned to the surface within minutes, and it is used the same way against insects on a crop.","root that stuns fish in water; woody tropical liana; pinnate leaf; pea flower","fish + poison","Chinese yu teng is fish vine. Stunning fish with a pounded root is old technology practised on three continents, and it is the entire reason this plant is known."
Buddleja,genus,"Shrub throwing long arching canes, with lance leaves white-felted beneath and long tapering cones of small honey-scented purple flowers. On a warm day the cones are covered in butterflies, several to a spike.","long tapering flower cone; honey scent; covered in butterflies; arching cane; white-felted leaf","butterfly + bush","This is already its name in English and the reason is visible from across a field. Chinese calls it drunk-fish grass for a second use, but the butterflies are what anyone meets first."
Adinandra,genus,"Evergreen tree of the tea kin with thick leathery leaves, silky brown hairs lying flat on the underside and along the young shoots. Single nodding white flowers hang under the branch on a hooked stalk, crowded with stamens, then a dark berry.","silky hairs flat on the leaf underside; thick leathery leaf; nodding white flower; crowded stamens","silk + leaf","The Latin names the crowded stamens, which needs a lens and a flower. The silky underside is there all year and is what the hand finds first."
Lagotis,genus,"Low fleshy herb of the high cold plateau, with smooth thick basal leaves shaped and held exactly like a hare's ear, and a dense short spike of blue-purple two-lipped flowers pushed up among them.","leaf shaped like a hare's ear; thick fleshy basal leaf; dense blue-purple spike; high cold plateau","hare + ear","The Latin is hare's ear and the Chinese is rabbit ear grass. Two traditions that never met picked the same image, which means it is the thing anyone sees."
Artemisia,genus,"Aromatic herb or low shrub with finely cut grey-green leaves, white and woolly beneath, and small drab flower heads that need no insect. Crush a leaf and the smell is sharp, bitter and clinging. It is burned on the skin as moxa, steeped against fever, and it flavours the bitter drinks.","sharp bitter clinging smell; finely cut grey leaf, white beneath; drab wind-pollinated heads; burned as moxa; bitter drink","bitter + leaf","The bitterness is in every species and in every use, burning, steeping and flavouring, and it is the leaf that carries it. Wound herb is already the yarrow."
Urtica,genus,"Toothed opposite leaves on a square stem, and over every surface fine hollow hairs that break off in the skin and inject a burn that lasts for hours. Boiled, the young tops lose the sting and are eaten, and the stem strips into strong cord.","stinging hairs that burn for hours; toothed opposite leaf; young tops eaten once boiled; strong stem fibre","nettle","This is the nettle itself, the plant the word means. Every other nettle-like thing here is named by reference to it, so it cannot be named by reference to them."
Phlomoides,genus,"Mint-family herb with a square stem, wrinkled hairy opposite leaves, and two-lipped yellow or purple flowers set in tight WHORLS that ring the stem at intervals like beads on a rod. Root tubers are dug and eaten.","flowers in rings around the stem; square stem; wrinkled hairy leaf; edible root tuber","ring + flower","The flowers stand in complete rings up the stem, spaced like rungs, which is unmistakable at a glance and unlike the spikes and heads around it."
Fargesia,genus,"Clumping bamboo of high mountain forest, its canes slender, straight and stiff, standing in dense thickets under the trees. The canes are cut for arrow shafts. Pandas live in it and on it.","slender straight stiff cane; arrow shafts; dense high-forest thicket; clumping; panda food","arrow + bamboo","Chinese jian zhu is arrow bamboo. A straight stiff shaft of the right thickness is a use worth naming by, and it separates this from the thorn and wrapping bamboos."
Stellaria,genus,"Small sprawling herb with a single line of hairs running down one side of the stem, and small white flowers whose five petals are split so deeply to the base that the flower reads as a ten-rayed star. Eaten as a pot-herb and thrown to the hens.","five petals split to look like ten rays; star-shaped white flower; one line of hairs down the stem; eaten as greens","star + flower","Latin stella and English starwort both say star, and the split petals really do make one. The line of hairs is the surer character but needs a lens."
Juncus,genus,"Round smooth green stems standing in wet ground with no leaf to speak of, holding a small brown cluster of flowers out of one side. Split a stem and the white spongy pith pulls out in one piece: soaked in fat it burns as a rushlight, and the stems are woven into mats.","round smooth leafless green stem; white pith drawn out for a wick; wet ground; woven into mats","rush","This is the rush itself. The woodrush beside it is named hair rush by reference to this, so naming this one by reference to anything would leave the pair with no anchor."
Eleocharis,genus,"Leafless green cylindrical stems standing close in wet mud, each one topped by a single small brown spikelet like the head of a match. One of them swells a sweet crisp white corm under the mud that is dug, peeled and eaten raw.","one spikelet at the tip like a match head; leafless round stem; wet mud; sweet crisp corm","spike + rush","A single terminal spikelet on a leafless stem is the whole genus in one look, and spike rush is already what English calls it."
Pulsatilla,genus,"Whole plant clothed in long silver silky hair. Large nodding bell flowers, purple or white, open low on the bare ground in early spring before the leaves are properly out, then the seed heads draw out into long feathered plumes that catch the wind.","long silver silky hair everywhere; nodding bell flower; opens before the leaves in early spring; feathered plume seeds","silk + bell","The silky coat and the hanging bell are both there the moment the plant appears, and together nothing else is like it. White head is already the groundsel."
Ardisia,genus,"Evergreen shrub low in the forest shade, with thick glossy leaves whose scalloped edges are dotted with dark glands, small starry white or pink flowers, and round bright red berries that hang near the ground and last most of a year.","round bright red berry lasting most of a year; glossy leaf with dark gland dots; deep forest shade; low shrub","red + bead","The berries are round, hard, glossy and hang in strings near the ground for months, so they read as beads and they are what is seen in the shade all winter."
Taraxacum,genus,"Flat rosette of leaves cut into backward-pointing teeth, a hollow stalk that bleeds white milk when broken, one solid golden head packed with rays, and then a perfect grey sphere of parachute seeds that goes on one breath. Leaves eaten, root roasted.","backward-pointing leaf teeth; white milky sap; solid golden head; perfect sphere of parachute seeds","tooth + leaf","A dozen languages name it the lion's tooth from those leaf teeth, and they are on the plant all year, while the golden head and the seed sphere are each there for a week."
Dendrobium,genus,"Orchid living on a tree, its cane-like jointed stems hanging in bunches from the bark with no soil at all, carrying showy flowers along their length. The canes of some are dried and chewed or simmered for thirst and a weak stomach.","lives on tree bark with no soil; cane-like jointed stems hanging; showy flowers along the cane; canes simmered as a tonic","tree + orchid","The Latin says life on a tree and that is the fact about it: an orchid rooted on bark rather than in ground. Stone orchid, the Chinese, names the minority that sit on rock."
Ziziphus,genus,"Thorny tree with zigzag twigs, each node armed with a pair of spines, one straight and one hooked back. Glossy three-veined leaves, small yellow-green flowers, and a sweet crisp fruit that dries to a wrinkled red date and keeps for years.","paired spines, one straight one hooked; zigzag twig; three-veined glossy leaf; sweet fruit dried as a red date","thorn + date","The dried fruit is the reason it is grown and is called a date across Asia, and the paired hook-and-straight spines keep it apart from the palm that word otherwise names."
Populus,genus,"Fast tall tree of riverbank and floodplain. The leaf stalk is flattened sideways, so the least air sets every leaf turning and the whole crown hisses when nothing else moves. Catkins first, then drifts of white cotton carrying the seed. Soft pale wood.","flattened leaf stalk that makes the leaves tremble; crown that hisses in the least wind; white cotton seed drifts; riverbank; soft pale wood","tremble + leaf","No other tree moves like it and the sound carries further than the sight. It is one mechanical fact, the flattened stalk, and it is what the tree is known for everywhere it grows."
Celtis,genus,"Tree with lopsided toothed leaves on three main veins, and grey bark broken into corky warts and ridges that get rougher with age. Small sweet drupes with a crunchy stone that the birds take through winter.","grey bark in corky warts and ridges; lopsided three-veined leaf; small sweet stone fruit; birds strip it","wart + bark","The warty corky bark is there in every season and on every age of tree, and it is what the hand finds. The leaf is lopsided but so is the elm beside it."
Zingiber,genus,"Reed-like leafy stems from a knobbly branching rhizome that lies just under the soil. Cut it and the smell is sharp and warm and the taste burns the back of the mouth. It is dug green or dried and ground, and there is hardly a kitchen without it.","knobbly branching rhizome; sharp warm pungent burn; reed-like leafy stem; in every kitchen","hot + root","The heat of the root is the whole point of the plant and is what every use turns on. It sits beside the other named roots, bitter, dark and strong, and is told apart from all of them."
Rhodiola,genus,"Succulent of high cold rock and arctic ledge, with fleshy blue-green leaves crowded on short stems rising from a thick woody rootstock. Cut that rootstock and it smells clearly of roses. Dug and dried against cold, altitude and exhaustion.","root that smells of roses when cut; fleshy blue-green succulent leaf; high cold rock ledge; taken against exhaustion","rose + root","The Latin says rose and the smell is real, unexpected and unmistakable on a bare mountain. It is also exactly the part that is dug, so the name says what is gathered."
Pueraria,genus,"Legume vine that grows a hand's width in a day and buries a hillside, shrub and tree under one unbroken sheet of trifoliate leaves. Purple pea flowers that smell of grapes. Under it all a tuber the size of a man, dug and washed for a fine white starch, and the stem stripped for cloth fibre.","enormous starchy tuber washed for white flour; grows fast enough to bury a hillside; trifoliate leaf; grape-scented purple flower","flour + vine","The washed starch is what the plant is grown and dug for, and vine says how it gets there. Smothering is the more striking sight but it is a habit of a dozen climbers."
Alpinia,genus,"Ginger-family, tall leafy canes standing in forest shade, with showy white and red flowers carrying one large flared lip, and a red or orange capsule. The rhizome is aromatic and sharp and is used as a spice where ginger is not grown.","aromatic sharp rhizome; tall leafy cane; large flared flower lip; red capsule; forest shade","wild + ginger","Chinese shan jiang is mountain ginger: the same hot root growing untended on a hillside rather than in a bed. Wild carries that, and the root does the rest."
Hedychium,genus,"Tall leafy canes from a shallow rhizome, topped by a spike of large flowers, mostly pure white, some orange, that open towards dusk. The scent is heavy and sweet and fills a whole garden after dark, and the flower spike looks like snow caught on the stem.","large pure white flower opening at dusk; heavy sweet night scent; spike like caught snow; tall leafy cane","sweet + snow","The Latin is hedys and chion, sweet snow, and both halves are literally true: the scent and the white spike. Nothing needs adding and nothing can be taken away."
Caragana,genus,"Spiny legume shrub of dry steppe and desert edge, with small paired leaflets whose midrib hardens and stays on as a spine when the leaflets drop. Bright yellow pea flowers, then slender pods that twist and crack open in the heat. Planted in rows to hold back the sand.","leaf midrib hardening into a spine; small paired leaflets; bright yellow pea flower; pods that twist and snap; dry steppe","thorn + pea","A pea flower on a thorn bush is the whole plant, and the thorn is the leaf itself left behind, which is the character the genus is built on."
Litsea,genus,"Laurel-family tree or shrub with smooth aromatic leaves. Crush a leaf or a green fruit and the smell is sharp citrus, closer to lemongrass than to any laurel. The peppery little fruits are dried as a spice and pressed for a clear scented oil.","sharp lemon smell from leaf and fruit; laurel-family tree; peppery dried fruit as spice; scented oil","lemon + wood","The citrus smell out of a tree that looks nothing like a citrus is the surprise and the identity, and it is what the fruit is harvested for."
Carex,genus,"The largest plant genus here. Grass-like, but roll a stem between finger and thumb and it is solid and THREE-SIDED, with leaves in three ranks whose edges are saw-toothed enough to cut a hand drawn along them. Male and female spikes separate, and every seed sits sealed in its own little sac. Wet ground, everywhere on earth.","solid three-sided stem; leaves in three ranks; saw edges that cut; seed sealed in a sac; wet ground","edge + grass","Sedges have edges is the first thing anyone is taught about them, the triangular stem is on every one of the 561 species, and it is felt rather than looked for."
Rhododendron,genus,"Shrub to small tree of mountain thicket, leaves thick and leathery with rusty scales or felt beneath, and in spring the whole plant vanishes under trusses of wide bell flowers. The nectar is poisonous and honey made from it turns men mad.","thick leathery leaf, rusty beneath; trusses of wide bell flowers covering the plant; mountain thicket; poisonous nectar","rose + tree","The Latin says rose tree and means it: a woody plant carrying flowers on the scale of a rose. The corpus read it as oleander, which is a different shrub entirely and already has the word."
Corydalis,genus,"Delicate herb with finely cut blue-grey leaves, carrying racemes of tubular flowers each drawn backwards into a long hollow SPUR. Purple, yellow or sky blue. The tuber is dug and dried against pain.","long backward spur on every flower; finely cut blue-grey leaf; raceme; tuber dug for pain","spur + flower","The spur is on every flower of every species and is what the Latin was reaching for with the lark's crest. Naming it for the bird put a lark into 340 plant names."
Primula,genus,"Rosette of crinkled leaves lying flat on the ground, and from the middle a bare stalk holding an umbel of flat five-lobed flowers. It opens with the first warmth, often while snow still lies in the hollows.","opens with the first warmth of spring; flat rosette of crinkled leaves; umbel on a bare stalk; flat five-lobed flower","spring + flower","Chinese bao chun hua is announce-spring flower. First, which the Latin reduces to, says nothing a person could use and was shared with Primulina over 536 species."
Primulina,genus,"Rosette of thick quilted leaves pressed to shaded limestone cliff in the far south, often marked silver along the veins, throwing up slender stalks of narrow two-lipped trumpet flowers.","rosette flat on shaded limestone; thick quilted leaf, often silver-veined; narrow trumpet flower; far south","cliff + trumpet","It shares the cliff with Oreocharis and differs in the flower, which is a narrow trumpet rather than a hanging bell, so the second word does the separating."
Itea,genus,"Shrub or small tree with finely toothed leaves, hung in summer with long slender drooping spires of small creamy white flowers, each spire like a bottle brush. The autumn leaf turns deep red and holds late.","long drooping white flower spire; finely toothed leaf; deep red late autumn colour; shrub to small tree","white + spire","The corpus reads it as willow, which is Salix and has every right to the word. The drooping white spire is this plant's own and belongs to nothing else here."
Rubus,genus,"Arching canes armed with prickles that curve BACKWARD like hooks and catch on anything passing. Compound leaves, white or pink flowers, and a fruit built of many small juicy beads packed onto one core.","backward-hooked prickles that catch; arching cane; fruit of many small beads on a core; compound leaf","hook + berry","Chinese xuan gou zi is hanging hook. The hook is how the plant is met, usually by being caught on, and the berry is why anyone goes back to it."
Rhamnus,genus,"Thorny shrub with twigs ending in a hard spine, small toothed leaves, dull green flowers, and clusters of black berries. The bark and berries purge violently and were taken for that, and the berries give a yellow dye.","twigs ending in a spine; black berry; bark and berry purge violently; yellow dye","purge + berry","The purging is the whole reason it was ever gathered and named. Bramble belongs to Rubus, whose hooks and fruit are what that word means."
Lysimachia,genus,"Herb of damp ground with opposite or whorled leaves, carrying yellow or white star flowers either scattered in the leaf joints or packed into a dense curved spike that hangs over like a string of pearls.","dense curved white spike like strung pearls; yellow or white star flower; damp ground; creeping or upright","pearl + flower","Chinese zhen zhu cai is pearl vegetable, for that curved packed spike. The Latin is a king's name and reduced to town, which four unrelated genera then shared."
Eriophorum,genus,"Sedge of acid bog and wet moor. In summer each head opens into a tuft of pure white cotton wool, long and soft, and a whole moor of them moves together in the wind and can be seen from a mile off.","head of pure white cotton wool; acid bog and wet moor; moves as a whole field in wind; sedge","cotton + grass","This is already its name in English and the sight is unmistakable across a landscape. The corpus had it sharing the word onion with Allium, which is the onion."
Iodes,genus,"Woody tropical climber whose young stems, leaf undersides and flower clusters are covered in rusty or yellowish hairs, with small flowers and a hairy flattened fruit. It runs up into the canopy on other trees.","rusty hairs over stems, leaf backs and flowers; woody canopy climber; small flower; hairy flat fruit","hair + vine","The corpus reads it as violet, which is Viola. The hairiness is on every part of this plant and the climbing habit places it, and neither belongs to a violet."
Aesculus,genus,"Big tree with leaves split into five or seven large leaflets spreading from one point like fingers, upright candles of white or pink flowers in spring, and a thick spiny case that splits to one glossy brown nut too bitter to eat.","five to seven leaflets from one point; upright candle of flowers; spiny case with a glossy brown nut","seven + leaf","Chinese qi ye shu is seven-leaf tree and the spread of leaflets is the thing seen from a distance and underfoot. Oak is Quercus and cannot be shared."
Prunus,genus,"Tree or shrub with simple toothed leaves and five-petalled white or pink flowers that often open on bare wood before the leaves. The fruit is fleshy over one hard stone: plum, cherry, peach, apricot and almond are all this.","fleshy fruit over one hard stone; five-petal flower on bare wood; simple toothed leaf; plum, cherry, peach, almond","stone + fruit","One hard stone in a soft fruit is what every species of the genus has and what no neighbour has. Apricot, which the corpus picked, is one species out of a hundred."
Dracontomelon,genus,"Tall forest tree with pinnate leaves and small white flowers, whose fruit holds a flattened stone marked with pits and ridges that read unmistakably as a small human face. The sour flesh is pickled and eaten.","stone marked like a human face; tall forest tree; pinnate leaf; sour flesh pickled","face + seed","Chinese ren mian zi is human-face seed. Once the stone is seen the name is obvious and it is the reason the tree is known and the fruit collected."
Ficus,genus,"Break any part and white milk runs. The fruit is the strange thing: a hollow fleshy bag with all the flowers sealed INSIDE it, entered only by one small wasp that crawls in and dies there. Some kinds drop roots from their branches that reach the ground and thicken into new trunks.","white milky sap; hollow fruit with flowers sealed inside; one wasp per kind; aerial roots that become trunks","hollow + fruit","Cutting a fig open shows exactly this, a hollow filled with flowers, and no other plant fruits that way. The corpus was reading it as stone banyan tree, three roots for one idea."
Platanus,genus,"Big riverside tree whose bark flakes away in plates to leave a mottle of cream, olive and grey like camouflage. Broad lobed leaves, and hard bristly seed balls that hang on long strings through the winter after the leaves are gone.","bark flaking to a cream and olive mottle; seed balls hanging on strings all winter; broad lobed leaf; riverside","hang + ball","Chinese xuan ling mu is hanging bell tree. The balls swing on bare branches for half the year, which is when the tree is most looked at, and nothing else here does it."
Selaginella,genus,"Low creeping fern-ally making flat feathery sprays of tiny scale leaves set in four ranks, often shining blue-green in deep shade. One kind dries into a tight brown ball in drought and opens out green again within an hour of rain.","flat feathery spray of tiny scale leaves; often iridescent blue-green; curls into a dry ball and reopens when wet; deep shade","curl + moss","Chinese juan bai is curled cypress, for the drying into a ball. The corpus read a place name into it and produced Sexi made little, which describes nothing."
Sphagnum,genus,"The moss that builds the bog. Pale spongy heads packed together over acid ground, each plant holding many times its own weight in water and turning the water sour so little else will grow. Dead layers below it press slowly into peat, which is cut and dried and burnt.","holds many times its weight in water; turns water acid; builds and becomes peat; pale spongy head; bog","peat + moss","Chinese ni tan xian is peat moss. The corpus had it sharing the word sage with Salvia, which is the sage, and peat is both what the moss makes and what it is cut for."
Elymus,genus,"Tall tufted grass of dry and salted ground, with a stiff upright spike of paired spikelets and long straight awns standing out from it like bristles. Coarse, tough and grazed only when young.","stiff upright spike; long straight awns like bristles; tufted and coarse; dry salted ground","bristle + rye","The awns are long and stiff enough to catch on clothing, which is how the plant is met. Sand rye is already Leymus, so the awn does the separating."
Pteris,genus,"Fern whose frond divides once into long narrow straps spreading from the top of a wiry black stalk like an opened fan or a bird's spread tail. The spores run in an unbroken line under the rolled edge of each strap.","frond spreading like a fan or tail; long narrow straps; wiry dark stalk; spores in a line under the rolled edge","fan + fern","Chinese feng wei jue is phoenix tail fern and the spread is exactly that. The corpus was reading pig mane phoenix tail fern, five roots and two animals for one fern."
Pteridium,genus,"Bracken. A single tall stalk from a deep running rhizome opens into one huge coarse triangular frond, and the plant covers whole hillsides in an unbroken waist-high sheet that shades out everything under it.","one huge coarse triangular frond per stalk; deep running rhizome; covers whole hillsides; waist high","hill + fern","It is met as terrain rather than as a plant: a hillside under bracken is a different place to walk. That scale is what separates it from every other fern here."
Euphorbia,genus,"Break a stem and a thick white milk wells out that blisters skin and will blind an eye it touches. The plants look nothing alike, weeds, cactus-shaped trees, poinsettias, and what they share is that milk and a tiny false flower built of several real ones crowded into a cup.","caustic white milky latex that blisters and blinds; false flower built of many in a cup; shapes from weed to tree","burn + milk","The latex is the one thing true of every species in an enormous and otherwise unlike genus, and it is a warning worth carrying in the name. The corpus reduced the Latin to name."
Scirpus,genus,"Tall club-rush standing in shallow water, stems triangular or round with a loose cluster of brown spikelets near the top. The stems are cut, dried and woven flat into mats, seats and baskets.","cut and woven into mats and seats; stands in shallow water; brown spikelets near the tip; tall stems","mat + rush","Weaving is why these stems are cut and carried home, and it separates this from the rush whose pith was drawn for a wick and from the sedges beside it."
Schoenus,genus,"Wiry stiff rush of bog and wet heath, its stems dark and tough, carrying a small tight head of near-black shining spikelets that shows dark against pale bog grasses.","near-black shining spikelets; wiry stiff dark stem; bog and wet heath; small tight head","black + rush","The blackness of the head against the pale grass is what picks it out at a distance, and it needs a word of its own beside the wick rush and the mat rush."
Combretum,genus,"Climber or shrub of warm country with showy brushes of stamens, whose fruit carries four or five stiff papery wings set around it like the sails of a windmill, so that it spins as it falls.","fruit with four or five papery wings; spins as it falls; brush of stamens; climber or shrub","spin + seed","Chinese feng che zi is windmill seed. A seed that turns on the way down is rare enough to name by and is nothing like a rush, which is what the corpus had it sharing."
Eurya,genus,"Evergreen shrub of the tea kin with small leathery toothed leaves set in two flat ranks along the twig, and tiny greenish-white flowers whose smell is strong and distinctly unpleasant, carrying some way on a still day.","strong unpleasant flower smell; small leathery toothed leaf in two flat ranks; tiny greenish flower; black berry","stink + shrub","The smell reaches a person before the shrub is identified and is the one memorable thing about an otherwise plain evergreen. Wide, which the Latin gives, says nothing at all."
Euryale,genus,"Water plant whose round floating leaf grows to the span of two arms, quilted into ridges and studded on BOTH faces with sharp spines, as is the stalk and the flower bud. Purple flowers push up through it, and the seeds are dried and popped as food.","enormous quilted round floating leaf; sharp spines on both leaf faces and the stalk; purple flower; seeds popped as food","spine + lily","A waterlily covered in spines is unmistakable and the spines are what anyone reaching for it finds first. It cannot share the word wide with Eurya, which is a dry-land shrub."
Cremanthodium,genus,"Alpine composite of the high Himalaya whose large flower head hangs face DOWN on a curved woolly stalk, sheltering the florets from rain and cold, so that the plant looks bowed even in full flower.","flower head hanging face down; curved woolly stalk; high alpine; large single head","nod + flower","Chinese chui tou ju is nodding-head chrysanthemum. The bowed head is unlike anything beside it on the mountain and was coming out as creme wagtail hatred, which is not a plant."
Spiraea,genus,"Shrub of slender arching twigs that in flower disappear under dense flat or domed heads of tiny white or pink flowers, so thick along the branch that the whole shrub looks like breaking surf.","tiny flowers in dense flat or domed heads; slender arching twig; foams white along the whole branch; small toothed leaf","foam + flower","The massed flower along an arching branch really does read as foam, and it is how the shrub is recognised at a distance. Privet, which the corpus gave, is Ligustrum."
Ligustrum,genus,"Evergreen shrub with glossy opposite leaves, cut and clipped into dense hedges wherever a boundary is wanted. Loose panicles of small white flowers with a heavy sweet smell that many find sickly, then black berries.","clipped into dense hedges; glossy opposite evergreen leaf; heavy sweet white flower; black berry","hedge + shrub","It is the hedge plant, grown almost entirely for that and shaped by it, and the use is what everyone who meets it is doing to it."
Poa,genus,"The common grass of meadow and lawn, soft flat leaves whose tips fold into the shape of a small boat, loosely tufted, with an open delicate branching head. It is what a field of grass is mostly made of.","boat-shaped leaf tip; soft flat leaf; open delicate branching head; the common grass of meadow and lawn","meadow + grass","It is the grass of grassland, and saying so places it exactly. Bare grass was shared with three other genera, which left none of the four with a name."
Agrostis,genus,"Fine-leaved grass making a soft close turf, with a flowering head so finely branched that from a distance it reads as a haze of purple-grey over the ground rather than as separate stems.","extremely fine branching head like a haze; very fine leaf; close soft turf","fine + grass","The fineness is the whole character, in leaf, in stem and in the head, and it is what a hand laid on the turf feels."
Phleum,genus,"Grass carrying a dense cylindrical spike, stiff and blunt-ended and as thick as a finger, standing up like a cat's tail above the leaves. Cut and dried, it is the best of hay.","dense stiff cylindrical spike like a cat's tail; blunt end; cut for the best hay","tail + grass","The spike is a tail in shape, thickness and stiffness, and it is the one grass head anyone can name at a glance across a hayfield."
Crinum,genus,"Great bulb, often half out of the sand, with long thick strap leaves sprawling from it and an umbel of large white trumpet flowers on a solid stalk, opening at evening with a heavy sweet scent. Coast, riverbank and swamp edge.","great bulb half out of the sand; long thick strap leaves; umbel of large white trumpets; evening scent; coast and riverbank","shore + lily","It is the lily of sand and the water's edge, which is where it is met and what separates it from Lilium, the lily of the hill and the wood."
Sedum,genus,"Low succulent of bare rock, wall and roof, its small leaves swollen thick with water and packed along short stems, with flat heads of star flowers. It grows where there is no soil to speak of and survives being pulled up and left lying.","leaves swollen thick with water; bare rock, wall and roof; flat head of star flowers; survives with almost no soil","thick + leaf","The leaf is thick to the point that it is the whole plant, and it is what the fingers find. Houseleek, which the corpus offered, is a different plant that already owns the word."
Diospyros,genus,"Tree with glossy leathery leaves and a large orange fruit sitting in a stiff four-lobed cap, so astringent while firm that it dries the mouth, and honey-sweet once it goes soft. The heartwood of some is black, heavy and sinks in water.","large orange fruit in a stiff four-lobed cap; mouth-drying until soft; black heavy heartwood that sinks","cap + fruit","The stiff lobed cap stays on the fruit through picking, drying and selling, which is how it is always seen. The Latin means the god's fruit and was coming out as October wheat."
Draba,genus,"Tiny crucifer of high rock and arctic gravel, making a dense hard cushion of small hairy rosettes packed tight against the cold, with a few small white or yellow four-petalled flowers on short stalks just clear of it.","dense hard cushion of small rosettes; high rock and arctic gravel; hairy small leaf; four-petalled flower just clear of the cushion","cushion + cress","The cushion is a shape the cold forces on it and is how it is found, as a hard pad on bare rock. Whitetop was shared with two unrelated genera."
Arabis,genus,"Crucifer of rock ledge and scree, taller and looser than a cushion, with clasping grey-green leaves up the stem and a loose head of four-petalled white flowers, then long narrow flat pods.","rock ledge and scree; clasping grey-green stem leaves; loose head of white four-petal flowers; long flat pods","rock + cress","Rock cress is already its English name and it places the plant against the cushion cress of the high gravel, which is the neighbour it is most confused with."
Gastrochilus,genus,"Small orchid riding on bark, its lip swollen underneath into a deep rounded POUCH that holds nectar, set below a flat spreading front that is usually spotted. Short fleshy leaves in two ranks along a creeping stem.","lip swollen into a deep rounded pouch; spotted flat front to the lip; short fleshy leaves in two ranks; lives on bark","pouch + orchid","Chinese pen ju lan is basin-spur orchid and the Latin means belly lip. Both name the pouch, which is the one feature that tells it from the orchids around it."
Fimbristylis,genus,"Sedge of wet open ground, dense brown spikelets held in a loose umbel on slender stems that never stand still, the whole stand shifting together in the least wind. The style is fringed with fine hairs and drops away once the seed sets.","swaying slender stems; brown spikelet in a loose umbel; fringed style; wet open ground","sway + grass","Fringe plus sedge came out eighteen letters, because sedge is itself marsh grass. The Chinese piao fu cao names the swaying, which is shorter, seen from further off and just as true."
Iteadaphne,genus,"Laurel-family shrub or small tree of the warm south, leaves smooth and strongly aromatic when crushed, carrying its flowers singly or in twos in the leaf joints rather than in the usual cluster.","flowers borne singly, not in clusters; strongly aromatic crushed leaf; laurel kin; warm south","lone + laurel","The corpus reads it as willow, which is Salix and owns that word. Flowering one at a time is what its Chinese name picks out and what separates it in its own family."
Pseudosasa,genus,"Bamboo with one branch at each node and long tough culm sheaths that stay wrapped on the cane for years instead of falling, so an old cane is still half clothed in them.","sheaths that stay on the cane for years; one branch per node; upright cane; warm temperate","sheath + bamboo","Arrow bamboo is already Fargesia and this one is equally straight, so the clinging sheath does the separating and is visible on every old cane."
Liparis,genus,"Orchid with two broad soft pleated leaves rising from a small bulb, and the leaves look oiled, catching light with a greasy sheen unlike the matt leaves around them. A loose raceme of small greenish or dull purple flowers.","leaves with a greasy oiled sheen; two broad pleated leaves; small bulb; small dull flowers","shine + orchid","The Latin liparos is greasy and the sheen is real and odd enough to find it by in shade. River, which the corpus gave, belongs to nothing about the plant."
Pseudosedum,genus,"Succulent of dry stony ground with fleshy leaves scattered along upright stems, and small starry flowers in a loose head, taller and looser than the mats and cushions of true stonecrop.","fleshy leaves up an upright stem; taller and looser than stonecrop; dry stony ground; loose head of star flowers","false + thick + leaf","It is named against the stonecrop and looks like it until the stems go up instead of out, so the name has to carry both the likeness and the difference."
Paphiopedilum,genus,"Orchid whose lip is folded into a deep hollow SHOE, waxy and often veined, with a stiff shield above it and a pair of drooping side petals. The leaves are strap-like and usually mottled in two greens. One flower to a stem.","lip folded into a deep hollow shoe; mottled strap leaves; stiff shield above the lip; one flower per stem","shoe + orchid","Slipper orchid is its name in every language that has one, and the shoe is unmistakable. Pouch is already Gastrochilus, whose lip is a rounded sac rather than a shoe."
Epimedium,genus,"Wiry herb of woodland shade with thin leathery heart-shaped leaflets edged in fine spines, and sprays of small spidery flowers drawn out into long slender spurs. It is dug and dried as the famous goat herb.","heart-shaped leaflets edged with fine spines; spidery flower with long spurs; woodland shade; the goat herb","goat + herb","Chinese yin yang huo names it for what it does to goats, which is why it is gathered and why everyone who knows it knows it. Plant, which the corpus gave, says nothing."
Armoracia,genus,"Crucifer with huge coarse dock-like leaves and a long thick white taproot. Grate the root and the heat is immediate and goes straight up behind the nose and into the eyes, quite unlike the warm heat of ginger.","long thick white taproot; heat that goes up the nose; huge coarse leaves; grated fresh","nose + root","The burn is in the nose rather than the mouth, which is what tells it from ginger, and the root is the whole plant as far as anyone using it is concerned."
Veronica,genus,"Low sprawling herb with opposite toothed leaves and small flat four-lobed flowers of an intense sky blue, each with a pale eye at its centre. The seed case is flattened and notched into a heart.","intense sky-blue flat flower; pale eye at the centre; four lobes; flattened heart-shaped seed case","blue + eye","The blue with a pale centre is the plant, seen from standing height in a lawn. The corpus was giving female name, which is a dictionary admitting it does not know."
Bromus,genus,"Tall soft grass whose large spikelets hang and nod on fine stalks, each one drawn out into long straight awns, and whose leaf sheaths are soft and hairy to the hand.","large nodding hanging spikelets; long straight awns; soft hairy leaf sheath; tall and soft","bird + oat","Chinese que mai is sparrow wheat, which places it beside the oat it resembles and apart from it. Oat alone belongs to Avena."
Solanum,genus,"Flowers open as a five-pointed star with a tight cone of yellow anthers standing in the middle, and the fruit is a berry. Potato, tomato, aubergine and the deadly nightshades are all built this way, and most of the green parts will make a person ill.","five-pointed star flower; cone of yellow anthers at the centre; berry; green parts poisonous","star + berry","The star with its yellow cone and then a berry is the whole enormous genus in one look, from the potato to the nightshade, and no neighbour does it."
Strychnos,genus,"Liana climbing on hooked tendrils, with three-veined leaves and a hard round fruit like an orange holding flat grey seeds. Those seeds carry the poison that is smeared on darts and that kills by locking every muscle at once.","seeds carrying a dart poison; climbs on hooked tendrils; three-veined leaf; hard round fruit","dart + poison","The poison is why the plant was ever sought, carried and traded, and a name that says so is a name worth having. Nightshade belongs to Solanum."
Callicarpa,genus,"Shrub with opposite toothed leaves that in autumn carries tight clusters of berries packed along the stem in a violet so bright and so purple that nothing else in the wood is that colour.","clusters of brilliant violet berries packed along the stem; opposite toothed leaf; autumn","purple + bead","Chinese zi zhu is purple bead. The colour is genuinely unlike anything else growing and is what the shrub is planted and remembered for. The Latin means beautiful fruit and was being read as tame ape."
Actinidia,genus,"Woody vine with big heart-shaped leaves, climbing high into trees, hung with egg-shaped fruits covered in short brown fur. Cut one and the flesh is vivid green or gold around a pale core ringed with tiny black seeds.","brown furry skin; vivid green flesh with a ring of black seeds; big heart-shaped leaf; woody climber","fur + fruit","The fur on the skin is the first thing a hand finds and the thing that makes the fruit unmistakable. The corpus was reading macaque monkey twice over for one vine."
Parasenecio,genus,"Tall woodland herb whose large leaves are cut into stiff angular lobes, broad and flattened and notched so that each reads as the shell of a crab. Small pale flower heads in a loose open spike above them.","leaf cut into stiff angular lobes like a crab shell; tall woodland herb; small pale heads in a loose spike","crab + leaf","Chinese xie jia cao is crab shell grass and the leaf really does read as one. Beside, which the corpus gave, is the Latin prefix alone with the rest of the word dropped."
Sinosenecio,genus,"Low herb of wet ground and stream side with rounded kidney-shaped leaves held flat near the ground on long stalks, and flat heads of small yellow daisies on upright stems above them.","rounded kidney-shaped basal leaf; wet ground and stream side; flat head of small yellow daisies","round + leaf + daisy","The round basal leaf is what is seen before the flower and what tells it from the ragged-leaved daisies it grows among. The corpus gave sinus, the prefix alone."
Pinellia,genus,"Aroid of field edge and waste ground with leaves split into three, and a narrow green hood from which the spadix runs out and up into a long thin whip, far longer than the hood itself. The small round tuber is acrid raw and is dried for sickness and phlegm.","spadix drawn into a long thin whip beyond the hood; leaf split into three; small round acrid tuber","whip + hood","The whip standing out well beyond the hood is unlike the cobra hood of Arisaema beside it, and it is the character the plant is picked out by."
Deutzia,genus,"Shrub whose leaves are covered in minute star-shaped hairs that make both faces feel like fine sandpaper, hung in season with masses of pure white starry flowers. The older twigs are hollow.","leaves rough as sandpaper from star-shaped hairs; masses of white starry flowers; hollow twigs","rough + leaf","The roughness is felt the moment a leaf is touched and is on every species. Misuse plus einkorn, which the corpus gave, is two wrong guesses joined."
Androsace,genus,"Tiny alpine making a tight mat or cushion of small rosettes on bare high ground, scattered over with small flat white or pink flowers each with a yellow or red eye, held just clear on short stalks like dots on the ground.","small flat flowers dotted over a tight cushion; yellow or red eye; bare high ground; tiny rosettes","ground + star","Chinese dian di mei is dot-ground plum, for flowers scattered across the surface. Unknown plant, which the corpus gave, is the dictionary shrugging, and forty-five species were sharing that shrug."
Photinia,genus,"Evergreen with thick leathery toothed leaves that catch the light like polished leather, and whose new growth flushes a brilliant red that holds for weeks. Flat heads of small white flowers with a rank smell, then red berries.","leaves glossy as polished leather; new growth flushing brilliant red; flat head of rank-smelling white flowers; red berry","shine + leaf","The Latin photeinos is shining and the leaf is genuinely polished-looking. Stone plus name-of-tree, which the corpus gave, is half a place and half an admission of ignorance."
Lejeunea,genus,"Minute pale green leafy liverwort spreading as a thin film over bark and over the surface of living leaves in wet forest, so fine that it reads as a bloom or a stain until a lens shows the overlapping shoots.","spreads as a thin film over bark and living leaves; minute and pale green; reads as a stain until magnified; wet forest","film + moss","Growing as a film on the surface of other leaves is unusual enough to name by, and it separates this from the ear-pouched and feathered liverworts beside it."
Parnassia,genus,"Bog and wet meadow herb with a rosette of heart-shaped leaves flat on the ground, and one white flower to a stalk, its five petals veined with fine green lines and set around five fringed golden bodies that glisten like drops of nectar but hold none.","single white flower per stalk; petals veined with green lines; fringed golden false stamens; heart-shaped basal rosette; wet meadow","plum + flower","Chinese mei hua cao is plum-flower grass, and the flat open five-petalled white flower really does read as plum blossom held low over a bog. Hymettus, which the corpus gave, is a mountain in Attica."
Spiradiclis,genus,"Low herb of shaded wet limestone in the far south, with opposite leaves and small white or pink tubular flowers set along a branch that COILS back on itself like a snail shell, opening one flower at a time from the outside in.","flower branch coiled like a snail shell; small tubular white or pink flower; shaded wet limestone; low herb","coil + flower","Chinese luo xu cao names the spiral order of the flowers, which is the one thing that marks it out among a great many small white-flowered herbs of the same rock."
Cirsium,genus,"Thistle with spiny wings running down the stem and leaves cut into spine-tipped lobes, carrying a head of purple florets. When it seeds, each seed hangs from a pappus of hairs that are themselves feathered along their length.","pappus hairs feathered along their length; spiny wings down the stem; purple floret head; spine-tipped leaf lobes","plume + thistle","Thistle alone was shared with Carduus, whose seed hairs are plain. The feathered pappus is the character that separates the two genera in every key."
Crotalaria,genus,"Legume whose pod swells into a dry papery bladder while the seeds inside shrink away from the wall, so that a ripe pod shaken in the hand rattles like a small gourd. Yellow pea flowers, often with a keel drawn to a twisted beak.","pod inflates into a papery bladder; loose seeds rattle when shaken; yellow pea flower; twisted keel","rattle + pod","The Latin crotalon is a rattle and Chinese xiang ling dou is ringing-bell bean. It is a test a child performs on meeting the plant and it works on every species."
Zanthoxylum,genus,"Spiny tree with pinnate leaves held up to the light showing them dotted all over with clear oil glands. The dried husk on the tongue is not simply hot: it buzzes and goes numb, a tingling that spreads and lasts, over a smell of lemon peel.","husk that makes the tongue buzz and go numb; clear oil dots through the leaf; spines on trunk and twig; lemon-peel smell","numb + pepper","Nothing else in food does what it does to the mouth, so the sensation names it exactly and unmistakably. Zeus bird timber, which the corpus gave, is a god and two guesses."
Radula,genus,"Leafy liverwort pressed so flat against bark or rock that the shoot reads as a single ribbon, each leaf carrying a small flat lobe folded tight under it against the stem. Thin dark mats, closely applied to the surface.","shoot flattened to a ribbon; leaves pressed flat to the surface; small flat lobe folded under each leaf; thin dark mat","flat + moss","Flatness is what the Latin scraper was reaching for and is what the hand and eye both find first. It separates it from the feathered, eared and filmy liverworts already named."
Chrysosplenium,genus,"Low creeping herb carpeting wet shade and stream sides, with small rounded scalloped leaves. The flowers have NO petals at all, and instead the leaves immediately around them turn a bright golden green, so that a whole patch glows yellow from a distance.","no petals at all; leaves around the flower turning bright golden green; rounded scalloped leaf; wet shade and stream side; forms carpets","gold + leaf","The gold is in the leaf because there is no petal to put it in, which is unusual enough to name by, and the Chinese jin yao names the same gold. Spleenwort is a fern and has nothing to do with it."
Paraphlomis,genus,"Mint-family herb of forest shade with a square stem, wrinkled opposite leaves and whorls of white or pale pink two-lipped flowers ringing the stem at intervals, shorter and softer than its open-ground relative.","flowers in rings around a square stem; forest shade; white or pale pink two-lipped flower; wrinkled opposite leaf","false + ring + flower","It is named against Phlomoides and looks like it, so the name has to carry the likeness and the difference. The corpus was giving beside, the prefix alone with the rest dropped."
Cypripedium,genus,"Orchid of the ground rather than the tree, with strongly pleated ribbed leaves up the stem and a flower whose lip is blown up into a deep hollow bowl like a ladle, held under a spreading hood with two twisted ribbons hanging at the sides.","lip swollen into a deep ladle-shaped bowl; strongly pleated ribbed leaves; twisted side petals; grows in the ground","spoon + orchid","Chinese shao lan is ladle orchid and the pouch is rounded and open like one. Shoe is already Paphiopedilum, whose lip is a closed slipper, and the two are told apart exactly there."
Heptapleurum,genus,"Tree or scrambling shrub whose leaf is divided into seven or nine leaflets all spreading from the top of one long stalk, so that each leaf reads as a webbed foot or an open umbrella held above the branch.","leaflets spreading from one point like a webbed foot; seven to nine leaflets; long leaf stalk; tree or scrambler","goose + foot","Chinese e zhang chai is goose-foot firewood and the spread of leaflets is exactly a goose's foot. Seven leaf is already Aesculus, whose leaflets are broad and blunt rather than webbed."
Lindera,genus,"Laurel-family shrub whose leaves and young twigs, scratched or broken, give off a strong warm spice smell with lemon behind it. Small yellow flowers come on bare wood before the leaves, then glossy black berries.","strong spice and lemon smell from scratched twig and leaf; yellow flowers on bare wood before the leaves; glossy black berry","spice + bush","Spicebush is already its English name and the smell is the plant: nothing else in the wood answers to a scratched twig that way. Lindos is an island and mistress is a guess."
Henckelia,genus,"Herb of shaded limestone in the warm south, opposite hairy leaves, pale purple or white two-lipped tubular flowers, and a long straight slender capsule that dries and splits lengthwise into two halves which then twist apart like a wrung cloth.","long straight slender capsule; the two halves twist apart on splitting; opposite hairy leaf; shaded limestone; two-lipped tubular flower","twist + pod","The twisting capsule is the character the genus is keyed on and is still there on a dried plant months later. Its neighbours on the same rock are already named by cliff and bell and trumpet."
Morinda,genus,"Tree, shrub or vine with big glossy veined leaves, whose fruit is many berries fused into one lumpy pale body with a warty surface. Ripe, it smells strongly and unmistakably of rancid cheese, and it is drunk as a tonic all the same. The root gives a red dye.","fruit of fused berries with a lumpy warty surface; powerful rancid cheese smell when ripe; red dye from the root; glossy veined leaf","stink + fruit","The smell reaches a person across a clearing and is what everyone who has met the fruit remembers. Stink shrub is Eurya, a dry-land evergreen, so the pair are never confused."
Globba,genus,"Small ginger of forest shade whose flower spike arches over and hangs, the yellow or orange flowers held far out on long slender curved stalks so that they bob and turn at the least movement of air.","flowers on long slender curved stalks that bob in any air; arching hanging spike; yellow or orange; small forest ginger","dance + ginger","Chinese wu hua jiang is dancing-flower ginger and the movement is genuinely the thing seen first, the flowers turning while the rest of the plant is still."
Adonis,genus,"Herb of alpine turf and dry steppe with leaves cut into fine feathery threads, and a single cup-shaped flower held above them, glossy enough to catch the sun, brilliant yellow or blood red, opening while the ground is still cold.","single glossy cup-shaped flower; brilliant yellow or blood red; leaves cut to fine feathery threads; opens early on cold ground","gold + cup","Chinese ce jin zhan hua is side golden-cup flower. The flower is cupped, lacquer-bright and solitary, which is the whole plant at a distance."
Rorippa,genus,"Crucifer of ditch, wet field and pond edge, with lyre-shaped or deeply cut leaves and small four-petalled yellow flowers, then short curved pods. The leaf is peppery and is picked and eaten.","wet ditch and field edge; small yellow four-petal flower; lyre-shaped cut leaf; peppery edible leaf; short curved pod","wet + cress","It is the cress of standing water, which places it exactly against the cushion cress of high gravel and the rock cress of dry ledges already named."
Phedimus,genus,"Succulent of rock and roadside with FLAT toothed fleshy leaves rather than the swollen cylinders of true stonecrop, in flat heads of yellow star flowers. The young leaves are gathered and cooked as a vegetable.","flat toothed fleshy leaf, not cylindrical; flat head of yellow star flowers; rock and roadside; young leaves eaten","flat + thick + leaf","Thick leaf is Sedum, whose leaves are swollen into cylinders. This one is thick and flat at once, which is exactly the difference and exactly what the hand finds."
Commelina,genus,"Sprawling herb whose flowers push out of a folded boat-shaped bract, each with TWO large bright blue petals standing up like ears and a third small and pale below. A flower opens at dawn and is gone by noon.","two large blue petals and one small pale one; flower lasts a single morning; folded boat-shaped bract; sprawling succulent stem","day + flower","The flower lasts one morning and the plant is named for it in every language. Blue, which is what is seen, is shared with too much else to carry the name alone."
Stachyurus,genus,"Shrub whose slender bare twigs hang, through the last of winter, long stiff drooping spikes of pale yellow bell flowers set in even rows, like strings of beads or a row of small lanterns, all before a single leaf opens.","long stiff drooping flower spikes on bare wood; pale yellow bells in even rows; flowers before the leaves; late winter","hang + spike","The Latin means spike tail and the spikes hang from bare twigs in the dead of the year, which is when the shrub is seen and the only time it can be mistaken for nothing else."
Sohmaea,genus,"Legume whose flat pod is jointed into segments, each segment covered in minute hooked hairs so that the pod breaks apart on contact and every piece rides away on wool, fur or a trouser leg.","pod jointed into segments; segments covered in minute hooked hairs; breaks apart and sticks to anything passing","cling + pod","Chinese na shen cao is grab-body grass. The plant is met by being carried off by it, usually noticed hours later, and no other pod here does that."
Hansenia,genus,"Umbellifer of high alpine meadow with aromatic leaves cut into fine divisions and flat white umbels, over a thick strongly aromatic rhizome that is dug, dried and simmered for aching joints and cold in the bones.","thick aromatic rhizome dug for aching joints; high alpine meadow; finely cut aromatic leaf; flat white umbel","ache + root","The root is what is dug, carried and sold, and what it is taken for is the ache. It sits beside the bitter, hot, dark and rose roots and is told apart from all of them by use."
Leskea,genus,"Small moss making thin dull green mats over tree bases and damp rock in shaded woodland, the shoots creeping and the branches short and erect, the whole growth so slight it reads as a stain until touched.","thin dull green creeping mat; short erect branches; tree bases and damp rock; shaded woodland","thin + moss","Chinese bao luo xian is thin-gauze moss. Thinness is what it is, and it separates it from the feathered, eared, filmy and flattened liverworts already named."
Sesbania,genus,"Fast soft-wooded legume of wet field and paddy edge, with long pinnate leaves of many small paired leaflets, yellow pea flowers often flecked purple, and very long thin pods hanging straight down like cords.","very long thin hanging pods; many small paired leaflets; wet field and paddy edge; grows fast and is dug in to feed the soil","long + pod","The pods hang a hand's length and straight, which is visible from across a field and is unlike the rattling bladder and the clinging joints of the other pods named."
Sorghum,genus,"Stout tall grass with broad maize-like leaves, carrying at the top a dense head of hard reddish-brown grain. It stands drought that kills other grain, is ground for flour and porridge, and is fermented for the strong clear liquor.","tall stout stem with broad leaves; dense head of reddish-brown grain; stands drought; ground for flour, fermented for liquor","tall + grain","Chinese gao liang is tall grain. It stands head and shoulders above the other cereals in a field and the grain is the point of it."
Flacourtia,genus,"Small tree armed on trunk and branch with long stiff thorns that themselves branch into more thorns, with glossy toothed leaves and small dark red-purple plum-like fruits that are sweet-sour and eaten fresh. Planted in rows as a hedge nothing will push through.","long branched thorns on trunk and branch; planted as a stockproof hedge; small dark red plum-like fruit; glossy toothed leaf","thorn + hedge","Chinese ci li mu is thorn-hedge tree, which is what it is grown for and what its branched thorns make possible. Hedge shrub is Ligustrum, which is clipped and has no thorns at all."
Cordia,genus,"Tree with leaves rough as sandpaper, funnel-shaped white or orange flowers, and a fruit whose pulp is clear, sticky and stringy enough to be used as paste for paper and as a glue. The young fruit is pickled and eaten.","fruit pulp sticky enough to use as glue; leaves rough as sandpaper; funnel-shaped flower; young fruit pickled","glue + fruit","The pulp really is used as paste and that use is old and widespread. It is also the one thing about the fruit a person discovers immediately, by finding their fingers stuck together."
Kiaeria,genus,"Moss of high cold rock and the edges of late snow, in dense dark tufts whose narrow leaves are all curved and swept to one side, so that a cushion looks combed by a wind that is no longer blowing.","leaves all swept to one side; dense dark tuft; high cold rock and snowbed edges; narrow curved leaf","sweep + moss","Every leaf lying the same way makes the tuft look brushed, which is visible with the naked eye and is what separates it on the bare rock where it grows."
Dieffenbachia,genus,"Thick fleshy cane carrying large leaves boldly blotched and streaked in cream over deep green. The sap is loaded with fine needle crystals, and a mouthful swells the tongue and throat so that a person cannot speak for days.","sap that swells the tongue and stops speech; large leaves blotched cream over green; thick fleshy cane; deep shade","mute + cane","Being struck dumb by it is the reason it has the name it has in English, and a name that carries the warning is worth more than one that describes the blotches."
Calliandra,genus,"Legume shrub with leaves divided into many tiny paired leaflets that fold shut when touched or at dusk, and flower heads that are a half-sphere of long silky stamens, scarlet or white, standing out like a powder puff or a shaving brush.","flower head a half-sphere of long silky stamens; scarlet or white; many tiny paired leaflets that fold shut; shrub","brush + flower","The flower has no visible petals worth the name, only the brush of stamens, and that is both the whole appearance and the reason it is planted."
Koeleria,genus,"Tufted grass of dry thin turf with a dense narrow spike-like head, tight and cylindrical, which catches the light along its whole length and shines silver as it dries.","dense narrow cylindrical head that shines silver; tufted; dry thin turf; tight spike-like panicle","silver + spike","The shine on a dried head picks it out of a dry sward from some distance, and the head is tight and spike-like where its relatives are open and airy."
Dillenia,genus,"Tree with enormous corrugated leaves whose strong parallel veins run straight to a toothed edge, large white or yellow flowers, and a hard green fruit made not of a wall but of the fleshy sepals closing over the seeds. Sour, and cooked into curry.","enormous corrugated leaf with strong parallel veins; fruit made of fleshy sepals closing over the seeds; hard, green and sour; cooked in curry","elephant + apple","Elephant apple is its name across South Asia, for the size and hardness of the fruit and for what eats it where it falls. The leaf is the other candidate and is shared with several trees beside it."
Erodium,genus,"Herb with pinnate leaves and a fruit drawn out into a long straight beak. When the beak dries it splits and each seed comes away with a tail that COILS and uncoils as the air turns damp or dry, walking the sharp seed down into the soil.","fruit drawn into a long beak; seed tail that coils and uncoils with damp; drills itself into the ground; pinnate leaf","beak + seed","The beaked fruit is on the plant for months and is unmistakable, and the coiling that follows is one of the odder things a seed does. The needle grass drills too, but with a straight awn and no beak."
Polemonium,genus,"Herb whose leaf is divided into many small leaflets set in even pairs straight up the stalk, so that each leaf reads as a ladder laid on the ground, under loose heads of blue bell flowers.","leaflets in even pairs up the stalk like the rungs of a ladder; loose head of blue bell flowers; herb of meadow and scree","ladder + leaf","The ladder is what its English name says and what anyone sees in the leaf before they notice the flower. It is a regular, countable arrangement rather than a vague feathery one."
Hygrophila,genus,"Herb of marsh, ditch and pond margin, often half in the water, with narrow opposite leaves crowded at the swollen nodes, sometimes with spines among them, and small purple flowers sitting tight in the leaf joints.","stands in marsh and shallow water; narrow opposite leaves crowded at swollen nodes; spines among the leaves in some; flowers tight in the leaf joints","marsh + herb","The Latin means water-loving and where it stands is the honest answer, since nothing about the leaf or flower is unusual enough to carry the name on its own."
Drummondia,genus,"Moss growing on the bark of living trees in tight dark cushions that clothe a trunk or a branch, its leaves pressed in and curled when dry and opening out again in rain.","grows on the bark of living trees; tight dark cushion clothing the trunk; leaves curled when dry, opening in rain","bark + moss","Chinese mu yi xian is tree-clothing moss. Living on bark rather than on ground or rock is the fact about it, and the cushions really do clothe a trunk."
Pseudoleskeella,genus,"Very small creeping moss making fine thin mats on rock and bark, slighter even than the thin moss it is named against, with minute closely set leaves along thread-like shoots.","finer and thinner than Leskea; thread-like creeping shoots; minute closely set leaves; rock and bark","false + thin + moss","It is named against the thin moss and is the harder of the two to see, so the name has to carry both the likeness and the fact that this is the lesser of the pair."
Heptapleurum,genus,"Tree or scrambling shrub whose leaf divides into seven or nine leaflets spreading from the top of one long stalk, held out over the branch like an opened umbrella and shedding rain the same way.","leaflets spreading from one point like an opened umbrella; seven to nine leaflets; long leaf stalk; tree or scrambler","umbrella + leaf","Goose foot belongs to Chenopodium, whose Greek name says exactly that and which has the better claim. Umbrella is what this one is called in English and is the same spread seen from below."
Chenopodium,genus,"Weed of waste and cultivated ground with mealy grey-green leaves shaped, broad at the base and lobed to a point, like the webbed foot of a goose, and dense spikes of tiny green flowers. The seed is ground and eaten.","leaf shaped like a webbed goose foot; mealy grey-green bloom on the leaf; dense spikes of tiny green flowers; waste ground; seed ground for food","goose + foot","The Greek chen podion IS goose foot and the leaf shape is the whole reason for the name, in Latin and in English both."
Spiranthes,genus,"Small ground orchid whose flowers are set in a single rank that TWISTS around the stem as it climbs, so the spike rises as a neat spiral of little white tubular flowers, like a plait.","flowers in one rank spiralling up the stem; small white tubular flowers; neat plaited spike; ground orchid of turf","spiral + orchid","The spiral is the plant, named for it in Latin and called ladies' tresses in English for the same plait. Coil belongs to Spiradiclis, whose flower BRANCH coils rather than the spike."
Cheilanthes,genus,"Small tough fern of dry rock and crevice, fronds finely cut and often scaly or woolly beneath, curled up and apparently dead in drought. The edge of each segment rolls under to make a continuous LIP covering the spores.","frond edge rolled under into a lip over the spores; small and tough; dry rock crevice; scaly or woolly beneath; curls up in drought","lip + fern","The rolled lip is what the Greek names and is the character the genus is keyed on. Lip flower is Justicia, and the fern keeps the two apart."
Lespedeza,genus,"Legume shrub or stiff herb with trifoliate leaves and small purple-pink pea flowers in the leaf joints, on stems so tough and wiry they are cut and bound into brooms and woven into coarse baskets.","stems tough and wiry enough for brooms and baskets; trifoliate leaf; small purple-pink pea flower; binds poor soil","wire + bush","The stems are the useful part and their stiffness is what is felt on grasping the plant. The flowers are small and shared with half the legumes around it."
Mahonia,genus,"Evergreen shrub with stiff pinnate leaves whose leaflets are edged with hard holly spines, upright racemes of yellow flowers, and drooping bunches of blue-black berries with a grey bloom that look like small grapes. The inner wood is bright yellow.","holly-spined leaflets on a pinnate leaf; bunches of blue-black berries with a bloom; yellow inner wood; upright yellow flower racemes","holly + grape","Both halves are what it is called in English, and together they say the leaf and the fruit at once. Yellow thorn is Berberis, which shares the yellow wood but has simple leaves and real thorns."
Eragrostis,genus,"Delicate tufted grass whose flowering head opens into a wide airy spray of many tiny flattened spikelets on hair-fine branches, so that from a few paces the whole head reads as a haze standing over the ground.","very open airy head of tiny flattened spikelets; hair-fine branches; reads as a haze at a distance; tufted","cloud + grass","The head is open to the point of being more air than plant, which separates it from the tight spike of Koeleria and the tail of Phleum. Fine grass is already Agrostis."
Lysionotus,genus,"Gesneriad hanging from rock face and tree trunk, with thick toothed leaves set in whorls of three along woody stems, and pale purple tubular flowers with a flared mouth drooping clear of the rock.","hangs from rock face and tree trunk; thick toothed leaves in whorls of three; pale purple tubular flower; woody stem","hang + trumpet","Chinese diao shi ju tai is hanging-stone gesneriad. Hanging clear of the surface is what tells it from the cliff rosettes of Oreocharis and Primulina, which press flat against it."
Eriocaulon,genus,"Marsh and shallow-water plant with a rosette of soft translucent grassy leaves below the surface, sending up thin twisted bare stalks each topped by one small hard grey-white BUTTON of tiny crowded flowers, like a pin stuck in the water.","one hard grey-white button of flowers per stalk; thin twisted bare stalk; rosette of translucent grassy leaves; shallow water","button + stalk","The button on a bare stalk is the whole plant above water and is unlike anything growing with it. Woolly stalk, which the Greek says, describes the hairs on the button rather than the stalk."
Pohlia,genus,"Moss of bare damp soil and bank, shoots glossy and often reddish at the base, with long-necked capsules hanging over on curved stalks. Many kinds carry small hard bulbils tucked in the leaf joints that break off and grow.","hard bulbils in the leaf joints that break off and grow; glossy shoots, reddish below; long-necked hanging capsule; bare damp soil","bud + moss","The bulbils are how it spreads and how it is told from its neighbours under a lens, and they are on the plant whether or not it has fruited."
Rohdea,genus,"Thick dark strap leaves standing in a stiff rosette straight from the ground, holding their colour through frost and drought year after year, with a short dense spike of pale fleshy flowers low among the leaf bases and then red berries.","holds dark green through frost and drought for years; thick stiff strap leaves in a rosette; dense short flower spike at ground level; red berries","ever + green","Chinese wan nian qing is ten-thousand-year green, and lasting is the whole point of the plant and the reason it is grown and given. Winter green is Ilex, which is a woody shrub with spined leaves."
Lindernia,genus,"Small creeping herb spreading over wet mud and the drying edges of ponds and paddy, with small opposite leaves and tiny two-lipped white or purple flowers sitting singly in the leaf joints.","creeps over wet mud and drying pond edges; small opposite leaves; tiny two-lipped flower alone in the leaf joint; low mat","mud + herb","Where it grows is the only distinctive thing about a very small and very plain plant, and it grows on bare wet mud where almost nothing else creeps."
Calamus,genus,"Climbing palm whose stem is solid, immensely long and flexible, running a hundred paces through the canopy. It climbs on whips thrown out beyond the leaves and armed along their length with backward-curving hooks that catch and hold. The stripped cane is the rattan of chairs and rope.","climbs on whips armed with backward hooks; solid immensely long flexible stem; stripped for rattan cane and rope; spiny throughout","hook + cane","The hooks are how it climbs and how it catches anyone walking under it, and the cane is why it is cut. Reed belongs to the true reeds, which are hollow and stand on their own."
Pellionia,genus,"Fleshy herb creeping flat over wet shaded ground and rock, its stems rooting as they go, the leaves markedly lopsided and often banded or mottled with silver along the veins.","creeps flat and roots as it goes; markedly lopsided leaf; silver banding along the veins; wet shade","crawl + leaf","It is met as a mat on the ground rather than as a plant standing up, which is what separates it from the upright Elatostema and the translucent-stemmed Pilea beside it."
Celastrus,genus,"Woody twiner that spirals up a trunk and strangles it, with rounded toothed leaves and, in autumn, round orange capsules that split into three and curl back to show seeds coated in brilliant scarlet, held on the bare stems all winter.","twines and strangles what it climbs; orange capsule splitting to scarlet seed; holds fruit on bare stems all winter; rounded toothed leaf","snake + vine","Chinese nan she teng is south snake vine, for the way it winds. Holly belongs to Ilex, which is an evergreen shrub with spined leaves and nothing to do with this."
Didymocarpus,genus,"Gesneriad of shaded wet rock with opposite toothed leaves and small tubular flowers, whose fruit is a long slender capsule that splits down its length into two equal halves lying side by side like a pair.","capsule splitting into two equal halves lying together; long and slender; opposite toothed leaf; shaded wet rock","twin + pod","The Greek didymos is twin and names that paired split, which is on the plant long after flowering. Henckelia's halves twist apart instead, which is where the two are told apart."
Rumex,genus,"Tall coarse herb with big blunt leaves that taste sharply sour when chewed, and dense spikes of small flowers that ripen into papery brown-red winged fruits, the whole stem turning rust colour and standing through winter.","leaves sharply sour to chew; papery brown-red winged fruit in dense spikes; tall rust-coloured stem standing all winter; big blunt leaf","sour + leaf","The sourness is immediate, is on every species, and is why the leaves are picked. Sorrel was shared with Melampyrum, which is not sour and is not related."
Chrysanthemum,genus,"Aromatic herb with deeply lobed leaves that smell sharp and clean when bruised, carrying dense daisy heads that open as the days shorten and the other flowers are finishing, in yellow, white and bronze.","opens as the days shorten, after everything else; aromatic deeply lobed leaf; dense daisy head; yellow, white and bronze","autumn + daisy","Flowering when the year is closing is the whole reason it is grown, painted and drunk as tea. Gold flower was shared with Helichrysum, whose heads are dry everlastings."
Hibiscus,genus,"Large open cup-shaped flower of five overlapping petals with a long column of fused stamens pushed out through the middle, opening in the morning and finished by night. The bark of some strips into strong fibre.","big open cup of five petals; long stamen column through the centre; flower lasts a single day; strong bark fibre","day + cup","The flower is a wide shallow cup and it lasts from morning to dusk, both of which anyone meeting the plant sees at once. Marsh mallow is a different plant and was costing fifteen letters."
Abies,genus,"Fir. Flat soft needles set singly on the twig, each with two chalk-white bands underneath, and cones that stand UPRIGHT on the upper branches like candles and never fall whole: they crumble apart on the tree and leave a bare spike standing.","cones standing upright on the branch; cones crumble apart on the tree rather than falling; flat needles with two white bands beneath","stand + cone","No other conifer holds its cones upright and none sheds them by falling to pieces in place. Silver fir was shared with Cathaya, and silver describes the needle rather than the tree."
Barbula,genus,"Small dull green moss of soil, wall and path, forming low turfs, whose spore capsule opens to a ring of fine teeth TWISTED together into a spiral cord that unwinds as it dries and flicks the spores out.","capsule teeth twisted into a spiral that unwinds when dry; small dull green turf; soil, wall and bare path","twist + moss","Chinese niu kou xian is twisted-mouth moss. The twist is what the genus is keyed on under a lens and it does visible work, winding and unwinding with the weather. Beard was shared with two unrelated genera."
Plantago,genus,"Flat rosette pressed to trodden ground, its broad leaves crossed by strong parallel ribs that stand out on the underside and pull out as tough threads when the leaf is torn. A bare stalk carries a dense narrow spike of tiny flowers.","strong parallel ribs standing out on the leaf; ribs pull out as tough threads; flat rosette on trodden ground; dense narrow spike on a bare stalk","rib + leaf","Ribwort is already one of its English names and the ribs are what a hand finds when tearing a leaf. Plantain was shared with Holosteum and is also the name of a banana."
Panicum,genus,"Grass whose flowering head opens wide into a spreading branched spray, each branch ending in a small hard shining grain, round and smooth enough to roll between the fingers. Some kinds are grown for those grains.","head spreading wide into a branched spray; small round shining hard grain; grains grown as food; tufted or sprawling","spread + grain","The head opens out where its relatives stay tight, and the grain is round and polished rather than long. Millet was shared with Cenchrus and Milium and named none of the three."
Peucedanum,genus,"Umbellifer with leaves cut into narrow segments and flat heads of small white or yellow flowers, over a thick root that smells strongly resinous when cut and is dug, sliced and simmered for a stubborn cough.","thick resinous-smelling root dug for cough; leaves cut into narrow segments; flat white or yellow umbel","cough + root","Chinese qian hu names the root and the use, and the cough is what it is gathered and sold for. Ache root is Hansenia, taken for joints, and the two are told apart by what they treat."
Thladiantha,genus,"Climbing gourd with heart-shaped leaves, coiling tendrils and bright yellow bell flowers, bearing small oblong gourds that ripen from green through orange to a deep red, hanging singly among the leaves.","small oblong gourd ripening to deep red; heart-shaped leaf; coiling tendril; yellow bell flower","red + gourd","Chinese chi pao is red gourd. The colour of the ripe fruit hanging in green leaves is what it is found by, and bitter vine is already Hemsleya, whose fruit is not red."
Pternopetalum,genus,"Small delicate umbellifer of damp forest floor, leaves divided into fine segments, carrying tiny white flowers whose petals are each hollowed into a small pouch at the base rather than lying flat.","petals hollowed into a small pouch at the base; tiny white flower; finely divided leaf; damp forest floor","pouch + petal","Chinese nang ban qin is pouch-petal parsley and the Greek says the same. It is the one character that separates a very small plain umbellifer from the others on the same ground."
Cryptocarya,genus,"Laurel tree with smooth aromatic leaves whose fruit is a small hard ball, the seed sealed inside a thick woody shell that has to be cracked rather than cut, the flesh around it thin and barely there.","seed sealed in a thick hard woody shell; small hard round fruit; thin flesh; aromatic laurel leaf","thick + shell","Chinese hou ke gui is thick-shell cassia and the Greek means hidden nut, both naming the same sealed shell. It was costing seventeen letters as thick casing cassia."
Hymenasplenium,genus,"Fern of wet forest with fronds so thin they are almost transparent when held to the light, once divided into small oblong segments on a wiry black stalk, the spore lines running along the veins beneath.","fronds thin enough to see light through; small oblong segments; wiry black stalk; spore lines along the veins; wet forest","film + fern","The thinness of the frond is what is seen the moment one is lifted, and it separates this from the leathery, lacy and fan-shaped ferns already named."
Cheilolejeunea,genus,"Minute leafy liverwort making a thin film on bark and living leaves, each leaf carrying a small pouch folded beneath it whose opening is bordered by a distinct thickened rim, like a lip around the mouth.","thickened rim like a lip around the pouch mouth; minute; thin film on bark and living leaves; pouch folded under each leaf","lip + moss","It is a film moss like Lejeunea and differs at the rim of the pouch, which is what its name says in Greek and where the two are separated under a lens."
sinensis,epithet,"Of China. The country's own name for itself is 中国, the middle land, a land understood as lying at the centre of what its people knew.","the middle land; China's own name read literally","middle + land","design.md says a place is answered by DESCRIBING it, and gives japonica as sun-begin-land. This is the same move on the name China uses for itself."
sinense,epithet,"Of China, the middle land. The neuter of the same word.","the middle land","middle + land","The neuter form of sinensis and the same place."
chinensis,epithet,"Of China, the middle land, 中国.","the middle land","middle + land","A second spelling of the same place, which must read the same way or two names for one country enter the language."
chinense,epithet,"Of China, the middle land, 中国.","the middle land","middle + land","The neuter of chinensis."
japonica,epithet,"Of Japan. 日本 is sun-origin: the land where the sun rises, named from the point of view of the mainland looking east.","the land the sun rises from","sun + begin + land","This is design.md's own worked example for how a place is described rather than taken."
japonicum,epithet,"Of Japan, the land the sun rises from.","the land the sun rises from","sun + begin + land","The neuter of japonica."
japonicus,epithet,"Of Japan, the land the sun rises from.","the land the sun rises from","sun + begin + land","The masculine of japonica."
taiwanensis,epithet,"Of Taiwan. 台湾 is terrace-bay, for the stepped terraces above the western anchorage where the first settlements stood.","terrace above a bay","terrace + bay","The island's Chinese name is a description of its own shore and reads literally."
taiwaniana,epithet,"Of Taiwan, the terrace above the bay.","terrace above a bay","terrace + bay","A second form of the same place."
formosana,epithet,"Of Taiwan under its older name, given by sailors who saw the forested mountains from the sea and called it the beautiful island.","the beautiful island","beauty + island","Formosa is the Portuguese for beautiful, said of an island, and is a description rather than a name."
formosanus,epithet,"Of the beautiful island.","the beautiful island","beauty + island","The masculine of formosana."
yunnanensis,epithet,"Of Yunnan. 云南 is cloud-south: the land south of the cloudy mountains, where the cloud sits on the ranges most of the year.","south of the clouds","cloud + south","A Chinese province name that is a plain description of where it lies."
yunnanense,epithet,"Of Yunnan, south of the clouds.","south of the clouds","cloud + south","The neuter of yunnanensis."
sichuanensis,epithet,"Of Sichuan. 四川 is four-rivers, the basin drained by four great rivers running down to the Yangtze.","the land of four rivers","four + river","The province is named for its rivers and the name says so."
tibetica,epithet,"Of Tibet. 西藏 is west-treasure, the western storehouse, seen from the Chinese side of the plateau.","the western treasure house","west + hoard","The Chinese name for the region is a description of its position and its wealth."
tibeticum,epithet,"Of Tibet, the western treasure house.","the western treasure house","west + hoard","The neuter of tibetica."
himalaica,epithet,"Of the Himalaya. The Sanskrit is hima-alaya, the abode of snow, which is what the range is: the place snow lives.","the dwelling of snow","snow + home","The range's own Sanskrit name is a description and needs no other."
himalayensis,epithet,"Of the Himalaya, the dwelling of snow.","the dwelling of snow","snow + home","A second form of the same range."
indica,epithet,"Of India. The name descends from Sindhu, the river, so the country is the river land, named by outsiders for the water they crossed to reach it.","the land of the river","river + land","Every spelling of India traces back to a word meaning river, which is a description rather than a name."
indicum,epithet,"Of India, the land of the river.","the land of the river","river + land","The neuter of indica."
emeiensis,epithet,"Of Mount Emei. 峨眉 is lofty-eyebrow, for the two high curved ridges that stand over the plain like a pair of painted brows.","the high curved brow ridges","high + brow","The mountain's name is a picture of its own skyline, which is exactly what a described place should be."
omeiensis,epithet,"Of Mount Emei, the high brow ridges.","the high curved brow ridges","high + brow","An older spelling of emeiensis."
guangxiensis,epithet,"Of Guangxi. 广西 is broad-west, the western half of the old broad province.","the broad west","broad + west","A Chinese province whose name states where it is."
guangdongensis,epithet,"Of Guangdong. 广东 is broad-east, the eastern half of the same old broad province.","the broad east","broad + east","The pair to Guangxi and named the same way."
hunanensis,epithet,"Of Hunan. 湖南 is lake-south, the land south of Dongting lake.","south of the lake","lake + south","Named for its position against a lake, and the name says it."
hubeiensis,epithet,"Of Hubei. 湖北 is lake-north, the land north of the same lake.","north of the lake","lake + north","The pair to Hunan."
henanensis,epithet,"Of Henan. 河南 is river-south, the land south of the Yellow River.","south of the river","river + south","Named for its position against the river."
hebeiensis,epithet,"Of Hebei. 河北 is river-north, the land north of the Yellow River.","north of the river","river + north","The pair to Henan."
shandongensis,epithet,"Of Shandong. 山东 is mountain-east, the land east of the Taihang range.","east of the mountains","mountain + east","Named for its position against a range."
qinghaiensis,epithet,"Of Qinghai. 青海 is blue-sea, for the great salt lake on the plateau that gives the province its name.","the blue sea lake","blue + sea","The lake is the province's name and the name is its colour."
xinjiangensis,epithet,"Of Xinjiang. 新疆 is new-frontier, the territory added last to the empire's western edge.","the new frontier","new + border","A name that states what the place was to whoever named it."
tianshanica,epithet,"Of the Tian Shan. 天山 is heaven-mountain, a range high enough that its snow line stands against the sky.","the mountains of the sky","sky + mountain","The range's name is a description of its height."
tianschanica,epithet,"Of the Tian Shan, the mountains of the sky.","the mountains of the sky","sky + mountain","A second spelling of the same range."
altaica,epithet,"Of the Altai. The Mongolian altan is gold, so the range is the golden mountains, named for the metal taken out of them.","the golden mountains","gold + mountain","The range's own name means gold and is a description of what it held."
baicalensis,epithet,"Of Lake Baikal. The Turkic bay-kul is the rich lake, rich for the fish that fed everyone living around it.","the rich lake","rich + lake","The lake's name describes what it gave, which survives a speaker who has never heard of it."
muliensis,epithet,"Of Muli, a high county in the mountains of south-west Sichuan, almost entirely under forest, deep valleys between ranges that hold snow most of the year.","a high county under forest; deep valleys; snow on the ranges","high + forest + land","The Chinese 木里 is a sounding-out of a Tibetan name, so reading its characters would be reading a transliteration. The place itself is describable and this describes it."
muliense,epithet,"Of Muli, the high forested county.","a high county under forest","high + forest + land","The neuter of muliensis."
hainanensis,epithet,"Of Hainan. 海南 is sea-south: the island lying south across the water from the mainland.","the island south across the sea","sea + south","A Chinese place name that is a plain statement of where it lies."
hainanense,epithet,"Of Hainan, south across the sea.","the island south across the sea","sea + south","The neuter of hainanensis."
lushuiensis,epithet,"Of Lushui, a county strung along a deep gorge of the Nu river in western Yunnan, the water running fast between walls of rock.","a deep river gorge; fast water between rock walls","gorge + river","The county is the gorge it sits in, which is what anyone arriving there sees."
ludingensis,epithet,"Of Luding, on the Dadu river in western Sichuan, known for the iron chain bridge slung across the gorge.","a chain bridge over a river gorge; fast water","chain + bridge","The bridge is what the town is and what it is known for, and it is a thing rather than a name."
wenchuanensis,epithet,"Of Wenchuan, a county in the mountains of Sichuan on the Min river, where the valley floor is narrow and the slopes rise steeply on both sides.","a narrow river valley between steep slopes","narrow + valley","The Chinese 汶川 names a river and a plain, and the place is the valley it occupies."
wenchuanense,epithet,"Of Wenchuan, the narrow valley.","a narrow river valley between steep slopes","narrow + valley","The neuter of wenchuanensis."
jinggangshanensis,epithet,"Of Jinggangshan. 井冈山 is well-ridge-mountain, a range of forested ridges with flat hollows between them that hold water like wells.","forested ridges with water-holding hollows","well + ridge + mountain","The mountain's Chinese name describes its own shape and reads straight through."
sungpanensis,epithet,"Of Songpan, high grassland and pine country on the eastern edge of the Tibetan plateau, where the forest gives out into open pasture.","high pine country; grassland at the forest edge","pine + high + land","The Chinese 松潘 opens with pine, and pine at altitude is what the place is."
arisanensis,epithet,"Of Alishan, a high range in central Taiwan, cloud standing in the valleys below the summits most mornings, the slopes under old cypress forest.","cloud standing in the valleys; high cypress forest; central Taiwan","cloud + forest + mountain","The Chinese is a sounding-out of an aboriginal name, so the place is described instead: cloud sea and cypress are what it is known and visited for."
gaoligongensis,epithet,"Of Gaoligong, a long steep range running north to south on the Burmese border, so sharply ridged and so wet that the slopes carry different forest at every height.","a long steep north-south ridge; wet slopes; forest changing with height; a border range","steep + border + range","The Chinese name sounds out a local one. The range's own shape, long and steep and on a border, is what can honestly be said of it."
nyalamensis,epithet,"Of Nyalam, a Tibetan town at the head of a gorge where the plateau breaks and falls away towards Nepal, the road running down through it.","a gorge at the edge of the plateau; the way down to the lowland; a pass","gorge + pass","The name is Tibetan and the Chinese sounds it out, so the place is described: it is the pass where the plateau ends."
luochengensis,epithet,"Of Luocheng, a county in the limestone hills of northern Guangxi, the ground broken into cones and caves.","limestone hills broken into cones and caves; northern Guangxi","stone + cave + hill","The karst is what the county is made of and what is seen from any road in it."
yangshuoensis,epithet,"Of Yangshuo, on the Li river in Guangxi, where the limestone rises out of flat paddy in isolated towers.","limestone towers rising from flat paddy; a river winding between them","stone + tower","The towers are the place, and they are a shape rather than a name."
ussuriensis,epithet,"Of the Ussuri, a river running north through cold mixed forest along the eastern border, its valley holding both northern conifers and southern broadleaves.","a northern river valley; mixed cold forest; an eastern border river","cold + forest + river","The river is named in a local language the Chinese sounds out, so what is described is the valley: a cold river running through mixed forest."
kaschgaricum,epithet,"Of Kashgar, an oasis city on the western rim of the Taklamakan, watered by rivers off the mountains and ringed by desert beyond the irrigated land.","an oasis ringed by desert; watered from the mountains; the western rim of a sand sea","oasis + sand + land","Kashgar is sounded out in Chinese and the name means nothing in it. The oasis in the desert is the place and is describable."
kaschgarica,epithet,"Of Kashgar, the oasis ringed by desert.","an oasis ringed by desert","oasis + sand + land","The feminine of kaschgaricum."
pamirica,epithet,"Of the Pamirs, a high cold knot of ranges where several great mountain systems meet, bare above the tree line, grazed in summer and empty in winter.","a high cold knot where ranges meet; bare above the tree line; summer grazing only","high + bare + range","The name is local and opaque in Chinese and in Latin both. What the place is, a bare high meeting of ranges, can be said plainly."
pamiricum,epithet,"Of the Pamirs, the bare high ranges.","a high cold knot where ranges meet; bare above the tree line","high + bare + range","The neuter of pamirica."
lhasaensis,epithet,"Of Lhasa. The Tibetan means place-of-the-gods, for the temple the city grew around, on a wide flat valley floor high on the plateau.","the place of the gods; a wide high valley floor; a temple city","god + place","The Tibetan name is itself a description and reads straight through, which is the same move as japonica."
tonkinensis,epithet,"Of Tonkin, the north of Vietnam around the Red River delta. The name is 東京, eastern capital, the same two characters that make Tokyo.","the eastern capital; a great river delta; the north of Vietnam","east + capital","The name is written in characters that say what it was, an eastern seat of government, and those read literally."
dinghuensis,epithet,"Of Dinghu. 鼎湖 is cauldron-lake, for the round steep-sided lake on the mountain that holds water like a pot.","a round steep-sided lake like a cauldron; a forested mountain","cauldron + lake","The Chinese name is a picture of the lake's shape and needs nothing added."
lijiangensis,epithet,"Of Lijiang. 丽江 is beautiful-river, the old town on the upper Yangtze under the snow range, water running through every street.","the beautiful river; water through every street; under a snow range","beauty + river","The name states what the place was named for and reads directly."
kwangsiensis,epithet,"Of Guangxi, the broad west, under an older spelling.","the broad west","broad + west","The same province as guangxiensis under the older romanisation, and it must read the same or one place gets two names."
szechuanica,epithet,"Of Sichuan, the land of four rivers, under an older spelling.","the land of four rivers","four + river","An older romanisation of sichuanensis and the same place."
setschwanicum,epithet,"Of Sichuan, the land of four rivers, under a German spelling.","the land of four rivers","four + river","A third romanisation of the same province."
kweichowensis,epithet,"Of Guizhou. 贵州 is noble-region, a high limestone province of cones and gorges.","the noble region; high limestone cones and gorges","noble + land","The Chinese name reads literally and the older spelling must reach the same reading as the modern one."
fokienensis,epithet,"Of Fujian. 福建 is fortune-establish, the coastal province founded, as its name says, on good fortune.","fortune established; a mountainous coast","luck + build","The name is two characters that both mean something and together say what was hoped of the place."
honanensis,epithet,"Of Henan, the land south of the Yellow River, under an older spelling.","south of the river","river + south","An older romanisation of henanensis."
hupehensis,epithet,"Of Hubei, the land north of the lake, under an older spelling.","north of the lake","lake + north","An older romanisation of hubeiensis."
kiangsiensis,epithet,"Of Jiangxi. 江西 is river-west, the land west of the Gan river's lower course.","west of the river","river + west","A Chinese province named for its position against a river."
liaoningensis,epithet,"Of Liaoning. 辽宁 is distant-peace, the far north-eastern province, named for the quiet wanted on a frontier.","distant peace; the far north-east","far + peace","Both characters carry sense and together they say what the place was meant to be."
tsinlingensis,epithet,"Of the Qinling, the range running east to west across the middle of China that divides the wet south from the dry north, wooded on one flank and bare on the other.","an east-west range dividing wet south from dry north; wooded one side, bare the other","divide + range","The range's name is a dynasty's, which says nothing. What it DOES, splitting the country's weather in two, is its defining fact."
tapaishanensis,epithet,"Of Taibai Shan. 太白山 is great-white-mountain, the highest peak of the Qinling, snow on its head most of the year.","the great white mountain; snow most of the year; highest of its range","great + white + mountain","The mountain's Chinese name describes its summit and reads straight through."
moupinensis,epithet,"Of Moupin, a district on the eastern edge of the Tibetan mountains where the forest climbs from warm valley to snow line in a single day's walk.","forest from warm valley to snow line; the eastern edge of the Tibetan mountains","steep + forest + edge","The name is a local one the Chinese sounds out, so the place is described by what makes it famous: the whole span of forest in one slope."
sibirica,epithet,"Of Siberia, the cold north: an unbroken belt of conifer forest over frozen ground, running further east than any other forest on earth.","unbroken conifer forest; frozen ground; the far cold north","cold + north + forest","The name's origin is disputed and says nothing anyway. The forest on frozen ground is what the word means to anyone who uses it."
sibiricum,epithet,"Of Siberia, the cold northern forest.","unbroken conifer forest; frozen ground","cold + north + forest","The neuter of sibirica."
songorica,epithet,"Of Dzungaria, a closed basin in the far north-west, sand and gravel steppe ringed by high ranges with no outlet to any sea.","a closed basin with no outlet; sand and gravel steppe; ringed by high ranges","closed + basin","The name is Mongol and is sounded out in both Chinese and Latin. The basin itself, shut on every side, is the fact about it."
philippinensis,epithet,"Of the Philippines, a scatter of thousands of islands in a warm sea, wet all year, each large island carrying its own plants.","thousands of islands in a warm sea; wet all year; each island with its own plants","many + island + sea","The name is a Spanish king's and says nothing. The archipelago, many islands in warm water, is what the word points at."
luzonense,epithet,"Of Luzon, the largest of those islands, a long body of land with a spine of volcanoes down it.","the largest island; a spine of volcanoes; warm and wet","big + island + fire + mountain","The name is local and opaque. What the island is, big and volcanic, can be said plainly."
amurensis,epithet,"Of the Amur. The Chinese name for the river is 黑龙江, black-dragon-river, for the dark water winding between forested banks in the far north-east.","the black dragon river; dark winding water; forested northern banks","black + dragon + river","The river's Chinese name is a picture of it and reads straight through, which beats sounding out a Tungus name."
dahurica,epithet,"Of Dauria, the country east of Lake Baikal: cold open steppe running into larch forest, frozen hard for half the year.","cold open steppe; larch forest; frozen half the year; east of a great lake","cold + steppe","The name is a people's and says nothing. The country is steppe that freezes, which is what the word points at."
davurica,epithet,"Of Dauria, the cold steppe east of the great lake.","cold open steppe; frozen half the year","cold + steppe","A second spelling of dahurica and the same country."
koraiensis,epithet,"Of Korea. 高麗 is high-beautiful, the old kingdom's name for itself, a peninsula of steep wooded hills running down to the sea.","the high and beautiful land; steep wooded hills; a peninsula","high + beauty + land","The kingdom's own name for itself is two characters that both carry sense, which is the japonica move again."
koreana,epithet,"Of Korea, the high and beautiful land.","the high and beautiful land; steep wooded hills","high + beauty + land","A second form of koraiensis."
mandshurica,epithet,"Of Manchuria, the cold north-east: black soil plain ringed by wooded mountains, hot brief summers and long hard winters.","black soil plain; wooded mountains around it; long hard winter, brief hot summer","black + soil + plain","The name is a people's. The place is a plain of famously black earth, which is a fact about the ground rather than about anyone."
manshurica,epithet,"Of Manchuria, the black soil plain.","black soil plain; long hard winter","black + soil + plain","A second spelling of mandshurica."
mongolica,epithet,"Of Mongolia, a high dry plateau of short grass and gravel, too cold and too dry for trees over most of it, grazed and crossed rather than settled.","a high dry plateau; short grass and gravel; too dry for trees; grazed and crossed","dry + grass + plateau","Mongol is a people, which the design refuses outright. The plateau itself, high and dry and treeless, is a fact about the ground."
mongolicus,epithet,"Of Mongolia, the high dry plateau.","a high dry plateau; short grass; too dry for trees","dry + grass + plateau","The masculine of mongolica."
siamensis,epithet,"Of Thailand. The country's own name says the land of the free, for never having been taken by an outside power, a warm wet land of river plains and monsoon forest.","the free land; river plains and monsoon forest; warm and wet all year","free + land","The country's own name for itself carries a plain sense and is the better reading of the two available."
annamensis,epithet,"Of Annam. 安南 is peaceful-south, the old name for the long coastal country south of China, mountains on one side and sea on the other.","the peaceful south; a long coast; mountains inland of it","peace + south","Two characters that both mean something, naming the place by where it sat and what was wanted of it."
okinawensis,epithet,"Of Okinawa. 沖縄 is offshore-rope, for the chain of small islands strung out in the open sea south of the main Japanese lands.","a rope of islands strung offshore; warm open sea; small islands in a chain","offshore + rope","The Japanese name is a picture of the island chain seen on a map or from a boat."
kyushuensis,epithet,"Of Kyushu. 九州 is nine-provinces, the southern island of Japan, warm and volcanic, once divided into nine.","the nine provinces; a warm volcanic island; southern Japan","nine + land","A place named by counting what it was made of, which reads directly."
beijingensis,epithet,"Of Beijing. 北京 is north-capital, the seat of government in the north of the country.","the northern capital; a seat of government","north + capital","The city's name states exactly what it is, and Tonkin and Nanjing are named the same way."
nanjingensis,epithet,"Of Nanjing. 南京 is south-capital, the southern seat, on the lower Yangtze.","the southern capital; on a great river","south + capital","The pair to Beijing, named by the same rule."
shanghaiensis,epithet,"Of Shanghai. 上海 is upon-the-sea, the city built where the river meets the coast, on flat ground barely above the water.","upon the sea; where a great river meets the coast; flat ground barely above water","on + sea","The name says where the place sits and nothing else, which is what a described place should do."
ningxiaensis,epithet,"Of Ningxia. 宁夏 is peaceful-summer, dry loess country along the upper Yellow River where irrigation makes a green strip through desert.","peaceful summer; a green irrigated strip through desert; the upper Yellow River","peace + summer","Both characters carry sense and together name what was hoped of a hard country."
daliensis,epithet,"Of Dali. 大理 is great-order, an old kingdom on a lake under a long snow range in western Yunnan.","the great order; a lake under a long snow range; western Yunnan","great + order","The old kingdom's name is two characters that both mean something."
gansuensis,epithet,"Of Gansu, a long narrow corridor between desert and mountain, the road west running through it with oasis towns strung along the way.","a long narrow corridor; desert one side, mountain the other; oasis towns along a road","narrow + corridor","The province is a passage rather than a region, and that shape is its defining fact."
shanxiensis,epithet,"Of Shanxi. 山西 is mountain-west, the loess plateau west of the Taihang range.","west of the mountains; loess plateau","mountain + west","Named for its position against a range, like Shandong to its east."
zhejiangensis,epithet,"Of Zhejiang. 浙江 is the crooked river, for the Qiantang's sharp bends before it reaches the sea.","the crooked river; sharp bends before the sea; a coastal province","crooked + river","The province takes its name from the river's shape, which is a description."
anhuiensis,epithet,"Of Anhui, the country either side of the lower Huai and Yangtze, flat and wet in the north, hilly and wooded in the south.","flat wet plain in the north, wooded hills in the south; two great rivers","two + river + land","The name is made from two city names and says nothing. The province is the land between two rivers, which does."
qionglaiensis,epithet,"Of Qionglai, a range on the western rim of the Sichuan basin where the land steps up abruptly from plain to high mountain.","the land steps abruptly from plain to mountain; the western rim of a basin","step + range","The name sounds out a local one. The abrupt step from plain to mountain is what the range is."
kashmirensis,epithet,"Of Kashmir, a broad flat valley floor held between two mountain walls, lakes on the floor of it and meadow above the treeline on both sides.","a flat valley floor between two mountain walls; lakes on the floor; meadow above the trees","held + valley","Kashmir is distinct from Kashgar, which the corpus confuses. The shut valley between ranges is what the place is and what everyone who describes it describes."
kashmirense,epithet,"Of Kashmir, the valley held between mountain walls.","a flat valley floor between two mountain walls","held + valley","The neuter of kashmirensis."
cashmeriana,epithet,"Of Kashmir, the held valley.","a flat valley floor between two mountain walls","held + valley","An older spelling of the same valley."
abaensis,epithet,"Of Aba, a high Tibetan region of north-west Sichuan: open grassland at great height with wide peat marshes lying in the hollows, treeless and cold.","high open grassland; wide peat marsh in the hollows; treeless and cold","high + marsh + grass","The name is Tibetan and the Chinese sounds it out. The high marsh grassland is unmistakable and is what the region is."
aliensis,epithet,"Of Ngari, the far west of Tibet: the highest, driest and emptiest part of the plateau, bare rock and salt lakes with almost nothing growing between them.","the highest and driest plateau; bare rock and salt lakes; almost nothing grows","bare + high + waste","The Chinese 阿里 sounds out a Tibetan name. What the place is, the emptiest high ground there is, can be said without it."
gongshanensis,epithet,"Of Gongshan, in the gorges where three great rivers run parallel a few days' walk apart, the ridges between them so steep that the forest changes completely from river to summit.","three great rivers running parallel; ridges so steep the forest changes with height; deep gorges","three + river + gorge","The place is famous for exactly one thing, the parallel gorges, and that is a fact about the ground rather than a name."
xiangxiensis,epithet,"Of western Hunan, a country of limestone gorges and caves with rivers running underground and reappearing, the hills steep and close together.","limestone gorges and caves; rivers running underground; steep close hills","cave + gorge + land","湘西 is west-Hunan, an abbreviation rather than a description, so the karst that the region is made of does the work."
leyeensis,epithet,"Of Leye, where the limestone has collapsed into enormous round sinkholes hundreds of paces across, each holding its own patch of forest at the bottom.","enormous round collapsed sinkholes; forest growing at the bottom of each; limestone","sink + hole","The sinkholes are what the county is known for and are visible from the air, which is as obvious as a place gets."
lichuanensis,epithet,"Of Lichuan, a valley in the Hubei mountains where the dawn redwood was found still living after being known only from stone.","the valley where a tree thought lost was found alive; mountain valley in Hubei","lost + tree + valley","The find is what the place means to anyone who has heard of it, and it is an event rather than a person."
ruiliensis,epithet,"Of Ruili, on the Burmese border where the plateau drops into hot lowland, monsoon forest and banana country right up against the hills.","where the plateau drops to hot lowland; monsoon forest; a border town","hot + border + low","The name is Dai and is sounded out in Chinese. The drop from cool plateau to hot lowland is the place."
ruoqiangensis,epithet,"Of Ruoqiang, on the southern rim of the Lop desert: salt crust, dry riverbeds and wind-cut ground, one of the emptiest places anywhere.","salt crust and dry riverbeds; wind-cut ground; the rim of a desert; almost empty","salt + waste","The name sounds out a local one. The salt desert is the whole of what is there."
burqinensis,epithet,"Of Burqin, in the foothills of the Altai where birch and larch forest runs down to a clear river out of the gold mountains.","birch and larch forest; a clear river out of the mountains; Altai foothills","birch + river","The Chinese sounds out a Mongol name. The birch forest along the river is what the place looks like."
sairamensis,epithet,"Of Sayram, a cold blue lake held high in the Tianshan with no river running out of it, grassland running down to the shore.","a cold blue lake held high in the mountains; no outlet; grassland to the shore","high + blue + lake","The lake is the place and its colour and height are what everyone remarks on."
garambiensis,epithet,"Of Eluanbi, the southernmost cape of Taiwan: raised coral limestone standing over the sea, wind-bent scrub on top of it.","the southernmost cape; raised coral limestone; wind-bent scrub over the sea","south + cape","A cape at the end of an island is a shape rather than a name, and this one is the end of it."
wuyuanensis,epithet,"Of Wuyuan, a country of terraced hills in Jiangxi, old villages under camphor trees with the fields cut in steps up every slope.","terraced hills; fields cut in steps; old villages under great camphor trees","step + field + hill","The terracing is what the place is famous for and is the shape of the whole landscape."
langaoensis,epithet,"Of Langao, in the Daba mountains where the range rises in mist off the Han river, wet forest on the northern slopes.","mist rising off a river into mountains; wet forest on north slopes; the Daba range","mist + mountain","The Chinese 岚 is the mist that rises in a mountain valley, which is both the name's own sense and the place."
malipoensis,epithet,"Of Malipo, limestone hills on the Vietnamese border, wet and warm, the rock broken into ridges holding forest in every crack.","limestone ridges on a border; wet and warm; forest in every crack of the rock","border + stone + hill","The corpus reads the Latin as bad-exist, which is two guesses. The karst border country is the place."
tumenensis,epithet,"Of the Tumen, the river marking the Korean border, cold and shallow, running through low wooded hills to a short stretch of sea.","a cold shallow border river; low wooded hills; a short run to the sea","border + river","The river is named in Manchu and sounded out. It is a border and a river, which is all anyone needs."
yuelushanensis,epithet,"Of Yuelu, a wooded hill standing over the river at Changsha with an old academy on its slope, maples turning the whole hill red in autumn.","a wooded hill over a river; maples reddening the whole hill in autumn; an old school on its slope","maple + hill","The autumn colour is what the hill is visited for and is a fact about what grows there."
lhorongensis,epithet,"Of Lhorong, in eastern Tibet where the plateau is cut into deep dry valleys, grazing on the high ground and barley on the valley floors.","deep dry valleys cut into a plateau; grazing above, barley below","dry + valley + high","The Chinese sounds out a Tibetan name. The dry cut valleys are the shape of the country."
transarisanensis,epithet,"From beyond Alishan, the far side of the cloud and cypress range in central Taiwan.","the far side of the cloud forest range","across + cloud + mountain","Built on arisanensis, which is already described, with the crossing said plainly."
borneensis,epithet,"Of Borneo, a great equatorial island under unbroken rain forest, rivers running brown with peat out of swamp forest behind the coast.","a great equatorial island; unbroken rain forest; brown peat rivers; swamp behind the coast","rain + forest + island","The name is local and opaque. The island is forest and rain on a scale that is the fact about it."
surinamensis,epithet,"Of Suriname, a low tropical coast of mud and mangrove backed by unbroken forest on old hard rock, the rivers running north to the sea.","a low muddy tropical coast; mangrove; unbroken forest inland; rivers running north","mud + coast + forest","The corpus reads it as super-town-month, three guesses. The coast and the forest behind it are the country."
Colutea,genus,"Legume shrub with small pinnate leaves and yellow or coppery pea flowers, whose pods blow up into thin papery bladders that stay closed and pop loudly when squeezed.","pods inflated into papery bladders; pop when squeezed; yellow or coppery pea flower; small pinnate leaf","bladder + pod","Chinese yu biao huai is fish-bladder locust, naming the same inflated pod. Bursting one is what anyone does on meeting the shrub."
Alchemilla,genus,"Low herb whose rounded leaf is folded into pleats like a fan and edged with fine teeth, and whose surface throws water off so completely that dew stands on it in whole round beads until the sun is high.","dew standing in whole round beads on the leaf; leaf folded in pleats like a fan; fine-toothed edge","dew + leaf","The beaded dew is the one thing everyone who meets the plant remembers, and it is a property of the leaf surface rather than a story about it."
Hovenia,genus,"Tree whose fruit is dry and hardly worth eating, while the STALKS that carry it swell, redden and turn sweet and fleshy as they ripen, tasting of raisins, and those are what is picked.","the fruit stalks swell and sweeten, not the fruit; taste of raisins; dry inedible fruit above them","sweet + stalk","A tree where the stalk is the food and the fruit is not is unusual enough to name by, and it is what the tree is grown for."
Siraitia,genus,"Climbing gourd whose round brown fruit, dried hard, is so intensely sweet that a fragment of it sweetens a whole pot, and it is simmered for coughs and sore throats.","a small round brown gourd; intensely sweet dried; simmered for cough; a climbing vine","sweet + gourd","Chinese luo han guo names it for a monk, which says nothing about it. The sweetness is extreme, is the whole use, and is a fact about the fruit."
Matthiola,genus,"Grey softly felted leaves and upright spikes of four-petalled flowers, purple, white or cream, which give almost no scent by day and pour it out after dark strongly enough to fill a garden.","scent released after dark, not by day; grey felted leaf; upright spike of four-petalled flowers","night + scent","Scenting only at night is what the plant is grown for and is unmistakable, since the same flower is nearly odourless at noon."
Moehringia,genus,"Small weak-stemmed herb of shade and rock crevice with narrow opposite leaves and tiny white flowers, whose black seed carries a pale fleshy knob that ants take hold of and carry away.","seed with a pale fleshy knob; ants carry the seeds off by it; small white flower; shaded rock crevice","seed + knob","Chinese zhong fu cao is seed-mound grass, naming the same knob. It is why the plant turns up in ant country and nowhere else."
Brunfelsia,genus,"Shrub whose flowers open deep purple, fade through pale lavender the next day and are white by the third, so that all three colours stand on the bush at once.","flowers open purple, fade lavender, then white; all three colours at once on one bush; scented","fade + flower","The fading is the plant: three colours on one shrub on any given morning, which is why English calls it yesterday-today-tomorrow."
Coix,genus,"Coarse grass of wet ground whose seed sits inside a hard shining case, grey or white, round and pierced through, hard enough to thread on a string and worn as beads as well as boiled and eaten.","hard shining seed case, pierced through; strung as beads; also boiled and eaten; wet ground","bead + grass","The seed is literally used as a bead and has been for thousands of years, which is both a use and an exact description of its shape."
Hepatica,genus,"Woodland herb whose leathery leaf is cut into three rounded lobes and turns a dark liver colour through winter, holding on under the snow while the early blue flowers come up beside it.","leaf in three rounded lobes; turns dark liver colour in winter; holds through snow; early blue flower","liver + leaf","The lobed leaf and its winter colour are both in the name in Latin and in English, and the resemblance is plain when the leaf is turned over."
Alcea,genus,"Mallow standing head high or taller on a single unbranched stem, hung along its whole length with wide flat open flowers the width of a palm, rough hairy heart-shaped leaves below.","head high or taller on one unbranched stem; wide flat flowers the width of a palm; rough hairy leaf","tall + mallow","Its height on a single stem is what picks it out of a garden from across a street, and it is a mallow, which places it exactly."
Celosia,genus,"Herb whose flower head is packed so densely and flattened so far that it curls into a ridged crest like the comb of a cockerel, in hot red, orange or yellow, dry to the touch.","flower head flattened into a ridged crest like a cockerel's comb; hot dry colours; stiff and papery","comb + flower","The crested head is unlike any other flower shape and is what the plant is grown for. English and Chinese both reach for the same comparison."
Lavandula,genus,"Grey aromatic sub-shrub of dry stony ground with narrow leaves and short spikes of small blue flowers, cut and dried and laid among stored clothes to keep the moth out and leave its scent behind.","laid among stored clothes; strong scent held after drying; grey narrow leaf; dry stony ground; short blue spike","cloth + scent","Chinese xun yi cao is scent-clothes grass, which names the use exactly: the plant is dried and put with linen, and has been for centuries."
Torilis,genus,"Slight umbellifer of hedge and field edge with finely cut leaves and small white umbels, whose ripe fruits are covered in hooked bristles and come away on anything brushing past.","fruits covered in hooked bristles; come away on clothing and fur; finely cut leaf; small white umbel; hedge and field edge","cling + seed","Chinese qie yi is steal-clothes, which is exactly what it does. The plant is usually discovered on the walk home rather than in the field."
Pottsia,genus,"Slender twining vine of warm forest with opposite leaves and loose hanging sprays of small flowers on thread-fine stalks, the whole spray swinging clear of the foliage like a hung curtain.","flower sprays hanging clear on thread-fine stalks; slender twiner; warm forest; opposite leaves","curtain + vine","Chinese lian zi teng is curtain vine, for the way the flower sprays hang free of the leaves and move together."
Zornia,genus,"Low spreading legume whose leaf is a single pair of leaflets set opposite each other at the top of the stalk, like two blades of a scissors, with small yellow pea flowers in a bracted spike.","leaf of exactly one opposite pair of leaflets; low and spreading; small yellow pea flower in a bracted spike","pair + leaf","A leaf of exactly two leaflets is countable at a glance and separates it from every trifoliate legume around it."
Roemeria,genus,"Poppy of dry open ground and cornfield in the far west, with finely cut leaves and violet or deep red flowers whose petals crumple and drop within a day, over a long narrow seed pod.","violet or deep red poppy; petals crumple and drop within a day; long narrow pod; dry open ground","field + poppy","Chinese jiang ying su is frontier poppy. It is a poppy of open cultivated and waste ground, which is what field says."
Warnstorfia,genus,"Moss of bog pool and wet hollow, often flushed deep red or purple, its shoots soft and loosely branched and frequently under water for part of the year.","grows in bog pools and wet hollows; often deep red or purple; soft loosely branched shoots; often submerged","pool + moss","The Chinese names a person. Living in standing water separates it from the peat moss that builds the bog around it and from the dry-ground mosses."
Leskeella,genus,"Very small moss making close thin dark mats on rock and tree base, finer even than the thin moss it is named against, the shoots thread-like and closely leaved.","finer and thinner than Leskea; thread-like closely leaved shoots; close dark mats on rock and tree base","fine + moss","Chinese xi luo xian is fine-gauze moss and fine is exactly the difference from the thin moss beside it."
Symphysodontella,genus,"Moss hanging from bark in warm wet forest, the shoots flattened and the leaves broad and blunt with a rounded tip, so a shoot reads as a row of small spoons.","shoots flattened, leaves broad and blunt with rounded tips; hangs from bark; warm wet forest","spoon + moss","Chinese piao ye xian is gourd-leaf moss, reaching for the same rounded blade. The blunt broad leaf is what separates it under a lens."
Alhagi,genus,"Low spiny legume of salt desert and dry steppe, its branches ending in stiff green thorns, small red pea flowers among them. Camels eat it where there is nothing else, and in heat it sweats a sugar that dries on the twigs and is gathered.","stiff green thorns at every branch end; salt desert and dry steppe; eaten by camels; sweats a gatherable sugar","camel + thorn","Chinese luo tuo ci is camel thorn and so is the English. Two traditions that never met named it for the same two facts."
Strongylodon,genus,"Great woody liana of wet tropical forest hanging long chains of claw-shaped flowers whose colour is a luminous blue-green found almost nowhere else in a flower, each bloom curved like a talon.","hanging chains of claw-shaped flowers; luminous blue-green colour; great woody liana; wet tropical forest","jade + vine","Chinese fei cui ge is jade vine and jade is exactly the colour, which is the whole reason anyone knows the plant."
Hippeastrum,genus,"Great bulb throwing up a thick hollow stalk with no leaves on it, carrying two to six enormous flaring trumpets, scarlet or white or striped, the strap leaves following afterwards.","enormous flaring trumpet flowers; thick hollow leafless stalk; a great bulb; leaves come after the flowers","trumpet + bulb","The flower's shape and the bulb it comes out of are both unmistakable, and the flower arriving before the leaves is the thing people remark on."
Phoebe,genus,"Tall laurel of warm forest whose timber is straight, fine-grained, faintly fragrant and a soft gold in colour, so durable it was reserved for the pillars and beams of palaces and coffins.","straight fine golden timber; faintly fragrant wood; very durable; reserved for palace pillars","pillar + wood","Chinese nan mu names the timber, and that timber, cut for columns because it stands straight and lasts, is what the tree is to anyone who uses it."
Thujopsis,genus,"Conifer whose flat sprays of scale leaves are marked underneath with broad chalk-white bands so bold that a branch turned over looks painted.","broad chalk-white bands under flat leaf sprays; a branch turned over looks painted; flat scale-leaf sprays","white + back","The white underside is visible from the ground and from a distance and is what separates it from every other scale-leaved conifer."
Alleniella,genus,"Moss hanging in flattened glossy sprays from bark and shaded rock, the shoots pressed flat so that a spray lies in one plane like a pinned frond.","flattened glossy sprays lying in one plane; hangs from bark and shaded rock; shoots pressed flat","flat + shine + moss","The Chinese names a person. Lying flat in a single plane and catching light is what the moss looks like and is how it is picked out."
Aponogeton,genus,"Water plant rooted in mud with long strap leaves floating flat on the surface, sending up a stalk that clears the water and then FORKS into two spikes of small scented flowers.","flower stalk forks into two spikes above the water; long strap leaves floating flat; rooted in mud","fork + water + herb","The forked spike standing clear of the water is the character of the genus and is visible from the bank."
Arundinaria,genus,"Slender cane bamboo of thicket and streamside, running at the root into dense stands, the canes straight and thin and of a size to cut for fencing and baskets.","slender straight canes in dense running stands; cut for fencing and baskets; streamside thicket","fence + bamboo","Chinese qing li zhu is green-fence bamboo, naming the use. It separates this from the thorn, arrow, wrapping and high bamboos already named."
Beckmannia,genus,"Grass of marsh edge and wet field whose spikelets are flattened round and packed in two neat rows along one side of each branch, so the head reads as a row of small coins.","flattened round spikelets packed in two rows on one side; marsh edge and wet field; head like a row of coins","coin + marsh + grass","The flattened spikelets set in two ranks are unlike the open or spike-like heads of the other wet-ground grasses already named."
Reimersia,genus,"Small moss whose leaves are turned sharply upward and back against the stem so that a shoot looks combed the wrong way, growing in low tufts on soil and rock.","leaves turned sharply up and back against the stem; a shoot looks combed backwards; low tufts","up + leaf + moss","Chinese yang ye xian is upturned-leaf moss, naming the one thing that separates it under a lens."
Kaschgaria,genus,"Low grey much-branched shrublet of cold desert and stony steppe in the far west, the whole plant aromatic, with small tight heads of dull flowers and leaves cut into narrow grey segments.","low grey aromatic shrublet; cold desert and stony steppe; narrow grey cut leaves; small tight flower heads","desert + daisy","It is a daisy that has become a desert shrub, which is what separates it from the herbs of its family, and the Chinese names it for Kashgar, a place rather than a trait."
Yua,genus,"Woody climber of the grape kin with palmate leaves of five leaflets and forked tendrils opposite them, carrying small dark berries in loose bunches, the bark peeling in strips.","grape kin with forked tendrils; palmate leaves of five leaflets; small dark berries in loose bunches; peeling bark","wild + grape","It is a grape in everything but the fruit's size and sweetness, so naming it the wild one places it exactly against the vine everyone knows."
Globba,genus,"Small ginger of forest shade whose flower spike arches over and hangs, the yellow or orange flowers held far out on long slender curved stalks so that they shake and turn at the least movement of air while the rest of the plant stands still.","flowers on long slender curved stalks that shake in any air; arching hanging spike; yellow or orange; small forest ginger","shake + ginger","Chinese wu hua jiang is dancing-flower ginger. Dance has no root and would not earn one on eleven species, and shake is already seated and says the same motion, so the name costs nothing and reads at once."
changbaiensis,epithet,"Of Changbai. 长白山 is ever-white-mountain, a volcano on the Korean border whose bare pale summit and crater lake hold snow far into the summer.","ever white summit; a crater lake; a volcano on a border; snow late into summer","long + white + mountain","The mountain's Chinese name states the one thing visible from any distance, which is that its head is white all year."
hengduanensis,epithet,"Of the Hengduan. 横断山 is transverse-cut mountains, the ranges that run north to south and cut ACROSS the general east-west grain of the country, so that every valley is a wall between two others.","ranges running across the grain of the country; every valley walled from the next; north-south ridges","cross + cut + range","The name describes what the ranges do to travel and to plants alike, which is why so much grows there that grows nowhere else."
daxueshanensis,epithet,"Of the Daxue. 大雪山 is great-snow-mountain, a high range in western Sichuan carrying permanent snow and ice above the forest.","permanent snow and ice; a high range above forest; western Sichuan","great + snow + mountain","Three characters that each mean something and together say exactly what stands there."
jiuzhaiensis,epithet,"Of Jiuzhaigou. 九寨沟 is nine-village-valley, a forested gorge holding a chain of lakes so clear the fallen trunks show on the bottom.","a chain of very clear lakes in a forested gorge; nine villages along it","nine + village + valley","The Chinese name counts what was there and names the shape of the place, both of which read literally."
qilianensis,epithet,"Of the Qilian, the long range walling the Gansu corridor from the Tibetan plateau, snow on its crest feeding the oases below it.","a long range walling a corridor; snow on the crest; meltwater feeding oases below","wall + range","The range's name is Mongol for sky and is sounded out in Chinese. What it does, walling the corridor and watering it, is the fact about it."
chengduensis,epithet,"Of Chengdu. 成都 is become-capital, the city on the flat wet plain of the Sichuan basin, mist over it most of the year.","a city on a flat wet plain; mist most of the year; the Sichuan basin","made + capital","Two characters that both carry sense, naming what the place became."
kunmingensis,epithet,"Of Kunming, a city on a high plateau lake in Yunnan, mild the whole year round, too high to be hot and too far south to be cold.","a high plateau lake; mild the whole year; neither hot nor cold","mild + high + lake","The Chinese sounds out an old tribal name. The even climate on a high lake is what the place is known for."
lanzhouensis,epithet,"Of Lanzhou. 兰州 is orchid-region, a narrow city strung along the Yellow River between bare loess hills.","a city strung along a river between bare loess hills; the orchid region","orchid + land","The Chinese name carries a plant in it and reads straight through."
xianensis,epithet,"Of Xi'an. 西安 is west-peace, the old capital at the eastern end of the road west, on a loess plain under the Qinling.","the western peace; an old capital; a loess plain under a range; the head of the road west","west + peace","Both characters mean something and together say what the city was meant to be."
chongqingensis,epithet,"Of Chongqing. 重庆 is double-celebration, a city built on steep ridges where two rivers meet, fog standing in the valleys.","built on steep ridges where two rivers meet; fog in the valleys; the double celebration","twice + joy","The name is two characters that both carry sense, which is the japonica move on a city."
nanningensis,epithet,"Of Nanning. 南宁 is south-peace, a warm wet city on a river in the far south, green the whole year.","the southern peace; warm and wet all year; a river city in the far south","south + peace","Named the same way as Annam to its south, by where it sits and what was wanted of it."
guiyangensis,epithet,"Of Guiyang. 贵阳 is noble-sun, a city on the Guizhou plateau where the sun is famously rare, cloud sitting over it most days.","the noble sun; a plateau city where sun is rare; cloud most days","noble + sun","The name is ironic in practice and literal on the page, and the characters read directly."
hangzhouensis,epithet,"Of Hangzhou, a city on a lake ringed by low wooded hills at the end of the great canal, tea growing on the slopes above it.","a lake ringed by low wooded hills; the end of a great canal; tea on the slopes","lake + city","The Chinese sounds out an old name. The lake it is built around is what the place is and what it is visited for."
sikkimensis,epithet,"Of Sikkim, a small steep country on the southern face of the Himalaya where the land climbs from warm wet forest to permanent snow within a day's walk.","warm wet forest climbing to permanent snow in one day's walk; the southern face of the Himalaya; very steep","steep + climb + land","The name is Limbu and opaque in Latin. The whole span from warm forest to snow in one slope is what the place is famous for."
bhutanicus,epithet,"Of Bhutan, a Himalayan country of deep forested valleys running south off the main range, wet on the southern flank and dry behind it.","deep forested valleys running south off a range; wet in front, dry behind; the Himalaya","deep + forest + valley","The name is Sanskrit and disputed. The valleys running off the range, wet on one side and dry on the other, are the country."
nepalensis,epithet,"Of Nepal, the middle of the Himalaya: the land rising in steps from hot lowland jungle through terraced hills to the highest snow on earth.","rising in steps from hot lowland to the highest snow; terraced middle hills; the middle Himalaya","step + high + land","The name's origin is disputed and says nothing. Rising in steps from jungle to the highest snow is the fact about the country."
assamicus,epithet,"Of Assam, the broad hot valley of the Brahmaputra between hills, flooded every summer, the wettest country there is and the home of the tea bush.","a broad hot river valley between hills; flooded every summer; the wettest country there is; home of tea","flood + valley","The name is Ahom and opaque. The flooded valley and its rain are what the place is."
bengalensis,epithet,"Of Bengal, the great delta where two rivers come together and run out into the sea through a thousand channels, half of it water at any time of year.","a great delta of a thousand channels; two rivers meeting; half water at any time","river + mouth + land","The name is a people's. The delta, which is the largest there is, is a fact about the ground."
ceylanicus,epithet,"Of Ceylon, a tear-shaped island off the south of India with a wet forested highland in its middle and a dry plain around it.","a wet forested highland in the middle of a dry island; tear-shaped; off the south of India","wet + high + island","The old name descends through several languages from a word for the island itself. The wet highland in a dry island is what the place is."
vietnamensis,epithet,"Of Vietnam, a long narrow country curved down the coast, two river deltas at its ends and a spine of mountains between them, warm and wet the whole way.","a long narrow curved coast; a delta at each end; mountains between; warm and wet","long + coast + land","越南 is south-of-the-Yue, which names a people. The shape of the country, long and narrow between two deltas, is a fact about the ground."
javanicus,epithet,"Of Java, a long volcanic island whose spine is a line of cones, the ash making soil so rich it carries more people than almost any land its size.","a line of volcanic cones down the spine; ash making very rich soil; densely settled","fire + mountain + island","The island is a row of volcanoes and the soil they made, which is what it is and why it is as it is."
sumatranus,epithet,"Of Sumatra, a long island lying across the equator with a mountain wall down its western side and swamp forest spreading east from it to the sea.","a mountain wall down one side; swamp forest spreading to the other coast; lying across the equator","wall + swamp + island","The name is local and opaque. The mountain wall on one flank and swamp on the other is the island's whole shape."
dinghuensis,epithet,"Of Dinghu. 鼎湖 is cauldron-lake, for the round steep-sided lake on the mountain that holds water the way a cooking pot does.","a round steep-sided lake holding water like a pot; a forested mountain","pot + lake","Cauldron holds no root and would not earn one on four species. Pot is seated at three sounds and is the same vessel, so the name costs nothing and says the same shape."
sinkiangensis,epithet,"Of Xinjiang, the new frontier, under an older spelling.","the new frontier","new + border","The same province as xinjiangensis under an older romanisation. Two spellings of one place must reach one word or the language carries two."
kashgarica,epithet,"Of Kashgar, the oasis ringed by desert, under a shorter spelling.","an oasis ringed by desert; watered from the mountains","oasis + sand + land","The same city as kaschgarica. Romanisations differ and the place does not."
songpanensis,epithet,"Of Songpan, the high pine country at the edge of the plateau.","high pine country; grassland at the forest edge","pine + high + land","The same place as sungpanensis under a different spelling."
soongorica,epithet,"Of Dzungaria, the closed basin with no outlet.","a closed basin with no outlet; sand and gravel steppe","closed + basin","The same basin as songorica, spelled with a doubled vowel."
jinggangensis,epithet,"Of Jinggangshan, the forested ridges with water-holding hollows.","forested ridges with water-holding hollows","well + ridge + mountain","The same range as jinggangshanensis with the mountain word dropped from the epithet."
tuminensis,epithet,"Of the Tumen, the cold shallow border river.","a cold shallow border river; low wooded hills","border + river","The same river as tumenensis under a different spelling."
tongolensis,epithet,"Of Dongeluo, a high valley on the Sichuan side of the Tibetan border, pine and rhododendron on the slopes above grazing ground.","a high border valley; pine and rhododendron above grazing; the Sichuan side of Tibet","high + border + valley","The Chinese sounds out a Tibetan name, so the valley itself is described: high, on a border, wooded above the grazing."
xiangguiensis,epithet,"Of the Hunan and Guangxi border country, a belt of low limestone hills between the lake plain to the north and the broad west to the south.","low limestone hills on a border; between a lake plain and the broad west","border + stone + hill","湘桂 is two province abbreviations joined, which names nothing. The limestone belt between them is the country the plants grow in."
atuntsiensis,epithet,"Of Atuntze, a high town on the Yunnan side of the Tibetan border under a great snow range, the last settlement before the pass.","a high town under a great snow range; the last before the pass; the Yunnan side of Tibet","snow + pass + town","The Chinese sounds out a Tibetan name. Where it stands, high and under snow at the head of a pass, is the fact about it."
boluoensis,epithet,"Of Boluo, in Guangdong under Luofu mountain, a wet warm range of granite standing alone above the plain, long a place of hermits and temples.","a granite range standing alone above a plain; wet and warm; hermits and temples on it","lone + mountain","The name sounds out an old one. A mountain standing by itself out of flat country is a shape anyone arriving sees."
gulinqingensis,epithet,"Of Gulinqing, a narrow wet valley on the Yunnan border with Vietnam, forest reaching over the stream from both sides so the water runs in shade all day.","a narrow wet valley; forest closing over the stream; the Vietnam border; shade all day","shade + stream + valley","古林箐 names an old forest in a gully. The closed shaded valley is what the reserve is and why so much survives in it."
maowenense,epithet,"Of Maowen, a dry hot valley in the Sichuan mountains where the rain falls on the ranges either side and the floor stays parched, thorn scrub on the slopes.","a dry hot valley floor between wet ranges; thorn scrub on the slopes; rain falls either side","dry + hot + valley","The dry valley in wet mountains is unusual and is exactly what makes the plants there different from their neighbours."
luodianensis,epithet,"Of Luodian, a low hot basin in southern Guizhou where the limestone holds the heat and the winter never really arrives.","a low hot limestone basin; heat held by the rock; almost no winter","hot + stone + basin","The name sounds out an old one. The heat trapped in a limestone basin is what grows the plants that are there."
zhouquensis,epithet,"Of Zhouqu, a steep narrow gorge in southern Gansu where the mountainsides are bare and loose and the river runs far below the settlements.","a steep narrow gorge; bare loose mountainsides; the river far below","bare + steep + gorge","The Chinese sounds out a Tibetan name. The bare loose gorge is both the shape of the place and the reason it is dangerous."
wumingensis,epithet,"Of Wuming, in the Guangxi karst where isolated limestone towers stand out of flat farmland, caves cut through their feet.","isolated limestone towers out of flat farmland; caves cut through their feet","stone + tower + field","The towers rising straight from level fields are the whole landscape and are visible from any road."
napoensis,epithet,"Of Napo, on the Vietnamese border in Guangxi, limestone hills under monsoon forest, wet in summer and dry enough in winter to drop leaves.","limestone hills under monsoon forest; wet summer, dry winter; a border county","border + stone + forest","那坡 sounds out a Zhuang name. The seasonal forest on limestone is what the county is."
minjiangensis,epithet,"Of the Min, a river running out of the high mountains of northern Sichuan down onto the basin floor, grey with rock flour where it leaves the gorges.","a river out of high mountains onto a basin floor; grey with rock flour; deep gorges above","mountain + river","岷江 names the range and the river together. The river coming down off the mountains is the whole of it."
Iteadaphne,genus,"Laurel-family shrub or small tree of the warm south, leaves smooth and strongly aromatic when crushed, carrying its flowers singly or in twos in the leaf joints rather than in the usual cluster.","flowers borne singly, not in clusters; strongly aromatic crushed leaf; laurel kin; warm south","alone + laurel","Lone holds no root and will not earn one on two species. Alone is seated at three sounds and says the same thing about a flower standing by itself."
boluoensis,epithet,"Of Boluo, in Guangdong under Luofu mountain, a wet warm range of granite standing by itself above the plain, long a place of hermits and temples.","a granite range standing by itself above a plain; wet and warm; hermits and temples on it","alone + mountain","Lone has no root. Alone is seated and a mountain standing alone out of flat country is the same picture."
austrosinensis,epithet,"Of southern China, the warm wet belt below the Nanling range where winter barely reaches and the forest stays green through it.","the warm wet south of the middle land; winter barely reaches; evergreen forest","south + middle + land","Built on sinensis, which is already described as the middle land, with the south said plainly in front of it."
shangrilaensis,epithet,"Of Shangri-La, a high plateau town in north-west Yunnan on open grazing land ringed by snow peaks, the old Zhongdian renamed for a book.","a high plateau town; open grazing ringed by snow peaks; north-west Yunnan","high + meadow + town","The current name is borrowed from a novel and says nothing about the place. The high meadow ringed with snow is what is actually there."
caspica,epithet,"Of the Caspian, the largest body of inland water there is, salt and falling, with no outlet to any sea and a shore below the level of the ocean.","the largest inland water; salt; no outlet to any sea; shore below sea level","shut + salt + sea","The name is a people's. A salt sea with no way out, lying below the ocean, is a fact about the water."
sogdiana,epithet,"Of Sogdiana, the old country between two great rivers in Central Asia: irrigated oasis cities strung along the trade road, desert between them.","irrigated oasis cities between two rivers; desert between them; a road country","road + oasis + land","The name is a people's. What the country was, a chain of watered cities on a road through desert, is a fact about the ground."
ninglangensis,epithet,"Of Ninglang, a high county in north-west Yunnan holding a deep clear lake among pine-covered ridges, cold for its latitude.","a deep clear lake among pine ridges; high and cold for its latitude; north-west Yunnan","deep + lake + pine","The Chinese sounds out a local name. The lake in the pines is what the county is and what anyone goes there for."
pengshuiensis,epithet,"Of Pengshui, in the gorges of eastern Chongqing where the river has cut through limestone and the sides stand up sheer from the water.","a river cut sheer through limestone; gorge walls straight from the water","sheer + gorge","The name sounds out an old one. The sheer-walled cut is the shape of the whole county."
jiajinshanensis,epithet,"Of Jiajin. 夹金山 is squeezed-gold mountain, a high snow pass in western Sichuan that has to be crossed to get from one valley system to the next.","a high snow pass that must be crossed between valley systems; western Sichuan; the squeezed gold mountain","squeeze + gold + mountain","The Chinese name carries sense in both characters and reads straight through."
penghuana,epithet,"Of Penghu. 澎湖 is surging-lake, a scatter of low flat basalt islands in the strait, wind-scoured and nearly treeless, the sea loud on every side.","low flat basalt islands in a strait; wind-scoured and nearly treeless; the sea loud on all sides","surge + lake","The Chinese name is the sound of the water around the islands and reads literally."
lushiensis,epithet,"Of Lushi, a county in the Funiu mountains of western Henan, narrow valleys between wooded ridges with the Luo river running through.","narrow valleys between wooded ridges; a river running through; western Henan","wood + ridge + valley","The county name carries a surname, so the valleys and wooded ridges are described instead."
hongkongense,epithet,"Of Hong Kong. 香港 is fragrant-harbour, a deep sheltered anchorage among steep green islands, named for the incense wood once shipped out of it.","a deep sheltered harbour among steep green islands; the fragrant harbour","scent + harbour","The Chinese name is two characters that both carry sense and together name the place by what it smelled of and what it was for."
luofuense,epithet,"Of Luofu, a wet warm granite range standing by itself above the Guangdong plain, long a retreat for hermits and the site of old temples.","a granite range standing by itself above a plain; wet and warm; hermits and temples","alone + mountain","The same range as boluoensis, which sits at its foot, and a mountain standing out of flat country is what both names point at."
dabieshanense,epithet,"Of the Dabie. 大别山 is great-parting mountain, the range that separates the Yangtze country from the Huai plain, wooded on both flanks.","the range that parts two river countries; wooded on both flanks; the great parting","great + part + range","The Chinese name says what the range does, which is divide one river's country from another's, and that is its whole significance."
taipingshanianum,epithet,"Of Taiping. 太平山 is great-peace mountain, a high forested ridge in north-east Taiwan under almost permanent cloud, old cypress on its slopes.","a high forested ridge under almost permanent cloud; old cypress; the great peace mountain","great + peace + mountain","Three characters that each carry sense and read straight through."
bashanense,epithet,"Of the Daba. 巴山 is the range walling the Sichuan basin from the north, deep wet valleys cut into its southern flank.","the range walling a basin from the north; deep wet valleys on its southern flank","wall + north + range","The Chinese carries an old state's name, so the range is described by what it does: it shuts the basin off from the north."
chengkouense,epithet,"Of Chengkou. 城口 is wall-mouth, a county at a gap in the Daba mountains where the only road through the range passes.","a gap in a mountain wall; the only road through; the wall's mouth","wall + mouth","The Chinese name is a picture of the place: the opening in a mountain barrier that everything must pass through."
tongjiangense,epithet,"Of Tongjiang. 通江 is through-river, a county named for the water that runs clear through the limestone hills rather than around them.","a river running through limestone hills; the through river","through + river","Both characters carry sense and together name the river's behaviour, which is what the county is called for."
bawangensis,epithet,"Of Bawangling, a rainforest ridge in western Hainan, one of the last stands of lowland tropical forest on the island and the refuge of its rarest gibbon.","a rainforest ridge; one of the last stands of lowland tropical forest; a refuge","last + forest + ridge","The Chinese names an old overlord. What the ridge is, the last of a forest that covered the island, is the fact worth carrying."
tiaoloensis,epithet,"Of Diaoluoshan, a wet mountain in south-east Hainan where cloud sits on the forest most days and the streams run all year.","cloud sitting on the forest most days; streams running all year; a wet mountain in Hainan","cloud + wet + mountain","The Chinese sounds out an old name. The permanent cloud and running water are what the mountain is and why its forest survives."
mushaensis,epithet,"Of Musha. 霧社 is fog-village, a settlement high in the central mountains of Taiwan where cloud fills the valley for most of the morning.","cloud filling the valley most mornings; high in the central mountains; the fog village","fog + village","The Japanese-era name is two characters that both mean something, and the fog is genuinely what the place is like."
chatienshanianum,epithet,"Of Chatianshan. 插天山 is pierce-heaven mountain, a sharp ridge in northern Taiwan standing up out of cloud forest so steeply it looks driven into the sky.","a sharp ridge standing out of cloud forest; so steep it looks driven upward; the sky-piercing mountain","pierce + sky + mountain","The Chinese name is a picture of the peak's shape seen from below and reads literally."
tawushanianum,epithet,"Of Dawushan. 大武山 is great-warrior mountain, the highest peak of southern Taiwan, standing alone above everything around it.","the highest peak of southern Taiwan; standing alone above everything near it; the great warrior","great + alone + peak","The Chinese honours a warrior, so the peak is described by what it is: the high point standing clear of its neighbours."
wugangensis,epithet,"Of Wugang, a county of low wooded hills and terraced valleys in south-western Hunan, wet and warm with bamboo on every slope.","low wooded hills and terraced valleys; wet and warm; bamboo on every slope; south-west Hunan","bamboo + hill + valley","The Chinese carries an old military name. The bamboo hills are what the county looks like and what it lives on."
atlantica,epithet,"Of the Atlantic, the great ocean between the old world and the new, and of the coasts and mountains standing on its eastern shore where the weather comes off the water all year.","the great ocean between two worlds; weather off the water all year; its eastern coasts and mountains","great + sea + coast","The name is a titan's. What the word points at is an ocean and the wet coasts facing it, which is a fact about the water."
