term,score,round,why
place,0,0,pinned
part,0,0,pinned
thing,0,0,pinned
state,0,0,pinned
make,0,0,pinned
time,0,0,pinned
way,0,0,pinned
sound,0,0,pinned
out,0,0,pinned
up,0,0,pinned
area,0,0,holds a short form
move,0,0,pinned
group,0,0,pinned
form,0,0,holds a short form
tool,0,0,pinned
work,0,0,pinned
back,0,0,pinned
shape,0,0,holds a short form
write,0,0,pinned
change,0,0,pinned
talk,0,0,pinned
line,0,0,pinned
measure,0,0,holds a short form
down,0,0,pinned
away,0,0,holds a short form
type,0,0,pinned
point,0,0,pinned
rule,0,0,pinned
relation,0,0,pinned
space,0,0,pinned
hold,0,0,pinned
in,0,0,pinned
light,0,0,an element rides on it
look,0,0,holds a short form
path,0,0,pinned
amount,0,0,pinned
food,0,0,an element rides on it
quality,0,0,holds a short form
idea,0,0,holds a short form
power,0,0,pinned
flow,0,0,pinned
color,0,0,pinned
life,0,0,pinned
body,0,0,pinned
side,0,0,holds a short form
use,0,0,pinned
again,0,0,holds a short form
event,0,0,pinned
water,0,0,pinned
force,0,0,pinned
lead,0,0,pinned
science,0,0,pinned
plan,0,0,pinned
order,0,0,pinned
sign,0,0,holds a short form
liquid,0,0,pinned
name,0,0,pinned
love,0,0,holds a short form
clear,0,0,holds a short form
open,0,0,pinned
off,0,0,pinned
stick,0,0,an element rides on it
break,0,0,an element rides on it
plant,0,0,an element rides on it
care,0,0,holds a short form
around,0,0,holds a short form
end,0,0,pinned
apart,0,0,holds a short form
process,0,0,pinned
number,0,0,pinned
right,0,0,pinned
size,0,0,pinned
contain,0,0,pinned
one,0,0,pinned
set,0,0,holds a short form
control,0,0,holds a short form
know,0,0,pinned
like,0,0,pinned
be,0,0,holds a short form
mean,0,0,holds a short form
condition,0,0,holds a short form
give,0,0,pinned
good,0,0,pinned
top,0,0,holds a short form
level,0,0,holds a short form
close,0,0,pinned
spirit,0,0,pinned
surface,0,0,pinned
heart,0,0,an element rides on it
pain,0,0,pinned
device,0,0,pinned
take,0,0,pinned
air,0,0,an element rides on it
fire,0,0,an element rides on it
see,0,0,pinned
hit,0,0,pinned
over,0,0,holds a short form
mind,0,0,pinned
count,0,0,holds a short form
home,0,0,pinned
safe,0,0,pinned
stop,0,0,pinned
on,0,0,pinned
step,0,0,pinned
child,0,0,pinned
value,0,0,holds a short form
stone,0,0,an element rides on it
edge,0,0,pinned
voice,0,0,pinned
need,0,0,pinned
much,0,0,holds a short form
vehicle,0,0,pinned
message,0,0,an element rides on it
knowledge,0,0,holds a short form
image,0,0,pinned
reason,0,0,holds a short form
turn,0,0,pinned
face,0,0,pinned
full,0,0,holds a short form
nature,0,0,pinned
walk,0,0,pinned
cell,0,0,pinned
bone,0,0,an element rides on it
note,0,0,pinned
system,0,0,holds a short form
bad,0,0,pinned
start,0,0,pinned
sense,0,0,pinned
through,0,0,holds a short form
mix,0,0,pinned
create,0,0,pinned
from,0,0,holds a short form
shine,0,0,an element rides on it
seed,0,0,pinned
link,0,0,pinned
metal,0,0,an element rides on it
position,0,0,pinned
agent,0,0,pinned
wrong,0,0,pinned
clean,0,0,pinned
cause,0,0,pinned
for,0,0,holds a short form
bird,0,0,an element rides on it
wind,0,0,an element rides on it
day,0,0,pinned
machine,0,0,pinned
real,0,0,pinned
structure,0,0,an element rides on it
new,0,0,holds a short form
to,0,0,holds a short form
fear,0,0,holds a short form
gain,0,0,pinned
ball,0,0,pinned
trait,0,0,holds a short form
small,0,0,holds a short form
quick,0,0,an element rides on it
fill,0,0,pinned
flower,0,0,an element rides on it
tube,0,0,an element rides on it
test,0,0,pinned
limit,0,0,pinned
code,0,0,pinned
age,0,0,holds a short form
focus,0,0,holds a short form
member,0,0,holds a short form
high,0,0,holds a short form
join,0,0,holds a short form
with,0,0,pinned
breath,0,0,pinned
call,0,0,pinned
rock,0,0,pinned
pass,0,0,holds a short form
run,0,0,pinned
match,0,0,pinned
motion,0,0,holds a short form
great,0,0,pinned
inside,0,0,pinned
law,0,0,holds a short form
birth,0,0,an element rides on it
result,0,0,pinned
period,0,0,holds a short form
tone,0,0,pinned
effect,0,0,pinned
feel,0,0,holds a short form
death,0,0,an element rides on it
store,0,0,pinned
more,0,0,pinned
leaf,0,0,pinned
read,0,0,pinned
want,0,0,holds a short form
example,0,0,holds a short form
field,0,0,pinned
source,0,0,pinned
individual,0,0,pinned
moment,0,0,holds a short form
self,0,0,pinned
send,0,0,pinned
bright,0,0,pinned
wave,0,0,pinned
true,0,0,pinned
poison,0,0,an element rides on it
understand,0,0,pinned
drug,0,0,pinned
energy,0,0,pinned
enough,0,0,holds a short form
notice,0,0,holds a short form
hope,0,0,holds a short form
bond,0,0,holds a short form
same,0,0,pinned
deep,0,0,an element rides on it
pull,0,0,holds a short form
female,0,0,pinned
fall,0,0,pinned
find,0,0,pinned
allow,0,0,holds a short form
center,0,0,pinned
judge,0,0,holds a short form
ring,0,0,an element rides on it
mouth,0,0,pinned
now,0,0,pinned
shift,0,0,holds a short form
world,0,0,holds a short form
direction,0,0,pinned
rank,0,0,holds a short form
problem,0,0,pinned
big,0,0,holds a short form
young,0,0,holds a short form
push,0,0,holds a short form
rise,0,0,pinned
less,0,0,pinned
tree,0,0,pinned
whole,0,0,pinned
salt,0,0,an element rides on it
speed,0,0,holds a short form
glow,0,0,an element rides on it
human,0,0,pinned
wing,0,0,an element rides on it
year,0,0,pinned
goal,0,0,pinned
at,0,0,holds a short form
seek,0,0,pinned
bit,0,0,pinned
soft,0,0,an element rides on it
bring,0,0,pinned
earth,0,0,an element rides on it
follow,0,0,holds a short form
grow,0,0,holds a short form
red,0,0,pinned
god,0,0,pinned
guess,0,0,holds a short form
release,0,0,pinned
key,0,0,pinned
glass,0,0,an element rides on it
hunt,0,0,pinned
beauty,0,0,an element rides on it
pleasure,0,0,pinned
function,0,0,pinned
particle,0,0,pinned
character,0,0,holds a short form
distance,0,0,pinned
race,0,0,an element rides on it
scale,0,0,holds a short form
sea,0,0,pinned
after,0,0,pinned
wood,0,0,pinned
wide,0,0,pinned
quiet,0,0,pinned
burst,0,0,an element rides on it
smart,0,0,an element rides on it
baby,0,0,pinned
beat,0,0,pinned
wonder,0,0,pinned
peace,0,0,pinned
rest,0,0,pinned
enter,0,0,pinned
destroy,0,0,pinned
connect,0,0,pinned
rain,0,0,pinned
hate,0,0,holds a short form
soil,0,0,pinned
beam,0,0,an element rides on it
cycle,0,0,pinned
trip,0,0,pinned
tune,0,0,pinned
of,0,0,holds a short form
calm,0,0,pinned
confuse,0,0,pinned
future,0,0,pinned
map,0,0,pinned
breathe,0,0,holds a short form
have,0,0,pinned
into,0,0,holds a short form
doubt,0,0,holds a short form
about,0,0,holds a short form
course,0,0,holds a short form
pattern,0,0,pinned
please,0,0,pinned
arrive,0,0,holds a short form
feature,0,0,holds a short form
gene,0,0,pinned
purpose,0,0,holds a short form
rate,0,0,pinned
before,0,0,pinned
eye,0,0,pinned
blood,0,0,pinned
far,0,0,pinned
repeat,0,0,pinned
add,0,0,holds a short form
come,0,0,pinned
holy,0,0,holds a short form
lose,0,0,pinned
male,0,0,pinned
pure,0,0,holds a short form
across,0,0,holds a short form
wise,0,0,an element rides on it
data,0,0,pinned
magic,0,0,pinned
other,0,0,pinned
model,0,0,pinned
still,0,0,an element rides on it
location,0,0,holds a short form
track,0,0,pinned
receive,0,0,pinned
atom,0,0,an element rides on it
parent,0,0,pinned
along,0,0,holds a short form
many,0,0,holds a short form
sun,0,0,pinned
under,0,0,holds a short form
without,0,0,holds a short form
slow,0,0,an element rides on it
beyond,0,0,an element rides on it
near,0,0,pinned
increase,0,0,holds a short form
trade,0,0,pinned
above,0,0,pinned
begin,0,0,holds a short form
front,0,0,pinned
family,0,0,pinned
past,0,0,pinned
risk,0,0,pinned
bottom,0,0,holds a short form
pair,0,0,holds a short form
accept,0,0,pinned
wait,0,0,pinned
dream,0,0,pinned
joke,0,0,pinned
possible,0,0,pinned
gut,0,0,pinned
region,0,0,pinned
response,0,0,pinned
will,0,0,pinned
depend,0,0,holds a short form
include,0,0,holds a short form
paint,0,0,an element rides on it
rhythm,0,0,pinned
screen,0,0,an element rides on it
here,0,0,pinned
prize,0,0,an element rides on it
property,0,0,holds a short form
snake,0,0,pinned
absorb,0,0,pinned
align,0,0,pinned
attention,0,0,holds a short form
union,0,0,pinned
not,0,0,holds a short form
large,0,0,holds a short form
two,0,0,pinned
low,0,0,holds a short form
false,0,0,pinned
between,0,0,pinned
middle,0,0,pinned
return,0,0,pinned
nerve,0,0,an element rides on it
all,0,0,pinned
by,0,0,holds a short form
wash,0,0,an element rides on it
ten,0,0,pinned
protect,0,0,pinned
trap,0,0,pinned
pause,0,0,holds a short form
gold,0,0,pinned
prove,0,0,pinned
aware,0,0,pinned
river,0,0,an element rides on it
behind,0,0,holds a short form
danger,0,0,an element rides on it
mountain,0,0,pinned
often,0,0,holds a short form
request,0,0,pinned
son,0,0,pinned
chip,0,0,pinned
magnet,0,0,an element rides on it
origin,0,0,holds a short form
present,0,0,pinned
solution,0,0,pinned
solve,0,0,pinned
west,0,0,pinned
awake,0,0,pinned
presence,0,0,pinned
trigger,0,0,holds a short form
zone,0,0,pinned
three,0,0,pinned
lack,0,0,pinned
ocean,0,0,an element rides on it
outside,0,0,pinned
heavy,0,0,an element rides on it
cross,0,0,pinned
combine,0,0,holds a short form
memory,0,0,pinned
dead,0,0,pinned
fresh,0,0,an element rides on it
than,0,0,holds a short form
nose,0,0,pinned
divide,0,0,holds a short form
lip,0,0,pinned
white,0,0,pinned
within,0,0,holds a short form
balance,0,0,pinned
tooth,0,0,an element rides on it
black,0,0,pinned
plane,0,0,pinned
complex,0,0,pinned
garden,0,0,pinned
yes,0,0,pinned
affect,0,0,holds a short form
ash,0,0,an element rides on it
cloud,0,0,an element rides on it
gate,0,0,pinned
target,0,0,pinned
clue,0,0,pinned
lord,0,0,pinned
sequence,0,0,pinned
south,0,0,pinned
sustain,0,0,pinned
there,0,0,pinned
volume,0,0,pinned
no,0,0,pinned
tiny,0,0,holds a short form
get,0,0,pinned
electric,0,0,an element rides on it
next,0,0,pinned
sky,0,0,pinned
four,0,0,pinned
empty,0,0,pinned
early,0,0,holds a short form
dark,0,0,pinned
five,0,0,pinned
sacred,0,0,holds a short form
simple,0,0,pinned
miss,0,0,pinned
loose,0,0,an element rides on it
prevent,0,0,holds a short form
most,0,0,holds a short form
oppose,0,0,pinned
smoke,0,0,an element rides on it
triangle,0,0,pinned
yellow,0,0,pinned
always,0,0,holds a short form
attract,0,0,pinned
moon,0,0,pinned
continue,0,0,pinned
excess,0,0,holds a short form
as,0,0,holds a short form
cave,0,0,an element rides on it
drum,0,0,pinned
eight,0,0,pinned
ghost,0,0,an element rides on it
both,0,0,holds a short form
mesh,0,0,pinned
original,0,0,pinned
rotate,0,0,holds a short form
soul,0,0,pinned
approach,0,0,holds a short form
cheer,0,0,an element rides on it
experience,0,0,pinned
general,0,0,pinned
green,0,0,pinned
host,0,0,an element rides on it
just,0,0,holds a short form
launch,0,0,pinned
nine,0,0,pinned
produce,0,0,holds a short form
similar,0,0,holds a short form
universe,0,0,pinned
upon,0,0,holds a short form
compare,0,0,pinned
exit,0,0,pinned
fate,0,0,holds a short form
if,0,0,holds a short form
inhale,0,0,pinned
nest,0,0,pinned
select,0,0,pinned
shrink,0,0,holds a short form
specific,0,0,pinned
axis,0,0,pinned
blue,0,0,pinned
category,0,0,holds a short form
click,0,0,pinned
concept,0,0,holds a short form
duration,0,0,pinned
east,0,0,pinned
essence,0,0,holds a short form
exist,0,0,pinned
frequency,0,0,pinned
hello,0,0,pinned
hop,0,0,pinned
hour,0,0,holds a short form
how,0,0,holds a short form
identity,0,0,pinned
instance,0,0,pinned
molecule,0,0,pinned
onto,0,0,holds a short form
pool,0,0,holds a short form
principle,0,0,holds a short form
silence,0,0,pinned
silver,0,0,pinned
span,0,0,pinned
till,0,0,holds a short form
trace,0,0,an element rides on it
valid,0,0,holds a short form
why,0,0,pinned
little,0,0,holds a short form
old,0,0,holds a short form
below,0,0,pinned
seven,0,0,pinned
too,0,0,holds a short form
very,0,0,holds a short form
separate,0,0,pinned
never,0,0,holds a short form
opposite,0,0,holds a short form
who,0,0,holds a short form
huge,0,0,holds a short form
six,0,0,pinned
even,0,0,holds a short form
perfect,0,0,pinned
heaven,0,0,pinned
late,0,0,holds a short form
positive,0,0,pinned
sand,0,0,an element rides on it
divine,0,0,pinned
every,0,0,holds a short form
let,0,0,holds a short form
sparkle,0,0,an element rides on it
ancient,0,0,an element rides on it
any,0,0,pinned
become,0,0,holds a short form
certain,0,0,pinned
a,0,0,holds a short form
non,0,0,holds a short form
shadow,0,0,an element rides on it
the,0,0,pinned
among,0,0,pinned
and,0,0,holds a short form
assume,0,0,holds a short form
dad,0,0,pinned
few,0,0,holds a short form
neutral,0,0,pinned
once,0,0,holds a short form
reject,0,0,pinned
sink,0,0,pinned
swamp,0,0,an element rides on it
that,0,0,pinned
almost,0,0,holds a short form
belong,0,0,holds a short form
conscious,0,0,pinned
decrease,0,0,holds a short form
grand,0,0,an element rides on it
imagine,0,0,pinned
nothing,0,0,pinned
this,0,0,pinned
transform,0,0,holds a short form
twelve,0,0,pinned
alien,0,0,an element rides on it
braid,0,0,pinned
contact,0,0,pinned
convert,0,0,pinned
copper,0,0,pinned
degree,0,0,holds a short form
density,0,0,pinned
detect,0,0,pinned
digit,0,0,pinned
each,0,0,holds a short form
else,0,0,pinned
era,0,0,holds a short form
explore,0,0,pinned
gray,0,0,pinned
i,0,0,pinned
influence,0,0,holds a short form
intend,0,0,holds a short form
jewel,0,0,pinned
least,0,0,holds a short form
minimum,0,0,pinned
mirror,0,0,an element rides on it
north,0,0,pinned
obstacle,0,0,pinned
or,0,0,holds a short form
orange,0,0,pinned
parallel,0,0,pinned
permanent,0,0,pinned
precious,0,0,an element rides on it
proportion,0,0,holds a short form
purple,0,0,pinned
rare,0,0,an element rides on it
reflect,0,0,pinned
some,0,0,holds a short form
soon,0,0,holds a short form
these,0,0,holds a short form
threshold,0,0,pinned
vague,0,0,pinned
vibe,0,0,pinned
void,0,0,pinned
what,0,0,pinned
while,0,0,holds a short form
yet,0,0,holds a short form
you,0,0,pinned
abroad,0,0,holds a short form
absense,0,0,pinned
action,0,0,holds a short form
action instance,0,0,pinned
action type,0,0,pinned
actual,0,0,holds a short form
ago,0,0,holds a short form
algorithm,0,0,pinned
already,0,0,holds a short form
also,0,0,holds a short form
although,0,0,holds a short form
another,0,0,holds a short form
attribute,0,0,holds a short form
because,0,0,holds a short form
being,0,0,pinned
belief,0,0,pinned
boom,0,0,pinned
border,0,0,pinned
boundary,0,0,pinned
brow,0,0,pinned
bulb,0,0,an element rides on it
but,0,0,holds a short form
byte,0,0,pinned
capability,0,0,pinned
capacity,0,0,pinned
choice,0,0,pinned
clarify,0,0,pinned
computation,0,0,pinned
confidence,0,0,pinned
constraint,0,0,pinned
contradict,0,0,holds a short form
correspond,0,0,holds a short form
cosine,0,0,pinned
daughter,0,0,pinned
depart,0,0,holds a short form
differ,0,0,holds a short form
different,0,0,pinned
dimension,0,0,pinned
disconnect,0,0,pinned
discrete,0,0,pinned
diversity,0,0,pinned
doing,0,0,pinned
during,0,0,holds a short form
either,0,0,holds a short form
eleven,0,0,pinned
entity,0,0,holds a short form
eternal,0,0,pinned
ever,0,0,holds a short form
evidence,0,0,holds a short form
except,0,0,holds a short form
exclude,0,0,holds a short form
exhale,0,0,pinned
feature instance,0,0,pinned
feature type,0,0,pinned
fifteen,0,0,pinned
finite,0,0,pinned
follower,0,0,pinned
fourteen,0,0,pinned
grandfather,0,0,pinned
grandmother,0,0,pinned
hell,0,0,pinned
hidden,0,0,an element rides on it
ignorant,0,0,pinned
illusion,0,0,holds a short form
impermanent,0,0,pinned
imply,0,0,holds a short form
infer,0,0,holds a short form
infinite,0,0,pinned
intensity,0,0,pinned
interval,0,0,holds a short form
intuition,0,0,pinned
inverse,0,0,holds a short form
it,0,0,pinned
its,0,0,pinned
justice,0,0,pinned
kaleidoscope,0,0,pinned
leader,0,0,pinned
left,0,0,pinned
magnificent,0,0,an element rides on it
math,0,0,pinned
maximum,0,0,pinned
maybe,0,0,holds a short form
me,0,0,pinned
merge,0,0,pinned
minute,0,0,holds a short form
mmm,0,0,pinned
mom,0,0,pinned
multiply,0,0,holds a short form
my,0,0,holds a short form
necessary,0,0,holds a short form
negative,0,0,pinned
neither,0,0,holds a short form
network,0,0,pinned
none,0,0,holds a short form
not touching,0,0,holds a short form
object instance,0,0,pinned
object type,0,0,pinned
only,0,0,holds a short form
opaque,0,0,an element rides on it
orientation,0,0,pinned
our,0,0,pinned
paradise,0,0,pinned
passive,0,0,pinned
per,0,0,holds a short form
perceive,0,0,holds a short form
perhaps,0,0,holds a short form
perpendicular,0,0,pinned
persist,0,0,pinned
plural,0,0,pinned
plus,0,0,holds a short form
polarity,0,0,pinned
potential,0,0,pinned
predictable,0,0,pinned
previous,0,0,pinned
quantity,0,0,holds a short form
quite,0,0,holds a short form
rather,0,0,holds a short form
ratio,0,0,holds a short form
realm,0,0,pinned
recursion,0,0,pinned
reference,0,0,pinned
repel,0,0,pinned
reserved bid,0,0,pinned
reserved dub,0,0,pinned
reserved hum,0,0,holds a short form
reserved lij,0,0,pinned
several,0,0,holds a short form
sight,0,0,an element rides on it
since,0,0,holds a short form
sine,0,0,pinned
sixteen,0,0,pinned
sneeze,0,0,pinned
so,0,0,holds a short form
song,0,0,pinned
spec,0,0,pinned
speech,0,0,pinned
strength,0,0,pinned
subtract,0,0,holds a short form
such,0,0,holds a short form
surf,0,0,pinned
symmetry,0,0,holds a short form
tangent,0,0,pinned
tech,0,0,holds a short form
their,0,0,pinned
then,0,0,holds a short form
therefore,0,0,holds a short form
they,0,0,pinned
thirteen,0,0,pinned
those,0,0,holds a short form
though,0,0,holds a short form
thrive,0,0,pinned
thunder,0,0,pinned
thus,0,0,holds a short form
timestamp,0,0,pinned
torture,0,0,pinned
touching,0,0,holds a short form
um,0,0,pinned
uncertain,0,0,pinned
uniformity,0,0,pinned
unless,0,0,holds a short form
unpredictable,0,0,pinned
until,0,0,holds a short form
variable,0,0,pinned
via,0,0,holds a short form
we,0,0,pinned
when,0,0,pinned
where,0,0,holds a short form
whether,0,0,holds a short form
which,0,0,holds a short form
wisdom,0,0,pinned
wolf,0,0,an element rides on it
x axis,0,0,pinned
y axis,0,0,pinned
your,0,0,pinned
z axis,0,0,pinned
zero,0,0,pinned
thousand,0,0,pinned
million,0,0,pinned
billion,0,0,pinned
trillion,0,0,pinned
quintillion,0,0,pinned
sextillion,0,0,pinned
septillion,0,0,pinned
octillion,0,0,pinned
decillion,0,0,pinned
hundred,0,0,pinned
power42,0,0,pinned
power45,0,0,pinned
would,0,0,pinned
should,0,0,pinned
could,0,0,pinned
terrify,0,0,pinned
thorax,0,0,pinned
throne,0,0,pinned
stank,0,0,an element rides on it
snowy,0,0,an element rides on it
synthetic,0,0,an element rides on it
cloak,0,0,an element rides on it
seeker,0,0,an element rides on it
permeable,0,0,an element rides on it
rainbow,0,0,an element rides on it
vibrant,0,0,an element rides on it
crown,0,0,an element rides on it
shaky,0,0,an element rides on it
sealed,0,0,an element rides on it
naked,0,0,an element rides on it
pioneer,0,0,an element rides on it
merged,0,0,an element rides on it
fusion,0,0,an element rides on it
grass,382194.398,1,chosen
hair,305538.441,1,chosen
moss,268309.308,1,chosen
lake,241677.746,1,chosen
creek,237820.583,1,chosen
saint,232922.58,1,chosen
church,231638.858,1,chosen
hill,203345.43,1,chosen
spring,185461.99,1,chosen
long,158856.881,1,chosen
person,156333.377,1,chosen
fern,148777.478,1,chosen
orchid,144000.05,1,chosen
land,138975.849,1,chosen
fruit,134312.299,1,chosen
stream,131155.898,1,chosen
ear,121787.155,1,chosen
thorn,113299.937,1,chosen
head,106165.896,1,chosen
vine,105130.068,1,chosen
island,101413.44,1,chosen
thread,92817.931,1,chosen
valley,86938.988,1,chosen
short,86207.599,1,chosen
root,82622.638,1,chosen
post,82131.696,1,chosen
cup,81351.655,1,chosen
horse,81058.034,1,chosen
fragrant,76947.547,1,chosen
skin,75726.788,1,chosen
tail,73847.543,1,chosen
bamboo,73829.829,1,chosen
dam,73233.596,1,chosen
cow,71797.507,1,chosen
branch,69699.317,1,chosen
flat,67918.734,1,chosen
bear,67244.391,1,chosen
vegetable,66867.02,1,chosen
sharp,66500.224,1,chosen
bean,66330.467,1,chosen
hotel,65608.344,1,chosen
bay,65370.044,1,chosen
horn,64323.073,1,chosen
foot,63584.168,1,chosen
stalk,62629.381,1,chosen
ranch,62089.027,1,chosen
game,61729.043,1,chosen
ridge,61579.141,1,chosen
fine,60683.703,1,chosen
chrysanthemum,60650,1,chosen
fish,59705.409,1,chosen
rose,59251.401,1,chosen
oak,58088.514,1,chosen
narrow,56806.962,1,chosen
dragon,56800,1,chosen
town,56525.238,1,chosen
grain,55082.12,1,chosen
house,55005.019,1,chosen
round,54278.548,1,chosen
province,52831.68,1,chosen
stand,52688.055,1,chosen
wet,52306.983,1,chosen
willow,52208.847,1,chosen
woman,51797.476,1,chosen
cliff,50582.717,1,chosen
pear,49220.998,1,chosen
star,49026.129,1,chosen
lettuce,48827.026,1,chosen
brook,48784.637,1,chosen
guard,48697.414,1,chosen
split,48000.021,1,chosen
cover,47721.246,1,chosen
tea,46993.144,1,chosen
bitter,46153.397,1,chosen
celery,45522.372,1,chosen
thick,44185.948,1,chosen
cut,44177.002,1,chosen
wild,44089.459,1,chosen
village,41631.928,1,chosen
herb,41571.372,1,chosen
hard,40845.713,1,chosen
hide,40803.037,1,chosen
farm,40607.548,1,chosen
coarse,40276.976,1,chosen
act,40237.436,1,chosen
cloth,39235.678,1,chosen
wool,39084.01,1,chosen
yunnan,38800,1,chosen
tongue,38618.072,1,chosen
phoenix,38321.321,1,chosen
hemp,37789.139,1,chosen
mugwort,37752.352,1,chosen
ground,37712.786,1,chosen
feather,37414.76,1,chosen
spot,37034.591,1,chosen
slender,36639.066,1,chosen
hook,36433.236,1,chosen
chestnut,36348.765,1,chosen
hot,36184.592,1,chosen
happy,35878.611,1,chosen
pearl,35956.281,2,chosen
silk,35733.735,2,chosen
jade,35617.117,2,chosen
platform,35197.453,2,chosen
bell,34984.48,2,chosen
city,34946.504,2,chosen
berry,34708.51,2,chosen
bristle,34661.209,2,chosen
lotus,34601,2,chosen
winter,34555.403,2,chosen
cuckoo,34535.435,2,chosen
kind,34250.094,2,chosen
plum,34227.975,2,chosen
crab,34179.521,2,chosen
egg,33870.125,2,chosen
pine,33535.998,2,chosen
forest,33310.162,2,chosen
apple,32643.834,2,chosen
mine,32521.885,2,chosen
sweet,32515.706,2,chosen
broad,32333.238,2,chosen
vein,32281.83,2,chosen
hang,32158.285,2,chosen
report,31827.131,2,chosen
together,31724.541,2,chosen
spur,31675.225,2,chosen
straw,31455.552,2,chosen
tall,31203.717,2,chosen
curve,30838.552,2,chosen
rush,30825.279,2,chosen
thin,30355.7,2,chosen
curl,29700.003,2,chosen
crow,29664.764,2,chosen
dog,29424.825,2,chosen
rough,29418.156,2,chosen
well,29274.824,2,chosen
rice,29068.316,2,chosen
hall,29028.535,2,chosen
piece,28487.475,2,chosen
hand,28424.909,2,chosen
wheel,28316.056,2,chosen
dense,28095.21,2,chosen
iron,28085.289,2,chosen
bend,27845.159,2,chosen
sour,27746.402,2,chosen
club,27485.724,2,chosen
airport,27360.333,2,chosen
square,27244.944,2,chosen
reservoir,27071.795,2,chosen
arm,26922.529,2,chosen
bent,26903.198,2,chosen
thistle,26357.057,2,chosen
bag,25867.49,2,chosen
reed,25799.476,2,chosen
single,25339.009,2,chosen
milk,25338.877,2,chosen
snow,24943.739,2,chosen
spider,24916.488,2,chosen
loam,24400,2,chosen
dwarf,24296.883,2,chosen
grove,24237.085,2,chosen
deer,24108.936,2,chosen
leg,24062.923,2,chosen
hoof,23894.344,2,chosen
hollow,23878.129,2,chosen
arrow,23792.811,2,chosen
cold,23760.99,2,chosen
gland,23536.645,2,chosen
ginger,23352.137,2,chosen
joint,23065.232,2,chosen
peach,22800.083,2,chosen
shell,22754.469,2,chosen
reckless,22700.003,2,chosen
wheat,22536.482,2,chosen
bladder,22530.465,2,chosen
double,22419.957,2,chosen
mark,22349.127,2,chosen
study,22301.102,2,chosen
smell,22301.016,2,chosen
strange,22160.136,2,chosen
range,22135.007,2,chosen
series,22100.003,2,chosen
immortal,22100,2,chosen
sheep,22098.703,2,chosen
dew,21852.29,2,chosen
spread,21850.287,2,chosen
man,21754.887,2,chosen
beard,21617.662,2,chosen
animal,21560.214,2,chosen
swell,21524.099,2,chosen
appear,21457.906,2,chosen
strong,21454.19,2,chosen
think,21352.103,2,chosen
beak,21322.772,2,chosen
thatch,21314.064,2,chosen
tank,21305.254,2,chosen
violet,21191.483,2,chosen
fold,21155.672,2,chosen
case,20950.032,2,chosen
stair,20916.216,2,chosen
heal,20770.031,3,chosen
tower,20761.329,3,chosen
oil,20669.582,3,chosen
bridge,20522.583,3,chosen
butterfly,20504.552,3,chosen
mouse,20474.358,3,chosen
crooked,20394.091,3,chosen
palm,20363.542,3,chosen
box,20273.007,3,chosen
pepper,20238.327,3,chosen
muscle,19945.821,3,chosen
plain,19889.727,3,chosen
able,19794.985,3,chosen
tiger,19665.865,3,chosen
shop,19636.53,3,chosen
word,19428.788,3,chosen
pig,19411.677,3,chosen
trumpet,19310.306,3,chosen
bush,19044.457,3,chosen
weak,18974.339,3,chosen
twist,18864.792,3,chosen
go,18752.732,3,chosen
thirst,18742.225,3,chosen
rib,18634.032,3,chosen
band,18629.435,3,chosen
eat,18535.984,3,chosen
chick,18506.043,3,chosen
sparrow,18435.17,3,chosen
gall,18298,3,chosen
mill,18143.8,3,chosen
room,18097.842,3,chosen
chapel,18059.041,3,chosen
shake,17811.335,3,chosen
blade,17731.739,3,chosen
ladder,17696.296,3,chosen
fat,17547.362,3,chosen
medicine,17542.209,3,chosen
mother,17511.078,3,chosen
alone,17485.695,3,chosen
shoot,17430.703,3,chosen
cotton,17178,3,chosen
hood,17016.418,3,chosen
desire,16989.05,3,chosen
plate,16927.747,3,chosen
municipal,16925.525,3,chosen
slope,16837.763,3,chosen
ductile,16749.048,3,chosen
noise,16702.153,3,chosen
wine,16698.922,3,chosen
spear,16636.594,3,chosen
pipe,16531.936,3,chosen
smooth,16421.323,3,chosen
cord,16416.919,3,chosen
wadi,16373.357,3,chosen
autumn,16349.076,3,chosen
fly,16238.78,3,chosen
bug,16219.689,3,chosen
shield,16074.607,3,chosen
adult,15961.463,3,chosen
community,15920.907,3,chosen
view,15862.14,3,chosen
needle,15673.12,3,chosen
bar,15664.398,3,chosen
throat,15526.39,3,chosen
corner,15507.622,3,chosen
lie,15499.524,3,chosen
comb,15464.609,3,chosen
carry,15454.5,3,chosen
elegant,15391.086,3,chosen
nut,15363.69,3,chosen
luck,15301,3,chosen
road,15279.603,3,chosen
port,15264.429,3,chosen
wall,15168.179,3,chosen
cinnamon,15164,3,chosen
dry,15013.36,3,chosen
burn,14969.389,3,chosen
straight,14963.384,3,chosen
onion,14950.002,3,chosen
boat,14924.484,3,chosen
wart,14917.115,3,chosen
castle,14814.724,3,chosen
beast,14800.003,3,chosen
help,14779.55,3,chosen
hole,14775.465,3,chosen
sick,14763.041,3,chosen
build,14714.556,3,chosen
cape,14705.042,3,chosen
melon,14700,3,chosen
pod,14650.001,3,chosen
scenery,14650,3,chosen
net,14619.452,3,chosen
neck,14598.552,3,chosen
rod,14542.293,3,chosen
pot,14533.596,3,chosen
goose,14516.616,3,chosen
beach,14450.371,3,chosen
slave,14439.199,3,chosen
meadow,14422.853,3,chosen
resort,14405.391,3,chosen
fight,14361.686,4,chosen
crane,14270.52,4,chosen
lantern,14213.11,4,chosen
rich,14200.636,4,chosen
cost,14161.063,4,chosen
creep,14157.157,4,chosen
brother,14116.471,4,chosen
tadpole,14102.997,4,chosen
spoon,14058.002,4,chosen
shade,14000.257,4,chosen
flesh,13975.984,4,chosen
yam,13870.02,4,chosen
cypress,13852.699,4,chosen
smartweed,13850,4,chosen
olive,13844.028,4,chosen
knot,13834.435,4,chosen
money,13809.579,4,chosen
pray,13766.251,4,chosen
instrument,13650.006,4,chosen
capital,13511.361,4,chosen
cat,13456.157,4,chosen
honor,13441.299,4,chosen
saw,13370.662,4,chosen
revive,13183.014,4,chosen
sparse,13168.018,4,chosen
beside,13163.412,4,chosen
show,13097.17,4,chosen
war,13088.448,4,chosen
powder,13000.003,4,chosen
grief,12999.54,4,chosen
fair,12923.491,4,chosen
lay,12900.061,4,chosen
belt,12895.995,4,chosen
bed,12851.448,4,chosen
dwell,12818.136,4,chosen
cassia,12750,4,chosen
shrub,12742.567,4,chosen
leather,12690.415,4,chosen
raspberry,12678.078,4,chosen
exceed,12600.001,4,chosen
poplar,12596.693,4,chosen
item,12559.074,4,chosen
trail,12531.493,4,chosen
do,12523.316,4,chosen
picture,12500.058,4,chosen
cork,12471.002,4,chosen
crush,12448.053,4,chosen
membrane,12401.199,4,chosen
dynasty,12300,4,chosen
steal,12297.068,4,chosen
wrinkle,12294.584,4,chosen
cart,12264.812,4,chosen
brocade,12186.136,4,chosen
sword,12159.187,4,chosen
throw,12156.481,4,chosen
wrap,12140.022,4,chosen
louse,12125.661,4,chosen
trench,12104.093,4,chosen
rope,12103.448,4,chosen
elder,12064.54,4,chosen
whip,12047.078,4,chosen
brown,12020.336,4,chosen
bowl,12010.447,4,chosen
people,11998.341,4,chosen
stink,11959.209,4,chosen
garlic,11952.802,4,chosen
fan,11918.224,4,chosen
mud,11796.298,4,chosen
claw,11795.545,4,chosen
offer,11708.124,4,chosen
pay,11688.445,4,chosen
japonicus,11650,4,chosen
tung,11650,4,chosen
skill,11641.269,4,chosen
dot,11636.442,4,chosen
fir,11618.397,4,chosen
cook,11611.825,4,chosen
chief,11572.773,4,chosen
coin,11571.661,4,chosen
draw,11556.294,4,chosen
dust,11543.598,4,chosen
settle,11505.903,4,chosen
timber,11469.259,4,chosen
common,11465.981,4,chosen
blunt,11456.156,4,chosen
native,11389.293,4,chosen
office,11328.122,4,chosen
say,11319.047,4,chosen
torment,11267.157,4,chosen
morning,11254.981,4,chosen
roof,11200.299,4,chosen
anger,11153.664,4,chosen
keel,10997.147,4,chosen
cry,10984.083,4,chosen
king,10933.39,4,chosen
golf,10915.843,4,chosen
strike,10859.337,4,chosen
pouch,10850,4,chosen
artemisia,10800,4,chosen
desk,10693.533,4,chosen
hem,10645.095,5,chosen
sleep,10631.704,5,chosen
thicket,10574.973,5,chosen
ink,10560.071,5,chosen
rabbit,10553.152,5,chosen
nouns,10550,5,chosen
lime,10497.345,5,chosen
leave,10473.465,5,chosen
foam,10414.027,5,chosen
pea,10385.127,5,chosen
millet,10370.915,5,chosen
goat,10360.879,5,chosen
ruin,10289.188,5,chosen
sister,10288.785,5,chosen
embrace,10273.274,5,chosen
wear,10269.039,5,chosen
sack,10263.962,5,chosen
respect,10192.152,5,chosen
rot,10182.476,5,chosen
school,10171.936,5,chosen
cone,10169.371,5,chosen
cinnabar,10151.027,5,chosen
lump,10135.623,5,chosen
gum,10107.262,5,chosen
fork,10087.586,5,chosen
maple,10082.199,5,chosen
play,10073.115,5,chosen
jujube,10062,5,chosen
fool,10028.831,5,chosen
strip,9962.243,5,chosen
press,9917.015,5,chosen
crotch,9900,5,chosen
ship,9844.434,5,chosen
tell,9812.089,5,chosen
block,9736.115,5,chosen
twin,9719.269,5,chosen
worth,9674.127,5,chosen
bank,9662.51,5,chosen
mad,9623.536,5,chosen
decide,9612.018,5,chosen
pole,9588.071,5,chosen
bald,9574.067,5,chosen
ice,9573.979,5,chosen
rub,9563.7,5,chosen
friend,9526.154,5,chosen
fig,9519.964,5,chosen
crawl,9500,5,chosen
admit,9488.031,5,chosen
stripe,9474.028,5,chosen
cluster,9470.269,5,chosen
meal,9400.211,5,chosen
speak,9400.05,5,chosen
weed,9380.466,5,chosen
helmet,9341.437,5,chosen
kite,9338.037,5,chosen
giant,9322.622,5,chosen
switch,9319.312,5,chosen
bubble,9264.315,5,chosen
scatter,9254.096,5,chosen
drink,9235.932,5,chosen
pitch,9218.208,5,chosen
grape,9211.659,5,chosen
embroider,9205,5,chosen
father,9199.87,5,chosen
farmstead,9161.136,5,chosen
tumor,9136.287,5,chosen
fluid,9101.014,5,chosen
toe,9099.06,5,chosen
style,9064.113,5,chosen
tile,9016.38,5,chosen
wag,9001.016,5,chosen
paved,8952.032,5,chosen
cattle,8940.441,5,chosen
iris,8907.305,5,chosen
peak,8894.502,5,chosen
wander,8882.739,5,chosen
climb,8861.771,5,chosen
thigh,8839.09,5,chosen
cap,8813.52,5,chosen
harm,8781.436,5,chosen
sting,8773.175,5,chosen
marry,8732.553,5,chosen
umbrella,8726.027,5,chosen
angle,8718.03,5,chosen
gimlet,8701.001,5,chosen
keep,8700.027,5,chosen
worm,8665.521,5,chosen
wax,8645.649,5,chosen
spike,8637.24,5,chosen
story,8600.215,5,chosen
cress,8592.642,5,chosen
lean,8581.826,5,chosen
omen,8571.072,5,chosen
tribute,8558.008,5,chosen
roebuck,8550,5,chosen
harbor,8543.637,5,chosen
monkey,8529.539,5,chosen
fit,8515.102,5,chosen
spleen,8447.148,5,chosen
bare,8446.301,5,chosen
axe,8441.003,6,chosen
correct,8423.131,6,chosen
fort,8376.259,6,chosen
growth,8369.119,6,chosen
honey,8368.098,6,chosen
ranunculus,8300,6,chosen
finger,8280.66,6,chosen
turban,8273.171,6,chosen
nail,8267.674,6,chosen
ditch,8244.507,6,chosen
lizard,8228.502,6,chosen
shame,8224.585,6,chosen
floor,8218.649,6,chosen
slice,8200.007,6,chosen
service,8175.572,6,chosen
height,8162.644,6,chosen
express,8162.159,6,chosen
ripening,8140.835,6,chosen
college,8093.086,6,chosen
ornament,8081.513,6,chosen
print,8080.043,6,chosen
base,8065.692,6,chosen
bud,8058.246,6,chosen
dye,8057.009,6,chosen
night,8037.045,6,chosen
sickle,8025.73,6,chosen
ethics,8000,6,chosen
taste,7995.684,6,chosen
gilded,7975.973,6,chosen
kill,7972.387,6,chosen
rye,7946.396,6,chosen
joy,7936.616,6,chosen
nation,7930.828,6,chosen
chest,7917.174,6,chosen
leek,7884.184,6,chosen
book,7865.66,6,chosen
sail,7859.375,6,chosen
lodge,7842.817,6,chosen
sole,7839.633,6,chosen
cheese,7827.215,6,chosen
against,7822.638,6,chosen
string,7822.089,6,chosen
cherry,7789.178,6,chosen
scent,7750.01,6,chosen
mound,7749.302,6,chosen
spice,7730.432,6,chosen
support,7728.338,6,chosen
galingale,7725.321,6,chosen
elm,7687.116,6,chosen
pond,7682.232,6,chosen
bind,7677.09,6,chosen
broom,7668.265,6,chosen
spindle,7660.9,6,chosen
lady,7591.59,6,chosen
put,7591.336,6,chosen
rust,7570.357,6,chosen
treasure,7558.56,6,chosen
blister,7488.008,6,chosen
glue,7451.285,6,chosen
condole,7450,6,chosen
diminish,7428.623,6,chosen
pour,7410.009,6,chosen
mobile,7406.4,6,chosen
shut,7351.288,6,chosen
bump,7338.095,6,chosen
visible,7326.623,6,chosen
noble,7302.891,6,chosen
bluff,7298.291,6,chosen
die,7266.731,6,chosen
gift,7256.349,6,chosen
chenopodium,7250,6,chosen
album,7250,6,chosen
clover,7234.29,6,chosen
meadowrue,7228.427,6,chosen
fennel,7167.317,6,chosen
amaranth,7165.015,6,chosen
dirty,7151.165,6,chosen
search,7097.419,6,chosen
heat,7067.843,6,chosen
distant,7067.043,6,chosen
curtain,7062.777,6,chosen
endure,7054.03,6,chosen
lucky,7050.006,6,chosen
literature,7050,6,chosen
basin,7035.984,6,chosen
free,7018.861,6,chosen
knife,7008.908,6,chosen
believe,7000.039,6,chosen
frontier,6961.011,6,chosen
taro,6951.001,6,chosen
cake,6917.158,6,chosen
inhabit,6914,6,chosen
gram,6900.002,6,chosen
tin,6885.236,6,chosen
snail,6857.705,6,chosen
radish,6855.355,6,chosen
drop,6847.252,6,chosen
sow,6840.317,6,chosen
stake,6834.723,6,chosen
blond,6829.274,6,chosen
sugar,6798.295,7,chosen
warm,6773.639,7,chosen
vetch,6770.418,7,chosen
opening,6750.608,7,chosen
fast,6750.058,7,chosen
halberd,6750,7,chosen
punctuated,6735.33,7,chosen
episcopal,6714.658,7,chosen
osmunda,6700,7,chosen
regalis,6700,7,chosen
sheet,6684.801,7,chosen
crowd,6665.151,7,chosen
bead,6665.016,7,chosen
prop,6648,7,chosen
suitable,6642.09,7,chosen
military,6632.217,7,chosen
hamlet,6615.609,7,chosen
class,6600.018,7,chosen
fuel,6600.006,7,chosen
kidney,6595.245,7,chosen
country,6591.007,7,chosen
fox,6555.207,7,chosen
lily,6552.257,7,chosen
load,6552.232,7,chosen
lane,6511.505,7,chosen
owl,6509.395,7,chosen
urine,6472.999,7,chosen
plow,6466.066,7,chosen
agree,6430.1,7,chosen
market,6417.538,7,chosen
shaggy,6414.714,7,chosen
bow,6413.511,7,chosen
qin,6400,7,chosen
chance,6381.606,7,chosen
insect,6373.198,7,chosen
snout,6370.607,7,chosen
trust,6364.433,7,chosen
hammer,6359.444,7,chosen
park,6330.156,7,chosen
soldier,6314.864,7,chosen
paper,6313.375,7,chosen
foreign,6312.21,7,chosen
wound,6312.062,7,chosen
bog,6308.907,7,chosen
bustard,6305.395,7,chosen
mallotus,6301,7,chosen
substance,6300.029,7,chosen
eagle,6265.548,7,chosen
wedge,6264.212,7,chosen
dull,6260.419,7,chosen
mile,6240.234,7,chosen
coral,6234.274,7,chosen
unit,6214.939,7,chosen
sorrow,6200.011,7,chosen
proud,6176.389,7,chosen
boar,6172.486,7,chosen
junior,6163.157,7,chosen
bundle,6160.409,7,chosen
verdant,6148.444,7,chosen
carve,6125.027,7,chosen
hurt,6100.033,7,chosen
beet,6098.644,7,chosen
duck,6097.748,7,chosen
ant,6080.67,7,chosen
battle,6062.422,7,chosen
draba,6050,7,chosen
greed,6048.045,7,chosen
clan,6045.746,7,chosen
belly,6042.792,7,chosen
bottle,6035.285,7,chosen
length,6030.18,7,chosen
birch,6022.221,7,chosen
dish,5985.599,7,chosen
meat,5950.027,7,chosen
copy,5911.089,7,chosen
triangular,5891.187,7,chosen
spine,5875.032,7,chosen
intestine,5871.071,7,chosen
circle,5848.225,7,chosen
furrowed,5839.685,7,chosen
tight,5835.259,7,chosen
shore,5827.178,7,chosen
reverse,5768.118,7,chosen
elephant,5751.199,7,chosen
issue,5750.008,7,chosen
extraordinary,5714.261,7,chosen
sesame,5713.137,7,chosen
extend,5707.863,7,chosen
shoe,5706.165,7,chosen
tribe,5689.64,7,chosen
dung,5681.476,7,chosen
mercy,5674.727,7,chosen
girl,5668.645,7,chosen
locust,5663.412,7,chosen
grave,5660.017,7,chosen
craft,5650.013,7,chosen
hazel,5648.698,7,chosen
germander,5645.442,7,chosen
gravel,5645.141,7,chosen
channel,5623.575,7,chosen
sex,5600.011,8,chosen
hoard,5600,8,chosen
flies,5600,8,chosen
steep,5591.144,8,chosen
testicle,5579.324,8,chosen
rejoiced,5571.067,8,chosen
vessel,5566.45,8,chosen
gas,5559.579,8,chosen
hubei,5550,8,chosen
betel,5550,8,chosen
frost,5534.382,8,chosen
boil,5528.063,8,chosen
flour,5521.496,8,chosen
imperial,5500,8,chosen
loquat,5500,8,chosen
alkaline,5500,8,chosen
price,5498.746,8,chosen
waste,5488.254,8,chosen
donkey,5487.786,8,chosen
oval,5485.486,8,chosen
stage,5479.28,8,chosen
nun,5478.878,8,chosen
breast,5441.851,8,chosen
tend,5429.134,8,chosen
tremble,5428.625,8,chosen
smile,5419.173,8,chosen
poor,5414.118,8,chosen
boy,5400.31,8,chosen
manifest,5400,8,chosen
hut,5397.294,8,chosen
trouble,5397.112,8,chosen
gourd,5391.292,8,chosen
buddha,5382.482,8,chosen
grind,5382.288,8,chosen
hat,5356.602,8,chosen
dig,5356.092,8,chosen
expert,5354.13,8,chosen
womb,5351.103,8,chosen
touch,5342.571,8,chosen
handle,5342.507,8,chosen
oblique,5331.511,8,chosen
bunch,5300.006,8,chosen
cushion,5300.005,8,chosen
fungus,5300.003,8,chosen
blow,5270.012,8,chosen
watch,5265.688,8,chosen
melt,5261.019,8,chosen
travel,5259.519,8,chosen
tie,5259.018,8,chosen
sing,5253.267,8,chosen
banyan,5252.052,8,chosen
moderate,5244.49,8,chosen
own,5238.859,8,chosen
boot,5215.915,8,chosen
concave,5212.062,8,chosen
scarlet,5202.299,8,chosen
hibiscus,5200,8,chosen
jasmine,5198.298,8,chosen
alum,5189.089,8,chosen
coil,5174.425,8,chosen
zhejiang,5150,8,chosen
sit,5140.006,8,chosen
praise,5128.323,8,chosen
date,5127.005,8,chosen
brush,5122.875,8,chosen
drought,5122.721,8,chosen
slant,5100.007,8,chosen
clay,5081.783,8,chosen
born,5043,8,chosen
gadfly,5037.032,8,chosen
catch,5028.032,8,chosen
turnip,5021.042,8,chosen
mass,5019.047,8,chosen
bride,5019.019,8,chosen
mosque,5019.014,8,chosen
chain,5004.566,8,chosen
inclined,5003.602,8,chosen
weapon,5000.024,8,chosen
abundant,4992.28,8,chosen
found,4986.075,8,chosen
art,4984.311,8,chosen
summer,4976.351,8,chosen
secret,4974.558,8,chosen
complicated,4950,8,chosen
prick,4924.622,8,chosen
examine,4924.053,8,chosen
victory,4920.767,8,chosen
equipped,4917.413,8,chosen
mulberry,4903.511,8,chosen
dissected,4901.899,8,chosen
bee,4901.166,8,chosen
oat,4900.8,8,chosen
stuff,4865.13,8,chosen
revolve,4857.106,8,chosen
camphor,4851,8,chosen
kid,4850.507,8,chosen
phragmites,4850,8,chosen
juniper,4846.237,8,chosen
dirt,4845.266,8,chosen
district,4833.981,8,chosen
cool,4833.275,9,chosen
assemble,4832.232,9,chosen
cove,4820.816,9,chosen
fence,4800.054,9,chosen
spiral,4796.898,9,chosen
daisy,4787.187,9,chosen
unexpected,4777.874,9,chosen
project,4770.2,9,chosen
fortune,4756.058,9,chosen
bran,4755.305,9,chosen
vomit,4744.996,9,chosen
fin,4730.442,9,chosen
currant,4730.179,9,chosen
shrimp,4728.578,9,chosen
royal,4722.296,9,chosen
feed,4708.127,9,chosen
yoke,4656.348,9,chosen
row,4648.374,9,chosen
trick,4622.636,9,chosen
car,4610.12,9,chosen
kick,4604.296,9,chosen
material,4600.022,9,chosen
kin,4600.001,9,chosen
master,4599.452,9,chosen
flask,4579.525,9,chosen
broken,4579.201,9,chosen
courtyard,4545.742,9,chosen
firm,4532.804,9,chosen
flea,4530.98,9,chosen
heap,4528.922,9,chosen
deed,4519.165,9,chosen
mast,4517.906,9,chosen
barley,4517.644,9,chosen
guide,4517.347,9,chosen
pierce,4506.135,9,chosen
sphere,4500.003,9,chosen
marriage,4489.155,9,chosen
collect,4477.075,9,chosen
lion,4465.765,9,chosen
pan,4461.499,9,chosen
lemon,4455.002,9,chosen
stem,4450.004,9,chosen
cage,4422.112,9,chosen
pit,4410.571,9,chosen
ox,4405.705,9,chosen
bite,4402.246,9,chosen
agastache,4400,9,chosen
rugosa,4400,9,chosen
elliptical,4397.795,9,chosen
charm,4379.239,9,chosen
disease,4362.585,9,chosen
matter,4350.018,9,chosen
algae,4350,9,chosen
smilax,4350,9,chosen
waist,4346.898,9,chosen
shave,4340,9,chosen
anchor,4333.383,9,chosen
gem,4332.282,9,chosen
bark,4321.236,9,chosen
remove,4311.483,9,chosen
sunflower,4300.162,9,chosen
ask,4300.021,9,chosen
made,4284.008,9,chosen
yew,4273.072,9,chosen
doctor,4270.491,9,chosen
terrace,4253.227,9,chosen
card,4250.255,9,chosen
quail,4235.485,9,chosen
creature,4200.021,9,chosen
slip,4193.19,9,chosen
claim,4192.414,9,chosen
core,4189.027,9,chosen
drill,4159.27,9,chosen
sudden,4153.083,9,chosen
figure,4150.024,9,chosen
slide,4131.424,9,chosen
saddle,4131.055,9,chosen
super,4128,9,chosen
camel,4123.43,9,chosen
plateau,4108.957,9,chosen
dance,4096.312,9,chosen
sell,4072.233,9,chosen
ram,4058.837,9,chosen
spherical,4049.797,9,chosen
palace,4044.842,9,chosen
jebel,4036.032,9,chosen
stretch,4027.007,9,chosen
thyme,4021.179,9,chosen
lance,4011.214,9,chosen
ravine,4002.949,9,chosen
appoint,4000,9,chosen
board,3973.038,9,chosen
web,3972.932,9,chosen
varnish,3957.107,9,chosen
roll,3955.414,9,chosen
chamber,3953.008,9,chosen
custom,3952.473,9,chosen
pleat,3950,9,chosen
tassel,3950,9,chosen
tuna,3940.774,9,chosen
meet,3939.66,10,chosen
pack,3929.008,10,chosen
win,3924.012,10,chosen
storm,3917.774,10,chosen
basket,3907.271,10,chosen
elshotria,3900,10,chosen
paltrini,3900,10,chosen
provide,3891.599,10,chosen
dusk,3881.774,10,chosen
promise,3867.135,10,chosen
transparent,3855.704,10,chosen
music,3852.918,10,chosen
agriculture,3845.544,10,chosen
pleasant,3835.271,10,chosen
drive,3830.193,10,chosen
flood,3817.486,10,chosen
indicate,3809.159,10,chosen
id,3808.805,10,chosen
jump,3804.171,10,chosen
weave,3795.335,10,chosen
delay,3785.294,10,chosen
charcoal,3779.178,10,chosen
circular,3774.872,10,chosen
shark,3768.566,10,chosen
feast,3765.113,10,chosen
starling,3762.759,10,chosen
mineral,3754.154,10,chosen
chaste,3751,10,chosen
banana,3740.558,10,chosen
scoop,3717.219,10,chosen
somewhat,3716,10,chosen
laughter,3713.013,10,chosen
edible,3711.56,10,chosen
deceptive,3692.089,10,chosen
whale,3683.631,10,chosen
normal,3678.191,10,chosen
hedge,3676.426,10,chosen
organ,3667.219,10,chosen
door,3654.31,10,chosen
kernel,3650.7,10,chosen
list,3650.077,10,chosen
sway,3650.003,10,chosen
gorge,3650,10,chosen
sweep,3641.339,10,chosen
swift,3641.139,10,chosen
international,3636.633,10,chosen
wife,3631.628,10,chosen
check,3630.26,10,chosen
soup,3609.844,10,chosen
angel,3602.853,10,chosen
film,3600,10,chosen
patch,3596.047,10,chosen
escape,3592.249,10,chosen
record,3583.105,10,chosen
advance,3583.038,10,chosen
bin,3567.564,10,chosen
pop,3565.243,10,chosen
barrel,3563.563,10,chosen
rural,3559.306,10,chosen
adhere,3550,10,chosen
trigon,3550,10,chosen
underpants,3549.546,10,chosen
metropolis,3547.247,10,chosen
sorrel,3546.644,10,chosen
crack,3537.441,10,chosen
pope,3528.525,10,chosen
mood,3521.341,10,chosen
pale,3518.113,10,chosen
praiseworthy,3483.115,10,chosen
cicada,3482.609,10,chosen
mock,3466.223,10,chosen
stroke,3461.461,10,chosen
boa,3452.449,10,chosen
notch,3450.651,10,chosen
pick,3450.011,10,chosen
chop,3450.003,10,chosen
defend,3450.001,10,chosen
mint,3448.199,10,chosen
forward,3443.138,10,chosen
fact,3437.056,10,chosen
beech,3433.814,10,chosen
window,3419.823,10,chosen
hump,3418.518,10,chosen
task,3418.037,10,chosen
tongs,3415.412,10,chosen
loin,3411.111,10,chosen
favor,3404.062,10,chosen
difficult,3400.852,10,chosen
tale,3400.021,10,chosen
tip,3400.004,10,chosen
eyelash,3392.241,10,chosen
fog,3390.498,10,chosen
sad,3374.357,10,chosen
novel,3354.351,10,chosen
frame,3354.315,10,chosen
complete,3347.579,10,chosen
cable,3340.339,10,chosen
blind,3333.944,10,chosen
congratulate,3331,10,chosen
health,3315.738,10,chosen
loud,3307.049,11,chosen
eggplant,3300.001,11,chosen
persimmon,3300,11,chosen
hairpin,3300,11,chosen
tesselate,3294,11,chosen
kiss,3291.493,11,chosen
tunnel,3289.237,11,chosen
happen,3288.021,11,chosen
scurfy,3285.734,11,chosen
crust,3275.126,11,chosen
faith,3274.088,11,chosen
thank,3272.525,11,chosen
crystal,3255.958,11,chosen
sandalwood,3250.561,11,chosen
charge,3250.019,11,chosen
achieve,3250.005,11,chosen
crisp,3250.002,11,chosen
purge,3232.032,11,chosen
pronoun,3212.012,11,chosen
bier,3206.203,11,chosen
mare,3200.197,11,chosen
practice,3200.014,11,chosen
wad,3200,11,chosen
nemerosa,3200,11,chosen
grace,3192.244,11,chosen
excrement,3192.041,11,chosen
caterpillar,3188.436,11,chosen
learn,3188.306,11,chosen
swan,3176.141,11,chosen
orach,3170.469,11,chosen
job,3169.196,11,chosen
glaze,3164.963,11,chosen
pink,3147.398,11,chosen
crime,3140.151,11,chosen
last,3134.38,11,chosen
fur,3127.03,11,chosen
advice,3122.119,11,chosen
alder,3112.412,11,chosen
attack,3100.264,11,chosen
penetrate,3100,11,chosen
whirlwind,3100,11,chosen
kudzu,3100,11,chosen
neighbor,3097.118,11,chosen
blame,3094.908,11,chosen
shed,3093.447,11,chosen
sew,3087.329,11,chosen
plough,3077.051,11,chosen
pad,3070.01,11,chosen
peony,3064.514,11,chosen
corral,3058.055,11,chosen
try,3050.013,11,chosen
plume,3050.001,11,chosen
sinewy,3049.448,11,chosen
deal,3042.031,11,chosen
design,3039.455,11,chosen
gather,3030.025,11,chosen
share,3015.071,11,chosen
parrot,3003.391,11,chosen
supply,3000.021,11,chosen
gentle,3000.017,11,chosen
cylindrical,2994.292,11,chosen
dawn,2990.199,11,chosen
ascend,2977.076,11,chosen
tire,2977.041,11,chosen
mr,2965.963,11,chosen
weevil,2962.76,11,chosen
catnip,2960.91,11,chosen
save,2950.014,11,chosen
desert,2943.98,11,chosen
khan,2943.941,11,chosen
labor,2940.033,11,chosen
interest,2934.148,11,chosen
barbel,2925.624,11,chosen
lateral,2912.662,11,chosen
strap,2908.164,11,chosen
teach,2907.629,11,chosen
she,2905,11,chosen
prostrated,2901.5,11,chosen
answer,2900.017,11,chosen
treat,2899.05,11,chosen
motel,2894.892,11,chosen
reach,2892.13,11,chosen
mayonnaise,2887.885,11,chosen
thief,2873.831,11,chosen
coat,2865.35,11,chosen
enantiomeric,2864.664,11,chosen
hue,2860.017,11,chosen
sure,2850.014,11,chosen
laurel,2845.516,11,chosen
fun,2840.812,11,chosen
mend,2834.123,11,chosen
cough,2833.282,11,chosen
ivy,2831.024,11,chosen
wharf,2828.826,11,chosen
can,2827.369,11,chosen
bomb,2827.23,11,chosen
scissors,2825.225,11,chosen
lock,2824.818,11,chosen
twig,2824.114,11,chosen
wasp,2823.795,11,chosen
harp,2822.623,12,chosen
monastery,2822.57,12,chosen
swallow,2814.002,12,chosen
rent,2811.015,12,chosen
carbon,2800.069,12,chosen
nodding,2787.286,12,chosen
mushroom,2778.627,12,chosen
pin,2775.454,12,chosen
bless,2771.307,12,chosen
camp,2763.152,12,chosen
blanching,2752.701,12,chosen
clever,2750.358,12,chosen
raise,2750.027,12,chosen
nemorosa,2750,12,chosen
may,2740.722,12,chosen
radiated,2739.938,12,chosen
perfumed,2739.338,12,chosen
lath,2730.038,12,chosen
shovel,2729.628,12,chosen
ride,2722.011,12,chosen
veil,2708.966,12,chosen
party,2703.701,12,chosen
foliage,2703.152,12,chosen
fortified,2701.35,12,chosen
darnels,2701.001,12,chosen
knee,2700.136,12,chosen
guilt,2691.799,12,chosen
mattock,2688.033,12,chosen
syrup,2685.109,12,chosen
pilgrim,2672.67,12,chosen
uncle,2672.669,12,chosen
polish,2661.5,12,chosen
wire,2658.136,12,chosen
thresh,2657,12,chosen
swim,2656.072,12,chosen
harmony,2650.291,12,chosen
fiber,2650.005,12,chosen
maintain,2650.001,12,chosen
unhusked,2650,12,chosen
calf,2648.477,12,chosen
cabbage,2647.199,12,chosen
continent,2645.098,12,chosen
sheath,2643.242,12,chosen
spoke,2636.041,12,chosen
tear,2634.103,12,chosen
tape,2632.935,12,chosen
limb,2626.532,12,chosen
bold,2624.437,12,chosen
twenty,2617.967,12,chosen
lung,2605.059,12,chosen
silt,2603.601,12,chosen
lot,2603.586,12,chosen
ill,2600.02,12,chosen
worry,2600.019,12,chosen
error,2600.004,12,chosen
farmland,2600,12,chosen
obscene,2600,12,chosen
surround,2598.406,12,chosen
flax,2592.091,12,chosen
burnt,2591.489,12,chosen
juice,2589.346,12,chosen
flame,2588.479,12,chosen
polite,2579.44,12,chosen
solid,2579.343,12,chosen
forget,2578.031,12,chosen
constant,2569.122,12,chosen
pilot,2567.002,12,chosen
amber,2562.204,12,chosen
ray,2550.74,12,chosen
overflowing,2550.193,12,chosen
replace,2550.005,12,chosen
pity,2550.001,12,chosen
cane,2550,12,chosen
company,2541.018,12,chosen
bus,2535.483,12,chosen
embankment,2535.224,12,chosen
mold,2530.133,12,chosen
sown,2526.642,12,chosen
noon,2520.522,12,chosen
cast,2514.035,12,chosen
numb,2512.064,12,chosen
resemble,2505.186,12,chosen
leap,2501.04,12,chosen
lichee,2500,12,chosen
macacus,2500,12,chosen
buy,2492.054,12,chosen
somersault,2484.482,12,chosen
myrtle,2482.762,12,chosen
awl,2478.928,12,chosen
arch,2474.583,12,chosen
crest,2459.959,12,chosen
phone,2450.313,12,chosen
pavilion,2450,12,chosen
aid,2434.147,12,chosen
raft,2432.533,12,chosen
jaw,2431.935,12,chosen
brain,2429.096,12,chosen
spin,2416.686,12,chosen
tamarisk,2416.415,12,chosen
peat,2415.042,12,chosen
seat,2423.626,13,chosen
itch,2415,13,chosen
moth,2405.655,13,chosen
coriander,2403.053,13,chosen
sulphur,2403.003,13,chosen
effort,2400.212,13,chosen
grab,2400.009,13,chosen
grip,2400.007,13,chosen
rhubarb,2395.395,13,chosen
upright,2395.195,13,chosen
dress,2393.052,13,chosen
glad,2389.087,13,chosen
descend,2388.708,13,chosen
nearby,2383.832,13,chosen
element,2383.239,13,chosen
journey,2383.143,13,chosen
weight,2382.181,13,chosen
revenge,2380.132,13,chosen
lamb,2374.024,13,chosen
flag,2372.4,13,chosen
profit,2371.425,13,chosen
obey,2371.004,13,chosen
anus,2365.615,13,chosen
stump,2363.213,13,chosen
summit,2360.343,13,chosen
scar,2356.556,13,chosen
damage,2350.042,13,chosen
arrange,2350.019,13,chosen
compound,2350.007,13,chosen
conduct,2350.005,13,chosen
plot,2345.099,13,chosen
leopard,2344.932,13,chosen
stomach,2342.401,13,chosen
done,2341.191,13,chosen
sieve,2336.427,13,chosen
executioner,2336.135,13,chosen
knock,2325.898,13,chosen
fix,2325.06,13,chosen
soap,2322.377,13,chosen
partner,2319.134,13,chosen
cemetery,2317.186,13,chosen
dock,2316.707,13,chosen
trough,2312.579,13,chosen
special,2304.618,13,chosen
command,2304.059,13,chosen
mutual,2300.003,13,chosen
crouch,2300,13,chosen
tangerine,2300,13,chosen
intoxicated,2300,13,chosen
dice,2300,13,chosen
pen,2290.234,13,chosen
monument,2289.271,13,chosen
table,2288.146,13,chosen
contract,2285.01,13,chosen
resent,2284.083,13,chosen
aristocrat,2278.276,13,chosen
inherit,2277.583,13,chosen
sulfur,2276.598,13,chosen
pigeon,2272,13,chosen
bile,2266.58,13,chosen
vagina,2264.012,13,chosen
logical,2260.01,13,chosen
distinct,2258.558,13,chosen
expect,2250.009,13,chosen
sever,2250,13,chosen
armory,2250,13,chosen
rabona,2239.237,13,chosen
swing,2236.042,13,chosen
buttocks,2229.878,13,chosen
fame,2221.465,13,chosen
bread,2221.261,13,chosen
duty,2216.006,13,chosen
toad,2214.613,13,chosen
brave,2212.624,13,chosen
tissue,2209.021,13,chosen
pendant,2205.053,13,chosen
ban,2203.803,13,chosen
murder,2201.358,13,chosen
harsh,2201.013,13,chosen
limp,2200.001,13,chosen
scrambled,2200,13,chosen
amomum,2200,13,chosen
progress,2191.395,13,chosen
rack,2188.039,13,chosen
bore,2186.154,13,chosen
stain,2186.093,13,chosen
penis,2185.986,13,chosen
midwife,2185.183,13,chosen
swarm,2183.183,13,chosen
bulge,2173.427,13,chosen
shout,2173.164,13,chosen
vast,2171.021,13,chosen
sausage,2165.902,13,chosen
button,2150.005,13,chosen
propose,2150.002,13,chosen
rely,2150.002,13,chosen
protrude,2150,13,chosen
court,2149.502,13,chosen
enclosure,2141.422,13,chosen
ripe,2141.041,13,chosen
extreme,2128.166,14,chosen
crenulate,2127.376,14,chosen
shelter,2124.834,14,chosen
unequal,2116.815,14,chosen
fist,2116.217,14,chosen
mullein,2112.711,14,chosen
carp,2108.258,14,chosen
nor,2101.328,14,chosen
scorpion,2100,14,chosen
extensive,2100,14,chosen
kilometre,2098.096,14,chosen
fountain,2093.091,14,chosen
van,2089.682,14,chosen
bury,2082.342,14,chosen
forelock,2077.177,14,chosen
toll,2074.072,14,chosen
suffer,2071.229,14,chosen
language,2059.87,14,chosen
virgin,2056.851,14,chosen
serve,2053.03,14,chosen
pile,2050.007,14,chosen
shard,2050.001,14,chosen
letter,2048.064,14,chosen
lease,2048.046,14,chosen
broth,2046.044,14,chosen
goddess,2044.843,14,chosen
snub,2039,14,chosen
candle,2035.237,14,chosen
bat,2029.332,14,chosen
hickory,2023.021,14,chosen
delicate,2018.007,14,chosen
gun,2016.132,14,chosen
leech,2006.106,14,chosen
text,2000.011,14,chosen
opinion,2000.01,14,chosen
knob,2000.002,14,chosen
stout,2000,14,chosen
ski,1999.998,14,chosen
hillock,1999.998,14,chosen
exchange,1995.152,14,chosen
month,1994.253,14,chosen
allege,1993.992,14,chosen
raven,1980.979,14,chosen
suck,1980.219,14,chosen
vascular,1973.273,14,chosen
invisible,1970.659,14,chosen
shock,1962.978,14,chosen
hear,1962.015,14,chosen
torch,1961.465,14,chosen
clock,1957.161,14,chosen
gap,1954.549,14,chosen
par,1952.715,14,chosen
wish,1950.053,14,chosen
dip,1950.004,14,chosen
soar,1950,14,chosen
emerald,1949.798,14,chosen
known,1948.759,14,chosen
apricot,1948.148,14,chosen
shepherd,1947.775,14,chosen
sixty,1947.247,14,chosen
mist,1944.704,14,chosen
term,1944.154,14,chosen
coyote,1942.941,14,chosen
wrestling,1934.434,14,chosen
business,1931.93,14,chosen
bolt,1921.873,14,chosen
oasis,1918.868,14,chosen
privet,1917.716,14,chosen
soak,1916.03,14,chosen
cure,1914.195,14,chosen
fragrance,1914.015,14,chosen
entangled,1912.361,14,chosen
ford,1911.91,14,chosen
political,1909,14,chosen
volcano,1900.899,14,chosen
lift,1900.022,14,chosen
screw,1898.067,14,chosen
scrap,1897.348,14,chosen
kneel,1895.479,14,chosen
chaff,1892.242,14,chosen
caught,1886.885,14,chosen
capture,1886.094,14,chosen
glory,1882.184,14,chosen
retreat,1876.875,14,chosen
rail,1874.13,14,chosen
porcupine,1864.263,14,chosen
route,1859.017,14,chosen
laugh,1856.184,14,chosen
chew,1853.004,14,chosen
drag,1850.003,14,chosen
multitude,1850,14,chosen
league,1848.847,14,chosen
fertile,1848.048,14,chosen
imitate,1841.015,14,chosen
bishop,1837.587,14,chosen
tame,1832.514,14,chosen
hostel,1830.829,14,chosen
moat,1830.729,14,chosen
germ,1828.645,14,chosen
consider,1828.132,14,chosen
hunger,4258.401,15,chosen
shallow,1827.725,15,chosen
eel,1827.427,15,chosen
peg,1825.423,15,chosen
rigid,1823.223,15,chosen
gelding,1818.817,15,chosen
fabric,1817.014,15,chosen
detail,1808.023,15,chosen
otter,1804.753,15,chosen
manage,1800.014,15,chosen
choose,1800.013,15,chosen
emotion,1800.011,15,chosen
social,1800.007,15,chosen
underlayer,1800,15,chosen
midpoint,1800,15,chosen
strife,1800,15,chosen
lyre,1797.045,15,chosen
pacify,1796,15,chosen
opal,1793.943,15,chosen
islet,1790.746,15,chosen
page,1788.63,15,chosen
maid,1785.986,15,chosen
decorate,1765.009,15,chosen
contorted,1761.11,15,chosen
plank,1760.11,15,chosen
layer,1750.206,15,chosen
sore,1750.005,15,chosen
ivory,1749.447,15,chosen
strawberry,1749.047,15,chosen
curtailed,1745.194,15,chosen
thyrsus,1740,15,chosen
remote,1736.558,15,chosen
mule,1736.139,15,chosen
uniform,1735.386,15,chosen
lentil,1727.176,15,chosen
bake,1714.565,15,chosen
cease,1714.002,15,chosen
sale,1709.687,15,chosen
marble,1709.299,15,chosen
bound,1703,15,chosen
roost,1701.65,15,chosen
spoil,1700.011,15,chosen
garum,1700,15,chosen
street,1696.766,15,chosen
chin,1694.144,15,chosen
bloom,1688.791,15,chosen
cathedral,1682.681,15,chosen
sample,1680.086,15,chosen
standard,1677.635,15,chosen
contest,1677.179,15,chosen
pyramidal,1674.323,15,chosen
vertical,1670.671,15,chosen
roar,1659.169,15,chosen
ventricose,1653.152,15,chosen
priest,1651.599,15,chosen
badge,1651.252,15,chosen
mangrove,1650.243,15,chosen
armpit,1650.037,15,chosen
henry,1649.648,15,chosen
flute,1646.146,15,chosen
pasture,1645.226,15,chosen
scythe,1644.643,15,chosen
residential,1636.635,15,chosen
thesis,1634.734,15,chosen
tomorrow,1634.382,15,chosen
mat,1634.237,15,chosen
cruel,1633.041,15,chosen
steppe,1630.03,15,chosen
mane,1628.928,15,chosen
resin,1627.417,15,chosen
bazaar,1624.623,15,chosen
hawthorn,1623.723,15,chosen
bull,1623.606,15,chosen
suit,1619.429,15,chosen
conference,1616.615,15,chosen
question,1616.018,15,chosen
barbarian,1616.016,15,chosen
pomp,1615.165,15,chosen
monster,1612.123,15,chosen
hawk,1611.65,15,chosen
disk,1607.059,15,chosen
listen,1607.018,15,chosen
mosquito,1604.091,15,chosen
method,1602.015,15,chosen
furrow,1600.732,15,chosen
label,1600.012,15,chosen
activity,1600.008,15,chosen
title,1600.008,15,chosen
grasp,1600.007,15,chosen
odor,1600.005,15,chosen
wizard,1600.001,15,chosen
fujian,1600,15,chosen
goosefoot,1600,15,chosen
hare,1589.639,15,chosen
bidentate,1585.284,15,chosen
aurochs,1582.182,15,chosen
oar,1580.315,15,chosen
drift,1577.002,15,chosen
mistletoe,1575.725,15,chosen
lioness,1574.774,15,chosen
riddle,1570.57,16,chosen
fallow,1568.815,16,chosen
aurora,1568.567,16,chosen
jacket,1568.54,16,chosen
cheek,1565.456,16,chosen
sponge,1557.239,16,chosen
satisfy,1555.263,16,chosen
abbey,1550.549,16,chosen
tick,1550.3,16,chosen
drip,1550.006,16,chosen
deity,1550.003,16,chosen
arise,1550,16,chosen
fastigiate,1542.992,16,chosen
awning,1538.387,16,chosen
mute,1537.336,16,chosen
yoghurt,1535.534,16,chosen
stare,1534.434,16,chosen
urban,1533.483,16,chosen
colony,1533.432,16,chosen
stable,1527.234,16,chosen
ibis,1516.515,16,chosen
virtue,1516.016,16,chosen
bath,1515.464,16,chosen
grunt,1513.013,16,chosen
aim,1508.315,16,chosen
jar,1504.633,16,chosen
pasturage,1504.254,16,chosen
pressure,1500.852,16,chosen
rouge,1500.049,16,chosen
buckwheat,1500,16,chosen
dolphin,1498.448,16,chosen
document,1498.306,16,chosen
transverse,1497.446,16,chosen
parsnip,1488.342,16,chosen
lobster,1487.486,16,chosen
private,1486.389,16,chosen
he,1486,16,chosen
steel,1483.383,16,chosen
insult,1482.233,16,chosen
dear,1480.882,16,chosen
mango,1480.73,16,chosen
nurse,1475.832,16,chosen
breach,1475.474,16,chosen
strangle,1474,16,chosen
soot,1470.469,16,chosen
beloved,1465.414,16,chosen
toy,1450.087,16,chosen
eager,1450.003,16,chosen
pal,1450.001,16,chosen
moor,1449.067,16,chosen
gay,1448.447,16,chosen
finch,1446.146,16,chosen
inlet,1445.695,16,chosen
javelin,1440.189,16,chosen
parsley,1438.602,16,chosen
trinity,1435.434,16,chosen
acid,1435.043,16,chosen
injure,1434.188,16,chosen
stitch,1429.03,16,chosen
pier,1424.654,16,chosen
gear,1419.335,16,chosen
dumpling,1409.409,16,chosen
season,1409.008,16,chosen
expand,1406.057,16,chosen
crucified,1403.853,16,chosen
relative,1402.001,16,chosen
council,1401.272,16,chosen
silkworm,1400.822,16,chosen
steady,1400.016,16,chosen
display,1400.012,16,chosen
team,1400.011,16,chosen
stress,1400.01,16,chosen
hull,1400.001,16,chosen
weavers,1400,16,chosen
shuttle,1400,16,chosen
肉豆蔻,1400,16,chosen
nutmeg,1400,16,chosen
eucalyptus,1400,16,chosen
wort,1400,16,chosen
misfortune,1399.249,16,chosen
queen,1399.247,16,chosen
dome,1399.099,16,chosen
felt,1394.094,16,chosen
barn,1392.391,16,chosen
alligator,1389.238,16,chosen
minnow,1388.188,16,chosen
govern,1385.387,16,chosen
gulf,1385.384,16,chosen
solitary,1378.277,16,chosen
yard,1376.327,16,chosen
site,1375.561,16,chosen
urge,1374.036,16,chosen
macaw,1370.369,16,chosen
prison,1365.56,16,chosen
duke,1357.357,16,chosen
drunk,1354.359,16,chosen
forecastle,1354.353,16,chosen
temple,1352.933,16,chosen
den,1352.243,16,chosen
shoulder,1350.701,16,chosen
mole,1350.299,17,chosen
japonica,1350,17,chosen
valerian,1348.297,17,chosen
coast,1347.376,17,chosen
canine,1347.044,17,chosen
modified,1343.993,17,chosen
uncovered,1341.841,17,chosen
video,1340.021,17,chosen
wheelwright,1339.338,17,chosen
catalpa,1337.037,17,chosen
turtle,1336.636,17,chosen
sessile,1336,17,chosen
insert,1334.287,17,chosen
dove,1330.023,17,chosen
marginal,1329.078,17,chosen
navy,1325.327,17,chosen
zither,1324.024,17,chosen
cedar,1322.271,17,chosen
leak,1322.176,17,chosen
guest,1321.325,17,chosen
pike,1321.237,17,chosen
carpenter,1318.337,17,chosen
tar,1313.313,17,chosen
unseen,1312.962,17,chosen
loop,1310.766,17,chosen
meter,1310.047,17,chosen
rodeo,1308.307,17,chosen
earliest,1307.256,17,chosen
parasite,1306.906,17,chosen
dispute,1306.008,17,chosen
savage,1305.355,17,chosen
approve,1302.108,17,chosen
roast,1300.489,17,chosen
mora,1300.087,17,chosen
cock,1300.001,17,chosen
coal,1299.622,17,chosen
metro,1299.298,17,chosen
flint,1298.147,17,chosen
echo,1294.911,17,chosen
spray,1294.101,17,chosen
student,1293.631,17,chosen
steer,1292.004,17,chosen
ache,1289.28,17,chosen
quarry,1289.221,17,chosen
barrier,1288.492,17,chosen
vulture,1284.461,17,chosen
pavement,1284.283,17,chosen
almond,1283.654,17,chosen
toward,1283.17,17,chosen
alcohol,1283.089,17,chosen
cylinder,1280.38,17,chosen
unstained,1280.279,17,chosen
chalk,1280.18,17,chosen
plague,1275.975,17,chosen
unknown,1269.268,17,chosen
prince,1267.208,17,chosen
arena,1265.265,17,chosen
flock,1262.014,17,chosen
tent,1259.515,17,chosen
rook,1259.258,17,chosen
role,1258.064,17,chosen
stir,1255.015,17,chosen
camera,1254.062,17,chosen
funereal,1252.201,17,chosen
restharrow,1252.051,17,chosen
covering,1250.579,17,chosen
freeze,1250.013,17,chosen
talent,1250.005,17,chosen
concern,1250.002,17,chosen
deny,1250.002,17,chosen
andron,1250,17,chosen
stockade,1250,17,chosen
crazy,1248.615,17,chosen
stock,1238.69,17,chosen
trunk,1232.063,17,chosen
appendage,1231,17,chosen
ribbon,1230,17,chosen
oyster,1229.228,17,chosen
shirt,1229.184,17,chosen
diverging,1228.978,17,chosen
nice,1228.444,17,chosen
surgery,1226.032,17,chosen
buckthorn,1223.706,17,chosen
breeze,1220.962,17,chosen
bachelor,1215.915,17,chosen
jagged,1215.164,17,chosen
mange,1214.214,17,chosen
brine,1210.159,17,chosen
spouse,1209.016,17,chosen
chase,1208.003,17,chosen
lap,1204.053,17,chosen
weep,1202,17,chosen
spend,1200.013,17,chosen
scare,1200.009,17,chosen
spell,1200.008,17,chosen
flavor,1200.007,17,chosen
program,1200.006,17,chosen
rim,1200.002,17,chosen
flap,1200.001,17,chosen
gradual,1200.001,17,chosen
unaccustomed,1197.146,18,chosen
altar,1195.345,18,chosen
culture,1195.202,18,chosen
coffee,1194.145,18,chosen
relief,1192.346,18,chosen
strait,1191.09,18,chosen
homestead,1189.159,18,chosen
triumph,1188.187,18,chosen
hellebore,1187.387,18,chosen
dim,1186.056,18,chosen
sovereign,1186.036,18,chosen
dough,1182.833,18,chosen
history,1179.083,18,chosen
woodland,1172.291,18,chosen
siege,1172.072,18,chosen
lamp,1171.598,18,chosen
candidate,1169.168,18,chosen
cling,1168.518,18,chosen
tub,1166.269,18,chosen
adjoining,1163.813,18,chosen
scratch,1163.454,18,chosen
lace,1162.451,18,chosen
fortress,1161.01,18,chosen
adjacent,1159.909,18,chosen
humble,1158.162,18,chosen
tortoise,1153.503,18,chosen
domain,1152.151,18,chosen
gentleman,1150.051,18,chosen
wake,1150.004,18,chosen
gull,1150.001,18,chosen
hypericon,1150,18,chosen
ooze,1150,18,chosen
fund,1144.149,18,chosen
purslane,1142.692,18,chosen
canoe,1139.088,18,chosen
guy,1137.739,18,chosen
reptile,1136.242,18,chosen
reform,1135.134,18,chosen
butcher,1134.934,18,chosen
merchant,1130,18,chosen
deadnettle,1128.578,18,chosen
squad,1127.126,18,chosen
cuttlefish,1125.402,18,chosen
vapor,1125.125,18,chosen
fellow,1122.114,18,chosen
clam,1120.02,18,chosen
bench,1115.915,18,chosen
cod,1115.115,18,chosen
ounce,1111.711,18,chosen
vow,1110.513,18,chosen
yesterday,1109.959,18,chosen
interior,1105.104,18,chosen
reef,1104.032,18,chosen
log,1103.228,18,chosen
comparative,1102.752,18,chosen
success,1100.058,18,chosen
brief,1100.009,18,chosen
theater,1100.003,18,chosen
caryopteris,1100,18,chosen
divaricata,1100,18,chosen
hack,1100,18,chosen
slab,1098.097,18,chosen
ferry,1097.647,18,chosen
guava,1094.109,18,chosen
ore,1093.854,18,chosen
banco,1093.092,18,chosen
candy,1091.431,18,chosen
mess,1086.108,18,chosen
scene,1086.009,18,chosen
benefit,1083.088,18,chosen
jug,1076.803,18,chosen
boss,1071.023,18,chosen
magpie,1070.52,18,chosen
sambuca,1068,18,chosen
ember,1067,18,chosen
peninsula,1066.015,18,chosen
glance,1065.07,18,chosen
float,1064.071,18,chosen
laboratory,1064.037,18,chosen
excellent,1063.213,18,chosen
debt,1057.295,18,chosen
quarrel,1050.25,18,chosen
messenger,1050.049,18,chosen
glutinous,1050,18,chosen
peeled,1050,18,chosen
orchard,1046.793,18,chosen
mimic,1046.739,18,chosen
myrrh,1046.646,18,chosen
tomb,1046.599,18,chosen
cheat,1045.998,18,chosen
perennial,1044.544,18,chosen
rage,1043.024,18,chosen
column,1040.24,18,chosen
slim,1039.493,18,chosen
rat,1034.717,18,chosen
moustache,1033.983,18,chosen
radiant,1033.733,18,chosen
mockery,1031.03,18,chosen
judgment,1027.026,18,chosen
widow,1024.324,18,chosen
polje,1024.023,19,chosen
coltsfoot,1023.973,19,chosen
august,1022.972,19,chosen
quadrangular,1021.671,19,chosen
fleabane,1019.819,19,chosen
sauce,1019.346,19,chosen
struggle,1019.207,19,chosen
chart,1019.026,19,chosen
wasteland,1010.742,19,chosen
brood,1009.048,19,chosen
midday,1006,19,chosen
rescue,1004.006,19,chosen
commune,1004.003,19,chosen
baneberry,1001.301,19,chosen
explain,1001.009,19,chosen
melia,1001,19,chosen
seal,1000.172,19,chosen
poll,1000.075,19,chosen
reduce,1000.022,19,chosen
10^3,1000.015,19,chosen
vote,1000.011,19,chosen
religion,1000.01,19,chosen
vision,1000.009,19,chosen
usual,1000.009,19,chosen
regret,1000.008,19,chosen
ahead,1000.007,19,chosen
infect,1000.006,19,chosen
version,1000.006,19,chosen
panel,1000.005,19,chosen
spit,1000.005,19,chosen
scholar,1000.002,19,chosen
compete,1000.001,19,chosen
demon,1000,19,chosen
phenomenon,1000,19,chosen
lukewarm,1000,19,chosen
duckweed,1000,19,chosen
beakstalk,1000,19,chosen
rhomboidal,997.597,19,chosen
oread,997.197,19,chosen
restaurant,994.994,19,chosen
bellows,993.793,19,chosen
stalemate,991.991,19,chosen
cottage,989.954,19,chosen
corroded,983.633,19,chosen
grant,981.035,19,chosen
collapse,980.782,19,chosen
tap,980.186,19,chosen
fetter,980.13,19,chosen
bagatelle,979.979,19,chosen
indigo,978.628,19,chosen
commercial,976.976,19,chosen
unusual,975.575,19,chosen
dagger,970.47,19,chosen
bipinnate,969.369,19,chosen
fee,969.174,19,chosen
floccose,966.566,19,chosen
plug,965.028,19,chosen
lame,964.614,19,chosen
remain,961.317,19,chosen
tide,961.069,19,chosen
pregnant,958.759,19,chosen
spelt,957.587,19,chosen
dive,955.108,19,chosen
snare,951.951,19,chosen
burnet,951.501,19,chosen
challenge,951.074,19,chosen
product,951.055,19,chosen
presiding,950.418,19,chosen
courteous,950,19,chosen
overflow,950,19,chosen
forerunner,950,19,chosen
garment,947.38,19,chosen
drain,945.048,19,chosen
fever,944.795,19,chosen
calvary,938.938,19,chosen
marigold,935.285,19,chosen
evil,933.394,19,chosen
granary,932.732,19,chosen
width,930.137,19,chosen
pose,925.7,19,chosen
mirage,923.923,19,chosen
train,923.031,19,chosen
kindled,920.919,19,chosen
turbine,920.061,19,chosen
brake,919.035,19,chosen
annex,917.059,19,chosen
stupid,915.716,19,chosen
balm,915.517,19,chosen
miserable,914.514,19,chosen
engine,913.318,19,chosen
neon,912.162,19,chosen
loyal,912.117,19,chosen
corn,911.527,19,chosen
chess,910.01,19,chosen
oven,904.705,19,chosen
cue,904.655,19,chosen
disaster,903.505,19,chosen
additionally,902.902,19,chosen
spark,902.504,19,chosen
deceit,902.356,19,chosen
drama,901.703,20,chosen
salad,901.702,20,chosen
perform,900.035,20,chosen
patient,900.005,20,chosen
pious,900,20,chosen
esteem,900,20,chosen
visit,898.302,20,chosen
burdock,898.298,20,chosen
inn,897.152,20,chosen
anvil,894.694,20,chosen
brick,892.343,20,chosen
neat,890.094,20,chosen
garret,889.439,20,chosen
mullah,888.888,20,chosen
latticed,888.788,20,chosen
globule,888.738,20,chosen
bucket,886.586,20,chosen
jet,886.103,20,chosen
hermitage,879.879,20,chosen
lever,875.127,20,chosen
superior,873.061,20,chosen
phile,873,20,chosen
furnace,871.672,20,chosen
cream,870.342,20,chosen
paste,870.32,20,chosen
couple,867.469,20,chosen
vulgar,867,20,chosen
chat,865.845,20,chosen
flaw,865.269,20,chosen
hatch,864.666,20,chosen
zoo,861.861,20,chosen
spire,861.061,20,chosen
satyr,857.857,20,chosen
argue,855.007,20,chosen
guardian,852.202,20,chosen
courage,850.005,20,chosen
tension,850.004,20,chosen
swear,850.003,20,chosen
persuade,850.002,20,chosen
yield,850.002,20,chosen
gardenia,850,20,chosen
trot,849.787,20,chosen
conquer,849.65,20,chosen
devil,846.846,20,chosen
blacksmith,843.843,20,chosen
hostile,843.644,20,chosen
arc,843.246,20,chosen
grotto,839.839,20,chosen
supervise,839.442,20,chosen
mania,839.001,20,chosen
pyramid,837.787,20,chosen
verse,832.086,20,chosen
moisture,831.036,20,chosen
colonial,830.83,20,chosen
pottery,826.276,20,chosen
relax,826.126,20,chosen
groove,823.374,20,chosen
grease,823.174,20,chosen
savanna,822.822,20,chosen
organism,821.025,20,chosen
depot,820.82,20,chosen
lightning,817.557,20,chosen
fossil,817.22,20,chosen
woven,816.566,20,chosen
bloc,815.815,20,chosen
geometer,813.813,20,chosen
medina,813.813,20,chosen
comfort,813.18,20,chosen
fashion,813.007,20,chosen
wick,811,20,chosen
aspen,809.809,20,chosen
heel,809.61,20,chosen
attitude,808.012,20,chosen
anal,802.802,20,chosen
ancestor,802.203,20,chosen
invite,801.005,20,chosen
hayrack,801,20,chosen
beribboned,800.75,20,chosen
blend,800.009,20,chosen
clash,800.006,20,chosen
option,800.006,20,chosen
situation,800.006,20,chosen
snack,800.006,20,chosen
gauge,800.005,20,chosen
mate,800.005,20,chosen
temperature,800.005,20,chosen
ceremony,800.005,20,chosen
alloy,800.004,20,chosen
earn,800.004,20,chosen
pretty,800.004,20,chosen
sac,800.004,20,chosen
status,800.004,20,chosen
dart,800.001,20,chosen
census,800,20,chosen
luxuriant,800,20,chosen
pennycress,800,20,chosen
curry,796.299,20,chosen
threat,796.007,20,chosen
absolute,794.062,20,chosen
lava,792.492,20,chosen
pelican,789.789,21,chosen
pus,789.19,21,chosen
ease,787.542,21,chosen
fleetfooted,786.536,21,chosen
lost,785.485,21,chosen
bast,784.784,21,chosen
hazelnut,784.001,21,chosen
oregano,782.482,21,chosen
germane,781.781,21,chosen
antiderivative,779.779,21,chosen
fry,773.002,21,chosen
currency,770,21,chosen
geeky,767.767,21,chosen
aqueduct,767.667,21,chosen
warrior,766.516,21,chosen
irrigate,765,21,chosen
unguiculate,761.511,21,chosen
current,761.071,21,chosen
raphe,759.559,21,chosen
ledge,759.361,21,chosen
sport,759.334,21,chosen
nunatak,757.757,21,chosen
strict,757.058,21,chosen
decussated,756.706,21,chosen
morphine,756.006,21,chosen
breed,755.308,21,chosen
dandy,755.256,21,chosen
arable,754.672,21,chosen
diet,754.106,21,chosen
linen,750.2,21,chosen
flip,750.003,21,chosen
saffron,750,21,chosen
angle.,750,21,chosen
bosom,750,21,chosen
anhui,750,21,chosen
dichotomous,750,21,chosen
evergreen,750,21,chosen
enmesh,750,21,chosen
leucaena,750,21,chosen
skull,748.35,21,chosen
potato,746.204,21,chosen
sought,744.644,21,chosen
spar,743.093,21,chosen
pocket,742.543,21,chosen
distress,741.141,21,chosen
investigate,737.188,21,chosen
snarl,737,21,chosen
woodpecker,736.586,21,chosen
welcome,730.137,21,chosen
gamble,729.118,21,chosen
debate,729.031,21,chosen
chair,728.079,21,chosen
unite,726.001,21,chosen
glacier,725.725,21,chosen
hyacinth,725.725,21,chosen
vest,721.721,21,chosen
destitute,721.671,21,chosen
tag,721.076,21,chosen
frank,720.708,21,chosen
campanile,719.719,21,chosen
cellar,719.669,21,chosen
woad,719.319,21,chosen
unpleasant,718.468,21,chosen
fracture,716.166,21,chosen
sum,715.101,21,chosen
orphan,714.664,21,chosen
excavated,713.713,21,chosen
insatiable,713.013,21,chosen
funnel,712.563,21,chosen
ebb,711.195,21,chosen
flash,711.017,21,chosen
march,710.113,21,chosen
youth,709.823,21,chosen
consume,708.209,21,chosen
cairn,707.707,21,chosen
cooperate,707.657,21,chosen
sect,707.058,21,chosen
stipulated,704,21,chosen
cereal,701.002,21,chosen
final,700.092,21,chosen
ic,700,21,chosen
arborophila,700,21,chosen
commerce,700,21,chosen
carassius,700,21,chosen
auratus,700,21,chosen
boulevard,698.698,21,chosen
week,697.102,21,chosen
robot,693.295,21,chosen
sheikh,692.692,21,chosen
athlete,692.493,21,chosen
cruise,691.691,21,chosen
pestle,691.541,21,chosen
aunt,691.391,21,chosen
gazebo,690.69,21,chosen
hospital,690.571,21,chosen
grudge,686.487,21,chosen
relay,683.683,21,chosen
prostitute,683.531,21,chosen
conceal,683.438,21,chosen
associate,682.483,21,chosen
excite,681.034,22,chosen
sharpened,680.48,22,chosen
dune,678.678,22,chosen
mignonette,678.528,22,chosen
daphne,677.077,22,chosen
reserve,675,22,chosen
beaver,674.674,22,chosen
loss,673.673,22,chosen
sweat,673.078,22,chosen
sacrament,672.672,22,chosen
spurge,669.269,22,chosen
cricket,668.306,22,chosen
ling,667.667,22,chosen
concord,665.665,22,chosen
toilet,663.067,22,chosen
chimney,662.662,22,chosen
ape,662.262,22,chosen
gong,661.361,22,chosen
discharge,660.66,22,chosen
sexual,660.163,22,chosen
tobacco,656.299,22,chosen
helleborine,655.155,22,chosen
inverted,654.554,22,chosen
ugly,652.352,22,chosen
rampart,650.976,22,chosen
crag,650.35,22,chosen
upset,650.006,22,chosen
viscous,650,22,chosen
meridian,649.649,22,chosen
steam,649.35,22,chosen
marten,648.436,22,chosen
ebony,647.497,22,chosen
popular,646.348,22,chosen
stab,646.005,22,chosen
umbilicate,645.645,22,chosen
pledge,645.147,22,chosen
bias,642.046,22,chosen
opera,641.474,22,chosen
fleece,639.239,22,chosen
premiere,637.637,22,chosen
rifle,634.236,22,chosen
wreath,632.232,22,chosen
couch,631.559,22,chosen
hyperborean,630.48,22,chosen
corridor,627.027,22,chosen
manure,625.525,22,chosen
reward,625.131,22,chosen
doll,624.624,22,chosen
fright,622.073,22,chosen
roughened,620.42,22,chosen
statue,614.415,22,chosen
skunk,613.613,22,chosen
industry,613.294,22,chosen
employ,612.015,22,chosen
fault,612.015,22,chosen
nasal,610.61,22,chosen
panorama,610.61,22,chosen
font,610.361,22,chosen
hurry,610.207,22,chosen
author,610.004,22,chosen
accident,609.212,22,chosen
surprise,609.018,22,chosen
identical,608.608,22,chosen
cashew,607.523,22,chosen
coconut,603.393,22,chosen
recommend,602.002,22,chosen
pomelo,601.001,22,chosen
signal,600.605,22,chosen
henna,600.6,22,chosen
partridge,600.47,22,chosen
factor,600.134,22,chosen
proper,600.022,22,chosen
symbol,600.01,22,chosen
fail,600.009,22,chosen
puzzle,600.009,22,chosen
conflict,600.008,22,chosen
information,600.006,22,chosen
virus,600.005,22,chosen
adjust,600.004,22,chosen
computer,600.004,22,chosen
demand,600.004,22,chosen
impact,600.004,22,chosen
worship,600.004,22,chosen
mystery,600.004,22,chosen
allergy,600.003,22,chosen
gender,600.003,22,chosen
lesson,600.003,22,chosen
passion,600.003,22,chosen
skirt,600.002,22,chosen
comply,600.001,22,chosen
profane,600,22,chosen
rip,600,22,chosen
proliferous,600,22,chosen
furze,600,22,chosen
agitation,600,22,chosen
brigade,597.597,22,chosen
buoy,595.595,22,chosen
jack,593.086,22,chosen
walnut,592.957,22,chosen
squamulose,589.439,22,chosen
rake,587.237,23,chosen
refuse,587.044,23,chosen
buzzard,586.586,23,chosen
dredge,585.035,23,chosen
squeeze,584.091,23,chosen
estate,583.479,23,chosen
substitute,583.434,23,chosen
flexible,581.481,23,chosen
disperse,581.031,23,chosen
eclectic,579.579,23,chosen
coma,578.578,23,chosen
colonel,578.578,23,chosen
fundamental,577.577,23,chosen
amulet,575.575,23,chosen
submerge,575,23,chosen
solo,571.572,23,chosen
palmita,571.571,23,chosen
deceive,570.298,23,chosen
mica,566.566,23,chosen
marquis,566.516,23,chosen
collar,565.171,23,chosen
mixture,564.164,23,chosen
mama,563.313,23,chosen
soda,561.511,23,chosen
ngo,560.56,23,chosen
buzz,559.56,23,chosen
arrondissement,559.559,23,chosen
ceiling,558.258,23,chosen
caribou,557.557,23,chosen
truth,557.146,23,chosen
independence,554.554,23,chosen
immersed,554.404,23,chosen
habitat,551.451,23,chosen
slime,550.55,23,chosen
watt,550.152,23,chosen
fireplace,550.083,23,chosen
slight,550.006,23,chosen
regular,550.004,23,chosen
relationship,550.004,23,chosen
pellet,550.001,23,chosen
accumulate,550,23,chosen
pheasant,550,23,chosen
pudendum,550,23,chosen
acacia,550,23,chosen
martagon,550,23,chosen
radon,550,23,chosen
genkwa,550,23,chosen
tatars,550,23,chosen
tan,548.488,23,chosen
cavern,547.197,23,chosen
plinth,546.446,23,chosen
sigh,546.296,23,chosen
macho,544.544,23,chosen
quadrangle,542.242,23,chosen
nephew,541.541,23,chosen
content,541.144,23,chosen
chaparral,540.54,23,chosen
kindergarten,540.54,23,chosen
terror,540.341,23,chosen
ascent,539.539,23,chosen
idiot,539.489,23,chosen
thought,538.238,23,chosen
pita,535.535,23,chosen
maritime,534.534,23,chosen
hajj,532.532,23,chosen
tributary,532.532,23,chosen
liana,530.53,23,chosen
perch,530.28,23,chosen
truncated,530.18,23,chosen
pride,526.078,23,chosen
stroll,526.002,23,chosen
frankincense,524.524,23,chosen
serpent,524.11,23,chosen
habit,524.076,23,chosen
pebble,523.423,23,chosen
panther,520.404,23,chosen
mask,520.125,23,chosen
bounce,519.125,23,chosen
friar,518.518,23,chosen
bolivar,518.518,23,chosen
brand,518.002,23,chosen
bot,517.517,23,chosen
public,517.085,23,chosen
accuse,517.021,23,chosen
develop,516.12,23,chosen
accent,516.117,23,chosen
sibling,516.018,23,chosen
temper,515.016,23,chosen
spade,514.001,23,chosen
weather,513.074,23,chosen
abundance,509.409,23,chosen
sculpture,507.507,23,chosen
phase,507.109,23,chosen
account,506.058,23,chosen
lunulate,505.505,23,chosen
quartz,505.505,23,chosen
corregimiento,505.505,23,chosen
society,505.004,23,chosen
dine,504.003,23,chosen
waterfall,503.066,23,chosen
unadorned,502.452,24,chosen
excuse,502.004,24,chosen
empire,501.501,24,chosen
bumblebee,501.501,24,chosen
deaf,500.45,24,chosen
soothe,500.005,24,chosen
represent,500.003,24,chosen
tablet,500.001,24,chosen
cleanse,500,24,chosen
consanguineous,500,24,chosen
krypton,500,24,chosen
peperomia,500,24,chosen
heron,500,24,chosen
coir,500,24,chosen
bewitch,500,24,chosen
majestic,500,24,chosen
limnophilous,500,24,chosen
nutrition,500,24,chosen
tamarind,499.499,24,chosen
rite,499.25,24,chosen
academy,498.488,24,chosen
shit,498.448,24,chosen
rob,498.303,24,chosen
shrew,497.497,24,chosen
warehouse,492.492,24,chosen
disagreeing,492.442,24,chosen
heteroclitic,492.192,24,chosen
amine,491.491,24,chosen
texture,491.002,24,chosen
interwoven,490.44,24,chosen
uncertainty,489.489,24,chosen
studio,489.489,24,chosen
prefecture,489.339,24,chosen
establish,489.19,24,chosen
rocket,489.04,24,chosen
captain,487.288,24,chosen
stack,486.089,24,chosen
girdle,485.385,24,chosen
controversial,485.285,24,chosen
incense,485.235,24,chosen
festival,485.171,24,chosen
cache,483.483,24,chosen
fang,483.483,24,chosen
azalea,483.433,24,chosen
lying,482.063,24,chosen
sphinx,481.481,24,chosen
credit,481.282,24,chosen
kit,481.282,24,chosen
alkali,480.48,24,chosen
income,479.081,24,chosen
main,479.032,24,chosen
complain,479.003,24,chosen
ksar,478.478,24,chosen
unmarried,477.477,24,chosen
scammony,476.476,24,chosen
cider,476.476,24,chosen
servant,476.376,24,chosen
cucumber,476.327,24,chosen
cheap,475.125,24,chosen
avoid,475.016,24,chosen
moraine,474.474,24,chosen
official,474.03,24,chosen
defect,473.173,24,chosen
hint,472.077,24,chosen
maxwell,471.471,24,chosen
symmetric,471.421,24,chosen
enemy,471.025,24,chosen
toga,470.47,24,chosen
rag,469.169,24,chosen
frog,469.12,24,chosen
burden,469.072,24,chosen
extract,468.27,24,chosen
napkin,467.317,24,chosen
char,465.466,24,chosen
henbane,464.164,24,chosen
sin,464.16,24,chosen
did,462.462,24,chosen
nook,462.462,24,chosen
decay,459.016,24,chosen
cotoneaster,459.009,24,chosen
suburb,458.308,24,chosen
tough,457.463,24,chosen
abbot,456.406,24,chosen
electoral,455.455,24,chosen
professor,455.455,24,chosen
squirrel,454.354,24,chosen
stance,454.056,24,chosen
oriole,452.152,24,chosen
puppet,452.054,24,chosen
durian,451.451,24,chosen
condor,451.451,24,chosen
enjoy,451.006,24,chosen
mogote,450.45,24,chosen
inspire,450.014,24,chosen
involve,450.005,24,chosen
medium,450.003,24,chosen
poke,450.003,24,chosen
scheme,450.001,24,chosen
bathe,450,24,chosen
calcium,450,24,chosen
20,450,25,chosen
pallidum,450,25,chosen
humulus,450,25,chosen
cistanche,450,25,chosen
deserticola,450,25,chosen
diabetes,450,25,chosen
junta,448.448,25,chosen
beanie,448.448,25,chosen
elbow,446.446,25,chosen
mature,446.248,25,chosen
impassable,445.445,25,chosen
dent,445.246,25,chosen
pony,444.288,25,chosen
affair,444.044,25,chosen
hearth,443.443,25,chosen
mink,441.441,25,chosen
monk,440.431,25,chosen
cultivate,440,25,chosen
steward,439.19,25,chosen
romance,439.002,25,chosen
strand,439.002,25,chosen
hero,438.179,25,chosen
columnar,435.335,25,chosen
orifice,434.434,25,chosen
convince,434.037,25,chosen
bulrush,433.265,25,chosen
physical,433.007,25,chosen
gin,432.423,25,chosen
gang,432.233,25,chosen
annoy,432.038,25,chosen
distorted,431.431,25,chosen
unsuitable,430.43,25,chosen
basilica,429.429,25,chosen
asphodel,428.326,25,chosen
boor,428.128,25,chosen
bribe,426.01,25,chosen
estuary,425.414,25,chosen
scan,425.028,25,chosen
improve,425.02,25,chosen
truck,423.407,25,chosen
departure,421.371,25,chosen
assign,420.024,25,chosen
assist,420,25,chosen
trout,419.401,25,chosen
blaze,419.021,25,chosen
isolate,418.421,25,chosen
souq,418.418,25,chosen
renaissance,418.418,25,chosen
avenue,417.417,25,chosen
esparto,417.367,25,chosen
educational,416.416,25,chosen
vesiculose,416.266,25,chosen
modest,414.166,25,chosen
access,414.017,25,chosen
constancy,413.413,25,chosen
kilo,413.413,25,chosen
crop,413.263,25,chosen
blink,413.161,25,chosen
educate,413.016,25,chosen
plastic,412.016,25,chosen
rinse,412.014,25,chosen
noose,411.411,25,chosen
reindeer,411.406,25,chosen
hip,411.363,25,chosen
emperor,410.41,25,chosen
occupy,410.012,25,chosen
pace,409.003,25,chosen
thumb,408.408,25,chosen
republic,408.408,25,chosen
filth,408.393,25,chosen
reply,408.011,25,chosen
intercontinental,406.406,25,chosen
nebula,405.155,25,chosen
eunuch,404.404,25,chosen
multiform,404.354,25,chosen
pyre,404.254,25,chosen
sandwich,404.205,25,chosen
nourishing,403.345,25,chosen
trifle,403.303,25,chosen
ghetto,402.402,25,chosen
jail,402.203,25,chosen
hug,401.203,25,chosen
moral,401.007,25,chosen
dragonfly,400.498,25,chosen
rid,400.475,25,chosen
forgive,400.472,25,chosen
theory,400.015,25,chosen
10^2,400.011,25,chosen
rude,400.01,25,chosen
warn,400.006,25,chosen
award,400.004,25,chosen
glide,400.004,25,chosen
sort,400.004,25,chosen
spill,400.004,25,chosen
swap,400.004,25,chosen
teen,400.004,25,chosen
loyalty,400.004,25,chosen
clump,400.003,25,chosen
enlist,400.003,25,chosen
occur,400.003,25,chosen
funeral,8759.087,26,chosen
tease,400.003,26,chosen
theme,400.003,26,chosen
twitch,400.003,26,chosen
alike,400.002,26,chosen
brace,400.002,26,chosen
commotion,400.002,26,chosen
diagnose,400.002,26,chosen
earnest,400.002,26,chosen
familiar,400.002,26,chosen
gaze,400.002,26,chosen
grade,400.002,26,chosen
intent,400.002,26,chosen
pardon,400.002,26,chosen
projection,400.002,26,chosen
qualify,400.002,26,chosen
scope,400.002,26,chosen
script,400.002,26,chosen
session,400.002,26,chosen
spout,400.002,26,chosen
thorough,400.002,26,chosen
vacation,400.002,26,chosen
chaos,400.002,26,chosen
honest,400.002,26,chosen
uterus,400.002,26,chosen
sterile,400.001,26,chosen
enlighten,400,26,chosen
rupture,400,26,chosen
held,400,26,chosen
pittosporum,400,26,chosen
expenses,400,26,chosen
orangutan,400,26,chosen
rhino,400,26,chosen
angelica,400,26,chosen
centaurium,400,26,chosen
tendon,400,26,chosen
hoe,399.299,26,chosen
defense,399.204,26,chosen
romano,398.398,26,chosen
heroin,397.397,26,chosen
dollar,396.396,26,chosen
sanctuary,396.396,26,chosen
husband,394.394,26,chosen
forbid,394.248,26,chosen
wed,394.148,26,chosen
residence,392.392,26,chosen
clinic,392.392,26,chosen
sombrero,391.391,26,chosen
mug,391.142,26,chosen
fierce,389.341,26,chosen
gulp,388.393,26,chosen
admire,388.288,26,chosen
mildew,388.038,26,chosen
synagogue,386.386,26,chosen
uncompleted,386.336,26,chosen
wrestler,385.385,26,chosen
piano,383.383,26,chosen
hyena,383.333,26,chosen
velvet,381.381,26,chosen
hieroglyphic,380.38,26,chosen
discordant,380.38,26,chosen
pinch,379.08,26,chosen
egret,374.024,26,chosen
staff,373.003,26,chosen
hexagonal,372.272,26,chosen
dill,372.272,26,chosen
flatter,372.173,26,chosen
witness,372.173,26,chosen
fragment,372.124,26,chosen
sofa,371.371,26,chosen
nocturnal,371.321,26,chosen
flight,371.162,26,chosen
parakeet,370.37,26,chosen
caid,369.369,26,chosen
aloe,369.319,26,chosen
acute,369.169,26,chosen
musk,369.019,26,chosen
solace,367.367,26,chosen
emptiness,366.366,26,chosen
honeysuckle,366.266,26,chosen
fasten,366.07,26,chosen
dike,365.265,26,chosen
ignore,365.167,26,chosen
spontaneous,364.365,26,chosen
cement,363.358,26,chosen
reaper,362.362,26,chosen
geometrical,362.262,26,chosen
alley,361.361,26,chosen
beggar,361.361,26,chosen
pukara,359.359,26,chosen
swept,359.359,26,chosen
pisiform,359.159,26,chosen
mediocre,358.358,26,chosen
aerodrome,358.358,26,chosen
zawiya,358.358,26,chosen
goblin,357.357,26,chosen
intense,354.006,26,chosen
pomace,354,26,chosen
draft,352.252,26,chosen
transfer,351.049,26,chosen
crash,351.041,27,chosen
beer,350.659,27,chosen
pretend,350.294,27,chosen
earthworm,350.186,27,chosen
player,350.184,27,chosen
grasshopper,350.019,27,chosen
fade,350.003,27,chosen
resist,350.002,27,chosen
entire,350.002,27,chosen
container,350,27,chosen
obtain,350,27,chosen
odeon,350,27,chosen
triumphant,350,27,chosen
stelleriana,350,27,chosen
inlay,350,27,chosen
hardwood,350,27,chosen
inkstone,350,27,chosen
pliable,350,27,chosen
seedlings,350,27,chosen
modius,350,27,chosen
his,350,27,chosen
kerria,350,27,chosen
cinquefoil,350,27,chosen
stipulate,350,27,chosen
christ,350,27,chosen
blanket,349.199,27,chosen
crocodile,349.051,27,chosen
fifty,348.347,27,chosen
jelly,348.15,27,chosen
poet,346.296,27,chosen
lunar,343.043,27,chosen
senate,341.289,27,chosen
hinge,341.141,27,chosen
prophet,340.341,27,chosen
atoll,340.34,27,chosen
stagnating,339.339,27,chosen
debris,339.14,27,chosen
leprosy,338.088,27,chosen
compatriot,336.336,27,chosen
maté,335.305,27,chosen
encampment,333.233,27,chosen
coward,333.183,27,chosen
gel,333.135,27,chosen
pet,332.092,27,chosen
ovary,332.033,27,chosen
patio,331.331,27,chosen
cheetah,330.33,27,chosen
archeological,330.33,27,chosen
backward,330.28,27,chosen
solar,330.23,27,chosen
occipital,329.323,27,chosen
mediator,327.327,27,chosen
dhow,327.327,27,chosen
apex,327.227,27,chosen
fenugreek,326.226,27,chosen
citadel,325.325,27,chosen
photo,325.022,27,chosen
bovine,323.223,27,chosen
slag,323.091,27,chosen
traverse,323.001,27,chosen
rig,322.094,27,chosen
pasha,321.321,27,chosen
perforated,321.271,27,chosen
quay,320.32,27,chosen
excelling,320.27,27,chosen
drunkenness,319.319,27,chosen
pustule,319.119,27,chosen
pillow,318.118,27,chosen
surge,318,27,chosen
salamander,317.317,27,chosen
forceps,317.267,27,chosen
lingual,317.246,27,chosen
jasper,316.316,27,chosen
lynx,316.316,27,chosen
adobe,316.316,27,chosen
communism,316.316,27,chosen
shot,316.316,27,chosen
vegetation,316,27,chosen
ingot,315.315,27,chosen
freedom,315.265,27,chosen
plenty,315.118,27,chosen
plaster,314.314,27,chosen
monarch,314.262,27,chosen
ceremonial,314.014,27,chosen
companion,314,27,chosen
mead,313.213,27,chosen
violent,313.102,27,chosen
corozo,311.311,27,chosen
venue,311.311,27,chosen
elite,311.311,27,chosen
harrow,311.158,27,chosen
roe,311.118,27,chosen
tomato,309.237,27,chosen
sensitive,309.111,27,chosen
grate,309.11,27,chosen
strive,309.001,27,chosen
emerge,308.208,27,chosen
primary,308.202,27,chosen
seminar,308.109,27,chosen
library,307.308,27,chosen
diabolic,306.306,28,chosen
diocese,306.306,28,chosen
splendid,306.006,28,chosen
president,305.305,28,chosen
pecan,305.305,28,chosen
nap,305.106,28,chosen
armadillo,303.303,28,chosen
corpse,303.286,28,chosen
tax,303.106,28,chosen
capybara,302.302,28,chosen
eighteen,301.301,28,chosen
hindered,301.151,28,chosen
evening,300.448,28,chosen
cinema,300.3,28,chosen
hemlock,300.249,28,chosen
personal,300.025,28,chosen
willing,300.023,28,chosen
odd,300.01,28,chosen
everywhere,300.009,28,chosen
moist,300.006,28,chosen
eyeball,300.006,28,chosen
seem,300.002,28,chosen
cot,300.001,28,chosen
mount,300.001,28,chosen
observe,300.001,28,chosen
typical,300.001,28,chosen
vault,300.001,28,chosen
colon,300.001,28,chosen
feces,300.001,28,chosen
citrus,300,28,chosen
constitute,300,28,chosen
procedure,300,28,chosen
nibble,300,28,chosen
incarnation,300,28,chosen
uproot,300,28,chosen
sassafras,300,28,chosen
tzumu,300,28,chosen
viviparous,300,28,chosen
pincers,300,28,chosen
withered,300,28,chosen
chinense,300,28,chosen
papyraceous,300,28,chosen
stonecrop,300,28,chosen
jiangxi,300,28,chosen
stricken,300,28,chosen
16,300,28,chosen
defendant,300,28,chosen
papyrus,300,28,chosen
profound,300,28,chosen
unborn,300,28,chosen
laoshan,300,28,chosen
drumstick,300,28,chosen
yi,300,28,chosen
mangifera,300,28,chosen
indica,300,28,chosen
numerary,300,28,chosen
adjunct,300,28,chosen
woof,300,28,chosen
hernia,300,28,chosen
basil,300,28,chosen
ginseng,300,28,chosen
cute,299.301,28,chosen
bleat,299.269,28,chosen
address,298.261,28,chosen
archipelago,297.297,28,chosen
ankle,297.247,28,chosen
ceramic,295.096,28,chosen
rein,295.046,28,chosen
burrow,294.295,28,chosen
pill,294.095,28,chosen
thrust,293.007,28,chosen
sardine,292.292,28,chosen
hank,291.291,28,chosen
pulpit,291.291,28,chosen
pending,291.141,28,chosen
graft,291,28,chosen
mustang,290.29,28,chosen
astringent,289.039,28,chosen
idle,288.288,28,chosen
discount,288.288,28,chosen
harvest,287.288,28,chosen
nightingale,287.287,28,chosen
dysentery,287.037,28,chosen
transitory,286.236,28,chosen
heifer,285.285,28,chosen
drowsiness,285.285,28,chosen
chakra,285.285,28,chosen
bleed,285.038,28,chosen
herd,285.03,28,chosen
extinguish,284.284,28,chosen
vulva,284.284,28,chosen
surrender,284.085,28,chosen
engraved,283.283,28,chosen
dinner,282.282,28,chosen
discover,282.083,28,chosen
downwards,282.082,28,chosen
goblet,282.032,28,chosen
police,281.268,28,chosen
navel,279.279,28,chosen
admirable,279.279,28,chosen
insure,13493,29,chosen
raid,810.029,29,chosen
gazelle,279.179,29,chosen
curse,279.082,29,chosen
chisel,278.128,29,chosen
tusk,277.277,29,chosen
anise,277.118,29,chosen
entertain,277.08,29,chosen
aquatic,277.077,29,chosen
seize,277.031,29,chosen
telegraph,276.276,29,chosen
esker,276.217,29,chosen
interstitial,275.275,29,chosen
puffin,275.275,29,chosen
hilar,275.275,29,chosen
pie,275.225,29,chosen
confluence,275.075,29,chosen
vat,274.174,29,chosen
ham,273.166,29,chosen
mackerel,272.272,29,chosen
hyperlink,272.272,29,chosen
paw,270.27,29,chosen
croup,270.27,29,chosen
basalt,270.27,29,chosen
arrest,270.02,29,chosen
taffeta,269.269,29,chosen
prim,269,29,chosen
mingled,268.168,29,chosen
lice,268.069,29,chosen
earthquake,268.018,29,chosen
scold,268.003,29,chosen
leu,267.267,29,chosen
oily,267.217,29,chosen
pencil,266.266,29,chosen
mutilated,265.265,29,chosen
abstain,265.016,29,chosen
bullet,264.264,29,chosen
despicable,264.264,29,chosen
had,264.264,29,chosen
disorder,264.164,29,chosen
pedestal,264.014,29,chosen
modern,263.264,29,chosen
equinoctial,263.213,29,chosen
cleaver,263.213,29,chosen
cannabis,262.262,29,chosen
direct,262.016,29,chosen
deprive,261.261,29,chosen
indeed,261.111,29,chosen
tripe,261.111,29,chosen
adorn,261.025,29,chosen
garage,259.259,29,chosen
indivisible,259.209,29,chosen
intangible,258.258,29,chosen
cartilage,258.058,29,chosen
sedan,258.008,29,chosen
chant,258.001,29,chosen
suburban,257.257,29,chosen
hectare,257.257,29,chosen
amphora,257.107,29,chosen
conger,257,29,chosen
ophthalmic,256.256,29,chosen
rapid,256.223,29,chosen
whitened,255.255,29,chosen
artisan,255.255,29,chosen
mode,255.056,29,chosen
vibrate,255.001,29,chosen
lookout,254.937,29,chosen
toast,254.056,29,chosen
article,254.054,29,chosen
receipt,253.253,29,chosen
rivet,253.108,29,chosen
lure,253.054,29,chosen
pursue,253,29,chosen
manse,252.052,29,chosen
grill,251.239,29,chosen
unnamed,251.201,29,chosen
greet,251.04,29,chosen
pail,251,29,chosen
peacock,250.786,29,chosen
butter,250.318,29,chosen
distaff,250.25,29,chosen
exile,250.2,29,chosen
hempen,250.167,29,chosen
capable,250.092,29,chosen
bun,250.051,29,chosen
melody,250.051,29,chosen
bet,250.046,29,chosen
rival,250.006,29,chosen
dissolve,250.003,29,chosen
sober,250.002,29,chosen
adequate,250.002,29,chosen
attempt,250.001,29,chosen
sane,250.001,29,chosen
scalp,250.001,29,chosen
squirm,250.001,29,chosen
cavity,250,29,chosen
rebellion,250,29,chosen
loropetalum,250,29,chosen
cartilaginous,250,29,chosen
caltrop,250,29,chosen
gudgeon,250,30,chosen
governess,250,30,chosen
vegetarian,250,30,chosen
diandrous,250,30,chosen
thunderclap,250,30,chosen
clove,250,30,chosen
ramiflorous,250,30,chosen
apetalous,250,30,chosen
repeatedly,250,30,chosen
barium,250,30,chosen
resolute,250,30,chosen
viburnum,250,30,chosen
signboard,250,30,chosen
varicolored,250,30,chosen
bane,250,30,chosen
fjord,249.249,30,chosen
loan,249.052,30,chosen
yell,249.022,30,chosen
temporal,248.148,30,chosen
sip,248.05,30,chosen
oath,248.049,30,chosen
novelty,247.247,30,chosen
foresee,247.05,30,chosen
prominent,247.048,30,chosen
solitude,246.246,30,chosen
crave,246.047,30,chosen
outwards,246,30,chosen
fuse,245.046,30,chosen
brilliant,245.045,30,chosen
zip,244.045,30,chosen
icon,244.011,30,chosen
forge,243.243,30,chosen
graphite,243.093,30,chosen
climate,243.044,30,chosen
bitch,242.242,30,chosen
nanny,242.242,30,chosen
impoverished,242.192,30,chosen
hoarse,242.142,30,chosen
shelf,242.045,30,chosen
jam,242.044,30,chosen
pedestrian,241.241,30,chosen
urn,241,30,chosen
mental,239.239,30,chosen
prosimian,239.239,30,chosen
lounge,239.239,30,chosen
piety,239.189,30,chosen
haze,238.039,30,chosen
bream,238.026,30,chosen
habitational,237.237,30,chosen
whore,237.237,30,chosen
graph,237.037,30,chosen
ballast,236.235,30,chosen
aspect,236.037,30,chosen
fathom,235.235,30,chosen
overthrown,235.235,30,chosen
colocynth,235.235,30,chosen
greaved,235.135,30,chosen
penalty,235.038,30,chosen
guano,234.234,30,chosen
tour,234.17,30,chosen
arnica,233.033,30,chosen
kohl,232.232,30,chosen
nopal,232.232,30,chosen
knight,231.233,30,chosen
grandpa,231.231,30,chosen
safari,231.231,30,chosen
tamandua,231.231,30,chosen
sunshine,231,30,chosen
flamingo,230.23,30,chosen
quiver,230.08,30,chosen
minister,230.031,30,chosen
nostril,229.179,30,chosen
circuit,229.003,30,chosen
kettle,228.228,30,chosen
agency,228.228,30,chosen
environment,228.033,30,chosen
porcelain,227.227,30,chosen
sluice,227.227,30,chosen
local,227.035,30,chosen
ointment,227.028,30,chosen
bryony,227.027,30,chosen
manitou,226.226,30,chosen
prestige,226.226,30,chosen
embarrass,226.028,30,chosen
latch,226.027,30,chosen
subscribe,226.016,30,chosen
transit,225.225,30,chosen
geyser,225.225,30,chosen
lash,225.026,30,chosen
comma,224.224,30,chosen
bogeyman,224.224,30,chosen
granny,224.224,30,chosen
anaconda,224.224,30,chosen
nomad,224.224,30,chosen
receding,224.174,30,chosen
prompt,224.026,30,chosen
shrine,224.025,30,chosen
coolie,223.223,30,chosen
amphitheatre,223.223,30,chosen
shatter,223.123,30,chosen
qadi,222.222,31,chosen
negro,222.081,31,chosen
dessert,222.023,31,chosen
hire,222.001,31,chosen
brie,221.221,31,chosen
silent,220.18,31,chosen
ambush,220.17,31,chosen
elevate,220.121,31,chosen
punch,220.001,31,chosen
envy,218.218,31,chosen
sergeant,218.218,31,chosen
marrow,218.114,31,chosen
darling,218.068,31,chosen
due,218.002,31,chosen
poultice,218,31,chosen
shawl,217.217,31,chosen
abandon,217.018,31,chosen
puppy,216.216,31,chosen
shako,216.216,31,chosen
cassette,216.216,31,chosen
promenade,216.216,31,chosen
mussel,216.216,31,chosen
negotiate,216.017,31,chosen
global,215.216,31,chosen
horehound,215.038,31,chosen
monopoly,215.016,31,chosen
stool,215.016,31,chosen
snatch,215.001,31,chosen
jute,214.214,31,chosen
silo,214.214,31,chosen
gaur,214.214,31,chosen
prism,214.164,31,chosen
motorcycle,214.164,31,chosen
tangle,214.057,31,chosen
decent,214.015,31,chosen
token,214.015,31,chosen
construct,213.014,31,chosen
trim,213.005,31,chosen
digest,213.003,31,chosen
emulate,213,31,chosen
cash,212.212,31,chosen
sabadilla,212.212,31,chosen
dovecote,212.212,31,chosen
buffalo,212.162,31,chosen
cockroach,212.112,31,chosen
cop,212.08,31,chosen
cuddle,212.001,31,chosen
coëst,212,31,chosen
fare,211.013,31,chosen
purchase,211.013,31,chosen
mush,211.012,31,chosen
agritourism,210.21,31,chosen
globe,210.21,31,chosen
dugout,210.21,31,chosen
comedy,210.012,31,chosen
clasp,210.011,31,chosen
remedy,210.011,31,chosen
vanilla,209.209,31,chosen
essay,209.01,31,chosen
toss,209.003,31,chosen
stud,209,31,chosen
labial,208.158,31,chosen
writhing,208.108,31,chosen
inscribed,207.207,31,chosen
spyder,207.207,31,chosen
vermiform,207.157,31,chosen
litter,207.155,31,chosen
rumor,207.009,31,chosen
exposure,207.008,31,chosen
upwards,207.007,31,chosen
artery,206.008,31,chosen
jaundiced,205.205,31,chosen
cusp,205.205,31,chosen
conquest,205.205,31,chosen
dude,205.205,31,chosen
particular,205.157,31,chosen
behavioural,203.203,31,chosen
ostrich,203.139,31,chosen
instruct,203.005,31,chosen
estimate,203.004,31,chosen
carrot,202.279,31,chosen
metalwright,202.202,31,chosen
penitentiary,202.202,31,chosen
wolverine,202.202,31,chosen
seductive,202.003,31,chosen
tofu,201.201,31,chosen
hose,201.201,31,chosen
vineyard,201.052,31,chosen
accelerate,201.002,31,chosen
reign,201.002,31,chosen
tawny,201,31,chosen
friendship,200.378,31,chosen
legal,200.377,31,chosen
wickerwork,200.355,31,chosen
fourfold,200.23,31,chosen
experiment,200.2,31,chosen
quest,200.2,31,chosen
spiritual,200.2,31,chosen
formal,200.027,31,chosen
fad,200.015,31,chosen
ton,200.01,32,chosen
fancy,200.009,32,chosen
amaze,200.008,32,chosen
exact,200.008,32,chosen
serious,200.008,32,chosen
10^6,200.005,32,chosen
cancel,200.005,32,chosen
suggest,200.005,32,chosen
tempt,200.005,32,chosen
tilt,200.005,32,chosen
average,200.004,32,chosen
pest,200.004,32,chosen
quake,200.004,32,chosen
sorry,200.004,32,chosen
strain,200.004,32,chosen
advantage,200.003,32,chosen
announce,200.003,32,chosen
awkward,200.003,32,chosen
generous,200.003,32,chosen
keen,200.003,32,chosen
mail,200.003,32,chosen
obvious,200.003,32,chosen
pee,200.003,32,chosen
preserve,200.003,32,chosen
refer,200.003,32,chosen
sled,200.003,32,chosen
tendency,200.003,32,chosen
tread,200.003,32,chosen
troop,200.003,32,chosen
allure,200.003,32,chosen
lineage,200.003,32,chosen
acquire,200.002,32,chosen
anxious,200.002,32,chosen
assurance,200.002,32,chosen
beg,200.002,32,chosen
bowel,200.002,32,chosen
calculate,200.002,32,chosen
disc,200.002,32,chosen
ego,200.002,32,chosen
evaluate,200.002,32,chosen
flinch,200.002,32,chosen
folk,200.002,32,chosen
fuss,200.002,32,chosen
mob,200.002,32,chosen
murmur,200.002,32,chosen
nucleus,200.002,32,chosen
owe,200.002,32,chosen
paddle,200.002,32,chosen
promote,200.002,32,chosen
quote,200.002,32,chosen
recognize,200.002,32,chosen
regard,200.002,32,chosen
spool,200.002,32,chosen
temporary,200.002,32,chosen
thaw,200.002,32,chosen
bowstring,200.002,32,chosen
addict,200.001,32,chosen
alter,200.001,32,chosen
amp,200.001,32,chosen
anesthetic,200.001,32,chosen
applause,200.001,32,chosen
assault,200.001,32,chosen
basis,200.001,32,chosen
blemish,200.001,32,chosen
blog,200.001,32,chosen
bully,200.001,32,chosen
champion,200.001,32,chosen
chunk,200.001,32,chosen
chute,200.001,32,chosen
clause,200.001,32,chosen
client,200.001,32,chosen
clip,200.001,32,chosen
commit,200.001,32,chosen
comparison,200.001,32,chosen
consequence,200.001,32,chosen
crew,200.001,32,chosen
critique,200.001,32,chosen
cube,200.001,32,chosen
dial,200.001,32,chosen
dread,200.001,32,chosen
enroll,200.001,32,chosen
erase,200.001,32,chosen
evacuate,200.001,32,chosen
expression,200.001,32,chosen
fantasy,200.001,32,chosen
fiction,200.001,32,chosen
flare,200.001,32,chosen
fowl,200.001,32,chosen
fraction,200.001,32,chosen
furniture,200.001,32,chosen
fuzz,200.001,32,chosen
giggle,200.001,32,chosen
grin,200.001,32,chosen
hum,200.001,32,chosen
humid,200.001,32,chosen
humor,200.001,32,chosen
impress,200.001,32,chosen
install,200.001,32,chosen
instinct,200.001,32,chosen
jerk,200.001,32,chosen
jewelry,200.001,33,chosen
jolt,200.001,33,chosen
journal,200.001,33,chosen
knuckle,200.001,33,chosen
lend,200.001,33,chosen
loft,200.001,33,chosen
masculine,200.001,33,chosen
motive,200.001,33,chosen
occasion,200.001,33,chosen
okay,200.001,33,chosen
package,200.001,33,chosen
parade,200.001,33,chosen
poop,200.001,33,chosen
porch,200.001,33,chosen
preach,200.001,33,chosen
profile,200.001,33,chosen
pronounce,200.001,33,chosen
propaganda,200.001,33,chosen
protest,200.001,33,chosen
puff,200.001,33,chosen
puncture,200.001,33,chosen
register,200.001,33,chosen
reputation,200.001,33,chosen
residue,200.001,33,chosen
routine,200.001,33,chosen
sensation,200.001,33,chosen
serum,200.001,33,chosen
sniff,200.001,33,chosen
spare,200.001,33,chosen
spasm,200.001,33,chosen
spawn,200.001,33,chosen
speck,200.001,33,chosen
splendor,200.001,33,chosen
sponsor,200.001,33,chosen
stash,200.001,33,chosen
succeed,200.001,33,chosen
sync,200.001,33,chosen
translate,200.001,33,chosen
tremor,200.001,33,chosen
trend,200.001,33,chosen
tutor,200.001,33,chosen
verify,200.001,33,chosen
violate,200.001,33,chosen
ware,200.001,33,chosen
indulge,200,33,chosen
orient,200,33,chosen
tropical,200,33,chosen
loveable,200,33,chosen
conjunction,200,33,chosen
heterogeneous,200,33,chosen
tentacle,200,33,chosen
trillium,200,33,chosen
shove,200,33,chosen
ambrosia,200,33,chosen
frugal,200,33,chosen
convolvulus,200,33,chosen
candelabrum,200,33,chosen
aconite,200,33,chosen
tinkling,200,33,chosen
shoemakers,200,33,chosen
entwine,200,33,chosen
clematis,200,33,chosen
bountiful,200,33,chosen
crackle,200,33,chosen
variety,200,33,chosen
bivalves,200,33,chosen
wintergreen,200,33,chosen
pedicel,200,33,chosen
speedwell,200,33,chosen
eliminate,200,33,chosen
coronarium,200,33,chosen
