term,occurrences,forms
to inhabit,33030,4823
bristle,30807,4123
appearance,26441,2537
half,26211,3960
goldenfleece,25809,24
hedgehog,22608,3500
holm oak,21685,1134
vermilion,16881,2482
supportive,16313,2903
fawn,14301,3173
bramble,14068,63
variegated,13429,1097
el,13222,2506
opus,13095,951
southern,12119,102
nape,11838,1195
marl,11734,1029
sporus,11712,1786
arum,11616,803
forehead,11559,1052
beautiful,11552,391
zeus,11356,2541
carrier,11322,512
dotted,11255,1260
grey,11173,1848
related,11070,3035
sedge,11064,276
adjectival,11016,1174
pore,10813,1435
io,10813,2352
intermediate,10366,34
whiten,10249,1493
leah,10175,1260
african,9794,925
husk,9788,1389
prolonged,9556,209
sea lettuce,9400,575
mistress,9279,1078
yellow ochre,9244,1312
equal,9176,983
praenomen,9121,1414
rump,9109,1389
baris,9057,1343
nike,9036,1620
ic,9015,1783
shaggy,8870,423
eighth note,8822,852
ful,8787,640
vertebra,8448,19
first,8384,677
ivy,8348,46
water parsley,8289,1664
himalaya,8221,941
belly,8194,1073
bucket,8138,1765
double,8082,667
cl,8026,888
mono,7891,820
visible,7796,730
oaken,7784,98
temporal,7724,1421
hypericon,7710,797
hari,7615,425
reversal,7589,1305
beautiful,7434,654
pleural,7382,532
flint,7106,965
ker,7100,1242
urinary,7064,498
bicolored,7025,116
subordinate,6988,304
chilon,6967,895
ior,6947,749
tormenting,6947,2063
caria,6939,834
varied,6890,954
stigma,6843,896
indian,6841,86
naked,6820,596
ino,6796,882
belly,6761,680
struck,6719,390
neighbouring,6711,86
eastern,6528,12
turban,6452,303
bent,6400,363
twenty,6385,925
terrestrial,6370,980
dung,6320,89
ing,6310,1793
seres river,6305,1478
tadpole,6284,67
laevi,6253,437
lentil,6249,1435
cyme,6188,1107
asp,6138,723
actress,6077,1052
annual,6065,413
keos,6015,1242
willow,6003,257
augusta,5956,1131
acrid,5921,620
husked,5912,528
ochus,5902,540
ops,5887,686
ripening,5885,27
earliest,5880,946
alpine,5865,7
flea,5830,687
haploid,5823,533
jesus,5819,1220
fig tree,5770,330
appearance,5762,854
bristly,5720,7
gnat,5692,94
einkorn,5688,613
indeed,5612,1763
yoke,5611,478
oscillating,5607,260
october,5607,307
distress,5588,1058
gift,5587,984
gadfly,5562,111
olive,5504,572
mexican,5424,49
robe,5400,516
pebble,5378,674
serican,5371,475
ops,5353,1039
punctuated,5330,8
iole,5329,388
onyx,5305,525
garum,5303,1313
protuberance,5299,908
unity,5265,117
western,5261,6
celestial body,5244,266
pluto,5233,1303
-bearing,5199,394
cornel,5148,399
elias,5142,384
cubit,5141,825
scab,5138,493
trope,5103,570
roof,5095,379
verdant,5077,119
elecampane,5054,428
bleating,5049,880
irregular,5035,81
fetter,5028,593
dirphys,5025,869
tinder fungus,4973,32
oblique,4968,478
forelock,4909,842
reticulated,4905,7
lichen,4903,105
hammerhead shark,4812,22
tlos,4779,444
proclaim,4712,435
gait,4701,333
sinew,4683,675
eve,4682,522
sorrel,4681,590
census,4671,628
venus,4649,338
pious,4619,955
lance-bearing,4591,7
kettle,4571,34
aurochs,4569,434
dinah,4564,566
coccus,4551,485
bestial,4549,742
hunchbacked,4545,522
sexi,4542,525
tomis,4539,549
axletree,4533,476
acacia,4483,42
germanic tribe,4482,1215
caught,4465,276
chaste tree,4460,323
water plantain,4438,710
trachis,4435,355
wrestling,4397,353
galingale,4393,53
christ,4387,610
pleura,4385,616
bluish,4370,428
equipped,4358,64
maimed,4358,239
bristly,4356,5
fallow-land,4355,396
radon,4329,652
brazilian,4310,19
spotted,4303,405
having cilia,4277,261
-phile,4270,495
cloak,4270,316
chian wine,4269,763
thorax,4257,378
wagtail,4241,329
blond,4234,39
thracian,4224,405
rotatory,4212,339
ravenous hunger,4158,30
chinese,4147,66
idaean,4139,3883
thermodon,4116,745
acanthus,4101,1305
blanching,4100,244
minnow,4091,598
cush,4059,437
rejoiced,4047,12
millet,4036,13
sage,4024,44
eugenia,3995,15
heath,3976,159
peneus,3961,533
northern,3956,779
vetch,3945,562
arcade,3925,1136
tremate,3919,407
seining,3906,367
american,3886,20
miltwaste,3884,9
eyelid,3883,457
testicle,3876,167
celtici,3874,533
sibae,3873,685
pleasant,3871,247
tylos,3855,336
terrible,3832,1020
rhus,3826,452
golden,3821,154
belly,3817,601
depth,3815,351
levi,3813,667
jar,3806,535
went,3805,723
spindle,3803,258
yew,3799,285
californian,3795,36
whey,3768,369
shovel,3752,660
chinese,3745,144
hypius,3726,478
mace,3717,326
burial,3706,728
pearl,3700,189
occipital bone,3695,1585
iliad,3689,741
carvable,3685,404
indian,3681,541
apt,3674,164
com,3648,638
thee,3643,590
corioli,3643,552
sinus,3625,816
proto,3590,670
muscular,3576,446
brutal outrage,3567,444
ashen,3566,12
centaurea centaurium,3557,3
set aside,3536,26
chub,3510,461
beautiful,3497,281
nera,3496,732
barbel,3476,388
persephone,3475,260
maggot,3471,254
krypton,3462,361
marine,3461,59
enfolding,3460,131
taunt,3459,272
forceps,3435,210
cylon,3412,538
aunt,3410,387
thrifty,3398,242
fraud,3365,310
gentian,3360,27
ceaseless wandering,3360,691
cleft,3359,278
grey,3358,536
mina,3357,576
cicada,3345,102
rome,3329,561
peperomia,3314,8
made,3308,168
shaggy,3290,623
foliage,3286,125
northern,3285,27
arable,3284,393
turnip,3282,417
oleander,3271,3
cloak,3271,116
woodlouse,3265,462
berga,3225,891
bidirectional,3219,60
parsley,3219,530
darkening,3215,342
sage,3190,53
baiae,3190,652
fleece,3188,806
amenemhat,3182,630
threshing floor,3176,359
sora,3172,545
nisida,3169,612
mussel,3151,243
stature,3151,425
stellar,3142,295
garlic,3130,450
coconut,3127,570
pallidum,3125,419
spacious,3119,359
kernellous,3108,128
laundryman,3107,364
unarmed,3094,86
gudgeon,3094,335
bustard,3094,202
reprisal,3070,707
gala,3046,778
becoming blackish,3044,61
ductile,3038,79
toward,3032,396
shovel,3031,338
long-legged,3023,21
clio,3016,269
metope,2997,247
xenon,2993,534
unseen,2986,286
caius,2986,809
deceptive,2978,36
apex,2977,682
southeast wind,2966,519
laius,2961,678
beautiful,2953,6
mime,2947,119
ivory,2944,226
giga,2932,149
raphe,2903,341
mountaineer,2895,57
nourishment,2886,488
ode,2872,345
sylvan,2869,29
hoarseness,2868,641
cleft,2866,223
agitation,2864,166
cyclops,2859,132
gazelle,2847,37
neon,2838,594
double,2823,179
bent hams,2820,414
flay,2812,367
elliptical,2803,9
alpine,2801,282
enlargement,2798,116
panicle,2783,96
incense,2783,336
ovular,2778,320
boot,2770,128
made pointed,2769,83
murex,2755,113
ribbon,2753,309
fiery,2747,673
praenomen,2735,325
den,2732,218
twice,2726,558
sack,2722,386
saffron,2721,279
weevil,2717,22
formosan,2715,12
probe,2715,350
artemis,2710,38
bottle,2705,178
plough-beam,2686,506
priapism,2683,339
impassable,2681,223
kitchen,2673,152
upwards,2673,677
chiton,2661,369
monochrome,2653,31
twiggy,2648,47
manner,2630,831
er,2624,504
aspio,2624,376
pedestrian,2619,205
floral,2612,91
currant,2611,329
thrice,2610,549
rectum,2596,288
plum,2590,8
fig,2585,360
linear,2584,8
forceps,2583,95
tranquil,2582,168
agrimony,2580,11
plectrum,2570,161
clew,2560,42
fungal,2557,150
sickle,2557,198
geo,2556,250
er,2553,532
cassia,2551,185
pony,2549,627
glorious,2542,157
phryne,2542,284
terrestrial,2542,286
atlantic,2540,32
wailing,2540,477
renal,2538,123
charis,2532,145
to snarl,2531,365
road-related,2529,89
olive,2525,376
hag,2524,405
sepal,2519,476
glabrate,2517,10
different-coloured,2513,27
iolaus,2506,240
tium,2500,239
islet,2498,353
redden,2497,1
clover,2493,23
nova,2489,431
went,2484,798
courteous,2480,297
ive,2479,407
prostrate,2479,531
don,2478,558
turreted,2474,44
hawthorn,2471,18
wild boar,2471,207
photophobe,2465,331
gallic tribe,2463,361
fleece,2452,543
southern,2450,337
fibrous,2449,84
unexpected,2433,23
bristle,2432,285
houseleek,2430,10
cyrus,2426,733
chaon,2426,658
daphne,2416,121
to wrestle,2405,484
thyme,2396,38
dan,2393,657
nasal,2388,236
spherical,2386,30
botanical,2385,104
weaponry,2383,206
iron hoop,2370,111
aristocrat,2359,27
ivy,2350,367
emmer,2349,231
drin,2338,162
cylindrical,2335,20
radiated,2335,141
thong,2333,184
dried fig,2331,250
crowned,2330,113
having seen,2310,300
irus,2307,402
intelligent,2303,589
greek,2302,463
elaeus,2298,450
three-coloured,2291,27
dryad,2283,197
elecampane,2281,772
multicolored,2273,23
somewhat long,2268,5
thong,2268,460
doubling,2265,327
serf,2263,298
balcony,2260,50
superlative,2256,326
weel,2250,100
alder,2250,177
afar,2250,382
cuckoopint,2242,281
sift,2242,129
persian,2240,70
starry,2234,143
darius,2233,550
plantain,2230,8
oblique,2228,45
poppy,2227,241
atys,2219,320
booty,2217,441
oglio,2209,453
gangue,2208,7
amazon,2207,64
marasmus,2205,27
obovate,2190,52
sorb,2188,478
spacious,2185,16
beech tree,2182,177
to devour,2182,867
otho,2181,417
tonsillitis,2173,395
enantiomeric,2172,164
asia,2172,500
lupine,2169,27
warrior,2166,401
hyena,2165,235
vigor,2163,219
nemesis,2163,292
averse,2160,21
river usk,2159,438
having risen,2155,425
same-coloured,2147,21
garland,2144,112
went,2141,319
pear,2133,648
neleus,2132,450
tibial,2128,153
comparative,2127,271
bilateral,2120,357
porcini,2118,58
moorish,2118,166
northern,2117,21
chasm,2117,314
burnt,2107,499
chine,2106,135
something double,2102,256
granular,2097,120
pleasant,2093,55
nourishing,2091,486
plough,2091,556
argive,2089,91
lioness,2069,501
abdomen,2068,130
varicose vein,2063,399
dipped,2054,420
mill,2049,242
pomegranate,2047,225
gnat,2044,96
tilos,2038,85
opal,2034,280
eaten,2030,99
hoary,2029,15
granule,2029,327
lentil,2026,138
stood,2023,224
lech,2021,521
solar,2019,241
coeus,2019,467
noxious beast,2014,293
ichneumon,2013,30
circular,2012,156
stooping,2009,111
super,2008,302
praenomen,2005,480
hebe,2004,155
imprinted,2000,145
alpine,1995,29
lyre,1993,177
grasshopper,1991,290
goddess,1989,327
pickled fish,1988,222
canadian,1987,13
unequal,1986,107
troad,1985,351
lesser celandine,1982,190
ionic,1980,287
caterpillar,1977,6
samos,1975,374
thistle,1972,21
sambre,1972,305
toad,1971,169
heath,1968,257
anvil,1967,473
suture,1965,247
spatula,1965,306
ryegrass,1964,334
fissure,1962,85
verpus,1961,263
fallow,1960,402
mallow,1959,141
lindos,1957,227
thistle,1948,134
second,1948,74
legging,1946,106
jar,1945,307
elongated,1941,194
two-thirds,1941,282
viviparous,1940,33
crown,1939,149
emulation,1939,273
anoint,1934,319
crown,1932,180
corselet,1931,119
behavior,1927,366
crested lark,1925,55
nearby,1925,50
dilated,1922,72
tyne,1921,496
knottiness,1919,359
cnemis,1917,220
asiatic,1916,34
lichen,1915,104
basket,1915,85
groundsel,1914,26
deltoid,1914,132
mycene,1912,9
assembly,1910,196
beet,1908,401
gaia,1906,435
linen-weaver,1903,40
sebesten,1903,69
cardoon,1901,135
grasshopper,1896,193
unlike,1894,52
sack,1893,396
germander,1886,6
favouring,1880,244
moat,1879,413
marbled,1878,29
dodder,1876,9
knobby,1868,89
picarel,1867,141
quarrel,1866,405
july,1862,473
papua,1861,185
posterior,1860,213
wickerwork,1857,156
scum,1853,104
beget,1842,218
assembly,1838,188
worn out,1837,91
rhipe,1835,184
femininizes,1831,142
psoas,1831,220
tumour,1827,221
dacian,1826,226
sir,1826,415
humerus,1823,167
cloak,1823,203
visible,1816,197
saffron,1815,244
elm,1807,149
aloe,1806,31
hanse,1805,542
gilded,1804,90
remus,1802,354
bornean,1800,11
linden,1795,242
histonium,1790,377
prickle,1785,416
sinewy,1784,135
fiery,1783,171
tangier,1776,320
scaly,1774,53
linear,1771,210
peony,1769,254
husk,1768,163
abbreviated,1764,5
bald,1760,1
vortex,1760,287
wicker basket,1759,189
pacification,1757,367
ciliated band,1756,139
tri,1754,367
naked,1746,8
psyche,1746,126
pinna,1746,274
soldier,1739,327
spelt,1739,222
crag,1739,369
splinter,1737,211
inaros,1735,106
ribbon,1735,316
woodpecker,1734,320
bifid,1731,88
ladle,1731,160
weevil,1729,626
ne,1727,400
declivity,1726,171
cori,1726,187
pholus,1726,176
gyaros,1725,276
mullein,1724,19
nearest,1724,26
umbellate,1722,33
fetters,1721,181
arnica,1719,109
eli,1718,273
cepheus,1716,161
cutting,1715,130
temple,1713,347
toad,1708,64
alps,1708,200
filipino,1707,4
helmet,1707,106
exceedingly,1705,247
porcupine,1697,117
marsh mallow,1693,46
caspian,1690,96
arabic,1689,45
boot,1689,165
omer,1687,248
whorled,1682,32
vetch,1677,31
javan,1674,15
couch grass,1673,21
amphora,1673,345
eaten,1663,304
thong,1660,394
chinese,1659,89
triangular,1658,38
possession,1653,189
juniper-tree,1650,35
girdled,1649,165
tellis,1649,282
scurfy,1644,54
argentinian,1642,11
sava,1642,426
sown,1640,7
equal,1638,53
wooly,1637,5
aeneas,1635,201
anal,1633,222
zealous,1633,393
pleasant,1628,179
erebus,1626,40
marine,1626,313
radical,1621,263
swimmer,1618,107
crevice,1615,151
bereaved,1615,203
cenozoic,1613,106
cis,1609,352
urinating,1608,444
figurative,1606,30
strait,1606,353
bent outwards,1605,436
paches,1603,291
orchid,1602,200
riparian,1600,13
tame ape,1599,181
fume,1598,522
halved,1597,30
snub-nosed,1597,183
odin,1596,235
hesperid,1595,102
ios,1595,324
wallet,1593,201
lancia,1592,92
ion,1592,351
limnophilous,1591,8
millet,1591,147
mena,1589,315
whither,1589,404
pandan,1587,17
spurious,1587,209
obolus,1585,204
stinging nettle,1582,74
actian,1582,313
larkspur,1577,13
oblique,1577,347
garden cress,1576,27
scurf,1576,24
cain,1576,368
assistant,1573,253
enclosure,1572,81
troy,1572,241
blight,1569,7
odeon,1569,251
mutable,1567,37
cynus,1566,474
marginal,1564,99
oxus,1562,39
bustard,1560,217
sickle,1559,247
trifle,1559,374
curly,1558,9
gone,1558,241
danewort,1556,233
indivisible,1555,240
must,1553,328
inclined,1549,15
colander,1549,81
coloured,1547,67
zebra,1546,88
first,1546,347
locative suffix,1545,162
koine greek,1545,222
crenulate,1544,71
bisnaga,1543,396
papal,1543,298
truffle,1539,89
peta,1538,413
mottled,1537,9
deadnettle,1537,165
awned,1535,47
jerusalem,1535,71
olive oil,1534,103
thousand,1534,268
citron,1532,74
haman,1532,180
ombos,1532,372
achaean,1531,90
errant,1531,362
hither,1529,233
spelt dough,1529,190
obol,1529,138
farro,1524,301
wild thyme,1523,119
vertex,1523,375
altogether,1522,179
flank,1521,281
warmth,1516,311
rhodes,1513,199
turf,1512,5
granulous,1511,47
uterine,1511,110
leapt,1510,54
plague,1510,271
abyssinian,1507,6
awl-like,1507,50
osmium,1506,45
dagger,1506,227
orach,1505,33
melampus,1505,58
thonis,1505,152
argos,1505,334
pyre,1504,227
swollen,1503,27
plebeian,1503,51
prostrated,1500,3
ceos,1496,237
atreid,1495,127
dug-up,1495,279
alypum,1486,45
midas,1485,347
icus,1483,174
agriculture,1483,65
wooden,1482,297
twig,1479,93
arachnid,1478,256
coot,1476,326
helmet,1473,210
beet,1471,38
germander,1470,25
restharrow,1470,35
sang,1470,270
belly,1466,160
northern,1463,15
rügen,1463,178
inland,1462,29
iphis,1461,217
canine,1460,85
singus,1459,263
carloforte,1458,133
having drawn,1457,69
pasturage,1456,152
iopas,1451,292
gilded,1450,45
ivy,1443,32
ajwain,1443,140
-ful,1441,266
curtailed,1440,42
carian,1439,245
garland,1438,164
magistrate,1436,23
given,1433,428
italian,1432,40
rarus,1432,347
running,1430,57
appease,1430,180
tragacanth,1428,4
helmeted,1426,50
chickling vetch,1425,17
dora,1420,136
gilthead,1415,190
papillate,1409,49
to appease,1407,125
marginal,1406,97
conical,1406,83
nisos,1406,270
double-threaded,1403,283
meadowrue,1402,13
sebesten,1401,146
beetle,1398,122
nourished,1395,54
dorsal,1394,14
bumblebee,1394,45
rue,1391,127
double,1391,136
newt,1390,139
half,1389,127
indian,1388,257
globule,1385,94
surname,1385,318
cnemus,1384,176
beetle,1382,18
brook-dwelling,1382,23
pliant,1382,125
marine,1380,7
lincoln,1376,106
pyramidal,1375,36
paraetonium,1375,119
ister,1375,189
carine,1372,56
unstained,1370,35
twentieth,1370,218
digitate,1369,13
inoan,1369,358
premature,1367,17
oaken,1367,56
villa,1367,184
donkey,1367,148
mildew,1364,169
cardoon,1363,23
turk,1363,142
lucina,1359,79
double-headed,1357,30
ides,1357,287
starry,1357,178
trickster,1356,158
perfumed,1355,26
aegeus,1355,129
sicilian,1354,52
ly,1354,251
lyre,1353,135
thesis,1352,90
lichas,1352,275
struma,1348,46
forth,1347,332
zama,1341,220
nodding,1331,14
tris,1331,166
skiff,1328,99
charcoal,1327,17
italy,1323,4
myriad,1322,137
sezze,1320,217
helmet,1315,174
third,1315,436
carnal,1314,109
horus,1314,283
thoracic,1312,63
departure,1311,391
bristly,1310,87
sorb,1309,9
pomace wine,1306,96
pedicellate,1302,13
deposit,1302,133
cypriot,1301,110
mottled,1301,210
vulture,1300,160
maxillary,1299,23
cirta,1299,172
bidentate,1297,9
eleutherus,1296,40
atina,1295,287
eve,1294,260
silken,1292,14
icarus,1292,246
stygian,1291,148
amyrus,1290,97
savage,1289,195
double,1287,224
bifurcate,1286,66
ash grey,1284,350
minyan,1281,130
siege tower,1280,356
broom,1279,20
large tunny,1279,86
sheen,1279,288
valerian,1278,6
circular,1275,24
to sharpen,1275,144
lacteal,1273,3
narcissus,1273,2
cicada,1273,103
burnt,1271,297
pedestal,1270,192
recommendation,1267,11
tibia,1267,364
warrior,1266,23
sawn,1266,3
kidnapper,1266,148
shrub,1262,80
olive oil,1262,189
ox-eye daisy,1261,209
vernal,1255,226
multicoloured,1255,154
cities,1253,175
intricate,1252,17
louse,1252,89
envious,1251,255
mira,1251,246
elliptic,1248,159
hedge-mustard,1246,9
fully,1246,51
lovable,1245,24
endowment,1244,182
diarrhea,1244,282
bald,1242,125
pursuit,1241,166
latium,1241,455
distress,1241,310
frankish javelin,1241,429
barium,1239,199
willow-leafed,1238,7
vulcan,1238,120
waxen,1237,308
scabbard,1237,230
birch,1236,42
murex-shaped,1231,23
delian,1231,174
mycale,1227,11
whitening,1223,33
peel,1223,110
spindle-shaped,1222,42
signatory,1222,219
mongoose,1221,41
hylas,1220,7
double,1220,258
you went,1220,203
ahala,1219,126
bread-eater,1218,12
evade,1218,238
eyelids,1217,205
stay,1215,130
swollen,1213,59
asti,1207,133
destitute,1207,192
straighten,1205,119
brine,1205,205
tethys,1205,86
fir,1204,6
venus,1203,37
zerah,1199,380
cleft,1198,40
confluence,1196,56
uneven,1196,45
golden,1195,17
beribboned,1195,116
scabby,1194,24
halve,1194,385
rosemary,1191,152
scarab,1189,34
mamma,1188,302
renew,1188,223
ef,1188,448
hornet,1184,42
abundance,1184,137
argus,1183,256
guiana,1181,4
stilus,1180,19
poverty,1180,107
cargo,1180,127
ladle,1180,156
silver fir,1179,16
channelled,1178,6
hoe,1177,95
pear,1177,199
yoke,1176,163
gnaw,1175,55
cat thyme,1174,294
millet,1173,10
utik,1173,110
thence,1172,12
bura,1172,217
kindled,1171,45
metalliferous,1167,30
caparison,1166,71
flaccid,1165,35
dun-colored,1165,213
warmth,1164,323
sparticle,1164,273
turbinal,1163,30
tinder,1163,66
pontic,1163,39
contorted,1161,29
chilliness,1161,153
adonis,1159,180
ventricose,1158,7
male pigeon,1158,50
oppius,1158,164
gladen,1157,97
cephalic,1155,130
flask,1154,328
birthwort,1152,8
patagonian,1152,9
cauldron,1152,191
achilles,1151,99
gown,1150,182
upturned,1148,49
refined,1148,76
plica,1148,210
muddy,1147,1
i made,1146,181
prostrate,1145,4
myrtle,1145,36
gudgeon,1144,107
viburnum,1143,43
medea,1139,193
ductile,1138,16
botrys,1137,136
tesselated,1135,19
triangular,1135,173
fenestrated,1134,28
entangled,1133,29
po,1132,157
littoral,1131,17
canine,1129,9
dike,1129,220
stay,1129,193
stork,1127,44
moustache,1125,57
cyclopes,1124,29
quarrel,1124,201
stooping,1123,78
blistered,1123,63
ancha,1123,231
whiten,1122,3
mussel,1122,65
bacchus,1122,104
wooden hayrack,1118,613
various,1118,71
lower danube,1117,37
chalcis,1117,26
mount oneum,1113,48
closable,1113,101
anemone,1112,3
peculiarly,1112,167
inglorious,1110,46
loosen,1110,153
picture-gallery,1109,86
breadth,1109,151
razorfish,1108,121
goddess,1107,18
hemlock,1104,169
alan,1103,240
clover,1100,33
lunar,1099,89
equal,1098,168
vitus,1096,314
noah,1095,86
perforation,1094,80
hainanese,1093,2
privet,1092,16
ibiza,1092,46
trial,1092,138
unwilling,1090,285
laurestine,1089,177
buttress,1089,162
savio,1089,198
hundred,1089,195
seen,1088,13
hemlock,1088,245
dereium,1087,313
fecal,1084,87
rind,1084,176
peacock-feathered,1083,41
ember,1083,186
promontory,1080,209
oblong,1077,127
cotyle,1077,163
wrestling,1077,221
sarsaparilla,1074,4
sulla,1074,114
henna,1074,215
coal,1073,78
longhorn beetle,1072,15
gild,1070,295
promontory,1069,100
cardia,1067,53
periwinkle,1066,73
poppy,1065,32
clamor,1064,152
syriacus,1063,13
lathe,1063,171
branchus,1063,145
fibres,1061,311
volute,1060,53
turnip,1060,172
hero,1058,40
triton,1058,79
thick-skinned,1056,107
azole,1056,140
scapular,1055,178
pulpit,1051,264
salina,1050,136
crito,1050,136
pleasant,1046,87
nireus,1045,163
creticus,1044,15
primary,1044,127
diverging,1043,36
hadron,1043,170
blanket,1043,234
lettuce,1042,46
oleander,1042,159
maidenhair,1041,6
edeta,1041,199
dregs,1040,205
hyria,1037,99
madwort,1035,24
garret,1035,126
transverse,1034,11
nereid,1034,209
olen,1033,182
moose,1032,155
perforated,1029,29
mightily,1027,130
dichotomous,1025,31
superlative,1025,85
cutting,1025,185
hercules,1023,40
misshapen,1023,64
birthwort,1021,168
afar,1021,200
alpha reticuli,1020,155
capillary,1019,20
first,1018,16
foliage,1018,28
cinnamon,1018,62
fastigiate,1018,22
fortress,1017,233
cato,1016,192
greek,1013,6
african,1013,44
augustus,1013,135
amun,1012,23
magpie,1010,175
tonga,1010,298
ixion,1008,147
terrestrial,1006,25
modius,1003,7
was playing,1003,90
serket,1003,181
thyrsus,1003,144
antiparos,1002,27
libation,1002,101
spurius,1002,56
coltsfoot,1001,17
modified,1001,9
boor,1001,270
heliotrope,998,4
insatiable,995,184
woodlouse,993,12
little basket,993,47
formerly,991,175
gruel,990,120
self-,989,99
maid,987,207
simon,986,133
pek,986,316
vertebrate,985,117
egyptian,983,15
to hiccup,983,49
three-pronged,981,101
phlomis,978,31
cutting,978,85
emulation,975,117
triangular,973,11
trough,973,40
siderus,973,106
troad,973,158
was seen,971,55
hew,971,115
cyme,970,174
rib-related,969,85
unaccustomed,969,21
uncovered,969,90
pore,969,144
edible,968,53
hazel,968,83
irritable,967,3
indolent,967,143
ceres,967,233
favonius,965,17
askew,965,20
despise,964,43
leda,964,89
brightest,963,291
leopard,961,60
thyme,959,107
hd 49674,959,110
proliferous,958,40
serpent,957,32
clove-related,957,27
meandering,957,108
hebrew,957,88
birch tree,956,70
pontus,956,186
tiger,955,138
phyle,953,198
pleasant,951,9
tigrine,949,44
solitary,948,13
surfeit,948,239
persian,947,50
danaid,945,98
cystic,945,139
kassos,945,351
plataea,944,106
donkey,943,51
nereid,943,33
ivory,942,43
biliary,942,74
hormuz,942,193
daulis,941,118
dissembler,941,177
monads,940,59
queen,940,73
oxylus,940,88
martial,939,172
creme,937,131
argo,935,140
iophon,935,135
scutum,933,206
sargue,932,69
lament,932,108
shove,932,213
penicillate,931,23
telos,931,225
wau,930,153
crucified,929,30
apamea,927,20
european,927,9
rural,927,10
stipulate,927,164
sulphur,927,276
myriad,925,116
plectrum,924,70
crag,924,84
glume,924,180
platter,923,184
vanishing,923,190
cypris,922,1
mammillate,921,89
ox,921,217
argynnion,920,10
twig,919,143
southern china,918,58
finished,916,97
said,916,159
torn,915,68
concave,913,10
abnormal,913,51
incarnation,912,38
lowest string,912,76
oid,912,173
sluggish,911,42
ironwort,910,6
aspergillum,910,18
published,910,5
amastris,910,9
ruddle,910,64
phineus,908,195
halter,907,13
fraternal,907,11
ijssel,907,249
catnip,906,10
vizzini,906,150
sheba,904,156
marble,903,173
girdle,902,152
elude,902,170
trial,902,176
micah,901,155
dowry,900,228
hilly,899,53
drab,899,30
were saying,899,104
helmet,898,30
ilissos,898,171
rhombus,897,152
practitioner,897,271
monstrous,896,117
calfskin,896,72
tiro,895,214
must,894,160
cloak,893,129
bovine,892,21
spurge,892,9
three-ply,892,102
sow,892,77
colchian,891,77
sulphurwort,890,5
zethus,890,86
vietnamese,888,21
mistletoe,888,115
reate,888,97
temnus,888,94
alkane,888,281
ethiopian,887,15
auger,887,36
nock,883,25
tyre,883,193
setting,883,161
crop,882,198
cinnamon-coloured,881,16
tortuous,881,24
hindrance,881,151
carbonaceous,880,9
gore,879,287
gediz river,877,150
cress,877,268
penne,875,128
sarah,874,112
to bray,874,116
reflexive,873,61
rust-coloured,872,201
maiden,871,150
aglaia,869,37
wavily,869,70
torch,869,303
fodder-plant,868,97
lysias,866,60
morsel,866,255
oceanid,865,66
triangular,864,31
permitted,864,136
mule,864,223
chaste tree,863,25
referendum,863,218
savory,862,6
hyoid,862,69
miniature,859,198
fleabane,858,11
mange,858,71
glans-related,857,69
ladas,857,197
naro,854,75
eryngo,853,44
crook,853,228
medina,851,49
swallow-wort,850,9
bacchanalia,850,35
league,848,205
equally,847,56
othrys,847,99
southern,846,95
quince,845,17
scalloped,844,217
spindle tree,843,19
mealy,842,37
enclosure,842,98
lancet,841,11
nereid,840,1
torre,840,101
indus,840,187
phallus,840,264
pella,838,92
servant,838,172
urchin,837,156
sputum,837,107
expressive,836,9
necessity,836,86
sufficient,833,258
helle,832,150
clove,832,143
purslane,831,35
currycomb,831,30
elis,829,129
ares,828,119
riverine,826,4
latticed,825,13
granular,825,51
fig leaf,825,180
interchange,824,45
opone,824,105
armenian,822,11
javelin,820,22
vat,820,104
chthonic,820,56
symaethus,819,217
redress,818,2
pallor,818,91
bridle,817,58
satyr,816,14
tamarisk,816,32
bent out,815,65
savory,814,13
apparition,814,77
ramble,813,23
sow thistle,813,22
deme,813,157
cronus,812,107
syrian,812,125
elaeus,810,135
gomphi,809,81
aeneid,809,114
oblivion,808,49
pied,807,2
cyrene,807,41
carried away,807,3
turf,807,64
umbrian,807,171
symmetric,805,20
utah,804,263
sack,803,30
pras,802,151
cutter,802,109
greek language,800,32
lycian,800,100
andron,800,95
red-stemmed,799,13
jordan,798,45
huesca,797,165
arean,796,65
glade,795,82
kapok,795,95
navia,795,256
gemlik,795,155
ariccia,794,35
thyrsus,794,139
oblivious,793,40
unknown bird,792,13
doubled,792,32
thrush,790,32
mute,790,33
utica,789,83
expectation [homer],789,175
maple,788,20
henna,788,132
sift,788,94
june,788,258
irene,787,92
oscans,787,146
dorus,786,57
parasol,786,92
awl,785,25
siphae,784,11
putrefaction,783,39
oscius,783,99
sack,783,83
talaus,783,149
dicebox,782,23
hagar,782,141
cypress,781,38
conch,781,143
starling,780,102
merchant ship,780,72
ides,780,190
byces,779,207
gad,778,159
sheaf,778,149
walnut,777,83
pustule,777,131
swan,776,127
bel,775,46
serpent,775,98
mars,774,142
bombast,772,82
red-bellied,770,3
winnower,769,89
three-horse chariot,768,182
see coëst,765,92
behold,765,118
chaldean,764,14
ajax,763,30
squill,763,19
obelisk,763,73
prow,763,127
lament,762,212
lingnan,762,188
chaplet,761,166
tumour,760,208
miserable,759,105
clypeus,759,173
equipment,759,90
martial,758,171
deme,757,34
maiming,757,107
ounce,757,197
eyelid,757,103
awn,756,159
helen,754,41
saline,754,30
rhytium,754,48
tamarisk,753,58
thryon,752,88
running,752,111
corroded,751,11
nyx,751,96
calf,749,113
paris,749,96
trifid,748,26
thrush,748,49
shrublike,746,8
angular,746,24
mitred,746,82
actium,746,165
tyre,746,149
centred,745,39
parrotfish,745,91
daw,744,186
leaden,743,16
three-bristled,742,14
i knew,741,55
cerulean,740,25
quiver,740,35
giant fennel,739,32
tortoise,739,92
welshman,739,182
umbilicate,738,44
beautiful,738,41
acne,738,70
dizziness,737,7
thoracic,736,39
prodigious,736,102
salian,735,7
decussated,735,12
perennial,735,22
priest,735,84
schism,734,30
neptune,734,46
dragoness,733,6
petran,733,5
gastric,733,81
thistle,731,1
laurel tree,731,61
antelope,730,46
vinegar,729,56
nanotech,729,215
salmon,728,40
eminent,728,18
trousers,728,40
fungi,728,45
wand,726,10
ity,726,87
tendon,725,100
nard,723,142
myrtle,722,49
household slave,720,56
hyllus,720,98
armed gurnard,720,158
lowest,719,23
pleuron,719,65
filthy,718,19
pipkin,717,50
emmaus,717,66
phegus,716,38
leopard,716,176
lucanian,715,29
shrub,715,16
lowered,715,25
actor,715,110
yoking,714,33
vehement,714,55
splay-footed,713,21
kitchen table,713,69
jaffa,713,63
aeolus,713,79
privet,712,17
suez,712,53
gens,712,29
azure,712,205
filthy,711,19
bipartite,709,12
resonant,709,15
mattock,708,17
ploughed,708,39
wild pear,708,112
streamside trees,708,117
plaything,707,43
fumatory,707,89
cockchafer,706,16
equalized,706,23
germanic,706,13
hedgehog,705,14
tortoise,705,101
flourishing,704,9
expectation,704,29
imperial,703,7
illegitimate,703,58
suckle,703,49
inverted,703,61
flight,703,53
upright,703,202
cypris,701,62
suffused,700,76
turia,699,85
chalce,699,158
black cumin,699,177
autumn crocus,698,13
disturbance,698,117
mdina,697,117
inaccessible,697,240
swart,695,125
terra,695,160
bristly,694,43
nitocris,694,26
saturn,694,104
aqueduct,694,102
amphitrite,693,18
distributor,693,74
sharpened,693,22
esparto,693,85
danes,693,149
august,692,92
aesacus,692,181
chaste tree,691,93
varicocele,691,69
adjoining,690,7
sambuca player,690,35
nilotic,690,13
lingual,690,62
pleiad,690,195
alkaliweed,689,11
darnel,689,52
ventral,688,4
floccose,688,57
trojan,688,75
erinys,688,177
hyde,687,136
mangy,687,48
papyrus,687,176
plinth,686,64
rural,684,17
boot,684,47
spotted,684,16
excavated,684,119
turku,684,203
conqueror,683,38
eris,683,85
christ,681,128
stag,680,77
glorious,679,19
pomace,679,131
holm oak,679,150
netted,678,230
phasis,677,128
rhomboidal,676,21
squirrel,676,48
cuttlefish,675,102
squid,675,177
loins,675,145
porcine,673,20
caroline,673,26
petition,671,30
buddha,671,48
agate,670,35
vertebra,670,67
thrace,669,74
upright,669,60
mute,669,188
hornet,668,18
gift,668,57
helmet,668,54
aegium,668,36
knapsack,667,116
uncertainty,666,27
erae,666,125
dromedary,664,134
cervine,663,16
written,662,185
forehead,661,67
stone bugloss,660,19
apparition,660,125
tripe,659,128
lyre,658,37
greenfinch,657,4
specimen,657,136
amata,656,25
gregarious,654,31
ebony,654,34
loin muscles,654,86
triton,654,67
anatolia,653,132
abel,652,138
dung,651,100
plough,650,80
feminine name,650,76
cress,649,14
canine,648,13
ausa,648,141
blond,647,12
avian,647,58
kingfisher,646,38
blanket,646,177
thicket,645,21
barbershop,645,81
thracian gladiator,645,96
nit,644,101
half-boot,644,105
hackberry,643,47
roman,643,40
vit,643,162
terrace,643,225
setter,643,136
poppyhead,641,80
ohio,641,211
funereal,640,25
alcon,640,193
caterpillar,639,68
anaea,638,128
alope,638,72
northwestern wind,637,51
sang,637,123
samara,636,72
deputy,635,153
gela,634,106
coptos,634,94
grasshopper,633,37
amaryllis,632,8
larch,632,44
ham,632,89
edible,631,14
grunt,631,174
beggar,630,67
crypt,630,82
mignonette,629,26
bactra,629,6
amon,629,180
unknown plant,628,4
unexpected,628,8
bonito,628,43
actaeon,627,22
dolphin,627,76
aden,627,106
stayed,627,101
antissa,626,33
lunulate,626,52
necrosis,626,67
marian,625,31
flank,624,161
milo,624,116
impregnation,623,69
beloved,623,54
nysa,623,89
osca,623,108
geometer,622,8
baiae,622,47
don,621,27
tereus,621,116
actinium,619,59
adriatic sea,619,77
hyria,619,104
norwegian,618,13
lard,617,54
chicory,617,46
guadalquivir,616,35
egret,615,168
septum,614,60
hem,613,95
seat,613,105
phalerum,611,3
sessile-leafed,611,6
quirites,611,100
eden,611,95
daphnis,611,38
chians,611,236
suda,610,53
sylvan,610,39
germa,610,122
amomum,609,20
deioces,609,55
caucasus,609,73
tawny,609,90
yale,609,192
spurge,608,5
golden,608,46
wiki,608,164
mount oeta,607,79
amber,605,153
bakis,605,233
issus,603,90
clew,603,39
inhabiting,603,168
shingles,602,44
oxus,602,43
upward,602,94
state robe,602,84
budded,601,75
-saying,601,152
teat,601,152
ravenna grass,600,53
flight,600,112
actor,600,86
cockroach,599,47
shimei,599,129
lethargy,599,39
nape,599,103
pheia,599,86
having avenged,599,204
leander,598,19
tit,598,35
purple-clad,598,6
japanese,597,100
bisected,595,21
was following,595,155
shear,594,75
bermuda,593,40
thud,593,114
girder,593,120
emerald,591,6
shedding,591,97
gaul,590,70
purple bugloss,589,2
macedonian,589,6
mantis shrimp,589,54
mina,589,103
presiding,588,42
gape,588,82
felt,587,50
hepatic,587,44
astarte,586,38
trapezus,586,56
facial,585,28
slag,585,104
supine,585,22
wind vane,585,26
reaper,584,53
henricus,584,130
double,583,73
pula,583,84
ity,583,99
runaway slave,582,15
young maiden,582,74
thyrea,582,42
holly,581,24
lammergeier,580,46
coal black,580,7
ham,580,72
pieres,580,116
money changer,579,7
ovum,579,98
consanguineous,578,4
radish,578,39
pearl-bearing,577,18
excrement,576,34
cardiac,576,79
cantharid,575,34
ikaria,575,78
swarthy,575,64
exile,575,27
soluble,575,104
madonna lily,575,88
pirate vessel,574,38
sung,574,130
leaven,574,155
nemesis,573,13
seseli,572,23
coroneus,572,70
hag,571,94
big-buttocked,571,73
orthe,571,121
spinning top,570,9
biform,570,31
pending,570,87
lapse,569,41
hartwort,567,17
stellar,567,34
don,567,75
eminent,565,9
lard,564,85
draco,563,59
guardian,563,109
mule fern,562,5
emulator,562,7
circular,562,14
enna,562,29
exalted,562,8
styra,561,110
rhodesia,560,21
acacia,559,51
pyrrha,559,92
rose-made,558,23
swan,558,149
seat,558,75
liverwort,557,70
midas,557,138
midriff,556,21
first,556,8
indeed,555,82
burdock,555,68
affirming,555,171
murex,554,21
whore,554,53
august,554,37
promontory,552,21
swathe,552,44
cinerarium,551,8
filamentous,551,30
earthen vessel,551,54
reefing rope,551,92
fibre,551,141
macaria,550,8
bandy-legged,550,17
hera,550,112
haver-grass,549,15
pipit,549,23
unguiculate,549,20
urn,549,113
landscape art,548,42
pustulous,548,20
glutton,548,94
cookie,547,11
sunium,547,27
oedipus,547,9
maia,547,49
enclosure,546,58
castrated he-goat,546,40
roof,546,105
ovine,545,18
dubious,542,3
coloured,542,11
unceasing,542,26
mallus,542,33
riparian,541,20
subterranean,541,59
orphan,541,56
serpentine,541,13
lance-shaped,541,85
pastime,541,93
nun,540,21
phoebe,540,17
medlar,540,12
fiery,540,19
shorten,540,42
flight,540,52
dung,540,32
caudal,540,128
celery,539,33
buckthorn,538,2
beautiful-horned,538,7
foal,538,70
abydos,538,190
helios,537,13
inferiority,537,57
stratus,537,101
sibyl,537,95
eternity,537,102
laconian,537,222
cissus,536,84
dai,535,127
valentian,534,12
lydus,534,112
budding,534,137
youth,534,116
posterior,533,41
shrew,532,35
spherical,532,7
gore,532,42
-nomy,532,40
scammony,531,31
spatulate,531,16
awl,531,56
raven,530,78
mute,530,25
whitlow,529,6
attic,529,12
syrinx,529,30
unknown,529,19
troph,528,133
sluggish,527,90
muddy,526,5
sailor,526,52
solomon,526,24
crassus,526,165
agate,525,31
oregano,525,12
cutter,525,71
delphian,525,90
sparse,524,99
luzon,523,2
rejoice,523,170
afar,523,98
erythrae,522,1
couch,522,37
lunar,522,47
wrestling,522,125
busa,522,147
trapezoid,521,60
parasol,521,88
pluto,520,24
jovian,520,101
danaus,519,25
myci,519,73
eth,519,85
costus,518,53
actium,518,102
perforate,517,77
crag,517,49
teratological,517,88
parasol,517,68
crown,516,17
indistinguishable,516,12
youth,516,117
hymettus,515,41
sicas,515,180
iulus,514,1
helmeted,514,38
lyncus,514,82
pear,514,42
vermicular,514,104
foretell,514,171
protective,514,132
solitary,513,70
ascent,513,58
tray,512,10
solomon,512,19
idacus,511,123
lowest,510,30
soldierly,510,17
queensland,510,8
burnet,509,10
quiver,508,46
revile,508,120
pot marjoram,507,77
pamphilus,505,15
oil flask,505,88
calatia,505,128
encrustation,504,25
forgiven,504,25
whiten,503,2
amethyst,503,14
anorectal,503,49
phoenix,503,108
rhoda,503,82
ethiopian,501,2
earthling,501,24
kite,501,71
kettle,501,104
hewing,500,7
sphinx,500,10
excavated,500,22
argo,500,102
remi,500,104
must,499,24
maimed,499,64
twig,499,54
jasper,499,65
chaffinch,499,65
unadorned,498,19
pella,497,40
cana,497,93
athrys,497,35
ambon,496,6
phrygian,496,65
spadix,496,82
euro,496,110
elba,496,186
squamulose,495,44
goddess,494,29
ithome,494,44
with preparation,494,103
gaius,494,215
rump,493,41
infant,493,32
descent,492,32
emerald,492,71
themis,491,59
moldiness,490,22
isthmus,490,80
lookout place,489,50
phaenops,489,74
lucania,488,8
savin-like plant,488,5
anodyne,487,29
black widow,487,19
athena,487,34
immersed,487,32
altruism,487,97
fleece,487,53
edusa,487,35
bottle gourd,487,85
intricate,487,71
malt,487,92
triple,486,88
lovage,485,17
peleus,485,39
dimorphic,484,39
opium,484,97
unmarried,483,56
for sale,483,85
ploughman,482,133
actor,481,26
triangular,481,4
hyperborean,481,4
nephelis,481,91
accomplice,481,125
annual yield,480,13
kaph,480,82
marsh dweller,479,9
ate up,479,12
coalesce,479,35
john,479,68
mole,479,66
ceres,478,82
condyle,478,63
carcinus,478,69
mule,478,118
otter,477,40
conjoined twins,477,74
unexpected,477,20
mopsus,477,77
storax,476,15
peony,476,16
mesembria,475,12
chariot pole,475,38
brlog,475,60
drawn,475,31
nero,475,90
division,475,72
triple-headed,474,11
eunuch,474,26
urinated,474,76
medick,474,30
lovable,474,39
chelate,473,14
ropemaker,472,11
sated,472,9
supine,472,21
imitator,471,8
basket,471,20
dorylaeum,471,26
borne,471,65
pakistan,471,39
juniper,471,88
myrrh,471,85
glen,471,136
meidias,470,67
curb chain,470,30
lois,470,84
manius,468,137
bithynia,467,14
adam,467,106
cipher,467,82
citron tree,466,21
leek,466,57
warmth,466,46
plum,466,125
basil,465,34
auricular,465,13
thalia,465,52
uncreated,465,43
ashen,465,52
western,464,39
pluck,464,39
trident,464,47
visible,463,42
whipped,463,40
velino,463,41
pigeon,463,100
beloved,462,13
balearians,462,16
happily,462,64
flea-bearing,461,13
mutilated,461,32
starry,461,26
mendacious,460,8
alkanet,460,30
gangrene,460,11
thynian,460,104
neighbour,460,100
couplet,458,5
distorted,458,18
funereal,458,25
itys,458,72
hannah,458,85
transitive,457,24
yoke-bearer,457,19
sycamore,457,49
mulberry,457,35
two-coloured,456,3
argonaut,456,68
decanter,456,77
cloak,456,106
benthic,456,65
strigil,455,40
roof,455,70
moisten,455,146
houseleek,454,39
loire,454,90
annam,453,6
unwaxed,453,24
brook,453,34
cane,453,96
perga,452,30
porridge,452,45
mantle,452,171
apetalous,451,11
roughened,451,15
dermis,451,30
interaction,451,40
when?,451,111
duped,451,103
voracious,450,63
fastidious,450,6
wreath,450,91
ardea,450,79
hoe,450,87
morsel,450,118
hero,450,92
azalea,449,15
misuse,449,27
cobrys,449,52
romulus,448,9
pellitory,448,14
mite,448,90
lawlessness,447,29
august,447,108
acca larentia,446,12
sylvan,446,15
pygidium,446,49
thence,446,99
cudgel,446,98
euro,446,113
angular,446,78
senile,445,19
psoriasis,445,55
pharyngeal,445,123
devour,444,31
barbarous,444,57
eaten,444,104
servant,444,151
funicular,443,16
henna,443,9
yod,443,51
ellipsis,443,69
tubular,442,9
tortoise-like,442,33
erō,442,110
shearwater,442,97
centipede,441,21
pandora,441,18
cask,441,22
alder,440,39
twig,440,35
decomposition,440,48
frugal,440,103
apollo,440,51
mnesus,440,62
jambs,440,143
mastic tree,439,65
mendesian,439,75
bashful,438,4
decree,438,50
thither,438,114
basket,437,32
papyrus,437,17
woven,437,50
storksbill,437,39
aleus,437,38
kite,437,113
socus,437,143
imbros,436,17
savin,436,58
silken,436,18
perch,436,101
a-related,435,64
amphora,435,57
promontory,435,78
stunted ears,435,87
she-mule,435,90
entrance,434,38
zeugma,434,38
hazelwort,433,45
alabama,433,14
sheepskin coat,433,58
cough,432,37
callisto,432,23
tentacle,432,68
certain centauries,431,3
vetch,431,14
artemis,431,14
oasis,431,58
sighing,431,114
chalybes,431,72
phocas,431,82
rye,430,28
savin,430,81
goliath,430,25
scissors,430,65
see lemma,430,78
leprosy,429,41
gorgias,429,70
chione,428,16
woof,428,68
inca,428,113
hyssus,427,29
sunny,427,6
turmoil,427,45
erice,427,67
emesa,427,83
bleak,426,3
reddening,426,5
maid,426,16
oblong,426,7
vulva,426,82
honeysuckle,426,77
valerian,425,121
savage,424,44
promontory,424,82
noose,424,64
thereunto,424,100
scurfy,423,14
lyre,423,69
two-furrowed,423,21
palaemon,422,12
grey mullet,422,28
cagliari,421,36
procris,421,16
basket,421,37
comet,421,19
hearth,421,40
woven,421,114
pliable,420,29
vascular,420,56
incurved,420,10
among them,420,52
coeval,419,25
bereavement,418,58
roused,418,67
julian,417,17
gammon,417,71
anoint,417,22
baldmoney,417,29
unknown,417,66
basket,417,114
begun,417,137
lick,416,36
sierra,416,77
drupe,416,42
pretext,416,64
tiara,416,55
orchid,415,4
isca,415,37
chaste,415,5
erato,415,27
mistletoe,415,48
ragged,414,5
moulder,414,27
itylus,414,60
moustache,414,92
beech,413,27
filth,413,50
muddy,413,24
bipinnate,412,11
moulding,412,58
broom,412,52
otryne,411,28
custody,411,35
magistrate,411,93
einkorn wheat,411,72
olive grove,410,72
bejaia,410,52
inflorescence,409,6
sordid,409,16
trinity,408,32
stagnating,408,25
paphian,408,30
problematic,408,5
pumice,408,165
bristly,407,9
recently,407,76
submerged,407,8
rhodes,407,28
silken,406,10
quadrangular,406,4
egyptian plover,406,19
ling,406,30
abridged,406,28
successive,406,74
wild basil,405,70
hurdle,405,40
husk,405,45
gromwell,404,1
cuttlefish bone,404,7
torque,404,20
parch,404,122
rose campion,403,14
equal,403,101
bellerophon,402,7
angrily,402,52
lacunose,402,12
carian fig,402,21
haughty,401,30
sardinian,401,59
multicolored,400,13
maiden,400,44
tripe,400,81
bleat,400,102
fur-clad,399,41
noose,399,32
poppyhead,399,69
pomegranate-peel,399,65
lye,399,91
supreme,398,16
djemaa saharidj,398,75
uneven,398,43
iowa,398,129
mucius,397,14
meriones,397,22
chicken,397,49
ruthless,397,11
cubs,397,65
david,397,102
horned viper,397,21
necho,397,140
barrel-shaped comet,396,28
pythian,396,32
stairmaker,396,57
hero,395,17
neckar,395,53
myriad,395,88
promontory,395,129
steam bath,395,146
hieroglyphic,394,6
vinedresser,394,39
iridium,394,54
beroe,394,89
cottius,394,116
otus,393,109
nymph,393,97
pepperwort,392,3
fibular,392,16
martin,392,49
englishman,392,12
recurved,392,41
to adorn,392,46
atheist,392,53
epirus,392,53
nourishment,391,16
samoan,391,6
aquila,391,56
water parsnip,391,54
pericles,391,73
mama,391,109
herpes,390,68
girth,390,153
chamomile,389,2
rudder,389,6
bean trefoil,388,8
geometrical,388,39
pediatric,388,33
carthaginian,388,69
simois,388,56
robe,388,110
gnat,387,7
hemlock,387,24
amycus,387,51
varia,387,82
cyclops,387,58
bachelor,387,131
splinter,386,12
irritation,386,15
surety,386,101
reservoir,385,14
asphodel,385,16
orca,385,21
freckled,385,10
lyre,385,26
thorae,385,81
chosen,385,94
groma,384,51
aquatic,383,6
leucothoe,383,4
transverse,383,8
incomplete,383,13
angularize,383,89
sow,383,72
caryae,382,69
lunula,382,86
teos,381,82
hawk,381,69
portico,381,76
anian,381,141
proteus,380,2
baneberry,380,22
field maple,380,30
encloser,380,77
heifer,380,34
qoph,380,90
haughtily,380,102
palaemon,379,3
madder,379,7
cithara-playing,379,22
seminude,379,4
judas,378,75
zeus,378,83
fraternal,377,12
pact,377,77
dominican,376,5
marble,376,5
dirge,376,43
millet,375,15
delhi,375,47
strawberry tree,375,48
fiery,375,38
sorb,375,65
thurian,375,101
marigold,374,26
merchandise,374,89
hermit,373,18
rue,373,48
probe,373,36
idyrus,373,48
nelia,373,82
setting,372,31
mead,372,28
salmoneus,372,37
darling,372,58
venta,372,96
malformed,371,9
libation,371,42
polar,370,2
martha,370,35
capua,370,56
bounty,369,40
fiery,369,32
platysma muscle,368,4
noctua,368,17
chlorite,368,13
bacchus,368,15
achaea,368,55
inhabitant,368,126
marcus,368,131
gyrton,367,5
companion,367,25
taurus,367,37
idas,367,84
perennate,367,90
hernia,366,19
festive,366,33
mackerel,366,36
sahara,366,38
shook,366,77
oxhide,366,114
albanian,365,6
sorrel,365,32
cloak,365,33
brook,363,8
maple,363,65
troy,363,105
torch,362,21
balsam tree,362,26
naiad,362,45
mora,362,43
plundering,362,30
clover,362,45
nessus,362,36
cretan,362,110
ostia,362,87
wrestler,361,8
iridescent,361,11
sought,361,8
wife,361,35
cytoplasm,361,34
consul,361,66
paltus,361,29
samphire,360,13
antennae,360,52
din,360,56
almond tree,359,17
filth,359,47
pyrenees,359,51
imminent,359,54
meroe,359,64
man orchid,358,9
moray eel,358,30
bombast,358,29
cinnabar,358,35
malacca,357,4
vervain mallow,357,14
comma,357,35
mistress,357,38
excessive,357,104
bow-legged,356,13
burial,356,55
helot,356,75
entwined,356,100
cremna,355,51
slap,354,53
kindle,354,56
savage,354,62
multiform,353,4
sarmatian,353,31
planar,352,18
attractive,352,18
maiden,352,21
lyttus,352,9
bridle,352,69
coronilla,351,14
saviour,351,24
capped,351,36
hyllus,351,71
amen,351,68
loosening,351,66
nudium,350,75
aniene,350,67
bibulus,350,26
turk,350,19
hydride,350,48
theron,350,27
trickster,350,66
tuder,350,94
appearance,349,39
bdellium,349,75
banquet,349,122
eminent,348,20
triple,348,23
rye,348,26
marium,348,20
bald,348,53
carried,347,20
myra,347,98
david,347,127
awning,346,6
unknown,346,12
shepherd,346,43
uncultivated,346,69
twig,346,111
pie,346,95
locust,345,4
uncompleted,345,9
acilian,345,30
ross,345,39
columnar,344,10
engraved,344,13
gently,344,49
tav,344,50
pisiform,344,37
aram,344,86
unsteady,343,8
cloaked,343,22
caprine,343,14
third,343,51
battus,343,60
constantine,343,63
mugwort,342,2
hare,342,14
discordant,342,18
retrograde,342,9
olympic,342,8
phyleid,342,11
antelope,342,44
brooch,342,53
pimp,342,87
ocular,341,3
cotton thistle,341,22
film,341,55
angrus,341,70
flaxen,340,40
panther-like,340,6
fenugreek,340,47
forum,340,112
chaff,339,29
gnawer,339,63
sciolist,338,4
spleenwort,338,12
perception,338,19
recently,338,15
hymen,338,60
gens,338,77
danaus,337,1
stepped,337,32
musty,337,29
ionian,337,52
greenish-yellow,337,47
crustacean,337,75
occipital,336,12
dauria,336,13
cleft,335,91
hence,335,47
comet,334,30
constantine,334,40
myndus,333,9
excessive,333,16
rectum,333,56
lightning goddess,332,3
ptarmigan,332,10
tun,332,34
innate,332,4
peel,332,68
toga,332,135
turanian,331,6
stammering,331,43
merlin,331,40
phrygia,330,28
istros,330,32
radiates,330,43
cabyle,330,48
uranus,330,95
having wept,329,7
partition,329,42
nubian,329,16
knidos,329,46
cavern,329,63
nabataean king,329,78
intangible,328,13
dovish,328,6
intestinal worm,328,32
maple,328,58
clod,328,51
globuliferous,327,3
manna,327,37
hoe,327,76
gift,326,73
bladder cherry,326,72
andros,325,40
puran,325,59
to lengthen,325,47
violent,324,10
cauldron,324,32
volute,324,9
strangulation,324,38
grappling hook,324,48
dagger,324,49
cerasium,323,12
gravelly,323,14
molar,323,16
beaver,323,36
bream,323,44
impoverished,323,8
first,323,71
papyrine,322,3
flask,322,26
sand smelt,322,25
crib,322,43
hyades,322,24
elk,321,12
lycaon,321,44
idaho,320,22
serpentine,320,4
bishopsweed,320,31
tebi,320,75
titanated,320,63
circe,320,118
hemorrhoid,319,5
fatigue stone,319,36
trojan,319,33
alba silvius,319,131
flyswatter,318,3
protium,318,6
brazil,318,35
strangled,318,9
bel,318,38
ruffling,318,43
hermes,318,26
rutted,317,35
bridle,317,74
tartarus,317,29
nod,317,107
daniel,316,46
three-pronged,316,19
interwoven,316,9
glittering,316,39
trillium,315,11
lappago-like plant,315,7
varied,315,19
unbecoming,315,12
british,315,12
pear tree,315,25
thousand,315,55
hoarfrost,315,76
sisyphus,314,17
edonian,314,39
millet-related,314,12
fathom,314,16
snore,314,50
addition,314,21
diabolic,314,9
elis,314,56
pursuing,314,115
andromeda,313,4
said,313,84
tress,313,51
medial,312,28
relaxation,312,37
herculean,312,31
ligurian,312,44
goddess,312,79
thirty each,311,4
charybdis,311,16
equestrian,311,10
stonecutter,311,53
corvine,311,6
shaggy-leaved,311,5
sergius,311,77
cupid,311,84
slaughter,311,88
wallet,310,12
moisten,310,5
levana,310,27
aunt,310,29
tegea,310,11
syros,310,13
abbot,310,73
red mullet,310,31
whence,310,107
stork,309,48
thicket,309,61
finest wool,309,56
irish,308,3
tegea,308,27
lerna,308,27
adic,308,61
capys,308,101
hoe,307,18
bent,307,27
fibrous,307,39
istria,307,32
terminus,307,92
cape,307,73
barrel,307,72
langon,307,115
castellar,307,97
bitter vetch,306,2
scarlet pimpernel,306,15
parsnip,306,8
stammering,306,40
almond,306,48
algae,306,73
bristly oxtongue,305,6
most glorious,305,7
salamander,305,6
marsyas,305,24
malt,305,39
aphrodite,305,14
eresus,305,44
clod,305,81
porcini mushroom,304,8
half-black,304,4
leonine,304,9
pelagic,304,3
jupiter,304,25
talaus,304,61
rural,304,15
doe-eyed,304,20
tuff,304,103
hermione,303,5
glaphyrae,303,7
buskin,303,16
clayey,303,16
wreath,303,13
western,303,33
osiris,303,53
danish,302,33
parchment,302,48
shrill,302,20
generation,302,30
melilot,301,9
bryony,301,16
entangled,301,9
went,301,77
ramiflorous,300,3
monk,300,14
leprous,300,9
drawn,300,22
mystic,300,18
thor,299,21
roof,299,57
nahe,299,81
neighbor,299,48
infernal,298,4
millet ear,298,29
pallene,298,19
lecherous,298,68
rasp,298,92
japan,297,17
horehound,297,13
serifos,297,4
labyrinth,297,32
persuasion,297,53
allis shad,296,33
double mattock,295,5
done,295,52
iole,295,38
bleary-eyed,295,52
marea,295,83
sixth,295,81
obelisk,294,9
chaffy,294,11
pestle,294,46
shrub,294,20
woad,293,11
black-bellied,293,7
hexagonal,292,22
sororal nephew,291,25
locris,291,25
aloft,291,43
aristeus,291,23
biston,291,48
mercenary,291,25
merchant ship,290,12
nocturnal,290,22
loir,290,48
rhodope,290,28
elytron,290,82
ennius,290,72
chariot,290,125
controversial,289,8
herpes,289,31
cutting,288,17
marshmallow,288,12
globule,288,23
hellen,288,17
cherry,288,40
agora,288,70
sororal niece,287,10
centaury,287,24
guineafowl,287,4
apollo,287,24
quail,287,18
resin,287,47
pastoral,287,50
gibraltar,287,57
productive,287,37
vat,287,99
hosea,287,128
ichnae,286,4
semele,286,7
friable,286,11
tumour,286,28
epaphus,286,19
inedible,286,29
tuple,286,63
hoplite,285,29
reproachful,285,23
weft,285,20
flautist,285,13
balsam,285,30
esther,285,21
bavarian,284,22
unrolled,284,19
rosemary,283,3
stilts,283,18
isis,283,55
weft,283,68
cepheus,283,34
jasper,283,42
atlantean,283,64
axle,282,27
hecate,282,34
marine,281,4
bas relief,281,6
lycidas,281,38
teate,281,46
trough,281,20
nominalizer,281,74
apollonia,281,86
bede,281,104
adverbializes,280,22
excelling,279,7
agis,279,9
double,279,18
bramble,279,21
pistachio tree,279,27
pleasant,279,39
rhypes,279,49
hawk,278,12
euterpe,278,15
laurel,278,18
cymbal,278,26
mugwort,278,76
hawk,278,21
sar,278,44
dung,278,87
roof-tile,278,59
foliate,277,14
lydia,277,34
snailery,277,29
jacob,277,68
done,277,131
juno,276,33
steely,276,7
drainage ditch,276,34
squill,276,85
interstitial,275,2
torch,275,24
titan,275,38
controlling,275,27
rasp,275,43
manger,275,106
aryenis,274,14
amber,274,19
phidippus,274,6
vesiculose,274,11
lectress,274,16
syrian,274,25
aea,274,31
strait,273,37
oxymel,273,57
evasion,273,65
elecampane,272,12
peep,272,12
resinous,272,17
skiff,272,41
elysian,271,15
moon trefoil,271,51
vigorous,270,15
girdled,270,6
ethiopian,270,32
lance,270,54
goat-hair cloak,270,52
millstone,270,75
triad,270,68
immortelle,269,10
deadly carrot,269,23
sea squirt,269,47
foundation,269,32
veii,268,3
viper,268,9
anchovy,268,32
julia,268,28
medea,268,56
franco,268,64
indium,268,51
marettimo,268,69
hygieia,267,28
whitened,267,15
oriole,267,27
lentisk,267,54
brisk,267,6
ribbon,267,22
inclined,267,28
dogbane,266,2
tetanus,266,21
geneva,266,18
sonorous,266,9
clove tree,266,23
oblique,266,45
baba,266,77
bacchanal,266,61
imitator,265,5
blue pimpernel,265,12
lark,265,20
tripoli,265,42
glutton,265,33
agrimony,265,29
thomas,265,50
clew,265,75
viscera,265,69
whither?,264,50
denude,264,69
pliant,264,31
belly,264,77
imitator,263,4
tankard,263,6
pyrenees,263,19
immortal,263,58
campaign,263,69
secondary,263,48
shears,263,37
dung,263,56
quadrangular,263,6
white-bellied,262,3
anafi,262,22
male cicada,262,31
ungulate,262,25
arcturus,262,25
naked,262,41
beheld,262,61
ophthalmic,261,5
arrogance,261,16
caledonia,261,14
trypanosome,261,27
eumaeus,261,57
sluice,261,84
porcelain,260,12
finished,260,22
abortive,260,10
related,260,62
caeculus,260,17
osmosis,260,38
pyree,260,46
sphinx,260,55
coot,259,1
uncleanness,259,13
specular,259,11
trifle,259,17
actress,259,20
macron,259,56
nimble,259,83
uncle,259,47
harden,259,46
frequently,259,112
lad,258,1
willow,258,10
ivy,258,7
false orpine,258,8
udder,258,59
fermentation,258,27
inclination,258,20
lamentation,258,46
forearm,258,51
carriage,258,42
truly,258,100
bur-reed,257,13
politician,257,8
recompense,257,6
phacium,257,16
perch,257,19
ephesius,257,12
carapace,257,41
panther-like,257,19
oceania,257,48
nucleate,257,66
lividly,257,65
allan,257,59
tatius,257,97
papyraceous,256,9
castellar,256,11
cartilaginous,256,13
upturned,256,32
lightened,256,20
promontory,256,30
myrrh,256,29
enclosed,255,7
scaly,255,4
campanian,255,26
ocular,255,29
gelon,255,46
nautes,255,47
supine,255,49
solar,254,16
obstetric,254,36
quarrelsome,254,8
thicket,254,42
propagule,254,36
amber,254,14
hades,254,32
scythian,254,68
reindeer skin,254,57
artemis,254,88
obstinate,253,1
plum,253,6
sift,253,12
groats,253,28
luke,253,107
equalization,253,80
pharynx,253,59
yoked-together,252,6
inlet,252,15
diandrous,252,8
cobwebbed,252,13
unpleasant,252,19
shrub,252,14
melinoe,252,42
equal,252,34
sepias,252,33
tadpole,252,54
oblique,252,37
-graph,252,67
avoidance,252,76
priest,251,32
cydonia,251,14
aquiline,251,11
naxos,251,38
gagae,251,73
goat milker,250,6
phoenician,250,9
adherent,250,26
feline,250,14
arabian gem,250,18
overthrown,250,10
turbaned,250,21
burdock,250,61
red mullet,250,81
poet,250,44
aloe,250,60
petition,249,28
red ochre,249,22
be sated,249,27
stinking juniper,249,30
fourth-year students,249,32
tavium,249,75
slavery,249,94
enema,249,79
rake,248,23
likelihood,248,49
etruscan,248,12
thick-lipped,248,9
incommensurability,248,27
clement,248,4
venetian,248,26
marble,248,17
turnip,248,37
john dory,248,68
hawk,248,42
triangular,247,10
carnivorous,247,17
keg,247,19
mill,247,35
alkalis,247,70
abuser,247,44
buttock,247,69
commensurate,247,68
ravenlike,246,1
caltrop,246,6
alliance,246,7
cancerwort,246,5
robber,246,16
serpent,246,6
sated,246,45
banquet,246,52
pencil,245,1
oriole,245,5
first,245,4
woollen,245,12
wergeld,245,21
minnow,245,12
basket,245,55
anise,245,55
white terns,245,51
hippocrates,245,66
rhinoceros,244,8
attractive,244,15
sulphurous,244,4
pyrenees,244,17
helium,244,8
derna,244,32
oxeye,244,19
rural,243,8
pellitory,243,9
jujube,243,12
quack,243,15
sais,243,30
uncultivated,243,13
sandalwood,243,27
equally,243,25
temporal,242,16
unicorn,242,13
division,242,32
fatso,242,28
lethe,242,34
willow,242,113
said,242,111
gravel,241,20
shepherd,241,28
caught,241,25
turk,241,57
lutist,241,51
basket,241,78
ambrosia,240,22
conger eel,240,37
horned viper,240,29
weight,240,49
torpor,240,29
clanis,240,50
skin disorder,240,42
bristle,240,105
devour,239,6
having stipulated,239,23
rhenish,239,10
phorbas,239,8
pestle,239,21
sea urchin,239,44
blume,239,30
vascon,239,32
tessera,239,47
thousand,239,75
podaleirios,238,5
cassiopeia,238,4
hvar,238,11
cadi,238,31
italian,238,45
jaundice,238,44
gyges,238,65
greece,238,53
neæra,237,12
sage,237,16
pulmonary,237,34
mare,237,35
gibraltar,237,46
organized,236,23
sweet chestnuts,236,73
circularly,235,2
atys,235,13
fig,235,25
brook,235,44
barrel,235,70
are,235,86
felled,234,11
almond,234,9
lycia,234,27
cessation,234,22
sickle,234,50
devouring,234,100
uruguayan,233,1
oleander,233,11
ajax,233,13
filth,233,13
gregarious,233,9
indicative,233,34
herald,233,13
tyranny,233,13
starwort,233,56
messenger,233,45
dunghill,233,22
whelp,233,36
agrianes,233,64
elizabeth,232,4
gladiator,232,8
straddle,232,23
tunic-wearing,232,39
boor,232,60
lebanese,232,31
smack,232,28
tench,232,67
elm plantation,231,14
interposed,231,13
hoplite,231,35
nettle,231,37
stygian,231,55
honor gift,230,15
truncated,230,11
trochee,230,23
roe,230,19
servile,230,57
irradiate,230,54
parchment,230,26
capsa,230,41
sao,230,77
atheism,230,92
houseleek,229,21
mole-covered,229,5
quadrifid,229,3
italo,229,23
snub-nosed,229,18
doubling,229,33
embankment,229,49
caudal,229,60
urn,229,48
violent,228,5
merchant vessel,228,25
chitinous,228,36
muscular,228,21
amydon,228,57
antimony,228,52
idmon,228,31
distaff,227,10
circean,227,19
dovecote,227,8
nauseousness,227,8
be permitted,227,33
sack,227,34
one-hundredth,227,34
nile,227,37
sagra,227,24
basket,227,23
asia,227,54
cumin,227,68
emanation,227,64
white poplar,226,6
lucanian,226,10
lichwort,226,13
faun,226,9
sharpened,226,11
diurnal,226,19
heavier,226,47
platter,226,35
dacia,226,31
trochanter,226,43
pinnacles,226,143
formerly,225,23
corm,225,20
mortar,225,34
withdrawal,225,61
japanese,225,89
spiked watermilfoil,224,1
brescia,224,11
saline,224,4
candelabrum,224,12
inscribed,224,13
ostrich,224,24
dinner,224,31
rhombus,224,28
play,224,34
maidenhair fern,224,25
laundrywoman,224,46
ad unguem,223,7
pudendum muliebre,223,48
wych elm,223,35
scolion,223,18
excavate,223,47
basket,223,22
girdle,222,2
ectropion,222,3
mississippi,222,13
heifer,222,14
ctesiphon,222,28
sieve,222,34
australian,221,1
consanguine,221,2
saffron thistle,221,14
went,221,27
oily,221,10
raven,221,13
timid,221,23
conger eel,221,33
cockle,221,60
basket,221,49
woodpecker,221,46
bogus spice,221,59
korybant,220,12
unthought,220,27
three-furrowed,220,10
gargano,220,20
russia,220,58
motes,220,93
rapacious,219,7
bryony,219,4
player,219,10
cherry laurel,219,2
ashcoloured,219,19
nesebar,219,14
chatter,219,42
macronematous,219,7
hock,219,44
pike,219,73
bedouin,218,2
four-coloured,218,6
companion,218,9
pekinese,218,4
quadrangle,218,10
golden,218,6
cloak,218,13
villatic,218,34
ronda,218,29
companion,218,22
mattock,218,34
thaumas,218,28
dagger,218,39
javelin,217,21
sought,217,38
heraclea,217,11
burnt,217,5
worn,217,19
taygetos,217,20
kingfisher,217,59
hardened,217,25
hero,217,48
dystus,217,36
reduction,216,9
calypso,216,9
pollinium,216,22
taiwanese,216,6
tortoise,216,20
palestinian,216,4
sultan,216,30
tanagra,216,37
setia,216,71
cremaste,215,23
estonian,215,17
diademed,215,15
curia,215,46
marten,214,6
mephitis,214,12
wrapping cloth,214,35
beaten,214,89
equinoctial,213,3
hamadryad,213,9
stripped,213,7
princely,213,14
beloved,213,12
bucephalus,213,16
greyhound,213,6
assayer,213,20
aigio,213,39
corsica,213,50
belize,212,13
cavernous,212,8
buckthorn,212,13
serpent,212,36
achaean,212,26
biferous,212,38
moorish,212,62
guillemot,212,94
tricca,211,4
dolphinfish,211,9
naples,211,5
silky tufts,211,29
flexible,211,8
jaundiced,211,11
enchant,211,28
light-shunning,211,7
pharaoh,211,19
bipedal,211,64
striding,211,70
adjectival,211,50
ewe lamb,211,61
archaeon,211,29
pebble,211,52
getian,211,49
thong,210,5
solar,210,7
incense,210,16
enclosed,210,5
unsuitable,210,11
galingale,210,23
linear,210,62
paver,210,47
ionidae,209,37
galaxy,209,14
gorgon,209,24
ised,209,58
nereid,209,28
acquaintance,209,42
enlarged form,209,94
bleak,208,6
defecate,208,22
julian,208,7
eboracum,208,17
vales,208,28
orobiae,208,31
glutton,208,16
inner chamber,208,58
pessary,208,14
wife,208,78
spelt,207,23
polyhymnia,207,14
pandura,207,16
pirene,207,28
province,207,15
gadfly,207,37
paved road,207,42
bucephalus,207,21
proof,207,25
horehound,206,3
medic,206,5
rhenea,206,7
beech marten,206,15
strumous,206,9
proboscis,206,22
pelops,206,15
dardanus,206,39
ceva,206,72
fondi,206,73
maidenly,205,2
cherry tree,205,6
female harpist,205,8
majesty,205,17
pug-nosed,205,11
placenta cake,205,25
sceptre,205,31
aquatic,205,33
scylla,205,18
diminution,205,67
nomadic,205,69
albugo,204,13
fiery,204,10
deflected,204,7
rhea,204,15
drooping,204,16
withdrawn,204,21
director,204,35
sila,204,32
donkey,204,56
hoarse,204,48
poppy,204,23
difference,203,6
unexpected,203,3
unaccustomed,203,8
pyramid,203,18
moan,203,35
tuft,203,23
ploughshare,203,45
golden headband,203,27
goblet,202,14
cavernous,202,6
gilthead,202,23
mount sipylus,202,6
spinach,202,19
agnate,202,20
gypsum,202,38
mahaleb,202,48
edelweiss,201,1
chameleon,201,3
to endow,201,23
austere,201,5
unnamed,201,4
unripe,201,17
sustenance,201,27
spleenwort,201,22
fetter,201,49
pouch,201,40
jasper,201,76
wall germander,200,4
hawk,200,9
cleft,200,6
telescope,200,8
conjunction,200,13
winnowing fan,200,27
bitter lettuce,200,51
palmaiola,200,48
harrow,200,51
countenance,200,57
reverential awe,200,51
aea,200,82
acestes,199,11
nebula,199,15
skink,199,13
enlargement,199,36
corn basket,199,33
radiation,199,48
addition,199,70
mandonius,198,4
incense,198,10
weakened,198,6
ermine,198,27
haughty,198,3
dione,198,15
white poplar,198,26
aphrodite,198,25
hermaphroditus,198,10
tithonus,198,25
rhodium,198,22
piscine,198,41
cinyphians,198,77
donkey,198,68
arethusa,197,3
hippolyte,197,4
medusa,197,23
ashen,197,10
gordium,197,28
ponza,197,28
unleavened,197,43
actuate,197,58
admirable,196,7
carline thistle,196,3
cerberus,196,14
adonic verse,196,19
hare,196,33
ploughing,196,37
sowing,196,47
hyacinthus,195,2
prone,195,30
dodona,195,24
limber-footed,195,10
oresbius,195,12
priestess,195,16
lais,195,35
atalanta,195,9
brazen,195,18
egeria,195,31
dun,195,35
claros,195,76
unquenchable,194,9
aulus,194,21
panther,194,20
mosaic,194,40
turban,194,32
tiber,194,40
briseis,194,41
aconite,194,27
pork cut,194,48
cumae,193,25
aenus,193,15
medusa,193,21
pasiphae,193,12
uncut,193,25
horticultural,193,26
female companion,193,39
oricum,193,49
plato,193,38
tereia,193,56
bodily,192,27
sacrificial knife,192,18
cow parsnip,192,8
second,192,17
heteroclitic,192,4
nourishment,192,16
roof tile,192,38
motya,192,44
fluctuation,192,11
ares,192,39
haphazardly,192,53
christ,191,2
alexandra,191,8
linden,191,12
booted,191,11
enriched,191,34
saint,191,19
companion,191,55
semiotics,191,27
shawl,191,33
allen,191,66
currycomb,190,13
traveller,190,5
artful woman,190,11
admetus,190,15
unshaven,190,10
to gourmandise,190,38
senio,190,31
intricate knot,190,14
minos,190,37
generative,190,51
humerus,190,40
dung beetles,189,1
serpent,189,4
pomade,189,10
goldfinch,189,11
ducal,189,10
tallow candle,189,12
belgic,189,7
warrior,189,25
granary,189,13
como,189,52
mercurial,188,4
boredom,188,11
flax-leaved daphne,188,12
curative,188,20
enigmatic,188,3
carnyx,188,37
dryopes,188,24
dodona,188,26
robber,188,63
obelus,187,6
empusa,187,17
loosestrife,187,5
estate,187,12
salpinx,187,8
furious,187,11
scytale,187,17
stupefy,187,23
treverian,187,22
elean,187,49
clematis,186,1
hellebore,186,1
tolerance,186,7
servile,186,6
pear-shaped,186,3
england,186,19
atropos,186,36
dido,186,49
palma,186,61
oxide,186,53
rhubarb,186,46
woodpecker,185,13
squid,185,16
fortified,185,10
geometer,185,4
figwort,185,11
caecum,185,24
samphire,185,40
cinders,185,34
minstrel,185,40
yahweh,185,110
broom,184,8
hercules,184,6
mulberry,184,19
gift,184,17
copae,184,16
cornucopia,184,10
marmot,184,13
ursa major,184,18
histrionic,184,6
bougainvillean,184,13
phasis,184,19
merope,184,37
lees,184,51
iamb,184,70
pyrenean,183,4
mullet,183,10
triangular,183,3
hindmost,183,13
waxen,183,4
idaean,183,12
fly-related,183,7
niobe,183,19
drone,183,10
thirty times,183,26
cuirassed,183,12
shod,183,17
phasis,183,40
leathern,183,45
campanians,183,33
tolerant,183,46
ismene,182,4
sambuca player,182,3
sickle-bearing,182,3
dissection,182,18
sneezewort,182,10
auction,182,14
orion,182,16
indiana,182,15
natal,182,28
greenfodder,182,13
chrysolite,182,31
crucible,182,24
paleis,182,51
noah,182,39
amazons,182,49
hymen,182,31
uncertainty,181,4
excavated,181,16
hokkaido,181,22
dacian,181,7
spaniard,181,27
helen,181,15
stern,181,43
goetze,180,4
pomponia,180,10
camel,180,7
equals,180,34
charon,180,20
stripped,180,9
equipped,180,8
scrotum,180,25
gnawed,180,11
milvian,180,35
excise,180,12
ensnared,180,19
mosque,180,30
fenugreek,180,27
setting,179,4
antissa,179,4
unsettled,179,17
calenian,179,35
uncial,179,15
germanicopolis,179,23
female puppy,179,44
sobek,179,57
promontory,179,83
asterisk,178,5
unexpected,178,5
gades,178,21
gnawed off,178,21
onward,178,24
yèvre,178,49
wanton,178,17
tymnes,178,29
promontory,178,30
black mulberry,178,51
silphium,177,11
elath,177,31
fillet,177,22
psychological,177,32
din,177,31
riga,177,70
combative,176,7
skiff,176,8
livid,176,16
laburnum,176,15
jejunum,176,6
borinus,176,26
colonnade,176,19
gentian,176,10
sea heath,176,17
gluttonous,176,18
indissoluble,176,37
sarepta,176,16
dormouse,176,32
orate,176,63
aegis-bearing,175,3
anogon,175,5
bastard,175,22
latona,175,19
shepherd,175,10
decomposed,175,9
hypnos,175,16
libyan,175,6
aorsi,175,31
ephemeral,175,30
emir,175,38
alicudi,175,26
pennyroyal,175,18
andalusian,175,10
gelding,175,53
forborne,175,53
seabream,174,4
nasal,174,4
nireus,174,7
wattled twigs,174,5
intact,174,11
hempen,174,10
enclosed,174,5
northern,174,38
paros,174,12
babylon,174,10
harran,174,50
celtic tribe,174,20
taras,174,30
adored,174,28
indomitable,174,56
zeleia,174,34
anserine,173,9
unknown gem,173,11
moth-infested,173,17
annexed,173,26
myna,173,40
neades,173,18
squinting,173,28
couch,173,19
broom,173,44
symbiotic,173,29
abundance,173,58
plaice,173,35
pyre,173,46
atlantic ocean,173,37
anubis,172,11
meadowrue,172,15
sigeum,172,35
nervian,172,40
inglorious,172,18
flog,172,39
she-camel,172,45
fortress,172,46
wales,172,58
koch,172,41
ionian,172,55
abijah,172,57
cocklebur,171,2
treecreeper,171,9
denigrator,171,9
gnawed,171,31
maxillary,171,10
unclean,171,15
mingled,171,6
growth,171,22
genetic,171,26
darkening,171,46
lerna,171,32
marriageable maiden,171,78
comfrey,170,4
digger,170,13
hungry,170,8
varna,170,19
legion,170,21
delphi,170,44
woad,170,53
weevil,169,1
stade,169,9
lachesis,169,6
courtesy,169,10
mental,169,11
abducted,169,27
polluted,169,5
chicory,169,12
benson,169,10
pearled,169,5
vulcan,169,10
tepid,169,38
hera,169,43
hearth,169,48
vesta,168,19
ligurian,168,6
stolen,168,9
squeamish,168,5
pious,168,11
gently,168,30
refilled,168,21
dyme,168,31
starling,168,18
salema,168,22
shaved,168,15
asea,168,36
pallas,168,15
chile,168,45
scolus,168,35
horrible,168,31
kneading trough,168,29
billow,168,64
nowise,168,57
armene,167,5
vestal,167,9
digger,167,6
bowie,167,11
palma,167,5
sesame,167,11
curly,167,4
etruscan,167,16
cargo,167,29
philae,167,48
germander,166,4
pankration,166,6
sarcophagus,166,7
coal,166,3
exotic,166,3
aquileia,166,21
cedar,166,28
twenty,166,26
herald,166,49
customary,166,25
gyndes,166,61
church,165,7
variegated,165,7
tyrant,165,6
unwarlike,165,16
stentor,165,18
nymph,165,18
hinny,165,29
baptism,165,14
bubastis,165,8
breaden,165,21
francium,165,5
tubule,165,19
arvern,165,12
gnomon,165,15
drone,165,26
flitch,165,49
tannin,165,39
ariston,165,31
boar,165,55
battlements,165,78
antlike beetles,164,1
hydra,164,17
investigator,164,5
migrating,164,11
catiline,164,13
grocery,164,33
adroit,164,9
fennel,164,14
phelloe,164,34
shortened form,164,42
olive pomace,163,3
cyme,163,8
talkative,163,10
primeval,163,11
crutch,163,19
peltast,163,16
briar,163,41
squinting,163,25
becker,163,26
crown,163,54
attenuation,163,36
runner,162,3
aphytis,162,5
trumpet maker,162,10
amphitrite,162,4
recurve,162,23
cassia,162,68
vetch,162,54
oblongate,162,64
truly,162,66
fawning,161,20
chemistry,161,5
veneti,161,16
avicenna,161,10
bullfinch,161,16
avars,161,40
shorn,161,34
christian,161,23
barley porridge,161,42
melpomene,160,4
hellebore,160,4
nearby,160,10
greater celandine,160,9
croesus,160,11
slap,160,21
lutetium,160,19
sibyl,160,14
cities,160,19
hostess,160,24
buffoon,160,19
mackerel,160,54
aural,160,51
styx,159,14
vermiform,159,5
prometheus,159,10
net maker,159,14
small lance,159,31
scorching,159,12
idiot,159,21
wealth,159,39
unclean,159,11
fortress,159,13
plough handle,159,22
barak,159,38
distress,159,46
poseidon,159,36
infant,159,32
oceanus,159,35
companion,159,43
first fruits,159,39
manna ash,158,7
vigil,158,10
nutrition,158,5
enclosed space,158,12
henbane,158,11
wooden,158,12
roe deer,158,5
fourth,158,30
whitish,158,7
flaccid,158,34
ticino,158,19
depilated,158,33
aquiline,158,44
scylla,158,27
reate,158,54
fourth time,158,66
miletus,157,4
paradisiacal,157,9
went,157,28
sunium,157,29
galerius,157,21
bandit,157,31
thessalian,157,6
commoners,157,43
sprat,157,40
ankara,157,30
gnome,157,36
israel,157,19
pulsatile,157,26
lade,157,42
ephorus,157,23
poplar,157,44
indulgence,157,68
multicoloured,156,5
cyrenaica,156,5
spotted,156,14
amethyst,156,20
panormitan,156,3
hindered,156,11
tripartite,156,19
mission,156,11
grub,156,21
confluent,156,12
crook,156,31
recoil,156,23
beech marten,156,47
sat,156,53
decision,156,41
gaia,156,67
helleborine,155,3
zephyr,155,9
nephthys,155,4
goblet,155,24
centaur,155,15
ararat,155,11
sumac,155,26
servant,155,38
selinunte,155,36
expedition,155,20
generation,155,29
excision,155,61
rhizome,154,6
wagtail,154,8
unpleasant,154,5
antonia,154,24
by weight,154,24
sheaf,154,32
modius,154,23
gaius,154,26
syria,154,44
pawn,154,57
dung beetle,154,33
bilhah,154,55
sale,153,5
pectinal,153,5
wife,153,6
stone curlew,153,14
buck,153,18
cleopatra,153,6
chariot,153,10
head-underneath,153,3
turmoil,153,12
bithynian,153,13
vespertine,153,26
eyelid,153,22
persia,153,47
gnashing,153,43
huckster,153,57
pylian,153,69
paternal,153,53
ethiopian,152,3
goddess,152,5
survey,152,3
starry,152,26
exclamation,152,9
rogue,152,13
azov,152,10
thrown,152,30
scotland,152,18
taxila,152,9
polybius,152,12
paralus,152,45
anapo,152,35
alecto,151,5
two-bristled,151,7
variant spelling,151,4
fleece,151,30
hungry,151,41
-headed,151,27
jason,151,23
memnon,151,15
unpleasant,151,38
iris-made,151,43
immortality,150,2
nautical,150,5
oregano,150,10
diabetes,150,10
ibis,150,37
asparagus,150,15
albanus,150,14
scrofula,150,21
lazarus,150,33
cinna,150,28
lucca,150,48
clergy,150,64
basil,149,2
chimera,149,8
unknown,149,5
geographical,149,5
sarus,149,13
initial,149,26
cogon,149,11
silenus,149,25
awn,149,56
bisaltian,148,1
orestes,148,5
juniper,148,15
bordeaux,148,14
wooden,148,8
cape tunic,148,14
proetus,148,25
persuasive,148,29
nisa,148,29
hebrew,148,33
surname,148,53
troy,148,40
yoke,148,47
hades,148,48
athamas,147,7
timorous,147,6
trifler,147,14
unhappy,147,5
restharrow,147,16
chorion,147,15
colossus,147,24
irregular,147,21
khitans,147,12
lade,147,34
wattled,147,13
lasaea,147,9
terina,147,48
crystalline rock,147,40
chervil,147,25
delos,147,38
anterior,147,70
javelin,147,46
polygon,146,1
thanatos,146,1
episcopal,146,3
embroidered,146,9
thyatira,146,6
thuringian,146,19
shrub,146,5
olenus,146,16
alpine tribe,146,21
ephyra,146,16
birthwort,146,22
quid,146,18
tame,146,39
fallow deer,146,43
byblos,145,7
africa,145,18
rhamnus,145,14
opal,145,11
bellona,145,16
harden,145,42
orphan,145,30
orphan,145,19
chaff,145,46
capon,145,57
pottage,145,48
cobwebby,144,1
upright,144,3
surety,144,3
terpsichore,144,6
representative,144,6
cardamom,144,6
destined,144,28
caudal,144,39
viper,144,17
laurentum,144,17
toad,144,21
gallium,144,28
jewish,144,31
isaeus,144,23
amanus,144,64
buffoon,143,4
mischief,143,5
nymph,143,3
evere,143,15
duris,143,34
greaved,143,9
nun,143,33
german goose,143,42
elegance,143,36
louse,143,50
atlas,143,36
mekong,142,3
to cough,142,13
executioner,142,14
panopeus,142,14
obol tax,142,16
rigging,142,12
rhodopis,142,22
marble,142,32
didius,142,39
orodes,142,29
chariot,142,38
mead,142,39
celt,142,36
negros island,141,1
steenbras,141,7
damascenus,141,7
wailing,141,14
tormented,141,21
mule,141,19
lying,141,35
doubled,141,26
tyrian,141,25
anoint,141,46
cottage,141,28
australia,140,1
doable,140,8
calliope,140,10
monkshood,140,11
cloak,140,8
cleavers,140,13
caudal,140,9
tinos,140,15
javelin,140,19
golden thistle,140,9
botulus,140,28
straddling,140,20
ecology,140,58
asian,140,29
ordinal,140,65
recompense,140,69
somewhat hairy,139,3
counsel,139,5
viticultural,139,7
culled,139,7
togate,139,23
vernal,139,13
grammar,139,32
lamented,139,37
goddess,139,53
isae,139,70
tyana,139,69
martagon,138,6
triple,138,6
wood pigeon,138,15
gorgias,138,14
freckles,138,19
isère,138,46
polaris,138,37
saviour,138,17
dung,138,32
emulate,137,3
ceyx,137,3
balsamic,137,4
torch,137,20
hestia,137,20
quelea,137,16
agrarian,137,7
buried,137,8
unmarried,137,2
paphos,137,14
muscular,137,6
aquatic,137,14
skink,137,17
pliers,137,13
psylli,137,32
unsuffering,137,21
boötes,137,23
olympia,137,20
perfumer,137,17
transverse,137,30
gens,136,7
companionship,136,10
ebulum,136,13
alliance,136,5
pirate,136,21
flexible,136,12
olivewood,136,21
owlet,136,12
byzantine,136,3
stinking tutsan,136,20
lamentation,136,28
curtius,136,25
departure,136,13
duumvir,136,32
enclose,136,43
sea bream,136,64
unchangeable,135,1
sapporo,135,2
lair-rich,135,3
caesareus,135,3
metaphorize,135,11
persephone,135,5
unsuitable,135,6
ginseng,135,13
leek,135,18
amanus,135,32
resinous pinewood,135,33
rut,135,51
trough,135,20
bendis,135,41
heather,135,44
montpellier,134,1
fluvial,134,3
golden-berried,134,4
aesop,134,13
numidian,134,14
cerberus,134,24
jesse,134,7
calamus,134,23
encircled,134,9
antinous,134,8
livia,134,31
chrysolite,134,43
loryma,134,36
nereidean,134,38
neighbor,134,26
devour,133,1
circumnavigation,133,6
rectilinear,133,11
servius,133,3
miller,133,16
coppersmith,133,5
sapphirine,133,5
spacious,133,6
marseille,133,30
bullroarer,133,14
pulley,133,10
rock pigeon,133,28
chosen,133,26
lividize,133,46
anointed,133,36
pallidal,133,63
aeaeus,133,45
tibet,133,59
macrochaeta,132,4
jackdaw,132,3
semicircular,132,5
nightmare,132,5
farmeress,132,8
sarissa,132,18
bugler,132,44
papyrus,132,24
improperly,132,40
sieve,132,20
stirrer,132,37
to sow,132,41
double,131,7
youthful,131,9
arbutus-leaved,131,4
cochineal-producing,131,5
aerial,131,9
berried,131,5
karelia,131,5
shown,131,5
illyria,131,10
ankara,131,23
gorgons,131,25
phlebotomy,131,12
america,131,23
eden,131,30
ramnes,131,42
bail,131,30
ibycus,131,40
water parsnip,131,49
latin woman,130,17
bolax,130,12
zalmoxis,130,18
erasinus,130,14
hellebore-like,130,9
abkhasian,130,4
pentheus,130,15
vetchling,130,27
gait,130,27
perfidious,130,8
caprine,130,10
resin spurge,130,25
uncovered,130,15
sheaf,130,26
beryl,130,23
gravel,130,29
naso,130,30
roman camomile,129,1
caryanda,129,3
pharsalia,129,3
urnlet,129,15
unjust,129,10
met,129,34
oscar,129,27
refolded fabric,129,16
labial,129,31
mann,129,36
gideon,129,26
rhubarb,128,1
chrysalis,128,2
silken,128,3
receding,128,7
argilus,128,14
elone,128,13
amygdala,128,17
hispaniola,128,6
neda,128,29
diamond-shaped,128,6
eastern,128,29
laden,128,8
athens,128,22
dnieper,128,9
lantern,128,26
bachelor,128,35
chersis,128,28
plague,128,37
mina,128,22
comet,128,26
jovian,128,30
equip,128,27
silken,128,23
mount saos,128,25
arcadian,128,50
ariaeus,128,76
venison,128,101
mato-grossan,127,2
victress,127,5
orach,127,8
hermonassa,127,3
melliferous,127,11
lethean,127,9
locust,127,18
myrsinus,127,16
mercury,127,26
eudorus,127,17
to enrich,127,31
chicory,127,19
amoeba,127,66
morphine,127,37
josiah,127,65
flutist,126,7
rejoicing,126,27
luxuriant,126,5
eurystheus,126,5
hermus,126,23
milling,126,15
fleawort,126,24
arbela,126,13
unwavering,126,49
encircle,126,16
orchomenus,126,32
thasos,126,33
messa,126,27
solstice,126,48
pharae,126,32
aquinian,126,45
loin,126,64
darken,126,80
telamon,125,6
drabescus,125,6
mastiff,125,6
jujube,125,8
charioteer,125,12
unfavorable,125,7
negligence,125,14
acetyl,125,26
nard,125,7
thrown back,125,9
python,125,24
counterweight,125,22
prognath,125,27
caw,125,23
parasang,125,44
worse,125,28
robe,125,63
clover,124,2
licorice,124,4
solstitial,124,4
ardennes,124,6
aetna,124,9
congregated,124,12
dirce,124,18
unfortunate,124,13
neighbouring,124,15
muddy,124,15
kernos,124,22
mommy,124,21
maternal uncle,124,21
ventral,124,38
deficiency,124,43
aspasia,123,7
prut,123,9
was sacrificing,123,9
wrestling,123,29
tlos,123,31
javelined,123,16
granary,123,12
stay,123,21
application,123,38
grape reduction,123,32
labia minora,123,33
carnea,123,45
tame,123,43
piave,123,46
to urinate,123,44
hither,123,53
double-beating,122,4
abuse,122,11
assassin,122,15
to strengthen,122,14
plantain,122,6
necklace,122,17
echinades,122,18
twentieth day,122,30
tellurium,122,23
vergilius,122,20
teasel,122,20
pivot,122,21
perfumed,122,44
luminous,121,6
brute,121,16
remora,121,13
bridle,121,7
inhabitant,121,8
asclepiad,121,14
crag,121,33
den,121,26
pike,121,10
arisen,121,14
divisible,121,21
untangling,121,29
medley,121,27
laurium,121,42
gavius,121,29
feasible,121,37
first,121,32
hundredfold,121,86
leathern,120,8
poppy,120,10
spectator,120,7
coal,120,17
terebinth,120,11
tongue orchid,120,15
catapult,120,15
adams,120,14
amun,120,24
vitreous humour,120,30
water plantain,120,15
endive,120,11
cruz,120,31
horse-fodder,120,33
calore,120,21
turnip,120,37
stheno,120,23
theft,120,34
sporocarp,120,26
booty,120,33
hippotion,119,1
surpassing,119,3
carystus,119,5
newborn lamb,119,14
misery,119,14
ferret,119,10
archimedes,119,7
cappadocia,119,10
jewish,119,5
to immerse,119,20
acilius,119,19
castor,119,14
gadfly,119,22
sunning,119,27
planktonic,119,26
excellence,119,27
loincloth,119,37
phorcid,118,3
elegy,118,2
tantalus,118,14
relish,118,15
narbo,118,11
opium,118,14
gum rockrose,118,16
principal,118,8
unstable,118,13
iphitus,118,11
ethiopians,118,20
rhône,118,21
pope,118,23
philippi,118,44
duties,118,49
staphylococcal,117,4
shrubby,117,4
antarctica,117,11
sudan,117,8
shaved,117,5
roof-tile baker,117,16
aegyptus,117,4
sickle-maker,117,10
roman,117,7
triturated,117,7
genitals,117,12
goddess,117,17
selagus,117,10
pre-eminence,117,25
holm oak,117,13
arva,117,28
blister,117,25
ennil,117,42
drava,117,40
aipy,117,35
vesuvius,117,31
rotunda,117,45
surname,117,51
osyris,116,1
glitter,116,5
corvée,116,5
multifid,116,10
myrobalan fruit,116,6
four-bristled,116,5
twitter,116,6
cypress,116,6
prattle,116,4
lystra,116,13
coach,116,4
romania,116,30
isis,116,24
turmoil,116,16
first,116,38
maimed,116,28
thyme,116,54
wife,116,38
twenty-two,115,1
sickle-bearing,115,3
welt,115,8
kindle,115,15
winter solstice,115,4
having endeavoured,115,11
cubit-long,115,14
bashful,115,6
spelt,115,7
unfolded,115,5
pirate,115,16
leafroller,115,3
mackerel,115,13
ovine,115,25
saul,115,31
elusive,115,21
to suckle,115,47
danaid,114,4
writhing,114,5
lynx,114,3
pert,114,12
hirsute,114,5
aquilonia,114,7
appearance,114,14
giraffe,114,16
hackberry,114,18
nymph,114,19
alemannian,114,7
am,114,23
appearance,114,30
apparition,114,40
application,114,59
native cinnabar,114,54
arable,113,7
oglasa,113,10
matthias,113,10
terrifying,113,11
sanguine,113,4
rhine,113,24
kite,113,25
ichor,113,13
crag,113,24
feigned,113,18
haiti,113,22
spew,113,27
adore,113,35
blood-related,113,31
pollux,112,9
stammering,112,7
accessible,112,8
unskilled,112,17
irritation,112,13
double,112,13
ladle,112,7
nearby,112,9
fustic,112,10
unkempt,112,11
geryon,112,18
noose,112,35
unmentioned,112,9
hophornbeam,112,15
thrāx,112,16
passerine,112,8
impressionable,112,28
cilla,112,21
beech,112,30
harma,112,27
asafoetida,112,34
assistant,112,39
incrust,112,20
excessive,112,44
pap,112,62
soaring,111,3
rhomboid,111,7
arantia,111,4
pollution,111,17
basket,111,28
metatarsus,111,15
trojan,111,13
encaustic,111,14
milos,111,14
growth,111,11
africa,111,27
susa,111,39
eunuch,111,31
stylus,111,30
cleft,111,50
conjugate diameter,110,3
salzburgian,110,2
panopea,110,7
susa,110,15
anointing,110,13
trout,110,9
destitute,110,6
euphratean,110,10
flaxen,110,17
pittosporum,110,17
poultice,110,5
avernus,110,18
elyrus,110,16
statuette,110,35
celestial phenomena,109,2
labdanum,109,12
vermilion,109,6
potidaea,109,10
permissive,109,20
bent around,109,4
horace,109,12
lowered,109,27
citron,109,25
diadem,109,16
clitellum,109,24
doe,109,25
thicken,109,29
camel,109,29
charcoal basket,109,28
casket,109,31
din,109,40
bruno,108,3
attica,108,10
bishop,108,4
one-bristled,108,6
mattock-shaped,108,5
scalene,108,6
sought,108,4
fig,108,9
mediator,108,10
ejected,108,21
raetia,108,5
finch,108,13
hillock,108,11
arsaces,108,19
ladon,108,26
micro,108,39
ifies,108,57
empress,107,3
shovel,107,9
nile,107,9
signia,107,12
prolonging,107,6
ignorance,107,6
carian,107,10
dioscuri,107,7
rumour,107,14
clavicular,107,20
isaura,107,10
willow grove,107,14
cuvier,107,14
fumarium,107,20
procyon,107,26
halved,107,15
demeter,107,14
wallow,107,18
optic,107,29
horned poppy,106,2
shade lover,106,2
microcosm,106,3
creeping cinquefoil,106,2
labial,106,5
unguent box,106,10
somewhat obscure,106,3
dicebox,106,14
parmenion,106,12
honeysuckle,106,8
rainbow-coloured,106,13
eaten,106,26
bovine,106,11
pluck,106,19
azygos,106,19
serpentine,106,10
allegation,106,19
asterium,106,33
pallas,106,22
torch,106,22
laxative,106,46
glaucoma,105,5
ananias,105,3
lethargy,105,7
athaliah,105,11
attic,105,8
flexible,105,9
selenium,105,16
euclid,105,13
neighbor,105,7
dittany,105,5
machaon,105,5
departure,105,21
unsuitable,105,8
burnt,105,11
breast abnormality,105,16
equilateral,105,6
phasis,105,14
parma-armed,105,15
agility,105,23
locust,105,25
sparse,105,12
marcion,105,27
scaly,105,20
girdle,105,26
foie gras,105,34
mill beetle,104,1
parsley,104,3
waterwort,104,6
medlar,104,10
blossius,104,9
adjoining,104,3
glove,104,15
scimitar,104,17
abednego,104,23
pebble,104,22
gone,104,12
ivory,104,6
hazelnuts,104,20
nourish,104,29
praenomen,104,36
distal,104,30
elisabeth,104,22
goblet,104,36
roughen,104,38
gypsum,103,2
toga praetexta,103,5
troia,103,14
arene,103,6
despised,103,9
messenger,103,14
ursa major,103,18
hecamede,103,3
shoelace,103,14
constrictor,103,18
chrysoprase,103,12
april,103,20
fornicator,103,12
derbe,103,29
purse,103,19
arpi,103,26
mutilate,103,16
besiana,103,13
nasal,103,25
swollen,103,21
with whom,103,32
sothis,103,24
voracious,102,2
polyphemus,102,2
galatea,102,4
cybele,102,10
superficial,102,5
queen,102,5
beheaded,102,3
camel,102,6
gale,102,7
propped up,102,6
lyrical,102,10
northwestern,102,4
garda,102,10
shoelace,102,18
frisia,102,17
bibracte,102,16
greeks,102,13
oath-swearer,102,17
thule,102,29
mixed twigs,102,18
clematis,102,33
sowing,102,42
stirrup,102,39
chilliness,102,46
porpax,101,4
procrustes,101,4
alyssum,101,6
cloak,101,16
ergene,101,11
ochre-rich,101,3
pisidia,101,8
paros,101,9
cévennes,101,10
coniferous,101,12
defective,101,5
tendril,101,10
wealth,101,11
procne,101,9
spear thong,101,34
guinea fowl,101,15
strata,101,16
cervine,101,14
unbreakable,101,31
pebble,101,34
minim,101,38
castile,101,39
cutting,101,47
horological,100,2
autograph,100,4
roofless,100,15
heroine,100,3
babbler,100,7
deceptive,100,6
occitan,100,7
reflective,100,12
achilleid,100,17
fermentation,100,24
indonesia,100,15
wife,100,28
teuton,100,35
linden,99,2
ofanto,99,6
lavender,99,8
ode,99,8
metrical,99,4
sicyon,99,5
urn-bearing,99,10
sycamore-leaved,99,3
sheaf,99,13
theft,99,11
cretan maple,99,22
mustard,99,20
pantheistic,99,12
atlas,99,31
hepatic,99,24
mandaean,99,32
ileum,99,33
cyclades,99,20
tutulus,99,22
sidra,99,27
to widen,99,17
myrina,99,32
ablerus,98,2
concurrent,98,2
iphigenia,98,2
petaurist,98,2
marcipor,98,3
phu,98,6
minerva,98,8
cameria,98,16
youth,98,11
erythrae,98,12
camilla,98,12
confucius,98,11
lance,98,7
porous,98,4
alexandria,98,13
fisherman,98,15
vacuna,98,15
funereal,98,21
doubled,98,7
elissa,98,11
merchant,98,13
gracious,98,22
lisae,98,34
pacify,98,31
departure,98,39
be tamed,98,34
excision,98,30
novelty,98,18
remnant,98,34
phlegra,97,3
greek,97,4
morsel,97,5
broker,97,6
rosemary,97,5
transalpine,97,4
marine,97,4
quarryman,97,14
wooden,97,8
torn,97,11
deceptive,97,8
advocate,97,11
renewal,97,14
mattress,97,22
palatine,97,7
zosimus,97,10
oblique,97,27
amicably,97,35
arnold,97,31
dung-dwelling,96,2
boeotia,96,4
vetch,96,2
lyre,96,3
cloak-wearing,96,4
euripus,96,4
nimble,96,8
seniority,96,7
crural,96,9
pouch,96,5
rameous,96,16
invulnerable,96,6
endymion,96,8
burnt,96,6
arachne,96,13
kamchatkan,96,3
hilly,96,3
unity,96,24
magician,96,13
thalloid,96,14
onager,96,11
rhaucus,96,9
sow thistle,96,13
charops,96,5
sheepskin coat,96,9
ruthenium,96,9
yellow sassafras,96,5
tuft,96,15
spindle,96,27
trickster,96,19
towel,96,24
scandia,96,13
sabaudia,96,20
guardian spirit,96,24
indifferently,96,37
saturnian,96,24
nereus,96,26
amphora,96,41
bovine,96,26
stryme,96,37
forearm,96,40
epithyme,95,3
sculptor,95,4
stipulated,95,5
buckland,95,5
immortal,95,8
viniferous,95,3
gladiolus,95,6
codling moth,95,4
poplar,95,3
signet,95,8
oily,95,9
cyclopia,95,11
whey,95,14
niobium,95,8
admetus,95,7
unlike,95,21
migratory,95,10
warrior,95,14
sage,95,20
helmet,95,24
perfume plant,95,20
tufted,95,34
luke,95,23
forthwith,95,18
scalpel,95,52
loss,95,29
cataphract,94,2
tanagra,94,2
robin,94,2
titanic,94,4
argonaut,94,11
indiscipline,94,8
watchtower,94,13
enispe,94,4
disappearance,94,7
scotia,94,9
strawberry tree,94,5
destructive,94,5
viscous,94,14
unwedded,94,34
hermaphrodite,94,11
caterpillar,94,18
calydon,94,12
wherever,94,32
fortress,94,25
gift,94,11
paxos,94,17
slag,94,16
pyramid,94,21
scythian,94,24
caicus,94,40
pleasantly,94,30
unjust,94,38
methane,94,39
graphite,93,2
laothoe,93,4
telegonus,93,3
thistle,93,4
susanna,93,3
lipari,93,12
panormus,93,16
metabus,93,10
infernal,93,5
standard-bearer,93,2
rose bouquet,93,12
loire,93,24
receptacle,93,18
sprinkled,93,32
forgetfulness,93,11
aether,93,18
assembly,93,29
turbot,93,28
overseer,93,17
talus,93,28
panopeus,93,12
splinter,93,32
seat,93,33
urinate,93,56
laurulus,92,6
lavinium,92,9
laverna,92,12
beas,92,7
astringent,92,6
edible,92,11
sistrum,92,11
tweezers,92,13
mummy,92,13
slovenia,92,6
acheronian,92,9
bereaved,92,16
stood,92,13
cress,92,27
woollen,92,5
phylace,92,30
uneven,92,11
antipas,92,20
sailor,92,22
sesamoid,91,2
pistol,91,4
pentagonal,91,11
intelligent,91,8
bithynia,91,5
protector,91,9
projectile,91,13
clavellate,91,7
leibethra,91,5
artisan,91,4
congenital,91,6
holm oak,91,8
spindle,91,15
legume,91,5
scream,91,10
galbanum,91,6
cloak,91,13
burn blister,91,20
athena,91,18
leto,91,22
temple,91,21
depth,91,26
chimera,91,27
saka,91,17
netted,91,33
pane,90,1
papaeus,90,4
regulator,90,5
nebraska,90,2
exile,90,8
basket,90,3
matuta,90,14
drunken,90,4
celtic,90,3
dragoness,90,15
anise,90,14
admirable,90,5
temple,90,10
plumage,90,12
iamus,90,21
allocation,90,14
atrophic,90,13
elymus,90,18
ember,90,28
levelling,90,41
phthia,90,17
cimmerian,90,20
shoot-related,90,27
britten,89,1
black cumin,89,1
cleonae,89,2
figpecker,89,2
pisciferous,89,2
salt cellar,89,3
alapta,89,4
orphean,89,3
be seasick,89,7
prase,89,9
play,89,4
wyomingite,89,2
rapacious,89,6
scythian tribe,89,9
shortened,89,5
hospitable,89,11
sturgeon,89,11
scanty,89,21
puppy,89,28
spavin,89,25
olive,89,10
spike lavender,89,30
oropus,89,30
beechen,88,1
spelt cake,88,1
white-lipped,88,3
philemon,88,7
achilles,88,6
hermit,88,3
hyacintha,88,8
papyrus-bearing,88,8
indifferent,88,5
booth,88,10
pamphylian,88,5
heterodox,88,3
pulley,88,8
maidservant,88,5
sowing,88,7
air-dried,88,20
adulterous,88,3
alexanders,88,11
afraid,88,8
labourer,88,14
fiery,88,6
littoral,88,27
elysium,88,14
aeschylus,88,9
uncared for,88,20
archipelago,88,23
pumice,88,12
mule,88,33
roughen,88,21
receding,88,23
escheat,88,37
jeddah,88,43
frivolous,87,1
stern,87,3
pimpernel,87,3
sociable,87,2
thestor,87,4
ascent,87,5
alexandrian,87,7
georgia,87,10
teasel,87,8
andromeda,87,12
seen,87,10
tetracis,87,6
priest,87,6
moray eel,87,17
discordant,87,3
macedonian officer,87,17
carried back,87,8
shortened,87,14
brilliance,87,12
anio,87,17
stratus,87,12
enipeus,87,18
naiad,87,6
synapse,87,14
flayed,87,20
at midday,87,26
doric,87,20
lydae,87,27
felloe,87,26
rigging,87,41
oxalic,87,37
doanas,87,58
nourishing,86,1
basketwork,86,2
cinnabar,86,6
endive,86,5
bison,86,14
woodpecker,86,14
hungry,86,12
hector,86,12
gouty,86,4
jack mackerel,86,3
fugitive,86,9
arachoti,86,20
eastern,86,4
labyrinth,86,15
irregular,86,5
axylus,86,7
perseus,86,11
silicle,86,14
cydonia,86,14
manger,86,11
padan,86,19
collector,86,27
latinus,86,20
dun,86,26
circumambulation,86,21
albula,86,20
devise,86,20
bought,86,22
callisthenes,86,27
caunus,86,28
th,86,22
amilus,86,35
araba,86,34
ninth,86,32
euphony,85,1
merciless,85,1
neighboring,85,3
thalpius,85,5
wedding,85,5
rhadamanthus,85,7
mount pholoe,85,8
regen,85,15
nightingale,85,10
lesbos,85,4
theophrastus,85,6
catamite,85,20
myrmidon,85,15
scabies,85,20
soften,85,19
seventh,85,13
shrew,85,7
skirmisher,85,24
woven,85,21
trojan,85,26
inexperienced,85,28
cavern,85,23
anytus,85,23
carline thistle,85,40
twenty,85,46
augur,84,6
plutonium,84,7
funereal,84,6
propolis,84,3
lusitanian,84,11
parotid tumour,84,7
aaron,84,10
saints,84,8
alaska,84,6
nanny-goat,84,9
epirote,84,5
ham,84,12
sea lavender,84,15
tenedos,84,4
durable,84,22
horseradish,84,8
narcissus,84,20
subsidence,84,16
alkali,84,24
thallium,84,23
nessus,84,27
apollo,84,21
sodom,84,23
skyros,84,38
oizys,84,37
subglobose,83,1
archipelago,83,2
coffer,83,4
capacious,83,6
pompilius,83,3
granule,83,4
wickerwork,83,9
tyrtaeus,83,4
unfinished,83,4
nestor,83,11
to reunite,83,13
colour,83,13
driven back,83,12
mildew,83,14
whither,83,19
adamantine,83,5
moistened,83,14
chickpea incense,83,10
oscillation,83,14
sever,83,7
sicily,83,11
parchment,83,17
loosening,83,20
meton,83,13
ethmoid,83,12
teuta,83,19
bleat,83,22
unwritten,83,20
argon,83,16
was burned,83,34
achilleus,83,30
bivalve,83,23
tedious,83,37
tenedos,82,1
garlic,82,2
porphyry,82,5
ocular,82,3
physics,82,7
shrouding,82,11
helmet cup,82,7
stavesacre,82,7
renal,82,17
marcian,82,4
bluish grey,82,11
flavian,82,7
viperine,82,5
trachea,82,12
equipment,82,12
titane,82,11
melanesia,82,12
tybi,82,29
treacherous,82,29
iberia,82,25
malis,82,23
seated,81,4
long robe,81,2
polyxena,81,4
incongruous,81,6
uncontracted,81,4
emetic,81,9
eutropius,81,10
mardi,81,8
chamois,81,12
gigantic,81,15
parasitic worm,81,13
fissure,81,18
mulberry tree,81,12
porous,81,29
chicory,81,18
flowingly,81,30
sinop,81,16
shroud,81,29
abila,81,39
tordino,81,36
illuminate,81,35
salt efflorescence,80,2
hybla,80,3
amphibious,80,10
glassworker,80,3
artemis,80,11
pendant,80,4
soldier,80,13
anointed,80,14
trebuchet,80,15
afflicted,80,3
mullet,80,6
sinope,80,11
accustomed,80,5
alcestis,80,6
aegina,80,12
shabby,80,5
bolle,80,12
franken,80,16
amphithoe,80,5
untrustworthy,80,8
maurice,80,15
harefoot,80,11
pigeon,80,22
procession,80,29
housekeeper,80,16
obliquity,80,14
juvenile,80,20
little splinter,80,26
sack,80,31
enchant,80,15
respite,80,36
you knew,80,35
field basil,79,2
theatrical,79,2
separable,79,4
purveyor,79,5
hemorrhoids,79,7
hyoid,79,9
interwoven,79,8
aviculturist,79,12
paschal,79,4
unknown plant,79,8
bleat,79,8
duris,79,6
aerial,79,11
augustan,79,10
shaken,79,3
steenbras,79,9
tenth,79,4
samoa,79,9
submerged,79,6
revelation,79,16
taurus,79,17
gilded,79,7
gave,79,15
turan,79,13
overwhelmed,79,13
instillation,79,27
neleus,79,16
crete,79,32
emmer,79,15
honouring,79,34
hemp,78,1
beggar,78,1
jugular,78,3
priapus,78,2
triumphing,78,5
unmarked,78,5
floral,78,6
appeal,78,10
pisidice,78,7
concordant,78,4
third,78,5
purification,78,13
vulva,78,14
mistress,78,15
cinolis,78,11
eurasia,78,9
riparian,78,9
moustache,78,20
meno,78,17
curtailed,78,14
mule,78,20
prosperous,78,14
herald,78,14
perso,78,17
aeolia,78,16
axle pounder,78,23
baian,78,35
demetrias,77,1
garter,77,1
hypata,77,4
amphissa,77,3
rump,77,11
alexander,77,7
playful,77,6
glorious,77,10
dill,77,4
bituminous,77,4
astringent,77,10
rend,77,13
berlin,77,11
plaice,77,8
fregenae,77,7
olive,77,5
lictor,77,6
phorcys,77,6
irregular,77,3
orchis,77,9
diggable,77,12
burnt,77,12
to purify,77,17
weft,77,13
fugitive,77,8
aunt-descended,77,5
wholly,77,15
aphtha,77,19
seraph,77,22
avon,77,41
myrae,77,20
la force,77,27
demigods,77,46
asolo,77,29
torch,77,39
elk,76,1
northern,76,2
thistle,76,2
protector,76,2
postern,76,3
plantain,76,2
ismenus,76,5
memorable,76,3
thenar,76,8
sideboard cloth,76,4
martialis,76,7
pegasus,76,12
covetous,76,3
servant,76,4
expelled,76,5
fasces-bearing,76,3
erginus,76,11
proletarian,76,5
angitia,76,10
equality,76,10
tripedal,76,12
huelva,76,13
chaffy,76,10
unripe grape,76,8
horehound,76,27
palmyra,76,13
hoopoe,76,21
pear,76,9
seat,76,21
elk,76,31
grumbling,76,21
knotted,76,29
cade,76,16
seine,76,19
eulogy,76,27
dragonwort,75,2
barbitos,75,5
elaver,75,6
scamander,75,4
nightingale,75,9
saturn,75,5
stellar,75,3
cuckoopint,75,7
rosaceous,75,8
ladle,75,8
alfa,75,18
pessary,75,8
southeast wind,75,7
sorites,75,10
buccal,75,12
botanist,75,10
fortified,75,5
california,75,18
hungarian,75,19
martian,75,26
carthaginian,75,5
moly,75,18
bolbe,75,10
untrustworthy,75,13
nautical,75,12
purple amaranth,75,23
threshing board,75,13
akrai,75,13
europa,75,28
ineffable,75,9
strait,75,21
bookbinder,75,33
repeal,75,24
sargo,75,19
chrysis,74,1
québécois,74,1
snubbiness,74,1
lyrist,74,5
emblic,74,5
amyclae,74,4
fir,74,8
sepulchral,74,3
artist,74,9
eccentric,74,9
criminal,74,6
praetextate,74,4
calcareous,74,5
ialysos,74,7
ocular,74,15
procuress,74,2
fibrous,74,11
recent,74,3
athamas,74,11
sorcerer,74,10
nearchus,74,5
nemea,74,29
alliance,74,20
benjamin,74,24
rubidium,74,23
cliff-dweller,74,14
weightless,74,27
parthian,74,20
vulgate,74,29
sitting,74,40
marvelously,74,42
pivot,73,2
tithorea,73,2
swindler,73,4
translucent,73,3
given name,73,2
lordling,73,6
clarion,73,10
sledgehammer,73,5
eetion,73,9
unconquered,73,7
marine,73,8
excessive,73,4
henna,73,19
orkney,73,6
chough,73,8
traitor,73,15
savory,73,10
darnel,73,13
nomad,73,21
nomad,73,17
thule,73,19
anoint,73,14
daulis,73,25
rind,73,30
aveia,73,26
calandra lark,73,13
to prune,73,29
armenia,73,29
red-muzzled heifer,73,29
huntress,72,1
fumitory,72,2
pitiable,72,2
friable,72,2
shepherd,72,5
opal,72,4
pedicular,72,9
pearly,72,4
lamachus,72,5
cervine,72,5
clitunno,72,5
small patchwork,72,7
subdued,72,4
catenary,72,7
enclosing,72,4
aperitif,72,12
ionic,72,10
procas,72,7
nod,72,9
grey,72,11
volumnus,72,12
ollius,72,14
phormio,72,13
bitumen,72,11
to barter,72,19
piston,72,16
phlius,72,28
stoop,72,12
dregs,72,7
lynx,72,12
youthful,72,26
irregularity,72,22
portent,72,18
kindled,72,16
dependent,72,28
marsi,72,19
dental caries,72,23
pleasantly,72,24
oil flask,72,22
ibiza,72,22
thisbe,71,6
plague,71,7
shivering,71,10
quintilis,71,3
thick-lipped,71,10
fiery,71,5
papyrus,71,5
biota,71,15
hawk,71,8
wild olive,71,17
d-file,71,15
premature,71,8
prague,71,19
arisen,71,10
suspicious,71,6
mylae,71,9
sibilation,71,20
aboriginal,71,11
ancient greek,71,21
overlying,71,11
small cyma,71,15
flora,71,31
nearest,71,10
castor oil,71,25
altinum,71,24
sir,71,11
mustard,71,15
scopas,71,12
symphysis,71,13
renegade,71,28
petra,71,27
sciatica,71,36
radium,71,37
snitch,70,2
boulder,70,6
berytian,70,6
sow,70,10
shears,70,8
recurved,70,7
quokka,70,8
inverted,70,6
hispano,70,19
olive,70,15
reattack,70,10
timarete,70,4
phaedra,70,12
glimmer,70,15
trout,70,17
blister beetle,70,10
sicanian,70,9
cooper,70,21
arabia,70,21
bristly,70,19
thicket,70,27
artisan,70,26
tempe,70,36
laconia,69,1
zulu,69,1
spindle tree,69,2
mill,69,2
amphiaraus,69,2
centuriate,69,6
took,69,8
umpire,69,9
paestum,69,10
tame,69,2
iapetus,69,11
shoaly,69,8
bactria,69,11
ashkelon,69,14
petasus,69,4
strengthened,69,11
pox,69,20
chosen,69,8
stopping up,69,17
ocalea,69,16
aquitani,69,17
uncovered,69,14
servilius casca,69,20
dibble,69,31
catulus,69,30
jest,69,29
fatty poultice,68,1
cupbearer,68,1
forth,68,5
promissory note,68,5
youthful,68,4
tarraconian,68,2
doum palm,68,9
caesar,68,6
girdle,68,7
small breastplate,68,8
este,68,8
varicose,68,9
teichium,68,7
al-andalus,68,9
capillary,68,10
laborious,68,3
triballi,68,5
drachma,68,11
european seabass,68,7
winnower,68,5
phrixus,68,10
sabrina,68,5
parthenius,68,14
vesicle,68,12
anterior,68,24
blanche,68,15
korea,68,19
testicle,68,18
peltast,68,23
concordant,68,20
danae,68,33
deputy,68,31
containing manganese,68,19
north africa,68,29
sinner,68,30
berytus,67,3
desirable,67,3
pediform,67,4
half-yard,67,4
was,67,9
sirius,67,9
wolfsbane,67,6
acorn-related,67,4
excoriation,67,5
murex,67,7
ramond,67,10
sac-related,67,8
yoked together,67,11
peneus,67,13
nardine,67,9
agglomeration,67,5
aethra,67,16
canary-colored,67,4
temple,67,13
buttress,67,12
tepid,67,7
revel,67,9
unworthy,67,6
theatrical,67,4
cunningly wrought,67,13
thespis,67,12
hastening,67,11
sidon,67,12
must loosen,67,21
pnyx,67,8
half,67,14
exult,67,7
trough,67,16
premature,67,13
ogygia,67,13
hired servant,67,19
javelin,67,27
undulate,67,19
glutton,67,24
tatta,67,29
bolan,67,16
olive,67,30
nuptial,66,4
swash,66,2
hematite,66,6
belladonna,66,3
enyo,66,8
intercalary,66,3
induction,66,6
hemispherical,66,11
counselor,66,8
licorice root,66,9
pearl barley,66,10
invincible,66,8
olive grove,66,10
indefinite,66,4
permitted,66,11
glitter,66,3
odessus,66,8
poet,66,6
transmontane,66,5
gortyn,66,13
bugle,66,12
augural space,66,19
elaborated,66,3
mount istone,66,14
frisky,66,8
cub,66,13
shrew,66,8
lavish,66,7
pruning,66,10
intermixed,66,12
-phobia,66,20
martial,66,12
wife,66,25
granary,66,12
isaiah,66,35
flevum,66,30
parthian town,66,18
provisions,66,26
finn,66,32
paver,66,34
oculate,66,35
copernicium,65,1
styloglossal,65,2
sweet clover,65,2
fishbone thistle,65,2
coeus,65,2
alcibiades,65,3
ambiguity,65,7
pungency,65,12
bent in,65,5
monstrous,65,8
unattested,65,8
apennines,65,19
aetolian woman,65,8
nymphaeum,65,12
captive,65,7
adrastus,65,8
psalm,65,10
helmet,65,9
euboea,65,11
funny,65,13
tityus,65,16
especially,65,19
halcyon,65,22
female piglet,65,11
archipelago,65,16
ovine,65,21
adjoining,65,16
panacea,65,19
diction,65,23
zapatas,65,19
arresting,65,23
ithaca,65,13
dartos,65,26
varnish,65,17
eber,65,24
achaemenes,64,2
inelegant,64,2
celaenae,64,2
catana,64,7
xyston,64,7
xenial,64,4
poor clare,64,6
querulous,64,3
odomanti,64,12
buck,64,7
shortened,64,6
symphysis,64,6
half-booted,64,5
hermaphrodite,64,11
turpentine,64,8
satyr,64,11
sailor,64,9
temenus,64,12
grouse,64,13
obrogation,64,9
inycum,64,17
pylos,64,22
cutter,64,13
larissa,64,23
ameinias,64,38
having admitted,64,25
upper arm,64,24
myrrh oil,64,36
ecliptic,63,2
gouty,63,2
urachus,63,4
chamois,63,2
tawny,63,4
defecation,63,12
well-girdled,63,9
thicket,63,9
byzas,63,10
interwoven,63,6
fabaceous,63,6
destructive,63,5
inebriation,63,7
january,63,14
psophis,63,9
marjoram,63,13
narses,63,15
rus,63,18
roving,63,19
apple sage,63,16
dochmius,63,17
white swallow-wort,63,16
sais,63,15
cinnamon,63,23
bolognese,62,1
salganeus,62,2
gash,62,3
cervical,62,4
matronly,62,3
analogous,62,2
hecuba,62,4
stonecutter,62,6
excrescence,62,3
cornel grove,62,5
amoy,62,5
caligula,62,12
inconvenient,62,5
pompous,62,10
deianira,62,5
hard-berried,62,14
javelin,62,10
serpent,62,4
bull calf,62,8
lesbian,62,7
boeotus,62,6
led,62,11
cassia,62,17
andorra,62,9
struck,62,12
daunus,62,22
pottery,62,10
wooden,62,17
simon,62,12
hurled,62,10
plato,62,10
halaesa,62,11
isburus,62,12
omphalium,62,13
midea,62,18
siren,62,13
rogue,62,22
choral dancer,62,17
hophornbeam,62,10
croesus,62,22
tenth,62,31
narrative,62,37
horned cummin,61,1
auspicious,61,2
consular,61,3
blister,61,3
basket,61,5
ducetius,61,6
creusa,61,9
gout,61,2
coccyx,61,8
crooked-counseled,61,3
water nymph,61,9
burier,61,9
slate-colored,61,6
lod,61,4
lawrencium,61,5
ambitious,61,6
dropsy,61,10
gullet,61,7
loon,61,11
lilac,61,11
woven,61,7
tariff,61,13
esteemed,61,11
doom,61,15
millipede,61,13
ox-horned,61,10
thermal,61,6
wild boar,61,12
promontory,61,18
lick,61,27
sower,61,21
devour,61,35
papyrus,61,23
raised seat,60,1
golden,60,1
cotton lavender,60,1
water jar,60,1
basilica,60,2
plantain,60,3
finished,60,3
titanium,60,7
fair-tressed,60,5
artisan,60,7
pandarus,60,4
titarus,60,10
numerous,60,4
wader,60,10
wicket,60,5
fortified,60,4
barbaric,60,6
flamingo,60,5
potbellied,60,3
violent,60,6
vase,60,16
seat,60,9
receding,60,10
samnium,60,7
black horehound,60,13
safflower,60,22
mineo,60,14
diurnal,60,12
superbly,60,21
widow,60,23
scheria,60,10
donkey,60,20
asmara,60,14
three-quarters,60,20
sortition,60,17
captive,60,20
moschi,60,13
felting,60,20
litter,60,24
struck,60,24
buttocks,60,32
glove,60,31
kindle,59,1
memorial,59,1
sarpedon,59,4
wild leek,59,5
muteness,59,6
remora,59,4
sappho,59,5
well-greaved,59,6
ethereal,59,6
unprepared,59,4
banqueter,59,8
briareus,59,7
amphion,59,9
sintian,59,12
carried forth,59,23
ascanius,59,10
allocation,59,5
hemisphere,59,8
teuthras,59,5
epipolae,59,5
dyed twice,59,8
cadmus,59,9
carob,59,17
basket,59,7
bivouac,59,13
laos,59,11
led astray,59,11
preparable,59,12
nestlings,59,19
cocytus,59,14
fermentation,59,19
pith,59,20
albans,59,12
rascal,59,27
safflower,59,22
poultice,59,17
scythed,59,12
lacmon,59,17
inviolate,59,25
strymon,59,22
epidemic diseases,58,2
debility,58,5
elaterium,58,5
incomparable,58,3
water fleas,58,4
growl,58,3
concord,58,5
aeginetan,58,6
turquoise,58,4
generic,58,9
limnetic,58,4
religious dance,58,4
unknown,58,3
leathern,58,3
scione,58,6
phorbas,58,10
torpid,58,6
samson,58,10
retiarius,58,8
seine,58,8
euboean,58,5
pactolus,58,9
clayey,58,20
turnip,58,16
tlos,58,16
tokyo,58,6
mincio,58,22
miserable,58,17
vertebra,58,15
redshank,58,13
phrixus,58,9
strengthening,58,14
pharis,58,12
artifice,58,19
sneer,58,21
whetstone,58,23
talus,58,27
corn poppy,57,1
mausoleum,57,2
heran,57,4
incredible,57,3
withe,57,4
lamentable,57,6
cyzicus,57,6
paris,57,10
thessaloniki,57,7
reclining,57,9
spurge,57,5
barcelona,57,5
coriander,57,8
oreus,57,11
colicky,57,5
heard,57,5
parietal,57,12
persia,57,13
orchard,57,11
oligopolistic,57,12
thorny burnet,57,5
archon,57,6
samuel,57,15
destructive,57,11
asopus,57,13
insane,57,8
mammary,57,11
livonia,57,12
quaestor,57,11
wife,57,15
weakening,57,12
pisa,57,11
bastard,57,11
unhealthy,57,10
pansa,57,22
courier,57,19
calamine,57,15
pherae,57,12
qualities,57,28
castor,57,19
harpagus,57,20
hesse,57,17
skyros,57,10
neighborhood,57,21
concubine,57,16
trough,57,18
dragging,57,11
arne,57,24
northeast wind,57,20
censure,57,22
purified,57,18
cropping,57,26
disseminate,56,1
quince,56,2
tonsilitis,56,5
wheresoever,56,4
brine,56,4
counterfeit,56,3
aedile,56,4
villa,56,4
telchines,56,4
consus,56,8
perceptible,56,7
hyrcania,56,5
london,56,8
euphemia,56,7
genuflected,56,3
peloponnesian,56,3
axletree,56,11
scythian,56,3
subdued,56,10
imbrian,56,7
division,56,24
ophrynium,56,15
golden,56,8
samarkand,56,10
guardian,56,16
oblique,56,10
clement,56,17
disfigurement,56,18
velar,56,18
cask,56,19
basket,56,21
c-file,56,25
divert,56,32
loosen,56,31
abrupt,55,1
danaean,55,1
abscess,55,1
loosestrife,55,1
razor,55,1
laggard,55,2
faucian,55,2
ignorance,55,3
first phalanx,55,2
oregano,55,4
marshmallow,55,4
bass strait,55,6
sangarios,55,6
bustle,55,2
lotus,55,6
pontiff,55,4
unlike,55,2
aristophanes,55,6
calesius,55,6
pelican,55,4
quadrilateral,55,3
thieving,55,7
thermos,55,10
marsyas,55,8
attractiveness,55,15
cadiz,55,12
51 andromedae,55,12
reichenbach,55,10
relative,55,4
aristotle,55,6
savage,55,4
porridge,55,14
sergeant,55,5
circumcised,55,10
galician,55,5
olympus,55,18
cilicia,55,10
servant girl,55,8
storax,55,13
fissure,55,9
messenger,55,10
pallor,55,16
robe,55,8
siberia,55,12
chaste tree,55,19
situated,55,16
adolescent,55,16
jugurtha,55,30
to growl,55,33
cloak,54,2
mince,54,2
nard,54,2
theseus,54,4
freedom,54,4
comma,54,6
hurl,54,6
ganymede,54,4
pylae,54,10
calamint,54,6
double trochee,54,5
undivided,54,5
cockroach,54,7
priam,54,9
legendary,54,4
poetic,54,5
ruddled,54,9
scout,54,4
olive mill,54,5
bregma,54,18
solon,54,8
cyllenian,54,6
ozaena,54,13
thyestes,54,7
quadrupedal,54,12
augmented,54,5
beneficent,54,12
fleabane,54,15
margin,54,17
raphael,54,15
crozier,54,14
ham,54,15
seneca,54,23
hawk,54,12
sale,54,20
dominant,54,21
danube,54,20
jonah,54,29
fungiform,53,1
horse-chestnut,53,2
neighboring,53,2
nemesis,53,2
sea aster,53,2
stimulating,53,4
columbine,53,3
latter,53,4
sphodrias,53,4
asphodel,53,7
serpent,53,5
cynic,53,5
anactorium,53,7
violent person,53,3
prodicus,53,5
emit,53,6
girded,53,5
necessity,53,7
altaic,53,3
dalarna,53,6
charioteer,53,12
acrostic,53,16
melodic,53,6
leguminous,53,7
we went,53,9
capricorn,53,3
nestos,53,6
ceramicus,53,5
unheard,53,5
stench,53,10
furnishings,53,9
tabor,53,14
aromatic plant,53,25
cisseus,53,10
apostate,53,11
corsican,53,14
trowel,53,8
carob,53,10
dragged,53,15
alans,53,17
deformed,53,17
acrobat,53,11
incessantly,53,17
hemo,53,21
fatigue,53,16
copied,53,10
tocharian,53,18
atreus,53,14
marine fish,53,22
cornus,53,21
koppa,53,22
quadruped,53,12
pyrrha,53,15
twigs,53,22
british,53,20
upright,53,24
lincoln,52,1
pelias,52,1
abscissa,52,3
half-boot,52,2
polygonal,52,3
marjoram,52,4
phthia,52,3
knowingly,52,3
steadfastly,52,7
terrible,52,5
rhinoceros,52,6
temple attendant,52,3
bactrian,52,3
potter,52,5
heterogeneous,52,3
borne,52,4
inferior,52,6
darnel,52,7
european bison,52,11
myronides,52,3
shrewd,52,3
consonant,52,5
thicket,52,3
to skirmish,52,15
poultry,52,3
castigated,52,3
vistula,52,15
baucis,52,14
biennial,52,10
deformed,52,9
oread,52,5
laban,52,18
seine,52,13
ileus,52,15
meteoric stone,52,15
norcia,52,19
sinis,52,19
diamond,52,15
solon,52,17
diana,52,17
tippler,52,25
aaron,52,33
wedding party,51,1
ellopia,51,3
impatience,51,3
resinous,51,5
fabulous plant,51,3
noose,51,3
thousandfold,51,3
lilaea,51,5
primordial,51,2
choaspes,51,5
irrational,51,2
shaved,51,5
suckle,51,7
lessened,51,4
somniferous,51,3
torone,51,4
trossulian,51,5
swollen,51,3
might intend,51,7
mago,51,8
calliope,51,9
bath,51,6
attractive,51,3
koppa,51,9
frieze,51,11
ascalaphus,51,4
din,51,3
clarity,51,5
germanic,51,5
hurricane,51,13
desperate,51,3
presaged,51,6
hack,51,14
furious,51,7
submerge,51,13
lycaon,51,5
chalcedon,51,7
theft,51,18
amathus,51,14
irish,51,19
corinthian,51,7
eumelus,51,11
catarrh,51,11
novelty,51,11
fledged,51,22
corcyra,51,16
barley sheaves,51,21
gig,51,24
texas,51,16
aerial,51,23
inward,51,22
sling,51,25
muleteer,50,2
cade,50,2
terrible,50,2
august,50,2
wheaten,50,3
idolatrous,50,4
limyrus,50,7
pisidian,50,5
upbringing,50,5
pittheus,50,6
depravity,50,8
caulking compound,50,8
cimon,50,7
weight,50,13
lightning-threatened,50,4
placed underneath,50,5
clayey,50,4
onerous,50,5
manifold,50,8
syphilis,50,4
arba,50,10
borne,50,8
first,50,16
golden,50,5
temperance,50,10
fortifier,50,21
logging,50,18
rut,50,15
somme,50,9
fauna,50,15
mustard,50,10
to insulate,50,14
baptizer,50,14
portico,50,12
spiraea,50,15
alesia,50,15
minnagara,50,12
congius,50,19
libational,50,18
attain,50,21
carpis,50,24
lesbos,50,20
tripartite,50,22
petsuchos,50,25
eriboea,49,1
mandrake,49,1
stagira,49,1
giraffe,49,3
berytensis,49,2
meroë,49,6
perusia,49,3
pharmak,49,7
indicative,49,2
consul,49,8
sculptor,49,5
bombastic,49,3
pytheas,49,4
anemone,49,8
shoemaker,49,11
adrastea,49,3
shortsightedness,49,9
driven,49,4
carried out,49,12
repurchased,49,7
tetrahedron,49,10
galbanic,49,7
assay,49,8
prismatic,49,5
unchanged,49,4
basket,49,8
nausicaa,49,5
surgeon,49,3
cassiopeia,49,4
absence,49,10
hosea,49,14
encloser,49,11
flattening out,49,12
chieftain,49,5
moly,49,19
sadocus,49,5
distribution,49,13
inequality,49,13
nocturnally,49,13
chastely,49,15
gregal,49,11
sailor,49,8
sagra,49,11
diverticulum,49,24
abbreviator,49,18
slag,49,18
sown,49,24
turnus,49,21
flail,49,20
phoenicia,49,28
lying flat,49,24
sura,49,28
antecedent,48,1
turnip field,48,1
allotment,48,3
ruminant,48,3
hellebore,48,7
lysine,48,10
pyrasus,48,3
brizo,48,5
butterbur,48,7
psamathe,48,10
javelineer,48,8
aegean,48,2
sporadic,48,3
ravine,48,3
ivory-inlaid,48,4
muscular,48,3
florid,48,5
dionysus,48,6
satricum,48,10
sinew,48,9
productive,48,5
quarter,48,9
tmolus,48,8
breeched,48,5
malachi,48,9
salmon trout,48,6
greek,48,11
maternal,48,8
sabine,48,16
galley,48,9
tank,48,13
purse,48,9
stench,48,6
corridor,48,13
hundred,48,14
varus,48,15
myrtle,48,9
adige,48,16
olurus,48,22
claudia,48,11
canopy,48,16
hypanis,48,14
gnawed,48,12
orator,48,17
adversary,47,1
night-lover,47,1
theophane,47,2
fibula,47,3
atossa,47,3
immutable,47,3
asturica,47,4
laryngeal,47,3
timasion,47,4
ctesias,47,4
imitable,47,4
basket,47,5
mullet,47,8
half-dead,47,10
curiate,47,5
censure,47,4
interpretation,47,6
effusion,47,9
brier,47,6
habitual,47,4
hephaestus,47,12
date spadix,47,5
articulated,47,4
cloak,47,11
heliotrope,47,12
plantation,47,5
to play,47,13
asiba,47,11
cheops,47,7
caprine,47,13
socrates,47,7
osprey,47,5
rebounding,47,9
onyx marble,47,19
dung,47,8
assembly,47,7
squinting,47,13
warrior,47,12
juba,47,17
jericho,47,14
rural,47,9
lattice,47,14
leptis,47,10
odrysian,47,17
thomas,47,19
egeria,47,13
frequent,47,25
cassius,47,16
cape,46,1
victoria,46,1
salamis,46,2
vibilius,46,4
lindos,46,6
promontory,46,5
nonjuridical,46,3
alps,46,7
basilisk,46,3
iresiae,46,2
lilaea,46,6
borage,46,3
pantelleria,46,7
moesia,46,6
ginger,46,8
mealy,46,4
goddess,46,4
decisive,46,4
console,46,10
habituate,46,13
manifold,46,3
subdivided,46,3
tenea,46,13
twenty each,46,12
swept,46,4
lair,46,10
essenes,46,10
olynthus,46,7
selenite,46,8
adamantine,46,11
expelled,46,5
huckster,46,15
aristaeus,46,9
clarus,46,18
genoa,46,10
hartebeest,46,14
emmanuel,46,11
must,46,11
laughter,46,19
nettle,46,19
cicero,46,14
sandarac,46,14
solus,46,16
crown,46,15
erbium,46,21
lumber,46,28
conon,46,19
aegis-bearing,45,1
capitation tax,45,1
vagabond,45,3
scout,45,3
enclosing,45,4
candace,45,4
prefect,45,4
wine-lover,45,5
dissimulation,45,5
calchas,45,6
holmium,45,5
otter,45,3
proof,45,4
moderation,45,4
submerged,45,5
goddess,45,6
drachma,45,5
servant,45,8
detention,45,7
heroic,45,4
strigulated,45,8
marital,45,7
gilded,45,4
piratical,45,6
banishment,45,5
astonished,45,16
pruned,45,14
britton,45,9
castanet,45,14
urn,45,13
paternal,45,7
thrassa,45,15
lapis lazuli,45,13
nauseous,45,13
ouessant,45,10
mistakenly,45,14
toulouse,45,12
eddy,45,20
booty,45,7
thrown,45,11
flask,45,12
numidia,45,11
mooring rope,45,23
hephaestion,44,1
cyclops,44,1
plebs,44,3
cobbler,44,2
norcia,44,3
gleaming,44,2
goat-stag,44,3
lebinthos,44,2
carob,44,5
torrential,44,4
roof,44,3
staggering,44,9
xerxes,44,7
aeolis,44,5
unenvious,44,8
sarmatian,44,2
piano,44,7
abominable,44,4
slaughter,44,3
scourge-bearing,44,7
architectural,44,6
sucker-related,44,8
quarrelsome,44,5
purified,44,3
torn off,44,3
hagnon,44,12
liburnian,44,4
fifth,44,10
hirsute,44,5
uriel,44,11
consumptive,44,3
submissive,44,10
prussians,44,5
pandion,44,8
sican,44,7
lick,44,15
temple,44,16
ostia,44,16
pheres,44,10
nathan,44,19
tera,44,13
parched barley,44,16
florida,44,19
piety,44,13
cnidarian,44,16
anginous,44,20
potina,44,17
lyctus,44,23
defiant,43,1
menelaus,43,1
wild olive,43,1
furnace deposit,43,1
inconvenient,43,2
antelope,43,2
frigg,43,3
temple,43,3
bittercress,43,4
poisonous plant,43,2
tumefying,43,5
exiled,43,4
panacea,43,6
to beautify,43,3
elysium,43,4
viennese,43,3
deduction,43,6
goddess,43,4
small chimpanzee,43,4
istri,43,6
bitter vetch,43,7
parallelogram,43,3
hadrian,43,5
tame,43,6
panther,43,6
envoy,43,2
eighth time,43,14
aeolic,43,3
finished,43,13
suffused,43,12
filth,43,13
tiamat,43,7
digging,43,4
plausible,43,6
varnished,43,3
fire tongs,43,6
cimbric,43,3
eastern,43,3
entrance,43,5
exposition,43,10
crematorium,43,9
cardoon,43,7
mandane,43,11
salduba,43,3
aragon,43,9
perry,43,9
carteia,43,11
anchises,43,11
larian,43,7
jesus,43,12
precursor,43,9
cuttlefish,43,8
scythe,43,17
corseae,43,4
refugee,43,11
thorium,43,11
martyr,43,8
plunder,43,7
fart,43,19
wool-worker,43,14
melanterite,43,12
hypius,43,20
herald,43,15
proto,43,16
habitation,43,15
citium,43,24
depths,43,20
meadow dweller,42,1
sipylian,42,1
semiramis,42,4
spiracle,42,5
horrible,42,4
palimpsest,42,4
vermiferous,42,2
aegean sea,42,3
chlorella,42,11
catholic,42,4
apulia,42,9
artaxerxes,42,4
gümenek,42,7
spelt-giving,42,8
jugurtha,42,7
myrtle,42,6
patavine,42,3
was striking,42,8
sanctified,42,4
scythian tribe,42,6
multinucleate,42,3
charioteer,42,4
rudder,42,7
spurge,42,10
enclosure,42,7
defective,42,4
otter,42,10
castalia,42,6
guardianship,42,9
sportive,42,5
orion,42,13
plunder,42,9
purged,42,11
sprinkled,42,11
granny,42,14
ismenias,42,4
affinity,42,8
dung beetle,42,14
wrest,42,8
coele syria,42,11
eneti,42,14
thickly sown,42,6
felted,42,20
frozen,42,22
griffin,42,11
skewer,42,10
hemp,42,16
retinue,42,12
many-benched,42,6
vocal,42,11
marquis,42,15
delusion,42,7
fir,42,13
throne,42,15
ski,42,18
nemea,42,16
unharmed,42,21
upside down,42,33
guardian spirit,41,1
lesbian,41,3
magistrate,41,2
unequal,41,5
pesaro,41,6
illuminated,41,3
oreithyia,41,5
prettily,41,3
alcathous,41,3
pandocus,41,4
ey salve,41,6
messene,41,3
araxes,41,2
eurasian jay,41,7
innate,41,7
cloak,41,8
medlar,41,6
moth mullein,41,11
cilician,41,4
adulated,41,2
enervated,41,4
pistachio,41,9
putrefying,41,5
themisto,41,3
nourishment,41,7
acrid,41,5
sirona,41,13
better,41,14
isauria,41,7
annual,41,7
muddy,41,13
turreted,41,3
telemus,41,9
foraminate,41,7
eurotas,41,7
yonne,41,7
mauretania,41,6
recalling,41,9
taphian,41,11
lystra,41,13
lyceum,41,8
deposit,41,10
glisas,41,12
cider,41,13
kassia,41,18
hundred-footed,41,19
av,41,23
morsel,41,17
spoken,41,22
thousandfold,41,26
bipartite,41,29
athenian,40,1
golden,40,1
fleabane,40,1
victorious,40,2
comrade,40,3
fornicate,40,2
quarter,40,2
milk-coloured,40,4
tridentine,40,3
felloe,40,4
diplurans,40,3
ibex,40,6
engraver,40,6
dusky grouper,40,7
phoenicia,40,2
glorification,40,6
mindarus,40,10
archetypical,40,5
bessi,40,7
tharybis,40,4
goddess,40,5
acadia,40,6
requiring manure,40,3
athenian statesman,40,7
cebren,40,5
esparto,40,4
fatty,40,7
ironclad,40,9
licked,40,9
phaedo,40,12
trachoma,40,5
little shovel,40,11
renowned,40,8
cataract,40,10
beggar,40,8
esteem,40,6
preputial,40,6
cardamom,40,11
dill,40,9
colleague,40,13
excavated,40,7
ustica,40,15
vigor,40,10
sickle,40,10
aerope,40,10
riverine,40,11
acastus,40,13
companion,40,13
palaemon,40,11
tartessus,40,7
frightened,40,9
slingstone,40,16
delicacy,40,15
mole,40,14
moderation,40,16
palmar,40,16
lunate,40,17
kent,40,20
niceforo,39,1
agamemnon,39,2
pennyroyal,39,2
eaves,39,2
ascent,39,4
deidamia,39,4
zeus-fed,39,2
visibly,39,2
civic,39,2
plantain,39,4
pelican,39,5
cromna,39,3
peloponnesian,39,3
fiery,39,4
bucket,39,6
herminian,39,3
ejected,39,6
dropsical,39,4
encasement,39,9
odysseus,39,6
fallow land,39,8
lucretia,39,5
retracted,39,4
larissa,39,5
morys,39,4
priapus,39,15
eclipse,39,9
israelite,39,6
transport,39,4
gorge,39,9
coagulant,39,5
rhomboidal,39,12
promontory,39,13
setting,39,12
elean,39,8
armature,39,16
scythe,39,17
tempe,39,12
chariot board,39,12
fleece,39,14
aulis,39,16
ulna,39,19
phocion,39,18
varangian,39,14
mencius,39,17
formation,39,12
ceremonially,39,16
abscission,39,14
picarel,39,21
amazon,38,1
croak,38,1
pelopidas,38,1
superintendent,38,1
robe,38,2
destined,38,2
toga,38,2
dnieper,38,4
prone,38,3
thynia,38,4
phigalia,38,5
rational,38,4
skeptic,38,5
telescope,38,5
uppsala,38,3
ptoion,38,8
lute,38,3
falcon,38,2
fucinus,38,7
fig,38,6
young tunny,38,10
forbidden,38,4
frivolous,38,4
labarum,38,7
iolaus,38,5
coronal,38,6
besmeared,38,6
caw,38,9
song thrush,38,4
gnatia,38,7
deception,38,4
cloaked,38,3
goddess,38,6
achaea,38,3
pearled,38,6
ballista,38,6
deiphobus,38,5
quail,38,3
thought,38,5
marcasite,38,4
agricultural,38,3
recline,38,18
defenceless,38,5
impious,38,5
tried,38,9
booty,38,9
purification,38,14
fungal,38,7
moisten,38,17
dinghy,38,8
widen,38,15
boot,38,12
laelius,38,11
upper,38,7
cobbler,38,8
nagra,38,15
chameleon,38,9
jerkin,38,12
flaxen,38,12
alimentary,38,14
codrus,38,15
fillet,38,12
eternity,38,25
primacy,38,15
cnidus,38,18
upward,38,14
flown,38,19
camicus,38,22
aquitanian name,38,24
bastardy,37,1
bronchi,37,1
quince,37,1
singapore,37,2
houndstongue,37,2
stay,37,2
patroclus,37,3
arachosia,37,5
corduban,37,3
rock parsley,37,3
torment,37,6
semicircle,37,2
trident-bearing,37,4
campania,37,5
mistress,37,7
minotaur,37,4
division,37,6
mustard plant,37,5
malachi,37,5
pebbly,37,3
assembly,37,4
defective,37,5
lyrist,37,4
aqueduct,37,4
methoni,37,3
rhesus,37,6
purulent flesh,37,3
tritogenia,37,5
supper,37,4
tomyris,37,13
went,37,11
berber,37,7
orthodox,37,5
sebastian,37,7
seditious,37,4
rue,37,3
pleurisy,37,7
zûthos,37,10
hinny,37,14
versatilely,37,7
taygetus,37,5
pelorus,37,8
porpoise,37,6
to redden,37,15
insensible,37,10
caesarian,37,7
went,37,13
solanto,37,10
seoul,37,10
galangal,37,9
hippolyta,37,5
uruk,37,11
engraver,37,17
cynic,37,18
tenth,37,22
eridanus,37,11
deflect,37,23
acromion,37,12
ismarus,37,14
manto,37,14
yocto,37,17
samsun,37,19
isthmus,37,11
nazarene,37,13
nasi,37,12
sinning,37,12
cortex,37,17
incense,37,16
romans,37,18
sacculus,37,13
rochester,37,13
troas,37,18
minoan civilization,36,1
nauplius,36,1
persistent,36,1
articular,36,2
mount circeo,36,3
grosbeak,36,2
revelry,36,2
dwarf cherry,36,4
flame-coloured,36,4
female warrior,36,3
cilician woman,36,4
goad,36,3
dolphin,36,4
halyard,36,3
hippolyta,36,3
jujube,36,2
ceryneia,36,8
tightrope walker,36,5
pleasant,36,3
morsimus,36,2
morava,36,8
rupturewort,36,5
cleric,36,3
laureate,36,4
naval,36,6
stoic,36,7
rudder,36,12
aeacus,36,12
mockery,36,8
sarooj,36,5
bourges,36,10
grown,36,3
sicyon,36,7
furious,36,3
led,36,5
methyl,36,10
cherry,36,11
alchemy,36,13
fodder,36,3
robigus,36,10
plough,36,11
departure,36,12
terebinth,36,6
giant youth,36,9
elpis,36,8
myrtilus,36,8
money changer,36,12
aeëtes,36,11
deme,36,11
mystic,36,10
orphaned,36,13
polynesia,36,9
cossus,36,13
fraternally,36,12
jhelum,36,9
aetolian tribe,36,15
frantic,36,8
garonne,36,9
relaxation,36,9
caspian,36,16
cerynites,36,9
flaminica,36,16
cranaa,36,14
berytius,36,17
excessive,36,16
darwin,35,1
amulet,35,1
sylvan,35,1
subleathery,35,1
canicular,35,2
tecmessa,35,2
jordanian,35,3
florentinus,35,3
placentia,35,3
bestiality,35,3
impostor,35,4
noega,35,4
bari,35,3
robber,35,4
alcmene,35,4
nowise,35,4
erchia,35,5
pleiades,35,7
rind,35,6
trident,35,7
phot,35,7
white poplar,35,4
little turnip,35,6
preface,35,4
phrynichus,35,5
brownish grey,35,9
garlanded,35,5
goldsmith,35,8
bicorniger,35,4
cassia,35,5
hundredfold,35,9
fragmentation,35,10
mezereon,35,4
softened,35,8
titillation,35,8
imminent,35,7
gens,35,9
hamilcar,35,10
equipment,35,7
bench,35,8
leucippus,35,4
mullet,35,12
laughter,35,11
manifestation,35,12
periphas,35,8
requisite,35,12
rave,35,11
garum,35,14
nerthus,35,9
perinthus,35,6
easily,35,16
linden,35,5
dolopian,35,7
inheritance,35,12
beet,35,17
sculptor,35,10
quirinus,35,20
crataeis,35,11
segre,35,15
apocopic form,35,17
acacia,34,1
white nape,34,1
shrilly,34,1
eurytus,34,1
inspector,34,1
axillary,34,1
ossicle,34,2
clary sage,34,2
parallax,34,2
regillus,34,2
cynosura,34,2
boron,34,4
deciduous,34,3
fabian,34,4
domitius,34,4
was persuaded,34,3
league,34,2
prodigality,34,6
hog fennel,34,5
heron,34,6
bartholomew,34,4
serapis,34,6
driven,34,6
lyre,34,3
lunar,34,5
sycamore,34,2
carystus,34,4
warrior,34,6
eccentric,34,8
cloven-hooved,34,4
ischaemia,34,7
nausithous,34,3
tedious,34,3
hyrtacus,34,7
thyrsus-bearing,34,6
wadjet,34,7
historian,34,3
half-full,34,6
lampedusa,34,6
wrestler,34,6
rejoiced,34,7
cloaked,34,3
hungarians,34,8
textile,34,6
buried,34,5
artemis,34,9
crematorium,34,8
cisalpine,34,3
cockerell,34,9
bristling,34,6
unfeeling,34,6
thapsus,34,6
sheepskinned,34,4
untimely,34,7
enchantment,34,6
bovine,34,9
amyclean,34,8
naphtha,34,13
origination,34,9
egyptian,34,9
german tribe,34,19
amyzon,34,14
plunder,34,16
unskinned,34,8
having remeasured,34,8
fertility,34,9
islam,34,16
chromium,34,17
jujube fruit,34,14
prostate,34,14
talc,34,15
unfortunate,34,19
mosaic tile,33,1
spiny dogfish,33,1
funereal,33,1
galilean,33,1
hypocist,33,1
pollute,33,1
white thistle,33,1
pikeman,33,2
coronea,33,2
theognis,33,2
disgusting,33,2
numitor,33,3
germander,33,5
further,33,2
silver-bow bearer,33,3
robin,33,3
laconian,33,5
lint,33,4
einsteinium,33,4
lime quarry,33,10
impassable,33,6
undefined,33,2
cleanliness,33,2
prytane,33,3
eclipse,33,5
javelin,33,5
mingle,33,3
lollius,33,7
parsnip,33,6
mathematician,33,5
lick,33,3
dried up,33,4
torn,33,12
romulus,33,3
ejected,33,6
messala,33,2
phocaea,33,7
picenum,33,6
captor,33,8
messapus,33,5
ominous,33,3
calyx,33,15
pulmonary vessels,33,11
sheatfish,33,7
uncle,33,7
bathycles,33,7
civic,33,7
weaned,33,6
whiskers,33,8
bought,33,7
balneal,33,9
fief,33,11
vesoul,33,12
double,33,14
hastati,33,15
carpathians,33,17
halve,33,15
dicebox,33,14
hasten,33,20
saône,33,15
lotharing,33,13
nitrosyl,33,18
cub,33,17
pannonian,33,16
calpurnia,32,1
corcyraean,32,1
clothes-stealer,32,2
fawn,32,2
eunuch,32,3
pine resin,32,3
kestrel,32,3
immovable,32,3
lingual,32,3
medication,32,6
sophist,32,3
expeller,32,6
triumphal,32,4
destructive,32,3
mithra,32,8
paved,32,3
rulerless,32,7
equipped,32,4
boot,32,5
helvetia,32,5
monaco,32,4
senility,32,5
ful,32,7
unmarried,32,4
osijek,32,9
boxing glove,32,7
unknown,32,3
renewed,32,3
dinner,32,9
buried,32,3
bridegroom,32,12
co-singer,32,6
ethiopia,32,6
flight,32,15
taken,32,6
bugle,32,7
basket,32,6
famine,32,11
triune,32,10
acidophilic,32,3
promontory,32,10
ubii,32,13
venomous spider,32,12
vandal,32,10
darius,32,14
thyatira,32,12
seen,32,12
twig,32,8
alluvial,32,13
arrow meteor,32,10
constantine,32,13
ribbon,32,11
muse,32,16
played,32,15
blanket,32,12
mortar,32,15
nile perch,32,17
bohemia,32,15
celtic,31,1
mysia,31,1
cocceius,31,1
persephone,31,1
dorylaeum,31,2
buoyant,31,2
seated,31,2
pacified,31,2
amulet,31,3
arbaces,31,4
caryatid,31,3
were selling,31,5
strengthening,31,5
ommatidium,31,6
ardent,31,5
tiresias,31,5
catarrh,31,4
placia,31,5
mussel,31,6
publication,31,5
mussel,31,4
eaves,31,4
sacrificial,31,5
vasconia,31,7
hypsipyle,31,4
icarius,31,6
alcyone,31,7
devour,31,3
orphan,31,2
cinnamon,31,2
pacify,31,6
asphodel,31,10
effigy,31,4
architect,31,4
baal,31,4
steatopygous,31,7
bilgewater,31,12
antelope,31,6
tame,31,10
fetid,31,7
vascular,31,9
jonah,31,9
juliett,31,9
hyrgis,31,12
singara,31,8
bath,31,9
baltimore,31,10
decade,31,9
sigh,31,11
caieta,31,13
pacify,31,12
avenging,31,8
licking,31,10
indian,31,9
budium,31,15
pindar,31,10
occupied,31,10
wealth,31,13
centaur,31,16
stride,31,20
exultation,30,1
chicory,30,1
hydromancer,30,1
ionian,30,1
thesean,30,1
poet,30,2
haggler,30,3
chrysothemis,30,3
peleus,30,2
unwieldy,30,3
opheltes,30,3
damocles,30,4
venison,30,6
sitting,30,3
historian,30,4
lessening,30,3
mercenary,30,4
chilly,30,4
pennyroyal,30,4
small necklace,30,4
dyscrasy,30,5
pepperwort,30,2
ichneumon,30,4
atargatis,30,4
supplicatory,30,2
hierodule,30,5
serpent handler,30,4
palpebral,30,5
bridesmaid,30,5
motherwort,30,6
summer solstice,30,5
fabulous,30,5
orcin,30,7
flinty,30,3
etruria,30,5
averted,30,5
banished,30,5
poultice,30,7
undeserved,30,4
bedstead,30,7
carried,30,3
trojan,30,7
canary islands,30,9
samothrace,30,5
nuptial song,30,8
illyrian tribe,30,4
persuasive,30,7
dagger,30,5
thrown,30,6
strengthened,30,6
loincloth,30,6
ashkelon,30,6
horsetail habitat,30,5
drunkard,30,13
nearby,30,8
arcadia,30,4
tightened,30,9
spurious,30,8
surpass,30,11
expelled,30,6
heracles,30,10
executioner,30,6
atonement,30,11
reclined,30,13
small basket,30,7
aurelius,30,11
pelasgian,30,7
melicertes,30,9
purgative bark,30,9
freemartin,30,16
trout,30,12
intact,30,8
mende,30,13
francolin,30,13
hanno,30,12
celandine,30,8
physician,30,16
priestess,30,14
sprig,30,11
wether,30,17
annul,30,16
redshank,30,16
abdomen,30,24
thirty,30,21
onyx,30,27
beautiful-cheeked,29,1
queen,29,1
irritable,29,1
titan,29,1
serrated-leaved,29,1
promontory,29,1
inflowing,29,2
jew,29,2
curtian,29,2
alpine chough,29,2
busiris,29,3
goddess,29,3
initial,29,2
pylades,29,2
isosceles,29,4
arcadian,29,4
miserable,29,2
cracovian,29,2
hither,29,4
fibre,29,4
dittany,29,3
cecilia,29,7
curvature,29,6
hip rafter,29,4
excerpt,29,5
pupa,29,3
wallachia,29,4
phlegyas,29,4
steadfast,29,7
thirty,29,7
pactolus,29,6
paean,29,7
clodia,29,5
architrave,29,8
small temple,29,5
naval port,29,8
melete,29,6
warranty,29,5
retreating,29,8
baer,29,13
water serpent,29,6
funny,29,7
membraniferous,29,4
treacherous,29,3
heptagonal,29,5
eightieth,29,4
miscarriage,29,5
immateriality,29,6
fiancée,29,8
wattled,29,9
entanglement,29,14
coltsfoot,29,6
formative,29,8
psamathus,29,10
ambassador,29,11
gaul,29,8
sitting,29,12
weimar,29,14
fortified,29,5
rheum,29,7
malaga,29,13
enclose,29,9
soothsayer,29,10
greek play,29,9
animating,29,18
lapith,29,7
parnes,29,13
for provisions,29,14
cimon,29,13
soapwort,29,11
precede,29,16
rugged,29,12
blanch,29,11
spewed,29,12
however much,29,16
dolt,29,17
upper arm,29,19
baneful,29,9
sarissa,29,14
carnelian,29,16
danaid,28,1
epirotic,28,1
eumenid,28,1
mycerinus,28,1
often married,28,1
athenian,28,1
guffaw,28,2
phallus,28,2
expedition,28,3
aethilla,28,2
soaring,28,3
typhon,28,3
half-mule,28,3
intermediary,28,5
goddess,28,2
plum-shaped,28,3
roving,28,2
pelican,28,5
sospita,28,3
softening,28,5
carnelian,28,4
adamant,28,5
nymph,28,4
publishing,28,7
to notify,28,4
stylite,28,5
multitude,28,6
cloak,28,10
unknown,28,5
malabathrum,28,4
terrible,28,4
bramble thicket,28,7
ravage,28,6
academic,28,4
quarrel,28,8
trophy,28,5
larded,28,4
mithridates,28,5
tripod,28,6
syringe,28,5
mouflon,28,6
paenula-wearing,28,4
burnt,28,8
dagger,28,9
corrode,28,4
first,28,8
mangler,28,10
paragoge,28,6
thoth,28,9
eryngo,28,11
mincemeat,28,8
haemus,28,9
inexperience,28,7
defecated,28,11
embolus,28,11
carolingian,28,10
lawrence,28,12
topaz,28,14
bubon,28,12
india,28,11
unbridled,28,8
sybaris,28,16
oblique,28,12
millstone,28,14
ciliate,28,15
cultivator,28,13
algic,28,11
clogs,28,11
lotuswood,28,15
basilic,27,1
you might,27,1
wily,27,1
chameleon thistle,27,1
limpet-shaped cup,27,1
laden,27,1
sublobate,27,1
taproban,27,1
cithaeron,27,2
prophetess,27,2
broker,27,2
flimsy,27,2
sri lanka,27,2
remmian,27,2
vase,27,3
perinthus,27,3
testiculate,27,5
towel,27,5
memorial,27,2
cheops,27,2
janitor,27,6
washed underneath,27,4
plataea,27,5
caesarea,27,3
finished,27,4
helos,27,4
megara,27,3
oxytone,27,5
brenae,27,5
carnivorous,27,3
detractor,27,5
kosovo,27,5
bean trefoil,27,4
plucked,27,6
remembrance,27,6
tyrannous conduct,27,3
stolen,27,2
baal,27,7
inhabiting,27,10
corcyra,27,6
incautious,27,4
metic,27,5
eion,27,6
wrestling school,27,4
citharize,27,3
gael,27,7
surveyed,27,4
pilferer,27,8
orontes,27,10
porcian,27,5
severan,27,3
spiritus asper,27,6
servant,27,3
mole,27,8
imbuing,27,5
dauphine,27,6
telesia,27,8
scandinavia,27,8
squirting cucumber,27,14
imposed,27,8
ficine,27,10
harmonious,27,8
ahasuerus,27,14
pursuit,27,10
unseemly,27,7
abel,27,11
colonnade,27,10
forecourt,27,11
idiom,27,10
farcy,27,13
vex,27,9
unfolding,27,14
household deity,27,14
eighteen,27,15
rhizus,27,12
moselle,27,13
scrapings,27,10
isonzo,27,18
ticinus,27,18
black turnip,26,1
flower-crowned,26,1
hellenizing,26,1
botany,26,1
embezzler,26,1
pullet,26,1
goddess,26,2
leucothea,26,3
libitina,26,3
pleurisy,26,3
lamented,26,3
regalia,26,5
sacrificial victim,26,5
unfaithful,26,4
innumerable,26,2
panthous,26,4
untangled,26,3
glomerulus,26,4
knapsack,26,3
kite,26,6
porcupine,26,5
romeo,26,3
competition,26,5
water-pourer,26,4
pubic,26,7
sage,26,6
cabeiri,26,6
bathtub,26,3
erotic,26,6
jasmine,26,6
stripped,26,5
undiminished,26,3
pompeian,26,7
bocarus,26,8
cranii,26,6
short-sleeved tunic,26,5
sedentary,26,3
phaestus,26,4
piscine,26,6
brutalized,26,4
american,26,7
niobid,26,7
tragic,26,4
morsel,26,8
anointing,26,7
laozi,26,6
imaginary,26,3
sow,26,7
immersed,26,4
hazel,26,5
depleted,26,6
moabite woman,26,6
jar,26,3
rooflet,26,6
seeress,26,4
intoxicated,26,8
antioch,26,6
alliance,26,4
quince,26,5
thither,26,6
injurious,26,6
isaiah,26,10
dowry,26,6
amber-coloured,26,3
abnormal,26,6
cyclamen,26,9
medlar,26,11
companion,26,6
utensil,26,12
armenian king,26,11
aplustre,26,8
lippe,26,6
nymph,26,12
burgundian,26,11
coracoid process,26,8
mayor,26,12
strongyle,26,9
nestling,26,9
uproar,26,7
coltsfoot,26,10
clarified,26,14
doum palm,26,15
nodded,26,10
occiput,26,13
basket,26,9
investigator,26,12
rumour,26,12
poetize,26,12
reap,26,16
cantabri,26,11
porridge,26,14
to threaten,26,18
supplement,26,17
andromache,25,1
bronze,25,1
cutilia,25,1
theophrastus,25,1
sevillian,25,1
felloe,25,1
marpessa,25,1
proceed,25,1
tragic,25,2
greek hay,25,2
quarter,25,2
samian,25,2
acropolis,25,2
byzantes,25,2
dermatitis,25,2
inguinal,25,2
thick-skinned,25,3
troilus,25,3
cecrops,25,3
samson,25,4
sedge,25,3
lixus,25,2
inarime,25,4
francolin,25,3
cellar,25,3
storm petrel,25,2
gladiator,25,4
sexual intercourse,25,6
messiah,25,3
poplar grove,25,3
chafed,25,4
litra,25,4
hinder,25,3
wanton,25,5
olive-oiled,25,7
pluck,25,3
jehohash,25,5
bupalus,25,8
hermitic,25,3
renewed,25,4
crook,25,2
pastoral,25,3
credulous,25,4
cloak,25,5
fetid,25,4
flaminian,25,3
ratified,25,4
bathtub,25,4
medma,25,4
unmarried,25,4
economise,25,9
somewhat curly,25,3
thrice,25,9
theonoe,25,2
silas,25,4
munich,25,6
sedentary,25,4
fabella,25,3
unwilling,25,5
verdict tablet,25,4
caspian sea,25,5
copper pyrites,25,5
sculptor,25,4
eleutherae,25,4
philosopher,25,4
unharmed,25,7
beverage,25,9
caliph,25,3
jerusalem,25,8
vial,25,11
itself,25,8
sea nymph,25,9
thence,25,8
pestilential ulcer,25,10
lilied,25,8
sexvir,25,8
wife,25,8
light-bringer,25,5
tripod,25,6
cronid,25,7
castor,25,14
varnish,25,8
phlegm,25,7
swine,25,11
canoe,25,8
creator,25,14
provisions,25,11
pyramus,25,13
equally,25,19
mandrake,25,9
recline,25,14
chufa,24,1
cathedral,24,1
plover,24,1
vicinity,24,1
polycrates,24,1
sabine,24,1
prosper,24,2
bird cherry,24,2
imitator,24,2
malicious,24,2
decision,24,3
flaxen-haired,24,3
persistence,24,3
brambles,24,2
epiglottis,24,3
spindleshanks,24,2
niconium,24,2
demigod,24,3
bronchial,24,3
foundation,24,2
lebedus,24,3
supernumerary,24,3
timoleon,24,2
darnel,24,3
unteachable,24,3
issus,24,3
quarrel,24,3
thronged,24,3
to encrust,24,3
emetic,24,3
courier,24,5
stockholm,24,4
meges,24,4
vernacular,24,5
lute,24,4
untamed,24,5
porpoise,24,5
cape,24,6
seville,24,5
excessive,24,3
aquitaine,24,6
abducted,24,2
unhurt,24,4
eighth,24,9
befriend,24,6
beetle,24,12
bifid,24,8
purple swamphen,24,2
confluence,24,4
specimen,24,6
colophon,24,5
jocasta,24,4
crown,24,7
gythium,24,6
violent,24,4
foresight,24,4
himera,24,5
rough terrain,24,9
ubiquity,24,10
erotic,24,4
eurus,24,8
griffin,24,6
plums,24,7
related,24,12
crop,24,9
chergui,24,11
gela,24,8
foxtail millet,24,9
guinea,24,7
mooing,24,9
leister,24,9
ale,24,10
marble quarry,24,10
spondee,24,9
porous,24,10
wealth,24,11
argos,24,11
cadmean,24,10
karpathos,24,12
anglo,24,18
celtic tribe,24,14
sleeplessness,23,1
nymph,23,1
decimus,23,1
strait,23,1
calynda,23,1
attica,23,2
nuptial,23,2
pellitory,23,2
piso,23,2
sarcocolla,23,2
swedish,23,2
goddess,23,2
anarchy,23,2
manservant,23,2
hipparch,23,2
plausible,23,2
periwinkle,23,2
litharge,23,3
prasiae,23,4
cerebral,23,3
eye-salve,23,4
punctate,23,4
climax,23,3
lustral,23,4
mouse-dropping,23,4
pip,23,3
addax,23,3
calydon,23,2
very beautiful,23,4
anaphe,23,5
ambrosial,23,3
medicinal plant,23,4
saturnian,23,4
meilichios,23,5
braggart,23,2
providence,23,4
solitude,23,4
vulture-like,23,4
close kinship,23,4
crippled,23,2
intact,23,3
evildoer,23,2
colicky,23,5
withdrawn,23,7
bethlehem,23,7
british,23,6
held back,23,4
sunken,23,4
unknown,23,3
amphinomus,23,4
stryme,23,5
admitted,23,4
articulate,23,8
baldness,23,5
grizzled,23,3
clotho,23,10
iron discus,23,5
horrible,23,3
shrew,23,6
priest,23,4
cave-dweller,23,2
alesiaeum,23,6
beekeeper,23,7
creusa,23,7
tame,23,4
marathon,23,9
quebec,23,8
helmet,23,6
greek,23,3
promontory,23,7
exiled,23,6
diarrhea,23,4
hecuba,23,4
proverb,23,7
hungry,23,6
cygnine,23,5
greek,23,5
waddling,23,8
xiphoid,23,5
eupolis,23,5
negotiator,23,4
phidon,23,7
anterior,23,4
groom,23,6
delimit,23,11
dwelt,23,8
majestic,23,9
jointfir,23,11
remission,23,10
rochet,23,11
ploughwoman,23,8
came,23,9
andus,23,13
rhetorician,23,8
stern,23,9
third,23,15
unfaithful,23,10
amaranth,23,11
chasm,23,9
quarry stone,23,10
thalamae,23,12
flanders,23,8
hock,23,11
tuberculosis,23,13
nay,23,12
hypnic,23,10
cripple,23,16
hyde,23,15
syntax,22,1
satrap,22,1
geganius,22,1
medical,22,1
wretched,22,1
murderess,22,1
foretold,22,1
very powerful,22,1
poet,22,1
thrice-cloven,22,1
be ashamed,22,2
thessalian,22,2
crook-footed,22,2
bronze-fitted,22,2
hippasus,22,2
hippodamia,22,3
unharmed,22,3
talkative,22,3
postern,22,2
litotes,22,3
stenographer,22,2
oregon,22,4
parabolic,22,3
syracuse,22,3
ouessant,22,3
cedarberg,22,2
incarceration,22,2
thestiad,22,2
fortress,22,4
bilingual,22,5
bilious,22,4
garlanded,22,3
postmeridian,22,3
statira,22,5
susiana,22,4
tarquinian,22,2
cadurci,22,2
fifth,22,4
mortar,22,3
half-shaved,22,3
inscribing,22,5
propagules,22,5
wood pigeon,22,3
demosthenes,22,5
haemon,22,3
freedom,22,4
memphite,22,3
compliant,22,2
recurrent,22,2
antagonistic,22,2
marmarica,22,6
oleaster,22,5
foal,22,7
polichna,22,4
incense,22,6
therasia,22,3
ursa minor,22,3
esteem,22,8
levite,22,10
optative,22,4
rout,22,7
pallid,22,7
mallow-leafed,22,5
mason,22,2
oppress,22,6
attentive,22,7
porker,22,3
led,22,5
greater adjutant,22,5
annular,22,3
constantius,22,8
novelty,22,5
envious,22,3
legionary,22,4
mortar,22,7
bashful,22,5
asclepius,22,6
clemente,22,5
datum,22,5
intact,22,5
pebbles,22,5
untangle,22,5
tyrannical,22,3
limed twig,22,6
freighter,22,6
deforming,22,10
incitement,22,4
proclaimed,22,4
laurel-like,22,5
dawson-related,22,9
pythagoras,22,6
richardson,22,6
masseur,22,7
crataeis,22,7
senegal,22,10
dissonant,22,6
germans,22,10
hyettus,22,8
zebras,22,9
mecca,22,9
spectre-bearing,22,3
zodiacal,22,4
barbel,22,10
youth,22,6
greek,22,7
logical,22,15
physca,22,10
simeon,22,10
traveller,22,10
affirmation,22,9
cotta,22,7
creston,22,13
desisting,22,8
ecbatana,22,7
taught,22,9
teucrian,22,8
edict,22,7
prim,22,11
kameiros,22,11
charcoal,22,11
reuter,22,14
copse,22,11
cierium,22,13
orpheus,22,14
praenomen,22,13
omana,22,12
creator,22,19
syllium,22,13
ox,22,15
whittle,22,12
zoilus,22,14
anacreon,21,1
colocynth,21,1
aergia,21,1
mighty,21,1
luminescent,21,1
murderess,21,1
seducible,21,1
exedra,21,1
thargelion,21,1
veretilla,21,1
chatterer,21,2
arab,21,2
syllogism,21,2
black swallow-wort,21,2
maniple,21,2
wailer,21,2
orator,21,2
omit,21,2
morpheus,21,2
myrtle grove,21,2
portuguese,21,3
banquet,21,3
integral,21,2
freckle,21,2
pettifogger,21,3
azenia,21,3
burgundy,21,5
brook,21,2
nymph,21,4
memphis,21,2
nocturnal,21,3
buffoonlike,21,3
tardigrades,21,5
possession,21,2
calingae,21,5
rhosus,21,5
debtor,21,2
callithrix,21,4
foresight,21,3
growth promoting,21,3
aphrodisiac,21,2
forbidden,21,3
inwards,21,5
mandane,21,6
resurrection,21,3
water-inspector,21,3
arpi,21,7
debauchee,21,4
avenger,21,4
perfume,21,8
cyclamen graecum,21,5
laxative,21,5
obligated,21,3
paeon,21,7
protectress,21,6
leonidas,21,4
be accustomed,21,5
trifling,21,3
white-spotted,21,6
sarangae,21,7
thisbe,21,4
bronze-footed,21,6
belisarius,21,6
observable,21,4
stripped off,21,6
eradication,21,5
miletus,21,6
pentane,21,6
aorist,21,6
callipygian,21,5
monastery,21,6
oesyma,21,9
unbridled,21,4
emancipation,21,7
immovable,21,3
inhabited,21,4
tantalum,21,9
enervated,21,5
marsian,21,6
flexibility,21,5
titian,21,5
arsenius,21,8
cloak,21,7
palar,21,11
porous,21,6
poplar,21,9
athos,21,11
blond,21,10
pastress,21,7
physician,21,8
eyelid,21,10
autumn crocus,21,15
aramean,21,11
redden,21,11
versus,21,11
virility,21,10
froth,21,8
terrestrial,21,10
viceroy,21,13
dunn,21,11
speckled,21,7
tertiary,21,12
steam bath,21,8
dicte,21,11
dirge,21,12
styx,21,11
mulberry coloured,21,12
saffron,21,13
razor,21,10
diagon,21,16
utica,21,12
venus,21,14
apelles,20,1
philosopher,20,1
euryclea,20,1
hortensian,20,1
laestrygonian,20,1
balsam,20,1
five twelfths,20,1
abhorring,20,2
maiden,20,2
drunkenness,20,2
prudence,20,2
predecessor,20,2
cannibal,20,2
presider,20,2
selinus,20,3
californium,20,4
ewer,20,2
hathor,20,3
miserable,20,3
scabbard,20,2
charcoal pile,20,4
belgae,20,2
cedar,20,3
sieve,20,3
amber,20,4
halitherses,20,3
inachus,20,5
portionless,20,4
remindable,20,3
perinthus,20,4
quiver,20,4
spatula,20,5
instigator,20,2
beechen,20,5
agile,20,3
piracy,20,3
inclination,20,5
sagulate,20,2
crotalus,20,6
tainaron,20,4
jersey,20,7
grammarian,20,3
eileithyia,20,4
calydon,20,7
propelled,20,5
sybota,20,4
cannae,20,8
encircled,20,2
legae,20,4
copenhagen,20,4
indistinct,20,4
patriotic,20,3
published,20,3
tendinous,20,5
mandaean,20,7
apollonia,20,7
armillary sphere,20,7
mash,20,3
coffer,20,7
sibyl,20,6
confluence,20,6
heretical,20,3
squinting,20,4
phoenicia,20,8
earthen jar,20,5
gift,20,9
hernia,20,7
adad,20,6
chaldean,20,6
hare,20,5
empedocles,20,6
heraclius,20,5
brass,20,4
spittle,20,3
sent,20,7
juliett,20,4
immortal,20,4
tangible,20,6
aiton,20,8
puppy,20,7
olive tree,20,7
prominence,20,9
jenkins,20,5
pylorus,20,8
spree,20,10
alaric,20,10
caietan,20,8
clinch,20,9
rejoice,20,9
valens,20,11
thousandfold,20,8
promontory,20,7
technical,20,5
cretan savory,20,7
maggiore,20,8
hare,20,8
aegeus,20,6
grumium,20,9
iapyx,20,16
slime,20,10
linden,20,6
glutton,20,9
twigs,20,12
butane,20,11
nod,20,12
jair,20,11
caesarean,20,15
umbilical,20,14
boot,19,1
diverted,19,1
orderliness,19,1
decachord,19,1
asyndeton,19,1
odysseus,19,1
suffruticose,19,1
sadyattes,19,1
sophistic,19,1
dipteran,19,2
hawksbeard,19,2
circular incision,19,2
comrade,19,2
water-carrier,19,2
prune,19,3
gerenia,19,3
unmanageable,19,2
lisbonian,19,2
parturient,19,3
assyrian,19,4
self-sufficient,19,3
versify,19,4
spoken,19,2
pellene,19,4
stimulated,19,2
glorified,19,2
mockery,19,4
finished,19,2
pious,19,3
unskilful,19,3
abdera,19,4
floral,19,6
breach,19,5
recede,19,2
eczema,19,4
elephantiasis,19,3
anchovy,19,5
triangular,19,5
adamant,19,5
antron,19,5
talkative,19,5
led forth,19,5
surveyor,19,8
gens,19,3
astonished,19,3
patriarch,19,5
tyrant,19,4
soldered,19,5
solar,19,4
sonora,19,5
strophius,19,3
tetrahedral,19,5
blanford,19,4
water serpent,19,2
nightmare,19,5
ishmael,19,3
persepolis,19,5
maple fungus,19,5
stoic,19,4
vicenza,19,6
apiary,19,5
arminius,19,3
asinine,19,6
subterranean,19,3
mighty,19,3
to sprinkle,19,3
riobamba,19,4
chaste tree,19,5
devourer,19,7
violent,19,3
amulet,19,4
tenth,19,8
tamed,19,5
youth,19,3
auditorium,19,4
haste,19,7
hindering,19,8
banquet,19,7
mussel,19,5
replied,19,5
spectacle,19,5
shook,19,6
panemus,19,7
overtaken,19,3
aeschylus,19,4
antiochus,19,5
barcelona,19,8
interposed,19,9
testator,19,7
legendary,19,7
onager,19,7
praetorian,19,6
admonished,19,7
conferva,19,6
fabian,19,10
semitone,19,6
molossus,19,7
fenugreek,19,6
compendious,19,8
leaden,19,6
fire salamander,19,4
brighten,19,5
exalted,19,6
penelope,19,6
kykeon,19,9
germanicus,19,7
maire,19,9
salary,19,7
bovine,19,9
chosen,19,5
black nightshade,19,10
scapula,19,6
plethora,19,7
samaritan,19,7
sidyma,19,6
charcoal-filled,19,8
covid,19,12
favoured,19,11
macir,19,9
superbus,19,15
strengthen,19,11
thousand,19,11
olbia,19,12
uneven,19,15
undissolved,18,1
adorable,18,1
anglican,18,1
aster,18,1
dissembler,18,1
diuretic,18,1
gladiatress,18,1
consulate,18,1
petrify,18,1
orsilochus,18,1
dictionary,18,1
perrhaebia,18,1
pulmonary,18,1
ruan-sur-egvonne,18,1
hairdresser,18,2
buttock,18,2
seated,18,2
small sickle,18,2
savin,18,3
kestrel,18,2
phrixa,18,2
amarynthus,18,2
arbor,18,2
turquoise,18,3
editor,18,4
vile,18,3
belus,18,2
volano,18,4
chaffy,18,2
pelagic,18,2
parchment,18,2
perpetual,18,4
suitor,18,3
parch,18,3
pulverized,18,2
didian,18,3
styptic,18,3
stay near,18,3
papian,18,4
secular,18,3
thicket,18,3
equality,18,4
lagina,18,6
lynxstone,18,3
scholastic,18,3
atilius,18,4
cebes,18,5
befitting,18,3
crisis,18,5
priest,18,5
shirvan,18,4
stuhlmann,18,4
publish,18,7
promenade,18,6
cottage,18,5
summed up,18,3
alope,18,5
disgraceful,18,4
mesopotamia,18,2
narbonne,18,3
abominable,18,4
ravage,18,4
barracuda,18,6
wifely,18,3
plough,18,3
borne,18,7
hysterical,18,3
isaac,18,8
gnashing,18,8
metic,18,4
maid,18,5
recently,18,6
salm,18,4
baptist,18,7
steadfast,18,3
numerous,18,7
drachma,18,7
drunken,18,4
epeius,18,4
lovingly,18,4
mezentius,18,5
peloponnese,18,7
contrivance,18,8
emery,18,7
dirge,18,7
lyre,18,7
corrector,18,5
crepidate,18,3
crotopus,18,6
equipment,18,5
intact,18,8
infundibulum,18,5
nobelium,18,5
drudge,18,5
picenum,18,8
surgeon,18,4
khosrow,18,10
hastened,18,5
boar,18,9
played,18,7
lawyer,18,6
venerate,18,9
argive,18,9
osam,18,6
balcony,18,7
gory,18,7
pitane,18,7
cherub,18,7
sea-mussel,18,6
mundane,18,5
twelfth,18,13
celt,18,7
hispania,18,6
booty,18,7
missionary,18,6
caprine,18,10
oedipus,18,8
mute,18,9
poverty,18,10
pteria,18,14
rome,18,5
hound,18,5
unholy,18,8
marine,18,9
gaeson,18,9
unaware,18,10
lanthanum,18,9
uncle,18,12
pegasus,18,8
solder,18,12
mackerel,18,11
tallow,18,9
comic poet,18,11
oppress,18,12
gisco,18,12
cleavable,18,9
erat,18,9
tripod,18,13
saar,18,11
tanis,18,11
volition,18,11
agis,17,1
unfinished,17,1
basket,17,1
playmate,17,1
promontory,17,1
tithe,17,1
bronze,17,1
hippopotamus,17,1
unobstructed,17,1
pegae,17,1
petronian,17,1
pneumonia,17,1
quicken,17,2
bridle,17,2
elpenor,17,2
eretria,17,2
justification,17,2
aristophanes,17,2
hipparchus,17,2
legalize,17,2
guardian,17,2
unfinished,17,2
equal,17,2
aqueduct,17,2
dutiful,17,2
papirius,17,2
trifle,17,3
salinity,17,2
plunderer,17,2
agrippina,17,2
messenger,17,2
callirrhoe,17,3
quail,17,3
double company,17,3
abound,17,3
homonymous,17,3
metrodorus,17,3
wether,17,4
polydamas,17,2
third,17,2
winnowing basket,17,4
gladdening,17,3
casinian,17,4
copperas,17,4
hamadryas,17,5
unseen,17,3
breadth,17,2
ulcinj,17,2
bittern,17,4
rutherfordium,17,2
tail-wagging,17,3
enoch,17,5
florence,17,5
parlour,17,3
ladler,17,4
kausia,17,6
busy,17,3
ecclesiastical,17,2
treadle pump,17,4
pigsty,17,5
holmi,17,3
florius,17,6
public revenue,17,3
thapsus,17,4
scythia,17,6
err,17,2
astyages,17,3
choisy,17,5
inflection,17,6
gobryas,17,3
hesiodic,17,5
martyrdom,17,4
kansas,17,4
roaming everywhere,17,3
pandrosus,17,5
phlegmy,17,3
advertised,17,4
cloacal,17,6
etruria,17,3
meander,17,4
fanning,17,7
excavated,17,2
marten-skin,17,5
striven,17,2
negotiator,17,6
nephew,17,4
wild pigeon,17,3
unforeseeing,17,4
lamentable,17,2
lavish,17,5
ginger,17,2
stadia,17,4
multiplication,17,6
musty,17,3
busy,17,3
entella,17,6
saracen,17,4
astringent,17,6
abila,17,8
armor,17,4
spurge olive,17,5
cerebral,17,7
bononia,17,5
inlet,17,8
untaught,17,6
mangonel,17,8
oenotria,17,5
pavement,17,5
swept,17,8
harmonious,17,4
pastoral,17,4
precipices,17,7
dispositional,17,8
reducible,17,5
sun spurge,17,4
hindmost,17,9
muslin,17,6
swollen,17,5
astrologer,17,11
bristol,17,4
bucktoothed person,17,10
capetus,17,7
struck down,17,9
disagreement,17,8
to bleat,17,8
must,17,10
transportation,17,7
victor,17,9
kohl,17,9
bremer,17,7
unknown gem,17,10
ethane,17,9
falsified,17,7
familial,17,7
stiffen,17,9
originator,17,10
beautifully,17,10
timiș,17,10
clothe,17,8
indivisible,17,8
belg,17,11
baumann,17,8
sodomy,17,11
pearl-shell,17,14
acrisius,16,1
duckie,16,1
cestrus,16,1
gift,16,1
happiness,16,1
small torch,16,1
garamantes,16,1
mesogastric,16,1
high-tressed,16,1
illogical,16,1
plotter,16,1
orchomenus,16,1
monotony,16,1
envision,16,1
thrift,16,1
cape taenarus,16,1
pauper burier,16,1
victoria,16,1
differential,16,2
goddess,16,2
simois,16,2
eroded,16,2
tactile,16,2
historian,16,2
vengeance,16,2
stiltwalker,16,3
numantia,16,3
superstructured,16,2
hymn,16,3
april,16,4
boston,16,3
emporium,16,4
farinaceous,16,2
unskilled,16,4
semolina,16,3
midwife,16,3
sphendale,16,2
pedian,16,2
minium,16,3
driven away,16,2
sagittarius,16,2
semicircle,16,2
unknown,16,3
madder,16,3
conniving,16,3
pious,16,4
grimly,16,2
renowned,16,2
autumn squill,16,2
expelled,16,2
loathed,16,3
monastic,16,3
praeneste,16,2
seah,16,5
clownish,16,3
turbulent,16,2
etruscan,16,3
yanayacu,16,6
chestnut grove,16,2
durable,16,4
esoteric,16,3
congratulation,16,3
sublingual,16,3
pallor,16,4
mallow-fibered,16,4
female speaker,16,4
detention,16,2
cycnus,16,4
deference,16,4
lightning-struck,16,4
excavate,16,5
cadurcan,16,4
eridanus,16,5
gangrene,16,4
horse fodder,16,4
seduced,16,3
impetiginous,16,4
incendiary,16,2
latin,16,5
nurseryman,16,3
amorous,16,5
quaffed,16,6
glaucus,16,8
undefended,16,3
liberator,16,6
nocturnal,16,2
published,16,3
preposing,16,4
segesta,16,4
symposium,16,3
unpleasing,16,4
cistern,16,8
menace,16,7
tiara,16,4
seditious,16,4
fistula,16,4
methion,16,4
myrsilus,16,5
neural,16,6
turned towards,16,5
debtor,16,5
postponed,16,3
asopus,16,6
slavery,16,7
grape variety,16,4
suburban,16,3
detestable,16,6
aphroditus,16,6
bostra,16,5
juba,16,6
nailsmith,16,8
lettuce,16,6
mutilated,16,5
prasii,16,7
bisset,16,7
delphi,16,6
avert,16,6
magism,16,9
preconception,16,6
knossos,16,6
eridanus,16,6
tinctorial,16,5
shorten,16,5
naval,16,5
peculiarity,16,5
ciconians,16,8
lithium,16,6
courtier-like,16,8
ocyalus,16,6
sellary,16,6
gello,16,7
pestle,16,6
abduct,16,8
sapphire,16,10
stannous,16,8
aegis,16,8
timothy,16,6
thermal,16,8
kasserine,16,8
etymon,16,7
avellino,16,8
krater,16,6
luminous,16,11
like unguent,16,7
byllis,16,8
alpheus,16,8
elegy,16,9
disgust,16,10
muscovy,16,9
precede,16,10
iberian,16,9
tendon,16,10
sporadically,16,12
amulius,15,1
apollonian,15,1
attendance,15,1
candaules,15,1
censorial,15,1
epyaxa,15,1
hawk,15,1
laodicea,15,1
satrap,15,1
mellow,15,1
receptacle,15,1
serpentine,15,1
pelasgian,15,1
blister,15,1
electrum,15,1
semicylindrical,15,1
senator,15,1
controlled,15,1
subfiliform,15,1
surpassed,15,1
trierarch,15,1
truthful,15,1
flogger,15,1
bailly,15,2
eaten,15,2
domineering,15,2
well-made,15,2
filial,15,2
awhile,15,2
priene,15,2
female fighter,15,2
prasiae,15,2
rennes,15,2
carrion crow,15,2
gorgythion,15,2
sat down,15,3
nausicaa,15,2
ochre-colored,15,3
processional,15,3
satan,15,2
nearby,15,3
timid,15,4
boudica,15,3
ghent,15,3
plundered,15,2
wolf cub,15,2
seductress,15,2
apposite,15,3
plow ox,15,3
golden,15,2
february,15,3
laconia,15,2
lusi,15,3
slayer,15,4
orchestra,15,3
consecrated,15,3
valencian,15,3
afranian,15,3
batter,15,3
aztecs,15,5
tenth,15,6
snood,15,2
protectress,15,3
potterly,15,4
hellespont,15,3
fire-emitting,15,3
liberation,15,5
architrave,15,4
nauplia,15,5
oxonian,15,2
pruning,15,4
anagni,15,2
reversed,15,2
purification,15,4
sapires,15,2
arcas,15,3
castoreum,15,2
pusiano,15,5
hazel grouse,15,3
hardening,15,5
terminating,15,6
libationer,15,5
musaeus,15,5
quivered,15,3
plotinus,15,4
orchard,15,5
lucia,15,3
ironwort,15,4
solifuge,15,3
urticaria,15,5
truthful,15,4
unfading,15,3
stag,15,5
shredded,15,3
thrown,15,3
kyiv,15,4
levorotatory,15,5
uncle,15,5
straddling,15,5
skirret,15,5
taiwan,15,5
arrhythmic,15,5
epeii,15,5
beautifully named,15,6
crati,15,5
baleful,15,4
blacken,15,4
wheelbarrow,15,5
coloured,15,8
strangle,15,4
repressed,15,3
spurious,15,6
saviouress,15,4
tufaceous,15,4
afghanistan,15,6
elul,15,5
auspicated,15,6
babbler,15,5
lieser,15,9
wooden,15,7
naupactus,15,4
pachynus,15,7
lozenge,15,4
i heard,15,5
solidified,15,6
cephean,15,10
hairiness,15,7
hewn,15,6
agate,15,6
cytorus,15,10
suckled,15,8
mutter,15,9
stupor,15,7
odyssey,15,5
bladder cherry,15,6
júcar,15,5
thyrsus-bearing,15,6
visitor,15,6
aeson,15,10
mute,15,8
-metry,15,4
hundred trillionth,15,7
ascalaphus,15,7
assus,15,7
libra,15,9
brewer,15,6
strengthen,15,9
hun,15,11
hymn,15,9
dioscurus,15,11
constriction,15,7
lovingly,15,10
perga,15,11
exerting tension,15,12
equidistant,14,1
bitterwort,14,1
blackout curtains,14,1
bovine,14,1
female genitalia,14,1
defiling,14,1
fraternal,14,1
heraclid,14,1
iscariot,14,1
minoid,14,1
forager,14,1
dragonwort,14,1
scapula,14,1
tegyra,14,1
thrasymedes,14,1
armadillos,14,1
drover,14,2
forelock,14,2
abounded,14,2
basket,14,2
rejoicing,14,2
monochrome,14,2
nihonium,14,2
pamphylian,14,2
weight,14,2
trickster,14,2
conversely,14,2
successor,14,2
companion,14,2
constructive,14,2
fabulous bird,14,2
invocatory,14,2
nourisher,14,3
rye,14,2
torrent,14,2
glorious,14,2
despised,14,2
unbelted,14,2
mentally,14,3
gindanes,14,2
stye,14,3
linear,14,2
shadow-caster,14,2
maple,14,2
amass,14,3
recoiled,14,3
clown,14,2
ominous,14,3
cosmopolitan,14,3
cottage,14,3
couch,14,3
piety,14,3
said,14,2
gladiolus,14,2
micipsa,14,2
frivolous,14,3
pharsalus,14,2
abas,14,2
many-counselled,14,2
well-curb,14,2
servilian,14,3
unpleasant,14,3
scurvy,14,4
skilful,14,4
pulverize,14,3
spurge-laurel,14,4
iwatean,14,2
republic,14,3
tango,14,4
lethargic,14,2
anauni,14,3
bolzano,14,3
mown,14,2
serpentine,14,5
enceladus,14,5
roused,14,4
begetter,14,3
henbane,14,5
unsuitable,14,3
joktan,14,4
labdacus,14,3
lustral,14,5
towel,14,5
phlegethon,14,4
mullein,14,4
saskatchewan,14,5
finished,14,4
pleasant,14,2
egadi islands,14,3
apulia,14,4
wanton,14,4
balsamiferous,14,4
doomed,14,3
druids,14,5
defective,14,4
oneiric,14,4
gigonus,14,3
manduria,14,5
philosophical,14,4
interpose,14,5
small morsel,14,4
forebald,14,3
bestia,14,4
trachon,14,5
reeve,14,3
xenophon,14,3
woken,14,4
cyprine,14,7
diocletian,14,3
bewitching,14,6
unfold,14,7
metrical,14,4
contemptuous,14,3
orestes,14,5
parricide,14,4
very pleasant,14,2
plumier,14,4
ferocious,14,7
areopagus,14,4
drowsy,14,3
spicate,14,5
palisade,14,5
abraham,14,6
mycenae,14,6
gone,14,4
expelled,14,5
rivulet,14,5
ensnare,14,7
mantua,14,3
nun,14,3
troy,14,5
pullary,14,4
fifth time,14,9
girdler,14,7
dendera,14,6
aetna,14,5
sefīd-rūd,14,6
artab,14,4
prostrate,14,5
glorify,14,6
voracious,14,6
tighten,14,5
malt,14,6
collar harness,14,6
nourishment,14,5
pangaion hills,14,5
anchialus,14,8
somnial,14,7
ileus,14,5
thulium,14,5
varda,14,6
roman play,14,8
astrologer,14,5
faun,14,6
genoa,14,9
tubercles,14,8
anafi,14,9
cato,14,9
hemichous,14,9
panther,14,8
first attempt,14,6
twine,14,9
anatolian,14,8
android,14,8
carotid,14,9
necessity,14,10
galatia,14,7
went,14,10
tax collector,14,8
depository,14,6
marvellous,14,8
cooper,14,8
first,14,10
ebony,14,9
castalia,14,10
quintus,14,13
female emulator,13,1
early-ripening emmer,13,1
aurelian,13,1
dipaea,13,1
dint,13,1
distaff,13,1
hinny,13,1
homogeneity,13,1
indulgent,13,1
lacunar,13,1
glutton,13,1
stellar,13,1
traitress,13,1
putrefaction,13,1
puppy,13,1
bate,13,1
dun,13,1
tereus,13,1
typhoeus,13,1
usurper,13,1
maidservant,13,2
arisba,13,2
hoariness,13,2
assembly,13,2
decisively,13,2
exemplary,13,2
loathe,13,2
herbarium,13,2
youthful,13,2
alba longa,13,2
mercury,13,2
senatorial,13,2
artemisia,13,2
centuriate,13,2
reciprocal,13,2
counselor,13,2
amantia,13,2
fornicator,13,2
hellenize,13,2
sterlet,13,2
monotone,13,2
pelopid,13,2
canis minor,13,3
cadmia,13,2
quivering-helmeted,13,4
wedded,13,3
to demolish,13,2
colonus,13,4
dioscurus,13,4
philological,13,2
high-seated,13,2
nightjar,13,3
sardinian,13,3
corrective,13,3
sandal-maker,13,3
truncated,13,3
bread eater,13,4
gallus,13,4
george barker,13,4
turnip,13,2
cutter,13,3
cholera,13,5
gnats,13,3
condensed,13,4
proven,13,2
desultory,13,3
interrogation,13,3
debauchee,13,3
white marble,13,4
misfortune,13,4
molybdenum,13,3
cleavable,13,4
gnat,13,3
supplementary,13,4
serpent-footed,13,5
torn,13,2
barney,13,4
oppress,13,4
mountebank,13,4
slept outdoors,13,4
imitative,13,2
unjust,13,4
calf,13,4
draught,13,3
abhorrent,13,3
octahedron,13,4
parody,13,3
pleasant,13,2
pontifical,13,2
dalmatia,13,4
september,13,5
torn away,13,3
bosporus,13,4
wooden peg,13,6
five-sixths,13,4
ethical,13,3
chattered,13,3
beloved,13,4
regeneration,13,2
serifos,13,3
must,13,5
safavid,13,3
tarpeian,13,2
shrill-sounding,13,3
anti-lebanon,13,4
aramaean,13,7
silken,13,7
loosening,13,5
poet,13,4
descent,13,5
carried away,13,4
domineer,13,7
sent forth,13,4
said,13,6
gymnastic,13,4
swinecress,13,4
heptamerous,13,4
orval,13,4
jairus,13,5
justinianian,13,3
western,13,5
patellula,13,3
plummet,13,5
redden,13,5
braying,13,5
swaggerer,13,5
subgenus,13,4
thrombus,13,5
lesbian,13,3
avengeress,13,5
yoke loop,13,5
having met,13,4
kimolos,13,5
seat,13,6
ionian,13,5
counselor,13,4
amethyst,13,5
precede,13,7
oyster,13,5
palesian,13,7
prussia,13,6
pebble,13,5
sieve,13,7
sophene,13,5
quadrangle,13,4
larcius,13,7
double-pointed,13,5
indeed,13,6
canadian,13,7
bath,13,7
crackle,13,5
pebble,13,6
decurion,13,6
tocharian,13,6
hermaphrodite,13,6
lingua,13,9
welt,13,4
belle-île,13,6
married,13,7
murrey,13,7
laceria,13,8
bath,13,6
clausus,13,6
septic,13,7
guardian,13,9
borne,13,6
bashful,13,8
obedient,13,7
gladden,13,7
luso,13,8
magnesian,13,9
nuclear,13,10
pentecost,13,8
brick-built,13,9
ewe,13,8
treble,13,8
novana,13,9
maltreat,13,10
appearance,13,6
nemerteans,13,12
hibernation,13,10
tanaro,13,8
stridor,13,12
yolk,13,9
quickening,12,1
alyattes,12,1
aspergillus,12,1
syvash,12,1
gluteal,12,1
judgment,12,1
december,12,1
having plundered,12,1
said,12,1
unfolding,12,1
chaonia,12,1
mistletoe,12,1
demosthenes,12,1
female leopard,12,1
firewood-fetched,12,1
magisterial,12,1
nabataean,12,1
written out,12,1
sthenoboea,12,1
subclavate,12,1
accustomed,12,1
territorial,12,1
apostate,12,2
benefactor,12,2
defecate,12,2
encompassed,12,2
contiguous,12,2
germanium,12,2
hyoid,12,2
inactive,12,2
laocoön,12,2
gift,12,2
umbel,12,2
irksomeness,12,2
lake moeris,12,2
patron,12,2
bratislava,12,2
aegisthus,12,3
argolis,12,2
cynuria,12,2
flautist,12,3
winter quarters,12,3
poet,12,2
admitted,12,3
lupercus,12,3
thicken,12,2
phylarch,12,2
pilleus-wearing,12,3
struck,12,2
cutpurse,12,2
accustomed,12,2
manure,12,2
arithmetician,12,2
containing wormwood,12,2
alphesiboea,12,2
oxeye daisy,12,4
biblical,12,3
rump,12,4
cockayne,12,2
cardiac,12,2
falling headfirst,12,3
demoleon,12,2
savory,12,4
halcyon,12,2
incisor,12,4
gravedigger,12,2
orchestra,12,2
swift running,12,4
having tarried,12,2
sieve,12,3
visible,12,3
xeno-,12,3
nourishing food,12,4
callinicum,12,5
anointing,12,3
desisted,12,4
metropolitan,12,3
filthy,12,3
pedestrian,12,2
petrification,12,5
princess,12,2
babel,12,4
rose-coloured,12,2
mangy,12,3
roof-shingle,12,3
oily,12,3
utilitarian,12,3
thornax,12,2
seaweed-dwelling,12,5
division,12,3
asculum,12,4
arsaces,12,3
jackdaw,12,5
cutaneous,12,4
fermented,12,4
lightning priest,12,3
carrier,12,3
thyme,12,4
lotus-eater,12,4
darling,12,3
hare stew,12,3
cauldron,12,5
defile,12,3
apocopic form,12,3
tolerable,12,4
first-born,12,4
hastened,12,4
pluck,12,2
sympathetic,12,3
messenger,12,4
urbanely,12,5
aemilian woman,12,2
sacrificial ram,12,3
pleasantly,12,4
mallow-stalk,12,4
amsterdam,12,4
chemmis,12,2
bent,12,3
threshing-floor,12,5
roman,12,2
buttocks,12,4
threw in,12,6
metonymy,12,3
given name,12,3
thither,12,4
untried,12,4
leucadian,12,4
linen-clad,12,3
blue lotus,12,3
messenia,12,3
carrion,12,4
mytilene,12,4
nagidus,12,3
juvenile,12,7
villatic,12,3
arboretum,12,5
reeden,12,5
cart-related,12,4
mussel,12,5
pollution,12,7
daedala,12,4
delminium,12,6
sprinkled,12,3
feigned,12,4
sent,12,3
unspoken,12,4
hephaesteum,12,5
inpouring,12,5
paulinus,12,6
phocus,12,5
perishable,12,5
porthmus,12,5
hyperion,12,5
pyxae,12,3
reverted,12,3
sediment,12,5
condrusi,12,6
something heard,12,6
franz antoine,12,5
astrolabe,12,4
stork,12,7
allowance,12,6
euphorbus,12,5
violet coloured,12,6
negligence,12,5
priest,12,8
contemplate,12,6
promenade,12,6
olizon,12,5
sycurium,12,6
gait,12,7
priapic,12,6
prominence,12,8
mange,12,6
sidus,12,5
rhenium,12,6
esparto-made,12,6
sossius,12,5
uterine,12,8
andrews,12,8
aletium,12,7
gatekeeper,12,6
unfortunate,12,6
breuni,12,6
maxyes,12,7
calumniate,12,6
chariot,12,8
alans,12,7
purge,12,7
condemnation,12,7
sulphur,12,7
ambrysus,12,7
racial,12,8
wealth,12,6
nasica,12,7
coach,12,7
consecrate,12,8
tumour,12,5
having testicles,12,9
pleasantly,12,11
rebuke,12,8
chemical,12,9
seizure-related,12,11
iceni,12,11
manganic,12,9
sulphur-colored,11,1
anticyra,11,1
dragonwort,11,1
apoplectic,11,1
archduke,11,1
tarquin,11,1
fascinum,11,1
beelzebub,11,1
belluno,11,1
caracalla,11,1
fortified,11,1
hinder,11,1
communicative,11,1
daphnus,11,1
dardania,11,1
desist,11,1
euchenor,11,1
fina,11,1
frisian,11,1
brine,11,1
congeneric,11,1
guzzle,11,1
mathematical,11,1
maternal cousin,11,1
mediatrix,11,1
aegae,11,1
naubolus,11,1
submissive,11,1
darkening,11,1
palamedes,11,1
metellinum,11,1
bargylia,11,1
sardonyx,11,1
smyrnaean,11,1
sleepwalker,11,1
tarphe,11,1
ucalegon,11,1
unbroken,11,2
processional,11,2
agrippa,11,2
nivica,11,2
amphrysus,11,2
unisex,11,2
eighth,11,2
chiliarch,11,2
collatia,11,2
orf,11,2
epicurus,11,2
double attack,11,2
woodcutter,11,2
nowise,11,2
micronesia,11,2
opimian,11,2
philadelphia,11,2
placable,11,2
division,11,2
salona,11,2
sincipital,11,2
stimula,11,2
drummer,11,2
servile,11,2
fir,11,2
aelian,11,2
aerial,11,2
antiochene,11,2
bipartite,11,2
laos,11,2
petticoat,11,2
erythrae,11,3
aquae,11,3
autumn crocus,11,3
obedience,11,2
unbelieving,11,2
quarrel,11,3
palladium,11,2
dominant,11,2
set forth,11,2
sought,11,3
ishtar,11,3
carnelian,11,2
scaean gates,11,2
groom,11,3
foundation,11,3
tiridates,11,2
small songbird,11,2
apollyon,11,3
assisting,11,3
agrarian,11,3
carthaea,11,4
concession,11,3
contentious,11,2
cyparissus,11,3
delilah,11,3
merchandise,11,3
excessive,11,2
occupied,11,3
furian,11,2
gergovia,11,3
unafraid,11,2
judea,11,3
laevinus,11,3
shackle,11,3
slayer,11,3
skimmers,11,3
balcony,11,2
pitiable,11,2
struck,11,3
venerated,11,3
rapacity,11,4
benevolent,11,2
intermarine,11,3
brabant,11,4
sung,11,3
kurd,11,2
comparable,11,2
dactylic,11,4
egypt,11,3
synnada,11,3
incited,11,2
anchovy,11,3
veii,11,3
manilian,11,2
massalia,11,2
procrastinator,11,3
thousand-containing,11,3
oratorical,11,2
parthenopaeus,11,2
procida,11,4
sigh,11,5
zechariah,11,4
omentum,11,5
comb jellies,11,4
be taken,11,4
argive,11,2
bibulous,11,3
carthage,11,5
catalonia,11,4
cutting down,11,2
eupithes,11,4
feculent,11,3
effeminate,11,2
fictitious,11,3
marine,11,4
inaccessible,11,4
overseer,11,4
infusion,11,4
calends,11,4
iamb,11,2
prostitutional,11,5
sockeye salmon,11,3
astacus,11,3
philae,11,4
pieria,11,3
strangled,11,3
political,11,4
generative,11,4
tricolor,11,5
queteleta,11,4
ruminate,11,4
salvius,11,3
privy councillor,11,4
shem,11,4
shekel,11,4
accustomed,11,3
beet,11,5
unable,11,3
inundation,11,3
remedial,11,5
archaea,11,4
unsociability,11,4
celestial,11,5
wrestled,11,4
acrimony,11,5
greeks,11,4
unstitched,11,6
cowpie,11,6
pharynx,11,7
gijón,11,5
carried into,11,5
hurl,11,3
sworn,11,6
optical,11,3
muck,11,6
paternal,11,5
sacrificial cake,11,7
porcine,11,5
foreseen,11,4
arcturus,11,4
carried,11,4
devastate,11,4
tepidarium,11,3
renew war,11,3
transported,11,5
fir,11,4
apiolae,11,4
arsenic,11,5
weight,11,7
mullet,11,8
pulverized,11,3
coxal,11,4
blown,11,5
priest,11,4
plough,11,4
comet,11,6
hippias,11,5
offscouring,11,4
malaria,11,6
andania,11,5
millennium,11,5
minoa,11,7
strangled,11,6
patmos,11,5
destruction,11,5
preface,11,7
apricot,11,7
goddess,11,5
montpelier maple,11,5
tarragona,11,4
thoth,11,5
violin,11,7
xypete,11,4
yoked,11,4
maple,11,5
fitting,11,7
angular,11,7
javelin,11,7
beet,11,7
potter,11,7
iterative,11,8
ileus,11,5
laser,11,8
tactical,11,7
thought,11,7
thousand,11,7
reminder,11,6
winner,11,6
might be,11,6
piracy,11,7
offensively,11,7
fully,11,8
robe,11,5
asteroid,11,7
encircle,11,6
thither,11,7
front ranksman,11,7
croatia,11,8
moray,11,10
ligurian,11,8
torc,11,8
plenum,11,9
yarrow,10,1
alfa,10,1
amorgos,10,1
greece,10,1
communal,10,1
thought,10,1
consolation,10,1
crocodilian,10,1
contrary,10,1
formation,10,1
robber,10,1
europium,10,1
furious,10,1
congratulating,10,1
having congratulated,10,1
akin,10,1
ineptly,10,1
libyan,10,1
poitiers,10,1
lubricate,10,1
blucium,10,1
lydia,10,1
dregs,10,1
massinissa,10,1
tullonium,10,1
merchant,10,1
darling,10,1
pinkie,10,1
observable,10,1
parisii,10,1
persian,10,1
pherecydes,10,1
harmonia,10,1
königsbergian,10,1
resounding,10,1
priestly,10,1
partially reclining,10,1
sicania,10,1
theagenes,10,1
theano,10,1
prodigality,10,1
thorian,10,1
purslane,10,2
beekeeper,10,2
goddess,10,2
byblos,10,2
turquoise,10,2
fortuitous,10,2
characteristic,10,2
abdominal,10,2
to lullaby,10,2
wholesale,10,2
prince,10,2
olive harvest,10,2
cinnamon,10,2
municipal,10,2
mykonos,10,2
domestic economy,10,2
oenotrus,10,2
thistle,10,2
gold nugget,10,2
precede,10,2
blister,10,2
drangians,10,2
serpent-bearing,10,2
cropped,10,2
borsippa,10,2
brauron,10,3
cemetery,10,3
thought,10,2
historian,10,2
terrestrial,10,3
assembly,10,2
scout,10,3
hippopotamus,10,2
inciter,10,2
flank,10,2
little calf,10,3
meletus,10,2
parhelion,10,2
citadel,10,3
sought,10,2
eaten,10,3
philistine,10,2
nipper-mouthed,10,2
little whore,10,3
stone parsley,10,3
superstitious,10,3
foundational,10,2
sea-girt,10,2
distressing,10,4
ox-head,10,2
callimachus,10,3
colostrum,10,2
cotys,10,3
dedicator,10,4
suffocation,10,3
awoke,10,2
funereal litter,10,3
fraudulent,10,2
mistakenly,10,3
orleans,10,3
herodotus,10,3
magnate,10,3
night-bringer,10,2
oenomaus,10,2
shaken,10,3
marmara,10,3
puberty,10,2
sulmona,10,3
superfluous,10,3
dropsy,10,3
vitellian,10,2
chapel,10,4
-graphy,10,4
appian,10,2
arabs,10,3
augur,10,4
purse,10,3
incense,10,4
orator,10,2
commended,10,4
coronus,10,3
emerita,10,4
foal,10,2
european,10,3
exaltation,10,4
wrought,10,2
fiduciary,10,2
frequented,10,4
bucket,10,5
heroine,10,2
iberian,10,3
rejoiced,10,4
apron,10,4
madisonian,10,3
mammary,10,4
mensal,10,4
compliant,10,3
aristocrat,10,2
phalangite,10,2
poem,10,3
foreseen,10,4
pytho,10,3
incision,10,3
roman empire,10,2
sputum,10,5
surena,10,4
tavastia,10,4
terminus,10,2
thuringia,10,3
velian,10,3
venetia,10,3
voraginous,10,2
affixed,10,4
hannibal,10,4
first,10,3
honeysuckle,10,3
hundredth,10,3
cephalonian,10,3
abdominal cavity,10,5
derogation,10,5
hub,10,5
german,10,4
vjosë,10,5
boar,10,6
laogonus,10,3
lucanian,10,3
macedonia,10,4
cloudborne,10,4
geographer,10,3
chiton,10,5
contemporary,10,4
dniester,10,5
usage,10,4
rustler,10,4
mediator,10,4
thyamis,10,6
appian,10,6
aravene,10,4
uncommonness,10,4
bicycle,10,6
tripetalous,10,3
cithara player,10,3
pipette,10,5
waning,10,4
bruges,10,3
dorium,10,4
sent,10,6
temple,10,3
recline,10,5
nuclear,10,6
torchbearing,10,4
laserwort,10,5
cosmetics,10,5
muhammad,10,5
crop,10,3
tinos,10,5
nisibis,10,5
embezzle,10,6
sat,10,5
beneficial,10,5
sesterce,10,4
anxiety,10,5
lulled,10,4
sling,10,6
cyllenian,10,5
leuven,10,5
vigilant,10,6
algebra,10,5
aluminium,10,5
phrontis,10,6
galepsus,10,7
azotus,10,6
nourisher,10,6
camirus,10,5
chiro-,10,7
caught,10,7
expositor,10,6
hyblon,10,6
idyll,10,4
simon,10,5
bath,10,6
inexpressible,10,7
lucumo,10,5
aveia,10,7
estimative,10,5
purificatory,10,5
rumina,10,6
sigeum,10,6
mockery,10,7
bovine,10,7
cubicle,10,5
perineum,10,8
aeacus,10,7
abulia,10,7
dildo,10,7
proton,10,7
din,10,6
trial,10,8
church,10,9
physician,10,5
collector,10,6
saburra,10,7
branchid,10,10
posterior,10,10
tessellate,10,10
poet,9,1
athenian general,9,1
surpass,9,1
expat,9,1
chariot-driving,9,1
gold-picker,9,1
fart,9,1
begonia-leaved,9,1
comitial,9,1
miscible,9,1
short-abdomened,9,1
jupiter,9,1
pickaxe maker,9,1
wallet,9,1
thought,9,1
durham,9,1
fraternal nephew,9,1
herald,9,1
immortal,9,1
huntress,9,1
robigus,9,1
laestrygonian,9,1
maronites,9,1
melitaea,9,1
tamarisk,9,1
conjectural,9,1
ossuary,9,1
boy guardian,9,1
poverty,9,1
macedonian,9,1
pergamene,9,1
phaeacian,9,1
imperial,9,1
sanctifier,9,1
seducer,9,1
lyric form,9,1
boundary-setter,9,1
testator,9,1
victor,9,1
lozenge,9,1
vagitanus,9,1
fallow,9,1
corduba,9,2
sycophant,9,2
ignorance,9,2
patara,9,2
apaturia,9,2
appellant,9,2
arthritis,9,2
mare,9,2
counselor,9,2
botanist,9,2
unlimited,9,2
implanted,9,2
unavenged,9,2
chosen,9,2
pouch,9,2
wenchling,9,2
mortal,9,2
mortuary,9,2
parmenion,9,2
passionate,9,2
pestilential,9,2
pittsburgh,9,2
quadriform,9,2
four-pronged,9,2
relics,9,2
satisfied,9,2
senonian,9,2
lottery,9,2
burdock,9,2
cremator,9,2
zoroaster,9,2
amaturient,9,3
athens,9,3
cedar oil,9,2
stationer,9,2
colossal,9,2
concubine,9,2
cornual,9,2
cortona,9,2
drinking bout,9,2
despondent,9,2
priestly,9,2
staying behind,9,2
impure,9,2
incompatible,9,2
intervention,9,2
emerald,9,2
pleuron,9,3
saddled seabream,9,2
messene,9,3
bithynians,9,3
tottering,9,2
ozolae,9,2
testimony,9,2
sodomiser,9,3
phlegraean fields,9,2
swollen,9,2
sandalwood,9,3
seventh time,9,3
brussels,9,2
ventricular,9,2
wardrobe,9,2
alchemist,9,3
arsenaria,9,2
orpiment,9,3
borgo valsugana,9,2
javelin,9,4
antequera,9,4
resolution,9,3
disputant,9,3
diminutive noun,9,2
worse,9,3
ominous,9,2
youth,9,2
labyrinthine,9,2
lantern-bearer,9,3
compassionate,9,2
wealthy,9,3
preceded,9,4
naissus,9,4
annulled,9,2
verdigris,9,2
uncle,9,4
exultant,9,2
betelgeuse,9,2
bologna,9,3
granary,9,3
whiten,9,4
impression,9,2
blossom,9,4
collegiality,9,3
corporeal,9,4
manasseh,9,4
rhosus,9,2
economy,9,3
effluent,9,4
latin rhetorician,9,3
excelling,9,3
faliscan,9,2
gabin­ian,9,3
begun,9,3
historical,9,2
hypsilon,9,4
infarction,9,3
untimely,9,3
antimony,9,4
mythical,9,3
asteropaios,9,3
greave,9,2
october,9,4
variegated,9,4
beirut,9,3
sinned,9,3
polonium,9,2
ewer,9,3
satyric,9,2
september,9,4
spercheus,9,4
avenger,9,3
absalom,9,4
tawny,9,5
antithet,9,3
unseen,9,4
ligurian,9,4
arcturian,9,5
mule,9,3
hysiae,9,5
saffron,9,5
might bind,9,6
diagoras,9,3
jove,9,6
dipylon,9,4
woollen cloak,9,4
iskar,9,5
peel,9,3
scodra,9,5
impure,9,4
iphthime,9,3
cornelia,9,4
lombard,9,4
pandering,9,5
naked,9,5
mykonos,9,3
exceedingly,9,3
pancreas,9,3
sorites,9,5
janus,9,3
vervain,9,4
josiah,9,4
pompous,9,3
quadriga,9,4
hypius,9,5
laden,9,4
stationary,9,4
treveri,9,4
trochanter,9,4
andalusia,9,3
aeduan,9,6
donusa,9,4
librarian,9,4
sagra,9,5
subcutaneous,9,6
gutter,9,4
daphnus,9,5
lamentable,9,6
province,9,5
pursue,9,6
elateia,9,5
extorted,9,3
galatians,9,6
neigh,9,5
litter,9,5
hungry,9,5
salii,9,5
nilotic,9,4
occupied,9,3
carried,9,5
almond oil,9,5
lout,9,6
voluntarily,9,5
freighter,9,5
defecate,9,6
bench,9,4
latinize,9,5
costive,9,5
talaura,9,4
basket,9,5
temple-related,9,4
volunteer,9,4
infamy,9,7
brazen,9,5
nisan,9,6
handmade,9,5
malicious,9,6
alluvium,9,7
psaltery,9,5
mantinea,9,8
rectangular,9,7
ezra,9,6
beautiful-legged,9,7
femur,9,8
unjust,9,5
weakened,9,6
unseen,9,8
caninius,9,7
vinegar drink,9,7
hundred-headed,9,6
trarium,9,7
slime,9,7
to ripen,9,6
hinder,9,7
felled,8,1
chenab,8,1
alabaster,8,1
amphitryon,8,1
dragonflies,8,1
overseer,8,1
antistrophe,8,1
unploughed,8,1
pursue,8,1
perpetrator,8,1
belisama,8,1
bembina,8,1
bylazora,8,1
pettifogger,8,1
calydonian,8,1
campaspe,8,1
visible,8,1
scoffer,8,1
chryseis,8,1
golden,8,1
gnaw,8,1
desolation,8,1
tamer,8,1
confusedly,8,1
unroll,8,1
running forth,8,1
lamprey,8,1
governess,8,1
huang,8,1
ilergetes,8,1
having loitered,8,1
investigator,8,1
inexplicable,8,1
large-lipped man,8,1
lemnian,8,1
muziris,8,1
november,8,1
persian,8,1
pedestrian,8,1
phemius,8,1
minnow,8,1
prostyle,8,1
pyrite,8,1
retrogression,8,1
aromatic reed,8,1
skiathos,8,1
segni,8,1
volturnum,8,1
starvation,8,1
astraea,8,1
betrothal,8,1
stymphalus,8,1
somewhat angry,8,1
dicelike,8,1
ajax,8,1
peisistratus,8,1
to vanish,8,1
plucking,8,1
aulus,8,2
stilts,8,2
ramble,8,2
bath attendant,8,2
consumptive,8,2
cantabria,8,2
cimmerian,8,2
yellow bugle,8,2
deposit,8,2
anio,8,2
double,8,2
redden,8,2
etruria,8,2
gdańsk,8,2
homunculus,8,2
hydrophobic,8,2
reordering,8,2
leaden,8,2
olive-bearing,8,2
pankration,8,2
dried,8,2
phereclus,8,2
sangarian,8,2
seclusion,8,2
smerdis,8,2
syzygal,8,2
thestius,8,2
trireme,8,2
heifer,8,2
zebulun,8,2
agathyrnum,8,2
consonant,8,2
subsist,8,2
avian,8,2
onion seller,8,2
doomed,8,2
hyssop,8,3
inscription,8,3
servile,8,2
madden,8,2
bacchant,8,3
gorillai,8,3
six-banked galley,8,2
fallow,8,2
lepreum,8,3
adjutant,8,2
predation,8,2
albert,8,3
nisaea,8,3
pallas,8,3
ventotene,8,2
parallelepiped,8,3
peneleos,8,2
peterborough,8,3
pluriform,8,2
fart,8,3
protector,8,3
seleucid,8,2
sesquialter,8,3
two-pronged mattock,8,3
spartolus,8,2
beetle,8,3
draught-cattle,8,2
zakynthos,8,2
abductor,8,3
ruspina,8,2
aginnum,8,2
appeal,8,4
ladle,8,4
censor,8,3
censorial,8,2
haremeat,8,4
utterance,8,4
saffron-robed,8,2
curia,8,3
erring,8,3
derceto,8,2
euripus strait,8,3
broom,8,3
exhibited,8,3
histri,8,3
formio,8,2
belly,8,2
elagabal,8,2
impetuous,8,2
youth,8,3
larch,8,2
atreid,8,4
gather firewood,8,3
lye,8,3
handcuffs,8,4
lavatory,8,3
tiber,8,3
nominal,8,3
door-related,8,3
pectoral,8,4
progenitor,8,3
messenger,8,3
undertaker,8,3
snarl,8,3
senatus,8,4
phegeus,8,4
taint,8,2
assembly,8,3
marine,8,3
villian,8,3
vindelician,8,3
evasive,8,3
irate,8,4
abundance,8,4
edirne,8,3
pursue,8,3
aleatory,8,5
luminary,8,3
movable,8,3
apostolic,8,3
argent,8,5
silver-studded,8,3
goblet,8,4
bethany,8,3
bitumen,8,3
double-peaked,8,4
fallen,8,2
carotid,8,4
colonist,8,2
chianize,8,3
cloak,8,3
fleece,8,4
having consoled,8,2
evasion,8,2
denarius,8,3
fugitive,8,5
uncertainty,8,3
duchess,8,3
symplegad,8,5
unknown fish,8,3
occurrence,8,4
light trooper,8,2
fidelity,8,2
seven-banked galley,8,3
thurii,8,4
huns,8,4
reckoned,8,2
flank,8,4
latin,8,3
chrysolite,8,2
soften,8,3
brenta,8,3
myrrhic,8,4
noto,8,3
unhealing,8,3
convoluted,8,3
ninety,8,3
slain,8,3
oeagrus,8,3
cedar,8,3
craggy,8,3
chananeus,8,4
impoverish,8,5
pompeiian,8,4
retreat,8,3
representation,8,3
resonance,8,3
prop,8,3
semicircular,8,3
superstition,8,4
unnecessary,8,3
suppuration,8,5
commensurability,8,4
newfoundland,8,3
travel provision,8,3
unwaveringly,8,4
whiten,8,5
arsaces,8,4
bocchus,8,5
barrel,8,3
calends,8,5
caryanda,8,4
cinnamon,8,4
to encompass,8,4
contrarily,8,6
iotape,8,3
cellular tissue,8,5
hezekiah,8,5
gust,8,6
oetylus,8,4
gilgal,8,5
sleep-related,8,3
iliad,8,4
conflagration,8,5
lettuce dealer,8,4
eulogizer,8,4
lebaea,8,4
dryad,8,6
aristocrat,8,5
adorned,8,3
vetch-based,8,4
oxford,8,5
milesian,8,5
pudens,8,5
lengthen,8,4
prusa,8,4
nero,8,6
repose,8,6
meaco,8,4
monalus,8,5
rescinded,8,4
sacrificial,8,4
sesostris,8,4
libation,8,5
strabo,8,5
antarctic,8,4
saddening,8,4
accomplice,8,6
truly,8,5
amyntas,8,6
molina,8,7
ambulance,8,6
thought,8,6
syllogism,8,4
migrate,8,6
coheir,8,5
raven-black,8,6
simyra,8,6
dalmatia,8,7
seizure,8,7
burial,8,6
nicaean,8,6
haemus,8,6
respectability,8,6
jeering,8,5
must,8,6
misenum,8,5
mill,8,5
pylene,8,5
chiding,8,6
ominous,8,6
uzziah,8,5
superfluous,8,6
procrastination,8,5
sahara,8,6
protrude,8,7
quinine,8,8
dentatus,8,8
henna,8,8
admonisher,7,1
agitatrix,7,1
nutritive,7,1
apocope,7,1
aracynthus,7,1
tramp,7,1
aide,7,1
boagrius,7,1
boedromion,7,1
oxheart,7,1
capenian,7,1
cebrus,7,1
chalcon,7,1
chariclo,7,1
buttocks,7,1
cincian,7,1
eject,7,1
convergence,7,1
cretan woman,7,1
cucumiform,7,1
dardanian,7,1
selective,7,1
entwine,7,1
epimetheus,7,1
euippe,7,1
fibular,7,1
honourable,7,1
hyrmine,7,1
hungry,7,1
relentless,7,1
unobservable,7,1
mediator,7,1
interrogator,7,1
issedones,7,1
spurge,7,1
lechaeum,7,1
ebb,7,1
thence,7,1
mamercus,7,1
mastusia,7,1
aquilius,7,1
metaurus,7,1
governor,7,1
paraclete,7,1
preceded,7,1
ochre-marked,7,1
eight-borne litter,7,1
olympiad,7,1
orobi,7,1
whey,7,1
peloponnesian,7,1
pursuing,7,1
better,7,1
lyre,7,1
polysemous,7,1
potiguar,7,1
fifth-years,7,1
scarlet-producing,7,1
must,7,1
semicordate,7,1
silphium,7,1
sosipater,7,1
aerial,7,1
robber,7,1
antidote,7,1
thermopylae,7,1
thyssus,7,1
osier,7,1
zephyrium,7,1
spelt,7,2
illiterate,7,2
anglo-saxon,7,2
goldfinch,7,2
automedon,7,2
boeotia,7,2
cardiogastric,7,2
tagonius,7,2
croak,7,2
merlin,7,2
epitome,7,2
bleeker,7,2
bulgaz bay,7,2
shaken off,7,2
slavery,7,2
mule,7,2
gape,7,2
sudatory,7,2
hystaspes,7,2
itinerary,7,2
co-sister-in-law,7,2
candelabra,7,2
magistrate,7,2
kraals,7,2
somewhat better,7,2
miltiades,7,2
naparis,7,2
granary,7,2
olympian,7,2
bird-cherry juice,7,2
beaten down,7,2
propagated,7,2
plaintive,7,2
clary sage,7,2
sybrita,7,2
supernumerary,7,2
hercynian forest,7,2
teispes,7,2
cackle,7,2
vine-dresser,7,2
small gift,7,2
abantis,7,3
gamesterly,7,2
crumb collector,7,2
parsley,7,2
appendicular,7,3
asthmatic,7,3
atinian,7,2
twice-cooked,7,3
capitoline,7,3
eating companion,7,3
salvation,7,2
convivial,7,2
dung-eating,7,2
daily,7,2
mylasa,7,2
medical treatise,7,2
ejected,7,3
jaybird,7,3
giblets,7,3
tolenus,7,2
impossible,7,3
uncontaminated,7,2
unobserved,7,2
insatiable,7,2
intermediary,7,2
embezzled,7,2
perforated,7,2
calloused,7,3
quail,7,2
breached,7,3
paid,7,3
pestilential,7,2
phalanx,7,2
phytia,7,3
chirp,7,3
porphyry,7,3
preceding,7,3
plucked out,7,3
teethe,7,3
black poplar,7,2
sargon,7,2
hoe,7,2
skiathos,7,2
lunar,7,3
simian,7,2
siphnus,7,3
cutha,7,2
costume chest,7,2
strigil,7,2
balsamic,7,2
sweepings,7,3
tamar,7,2
made,7,3
vengeance,7,2
tragula soldier,7,2
unguentary,7,2
usipetes,7,3
voivode,7,2
votive,7,2
provisioner,7,4
inharmoniously,7,3
aegusa,7,3
rhyndacus,7,4
albumen,7,3
dubious,7,3
anaximander,7,3
asteroid,7,4
auxiliary,7,3
double saddlebag,7,3
buxton,7,3
effigy,7,3
hazel thicket,7,4
gnawed,7,3
worst,7,3
dictatorial,7,3
orator,7,2
having lamented,7,2
weight,7,3
hero,7,4
lying,7,3
bridled,7,3
beloved,7,2
bristly,7,3
collision,7,2
indivisible,7,3
interrogative,7,2
lamia,7,2
flexibility,7,4
metrete,7,2
uncloven-hoofed,7,3
pathogenic,7,2
mordor,7,3
zeal,7,2
nazareth,7,3
lusius,7,3
athena,7,3
hawk,7,3
paphlagonia,7,3
economy,7,3
parthia,7,3
transfixed,7,2
wallet,7,3
meretricious,7,2
effluent,7,3
dung,7,3
fuscous,7,4
be penultimate,7,3
pentagonal,7,2
ravennese,7,4
baptized,7,3
withdrawn,7,2
half-washed,7,2
sofia,7,3
fidenae,7,3
weser,7,4
aegae,7,4
speechlessness,7,3
assyrian,7,3
ausonius,7,4
sissy,7,4
bruttian,7,4
briseus,7,4
buttocks,7,3
auction block,7,3
ionicize,7,4
caught,7,3
irresistible,7,5
injurious,7,4
plunderer,7,3
serpent,7,3
expeller,7,4
ferocity,7,3
surveyor,7,3
upsilon-shaped,7,4
incision,7,4
catana,7,4
sewn up,7,5
cambyses,7,4
causia,7,4
lamentation,7,4
ibis,7,4
monastery,7,4
demonstrator,7,3
narcotic,7,3
perekop,7,3
reciprocal,7,3
numicius,7,4
ordovices,7,4
nericus,7,4
halt,7,3
wealthy,7,4
dreros,7,4
occupation,7,3
lunch,7,4
zealous,7,4
ceruse,7,3
dominion,7,4
molochna,7,4
sallust,7,4
saronic,7,3
alderman,7,4
latinus,7,5
iseo,7,4
mow,7,3
solygeia,7,4
carbonaria,7,4
agitate,7,3
myndus,7,4
frightener,7,5
hurdle,7,3
vatican,7,4
c1,7,6
abolisher,7,4
cutting off,7,4
endurance,7,5
trifles,7,6
hasten,7,5
barnabas,7,5
libertine,7,5
caepio,7,6
bier,7,4
carbine,7,6
labeates,7,5
chalcedon,7,4
larch,7,4
drachm,7,5
maronean,7,5
reek,7,4
digestive,7,4
aita,7,5
corollary,7,4
swum,7,5
propitiation,7,4
imploring,7,4
plutus,7,4
reformer,7,5
elaborately,7,5
ireland,7,5
jehoahaz,7,6
turquoise,7,6
contrivance,7,4
lyric poems,7,5
ooze,7,5
beekeeper,7,5
meteorological,7,4
yellow monkshood,7,5
rejoicing,7,5
parasang,7,5
perception,7,5
pydna,7,5
volcae,7,5
perceptions,7,6
saxony,7,6
scarphe,7,4
half-ox,7,5
quinquereme,7,6
pleasantly,7,5
suebe,7,5
vermina,7,5
infallible,7,7
corioli,7,7
cornelian,7,7
rarefaction,7,7
acidothermic,6,1
locoweed,6,1
humanoid,6,1
antiochene,6,1
atrophy,6,1
cutting,6,1
clogs,6,1
priestly,6,1
commercial,6,1
comparative,6,1
multitude,6,1
garland seller,6,1
cromnus,6,1
fleawort,6,1
decury,6,1
acilisene,6,1
incision,6,1
thessaliotis,6,1
executing,6,1
terrestrial,6,1
festal,6,1
well-built,6,1
camunni,6,1
evippus,6,1
educe,6,1
exhibited,6,1
drawn,6,1
fetial,6,1
gonoessa,6,1
hebrew,6,1
herbivorous,6,1
hesiod,6,1
charioteer,6,1
honorary,6,1
ineffectual,6,1
inciter,6,1
isotope,6,1
wherever,6,1
woodcutter,6,1
harbour-watcher,6,1
mammary,6,1
matrimonial,6,1
maternal aunt,6,1
mars,6,1
megabyzus,6,1
afraid,6,1
munychia,6,1
nocturnal,6,1
oviparous,6,1
recurring,6,1
pantomimist,6,1
phalerum,6,1
rammer,6,1
pursuer,6,1
perseid,6,1
persepolis,6,1
philammon,6,1
picene,6,1
sigmatism,6,1
rostrum,6,1
recreated,6,1
princess,6,1
salaminia,6,1
seminarian,6,1
buriable,6,1
terrible,6,1
spignel,6,1
starry,6,1
beccafico,6,1
titus tatius,6,1
thebaid,6,1
burglar,6,1
transpadane,6,1
cricket,6,1
tortrix,6,1
volux,6,1
genital,6,2
aesthetic,6,2
reverie,6,2
amestris,6,2
liberator,6,2
basket,6,2
saronic islands,6,2
cimbri,6,2
sirach,6,2
daedalus,6,2
plunder,6,2
tamer,6,2
catapult,6,2
euphratean,6,2
awakened,6,2
festive,6,2
don,6,2
inciter,6,2
unapproachable,6,2
thoughtless,6,2
inventress,6,2
judicial,6,2
robe,6,2
dairy product,6,2
goddess,6,2
linen-clad,6,2
magnate,6,2
medical,6,2
urinating,6,2
lanolin,6,2
pachon,6,2
parmenides,6,2
pamisus,6,2
infantry,6,2
philodemus,6,2
stray toward,6,2
ponderous,6,2
detergent,6,2
sagartii,6,2
sculptor,6,2
safety,6,2
august,6,2
coax,6,2
strumpet,6,2
precinct,6,2
amulius,6,2
ashamed,6,3
snow-capped,6,3
forerunner,6,2
boot,6,3
probative,6,3
arcadius,6,3
asopius,6,2
balsam,6,3
bethulia,6,2
syllable,6,3
locust,6,2
fig,6,2
cloacina,6,3
serpent-bearing,6,3
countess,6,2
applauded,6,2
instigator,6,3
shaken,6,2
adjunct duke,6,2
cosmogony,6,2
chariot,6,2
thicket,6,2
mutilation,6,3
definitive,6,2
lowering,6,2
dubitative,6,2
misgiving,6,2
ephraim,6,3
epicharmus,6,2
scantiness,6,3
extensive,6,3
exiled,6,2
wheaten,6,2
hearth,6,2
gabinius,6,2
gilgamesh,6,2
artichoke,6,2
pollarded,6,2
carthaginian name,6,3
honorific,6,2
highest,6,3
iapygia,6,2
icarian,6,2
savage,6,2
remark,6,2
frolicking,6,3
awakening,6,3
tyre,6,2
accolade,6,3
myrcinus,6,2
abscess,6,3
oceanid,6,2
lyre,6,2
hypothetical,6,2
orontes,6,2
fed,6,2
penitent,6,3
panaetius,6,2
sung,6,2
patreus,6,2
pleasant,6,3
adulterer,6,2
audacity,6,3
beautiful little,6,2
mamercus,6,2
mason,6,2
sabazios,6,2
burial,6,3
sesquialter,6,2
sift,6,2
sicilicus,6,3
sedated,6,2
hasten,6,2
stesichorus,6,2
recline,6,2
consulting,6,2
talthybius,6,2
tardiness,6,2
chickling vetch,6,2
maid,6,2
colic,6,3
transcribed,6,3
uproar,6,3
eleventh,6,3
utopia,6,2
resort,6,2
adze,6,2
forbidden,6,3
academe,6,4
amnion,6,3
amnisus,6,3
steel,6,3
noncausal,6,4
inscription,6,2
anatomist,6,2
cohen,6,4
africa,6,3
apollo,6,3
astatine,6,4
augury,6,4
bath,6,4
drunkard,6,3
early afternoon,6,3
warm bath,6,3
pricket,6,3
percolating from,6,4
jar,6,4
narrate,6,4
committed,6,3
corduene,6,2
agron,6,2
collectively,6,2
december,6,2
despised,6,2
intoxicate,6,4
electryon,6,3
incision,6,4
shall lie,6,2
galicia,6,3
poultry,6,3
stirrer,6,4
glueboiler,6,3
incline,6,3
peculiar,6,2
crop,6,4
inheritance,6,3
irregularity,6,3
garonne,6,4
lioness,6,4
lemovices,6,4
wolf-hunter,6,4
lyric,6,4
magnesian,6,3
mausolus,6,3
inaccessible,6,4
steel,6,4
commerce,6,3
acrisius,6,4
calfskin,6,3
proteus,6,3
nabla player,6,2
brighten,6,3
socius,6,3
oily,6,3
musician,6,3
ormenium,6,2
pastille,6,3
gibbet,6,3
accomplished,6,2
pelusium,6,2
assertor,6,4
lambskin caps,6,4
perez,6,4
hasten,6,4
businesslike,6,2
proculeius,6,3
administration,6,3
bringing forth,6,4
carbuncled,6,4
tetragonal,6,3
governess,6,3
sicel,6,3
sikinos,6,4
thicken,6,4
frigidarium,6,4
mummy,6,4
tébessa,6,2
tricasses,6,3
angrivarii,6,3
udder,6,3
vascular,6,3
sarnus,6,4
vitriol,6,4
eaten,6,3
hospitable,6,3
trial,6,3
adrastus,6,5
summer resort,6,3
african,6,4
aryballos,6,5
sicania,6,4
astragalar,6,3
rue,6,4
zenith,6,4
cholera,6,5
cimbrian,6,3
unpunished,6,4
deuce,6,3
recitation,6,4
corinth,6,4
villa,6,4
cortical,6,5
mighty,6,4
doum,6,5
bean-made,6,5
arboreal,6,3
ascra,6,4
three-asses coin,6,4
venetia,6,4
sifnos,6,5
european,6,4
manlius,6,3
finnish,6,5
evasive,6,4
halys,6,3
edonis,6,5
germanic tribe,6,4
idalium,6,4
incineration,6,4
boucher,6,5
receptive,6,5
manchester,6,5
yogurt,6,4
memento,6,5
corbel,6,5
allowance,6,4
hardening,6,4
percolation,6,5
equally,6,3
numerous,6,5
appending,6,4
foal,6,5
embassy,6,3
to propagate,6,4
utterance,6,4
prothous,6,4
salmoneus,6,3
pterygoid,6,5
verulae,6,5
filth,6,4
oesophagus,6,5
squill,6,5
knossos,6,5
judah,6,5
ferrous,6,5
concurrent,6,4
emerald,6,3
basket,6,4
rapist,6,4
suffrage,6,5
taurini,6,4
darken,6,5
olive mill,6,4
third-priced,6,5
willow copse,6,3
amoeba,6,6
you went,6,6
siris,6,6
fāta,6,6
youth,6,6
myrtle,6,6
faliscan,6,6
abeona,5,1
abranchiates,5,1
achillas,5,1
agrigentum,5,1
ain,5,1
secretary,5,1
mica,5,1
convolution,5,1
double sarcophagus,5,1
anxiety,5,1
apologetic,5,1
architectress,5,1
ariarathes,5,1
aristogeiton,5,1
assaracus,5,1
hoot,5,1
most chastely,5,1
copper-miner,5,1
flute player,5,1
wild fennel,5,1
drinking companion,5,1
consolable,5,1
abrade,5,1
credible,5,1
rabbit-abounding,5,1
retiring magistrate,5,1
cold decoction,5,1
democratic,5,1
intercessor,5,1
desirable,5,1
beryl-like stone,5,1
dodecahedron,5,1
queen,5,1
donets,5,1
effective,5,1
correctress,5,1
enclitic,5,1
copais,5,1
minucius,5,1
well-benched,5,1
conqueror,5,1
exude,5,1
prolific,5,1
fratricide,5,1
expeller,5,1
slinger,5,1
darken,5,1
uncinate,5,1
garsaura,5,1
hinnom,5,1
glycerine,5,1
mercury,5,1
heroic,5,1
heroine,5,1
hermit,5,1
supplication,5,1
jugurtha,5,1
road-watcher,5,1
vainglorious,5,1
illegal,5,1
unappeasable,5,1
inextricable,5,1
persecutor,5,1
inseparable,5,1
intangible,5,1
intolerable,5,1
youth,5,1
liège,5,1
warrior,5,1
redemption,5,1
remy,5,1
wrongdoer,5,1
prophetic gift,5,1
martian,5,1
genitals,5,1
begging,5,1
pursue,5,1
distorted,5,1
mucian,5,1
upward,5,1
day blindness,5,1
opobalsam,5,1
mountain-bred,5,1
ovinian,5,1
-cratic,5,1
exhortation,5,1
derivative,5,1
pathetic,5,1
somewhat transparent,5,1
perplexing,5,1
barbarism,5,1
faunus,5,1
phlegmy,5,1
fisherwoman,5,1
warrior,5,1
doorkeeper,5,1
forewarned,5,1
preconceal,5,1
warrior,5,1
great-granddaughter,5,1
entrails,5,1
protea-staining,5,1
amyclae,5,1
recollected,5,1
quarrelled,5,1
willow,5,1
seventy,5,1
smintheus,5,1
soviet,5,1
spectator,5,1
sphinx,5,1
variegated tunic,5,1
icicle,5,1
pivot,5,1
submembranaceous,5,1
coction,5,1
dendera,5,1
terentian,5,1
magician,5,1
theorem,5,1
rhetorician,5,1
triballian,5,1
trojan,5,1
callus,5,1
ravaged,5,1
vespasian,5,1
vicarial,5,1
violator,5,1
certain anoles,5,1
yoke-band,5,1
zygomatic,5,1
abrocomas,5,2
acanthus,5,2
performance,5,2
marble-ended,5,2
gluttonous,5,2
skilfully,5,2
baptism,5,2
spectator,5,2
aphrodisiac,5,2
apuleian,5,2
forehead,5,2
dusares,5,2
abnet,5,2
curio,5,2
malachite,5,2
circus,5,2
recognizable,5,2
compelled,5,2
excavate,5,2
strengthened,5,2
pavia,5,2
depositing,5,2
anorectic,5,2
eczema,5,2
projectile,5,2
hired killer,5,2
gotland,5,2
marsh mallow,5,2
martial,5,2
infamous,5,2
fig orchard,5,2
unsuitable,5,2
inclement,5,2
italus,5,2
latin,5,2
litter,5,2
leucadian,5,2
marble,5,2
maldives,5,2
chrysolite,5,2
pollution,5,2
lad,5,2
ail,5,2
obesity,5,2
purple-coloured,5,2
straggling,5,2
visible,5,2
panticapaeum,5,2
deucalion,5,2
coax,5,2
mount parnassus,5,2
balaton,5,2
lexicon,5,2
explanation,5,2
dung,5,2
sent,5,2
disgraceful,5,2
overseer,5,2
blondness,5,2
stammeringly,5,2
ptolemaic,5,2
ashamed,5,2
lynx,5,2
sceptre-bearer,5,2
seventh,5,2
sixth,5,2
sele,5,2
simplicity,5,2
styloid,5,2
tentative,5,2
given,5,2
triumviral,5,2
turduli,5,2
wailing,5,2
tetter,5,2
filthy rich,5,2
academus,5,3
maple-flowered,5,3
alatri,5,2
garlic dish,5,2
anchorite,5,2
anartes,5,3
predawn,5,2
insatiable,5,2
petelia,5,2
azerbaijan,5,2
pluck out,5,2
bathman,5,2
bath,5,3
chieftain,5,3
beadle,5,3
luna,5,3
broad-leaved anemone,5,2
bunting,5,3
caduceus,5,3
cartilaginous,5,2
enchant,5,2
terrestrial,5,2
nag,5,3
gold-embroidered,5,2
condominium,5,2
acknowledged,5,2
conspired,5,3
tractive,5,3
crammed,5,2
embodied,5,2
poet,5,2
accusatory,5,2
chariot,5,2
dionysus,5,3
peltae,5,3
director,5,3
cusae,5,3
divert,5,2
having fabricated,5,3
endius,5,3
eruption,5,2
beautiful-eyed,5,2
rubbish,5,3
begun,5,2
femto-,5,2
hesiod,5,2
undulate,5,2
timid,5,2
gruel,5,2
hebron,5,3
herculaneum,5,2
companionable,5,2
hippodrome,5,2
influx,5,3
immensity,5,2
unpeaceable,5,2
inconstancy,5,3
uncared-for,5,2
weaken,5,2
threatened,5,2
insincere,5,2
pinara,5,2
wretched,5,2
youth,5,2
naumachia,5,3
transposition,5,2
threatening,5,2
practise,5,2
laurel,5,3
nabataean,5,3
swimmer,5,2
squall,5,3
solitary,5,3
pharsalia,5,2
cremona,5,2
assay,5,2
olfactory,5,3
chalice,5,2
parmenion,5,2
lousy,5,2
thigrus,5,2
interrogate,5,2
dangerously,5,3
quirites,5,2
belch,5,2
piraeus,5,2
wooden box,5,2
made,5,2
foreboding,5,3
defered,5,2
slid,5,2
pretext,5,2
elm,5,3
tether,5,2
reversed,5,2
sabratha,5,2
satrapy,5,2
stoniness,5,2
vistuli,5,3
half-demolished,5,2
thicket,5,2
serous,5,3
sappy,5,3
winch,5,3
funeralize,5,2
dorian,5,3
ember,5,2
torquatus,5,3
radiance,5,2
tribunitial,5,2
thirtieth,5,2
walrus,5,3
trophy,5,3
tusculum,5,3
urethra,5,3
urinary,5,2
vascular,5,2
vejovis,5,2
virgil,5,3
wether,5,3
forbidden,5,2
absolver,5,3
spent,5,3
mandrake,5,3
acromion,5,3
aeronautic,5,3
koure,5,3
pleasantness,5,4
androtion,5,3
tampon,5,3
inclination,5,3
plough,5,3
arsaces,5,4
arverni,5,4
bearing berries,5,3
fed,5,3
bartholomew,5,3
bellovaci,5,4
certonium,5,3
presiding,5,3
brahmin,5,4
bromine,5,3
tacina,5,3
arise,5,4
mason,5,3
buggeree,5,3
plum,5,3
beautifier,5,3
carrier,5,3
repeatedly,5,4
tyrant,5,4
glutton,5,4
tenth,5,4
geneva,5,3
chariot,5,4
sorceress,5,3
counselor,5,4
terribly,5,3
elizabeth,5,4
erineus,5,4
maid,5,4
flevo,5,3
crop,5,3
executed,5,4
giga,5,4
devastate,5,4
wretched,5,4
golgi,5,3
gratuitous,5,3
horse-taming,5,3
golden,5,4
vacancy,5,3
expectation,5,4
inflicted,5,3
jehoiakim,5,4
jonathan,5,3
gullet,5,4
to illuminate,5,4
lyrist,5,4
bath pourer,5,4
dilute,5,3
cyathus,5,4
fig,5,3
transverse,5,4
charlatan,5,3
narcissus,5,4
recounted,5,4
naucratis,5,3
oenus,5,3
enyo,5,3
captive,5,4
busy,5,3
hebrides,5,4
dildo,5,3
stridon,5,3
pactye,5,3
slat,5,4
besprinkle,5,3
knavery,5,4
rue,5,3
pelorus,5,4
frightened,5,3
cuttings,5,3
beijing,5,4
zetterstedt,5,3
pherae,5,3
colostrum,5,3
remembrance,5,3
altar frontal,5,4
shingle,5,4
headlong fall,5,4
serbia,5,3
sidon,5,3
surmount,5,4
fetter,5,4
zephyrium,5,4
decelus,5,5
agrinio,5,5
tackle,5,5
sixty years,5,5
scythian tribe,5,5
guianan,5,5
kamarina,5,5
chaeronea,5,5
critias,5,5
israel,5,5
mockery,5,5
lusitania,5,5
chaff-fed,5,5
alsa,5,5
tirino,5,5
bilateral,5,5
jar,4,1
recline,4,1
addax,4,1
turquoise,4,1
affectionate,4,1
alalia,4,1
amphora,4,1
gladiolus,4,1
anadromous,4,1
anaxarete,4,1
preceded,4,1
bailing,4,1
desperation,4,1
apostrophe,4,1
argonautic,4,1
satrap,4,1
asiarch,4,1
liberated,4,1
astronomer,4,1
atropatian,4,1
americium,4,1
calamity-averter,4,1
stammer,4,1
bebryx,4,1
benevolent,4,1
cloak,4,1
bolissus,4,1
callian,4,1
camomile,4,1
carthaginian,4,1
fruit-watcher,4,1
kastoria,4,1
supine vervain,4,1
canaanite,4,1
bagras,4,1
golden-frontleted,4,1
sacrificial axe,4,1
allis shad,4,1
clytemnestra,4,1
coequal,4,1
fustic,4,1
commission,4,1
communal,4,1
consecrated,4,1
companion,4,1
despiser,4,1
rafters,4,1
dragging,4,1
coronta,4,1
ctesiphon,4,1
conqueror,4,1
bankrupt,4,1
banquet,4,1
demagogue,4,1
semi-regular,4,1
rave,4,1
stay,4,1
incompatible,4,1
edessene,4,1
elephantiasis,4,1
demoniac,4,1
epimenides,4,1
bishopric,4,1
wild fig,4,1
erymanthos,4,1
euphrateans,4,1
euripides,4,1
southeastern wind,4,1
eurymedon,4,1
unallotted,4,1
supremacy,4,1
deception,4,1
pustule,4,1
fructiferous,4,1
hecateian,4,1
scarab,4,1
heniochi,4,1
dock-sorrel,4,1
intolerable,4,1
thoughtless,4,1
infamy,4,1
dishonoured,4,1
imperceptible,4,1
engraved,4,1
isocrates,4,1
georgian,4,1
thickening,4,1
wantonness,4,1
splendour,4,1
centaury,4,1
maccabee,4,1
purse,4,1
mantinea,4,1
aorta,4,1
meditrina,4,1
menedemus,4,1
meninges,4,1
methymna,4,1
metropolis,4,1
mellow,4,1
variously,4,1
javelin,4,1
blacken,4,1
odyssey,4,1
ladle,4,1
pacifier,4,1
palmar,4,1
pruned,4,1
pancreas,4,1
pancreas,4,1
paternoster,4,1
pathological,4,1
sinner,4,1
nocturnal,4,1
phalaecean,4,1
uxorious,4,1
argoan,4,1
politics,4,1
pompous,4,1
lavish,4,1
grandson-in-law,4,1
published,4,1
ploughed,4,1
acquiesce,4,1
verulan,4,1
purgative,4,1
tower-guard,4,1
5-oared,4,1
quirinal,4,1
reassailable,4,1
timidity,4,1
staff-bearer,4,1
rhexenor,4,1
ruminating,4,1
saviouress,4,1
holm-oak,4,1
sodiro,4,1
solvable,4,1
bergule,4,1
pedestal,4,1
stromboli,4,1
flute player,4,1
synesius,4,1
synoptic,4,1
tartarus,4,1
proof,4,1
darken,4,1
theophilus,4,1
linden wood,4,1
tolmides,4,1
governor,4,1
casualty,4,1
dais,4,1
tyndareus,4,1
goddesses,4,1
animation,4,1
truth,4,1
gaulish name,4,1
quickening god,4,1
sabine name,4,1
yankee,4,1
zakynthian,4,1
mislead,4,2
impassable,4,2
injustice,4,2
adoptive,4,2
anatomy,4,2
antiphon,4,2
apoplectic,4,2
aquilian,4,2
arab,4,2
archimandrite,4,2
ram-related,4,2
inconsiderate,4,2
unskilled,4,2
fugitive,4,2
emperor,4,2
sounding twice,4,2
terrestrial scorpion,4,2
camus,4,2
enslavement,4,2
carthage,4,2
celaenae,4,2
carrion,4,2
counterweight,4,2
gum succory,4,2
christian,4,2
effused,4,2
trivet,4,2
cineas,4,2
co-created,4,2
conveyor,4,2
strengthening,4,2
creator,4,2
criminal,4,2
cyaxares,4,2
chief magistrate,4,2
defamed,4,2
beloved,4,2
dramatic,4,2
renew,4,2
chieftainess,4,2
ecbatana,4,2
chosen,4,2
thymena,4,2
upper garment,4,2
lying,4,2
golgotha,4,2
suppliant,4,2
astrologer,4,2
hydrophobic,4,2
fish-eaten,4,2
tangible,4,2
begun,4,2
stationary,4,2
unavoidable,4,2
inequality,4,2
lurking,4,2
lurk,4,2
perch,4,2
instigation,4,2
ismenus,4,2
wryneck,4,2
jovian,4,2
amaseia,4,2
fluorine,4,2
leveret,4,2
lydias,4,2
balcony,4,2
unguent,4,2
thousandth,4,2
meshach,4,2
mingle,4,2
momentary,4,2
adorn,4,2
neptunium,4,2
bactra,4,2
palaestral,4,2
palmyrene,4,2
to pave,4,2
platanistas,4,2
thrown,4,2
pursued,4,2
scab,4,2
ambitious,4,2
linden,4,2
fiery,4,2
phoenicus,4,2
besiege,4,2
abductor,4,2
propelled,4,2
acherontic,4,2
baebius,4,2
tufted,4,2
puteoli,4,2
pyrilampes,4,2
destruction,4,2
shrewsbury,4,2
sardanapalus,4,2
actress,4,2
scepter-bearing,4,2
seattle,4,2
selge,4,2
half-alive,4,2
sensory,4,2
septimius,4,2
rumour,4,2
emerald,4,2
soporific,4,2
fly upwards,4,2
kindled,4,2
tammaro,4,2
mongol,4,2
tolerable,4,2
peridot,4,2
fling,4,2
ulna,4,2
cape,4,2
venetic,4,2
murzin,4,2
surgical knife,4,2
cabinet,4,2
denier,4,3
perishing,4,2
aerial,4,3
vetchy,4,3
truthful,4,3
alluvial,4,3
travelled,4,2
anauros,4,3
moderate-sized,4,2
magistrate,4,2
cairn,4,2
unsuccessful,4,2
ploughing,4,2
pouch,4,3
asinian,4,3
triduum,4,3
immortal,4,3
faintheartedness,4,3
gnomon,4,3
baryon,4,3
papyrus strip,4,3
biliferous,4,2
bigamist,4,3
blaundus,4,3
bogner,4,3
to ponder,4,3
deception,4,3
carcinoma,4,3
tullius,4,2
boundaries,4,3
crag,4,2
myrlea,4,3
cuff,4,3
bottle gourd,4,3
remembrance,4,3
comrade,4,3
afflicted,4,2
perturbed,4,2
connector,4,3
saffron,4,3
creator,4,2
odious,4,2
cymbal player,4,2
eyesalve,4,3
daesius,4,3
levite,4,3
deltidium [≤1836],4,3
triangular,4,3
censure,4,3
threatening,4,3
depilate,4,3
caught,4,3
spanning,4,3
debatable,4,2
pict,4,3
eject,4,3
epaminondas,4,3
diary,4,3
epopt,4,2
crag,4,3
lunch-guest,4,2
tunny,4,3
exasperation,4,3
tormented,4,3
egress,4,2
awoken,4,2
expiated,4,3
fermium,4,3
arretium,4,3
groan,4,3
gladiatorial,4,3
fosi,4,3
glaucia,4,3
grynium,4,2
levite,4,2
hadrumetum,4,2
stammering,4,3
chastity,4,3
helen,4,3
daily,4,2
iberian,4,3
necklace,4,2
bristling,4,3
lemnos,4,3
mead,4,2
was raining,4,3
synovial fluid,4,2
attic,4,2
illyrian,4,2
tameable,4,3
inhospitable,4,3
unburied,4,2
understood,4,3
interrogatory,4,3
breadbasket,4,3
prusias,4,3
water serpent,4,3
stremma,4,2
stone quarries,4,3
lebadea,4,2
seizure,4,2
quarrel,4,3
rump,4,2
lydia,4,2
luminary,4,3
lupercal,4,2
lyceum,4,2
ewer,4,3
medical,4,3
sarta,4,3
be angry,4,3
misanthropic,4,2
lament,4,2
misenum,4,3
monetary,4,2
sailor,4,3
bizye,4,3
petty,4,3
sciathos,4,2
algesic,4,3
trifled,4,2
oarus,4,2
en route,4,3
pint,4,3
orphic,4,2
ossonoba,4,2
tail-devouring,4,3
peony,4,3
regulator,4,3
division,4,2
paternal,4,2
enteleia,4,3
peloria,4,2
provisions-carrier,4,3
embittered,4,3
alcmene,4,3
perseverance,4,2
petreian,4,3
phaesana,4,3
philadelphia,4,2
philtre,4,2
phinean,4,3
bloodletting,4,2
phlegmon,4,2
pittacus,4,2
porsena,4,2
avenger,4,2
ravaging,4,2
principes,4,2
promiscuously,4,3
proschium,4,3
arising,4,2
myrobalan,4,3
persian,4,3
fourth,4,3
plaintively,4,3
fifty,4,2
rietine,4,2
relics,4,2
hindering,4,3
sabbath,4,2
salonius,4,3
sanctification,4,2
crutch,4,2
knee splints,4,3
sindi,4,3
bream,4,3
probe,4,3
bedstead,4,3
strontium,4,3
syenean,4,3
rennet,4,2
monastic,4,3
therapne,4,2
mortal,4,2
slayer,4,3
tisza,4,3
titian,4,3
scorch,4,3
triforium,4,2
triumvir,4,2
slaughter,4,3
scorch,4,3
volscianly,4,2
torch,4,3
abydos,4,4
adore,4,4
azali,4,4
nutty,4,4
driven,4,4
purchasable,4,4
orchard,4,4
augur,4,4
matian,4,4
bottike,4,4
beech,4,4
two hundred,4,4
ionian,4,4
oaken,4,4
scullion,4,4
calabria,4,4
plunder,4,4
munus,4,4
darken,4,4
laudanum,4,4
internode,4,4
scrofula,4,4
percolate,4,4
abiding,4,4
having deprecated,3,1
premature,3,1
thoughtlessness,3,1
misused,3,1
acarnanian,3,1
accusatrix,3,1
coleoidea,3,1
acoels,3,1
attic,3,1
widened,3,1
addition,3,1
prince,3,1
adulis,3,1
captive,3,1
sacristan,3,1
equinox,3,1
squatter,3,1
gum ammoniac,3,1
hermitic,3,1
anacoluthon,3,1
subservient,3,1
anorexia,3,1
apamena,3,1
unreasonably,3,1
be perplexed,3,1
standard-bearer,3,1
cobwebbed,3,1
gecko,3,1
profligacy,3,1
asystole,3,1
astronomical,3,1
astyra,3,1
attest,3,1
aufidian,3,1
have jaundice,3,1
jaundice,3,1
self-chosen,3,1
recite,3,1
balas-ruby,3,1
baal aspect,3,1
arvernian prince,3,1
voconius,3,1
farting,3,1
breuci,3,1
levanzo,3,1
oxeye,3,1
crook,3,1
female calcātor,3,1
threaten,3,1
calpurnian,3,1
propel,3,1
candlestick maker,3,1
canuleian,3,1
legacy huntress,3,1
chestnut tree,3,1
descent,3,1
catapult,3,1
hundred-handed,3,1
sard,3,1
archivist,3,1
german tribe,3,1
integrity,3,1
circumpolar,3,1
clysma,3,1
dahae,3,1
communist,3,1
permutable,3,1
protectress,3,1
embody,3,1
seductress,3,1
crossaea,3,1
cynossema,3,1
kythnos,3,1
dalmatae,3,1
usurer,3,1
spurge-laurel,3,1
caucasus,3,1
tithe collector,3,1
decuriate,3,1
dicaea,3,1
boxwood grove,3,1
mistress,3,1
diospolis,3,1
inconsistent,3,1
dodrantine,3,1
pajamas,3,1
confectionery,3,1
dysprosium,3,1
echeclus,3,1
eject,3,1
selector,3,1
elementary,3,1
elephenor,3,1
elysian,3,1
croak,3,1
denervate,3,1
pheneus,3,1
stopped,3,1
assisting,3,1
epileptic,3,1
epithalamium,3,1
groom,3,1
cavalry,3,1
eratosthenes,3,1
belch,3,1
sieve-like,3,1
chaleion,3,1
encircled,3,1
excusable,3,1
to exhort,3,1
plundered,3,1
pursuing,3,1
surpass,3,1
falcidian,3,1
ferentinum,3,1
figwood,3,1
foment,3,1
penetrable,3,1
slave-catcher,3,1
gadara,3,1
garamantes,3,1
gaugamela,3,1
geryon,3,1
leek,3,1
female jackdaw,3,1
grammar teacher,3,1
gymnosophist,3,1
creel,3,1
halicarnassus,3,1
hecatean,3,1
squandering,3,1
plaything,3,1
hernician,3,1
courtesan,3,1
propitious,3,1
alexanders,3,1
hairiness,3,1
hostilian,3,1
hyblaean,3,1
dermal,3,1
terebinth,3,1
high-built,3,1
icilian,3,1
singe,3,1
colic,3,1
to ensnare,3,1
merciless,3,1
unsatisfied,3,1
inanimate,3,1
unknown,3,1
precentor,3,1
inclined,3,1
immiscible,3,1
unconfused,3,1
recline,3,1
indissoluble,3,1
indescribable,3,1
unknotable,3,1
unlamented,3,1
dishonoured,3,1
unknowing,3,1
incited,3,1
slayer,3,1
regent,3,1
investigator,3,1
joseph,3,1
ungovernable,3,1
issachar,3,1
facility,3,1
torch holder,3,1
laurel lord,3,1
embassy,3,1
lernean,3,1
drowsiness,3,1
miserable,3,1
frankincense,3,1
litharge,3,1
priest,3,1
asyut,3,1
marcus,3,1
gadget,3,1
machlyes,3,1
knead,3,1
maroboduus,3,1
mazaca,3,1
melchizedek,3,1
apiary,3,1
melfa,3,1
valiant,3,1
pittance,3,1
reapable,3,1
upper back,3,1
methodical,3,1
sunned,3,1
peck-related,3,1
one-legged,3,1
mousa,3,1
gynophilic,3,1
multitude,3,1
mythological,3,1
youth,3,1
necropolis,3,1
hypocaust,3,1
nervia,3,1
nakedness,3,1
obedient,3,1
sewn on,3,1
detraction,3,1
satrap,3,1
zeus,3,1
recurved,3,1
strew,3,1
pantheon,3,1
paragraph,3,1
isometry,3,1
paralatae,3,1
paronym,3,1
pastoral,3,1
patriarchal,3,1
bristly,3,1
pedasa,3,1
devour,3,1
pervaded,3,1
phaethontean,3,1
canker,3,1
appearance,3,1
cargo,3,1
dilatory,3,1
pesaro,3,1
peisistratus,3,1
is sold,3,1
multilingual,3,1
ravaged,3,1
tollgatherer,3,1
privy,3,1
sever,3,1
proclamation,3,1
foreknown,3,1
praxiteles,3,1
broker,3,1
eve,3,1
first place,3,1
proconsular,3,1
forbidden,3,1
foreseen,3,1
retailer,3,1
application,3,1
fortification,3,1
erbessus,3,1
colocynth,3,1
angelica,3,1
pylorus,3,1
servant,3,1
receded,3,1
dissoluble,3,1
respondent,3,1
revocable,3,1
ragged,3,1
snoring,3,1
roentgenium,3,1
braying,3,1
ferula persica,3,1
female greeter,3,1
sanskrit,3,1
satyriasis,3,1
pebble,3,1
josephus,3,1
savo,3,1
scazon,3,1
consideration,3,1
sciron,3,1
cleaving,3,1
taunt,3,1
sowish,3,1
scrotal,3,1
scruple,3,1
skopje,3,1
stone chippings,3,1
sluggishness,3,1
narrow girdle,3,1
half-beast,3,1
half-pruned,3,1
sentient,3,1
translators,3,1
trustee,3,1
sarajevo,3,1
sestus,3,1
siceliot,3,1
milk thistle,3,1
fax machine,3,1
simply,3,1
solois,3,1
sparring match,3,1
sporadically,3,1
pistachio,3,1
bathwater,3,1
instigator,3,1
astringent,3,1
stymbara,3,1
storacic,3,1
suasion,3,1
emulate,3,1
translucent,3,1
subsequent,3,1
sudarium,3,1
clothe,3,1
synchysis,3,1
synonym,3,1
taormina,3,1
yew,3,1
technological,3,1
tetrastich,3,1
themiscyra,3,1
theological,3,1
historian,3,1
two hundred,3,1
cacus,3,1
thought,3,1
tolumnius,3,1
tragelaphus,3,1
decanted,3,1
tribrach,3,1
thrice-born,3,1
trident,3,1
trot,3,1
toga,3,1
triumvirate,3,1
slaughter,3,1
transcript,3,1
oléron,3,1
vascones,3,1
vigilance,3,1
vincible,3,1
injurious,3,1
utnapishtim,3,1
crippled,3,1
unenvied,3,2
renunciation,3,2
abolishing,3,2
adjunct,3,2
hoarder,3,2
accuracy,3,2
acetabuliform,3,2
albinism,3,2
skiff,3,2
equally,3,2
adherence,3,2
equip,3,2
aebutian,3,2
temple keeper,3,2
coimbra,3,2
lipari islands,3,2
contending,3,2
significant,3,2
shearwater,3,2
extremities,3,2
alcman,3,2
allocated,3,2
amaurosis,3,2
loss,3,2
promontory,3,2
tritaea,3,2
breadth,3,2
lees,3,2
proportionate,3,2
gorge,3,2
gladiator,3,2
orator,3,2
anticlea,3,2
antilochus,3,2
revelation,3,2
apogee,3,2
arginine,3,2
sufficient,3,2
unlibated,3,2
asyndeton,3,2
atalaian,3,2
isaiah,3,2
mattock,3,2
happiness,3,2
belisarius,3,2
two-thirds,3,2
ismene,3,2
bovine,3,2
ox-goat,3,2
cadmium,3,2
celestial,3,2
celibacy,3,2
titus,3,2
caleb,3,2
amyclas,3,2
capitoline,3,2
halyard,3,2
leathern,3,2
purification,3,2
catheter,3,2
cervical,3,2
ground ivy,3,2
unslaved,3,2
climacteric,3,2
begun,3,2
provisions,3,2
complementary,3,2
contemptible,3,2
contribal,3,2
banquet,3,2
inebriate,3,2
auroral,3,2
crimisa,3,2
siromus,3,2
offerings,3,2
to defecate,3,2
gourmandise,3,2
travelling,3,2
germanicia,3,2
dnieper,3,2
decimated,3,2
conflagration,3,2
excavate,3,2
dehiscence,3,2
culprit,3,2
eventually,3,2
exorable,3,2
double-threaded,3,2
bed-related,3,2
discontinuation,3,2
difference,3,2
discretively,3,2
dogmatic,3,2
donative,3,2
dratae,3,2
prevail,3,2
elementary,3,2
elymais,3,2
poultice,3,2
provoking sickness,3,2
informative,3,2
epictetus,3,2
erotic,3,2
red mullet,3,2
erythraean,3,2
evadne,3,2
mortar,3,2
censorship,3,2
hydra,3,2
exhibitor,3,2
desirable,3,2
sharpen,3,2
tongs,3,2
copulating,3,2
tonsils,3,2
to congratulate,3,2
antandrus,3,2
opium,3,2
dowry,3,2
basilica,3,2
erulus,3,2
astronomer,3,2
iacchus,3,2
lament,3,2
hindrance,3,2
audible,3,2
unattempted,3,2
blamelessness,3,2
unbent,3,2
unwrought,3,2
criminal,3,2
unsaluted,3,2
pursue,3,2
tangible,3,2
entangle,3,2
joab,3,2
bedew,3,2
islamic,3,2
jonathan,3,2
cloak,3,2
proclamation,3,2
ivy,3,2
propriety,3,2
quintus,3,2
nutmeg,3,2
laboratory,3,2
laborious,3,2
lambdoid,3,2
to lament,3,2
torch,3,2
lancer,3,2
lion-adorned,3,2
mercury,3,2
undertaker,3,2
oblique,3,2
forgetfulness,3,2
bath,3,2
lutatian,3,2
mithridatid,3,2
darling,3,2
dracanum,3,2
poppy stone,3,2
meliboea,3,2
marten,3,2
mellona,3,2
well-endowed,3,2
immerse,3,2
messapian,3,2
adultery,3,2
pickled,3,2
myriandrus,3,2
ureter,3,2
naumachia,3,2
zeal,3,2
louse,3,2
nominator,3,2
supplication,3,2
spelt,3,2
unripe juice,3,2
dacian,3,2
wealth,3,2
ordinal,3,2
javelin,3,2
ossicle,3,2
ostrogoth,3,2
pointedly foolish,3,2
egyptian,3,2
secretary,3,2
maritime,3,2
paralyzed,3,2
nontuberculate,3,2
girl watcher,3,2
patmos,3,2
paternal uncle,3,2
pausi,3,2
household gods,3,2
penetrable,3,2
pergamum,3,2
circumference,3,2
peristyle,3,2
examinable,3,2
having pursued,3,2
pearwood,3,2
fabius,3,2
fezzan,3,2
urethra,3,2
folegandros,3,2
bureau,3,2
pigres,3,2
pistyrus,3,2
pleiad,3,2
cityscape,3,2
prevail,3,2
one-husband woman,3,2
rabble,3,2
devastate,3,2
populous,3,2
bovine,3,2
especially,3,2
favorite,3,2
foretell,3,2
praetorship,3,2
vigil,3,2
entryway,3,2
dowry,3,2
profligate,3,2
indeed,3,2
sever,3,2
caecina,3,2
committing,3,2
lament,3,2
achaean woman,3,2
hieroglyphic,3,2
transylvania,3,2
duino,3,2
pottage,3,2
quadrifurcate,3,2
fiftieth,3,2
revolt,3,2
recline,3,2
rescript,3,2
loosening,3,2
purification,3,2
risan,3,2
ruhr,3,2
rosemary,3,2
saccal,3,2
sacral,3,2
ostudizos,3,2
olive pomace,3,2
satirical,3,2
petrifying,3,2
cannaean,3,2
rushen,3,2
delicacies,3,2
writable,3,2
female writer,3,2
cutting,3,2
seat,3,2
seminal,3,2
couch,3,2
cemetery,3,2
sesquialterate,3,2
sitting,3,2
simplify,3,2
sithonia,3,2
lick,3,2
solitude,3,2
divinatory,3,2
wicker roof,3,2
aristotle,3,2
spiracle,3,2
frothy,3,2
crowned,3,2
defecated,3,2
groats,3,2
strangle,3,2
stupor,3,2
quarter,3,2
overthrower,3,2
perfumed,3,2
superficiary,3,2
sycamore,3,2
scissors,3,2
sept,3,2
skillet,3,2
telephone,3,2
terentius,3,2
terrace,3,2
pious,3,2
transgressor,3,2
lake trasimeno,3,2
caducous,3,2
tricolor gem,3,2
triquetrum,3,2
pallas,3,2
nourishing,3,2
churiukian,3,2
overseer,3,2
accursed,3,2
utrecht,3,2
unambiguous,3,2
uranium,3,2
uriah,3,2
velleian,3,2
sold,3,2
winnower,3,2
vercingetorix,3,2
vergellus,3,2
vomano,3,2
boii,3,2
tungsten,3,2
xenophonian,3,2
zimara,3,2
zirconium,3,2
southernwood,3,3
equalize,3,3
whitened,3,3
hirtz,3,3
enlarger,3,3
almond,3,3
ascent,3,3
patras,3,3
antidote,3,3
indeterminate,3,3
juniper,3,3
silversmith,3,3
wickerwork door,3,3
bdellium,3,3
beryllium,3,3
bible,3,3
aciris,3,3
shorten,3,3
bronchus,3,3
magadis,3,3
truly,3,3
plucked,3,3
chariot,3,3
daily,3,3
cebriones,3,3
cytinium,3,3
uncleanness,3,3
conservative,3,3
coriander,3,3
malian,3,3
mnevis,3,3
decision,3,3
grain bin,3,3
cyrrhus,3,3
danaans,3,3
uncovering,3,3
iambist,3,3
doria,3,3
duilian,3,3
celery,3,3
eparchy,3,3
pertinax,3,3
hoopoe,3,3
equal,3,3
escherich,3,3
lavinium,3,3
furius,3,3
evangelist,3,3
cleave,3,3
perfidious,3,3
gavrio,3,3
hereditary,3,3
hippothous,3,3
imperishable,3,3
emptiness,3,3
tern,3,3
judgment,3,3
torch-bearing,3,3
levelling,3,3
oxhide,3,3
lengthen,3,3
basket,3,3
massachusetts,3,3
minotaur,3,3
must,3,3
pharyngeal,3,3
sop,3,3
myrtilus,3,3
papacy,3,3
novena,3,3
orestes,3,3
reed-roofed,3,3
pico,3,3
paramecium,3,3
delouse,3,3
encircling,3,3
pharisee,3,3
magistrate,3,3
lute,3,3
semper,3,3
purulent,3,3
quetta,3,3
salivation,3,3
stagnate,3,3
subduer,3,3
savagery,3,3
veterinary,3,3
great-great-aunt,2,1
abbacy,2,1
departure,2,1
weaning,2,1
ablative case,2,1
great-great-grandson,2,1
abominator,2,1
abydian,2,1
reclining,2,1
embitter,2,1
ophthalmia,2,1
actuated,2,1
addition,2,1
glandular,2,1
assistant,2,1
kindle,2,1
adversary,2,1
advocate,2,1
flown,2,1
coeval,2,1
mountebank,2,1
youth,2,1
aspirant,2,1
agility,2,1
robe,2,1
agrianes,2,1
rural,2,1
memorable,2,1
aesepus,2,1
culminate,2,1
albumen,2,1
asphodel bulb,2,1
alexandrian,2,1
nutritious,2,1
allegory,2,1
thoughtless,2,1
menarche,2,1
aluntium,2,1
auzia,2,1
amalgam,2,1
to amalgamate,2,1
seagirt,2,1
amphitheater,2,1
preservative,2,1
lacerate,2,1
retreat,2,1
anemia,2,1
recollection,2,1
anaximander,2,1
amelia,2,1
analgesic,2,1
antelope,2,1
contrary,2,1
suffering instead,2,1
resistance,2,1
resolute,2,1
aortic,2,1
aphorism,2,1
threatening,2,1
cedreae,2,1
fly averter,2,1
apostrophe,2,1
applied,2,1
especially,2,1
accursed,2,1
arcadia,2,1
archetypal,2,1
clinic,2,1
physician,2,1
archipelago,2,1
pirate chief,2,1
architectural,2,1
busybody,2,1
chattered,2,1
arnae,2,1
arpino,2,1
aseity,2,1
artaxata,2,1
suburban,2,1
equal-weighted,2,1
temple,2,1
atropatena,2,1
growth,2,1
flute singer,2,1
actium,2,1
autumnize,2,1
axiocersus,2,1
confection,2,1
bacchanal,2,1
bacchated,2,1
baebian,2,1
baiocasses,2,1
bath attendant,2,1
barabbas,2,1
batnae,2,1
quiver,2,1
beroea,2,1
bethsaida,2,1
to crucify,2,1
biology,2,1
boebe,2,1
bor,2,1
calamine,2,1
sausage-seller,2,1
brachial,2,1
hollis,2,1
servitude,2,1
fellable,2,1
cutter,2,1
caiazzo,2,1
gravel-dwelling,2,1
caligula,2,1
kalinga,2,1
pudenda muliebria,2,1
cinquefoil,2,1
callus,2,1
campania,2,1
canidius,2,1
canosa,2,1
sacrificial bowl,2,1
halter,2,1
immortal,2,1
carceral,2,1
mercenary,2,1
sedge,2,1
charterhouse,2,1
cassivelaunus,2,1
cataonia,2,1
catullan,2,1
cayster,2,1
hasten,2,1
celts,2,1
celts,2,1
cenomani,2,1
kefalonia,2,1
chaix,2,1
combativeness,2,1
mustard,2,1
boulder,2,1
trochee,2,1
water diviners,2,1
circumwoven,2,1
naval,2,1
demagogue,2,1
alder,2,1
gluteal,2,1
hinderer,2,1
collegial,2,1
frequent,2,1
arum,2,1
reveling,2,1
reveller,2,1
commagene,2,1
ornamentation,2,1
competitor,2,1
compiler,2,1
compline,2,1
alcalá,2,1
compression,2,1
oyster,2,1
concocted,2,1
solidification,2,1
coveting,2,1
repository,2,1
chatti,2,1
reap,2,1
accomplishing,2,1
conflux,2,1
refugee,2,1
generative,2,1
rejoice,2,1
torn,2,1
consecration,2,1
consequent,2,1
pursuer,2,1
consulted,2,1
fellow countryman,2,1
tent squad,2,1
convulsion,2,1
coworker,2,1
coriolan,2,1
crowner,2,1
daily,2,1
unguliferous,2,1
cremaster,2,1
castanets,2,1
creusis,2,1
crommyon,2,1
cypress-bearing,2,1
kindle,2,1
demeter,2,1
creditor,2,1
debtor,2,1
elocutionist,2,1
decisive,2,1
lying,2,1
degenerate,2,1
having dissuaded,2,1
successively,2,1
having demolished,2,1
indicator,2,1
knead,2,1
scabby,2,1
skimming,2,1
skim,2,1
execration,2,1
devastation,2,1
glove,2,1
diligence,2,1
intermission,2,1
viper,2,1
fearfulness,2,1
runner,2,1
dissertation,2,1
dithyramb,2,1
rend,2,1
distress,2,1
dubnium,2,1
two hundredth,2,1
bellona,2,1
confection,2,1
prince,2,1
ugliness,2,1
unhappy,2,1
ecclesiastical,2,1
church,2,1
edictally,2,1
publishing,2,1
dung,2,1
chaste-tree,2,1
electronics,2,1
morria,2,1
surmountable,2,1
emanate,2,1
exegesis,2,1
rubbed-in,2,1
came,2,1
enthusiast,2,1
entomologist,2,1
eordaea,2,1
said,2,1
ephesus,2,1
was speaking,2,1
seizure,2,1
epilogue,2,1
defensive alliance,2,1
appearance,2,1
suppliant,2,1
was selling,2,1
erichthonius,2,1
aperlae,2,1
ruwer,2,1
eryximachus,2,1
eteoclus,2,1
euaemon,2,1
cleonae,2,1
euhemerus,2,1
benefactor,2,1
broad-foreheaded,2,1
soluble,2,1
fortified,2,1
omissible,2,1
exarch,2,1
exhumed,2,1
desirable,2,1
unshackle,2,1
orphaned,2,1
expeller,2,1
funereal,2,1
extorter,2,1
fallacious,2,1
hydissa,2,1
merriment,2,1
formation,2,1
felt,2,1
imaginary,2,1
pottage,2,1
be flaccid,2,1
importuner,2,1
hearth,2,1
gnashing,2,1
grosbeak,2,1
inter,2,1
galba,2,1
yellow-clad,2,1
held back,2,1
gaphara,2,1
rejoice,2,1
natal,2,1
gepids,2,1
gerasa,2,1
boulogne-sur-mer,2,1
gesticulator,2,1
gindarus,2,1
cutting instrument,2,1
endurance,2,1
failure,2,1
hartweg,2,1
parthenon,2,1
sharpshooter,2,1
jaffa,2,1
greek woman,2,1
cairn,2,1
herodian,2,1
hero shrine,2,1
sixty,2,1
hicetaon,2,1
high priest,2,1
hierophant,2,1
starthistle,2,1
snarling,2,1
wild asparagus,2,1
guest quarters,2,1
logging,2,1
lumbering,2,1
uppermost,2,1
demosthenes,2,1
mimicry,2,1
indoors,2,1
inferential,2,1
unmentioned,2,1
confer,2,1
attainable,2,1
unfitness,2,1
shamelessness,2,1
immeasurable,2,1
forbidden,2,1
to fatten,2,1
rebuked,2,1
torticollous,2,1
indelible,2,1
indicative,2,1
indicative,2,1
uninformed,2,1
impeded,2,1
impregnable,2,1
infamous,2,1
unnameable,2,1
unwholesome,2,1
incurable,2,1
sow,2,1
to engrave,2,1
insomnia,2,1
not plundered,2,1
instigator,2,1
tastelessness,2,1
insurmountable,2,1
untried,2,1
punctuation,2,1
intestate,2,1
narrate,2,1
impatient,2,1
intuitive,2,1
invert,2,1
irreverent,2,1
unwittingly,2,1
redden,2,1
vascones,2,1
janiculum,2,1
authorize,2,1
agreeableness,2,1
judicial,2,1
cayster,2,1
pouch,2,1
cornelius,2,1
violence,2,1
torchbearer,2,1
torch comet,2,1
antimony,2,1
abundance,2,1
lectern,2,1
soften,2,1
leucimme,2,1
lighten,2,1
unrestrained,2,1
linseed,2,1
to croak,2,1
liquefied,2,1
stone extractor,2,1
lithuania,2,1
livermorium,2,1
luxuriant,2,1
having devised,2,1
patience,2,1
magdolus,2,1
maieutics,2,1
maenalus,2,1
poultice,2,1
somalia,2,1
marcion,2,1
ascheium,2,1
harvey,2,1
marble,2,1
marble-mason,2,1
mideia,2,1
guardian,2,1
mediomatrici,2,1
was seen,2,1
unbroken,2,1
no longer,2,1
mecisteus,2,1
black-cloaked,2,1
seen,2,1
roofbeam,2,1
meligunis,2,1
revel,2,1
relater,2,1
menstruate,2,1
calabash,2,1
foundation,2,1
intoxicate,2,1
isaeus,2,1
five hundredth,2,1
minturnae,2,1
gladiator,2,1
missouri,2,1
soften,2,1
unitary,2,1
peevishness,2,1
fied,2,1
groaning,2,1
moo,2,1
eel necklace,2,1
fly-flapping,2,1
myocardium,2,1
narrator,2,1
swimmable,2,1
necromancer,2,1
nicomedia,2,1
nitre,2,1
play,2,1
november,2,1
numerable,2,1
suckled,2,1
frequenter,2,1
redo,2,1
oechalia,2,1
oligarch,2,1
encountered,2,1
exhibit,2,1
peacemaker,2,1
paeonian,2,1
palaestra,2,1
palilogy,2,1
concubine,2,1
prop,2,1
absolute monarch,2,1
all-powerful,2,1
en masse,2,1
papyrus marsh,2,1
ausones,2,1
amurca,2,1
prudence,2,1
archabis,2,1
operculum,2,1
parturient,2,1
exile,2,1
proverb,2,1
orobiae,2,1
paroxysm,2,1
parrhasia,2,1
patronal,2,1
bovine,2,1
pedasus,2,1
peducaean,2,1
sent,2,1
drinking bout,2,1
very attentive,2,1
percote,2,1
faithlessness,2,1
periclymenus,2,1
circumcision,2,1
perimeter,2,1
ambulatory,2,1
periphery,2,1
circumflex,2,1
confusedly,2,1
studiously,2,1
pestilential,2,1
erasinus,2,1
simulative,2,1
pharmacy,2,1
pherecrates,2,1
flavius,2,1
babbler,2,1
phoebean,2,1
filicudi,2,1
vocal coach,2,1
fortress,2,1
pindar,2,1
pisa,2,1
nursery,2,1
partisan,2,1
populist,2,1
fledge,2,1
unworkable,2,1
ingenious,2,1
multiform,2,1
pompeloan,2,1
tarpeia,2,1
thought,2,1
seats,2,1
crupper,2,1
postumius,2,1
enchanter,2,1
prelude,2,1
premeditated,2,1
praenestine,2,1
premark,2,1
prescient,2,1
prefixed,2,1
delusive,2,1
prevaricator,2,1
priscillianist,2,1
tricorythus,2,1
beebe,2,1
impudence,2,1
extensible,2,1
refute beforehand,2,1
aphnitis,2,1
propagation,2,1
prolong,2,1
firstborn,2,1
stern,2,1
prytaneum,2,1
sand-diver,2,1
false apostle,2,1
bronchi,2,1
centaur,2,1
migraine,2,1
laryngeal,2,1
unmixed,2,1
theseus,2,1
pteranodon,2,1
ptolemy,2,1
appetizer,2,1
quadrangular,2,1
quadrigary,2,1
formerly,2,1
to glean,2,1
coachman,2,1
hastily,2,1
balding,2,1
recited,2,1
renewed,2,1
contractor,2,1
reflux,2,1
relativity,2,1
soften,2,1
restrainer,2,1
nationalize,2,1
recline,2,1
resurrection,2,1
revolution,2,1
vine-twig,2,1
truncated-nosed,2,1
rufus,2,1
stiffen,2,1
saaremaa,2,1
rural,2,1
gritty,2,1
egyptian amber,2,1
chubby-cheeked,2,1
underpriestess,2,1
hedge,2,1
sambuca,2,1
incise,2,1
parasol-bearing,2,1
scene painter,2,1
scribonia,2,1
clog,2,1
lacerate,2,1
venerable,2,1
zedekiah,2,1
diligence,2,1
seleucia,2,1
sowing,2,1
half-eaten,2,1
semibreve,2,1
half-finished,2,1
half-free,2,1
half-peck,2,1
female senator,2,1
pithy,2,1
separator,2,1
septuagenary,2,1
succession,2,1
inferior,2,1
sergeant,2,1
seat,2,1
sixty,2,1
carry forth,2,1
simonides,2,1
parthian nobleman,2,1
seismic,2,1
loosen,2,1
assiduously,2,1
sororicide,2,1
sorcerer,2,1
sortition,2,1
spartan woman,2,1
to libate,2,1
sphacteria,2,1
basket,2,1
frankincense,2,1
hebrus,2,1
unhorsing,2,1
insolent,2,1
squint,2,1
eddy,2,1
prothesis,2,1
lake stymphalia,2,1
pleasantly,2,1
heifer,2,1
weft,2,1
suburb,2,1
succulent,2,1
swabian,2,1
swedes,2,1
summary,2,1
surmountable,2,1
presiding,2,1
calf,2,1
mutterer,2,1
sutcharit,2,1
syennesis,2,1
bedside physician,2,1
stay,2,1
contingent,2,1
notary,2,1
frighten,2,1
testatrix,2,1
thalamegos,2,1
poet,2,1
kettle,2,1
thoth,2,1
thynian,2,1
implements,2,1
tufaceous,2,1
tonsils,2,1
barbershop,2,1
tragasae,2,1
vulnerary,2,1
mylae,2,1
triennium,2,1
triple crest,2,1
nervii,2,1
thrice blessed,2,1
telandrus,2,1
locust,2,1
truentum,2,1
antrustion,2,1
volumnia,2,1
tusculan,2,1
tyrannizing,2,1
wulfila,2,1
ultima thule,2,1
usefulness,2,1
uyupampa,2,1
futilely,2,1
be beaten,2,1
subvassal,2,1
animating,2,1
animate,2,1
having skirmished,2,1
veliternian,2,1
venusian,2,1
virgilian,2,1
shimmering,2,1
sheriff,2,1
vindicius,2,1
vindonissa,2,1
thicket,2,1
venom,2,1
rake,2,1
asunder,2,1
thence,2,1
thing stolen,2,1
xanthippe,2,1
xenophon,2,1
ostaphus,2,1
iatinians,2,1
zacynthian,2,1
almopes,2,1
zealot,2,1
zerynthus,2,1
soup-ladle,2,1
succulent,2,1
zopyrus,2,1
abasian,2,2
hazelnut,2,2
aborigines,2,2
inclined,2,2
acharnanian,2,2
galicia,2,2
sharpen,2,2
aeginetan,2,2
garlic head,2,2
agriculture,2,2
clavius crater,2,2
rudder,2,2
alchemy,2,2
alum,2,2
unseen,2,2
abaddon,2,2
emerald,2,2
invincible,2,2
biodiversity,2,2
inequality,2,2
antepenultimate,2,2
thurii,2,2
formerly,2,2
unfenced,2,2
arable,2,2
struck,2,2
arbitrating,2,2
shapeshifter,2,2
architectural,2,2
aromatic,2,2
artemisia,2,2
castanet,2,2
contemptuous,2,2
assent,2,2
asyndeton,2,2
athenian,2,2
heard,2,2
canopy,2,2
diverted,2,2
berry laurel,2,2
bayreuth,2,2
copulate,2,2
hoop,2,2
estate,2,2
boaz,2,2
fermo,2,2
pomace,2,2
gerara,2,2
flask,2,2
byzantine,2,2
pacorus,2,2
muddy,2,2
glanders,2,2
spoken,2,2
kennel,2,2
hempen,2,2
gelding,2,2
agricultural,2,2
scillus,2,2
hundred each,2,2
epithelium,2,2
honeywort,2,2
celtic wheat-beer,2,2
coracae,2,2
antimony,2,2
surgical,2,2
shekel,2,2
meningitis,2,2
nine hundred,2,2
courtesy,2,2
dissoluble,2,2
din,2,2
colonial,2,2
rhine,2,2
accompanied,2,2
superficially,2,2
contagious,2,2
despicable,2,2
bugler,2,2
corruptible,2,2
skinner,2,2
appendicular,2,2
confectioner,2,2
cupra,2,2
curium,2,2
sinewy,2,2
laurel,2,2
wilderness,2,2
deformity,2,2
dico,2,2
deific,2,2
swerve,2,2
deposited,2,2
omentum,2,2
detestable,2,2
deuterium,2,2
vulturine,2,2
deacon,2,2
octave,2,2
talkative,2,2
haft,2,2
yew,2,2
fig,2,2
yoke,2,2
gutty,2,2
gestate,2,2
dyrrhachium,2,2
ejection,2,2
rejoice,2,2
gently,2,2
pebble,2,2
laudable,2,2
priestly division,2,2
phineus,2,2
said,2,2
dispenser,2,2
erysipelas,2,2
erysipelas,2,2
island trio,2,2
velvet worms,2,2
eupalium,2,2
infinitive,2,2
inventive,2,2
plunderer,2,2
copied,2,2
fiesole,2,2
poulterer,2,2
febrile,2,2
feltre,2,2
slavery,2,2
fortified,2,2
fiscal,2,2
flaminate,2,2
resounding,2,2
pruner,2,2
foundation,2,2
gazorus,2,2
genual,2,2
gävle,2,2
peony,2,2
ans,2,2
odin,2,2
gynaeceum,2,2
peiso,2,2
freshwater fishes,2,2
hebrew,2,2
ionian sea,2,2
labda,2,2
cherusci,2,2
watermill,2,2
hymn,2,2
saint-hubert,2,2
impetigo,2,2
unequally,2,2
unfavourable,2,2
tersely,2,2
undue,2,2
unexhausted,2,2
unproductive,2,2
ignorance,2,2
inbosom,2,2
wholly,2,2
interception,2,2
emasculated,2,2
inventor,2,2
inviolable,2,2
[with genitive],2,2
jeremiah,2,2
jehoshaphat,2,2
ironwort,2,2
wail,2,2
syssitia,2,2
trojan war,2,2
lampsacum,2,2
latmus,2,2
untrustworthy,2,2
sutri,2,2
liguria,2,2
linear,2,2
entreaty,2,2
thorn thicket,2,2
euthanasic,2,2
mason,2,2
magnesia,2,2
mamilian,2,2
soldier thistle,2,2
transformation,2,2
probe,2,2
memmius,2,2
measurable,2,2
conjecture,2,2
thousand-formed,2,2
must cake,2,2
milk-pail,2,2
mouflon,2,2
whence,2,2
nathaniel,2,2
navigable,2,2
problematic,2,2
supplement,2,2
noviomagus,2,2
gilded,2,2
obituary,2,2
obligatory,2,2
obtuse-angled,2,2
acuity,2,2
blanch,2,2
oretani,2,2
fodder-rich,2,2
pallantium,2,2
pamisus,2,2
achaian,2,2
encyclopedia,2,2
supine,2,2
juxtaposition,2,2
gynaeceum,2,2
shepherd,2,2
paternal,2,2
pomegranate,2,2
abundance,2,2
peritoneum,2,2
skimmed,2,2
pursue,2,2
phoebus,2,2
imaginary,2,2
best,2,2
phlegra,2,2
ceres,2,2
cankersore,2,2
presentiment,2,2
exhibition,2,2
entreating,2,2
beseech,2,2
centurion,2,2
martial,2,2
hexagon,2,2
propane,2,2
prophylactic,2,2
fortress,2,2
burst forth,2,2
wedded to,2,2
decimate,2,2
sardanapalus,2,2
quadrupedal,2,2
rave,2,2
recooked,2,2
oar-propelled,2,2
counterbite,2,2
rebound,2,2
reunited,2,2
mestrius,2,2
sabinus,2,2
sangro,2,2
salamis,2,2
samaria,2,2
sanctity,2,2
sapphire-studded,2,2
serapis,2,2
sequana,2,2
canoe,2,2
enamel,2,2
augusti,2,2
chirp,2,2
made,2,2
foolishly,2,2
persuasive,2,2
apron,2,2
banished,2,2
arresting,2,2
simon,2,2
palaestinus,2,2
systematic,2,2
tarvisium,2,2
subterfuge,2,2
territory,2,2
themacus,2,2
thermaean,2,2
thimbron,2,2
flute-playing,2,2
frightened,2,2
radiate,2,2
tripoint,2,2
cave-dweller,2,2
etruria,2,2
stye,2,2
devastating,2,2
saleable,2,2
scour,2,2
neighbor,2,2
twenty-one,2,2
beloved,2,2
euboean,1,1
untempered,1,1
abdomen,1,1
abiathar,1,1
denial,1,1
abominable,1,1
like abrotanella,1,1
bruttian,1,1
accelerator,1,1
acclamation,1,1
registry,1,1
ahab,1,1
achaemenid,1,1
achaemenid,1,1
venusian,1,1
accuracy,1,1
vehemently,1,1
acuminose,1,1
arian,1,1
handmaiden,1,1
osseous,1,1
aeacid,1,1
aedepsus,1,1
poplar,1,1
egyptianly,1,1
equally,1,1
equilibrity,1,1
juggle,1,1
deformity,1,1
aesti,1,1
aetites,1,1
affectionate,1,1
illustrious,1,1
agapenor,1,1
agathyrna,1,1
agbalus,1,1
kermes oak,1,1
aegium,1,1
aetolus,1,1
academic,1,1
unconquerable,1,1
ligurian tribe,1,1
alexandria,1,1
alexandretta,1,1
algonquian,1,1
allat,1,1
nourishment,1,1
allegorical,1,1
playing,1,1
ness,1,1
amaseno,1,1
spotted,1,1
amblyopia,1,1
ambracia,1,1
amminadab,1,1
amisus,1,1
ammonite,1,1
henceforth,1,1
amorgos,1,1
amorite,1,1
double-bowled,1,1
amphilochia,1,1
widening,1,1
illiterate,1,1
analytical,1,1
anconitan,1,1
spearcaster,1,1
andalusian,1,1
devouring,1,1
anecdote,1,1
promontory,1,1
dill,1,1
commandeer,1,1
relay,1,1
los angeles,1,1
lemnians,1,1
having striven,1,1
forerun,1,1
chervil,1,1
antiochian,1,1
water drawer,1,1
insensibility,1,1
pursue,1,1
abscission,1,1
shopkeeper,1,1
deterrence,1,1
apsorus,1,1
fitting,1,1
penguin,1,1
apuleius,1,1
aqua fortis,1,1
water bearer,1,1
hydrophobe,1,1
arachthus,1,1
arbitral,1,1
arbitrate,1,1
occupation,1,1
arbutus,1,1
memorize,1,1
architecture,1,1
distressed,1,1
areopagite,1,1
prattler,1,1
arethusa,1,1
celtiberian tribe,1,1
arimaspian,1,1
aristonean,1,1
aristophanean,1,1
equipment,1,1
unbroken,1,1
presumption,1,1
cape,1,1
kotor,1,1
impiety,1,1
pitch trefoil,1,1
asphodel,1,1
aspidochelone,1,1
edict,1,1
asturco,1,1
pivot,1,1
atrocity,1,1
volunteer,1,1
foundress,1,1
aufidena,1,1
growth,1,1
grinners,1,1
immaterial,1,1
autarky,1,1
autocrat,1,1
auxiliaries,1,1
assisted,1,1
averroes,1,1
aviary,1,1
axiom,1,1
aventine,1,1
nourishment,1,1
babylonian,1,1
babylonian,1,1
bacchanalian,1,1
badalona,1,1
baobab,1,1
ballista maker,1,1
to converse,1,1
bacuates,1,1
plebeian,1,1
abomination,1,1
stench,1,1
botanist,1,1
bebrycia,1,1
ronco,1,1
warrior,1,1
commendable,1,1
exempt soldier,1,1
ilergetes town,1,1
bestial,1,1
beast-fighter,1,1
two-bodied,1,1
biga-bearing,1,1
running under,1,1
decennial,1,1
macedonian region,1,1
blasphemy,1,1
intensifier,1,1
boanerges,1,1
soapwort,1,1
baneful,1,1
bellower,1,1
trousers,1,1
bradfordian,1,1
drench,1,1
rebound,1,1
neovagina,1,1
testicles,1,1
bovine,1,1
poisonous beetle,1,1
flaying oxen,1,1
bee generation,1,1
busiris,1,1
funeral pyre,1,1
papyrus,1,1
canoeing,1,1
consumptive,1,1
unhealthy,1,1
rheum,1,1
calamine,1,1
herald,1,1
by cutting,1,1
setúbal,1,1
calabria,1,1
coffer,1,1
calculational,1,1
excalibur,1,1
kempten,1,1
laudable,1,1
baskets,1,1
capernaum,1,1
carbuncular,1,1
carotid arteries,1,1
laager,1,1
basket,1,1
guardian,1,1
castoreum,1,1
catalogue,1,1
scale armor,1,1
catuvolcus,1,1
caucones,1,1
tawny owl,1,1
somewhat quickly,1,1
celtic gaul,1,1
hundred-eyed,1,1
drones,1,1
herald,1,1
heraldic,1,1
citium,1,1
chad,1,1
chalcis,1,1
brazen,1,1
epirus,1,1
chiliarch,1,1
chitons,1,1
baboon,1,1
groaty,1,1
doing business,1,1
temporal,1,1
golden,1,1
balanea,1,1
vowel,1,1
alimentary,1,1
cibyra,1,1
canopus,1,1
gamin,1,1
ciceronian,1,1
kimolos,1,1
unchaste,1,1
galaesus,1,1
having travelled,1,1
cisamus,1,1
pumice stone,1,1
ivy-leaf,1,1
casteggio,1,1
locksmith,1,1
medical treatment,1,1
locksmith,1,1
vocative case,1,1
patronage,1,1
tanagra,1,1
compelling,1,1
eponymous,1,1
cohesion,1,1
gild,1,1
collatine,1,1
colleague,1,1
radiate,1,1
rusticity,1,1
colonean,1,1
glutton,1,1
caroused,1,1
memorable,1,1
commerce,1,1
stay,1,1
communion,1,1
stolen,1,1
completive,1,1
drinking companion,1,1
compromise,1,1
barricade,1,1
combatively,1,1
controversial,1,1
elegance,1,1
concordant,1,1
cohabitant,1,1
pirate,1,1
skirmisher,1,1
concurrence,1,1
playfellow,1,1
conjecture,1,1
conjunction,1,1
complicity,1,1
dedicant,1,1
pursue,1,1
harmonize,1,1
counselor,1,1
lungwort,1,1
halt,1,1
co-father-in-law,1,1
habituation,1,1
despiser,1,1
moderation,1,1
quarrel,1,1
obstinacy,1,1
abusive,1,1
conjugal,1,1
cooperative,1,1
lid,1,1
kabul river,1,1
cookery,1,1
cyrenoidea,1,1
heartfelt,1,1
goring,1,1
wild asparagus,1,1
fig,1,1
chariot,1,1
krakow,1,1
thickening,1,1
creditor,1,1
spring warden,1,1
criterion,1,1
raven croak,1,1
cawing,1,1
castanet dancer,1,1
siriasis,1,1
cumin,1,1
cypress,1,1
curative,1,1
beef,1,1
chariot,1,1
scarlet berry,1,1
stricken,1,1
divergent,1,1
cloak,1,1
cybistra,1,1
encircle,1,1
miser,1,1
puppy,1,1
boebe,1,1
moulded,1,1
cytherean,1,1
torchbearer,1,1
subdue,1,1
fawn,1,1
damnable,1,1
decagon,1,1
decency,1,1
deflect,1,1
discoloration,1,1
dishonorable,1,1
derivative,1,1
protectress,1,1
deflect,1,1
deianira,1,1
lick,1,1
destructible,1,1
consolidation,1,1
reap,1,1
demolish,1,1
dendrobatid,1,1
denver,1,1
plunderer,1,1
deprecatory,1,1
depressor,1,1
repeller,1,1
written,1,1
desolating,1,1
desperate,1,1
destruction,1,1
threatened,1,1
delimiting,1,1
having misused,1,1
byroad,1,1
bewitch,1,1
dilatation,1,1
testament,1,1
translucency,1,1
debased,1,1
dittany,1,1
witticism,1,1
facetious,1,1
partition,1,1
diffidently,1,1
menzies,1,1
directress,1,1
scrutineer,1,1
later generations,1,1
discordant,1,1
discriminator,1,1
survey,1,1
objector,1,1
dissension,1,1
diurnal,1,1
wealth,1,1
publisher,1,1
theoretical,1,1
instructress,1,1
donzel,1,1
tamer,1,1
ammoniacum,1,1
contriver,1,1
two hundred,1,1
duchy,1,1
silistra,1,1
misfortune,1,1
dyspnea,1,1
dyspnea,1,1
inaccessible,1,1
ivory worker,1,1
little church,1,1
echepolus,1,1
radiance,1,1
edema,1,1
taught,1,1
elaphebolion,1,1
slav,1,1
outspoken,1,1
elymia,1,1
webspinners,1,1
corrector,1,1
emesene,1,1
emetic,1,1
emissary,1,1
sacrificial,1,1
describable,1,1
opportune,1,1
burnt in,1,1
fritter,1,1
fitting,1,1
eulogy,1,1
argument,1,1
entomology,1,1
enumeration,1,1
cyzicus,1,1
hephthalite,1,1
rural,1,1
epicycle,1,1
epidamnus,1,1
epidaurus,1,1
night pustules,1,1
epeiph,1,1
holm oak,1,1
mainlander,1,1
significant,1,1
erasmian,1,1
provision,1,1
sternutatory,1,1
basket,1,1
mount erymanthus,1,1
endive,1,1
agility,1,1
see cōnfit,1,1
loincloth,1,1
dermatosis,1,1
awakening,1,1
publish,1,1
female provoker,1,1
judgment,1,1
female explainer,1,1
detestable,1,1
pursue,1,1
goaded on,1,1
uprooting,1,1
rapture,1,1
creative,1,1
impure,1,1
javelin,1,1
temple,1,1
farnus,1,1
enchant,1,1
fata morgana,1,1
gape,1,1
babble,1,1
faunalia,1,1
bilious,1,1
felony,1,1
fermentation,1,1
leaven,1,1
harpist,1,1
perforate,1,1
occiput,1,1
blossom,1,1
flauntingly,1,1
containing fluorine,1,1
filth,1,1
fornacalia,1,1
franconia,1,1
frasne,1,1
swindle,1,1
fregellae,1,1
shearing,1,1
thievish,1,1
imminent,1,1
mustelid,1,1
wife,1,1
procreate,1,1
gennesaret,1,1
dog excrement,1,1
gethsemane,1,1
gladiatorial fight,1,1
must,1,1
glossary,1,1
entwining,1,1
cognitive,1,1
gonorrhea,1,1
scribe,1,1
productive,1,1
grandiloquent,1,1
catarrh,1,1
catarrhal,1,1
megalopoli,1,1
grunted,1,1
hitherto,1,1
hemorrhage,1,1
hafnium,1,1
eurymedon,1,1
haliacmon,1,1
prophesy,1,1
prophesied,1,1
haarlem,1,1
harmodius,1,1
hawaii,1,1
darkening,1,1
choaspes,1,1
jubilee,1,1
hellanicus,1,1
hellespont,1,1
having squandered,1,1
iolcos,1,1
heraea,1,1
agistment,1,1
pennsylvanian,1,1
herm,1,1
heroic,1,1
heroine,1,1
herostratus,1,1
heroon,1,1
hesiodic,1,1
misapprehension,1,1
heterogeneous,1,1
sixty,1,1
winter quarters,1,1
hicesian,1,1
laodicea,1,1
priest,1,1
jeroboam,1,1
hierographic,1,1
temple keeper,1,1
veterinary,1,1
consubstantial,1,1
honduran,1,1
honorius,1,1
sworn,1,1
horrisonant,1,1
burial,1,1
insignificance,1,1
spanish fly,1,1
hydrocephalus,1,1
wife,1,1
henbane,1,1
exaggeration,1,1
exaggerated,1,1
bedding,1,1
collateral,1,1
hypothetical,1,1
high-roofed,1,1
agitation,1,1
dried fish-skin,1,1
portrait painter,1,1
idolater,1,1
idolatrous,1,1
uncultivated,1,1
unprovoked,1,1
illiterate,1,1
luminary,1,1
fanciful,1,1
imitable,1,1
physician,1,1
immersion,1,1
impenetrable,1,1
imperceptible,1,1
unpierced,1,1
impersonal,1,1
dauntless,1,1
to impregnate,1,1
unfed,1,1
unfortunate,1,1
impurity,1,1
unburned,1,1
inanimate,1,1
unfelled,1,1
comprehensible,1,1
incapable,1,1
un,1,1
inceptive,1,1
beginner,1,1
rashly,1,1
rash,1,1
undiminished,1,1
towards,1,1
rebuke,1,1
intact,1,1
independence,1,1
proclaiming,1,1
proclaimed,1,1
undisciplined,1,1
fallen asleep,1,1
misleading,1,1
sweetener,1,1
unutterable,1,1
unbought,1,1
unshaken,1,1
ineloquent,1,1
infanticide,1,1
unhappily,1,1
infinitesimal,1,1
blossom,1,1
influx,1,1
alesa,1,1
unwillingly,1,1
untasted,1,1
inhabitant,1,1
begun,1,1
originate,1,1
unsentenced,1,1
narratable,1,1
nod,1,1
proportionate,1,1
pollute,1,1
pursue,1,1
insecticide,1,1
markedly,1,1
engraver,1,1
inspectress,1,1
instantaneous,1,1
unrestrained,1,1
interceptor,1,1
murderess,1,1
interjective,1,1
interjected,1,1
interregnum,1,1
intolerable,1,1
investigable,1,1
invocation,1,1
inebolu,1,1
hardwickean,1,1
irascible,1,1
irrational,1,1
irremeable,1,1
irrevocable,1,1
inciter,1,1
irrumation,1,1
isaiah,1,1
isaian,1,1
equinoctial,1,1
ituraea,1,1
iulis,1,1
panactum,1,1
sarmatian,1,1
equirria,1,1
sportive,1,1
jewish,1,1
judicial,1,1
sworn,1,1
quarrel,1,1
justification,1,1
kilo,1,1
chemical,1,1
kaapori,1,1
praenomen,1,1
jurcae,1,1
malicious,1,1
ungodly,1,1
cannae,1,1
article,1,1
cerasus,1,1
fascism,1,1
buffalo,1,1
nepos,1,1
lyre player,1,1
junia,1,1
pine kernel,1,1
corinthian,1,1
corycian cave,1,1
buskin,1,1
spikenard,1,1
delilah,1,1
to ratify,1,1
kuwapani,1,1
anax,1,1
totter,1,1
labdalum,1,1
sparta,1,1
cloaked,1,1
lamentable,1,1
nimble,1,1
laetorian,1,1
to rejoice,1,1
hare,1,1
sacrificial cake,1,1
covered chariot,1,1
lamponia,1,1
lapethus,1,1
noose gladiator,1,1
given,1,1
larymna,1,1
frolic,1,1
vocal,1,1
estate,1,1
laureate,1,1
sedan-bearer,1,1
vicarious,1,1
law-breaker,1,1
rabulist,1,1
alleviation,1,1
whiten,1,1
chrysolite,1,1
leuctra,1,1
ems,1,1
freedom,1,1
lemonade,1,1
lestadae,1,1
litharge-like,1,1
lyed,1,1
croton,1,1
abusive,1,1
longevity,1,1
matrical,1,1
captor,1,1
purifying,1,1
olive harvest,1,1
lysis,1,1
enclosed,1,1
presidency,1,1
ified,1,1
magician,1,1
mago,1,1
enclosure,1,1
malachi,1,1
syros,1,1
abusively,1,1
misleading,1,1
hazelwort,1,1
agarus,1,1
mandaic,1,1
to tame,1,1
handwritten,1,1
marburgian,1,1
sailor,1,1
married,1,1
marmaritae,1,1
masada,1,1
masinissan son,1,1
murrhine,1,1
massylii,1,1
having felled,1,1
matisco,1,1
maternal,1,1
matricide,1,1
deterring,1,1
median,1,1
acrid,1,1
megarian,1,1
meitnerium,1,1
black-cumin,1,1
melilotic,1,1
pheidippides,1,1
retentive,1,1
three-storeyed,1,1
acne,1,1
merovech,1,1
defilement,1,1
microscope,1,1
heron,1,1
mike,1,1
corneal swelling,1,1
to stay,1,1
ministry,1,1
servant,1,1
lessen,1,1
misandry,1,1
miserably,1,1
misogynist,1,1
gonnus,1,1
soften,1,1
gently,1,1
broom,1,1
molycreum,1,1
monastery,1,1
monolithic,1,1
surname,1,1
battle-array,1,1
monstrous,1,1
celts,1,1
bogeyman,1,1
mortal,1,1
wooden structure,1,1
play,1,1
various,1,1
swollen,1,1
shyster,1,1
latin king,1,1
shrew,1,1
sung,1,1
musty,1,1
mutability,1,1
ordeal,1,1
mill moth,1,1
pirate galley,1,1
anointed,1,1
myrtle,1,1
myrtle,1,1
mystagogue,1,1
clayey,1,1
reform,1,1
naphtha,1,1
benumbing,1,1
narcotic,1,1
narcissus,1,1
naryx,1,1
nasamones,1,1
scipio,1,1
bryony,1,1
neapolis,1,1
latrine,1,1
necho,1,1
indifferent,1,1
business,1,1
truly,1,1
impossible,1,1
ignoramus,1,1
unknown plant,1,1
neutron,1,1
darken,1,1
nisibis,1,1
nisyros,1,1
quarrel,1,1
nocturn,1,1
recent,1,1
nod,1,1
nourishment,1,1
suckle,1,1
nourishing,1,1
night blindness,1,1
nymph-sacred,1,1
disparaged,1,1
basil,1,1
october,1,1
homebred,1,1
economy,1,1
oechalia,1,1
distress,1,1
kolonai,1,1
oligarchy,1,1
oligyrtus,1,1
dun,1,1
plough,1,1
optative,1,1
olive,1,1
orgasm,1,1
brazen,1,1
orthopnea,1,1
aardvark,1,1
din,1,1
callus,1,1
hippolyta,1,1
circumflex,1,1
oxymoron,1,1
choleric,1,1
pascual,1,1
pabular,1,1
pacific,1,1
pacific,1,1
pedophile,1,1
pagasae,1,1
paginal,1,1
palatopharyngeal,1,1
palatua,1,1
palinode,1,1
mistress,1,1
palmaria,1,1
hurled,1,1
pruner,1,1
panacean,1,1
panticapaeum,1,1
pantomime performer,1,1
pap,1,1
daddy,1,1
hereditary,1,1
hemorrhage,1,1
fortuitous,1,1
paralysis,1,1
paraphrase,1,1
wuyishan,1,1
related,1,1
participial,1,1
pasargadae,1,1
passible,1,1
patras,1,1
paternally,1,1
frightened,1,1
goddess,1,1
marine,1,1
pelasgian,1,1
pelasgia,1,1
sock,1,1
pelusium,1,1
pentapolis,1,1
ramble,1,1
reckoned up,1,1
blown,1,1
perforate,1,1
cancellation,1,1
malacca,1,1
infamous,1,1
circumlocution,1,1
terribly,1,1
exceedingly,1,1
caressed,1,1
ham-seller,1,1
incorrectly,1,1
proceeded,1,1
perrhaebian,1,1
persecutress,1,1
very useful,1,1
noxious,1,1
ham,1,1
petrifying,1,1
lentil,1,1
phaedria,1,1
appearance,1,1
peleg,1,1
quiver-bearing,1,1
sorcerer,1,1
pharmacist,1,1
cambyses,1,1
pharsalus,1,1
pelopidas,1,1
aedile,1,1
philippopolis,1,1
philopoemen,1,1
philosophy,1,1
love potion,1,1
fenn,1,1
phocian,1,1
carrier,1,1
encephalitis,1,1
garrison,1,1
atonement,1,1
carried,1,1
beaten,1,1
heard,1,1
fig jar,1,1
trajan,1,1
kidnapping,1,1
planisphere,1,1
plautus,1,1
plebiscite,1,1
abundance,1,1
dismal,1,1
repentance,1,1
guneus,1,1
groats,1,1
rhetorician,1,1
hymn,1,1
convoluted,1,1
pompeii,1,1
smacker,1,1
puny,1,1
purple-girdled,1,1
harbour,1,1
possessive,1,1
possessor,1,1
cimmeria,1,1
from somewhere,1,1
heraldship,1,1
laudatory,1,1
exult,1,1
hellespontian,1,1
prematurely dead,1,1
preoccupation,1,1
predistribution,1,1
foreboding,1,1
protector,1,1
leading dancer,1,1
transgressing,1,1
priestess,1,1
presbytery,1,1
arrogance,1,1
provable,1,1
proconnesus,1,1
procrastinator,1,1
procreation,1,1
creator,1,1
predonate,1,1
advertisement,1,1
foretell,1,1
postponement,1,1
repulse,1,1
was placed,1,1
chief flute-player,1,1
great-uncle,1,1
ialmenus,1,1
dragged,1,1
propel,1,1
originate,1,1
proximity,1,1
votive offering,1,1
eleusis,1,1
abba,1,1
vetch,1,1
hempen,1,1
figlina,1,1
fruticose,1,1
infernal,1,1
javan,1,1
julian,1,1
leopard,1,1
specific epithet,1,1
astringent,1,1
three-pronged,1,1
animating,1,1
potidaea,1,1
wine cooler,1,1
pugnal,1,1
fortress,1,1
pumice,1,1
pupian,1,1
timid,1,1
fiery,1,1
pythagorean,1,1
quadi,1,1
lent,1,1
quarter,1,1
quadrature,1,1
confirmation,1,1
quinctian,1,1
five hundred,1,1
number fifty,1,1
wherever,1,1
enantiomorph,1,1
radiance,1,1
etruscans,1,1
ratiocinative,1,1
kishon river,1,1
brighten,1,1
memorable,1,1
reopening,1,1
to recline,1,1
renewal,1,1
reformer,1,1
refractory,1,1
darkened,1,1
regression,1,1
relick,1,1
proclamation,1,1
scream,1,1
stay,1,1
rebounded,1,1
to revisit,1,1
revocatory,1,1
ionia,1,1
mases,1,1
rhea,1,1
blanket,1,1
orator,1,1
rhetorical,1,1
rheumy,1,1
pomegranate,1,1
torrent,1,1
sordid painting,1,1
stiffen,1,1
rotterdam,1,1
uthman,1,1
loathing,1,1
melilla,1,1
rusticity,1,1
shevat,1,1
sabazian,1,1
sabbath,1,1
sacramento,1,1
sacrilegious,1,1
fawn,1,1
to hoe,1,1
sieve,1,1
saumur,1,1
salvation,1,1
samarium,1,1
vermilion,1,1
messenger,1,1
borax,1,1
sapphire,1,1
fir,1,1
grim,1,1
sardis,1,1
prune,1,1
satala,1,1
interrogative,1,1
better,1,1
satrae,1,1
saturnalia,1,1
salia,1,1
ferrule,1,1
chessboard,1,1
bench,1,1
scandium,1,1
pollute,1,1
parturient,1,1
scientific,1,1
sclerosis,1,1
beroea,1,1
hawker,1,1
arbiter,1,1
clown,1,1
platter,1,1
palm fibre,1,1
withdrawal,1,1
vestry,1,1
solitary,1,1
numantia,1,1
anointable,1,1
semiform,1,1
half-open,1,1
semipelagic,1,1
drowsy,1,1
neuss,1,1
sempronius,1,1
sardanapalus,1,1
sentius,1,1
perfume,1,1
seven twelfths,1,1
sergestus,1,1
serpent-born,1,1
six hundredth,1,1
six hundred,1,1
sestian,1,1
sixtieth,1,1
sixth,1,1
sixth,1,1
sea serpent,1,1
si,1,1
academus,1,1
sicyonian,1,1
pretence,1,1
granary,1,1
scalpel-like,1,1
ovine,1,1
ingenuity,1,1
sollium,1,1
malapropism,1,1
unbound,1,1
shield-bearers,1,1
bellow,1,1
trifle,1,1
hurried,1,1
metal-caster,1,1
spirochetes,1,1
brightening,1,1
cinder,1,1
spelt,1,1
shekel,1,1
statuette,1,1
steatite,1,1
hat-p-6,1,1
stilpo,1,1
kohl,1,1
vex,1,1
nullifying,1,1
dribble,1,1
stratia,1,1
strepsa,1,1
stupefying,1,1
vexatious,1,1
pericles,1,1
toul,1,1
subprismatic,1,1
rancidish,1,1
substantive,1,1
scorch,1,1
borne,1,1
bistort,1,1
towel,1,1
lapidary,1,1
sufficiency,1,1
carried,1,1
porcine,1,1
black mulberry,1,1
given,1,1
co-templed,1,1
conterminous,1,1
superbly,1,1
hypocritical deceit,1,1
sorrento,1,1
asthmatic,1,1
sigh,1,1
sybarite,1,1
mulberry,1,1
syllogism,1,1
contractual,1,1
congregation,1,1
confession,1,1
homonymous,1,1
sypalettus,1,1
tamynae,1,1
tanagro,1,1
tarichaea,1,1
quiver,1,1
fart,1,1
technicolor,1,1
public lecture,1,1
telegonus,1,1
telegraph,1,1
toll booth,1,1
temperative,1,1
tennessee,1,1
terbium,1,1
tricca,1,1
sounding terribly,1,1
having testified,1,1
brine-honey drink,1,1
timgad,1,1
theatrical,1,1
theogony,1,1
theologian,1,1
theoretical,1,1
storax,1,1
lupine,1,1
thermometer,1,1
thermophiles,1,1
divinely kindled,1,1
northwest wind,1,1
lettuce,1,1
citrous,1,1
thyroid,1,1
janus,1,1
tigranes,1,1
pious,1,1
water strider,1,1
satrap,1,1
titanic,1,1
falteringly,1,1
pastoral,1,1
swape,1,1
torpid,1,1
transmitted,1,1
transoxiana,1,1
toward,1,1
trebia,1,1
tremithus,1,1
certain flatworms,1,1
triennial,1,1
pregnancy,1,1
troezen,1,1
alimentary,1,1
dreggy,1,1
repulsively,1,1
stay,1,1
tutelary,1,1
iapydian,1,1
tyndarid,1,1
ucalegon,1,1
undisonant,1,1
vacant estates,1,1
decree,1,1
valentinian,1,1
vanadium,1,1
berkelium,1,1
foretold,1,1
prophesy,1,1
insanity,1,1
braggart,1,1
anointing,1,1
genitals,1,1
anthelmintic,1,1
porcine,1,1
investiture,1,1
shakable,1,1
victoriatus,1,1
victorious,1,1
visible,1,1
vindelicia,1,1
vindelici,1,1
female wine-bibber,1,1
viperous,1,1
prophetically,1,1
visigoth,1,1
mutter,1,1
severn,1,1
animation,1,1
allobroges,1,1
volscians,1,1
volscian,1,1
singers,1,1
vomitive,1,1
divulger,1,1
ened,1,1
i am,1,1
whiskey,1,1
xenocidal,1,1
wooden,1,1
cinnamon wood,1,1
xystarch,1,1
mountain torrent,1,1
assassin,1,1
very wealthy,1,1
zilpah,1,1
zeugma,1,1
yoked animals,1,1
caul,1,1
studio,1,1
stay,1,1
