term,gloss,forms,occurrences
"little","little",19193,164192
"leaf","leaf",11882,155274
"flower","flower",7556,108370
"resembling","resembling",18853,92280
"two","two",9398,85702
"under","under",12024,69497
"to bear","to bear",8697,66441
"mouth","mouth",8899,66085
"sword","sword, brand",11555,65916
"wing","wing",7339,60832
"well","well",5511,59811
"long","long",4088,58890
"hair","hair",6065,55038
"loving","loving",3928,48428
"beside","beside",8901,47829
"tooth","tooth",4393,43523
"many","many",2792,42646
"ear","ear",5438,42073
"three","three",4445,41878
"place","A place associated with a specified thing.",4506,41868
"head","head",3198,40172
"short","short",3223,38474
"new","new",6163,37183
"exist","to be, exist",6484,36880
"green","green",6193,36782
"black","black",4519,36347
"action","Added to verb stems to form abstract nouns or nouns of action, process, or result",7197,35869
"thorn","thorn",4956,35768
"back","back",4421,35268
"yellow","yellow",5399,34909
"hand","hand",6155,34697
"white","white",4050,34187
"false","False; not genuine; fake.",8238,33118
"horn","horn",3160,32564
"tail","tail",3003,31246
"name","a male given name from Ancient Greek",4388,31183
"full","full of",5055,31141
"collection","A collection of things that relate to a specific place, person, etc.",6358,30991
"red","red",4388,29269
"one","one",4666,29124
"tiny","Very small.",2853,28379
"small","small",2606,27638
"narrow","narrow",1873,27625
"beside","beside, alongside",3732,27170
"foot","a foot, in its senses as",1719,27008
"foot","foot",3488,26142
"death","death; doom",2782,26052
"heart","heart",2509,25907
"thick","thick",2466,25872
"fly","a fly (the insect)",1937,25462
"ball","ball",2284,25425
"not","not, if...not, unless- an absolutely negative particle like ne so only in combinations",5697,25007
"spot","spot",2800,24974
"mouse","mouse",3835,24967
"gold","gold",3281,24825
"doing","doing",3281,24760
"sharp","sharp",1596,24380
"dog","dog",3602,24347
"small","small; little; puny",416,24063
"snout","snout",1884,23840
"field","field",1875,23380
"seed","seed",2653,22929
"false","combining form of ψευδής (pseudḗs, ""false"")",4214,22924
"fruit","fruit",2585,22769
"wing","wing (of natural or supernatural creatures)",1803,22305
"false","false",4050,22116
"after","afterwards; after",2264,21899
"pig","pig; swine; hog",4415,21112
"cone","cone",1224,21040
"like",": -id; -like; connected to; from the nature of; full of",4023,20937
"single","single",2357,20774
"banded","banded",1440,20576
"hill","a hill",1449,20494
"member","Suffix forming a masculine noun: one connected to, a member of; one from a particular place",2109,19993
"dwarf","dwarf",2265,19544
"tree","tree",1379,19435
"upon","upon",1670,19208
"shape","shape",3383,19109
"flat","flat",1795,19100
"binding","Binding, fusion.",2916,19029
"wood","wood",1943,18790
"eye","eye",2133,18496
"collection","a collection of things that relate to a specific place, person, theme, etc.",2796,18406
"black","wan, shining black (as opposed to āter, dull black)",1307,18254
"point","point",3084,18215
"white","white (properly without luster), dull white",1303,17968
"thin","thin",1183,17354
"to give","to give",2833,17133
"great","great",1901,17023
"parent","parent",1919,16912
"nose","nose",2212,16541
"weaving","weaving",3471,16153
"other","other",1229,16081
"master","master of the house or family",3201,15946
"not","not; used to make words that have a sense opposite to the word (or stem) to which the prefix is attached. Used with stems that begin with vowels and ""h"".",2400,15823
"tongue","tongue",1291,15682
"large","great, large, big; (of things) vast, extensive, spacious (of physical size or quantity)",825,15562
"broad","broad",1323,14766
"striped","striped",1804,14707
"beard","beard",782,14651
"hairy","hairy, shaggy",408,14452
"as","as, a Roman coin originally made of a Roman pound of bronze but later minted from 2, 1, and finally ½ Roman ounces of copper",2158,14396
"intersection","intersection",809,14290
"slender","slender, slim, thin",188,13986
"narrow","narrow, tight",614,13513
"man","apocopic form of ᾰ̓́νδρᾰ (ắndră, accusative singular of ᾱ̆̓νήρ (ā̆nḗr)) and ᾰ̓́νδρε (ắndre, nominative/accusative/vocative dual of ᾱ̆̓νήρ (ā̆nḗr))",780,13425
"sand","sand",1542,13228
"mountain","mountain",2223,13111
"body","body",1365,13021
"adult","full-grown, grown up",555,12989
"skin","skin",1617,12952
"smooth","smooth",703,12814
"snake","snake",1479,12814
"mass","a suffix indicating a structure or mass (especially pathological)",1085,12744
"poison","poison",2585,12744
"through","In verbs: denoting the sense ""through"", as in perforate.",2793,12688
"race","race",2578,12669
"able","-able, tending to be X'ed (for a verb X); a suffix generally deriving adjectives from verbal stems.",1196,12639
"jaw","jaw",1156,12638
"four","four",1328,12539
"stone","stone",1511,12280
"city","an ancient city in Hispania Baetica",2636,12267
"sheep","sheep",2784,12245
"becoming","becoming",601,12221
"salt","salt",2411,12206
"tooth","a tooth",1540,12160
"dew","dew",1124,12086
"fringe","hem, fringe, border of a robe",932,12078
"water","water",1071,11983
"marsh","marsh",1463,11941
"daughter","female child; daughter",1233,11898
"not","no; not",2296,11735
"bow","bow",578,11693
"moving","going, moving",2307,11672
"daughter","Added to the names of people to form a feminine patronym: daughter of",1812,11556
"slender","thin, fine, narrow, slender",955,11475
"scale","scale",1927,11468
"sea","sea",2394,11454
"scale","scale (of a fish or reptile)",964,11399
"shoot","young slip or shoot of a tree, such as is broken off for grafting",1023,11381
"cattle","cow, ox, cattle",2040,10992
"town","An inland town in the south of Sicily mentioned by Ptolemy",2213,10974
"then","then, thereupon",1960,10943
"lip","lip",1374,10933
"exist","to be; to exist",7040,10913
"after","after",2005,10839
"wax","wax, beeswax, honeycomb",802,10677
"very","intensifying prefix: very, greatly",691,10672
"together","Together: the root word is done co-incidently.",1557,10611
"around","around",1347,10607
"nerve","nerve",1052,10562
"worthless","ellipsis of parvī pretiī (""of small a price, of little value""): of little worth, value; mean, low, little",862,10484
"river","a river in Africa, flowing south of the Stachir",1345,10477
"wide","wide",1223,10378
"large","large",1004,10320
"finger","finger",1206,10280
"much","much",1209,10248
"circle","a circle",835,10125
"coil","coil",1271,10028
"action","An action or process, or the result of an action or process.",1259,9845
"comb","comb",738,9764
"up","up",1361,9689
"object","A noun-forming suffix, often forming nouns denoting concrete objects.",585,9643
"stem","stem",940,9618
"move","to go, to fare, to move (oneself) (any kind of animate or inanimate motion: walk, ride, sail, fly, etc.)",2720,9617
"part","Part of a fruit or fruiting body.",484,9505
"view","view",1098,9498
"earth","Earth",1143,9484
"through","through",944,9462
"god","god, deity",2272,9378
"stake","a stake, pale, spike",1345,9346
"mound","earth thrown up, a bank, mound",1604,9336
"in","in, into",2023,9293
"to swim","to swim",1793,9273
"end","The extremity of a thing",1033,9249
"timber","wood, logs, timber, especially for ships",1285,9232
"milk","milk",1084,9225
"compound","Any of a group of related compounds - azide, polysaccharide, glycoside.",1281,9184
"both","both",914,9059
"brown","brown",1441,9055
"whole","whole, entire, perfect, complete",1076,9013
"crab","crab, crayfish",120,8859
"between","middle of, between, amidst",991,8815
"elegant","fine, elegant, handsome",89,8797
"square","square",862,8665
"month","month",1549,8652
"level","level, flat, even",1027,8565
"fungus","mushroom or other fungus",1055,8482
"rank","a row or file of soldiers",266,8473
"rose","rose (plant of the genus Rosa or its flower)",295,8470
"empty","vain, empty, vacant, void",2247,8466
"speak","to speak, say",1082,8450
"eater","eater (of), eating",180,8316
"proposer","Someone who proposes a law, proposer, carrier.",1436,8316
"gull","a ravenous seabird; perhaps a gull or mew",1018,8276
"why","why?, wherefore?",1239,8273
"to smooth","to smooth",993,8268
"bird","bird",1575,8258
"hate","to have an aversion towards, to hate, dislike",810,8235
"red","red approximately like red ochre (which had a traditional status among the Romans); red that was both common and dignified, somewhat associated with pigment",740,8194
"tube","tube, pipe",957,8161
"shining","shining",593,8141
"woman","woman; female",898,8094
"also","also, too, besides, or likewise",1444,8090
"dusky","swarthy, dusky, dark",435,8073
"slender","slender",821,8059
"lean","lean, skinny, meager",945,8014
"entering","entering, going into",3110,7929
"agent","Added to verb stems to form masculine agent nouns",1230,7907
"pale","pale, pallid, wan",363,7883
"five","five",810,7738
"pure","sheer, undiluted, pure (especially of wine)",1145,7738
"name","a male given name",1559,7729
"bone","bone",871,7671
"altar","altar",1576,7601
"pine","pine",1433,7597
"whole","whole",710,7593
"throat","neck, throat",581,7580
"white","Latinized Alternative spelling of leuko- (""white; colourless; leucocyte"").",883,7455
"river","a river in Epirus",525,7438
"threadlike","Characteristic of, pertaining to, or possessing a filiform structure.",953,7423
"town","One of the leading towns of Macedonia",288,7402
"long","long, too long",999,7331
"down","down",960,7313
"mocked","laughed at, ridiculed, mocked, having been ridiculed",842,7277
"pink","pink, rose-colored, rosy",747,7257
"black","black; dark",715,7249
"fluid","that which is poured out or flows, fluid",1345,7244
"year","year",1559,7240
"clever","clever, intelligent, sagacious, clear-thinking",977,7226
"center","center",893,7215
"swelling","swelling, callus",716,7208
"law","law, right",779,7172
"river","a river in Cisalpine Gaul, now the Serio",1010,7146
"throat","throat, gullet",570,7146
"to","To or with.",872,7144
"voice","voice",1349,7096
"hot","Being warm or hot, glowing.",1125,7085
"bad","bad, badly",981,7077
"island","A small island off the coast of Crete",771,7070
"star","The star δ Eridani in the constellation Eridanus.",1347,7047
"voyage","sailing; voyage",558,7045
"broad","wide, broad",585,7045
"fruit","fruit itself (extended from its use for the fruit-time)",788,7026
"curved","bent, crooked, curved",867,6977
"grain","grain",965,6909
"empty","empty",1635,6880
"new","Combining form of new.",435,6859
"sole","The flat part of the foot.",685,6859
"snake","serpent; snake",627,6850
"different","other, another, different, else",1093,6847
"agent","Added to noun or adjective stems to form a masculine noun of the person concerned with a thing",893,6829
"root","root",955,6737
"gland","gland",886,6731
"stained","stained, spotted, having been stained.",110,6713
"curved","curved",573,6669
"born","second aorist active masculine participle of φῠ́ω (phŭ́ō): ""(he) has sprung forth/been brought forth, (he) has been begotten, (he) has been born""",639,6663
"diminished","diminished, having been diminished",8,6617
"mixture","mixture",564,6615
"blood","blood",1188,6604
"high","high, tall",999,6556
"dark","dark",797,6512
"path","path, footpath",575,6499
"not","Not, the reverse of. (Especially forming words with a negative connotation)",1073,6466
"bearing","bearing",803,6459
"huge","huge, vast, enormous",1541,6410
"car","Car or Kar, the legendary founder of Caria",1443,6407
"oak","an oak, oak-tree, especially the Italian oak",155,6403
"city","The capital city of the Locri and birthplace of Patroclus",544,6364
"hole","a hole",462,6349
"dawn","The morning red, daybreak, dawn",709,6349
"cylinder","cylinder",585,6327
"edge","border, rim, frontier, limit, edge",723,6323
"fungus","fungus",848,6312
"straight","straight",500,6312
"swelling","bulging, swelling",394,6293
"thing","thing, object, stuff",753,6236
"drunk","drunk, intoxicated",1260,6232
"palm","palm of the hand",866,6219
"small","little, small",644,6190
"name","A masculine given name.",14,6177
"shoulder","shoulder with the upper arm; also of an animal",735,6172
"agent","A person or thing that does an action indicated by the root verb; used to form an agent noun.",772,6160
"pal","friendly term of address",1232,6137
"thundering","thundering",691,6136
"stroke","a stroke or line of a pen",641,6112
"grass","grass",313,6105
"man","man, mortal",496,6105
"fat","fat",817,6093
"soft","soft, delicate to the touch",288,6069
"mosquito","mosquito, gnat",245,6029
"strength","bodily strength, force",574,6029
"central","Middle or centre in location/position.",806,6026
"hairy","hairy",688,5990
"pillar","pillar, column, support",611,5989
"ant","ant",336,5988
"common","common, usual, commonly known",10,5959
"bear","bear",699,5959
"bond","bond; fetter",582,5956
"stomach","apocopic form of γᾰστέρᾰ (găstéră), γᾰστέρῐ (găstérĭ), and γᾰστέρε (găstére)",373,5945
"silver","silver",1073,5927
"name","name",675,5926
"approaching","going towards, going to meet",1088,5889
"chaos","the shapeless primordial universe",1438,5873
"hide","to hide; to cover",453,5853
"anus","anus",728,5851
"rock","rock, reef, cliff",544,5849
"beak","beak",916,5795
"bump","a small swelling, bump, or protuberance; a boil, pimple, tubercle",298,5791
"shining","shining, polished, glittering",32,5755
"dark","dark, dusky, shadowy",26,5701
"yellow","yellow, lemon yellow, bright yellow, pallid yellow (as if dyed with weld)",246,5701
"hard","hard",628,5664
"blind","blind",428,5649
"shore","strand, shore, beach",569,5636
"agent","The agent noun derived from verb.",693,5610
"purple","purple",1087,5598
"ear","an ear of grain",231,5590
"wing","wing of a bird",450,5582
"lake","lake",389,5572
"tail","the tail (of a lion, dog, etc.)",785,5569
"painted","painted",946,5566
"pea","pea, pease",643,5559
"horse","horse",943,5525
"base","a pedestal, foot, base",1101,5521
"dad","dad, daddy, a term used by children for their father",1061,5512
"tiny","very little, very small, tiny",10,5505
"blunt","blunt",398,5498
"straw","straw",149,5490
"earth","earth",398,5473
"rib","a rib",887,5454
"ascending","mounting, ascending (only in ablative singular)",322,5420
"good","good, well",346,5412
"female","female equivalent of -ῑ́της (-ī́tēs)",268,5399
"plant","plant",457,5389
"rock","rock",575,5388
"light","light, especially daylight",554,5338
"rod","rod, wand, stick",633,5330
"all","All.",784,5318
"mountain","mountain; hill",1056,5303
"lobed","lobed",611,5298
"tender","soft, delicate, tender",182,5282
"so","so",1097,5276
"out","out of",736,5271
"x","A name of the letter X.",1109,5265
"colon","The colon; large intestine",801,5250
"beast","a wild beast, beast of prey, especially a lion",690,5220
"tribe","A Celtic tribe of Aquitania mentioned by Caesar",575,5201
"sail","to sail (in a boat)",729,5194
"similar","similar to, like, resembling, of the same kind, the same as [with (mostly Republican) genitive or (almost always in post-Augustan writers) dative ]",196,5193
"to stand","to stand",830,5190
"round","round",660,5181
"ring","a ring",1155,5178
"violet","violet",1203,5178
"component","Appended to the names of members of classes of components, especially those that have an extensive property name of the same root suffixed with -ance",750,5175
"guilty","guilty",1052,5173
"river","river",424,5159
"far","far, long; extended, prolonged (of space, in general)",1105,5113
"before","before",1562,5091
"star","star, constellation",549,5086
"snow","snow",1235,5085
"stomach","stomach",675,5079
"tailed","tailed, caudate (having or provided with a tail)",381,5077
"spring","spring (season)",1309,5076
"present","to be here, there, near, present, at hand",418,5073
"pepper","pepper",62,5062
"wheat","wheat",92,5061
"at","Prefix meaning at, close to, to, away, off.",846,5061
"hut","a small room, a hut, storeroom",843,5056
"insult","the act of calling someone 'raca'.",441,5018
"body","Body.",403,5009
"throat","gullet, throat, palate",677,4991
"ring","circle, ring",314,4977
"cover","lid; cover",381,4974
"peak","Hesychius gives the definition as: κώμη (kṓmē, ""village""), φάλαγγος τό ἔσχατον (phálangos tó éskhaton), ἄκρον (ákron, ""peak, extremity"").",439,4970
"timber","cut wood, timber",60,4936
"radiant","bright, radiant, brilliant",468,4932
"scale","scale, flake, shell, husk",283,4929
"island","One of the Stoechades",550,4916
"actually","in reality, in fact, on practice (often strengthened by vērā, ipsā)",1189,4915
"tail","the tail of a beast",201,4904
"membrane","membrane",329,4904
"feed","to feed, to nourish, to nurture",801,4855
"wood","wood, tree, stem",445,4850
"neck","neck",349,4844
"folly","folly, fault",947,4839
"shield","shield",439,4835
"wing","a wing (appendage of an animal's body that enables it to fly)",1075,4814
"star","A star",653,4792
"art","art, skill, craft, handicraft",837,4784
"there","that way, on that side, there",914,4781
"say","second-person singular present middle/passive optative of φημί (phēmí)",677,4777
"rough","rough, uneven, coarse",259,4771
"bone","contracted form of ὀστέον (ostéon)",599,4768
"flee","to run away; to take to flight; to flee; to speed",316,4753
"to eat","to eat",888,4718
"veil","veil",1065,4718
"again","again, anew",944,4711
"six","six",716,4696
"dweller","dweller",917,4692
"scar","scar, wound scarred over",891,4654
"wrinkled","wrinkled",257,4652
"wool","wool",897,4651
"greatly","greatly; mightily; loudly",450,4649
"considered","considered, having considered.",1140,4646
"place","Found in nouns of Latin or Greek origin meaning ""place belonging to (the root word)""",946,4643
"sharpness","sharpness",439,4632
"place","place, location",788,4628
"speed","speed, celerity, swiftness, velocity",432,4622
"goose","goose",949,4621
"across","across",739,4618
"violet","violet, especially Viola odorata",92,4602
"patient","A suffix forming nouns denoting patients (i.e., recipients of actions), such as compiland.",723,4597
"bird","kind of bird",512,4593
"tree","tree; timber",512,4593
"low","low, lowly, small, slight; shallow",59,4577
"mind","mind",838,4565
"son","Old Latin form of fīlius",494,4558
"image","figure, image, likeness, portrait",665,4552
"few","few, small group of people",427,4530
"leg","leg",649,4530
"thorny","thorny, prickly",34,4522
"nail","a nail (metal spike)",358,4516
"lion","lion",761,4507
"cartilage","cartilage",285,4492
"kidney","kidney",1056,4480
"vessel","dish, pot, pan",327,4475
"anger","ire, anger, wrath",801,4472
"possess","to have, possess, contain, own",435,4466
"joint","joint",460,4453
"hollow","hollow",612,4450
"fish","alternative letter-case form of ἰχθύς (ikhthús, ""fish"")",756,4449
"internal","internal, within, inside, into",638,4447
"hair","A hair.",583,4435
"your","your, yours",781,4432
"wheel","wheel",412,4431
"perceive","to perceive [with genitive or accusative]",360,4429
"hearing","a hearing, the sound heard",750,4424
"four","Four.",484,4418
"vein","vein",619,4409
"giant","giant",332,4402
"external","outside; external",369,4399
"rigid","stiff, rigid, hard, inflexible",163,4385
"all","combining form of πᾶς (pâs, ""all, every"")",703,4379
"down","soft, woolly hair, down, as of the first beard",227,4378
"fold","fold",430,4369
"clinging","clinging, adhering",1085,4351
"act","an act",39,4345
"difficult","difficult",331,4340
"few","few",358,4340
"bad","unpleasant, distressing, painful, nasty, bad",378,4339
"extended","Stretched, stretched out, extended, distended.",1060,4335
"bowl","a small or shallow bowl, basin or dish",240,4334
"behind","Behind. [From 19th century]",601,4328
"foil","metal (usually gold) leaf or plate (a thin sheet of, usually precious, metal)",775,4316
"section","a section of a larger work",568,4311
"winged","having wings, winged",503,4296
"sphere","any round object; a sphere; a globe",406,4296
"twisted","plaited, twisted",347,4292
"same","same",523,4283
"able","Added to the stems of verbs or verbal nouns in -σις (-sis) to form an adjective of possibility or capability: -able, -ible, -like, -ed",603,4279
"toothless","toothless",213,4276
"member","Suffix found in nouns naming members of Germanic tribes or dynasties.",780,4275
"fence","A fence, a screen, a breastwork",377,4275
"speak","to speak, talk, say",1056,4275
"owl","a kind of owl, probably the screech-owl (considered a bird of ill omen)",697,4237
"downy","downy",464,4235
"bowl","A large, round drinking vessel with swelling sides",1007,4233
"skin","skin, hide made into a bag",310,4215
"hole","hole, aperture, perforation",420,4210
"blow","a blow, stroke, stab, thrust, bite, sting",623,4204
"hollow","a hollow",501,4201
"window","window",622,4201
"violet","violet (coloured)",215,4194
"not","Used for expressing negation; not",469,4187
"moon","moon",430,4184
"to learn","to learn",521,4184
"thread","That which is spun: thread, yarn",294,4183
"sound","sound, noise; pitch; speech",921,4177
"pee","The name of the Latin script letter P/p.",950,4169
"flower","flower; blossom; bloom",59,4168
"flying","flying",531,4168
"hairy","rough, shaggy, hairy, bristly, prickly",72,4152
"inside","to be inside",823,4152
"feather","feather",382,4151
"favor","service, gratification, favor, kindness",341,4146
"bladder","bladder",725,4144
"fish","kind of fish",387,4141
"depressed","depressed (pressed down)",146,4136
"clan","Roman clan (related by birth or marriage and sharing a common name and often united by certain religious rites)",995,4129
"before","Prior to in time.",581,4128
"bright","shining, glittering, bright",430,4113
"purple","purple, including reddish, violet, and brownish",47,4109
"pus","pus",476,4106
"compressed","tightened, compressed, having been tightened",296,4103
"placement","putting; placing",456,4102
"fast","Fast.",160,4092
"marriage","marriage",776,4072
"ornaments","Golden ornaments over a tunic",467,4044
"ram","ram, male sheep",1055,4017
"agent","Appended to nouns to form an agent noun. (When males with a profession are distinguished from females, males are -an, females -(i)enne.)",1018,4017
"interests","private affairs; personal interests",367,4014
"hunt","to chase, hunt, pursue game/quarry",803,4000
"toothed","toothed",846,3996
"ring","A ring, especially a finger ring",141,3986
"armed","weapon, arms; armed",294,3975
"active","Doing, enacting, forming a verb.",866,3967
"twisted","twisted",263,3961
"great","Very large, great.",646,3961
"pillar","column, pillar",238,3959
"crest","crest of a hill",933,3943
"straw","straw of Indian millet (Sorghum bicolor)",460,3922
"saw","saw",502,3916
"dimension","extension in space: depth, height, breadth, fullness",553,3913
"shield","a small crescent-shaped shield of Thracian design.",463,3909
"left","left; on the left side",38,3890
"file","file (carpenter's tool)",289,3886
"surrounded","surrounded, encircled, having been surrounded",471,3886
"be","third-person singular present middle/passive subjunctive of -ω (-ō)",633,3885
"stain","stain, spot, defilement",649,3878
"field","field; acre",291,3867
"hair","the hair (on the head)",385,3858
"andes","Andes (a mountain range in South America)",870,3854
"male","male",756,3854
"hairy","hairy, shaggy, dense, used in compound words",268,3848
"honey","honey",641,3835
"system","a system of rules, laws, or knowledge about a body of a particular field; distribution, arrangement, management",126,3831
"organ","a reproductive organ",710,3825
"wall","a wall, especially city wall",443,3824
"yesterday","yesterday",570,3822
"common","same, common, joint",360,3815
"branch","branch, bough, limb",847,3810
"to pour","to pour",971,3808
"dark","dull black (as opposed to niger, shining black); dark",230,3804
"green","green in color.",359,3802
"rotation","rotation",408,3802
"strike","to hit, strike or smite",947,3801
"bare","bare",484,3799
"disease","A pathological condition or process.",639,3792
"tooth","tooth; tusk",545,3789
"prickly","prickly",133,3784
"water","combining form of ῡ̆̔́δωρ (hū̆́dōr, ""water"")",292,3767
"yawning","yawning, gaping",834,3766
"black","Black (color, of anything).",487,3763
"dwarf","Of or pertaining to a pygmy or dwarf, especially to the mythical Pygmaeī of Africa.",34,3761
"middle","middle, mid, central, between, midway between, in the center",452,3755
"angle","angle.",309,3755
"toothed","toothed, having teeth",7,3742
"pig","pig, swine, hog, boar, or sow",567,3722
"decorated","decorated, embellished, having been decorated",59,3717
"length","length (spatial measurement)",735,3713
"shell","peel; rind; skin; shell",550,3713
"glowing","glowing",436,3712
"skin","skin, flesh",593,3712
"fire","a fire",645,3708
"concern","to be a matter of concern [with genitive 'something of concern' and dative 'to someone']",276,3707
"burn","to burn, consume, inflame",634,3703
"folded","folded, having been folded.",335,3701
"town","a town in interior Liguria, now Voghera",652,3701
"perpendicular","Right angle, perpendicular.",433,3695
"breast","breast",217,3689
"dense","dense, thick, solid",138,3671
"variable","variable, changeable",8,3669
"comb","comb (for hair, or in weaving)",468,3655
"gold","gold (as mineral or metal)",1079,3643
"arm","arm",395,3625
"silk","silk garments, silks",213,3621
"armed","armed",182,3604
"owl","long-eared owl (Asio otus)",259,3597
"into","into",425,3595
"honor","honor, esteem, dignity, reputation, office",799,3585
"river","The name of several rivers and their associated deities, especially the Scamander.",512,3584
"hostile","hostile; destructive",1658,3584
"sticky","sticky, tenacious",336,3582
"cornered","cornered",204,3573
"trembling","vibrating; twinkling; trembling",484,3573
"man","Combining form of ᾰ̓νήρ (ănḗr)",256,3562
"mark","to mark, make a mark",401,3549
"wasp","kind of wasp",614,3546
"crested","That has a tuft or crest—tufted, crested, plumed.",172,3543
"grinding","grinding",378,3543
"sheep","sheep (either a ram or ewe)",777,3543
"dash","to run fast: to dash, race, sprint, speed",590,3532
"sword","sword, the short, straight, double-edged sword of the Iron Age and Classical Antiquity.",314,3525
"one","one, single, only",568,3502
"creeping","creeping, crawling",125,3499
"sacrifice","victim, sacrifice (especially animals)",387,3494
"bar","bar, bolt",494,3480
"bark","bark of trees, especially smooth bark",271,3478
"mat","mat made of reeds",914,3478
"wavy","undulated, diversified as with waves, pleated",112,3474
"pit","hole, trench or pit dug in the ground",181,3474
"black","Of a dark color unrelated to iron rust, dark blue, dark violet.",6,3462
"rib","A rib.",352,3453
"root","An unknown kind of root, perhaps wild cabbage or the root of caraway",537,3450
"smooth","smooth to the touch",304,3442
"bend","bend, curve, angle",420,3441
"even","even (of a number)",586,3435
"wandering","wandering",640,3430
"rough","rough, scabrous",93,3405
"cue","The name of the letter Q.",1245,3386
"copper","copper, bronze",281,3382
"door","door",322,3381
"small","short, small, little, narrow",261,3378
"opposed","to be against, be prejudicial to, be opposed to",429,3377
"river","A river flowing into the Caspian Sea, mentioned by Pliny; perhaps an alternative name for the Oxus (modern Amu Darya)",634,3366
"ten","ten",479,3363
"tall","tall",337,3356
"color","color (US), colour (UK); shade, hue, tint",614,3354
"dance","kind of dance performed in Egypt",104,3353
"blue","Deep water blue: the deep (blue) color associated with water and with the rainy sky",102,3353
"city","a city in Campania, situated on the road from Capua to Neapolis",527,3353
"there","there",749,3342
"foreign","Having to do with foreigners.",543,3330
"removal","A removal of a group from a molecule.",478,3321
"split","to split, cleave",358,3309
"three","three, threefold",659,3302
"gold","gold (metal or colour); yellow",400,3290
"breaking","a breaking",463,3289
"shell","shell",456,3277
"security","freedom from fear, security",545,3277
"peak","peak, mountaintop, hilltop",211,3264
"club","club, cudgel, mace shod with metal",232,3250
"knee","knee",89,3248
"band","band, fillet, headband worn in sign of victory",318,3243
"outside","without, outside, out",430,3242
"hair","hair of the head",279,3235
"carver","the name of a carver",397,3234
"bright","clear, bright, shining, full of light",112,3233
"footlike","Related to or resembling a foot or similar limb.",299,3233
"plural","More than one; pertaining to more than one thing.",460,3223
"wooded","wooded",21,3219
"spear","spear; spearmanship",211,3217
"like","Pertaining to, having the qualities of, resembling, or like.",655,3208
"chorus","chorus (all forms); a performance with dancing and singing; a troop or band of dancers and singers; performers",507,3207
"grind","to grind or mill",119,3201
"over","over",493,3191
"beam","the beam of a plow",650,3170
"bitter","bitter (taste)",171,3165
"where","whither? whereto? where?",471,3165
"jaw","the cheekbone, jaw",542,3157
"muscle","muscle",507,3156
"destroying","present active participle contracted of δηϊόω (dēïóō)",267,3153
"there","there, thither, to that place/point [Latin 1]",564,3153
"stretch","Stretch.",290,3149
"moss","moss",269,3139
"fast","fast (period of eating no food, little food or avoiding certain dietary items)",276,3137
"form","shape, form, structure",265,3126
"humped","humped, hunched, gibbous",322,3124
"divine","heavenly; divine; noble",655,3120
"act","a deed, act",459,3119
"agent","something that turns, affects, changes, responds, moves.",243,3112
"seven","seven",348,3111
"dry","dry",404,3110
"idea","idea",739,3106
"straight","led straight along, drawn in a straight line, straight, upright.",509,3105
"causing","Causing, doing, or promoting a certain action.",608,3094
"tick","tick (Ixodes ricinus)",30,3089
"insect","insect",279,3089
"there","demonstrative adverb there, in that place",621,3089
"ban","ban, proprietor of a banat",593,3087
"rough","rough",334,3082
"echo","echo, reflected sound",458,3076
"point","sharp edge or point",465,3073
"red","red (a kind of cheap, coarse red, perhaps such as could be produced with madder; whole circus awnings could be dyed to this color)",124,3070
"narrow","narrow, close, contracted, constricted, confined, small, not spacious",125,3069
"how","In what way? how? whereby? by what means? why?",842,3062
"yield","to yield, give way",512,3061
"cup","The bud, cup, or calyx of a flower or nut.",351,3053
"wonderful","wonderful, marvellous, astonishing, extraordinary, remarkable, amazing",54,3048
"doors","double or folding door (in plural)",482,3048
"diverse","diverse, different, various, varied",171,3039
"thread","yarn, thread",418,3038
"plate","A small, thin plate of metal",471,3035
"sweat","to sweat, perspire",469,3033
"sharp","sharpened, made sharp, sharp, having been sharpened",29,3032
"tip","point, tip (of a pointed object)",385,3025
"column","pillar, column",273,3023
"spiky","spiky, having been furnished with spikes.",160,3022
"tomorrow","tomorrow",407,3021
"mixed","mixed, mingled, having been poured together",71,3020
"bean","fruit of the cowpea",75,3019
"winged","winged",1614,3017
"ground","ground, floor",384,3016
"hated","having hated, loathed, detested",574,3015
"spiral","helix, spiral",182,3011
"being","being",901,3008
"vessel","vessel, jar, vase, pail, bucket, box",538,3004
"grave","a grave, sepulchre",28,2997
"nailed","nailed",205,2997
"gram","gram (unit of mass)",458,2994
"court","court, forecourt of a house",371,2993
"figure","figure, image",390,2990
"crowd","multitude of people, crowd, mob",356,2985
"kiss","Kiss.",449,2980
"bring","to lead, fetch, bring along (a living creature), take with",475,2978
"invisible","invisible",275,2977
"shaded","shaded, darkened; in the shade",176,2969
"condition","Tone, condition.",345,2965
"projecting","protruding, projecting, towering",560,2965
"insects","insects",152,2943
"fringe","fringe, tassel, lappet",267,2941
"tension","The stretching or straining of a rope.",677,2941
"fragile","fragile, brittle, easily broken, breakable",94,2938
"vainly","in vain, for nothing, without reason",303,2936
"swampy","swampy, marshy; boggy.",8,2933
"leaf","a leaf (including a conifer's needle)",211,2931
"band","band, troop of men",592,2930
"war","war",358,2922
"bush","bush, shrub",222,2922
"lightly","easily, lightly",228,2918
"toothed","denticulate; furnished with small teeth",132,2912
"trigger","claw-shaped mechanism, trigger",503,2909
"spike","something with a sharp point: point, spike, spur",349,2903
"against","anti-, against",338,2902
"bend","a bending, turning, winding",461,2900
"net","net, snare, network",655,2899
"shoot","young shoot, young branch (especially of the olive)",77,2898
"curved","curved, hooked, sickle-shaped",112,2897
"hair","hair, tuft of hair, shaggy hair",513,2884
"rotate","to turn in a circle, wheel around, rotate",300,2872
"tower","tower; watchtower",231,2871
"slanted","Slanted, oblique.",198,2867
"apart","in two, asunder, apart",216,2865
"place","place (referring to a specific location)",492,2863
"sharp","acute, crafty",413,2863
"baked","roasted, baked",320,2850
"packet","a small bundle or package (especially of letters or rolls)",114,2849
"leanness","leanness, meagreness",614,2843
"so","so, so much, to such an extent, to such a degree",673,2839
"river","a river in Sicily",383,2834
"meadow","meadow",183,2827
"condition","A condition of the limb(s).",99,2825
"sky","Medieval Latin and New Latin form of caelum (""sky, heaven"")",242,2825
"admire","to be astonished at, marvel at, admire, be amazed at, wonder at",647,2809
"part","part of a body, limb, member, part",393,2802
"slow","slow, sluggish",483,2802
"near","near",689,2801
"sheath","sheath",141,2796
"band","band, ribbon",560,2795
"spider","spider",232,2792
"being","being.",838,2792
"groove","A furrow, channel, groove, hollow.",512,2791
"wet","wet",228,2790
"darkness","darkness",432,2779
"whole","complete, whole, intact, uninjured, sound, healthy",151,2771
"master","ruler, lord, master",599,2771
"rounded","rounded",174,2770
"throw","a throw, cast of dice",298,2767
"thigh","a thigh",167,2745
"ripe","mild, mellow, mature, ripe; sweet, juicy, succulent",446,2744
"strike","to strike; cut; shake",182,2741
"crane","a crane, Grus cinerea",34,2736
"reed","rush, reed",12,2725
"bend","to bend; to curve",260,2719
"one","the number one; unity",840,2718
"pine","pine tree, fir tree",75,2717
"swift","swift, quick, fast, rapid",155,2712
"present","things which actually exist, opposed to past and future",761,2708
"needle","a needle, a pin",565,2707
"continue","to keep going (to...); to continually or habitually go",493,2699
"hollow","hollow, mostly as an epithet of ships",349,2696
"thin","thinned, reduced, attenuated",36,2694
"fern","fern",455,2694
"rows","rows of vines, of plants or of soldiers",564,2690
"red","red (in the most general sense, of all shades including orange and yellow)",6,2689
"strict","strict, exact",109,2688
"yellow","to become golden or yellow",2,2686
"road","road, street, path",415,2686
"crooked","crooked",299,2684
"ten","Ten.",134,2674
"thigh","thigh",504,2672
"against","Against; facing; a combining prefix found in verbs of Latin origin.",399,2669
"yes","yes, indeed (If answering a question)",445,2664
"produce","fruit; grain; produce; harvest",79,2658
"inflated","inflated, having been blown into",119,2656
"bad","bad, hard, unfortunate",219,2649
"curl","a curl",489,2645
"over","over-, super-",7,2640
"slow","slow",217,2640
"having","holding, having",571,2638
"height","a steep place, height",298,2636
"behave","to act, to behave",311,2632
"divided","cloven, divided",310,2627
"woolly","woolly",240,2624
"combed","combed",157,2621
"son","A tributary river of the Ganges, now the Son River",530,2616
"unusual","unusual, out of place",408,2614
"unit","A unit or set (especially of a specified number).",582,2613
"muscle","a sort of muscle",226,2610
"when","when? at what time?",160,2608
"hidden","Hidden, invisible.",381,2599
"pure","morally pure, guiltless, spotless",376,2598
"neglected","neglected, having been neglected; ignored, having been ignored; overlooked, having been overlooked, passed over, having been passed over",8,2596
"nipple","a teat, a nipple",258,2592
"bathing","a washing, bathing (action)",536,2591
"lake","lake, pond",138,2586
"swift","fast, swift, quick",322,2584
"dry","dry; dryness",232,2583
"to saw","to saw",168,2582
"deck","yard on a ship",333,2581
"bark","the bark of a tree; the bark of a cork tree; cork",245,2579
"arrow","missile, arrow, dart",337,2579
"gesturer","one who moves the hands in pantomimic gestures, a posture-master",38,2578
"deadly","destructive; deadly; fatal",637,2572
"contest","a contest",136,2570
"kid","young goat, kid",251,2568
"hollow","hollow, hollowed out, cavernous, concave",480,2566
"wax","to smear or coat with wax",257,2565
"to bind","contracted present active infinitive of δέω (déō)",527,2562
"glassy","glassy",104,2555
"killing","violent death, annihilation, killing",479,2551
"lime","lime",379,2549
"pedal","Relating to a foot or a footlike part.",253,2547
"thief","a thief",699,2545
"unite","Unite: to unite into a collection indicated by the root word.",125,2544
"roots","roots (of living organisms).",231,2539
"short","shortened, short",145,2536
"sole","sole of the foot",176,2532
"four","combining form of τέττᾰρες (téttăres, ""four"")",264,2529
"dense","Dense, thick.",314,2520
"town","a town in Phoenicia situated between Tripolis and Antaradus",202,2516
"portion","allotment, portion, weight (of wool measured out to a slave to spin in a day)",349,2516
"lifting","lifting, raising",446,2513
"singing","the art of singing",597,2511
"egg","egg- (relational)",161,2502
"turned","turned, changed, having been turned",455,2502
"measure","a measure",348,2495
"not","Expressing negation; not.",521,2493
"city","One of the cities of the Etruscan dodecapolis, in Etruria",392,2492
"leaf","type of leaf",261,2491
"learning","learning",479,2490
"eight","eight",465,2481
"web","web",287,2478
"happy","happy, cheerful, glad",159,2477
"sponge","sponge",232,2477
"ray","ray, ray-shaped",297,2474
"garment","a garment, article of clothing",427,2469
"clothed","clothed, clad, dressed, having been clothed.",133,2466
"braid","to plait, weave, braid",184,2466
"goat","goat (especially a she-goat)",317,2461
"stream","running water: fountain, stream, river, spring",582,2458
"agent","Added to verb stems to form feminine agent nouns. Usually accented on the ultima.",225,2455
"glass","glass (especially greenish glass)",398,2454
"sky","celestial bodies: fixed stars, wandering stars (planets), etc.; space; astronomy",231,2450
"arched","vaulted, arched, rounded",194,2446
"forked","forked",171,2442
"scattered","scattered, strewn, sprinkled",377,2439
"sharp","sharp; pointed (especially of swords, axes, etc.)",102,2432
"pipe","any pipe-shaped instrument: flute, clarinet, pipe",318,2431
"cloud","cloud",309,2430
"heat","burning, glow, heat (especially of the sun)",481,2430
"between","between",578,2423
"silvery","silvern, silvery",14,2416
"momentum","force, swing, rush of a body in motion",264,2416
"town","A town of Pontus situated west of Trapezus",322,2415
"plain","artless, plain, simple",158,2414
"edged","edged, bordered",209,2407
"claw","claw; nail; hoof; talon",184,2404
"shrine","temple, shrine",113,2399
"three","Three.",241,2398
"keel","keel of a ship",79,2392
"town","a town of Thessaly situated on Mount Oeta, where Hercules died",284,2392
"common","common, commonplace, ordinary, general, universal, shared, shared alike, of both sides, belonging to two or more together",6,2391
"headed","having, or forming a head",25,2391
"twining","twining, twisting",219,2390
"hoof","hoof",283,2380
"painful","painful",81,2377
"grandmother","grandmother",639,2372
"thrower","thrower, darter",403,2370
"beaked","rostrate or beaky: beaked, beak-like",16,2369
"strong","strong, powerful",319,2367
"mild","soft, smooth, gentle, moderate, mild, calm",502,2367
"bearded","bearded",47,2366
"slender","small, thin, slender",150,2365
"compressed","compressed, restrained, repressed",57,2356
"thorn","A thorn",414,2351
"pitch","pitch",176,2349
"clustered","full of clusters, clustering",60,2346
"smell","A smell, perfume, stench.",458,2346
"borer","an instrument for boring; borer; gimlet",113,2343
"lame","lame",583,2343
"lateral","Of or belonging to the side; lateral.",104,2341
"to shake","to shake",437,2339
"eight","eight; 8",339,2335
"sounding","sounding",174,2333
"warp","warp in the upright loom",255,2333
"lemon","lemon",48,2332
"pour","contracted second-person singular present active indicative of χέω (khéō)",326,2332
"separate","distinct, separate",82,2331
"part","part, portion, share, parcel",198,2325
"ladder","ladder",344,2324
"curved","curved, arched",111,2320
"lap","bosom, lap",145,2320
"ring","ring",145,2320
"sea","sea, salt, salt water",252,2317
"bloody","of blood, bloody, blood-stained, bloodshot",162,2309
"girl","girl, little girl",74,2308
"footless","without feet, footless",219,2308
"washed","washed, bathed, having been washed",147,2307
"diver","diver",298,2304
"rub","to rub or triturate",319,2298
"killing","killing",405,2293
"crooked","tortuous, flexuous, crooked",64,2288
"rush","a rush; a blur; impetus (rapid motion)",344,2280
"signed","marked, sealed, having been signed",138,2280
"less","less",211,2280
"elegant","neat, elegant, clever",24,2279
"joint","articulation = joint (as for example in arthroplasty).",216,2279
"force","force",557,2279
"world","World.",210,2277
"island","An island situated off the coast of Peloponnesus",340,2277
"sheep","A sheep that has no wool on the belly",45,2274
"shield","a shield",459,2271
"branching","branching",8,2267
"fly","a fly (insect)",31,2263
"grass","a grass that mules fed on, perhaps Elymus repens",23,2262
"river","A small river of Euboea",61,2256
"magical","magic, magical",470,2255
"spleen","spleen, milt",45,2253
"scratcher","scratcher",512,2253
"good","good, honest, brave, noble, kind, pleasant",444,2251
"sad","sad, unhappy, melancholy, morose",44,2247
"weary","oppressed by toils",82,2247
"pointed","pointed",45,2246
"broad","broad, flat",221,2244
"cheek","cheek",504,2244
"marked","marked, having been marked.",208,2243
"stream","stream",508,2243
"vegetable","vegetable; greens",492,2237
"open","open, wide open, gaping",119,2236
"near","near, neighboring",104,2236
"throat","The neck or throat.",435,2235
"speech","something spoken: speech, story, song",349,2232
"cell","cell, room, chamber",428,2230
"warty","warty",67,2228
"smoking","smoking, steaming, fuming",267,2228
"together","together, simultaneously, at the same time",565,2228
"form","apocopic form of μαῖα (maîa)",637,2224
"town","a town in Mysia, mentioned by Pliny",420,2221
"then","then, next",411,2220
"sun","disk of the sun",307,2216
"gas","gas (state of matter)",570,2216
"hook","hook, barb",463,2212
"long","for a long time",503,2211
"oats","oats",148,2209
"dish","dish, pot, pan, basin",132,2208
"honor","to pay honour to a person",391,2207
"active","Derives adjectives with an active or transitive meaning, sometimes even taking a direct object.",76,2203
"horned","horned, having horns",5,2201
"few","few, several",301,2201
"load","load, burden, freight",228,2194
"feather","feather, especially a down feather",305,2194
"lizard","lizard",227,2189
"fan","A small (hand-held) fan, especially for keeping off flies.",168,2189
"brick","brick, tile",485,2189
"head","head; face",543,2186
"opposite","over against, face to face",349,2183
"erect","erected, made upright, raised, having been set up",3,2180
"smell","to smell (i.e. exude a scent) [with genitive]",394,2179
"ashes","ashes, as of the funeral pyre.",293,2168
"chest","large chest, coffer",284,2164
"silently","silently",335,2158
"band","band",209,2157
"similar","Resembling; having the likeness of (usually including the concept of not being the same despite the likeness, but counterexamples exist).",471,2156
"tribe","A tribe of Gedrosia mentioned by Pliny",246,2154
"hut","wooden dwelling, hut",375,2154
"before","Before; physically in front of.",574,2150
"charming","charming, friendly, lovely, pleasing, comely, beautiful, elegant",6,2147
"weak","weak, frail, feeble",74,2140
"wise","wise, prudent, judicious, sagacious",6,2137
"joke","a joke, jest",210,2136
"hut","hut, cottage, cabin",486,2133
"words","contracted nominative/accusative/vocative plural of ἔπος (épos)",353,2128
"offspring","That which is begotten: child, grandchild, offspring",225,2127
"leather","leather",35,2126
"whale","whale",24,2124
"clitoris","clitoris",224,2122
"five","five; 5",317,2121
"bog","slough, bog, fen",538,2120
"dirty","dirty, filthy, nasty",91,2119
"common","common",350,2119
"scale","horny scale (opposed to λεπίς (lepís), used of fish's scales)",177,2113
"snout","snout, the nose of an animal, muzzle",53,2111
"vessel","vessel, container, dish",572,2111
"rush","a rush, bulrush",48,2109
"carving","carving, carved work",297,2109
"arrange","to arrange, order, contrive, design",203,2104
"grain","a grain (esp. a glittering one: of salt, marble, etc.), crumb",209,2102
"threadlike","threadlike",7,2097
"peninsula","a peninsula in eastern Egypt, bordering Asia.",355,2097
"iris","Iris",1,2091
"such","such",356,2080
"violet","violet-coloured, violet",297,2076
"cattle","head of cattle (cow, bull, steer, or ox)",364,2074
"ancient","old, aged, elderly, ancient",374,2073
"chair","seat, chair (one that is moveable unlike a sedīle)",461,2072
"bracken","bracken (Pteris aquilina)",10,2064
"scent","smell, scent, odour",165,2064
"face","face; visage; countenance",144,2060
"branched","branched",271,2059
"cat","cat",529,2057
"dwelling","dwelling place, settlement, house",320,2055
"blue","blue",199,2053
"crooked","hooked, crooked",187,2051
"like","like",368,2045
"polished","smoothed, polished, wrought",188,2045
"not","not; a form of the prefix in-, used before l",383,2045
"question","a particle usually expecting a negation, such as: Is it? It isn't, is it?",650,2043
"uncertain","uncertain, doubtful, not sure, unsure",64,2038
"copper","copper",400,2036
"hum","a buzz or humming sound",214,2035
"hidden","Covered, concealed, hidden; having been covered, hidden or concealed",296,2031
"umbrella","canopy or arbour, in form like a sunshade",521,2030
"agreement","agreement, compact",14,2027
"end","end",530,2027
"sucking","contracted present active participle of μῠζᾰ́ω (mŭzắō)",317,2026
"measure","measure of capacity correspondent to 12 cotylae",250,2025
"town","One of the town of the tetrapolis of Doris",305,2024
"mixed","mixed; blended; mingled; combined",304,2023
"trunk","post, tree trunk",341,2023
"reed","a reed",141,2013
"nut","nut (hard-shelled seed)",418,2012
"transparent","transparent, pellucid",94,2009
"stem","stem, stalk (of a plant)",298,2006
"snowy","snow, snowy, snowclad, snow-covered",68,2001
"parallel","parallel",96,2000
"black","clothed in black (for mourning)",32,1997
"plait","to plait, twine, twist, weave, braid",228,1997
"purpose","aim, purpose, end goal, design, final cause (as used by Aristotle and the philosophers; cf. teleology)",196,1996
"head","The head. (of human and animals)",592,1996
"great","great, noble, distinguished, eminent, august",9,1993
"labor","work, pains, exertion, effort, labour",387,1993
"belt","A metal guard worn round the waist",191,1990
"bundle","A faggot, fascine; bundle, packet, package, parcel.",502,1987
"noble","noble, high-born",38,1986
"plate","anything flat and broad",255,1986
"piece","slice, piece",80,1979
"binding","binding, bandage",288,1974
"skin","skin (esp. the human body)",171,1972
"so","so, this way",493,1972
"new","new, recent, lately, newly, green, refreshed",255,1967
"strong","strong",83,1966
"child","child",586,1965
"tunnel","underground passage, tunnel",261,1964
"iris","iris (plant and flower)",51,1963
"gum","any glutinous substance; gum",243,1958
"oat","oat (Avena sativa)",1,1951
"battle","battle; combat",359,1951
"swearing","swearing, calling to witness, vowing",383,1951
"bird","An unknown kind of bird",8,1947
"tube","a siphon or tube",239,1945
"high","high, tall, lofty, long",25,1941
"wedge","wedge",294,1939
"joy","joy, delight",155,1937
"taxes","payment, toll, taxes",89,1936
"purple","to become purple; to be adorned",1,1933
"tumoral","Pertaining to tumors.",170,1929
"opening","opening",565,1929
"bull","a bull, steer",162,1926
"wedged","wedged",44,1920
"foil","gold leaf (or other thin sheet of metal), foil",310,1920
"equivalent","counterbalancing, weighing as much as, of like value",117,1915
"deity","god or deity",325,1909
"brick","made of bricks or tiles",82,1906
"thick","stout, fat, thick",266,1905
"associated","sharing, joining in, partaking, associated",343,1905
"similar","similar, like",24,1902
"river","A tributary river of the Danube mentioned by Tacitus",295,1901
"against","Against, opposed to.",343,1900
"good","strengthening prefix (generally with a sense of goodness or excellence)",269,1898
"when","when",326,1898
"movement","movement",449,1897
"digits","digits",204,1896
"lake","a lake, pond, basin; reservoir",206,1894
"dull","blunt, dull",80,1893
"melting","a melting",158,1893
"river","a river in Italy",264,1893
"hump","a hump, bump, swelling, protuberance; excrescence",284,1892
"bile","gall, bile",259,1892
"leafy","leafy, full of leaves",42,1887
"stem","stalk, stem",192,1884
"how","how",372,1879
"rattle","clapper, rattle, castanet",9,1878
"duration","duration",327,1876
"member","a member of the Spartan κρυπτεία (krupteía)",155,1874
"mountain","a mountain in Armenia, mentioned by Pliny",445,1872
"bed","mattress; bed",357,1870
"penis","penis",433,1870
"head","the head",346,1867
"nor","nor",245,1866
"boat","A boat, skiff, Pliny ascribes its invention to the Phoenicians; especially the small boat used by Charon to ferry the dead.",173,1863
"wandering","wandering, rambling, strolling, roving, roaming, unfixed, unsettled, vagrant",246,1861
"house","house, home (the building where a person lives)",351,1861
"humped","humped (having a hump), humpbacked",91,1860
"poor","helpless, destitute, indigent, poor",163,1856
"change","change, alternation, turn",328,1850
"springing","springing",277,1850
"diffused","diffused or spread (throughout)",6,1849
"to drink","to drink",225,1849
"roll","to roll up, pack close",432,1846
"spring","anything gushing or bubbling forth",215,1843
"cast","a throw of the dice",60,1842
"urine","urine",423,1840
"very","much; very",317,1839
"large","large, great or exaggerated",221,1834
"touching","touching, grasping",386,1829
"tie","to tie, join, fasten, string together",410,1829
"long","outstretched, long, tall, large",231,1828
"completely","wholly, completely",266,1826
"hill","a hill near Tarentum, famous for its wine.",81,1825
"pity","pity, mercy, compassion",359,1824
"rough","rough, raw, uncultivated",191,1819
"fin","fin (limb of a fish etc.)",198,1816
"pitch","pitch, tar",322,1813
"beard","beard (facial hair)",39,1811
"pan","a small or shallow pan or dish",135,1811
"bed","bed",266,1811
"lean","lean, meagre",102,1810
"toothed","bearing or furnished with small toothlike projections",16,1810
"sun","alternative letter-case form of sōl (""the Sun"")",389,1810
"barley","barley",109,1809
"cheap","cheap, inexpensive",448,1806
"green","growing green or verdant.",13,1804
"fall","fall",237,1802
"speaking","saying, uttering, mentioning, speaking, talking",242,1798
"ray","ray (a marine fish with a flat body)",333,1797
"condition","-ness, -ity; Used to form nouns describing the condition of being something.",334,1792
"conceal","to hide, conceal, keep secret, cover, suppress, sheathe",165,1789
"demon","a kind of evil spirit",289,1785
"song","song, lyric ode, hymn",376,1784
"bell","A nola: a small bell used in the choir during consecration.",124,1780
"fixed","fixed, set, having been set",317,1779
"famous","famous; renowned; well-known",273,1778
"ass","butt, ass",287,1776
"proud","proud, rude, supercilious, arrogant, haughty, uncivil, insolent, discourteous",23,1774
"plain","unadorned, undecorated",26,1774
"handle","a handle (e.g. of an oar)",185,1773
"payment","payment",502,1773
"to be","to be",289,1772
"bulb","bulb of various plants, especially onion",207,1772
"grandfather","grandfather",468,1772
"slave","a male given name; a slave in the play Aululāria, written by Plautus",87,1771
"poor","poor",68,1771
"narrow","narrow, close, fitted, confined, dense",281,1771
"reflexed","turned back or away, reflected",109,1769
"bird","A sort of small bird",272,1767
"iron","iron",396,1762
"bile","Bile.",132,1761
"two","Two.",191,1760
"local","Of or from a place, used to form demonyms.",173,1759
"sandy","sandy, made of sand",164,1758
"flowing","flowing, streaming, pouring.",171,1755
"life","life",311,1755
"river","a river in Scythia, mentioned by Pliny",137,1753
"sparing","sparing",66,1752
"seed","seed, semen, sperm",118,1749
"wave","wave",463,1747
"boundary","boundary; terminal",50,1746
"cross","wooden frame on which criminals were crucified, especially a cross",276,1741
"bread","bread",365,1738
"striking","striking, beating",272,1737
"hanging","hanging, hanging down, pendent, suspended",13,1736
"union","union",190,1731
"curve","a bent surface; a curve, fold, hollow",373,1728
"thickly","thickly; strongly",304,1727
"hair","The hair of the head.",334,1725
"moth","moth",233,1721
"fire","Fire, heat.",303,1719
"cut","cut (off)",277,1719
"inside","on the inside: within, inside",519,1717
"wax","wax",163,1715
"jagged","jagged",86,1714
"step","a step, pace, footfall, gait",148,1713
"motion","motion",236,1712
"wood","A copse, a thicket, a wood, forest",145,1710
"go","apocopic form of ῐ̓́θῐ (ĭ́thĭ); second-person singular present active imperative of εἶμῐ (eîmĭ, ""to go"")",306,1710
"circle","circle",152,1703
"searching","the act of seeking, searching for",204,1701
"rushy","made of rush",153,1700
"light","light; unheavy",52,1699
"short","short, brief",172,1698
"splendid","splendid, bright, glittering",47,1694
"nation","a people, nation",72,1688
"associate","someone associated with something",331,1686
"eared","eared (having an ear)",26,1684
"colonic","Pertaining to the colon.",166,1680
"pole","pole (an extreme point of an axis)",367,1680
"tower","tower, especially a military tower for siege, advanced to the walls on wheels, or one on a wall for defense; loosely used of a high building",141,1678
"bubble","a bubble",231,1674
"deceit","deceit; fraud",164,1674
"how","how? in what way?",506,1672
"nor","and not",245,1670
"plain","Open flat level ground: a plain, a natural field",193,1668
"joy","joy, exultation",319,1667
"body","body (both that of people and animals)",359,1666
"widely","broadly, widely",435,1665
"shoulder","the shoulder, side; the forequarter; rarely used of humans.",302,1659
"water","water; aquatic",4,1657
"town","a town in interior Sicily",222,1654
"five","Five.",324,1654
"female","female",165,1653
"cave","cave, cavern",226,1653
"lot","a lot",152,1648
"rough","rough, bristly, shaggy",59,1648
"thus","demonstrative adverb In this manner, thus",184,1648
"down","down, feather; also, more loosely, downy, feathery, penniform, plumiform",192,1648
"wall","wall, city wall(s), (usually of a city, as opposed to pariēs)",32,1646
"grove","a grove or glade",175,1643
"already","already",467,1643
"smooth","smooth, polished",84,1640
"cooked","roasted, broiled, boiled",238,1636
"agent","Appended to verbs to form agent nouns",152,1636
"pond","standing water, pond, marsh, swamp",143,1635
"patient","One affected with.",273,1635
"river","a river in Ionia, mentioned by Pliny",171,1633
"uterus","uterus, womb",143,1633
"restored","restored, reformed, reduced",116,1630
"shady","shady, shadowy",40,1630
"lily","a lily",140,1628
"bushy","bushy, shrubby; fruticose",11,1627
"desert","waste, desert",154,1625
"mountainous","mountainous",233,1624
"sandal","sandal (type of footwear)",29,1621
"sugar","sugar",183,1620
"city","a city in interior Picenum situated on a lofty hill, now Cingoli",149,1617
"oval","oval",125,1616
"already","by this time, before this, already",272,1616
"carved","carved, sculpted",279,1613
"hot","hot",295,1612
"rite","rite, ceremony",370,1608
"plant","A fragrant plant (of uncertain identity)",52,1607
"closely","narrowly, within a narrow space, closely",127,1605
"lofty","elevated, lofty",43,1604
"juice","juice",393,1602
"compress","to compress; to press tight (especially the throat)",63,1601
"town","A town of Numidia, now Béja",268,1601
"prayer","prayer, wish",158,1601
"composite","Comprising a number of parts, as in duplex.",133,1600
"lamb","a lamb; often used as a sacrifice",321,1599
"fruit","various small fruit of trees and shrubs: a berry, stone fruit (including olives, cherries)",363,1598
"cheerful","cheerful, lively, light-hearted, merry, jovial",43,1597
"misty","misty, foggy, clouded",37,1596
"pin","a hairpin or hatpin",110,1596
"holy","female equivalent of sānctus",346,1596
"thus","in such a manner, as",246,1595
"hardly","scarcely; hardly; by no means; not; not at all",327,1595
"ship","some kind of ship",196,1595
"border","A border, edge",426,1595
"wheat","wheat, a kind of grain",12,1594
"shoot","A new green shoot in the spring",267,1594
"eye","Eye",208,1589
"rounded","rounded, rounded off",35,1588
"boges","a male given name, Boges, from Old Persian, a governor of Eion",258,1587
"choice","select, choice",30,1584
"digit","digit (finger, thumb, or toe); dactyly.",90,1581
"yellow","pale yellow, wan, sallow, lurid",83,1581
"tumor","growth, tumor",159,1579
"firm","firm, solid, rigid",66,1577
"wine","pure, unmixed wine",343,1577
"pressure","Weight or pressure.",160,1577
"length","length or distance.",143,1575
"vine","old name for the vine",126,1574
"die","to die, be slain, fall (in battle), perish",307,1572
"to say","to say",423,1571
"graceful","graceful, delicate, pretty (especially of the body)",130,1570
"father","father (term of respect for an old man)",371,1570
"old","old",271,1566
"kneeling","with bended knees",45,1565
"frosty","frosty",63,1562
"order","order",114,1562
"blade","any broad blade, of wood or metal",169,1562
"river","A river of Thrace flowing into the Black Sea",38,1559
"joined","joined, having been joined",248,1558
"damp","wet, damp",127,1554
"clothing","clothes, clothing, raiment",156,1554
"rug","rug, carpet",327,1553
"fringed","fringed",36,1551
"town","A town of Phthiotis in Thessaly, situated near the river Enipeus",2,1550
"pleasure","delight, pleasure",41,1550
"deceit","cheating, deceit, deception, fraud, guile, stratagem, trick, treachery, wiles",316,1548
"notched","notched",6,1546
"cave","cave, cavern, grotto",194,1546
"burden","burden, load",247,1546
"cabbage","especially cabbage, but including cauliflower and other varieties of Brassica oleracea",50,1545
"hooked","bearing hooks, barbed",62,1544
"bran","chaff, bran, husks left after threshing or grinding",111,1544
"mosquito","gnat, mosquito",57,1538
"split","split, cloven",189,1538
"block","squared trunk of a tree, block",254,1535
"nerve","combining form of νεῦρον (neûron)",150,1534
"grove","a grove sacred to a deity",276,1533
"under","Under, beneath.",224,1533
"fish","fish",387,1533
"warm","warm",455,1532
"courage","courage, hardihood",234,1528
"sign","means of knowing: sign; mark",118,1525
"whip","whip, lash, scourge",180,1525
"fence","A fence, enclosure, wall.",346,1523
"lumpy","lumpy (full of protuberances)",27,1522
"fat","fat, plump",94,1522
"slightly","slightly, a little",347,1522
"ray","ray; beam",179,1522
"appendaged","having a small appendage",35,1520
"heap","heap",206,1517
"punish","to pay a price, that is, as a penalty; be punished with (whereas τίω (tíō) means to pay honor)",224,1517
"low","low",159,1516
"reveal","to cause to appear; to bring to light; to show; to uncover; to reveal",133,1514
"payment","money, pay, fee, fare",321,1512
"bulb","bulb (especially an edible bulb such as the onion)",288,1511
"tire","the iron ring around a carriage wheel; the tire",191,1509
"name","a female given name from Ancient Greek",174,1508
"blow","A blow, pressing",174,1506
"local","Of or from [a place].",629,1506
"urine","urine, piss",125,1505
"spur","spur (equestrian, or of a cock)",108,1502
"sleep","A deep sleep, sopor; sleep (in general), slumber; catalepsy.",248,1502
"producer","A producer of something, or an agent in the production of something.",259,1501
"lobster","lobster",91,1498
"snake","snake, serpent, dragon",322,1498
"as","even as, as, just as, like, as if",143,1495
"god","combining form of θεός (theós, ""god"")",92,1493
"climbing","climbing",22,1489
"twisted","twisted, crooked",278,1489
"larva","a destructive insect larva that attacks household items such as books or clothing; larva, maggot, caterpillar",33,1488
"nine","nine",95,1488
"colony","a Greek colony, situated on the shores of the Tyrrhenian Sea between Paestum and Buxentum",233,1486
"flaw","flaw, defect, blemish, imperfection",160,1484
"scraper","a scraper, scraping-iron",71,1483
"sprout","young shoot, sprout",290,1483
"stinging","pricking, puncturing, stinging",107,1482
"worm","worm which eats wood and horn",170,1482
"glue","glue",314,1482
"blunt","blunt; dull; obtuse",182,1481
"customer","customer",137,1478
"log","tree trunk; book, notebook",147,1477
"shin","shin; tibia",204,1476
"city","A city of Illyricum, now Lezhë or Alessio",193,1472
"tension","tension (as produced in something which is stretched)",271,1472
"departing","departing, going away",334,1470
"harp","harp",167,1470
"pure","clean, clear, pure",96,1470
"to run","to run",169,1466
"plant","A plant also called erba mularis",196,1464
"land","district, country, land",189,1462
"abundant","abounding in, rich, copious",115,1458
"bag","bag, haversack, pouch, wallet",177,1457
"strong","Hesychius gives the definition as ἰσχυρόν (iskhurón), neuter of ἰσχυρός (iskhurós, ""strong, powerful"").",320,1457
"disperser","An organism, especially a plant or plant pathogen, that spreads by a specified agent, or in a specified manner.",156,1456
"gentle","soft; gentle",345,1455
"money","money",57,1454
"pole","pole",57,1452
"hybrid","a hybrid, mongrel",43,1452
"music","Music.",135,1452
"swift","running, whirling, swift",119,1452
"wood","wood, wooden",184,1452
"berry","a berry, especially the grape.",189,1451
"prefer","to prefer, want more or instead; to wish rather, choose rather",261,1451
"harmful","harmful, noxious, pernicious",290,1449
"natured","creates compound adjectives denoting growth in the manner indicated by the first term in the compound: -natured",162,1448
"vagina","Vagina.",102,1447
"palm","palm of the hand, hand",132,1445
"strike","to strike, wound",142,1444
"spring","spring, well, fountain",162,1438
"alluring","alluring, charming, delightful; voluptuous",43,1437
"stake","a stake",287,1437
"tree","tree; tree-like, wooden",15,1436
"town","A town on the coast of Bithynia",233,1436
"cup","cyathus, Roman cup, a Roman unit of liquid measure equivalent to about 45 mL",180,1436
"useless","unprofitable, useless.",10,1432
"hidden","concealed, hidden, secret",129,1431
"copper","Copper; relatedly, also bronze or brass.",223,1431
"cup","kind of cup used to drink wine",387,1431
"bind","to bind tight, tie fast",57,1430
"slender","fine, thin, slender",59,1429
"sail","to sail in a small vessel",43,1427
"ground","on the ground.",156,1427
"mountain","Drius, the name of several mountains in Ancient Greece",324,1427
"frog","frog (small, hopping amphibian)",136,1423
"social","concerning community or participation",153,1422
"stream","A small stream near Rome",274,1422
"tea","tea",184,1421
"storm","squall, storm, downpour",337,1421
"swell","to be full to bursting",151,1420
"limit","limit, border, path.",287,1419
"polished","well-scraped, well-planed, polished",12,1418
"grass","Egyptian crowfoot grass (Dactyloctenium aegyptium)",6,1417
"grassy","grassy",18,1417
"rocket","Gallic synonym of īriō",229,1415
"hole","hole",208,1415
"work","work, labour, task",228,1414
"fish","a sea fish, suggested to be Umbrina cirrosa",178,1413
"animal","animal",206,1412
"above","Above in location or position.",130,1410
"ink","ink of the cuttlefish",159,1409
"new","new, novel",375,1406
"hood","A head covering, a hood, a veil",117,1403
"strength","might; strength",245,1401
"sweet","sweet (taste)",190,1400
"club","a club, cudgel",198,1398
"sweeper","sweeper",25,1396
"drawing","drawing",131,1396
"action","A process; a condition; a result of an action.",91,1395
"day","day",78,1394
"island","An island off the coast of Troad",212,1393
"chares","a male given name, equivalent to English Chares",97,1393
"irrigating","irrigating, watering",296,1393
"chest","chest, breast",246,1392
"full","full",141,1391
"to go","to go",338,1391
"offer","to make an offering, especially because of or in order to receive favorable omens",213,1390
"singular","singular, unique, unusual",20,1389
"disc","quoit, disc, discus",136,1387
"sign","nod, sign",257,1387
"heap","heap (especially of sand)",188,1387
"shining","shining, glittering",110,1385
"sister","sister",91,1385
"god","Laconian form of θεός (theós)",167,1385
"nail","bolt, dowel, nail",72,1383
"flow","flow",116,1383
"plot","a piece of level ground, a vacant place (esp. in the town)",201,1382
"opposite","Located on the opposite side of, or referring to two distinct sides or ends of a region or object.",71,1381
"root","root (of a plant)",30,1381
"spike","a head, ear, spike",311,1380
"wing","a wing of gates",134,1376
"justice","what is right or fair",375,1376
"flag","flag, banner",46,1372
"bunch","Cluster of grapes.",154,1371
"friend","friendly term of address for both sexes: my friend!",219,1371
"bean","A type of bean with an edible pod; in Antiquity: cowpea, New Latin: kidney bean.",43,1369
"seed","kernel, pip, stone",115,1368
"band","band, bandage, swathe, strip, ribbon",288,1368
"frontal","relating to the forehead; frontal",54,1367
"lawless","lawless, impious",207,1365
"see","aorist active infinitive of ὁράω (horáō)",537,1364
"imitating","imitating, copying",18,1362
"curling","curling, crimping",134,1361
"ruling","ruling, governing",195,1360
"nut","nut",277,1360
"always","always, ever, forever, at all times, on each occasion, ongoing, constant",45,1358
"walk","to walk, march, go or come",155,1358
"contraction","contracted form of νόος (nóos)",367,1358
"dense","dense, solid, not hollow",101,1357
"color","color",148,1357
"milky","Of or pertaining to milk; milky.",30,1355
"open","being opening; open",63,1349
"individuality","individuality, peculiarity, separateness.",145,1349
"pit","pit, hole in the ground",218,1349
"sighted","having eyes; having sight, seeing",26,1348
"city","a city in Acarnania, whose exact location is still unknown",133,1347
"thorny","Having (many) little thorns or spines",43,1346
"rush","rush, especially camel hay (Cymbopogon schoenanthus)",64,1346
"web","large piece of cloth, web",187,1343
"berry","a scarlet berry of various plants",195,1343
"near","Close, near.",218,1342
"mourning","of or pertaining to mourning",42,1334
"see","second-person singular present active imperative contracted of ὁράω (horáō)",185,1334
"jackal","jackal",217,1334
"river","a small river in Umbria, falling into the Tiber near Perusia, now the Topino",566,1333
"closely","closely, in rapid succession",409,1333
"vine","vine, grapevine",40,1331
"butcher","butcher",302,1329
"born","born, arisen, made",260,1329
"biter","A biter.",127,1328
"spring","spring",298,1328
"sticky","Like birdlime, sticky, clammy.",43,1326
"sour","to be sour",589,1326
"cup","Calyx, bud, or cup of a flower or nut.",44,1324
"winged","feathered; winged",4,1321
"deceit","deception, deceit, fraud, guile, treachery, trickery",229,1320
"together","with, together, co-, syn-",271,1320
"covering","covering, robe, mantle",188,1319
"narrow","narrow or restricted",97,1318
"former","former, prior, previous, earlier (preceding in time)",276,1318
"frost","hoarfrost, rime",101,1316
"pimple","pustule, pimple",293,1316
"sound","A type of sound.",181,1314
"accusation","accusation, denunciation",461,1314
"boy","a boy, a child",128,1313
"cultivate","to cultivate the land, till, tend, take care of a field or garden",226,1312
"to see","to see",257,1310
"air","air",201,1308
"womb","womb",174,1308
"smooth","smooth, level, even",237,1308
"tension","stretching, tension",366,1307
"sticky","full of birdlime, viscous, sticky",26,1305
"path","footpath, track",76,1305
"grandfather","grandfather (both maternal or paternal)",149,1305
"point","small prick, point or spot",111,1304
"town","A town of the interior of Numidia",244,1304
"ribs","ribs of beef",65,1303
"warm","to warm, keep warm",122,1303
"solid","combining form of στερεός (stereós)",119,1303
"mocked","mocked, ridiculed",194,1302
"mouth","mouth (especially as the organ of speech)",190,1302
"brittle","friable, brittle",35,1299
"skin","animal skin; pelt, fell, hide; leather",253,1299
"fall","fall, collapse",227,1298
"produced","brought forth, forward or out, having been brought forward",43,1297
"spread","to spread, stretch out, spread out",132,1297
"habitat","the usual or customary place (of something)",235,1297
"veiny","full of veins, veiny, venous",14,1295
"before","before; in front",310,1293
"stock","stock of a plough",223,1293
"leaf","leaf of plant, flower, or tree",104,1292
"urine","urine; urination; presence in urine (of a substance denoted by a prefixed combining form); state or condition of the urine.",328,1291
"field","open country, field, plain, flat",66,1289
"slender","narrow, slender",254,1289
"broad","wide; broad",85,1287
"why","why; for what reason; wherefore; to what purpose; from what motive",320,1283
"brush","A painter's brush",67,1282
"bill","crooked beak of birds of prey, bill",191,1282
"coil","A thing that is coiled, twisted, or wound.",159,1280
"craving","craving",228,1280
"relief","relief (from trouble), diversion",36,1278
"desert","a desert, wasteland",4,1278
"child","apocopic form of παῖδᾰ (paîdă) and παῖδε (paîde)",77,1277
"smoke","smoke",181,1276
"pedal","Relating to feet.",121,1274
"sooty","sooty",49,1273
"sour","sour",306,1273
"dust","dust, powder, ashes",234,1272
"yawn","to yawn, gape",196,1272
"night","Night or darkness.",140,1269
"beer","A kind of beer made in Spain",136,1268
"town","A town of Phocis, on the frontiers of Boeotia",200,1266
"clear","clear, distinct",161,1266
"channel","channel, gutter, pipe",99,1265
"typical","Typical of, similar to, being like.",195,1264
"whip","Whip, scourge, lash.",79,1263
"lizard","A kind of lizard",345,1262
"polished","polished",78,1261
"tool","suffix used to derive nouns from verbs, particularly nouns for tools and instruments",223,1261
"scattered","scattered, dispersed",160,1260
"city","A city of Peloponnesus situated between Sicyon and Argolis, near the sources of the river Asopus",149,1259
"thread","A linen thread.",277,1259
"turtle","a species of freshwater tortoise, probably the European pond turtle (Emys orbicularis)",131,1258
"anguish","misery, pain, anguish",230,1258
"hip","hip (joint), hipbone",332,1255
"mouse","mouse, field mouse, vole",54,1254
"case","A box, case, holder, repository; especially a cylindrical container for books; bookcase.",253,1254
"moved","put in motion, moved, stirred, shaken; quick, swift, rapid; having been moved",300,1253
"ambush","ambush",226,1250
"familiar","familiar, customary, in common use",141,1249
"neck","The neck of a catapult",78,1249
"glassy","vitreous, glassy",73,1248
"becomes","third-person singular simple present indicative of -esce",196,1248
"central","central, especially of mass nouns",168,1248
"form","Combining form of μορφή (morphḗ, ""shape, form"")",112,1247
"route","a route",278,1247
"window","A small opening in the wall; small window, slit; niche.",33,1245
"collar","necklace, collar",74,1245
"love","love, affection, esteem",27,1243
"collected","collected, accumulated",10,1242
"end","end, point, top, peak, extremity",124,1242
"knot","anything tied or made to tie",116,1242
"bug","bug",161,1239
"send","Old Latin form of mittō",227,1239
"say","contracted first-person singular future active indicative of εἴρω (eírō)",188,1237
"woolly","woolly, downy",23,1236
"sell","contracted second-person plural present active indicative of πωλέω (pōléō)",35,1233
"outside","Outside.",163,1230
"spade","spade, hoe, mattock",43,1229
"moon","alternative letter-case form of lūna (""the Moon"")",162,1228
"leave","to leave, leave behind",121,1228
"food","food",344,1227
"bubbled","bubbled",78,1226
"angle","corner, angle",126,1226
"meadow","a meadow",91,1224
"mud","dirt, filth, mud, mire",188,1222
"dense","dense, compact",18,1220
"river","a major river in Latium, Italy, now the Liri",130,1219
"penis","penis; phallus",160,1219
"mass","multitude, mass (of material)",251,1219
"snail","snail",101,1218
"sandal","crepida, a particular style of Greek sandal",56,1217
"send","second-person singular aorist active imperative of ἵημῐ (híēmĭ)",269,1216
"ruined","destroyed, ruined",30,1215
"revolved","revolved",60,1215
"carp","A carp (fish)",320,1215
"fierce","grim, fierce, terrible",110,1213
"opposite","opposite",69,1212
"cock","a cock, rooster, cockerel",282,1212
"remote","remote, distant, far off",91,1211
"snowy","snowy",9,1210
"fence","hedge, fence",144,1210
"central","central, in the middle",58,1208
"dragon","A dragon; a kind of snake or serpent.",138,1207
"elder","of elder wood",216,1206
"urine","combining form of οὖρον (oûron, ""urine"")",141,1205
"hanging","hanging",168,1205
"new","new, novel, recent",149,1205
"stuffing","stuffing (for pillows, mattresses etc)",68,1202
"cloth","cloth",127,1201
"duck","a duck",189,1201
"town","a town in Egypt situated on the delta of the Nile",181,1200
"carry","to bring, bear, carry",152,1200
"cavity","A cavity.",124,1199
"drink","a kind of drink made with figs",107,1198
"belt","belt, girdle",236,1198
"deity","the deity or guardian spirit of a person, place, etc.; a daemon, a daimon (cf. Ancient Greek δαίμων (daímōn))",263,1198
"town","ancient town of Arabia mentioned by Pliny",171,1197
"good","a moral good",219,1196
"guard","guard; sentry",94,1195
"town","a town in Sicily",36,1194
"cord","cord, rope",147,1193
"hour","hour",186,1193
"river","a river in Spain and Portugal; modern Guadiana",123,1189
"word","word",135,1189
"resembling","Having the shape or form of; looking like.",220,1187
"part","part",144,1187
"bed","couch, bed",129,1183
"breast","a breast (organ containing mammary glands)",120,1182
"river","A river of Thessaly rising in the Cambunii mountains",336,1182
"feces","dung; excrement; feces",150,1181
"beam","a meteor in the form of a beam",203,1181
"goat","goat",201,1180
"stake","upright stake or pile",123,1180
"calculate","to reckon, calculate",216,1180
"dear","dear, beloved",77,1179
"mark","mark, sign",255,1178
"thinking","aorist active participle of δοκέω (dokéō)",83,1177
"sphere","ball, globe, sphere",244,1176
"point","A sharp point, especially the point of a sword.",227,1175
"cover","to cover, hide",41,1174
"expanded","expanded",60,1172
"tremor","trembling, quaking, tremor",239,1172
"flour","finest flour or meal",39,1171
"breast","A breast, chest.",145,1171
"world","universe, world",103,1168
"labor","labor, work (especially hard work); toil",127,1167
"town","a town in Ionia, mentioned by Pliny",135,1167
"here","here, in or at this place",317,1166
"clear","clear, bright",37,1162
"may","of May",357,1162
"light","light",182,1161
"plant","An unknown kind of Egyptian plant",107,1159
"month","lunar month, lunation",353,1159
"wonderful","wonderful, marvelous, amazing, surprising, miraculous",30,1157
"eater","Something that eats, or consumes.",162,1157
"mountain","A mountain of Arcadia, where Zeus and Pan were worshipped",30,1154
"often","often",153,1153
"blunt","blunt, dull, not sharp or pointed",84,1150
"to love","to love",322,1150
"thorny","thorny, prickly, spiny",59,1149
"clean","clean, pure; neat",92,1148
"snail","snail with a spiral shell",97,1148
"nail","fingernail, toenail",304,1148
"six","Six.",215,1147
"dog","a dog",92,1146
"slough","skin or slough (of serpents and beans)",74,1146
"very","very; very much; extremely",59,1145
"wish","wishing, a wish",235,1144
"box","the evergreen box tree.",81,1143
"elegantly","ornately, elegantly",183,1143
"returning","carrying or bringing back",280,1143
"cup","cup, goblet",143,1141
"measure","A measure of corn",281,1140
"leisure","time free from activity: leisure, free time",213,1140
"bell","bell",277,1140
"fever","a form, type, or character of a fever.",130,1139
"several","several",303,1139
"spring","spring; vernal",8,1138
"creeping","act of creeping, crawling",117,1138
"where","which way, where, whither",306,1137
"night","apocopic form of νῠ́κτᾰ (nŭ́ktă, accusative singular of νῠ́ξ (nŭ́x)) and νῠ́κτε (nŭ́kte, nominative/accusative/vocative dual of νῠ́ξ (nŭ́x))",154,1137
"bird","a bird",192,1136
"cup","a cup or can, especially one used by peasants",25,1134
"well","well, rightly",116,1134
"sphere","any body rounded or spun round",52,1133
"town","a town in Armenia, mentioned by Pliny",340,1131
"uniform","Having only one shape or form, uniform.",12,1128
"prayer","prayer; entreaty",142,1128
"feathered","feathered, covered with feathers",56,1127
"denying","denying.",186,1127
"destroyed","first-person singular aorist active indicative of ὄλλυμι (óllumi)",105,1127
"elephant","An elephant.",328,1127
"marshy","swampy, marshy, fenny, boggy",20,1126
"is","paroxytone third-person singular present indicative active of εἰμῐ́ (eimĭ́)",158,1126
"bag","bag, especially for official documents",275,1125
"is","he/she/it is",241,1124
"willing","usually weaker than βούλομαι (boúlomai), of consent rather than desire: to be willing, to wish [with infinitive 'to do something']",76,1123
"climber","one who ascends",184,1123
"pen","An animal pen.",323,1123
"wasp","wasp",17,1120
"graft","graft, scion",74,1120
"hair","a single hair",142,1119
"again","Added to the stems of cardinal numerals, adjectives, and pronouns to form adverbs of repetition",194,1118
"membranous","of skin or membrane; membranaceous",13,1117
"town","A town of the Thebaid on the eastern side of the Nile",145,1116
"spade","a spade with a crossbar for applying the foot",339,1115
"persuaded","first-person singular aorist active indicative of πείθω (peíthō)",135,1115
"maker","creates compound nouns or adjectives with the meaning of -worker, -maker, -wright",134,1113
"shame","shame",128,1112
"stumble","Stumble, slip; error; failure.",60,1112
"icy","icy, frozen, glacial",24,1111
"glass","glass",134,1111
"different","unlike, dissimilar, different",11,1109
"hide","oxhide, animal skin",169,1109
"tribe","A Celtic tribe of Britannia, mentioned by Caesar.",137,1109
"far","long, a long way off, far, afar, far away, far off, at a distance",264,1108
"armed","In arms, armed.",68,1105
"plant","plant; tree",194,1105
"breast","breast (of both sexes)",114,1102
"mountain","a mountain near the Arginusae",106,1100
"green","green, prasine, prasinous",73,1099
"omen","omen, sign, harbinger, portent, token (an object or occurrence believed to portend or predict a future event, circumstance, situation, or state of affairs)",197,1099
"wrinkler","one that wrinkles",41,1098
"contracted","collected, accomplished, contracted",25,1098
"stream","stream; flow; current",123,1098
"mountain","mountain, mount",130,1098
"iris","Greek iris (Iris attica)",40,1097
"very","very",387,1097
"only","only; single",214,1096
"poison","a poison used on the tips of arrows",21,1095
"shining","splendid; shining",137,1095
"body","the matter of the body, as opposing the soul or mind (Aristotle's doctrine of the soul)",56,1093
"hood","a covering for the head, hood, cowl",104,1093
"forward","To, toward, before, forward, in front.",190,1092
"cake","kind of cake",238,1091
"course","according to Hesychius, a Cypriot word for δρόμον (drómon, ""course, race"").",278,1088
"dark","dim, dark",112,1088
"meeting","in the way, who goes or comes to meet",122,1088
"profanation","violation, profanation",280,1086
"two","Two in number.",175,1086
"island","an island off the coast of Arabia",325,1086
"iris","Iris (messenger of the gods)",161,1085
"staff","walking stick, cane, staff",175,1085
"nipple","Nipple.",125,1084
"fire","fire",358,1084
"point","point of a spear",104,1083
"step","stepping, step; steps",88,1083
"dancer","A dancer, a pantomime",110,1083
"almost","Almost; virtually.",410,1083
"address","to speak to, address, accost, implore",242,1082
"disease","sickness, disease, illness",245,1082
"town","a town in the Balearic Islands",144,1080
"red","red, ruddy, rubicund",34,1079
"loving","contracted present active participle of ἐρᾰ́ω (erắō)",168,1079
"cup","cup (small drinking vessel)",37,1079
"bend","to bend, incline",73,1077
"height","Height.",138,1075
"swelling","a bulge, swelling, small elevation",53,1074
"murderer","murderer",124,1074
"keel","keel or hull of a ship",187,1073
"mound","a heaping up (e.g. of earth); a raising of a mound or bank (e.g. against a city)",134,1073
"moving","moving",292,1073
"elders","ancestors, forefathers; advanced in years, the aged; the elders",202,1071
"urban","of the city, cosmopolitan",116,1071
"horn","horn, antler",199,1070
"poured","poured out, having been poured out",51,1069
"tick","tick (arachnid)",62,1068
"grate","A lattice, grate",22,1067
"blue","leaden, bluish, blue",19,1067
"tongue","the tongue",136,1067
"knuckle","knuckle (of any joint)",86,1066
"bust","a bust",141,1066
"bud","A bud or eye of a plant.",124,1065
"onion","onion",139,1064
"to yawn","to yawn",169,1064
"breathing","blowing, breathing, snorting",141,1064
"cup","Hollow of a vessel: drinking cup, bowl.",135,1064
"see","second-person singular future middle indicative of ὁράω (horáō)",256,1064
"town","a town in Mysia",183,1064
"ape","ape",90,1063
"extended","extended, prolonged, continued",92,1063
"cooking","softening, ripening, or changing by means of heat",16,1061
"crab","crab",54,1061
"mixing","a mixing; a mingling",173,1061
"dog","a dog, a hound (animal)",252,1061
"trumpet","long trumpet over 1 meter in length, especially a war-trumpet",168,1061
"bride","bride, mistress",188,1061
"to breathe","to breathe",219,1059
"plug","plug, stop, water cock",2,1056
"spear","a spear, lance, pike, carried by soldiers and used for thrusting",170,1056
"rush","a kind of rush (perhaps Luzula sylvatica, syns. Juncus sylvaticus, Juncus maximus)",29,1054
"city","a city in Hispania Baetica",218,1054
"ass","the arse, ass (the anus and buttocks together)",196,1054
"iodine","iodine (chemical element 53)",175,1053
"bind","contracted second-person singular present active indicative/imperative of δέω (déō)",132,1051
"cold","cold, cool, chilling, frigid",11,1050
"pure","pure, sheer, unmixed (of wine without water)",171,1050
"town","A small town situated near Corinthus",222,1050
"divine","of or from the gods or God, divine",256,1050
"ruin","destruction, ruin",86,1049
"scar","scar, a kind of fish",143,1048
"element","An element found in given names.",164,1048
"town","A town of Thessaly",92,1047
"limb","limb of the body; member.",116,1047
"elegant","graceful; beautiful; elegant",123,1047
"whole","whole, all, entire, total, complete, every part",191,1046
"high","high, lofty",77,1045
"where","where (on which side; at or in which place; in what direction; by what way)",382,1044
"copper","copper; copper-coloured",29,1042
"foreign","foreign, alien",21,1042
"boss","boss (of a shield, etc.)",205,1042
"pick","instrument for stonework, mason's hammer or pick",196,1042
"spiraling","spiraling",72,1041
"there","in that place, there",352,1041
"ash","an ash tree",6,1039
"acquire","to acquire, seize",132,1038
"identical","identical",81,1037
"brother","brother",60,1036
"lack","to be wanting/lacking (+ dative)",287,1036
"drive","to drive or goad (animals)",180,1035
"granted","granted",132,1034
"force","violent pressure, assault, force",176,1034
"twisted","twisted, crooked, awry",85,1033
"shady","shady (causing shade)",91,1032
"creating","creating, making, producing",254,1032
"mint","water mint (Mentha aquatica)",10,1030
"dwelling","Derives adjectives from nouns primarily meaning ""dwelling, located in"".",177,1029
"basin","bowl, tub, basin, bath",120,1025
"split","Split, cleft",155,1023
"scratch","to scratch, cut into",39,1023
"garment","garment, gown, robe, vestment, clothing, vesture",258,1023
"harm","bane, ruin, harm",209,1022
"fragrant","Emitting a smell, smelling; fragrant, sweet scented or smelling.",26,1021
"city","a city in Mysia situated on the gulf of Adramyttium",184,1021
"river","a river in Cilicia, which flows into the Mediterranean Sea, now the Mezitli River",14,1020
"square","angular; square",28,1020
"distinct","distinct",59,1020
"tribe","A pre-Roman tribe settled in Istria",210,1018
"caper","caper (Capparis spinosa)",16,1017
"seer","prophet or seer",152,1017
"island","a small island of the Aegean Sea situated near Amorgos",7,1016
"feast","A sacrificial or solemn feast, religious banquet.",185,1016
"net","a net",185,1016
"flax","flax",54,1015
"river","a river in Mauritania, now the Loukkos",5,1014
"chest","a trunk, a chest, a casket",103,1014
"bulbous","bulbous (bearing bulbs)",12,1013
"bolt","bolt, bar",93,1013
"will","will, determination (esp. of the gods)",238,1013
"be","unstressed form of εἰμῐ́ (eimĭ́)",244,1013
"marrow","marrow",146,1010
"eared","having (long or large) ears; having the form of an ear",29,1007
"think","to expect, think, suppose, imagine",122,1007
"opening","opening, hole, hollow",84,1005
"bad","Old Latin form of malus",172,1005
"grief","grief, sadness",143,1005
"slanting","placed sideways, slanting, aslant",106,1004
"lamp","lamp, lantern",174,1003
"gem","A kind of precious stone",96,1002
"ditch","ditch, trench",113,1001
"bell","codon: a handbell used for summoning monks.",86,999
"gardener","gardener, vegetable grower",158,998
"kill","to kill, to slay",99,997
"trigger","piece of wood in a mousetrap, that falls and catches the rodent",126,997
"back","back, backwards, behind",242,996
"insert","to put, set or place into or upon; insert, instill, introduce",202,996
"dreadful","horrible, dread, dreadful",224,994
"river","A river of Samos",141,994
"navel","navel",95,993
"knowing","knowing, cognizant",231,993
"shadowing","a shadowing, umbration",137,991
"approach","motion towards, accession to, or nearness to",184,991
"east","east",300,990
"surrounding","surrounding",101,988
"coldness","the subjective feeling of the cold, coldness",181,988
"flake","anything that comes off the surface",150,988
"river","Alfeios (a river in Peloponnesus, Greece), which flows in the Ionian Sea in Elis",48,987
"shrine","shrine, temple, sanctuary, place dedicated to a deity",286,987
"small","small, short, mean, little",128,986
"hooded","hooded (having a hood); cucullated",16,985
"nail","Nail: Relating to fingernails, toenails, or homologous structures such as claws or hooves.",130,984
"zone","Zone, Thrace, Greece",136,984
"sane","Of sound mind: sane",52,983
"muzzle","muzzle put on a led horse",223,983
"gluey","gluey, glutinous, viscous",16,982
"blame","charge, accusation, imputation, blame, guilt, fault",29,980
"winding","winding, sinuous",35,980
"dark","dark, gloomy",27,980
"whale","whale, sea monster",257,980
"form","make, form, shape, figure, configuration",166,980
"deserted","deserted",115,978
"late","late (ripening etc)",16,975
"leader","leader",169,975
"carve","to carve, cut out with a knife, engrave",99,975
"barren","barren, infertile",128,975
"abandoned","which has been quit",54,974
"valley","a valley, vale",290,974
"basin","A basin or bowl for water or for mixing.",155,972
"insult","insult; outrage; affront",75,971
"near","near, nearby, nigh, close",234,970
"chalky","chalky, cretaceous",37,969
"beaker","beaker, goblet",101,969
"lord","master, possessor, ruler, lord, proprietor",203,968
"candle","wax candle, wax light, wax taper",16,967
"distant","afar, far off",179,967
"bear","used as a specific epithet, meaning bear or bear-like, or northern",237,967
"deep","deep, profound",50,966
"mane","mane; the flowing hair on the neck of an animal",204,966
"ringed","ringed",67,965
"tree","a tree",142,964
"grape","The fruit of the vine; a grape.",176,964
"dart","dart or javelin",321,964
"sign","mark, sign, token",150,962
"liver","that part of molluscs that answers to the liver",100,959
"base","bottom, ground, base, foundation, bed",236,958
"hairy","hairy (having lots of, or long hair)",21,956
"branch","branch; name of a certain wind",120,956
"where","where; when",395,956
"gallic","Gallic, Gaulish, of or related to ancient Gaul and the Gauls",36,955
"fire","flame, fire, heat",40,955
"cup","small vessel; cup",137,955
"around","Prefix meaning around, about.",342,955
"town","a town in Acarnania, situated at the corner of the gulf of Ambracia",10,954
"hardly","with difficulty, hardly, scarcely",247,952
"curved","curved, crooked",125,951
"dared","third-person singular aorist active indicative unaugmented of ἔτλην (étlēn)",282,951
"fill","Combining form used to form prefixed verbs with the approximate meaning ""to fill"".",89,950
"reed","made out of reed(s)",48,950
"covering","wrapper, covering, case, envelope",41,949
"fold","fold (in cloth etc.)",99,949
"strength","strength, vigour, force",264,948
"fear","fear, dread",273,948
"snowing","snowing",263,948
"swifter","swifter, more rapid",137,947
"single","single; onefold",106,946
"ancient","old, ancient",15,944
"garden","garden",67,944
"clam","bivalve, shellfish, clam; cockle",61,944
"dialect","A (language) variety.",155,944
"rise","to rise, get up",266,944
"square","a square, quadrate",11,942
"pipe","pipe, tube, especially a water pipe",88,941
"autumn","autumn",27,940
"track","track; footstep; footprint",91,940
"offspring","offspring, child",185,940
"within","within (in or into the interior)",84,939
"vice","wickedness, vice",322,937
"mass","A mass, quantity",130,936
"ending","Ending of some substantives borrowed or inherited from Latin and French.",141,935
"healing","healing",185,935
"ghost","phantom, ghost",70,934
"festival","festival, procession, revel, carousal",226,934
"collared","adorned with a neck chain or collar",62,933
"fish","kind of fish found in the Nile and in the Black Sea",17,932
"cotton","cotton (plant)",72,932
"compress","to bind, draw, press together",265,932
"fragrant","sweet-smelling, fragrant",15,930
"royal","regal, royal",30,930
"town","A town of Arcadia situated in the valley of the Aroanius",59,930
"sprout","young sprout or spring shoot of cabbage",122,930
"head","Hesychius gives the definition as: κεφαλή (kephalḗ, ""head"").",177,930
"pan","Pan",191,930
"district","A district in Rome encircled by the Tiber River",193,929
"straight","directly, straightforward, straightway, right on",62,928
"wrist","carpus, wrist",122,928
"knot","to knot, make knotted, tie in a knot",220,928
"skin","the skin stripped off a hide, leather",123,927
"same","Same, identical.",146,926
"rich","rich, wealthy",68,925
"above","above",313,925
"mountain","A mountain of Crete, where Jupiter was hidden by his mother",236,925
"mouse","mouse or rat; murine",43,924
"turn","turning, a turn",102,924
"sheath","a sheath, scabbard",137,924
"colon","colon (last part of the digestive system)",312,924
"tall","Tall, high in size.",66,923
"mass","A mass of something.",123,922
"difficult","difficult, hard, troublesome",17,920
"frankish","Frankish, of or pertaining to the Franks",177,920
"blunt","dull; blunt; not sharp",147,919
"tribe","A tribe of Caucasus mentioned by Pliny",257,919
"sword","sword",160,918
"spiral","spiral, helix",142,918
"father","father; a mode of address by a younger to an elder",94,917
"forest","wood; forest",226,917
"attempt","an attempt, a hazard",241,916
"calm","calm; stillness [Homer]",40,912
"lively","lively, festive, joyous, gay, merry",8,912
"arrow","arrow",109,912
"buy","to buy, purchase",204,912
"cousin","a first cousin, cousin-german",11,910
"lily","lily",126,909
"rustic","country dweller, rustic",5,908
"measure","to measure, mete or mark out",152,908
"shadow","shadow",207,908
"dusty","dusty, pulverulent, full of dust, dust-raising, resembling a cloud of dust",10,906
"crime","an evil deed; a wicked, heinous, or impious action",107,906
"secretly","secretly, by stealth",149,906
"saw","a saw (tool)",198,905
"smell","smell, odour",158,904
"grain","grain, seed, kernel",25,903
"hollow","hollow, empty, devoid of something",126,903
"shout","shout, cry",195,902
"form","eidos, form, shape",150,902
"blast","an immature cell or tissue",114,901
"ray","Ray, a city in Persia",254,901
"hidden","concealed, covered, hidden; having been concealed, etc.",7,899
"near","near, nigh",106,899
"speak","to say; to speak",137,899
"tribe","A tribe of Sarmatia mentioned by Pliny",154,898
"hollow","concave, hollow",41,897
"writing","writing, drawing",97,896
"edge","border, margin, edge",161,896
"soft","soft, tender",76,896
"urging","urging",137,896
"blunted","blunted, obtuse",20,895
"sharp","Sharp, keen, acute, pungent, acid",82,895
"make","to make, do, fashion, perform",16,894
"fat","lipids: oils, cholesterols, fat/lard, tallow, and so on.",93,894
"bottomless","bottomless",150,894
"stalk","stalk (of plant)",138,894
"wedge","wedge (part of a simple machine)",153,893
"healthy","sound in body, healthy, whole, well",99,892
"trunk","coach trunk (or rather capsum)",65,892
"leader","leader, head",190,891
"few","Having or involving few.",201,891
"boundary","a boundary",170,891
"go","third-person singular aorist active subjunctive of βαίνω (baínō)",295,890
"boil","A kind of boil or tumour",123,887
"idleness","lack of employment or use; idleness; laziness",59,886
"sandal","sandal",125,885
"porter","A kind of porter, doorkeeper.",3,884
"bride","bride, young wife",61,884
"darkness","Hesychius gives the definition as: σκοτία (skotía, ""darkness, gloom""), as they say in Crete.",121,882
"weep","to cry, weep, wail, lament",125,880
"divided","divided, separated",28,879
"city","A city on the island of Lesbos",78,879
"odorous","odorous",66,877
"stitched","stitched, sewn, fastened",227,876
"strength","strength, efficacy",84,876
"go","to go, step, move on foot",146,875
"heel","heel",127,875
"light","That can be easily moved, easily movable; light.",46,874
"sulfurous","containing sulfur, especially a compound in which oxygen has been replaced by this element",173,873
"mouth","mouth, jaws, that with which one chews",100,869
"shooty","full of shoots",52,868
"ending","ending of the future active participle",138,868
"love","love, desire (usually of a romantic/sexual nature) (often personified)",125,867
"fear","fear, alarm",172,867
"sane","Sane; Sani, Greece",232,866
"portion","piece, portion",42,865
"treeing","becoming a tree",9,864
"town","A town of Venetia, already disappeared at the time of Pliny",129,864
"river","a small river in Gallia Narbonensis, now called Lez",120,864
"rice","rice",81,863
"desiring","desiring",215,863
"fool","idiot, fool, blockhead, good-for-nothing",77,862
"jointly","in common, jointly, opposite to ἰδίᾳ",28,861
"dish","dish, patella",50,861
"simple","simple",165,861
"pour","to pour, pour forth",115,861
"anus","anus; rectum",1,860
"similar","like, resembling [with dative 'someone, something'], similar [with dative 'to someone, something']",99,860
"melon","melon, muskmelon",74,860
"cunning","craft, cunning, guile (with a positive or negative connotation)",197,860
"life","combining form of βίος (bíos, ""life"")",204,859
"embrace","to embrace, encircle, clasp, cling to",37,857
"bud","bud; budding; germination",85,856
"capital","goods, capital, investment",84,855
"sad","sorrowful, sad",20,853
"wood","wood; trees; forest",103,852
"rounded","rounded, circular, orbiculate",22,850
"dry","dry, parched, withered, arid",16,850
"allow","to let; to permit; to allow",110,850
"fragment","the part taken away in mutilation",74,850
"stalk","stalk of leaves or fruit, petiole",88,849
"murder","murder, slaughter",113,849
"city","an ancient city in Umbria, now Amelia",80,848
"rain","rain",261,848
"choose","second-person singular aorist active optative of αἱρέω (hairéō)",64,846
"ruler","-arch (ruler, leader)",206,846
"wagon","four-wheel wagon, drawn by mules",110,844
"shoal","A shallow, ford, shoal",157,844
"turning","Turning or changing.",83,844
"cuckoo","cuckoo (bird)",54,843
"point","point, edge",93,843
"transparent","transparent",30,841
"seal","engraved figure; signet",79,840
"gum","gum (flesh around the teeth)",150,840
"net","a kind of net",88,839
"town","A town of Thessaly mentioned by Homer",168,839
"wall","wall (especially of city walls)",47,838
"place","a noun-forming suffix, used to denote a place or container",148,838
"rolling","tending to roll",54,836
"form","shape, form, or morphology.",23,835
"bulb","bulb",307,835
"way","Way, path, travel.",185,834
"song","song, poem",41,832
"fine","fine, penalty",61,832
"strong","strong, mighty",126,832
"fleshy","fleshy, abounding in flesh",35,830
"mix","Pranestine form of misceō (""to mix"")",110,830
"wood","Hesychius gives the definition as: ὕλη (húlē, ""wood, forest"").",24,829
"time","delay, or any duration of time",157,829
"speechless","speechless, inarticulate",159,829
"camp","encampment, barracks",18,828
"spring","spring (the season); vernal",9,826
"blooming","blooming",25,826
"flour","flour, especially fine flour, milldust",87,826
"fringe","tassel, fringe",91,826
"calming","calming",152,825
"having","having, holding",217,825
"light","light, splendour, lustre",39,824
"lacking","Lacking, without, scant.",81,824
"broken","broken, shattered, having been broken.",182,824
"poor","poor, wretched, pitiful",51,823
"arch","arc, arch",198,823
"veil","A kind of veil used by women",67,822
"cotton","cotton wool, cotton",52,822
"wingless","wingless",53,822
"halos","Halos; Phthiotis, Greece",106,820
"origin","starting point, origin, occasion, pretext",36,820
"cup","Cup, cup-like.",59,819
"bore","first-person singular aorist active indicative of φέρω (phérō)",177,819
"potassium","potassium",126,815
"deck","The deck of a ship",125,815
"disease","disease, plague, pestilence, infection",44,814
"tremor","trembling, tremor, shudder",154,814
"here","here; there",255,814
"soft","soft, silent",83,813
"wonderful","which is to be wondered or marvelled at",63,812
"moving","Running or moving in a specified manner.",19,812
"nipple","breast, nipple",446,812
"clean","clean, neat, rubbed or wiped (off), cleansed, having been cleansed",172,812
"crab","a crab",36,810
"descending","running, flowing down",39,810
"cup","a dinghy-shaped drinking vessel",83,810
"enveloped","enveloped, involved",50,808
"construct","to bring together, form, frame, construct, arrange",114,808
"sulfur","sulfur, brimstone",212,808
"chisel","A kind of recurved chisel",75,807
"rice","rice (Oryza sativa)",60,806
"town","A town in Crete",99,806
"small","Old Attic form of μῑκρός (mīkrós, ""small, little"")",36,805
"cover","cover, covering",128,805
"job","Job (Biblical character and book)",146,805
"hair","hair of the head, lock of hair, plume",235,805
"smoky","smoking, smoky, smoked",56,804
"gathering","collecting or assembling together",101,804
"action","Suffix forming nouns of action",113,804
"offering","offering, gift, oblation",173,804
"basal","Positioned at the base; forming a base",213,804
"hooked","hooked, bent, curved",38,803
"river","A river of Gallaecia, Hispania Tarraconensis, now called Lima in Portuguese and Limia in Galician",96,803
"deceitful","deceitful",96,803
"wart","A type of wart (This entry needs quotations to illustrate usage. If you come across any interesting, durably archived quotes, then please add them!)",94,802
"mourning","mourning, grieving, lamenting",54,802
"loop","loop in the texture woven, through which the basic fabric is pulled",85,800
"to come","to come",92,799
"city","an ancient city in Cilicia situated near the mouth of the river Pyramus",122,799
"zero","Zero.",174,799
"release","to release, let go",99,797
"slope","slope, slant",115,796
"horned","horn-shaped, horned",16,795
"say","enclitic third-person plural present indicative active of φημῐ́ (phēmĭ́)",108,794
"town","A town of Attica situated on the eastern coast",115,794
"come","to have come, to be present",145,794
"winter","winter",265,792
"foreign","foreign, strange",26,791
"measure","measure",123,790
"please","if you please",209,790
"wound","wound, wounding",28,789
"bundle","bundle, faggot",41,788
"cord","rope, cord",128,788
"honor","honor; worship; esteem",151,788
"wedge","wedge, wedge shape",219,788
"stupid","stupid, oafish, dull of apprehension",152,787
"intestinal","relating to the intestines.",98,786
"cowardly","cowardly",107,785
"angelic","Of or pertaining to angels; angelic",25,784
"plain","a plain",169,783
"parasitic","parasitic",6,782
"forwarding","bringing on one's way, forwarding",105,782
"goodness","goodness, excellence",52,781
"nausea","surfeit, loathing, nausea",203,781
"stream","stream, brook",226,781
"washed","washed away, drenched, having been washed away.",33,778
"marking","a marking with points, a writing, agreement",49,777
"collapsed","collapsed",13,777
"mouse","a mouse, rat",2,776
"vine","a vine",41,776
"food","food, meat, properly of carnivorous beasts",139,776
"herb","herb, spice",161,774
"receive","second-person singular future middle indicative of δέχομαι (dékhomai)",102,773
"earthy","made of earth or soil; earthy",243,773
"divided","divided",48,772
"sharp","sharp; piercing; cutting",48,772
"seven","seven; 7",169,772
"delay","adjournment, postponement, delay",168,772
"miner","miner",14,771
"essence","essence, substance",207,771
"thus","in this manner, thus, so",197,771
"wrinkle","a fold or pucker in the face, wrinkle",124,771
"coral","coral",57,770
"soft","soft, tender, weak",111,770
"cell","small room, especially that of a slave",186,770
"boil","boil; small abscess",109,769
"nearly","almost, nearly",229,769
"ten","ten; 10",185,769
"die","a die",62,768
"darkness","darkness, gloom",150,768
"scattered","scattered; far apart",4,767
"city","The Thracian word for city",164,767
"stump","bottom of the trunk of a tree, stump",43,764
"sound","sound, noise",126,764
"connection","bond, connection, ligament",134,764
"long","Rather long, far or lengthy; large in extent.",20,763
"sound","combining form of φωνή (phōnḗ, ""sound"")",35,762
"riddle","a riddle, enigma",92,761
"owl","A bird of ill omen; perhaps the barn owl",114,761
"hair","hair (especially of the head)",157,761
"alone","alone, solitary, isolated",116,759
"herb","herb",162,758
"born","born in a certain place or condition",118,758
"damp","wet, moist, damp",38,757
"silvery","silvered, silvery",10,756
"city","a city in Macedonia, mentioned by Pliny",96,756
"town","a town of Chersonesus in Thrace",13,755
"distinct","separated, distinct (as a taxonomic epithet)",41,755
"separated","separated, having been separated, sifted, having been sifted",230,755
"general","An Athenian statesman and general",174,755
"boiling","boiling",123,755
"swelling","A kind of swelling of the feet and legs",227,755
"woods","groves, woods; sylvan",4,753
"box","box; chest",156,753
"cook","A cook; person who makes food.",70,752
"sky","Doric and Boeotian form of οὐρᾰνός (ourănós, ""sky"")",155,752
"shieldless","shieldless",107,752
"vessel","vessel (to hold liquids); vat; pitcher; bucket; pail; wine-bowl",78,751
"hollow","hollow, hollowed",83,751
"seeking","seeking, looking for",156,751
"stand","to stand at, on, by",146,751
"drum","drum, timbrel, tambour, tambourine",89,750
"hanger","hanger or sword hung in a belt",128,750
"elephant","elephant",91,749
"suffering","hurting, suffering",222,749
"honest","truthful, without lying",69,748
"island","A small island situated near Leucas",159,748
"flame","a little flame",40,747
"repeat","to repeat; to replough",114,745
"chest","box, chest, trunk",81,745
"big","big; large",125,745
"bad","combining form of κακός (kakós)",119,745
"fringed","tasseled, fringed",101,745
"town","A town of Creta, situated opposite to the island of Dia",206,744
"cup","A cup, a jar",44,743
"thick","thick; large; stout",88,743
"stink","A fetid smell, stink",70,743
"dust","to make dusty, cover with clouds of dust",109,741
"sticky","sticky, glutinous",33,740
"mastic","A shrub in Cyprus from which a resin was obtained",107,740
"fort","A fort or castle, especially a smaller one; a watchtower.",234,740
"introduced","carried or brought into somewhere, inserted, having been carried somewhere",140,739
"wild","wild, bold, fierce",15,738
"dyeing","Of or pertaining to dyeing.",4,737
"rough","hard, rough (of a touch)",36,737
"hollow","hollow, cavity",81,737
"endure","to suffer, endure, tolerate",163,737
"prostitute","lustful woman, prostitute",167,737
"when","when (relative), at which time",110,736
"fate","lot, destiny, fate",90,736
"tribe","A tribe of Sarmatia, which dwelt between Mount Ceraunus and the river Volga",150,736
"where","where? in what place?, in which place?",165,736
"tool","some tool used in encaustic painting on ivory",14,735
"belief","supposition, conjecture, opinion, belief",183,735
"bearer","Holder or bearer of something.",157,735
"across","through, across",64,734
"sucking","sucking, an act of sucking",61,733
"bad","bad, defective",38,732
"to cover","to cover",98,731
"destroyed","destroyed",37,730
"lean","lean, thin, meagre",24,729
"to vibrate","to vibrate",112,729
"rose","a kind of rose",137,729
"roasted","roasted, toasted, scorched, having been roasted.",142,729
"acorn","An acorn",94,728
"string","a chord, string, thread",129,728
"king","king, ruler",74,727
"formed","brought together, formed, framed, constructed, arranged, having been arranged",41,727
"wind","wind, breeze, gale",63,727
"odorous","smelling, stinking, odorous, fragrant",188,727
"town","a town in Samnium, mentioned only by Livy",3,726
"river","a small river in Istria, which became the boundary between Italy and Illyricum",84,725
"hot","warm, hot, boiling, glowing",157,725
"breathe","to breathe, draw breath, respire",115,723
"alternated","alternated, vacillated",8,722
"table","Late Latin spelling of mēnsa (""table"")",110,722
"arrow","the Arrow, Sagitta",103,721
"red","being red; red, reddish, ruddy",11,720
"moving","going, moving, proceeding, going along, moving along",91,720
"bend","to bend, slant",100,720
"celebrate","to tell of, make famous, celebrate",115,720
"speed","speed",12,717
"middle","middle",140,716
"caves","caverns or subterranean passages",111,715
"mountain","a mountain in Mauretania, mentioned by Pliny",149,714
"gem","A kind of gem resembling in color the fish scarus",11,713
"luck","luck, chance",140,713
"vapor","steam, exhalation, vapour; smoke",151,712
"grain","crops, standing grain",170,711
"bright","bright, shining, gleaming",94,710
"hater","hater, one who hates",182,710
"axe","Lydian word for axe",33,709
"bone","bone (dead)",143,709
"rag","rag, tattered garment",142,708
"curved","bent, bowed, crooked, curved",24,706
"embryo","That which is conceived, embryo, foetus",176,706
"property","that which is one's own, one's substance, property",150,705
"clustered","added to a flock, brought together in a flock, clustered, having been added to a flock",18,703
"forward","Forward, in the front",70,702
"sweet","sweet",91,702
"heavy","heavy",122,701
"sauce","soup or sauce to eat with meat or fish",119,700
"wheat","A form of wheat (either spelt or emmer)",157,700
"curled","curled, having ringlets",100,699
"joining","joining",149,697
"tub","A small tub or cask.",96,697
"pig","a pig, especially a young one.",82,697
"place","to put, place, set",98,697
"foreign","Of that which belongs to another person, place, or object—of another, alien, foreign",6,695
"five","the number five",107,694
"similar","alike, very similar",3,693
"pleasing","pleasing, acceptable, agreeable, welcome",10,693
"want","want",206,693
"rod","a small rod, stick, wand, or staff",49,692
"fragrant","fragrant",17,691
"extended","stretched out, extended",14,691
"shrinking","shrinking, hesitation",52,691
"mouth","One of the mouths of the river Padus",165,691
"called","unaugmented first-person singular/third-person plural imperfect active indicative of καλέω (kaléō)",120,690
"mud","soil, dirt, mire, mud",217,689
"perfect","complete, perfect, suitable, exactly fitted",15,688
"former","former",69,688
"demand","to ask, urge, demand",147,688
"thorny","thorn-bearing, thorny",27,687
"base","bottom, foundation, base",25,686
"bowl","a bowl in which the blood of sacrificed animals was caught",71,686
"sweet","sweet, pleasant, delicious",39,686
"high","lifted up, on high, in air",34,686
"docked","docked, curtailed",62,686
"citizen","A participant in a specified form of government.",67,685
"intend","to think of doing, intend to do, to mean to",152,685
"shed","A form of protective shed or breastwork.",26,683
"reed","a kind of reed, the donax (Arundo donax)",10,683
"fin","a fin",98,683
"fish","a kind of river fish; probably catfish or shad",148,683
"experience","what is done or what happens to a person",131,682
"height","One of the heights of Mount Ida in Troas",14,681
"river","a river in Dacia, now the Olt",94,681
"short","Short.",70,681
"harbor","harbor",11,680
"beat","beat, stroke",153,680
"fortunate","happy, lucky, blessed, fortunate",40,679
"mile","Roman mile (1,535 metres)",82,678
"sponge","sponge (marine animal)",85,678
"rush","a kind of rush",10,677
"cheesy","of or pertaining to cheese",13,677
"broken","shattered; violated; diminished",14,677
"gill","branchia (gill of a fish)",167,677
"black","dark (in colour), black",86,677
"seal","to cover closely, so as to keep water either out or in",101,676
"fist","fist",126,676
"fish","fish in general",162,676
"lack","lack",100,675
"carrying","a carrying, carriage, conveyance.",173,675
"death","death",145,674
"city","an Etruscan city of Etruria, situated on the seacoast",67,673
"flat","flat, level, plane",150,673
"sword","sword (single edged, Arab or Persian)",22,672
"clear","clear, limpid",30,672
"shielded","armed with a scutum (long shield)",72,672
"lean","meager, lean",94,672
"remote","out of the way",164,672
"fault","fault, error, blunder (of writing)",81,672
"fearless","without fear, fearlessly, confidently",141,672
"eel","eel",67,671
"fragment","fragment",79,671
"island","An island of the Mediterranean situated near the Stoechades",186,671
"divinity","An Etruscan divinity that taught the Etrurians the art of divination",223,670
"buy","contracted second-person singular present mediopassive imperative of ὠνέομαι (ōnéomai)",106,669
"severed","broken off, torn, severed, having been broken off",67,668
"lie","a falsehood, a lie, a figment",163,668
"grate","to furnish with a lattice or grate",72,668
"spring","spring, fountain",17,667
"river","a river on the east coast of Sicily",61,666
"twin","twinborn, twin",58,666
"true","true, real, actual (conforming to the actual state of reality or fact; factually correct)",21,666
"river","The name of two rivers of Gallia Cisalpina, both of them rising in the Alps and flowing into the Padus, now the Dora Baltea and the Dora Riparia",150,666
"well","safe and sound, alive and well",204,666
"island","island",31,665
"crying","crying, shouting, as of birds",79,664
"speak","to speak, say out, utter",144,664
"rather","rather, preferably",160,662
"public","public, belonging to the people",28,661
"royal","kingly, regal, royal (of or pertaining to a king)",17,660
"pod","pod (of a pea or bean plant)",87,660
"very","very, very much, exceedingly",244,660
"same","Same, an island in the Ionian Sea, near Ithaca and Cephalonia, mentioned in the Odyssey; its exact identity is uncertain.",162,660
"corner","corner of the eye",95,659
"turn","turn, divert, turn back, rout an enemy",105,659
"treatment","Medical treatment; doctor; physician.",17,657
"swallow","A martlet, swallow; a kind of bird believed to have no feet.",70,657
"acorn","an acorn",125,657
"as","the introduction to similes",162,657
"night","darkness of night, night",25,655
"oracle","divine voice, oracle",105,655
"new","combining form of νέος (néos, ""new"")",191,655
"green","to become green",1,654
"bright","bright, beaming",28,654
"origin","origin",180,654
"loaf","roll or loaf of bread",17,653
"rear","to make to grow, to increase, bring up, breed, rear (especially of children)",47,653
"beyond","that is beyond",42,653
"rat","rat",64,652
"taste","taste, smack",64,652
"window","a window, an opening for light",141,652
"word","that which is said: word, sentence, speech, story, debate, utterance, argument",131,651
"shield","A small light shield of leather without a rim, used by Thracians",86,651
"spike","spike, prick, goad",49,650
"lava","lava",175,650
"hip","the hip joint or bone",78,649
"ancient","ancient",123,649
"bound","bound, tied, fastened, connected, interwoven, having been bound.",57,648
"grove","grove",68,648
"last","last",71,648
"cluster","cluster of fruit or flowers",64,648
"hill","hill, heap",104,648
"belted","furnished with a girdle or belt; girded, belted",72,647
"circling","going around, passing around, skirting",137,647
"wine","name of a bad Sicilian wine",120,647
"calm","Placid, gentle, quiet, still, calm, mild, peaceful, tranquil",25,646
"bossed","having a boss or knob",93,645
"mud","mud, slime",172,645
"drip","to drop, let fall in drops",179,644
"fish","a sea-fish claimed to be difficult to catch, possibly swallowtail seaperch (Anthias anthias)",122,643
"thumb","thumb",144,643
"cloth","any woven cloth used for a covering, sheet, carpet, curtain, veil",124,643
"downy","downy, covered with down",167,643
"cup","any cup shaped hollow or cavity",17,642
"cup","goblet, cup",58,642
"soft","soft to the touch, tender",114,641
"snake","a little snake, a little serpent",41,640
"sandy","sandy, gravelly",17,640
"pasture","feeding place for animals, barn, pasture",49,640
"manes","Mani, Manes",55,640
"tiny","very small; very little",3,639
"cheese","cheese",54,639
"particle","A small body, structure, particle, or granule, especially of living matter.",100,639
"bloody","full of blood, bloody, sanguinary",7,638
"shoot","shoot",37,638
"leafless","leafless",33,638
"fertile","fertile, productive",73,638
"city","A city of Caria on the northern coast of the Ceramic Gulf",40,637
"saucer","round and shallow bowl, saucer, or pan",38,637
"fox","a fox, vixen",45,636
"mad","frenzied, mad",124,635
"ornament","ornament",40,634
"cloudy","cloudy, overcast; cloud-bringing",16,634
"ditch","trench, conduit, channel for watering meadows",90,634
"snake","a legendary snake that creates a furrow anytime it moves",130,634
"seven","Seven.",143,633
"wonder","wonder, marvel, miracle",106,630
"sibling","brotherly or sisterly",74,629
"city","The name of three cities of Peloponnesus",95,628
"funeral","funeral",188,628
"wasp","wasp (insect)",27,627
"walking","walking, pedestrian, on foot",4,626
"river","a river in Crete, mentioned by Virgil",46,626
"night","Night.",75,626
"squeak","imitation of the mouse's noise. squeak",83,626
"town","a town in Sicily, mentioned by Pliny",164,626
"bed","bed; couch",88,625
"seam","seam, hem",101,625
"tuna","A sea fish, probably a tuna",92,624
"stroke","to touch softly, stroke, pat",49,623
"to deceive","to deceive",77,622
"two","two; 2",200,622
"spoon","a spoon",36,621
"sourness","sourness (sour taste)",96,621
"lift","Contracted form of ἀείρω (aeírō, ""to lift, remove"")",134,621
"city","an ancient city on the west coast of Sardinia",14,620
"adjacent","bordering on, neighboring, contiguous",30,619
"docked","docked",74,619
"curved","crooked, curved, rounded",44,618
"cord","cord, string, rope",94,618
"shop","shop, store",27,617
"jaw","a jaw",66,617
"bubbling","bubbling, flowing",47,617
"wise","discerning, wise, judicious",50,617
"hip","Hip, hipbone, hip joint.",82,617
"hammer","A hammer, mallet",87,617
"cut","to cut, hew",65,617
"treasury","treasury",118,617
"cure","healing; medicine",35,616
"simultaneously","at the same time; simultaneously",87,616
"fragment","something cut off",68,616
"before","before, in front, forth, forward",196,616
"turning","turning",182,616
"heat","thermal: heat; temperature.",209,615
"entered","entered",128,614
"regular","ordered, arranged, regular, matching",25,613
"flesh","flesh, meat of an animal",106,612
"slack","slack, loose (of the bowels)",13,611
"peg","peg on which to hang clothes",17,611
"irrigate","to water, irrigate",107,611
"tilted","tilted, inclined, bent, having been tilted",15,610
"continuous","continuous, uninterrupted, successive, lasting",31,609
"abstain","to drink no wine",67,609
"form","shape, figure, form, manner, posture",60,609
"deer","deer",207,609
"black","dark in color; sometimes so dark as to lack color, black",54,608
"blood","blood; gore",164,608
"blood","blood, gore",147,608
"slender","slender, taper, thin",48,607
"to twist","to twist",69,607
"blood","the blood of the sea snail",217,607
"shark","a kind of large sea fish, thought to be a shark",67,606
"spleen","spleen",204,606
"blow","stroke or wound of a missile",124,605
"river","a small river in Bruttium",110,605
"snake","snake, serpent",5,604
"extended","stretched, extended",40,604
"roast","to roast, broil",141,604
"town","a town in Lycia, mentioned by Pliny",58,603
"abandoned","abandoned; having been abandoned; forsaken; relinquished; left behind",41,603
"to snow","to snow",148,603
"cover","cover, case",106,603
"womb","the womb",145,602
"white","White, shining.",77,601
"rod","A long or slender piece of wood or metal; rod, stick, stake, bar.",123,601
"round","circular, round",27,600
"excellent","excellent, superb, superlative, surpassing",64,600
"stalk","stalk, stem (of grass etc.)",108,600
"fish","A type of edible sea fish",9,599
"worm","a worm",101,599
"blame","blame, reproach, criticism",123,599
"island","an island off the coast of Gallia Narbonensis, near the Stoechades",137,599
"bridge","Pons; pontine; bridge, connecting tissue.",94,599
"grape","grape",45,598
"sky","the sky, open air",127,598
"thread","thread, yarn",93,598
"pounded","pounded, crushed, beaten",65,597
"gloss","an obsolete, foreign, rare, or otherwise difficult term that requires explanation",83,597
"stalk","The stem of onions",73,597
"sheet","a thin piece or sheet of metal, wood, marble, etc.; a plate, leaf, layer",180,596
"fame","fame, reputation",68,595
"secret","clandestine, secret, concealed",13,594
"odorous","emitting a smell",162,594
"dancing","dancing",87,593
"grain","grain; corn (in the British sense, encompassing wheat and barley, the cereal grains used by the ancient Greeks)",61,592
"belt","warrior's belt",51,592
"deceit","trick, deceit",138,592
"dust","dust, as stirred up by men's feet",63,591
"lump","lump (especially of copper or bronze)",143,591
"herd","A group of large domestic animals: a herd of cattle, horses, or donkeys; such animals in a collective sense: cattle and equines.",185,591
"heat","heat, fire",128,591
"warlike","fit for battle, warlike",9,590
"needle","needle",64,590
"shining","flashing, glittering, shining",32,589
"dawn","dawn, sunrise",26,588
"fog","fog",65,588
"gate","a gateway",125,588
"raised","raised, elevated",50,587
"way","a turn, way, manner, style",33,586
"from","Added to nouns to form adverbs of place from which: from; also used, like genitive, with prepositions",58,586
"here","this way; these; in this place (or way)",184,586
"nostril","nostril",100,585
"navel","a navel",75,585
"notch","incision, notch",125,585
"carcass","carcass; the back or trunk of an animal",152,585
"flame","flame, blaze",4,584
"attached","attached",14,584
"approached","approached",18,584
"sacred","combining form of ἱερός (hierós, ""holy, sacred"")",38,584
"juice","The juice of a plant",63,584
"region","region",131,584
"palish","somewhat pale or pallid, palish",12,583
"henry","a male given name from Proto-Germanic, equivalent to English Henry",34,583
"town","a town of Messenia situated on the road from Pylus to Cyparissia",160,583
"curved","bent, curved, bowed",46,582
"district","an ancient district of Macedonia, in modern Greece",41,582
"fountain","well, spring, fountain",106,582
"chief","one of the first or principal, chief, excellent, noble; alternative form of prīmus (""first"")",142,582
"fern","a species of fern",73,582
"horned","horned, having horns.",38,579
"pocket","hollow space, pocket",76,579
"crystal","some kind of crystalline stone",100,578
"raft","raft",52,575
"cleansing","cleansing, cleaning",99,575
"ancient","Old; ancient or primitive.",195,575
"extend","to stretch, extend",100,574
"shield","a parma; a round shield carried by the infantry and cavalry",78,574
"sly","knavish, roguish, villainous, treacherous, sly",24,574
"bending","bending",170,574
"joke","to joke, jest",111,573
"fine","a fine; an amercement; a mulct (a pecuniary penalty)",184,573
"sound","to sound, resound, make a sound or noise (and various sounds in-context)",100,573
"part","a part, portion, piece, share",171,573
"sail","contracted second-person plural present active indicative/imperative of πλέω (pléō)",81,572
"associated","having associated (have dealings) with",42,572
"forest","a forest, a wood, a grove",135,572
"pour","to give out, shed, pour forth",188,572
"seller","seller, vendor",129,571
"blow","a blow; a wound",203,571
"coiled","coiled",13,570
"fear","fear, terror, alarm, fright, panic",92,570
"confused","undistinguishable, confused",39,569
"pitcher","small jug or pitcher",28,569
"ditch","ditch, trench, moat",78,569
"name","a male given name, character in the play Cistellaria of Plautus",157,569
"fry","a small fry of various fish",42,567
"knowledge","learning, knowledge",107,566
"difficult","difficult, hard",21,566
"rocky","made of stone, rocky",141,566
"rivaling","striving to equal or excel, rivaling",27,565
"fry","small fry of fish, in particular, the anchovy",61,565
"shout","to shout, call",153,565
"to sing","to sing, recite, play",184,565
"badly","in a bad sense",81,564
"instrument","Nominal suffix denoting instrument.",111,564
"marsh","swamp, marsh, morass, bog, fen, pool",81,563
"weak","weak, feeble",60,563
"able","suffixed to noun to form adjectives meaning ""able to have or bring, prone to have or bring, having the power to have or bring"": -able",192,563
"trumpet","a military trumpet",49,561
"madness","madness, frenzy, enthusiasm",122,561
"night","night",155,561
"ridge","The ridge of a column of hills",111,561
"rolled","having been rolled, tumbled",71,560
"human","human",91,560
"below","Below; beneath; under.",76,560
"object","Suffixed to nouns, forms nouns describing objects, plants, and animals.",104,560
"defect","A falling short, defect",52,559
"thick","thick, fat, stumpy, short, low, base",115,559
"carry","to bring, bear, lift up",113,558
"find","to hit upon",137,558
"elevate","to make high, raise, elevate",184,557
"digital","Of or belonging to the finger",10,556
"spear","A kind of spear",18,556
"divided","shared, parted, distributed, divided, having been shared",100,556
"funnel","funnel (for pouring liquids)",39,556
"wheel","a small wheel",60,556
"prophetic","divining, prophetic",106,556
"sign","visible indication: sign, mark, signal",217,556
"snaky","relating to or resembling serpents, snaky",48,555
"fish","A type of fish, possibly a sardine or herring.",98,555
"character","character",60,554
"stain","Hesychius gives the definition as: stain on the himations",58,554
"alcohol","strong drink; heavy drinking",116,554
"precious","valuable, precious",12,553
"ditch","A small ditch or trench.",58,553
"smoke","smoke, steam, fume",10,552
"shoe","a kind of soft Parthian shoe",92,552
"worm","worm",31,552
"smeared","rubbed, smeared, coated; having undergone application by rubbing",32,551
"having","Having or equipped with a certain feature or structure.",122,551
"still","yet, now, still",208,551
"fungus","fungus growing on oaks and walnut trees, used as a cautery",98,551
"right","right (opposite of left)",45,550
"town","a town in Caria, mentioned by Pliny",108,550
"piper","piper, flautist",14,549
"grass","grass, turf",16,549
"crane","crane (bird), sometimes eaten as a delicacy",47,549
"popular","popular, agreeable",23,549
"reed","reed",35,549
"monkey","an ape, monkey",134,549
"law","law, legislation",119,549
"shame","shame; disgrace; a state of public reproach or dishonor",67,548
"dearly","at a high price",61,547
"sparrow","sparrow",52,547
"pig","pig (attributive)",87,547
"island","An island of the Aegean Sea mentioned by Pliny",94,547
"scorpion","a scorpion",53,547
"crest","tuft of feathers etc. resembling a bush",25,546
"twelve","twelve",101,546
"sea","the sea, the deep",121,546
"drink","an instance of drinking: a draught, a drink",30,545
"people","people; people assembled",60,545
"shining","shining, beaming",22,544
"mixture","a mixture; a compound",155,544
"snail","limax, snail",15,543
"spine","Spine.",48,543
"welcome","called, invited, welcome",53,543
"clasp","clasp, buckle, brooch, pin, latchet, brace",76,543
"rusty","rusty, covered with copper rust",15,542
"can","to be able to, to know (how to do), understand, to have practical knowledge",77,542
"ghost","spooky ghost, haunt, evil spirit, terror",80,542
"scrape","to scrape, shave, scratch",100,542
"pot","pot, jar",122,542
"city","an inland city of the Turdetani, in Hispania Baetica",6,541
"wise","wise, intelligent, wisdom",15,541
"town","a town, city; the inhabited part of a city in particular, rather than the citadel",51,541
"broken","broken",145,541
"life","a living, property",142,540
"crawler","One who crawls in holes or caves, such as a snake or fox.",3,539
"victory","victory",29,539
"only","only, sole, single",34,539
"wide","extensive, wide",65,539
"vary","to diversify, variegate, change, transform, make different or various, alter, vary, interchange",146,539
"fear","fear, terror",133,538
"way","dust (?); path, way, road",141,538
"station","a standing, placing, setting",60,537
"lover","a Bœotian who was in love with Cygnus",80,536
"diviner","divine (used only in comparative: θεώτερος (theṓteros))",64,536
"fondness","fondness for; favor of; respect for.",48,536
"metal","metal (atomic element or material made of such atoms)",89,536
"friend","a (male) friend",112,536
"eating","Euphemistic form of -fag",48,535
"honeyed","Of or pertaining to honey.",83,535
"foreign","belonging to a different tribe; foreign",12,534
"armed","carrying weapons or armor/armour; armed; warlike",8,534
"believer","A believer in something.",116,534
"anchor","anchor (tool to keep a vessel from drifting)",101,534
"imitate","to make like, feign, imitate",110,533
"dark","dark, dusky",71,532
"ransom","price of release, ransom",60,532
"veil","veil, headdress",79,532
"fate","destiny, fate",51,531
"bid","to bid (for), make an offer (for)",86,531
"pledge","pledge, surety, security, whether received or given",96,531
"represent","to represent, express, portray",32,530
"base","that on which anything steps or stands",125,530
"always","Epic and Tragic form of ἀεί (aeí)",66,529
"islander","islander (person who lives on an island)",38,529
"mat","carpet, rug, mat",131,529
"ankle","ankle",85,529
"level","even, level",51,528
"grater","grater",39,527
"lightning","lightning",62,527
"bear","to bear; to carry",94,527
"reality","the view of reality itself (as opposed to a dream)",35,527
"ruler","ruler",43,527
"name","a male given name, equivalent to English Thales",91,527
"spider","Arachnid; arachnidial; spider.",42,526
"crooked","crooked, bent",55,526
"marked","branded, marked",17,525
"stiff","stiff, rough",28,525
"penis","pudendum virile, the genitals of a man",146,525
"swelling","A swelling on the shinbone of cattle",66,525
"salty","salty, briny",78,525
"name","A Latin name, notably borne by Ancus Marcius",156,525
"captured","aorist active participle of ᾰ̓λῠ́σκω (ălŭ́skō)",57,524
"external","on the outside, outward, external, outer, far, remote",68,524
"cold","cold, freezing",76,524
"solid","solid (state of matter, shape)",38,524
"lead","lead (metal)",177,524
"round","spherical, round",26,523
"card","card for combing wool",60,523
"river","a river in Caria, mentioned by Pliny",34,523
"eating","the act of eating (food); eating a meal",81,523
"sprout","sprout, shoot, bud",89,522
"sharp","sharp, pointed",98,522
"prominent","prominent, jutting out, projecting",41,521
"front","line of battle, front, array",93,521
"hollow","hollow of the cuirass",132,521
"slender","slender, thin",9,520
"noble","well-born, noble",45,520
"rotating","turning, spinning, whirling, rolling, revolving (that turns itself around)",2,519
"stretch","to stretch out",34,519
"always","always; ever (at all times)",180,519
"fox","vulpine, fox",6,518
"back","back, back again",125,518
"curved","bent, curved",76,517
"planting","planting, transplanting",56,516
"acts","acts, transactions, or proceedings (e.g., of an organization, in an academic field, of an office holder).",114,516
"dampness","dampness",33,515
"tent","tent",130,515
"disease","sickness, disease, plague, affliction",21,514
"extending","extending",90,514
"hair","loose, flowing hair; used especially of back hair",64,513
"fall","to fall, throw oneself down",52,513
"wine","wine (alcoholic beverage)",107,513
"dwarf","dwarf (female)",198,513
"strainer","strainer, colander, especially wine strainer",29,512
"round","round, spherical",43,512
"melon","cucumber, melon: any variety of the species Cucumis melo (true melons)",21,511
"fork","small two-pronged fork",63,511
"plate","a broad, flat piece.",91,511
"badly","badly",115,510
"image","image, artistic representation of a thing",146,510
"thirst","thirst",119,510
"daring","daring, venturing, risking",124,509
"tribe","A tribe of Asia mentioned by Pliny",102,509
"tribe","A tribe of Mauritania dwelling near the territory of the Pharusii",131,509
"born","born, given birth to, having been born",170,509
"mucus","mucus.",104,508
"mimic","mimic",17,507
"urge","to encourage, urge",116,507
"wagon","a wagon, a two-wheeled baggage cart",177,507
"assembling","assembling",196,507
"stop","to make cease",127,506
"removal","taking away, removal",112,506
"cold","cold",111,506
"fearful","fearful",157,506
"mountain","A mountain situated near Ephesus",78,505
"drop","a drop of fluid, especially of natural substances (e.g., water, blood)",122,505
"gum","gum",85,505
"strike","contracted second-person singular future active indicative of θείνω (theínō)",58,504
"god","a minor Roman god guarding the good health and growth of children",37,504
"veined","full of branching veins",25,503
"birth","birth",79,503
"deceit","deception, deceit",46,503
"beauty","beauty",180,503
"social","Of or pertaining to companionship; companionable, sociable, social",19,502
"partial","partial",111,502
"town","a town in Cyprus situated near Salamis",83,501
"axe","an axe, hatchet with a broad edge",65,501
"wonder","a wonder, marvel, something strange",102,501
"river","a river of Ionia, celebrated in the antiquity for the healing powers of its water",42,501
"darted","third-person singular aorist active indicative of ᾱ̓ῑ̈́σσω (āī̈́ssō)",82,501
"here","here",153,501
"vault","anything with an arched cover such as a covered carriage or boat, a vaulted chamber; vault, span",68,500
"friendly","friendly, well-disposed, amicable",39,500
"add","to say besides",46,499
"sending","a sending, dispatching",88,498
"coral","coral (the substance, usually referring to the reddish-orange variety)",79,498
"thorn","thorn (bush), brier, bramble",97,497
"town","A town on the river Tigris mentioned by Pliny",24,496
"river","A river that flows into the Danube, probably the Morava",53,496
"bright","bright; shining; resplendent",36,496
"soul","combining form of ψῡχή (psūkhḗ)",72,496
"beam","timber, beam, rafter",83,496
"briefly","in a compressed manner, briefly, succinctly",83,496
"to carve","to carve",29,495
"domestic","Of the house; domestic; familiar; native",4,495
"flatterer","adulator, flatterer",33,495
"change","alteration, change",89,495
"light","light, not heavy",111,495
"cap","a felt cap worn at the Saturnalia, and given to freed slaves",140,494
"forward","forward",46,494
"reader","A reader.",146,494
"girl","girl, lass, maiden (female child)",23,493
"field","pasture, field",40,493
"cracked","full of cracks, chinks, or fissures; cracked",51,493
"muscle","Muscle.",38,493
"city","an inland city in Hirpinia, situated near the sources of the river Aufidus, now the town of Conza",46,493
"extended","stretched or thrust out",38,491
"island","Pharos, the small island off Alexandria where the famous lighthouse was located.",67,491
"seed","The seed of the plant Paliurus spina-christi, also known as Christ's thorn.",102,491
"river","a river in the former Belgic Gaul, in modern France; modern Meuse or Maas",80,491
"turtle","tortoise, turtle",14,490
"combined","combined together, in all",130,490
"cork","made of cork",17,489
"misty","full of mist, covered with mist, misty, foggy; cloudy",13,489
"nobles","noble(s), prince(s), chief(s)",100,489
"woolly","wool-bearing, fleecy",13,488
"heap","heap, pile, mound (especially of corn)",30,488
"falsely","falsely, wrongfully, deceitfully",122,488
"town","a town in Noricum, now probably Sankt Pölten",73,488
"river","a river in Mysia that flows into the Caicus",118,488
"human","mortal man, human being",73,487
"town","A town of Macedonia situated south-east of Thessalonica",80,487
"shaded","shaded",44,486
"shaped","shaped",92,486
"opening","a hiatus, opening (especially of the mouth), gap, aperture, cleft",84,486
"mountain","A mountain and fortress of Messenia",12,485
"oil","oil-; of or pertaining to olive oil",13,485
"hidden","hidden, concealed, secret, having been concealed",40,485
"head","Homeric and Ionic form of κᾰ́ρᾱ (kắrā)",90,485
"careless","careless, negligent",34,485
"daughter","a daughter of Nicholas",108,485
"stream","broad, deep flowing, rapid water; stream, torrent, river; ocean; liquid; current",128,485
"below","below",206,485
"whirl","whirl",52,484
"sick","sick, ill",47,483
"loosed","unaugmented third-person singular aorist middle indicative of λῡ̆́ω (lū̆́ō)",69,483
"drunk","drunk, drunken, intoxicated",83,483
"new","New or recent.",50,482
"melt","to melt, melt down",162,482
"spine","Spine or vertebral column.",64,481
"twin","twin",49,481
"belt","A girdle which encircles the hips; zone, belt; sword-belt; sash.",25,480
"cone","cone, pyramid",90,480
"scattered","scattered (about), dispersed",38,479
"pus","ichor, pus, sanies",155,479
"wandering","wandering, roving",11,478
"stake","stake, log",54,478
"food","food, fodder",114,478
"thready","consisting of threads, full of threads, thready",93,478
"current","this year's, grown this year",109,478
"clinging","clinging",14,477
"mist","mist",67,477
"larva","a kind of little worm or larva (animal)",17,476
"wormy","wormy, worm-eaten",11,476
"iris","iris (plant)",121,476
"cut","third-person singular aorist active indicative unaugmented of κόπτω (kóptō)",60,475
"bean","bean (Vicia faba)",99,475
"gourd","gourd, calabash (varieties of Lagenaria siceraria)",52,474
"spit","a spit, rod",94,474
"say","to say, speak, assert, say ""yes"", affirm (also in reply)",164,474
"gem","a precious stone",12,473
"tuber","Alternative letter-case form of -Tuber.",117,473
"borer","borer",25,472
"itch","itch, mange, scurvy (of men and beasts)",16,472
"duck","duck",106,472
"vibrate","to vibrate, quiver",96,472
"rising","elevating, rising",19,471
"abyss","A chasm, abyss",65,471
"flower","flower, blossom",107,471
"cure","cure; remedy",89,471
"mobile","easily moved [with εἰς (eis, + accusative)]",11,470
"clatter","sounds or noises not produced by the human voice: clattering, rattling, knocking, crashing",10,470
"stripe","mark of a stripe, weal, bruise",18,470
"lean","lean",63,470
"pretended","imitated, feigned, pretended, behaved or acted as if or as though; having imitated, etc.",15,470
"city","A city of Lycia or Caria situated after Daedala",116,470
"sleep","rheum, sleep, a humour that gathers in the corner of the eye",76,470
"swift","quick, nimble, swift",94,470
"tropical","A specific epithet for many tropical organisms",10,469
"ordered","commanded, ordered, mandated; having been ordered, etc.",36,469
"floating","floating",88,469
"above","above, on the top, on the upper side",202,469
"soap","soap; a substance for cleaning and degreasing",94,468
"either","Either or both.",86,467
"heap","heap, pile, sheaf",25,466
"thread","Thread.",69,466
"compass","A pair of compasses; a tool for measuring distances or constructing a circle.",35,466
"silvery","of silver",50,465
"cheerful","cheerful",50,465
"settler","that which settles (especially a swarm of bees)",24,465
"river","a river in Picenum that flows into the Adriatic Sea, now the Tenna",34,465
"scattered","strewn, scattered",25,464
"late","late",117,464
"worm","A worm.",87,464
"to weave","to weave",114,464
"handle","handle, haft",145,464
"gum","gum, obtained from babul (Vachellia nilotica)",13,463
"seam","seam",38,463
"spicy","spicy",21,463
"old","Senescent; old.",54,463
"interpreter","interpreter, discerner",39,463
"sour","sour, tart, acid, bitter",92,463
"heavy","heavy, weighty, ponderous",16,462
"deity","god; goddess demigod",43,462
"one","one, single",131,462
"fork","a pole; a fork for spreading nets",98,462
"nervous","Relating to the nerves, nervous tissue, or the nervous system.",83,462
"peg","nail, dowel, peg",85,462
"host","host",27,461
"foil","to make into leaf/foil",147,461
"guard","guard service, garrison",135,461
"moved","moved, removed, having been moved.",44,460
"fastening","fastening",135,460
"alien","outsider, foreigner, stranger, alien",24,458
"courage","courage, bravery, fortitude (of men or women)",55,458
"bat","a bat (animal)",14,456
"adjacent","beside one another, side-by-side",46,456
"cloud","cloud, mass of clouds",36,456
"eager","ready, willing, eager",155,456
"thread","thread, string, filament, fiber",89,455
"bile","bile",91,455
"starch","starch",102,455
"champion","champion, foremost fighter",12,454
"thorny","overgrown with thorn, briar etc.",7,454
"stage","stage",65,454
"island","The largest island of the Cyclades",87,454
"cave","cave",98,454
"turned","turned",34,453
"small","Small, little.",85,453
"town","A town of Palestine situated where the Jordan flows into the lake Tiberias",143,453
"honeyed","Of, pertaining to or resembling honey.",25,452
"breathe","to breathe, blow",115,452
"town","A town of the Peucetii in the interior of Apulia, situated near Venusia",49,451
"summer","summer",9,450
"trembling","shaking, quaking, quivering, trembling, tremulous",28,449
"cord","a slender rope, cord",83,449
"reptile","reptile",38,449
"flood","inundation, an overflowing, flood",18,448
"stone","a stone",36,447
"tear","tear (drop of liquid from the eye)",49,447
"individual","Any individual among the Carbo family",118,447
"to dig","to dig",34,445
"reed","a kind of reed",21,445
"boundary","boundary, limit, frontier, landmark",82,445
"pitcher","jug, pitcher, ewer",53,445
"injury","hurt, injury, damage, loss",44,444
"mint","the mint (plant)",104,444
"touched","touched, having been touched, grasped, having been grasped",108,444
"wanderer","wanderer, stroller, rover, vagabond, vagrant",58,444
"garden","garden, orchard or plantation",107,444
"transferal","transferal (bearing away)",124,443
"weary","weary; faint; tired",97,443
"high","on a slope: high, lofty",147,443
"sloping","sloping or shelving (downwards)",42,442
"footed","furnished with feet",29,442
"noon","midday, noon",11,442
"vine","a Greek species of vine",57,442
"fin","fin",88,442
"adapted","modified, adapted",98,440
"seeing","seeing",34,439
"flour","ground corn, flour, meal",47,439
"spear","A spear",73,438
"owing","owing; being obliged",131,438
"delay","a brief delay",29,437
"pain","pain",61,437
"wind","wind",57,437
"beak","beak, bill (especially of a cock)",50,435
"river","a river in Mauritania, now the Tafna",52,435
"concealment","a concealment; a hiding",97,435
"this","Emphatic form of hic.",81,435
"rug","A shaggy mat or rug",29,433
"purely","purely, without admixture.",68,433
"contest","contest, struggle for victory",35,432
"pond","a hole, pit, ditch; (especially) a pool, pond",56,432
"fracture","breaking, fracture",69,432
"bat","bat (small flying mammal)",64,432
"covered","covered",31,431
"key","a key",63,431
"virgin","virgin",23,430
"standing","About to be stood",30,430
"king","lord; king",57,430
"maker","maker (especially of statuary images)",13,429
"windy","windy",28,429
"painful","painful, distressing",43,429
"inner","innermost; depth; hiding",16,428
"separated","separated",27,428
"give","to give, furnish, supply",46,428
"separately","separately, differently",37,428
"city","city",126,428
"peaks","head; mountain top (used mostly in the plural form)",65,428
"bolt","a bar or bolt for fastening doors",125,428
"current","flow, current",39,427
"town","a town of Messenia, situated on the road from Andania to Cyparissia",47,427
"island","A small island near Naxos",19,427
"good","good, brave, noble",52,427
"to prick","to touch with a sharp point, prick, stab, pierce",34,427
"begin","to begin [with genitive 'something, from something, with something']",86,427
"grass","grass, fodder, pasture",25,426
"clear","Clear, fair, bright, serene, tranquil.",65,426
"writer","writer",54,426
"pasion","Pasion",88,426
"watcher","watcher, lookout",28,425
"opening","The opening of the upper part of a balance, in which the tongue moves",134,425
"crafty","crafty, cunning, deceitful",9,424
"relaxed","not stretched, relaxed",66,424
"good","good; brave; noble; moral; gentle",138,424
"very","An intensifying prefix, roughly equivalent to more or very.",23,423
"apple","apple",34,423
"bee","a bee",130,423
"fontal","bearing a relation to the spring or source",5,422
"gaping","the gaping of a mouth, as when laughing or yawning; gaping jaws",87,422
"containing","Containing, able to hold.",100,421
"hardness","hardness, rigidity",48,419
"known","known",71,419
"foot","Foot; having or relating to feet.",85,419
"rigid","stiff, inflexible, rigid, unbending",21,418
"leafy","leaved, leafy, having leaves",30,418
"twins","twins",82,418
"vault","to construct in the form of a vault; to vault, arch, roof over",68,418
"hill","hill",138,418
"sight","sight, view",33,417
"besides","besides, over and above, thereto, in addition",89,417
"origin","origin, birth",58,417
"coil","anything twined or wreathed, coil, wreath",43,417
"extended","stretched out, strained, outstretched, extended",37,417
"sculptural","sculptural",18,416
"sheath","sheath, case",26,416
"sheath","a case, envelope, sheath",82,416
"bit","a little, a small amount",16,415
"light","light, brightness, the bright flame or blaze of fire",18,415
"town","a town in Africa, now Kélibia",36,415
"dry","to be dry or parched",61,415
"wander","to wander, rove, stray, roam",69,415
"town","a town in Troas",101,415
"bearded","with a goat's beard",8,414
"acorned","made of acorns",14,414
"moss","A kind of moss drooping from oaks",18,414
"then","then",62,414
"cancer","A bad species of swelling or ulcer",48,414
"grass","grass, herbage",24,413
"seems","it seems to me, methinks [with dative]",63,413
"grace","elegance, grace",89,413
"lens","lens",53,413
"river","a river in Hyrcania, mentioned by Pliny",51,413
"hinged","of or pertaining to a door hinge",16,412
"scrap","the least amount; scrap, crumb",50,412
"hairy","Of or related to hair, hairy.",5,412
"cat","a cat",42,412
"box","box, chest, casket",84,412
"luxury","luxury",15,411
"abyss","an abyss",6,411
"slack","slack, loose, supple",57,411
"athlete","athlete",7,410
"circle","A circle (geometric figure)",23,410
"summer","of summer",20,410
"cliff","cliff, rock",26,410
"hollow","empty, void, hollow",92,410
"against","Against; in opposition to.",59,409
"emerge","to go out, come out",121,409
"peak","peak (e.g. of a mountain)",129,409
"cultivated","tilled, cultivated, having been cultivated",43,408
"honor","honor, glory, pride, delight",82,408
"formed","formed; moulded in clay or wax",14,407
"hooded","hooded",15,407
"passed","permitted, neglected, overlooked",6,407
"wicker","Made of wicker, made of rods or twigs",71,407
"leap","A leap, jump, bound, spring; a leaping",61,407
"step","a step, pace",114,407
"wandering","wandering, roaming",93,407
"rear","back, rear",132,407
"square","square, squared, having been made square, made into a square shape",3,406
"wonderful","wonderful, amazing, miraculous",18,406
"drop","a drop of a dense, viscous liquid or other non-natural substance (e.g., oil, sap; vinegar)",64,406
"pan","a flat frying pan",41,406
"river","a river in Noricum, now the Salzach",52,406
"shine","to shine, glitter",74,406
"city","a city, walled town",40,405
"drag","to drag, pull",47,405
"dance","dance, especially choral dance with music",60,405
"ancestor","ancestor",61,405
"depart","to go away, depart",65,404
"cup","little cup, small cupful; cup",32,403
"crust","the hard surface of a body; rind, shell, crust, bark, scab",61,403
"tin","tin",98,403
"skin","Dermal: dermis, but also often, broadly, skin or epidermis.",59,403
"beardless","beardless",10,402
"slave","a homeborn slave (a slave born in his master's house)",41,402
"as","as, like, just as",32,401
"many","supernumerary; many; more.",85,401
"crab","A kind of crab.",62,401
"complement","that which fills, complement",29,400
"bear","bear; ursine",9,400
"returning","returning, reverting, reappearing, recurring",63,400
"stem","stem, stump, block",67,400
"branch","a branch or bough of a tree, especially one severed thence",141,400
"hull","hull of a ship",16,399
"wonder","Miracle; wonder; marvel.",78,399
"fertile","fruitful, fertile",30,398
"secret","hidden, secret, private, mysterious",17,398
"head","Macedonian form of κεφαλή (kephalḗ, ""head"").",14,398
"weapon","A kind of weapon, forbidden during gladiatorial contests.",54,398
"king","A king of Sparta",139,398
"eating","eating",95,397
"wingless","wingless, unwinged",79,397
"male","Of or pertaining to a man",114,396
"cheerful","name of a fourth-century saint, meaning cheerful, happy.",44,396
"lock","tuft, wisp of wool",119,396
"command","command, order",76,396
"thrusted","thrusted",39,395
"shaking","shaking",79,395
"orange","flame-coloured, yellowish-red",77,395
"ganges","the Ganges",149,395
"writing","text; anything written, writing",20,394
"domestic","of or relating to the master or mistress of a family",31,394
"slimy","slippery, slimy",29,394
"heaven","heaven (where the stars and the Milky Way is)",94,394
"high","being a large vertical distance from: high, deep",75,394
"fungus","mushroom; fungus",72,394
"peter","Peter (biblical character).",90,394
"founder","The mythical founder of Mantua and ally of Aeneas",47,393
"weave","to spin; weave, interlace, entwine",113,393
"lean","without flesh, lean",23,393
"cat","cat; domestic cat, tom (male), queen (female)",50,393
"slope","slope, hill, rise",77,392
"pea","pea, pease, seed of the plant Pisum sativum",8,391
"town","a town in Phoenicia near the river Eleutherus and contiguous to the town of Zimyra",7,391
"city","An ancient city of Attica, famous for its mysteries of Demeter and Persephone",3,391
"union","connection, union, junction",26,391
"travel","to travel, to journey",115,391
"longing","longing, yearning, regret",28,390
"eyelash","eyelash",20,390
"horizon","horizon",34,390
"herd","herd",43,390
"wrap","to wrap, enfold, cover",47,390
"safe","safe, prudent",93,390
"original","primitive (first of its kind), original",14,389
"job","Job (Old Testament character and book in the Bible)",25,389
"plane","plane (carpenter's tool)",22,389
"separate","to stand apart; to be distant",32,389
"clear","transparent, clear",35,389
"foot","with the foot, with the heel",89,389
"fat","fatted, fat",12,388
"child","child (of either gender)",27,388
"hairy","Having hair, hairy.",21,388
"cake","cake made of sesame and honey",61,388
"disease","functional disease or condition such as hepatosis",93,388
"ice","ice",104,388
"lightning","lightning, a flash of lightning",45,387
"thorny","Having thorns.",44,387
"digit","a finger, toe",90,387
"forked","forked, cloven",103,387
"branch","bough, branch",25,386
"concealed","concealed",24,386
"bean","bean",45,386
"sphere","small ball or sphere",31,386
"like","like, similar, resembling (followed by the dative)",98,386
"die","to die, to perish",132,386
"to pour","aorist active infinitive of χέω (khéō)",79,386
"swift","swift",11,385
"fat","corpulent, fat, obese, stout",12,385
"onion","a kind of onion",12,385
"weak","faint, weak",22,385
"drop","a drop (of liquids)",63,385
"quality","quality; attribute",35,385
"chest","chest, box, coffer, safe (safe place for storing items, or anything of a similar shape)",127,385
"vine","the name of various climbing plants",41,384
"river","A river of Gallaecia, Hispania Tarraconensis, now the Tambre",67,384
"few","few; little (small amount)",93,384
"heat","heat",127,384
"handle","handle",107,384
"abundant","abundant, copious, plentiful, large, abounding in something",106,383
"dream","dream",98,383
"violet","a violet-coloured flower",76,383
"wanderer","wanderer, roamer, vagabond",44,383
"to smell","to smell; to emit an odor, especially a bad odor",58,383
"easy","easy, slight",66,383
"to excite","to excite",105,383
"substituted","vicarious, substituted",12,382
"released","unbound, released",32,381
"flow","to flow, stream, run, gush",62,381
"child","a child; chit",79,381
"reed","a reed, cane",55,381
"left","left, on or with the left hand",128,381
"saddled","saddled",46,380
"air","air or aircraft",46,380
"calling","calling, invoking, inviting, summoning, speaking of",48,379
"town","a town in Dalmatia, whose location is still unknown",83,379
"rod","rod, pole, bar",90,379
"bright","bright, shining, brilliant, lustrous",23,378
"town","a small town of Boeotia where Epaminondas defeated the Spartans",9,377
"pheasant","pheasant (bird)",18,377
"roll","roll (bread), cake",11,377
"lucky","favorable, fortunate, auspicious, prosperous, lucky",11,377
"night","night (period of time)",56,377
"snail","A kind of spiral snail",53,377
"able","-(a)ble; used to form an adjective, usually from a verb, indicating a capacity or worth of being acted upon.",64,377
"never","not at all, by no means",58,376
"swallow","swallow (bird)",24,375
"fit","to fasten, fit, apply, adjust",62,375
"direct","face-to-face, open, direct",47,374
"orderly","ordered; moderate; regular; decent",50,374
"silver","plate, silver",31,374
"coiled","twisted, coiled",25,373
"neglected","neglected, omitted",21,373
"bounded","marked off (by boundaries), bounded, limited",32,373
"man","epithet of men",23,373
"funeral","funeral rites; burial; funeral; wake",30,373
"dine","to dine, eat dinner, sup",62,373
"property","a piece of property; a possession",8,372
"branch","bough, branch, twig",57,372
"band","roll, band, girth",126,372
"tribe","A Germanic tribe dwelling near the territory of the Marcomanni",132,372
"condition","Same as -ance; having the state or condition of.",145,372
"beaded","moniliform, characterized by or having a chain-like series of bumps, swellings, or joints; resembling beads on a string or necklace",10,371
"hidden","invisible, hidden, latent, concealed, mysterious",66,371
"shining","Shining, glittering; bright, clear.",58,371
"drum","drum, kettledrum",55,371
"sisterly","sisterly",4,370
"alive","alive, animated",22,370
"stretched","stretched; stretched out; extended; distended",102,370
"ten","Combines with the prefixes for 3-9 to form complex prefixes referring to 30-90.",96,370
"rich","wealthy; rich",14,369
"steward","steward, dispenser",72,369
"dust","dust",128,369
"round","circum- (round, about)",89,368
"crater","a crater in Clavius, LQ26 quadrangle, Moon, Earth-Moon System, Solar System",22,367
"hornless","hornless",16,367
"polish","Polish",14,367
"lie","An untruth, falsehood, fraud, deceit, lie; forgery.",92,367
"useful","useful, serviceable, beneficial, profitable, advantageous; helpful",38,366
"commander","commander",59,366
"now","this moment, even now",80,366
"penalty","penalty, punishment",90,365
"belonging","Added to noun stems, forms adjectives, usually with the sense ""belonging to"", ""dwelling in""",95,365
"mat","mat; wickerwork; wattle; plaited work of osiers or rushes",22,364
"turning","a turning round",50,364
"divided","broken apart; divided or separated by force",75,364
"muzzle","Hesychius' gives the definition as: κημός (kēmós, ""muzzle"").",89,364
"ascending","ascending",12,363
"rocket","a siliquose plant, probably a member of the genera Barbarea (wintercress or yellow rocket) or Sisymbrium (comprising several species of mustard and rocket)",64,363
"urban","of or belonging to a city; urban",6,363
"test","test, trial, inspection, examination",71,363
"leader","leading, leader",113,363
"tumor","swelling, tumour",30,362
"base","basis, foundation, pedestal, base, ground",13,362
"strip","A strip of papyrus wood",76,362
"apple","apple-, of the apple-tree",56,361
"form","shape, form",42,361
"man","man (adult male human)",131,361
"dam","dam; dyke",83,361
"groin","groin",32,360
"wearing","present active participle contracted of φορέω (phoréō)",39,360
"out","out, out of",72,360
"many","many, a lot of",54,360
"dome","dome, cupola, rotunda",89,360
"down","fine, soft down, as of young birds",60,359
"jaw","Jaw.",68,359
"coastal","that grows by the seaside",60,359
"god","God",144,359
"strange","unusual; strange",11,358
"whispering","whispering, slanderous",11,358
"city","A city of Boeotia dependent upon Haliartus",16,358
"hidden","hidden, covered, concealed",29,358
"oar","oar blade, hence generally, oar",25,358
"toothed","Having sharp teeth or tusks",86,358
"thief","thief",68,358
"rule","carpenter's line or rule",29,357
"peg","peg, pin, small stake",30,356
"strength","strength, might, power",69,356
"sterile","barren, sterile",23,355
"ancestor","forefather, ancestor",29,355
"connect","to connect, interweave, attach, unite; relate",47,355
"origin","beginning, origin",120,355
"shit","shit, especially of humans",87,355
"feather","feather, plume",35,354
"evening","evening",8,354
"town","a town on the southern coast of Thrace, near the mouth of the Hebrus",72,354
"fat","fat, rich",47,354
"last","shoemaker's last",38,354
"bite","bite, sting",27,353
"town","a town in Mysia, situated between the rivers Rhyndacus and Macestus",38,353
"tuna","A tunny fish",35,352
"opposite","opposite, opposed, contrary, conflicting, witherward",9,352
"powerful","having strength, power",81,352
"ending","Simple perfect infinitive ending",71,352
"dismissal","letting go, dismissal",12,351
"eternal","timeless, eternal; existing always, without beginning or end; not subject to generation or decay",37,351
"net","net",43,351
"knife","knife",73,351
"bound","connected, tied, bound, having been connected.",45,350
"back","Tectum, dorsal portion, outer surface.",51,350
"straight","straight; direct",98,350
"wandering","wandering, straying, vagrant",15,349
"crystal","crystal",15,349
"dead","dead",61,349
"reed","A reed, cane.",20,348
"viny","rich in vines",38,348
"go","to go, move, proceed, go along, move along",70,348
"apples","apocopic form of μῆλα (mêla), nominative/accusative/vocative plural of μῆλον (mêlon)",66,348
"old","that which has existed a long time; old, ancient, aged; established, lasting",12,347
"life","Combining form of life.",26,347
"patched","patched",95,347
"waving","waving (form)",70,347
"spring","spring, leap, jump",83,347
"comely","fair, comely, good-looking",126,347
"swim","to swim or float",151,347
"rocky","A specific epithet for plants associated with rocky places",4,346
"deadly","deadly, fatal",19,346
"hole","that which is bored, a hole",29,346
"tell","to tell of; to speak of",94,346
"surround","to be around (a place)",89,346
"poured","poured, shed",102,346
"nine","nine; 9",111,346
"continuous","continuous, contiguous, unintermitting",11,345
"form","to form, mould, fashion",49,345
"mixed","mixed",32,345
"ripe","ripe, softened (of fruit)",91,345
"peak","peak, summit, any jutting part of a mountain",55,345
"means","instrument, medium, or result of",121,345
"swift","swift, quick, fleet, rapid, speedy",10,344
"little","so little, so small",10,344
"former","former, old",17,344
"scattered","discharged, scattered",58,344
"fragment","that which is broken off, fragment, morsel",42,344
"scoop","small ladle or scoop",60,344
"to blow","to blow",99,344
"pure","pure",82,344
"skin","skin, hide",110,344
"drops","drops, as a urinary disease",21,343
"blessed","blessed; happy",88,343
"edge","edge, border, skirt, especially of cloth",71,342
"continuous","joined together, continuous",32,342
"shame","shame, disgrace; a state of dishonor or social ignominy",10,341
"break","to break, to break off, to break into pieces",14,341
"above","high, on high; from on high; from above",111,341
"ending","ending of the future passive participle (gerundive) of second-, third- and fourth-conjugation verbs",118,341
"voice","human voice; speech",121,341
"fork","fork, forked branch",132,341
"nail","a fingernail",41,340
"oral","Of or pertaining to the mouth.",56,340
"rare","rare, uncommon",79,340
"cliff","cliff, crag [5th c. BCE]",84,340
"obligation","obligation, liability, responsibility",13,339
"gem","Name of a gem, precious stone",16,339
"arm","to furnish with weapons, arm, equip; fit out; mobilize",60,339
"breast","Hesychius gives the definition as: στῆθος (stêthos, ""breast"").",59,339
"purple","Purple",57,339
"city","a city of Liburnia situated on the road from Aquileia to Siscia, now Senj or Segna",56,339
"no","no",111,339
"sparkling","sparkling",21,338
"middle","A position which is in between two (or more) of the kind indicated by the root.",32,338
"rooted","rooted",3,338
"motionless","unmoved, motionless",25,338
"dandy","elegant man about town, dandy, rake",16,338
"advanced","advanced, having been advanced",83,338
"vessel","Laconian drinking vessell used by soldiers",51,338
"strap","The thong or strap used to attach a pole to a yoke",59,338
"to thunder","to thunder",78,338
"to bend","to bend",16,337
"adjacent","bordering upon, adjoining, adjacent, neighbouring; close, near",10,337
"protect","to protect, rule over",36,337
"song","song, tune",83,337
"power","power, might, strength",28,336
"band","band for swathing infants",24,336
"town","a town in Crete, mentioned by Pliny",76,336
"interest","interest (on capital); usury",89,336
"ancient","ancient, early, primitive.",108,336
"god","The Lord, the God of Abraham and the Hebrew Tanakh; God, often God the Father",50,335
"peace","peace",79,334
"often","often, repeatedly",98,334
"sausage","sausage",14,333
"backwards","backwards",41,333
"oak","the tallest species of oak, the winter oak or Italian oak (with edible acorns), sacred to Jupiter",32,333
"fish","kind of freshwater fish",35,333
"mast","mast",75,333
"fireless","without fire, fireless",98,333
"to rain","to rain",96,333
"clearly","clearly, obviously, assuredly",85,333
"slope","slope, inclination",31,332
"parent","parent, mother, father",47,332
"make","contracted first-person singular present active indicative of ποέω (poéō)",88,332
"hearing","hearing, listening",116,332
"private","private",9,331
"slope","a slope, incline, inclination",56,331
"sore","sore, baneful, mournful",41,331
"pool","a body of standing water (such as a pond, lagoon, swamp, fen or pool)",26,330
"noble","patrician, noble",11,330
"town","an ancient town in Lusitania situated near the mouth of the Anas",70,330
"often","so often, so many times",49,329
"strand","strand, fibre",59,329
"river","Burcas, a river of Sarmatia mentioned by Ptolemy",68,329
"bunch","bunch of grapes",46,329
"sized","of such size, of such measure",106,329
"completely","fully; completely",129,329
"end","end; goal; purpose",27,328
"glue","glue, paste",44,328
"zonal","Of or belonging to a zone.",57,328
"extracted","extracted",26,328
"town","a town of Liburnia, whose ruins are situated near the modern town of Karlobag",19,328
"confusion","trouble, confusion",37,328
"full","full; filled; complete",16,327
"clean","to clean, cleanse",28,327
"city","The main city of Cynuria",29,327
"grasping","taking hold, seizing, catching",56,327
"club","club; cudgel",32,327
"aided","helped, aided, having been helped or aided",88,327
"icy","ice-cold, icy, frosty",8,326
"unusual","unusual",34,326
"prism","prism",29,326
"cold","frost, cold, chilliness",36,326
"weakness","asthenia; weakness",35,326
"hire","Hire (a city in Messenia, Greece)",94,326
"age","age, eternity, time",125,326
"lip","a lip",39,325
"spread","spread, laid, covered",50,325
"autumnal","of or in autumn, autumnal",63,325
"river","A river of Peloponnesus which forms the boundary between Messenia and Elis before flowing into the Ionian Sea",74,325
"drag","to draw, drag, or trail along",41,324
"tar","to smear with pitch, to tar",87,324
"river","a river in Dalmatia that flows into the Adriatic Sea, now the Zrmanja or Zermagna",7,323
"wisdom","wisdom (often personified)",16,323
"dry","dry, parched",22,323
"support","to prop, support",51,323
"false","lying, false, untrue",50,323
"odorless","Without smell, odorless, inodorous.",12,322
"girl","girl",118,322
"prayer","the thing prayed for, object of prayer, prayer",6,321
"mixed","mixed, mixed together, mixed up, mingled, intermingled, combined; having been mixed, etc.",15,321
"fearful","fearful, afraid, apprehensive, timid",11,321
"hated","hated, hateful",38,321
"dull","Blunt, dull, not sharp, dim.",31,321
"wander","to wander off, out, forth",29,320
"cable","ship's cable, stern's cable",24,320
"needy","in want or need of; destitute of",36,320
"flesh","Meat, flesh.",42,320
"near","Almost, nearly, near, nigh, like, resembling.",65,320
"rapidly","quickly; rapidly",77,320
"name","a male given name [8th C. CE]",1,319
"open","broken up or open",12,319
"egg","egg (edible egg of a domestic fowl; the contents of such an egg or eggs used as food)",56,319
"city","a city on the west coast of Acarnania",22,319
"leech","leech, a blood-sucking annelid of the subclass Hirudinea",50,319
"my","my, of mine",86,319
"common","shared, common",10,318
"constantly","constantly, continuously",18,318
"tribe","A pre-Roman tribe of the interior of Sardinia",47,318
"rabbit","a rabbit",39,318
"remaining","remaining, the rest",23,318
"spring","water issuing from the ground, a spring",81,318
"using","using, employing",95,318
"coping","topmost course of stones in a wall, cornice, coping, frieze",33,317
"town","a town of Hispania Baetica on the river Anas",53,317
"shred","shred (piece cut off)",52,316
"lofty","lofty, high, tall",51,316
"dive","to plunge under water, dive",119,316
"light","combining form of φῶς (phôs, ""light"")",28,316
"wobble","to totter, wobble",75,316
"river","a river in Phrygia, mentioned by Pliny",14,315
"shore","shore",13,315
"young","young",64,315
"removed","removed",54,315
"series","a methodical series, arrangement, or order; regular line, row, or series",112,315
"dense","thick, close, compact, dense, crowded",9,314
"expertly","skillfully, shrewdly, expertly",32,314
"rosy","rosy",86,314
"river","a river in Macedonia, mentioned by Livy",102,314
"desire","desire, longing, especially amorous desire, eagerness",5,313
"town","A town of Lower Egypt situated on the delta of the Nile",16,312
"zonal","of or pertaining to a girdle or belt",30,312
"mound","little heap of earth (not as big as a tumulus)",34,312
"cloud","cloud, mist",51,312
"flow","contracted second-person singular present active indicative of ῥέω (rhéō)",53,311
"foolish","stupid, foolish",23,311
"wind","a wind",86,311
"roar","to cry aloud, bellow, roar; bray",131,311
"transparent","translucent, transparent",9,310
"prostitute","harlot, prostitute (of either sex)",14,310
"sausage","A kind of sausage",17,310
"stained","stained with blood, unclean, dirty, polluted",32,310
"wolf","wolf (Canis lupus)",70,310
"offspring","offspring, children, progeny, descendants, a line of descendants, family, race",68,310
"false","false, fake",106,310
"river","A river of Gallia Cisalpina flowing into the Adriatic Sea not far from Ravenna, now the Montone",95,310
"trunk","trunk of a tree (with the boughs lopped off)",79,310
"brace","each of the braces attached to the ends of the ἐπίκρια (""sailyards""), whereby the sails are shifted fore and aft, to catch the wind",13,309
"peninsula","a peninsula in Dalmatia, modern Croatia",14,309
"peter","Peter",11,309
"town","A town of Thebaid and capital of the first dynasties of Egypt",71,309
"strong","strong, staunch, mighty",49,309
"cluster","cluster or bunch of grapes, berries or similar fruits",51,309
"lever","lever, bar, crowbar",101,309
"hated","hated, abhorred (of persons and things)",76,308
"river","A river of Boeotia and tributary river of the Permessus",72,308
"roughness","rut, irregularity, rough spot or patch",20,307
"elegant","elegant, fine",16,307
"only","only",21,306
"watching","watching, spying",30,306
"dim","indistinct to the senses, dim, faint",48,306
"witness","witness",66,306
"electricity","Combining form of electricity.",126,306
"stalk","stem, stalk",81,306
"wild","wild, rough, harsh, savage, fierce, ferocious",32,305
"wound","wound, hurt",58,305
"skin","a peel or coat of an onion",100,305
"adult","full-grown, grown up, adult",42,304
"afterwards","afterwards, then, next",40,304
"river","A tributary river of the Lagous, in Sarmatia",27,304
"archives","the archives",71,304
"place","location, place, spot (see Latin locus)",57,304
"back","back, rear; surface",168,304
"clothed","dressed in clothing; i.e., being covered by an indumentum",21,303
"carved","carved",7,303
"bowl","bowl, pan",82,303
"covering","that which is thrown over, covering",2,302
"toys","trifles, toys, trumpery",20,302
"horny","Of horn.",16,302
"dwelling","dwelling-place, home, building",42,302
"surrounding","around, surrounding",48,302
"diet","diet, regimen",26,301
"penis","penis with the foreskin drawn back (cf. Latin verpa)",45,301
"before","Placed before, added, at the front, at the tip, before.",13,301
"obliging","ready to be of service or to oblige, obliging",98,301
"safe","unharmed, unhurt, secure",7,300
"cunning","cunning, deceitful, insidious",6,300
"good","good",67,300
"politely","courteously, politely, readily",17,299
"mucus","mucus; a slippery secretion from the mucous membranes",23,299
"mirror","mirror",24,299
"fork","two-pronged fork, hoe",39,299
"trust","to trust, rely on",47,299
"support","underlayer, support",184,299
"appearing","appearing etc.",21,298
"hostile","hostile (to a person, cause etc.), antagonistic",18,298
"turning","turning, movement; identical in origin to -tropy but more commonly associated with medicine, especially eye conditions.",39,298
"plant","A plant (of unknown kind)",51,298
"clouded","clouded, overcast",3,297
"plant","An unknown kind of plant of Syria",7,297
"contraction","contraction, drawing together",28,297
"becoming","coming to be.",44,297
"early","early in the day",81,297
"islands","A group of islands off the coast of Cyprus",66,297
"slow","backward, slow, dull, lazy, indolent, sluggish, unwilling, motionless, inactive, inert",39,296
"irrigate","to irrigate, to lead, convey or conduct (a liquid to a place)",72,296
"to owe","to owe",51,296
"cup","kind of cup or vase",41,295
"giant","A tall person.",3,294
"iron","iron, made of iron",19,294
"hasty","headlong; hasty; eager",56,294
"vein","a vein, blood vessel",110,294
"heart","the heart, as the seat of life, passion, desire, etc.",80,294
"theme","theme; topic",68,294
"board","board, slab",10,293
"spreading","spreading, scattering, dispersing, separating",28,293
"proper","proper, one's own",92,293
"certain","certain",67,293
"light","light (of the sun, stars etc.)",87,293
"witch","a witch, an enchantress, a (female) magician",87,293
"toothed","Having teeth, toothed; dentiferous",3,292
"number","a large number of things, a great number",29,292
"river","a river in Hispania Tarraconensis, flowing into the Atlantic Ocean, now the river Sella",13,291
"holy","Cretan Doric form of ἁγνός (hagnós) holy, pure",48,291
"common","of or from the people, common",23,290
"tasting","a tasting",56,290
"word","a word",101,290
"planet","planet (wandering star)",14,289
"city","A city of Bithynia on a gulf of Propontis",78,289
"vessel","pail, bucket, jar, cask, vessel for water or wine",129,289
"commander","commander, general, chief, master, person in charge",6,288
"serve","to serve as handmaid, be subservient to, attend upon, wait on, serve",22,288
"clothed","clothed, covered, dressed",28,288
"comber","comber (Serranus cabrilla)",31,288
"snake","snake (traditionally held as the poisonous snake viper, but perhaps also a constrictor)",26,288
"saucer","saucer (or similar broad, flat bowl)",44,288
"octopus","octopus",53,288
"bear","to carry, bear",96,288
"lot","a river in Aquitania, now the river Lot",90,288
"chaos","chaos; the primordial state of existence",35,287
"cavity","a hollow, cavity, cave, cavern, grotto, hole",36,287
"cancer","Cancer.",32,287
"all","all",75,287
"river","A river of Macedonia, now the Vardar",37,287
"mountain","A mountain of Thessaly, separated from the Olympus by the valley of Tempe",99,287
"as","as",3,286
"dark","black, dark, swarthy, murky",19,286
"chin","chin",36,286
"move","to move, remove",26,286
"oar","oar for rowing",25,286
"epic","epic",66,286
"full","Hesychius gives the definition as: μεστός (mestós, ""full, sated""), πλήρης (plḗrēs, ""full, satisfied""), μέγας (mégas, ""big"").",74,286
"traverse","to go along, pass or traverse",87,286
"foamy","foaming, foamy",15,285
"oak","an oak tree",17,285
"era","era or epoch from which time is measured",37,285
"scattered","scattered",18,285
"diseased","Having disease or abnormal condition.",97,285
"examination","close examination, scrutiny, test, inquiry",6,284
"tribe","A tribe of Dacia which dwelt on the Tibiscus",11,284
"measure","to measure or estimate",22,284
"fish","A kind of fish, perhaps sardine or mackerel.",70,284
"group","a group of smaller animals: a flock (of birds, sheep, etc.), a pack (of dogs, wolves, etc.), a swarm (of insects), etc.",79,284
"island","a small island off the coast of Cyprus",91,284
"river","A river of Thrace, now the Evros",19,283
"nose","The nose.",8,283
"hop","hop",19,283
"whip","Hesychius gives the definition as: μάστιξ (mástix, ""whip, scourge"").",69,283
"holy","revered, august, holy",42,283
"bladder","bladder, urinary bladder",60,283
"city","a city in Etruria; site of modern-day Lucca",61,283
"ulcer","sore, ulcer, wound",112,283
"bend","bend, (act of) bending",7,282
"hot","warm, hot",30,282
"trust","to trust, put confidence in",50,282
"refuse","to be unwilling, to not wish, to not want, to refuse",43,282
"delicate","soft, delicate, gentle",110,282
"elbow","elbow, lower arm",20,281
"spongy","spongy, spongelike",11,281
"carbon","carbon",30,281
"interior","the inmost or furthest part of a place",73,281
"city","a city of Arcadia situated west of the chain of Erymanthus",10,280
"joke","jest, gibe, joke",27,280
"treatment","handling, management, treatment",46,280
"rising","rising",11,280
"way","way",19,280
"pierced","pricked, punctured, pierced, having been pricked.",89,280
"nothing","syncopic form of nihilum",95,280
"walking","a walking",16,279
"foreign","foreign",14,279
"ground","Ground.",34,279
"continuity","a sustained, continuous course or movement, a continuity of events, conditions etc. or way of proceeding",29,278
"tree","A tree that yields an odoriferous gum",52,278
"grease","tallow, grease",102,278
"city","Nicaea, Hellenic city in northwestern Anatolia",27,277
"thin","thin; slim",14,277
"town","a town in Africa, mentioned by Livy",44,277
"hunter","hunter",30,277
"yellow","yellow, blond; flowering; shining, bright",7,277
"fold","-times, -fold, suffix used to form proportional numerals",39,277
"heat","to heat, warm, make hot",54,277
"fold","A folding; a corrugation",41,277
"uniform","uniform",3,276
"cup","kind of cup",22,276
"fist","with the fist",64,276
"cousin","A first cousin on the father's side; the child of one's father's brother (one type of parallel cousin).",6,275
"foolish","senseless, crazed, frantic, silly, foolish",29,275
"above","above, upper, higher",23,275
"city","A city of the Marsi, situated on a hill in the upper valley of the Liris",74,275
"shrimp","shrimp, prawn",49,275
"swelling","swelling",72,275
"following","following, next, coming after",100,275
"own","appropriate to oneself: (one's) proper, (one's) own (inalienably)",20,274
"offal","the bowels or entrails of animals, especially the heart, lungs, and liver",88,274
"central","middle, central",30,273
"stained","polluted, defiled, befouled, having been stained",9,273
"left","left",29,273
"sharp","pointed, sharp, keen",29,273
"cake","barley-bread or cake; lump, mass",67,273
"share","an equal share",92,273
"instrument","A measuring instrument, possibly similar to the nautical octant",77,273
"boiling","boiling, seething",27,272
"now","right now, at present, at this time, at this very moment",38,272
"light","light of the sun or moon",40,272
"man","man (adult male)",62,272
"life","a female given name, Zoe, Zoë, Zoé, Zoja, Zoya, or Zoey, meaning ""life""",81,272
"gather","to collect, assemble, gather together",22,271
"penis","penis or phallus. [from 20th c.]",54,271
"home","in the house, at home",42,271
"skill","skill",34,271
"joker","one who jokes; a joker, jester",4,270
"remote","remote, out of the way",10,270
"unusual","unusual, uncommon, extraordinary",15,270
"port","Latin name for a sea port on the English Channel in what is now Nord-Pas-de-Calais, France, though its precise location is unknown; mentioned by Julius Caesar",44,270
"skull","skull",56,270
"river","the Amu Darya river",40,270
"board","plank, board",42,270
"other","the other, remainder, rest",41,270
"tobacco","tobacco",32,270
"owl","owl, especially the Eurasian eagle owl (Bubo bubo)",27,269
"bloody","raw, bloody, bleeding",34,269
"shining","gleaming; shining; glittering (epithet of copper and heaven)",59,269
"turkey","turkey, guinea fowl",7,268
"cabbage","cabbage",42,268
"mist","fog, mist, vapor",34,268
"pregnant","pregnant, with child, gravid",7,268
"more","more, more strongly, rather",24,268
"formed","formed, fashioned, shaped",19,268
"between","between; in between; betwixt",27,268
"owl","kind of owl",5,267
"town","A town of the Autrigones in Hispania Tarraconensis",28,267
"issuing","producing, publishing, proclaiming",29,267
"pea","made of peas",13,267
"able","being able (to), able; potent, mighty, strong, powerful",44,267
"nearly","nearly, nigh",125,267
"projection","a projection, prominence",47,267
"roll","roll of bread (usually made with unsifted flour)",30,266
"wonderful","wonderful, marvellous",10,266
"to tattoo","to tattoo",26,266
"cord","cord, line, string",35,266
"speaking","appended to names of peoples to denote to speak in their language or dialect",69,266
"fever","ague, fever",5,265
"truce","holding back, cessation of hostilities; armistice, truce",20,265
"divinity","divinity",33,265
"foot","paw, foot",67,265
"hide","hide of thick-skinned animals, especially of swine",183,265
"arched","arched, vaulted",7,264
"ducklike","Of, or resembling a duck.",19,264
"spark","spark",27,263
"chalky","made of chalk",14,263
"bar","A bar for closing a door",42,263
"cave","cave, grotto",77,263
"wound","wound, especially a fresh, open one",41,263
"densely","thickly, crowdedly",72,263
"wet","being wet; moist, wet",85,263
"below","below, underneath, beneath",142,263
"chained","chained, shackled",17,262
"drilling","boring, drilling",17,262
"ignite","to ignite, kindle, light",63,262
"river","A river of Thrace, now the Mesta",52,262
"heap","a heap, pile",67,262
"chisel","chisel, whether for wood or stonework",60,261
"box","A small box, for holding medicines or toiletries.",75,261
"bias","Bias",45,261
"roller","wooden roller (for moving ships or military engines)",47,261
"town","A town of Bosporus Cimmerius founded by the Milesians",31,260
"pounder","pounder of far / spelt (a slave who grinds it into flour)",54,260
"god","god; deity",69,260
"drying","drying, parching",119,260
"weak","without strength, weak",28,259
"suspected","mistrusted, suspected, having been suspected",15,259
"give","to give [with dative 'to someone (indirect object)' and accusative 'something (direct object)']",66,259
"bear","to bring forth as a fruit of oneself: to bear, to beget, to engender, to give birth to",69,259
"runs","uncontracted third-person singular present active indicative of θέω (théō)",80,259
"vital","of or pertaining to life; vital, life-giving",19,258
"united","united",19,258
"saucer","acetabulum, a saucer for vinegar",70,258
"knowledge","knowledge, knowing",74,258
"carved","carved, engraved, sculpted",23,257
"hen","hen, fowl",22,257
"flow","a flow, stream",17,257
"snowy","full of snow, snowy",5,257
"fork","winnowing fork, three-pronged fork used to stir grain",12,257
"strength","Strength.",40,257
"axis","axis",44,257
"tender","tender, delicate",87,257
"soon","soon, shortly",138,257
"creep","to move slowly, walk; crawl, creep, slink",40,256
"river","a river in Gedrosia, mentioned by Pliny",55,256
"cup","cup, chalice",61,256
"who","who, what, that, which",96,256
"dead","having perished, dead",47,256
"ridge","the earth thrown up between two furrows, a ridge",73,256
"bright","? flashing, shining, bright (epithet of copper)",7,255
"dark","full of darkness or gloom, shrouded in darkness, dark, gloomy",5,255
"wild","wild, stormy",19,255
"solid","Solid, three-dimensional.",46,255
"hammer","hammer, mallet",24,255
"tribe","A tribe settled near the Caspian Sea, mentioned by Pliny",64,255
"curl","a curled lock of hair",5,254
"completed","completed",23,254
"pregnant","pregnant",39,254
"enemy","an enemy of the state, an enemy, a hostile, opponent, foe",55,254
"weeping","weeping, wailing",63,254
"backwards","back, backwards",67,254
"crooked","bent, crooked",27,253
"embrace","an embrace, an act of entwining",21,253
"fortunate","blessed, prosperous, lucky, fortunate",14,253
"plant","A poisonous plant used by Gauls to anoint their arrows",37,253
"making","doing, making",96,253
"cod","cod (Gadus morhua)",19,252
"people","people",39,252
"smoky","smoky, smoking",38,252
"dirty","dirty, foul, unclean",24,252
"warm","warm, balmy",46,252
"commanding","commanding, giving orders to",64,252
"roll","to roll, turn, twist, or tumble about",22,252
"dancer","dancer",16,251
"river","a small river in Bruttium, now called Corace",21,251
"town","The most important town of Cea and birthplace of Simonides",18,251
"main","main; major; primary; principal",49,251
"subject","A subject for consideration or explanation, a theme, matter, subject, contents.",66,251
"weaver","a weaver",39,251
"people","combining form of δῆμος (dêmos, ""people""); demo-",40,251
"brother","brother, male sibling",53,251
"ten","the number ten",71,251
"bottom","bottom",70,251
"force","force, violence",6,250
"mine","a mine, quarry, or salt pit",40,250
"staff","staff, stick, crutch",35,250
"swallow","the swallow",41,250
"pressed","pressed, having been pressed, squeezed",79,250
"dove","dove, pigeon (sacred bird of Venus)",8,249
"embraced","embraced",5,249
"saliva","spittle; saliva",57,249
"erosion","a rubbing down, wearing away, wasting",34,249
"spoils","spoils, weapons and trappings of a slain foe",54,249
"angel","angel",35,249
"numbness","numbness, torpor",64,249
"waving","agitation, waving (of trees)",48,249
"fleshy","fleshy",30,248
"sight","sight, view: -opsia, -opsy",66,248
"spirit","nomen sacrum form of πνεῦμα (pneûma)",19,248
"name","to name, to nominate",37,248
"cranium","the upper part of the head, the cranium",53,248
"pressure","pressure",87,248
"become","to become, be made",85,248
"drop","a drop",37,247
"cold","cold (i.e., so cold as to be uncomfortable)",19,247
"mask","mask",21,247
"knot","a knot (in rope)",63,247
"war","to wage or carry out war, fight in war, war",70,247
"biting","biting; snappish; tart",8,246
"severed","Having been severed",22,246
"crystal","a crystal",37,246
"thread","a thread twisted like a serpent",15,246
"to bless","to bless",81,246
"conceal","to hide (something from someone), cover, keep a secret, conceal",54,246
"city","an ancient city of the Turdetani, in Hispania Baetica",61,246
"round","round, globular, spherical",3,245
"plain","simple; plain",25,245
"injuring","injuring, doing harm, hurting",9,245
"graceful","slender, neat, graceful (as the letter C)",38,245
"mixture","mixture, compound, union",81,245
"belt","A belt, girdle",91,245
"hooked","having a bent, curved or hooked beak",2,244
"tribal","tribal; of or pertaining to a tribe",6,244
"palm","the palm of the hand",31,244
"creeping","creeping",30,244
"drop","raindrop; particle",37,244
"hinge","hinge (of a door or gate), usually a pivot and socket in Roman times.",52,244
"heavy","heavy; weighty",43,244
"cover","cover, shelter",44,244
"twelve","twelve; 12",73,244
"divided","separated, divided",8,243
"star","a star; a constellation",3,243
"blinking","closing the eyes",20,243
"arm","Arm.",24,243
"iron","made of iron or steel, chalybeate",34,243
"power","might, power, dominion",37,243
"today","today",37,243
"river","a small river in Hispania Tarraconensis",62,243
"approach","approach, advance",7,242
"monster","a monster or monstrous creature",27,242
"silky","silken, silky",4,242
"cubic","Cubic, shaped like or related to a cube.",21,242
"silent","soundless, silent",40,242
"fat","fat, rich, plump, corpulent (person)",7,242
"children","children",32,242
"lively","lively; brisk; quick; eager; active; peppy; excited",22,242
"ambiguous","open to two interpretations; ambiguous",13,242
"tribe","An Alpine tribe who dwelt in the mountainous regions of Venetia and Noricum",48,242
"kill","to kill, slay",61,242
"look","to look, look at, behold; examine, inspect",65,242
"diligent","Careful, diligent, thoughtful, devoted.",10,241
"human","a human being, man, human, person",51,241
"town","a town in Paphlagonia, mentioned by Pliny",38,241
"ram","ram",27,241
"pillow","cushion, pillow, bolster",59,241
"hidden","hidden, concealed",5,240
"ancestors","the ancients, men of old, forefathers",38,240
"goat","billy goat, buck",30,240
"town","A small town of Arcadia situated near Caphyae",59,240
"buzzing","humming, buzzing of bees",72,240
"letter","letter (of the alphabet)",41,240
"before","before; sooner; formerly",73,240
"mimic","mimic (mime artist)",1,239
"daughter","Dionysius the Elder's daughter",2,239
"how","in what (which) way, to what (which) degree; how, how much, as much as, as far as",62,239
"scorpion","A scorpion",48,239
"knee","a knee, kneejoint, kneepan",66,239
"to squeeze","to squeeze",29,239
"smell","Smell; odour.",41,239
"staff","a staff, rod",83,239
"fish","A kind of small, bottom-dwelling fish, possibly a stargazer (of family Uranoscopidae)",5,238
"searcher","searcher",4,238
"clear","clear, bright, transparent, limpid",18,238
"sober","sober (not drunk)",34,238
"tribe","A tribe of Hiberia mentioned by Pliny",36,238
"directly","directly",65,238
"statue","signum, statue",47,238
"spice","spice, herb",32,238
"roomy","yawning, roomy",69,238
"abundant","adjective-forming suffix meaning abounding in, full of",78,238
"go","to be going to go",73,238
"above","Above, over, on top; superior",97,238
"deceiver","deceiver",6,237
"town","a town of Boeotia situated on the road from Thebae to Athens",3,237
"basin","a hand-basin, laver",26,237
"penetration","piercing, penetration",26,237
"sit","to sit, be seated; to lie, be situated",65,237
"origin","birth, origin, lineage, descent",74,237
"pledge","pledge",66,237
"foolish","foolish, silly, simple, stupid",13,236
"poor","needy, poor",36,236
"chain","chain",63,236
"extinguished","quenched, extinguished",29,236
"within","within",106,236
"wing","small wing, or plume of feathers",79,236
"river","A tributary river of the Indus mentioned by Pliny",6,235
"disappointing","failing, disappointing",8,235
"blemish","defect, blemish (on the body)",18,235
"fringe","row of thrums in the loom, ravel",63,235
"little","a little",79,235
"warmed","Having been warmed, warmed",84,235
"natural","natural; which has grown naturally",5,234
"cucumber","cucumber (Cucumis sativus)",21,234
"eat","to eat pap, to eat",14,234
"calm","calm at sea, the quiet state of the sea",43,234
"fish","A kind of fish",26,234
"darkness","darkness, often referring to evening dusk or night",52,234
"association","association, community, commune – whether familial or religious",84,234
"bold","bold, audacious, daring",5,233
"age","time of life, age",7,233
"cake","Hesychius' gives the definition as: cake made of barley, sesame and poppyseeds.",12,233
"dewy","dewy, bedewed, wet with dew",25,233
"observe","to observe, watch, look at",16,233
"rent","rent, rending, tatters",32,233
"call","to call, summon",65,233
"island","An island situated near Lero",49,233
"city","a city in Caria situated on a hilltop",14,232
"walk","A walk, a gait",8,232
"beast","wild animal, beast, savage beast",14,232
"restricted","restricted, restrained, bound tightly, having been restricted",14,232
"cup","a drinking cup",34,232
"worker","worker; workman; labourer",29,232
"lip","a (little) lip",77,232
"rough","Somewhat hard, rough or harsh",5,231
"hating","hating",31,231
"dollar","dollar, thaler",29,231
"ban","ban, prohibition",49,231
"stone","a rough or sharp stone",22,231
"tilling","tilling the ground",53,231
"west","west",103,231
"look","to look at",13,230
"pine","a wild pine. probably Pinus pinaster",14,230
"immunity","exemption from public burdens, immunity",16,230
"circle","a circular line or orbit; circle, ring",11,229
"moon","the earth's Moon",30,229
"pointed","sharpened, pointed",10,229
"town","A town of Lycaonia situated near the borders with Cappadocia",43,229
"rest","rest, quietude",15,229
"trumpet","Salpinx; salpingeal.",23,229
"silence","silence",55,229
"father","father (male parent)",62,229
"bolt","bolt of a door",17,228
"alone","alone, sole, only, by oneself with no others around",6,228
"dyed","That which is dyed",34,228
"crooked","Crooked, bent, or winding; relating to scoliosis or other lateral deviations.",46,228
"separate","separate, divided",43,228
"bathe","to wash, bathe (generally of people)",48,228
"bright","contracted form of ἀργᾱ́εις (argā́eis)",1,227
"acorn","an acorn, nut; any acorn-shaped fruit; a beechnut, chestnut",40,227
"hairy","hairy, shaggy, bristling",17,227
"milky","white as milk, milky",9,227
"mirror","mirror, looking-glass",24,227
"sacred","sacred, made inviolable, having been established as sacred.",11,227
"guiding","leading; guiding",10,227
"beater","a relatively small, handheld device, used to strike the weft upwards after each pass, for better density and uniformity; weaver's pin beater; sley",16,227
"city","A city of the interior of Sicily and colony of Syracusae, now Palazzolo Acreide",34,227
"clay","clay, earth (used by masons and potters)",28,227
"wine","wine (the alcoholic beverage)",55,227
"river","A small river of Pontus",44,227
"temper","temper, temperament, disposition, nature, heart",96,227
"approximation","approximation",16,226
"tool","an implement, instrument, tool",23,226
"stroker","stroker",48,226
"sacred","sacred, holy, dedicated (to a divinity), consecrated, hallowed",30,226
"mail","A coat of mail",37,226
"gallic","Combining form of Gaul and Gaulish.",39,226
"hollow","hollow, sunken, flattish",60,226
"fish","a fish highly esteemed by the Romans, perhaps the sturgeon",12,225
"cold","Cold",43,225
"angle","An angle.",56,225
"river","A river (perhaps the river Ucero) tributary of the Durius",49,225
"bond","Any instrument whereby anything is bound or tied up; bond, band, fetter, chain, cord, tie, link",43,224
"tribe","A tribe of Hispania Tarraconensis mentioned by Pomponius Mela",34,223
"bad","bad, referred to olives",37,223
"belief","opinion, belief",23,222
"tip","a small piece cut off from the body; tip",20,222
"go","to go, walk, rush",47,222
"town","A town of Colchis situated at the mouth of the river Surius",69,222
"fish","A kind of big fish",5,221
"abyssal","Of, pertaining to or resembling an abyss; abyssal, unfathomable.",4,221
"poured","third-person singular aorist active indicative unaugmented of χέω (khéō)",9,221
"tribe","A Thracian tribe mentioned by Pliny",8,221
"added","Placed before, added.",16,221
"whole","whole, entire, unbroken",32,221
"nest","to build a nest",24,221
"floor","floor, storey (made of planks)",26,221
"irrigated","irrigated, watered",18,221
"stroke","stroke (from a sword or a pike).",22,221
"taste","sense of taste, tasting",62,221
"owl","owl",68,221
"town","a town in Aeolis, mentioned by Pliny",91,221
"long","long, a long while, a while, for long, for a long time",24,220
"town","A town of Lycia situated near Antiphellus",26,220
"to turn","to turn",43,220
"place","space, room, place (in which a thing is)",49,220
"main","The river Main",53,220
"needy","beggarly, needy, indigent",10,219
"burning","burning, sacrificing",32,219
"border","coloured edging or border of a garment",38,219
"trembling","trembling",63,219
"secretly","secretly, in secret",31,219
"polish","to polish, to smooth",73,219
"ruler","ruler; leader; prince",44,219
"trusted","trusted, having trusted",87,219
"shameful","shameful; unseemly",101,219
"conceive","to conceive, become pregnant",102,219
"monkey","a long-tailed monkey",1,218
"spiny","having prickly or pointed leaves (such as holly).",11,218
"wig","false hair, wig",21,218
"old","old; little old, poor old",5,218
"inserted","interposed, inserted, introduced",3,218
"city","A city in the north of Boeotia",5,218
"humorous","funny, full of jesting, jocose, humorous, jokey, light-hearted",15,218
"initiate","one who has been initiated, initiate",46,218
"shark","shark",19,217
"rein","rein, bridle",12,217
"careful","careful",34,217
"damp","moldy, dank (especially of the underworld)",33,217
"leafless","stripped of leaves, aphyllous, leafless",25,217
"eagle","eagle",39,217
"howling","a howling of wolves or dogs",56,217
"needy","indigent, needy",43,217
"bag","A small bag.",5,216
"woody","Of or belonging to wood.",4,216
"vinous","of or belonging to wine or a grape",23,216
"bubbling","bubbling",24,216
"bridge","A bridge, a construction or natural feature that spans a divide.",30,216
"jagged","sharp-pointed, jagged, with sharp or jagged teeth",29,216
"city","a city in Sicily",46,216
"street","street, highway",76,216
"pack","a package, pack",40,215
"west","setting, westerly",25,215
"steward","keeper of a storeroom, steward, butler",42,215
"citizen","citizen",84,215
"street","street (usually of a main street)",82,215
"town","a town of Phocis, situated on a fertile valley near Stiris",2,214
"projecting","projecting; overhanging; jutting out",9,214
"surround","to surround, encircle or entwine",12,214
"ceremony","ceremony of hanging up the garlands of roses",6,214
"river","a river in Mauritania, flowing into the Atlantic Ocean",21,214
"radiant","radiant (emitting beams)",3,214
"age","age, eternity",29,214
"use","use, employment, exercise, advantage",33,214
"memory","memory, remembrance",47,214
"three","three; 3",76,214
"ahead","before, in front, forwards (of space)",75,214
"foamy","foaming; foamy; frothy",18,213
"dense","thick, dense",13,213
"living","alive, living",32,213
"scarcely","with difficulty, with effort; scarcely, hardly, barely",78,213
"assemble","to assemble, meet, come together",3,212
"fast","fast, swift, quick, speedy, fleet",23,212
"town","A town of Lower Egypt situated on a lake",43,212
"means","means, expedient, remedy",47,212
"chief","A chief of the Quadi",68,212
"breath","breath",50,212
"shaking","A shaking",71,212
"abundant","poured forth copiously, abundant",7,211
"brilliant","very clear or bright",4,211
"branch","a branch, a stake",11,211
"warlike","warlike, fierce, bellicose",5,211
"rag","worn out, tattered garment, rag",52,211
"baker","A botanical plant name author abbreviation for botanist John Gilbert Baker (1834-1920).",27,211
"leanness","leanness, thinness, meagerness",47,211
"separate","separate, different",37,211
"mound","mound; hill; knoll; hillock; heap of earth",28,211
"triangle","triangle",10,210
"piece","a (little) piece, bit",12,210
"delicious","delicious",6,210
"falling","That falls or has fallen, falling, collapsing, tottering, drooping.",3,210
"field","field, land, countryside",29,210
"divine","Ambrosial, divine, immortal.",11,210
"high","high, tall, elongated",15,210
"clever","wise, clever, ingenious",8,210
"name","a Christian male given name from Biblical Hebrew",55,210
"cave","cave; cavern; chasm",29,210
"river","a river in Syria",45,210
"moist","moist, wet",25,210
"faithful","faithful, loyal",16,209
"blessed","happy, (truly) happy, blessed, fortunate",10,209
"gladly","gladly; dearly",35,209
"adult","adult, grown-up",29,209
"cotton","cotton",10,209
"heap","mass, heap, pile, stack, cluster",26,209
"shaking","A brandishing, vibration, agitation.",41,209
"concealment","concealment",34,209
"blood","combining form of αἷμα (haîma, ""blood"")",45,209
"joint","a point connecting various parts of the body; joint, knot, knuckle.",42,209
"fright","alarm, terror, fright",40,209
"rattle","rattling sound, rattle",78,209
"parasite","one who eats at another's table",45,209
"blackish","blackish, somewhat black",3,208
"punishment","chastisement, correction, punishment",22,208
"funnel","Funnel.",34,208
"meal","meal",27,208
"cave","grotto, cave, cavern",48,208
"desire","will; wish; desire",51,208
"woody","Having wood showing from its surface.",1,207
"mixed","mixed, mingled, combined",12,207
"bloom","to be verdant; to spring, bloom",29,207
"floored","floored (having a floor)",26,207
"boat","light vessel, boat",55,207
"sea","the (open or high) sea, main, deep, ocean",57,207
"butter","butter",50,207
"tribe","An Italian tribe of Liguria",51,207
"island","an island situated near Rhodes, mentioned by Pliny",61,207
"below","below, beneath, inferior",117,207
"crowded","crowded, crammed, packed",6,206
"vessel","a floating vessel, ship, boat",22,206
"boasting","glorying, boasting, vaunting, exulting",27,206
"grief","grief, sorrow",29,206
"ditch","trench, ditch, moat",41,206
"branch","branch of a plant",44,206
"town","A Latian small town near the river Tiber",42,206
"brain","a brain",29,206
"wall","parapet; protective wall",53,206
"nine","The number nine (9)",40,206
"gall","an oak apple, gall-nut",79,206
"pale","yellowish, pale",7,205
"touched","touched, contacted",3,205
"standing","standing",29,205
"island","an island formed by the Danube",35,205
"thus","in that way",42,205
"spongy","porous, spongy",45,205
"tongue","pin or tongue of a buckle or brooch",49,205
"tail","tail (animal appendage)",43,205
"leader","leader; e.g., king, chieftain, prince, etc.",84,205
"exchange","exchange, contract",1,204
"wavy","abounding in waves, full of waves, flowing water, etc., wavy, stormy, surging, billowy",11,204
"lively","enlivened, lively, animated, vigorous, active, brisk, sprightly",14,204
"town","a town in Paphlagonia situated between Amastris and Carambis",5,204
"vault","arch, vault",66,204
"lighting","lighting, kindling",32,204
"fierce","fierce, savage, bloody",15,203
"fainting","fainting",25,203
"woodlike","woodlike",4,203
"beam","beam",53,203
"gull","common gull and seagull (any kind of gull, generically a kind of bird)",48,203
"sealed","sealed",13,202
"fertile","Productive, fertile, fruitful",27,202
"dual","Containing or consisting of two things, dual",16,202
"bind","to fasten or bind together with reed",16,202
"cover","to cover, wrap, veil",73,202
"free","free, independent, unrestricted, unchecked, unrestrained, licentious",6,201
"steady","That stands firm; firm, steadfast, steady, sure, stable, stationary.",21,201
"bordering","bordering, neighboring",10,201
"dish","dish, vessel",13,201
"fold","A fold or anything folded",24,201
"stake","stake, pole",42,201
"cell","cell.",43,201
"peaked","rugged; peaked",63,201
"good","good, serviceable, excellent, superior, able",4,200
"bearded","wearing a beard, bearded",9,200
"jet","A hard, black asphalt; variety of lignite; jet, jess.",24,200
"bearer","offerer, bearer",32,200
"desired","wished for, desired, pleasant, having been desired.",3,200
"street","street; quarter, neighbourhood; row of houses",52,200
"god","an ancient god",34,200
"riddle","riddle",57,200
"plain","a plain, level ground",16,199
"dish","small bowl, dish, or plate",13,199
"treasure","treasury, treasure",31,199
"river","a river in Germany, mentioned by Ausonius, now the Nims",26,199
"mine","A place from which a mineral is dug; mine, pit.",39,199
"stitched","stitched, embroidered",28,199
"wax","Wax, waxlike.",29,199
"board","board; plank; timber",10,198
"woman","woman",21,198
"grain","grain, seed, small kernel",28,198
"noble","full of or regarded with honor; honorable; of high birth; noble; distinguished; respectable; eminent",8,198
"ignited","ignited, set on fire",17,198
"seal","seal (marine animal)",40,198
"dancer","an actress, a female dancer",47,198
"shell","fruit shell of the artichoke",26,198
"wise","understanding; wise; shrewd",14,198
"fold","pen, fold, especially for rearing lambs, kids and calves",93,198
"hostile","unfriendly, hostile",6,197
"brilliant","full of light, brilliant, bright, splendid",10,197
"separately","distinctly, separately",69,197
"navigation","a navigation",44,197
"harsh","ungentle, harsh, rough, hard",1,196
"plant","unidentified plant, perhaps Epimedium alpinum",3,196
"rainy","Of or pertaining to rain",11,196
"shaded","remaining in the shade",8,196
"brown","a male given name from the Germanic languages, equivalent to English Brown",34,196
"quality","quality, characteristic, essential feature, attribute collateral circumstance",19,196
"pupil","pupil (of the eye)",28,196
"pride","pride",44,196
"potato","Used as a specific epithet; of plants of the genus Solanum, such as the potato.",75,196
"uncertain","Used adjectivally/appositionally as an epithet of certain deities (the Di indigetes). The meaning of this term is uncertain.",64,196
"inflammation","an inflammation of the throat, which caused the tongue to be thrust out",4,195
"limp","to go slowly, to limp",13,195
"regular","of or relating to order; orderly, usual, customary, regular, ordinary",8,195
"peppered","peppered, having been seasoned with pepper",8,195
"deity","An Italic deity of planting and fruiting; associated with the Greek Bacchus.",44,195
"to bore","to bore",35,195
"frost","frost",50,195
"work","work, labor, accomplishment",69,195
"strap","broad strap or band for bearing or supporting anything",9,194
"ugly","ugly, unsightly; foul, filthy",32,194
"place","place, area or region",24,194
"james","book of James",20,194
"empty","Empty, unoccupied, i.e. waste, desert.",5,194
"slippery","slippery (ground)",15,194
"tied","bound, tied up, having been tied up",31,194
"whale","a whale",44,194
"transparent","transparent, soft, splendid (said of garments)",16,193
"river","A river of Thessaly flowing into the Lake Boebeis",24,193
"represented","having represented, expressed, portrayed",12,193
"loose","movable, loose",15,193
"tribe","A tribe of Africa mentioned by Pliny",59,193
"slimy","slimy",18,193
"to make","contracted present active infinitive of ποέω (poéō)",46,193
"islands","The name of several islands",10,192
"place","to cause to stand; to set; to place",6,192
"quake","shaking, quake",20,192
"jaw","jaw, jawbone, maxilla",29,192
"buy","contracted third-person singular present mediopassive subjunctive of ὠνέομαι (ōnéomai)",25,192
"purchasing","buying, purchasing",35,192
"push","to push, drive, hurl, impel, propel; expel, banish, eject, thrust out",46,192
"turning","a turning",44,192
"rider","horseman, cavalryman, rider",23,191
"male","male, masculine",30,191
"deceitful","deceitful, fraudulent",9,191
"bride","bride",35,191
"head","A head-like object or structure.",29,191
"hollowed","hollowed out, excavated, hollow, having been hollowed out",33,191
"river","a river in Thrace, mentioned by Pliny",41,191
"where","whither, whereto, where",69,191
"consume","to gnaw, nibble, bite; eat or waste away, corrode, consume; erode",69,191
"work","to work, labor",18,190
"packed","compressed, crammed, surrounded",28,190
"fertile","fertile or fruitful",19,190
"to sell","to sell",33,190
"pan","A broad, shallow dish, a pan, stewpan.",30,190
"ape","ape, monkey",11,190
"drowned","plunged, drowned",62,190
"wonder","sign; marvel; wonder",10,189
"vomited","vomited up or forth, discharged, emitted, having been vomited up",13,189
"hybrid","hybrid, mongrel (descended from two different races)",10,189
"soft","soft",11,189
"roasted","roasted, fried",24,189
"satisfy","to satisfy, satiate",40,189
"honor","honor, distinction, glory",54,189
"apparent","apparent, visible, evident, manifest, plain, clear",33,189
"cover","to cover; to clothe",33,189
"end","end; limit; boundary",19,189
"allowed","allowed (not forbidden)",29,189
"paste","paste",52,189
"namely","suppose, for instance, namely",53,189
"bran","a kind of bran",25,188
"eat","to eat; to devour; to consume",10,188
"dance","dance",32,188
"echo","Echo, a nymph in Greek mythology",25,188
"rage","rage",62,188
"pierce","to pierce, run through",34,188
"crawl","to crawl or creep (over or through)",36,188
"limbs","limbs",62,188
"thin","very thin, fine or slender",6,187
"dark","murky, black, dark, obscure",27,187
"separate","to separate, divide",24,187
"chooser","chooser, selector (female who selects or chooses)",35,187
"sterile","infertile, sterile, unfruitful",28,187
"shore","headland, beach",17,186
"soot","soot, smoke",14,186
"ring","A finger ring in the Oscan language",38,186
"inquiry","an inquiry, question",22,186
"chin","Chin (attributive); used in taxonomic names for organisms having English names of the form ""Chin's ...""",67,186
"against","against",65,186
"bowl","cup, bowl",25,186
"winged","feathered, winged",21,186
"cheat","liar, cheat",30,186
"farmer","farmer",6,185
"prophecy","prophecy, divination, oracle",17,185
"curl","lock of curly hair",11,185
"pepper","pepper, peppery, peppered",13,185
"slowness","slowness",9,185
"crooked","crooked, bent outwards",34,185
"each","one each, one apiece",47,185
"remaining","remaining",33,185
"marshy","of marshes",55,185
"deity","deity, god, goddess",20,184
"disease","a disease, illness, malady, sickness, disorder, distemper, ailment",38,184
"back","back (the rear part of the body)",21,184
"joined","joined, yoked, married",45,184
"river","the river Pleistus; the river Xeropotamos",39,184
"anxiously","anxiously, with fear or worry",64,184
"abandoned","deserted, abandoned, forsaken; having been deserted, etc.",3,183
"exhalation","breathing-out, exhalation",20,183
"rough","rough, unpolished",10,183
"shoot","set, layer, shoot",10,183
"borer","borer, gimlet",18,183
"traverse","to traverse, go about",33,183
"shark","A kind of shark, of whose skin arrows were made",35,183
"march","March",50,183
"fracture","A fracture of a part of the body",37,183
"bran","bran, husks of grain, chaff",43,183
"dedicated","vowed, promised; devoted to (a deity); having been vowed",63,183
"tuna","A kind of tuna.",4,182
"prick","a pricking, prick, puncture",8,182
"darkness","gloom, darkness",10,182
"boards","boards",7,182
"abundant","copious, plentiful, abundant",6,182
"town","A town of the Unelli",18,182
"thorny","thorny",18,182
"to use","to use",44,182
"thin","thin; lean; narrow; slight; slender",27,182
"ribs","ribs or frame-timbers of a ship, which stand up from the keel",52,182
"folly","lack of understanding, folly",76,182
"track","a worn or beaten track, road, path",8,181
"ointment","an ointment for wrestlers, a mixture of oil and wax",13,181
"name","A female given name from Ancient Greek",16,181
"longish","A little longer or rather long or lengthy.",6,181
"sandal","A sandal",27,181
"sacred","devoted to the gods",47,181
"cut","to cut, cut off",45,181
"chaos","Chaos.",51,181
"bow","bow (weapon for shooting arrows)",22,181
"causing","causing, being the author of, responsible for",52,181
"ask","to ask, enquire",57,181
"care","care, concern, thought",64,181
"mouthless","without a mouth, mouthless",72,181
"city","An ancient city in Cappadocia, modern Turkey, perhaps modern Kerkenes.",72,181
"fasting","fasting, starvation",8,180
"tribe","A tribe of Hispania Tarraconensis mentioned by Pliny",36,180
"ancient","ancient; antediluvian; archaic; old; prehistoric; primitive.",15,180
"ruin","ruin, destruction, death, bane",23,180
"cow","A kind of small cow",64,180
"river","A river of Illyria that flows into the sea beatween the rivers Genusus and Aous, now the river Seman in Albania",45,180
"surf","wave, billow, and collectively, surf, rough water",55,180
"prostitute","a female prostitute or courtesan",4,179
"bird","a small bird, possibly the robin or the chaffinch",22,179
"disease","disease",30,179
"red","red, reddish-brown.",60,179
"approaching","approaching",4,178
"action","An action or process.",19,178
"swift","swift-running, fleetfooted",15,178
"flesh","flesh, meat",15,178
"honey","of or pertaining to honey",20,178
"lordly","of or belonging to a lord or master",7,178
"only","just, only, merely, simply",41,178
"tool","tool, implement",31,178
"stone","stone, rock",44,178
"evening","the evening or vespers",50,178
"yellowing","yellowing",18,177
"throat","throat, neck, gullet",18,177
"solid","solid",29,177
"ruler","a ruler, prince (especially oriental)",12,177
"food","meat, food",55,177
"pulsation","A frequent and rapid motion, trembling, throbbing, pulsating, palpitation, quivering, twitching.",3,176
"sting","sting, prickly object",9,176
"shatter","to break in pieces, shatter",23,176
"leather","leather, tanning",7,176
"crocodile","A crocodile",25,176
"severe","severe, serious, strict, stern, stringent, austere, harsh, grave (in demeanor)",5,176
"rocky","rocky, stony",8,176
"cautious","cautious, careful",27,176
"force","violence, vehemence, force",45,176
"completely","altogether; completely; perfectly",42,176
"vainly","in vain, vainly",59,176
"four","four; 4",78,176
"land","dry land (as opposed to watery parts of the Earth)",11,175
"green","to be verdant, green; to sprout new green growth",8,175
"river","a river in Arabia, mentioned by Pliny",23,175
"devil","devil",25,175
"fastened","fastened, fixed",14,175
"bareness","bareness",16,175
"cord","rope, line, cord, cable",22,175
"stout","solid, stout, strong (of horses and waves)",21,175
"few","few, little",54,175
"measure","measure; proportion; fitness",64,175
"steep","steep place, steep",48,175
"between","Between, in the process of, intermediate; inter-.",38,175
"obstruction","obstruction, occlusion (of the nostril)",5,174
"to appropriate","to appropriate",13,174
"tunic","tunic, an undergarment worn by both men and women",35,174
"fox","the fox",29,174
"create","contracted form of ποιέω (poiéō, ""to create"")",20,174
"trembling","trembling, quaking, fearful, terrified, alarmed",6,174
"horse","horse; equine",15,174
"harmless","harmless, innocuous",14,174
"duster","a brush [for removing dust] (for which ox-tails and horse-tails were used)",45,174
"safe","safe, saved, preserved, sound, unharmed, unscathed, unhurt, uninjured",37,174
"beyond","beyond, further",66,174
"dim","dim, faint, obscure",44,174
"leader","military leader; leader",81,174
"rocking","rocking to and fro",11,173
"blame","blame, reproof, cause of complaint",10,173
"selected","picked or chosen out, selected, culled, having been selected",13,173
"yellow","yellow, chartreuse",42,173
"marked","marked (partic. only)",22,173
"neck","neck, nape, throat",37,173
"turn","to turn often, keep turning, handle, whirl about, turn over",57,173
"long","lengthened, long",78,173
"sprouted","sprouted or sprung forth, having sprouted or sprung forth",52,173
"destroyer","destroyer",12,172
"fragile","fragile, brittle",17,172
"brightness","brightness, splendor",24,172
"vibrating","vibrating, waving, trembling, shaking",4,172
"city","A city of Venetia situated on the shore of the Adriatic Sea, now Trieste",9,172
"by","along past, close by",29,172
"seed","seed (of plants)",36,172
"intervene","to be or lie between",59,172
"owl","kind of owl, possibly the barn owl",13,171
"bathe","to wash, bathe",33,171
"protein","protein",28,171
"buckler","a small round shield",24,171
"selected","chosen, choice, picked out or selected from among (a set, community, etc.)",17,171
"differently","variously, differently",61,171
"stain","to stain, make spotted",41,171
"gate","gate, especially of a city",46,171
"establish","to ordain; to appoint; to make (something)",42,171
"skin","living human skin",74,171
"fist","fist, clenched hand",8,170
"fowling","to go bird-catching or fowling",11,170
"bind","to bind, tie, fasten, fetter",18,170
"choose","to choose, select, prefer, opt",38,170
"oil","Hesychius gives the definition as: ἔλαιον (élaion, ""olive oil""), στέαρ (stéar, ""fat""), εὐθηνία (euthēnía, ""abundance"")",54,170
"bitter","bitter",69,170
"speak","to say, talk, speak, utter, mention",73,170
"rare","infrequent, seldom, rare",3,169
"exchange","that which is given or taken in exchange",14,169
"space","that which is open or free; an open, clear space",15,169
"marrow","Bone marrow.",18,169
"full","full [with genitive 'of something'], complete",26,169
"lot","anything used to determine chances, lot",29,169
"tear","a tear (drop of liquid from crying)",34,169
"nest","nest",22,169
"lamb","a lamb",34,169
"weakness","a state of weakness, enervation",15,169
"crooked","curved, bent, crooked",30,169
"flourish","flowery ornament (in speech)",30,169
"throat","throat; windpipe; esophagus; pharynx",35,169
"greening","greening",3,168
"honored","having respected, revered",19,168
"look","to look at, upon or towards",41,168
"create","to create, to give existence to, to form, to make, to produce, to originate out of other materials or out of nihility (transitively)",22,168
"shameless","shameless, impudent",9,168
"produce","to take or bring out or forth, produce, bring to light",36,168
"dissolving","melting or wasting away, dissolving",19,168
"harvest","Hesychius gives the definition as: τρύγητος (trúgētos, ""gathering of fruits, harvest"").",31,168
"halo","halo (a circle around the sun or moon)",19,168
"city","a city in interior Campania, situated near Nola",50,168
"writing","writing",48,168
"loan","loan",45,168
"name","this sense?) a feminine praenomen",15,167
"usual","wonted, accustomed, usual, habitual, ordinary",18,167
"village","Village; settlement; hamlet; trading centre.",26,167
"town","a town in Pamphylia",21,167
"bend","bend, curve, turning",26,167
"narrow","to narrow, reduce in width or size",65,167
"rocky","rocky, rugged",26,167
"glory","glory, renown, fame, honor",33,167
"variable","Variable, subject to change.",26,167
"saddle","A kind of saddle",33,167
"beam","beam of a plough",51,167
"stalk","stalk",42,167
"stimulus","incitement, incentive, provocation, irritation, stimulant",7,166
"town","A town of Thessaly, situated above the river Peneus",6,166
"portion","Any piece cut off, portion",13,166
"till","to till, harrow",38,166
"lazy","lazy, slothful, inactive, sluggish",11,166
"town","a town of Umbria of uncertain site",49,166
"rigid","unbent, unbendable, rigid",29,166
"fear","fear, dread, anxiety, apprehension",50,166
"mourned","having been wept for",39,166
"fish","A kind of fish that lives in the Nile (possibly Labeo niloticus)",14,165
"red","reddish, red",19,165
"lengthy","very long, tedious etc",6,165
"sloping","sloping or inclining downwards",24,165
"giant","alternative letter-case form of Γῐ́γᾱς (Gĭ́gās, ""one of the Gigantes"")",25,165
"prostitute","a female prostitute",19,165
"arrange","to put in order, arrange, gather",48,165
"contraction","contracted form of νοέω (noéō)",60,165
"town","an ancient town in Hispania Baetica, famous for its battle",45,165
"spiny","bearing spines or thorns; acanthophorous",5,164
"seize","to seize, take hold of",7,164
"feathered","feathered",21,164
"fleeting","vanishing, passing away, fleeting, evanescent",18,164
"hide","skin, hide, especially dressed or tanned",23,164
"foul","foul, noisome, disgusting (smell)",31,164
"snake","A kind of snake, whose bite occasioned putrefaction",32,164
"mountain","A mountain of Triphylia and seat of the worship of Hades",32,164
"plant","A plant also called vesicaria",7,163
"hooklike","hooklike, hooky",8,163
"aligned","laid straight, arranged in lines, having been arranged in lines",4,163
"deprived","deprived",8,163
"sharpness","sharpness, pointedness",22,163
"track","footprint, track",32,163
"small","small, little, young",41,163
"full","stuffed, full, filled, gorged",34,163
"roots","roots of a plant",34,163
"intestines","guts, intestines, tripe",59,163
"manly","manly, masculine, virile",14,162
"curved","bent, curved, turned",8,162
"crafty","crafty, deceitful, treacherous",11,162
"managed","mitigated, managed, controlled, moderated",7,162
"sexual","sexual",11,162
"usual","usual, wonted, customary, common, ordinary, accustomed, familiar",5,162
"fragmented","cut or broken up",13,162
"shallows","shoal water, shallows, lagoon, whether in the sea or in rivers",14,162
"tablet","tablet of boxwood for painting on",25,162
"secretly","clandestinely, secretly, privately",39,162
"stain","Hesychius' gives the definition as: μίασμα (míasma, ""stain, defilement""), κῆδος (kêdos, ""care; anxiety, grief"").",31,162
"city","an inland city in Hispania Tarraconensis",53,162
"to wash","to wash",76,162
"fence","A fence, palisade",7,161
"climbing","climbing, creeping",6,161
"harmless","harmless, inoffensive, innoxious",10,161
"thief","A thief, robber, plunderer.",32,161
"bright","Bright, glancing. (of lightning)",20,161
"colder","colder, more chilly",38,161
"nectar","nectar",36,161
"fruitful","fruitful",38,161
"under","to be under, among or behind",89,161
"to sound","contracted present active infinitive of φωνέω (phōnéō)",28,160
"farmer","farmer, especially a kind of tenant farmer or sharecropper; husbandman; tiller of the soil",8,160
"respecting","respecting",19,160
"fate","one of the Moirae; one of the Fates in Greek mythology",11,160
"alter","to change, alter",17,160
"morning","morning",10,160
"comb","to comb or card",42,160
"sphincter","The sphincter, the muscle of the anus.",28,160
"dwelling","house, dwelling",31,160
"ask","to ask, beg, request, look for, inquire, petition, entreat",45,160
"woman","a woman",42,160
"sponge","A kind of sponge",2,159
"shady","Found in the shade",5,159
"town","a town in Africa, mentioned by Pliny",16,159
"slave","a slave",17,159
"soft","tenacious, well-tempered; soft",35,159
"barrier","a bolt, bar; a barrier, wall",43,159
"speaking","speaking, orating",69,159
"twist","anything twined or twisted",38,159
"luster","sheen, brightness, brilliance, luster, splendor",54,159
"gold","gold (substance)",16,158
"strange","strange, preternatural, monstrous",7,158
"matured","matured",10,158
"shadowless","shadowless",44,158
"pigment","A material for coloring; color, paint, pigment, dye.",51,158
"hook","A hook",50,158
"hammer","hammer, beetle, mallet",34,158
"noisy","creaking, rattling, whizzing, buzzing, stridulous",23,158
"sword","a sword or dagger used by the Persians, typically 40-60 cm in length.",24,158
"fury","rage; fury",29,158
"courage","confidence, courage, boldness",25,158
"alone","alone, solely, singularly, especially; in an extraordinary degree",80,158
"nail","to nail, furnish, fasten with nails",52,158
"dental","dental; of or pertaining to the teeth",3,157
"calm","to allay, settle, still, calm, assuage or appease",20,157
"chalked","marked with chalk",13,157
"cattle","bulls, oxen; taurine",14,157
"town","A town of Moesia of uncertain identification",25,157
"town","An ancient town of Pieria",24,157
"real","real",48,157
"vein","vein (or, sometimes, of other blood vessels)",35,157
"beast","wild animal.",4,156
"town","A town on the sea coast of Campania, situated between the mouth of the Vulturnus and Cumae",10,156
"river","a river in Latium that flows past Terracina",18,156
"late","late, too late",13,156
"harm","hurt, harm, damage, mischief",23,156
"genic","describes something which is formed in a certain way or produces something",40,156
"traction","drawing up, traction",27,156
"alone","adverb of μόνος (mónos) alone, only, solitarily; uniquely; forsakenly",46,156
"metal","metal",26,156
"boundary","boundary-mark, boundary, limit",35,156
"nose","pre-classical form of nāsus",2,155
"elegant","very elegant etc",6,155
"vinous","of or pertaining to wine",22,155
"city","a city in Etruria of Etruscan origin",31,155
"tribes","tribes, races or phyla",26,155
"thus","so, thus, so much",15,155
"daughter","daughter",24,155
"placed","placed, put, settled",29,155
"wound","an open wound; an injury",22,155
"orderly","behaving well, orderly, decorous",24,155
"against","against (me, him, her, etc.)",54,155
"fly","Hesychius' gives the definition as: μυῖα (muîa, ""fly"").",58,155
"guts","the guts; entrails",9,154
"memory","memory",9,154
"fish","An unknown kind of fish",17,154
"keep","present active infinitive contracted of τηρέω (tēréō)",19,154
"rocky","full of rocks, rocky",6,154
"deprived","bereaved, deprived, robbed or stripped of something, having been deprived of something",23,154
"city","An ancient city of Argolis situated near Tiryns",30,154
"dirty","unwashed, uncleaned, unclean, dirty",17,154
"slender","thin, slender",14,154
"linen","linen",57,154
"leafy","of leaves; covered with leaves; leafy",45,154
"roar","to cry, roar, bellow, low, troat, make noises",51,154
"mountain","a mountain in Caria, mentioned by Pliny",46,154
"homeless","houseless, homeless",13,153
"slow","slow, tardy, torpid, inactive, unenergetic, lazy",17,153
"chamber","an inner chamber, room",9,153
"bold","daring, bold",12,153
"peak","peak, extremity, top, summit",13,153
"heap","heap, pile",25,153
"change","change, alteration",18,153
"six","the number six",30,153
"destroyer","Something that breaks or destroys.",39,153
"strive","to strive, endeavor, work at",49,153
"to comb","to comb",28,153
"pales","Hesychius gives the definition as: χάρακες (khárakes, ""pales"").",35,153
"nobility","upper class, nobility",43,153
"bear","to bear, give birth",45,153
"sea","the sea",49,153
"town","a town in Aquitania situated on the road from Aginnum to Vesunna",48,153
"black","being black; black",2,152
"leap","to leap, jump, bound",7,152
"blackness","blackness",7,152
"river","A river of Thrace",17,152
"do","to do, make",18,152
"tiny","very small, tiny",10,152
"tribe","A tribe who dwelt both in Gallia Transalpina and Gallia Cisalpina",11,152
"primitive","original, primitive",15,152
"height","a height, an elevated place, an elevation",43,152
"see","to look or gaze at, behold, watch, view",39,152
"sad","sad, sorrowful, melancholy",18,152
"to bind","uncontracted present active infinitive of δέω (déō)",22,152
"horn","Horn (attributive); used in taxonomic names for organisms that often have English names of the form ""Horn's ...""",34,152
"scar","scar",64,152
"device","contrivance, machine, device, gear",5,151
"city","an ancient city in Latium, disappeared at a very early period",3,151
"ceiling","ceiling",14,151
"clay","white clay; potter's clay; argil",21,151
"pheasant","pheasant (Phasianus colchicus)",20,151
"docked","lopped, docked",17,151
"system","a whole made of several parts or members, system.",30,151
"food","food, especially grain",20,151
"fear","fear, terror, horror, fright",44,151
"city","a city in Cisalpine Gaul situated on the shore of the Larius lake, now Como",56,151
"swell","to be or become full, to swell",33,151
"james","a male given name, equivalent to English Jacob or James",6,150
"pipe","a pipe, spout, channel, conduit",13,150
"river","a river in Hispania Tarraconensis, now the Lérez",17,150
"virtue","good, uprightness, rectitude, virtue",11,150
"consumed","burnt down, consumed",7,150
"rough","broken, rough, uneven",3,150
"reduced","thinned, reduced, diminished",7,150
"current","stream, flow, current",10,150
"to master","to become master of, to take possession of",27,150
"red","a kind of Tyrian purple, likely the red kind: widely described by the Romans to be a kind of rubeus and rūfus",15,150
"forest","Of or pertaining to a forest or wood",23,150
"treaty","treaty, compact, alliance, truce, league",26,150
"may","May",21,150
"burn","to consume or destroy by fire; burn",35,150
"box","box made of boxwood, box",23,150
"remove","to remove, take away, or subtract",33,150
"handful","handful, bunch",54,150
"rower","rower",47,150
"melancholy","having black bile, atrabilious, melancholy",2,149
"claiming","arrogating or appropriating something to oneself, claiming",13,149
"connected","associated, connected",6,149
"dissolved","dissolved, destroyed",9,149
"panting","short-drawn breath, panting",21,149
"shoot","young shoot or twig",11,149
"closed","Pressed, closed.",20,149
"cow","cow (female cattle)",20,149
"river","a river in Sarmatia, now the Southern Bug",12,149
"bowels","bowels, guts, inward part, internal organ",21,149
"thunder","thunder",39,149
"scalp","the bald scalp of the head",24,149
"candle","A light made of wax or tallow; tallow candle or taper.",38,149
"leader","creates compound nouns with the meaning of -leader, -guide, -driver",38,149
"spring","Spring, fountain, well, waters.",38,149
"blameless","undeserving (of blame), blameless",36,149
"aid","help, aid, succour (especially in war)",2,148
"new","new, young, fresh",4,148
"flaming","burning, flaming, on fire",42,148
"wanderer","wanderer, vagabond",27,148
"breathing","breathing",40,148
"whole","whole, entire",34,148
"old","old; aged",38,148
"waters","A component of several Roman place-names, alluding to hot springs or other water features.",46,148
"duck","A kind of duck",3,147
"perceiver","one who perceives",14,147
"revolving","that turns or moves around, revolving, movable",5,147
"greedy","greedy, gluttonous, rapacious, voracious, consuming, devourer.",13,147
"crash","clatter, crash (of trees falling)",24,147
"smell","The goatlike smell of the armpits.",22,147
"five","Used for the digit five to form systematic element names of elements whose existence has been predicted, and which have not yet been given a trivial name.",36,147
"town","a town of Macedonia",38,147
"bog","bog, morass, place where boars and swine wallow",45,147
"sleep","sleep, slumber",43,147
"fountain","A fountain in Syracusae",6,146
"weed","a weed, especially a bramble, thorny bush",36,146
"oar","oar",22,146
"never","not at all",14,146
"prize","material for a contest; prize",29,146
"boil","to boil, seethe, effervesce",36,146
"pot","earthenware pot, vessel",74,146
"river","a river in Persia, mentioned by Pliny",54,146
"particular","particular, special",7,145
"city","an ancient city in Troas situated between Ophrynium and Abydus",13,145
"doubter","A doubter.",8,145
"feathered","of or pertaining to feathers",11,145
"nervous","nervous, jumpy, agitated",19,145
"mature","mature, full-grown",27,145
"emerged","emerged",28,145
"life","living, way of life, lifestyle",41,145
"town","A town of Thessaly, colony of Boeotia",41,145
"dusky","dusky, dark in colour, having dark spots",58,145
"king","A king of Taprobane mentioned by Pliny",47,145
"fall","to fall, to fall out",58,145
"boat","a light vessel or boat",44,145
"boat","a small ship, a boat",11,144
"plant","A plant also called pheos",4,144
"native","native, indigenous",6,144
"moisture","moisture, abundance of fluids",14,144
"revived","restored to life",7,144
"crafty","crafty, cunning, shrewd, clever, tricksy (adept at using tricks)",5,144
"nectar","nectar (the drink of the gods)",24,144
"deaf","deaf",15,144
"wet","moist, wet, soaked, drenched",12,144
"abroad","abroad; to, from abroad",19,144
"soon","soon",37,144
"heat","to heat, warm",50,144
"end","end, boundary",44,144
"stake","stake, post",31,144
"horn","spiral trumpet, horn",32,144
"beer","beer",59,144
"refuse","sweepings, refuse",34,144
"squaring","a squaring; a setting or adjusting to right angles",47,144
"target","a target",19,143
"heart","heart (as the source of emotion, love, etc.)",25,143
"spray","quivering spray at the end of a branch, especially of fig trees",34,143
"tuna","tuna (fish)",16,143
"current","of this year",16,143
"ship","a ship",36,143
"collar","garment decorating the neck used by clerics",31,143
"returning","that leads or brings back, that returns",38,143
"to bite","to bite",20,143
"point","point, tip (of a weapon)",53,143
"diffusely","diffusely, in a scattered manner.",58,143
"crane","kind of small crane",4,142
"rushing","rushing, impetuous",9,142
"cloth","fabric, textile, canvas, piece of cloth",15,142
"command","injunction, order, command",17,142
"toothed","with the teeth",17,142
"manifest","manifest, specifically",6,142
"town","A town of Mesopotamia on the Euphrates",16,142
"notch","notch",15,142
"rich","rich",34,142
"snare","snare, noose, anything that fixes or fastens",31,142
"linger","to linger, loiter, spend time with",32,142
"extend","to extend, expand",38,142
"departing","exiting, departing",44,142
"stuffing","stuffing",32,142
"deserter","deserter",8,141
"saving","saving, delivering",23,141
"mad","mad, insane, frenzied; impetuous",15,141
"arrival","the act of reaching a place; journey, arrival",17,141
"foreign","In the manner of a foreigner.",33,141
"word","that which is said, word (a gloss by Hesychius)",27,141
"roughness","roughness",26,141
"staff","staff, stick",39,141
"like","equal, similar, like",6,140
"step","row in an ascending series",11,140
"rooted","Rooty, full of roots.",3,140
"corded","consisting of or attached to a rope or cord",7,140
"approach","approach, access",31,140
"mountain","a mountain in Latium situated near Signia",25,140
"womb","womb, uterus",23,140
"earned","earned, deserved, obtained, due, proper, right, having been earned, merited",16,140
"stir","to stir, rouse, arouse, move",16,140
"tablet","tablet, sometimes a tablet covered with wax for writing",41,140
"approximately","roughly; approximately; mostly; more or less; around; about (close enough)",75,140
"bruise","A black or livid spot",18,139
"small","Doric and Boeotian form of μῑκρός (mīkrós, ""small"")",20,139
"bank","overhanging bank of a river; edge of a trench",15,139
"hoof","hoof, claw",47,139
"form","to shape, form, fashion, format",34,139
"mender","mender",14,139
"luggage","pack, baggage",24,139
"hating","about to hate, about to detest",32,139
"plant","an umbelliferous plant, Meum athamanticum",49,139
"tribe","A tribe of Mesopotamia mentioned by Pliny",5,138
"pain","pain, suffering",15,138
"raise","to raise, elevate, lift up",24,138
"scorpion","scorpion",11,138
"traveling","Pertaining to traveling or a journey.",5,138
"weak","lacking vigour, weak",4,138
"wounded","hurt, wounded, injured, stricken, smitten",26,138
"low","low on the ground",15,138
"building","building",52,138
"island","A small island situated between Sicily and Africa",38,138
"tribe","An ancient tribe of India mentioned by Pliny",5,137
"bounded","limited, delimited, bounded",14,137
"tribe","A tribe of Gallia Belgica",19,137
"symbol","symbol, token",19,137
"fruit","any type of fruit (applied to apples, cherries, nuts, berries, figs, dates, etc.)",17,137
"wedge","to wedge in, secure by wedging, force in like a wedge",37,137
"tissue","tissue",40,137
"rainy","rainy, bringing rain",44,137
"obstacle","obstacle, impediment",8,136
"leader","master, chief, head, superior, director, president, leader, commander, conductor",8,136
"camp","camp",13,136
"crow","raven, crow",24,136
"tiny","very little or small",10,136
"sugars","Sugars.",26,136
"river","A river of Thrace flowing into the sea between Selymbria and Byzantium",35,136
"guided","led, guided",45,136
"planing","planing",38,136
"doing","doing, acting, making",64,136
"becoming","beginning to be; becoming",79,136
"island","an island off Campania",1,135
"harasser","troubler, harasser, abuser, vexer",14,135
"oath","the object by which one swears, the witness of an oath, as the Styx was among the gods, or as Zeus was among mortals",25,135
"earthly","earthly",14,135
"harmful","harmful, pernicious",13,135
"squeeze","to squeeze, chafe, exercise pressure",13,135
"government","state, government, administration",23,135
"river","a river in Cisalpine Gaul which flows into the Padus",38,135
"king","rex (king)",28,135
"there","there, in that (very) place, here (chiefly used in direct speech to address the place of one being talked to)",60,135
"enter","to go into; to enter; to invade",55,135
"formless","formless, shapeless",13,134
"body","body, person (person when used to mean ""human body"", e.g., ""on one's person"")",25,134
"star","The star β Crucis in the constellation Crux.",23,134
"symmetry","symmetry, proportion",22,134
"fierce","furious, ferocious, fierce, violent, barbarous, cruel, savage",6,134
"road","Road; path; travel.",27,134
"delight","source of joy or delight",25,134
"pure","undefiled, pure",11,134
"omen","an auspicious sign, a (favorable) omen",28,134
"change","change",21,134
"sacrificing","first-person singular/third-person plural imperfect active indicative unaugmented of θῡ́ω (thū́ō)",29,134
"fan","To fan, to cool with a fan.",39,134
"fold","to fold, bend or flex; to roll up",46,134
"to begin","to begin",50,134
"nap","to take a siesta (mid-day nap)",45,134
"public","affecting all the people, public, general",5,133
"lovely","lovely",8,133
"love","to love (with sexual passion), to be in love with",6,133
"harmony","harmony, concordance of sounds",11,133
"iris","iris",4,133
"gain","increase, advantage",13,133
"ugly","unlovely, unattractive, homely, ugly",10,133
"high","lofty, high, steep, tall, elevated",4,133
"harmful","hurtful, harmful, injurious, noxious.",9,133
"town","One of the twelve towns of Achaia",17,133
"mold","oblong case or frame used in moulding bricks and in measuring",24,133
"viny","of vine",9,133
"dashed","dashed or crushed against",36,133
"baker","Baker (attributive); used in taxonomic names for organisms having English names of the form ""Baker's ...""",24,133
"river","a river of Scythia mentioned by Tacitus",44,133
"egg","egg",40,133
"due","which is to be given",64,133
"thorn","a thorn or a thorny tree or shrub, such as whitethorn, hawthorn, or blackthorn",4,132
"river","a river in Aeolis, mentioned by Pliny",26,132
"dish","small plate of food (in particular fish)",12,132
"drag","to drag (pull along a surface)",17,132
"date","kind of nut-shaped date",15,132
"boss","boss or disc of metal",41,132
"sail","uncontracted second-person singular present active imperative of πλέω (pléō)",22,132
"vessel","a kind of drinking vessel",26,132
"heir","heir, heiress",29,132
"hat","a travelling hat or cap with a broad brim",34,132
"peak","peak, summit, top",40,132
"dish","kind of flat dish",31,132
"giving","giving",62,132
"return","a returning",2,131
"plant","a plant (further details are uncertain)",12,131
"divine","divine, of a deity, superhuman, supernatural",12,131
"musical","of or pertaining to music, musical",6,131
"skin","skin, hide, rind",29,131
"heat","to warm up, to heat",10,131
"enemy","enemy, foe (someone who is hostile to, feels hatred towards, opposes the interests of, or intends injury to someone else)",9,131
"hen","hen (female chicken)",11,131
"socket","a hole or socket in which a peg is stuck",37,131
"produce","to bring forth, produce, generate, cause to grow",34,131
"lizard","kind of lizard",11,130
"oar","an oar",10,130
"town","a town in Mauretania, mentioned by Pliny",33,130
"fruits","fruits",19,130
"strength","nerve, strength, vigour",30,130
"tooth","tooth or teeth",30,130
"rush","rush, impulse, sweep, force in motion",39,130
"citizen","inhabitant of a town or a city-state: townsman, citizen",26,130
"eleven","eleven; 11",58,130
"town","A town of Etruria on the lake of Bracciano",10,129
"grave","grave; burial place",13,129
"boyish","boyish",6,129
"lock","A lock of wool used in bandaging",21,129
"exhaust","to use up, exhaust, consume entirely",28,129
"in","in, within",23,129
"divine","of or belonging to a deity; divine",7,129
"rotate","to turn, trend, wheel, roll, swing about, whirl, rotate; brandish",23,129
"wheat","kind of grain, wheat",22,129
"lamp","a lamp, an oil lamp",24,129
"dual","dual",20,129
"shavings","shavings, splinters, chips (especially in plural)",21,129
"flatterer","flatterer, fawner",21,129
"support",": prop; support; foundation; stay (of a ship); ballast",24,129
"compact","Hesychius gives the definition as: πυκνόν (puknón, ""close, compact""), συνετόν (sunetón, ""intelligent, wise""), γαῦρον (gaûron, ""haughty""), μέγα (méga, ""big"").",47,129
"exercise","training, exercise, practice",34,129
"firm","firm, lasting, stout",23,129
"friendly","Old Latin form of cōmis",33,129
"club","club, stick, cudgel, mace",22,129
"false","false; vain",4,128
"region","a small ancient region of Mesopotamia, whose exact position is uncertain",9,128
"hostile","hostile",11,128
"joint","a joint",7,128
"alert","awake, watching, alert",20,128
"fare","passage-money, fare, freight",11,128
"kiss","a kiss",15,128
"pastry","pastry, cake, pie (any baked food)",39,128
"name","a female given name, character in the play Mercator of Plautus",26,128
"god","Boeotian, Arcadocypriot, and Laconian form of θεός (theós)",21,128
"cotton","cotton (Gossypium herbaceum)",16,128
"shoot","shoot, sprout, sprig, twig",26,128
"harvest","harvest (action, season)",29,128
"fortune","The Roman goddess of luck, fortune and fate, equivalent to the Greek goddess Tyche.",41,128
"dead","dead, having died",22,128
"north","the north",38,128
"rope","rope, band, twisted cord",30,128
"right","right (relative direction), right hand",52,128
"tomb","funeral mound; tomb; grave",30,128
"veil","an orange bridal veil",47,128
"beach","to drive on, to run a ship to land, put a ship to shore",49,128
"spit","spit, broach (especially for roasting)",47,128
"men","men, in the mystic language of the Pythia",7,127
"marshy","swampy, marshy",4,127
"cloudy","cloudy",6,127
"melon","melon (picked ripe)",26,127
"hide","animal skin; hide, fell; leather",30,127
"light","light, electromagnetic radiation",23,127
"city","a city in northern Palestine situated on one of the sources of the River Jordan",28,127
"town","a town in Gallia Belgica situated between Durocortorum and Divodurum",25,127
"cultivated","tended, cultivated",12,127
"town","a town in Calabria situated on the southernmost point of Salento",46,127
"loose","unconnected, loose",1,126
"converging","uniting, combining, running or meeting together with someone",6,126
"god","a minor Roman god of the fields, matrimony, and fertility",4,126
"pure","clean, pure, sound",7,126
"anus","anus, rectum, fundament",28,126
"iron","of, or relating to iron",8,126
"boat","kind of boat mentioned in the Periplus of the Erythraean Sea",23,126
"town","a town in Minorca, Balearic Islands, now Mahon",39,126
"summer","of or in summer",26,126
"urban","Of or pertaining to a vill, town or city.",35,126
"knee","Knee.",37,126
"hunger","hunger",56,126
"huge","immense, enormous, huge, vast",12,125
"sensing","feeling, perceiving with the senses",35,125
"inside","inwardly, inside",21,125
"curl","curl, lock of hair",36,125
"rising","rising above the horizon",29,125
"quickly","quickly, fast",47,125
"biting","gnawing, stinging, eroding",52,125
"river","a river in Hispania Tarraconensis",62,125
"tear","to tear, strip or lacerate; especially in mourning",5,124
"river","a river in Picenum that flows into the Adriatic Sea, also called Cluentus, now the river Chienti",14,124
"city","An ancient city of Pieria situated on the coast",6,124
"limited","limited, terminated",12,124
"costly","Very expensive or costly",10,124
"seven","Seven: forming words relating to seven.",21,124
"river","It was a river in ancient Acarnania, tributary of the Achelous River, which it joined eighty stadia south of Stratus.",29,124
"associate","to associate (have dealings) with",31,124
"to sew","to sew",22,124
"sliding","gliding, sliding, slipping, falling",43,124
"lower","lower",6,123
"fish","A type of river fish",5,123
"secret","secret (prayer said inaudibly, especially after the ""orate fratres"" at Mass)",13,123
"waxed","waxed",14,123
"cut","cut, mowed, reaped",13,123
"town","An Ancient town of Africa mentioned by Pliny",15,123
"honest","guileless, honest",16,123
"is","paroxytone third-person singular present indicative active of εἰμί (eimí) with movable nu",34,123
"gravity","gravity",25,123
"joyful","gladdening, glad, joyful, joyous",7,122
"tribe","A tribe of Sarmatia mentioned by Pliny, northeast of the Black Sea",20,122
"grandmother","grandmother (mother of someone's parent)",27,122
"hidden","hidden, concealed, having been concealed",9,122
"secret","secret",21,122
"asher","Asher",30,122
"larva","larva of the bee or wasp",30,122
"harm","Hurt, harm, damage, injury.",33,122
"harbor","harbor, port",50,122
"beak","beak of a ship",48,122
"located","located; placed; situated; arranged",60,122
"capital","of the head or life",2,121
"horse","one of the light-bringing steeds of Eos",6,121
"crash","crash, din, fragor",10,121
"formed","having been formed, composed, united, strengthened",14,121
"smoke","to smoke, fill with smoke",19,121
"want","second-person singular present mediopassive imperative of βούλομαι (boúlomai)",40,121
"crescent","crescent",21,121
"polish","to make bright or shining; polish, smooth",26,121
"act","to act, to take action, to achieve",59,121
"round","made round by turning; round, circular",5,120
"island","An island off the coast of Gallaecia, Hispania Tarraconensis, today Cortegada",17,120
"mountain","a mountain in Ionia, Turkey",15,120
"contract","to draw together: shorten sail; to draw in, contract",14,120
"fluid","liquid, fluid, flowing",28,120
"to kiss","to kiss",41,120
"complete","complete, full",17,120
"coin","a coin, piece of money",25,120
"island","an island off the coast of Persia",35,120
"shoe","to shoe, furnish with shoes",28,120
"corner","syncopated form of angulus (""corner"")",41,120
"legal","relating to laws, legal",5,119
"bowl","A broad, flat dish, saucer, bowl, or vessel, used especially for libations during a religious rite or sacrifice",14,119
"general","The leader or commander of an army; a general.",5,119
"scorned","scorned, having been scorned",4,119
"chips","chips of stone in hewing",15,119
"skillful","skillful, artfully constructed",7,119
"owl","screech owl (Tyto alba), tawny owl (Strix aluco)",35,119
"revived","revived, renewed, having revived",7,119
"sticky","sticky; claggy; adhesive",13,119
"watcher","watcher; watchman; guard",10,119
"perceived","perceived, discerned",18,119
"mixed","unaugmented third-person singular aorist active indicative of μῑ́γνῡμῐ (mī́gnūmĭ)",24,119
"name","a male given name from Etruscan",23,119
"corrected","corrected",9,119
"club","club (heavy stick used as a weapon)",33,119
"roughness","roughness, scurf",41,119
"escape","escape",30,119
"meaning","the true sense or meaning of a word according to its origins and evolution, its etymology",49,119
"cancer","Cancer, one of the constellations of the Zodiac",38,119
"lie","to lie, lie outstretched",38,119
"boundary","a boundary, limit, end",45,119
"riddling","riddling",26,119
"echo","Echo",44,119
"town","a town in Mysia situated between Antandrus and Adramyttium",4,118
"rooster","a male chicken: cock, rooster",8,118
"sorrowful","painful; full of sorrow, sorrowful",5,118
"shaded","shaded, overshadowed",6,118
"weakness","weakness",15,118
"spear","hunting spear, pike",15,118
"rearing","the act of breeding, rearing or bringing up",24,118
"love","love, affection, devotion (for a person, one's family, one's country)",24,118
"deck","deck, the upper planking of a ship",33,118
"abundantly","largely, abundantly",45,118
"separate","to separate, divide, part, distinguish between two things or people or among a group of things or people",46,118
"wrong","wrong; (moral) offense; wicked act; misdeed or misdoing",37,118
"therefore","for that reason, therefore, thus",55,118
"vain","Hesychius gives the definition as: μάταιος (mátaios, ""vain, empty, idle"").",4,117
"near","near; nearby",4,117
"river","a river in Greece, forming the boundary between Acarnania and Aetolia.",4,117
"harpy","harpy",9,117
"strange","unnatural, strange",3,117
"noble","well-born, well-bred, noble",5,117
"shattered","shattered",15,117
"club","A staff, a cudgel, a club",22,117
"misty","in the mist or thick air of morning",38,117
"greedy","greedy, avaricious, covetous",26,117
"mound","heap of earth, boundary-heap",20,117
"sink","to cause to sink; to plunge",37,117
"town","One of the towns of the tetrapolis of Doris",50,117
"vomiting","vomiting",1,116
"gem","kind of precious stone",6,116
"town","a town in interior Lucania situated on the road from Capua to Rhegium",8,116
"draw","to draw (water, wine, etc.)",13,116
"sight","viewing, sensory perception, observation",8,116
"extinguished","extinguished",5,116
"shaking","The act of shaking.",15,116
"spoon","spoon",22,116
"river","a river in Phoenicia, mentioned by Pliny",18,116
"sound","sound",25,116
"earth","ground, earth",24,116
"speak","to say, speak, tell, talk, utter",29,116
"sweet","pleasant to the taste or smell, sweet",40,116
"no","not at all, not in the least, by no means; no (opposite of ""yes"")",36,116
"hot","syncopic form of calidus (Classical)",34,116
"bundle","a bundle of hay, or (in the plural) of bamboo",25,116
"govern","to rule, govern, direct",38,116
"feathered","feathered, covered with feathers, feather-bearing",7,115
"deceitful","deceitful, deceptive",8,115
"detached","cut off from",9,115
"tribe","one of the native tribes of Sicily, which dwelt in the extreme west of the island",14,115
"voluntary","voluntary, spontaneous",8,115
"dawn","The time immediately before or around sunrise: dawn, early morning twilight",24,115
"dusky","livid, pallid, blue, lurid, dark colored",17,115
"rim","rim of a round shield",15,115
"weaver","weaver",25,115
"hollow","hole, hollow",24,115
"most","most; almost all; very many",37,115
"smoke","to smoke, steam, fume",32,115
"silent","being silent, keeping silent; silent, reticent",38,115
"town","a town in Hispania Baetica situated near the border with Hispania Tarraconensis",16,114
"crooked","crooked, deformed",5,114
"singer","singer (male) (verbal noun of canō (nomen agentis))",10,114
"dress","a saffron-coloured court dress",15,114
"sight","a sight",5,114
"brandish","to poise or sway a missile before it is thrown; to brandish a weapon",24,114
"speechless","unspeaking, speechless",35,114
"active","active, busy, diligent",11,114
"line","straight line.",12,114
"heal","to heal, cure",42,114
"river","The Syr Darya river",19,114
"bundle","bundle of sticks",35,114
"prophetic","prophetic",17,114
"garment","A garment",45,114
"able","-able; able or worthy to be (the recipient of an action).",47,114
"stick","A stick",55,114
"cry","any loud cry, especially of women invoking a god",1,113
"spidery","spidery, cobwebby",3,113
"signaling","the giving of a signal or command",3,113
"fish","A kind of marine fish",11,113
"wandering","wandered over; (having been) wandered astray; (having been) roved about",9,113
"neither","neither, neither one",10,113
"round","to round off (make round)",44,113
"dancer","ludio, a Roman stage performer or dancer",24,113
"vomit","second-person singular present mediopassive imperative contracted of ἐμέω (eméō)",39,113
"son","Son of; especially used for the illegitimate sons of royalty.",28,113
"bill","a proposition or motion for a law made to the people by a magistrate, a bill",33,113
"outside","outside",56,113
"green","to make (something) green",53,113
"wet","to wet, moisten, dip (in), impregnate (with); to smear; to dip, immerse",35,113
"white","whitening; white",3,112
"traveling","traversing, traveling",12,112
"capital","capital or chapiter of a column",3,112
"summit","top, summit, highest point or place",14,112
"try","to try, attempt",14,112
"dyer","dyer (one who dyes)",18,112
"science","science",10,112
"touch","to feel, to touch sharply, to handle",15,112
"diligent","diligent, industrious, zealous, unremitting, solicitous, assiduous, sedulous",8,112
"aged","full of years, old, aged",8,112
"internal","inward, internal",25,112
"wither","to dry up, wither, shrivel",32,112
"pain","pain, ache, hurt",19,112
"fame","fame",30,112
"deserving","deserving, meriting",46,112
"organ","organ (any internal organ of the body)",11,111
"covering","A covering to protect goods from the weather",5,111
"island","One of the Sporades",19,111
"boiled","seethed, boiled",33,111
"poop","halfdeck at the stern of a ship",34,111
"sheep","sheep, lamb",38,111
"flax","flax (Linum usitatissimum)",32,111
"vapor","vapor, steam, smoke",46,111
"mastic","A kind of mastic",56,111
"wood","sylvan; grove, wood",1,110
"inquiry","A questioning, inquiry, examination, interrogation.",3,110
"smile","smile",4,110
"command","That which is commanded, a command, order.",3,110
"side","side",16,110
"depicted","depicted, portrayed",5,110
"then","thereupon, thereafter, then",26,110
"learned","learned, educated, scholarly, literate",7,110
"mist","mist; haze",33,110
"request","request, demand",30,110
"flute","A kind of flute",38,110
"captured","captured, having been captured, seized, having been seized, taken, having been taken",36,110
"cone","an appendage to the catkin of certain trees in autumn, a cone",2,109
"witness","bystander, witness",9,109
"wearing","wearing (of clothing)",6,109
"citrus","citrus",4,109
"useful","useful, profitable, expedient, suitable",25,109
"idle","idle",9,109
"town","a town in Caria, mentioned by Pliny together with Symmaethos",12,109
"vessel","pot or vessel for liquids",22,109
"fasten","to fasten with a clasp",18,109
"insertion","putting into, setting, or placing into or upon, inserting",35,109
"consumed","consumed",12,109
"slow","slow, sluggish, dull, languid",17,109
"hook","hook",34,109
"animal","of or pertaining to animals",31,109
"troop","a troop, squadron of cavalry, team",40,109
"ganges","river Ganges, India",53,109
"deprivation","deprivation, privation",4,108
"interval","An interval or distance",14,108
"rattle","a rattling, creaking, rustling, clattering",16,108
"rustic","rustic",3,108
"there","in that place, yonder, there",19,108
"pairing","A joining, two by two",16,108
"sweet","saccharine, sweet",6,108
"moisture","moisture, wetness",31,108
"approved","approved, having been approved",7,108
"town","a town in India, mentioned by Pliny",26,108
"red","red (colour)",19,108
"giving","A giving, presenting.",24,108
"sheep","Sheep.",26,108
"thinker","thinker",38,108
"remoteness","distance, remoteness",18,108
"court","a court",34,108
"butting","butting (like a ram); headbutt",26,108
"tribe","An Alpine tribe mentioned by Pliny",35,108
"belt","Old Latin form of zōna",42,108
"enter","to enter, go into [with accusative or in (+ accusative)]",56,108
"king","A Ligurian king and father of Cottius",43,108
"beard","the chin; the chin with the hair that grows on it; the beard",49,108
"ground","ground, gnashed",43,108
"lucky","lucky; fortunate",2,107
"gum","gum of an African tree",4,107
"hollow","bend; hollow",10,107
"moisture","dampness, moisture",12,107
"shine","to shine, be bright, give light",16,107
"heaped","heaped",7,107
"exchange","exchange (of currencies)",10,107
"city","A city of Paphlagonia founded by Meriones after the war of Troy",17,107
"nitrogen","nitrate, nitrogen",26,107
"cavity","a hollow, cavity",24,107
"explored","having probed, searched, explored",25,107
"outside","Outside of, beyond.",34,107
"waist","waist; loins",27,107
"perform","to perform, execute, administer, discharge, finish, complete or end something, observe (with ablative of the task or function)",35,107
"lay","second-person singular imperfect middle indicative of κεῖμαι (keîmai)",40,107
"house","house",19,107
"vault","crypt, vault",7,106
"obstacle","a difficulty in passage",10,106
"rainy","stormy, rainy, surrounded by rain clouds",5,106
"cleansing","of or fit for cleansing or purifying",8,106
"old","old, aged",8,106
"hateful","hateful, hated, odious, disliked, unpopular",4,106
"pain","pain (felt or caused), suffering",14,106
"covering","covering",7,106
"more","more, comparative degree of πολύς (polús)",25,106
"dulling","The process of making something dull, dim or faint.",23,106
"slip","a newly planted vine or shoot",13,106
"agent","doer, agent",29,106
"sing","to sing, chant, praise",33,106
"escort","escort",1,105
"city","A city of Achaia situated between Aegira and Sicyon",6,105
"freely","out of favor or kindness, without recompense or compensation, gratuitously, freely",5,105
"spoils","spoils; weapons stripped off a slain enemy",14,105
"tribe","An Illyrian tribe of Macedonia",14,105
"tiny","very small, little, cheap",3,105
"assembled","assembled; met (together)",13,105
"drama","drama, play",21,105
"threshold","threshold",20,105
"river","a river in Gallia Narbonensis which flows into the Mediterranean Sea, now the river Orb",12,105
"lower","to let down, allow to hang free",19,105
"town","a coastal town in Syria, subject to Aradus",25,105
"plume","a kind of helmet crest or plume",29,105
"comb","to comb, card",29,105
"dot","a little point, a dot, spot",21,105
"release","to release from an obligation",27,105
"separation","separation",17,105
"island","an island off the coast of Caria",32,105
"butcher","butcher, knacker (one who slaughters and renders worn-out livestock)",2,104
"name","a male given name, character in the play Stichus of Plautus",5,104
"chief","A chief of the Gauls who defeated the Romans at the river Allia.",14,104
"opened","opened, reopened",8,104
"short","short in stature, undersized",3,104
"hammered","hammered, having been beaten or shaped by a hammer",6,104
"head","head; cephalic",5,104
"porter","a carrier: a porter",10,104
"snake","snake; adder; viper",10,104
"festival","the festival of Lemurēs (spirits, ghosts)",15,104
"sailed","contracted second-person singular imperfect active indicative of πλέω (pléō)",27,104
"bloody","covered or mingled with blood, bloody, bloodstained, bleeding",32,104
"collar","collar, neckband; chain for the neck",39,104
"imitation","imitation",45,104
"use","to use, make use of, employ",27,104
"tomb","burial mound, grave, tomb",41,104
"killer","Noun-forming suffix denoting ""one who kills"" or ""one who cuts"" from noun stems.",56,104
"cavity","a little cavity in the middle of leguminous fruits, where the germ sprouts forth",4,103
"hairy","having long hair, covered with hair",11,103
"suspected","viewed with suspicion or jealousy",12,103
"town","a town of Hispania Tarraconensis mentioned by Pliny",11,103
"cunning","sly, cunning, crafty, artful, subtle",10,103
"dark","dark, obscure, dim",15,103
"peg","A peg, stopper; linchpin.",14,103
"flower","flower of the pomegranate",22,103
"armed","equipped for battle with a javelin or dart.",5,103
"kiss","a kissing; kiss",13,103
"openly","without concealment, openly, publicly, undisguisedly, plainly, unambiguously",20,103
"silently","silently, without speaking",17,103
"elderly","geriatric; elderly",38,103
"humiliation","humiliation, humbling",42,103
"lung","A lung.",36,103
"sew","to sew, stitch",51,103
"extended","stretched out like a measuring line",1,102
"boldly","daringly; courageously; boldly",2,102
"steal","to steal, filch",7,102
"rabbit","a kind of rabbit",10,102
"winged","bearing wings, winged",8,102
"jug","jug, ewer, urn",8,102
"to star","To be set or covered with stars",17,102
"natural","natural, indigenous",15,102
"calling","calling, a call",19,102
"firmness","firmness, steadiness, constancy, perseverance",13,102
"bend","to bend, wind, curve",38,102
"urban","urban",26,102
"walker","walker (one who walks)",42,102
"opposed","Opposite, opposed, opposing.",32,102
"purely","purely, spotlessly, virtuously",26,102
"cod","Hesychius gives the definition as: ὀνίσκος (onískos, ""cod"").",6,101
"ancient","old, ancient, archaic, antique, antiquarian, venerable",4,101
"sleeved","sleeved (of clothing)",10,101
"ten","The dicker, a various English units of 10 items.",14,101
"friendly","friendly",8,101
"tasteless","tasteless",6,101
"elephant","elephant; elephantine",4,101
"united","united, connected",4,101
"to dance","to dance",24,101
"hammer","hammer",12,101
"same","the same",14,101
"restoring","returning, restoring",33,101
"jewel","costly trinket (especially an earring)",14,101
"river","a river in Bactria, mentioned by Pliny",21,101
"acoustic","Relating to sound",11,101
"copy","to copy (a text, document, etc.)",25,101
"rarely","rarely, seldom.",40,101
"collar","fetter, collar for the neck",43,101
"godlike","equal to the gods; godlike",1,100
"gaping","gaping, yawning",5,100
"destroyer","destroyer, ruiner",4,100
"sauce","sauce made of vinegar and brine",11,100
"care","care, attention",14,100
"insertion","insertion",12,100
"attached","tied, fastened or bound on or to, connected, attached, annexed, having been connected",9,100
"splendidly","splendidly",6,100
"river","a river in Picenum, now the river Musone",19,100
"city","A city of Euboea situated upon the river Callas at the foot of Mount Telethrius",18,100
"bland","unsalted, flavorless",11,100
"sly","crafty, cunning, sly, subtle",10,100
"broadly","widely, spaciously",33,100
"collect","to collect, gather, bring together, catch",30,100
"king","A king of Macedonia",10,100
"morning","in the morning",32,100
"shoe","kind of shoe",18,100
"colony","A colony, settlement",24,100
"grind","to grind, bruise, pound, mill",19,100
"eleven","eleven",19,100
"city","a city in Hispania Tarraconensis",41,100
"follow","to follow, to come or go after, to pursue",52,100
"town","a town in Mysia situated north of Atarneus; now Gömeç, in Turkey",1,99
"stinking","stinking",4,99
"heavenly","celestial, of or in the heavens, heavenly",16,99
"arrows","shafts of an arrow, arrows, projectiles",12,99
"leather","made of leather",11,99
"shell","rayed trough shell (Mactra corallina)",20,99
"pain","pain (of either mind or body), sorrow, trouble, grief, distress, woe",6,99
"king","The name of three kings of Sparta",8,99
"kid","kid; young goat",13,99
"glory","glory",11,99
"fish","an unknown kind of fish",13,99
"threshold","threshold, doorstep, sill (bottom-most part of a doorway)",17,99
"ashes","ashes",6,99
"love","agape (Christian love or charity)",21,99
"exhalation","The act of blowing or breathing to or upon; exhalation.",19,99
"evacuate","to empty out (a space)",38,99
"can","be able to, can, may",37,99
"glory","praise, glory, repute",41,99
"split","split or hewn piece of wood",9,98
"marked","marked, designated",5,98
"painted","painted, coloured, beautified",13,98
"weak","infirm, impotent, weak, feeble",10,98
"downy","Bearing soft, downy feathers",8,98
"squeezed","squeezed",16,98
"axe","an axe",20,98
"love","friendship, love, affection",7,98
"so","so, in such a manner",19,98
"river","Cersus, a river of Cilicia mentioned by Xenophon",23,98
"weary","tired, weary",21,98
"tribe","A tribe of northern Asia mentioned by Pliny",15,98
"worthy","honorable, worthy",42,98
"clay","white clay, potter's clay, argil",39,98
"wine","wine",31,98
"smooth","free from knots, smooth",4,97
"hairless","hairless",8,97
"rude","unfeeling, rude",4,97
"wrinkle","to wrinkle; to wrinkle up",9,97
"shut","closed, inaccessible; having been closed",13,97
"doer","doer (female)",13,97
"river","a small river in Hispania Tarraconensis, perhaps the river Nalón",18,97
"now","now, at this time",20,97
"banker","banker, money changer",6,97
"number","number",24,97
"slug","slug, snail",15,97
"measure","something used to measure: measure, rule, weight",16,97
"slippery","slippery, perilous, likely to make one stumble",14,97
"tire","to wear out, tire",9,97
"branch","A branch of the Chatti, which occupied the territory of modern Holland",8,97
"island","An island near Samos",23,97
"poisonous","poisonous",15,97
"settle","to sit down, to seat oneself, to settle",33,97
"envy","envy, jealousy",14,97
"elevate","to raise up, elevate, lift",29,97
"go","to make one's way, go, come, depart",21,97
"town","A town of Lucania also called Callipolis, now Gallipoli.",26,97
"wonder","wonder, admiration",28,97
"troop","turma, troop, squadron of cavalry",28,97
"paper","sheet of paper; paper",33,97
"deity","A deity of the Sabines, worshipped also in Rome",42,97
"emerging","emerging",8,96
"island","one of the Echinades",5,96
"hide","hide, skin, fur",5,96
"pointed","pointed, acute",9,96
"press","a wine or olive oil press",4,96
"fruitful","fruitful, rich in fruit",3,96
"following","following",8,96
"assembled","put together, collected, built, constructed",11,96
"bearing","carrying, bearing; wearing",17,96
"darkness","darkness, especially the darkness of night",13,96
"monster","monster; monstrous creature",18,96
"bag","knapsack, wallet, satchel",35,96
"weasel","weasel",21,96
"able","able, capable",29,96
"action","-tion, -ation, -ing; suffixed to verbs to form action nouns denoting a process, action, or result of an action.",35,96
"to open","to open",21,96
"word","something said: word, speech, conversation",34,96
"act","to act (as opposed to speaking or being acted on)",28,96
"advance","to go or march on; to advance",41,96
"bear","a bear",40,96
"neglecter","neglecter, slighter",30,96
"profit","gain, acquisition, profit, advantage",1,95
"bind","contracted second-person singular present active optative of δέω (déō)",3,95
"grafter","a grafter, an ingrafter",12,95
"oven","oven; furnace",22,95
"purpose","resolution, determination, purpose, design",14,95
"as","as, a Roman coin made of bronze",15,95
"rope","rope, cord, line",16,95
"washed","washed, cleaned",30,95
"dusk","twilight, dusk",11,95
"hut","hut",17,95
"river","a river in Cilicia, mentioned by Lucretius",25,95
"silver","silver (metal, element)",47,95
"waver","to be in uncertainty; to doubt, vacillate",6,94
"rust","rust in corn, mildew",4,94
"table","table",5,94
"pointer","A pointer, indicator.",25,94
"distinct","separable, definite",13,94
"ending","second-person singular future active imperative ending of deponent verbs",6,94
"clearly","clearly, obviously",22,94
"stubbornness","stubbornness, obstinacy, tenacy",20,94
"clearly","plainly (to the senses or understanding), distinctly, intelligibly",27,94
"worthless","worthless; wretched; poor",21,94
"appearing","appearing",16,94
"cream","cream",31,94
"soap","soap",26,94
"bloodless","bloodless",15,94
"cry","to cry; to weep; to shed tears",25,94
"elevation","raising, lifting up, elevating",32,94
"hall","large room, hall",15,94
"kid","A small goat.",23,94
"finish","to execute, conclude, finish, accomplish",29,94
"narrow","of narrow space, strait",1,93
"town","a town in Sicily, situated on the road from Agrigentum to Syracuse",3,93
"skin","epidermis, cuticle, surface skin",6,93
"painter","A celebrated Greek painter",4,93
"cramp","a wringing or griping",11,93
"nausea","nausea",6,93
"sea","ocean, sea",7,93
"thinness","thinness, fineness, delicateness",7,93
"thumb","thumb (as being opposite to the other fingers)",9,93
"idea","Idea, image.",14,93
"harsh","harsh, discordant",8,93
"dewy","dewy",13,93
"river","a small river in Sicily",29,93
"beans","beans",10,93
"ancient","aged, very old",12,93
"tribe","A tribe of Aquitania mentioned by Pliny",9,93
"creep","to creep, crawl",23,93
"grudge","grudge, rancour, animosity, ill will",17,93
"before","before, in front",14,93
"wound","wound, injury",31,93
"coin","small coin, coinage",34,93
"motherless","motherless, without a mother",32,93
"stream","a stream, smaller river",35,93
"back","The back.",47,93
"tribute","tax, tribute",43,93
"wish","to wish, to please",48,93
"aiding","helping, aiding",46,93
"ruler","monarch, ruler",1,92
"town","a town in Aquitania situated on the road from Burdigala to Climberrum, now Eauze",2,92
"town","a town in interior Calabria",4,92
"bloodless","Deprived of blood, without or lacking in blood; bloodless.",6,92
"dark","dark, gloomy, murky",7,92
"mist","mist, fog",14,92
"rapid","rapid, quick, swift",16,92
"countless","numberless, countless, infinite",18,92
"flow","flow (of water), current",19,92
"paired","yoked together, paired",12,92
"pass","A narrow pass, a defile",12,92
"enjoying","enjoying",33,92
"cooked","cooked, having been cooked.",26,92
"complete","to bring about, complete, fulfill",22,92
"wall","wall, rampart, entrenchment",35,92
"choking","choking, suffocation",35,92
"spin","to spin, twist by spinning",6,91
"exempt","free or exempt from taxes, public service, or penalty (+ ablative)",10,91
"wooded","set or planted with trees, wooded, forested",5,91
"leaning","act of leaning",15,91
"ankle","ankle, heel",14,91
"shelter","shade, shelter",15,91
"therefore","consequently, therefore",23,91
"lost","destroyed, lost",6,91
"advised","advised, warned, having been advised",12,91
"lame","limping, halting, lame, crippled",19,91
"friend","female equivalent of amīcus: a female friend",28,91
"intestines","guts, intestines, entrails of the abdomen",21,91
"banana","banana",27,91
"breeze","cool air in motion, breeze, fresh air of the morning",38,91
"stable","stable, firm",48,91
"greed","A greedy desire for possessions or gain; avarice, greed, greediness, covetousness, rapacity.",1,90
"rough","rough, rugged, uneven",1,90
"beauty","loveliness, attractiveness, beauty, grace, elegance, charm",2,90
"uniformity","uniformity, evenness, equalness",11,90
"mourning","Of or relating to mourning",3,90
"electric","electric",4,90
"rot","to make rotten or putrid",9,90
"intestines","intestines",7,90
"weaving","plaiting, weaving",10,90
"sharp","very sharp or penetrating",3,90
"desired","Hoped for, longed for, expected, having been hoped for, longed for or expected.",3,90
"island","A deserted island mentioned by Pliny",17,90
"blemish","stain, blemish; minor disgrace",20,90
"quickly","swiftly, quickly",24,90
"wagon","Thessalian form of ἀπήνη (apḗnē)",18,90
"bearer","bearer, carrier",14,90
"today","Late Latin, Vulgar Latin spelling of hodie (""today"")",37,90
"cheer","to gladden, cheer, make cheerful",17,90
"pulse","pulse, impulse, beat, stroke",22,90
"thirteen","thirteen; 13",28,90
"to roar","to roar",28,90
"town","A town of Arcadia situated in the upper valley of the Aroanius",37,90
"bay","the sound of the dog when it hunts",39,90
"bonus","bonus, extra, largess",1,89
"ascending","surmounting, ascending, rising over.",5,89
"swell","to be swollen, turgid, distended, puffed out or inflated, to swell",8,89
"boundary","boundary",5,89
"falling","falling, a fall",16,89
"eater","eater",21,89
"tuna","tuna",15,89
"spiny","thorny, spiny",13,89
"extended","extended, having been extended.",7,89
"pig","pig, swine, hog",12,89
"pathless","untrodden; inaccessible",18,89
"river","a small river that flows near Rome, mentioned by Livy",23,89
"deprivation","privation, deprivation",32,89
"neat","undiluted, neat (drink)",8,89
"top","a summit, top, finishing",14,89
"tomb","tomb",36,89
"fingerlike","like a finger",1,88
"swell","to swell up, begin to swell",1,88
"specific","specific",5,88
"gripes","gripes",5,88
"teal","teal (Anas crecca)",7,88
"useless","useless, unserviceable, unprofitable",3,88
"lawful","lawful, legal, legitimate",3,88
"fake","base, fake, counterfeit (especially of coins)",6,88
"river","A river of Numidia flowing between Lares and Capsa",13,88
"empty","empty, vacant, unoccupied",10,88
"sensitive","sensitive",10,88
"shaft","shaft of a spear or javelin",8,88
"divine","divine",9,88
"wasp","a kind of wasp that makes its nest in the earth",15,88
"distant","long, extensive; far off, distant, remote",6,88
"steep","hilly, steep",10,88
"star","The star 38 Boötis in the constellation Boötes.",9,88
"dwelling","the act of dwelling or inhabiting",5,88
"district","district, canton, region",12,88
"to sleep","to sleep",9,88
"leisure","leisure, free time",22,88
"parent","parent, father, sire, begetter, procreator",33,88
"hammering","hammering",23,88
"kidney","kidney.",20,88
"shameful","causing shame; dishonoring; reproachful; disgraceful",15,88
"disease","a sort of disease",25,88
"spear","spear",24,88
"flood","a flood",22,88
"poured","poured into or on",35,88
"river","A river of Moesia and tributary river of the Danube, now called Yantra",27,88
"king","An Egyptian king and legislator",2,87
"city","a city on the west coast of Bruttium situated near the gulf of Hipponium",4,87
"soot","soot, lampblack",5,87
"general","general (high-ranking military leader)",4,87
"coarse","granular, coarse",8,87
"spade","tool for levelling or smoothing, spade, shovel",8,87
"island","an island of the Aegean Sea situated in front of Ephesus",11,87
"ago","days ago; literally ""it is now the ...th day since""",4,87
"original","original",6,87
"mean","wicked, malicious, stingy",4,87
"stout","stout, strong",18,87
"wonder","wonder, marvel, miracle; a wonderful, strange or marvellous thing.",12,87
"thirsty","fond of drinking; drinking readily or freely; frequently thirsty; bibulous",13,87
"test","test, trial",15,87
"load","that which is carried, load",16,87
"grave","Hesychius gives the definition as: Cypriot word for τάφος (táphos, ""grave, tomb"").",26,87
"dwell","to dwell, abide",31,87
"river","A river of Macedonia rising in Mount Olympus",19,87
"command","to order, command, bid",22,87
"scrape","to scrape, scratch",23,87
"river","A river of Gallia Cisalpina mentioned in the Tabula Peutingeriana",26,87
"mother","mother (female parent)",26,87
"city","An ancient city of Thessaly, now Trikala",1,86
"bell","A form of bell used in medieval clocks.",7,86
"city","a maritime city of Lycia, celebrated for its temple of Apollo",8,86
"river","an important river in Troas, now the Biga Çayı",9,86
"odd","uneven, odd",7,86
"kind","kind, good, friendly, pleasant",8,86
"removed","removed, detached, withdrawn",8,86
"ornament","The ornament on a mitre",12,86
"dreamer","a drowsy or dreaming person",16,86
"rigid","Stretched, rigid; straightened, smooth.",24,86
"sober","not drunken, without drunkenness, sober",15,86
"association","association",9,86
"city","a city of Lycia situated west of Balbura",7,86
"shoot","sprout, shoot",16,86
"lump","piece, lump, clump",22,86
"bubble","to bubble, boil, effervesce",17,86
"shout","A loud cry, especially a war cry",22,86
"town","A town of Thessaly situated in the valley of the Spercheus",11,86
"separate","sundered, separate, apart",12,86
"found","found (out), discovered, invented",18,86
"cousin","first cousin, cousin",19,86
"reed","reed, stalk",25,86
"eel","Hesychius gives the definition as: ἔγχελυς (énkhelus, ""eel"").",19,86
"pointed","Having a shape that has a tip, point, or apex; apical, pointy.",51,86
"arriving","coming to a place",27,86
"well","well, neatly, perfectly",37,86
"ovary","ovary",43,86
"yellow","yellow (of various shades), golden",1,85
"diagonal","diagonal",4,85
"city","a city in Gallia Narbonensis",4,85
"crowd","Crowd, mob.",6,85
"war","war, battle, conflict",4,85
"restless","restless",3,85
"islanded","made into an island",5,85
"like","In the style or manner of; appended to nouns, especially proper nouns, and forming adjectives.",15,85
"palm","the palm of the hand or the sole of the foot; a volar surface",24,85
"gate","any double-doored entrance (e.g. a domestic door or a gate to a temple or city)",25,85
"owl","A screech owl",14,85
"tines","two projecting teeth on the blade of a hunting spear",8,85
"milk","milk.",19,85
"seer","seer, soothsayer, diviner, prophet, prophetess",8,85
"repel","to chase away, put to flight",11,85
"town","a small town in Caria, mentioned by Pliny",9,85
"river","The principal river of Asia Minor, now the Kızılırmak River",9,85
"conspicuous","to be clearly seen, to be visible or conspicuous among a number",19,85
"forest","a forest in Lycia, modern Turkey, mentioned by Pliny",26,85
"uncertain","The meaning of this term is uncertain.",22,85
"name","a male given name, originally an epithet of Hermes but best known as a Latin substitute for Danish Thyge",20,85
"same","the same; identical",29,85
"island","An island situated off the coast of Attica, between Piraeus and Salamis",1,84
"girlish","girlish, maidenly",5,84
"stone","An unknown precious stone, black in colour.",4,84
"planetless","carrying no planet",6,84
"war","War, battle, fight.",13,84
"why","why? what for?",20,84
"lung","lung",16,84
"river","river Gerrhus; river Molochna, Ukraine",5,84
"instrument","kind of instrument with twenty strings arranged in octaves",11,84
"united","brought together, having been brought together.",20,84
"reveal","to exhibit, reveal, make known",15,84
"archer","archer, bowman",11,84
"mark","any engraved, imprinted or branded mark",20,84
"swim","to swim through, across, or over",18,84
"just","just, righteous",7,84
"hold","hold of a ship",26,84
"elbow","The elbow",24,84
"corpse","corpse, dead body",31,84
"after","after; later.",27,84
"town","a town of Thessalia situated at the foot of Mount Pelium, and birthplace of Jason",5,83
"forbid","Old Latin form of vetō",9,83
"desire","longing, desire",9,83
"stone","A kind of precious stone resembling an acorn",5,83
"altar","a place of sacrifice, altar, temple",12,83
"time","time",10,83
"custom","that which is sanctioned by usage",15,83
"acorn","acorn of holm oak",12,83
"acorn","acorn",24,83
"valley","Late Latin form of vallis",16,83
"gloom","darkness; gloom",19,83
"string","a stretched cord",18,83
"heaven","heaven, sky",26,83
"bravo","Alternative letter-case form of Bravo of the ICAO/NATO radiotelephony alphabet.",25,83
"increase","to make grow, increase",32,83
"red","blood red, crimson, reddish",30,83
"diagram","That which is marked out in lines, plan, diagram.",1,82
"charming","charming",2,82
"plume","the crest, the plume",3,82
"strong","strong; mighty",11,82
"extraction","a taking forth",9,82
"citrus","citrus (containing citrus-oil)",6,82
"battlement","battlement, parapet",6,82
"earned","earned, (having been) merited",4,82
"created","created, made",11,82
"dim","barely seen, dim, faint, shadowy",9,82
"expertly","skillfully, expertly",17,82
"sky","the vaulted sky, on which the stars were attached and the sun traveled: sky, heaven",15,82
"warlike","war-like; bellicose (an epithet of Ares)",5,82
"much","Old Latin form of multus",16,82
"justice","justice, fairness, equity",18,82
"staff","staff, stick, cudgel",17,82
"walled","walled",24,82
"travel","a going, walking, travelling",31,82
"bearing","-bearing, -carrying, -bringing",32,82
"link","to chain together",26,82
"pan","Pan, the Greek god of shepherds and nature",1,81
"potion","a potion, juice",6,81
"send","to send, dispatch, cause to go, let go, release, discharge",4,81
"restored","renewed, restored, having been made whole.",5,81
"boxer","a boxer, pugilist",9,81
"palm","palm",22,81
"dispersed","divided, scattered; sold",6,81
"raging","raging, raving",10,81
"drought","drought, dearth",15,81
"border","border",7,81
"baker","baker",6,81
"island","a small island of the Aegean Sea situated near Andros",20,81
"gambler","gambler, gamester",29,81
"town","A town of the Decapolis in Galilee",16,81
"cooked","cooked",24,81
"waterer","One who waters, a waterer",6,81
"swing","swing, hammock, chariot on springs",19,81
"colorless","colorless",19,81
"legally","rightly, legally, in accordance with the law",25,81
"rib","part of a ship, maybe the rib",12,81
"pot","Vessel of earthenware",24,81
"stake","A pale, a stake; a palisade",11,81
"urge","to urge, bid, exhort",15,81
"city","a city in Aetolia situated in the plain between the Achelous and the Evenus",26,81
"six","six; 6",48,81
"breathe","to breathe or blow upon",2,80
"reflected","bent back, unrolled, reflected",5,80
"cyclic","of a cycle (of epic poems), cyclic",8,80
"indicated","indicated, pointed out",5,80
"two","the number two",19,80
"foolish","foolish, fatuous, stupid, ill-considered",7,80
"sparrow","Of or pertaining to sparrows.",15,80
"mother","mother",17,80
"dazed","senseless, stunned, amazed",8,80
"injured","hurt, injured, wounded",18,80
"axe","two-edged axe for felling trees",13,80
"opposite","opposite, facing",23,80
"use","use",17,80
"sixteen","sixteen; 16",30,80
"sausage","a small sausage",17,80
"barley","of or pertaining to barley",30,80
"ointment","ointment, unguent, oil",11,80
"trumpeter","trumpeter (military)",1,79
"needing","needing, wanting, requiring, desiring, lacking",2,79
"nut","The nut of the cypress tree",10,79
"white","dressed in white",4,79
"street","broad way, street",10,79
"lame","crippled, maimed, lame",15,79
"suspended","suspended",7,79
"panic","panic, groundless",22,79
"completing","completing, fulfilling",16,79
"positive","Combining form of positive.",9,79
"ornament","an ornament, decoration",12,79
"relief","embossed or carved work",10,79
"sell","contracted third-person singular present active imperative of πωλέω (pōléō)",21,79
"builder","builder",11,79
"time","time (in the abstract sense)",23,79
"numbness","numbness, stupefaction",20,79
"town","a coastal town in Cilicia",19,79
"continuous","continuous, uninterrupted, continual, perpetual",29,79
"region","ellipsis of Akasa Linea: a region of Neck, Arrokoth, Kuiper Belt, Solar System",18,79
"pounding","stamping, pounding, crushing",33,79
"sewer","An underground drain, sewer.",28,79
"inflate","to cause to swell",32,79
"omen","omen, presage",2,78
"raider","raider, plunderer, pillager, hunter",2,78
"deserter","a deserter",3,78
"plant","a plant growing wild in Ariana",8,78
"intestines","intestine(s) (of animals)",3,78
"file","file, rasp",6,78
"richly","richly, sumptuously",7,78
"city","a city in Dalmatia, whose ruins are situated not far from the town of Benkovac",16,78
"river","a river",22,78
"good","good, useful",12,78
"button","a button",20,78
"hairy","full of hair; very hairy",6,78
"spring","spring, wellhead, source of water",22,78
"seven","Apocopic form of ἑπτά (heptá)",14,78
"tribe","A tribe of Armenia mentioned by Tacitus",26,78
"organs","organs of the body",11,78
"stone","kind of pale-coloured stone",14,78
"whining","complaining in a low tone, whining, whimpering",13,78
"seal","seal, signet",15,78
"rise","second-person singular aorist middle imperative of ὄρνῡμι (órnūmi)",29,78
"bread","anything baked; baked goods, bread, cakes",29,78
"leg","Leg.",26,78
"holy","Holy, sacred.",25,78
"joyful","joyful, glad, gladsome",4,77
"burn","to burn, blaze",6,77
"injury","damage, injury",6,77
"quiet","quiet, calm, still, tranquil",4,77
"marked","marked",5,77
"thumb","of a thumb",7,77
"restaurant","bar, bistro, cookshop, restaurant, eating house (place where food and drink was prepared and sold)",9,77
"tribe","A tribe who lived in a mountainous district of Thessaly",7,77
"town","a town in Istria",7,77
"wise","wise, prudent",12,77
"flowery","abounding in flowers, flowery",3,77
"eight","Alternative letter-case form of eight of the ICAO/NATO radiotelephony alphabet.",12,77
"fragrant","fragrant, odoriferous",4,77
"vision","vision, sight, appearance, portent, prodigy,",9,77
"king","a king of Thrace",3,77
"strength","genitive singular uncontracted of σθένος (sthénos)",7,77
"chalky","rich in chalk or clay; chalky or clayey",20,77
"born","being born, begotten.",14,77
"square","a carpenter's square",20,77
"blow","a rap, knock, stroke, blow (with a rod or staff or scourge)",11,77
"faulty","full of faults; faulty, erroneous, incorrect",7,77
"piercing","piercing, thrilling, shrill",23,77
"deceiving","leading astray, cheating, deceiving",21,77
"to strive","to do or accomplish enthusiastically; to pursue a course of action with zeal",18,77
"crusher","one who breaks or crushes, breaker, crusher",11,77
"town","A town of Thessaly situated on a tributary of the Peneus",16,77
"to wander","to wander",18,77
"sight","seeing, view, look",25,77
"angled","having the specified number of internal angles",35,77
"branch","A vine branch",31,77
"tunic","A kind of tunic",21,77
"bold","bold, brash, shameless, impudent, insolent, forward, pert, saucy, wanton",1,76
"ambusher","a person lying in ambush",4,76
"doubtful","doubtful",3,76
"fish","unknown kind of fish, perhaps the grayling",4,76
"desired","from volitus: Medieval Latin form of volo; wished, desired",10,76
"ashy","full of ashes",3,76
"goodness","The good quality of something; goodness, excellence.",11,76
"command","to order, command, enjoin",11,76
"ink","ink",8,76
"spear","spear (= hasta)",9,76
"cold","chilly, cold",9,76
"weak","without strength, spineless",17,76
"box","a box, tapering to a point at the top, for perfumes or unguents",9,76
"tribe","A tribe of India settled in a region between the rivers Acesines and Hydraotes",22,76
"lean","to bear or rest upon something, lean on",14,76
"reach","to reach, stretch, stretch out",12,76
"drag","Anything trailed or dragged",14,76
"speaking","speaking; saying",18,76
"cheap","cheap, easily paid for",18,76
"lover","lover, erastes",17,76
"lesson","something that is learned: a lesson",14,76
"air","air, breath, breathing",25,76
"vessel","chest, box, any hollow vessel",21,76
"buckler","a short Spanish shield",19,76
"disease","Hesychius gives the definition as: νόσος (nósos, ""sickness, disease""), πόνος (pónos, ""hard work, toil"").",31,76
"goat","Goat.",30,76
"water","water, especially clear river or spring water.",31,76
"wander","to wander, rove, roam",2,75
"diligent","diligent, careful, attentive",4,75
"quench","to quench (fire); (of fire) to die away, go slowly out",4,75
"guest","a public foreigner, public guest or friend, made so by an act of the state",4,75
"characters","The name of various mythological characters",7,75
"diviner","diviner who reads from the intestines of sacrificial animals; one who practices haruspicy",5,75
"covered","covered all over",5,75
"game","game in which nuts were thrown into a ring",6,75
"mountain","A mountain covered with a dense forest, now Cimini Hills",4,75
"care","thought; care; attention",7,75
"properly","well, rightly, properly, correctly, fitly, opportunely, excellently",6,75
"fasting","fasting from food",8,75
"live","to live, stay, be (somewhere)",16,75
"following","following (i.e. in rank)",6,75
"rough","rough, scabby",5,75
"appointed","appointed, assigned",10,75
"mercy","mercy, clemency",14,75
"crumble","to crumble, rub, or break into pieces",17,75
"painter","painter",3,75
"send","third-person singular aorist active subjunctive of ῑ̔́ημῐ (hī́ēmĭ)",21,75
"uncertain","uncertain, doubtful, obscure",13,75
"thread","that which is twisted, thread",19,75
"coating","Suffixed to nouns and to adjectives, forms nouns denoting thin or superficial coatings, films, layers, platings vel sim. of materials.",17,75
"enter","to enter, go into, come in, get in, penetrate",25,75
"whiteness","whiteness",29,75
"smearing","about to smear",21,75
"mix","to mix something dry with something wet",27,75
"way","road; path; way",25,75
"giver","Someone who gives; a giver, donor or patron",37,75
"support","support; prop; stay",1,74
"shirt","shirt",2,74
"adhering","uniting, cohering, adhering",4,74
"hired","hired for pay",6,74
"fragment","A fragment, a morsel",13,74
"interrupted","interrupted",4,74
"desired","wanted, having been wanted, desired, having been desired, wished for, having been wished for",3,74
"forced","forced, compelled, having been forced",4,74
"stone","an unknown precious stone",16,74
"swinging","swinging, swing",11,74
"brick","A brick, whether sun or fire baked",8,74
"river","A river of Bithynia, mentioned by Pliny",12,74
"delayer","one who delays, a dilatory person",26,74
"month","the name of a month at Alexandria",17,74
"pasture","pasture, place for beasts to graze",18,74
"cycle","cycle of 3600 years",16,74
"feather","to feather; to cover with feathers",21,74
"road","of or belonging to the highways or roads",19,74
"painting","painting, the art of painting",21,74
"swelling","oedema: a swelling",19,74
"to cry","to cry",40,74
"shoot","side-shoot, sprout",33,74
"band","a band of boys grouped together for training",31,74
"approve","to approve, permit, commend",23,74
"step","A stepping, going; step, course, way.",30,74
"bunch","a bunch of grapes",1,73
"winged","Of or pertaining to the wings of an army, that is upon the wing.",8,73
"wages","wages, pay, hire",6,73
"bran","bran",7,73
"spongy","spongy, fungous",3,73
"pure","unmixed, neat, sheer (of liquids)",11,73
"poisonous","very poisonous, full of poison",3,73
"boundary","Of or pertaining to boundaries.",14,73
"excluded","taken out, having been taken out; excepted, having been excepted",11,73
"rose","made of or from roses",16,73
"soiled","soiled",14,73
"hope","hope (belief or expectation that something wished for can or will happen)",24,73
"devil","Satan, the Devil",17,73
"cloth","piece of cloth",21,73
"wanderer","wanderer (also used as an epithet of the River Maeander)",25,73
"pleasure","pleasure, liking",14,73
"perform","to accomplish, perform",29,73
"dance","to dance, jump",22,73
"darkness","darkness, obscurity",3,72
"known","learnt; ascertained; known; having been ascertained",6,72
"remove","to take off, remove, strip",6,72
"small","not very large; little, small, diminutive, puny",8,72
"separate","to distinguish, divide, separate, sift",6,72
"call","contracted second-person singular present active imperative of φωνέω (phōnéō)",14,72
"quickly","fast, quickly, rapidly, nimbly, in an agile manner",4,72
"wax","a small piece of wax, especially one used to strike out objectionable passages in books",11,72
"murmur","to say in a soft voice, murmur",9,72
"tasty","savoury, delicious, tasty",9,72
"engine","engine (electrical, chemical, or other types)",13,72
"eyed","full of eyes",5,72
"sudden","sudden, hasty",4,72
"perceive","to perceive, observe, see, notice",15,72
"singular","singular",24,72
"dyeing","used for dyeing",18,72
"starch","to mix with starch",21,72
"eight","Eight.",33,72
"pointer","Someone who points out.",3,71
"desired","longed for; desired; lovely",4,71
"spear","spear, javelin as used by the Germani",5,71
"cruel","cruel, rough, harsh",7,71
"known","known, famous, having been made known.",4,71
"slave","slave; slavish",8,71
"fearless","fearless, undaunted, intrepid",5,71
"bowl","A bowl.",18,71
"wart","a warty excrescence, so called from its likeness to a bunch of thyme-flower",9,71
"confused","confused",4,71
"jaw","Prevocalic form of gnatho- (""jaw"").",12,71
"hateful","hateful, odious, vexatious, offensive, unpleasant, disagreeable, annoying, troublesome",10,71
"yellowish","yellowish.",6,71
"cancer","eating sore or ulcer; cancer",16,71
"order","Order, arrangement.",18,71
"curl","to curl, crimp",33,71
"bathing","washing, bathing",31,71
"oven","oven",21,71
"end","the end",14,71
"melting","melting; liquifying",38,71
"basin","shallow bowl or basin",31,71
"town","a town in Cyrenaica, mentioned by Pliny",41,71
"wave","a wave, billow",33,71
"softness","softness, smoothness",38,71
"different","of a different nature",1,70
"essence","resin from galbanum, starch from wheat: the valuable part",2,70
"whip","lash, scourge",8,70
"rest","to rest from work; to keep holiday",7,70
"loaf","roll or loaf of coarse bread",4,70
"rustic","country-dwelling; rustic",5,70
"braided","plaited or entwined together, wreathed",8,70
"deserving","which is to be earned or merited",10,70
"bloody","bloody, full of blood",4,70
"contracted","tightened, contracted",3,70
"foamy","foaming; frothy",8,70
"breast","udder; breast",11,70
"pledge","surety, pledge",12,70
"insert","to throw in, cast in",9,70
"swift","swift, quick, rapid, hasty",3,70
"profane","secular, unconsecrated, profane",8,70
"rule","to rule (over)",20,70
"bloom","to bloom, sprout",15,70
"fare","fare",21,70
"mastic","The mastic-tree (Pistacia lentiscus)",6,70
"cleanse","to clean or cleanse",13,70
"shoot","shoot, sprout (of a plant)",13,70
"fuller","fuller (person who fulls cloth)",12,70
"move","to set in motion, move, remove",11,70
"eating","Eating, feeding, consuming.",9,70
"cup","a cup, often for wine",15,70
"opening","an act of opening",32,70
"diseased","unsound, diseased",16,70
"village","a small village or hamlet",29,70
"self","self; ego",33,70
"request","a request, demand",19,70
"father","father",34,70
"feed","to give fodder to animals, to fatten, fodder",21,70
"toothlike","Subdentate; having a vaguely toothlike shape.",1,69
"powerful","able, being strong; mighty, powerful",6,69
"lame","halt, lame",4,69
"close","to shut up, close, lock",5,69
"to argue","to argue",11,69
"flowering","blooming, blossoming, flowering",13,69
"heat","warmth, heat, esp. summer heat",6,69
"active","active, energetic, diligent",7,69
"returned","sent back, remitted",8,69
"divided","divided, separated, having been divided.",6,69
"fox","fox (small canine of the genus Vulpes)",5,69
"quiet","untalkative, taciturn, quiet, silent",5,69
"commanded","commanded",15,69
"previous","of last year, of the preceding or previous year",8,69
"foul","muddy, foul",9,69
"remover","One who takes away.",9,69
"flat","flat, having the appearance of being trod flat",10,69
"selected","picked out, select",13,69
"town","a town of Thrace situated on the Black Sea",10,69
"sleeve","long sleeve of a tunic, covering up to the hand",23,69
"heavy","heavy, ponderous, weighty",16,69
"fiber","fibre/fiber; fibrous",18,69
"kill","to kill, murder (especially without physical wounding such as by poison or hunger)",28,69
"fuller","fuller",15,69
"still","unmovingly, still",15,69
"newly","newly, in a new or unusual manner",37,69
"flash","an instance of burning, blazing, lightning",1,68
"descending","descending",3,68
"town","a town in northern Sicily",4,68
"town","an ancient town, the chief town of Locris in modern Greece",4,68
"helpful","helpful",5,68
"death","Death.",13,68
"garden","park, orchard, yard",4,68
"spinal","of or belonging to the spine; spinal",4,68
"leaping","prone to leaping",6,68
"circuitous","circuitous, roundabout",3,68
"ancient","ancient, olden",6,68
"connected","fastened together, having been fastened together, connected, having been connected",7,68
"isolated","disregarded, isolated, reserved",5,68
"inserted","inserted, introduced",9,68
"grafted","ingrafted, grafted",4,68
"state","state, condition",18,68
"bread","bread, loaf",19,68
"harvest","harvest",19,68
"removed","pulled off; laid aside, cast off",8,68
"delicate","delicate, dainty",11,68
"camp","an encampment, military camp",10,68
"path","narrow way, footpath, path, pathway",18,68
"inquiry","inquiry, question",26,68
"son","a son",11,68
"cooling","a means of cooling",17,68
"wood","Hesychius gives the definition as: ξύλον (xúlon, ""wood, timber"").",27,68
"blameless","blameless",5,67
"roughness","unevenness, roughness",3,67
"salad","salad, a food made of a mixture of vegetables",7,67
"exposure","exposure",2,67
"leather","A soft leather, probably made using alum",2,67
"barky","of bark or cork; made from bark",4,67
"gambler","a player, gambler",5,67
"restored","replaced, restored",11,67
"entering","entering, going into, penetrating",16,67
"serially","in rows one behind another",24,67
"leading","going before, leading the way, precedes",12,67
"tablets","triangular tablets, forming a three-sided pyramid, turning on a pivot, upon which the early laws were inscribed",15,67
"founded","founded, having been founded, established, having been established",16,67
"compactly","closely, compactly",27,67
"mountain","A mountain of Macedonia stretching from the right bank of the Strymon to the city of Amphipolis",20,67
"rope","rope",33,67
"oven","oven, furnace, kiln",29,67
"river","Cnopus, a river in Boeotia",19,67
"tribe","An Arabian tribe mentioned by Pliny",33,67
"nine","Nine.",34,67
"separated","put apart, sundered, severed, separated, having been separated",4,66
"reedy","made of reeds",3,66
"cup","carchesium, a kind of Greek cup or beaker particularly used for wine and ritual libations",3,66
"stone","of stone, (stone-)",3,66
"height","height (distance from bottom to top)",4,66
"fish","Hesychius gives the definition as: ἰχθύς (ikhthús, ""fish"").",7,66
"stony","full of sharp stones",4,66
"leader","leader, head, chief, president",12,66
"slavic","Slavic",7,66
"lightly","lightly, not heavily",14,66
"vessel","a small vessel or container",13,66
"excited","excited",18,66
"icon","A picture on a wooden tablet",7,66
"ridiculous","laughable, ridiculous",14,66
"remaining","remaining, continuing",29,66
"deceive","to deceive, beguile, trick, cheat, delude, ensnare, disappoint",25,66
"honeylike","Of, pertaining to or from honey; honeylike.",20,66
"fold","-fold; used to form multiplicative adjectives.",26,66
"away","Away from; off.",29,66
"serum","combining form of serum, often in reference to HIV and other blood-transmitted viruses",34,66
"below","down below, underneath",47,66
"in","[with in (+ accusative) or dative]",1,65
"following","following, sequacious",4,65
"graphic","pertaining to writing",4,65
"strike","to strike, beat, pound, knock",11,65
"frog","a frog",2,65
"bathing","of or belonging to a bath",5,65
"refutation","argument of disproof, refutation",7,65
"mutually","One another, each other, mutually, reciprocally.",9,65
"rush","to rush along",9,65
"dying","dying; perishing",9,65
"urination","A urination.",16,65
"quiet","at rest/nap, quiet, keeping quiet, quietude, quietness",2,65
"rude","impolite, unpleasant, disagreeable",7,65
"club","a knobbed stick, a cudgel, staff, club",13,65
"inquiry","an inquiry, a search",15,65
"rounded","rounded off at the top, or upwards",14,65
"lingered","having loitered, lingered",12,65
"hut","A hut, a cabin",10,65
"judge","judge",10,65
"dull","slack; stupid",13,65
"to blind","to blind",15,65
"fever","Heat; fever.",19,65
"sodium","sodium",14,65
"strip","to strip, bare, nake, make naked",26,65
"hate","hate; hatred; enmity (intense aversion or dislike)",10,65
"month","the name of a month at Amorgos",16,65
"shame","A sense of shame; shamefacedness, shyness; ignominy, disgrace; humiliation",14,65
"passage","passage, way through, thoroughfare",18,65
"island","An island lying off the coast of Messenia",27,65
"flush","redness on the skin, blush",12,65
"table","syncopic form of tabula (""table"")",27,65
"river","A river of Venetia, Italy, which flows into the Adriatic Sea, now the river Stella.",15,65
"flowery","flowery, blooming",16,65
"far","far",20,65
"destroyer","subverter, destroyer",22,65
"to howl","to howl",3,64
"friendly","of or belonging to companions or friendship",2,64
"mass","mass, bulk (of material)",2,64
"accusation","state of being accused",7,64
"sickly","ill, sickly",4,64
"nameless","anonymous, nameless",7,64
"day","The day in which the sacrificial victims were immolated",7,64
"lovely","lovely; delightful; charming",10,64
"city","A city of Samnium mentioned only by Livy",5,64
"grandfatherly","grandfatherly",4,64
"elevated","raised, having been raised, lifted up, having been lifted up, elevated, having been elevated",9,64
"river","a river in Cilicia",15,64
"trinkets","gaudy things, costume jewelry, trinkets",14,64
"crawl","to crawl like an ant",23,64
"ten","ten (number)",15,64
"when","at what point in time? at what hour?",19,64
"mat","A mat made of rushes",23,64
"lord","chief, master",20,64
"combat","conflict; combat",23,64
"suddenly","suddenly.",34,64
"fury","One of the Erinyes/Dirae, (Furies, the goddesses of envy and jealousy who induced to commit crimes, such as marital infidelity.",1,63
"chance","hap, chance, accident",2,63
"tiny","very tiny (term of endearment)",5,63
"jet","A kind of precious stone, superficially black",5,63
"eager","eager, desirous, passionate, fond (+ genitive or + in ablative)",4,63
"completely","completely, entirely, absolutely, outright",11,63
"pledge","pledge; surety; hostage",12,63
"once","once, a single time",15,63
"delaying","delaying",11,63
"yellow","to be golden yellow or light yellow",18,63
"similar","similar",22,63
"regulated","regulated, having been regulated",5,63
"native","of us, of our country, our native",17,63
"damp","moist, wet, damp, humid, dank",14,63
"mimic","of or pertaining to mimes or actors",18,63
"tribe","A tribe of Colchis mentioned by Gaius Valerius Flaccus",16,63
"leaf","leaf, page",13,63
"stretch","to stretch, stretch out, distend, extend",18,63
"leather","piece of leather",24,63
"bar","bar or band fastened crosswise on the under side of the shield, through which the bearer passed his arm",24,63
"reed","reed, reed flute, reed pipe, pan flute, panpipe",1,62
"brother","brother, fellow monk",4,62
"healthy","healthy",3,62
"tube","a little tube or pipe",10,62
"chamber","chamber; house",7,62
"city","a city in Dalmatia, whose ruins are situated not far from Podgorica",10,62
"dark","shrouded in darkness; overclouded, cloudy, dark, obscure",5,62
"moist","wet, moist",10,62
"ceiling","ceiling, coffered ceiling, a wainscotted and gilded ceiling of an unvaulted chamber",8,62
"noon","Noon, reckoned as the sixth hour of daylight.",20,62
"steep","high, steep",7,62
"vomit","to vomit, throw up, be sick",13,62
"wandering","wandering in the woods",4,62
"boundary","A boundary.",17,62
"veil","A covering for the head of women, which fell down over the shoulders",12,62
"row","a row",18,62
"placed","put, placed, having been set.",11,62
"clay","potter's clay",12,62
"scales","balance, scale (usually in the plural)",10,62
"bloated","puffed up, having been puffed up, bloated, having been bloated, inflated, having been inflated",4,62
"name","a male given name from Punic",6,62
"eloquent","eloquent; gifted in speech",8,62
"town","a town of Messenia and ancient capital of the Leleges",11,62
"stake","stake to which nets are fastened",14,62
"behind","behind; at the back",10,62
"lightning","thunderbolt, lightning strike",17,62
"pin","a small needle",38,62
"bend","to crook, bend, bow, curve",33,62
"tribe","A Celtic tribe of Vindelicia mentioned by Pliny",28,62
"examiner","searcher, scrutinizer, examiner, investigator",2,61
"odorous","smelling of",4,61
"name","a male given name, character in the play Rudens of Plautus",4,61
"shoe","a kind of white shoe, worn at Athens by the priests",4,61
"plate","flat object, such as a tile, plate, plaster, etc.",6,61
"river","A river of Susiana that flows into the Persian Gulf, probably the same as the Arosis",8,61
"poisonous","venomous, poisonous",3,61
"fury","rage, fury, frenzy",20,61
"basin","a rectangular courtyard basin or pool into which rain water is collected by a compluvium above it.",5,61
"strongly","strongly, robustly, mightily, amain",9,61
"heap","to throw or heap up",24,61
"shining","shining, radiant, glistening",9,61
"another","of or belonging to another",11,61
"to steal","to steal",12,61
"bit","a small bit",9,61
"pressing","standing or pressing upon",23,61
"please","to make pleasant",24,61
"island","A small island off the coast of Lycia",13,61
"wet","moist, humid, damp, dank, wet",26,61
"center","middle of ship's yard",17,61
"lay","lay (of the laity)",31,61
"tribe","A Celtic tribe of Gallia Lugdunensis, whose chief town was Condate",26,61
"river","A tributary river of the Phasis, in Colchis",37,61
"avoid","to avoid, evade",39,61
"town","A town of Cyprus on the southern coast of the island",1,60
"island","a deserted island mentioned by Pliny",1,60
"name","a male given name, Tithraustes, from Old Persian",1,60
"royal","royal, princely",4,60
"bolt","bolt",7,60
"chewing","chewing, mastication",9,60
"garden","a small garden",9,60
"shaped","formed; deformed",4,60
"browned","browned, toasted (in the quotation: of cicadae)",6,60
"exposed","exposed",5,60
"dense","thick, close, densely packed",10,60
"abyssal","Of or relating to the deepest parts of the ocean.",14,60
"complete","filled up, completed",6,60
"joy","joy, gladness, happiness, pleasure, delight",6,60
"boxer","boxer, pugilist",5,60
"ruby","carbuncle, ruby",11,60
"beer","a type of alcoholic drink associated with Egypt",16,60
"authority","authority, power",13,60
"bound","tied, fastened",9,60
"wet","abounding in water, well-watered, wet.",12,60
"stone","pebble, stone, flint",12,60
"released","let go, having been let go",11,60
"round","to round, make round",13,60
"pleasure","pleasure",19,60
"push","to make go in push.",6,60
"town","A town of Mauretania situated near Sitifi",10,60
"mixing","mixing",13,60
"cooperate","to work together with another; to cooperate",14,60
"town","a town in Picenum situated on a hill above the valley of the Potentia",16,60
"ghosts","shades, ghosts of the departed",14,60
"time","a time (a portion or period of time)",33,60
"top","top",28,60
"parasite","parasite",1,59
"song","that part of a poem which was sung standing",4,59
"prostitute","an epithet of a prostitute",5,59
"town","a town in Cilicia, mentioned by Pliny",4,59
"radiant","pure, bright, radiant",6,59
"earnestly","strenuously, earnestly, zealously, assiduously",8,59
"fever","fever",7,59
"heavenly","heavenly",4,59
"mountain","A mountain of Arcadia on the borders of Elis",6,59
"weeping","weeping, full of tears",2,59
"river","A river which has been considered to belong in part to both Assyria and Susiana",7,59
"expose","to lay bare, expose",9,59
"tell","third-person singular aorist active subjunctive of ἐνέπω (enépō)",5,59
"shading","shading, darkening",8,59
"accuser","accuser, informer, informant, denouncer",16,59
"rich","smeared, anointed, rich",5,59
"striking","fond of beating or striking",6,59
"fleshy","fleshy, pulpy, pulpous",6,59
"shining","shining, glittering, glistening",11,59
"examined","watched, tested, considered",12,59
"selling","contracted masculine present active participle of πωλέω (pōléō)",13,59
"inflation","inflation",20,59
"river","A river of Sicily flowing into the sea near Selinus, now the river Belice",17,59
"covering","a cloth, covering, curtain, veil, awning",21,59
"five","five each; five at a time",14,59
"human","human (of man, people)",23,59
"breaking","breaking, shattering",22,59
"scraper","scraper, used after bathing",13,59
"supported","supported",21,59
"dancer","female dancer, dancing girl",3,58
"cheated","cheated, swindled",5,58
"thirsty","thirsting, thirsty",4,58
"forester","bailiff or steward of a forest or estate, forester, ranger",4,58
"brain","inside the head",9,58
"activity","act; action; activity; deed; doing",12,58
"accidental","happening by chance, accidental, random, fortuitous",4,58
"rhythm","rhythm",12,58
"substituted","substituted",5,58
"spreading","spreading",14,58
"elbow","the bent arm",13,58
"elbow","elbow",16,58
"town","A town of Numidia",13,58
"rope","rope, cable",7,58
"corpse","corpse, cadaver, carcass",14,58
"hollow","to make hollow",8,58
"smoke","smoky flame and thick black smoke rising up from the sacked, scorched Troy",12,58
"city","an ancient city in Latium, situated between Cora and Setia, now Norma",18,58
"thrusting","thrusting, pushing",13,58
"caper","caper (plant and berry)",16,58
"say","third-person singular aorist active optative of λέγω (légō)",16,58
"pledge","pledge, mortgage",23,58
"light","light, source of light",20,58
"river","a river in Etruria, now the Ombrone.",26,58
"city","a coastal city in Hispania Tarraconensis, now Alicante",21,58
"wear","to rub down, wear out",18,58
"relaxed","unbent, slackened, relaxed",25,58
"linen","of flax, linen",56,58
"tilling","that tills the soil",1,57
"mossy","full of moss, mossy",2,57
"border","limit, border; bordering, limiting",3,57
"doctrine","opinion, teaching, theory",8,57
"sting","sting, stinger (of an insect)",11,57
"plant","A fabulous plant which grows by the river Araxes",8,57
"triangle","triangle (geometric shape)",7,57
"fearful","full of fear; fearful; timid",3,57
"filled","filled (up), covered",10,57
"thorny","thorny, prickly, of thorns",11,57
"island","an island of the Aegean Sea",17,57
"stroll","a walk, stroll",15,57
"cost","cost, expenditure",9,57
"defense","defense, protection",11,57
"moved","moved, stirred, disturbed, having been moved",9,57
"river","a river in Lucania, now the Alento",20,57
"covered","covered, having been covered; enveloped, having been enveloped",14,57
"town","a town of the Cantabri in Hispania Tarraconensis",14,57
"adhering","sticking, adhering (to)",12,57
"tilt","to make the scale incline one way or the other",9,57
"surge","to heave, boil, surge up",15,57
"richly","richly",15,57
"escort","an escort",15,57
"journeying","belonging to a way or journey",15,57
"feast","feast, banquet, festive entertainment",24,57
"meeting","at one's feet, coming in the way, meeting",17,57
"free","without recompense or compensation, gratis",19,57
"platinum","platinum",20,57
"name","An Ancient Greek name, borne by a Spartan general during the Peloponnesian War",2,56
"king","A king of Veii",2,56
"attack","to fall upon, attack, assail",4,56
"swift","A kind of swallow, maybe the swift",3,56
"via","by means of",5,56
"town","a town in Africa situated south of Hadrumetum",6,56
"swallow","of, belonging to, coloured like, or pertaining to the swallow",4,56
"trench","trench particularly for military use, a ditch especially in earthwork fortifications",7,56
"planting","sowing, planting (of green crops or fodder)",9,56
"painter","one who paints from life or from nature",2,56
"chief","A Gothic chief together with Saphrax",6,56
"horny","Like or composed of horn, horny.",6,56
"grape","a variety of grape that produces large clusters",6,56
"owl","owl (Athene noctua)",11,56
"fat","fat, lard, grease",4,56
"elderly","elderly, aged",10,56
"brownish","brownish, darkish, or off-colour",4,56
"funeral","Of or pertaining to a funeral; funeral",3,56
"sweetness","sweetness",13,56
"country","country; fatherland (literally), native land",9,56
"decorate","to decorate, adorn, embellish",14,56
"jelly","jelly (postclassical)",8,56
"scraper","scraper (tool)",14,56
"grayed","grayed, grey-haired",5,56
"new","new, fresh",9,56
"lack","to lack, be without. (usually with ablative), to be deprived of",22,56
"headless","Without a head, chief or leader.",18,56
"purple","to make (something) purple",23,56
"stain","stain",17,56
"reedy","made of reeds or canes",21,56
"tremble","to tremble, shake, shudder at",19,56
"escaped","having slipped away",13,56
"dusky","dark-colored, dusky",23,56
"bloom","metal or iron mass roasted in fire",23,56
"hurrying","hurrying",1,55
"reed","reed used for thatching houses",1,55
"sun","the Sun",1,55
"name","a female given name from Ancient Greek, equivalent to English Isidora",2,55
"drip","liquid (especially rainwater) falling drop by drop",6,55
"fixed","standing fast, firm, fixed",3,55
"island","An island of the Mediterranean, situated near the Stoechades",4,55
"chain","string, chain or cluster of things hanging one from the other",7,55
"butcher","butcher, cook",8,55
"destroy","to destroy, raze, annihilate",11,55
"lightning","thunder and/or lightning; fulmineous",3,55
"ascending","rising, ascending",13,55
"excluded","excluded",6,55
"flow","a flowing, flow, flux",7,55
"yellowish","yellowish, somewhat yellow",3,55
"inside","within, at home",4,55
"musical","musical, tuneful, melodious",12,55
"region","an ancient region of Greece",11,55
"remove","to remove, keep aloof",11,55
"plant","An unknown plant (mentioned by Pliny)",6,55
"cup","cup",8,55
"shallows","shallows",12,55
"arrange","to arrange, put in order",9,55
"aggregation","aggregation (gathering together)",16,55
"feaster","a feaster; guest at a feast",9,55
"dove","pigeon; dove",11,55
"three","the number three",17,55
"project","to stand out, to project",11,55
"noble","noble (of noble birth)",9,55
"warp","warp (of a loom)",10,55
"touching","touching",13,55
"laborer","day laborer; hired servant",11,55
"signal","anything agreed upon, preconcerted signal",8,55
"to destroy","to destroy",11,55
"immediate","immediate",20,55
"foam","foam, froth, slime",15,55
"simulation","simulation",8,55
"trample","to trample down, tread on something",13,55
"spear","spear (long stick with a sharp tip)",20,55
"town","a town in interior Lucania, situated near the city of Venusia",16,55
"enjoyment","use, enjoyment",18,55
"move","move (change of dwelling)",27,55
"river","a river of the Roman province of Mauretania Tingitana, probably the Tensift in modern Morocco",28,55
"empty","to be empty, void",24,55
"to deny","to deny",22,55
"rose","rose (usually Rosa gallica)",27,55
"cart","car, cart",1,54
"sun","sun",1,54
"horned","kerato- (horned; horn-like).",3,54
"herb","herb said to grow over truffles and mark the spot where they are",4,54
"aid","aid, succour",6,54
"box","coffer, box, chest",2,54
"carp","carp",7,54
"melting","melting, dissolving",8,54
"town","one of the twelve ancient towns of Attica",2,54
"king","A king of the Cimmerians",3,54
"opposite","opposite (to), facing.",3,54
"gem","a gem (further details are uncertain)",7,54
"flowering","flowering, giver of all bloom",4,54
"pole","A long pole.",5,54
"lamp","light, lamp (hung from the ceiling)",9,54
"stake","A stake, a vine-prop",13,54
"jug","a jug for holding liquids",5,54
"river","A river of Assyria and tributary of the Tigris",15,54
"calmed","allayed, calmed, appeased",3,54
"turn","to turn, turn oneself, direct one's way, to turn about, turn around, revolve",17,54
"released","released",5,54
"ruler","Name of various rulers of Syracuse",7,54
"corrupted","perverted, corrupted",7,54
"town","A town of Palestine mentioned by Pliny",10,54
"sweet","delightful, sweet (of voice)",7,54
"extension","A stretching out, extension",10,54
"fleeing","fleeing",8,54
"shore","beach; shore",10,54
"prepared","prepared; arranged",8,54
"strike","to strike, hit",19,54
"whip","strap, lash, whip",17,54
"large","large, chief in size",8,54
"perform","to carry out an undertaking",17,54
"ship","ship, boat, vessel; a fleet in the plural",15,54
"peninsula","peninsula",15,54
"handle","a handle, a grip",24,54
"friction","friction",16,54
"axe","axe, cleaver, large knife with which cattle were slain",17,54
"fat","fat, grease",17,54
"cart","cart, wagon",18,54
"project","to stand forth, stand out, project",16,54
"elevation","elevation, lifting (the act of lifting or raising up)",36,54
"town","A town of the Vaccaei in Hispania Tarraconensis, situated between Asturica and Caesaraugusta",23,54
"join","to join together, connect",20,54
"healthy","sound; healthy; hearty; strong",24,54
"chamber","small room or chamber",6,53
"abundant","Sumptuous, bountiful, plentiful, abundant.",6,53
"cat","Cat.",5,53
"tribe","A tribe dwelling on the shores of the Red Sea, mentioned by Pliny",5,53
"reason","reason, reasoning, explanation, ground, motive, rationality, rationale, purpose",8,53
"cucumber","cucumber",5,53
"garden","of or belonging to a garden, garden-",7,53
"tribe","An ancient tribe of Asia Minor",3,53
"public","of or belonging to all the people, public",4,53
"mountain","A mountain on the island of Chios",10,53
"virgin","A virgin, with the lappet of her toga thrown back over her shoulder",7,53
"flowing","flowing.",9,53
"infinite","immeasurable, boundless, endless, vast, immense",9,53
"lily","made from lilies",5,53
"stone","pebble, stone",11,53
"wagon","wagon(s), carriage(s)",4,53
"nature","the nature, quality, substance or essence of a thing",15,53
"singed","singed (half-burnt)",4,53
"hope","hope, expectation, belief that something will happen",4,53
"surrounded","surrounded, encircled",5,53
"linen","kind of linen cloth mentioned in the Periplus of the Erythraean Sea",9,53
"witnessed","having been a witness to, having testified",10,53
"spider","Spider.",18,53
"ignorant","ignorant, inexperienced, unskilful",9,53
"leaning","inclined, leaning",12,53
"row","row of vines or fruit trees",19,53
"cake","A kind of cake",9,53
"oak","kind of oak",18,53
"carry","Doric and Locrian form of φέρω (phérō)",17,53
"small","Used with taxon names to form other taxon names, usually for a morphologically similar taxon differing only in size",23,53
"raft","A kind of boat made of tree trunks",23,53
"box","a casket, small box",18,53
"go","The command to start; used regardless of language of the participants; in the sequence ""en garde, prêt, aller"".",21,53
"finely","finely",35,53
"wither","to begin to wither, pine away; to grow feeble",2,52
"hairy","very hairy, bushy",2,52
"worship","worship of and festivals in celebration of Bacchus or Jupiter",2,52
"order","Good arrangement, good condition.",2,52
"arrow","a little arrow",5,52
"statue","an image of carved wood, an image, statue, especially of a god; xoanon",4,52
"burning","flaming, blazing, burning",6,52
"timely","appropriate to the times, timely; according to the age; proper to the season, seasonable; trendy, fashionable, contemporary",3,52
"blocked","blocked",8,52
"covering","A covering, a clothing; the covering of a shield",11,52
"free","gratuitous, free of charge",5,52
"fleshy","Made of flesh, fleshy",13,52
"vessel","A kind of drinking vessel",10,52
"declare","to declare, state, affirm",11,52
"fishing","of or belonging to fisherman, piscatory, piscatorial",4,52
"active","active, busy, energetic",5,52
"mountain","A mountain of Crete",4,52
"fall","to fall down",6,52
"cord","small rope, cord or thread",6,52
"recognized","recognized, realized, discerned",9,52
"attached","applied, attached",6,52
"glow","to glow, gleam",14,52
"sensitive","sensitive, sensible; endowed with sensation",11,52
"down","woolly substance, the down of plants, of youthful cheeks, etc.",4,52
"male","masculine, male (of humans or animals)",6,52
"city","an ancient city in Latium",12,52
"jokes","jokes, jests",16,52
"accidental","accidental",5,52
"hut","a hut, cottage, shack; any primitive dwelling",8,52
"grace","grace",8,52
"support","an erection of stone or wood for fixing net poles",14,52
"breaking","breaking something to pieces",14,52
"tool","some agricultural tool, such as a pruning-hook, mattock or hoe",16,52
"embryo","embryo.",17,52
"now","now, at this moment",16,52
"speech","speech",20,52
"town","A town of Phoenicia not far from Tripolis",19,52
"name","a female given name, the Alan mother of the late Roman Emperor Maximinus Thrax (c. 173–238)",15,52
"eagle","kind of eagle",17,52
"king","Spoken by a player during a match with one or more visually impaired players to indicate a king in algebraic notation.",18,52
"hat","conical hat with broad brim",21,52
"mark","to mark, sign",23,52
"beam","beam, pole, stake, plank, particularly the poles supporting a lectica, a Roman litter",19,52
"returning","returning, restoring, repaying",19,52
"eyes","eyes",22,52
"chiefly","chiefly, mainly, mostly",22,52
"delight","to delight, charm, please (+ accusative the person, who is delighted)",2,51
"ceramic","made of clay, ceramic, pottery, earthenware",5,51
"abroad","away from home, abroad",9,51
"murderer","murderer, killer",11,51
"harm","loss, damage, harm",9,51
"free","unhindered, unhampered, unimpeded, unencumbered, liberated",7,51
"luck","fortune, luck",2,51
"braid","plait, braid",10,51
"sickly","sickly, diseased",12,51
"joke","joke, jest",10,51
"excluded","removed, banished, exempted",7,51
"shade","to shade, cover with shade",16,51
"educated","instructed, educated, cultivated, enlightened, learned",7,51
"send","to send to",7,51
"yellow","yellow, sallow, of the color of the fustic",8,51
"town","a town in Picenum situated on the Adriatic coast, now still called Numana",17,51
"coin","coin; coinage",13,51
"ghost","phantom, apparition, ghost",14,51
"angry","angry, irate, angered, enraged, furious, wrathful",12,51
"straw","straw, litter",17,51
"plow","to plow; to till",25,51
"strong","strong, mighty, stout",7,51
"excellently","excellently, eminently",23,51
"lies","third-person singular present middle indicative of κεῖμαι (keîmai)",25,51
"builder","builder, constructer",1,50
"island","An island situated at the mouth of the Indus",2,50
"well","pertaining to a well",3,50
"round","Of round form.",3,50
"to strike","to strike",4,50
"general","A Spartan general and defensor of Syracusae",3,50
"confusion","confusion",6,50
"stony","of stone",6,50
"barbed","barbed, pointed",5,50
"museum","a home of music or poetry",4,50
"military","of or belonging to a troop or squadron",5,50
"lady","mistress; lady",7,50
"palm","flat of the hand",12,50
"base","foot of a vase",7,50
"little","how little, small or trifling",7,50
"elevated","raised, lifted",7,50
"clumsy","awkward, clumsy",5,50
"sober","sober, not inebriated",6,50
"raising","a raising up, lifting",8,50
"tribe","An ancient tribe of Lycia",6,50
"joined","united, joined, coupled",10,50
"fearless","fearless, unshaken, undaunted, intrepid",4,50
"ignorant","ignorant, unaware, not knowing",6,50
"irony","irony",11,50
"pastry","a type of pastry",16,50
"bud","to bud, put forth buds",10,50
"darted","third-person singular aorist active indicative of ᾱ̓ῑ̈́σσω (āī̈́ssō) with movable nu",18,50
"foreseeing","foreseeing",11,50
"agitated","thoroughly moved, agitated or disturbed; restless, unceasing",9,50
"serious","grave; earnest; serious",10,50
"generously","munificently, generously, liberally.",17,50
"tribe","Sacae, a Scythian tribe",30,50
"town","A town of the Aequi in Latium",17,50
"beer","[3rd C. BC–AD 4th C.] alternative spelling of ζῦθος (zûthos, ""Egyptian beer brewed with barley"")",26,50
"contradicting","future active participle contracted of ἀντιλέγω (antilégō)",22,50
"bruise","a bruise",33,50
"period","a period",2,49
"can","third-person singular present mediopassive indicative of δῠ́ναμαι (dŭ́namai)",2,49
"weaver","weaver (female)",3,49
"assembled","convened, assembled, having been convened.",3,49
"melody","melody",2,49
"cleaned","cleaned, cleansed",4,49
"owl","a kind of owl",5,49
"guard","guard, sentinel, watchman",3,49
"press","to press, squeeze close, stamp down",5,49
"match","to match, vie with, emulate",6,49
"traversed","traversed, passed through",3,49
"copper","Of or pertaining to copper.",9,49
"horny","made of horn",6,49
"stones","stone(s)",4,49
"contact","contact",3,49
"beak","bill or beak of a bird",8,49
"rule","rule, bar",16,49
"hooked","bent in, hooked",9,49
"report","message, news, report",9,49
"colonic","suffering in the colon",6,49
"fragrant","sweetsmelling, fragrant",6,49
"spear","a spear (whether used for throwing or thrusting)",13,49
"harsh","discordant, harsh",8,49
"portion","portion (of bread) ?",13,49
"shield","the aegis, or shield. See Aegis; αἰγίς.",12,49
"round","to make circular, round, curved",19,49
"cubic","cubic (all senses), cubical",10,49
"cry","cry, shout, both of victor and vanquished",18,49
"act","deed, act, fact",16,49
"ring","to ring, rattle, crash, crack",15,49
"zinc","zinc",21,49
"vain","in vain, fruitlessly",21,49
"card","to card (wool)",19,49
"tend","to be accustomed, to tend to",20,49
"funnel","a funnel",22,49
"tribe","A tribe settled on the left bank of the Tigris.",1,48
"town","A town of Thessaly, on the borders of Dolopia",1,48
"town","A town of Lycia situated not far from the sources of the Xanthus",1,48
"purple","purple (in color)",1,48
"exceeding","exceeding (a limit), surpassing, towering above",4,48
"wanderer","pilgrim, traveler, traveller, someone who travels about",4,48
"remain","to remain, to still remain, to be left, left over",3,48
"hair","or (dark, beautiful) hair",4,48
"sloth","sloth, sluggishness, laziness, indolence",3,48
"slenderness","slenderness, thinness, meagerness",4,48
"part","part, portion",9,48
"bar","a bar, band, bolt",12,48
"ship","ship",13,48
"open","gaping, split, cleft, opened, open; cracked",5,48
"spasm","cramp, convulsion, spasm",11,48
"greatness","greatness, size",6,48
"obscurely","obscurely",9,48
"accusation","An accusation, indictment, complaint.",14,48
"old","old, veteran",8,48
"stale","stale, a day old, kept till the morrow",11,48
"handle","to handle, work with one's hands, knead",9,48
"point","sharp point, as of a rock",11,48
"crack","cleft, fissure, crack",11,48
"general","An Athenian general",7,48
"to bury","to bury",13,48
"remedy","remedy",13,48
"madness","craze, mania, madness",19,48
"potion","a potion or posset consisting of barley-meal, grated cheese, and Pramnian wine, among other things",22,48
"skilled","having been taught, instructed, trained, learned, skilled, versed, experienced in any thing",13,48
"hair","hair or hairiness",20,48
"to hire","to hire",19,48
"pain","pain, suffering, death",16,48
"jolt","to shake or jolt violently",22,48
"river","a river in Gallia Narbonensis, now Drôme",27,48
"there","that way, that side, there, along that path, in that direction, over there",26,48
"interpreter","one who answers: interpreter, expounder",1,47
"flower","the flower of the wild pomegranate",2,47
"perpendicular","perpendicular",2,47
"to burn","to burn",4,47
"scrape","to smooth or polish by scraping, planing, filing etc.",5,47
"flowing","A flowing or falling off or down",6,47
"cowardly","unmanly; cowardly",6,47
"orderly","well-ordered, orderly",7,47
"dangerous","dangerous, hazardous, perilous",3,47
"compass","A tool similar to a pair of compasses used to draw a circle",6,47
"laughing","laughing",4,47
"devoted","vowed, promised, dedicated, having been vowed, devoted",6,47
"stormy","stormy, turbulent",7,47
"comic","comic; comedy",9,47
"scattered","dispersed; scattered; strewn; torn, driven or thrown apart; broken up",9,47
"canon","canon",3,47
"bell","a bell, specifically a tintinnabulum.",10,47
"zero","zero",4,47
"approach","an approach, a drawing near (in time)",7,47
"rooster","cock, rooster",8,47
"known","known (from experience), having been known; recognised, having been recognised; acquainted, having been acquainted",11,47
"curtain","curtain",10,47
"stone","to stone, throw stones at",12,47
"shaking","shaking; shock",10,47
"knife","semicircular knife used by cobblers",14,47
"until","as far as",19,47
"rigidity","stiffness, rigidity",18,47
"arranged","arranged (taken care of)",19,47
"sausage","a type of sausage",16,47
"created","created, having been created, made, having been made, produced, having been produced",23,47
"walker","A person that walks about; walker.",4,46
"explorer","an explorer",4,46
"cover","to spread over",10,46
"common","not separate or distinct, mixed; mutual, shared",3,46
"great","considerable, great",5,46
"hide","to conceal, hide",11,46
"stated","spoken, stipulated",9,46
"weaver","weaver (male)",6,46
"flow","uncontracted third-person singular present active infinitive of ῥέω (rhéō)",11,46
"girl","young girl, lass",3,46
"maturing","growing up, maturing",4,46
"river","a river in Etruria, now the Cecina",9,46
"arrangement","the act of putting together or setting up; arrangement, placing, collocation",5,46
"crotch","inside of the thighs, crotch, perineum",5,46
"pan","pan",12,46
"chalk","chalk",7,46
"town","a town in Aquitania situated on the road from Mediolanum Santonum to Burdigala",11,46
"adjacent","thrown, laid, placed or brought under or near, having been thrown, laid, placed or brought under or near; adjacent",6,46
"toothless","that cannot bite, toothless",7,46
"glued","glued, pasted, fastened",5,46
"herbal","pertaining to herbs",8,46
"hide","to conceal, hide, lie hidden, lurk, skulk",14,46
"wicked","wicked, villainous, criminal, abominable",7,46
"shameless","shameless",13,46
"town","a town in Epirus situated in the south of Chaonia",13,46
"charm","allure, charm, delight",16,46
"form","something formed, figure, image",11,46
"indicate","to show, point out, indicate, demonstrate",12,46
"flow","contracted second-person plural present active indicative of ῥέω (rhéō)",13,46
"mountains","A range of mountains which form the northern boundary of Mesopotamia",7,46
"group","a set of people or other beings",17,46
"shield","of a shield, belonging to a shield",14,46
"city","a city of the Allobroges in Gallia Narbonensis, now Vienne",10,46
"extend","to spread out, extend, dilate",21,46
"safe","safe",15,46
"madness","madness, insanity (the state of being out of one's senses)",20,46
"continent","A geologic and geographic region of a celestial body which is a highland analogous to a continent or large landmass.",18,46
"fat","well-fed, fat",13,46
"there","there, thither (location or movement)",21,46
"lie","first-person singular present mediopassive indicative of ψεύδω (pseúdō)",24,46
"barking","barking, roaring",1,45
"excellent","preeminent, distinguished, excellent",2,45
"useless","idle, useless, futile, vain",2,45
"city","a city in Bruttium situated near Croton",4,45
"eating","eating, biting or swallowing",5,45
"follower","follower, pursuer",5,45
"lash","thong of a whip",6,45
"delightful","very pleasing etc",3,45
"dimness","dimness",6,45
"interrupted","intercepted, interrupted",4,45
"problem","problem, puzzle, enigma, question proposed for solution.",10,45
"steep","steep, sheer, precipitous",6,45
"binding","Binding together, setting of stones, tying in bundles.",4,45
"selected","selected, chosen, recruited, elected",7,45
"ancient","of a great age, aged, ancient, long-lived",6,45
"timely","timely, opportune, fitting",4,45
"harpy","One of the harpies.",16,45
"adjacent","adjacent",9,45
"care","care, thought, solicitude",5,45
"bed","bed, resting place",15,45
"cobalt","cobalt (chemical element 27)",10,45
"departed","departed",8,45
"ignited","set on fire",11,45
"sadly","sadly",22,45
"gum","the gum of the tree called bdellium",5,45
"lustful","lewd, lustful (of women)",16,45
"erect","erect, having a hard-on with the foreskin drawn back as a result",19,45
"class","any one of the five divisions into which Servius Tullius divided the Roman citizenry",11,45
"abyssal","full of abysses",9,45
"mad","of or relating to madness, mad",18,45
"shady","shady, giving shade, in the shade",13,45
"plug","Plug of lint twisted into an oval shape like a pinecone.",11,45
"link","a bond, tie, band or other connecting item",10,45
"look","to look at, look into, stare at, view",21,45
"painter","plasterer, painter, wall decorator",16,45
"citizen","one of the Quirites; a Quiris",16,45
"ration","a day's provisions; ration for a day.",15,45
"flow","flow, flux",16,45
"left","Left; on the left; toward the left.",19,45
"tube","Tube; tubal: any of various tubes.",18,45
"mountain","a mountain in Liguria",19,45
"justly","justly",27,45
"becoming","becoming; happening",24,45
"yeller","yeller, screamer; one who shouts",2,44
"uncertain","hesitating, uncertain",3,44
"gem","gem",5,44
"knowledge","wisdom, knowledge, learning",6,44
"confused","confused, confounded",3,44
"fish","Hesychius gives the definition as: ἰχθύς ποιός κητώδης (ikhthús poiós kētṓdēs, literally ""kind of whale-like fish"").",5,44
"place","Lycastus, Crete, Greece",6,44
"bow","to make in the form of a bow, bend or curve like a bow",12,44
"rusty","rusty",4,44
"user","user",9,44
"city","an ancient city in Latium, Italy, whose exact position is unknown.",5,44
"city","a city of Phocis situated upon a lofty rock near Lilaea",6,44
"man","Hesychius gives the definition as: ἄνθρωπος (ánthrōpos, ""man"").",8,44
"mixed","mixed; assorted; miscellaneous (combining various elements)",6,44
"tiller","tiller, the handle of the rudder",7,44
"skilled","skillful, skilled, expert, experienced, practised (+ genitive or in + ablative or ad + accusative)",4,44
"soft","soft, tender, delicate",5,44
"contracted","contracted form of ἀγχίνοος (ankhínoos)",11,44
"scrape","to scrape away, pare",6,44
"mountainous","mountainous, full of mountains",6,44
"awaited","awaited, waited for, longed for; having been awaited, etc.",4,44
"rowing","rowing (with oars), oarage",12,44
"bruised","Having been beaten black and blue; having been insulted; having been bruised",6,44
"tax","A forest tax for the support of players",11,44
"skin","piece of old or wrinkled skin",8,44
"praised","praised, lauded, having been praised.",5,44
"leveled","balanced, leveled, having been made horizontal.",6,44
"wordy","wordy, talkative, loquacious",9,44
"town","A town of Macedonia, whose exact position is still unknown",5,44
"completed","made out, worked out, completed, finished, accomplished, made, having been worked out",9,44
"junction","joining, junction, fitting, arrangement",4,44
"white","Hesychius gives the definition as: λευκόν (leukón, ""white""), πολιόν (polión, ""grey""), ῥυσόν (rhusón, ""wrinkled"").",11,44
"shield","The sacred shield said to have fallen from heaven in the reign of Numa. It was the palladium of Rome.",17,44
"seasoning","condiment, seasoning",13,44
"straight","straightforward, right onwards, straight, direct",21,44
"abundant","copious, abundant",14,44
"fresh","fresh, unsalted",11,44
"cement","cement",12,44
"help","to be useful or of use, do good, help, benefit, profit",19,44
"delayed","detained, delayed",12,44
"palm","palm, hand",15,44
"turkey","Turkey.",15,44
"beast","beast, monster",26,44
"shark","cartilaginous fish, shark",19,44
"tower","tower",20,44
"bony","made of bones",17,44
"town","a town in Picenum",38,44
"king","The name of some kings of Paphlagonia",1,43
"extend","to stretch or thrust forth or out",4,43
"lawless","acting contrary to law and custom, lawless, violent",2,43
"turning","of or pertaining to a turn or change",3,43
"staff","staff, walking stick",4,43
"ferry","ferry",4,43
"redness","redness",6,43
"leech","A leech.",5,43
"separated","having gone apart from, having separated oneself from",3,43
"shoot","twig, shoot",6,43
"swift","hasty, quick, speedy",3,43
"wagon","wagon",7,43
"tribe","One of the most powerful Alpine tribes, who occupied the territory of Valle d'Aosta",3,43
"lustful","libidinous, licentious, lecherous",3,43
"bear","to bear, to give birth to",11,43
"guide","conductor, guide",9,43
"bark","bark",10,43
"debating","arguing, reasoning, discussing, debating",10,43
"poisonous","toxic, poisonous",4,43
"sinking","subsidence, sinking",9,43
"useless","useless, unprofitable",11,43
"dart","to move quickly, dart, shoot",11,43
"properly","suitably, properly, duly",7,43
"suck","to suck, to suckle",10,43
"path","trodden or beaten way, path",14,43
"guard","a guard of soldiers",9,43
"aged","Of old men or old animals, very old",9,43
"pond","pond, pool",7,43
"robed","Dressed in a robe of state, a trabea.",4,43
"burden","burden, load, weight [Homer]",9,43
"glue","to glue (together)",16,43
"herd","to herd (cattle)",11,43
"fasting","without food, fasting",15,43
"cause","to cause; to effect; to accomplish",15,43
"lure","enticement, lure",14,43
"left","left (opposite of right)",10,43
"stem","The straight stem of a plant",10,43
"collapse","a falling down, collapse, ruin, destruction",18,43
"mint","mint (Mentha viridis)",7,43
"loving","present mediopassive participle of ἐράω (eráō)",10,43
"ignorant","ignorant (not knowing); unaware",12,43
"ruling","present active participle uncontracted of κρατέω (kratéō)",16,43
"daric","daric (a gold coin from the Persian Empire)",20,43
"stable","a stable",17,43
"flute","to play on the flute",13,43
"town","a town in interior Lucania situated on the road from Consentia to Nerulum",19,43
"hunger","hunger, famine, starvation",18,43
"toil","toil, trouble",22,43
"recovered","taken, retaken, regained, recovered",23,43
"hide","Skin when taken off, hide.",1,42
"river","a river in Hispania Tarraconensis, now identified with the river Mijares",2,42
"plant","a plant also called cacalia",3,42
"vine","the plant of the woodland grape (Vitis vinifera subsp. sylvestris)",4,42
"bowl","a deep vessel for serving up or cooking food; a large bowl, dish, or plate",2,42
"connected","connected, continued",3,42
"crow","crow",5,42
"travel","to travel, to fare",3,42
"remain","third-person singular present active optative of μένω (ménō)",4,42
"flying","flying, winged",9,42
"remaining","staying, remaining.",8,42
"ambiguous","equivocal, ambiguous",3,42
"spit","To spit upon (with contempt).",3,42
"pot","An earthen vessel, a pot",7,42
"compress","to crowd or press together, compress",9,42
"fighter","fighter, combatant",6,42
"bank","bank (of a river)",3,42
"waxy","of the colour of wax",6,42
"eager","eager, willing",5,42
"palm","Of or made from the palm tree.",12,42
"glance","A look, a glance",13,42
"compared","compared",3,42
"aggregation","drawing or crowding together",9,42
"immediately","at once; immediately; forthwith",6,42
"city","a city in southern Sicily, situated at the mouth of the river Hipparis",10,42
"wild","of or belonging to wild animals",4,42
"dearness","dearness",12,42
"eight","The number eight",7,42
"remaining","remaining or left (to be done)",7,42
"twining","twining",15,42
"moment","A little while",9,42
"exhaust","to wear out, waste, consume, exhaust, impoverish",12,42
"pot","a cooking pot",13,42
"desire","to wish eagerly, strive, yearn, desire",14,42
"cool","to make cool, to cool",11,42
"plank","A plank, crosspiece supported on trestles so as to form a bank",13,42
"examine","to examine, explore",9,42
"tribe","A Celtic tribe of Gallia Lugdunensis, whose chief town was Juliobona",9,42
"imitate","to imitate, copy, mimic",11,42
"stink","to stink, be rotten, putrid",14,42
"soot","soot",13,42
"present","on the spot, at hand",21,42
"homer","Homer, the Greek poet",14,42
"space","space, room, extent",24,42
"tribe","An important tribe of Hispania Tarraconensis, whose capital was Juliobriga",16,42
"branch","branch torn off of a tree (especially a palm frond)",14,42
"dish","a dish on which delicacies or dessert is served; any small dish",12,42
"air","air, breath",17,42
"four","the number four",18,42
"river","river Brongus; West Morava, Serbia",17,42
"elevated","lifted up on high",29,42
"pour","contracted third-person singular present active imperative of χέω (khéō)",19,42
"fasten","to fasten, fix, set, especially drive, sink, force in",18,42
"islands","a group of islands located near Cos",1,41
"citizen","citizen; freeman",1,41
"custom","old, established law or custom",1,41
"weak","Powerless, weak, feeble, impotent, helpless, puny.",3,41
"opposed","set opposite, adverse, having been set against.",3,41
"alluring","alluring, enticing, seductive",2,41
"to conceal","to hide or conceal oneself",2,41
"grooved","pipe-shaped, grooved",2,41
"challenger","challenger (in combat)",3,41
"conveying","conveying etc.",5,41
"musical","skilled in music",5,41
"delicate","fine, delicate",4,41
"town","a town in Noricum",8,41
"nightly","by night, nightly, nocturnal",14,41
"compressed","contracted, compressed, induced",5,41
"legal","legal",8,41
"mixed","mixed, mingled with",7,41
"flat","very level, flat, even",3,41
"inevitable","unavoidable, inevitable",2,41
"wandered","having rambled, having wandered",8,41
"fearing","fearing",10,41
"indicated","shown, pointed out, indicated, having been pointed out, etc.",3,41
"hive","beehive, hive",9,41
"tribe","A Gaulish tribe, whose territory lay between the Rhodanus and the Isara",8,41
"linen","fine linen cloth",11,41
"fixed","fastened, fixed, implanted",6,41
"pressure","pressure (downward push)",5,41
"burden","load, burden",7,41
"sacrificed","magnified or piled up with for sacrifice; burned, sacrificed, having been sacrificed",10,41
"fox","fox (Vulpes vulpes)",9,41
"glide","to slip or glide away",18,41
"sleeping","sleeping",7,41
"roll","a rolling or tossing motion",14,41
"delicate","Hesychius gives the definition as: ἁβρόν (habrón, ""delicate""), ἐλαφρόν (elaphrón, ""light""), ἄκρον (ákron, ""high"").",16,41
"connection","connection (binding or joining together)",18,41
"magnet","magnet, magnetic, magnetism",19,41
"occupy","to busy oneself with",11,41
"heal","to heal, cure, remedy, be good for or against a disease",15,41
"beside","sitting beside (as at a table); near (to)",12,41
"raising","raising; elevation",15,41
"river","A river of Hispania Tarraconensis mentioned by Pliny",14,41
"sweat","sweat; perspiration",17,41
"work","work",20,41
"city","The second most important city of Corinthia, situated between Corinth and Mycenae",20,41
"town","A town of Boeotia situated near Mount Helicon",1,40
"destroyer","destroyer (person), ravager",2,40
"lineage","stock, race, family, lineage",2,40
"stocking","stocking (? presumably)",3,40
"general","A Persian general, defeated by Pausanias",5,40
"obeying","obeying",6,40
"furnace","a furnace, oven, kiln",3,40
"complaint","complaint, protest, grievance",5,40
"king","A king of Numidia during the second Punic war",4,40
"spleen","milt, spleen",7,40
"snatched","snatched away, having been snatched away",8,40
"favor","to be favorable, to be well disposed or inclined towards, to favor, promote, befriend, countenance, protect",9,40
"snowy","of or belonging to snow",4,40
"brave","courageous/full of courage, brave, bold, undaunted",3,40
"cut","cut, hewn, felled; having been cut, hewn, felled",4,40
"mound","hill, mound, especially a sepulchral mound",11,40
"soothed","soothed, appeased, calmed",6,40
"officer","officer, prefect, superintendent, official, commander, captain",5,40
"owner","owner, possessor",6,40
"watery","dewy, watery",15,40
"harmal","harmal (Peganum harmala)",3,40
"to return","to return",11,40
"straight","straight, not curved",15,40
"kneeling","on bended knee, falling on the knee",7,40
"boundless","boundless, unlimited, endless",9,40
"width","width, spaciousness, roominess",6,40
"abortion","abortion, miscarriage",12,40
"opposing","opposing",7,40
"wiped","wiped",7,40
"pilot","Helmsman or pilot of a boat.",6,40
"praying","praying",3,40
"writer","writer, scribe, secretary, clerk",5,40
"river","a small river in Bruttium, now the river Crocchio",13,40
"blinking","blinking",7,40
"weave","to bend or twist, plait, weave",11,40
"care","attendance, care",15,40
"climb","to climb, ascend, mount",7,40
"joined","sewn, bound or fastened together",15,40
"chase","A botanical plant name author abbreviation for botanist Mary Agnes Chase (1869-1963).",13,40
"measured","having measured out",14,40
"buckler","light shield, buckler",13,40
"exposed","exposed, exhibited, shown",11,40
"strayed","strayed; dispersed",13,40
"layer","layer; lamina",11,40
"nature","innate or natural quality, natural character; nature",14,40
"devices","counsels, plans, arts, whether good or bad",19,40
"pour","second-person singular present/aorist active subjunctive of χέω (khéō)",24,40
"plain","plain, plateau",17,40
"poured","poured out, having been poured out, shed, having been shed",1,39
"complete","complete in all parts, entire, perfect",2,39
"mastic","mastic",4,39
"melting","melting, liquefying",3,39
"wander","to wander, to roam",6,39
"send","third-person singular aorist active subjunctive of ῑ̔́ημῐ (hī́ēmĭ) with movable nu",8,39
"creeping","low, near the ground, creeping",12,39
"sprout","to put forth shoots",5,39
"greened","made green, greened",3,39
"beaker","drinking-cup, beaker",6,39
"summon","to send for, invite, summon, call for, fetch",11,39
"river","A river of Boeotia",4,39
"whisper","whisper",5,39
"arched","having arches; arched, vaulted",4,39
"accompany","to join someone as an attendant; accompany, attend, follow; guard, escort; serve",8,39
"wolf","wolf",5,39
"snowy","snow-bearing, covered with snow",9,39
"pure","unsullied, undefiled",4,39
"remote","remote, out-of-the-way.",5,39
"river","a small river situated in the territory of the Sabines, of uncertain identification",7,39
"fool","zany, fool, buffoon",10,39
"town","A town of Umbria mentioned only by Pliny",7,39
"river","A river of Susiana which flows into the Tigris",11,39
"hotel","Alternative letter-case form of Hotel of the ICAO/NATO radiotelephony alphabet.",13,39
"river","A river of Elymais mentioned by Pliny",9,39
"town","A town of Macedonia situated upon the coast of the peninsula of Sithonia",16,39
"to ask","to ask",8,39
"spur","a goad, prick",13,39
"boastful","boastful; pretentious",15,39
"muzzle","muzzle for dogs, calves",16,39
"firm","firm, steadfast, secure",13,39
"arrival","arrival, coming, approach, advent",11,39
"bend","to bend, curve or bow",19,39
"punish","to punish, to sentence, to fine [with ablative]",13,39
"fixed","stuck in; fixed",15,39
"mountain","a mountain in the territory of the Sabines in modern Italy",15,39
"city","an ancient city in Latium, originally of the Ausones",21,39
"around","around; about",18,39
"knowing","having knowledge of a thing; acquainted with a thing., skillful, practiced",13,39
"before","formerly, before",17,39
"island","An island situated in front of cape Itanum in Crete",11,39
"race","the act of running; race",24,39
"property","private property (originally in the form of cattle, but later in the form of savings)",24,39
"requested","asked for, requested",1,38
"madness","madness, delirium, frenzy",1,38
"limping","limping",1,38
"gem","kind of gem",1,38
"swelling","swelling; tumour",3,38
"town","A town of Palestine and powerful stronghold",3,38
"loving","very loving, very fond",3,38
"meadow","a small meadow",5,38
"prudent","forethinking, cautious, prudent, provident",4,38
"side","A town of Pontus situated at the mouth of the river Sidenus",8,38
"rumble","any deep, hollow sound, humming, buzzing, booming, rumbling",6,38
"little","little, small (amount of)",3,38
"abundant","abundant, plentiful, copious",6,38
"reluctantly","unwillingly, reluctantly",11,38
"lightning","lightning, heat lightning",3,38
"transiting","transiting (passing over)",2,38
"puppet","puppet",8,38
"address","to speak to, accost, address; negotiate a matter with",10,38
"burn","to burn (in, off or away)",3,38
"burn","to set on fire, burn, scorch",4,38
"advanced","having advanced, proceeded",4,38
"prose","Belonging to speech: prose",10,38
"filled","filled, loaded, having been filled, burdened",6,38
"light","radiance of celestial bodies, sunshine, light, rays of light, brightness; (less exactly) dawn, morning",8,38
"river","a river in Gallia Belgica, now the Scheldt",11,38
"flesh","flesh",9,38
"city","a city of Megaris",10,38
"jealous","jealous",9,38
"there","here, there",14,38
"host","throng of warriors",15,38
"projecting","projecting, protruding a little",7,38
"skin","the skin or membrane that covers parts of the body; (especially) the skin or slough of snakes",15,38
"soiled","Soiled, defiled, polluted, stained, fouled; having been soiled, defiled, polluted, stained or fouled.",9,38
"bean","a small bean",7,38
"river","the river Maeander; the river Büyük Menderes",12,38
"worldly","worldly, mundane",10,38
"stray","to wander up and down or about, straggle, stray",11,38
"river","an important river in Mysia, now the Bakırçay River",13,38
"commanding","bidding, commanding, ordering",13,38
"tribe","an ancient pre-Roman tribe that was part of the early population of Latium and Sicily",13,38
"river","a river in Aquitania, now the river Tarn",11,38
"creature","nursling, creature",8,38
"enjoyed","enjoyed; having derived pleasure from",14,38
"fresh","fresh, young",13,38
"spear","light spear, lance",14,38
"town","a town in Mauritania situated between Portus Magnus and Arsenaria",21,38
"fourteen","fourteen; 14",18,38
"stew","A dish of meat and vegetables, a stew",1,37
"town","a town in Aetolia situated near the coast",1,37
"stone","An unknown kind of precious stone of magical power",2,37
"condition","Added to verbs and adjectives to form nouns conveying a condition or quality associated with the verb.",3,37
"participating","sharing, partaking, participant, participating",3,37
"sarcastic","sarcastic",3,37
"choice","choosing, choice, preference, option",3,37
"image","image, likeness, statue, effigy, portrait",6,37
"idea","idea, notion, conception",6,37
"sewer","underground sewer or drain",4,37
"promise","promise",6,37
"shining","gleaming, shining, bright",5,37
"singing","singing, reciting",4,37
"rare","very rare or uncommon",4,37
"earthy","full of earth; earthy",5,37
"characters","The name of various mythical characters",4,37
"longing","a longing",6,37
"confusion","disorder, confusion, tumult",10,37
"suppressed","suppressed; surprised, captured; crushed; oppressed",7,37
"fierce","fierce, raging",6,37
"void","emptiness, nothingness",5,37
"champion","a combatant, champion, especially a prizefighter",5,37
"stake","vine pole; prop",8,37
"leaning","leaning or resting on or against something, inclined to or toward, sloping",8,37
"thin","thin, poor",8,37
"sneeze","A sneeze.",8,37
"enjoy","to enjoy; to derive pleasure from",17,37
"mass","Mass; Christian eucharistic liturgy",14,37
"new","new. (Often used to form clade or taxonomic names indicating more recent branching than a morphologically or otherwise similar group.)",16,37
"soon","quickly, soon, forthwith",10,37
"end","end, termination",12,37
"figures","The name of several figures of the Greek mythology",13,37
"judges","[Book of] Judges (book of the Bible)",15,37
"constant","constant, regular, perpetual",12,37
"excited","to be stirred or excited",11,37
"location","location",14,37
"certain","certain, not in doubt",8,37
"sacrifice","offering, sacrifice, a sacrificing",13,37
"craft","craft, skill, trade",18,37
"town","a town of Cyprus famous for its cult of Aphrodite",13,37
"tribe","A tribe of Sarmatia settled at the foot of the Caucasus",11,37
"blame","disapprobation, disapproval, blame",12,37
"prepare","to make ready, prepare; to furnish, dress",10,37
"to suck","to suck",17,37
"value","worth, price, value, cost",18,37
"under","under; secret",19,37
"palm","The palm of the hand or sole of the foot.",16,37
"fifteen","fifteen; 15",25,37
"follower","follower, attendant, adherent",1,36
"whirling","whirling, eddying",2,36
"shameless","shameless, without shame, arrogant, impudent",2,36
"parasite","the name of a parasite (""person who eats at the table of another"") in Plautus' play Miles Gloriosus",3,36
"silvery","full of silver, silvery, silver-bearing",3,36
"decrease","to decrease, reduce",4,36
"wicked","malicious, wicked",4,36
"dusky","dark, dusky, murky",4,36
"quick","Very quick, lightning fast.",3,36
"touched","having been touched, assaulted, approached, etc.",5,36
"tribe","A tribe of Africa which dwelt south of the Mauri and the Numidae",8,36
"bound","bound fast, subjugated, obliged",4,36
"fixed","Firmly set, fixed, resolved.",6,36
"rainy","Full of rain, rainy.",5,36
"enrolled","enrolled, enlisted",5,36
"town","a town in Africa situated between Thabraca and the river Bagrada",11,36
"dance","a lively and salacious dance of Greek comedy",7,36
"seer","a fortune teller",6,36
"merit","merit, service, deserts",7,36
"breath","breath (directed upon some object)",5,36
"free","to free, set free, liberate",12,36
"originally","originally, at first, from the first, from/at first flush",9,36
"herb","a small herb",6,36
"steamed","that has emitted steam or vapor (i.e. its ""spirit"")",6,36
"student","learner, pupil",10,36
"to beat","to beat",13,36
"pricked","pricked, punctured",8,36
"burdened","burdened, weighed down, having been oppressed.",13,36
"named","named, having been named.",10,36
"mixing","a throwing together",8,36
"trample","to trample, tread on",17,36
"blocking","thwarting, hindering, obstructing, blocking",15,36
"then","at that time, then (correlative with ἡνίκα (hēníka))",13,36
"odor","nidor, the smell of roasting meat and fat",11,36
"mourned","bewailed, lamented, mourned",19,36
"hospitality","hospitality, hospitable reception, entertainment",9,36
"hail","hail; sleet",13,36
"hollow","concave; hollow",13,36
"forbid","to forbid, prevent, prohibit",19,36
"myth","a myth",21,36
"dover","a town in Britannia, now Dover",15,36
"one","according to Hesychius, a Cypriot word for εἷς (heîs, ""one"").",18,36
"talk","talking, talk, chat",23,36
"part","partly, in part, a part, some of, some",30,36
"noisy","sounding, noisy",4,35
"reed","a type of reed",4,35
"braiding","braiding",4,35
"prepare","to arrange, devise, prepare, make ready",4,35
"healthy","healthy, salubrious",6,35
"comely","fair of form, comely, shapely",6,35
"town","A town of Phrygia situated on the river Glaucus",7,35
"crowded","thronged, crowded, in a mass",8,35
"town","A town of Messenia situated on the western side of the Messenian gulf",7,35
"eagle","A sort of eagle",9,35
"armed","carrying weapons; armed, warlike",3,35
"desired","longed for (greatly desired)",5,35
"bound","bound (by an oath)",4,35
"ignorant","ignorant [with genitive 'about something']; stupid",4,35
"charm","pleasantness, charm, attractiveness, agreeableness",4,35
"ape","small ape or monkey (often as a term of abuse)",2,35
"arranged","disposed, distributed, arranged",11,35
"strap","to furnish with a strap or thong",10,35
"shaped","moulded, shaped or fashioned accordingly",3,35
"scattered","scattered, dispersed, dissipated, squandered",5,35
"eager","eager, zealous, fond, assiduous",6,35
"welcome","welcome (whose arrival is a cause of joy)",6,35
"particle","a particle, especially an atom.",7,35
"cord","cord, line (thin rope)",6,35
"bruise","A bruise, a contusion",9,35
"bound","Bound, tied, joined, connected, fastened",4,35
"found","found, having been found.",10,35
"palate","palate (roof of the mouth)",9,35
"standard","a military standard, an ensign, a signum militare",8,35
"looseness","looseness, thinness, the state of being loose, not dense",13,35
"mat","mat (of rush or straw)",12,35
"wrinkled","shrivelled, wrinkled",9,35
"hole","an opening or aperture produced by boring; a hole",18,35
"wonder","to wonder (at, how or why)",18,35
"form","shape, form, figure",12,35
"island","a small island of the Aegean Sea",8,35
"hair","root of a hair, downy hair",11,35
"appear","to be seen, appear",11,35
"whip","lash, whip, scourge, rod",14,35
"native","among ones people, at home, native",11,35
"porch","porch in front of house",9,35
"ancients","the ancients (those who lived long ago)",14,35
"devoting","dedicating myself (to), directing my efforts or attention (to)",18,35
"rooster","rooster",20,35
"ash","to turn to ashes",1,34
"rival","to lead or conduct in opposition or rivalry to another",1,34
"sandal","kind of sandal or elegant slipper",2,34
"singer","singer (male) (verbal noun of cantō (nomen agentis))",2,34
"hollow","to hollow out, excavate",2,34
"swift","running fast, swift-footed",2,34
"bundle","small pack or bundle",3,34
"skull","a skull",3,34
"linen","made of fine linen",3,34
"persuaded","third-person singular aorist passive optative of πείθω (peíthō)",4,34
"resist","to struggle, resist, fight back",4,34
"turned","turned in a lathe",4,34
"guard","a guard, protector, watchman",3,34
"early","early",6,34
"board","board; plank",7,34
"thrower","thrower, hurler",7,34
"river","a river in Mesopotamia, mentioned by Pliny",3,34
"curled","curled with a curling iron",3,34
"magnetic","magnetic",4,34
"siege","A siege, blockade",6,34
"tool","tool, instrument",6,34
"twist","anything twisted or wound",10,34
"leader","commander, ruler, chief",5,34
"plainly","plainly, in an unadorned manner",3,34
"explored","explored",4,34
"void","invalid, void, null and void",4,34
"tribe","A tribe of Liburnia mentioned by Pliny",15,34
"patient","suffering, enduring",6,34
"tribe","A great tribe of Germany",6,34
"creature","a little creature or beast",5,34
"weakness","slackness, enervation, debility",11,34
"loving","having an affinity, attraction, preference or love of something",12,34
"roaming","wandering all over, roaming widely",4,34
"chip","small piece of wood",8,34
"mark","a mark; a sign; a token; a indication",8,34
"rush","to rush in; to storm; to rage; to seethe (in general of violent movements)",15,34
"burned","burnt, burned",14,34
"randomly","by chance, by accident, at random",11,34
"dust","dust or ashes",17,34
"hive","A beehive.",11,34
"town","a town of Moesia situated on the river Danube",14,34
"depress","frequentative of dēprimō",17,34
"talk","talk, prattle",20,34
"slowly","slowly",22,34
"agent","One who or which does or makes something; doer, maker, performer, perpetrator, agent, player.",14,34
"devil","the Devil.",20,34
"town","A town of Syrtica mentioned in the Antonine Itinerary",21,34
"empire","The empire, state, imperial government, realm, dominion.",19,34
"to pray","to pray",20,34
"island","An island of the Saronic Gulf near the promontory of Sunium",1,33
"city","a city of Ionia situated north of Ephesus",1,33
"cake","a type of cake used in sacrifices",2,33
"weasel","of a weasel, weasel",2,33
"city","A city of Phrygia situated on the river Lycus",2,33
"shark","A kind of shark",3,33
"ambiguous","obscure, enigmatic, not straightforward, ambagious, ambiguous",2,33
"small","very small, little, small etc.",4,33
"accepted","received, having been accepted, accepted",3,33
"collapsed","collapsed, fallen in, having collapsed",4,33
"whole","the whole",8,33
"autumn","autumn, fall",4,33
"hole","hole, cleft, slit, hollow",6,33
"sleep","sleep (rheum that collects in the corner of the eyes)",7,33
"dispute","dispute, quarrel",4,33
"gallic","Gallic",4,33
"pleasure","delight, pleasure, enjoyment",6,33
"eating","eating all things, all-devouring, omnivorous",3,33
"narrowness","narrowness, straitness",4,33
"drinker","drinker",8,33
"lazy","slothful, indolent, lazy",3,33
"hold","to have or hold upon",6,33
"coin","name of a Persian coin used as an obol offered to corpses",14,33
"open","to be open, accessible, attainable",5,33
"erased","scratched out, scraped off, erased",6,33
"town","a town in Elis district situated on the road from Olympia to Sparta",11,33
"basely","shamefully, basely",7,33
"shortness","shortness",8,33
"mountain","a mountain in Cilicia, mentioned by Pliny",15,33
"lack","to lack, to want, to be without [with ablative; or with genitive; in addition, with accusative]",4,33
"drink","a drink",8,33
"tunic","undercoat, tunic",9,33
"straight","straight, steep, uphill; upright, standing",15,33
"city","a city in Bruttium, now Vibo Valentia.",9,33
"to dare","to dare",9,33
"heat","warmth, heat; glow",11,33
"hail","hail, hailstorm",13,33
"altar","altar, fitting for burnt offerings",12,33
"feathered","made of feathers",22,33
"liquid","molten, fluid, liquid",16,33
"shoot","shoot, sprout or stem, stalk (especially of cabbage and asparagus)",9,33
"limiting","limiting",18,33
"roll","to roll, tumble",14,33
"opening","about to open",21,33
"change","? a change",16,33
"digital","digital",19,33
"town","A town of Macedonia famous for its goldmines",22,33
"to conceal","to conceal",19,33
"foam","foam, froth",24,33
"square","to make four-cornered, square, make square",25,33
"slope","inclination; slope",1,32
"dull","to become blunt or dull",1,32
"lake","A great lake of Taprobane",1,32
"city","A city of Lycaonia situated on the river Arycandus",2,32
"town","a town of Messenia situated on the western coast between Pylus and Triphylia",2,32
"escape","an escape, flight",3,32
"birth","birth, nativity",3,32
"escort","escort, convoy",3,32
"harm","to harm; to hurt; to damage",2,32
"to forget","to forget",3,32
"need","need, want",4,32
"ruler","a ruler, potentate",5,32
"hide","to make unseen, hide, hush up, lose sight of, reject, make away with a person",4,32
"nausea","nausea, seasickness",7,32
"moon","Something which shines by night.",5,32
"absent","absent, missing, away, away from, distant, gone, gone away",5,32
"leech","a leech",5,32
"forged","forged",6,32
"to cement","to cement",5,32
"fiercely","Furiously, fiercely, violently",10,32
"follower","syncopated form of assecula (""follower, attendant, servant, sycophant"")",6,32
"eloquent","skilled in speaking, eloquent",8,32
"space","small space,",7,32
"lustful","lecherous, lustful (of the male)",8,32
"popular","popular (by, of or for the people)",5,32
"foreseer","foreseer",6,32
"collapse","to collapse, fall in",8,32
"scratched","scratched, rubbed, scraped off or away, having been scratched",4,32
"dawn","dawn",3,32
"to itch","to itch",6,32
"compress","pad or compress of linen laid on a wound",10,32
"joint","juncture, joint",11,32
"inflate","to fill with breath or air",8,32
"personally","in person, face to face, personally",8,32
"sandy","sandy",7,32
"to pound","to pound",11,32
"loved","loved; having been loved",5,32
"meat","meat, flesh",14,32
"client","female equivalent of cliēns",9,32
"fragment","a fracture; piece of a rock",6,32
"village","A small village founded by the Sabines, located near the Digentia.",15,32
"confine","to straiten, confine, coop up, crowd",7,32
"stretch","to stretch; to strain; to extend",14,32
"wonderful","wonderful, wonderly",7,32
"breaker","breaker; violator",14,32
"town","a coastal town of Lycia",11,32
"spice","kind of spice mentioned in the Periplus of the Erythraean Sea",13,32
"grasp","to touch, grasp",15,32
"glad","glad, well-pleased, gratified",8,32
"early","early in the morning",10,32
"gardener","gardener",14,32
"spring","spring, fountain, source",14,32
"quickly","briskly, quickly, actively",14,32
"transform","to change the nature of a person or thing into something else",13,32
"region","a region of Italy",11,32
"joining","coupling, joining, connecting, uniting",10,32
"bacteria","bacteria",15,32
"town","a town in Aquitania situated on the road from Burdigala to Aquae Tarbellicae",14,32
"winged","Having wings (of a specified size, type or number)",18,32
"weave","to weave, knit",18,32
"emerging","appearing, coming to light",1,31
"increase","An addition, an increase",1,31
"cheerful","cheerful, joyful, glad",3,31
"eagle","a kind of eagle",2,31
"leader","chief, leader",4,31
"huge","huge, very large",2,31
"meeting","convening, meeting",3,31
"mat","a little mat",3,31
"binder","one who ties or binds",4,31
"divided","divided, distributed",5,31
"case","case or chest for books or papers",6,31
"differ","to be unlike, differ from",3,31
"dig","to dig, pierce",8,31
"cry","cry, scream, yell, clamour",4,31
"attending","following, attending",4,31
"attended","having accompanied, guarded, served, attended",2,31
"humble","very modest etc",3,31
"contribution","contribution (in money); collection",9,31
"divided","cut in two",4,31
"breath","breath; blast",4,31
"suffering","suffering",3,31
"prick","to prick, sting, goad",10,31
"street","street (in an inhabited area)",5,31
"hood","small covering, hood, cowl",5,31
"blast","a blast, signal",7,31
"weakness","fault, defect, weakness, frailty, temptation",4,31
"nurse","nurse (person who takes care of other people's young)",10,31
"imitation","copy, imitation",6,31
"cause","cause; causes; causation.",11,31
"measured","measured",3,31
"wrecked","shipwrecked, wrecked",5,31
"flow","flow (act of flowing)",12,31
"fist","a fist; a hand with all fingers curled up",12,31
"burst","broken open or off",9,31
"extension","stretching, stretching out, extension",6,31
"swift","swift (of flight), rapid",11,31
"grain","a type of white grain",9,31
"city","a city in Samnium, whose location is still unknown",9,31
"friction","rubbing, friction",10,31
"prose","prose",9,31
"copper","copper-ore, worked in Cyprus",7,31
"informer","female equivalent of dēlātor",5,31
"cradle","cradle",14,31
"glassy","of crystal, of glass",11,31
"security","safety; security",10,31
"river","One of the chief rivers of the country of the Seres",13,31
"dividing","about to split or divide",9,31
"lily","lily (plant of the genus Lilium)",10,31
"river","a river in Mysia, mentioned by Pliny",11,31
"touched","stroked, touched",13,31
"hollow","to hollow out",12,31
"vine","vine",13,31
"hopeless","not hoping or expecting",15,31
"clearly","clearly, brightly, cleanly",14,31
"avoided","avoided, having been avoided",18,31
"then","then, in its senses as",18,31
"storm","storm",25,31
"forge","furnace, forge",21,31
"town","a town of Illyria, now Karin",31,31
"chewer","A chewer.",1,30
"inform","to inform [with accusative 'someone' and accusative 'something']",1,30
"courage","courage; confidence; audacity",1,30
"rocky","rugged and rough with sharp, jagged rocks",1,30
"crazy","mad, insane, crazy",1,30
"anchor","anchor",2,30
"connection","a connection",2,30
"blow","to blow; to puff",2,30
"town","A town and a hill of Thessaly",4,30
"stalk","stalk by which a flower hangs",6,30
"plaited","plaited",4,30
"foolish","foolish, silly",5,30
"town","A town of Syria on the Euphrates and opposite to Apamea",5,30
"understand","second-person plural imperative active weak aorist of σῠνῑ́ημῐ (sŭnī́ēmĭ)",5,30
"flower","flower of the wild pomegranate",6,30
"neither","to neither side, neither way",4,30
"portal","front door, front gate",4,30
"abundant","overflowing, abounding",4,30
"printer","printer",2,30
"post","log, stock, post, fencepost",2,30
"town","A town of Numidia and birthplace of Saint Augustine",5,30
"squared","squared, set with right angles",6,30
"river","a river in Hispania",6,30
"prostituted","having spent time with prostitutes",4,30
"town","A coastal town of Lycia situated on a headland",5,30
"river","A river situated between Hyrcania and Media",3,30
"town","a town of Arcadia whose location is still unknown",3,30
"sky","sky",8,30
"harmful","hurtful, injurious, noxious",3,30
"visual","optic, optical, visual",6,30
"ambiguous","that has two sides, of double meaning, ambiguous",2,30
"town","An ancient town of Macedonia on the river Axius",3,30
"external","outward, external, extrinsic",3,30
"soothing","softening, soothing",4,30
"lines","The lines of hands and feet",5,30
"superior","located above; (anatomy) superior in position",13,30
"honored","honored, respectable, having been honored.",7,30
"span","span, also as a fixed measure",4,30
"shield","to arm with a shield",7,30
"painful","painful, grievous",10,30
"town","an ancient town in Palestine situated between Gaza and Azotus",8,30
"separated","separated, divided, having been taken apart.",6,30
"mountain","a mountain in Syria, whose base was bathed by the river Orontes",7,30
"twisted","twisted, turned, bent",7,30
"subjected","subjected",6,30
"helike","Helike (a nymph)",6,30
"records","records",8,30
"standing","placed, standing, stalled",7,30
"example","a sample, example",11,30
"emerge","to come out or forth, appear",3,30
"bank","money changer's table, bank",4,30
"officer","An officer of Syphax mentioned by Livy",11,30
"lamp","lamp",10,30
"register","register; list",8,30
"destroy","to destroy, ruin, wreck",10,30
"separation","The separation of a word, tmesis.",9,30
"glide","to glide towards",8,30
"dry","dry, parched, without rain",6,30
"gravy","Thick juice or broth, gravy",10,30
"circulated","circulated",10,30
"table","a table",9,30
"send","to send, dispatch",12,30
"abyss","abyss, chasm, whirlpool, deep hole, pit",7,30
"larynx","larynx",6,30
"sweetly","sweetly, melodiously",11,30
"invention","An invention, a discovery (not by chance but by thought)",14,30
"owl","Eurasian eagle owl (Bubo bubo)",8,30
"fear","to tremble in fear; to be afraid",6,30
"pit","gulf, cleft, pit (especially one at Athens behind the acropolis into which criminals were thrown)",10,30
"vital","of or pertaining to life",11,30
"soft","soft, weak, feeble",14,30
"fate","alternative letter-case form of fāta (""Fate; Moira; Fairy, fay, deity of destiny; divine personification of fate"")",17,30
"steal","second-person singular sigmatic future active indicative of clepō",17,30
"following","attending, accompanying, pursuing",1,29
"court","the courtyard of the temple in Jerusalem",1,29
"way","road, way, path",2,29
"wishes","third-person singular present mediopassive indicative of βούλομαι (boúlomai)",2,29
"trunk","tree trunk, stump",3,29
"learn","to become acquainted with something, learn about it, to be aware of",3,29
"huge","very large; huge, colossal, giant, gigantic, gargantuan",2,29
"angry","angry, wrathful",4,29
"sight","that which is seen, a visible object, a sight",4,29
"beauty","loveliness, comeliness, charm, grace, beauty, elegance, attractiveness",3,29
"owl","presumably same sense as noctua",4,29
"gem","A flame-colored gem",3,29
"destroyer","destroyer, ravager (female)",3,29
"decay","decay, rot, rottenness, corruption",4,29
"peaceful","Of or pertaining to peace, peaceful.",3,29
"rower","oarsman, rower",7,29
"sensation","Perception from the senses, feeling, hearing, seeing",5,29
"jumping","jumping",3,29
"writing","about to write",5,29
"city","An ancient city of the Bastuli in Hispania Tarraconensis",5,29
"mystery","mystery (secret rite or worship)",8,29
"trainer","trainer or manager of a team of gladiators",6,29
"hesitating","hesitating",2,29
"ulcerous","full of sores; ulcerous",3,29
"antenna","Classical Latin form of antenna",7,29
"narrowness","shortness; narrowness",4,29
"can","to be able, capable, strong enough to do, can",5,29
"fold","-fold (used to make adjectives meaning 'times')",4,29
"purple","purple in colour",4,29
"exhausted","exhausted, worn out",6,29
"return","return",5,29
"reptile","a reptile",7,29
"kneeling","kneeling",5,29
"pregnant","pregnant, full of young",4,29
"alone","unaccompanied, unattended, alone",3,29
"pull","to draw, drag, pull",9,29
"modestly","modestly, reasonably",9,29
"union","a joining, uniting; an association",13,29
"brick","a piece of burned clay, brick, tile",7,29
"market","of or pertaining to the market or forum",10,29
"tie","That which binds tight; a lace, band.",8,29
"continuation","continuation",8,29
"cup","A cup, a goblet",9,29
"useful","frugal, worthy, honest, useful",10,29
"tribe","A tribe of Mauritania mentioned by Pliny",5,29
"boxer","Prizefighter, boxer, pugilist",10,29
"town","A town of Africa mentioned in the Antonine Itinerary",11,29
"gladly","gladly, willingly",16,29
"invitation","invitation",9,29
"bird","A kind of bird, perhaps the cormorant",16,29
"point","to make pointed",11,29
"goods","movable goods, chattels",10,29
"tug","to tug, drag or haul",16,29
"snaky","of or pertaining to a viper or snake; snaky",17,29
"town","a town in Cyprus, mentioned by Pliny",25,29
"across","through, right through, across, over",1,28
"stone","A precious stone, said to be found in the heads of serpents",1,28
"festival","A festival in Ancient Rome.",1,28
"away","out under, slipping away",1,28
"nones","nones (canonical hour)",1,28
"mud","to cover with mud or slime",1,28
"similar","comparable, similar",2,28
"dispersal","dispersal",2,28
"town","one of the principal towns of Phrygia situated at the head of the river Maeander",3,28
"city","a city of Apulia separated from the coast of Adriatic by a saltwater lake, now Salpi",2,28
"river","A river of Umbria flowing into the Adriatic Sea near Ariminum, now the river Marecchia",2,28
"entice","to entice, ensnare",4,28
"town","a town in Mesopotamia, mentioned by Pliny",4,28
"friendly","A friendly land.",2,28
"land","The land of the Batā̆vī, situated around the modern city of Nijmegen.",3,28
"town","a town in Umbria, now Gualdo Tadino",3,28
"town","a small town in Latium situated near Tibur",3,28
"veil","a small bridal veil",5,28
"phosphorus","phosphorus",7,28
"selected","selected, chosen",3,28
"local","Belong to a place; local",6,28
"importer","importer",4,28
"nurse","nurse, wet nurse",4,28
"town","a town in Lusitania, on the road from Olisipo to Conimbriga, now Santarém",3,28
"embrace","to embrace or hug",5,28
"pregnant","Pregnant, full.",5,28
"thus","therefore; and so; in this way",6,28
"to measure","to measure",3,28
"king","A king of Egypt",5,28
"touch","touch, caress",4,28
"firm","firm, steady",9,28
"nostalgia","longing, desire, wish (especially for something once possessed)",4,28
"fern","a kind of fern, possibly a wood fern",9,28
"shielded","shielded (armed with a shield)",8,28
"concealer","concealer, hider",4,28
"town","a town in Aquitania situated on the river Garumna, now Blaye",7,28
"common","of or for the people, common",5,28
"sleepy","Pertaining to stupor, sleep, or a state of unconsciousness.",8,28
"bearer","bearer, porter (female)",6,28
"reservation","the act of reserving or keeping back (for future use); reservation",8,28
"drain","to dry, drain, exhaust",9,28
"talent","talent (a Greek weight, which contained sixty minae or half a hundredweight)",6,28
"strongly","strongly, forcefully, powerfully, vigorously, sturdily",12,28
"security","security, surety",3,28
"tongueless","deprived of a tongue, tongueless",6,28
"accusation","accusation, charge",6,28
"ear","Ear; ear-like; ear-shaped.",13,28
"name","a female given name, character in the play Aulularia of Plautus",6,28
"study","Base for nouns denoting the study of something, or the branch of knowledge of a discipline.",7,28
"ring","ring, finger ring, signet ring",6,28
"lady","lady; mistress",5,28
"gaping","gaping (an opening of the mouth)",18,28
"city","A city of Bottiaea, in Macedonia",7,28
"city","an important city of Chersonesus in Thrace, situated opposite to Abydos",11,28
"town","A town of Commagene mentioned by Pliny",10,28
"active","active",8,28
"benefit","profit, advantage",11,28
"boat","light boat of wickerwork, used on the Nile",12,28
"rest","rest, repose, respite, cessation",14,28
"dimity","dimity",7,28
"constructed","constructed",10,28
"dedicated","dedicated, devoted having been dedicated",17,28
"together","together",10,28
"sheet","sheet of cloth or paper",13,28
"bowl","A kind of bowl used in sacrifices",15,28
"name","a male given name from Italian",11,28
"lending","lending, loaning",16,28
"four","four, quadri-",20,28
"manly","manly, bold, heroic",1,27
"smoky","full of smoke, smoky, smoking",1,27
"drug","drug (whether healing or noxious)",1,27
"moon","a moon",2,27
"coarse","of a coarse staple (short fiber), coarse, harsh, bristly",2,27
"bask","to bask in the sun, sunbathe",3,27
"bun","kind of cake or roll",3,27
"black","night-coloured, black",3,27
"tense","stretched, strained, tense, tight, on the stretch",3,27
"exposing","exposing",3,27
"dish","A kind of dish or platter assumed to be made out of precious material.",3,27
"ignited","ignited, having been set alight",4,27
"noise","any loud noise, as the din of battle",4,27
"grasping","catching at, striving after, greedy for",3,27
"exceed","to go beyond, exceed",2,27
"leader","a leader, chief, head",2,27
"surrounded","touched on all sides, having been touched on all sides",2,27
"beaming","shining back, beaming",4,27
"spread","spread, stretched out, spread out, having been spread out",4,27
"error","error, mistake, fault",6,27
"pole","pole of a chariot or car",3,27
"constellation","group of stars, constellation, asterism",3,27
"harpy","One of the harpy sisters",7,27
"town","A town of Thessaly, on the eastern side of the lake Boebeis",4,27
"feast","party, feast",9,27
"channel","A small channel, pipe or gutter.",3,27
"molecule","molecule",4,27
"attached","fastened, fitted, applied, adjusted",5,27
"town","a town in Samnium mentioned by Livy.",3,27
"blame","blame, criticism",8,27
"woolly","woolly, having a thick fleece",3,27
"pretty","very comely or pretty etc.",5,27
"native","native, domestic, indigenous, vernacular (originally of slaves)",4,27
"to blink","to blink",9,27
"tall","tall, taper",7,27
"weak","weak, feeble or making weak; shaky, empty, light, worthless",3,27
"boneless","boneless",10,27
"to shine","to shine",10,27
"seven","Spoken by a player during a match with one or more visually impaired players to indicate the seventh rank in algebraic notation.",7,27
"wise","Wise, sage, shrewd.",6,27
"cloth","of cloth",10,27
"intruded","intruded",5,27
"modern","modern",7,27
"pointed","with the point",8,27
"kept","maintained, saved, kept",11,27
"porter","doorkeeper; doorman; porter",10,27
"needler","maker or seller of needles, pins",10,27
"call","to call, summon, beckon (with one's voice)",10,27
"flesh","the soft part of an animal's body; flesh",8,27
"river","a river in Calabria, now the Canale Reale",6,27
"alter","to change, alter, make other than it is",7,27
"brittle","brittle, friable, fragile",11,27
"town","a town of Illyricum",10,27
"time","portion, point, or space of time; time, season, period",11,27
"reason","cause, reason",11,27
"stand","to stand firm; to stay behind",9,27
"grove","a laurel grove",10,27
"to help","to help",14,27
"stars","stars or constellations",14,27
"signal","signal",12,27
"town","a town of Achaia and member of the Achean league",12,27
"woman","female inhabitant or worker",13,27
"tireless","tireless; indefatigable",15,27
"noble","blameless, noble, excellent",20,27
"under","under, sub-",22,27
"town","a town of Boeotia, situated on the eastern bank of the lake Copais",1,26
"fire","flame, fire",1,26
"cost","expense, outlay, cost",1,26
"innocent","innocent",1,26
"fool","jester, joker, trifler, buffoon, fool, foolish person, humbug",1,26
"man","Man, Isle of Man (an island and Crown dependency of the United Kingdom in the Irish Sea)",2,26
"bird","A species of bird, possibly the rail or black grouse, that Pliny says has a gait similar to the partridge",2,26
"king","king, emperor",3,26
"tearing","tearing to pieces",2,26
"plain","very simple, plain",3,26
"benefit","furtherance, advantage, help, good, benefit",3,26
"trouble","distress, trouble, tribulation",4,26
"pure","pure, absolute, genuine, unmixed",3,26
"around","around, about",2,26
"holiday","a holy day; a festival; a holiday",3,26
"sweep","to sweep, clean",5,26
"river","A river of Thessaly flowing into the Enipeus",3,26
"national","national",5,26
"mocker","mocker, derider, scoffer",5,26
"pregnant","with child, pregnant",6,26
"convinced","convinced",4,26
"extinct","having died out or off",5,26
"hostile","hostile, inimical, aggressive",4,26
"guest","guest",4,26
"close","close",6,26
"flowering","flower-bearing, flowery",4,26
"war","war, battle",6,26
"blue","Of blue colour.",6,26
"pointed","pointed, punctuated",2,26
"uniform","having a single form, uniform",6,26
"assimilation","assimilation",4,26
"tribe","A tribe of Lybia mentioned by Pliny",5,26
"hybrid","of mixed race; mixed-blood; half-breed",6,26
"hope","to hope, expect",10,26
"mud","mud; slime; silt",9,26
"rag","a piece of cloth, a small rag",6,26
"stone","a small, sharp or pointed stone",9,26
"instructing","teaching, instructing",5,26
"hybrid","hybrid, mongrel, half-breed",9,26
"fired","burnt, hardened in the fire",13,26
"seized","seized, grasped, grabbed, taken, caught; having been seized, etc.",6,26
"lamb","lamb",4,26
"blackness","blackness, black color",11,26
"worm","A worm said to cause madness to dogs",11,26
"immediately","immediately, at once, straightway",9,26
"desire","wish; longing, desire",9,26
"bloating","inflation of the stomach",10,26
"pelvis","pelvis.",9,26
"place","place, spot, site",8,26
"character","a character mentioned in the Aeneid",8,26
"scarf","kerchief, scarf",8,26
"tribe","A Samnite tribe who inhabited a region between modern Abruzzo, Molise and Campania.",11,26
"dart","missile, dart",6,26
"barren","without fruit: barren",14,26
"refusal","refusal, declining",10,26
"mat","a mat or covering",10,26
"walls","city walls, town walls, defensive walls, fortifications, ramparts, bulwarks",11,26
"ancestor","begetter, ancestor",11,26
"nap","doze, short nap, short sleep",9,26
"friend","dear friend, little friend",1,25
"sincerely","sincerely",1,25
"proud","proud, haughty",1,25
"to approach","to approach",1,25
"shady","shade-bringing, shade-giving, casting a shadow, shady",1,25
"owl","small kind of owl",3,25
"city","A city of Phrygia situated on the road from Dorylaeum to Philadelphia",3,25
"white","of a white colour",3,25
"deviate","to wander, stray or deviate from",3,25
"music","music",4,25
"diagonal","the diameter or diagonal of a parallelogram",5,25
"collided","clashed, collided",3,25
"bound","bound, having been bound, fastened, having been fastened",4,25
"dawn","from morn; at earliest dawn",5,25
"creeping","creeping, crawling.",2,25
"lashed","lashed",2,25
"feast","feast",2,25
"helpful","aid-bringing, helping",7,25
"boasts","boastful promises, boasts",7,25
"promised","promised",5,25
"scraper","scraper",5,25
"rage","to be angry, to rage, grumble",4,25
"ransom","ransom",6,25
"where","where (relative)",6,25
"town","a town of Raetia, whose location is still unknown",10,25
"useful","profitable, useful",7,25
"observed","having watched, having observed",4,25
"foreign","foreign; strange",4,25
"inflated","filled with breath or air",6,25
"throwing","throwing, casting, hurling",5,25
"motion","motion; movement",6,25
"grazing","pasturing, grazing",5,25
"name","a male given name from Aramaic",10,25
"winged","winged, flying",3,25
"drop","drop",5,25
"throat","Hesychius gives the definition as: φάρυγξ (phárunx, ""windpipe, throat"").",8,25
"commands","third-person singular simple present indicative of -mander",5,25
"tightly","closely, tightly",10,25
"beyond","Beyond.",4,25
"heedless","inconsiderate, heedless, unregarding",8,25
"garden","garden, yard",7,25
"peninsula","a peninsula in southeast Europe",5,25
"obscure","obscure",7,25
"greeting","a greeting, salutation",8,25
"twisted","twisted, tumbled about",6,25
"when","""When?""",7,25
"harshly","harshly, sternly, roughly",10,25
"fasten","to fasten, fix",8,25
"mucus","Hesychius gives the definition as: μύξα (múxa, ""mucus, slime"").",12,25
"dimness","dimness, dullness, faintness, feebleness, weakness (glossed with the Latin cālīgō)",8,25
"plaiting","of or occupied with plaiting",8,25
"motion","motion, movement",13,25
"huts","huts",9,25
"rise","to come in the morning; rise and set out in the morning",9,25
"to put","to put",15,25
"followed","followed, having followed",9,25
"covering","cover, covering, protection; tegument",12,25
"threshold","step or threshold",14,25
"fabric","woven robe, web",8,25
"seeker","seeker, searcher",11,25
"voice","voice, speech",16,25
"oil","oil or oil-based materials",15,25
"penis","dick, cock (obscene word for the penis)",17,25
"distraction","A distraction.",13,25
"bearing","bearing, giving birth",14,25
"dragon","A species descriptor, for species associated with dragons in China",15,25
"vomiting","vomiting, sickness",19,25
"vessel","vessel for liquids",13,25
"complain","to complain about, bemoan",1,24
"town","A town of Galatia situated between Lagania and Ancyra",1,24
"island","A small island situated in front of the great harbour of Syracusae",1,24
"grow","to (begin to) grow, develop or increase",3,24
"project","to stand out or project",3,24
"liberty","liberty, freedom",3,24
"honored","rewarded, honored, having been rewarded.",2,24
"stake","a sharp-pointed pole which was stuck in the ground to fasten vessels to the shore",3,24
"son","The son of Prometheus; ancient sources name his mother as Clymene, Hesione, or Pronoia.",2,24
"milk","milk, milky",3,24
"commander","a commander",2,24
"carry","to cause to go, carry, convey",4,24
"bull","A breed of bull in Poeonia (in Macedonia), with the hair of a horse, and with horns unfit for fighting.",3,24
"mind","mind.",3,24
"resting","resting, ceasing, remaining silent",4,24
"street","A street in the Roman camp, separating the fifth and sixth maniples, containing the marketplace",5,24
"near","near, close",3,24
"artificial","artificial",3,24
"dish","flat dish, plate",6,24
"slow","slow, heavy",5,24
"to rub","to rub",4,24
"honeyed","honey-dropping, flowing with honey, mellifluous",6,24
"deceived","having lied, deceived",2,24
"river","A river of Cilicia flowing into the Mediterranean Sea, now the Deli Çay",2,24
"swell","to cause to swell, make swell",2,24
"similarly","In like manner, similarly.",6,24
"bounds","bounds, limits, especially the space on either side of town walls left free of buildings",4,24
"yellowish","Yellowish, off-yellow",3,24
"vision","seeing, sight, vision, view",10,24
"law","that which is laid down, law, ordinance",7,24
"cast","thrown etc.",7,24
"plant","A particular plant",8,24
"beat","beat",6,24
"oak","of oak",4,24
"gazed","having looked, gazed at",11,24
"eagle","name of the eagle that eats the liver of Prometheus",9,24
"conspicuous","conspicuous, very distinct",6,24
"smallness","smallness, littleness",7,24
"bees","bees",9,24
"river","a river in Cilicia, now the Kaledran Creek",9,24
"lead","to lead, guide, conduct, lead away",8,24
"forgetful","forgetful",7,24
"hammerer","hammerer",6,24
"town","A town of Arcadia situated near Buphagium, in Cynuria",11,24
"grandmother","grandmother or mother-in-law",10,24
"tribe","A tribe of the seacoast of Gedrosia, mentioned by several writers",10,24
"iron","iron, steel",5,24
"deceive","to disappoint, frustrate, defraud, cheat, deceive with false hopes",13,24
"buys","contracted third-person singular present mediopassive indicative of ὠνέομαι (ōnéomai)",11,24
"quickly","quickly",9,24
"drunk","drunk (intoxicated)",11,24
"burden","A burden, a load",9,24
"deity","name of an Aquitanian deity",10,24
"thief","lifter, thief",13,24
"island","An island off the coast of Lycia",8,24
"retained","retained, maintained, having been maintained",13,24
"motion","a going, passing, motion, course",12,24
"refuge","refuge",12,24
"swelling","the state of being swollen",14,24
"eat","aorist active infinitive of ἐσθῐ́ω (esthĭ́ō) and ἔφᾰγον (éphăgon)",24,24
"soul","a small soul, spirit, life",1,23
"corrupter","corrupter, misleader, seducer, briber",1,23
"flowering","flowering",1,23
"king","A king of Salamis in Cyprus",1,23
"their","third-person plural possessive pronoun, including reflexive",1,23
"comparison","understanding one thing with another",1,23
"delay","to make slow, delay",2,23
"flood","deluge, flood, inundation",2,23
"piper","piper, player of the fistula",2,23
"holder","anything which holds, bears",2,23
"formal","formal",3,23
"gentle","gentle, kind, mild, pleasant",2,23
"shout","to cry out, shout, scream, exclaim",2,23
"crowded","crowded or pressed closely together",3,23
"blink","to wink frequently, blink",4,23
"cover","to cover, shelter",2,23
"flatterer","flatterer (female)",2,23
"dawn","daybreak, dawn",5,23
"wine","of wine",4,23
"boy","a young boy, a little boy",3,23
"bend","A bending, an angle",3,23
"bind","to bind, fasten, secure, fix, make fast",3,23
"image","image, imitation, likeness, statue, representation",3,23
"glide","to glide, slide, slip forward",3,23
"nature","nature",5,23
"bran","bran, in particular as dog food",6,23
"watcher","spectator, watcher",4,23
"available","obtainable; at hand, available",3,23
"butting","butting (of horns or head)",4,23
"channel","strait, sound, estuary, channel.",3,23
"teal","A kind of duck, perhaps the teal.",3,23
"wash","to wash, dash over, surge up",4,23
"resisted","having struggled against",2,23
"working","labouring, working",3,23
"stormy","full of storms, stormy, procellous, tempestuous",3,23
"dissolver","dissolver, breaker-up",6,23
"severed","severed, ruptured",6,23
"press","to press, push, press close or hard, oppress, overwhelm",4,23
"construct","to build, construct, fashion, forge, shape",4,23
"bend","to bend, turn, incline",4,23
"freshness","newness, freshness",4,23
"commoner","commoner, plebeian",3,23
"learning","the act of learning, getting of knowledge",3,23
"town","A town of Cynuria situated on a lofty hill",2,23
"considered","weighed carefully, examined, considered",3,23
"limb","limb, member",5,23
"fastened","fastened (especially with nails)",7,23
"stuck","stuck, thrust (weapon)",6,23
"divider","divider",8,23
"tired","somewhat or rather tired, worn out or wearied",5,23
"obscure","very obscure or vague",6,23
"vinous","of wine, vinous",4,23
"knee","The bend of the knee",9,23
"bean","a kind of bean with an edible pod, French bean, kidney bean, phasel",5,23
"liquor","A fermented liquor, a strong drink",8,23
"toss","to shake violently, throw up",7,23
"perhaps","perhaps, it may be",8,23
"river","a river in India, probably the Sutlej",6,23
"difficult","impracticable, impossible, challenging, difficult, unmanageable, uncontrollable",7,23
"woman","a woman, female",9,23
"tribe","A tribe of Pontus mentioned by Pliny",10,23
"alternate","to do one thing and then another, do by turns, interchange, alternate",13,23
"headless","headless",11,23
"crumble","to rub, break or crumble (into)",9,23
"tribe","A tribe of Germany mentioned by Tacitus",13,23
"slave","a male slave owned by Lūcius",6,23
"rite","rite (esp. initiation in the mysteries)",10,23
"island","an island off the coast of Arabia, mentioned by Pliny",7,23
"to push","to push",7,23
"blood","Blood; presence in blood (of a substance denoted by an affixed combining form); state or condition of the blood.",9,23
"receive","second-person singular aorist middle imperative of δέχομαι (dékhomai)",7,23
"vitality","life, life force, soul, vitality (that life-giving aspect which animates a thing)",13,23
"local","of or for place, in respect to place",11,23
"town","a town in Libya, mentioned by Pliny",13,23
"government","-cracy (government, rule)",16,23
"to hammer","to hammer",12,23
"prick","to prick; to puncture; to sting",14,23
"city","a city in Umbria situated not far from the sources of the Aesis",13,23
"river","A river of Apulia flowing near Tarentum, now called Galaso",1,22
"spanish","of or concerned with Spain, Spanish",1,22
"notion","preconception, mental picture",1,22
"courageous","daring, courageous",1,22
"region","an ancient region of Epirus, in modern Greece",1,22
"town","one of the chief towns of Athamania",1,22
"city","a city on the east coast of Bruttium, situated near Locri",2,22
"sneezing","sneezing, sternutation",2,22
"hollow","to hollow out, make round, make curved",2,22
"white","colored with white lead, painted white",3,22
"treasury","The part of a temple where votive offerings were made",2,22
"hesitate","to shrink from, fear (doing something), hesitate, scruple (to do something)",2,22
"named","named",3,22
"prediction","prediction",2,22
"insult","insult, taunt",2,22
"ferned","decorated with fern leaves, whether real, drawn, or carved",3,22
"open","open (in front), uncovered",3,22
"bird","A kind of bird, perhaps the titmouse or the red linnet",3,22
"mixture","mixture, mixing",5,22
"wander","to wander through; to rove about",4,22
"prepared","prepared, having been prepared",5,22
"famous","famed, celebrated, noted, renowned, famous",4,22
"pole","pole, long staff",5,22
"tempering","tempering",5,22
"empty","empty, void [with genitive]",3,22
"equilibrium","equipoise, equilibrium",6,22
"entered","entered, invaded",5,22
"mindful","mindful, remembering (+ genitive)",6,22
"to die","to die",7,22
"vagina","vagina",4,22
"awful","awful, horrible, dreadful",3,22
"change","change, mutation, transformation",6,22
"prophet","prophet, soothsayer",6,22
"collar","a collar serving to impede movement",3,22
"town","a town in Etruria",3,22
"flag","Combining form of flag.",3,22
"city","a city in India, mentioned by Pliny",5,22
"shade","shadiness, shade",4,22
"violated","violated; (having been) injured; (having been) invaded; (having been) profaned",5,22
"purple","Purple-colored, purple",3,22
"preventer","hinderer, preventer",7,22
"experienced","experienced; having experienced [with genitive 'in something']",5,22
"intent","earnestly meditating, designing",2,22
"modest","shamefaced, bashful, modest, chaste",5,22
"stable","syncopic form of stabulum (""dwelling, stable"")",6,22
"desiring","wishing, desiring",9,22
"native","An original inhabitant of a place, a native, an aborigine, an autochthon.",4,22
"crowd","crowd, troop",3,22
"reach","to have come up to a point, reach up to",4,22
"pain","sense of pain",7,22
"beyond","preter-; beyond, (pass) by",6,22
"duty","a duty tax (on imported goods, particularly salt and wine)",9,22
"false","that acts falsely",6,22
"basin","basin",9,22
"falling","falling",6,22
"seized","seized",8,22
"pulse","pulse",8,22
"point","a sharpened point",9,22
"view","outlook, view",4,22
"attracted","attracted",6,22
"examination","an examination, exploration",7,22
"moral","Of or pertaining to manners, morals or ethics; moral.",12,22
"negative","denied, negative, that which denies",7,22
"island","a small island in the Nile situated near Syene",9,22
"permanent","abiding, lasting, permanent, perpetual",8,22
"river","a river in Asia that flows into the Persian Gulf",8,22
"mutually","reciprocally, interchangeably, mutually",15,22
"later","later, afterwards",12,22
"cramp","a type of cramping similar to a dovetail consisting of two secūriculīs",9,22
"complaining","complaining",14,22
"bird","A small bird, perhaps a yellow thrush.",11,22
"rush","rush, reed used for mats or beds",13,22
"orange","of orange color",7,22
"grape","A variety of grape",13,22
"burn","to flame, blaze, burn",10,22
"why","Old Latin form of cūr (""why; for what reason; wherefore; to what purpose; from what motive"")",16,22
"proposer","Someone who proposes a law to the people; the proposer of a law, presenter of a bill.",13,22
"domestic","of the house",15,22
"sprout","to put forth, sprout out, germinate",15,22
"around","about, around",17,22
"indication","indication, description, designation, identification",1,21
"separate","of a different fate, not shared",1,21
"woolly","woolly, wool-bearing",1,21
"girl","little woman, common working girl",1,21
"revolve","to turn in circles",1,21
"character","One of several mythological characters.",2,21
"harmful","Hurtful, mischievous",2,21
"city","A city of the Volsci in Latium, conquered by the legendary general Gnaeus (or Gāius) Mārcius Coriolānus.",3,21
"river","a river in Phoenicia, mentioned by Pliny, now the Beirut River",2,21
"fatal","causing to die away",3,21
"image","image, likeness, resemblance",2,21
"agreement","settlement, agreement, treaty",3,21
"secret","secret, not approved for public reading",3,21
"mourn","to mourn, or grieve",3,21
"base","the base of a column, stylobate",5,21
"city","a city in Africa situated between Thapsus and Thenae",3,21
"town","a town in Mauritania situated between Icosium and Iol",4,21
"inquisitive","disposed to searching, inquiry",3,21
"clever","superior in intellect, gifted with genius; intellectual, clever, ingenious",3,21
"covering","the action of covering (something), as if with a cloud",5,21
"born","born, descended or sprung from",3,21
"people","an ancient people of Aquitanian Gaul, now Rodez",3,21
"fighting","fighting, combating",5,21
"whole","whole, entire, taken collectively or altogether",5,21
"precise","precise, exact, strict",7,21
"plainly","plainly, evidently, distinctly",5,21
"river","a river in Spain, now Segura.",6,21
"foreign","from a far country",6,21
"distant","lying away, distant",3,21
"rivaled","having vied, rivaled; having emulated, copied",3,21
"warlike","good at war, successful in war (epithet of Nike)",5,21
"leader","one who leads or brings back",4,21
"table","a small table",3,21
"saddle","comfortable saddle for an ass or a mule",5,21
"hearer","a hearer",8,21
"insertion","putting in, insertion",7,21
"dewy","full of dew, dewy, bedewed",3,21
"wounding","wounding (causing wounds)",3,21
"horn","horn (all senses)",7,21
"diversity","difference, diversity, variety",7,21
"exhausted","exhausted, tired, fainted",6,21
"idleness","inactivity, laziness, idleness, sloth, listlessness",9,21
"legitimate","natural by birth, legitimate",7,21
"arrive","to have arrived at a place, have come, be near at hand, be present",6,21
"sand","grit, sand",6,21
"serious","earnest, serious",2,21
"lord","lord",7,21
"fool","babbler, fool, blockhead",6,21
"famous","famous, renowned, illustrious",5,21
"town","A town of Chalcidice, colony of Eretria",10,21
"sail","uncontracted second-person singular present active indicative of πλέω (pléō)",7,21
"stool","small seat or stool",7,21
"attach","bind or make fast to",3,21
"hateful","hateful, hated, detested",8,21
"table","A table on which water-vessels were set.",4,21
"defend","to keep off, ward off, defend, guard, assist [with dative 'something/someone' and accusative 'from something/someone']",9,21
"think","to think, to have understanding, to be wise, prudent",7,21
"pierced","having been dug through, pierced through, transfixed",4,21
"accompany","to sing to, accompany",8,21
"pretended","pretended",3,21
"asserted","asserted",7,21
"prize","a prize in the games",5,21
"wandering","wandering, straying, going astray",8,21
"favor","good will, inclination, partiality, favor",8,21
"belt","belt, sash",7,21
"bag","leather bag or sack",7,21
"to increase","to increase, enlarge, elevate, strengthen",6,21
"docked","docked, cropped",8,21
"declare","to speak out, tell out, declare",12,21
"remedy","remedy, cure",11,21
"broth","broth",11,21
"town","One of the most important towns in Noricum, situated on the road from Aquileia to Lauriacum",8,21
"destroyer","destroyer, subverter",12,21
"whip","whip, scourge, lash",7,21
"press","a press; winepress; oilpress",11,21
"town","a town of the Liburni, situated on the road from Siscia to Iadera",8,21
"graze","to eat fodder, feed, graze",9,21
"strange","contrary to expectation, strange, incredible",10,21
"clump","to glomerate, make into a ball, pile in a heap",11,21
"handful","handful, bundle",8,21
"tribe","A Celtic tribe of Gallia Lugdunensis, whose chief town was Condivincum",8,21
"boxer","boxer, pugilist, one who fights with their fists",11,21
"town","A town of Mysia on the river Aesepus",7,21
"sea","the deep, the sea",15,21
"summoned","called, invoked, having been summoned.",9,21
"eat","to gnaw, eat",10,21
"divine","to carry out a specified form of divination",14,21
"bird","unknown kind of bird",12,21
"drains","rivulets, drains",14,21
"taking","taking, receiving, assumption",1,20
"fighter","fighter",1,20
"shine","to shine in or on, give light, light up, illuminate",1,20
"builder","builder, architect",1,20
"rich","richly furnished, rich, splendid",1,20
"gum","gum of opopanax",1,20
"burning","burning",1,20
"whistler","whistler",1,20
"elegant","epithet of the painter Parrhasius",2,20
"tender","easily indented or bruised",2,20
"herb","a kind of medicinal plant",2,20
"mined","dug out of, mined or derived from shafts or pits",2,20
"virtuous","virtuous",3,20
"govern","to direct, regulate",3,20
"town","a town in Mauritania situated between Oppidum Novum and Malliana",2,20
"mountain","Berecynthus; Malaxa Mountain, Crete, Greece",3,20
"bound","held in, bound by",2,20
"scent","fragrance, pleasant scent, odor",3,20
"pointing","pointing",4,20
"sad","very sad, etc.",2,20
"trumpeter","a trumpeter, especially in an army at war but also at sacrifices or funerals",4,20
"tribe","A tribe of Colchis mentioned by Pliny",6,20
"popular","of the people",4,20
"fiction","fiction, falsehood",6,20
"trusting","trusting",5,20
"summit","The highest part of something; height, top, summit.",4,20
"scale","scale of a balance",5,20
"extend","to lengthen, prolong or extend",2,20
"spinal","in or of the spine",3,20
"agent","who performs actions of gerere",5,20
"ascended","ascended",3,20
"bundle","A bundle of sticks.",6,20
"soft","not solid, soft, tender",3,20
"purity","freedom from pollution, purity",5,20
"divide","to divide, separate",6,20
"detached","taken or led away, detached, removed, having been taken away or removed",5,20
"crazy","crazy, insane, mad",3,20
"merit","worth, worthiness, merit, desert",5,20
"harassing","harassing",3,20
"tangled","entangled, confused",5,20
"king","A king of Thrace and son of Cotys",3,20
"imported","brought somewhere, carried over to some place",5,20
"swift","running at full speed, swift, fleet",5,20
"island","An island in the Adriatic Sea off the coast of Albania, now Sazan or Saseno",8,20
"wronging","present active participle contracted of ἀδικέω (adikéō)",7,20
"chase","the chase, pursuit",3,20
"lawless","lawless",10,20
"murdering","murdering, slaughtering",3,20
"guide","guide, leader",3,20
"boat","An open boat (vessel with no deck)",6,20
"wandering","much turned, much traveled, much wandering",4,20
"knower","a knower, voucher, witness",6,20
"god","a Roman god of the state",4,20
"approached","approached, reached",9,20
"flatter","to fawn upon, flatter",4,20
"dull","to make something blunt, dull, dim",9,20
"perfectly","perfectly",6,20
"town","A town of Ionia situated on the southern bank of the Maeander",6,20
"turn","turn, direction",8,20
"century","century, in its senses as",8,20
"island","An island off the coast of Gedrosia",6,20
"pierced","pierced (through)",8,20
"pepper","pepper (plant of the family Piperaceae)",6,20
"wind","a west-northwest wind",12,20
"iconic","of an image, iconic",9,20
"town","a town in Africa situated in the innermost part of Syrtis Minor, now Gabès",7,20
"shape","shape, outline",7,20
"sausages","Hesychius gives the definition as: ἀλλαντία (allantía, ""sausages"").",10,20
"line","a measuring line",9,20
"assumed","assumed, claimed",12,20
"office","office, official duty, command, formal responsibility given to a magistrate",12,20
"fluid","liquid, fluid, humour",12,20
"front","front, in front",11,20
"swell","to swell, become swollen",14,20
"lay","third-person plural imperfect middle indicative of κεῖμαι (keîmai)",14,20
"more","more, the more, in a greater measure, to a greater extent",15,20
"regulating","regulating, arranging",15,20
"move","present active infinitive contracted of κῑνέω (kīnéō)",16,20
"up","up to, upwards, up",1,19
"king","The name of several kings of Ancient Greece",1,19
"pastry","Any kind of dressed food; pastry, cakes, sweetmeats",1,19
"gradually","little by little, gradually",1,19
"pound","libra, Roman pound, a Roman unit of mass, equivalent to about 327 g",2,19
"mocking","mocking, teasing",2,19
"injection","a putting in beside, injection",2,19
"enduring","suffering; enduring",2,19
"allowed","first-person singular aorist passive indicative of ἐάω (eáō)",3,19
"span","span",3,19
"town","A town of the Contestani in Hispania Tarraconensis",2,19
"level","level, even, flat",4,19
"justly","according to desert, deservedly, justly, justifiably, worthily, fitly",3,19
"place","place, spot",4,19
"connected","connected",4,19
"deceived","deceived, tricked, fooled, having been deceived",3,19
"stable","well based, standing firm, stable (relatively unchanging)",4,19
"alley","alley, lane, passage",4,19
"liquidity","fluidity, liquidity",3,19
"collar","A collar for dogs",7,19
"eloquent","eloquent, fluent, that speaks with ease",3,19
"peaceful","peace-bringing, peaceful, pacific; something that makes peace, something that announces peace",4,19
"weak","weak; feeble; ineffectual",5,19
"dart","A dart, a javelin",6,19
"purchasing","fond of buying",5,19
"council","a synod, a council, a college of priests",5,19
"name","a male given name, equivalent to English Telemachus",7,19
"fearless","fearless",4,19
"snowy","snowy, besnowed",3,19
"caped","dressed in a military cloak or cape",3,19
"positive","positive",3,19
"healed","healed, cured",4,19
"fat","fat, especially suet or lard",7,19
"rust","rust (or the colour), specifically iron-rust or its colour",6,19
"land","land, country",2,19
"traveler","wayfarer, traveler",5,19
"forgetful","forgetful, oblivious",3,19
"kiss","kiss, especially of the hand",4,19
"sad","mournful, sad, wretched",4,19
"to add","to add",8,19
"proudly","loftily, proudly",5,19
"larynx","larynx; upper part of windpipe",4,19
"countless","countless, innumerable, numberless",5,19
"circuit","circuit",3,19
"idea","fancy, idea, notion; fantasy",4,19
"sanctuary","A sanctuary dedicated to a deity, usually open to the sky",6,19
"creep","to creep, crawl, move slowly (of an animal)",6,19
"king","An Indian king, who reigned over the tract between the Indus and the Hydaspes",3,19
"tremble","to tremble, shake",9,19
"basin","basin (or similar shallow vessel)",7,19
"cheek","the soft part of the cheek puffed or filled out in speaking or eating",6,19
"roost","roosting perch for fowls",7,19
"debris","rubbish, broken trash",7,19
"feast","meal, feast, banquet",9,19
"pour","to decant, pour",7,19
"brightness","clarity, brightness, vividness",6,19
"appear","to seem likely [with infinitive 'that ...']",7,19
"bury","to cover with a mound; to bury; to inter; to entomb",7,19
"elbow","bend of the arm; hence elbow",10,19
"council","a council",9,19
"contradiction","contradiction",7,19
"imitation","repetition, imitation.",9,19
"place","to whether place? to whether side?",8,19
"idle","to have or enjoy leisure",7,19
"fish","kind of blackish fish",8,19
"lately","lately; just now",5,19
"dyeing","a dyeing",7,19
"ring","small ring, hoop",8,19
"wall","a wall; the wall of a house or room",10,19
"kneel","to bend the knee",7,19
"city","an ancient city in Latium, destroyed by Ancus Martius",8,19
"skeleton","skeleton",10,19
"crowded","crowded, close-set",8,19
"piece","a piece, bit",8,19
"flesh","the material which covers the bones of a creature; flesh",10,19
"guest","a meal or banquet guest, convive",15,19
"drag","a kind of threshing instrument in form of a jagged board pulled by beasts, drag",11,19
"close","to close, to shut",19,19
"town","A town of the Marsi, situated between Alba Fucensis and Corfinium",1,18
"ration","a day's ration, daily proportion or allowance",1,18
"builder","builder, maker",1,18
"tribe","A tribe of Macedonia",1,18
"kill","to murder, kill, slay",1,18
"attention","attention",1,18
"king","The name of various kings of Bithynia",1,18
"worthy","estimable, valuable, worthy of appraisement",2,18
"living","animate, living",3,18
"herd","herd, flock",2,18
"rocky","rocky, shelvy, craggy",2,18
"binding","tying, binding",2,18
"stinging","stinging, reproachful",3,18
"sharing","sharing in, partaking of",4,18
"moist","wet, damp, moist",3,18
"rainy","Of or pertaining to rain; consisting of rain.",2,18
"tribe","A Gallic tribe of ancient Gaul",4,18
"smoke","thick smoke mixed with flame, murky fire (such as is made by burning resinous substances)",3,18
"mourned","mourned, grieved, lamented",4,18
"tribe","an ancient tribe who lived next to the Sea of Azov",2,18
"burden","to burden, lade, load, heap up anything in anything",4,18
"magical","pertaining to magical arts",3,18
"fruit","product, fruit",3,18
"veiled","covered, veiled, having been veiled",3,18
"shattered","broken to pieces",5,18
"amusement","delight, amusement, diversion",5,18
"predatory","plundering, piratical, rapacious, predatory",3,18
"rust","to become rusty or cankered",7,18
"handle","small handle (especially of a cup)",5,18
"hoofed","hoofed, having hooves",4,18
"gaping","gaping",3,18
"geometry","geometry",5,18
"town","a town in Caria situated near Cibyra",3,18
"city","An ancient city on the coast of Ionia",6,18
"ability","ability to do any thing easily, skill, capacity, power",3,18
"vibrate","to use vibrato (while singing)",4,18
"to see","contracted present active infinitive of ὁράω (horáō)",6,18
"not","un-, non-, not",6,18
"page","a written page, leaf, sheet",6,18
"sad","to be sad, dejected, downcast",4,18
"clang","clang, clash, sharp sound",6,18
"preserved","preserved, conserved",3,18
"drive","third-person singular aorist active optative of ἐλαύνω (elaúnō)",7,18
"five","The number five (e.g. on a die)",7,18
"town","the chief town of Triphylia in Elis",5,18
"river","A tributary river of the Maeander mentioned by Pliny and Livy",6,18
"conspicuous","able to be seen from far away",4,18
"return","a returning, turning back, going back; return",3,18
"rosy","containing, or made from roses",5,18
"late","after a long time, late",7,18
"stitched","sewn or stitched together",4,18
"town","The main town of Crestonia, in Macedonia.",4,18
"extremity","extremity",7,18
"city","A city of Thrace situated on the river Schoenus and famous for its wine",5,18
"engineer","engineer",4,18
"membrane","a little skin or membrane",7,18
"trade","to trade, deal, sell",8,18
"scent","a smell, scent",6,18
"ruined","ruined, tumbledown",10,18
"sweaty","sweaty (inducing sweat or characterized by sweating)",6,18
"greenness","greenness, verdure, viridity",5,18
"tend","feed, tend",7,18
"crowd","crowd, throng",7,18
"hut","hut, hovel, cottage",6,18
"over","above, on top, over",10,18
"marriage","marriage, wedding, bridelock",7,18
"deity","an Aquitanian deity",8,18
"trampled","trampled",6,18
"swift","Alpine swift (Tachymarptis melba)",5,18
"park","a large area reserved for the use of the king or nobility, often a forest and often for hunting or fishing",12,18
"shirt","a man's undergarment, a shirt (worn under a tunic etc.)",8,18
"firm","Hesychius gives the definition as: βέβαιος (bébaios, ""firm, steady""), σεμνός (semnós, ""revered, holy""), εὐσταθής (eustathḗs, ""stable"").",7,18
"round","to round, go round, pass around, skirt",8,18
"most","most",10,18
"ringing","resounding, ringing",9,18
"safely","safely, securely, in safety, without danger, without risk of being harmed",10,18
"seven","Alternative letter-case form of seven of the ICAO/NATO radiotelephony alphabet.",12,18
"smoke","smoke, vapour",9,18
"ground","on the ground, on the earth",8,18
"fossil","Retrieved from the earth, dug out, dug up; fossil.",8,18
"broadly","widely, extensively, broadly, copiously, diffusely",14,18
"remaining","having stayed behind, remained",9,18
"bug","Name for various insect pests.",11,18
"chief","A chief of the Volscians",9,18
"removed","having removed from; moved or carried away",1,17
"scratch","to scratch, gash",1,17
"slander","calumny, slander, defamation",1,17
"town","a coastal town in Syria situated between Balanea and Laodicea",1,17
"lodge","to be a guest or lodger; to put up or sojourn as a guest or lodger",1,17
"sanctuary","holy place, sanctuary",1,17
"comfort","A consolation or comfort",1,17
"sew","to stich or sew together",1,17
"compress","to press together, compress, contract, confine",2,17
"accompany","to attend, escort, accompany",2,17
"constellation","a collection of stars supposed to exert an influence upon human affairs, a constellation",2,17
"without","without, lacking in, deprived (+ genitive or ablative)",2,17
"lover","A female lover, a beloved",2,17
"town","a town of Phocis situated near the borders with Doris",2,17
"rent","to let or hire out",3,17
"river","A river of Vindelicia, now the Iller",2,17
"vain","vain; futile; empty; idle",3,17
"murderer","slayer, murderer",2,17
"pastry","pastry",2,17
"town","A fortified town of Chaonia in Epirus",2,17
"abstaining","abstaining",3,17
"fish","A kind of small fish, maybe the anchovy",3,17
"mimic","a mimic; one who imitates another person's mannerisms in jest",3,17
"river","a small river in Latium, Italy",3,17
"boiled","boiled, cooked in hot water",2,17
"foolish","foolish, unwise, without intelligence, senseless; or used as a substantive adjective: a fool, etc.",3,17
"loosed","aorist active participle of λύω (lúō)",3,17
"gull","kind of ravenous sea bird, perhaps the seamew, the gull",3,17
"signed","sealed, signed",2,17
"physical","bodily, physical",4,17
"dying","dying, expiring, moribund",3,17
"eagle","large bird, bird of prey",3,17
"desert","waste (empty place), desert",4,17
"purple","having a colour like the flower of the pomegranate or perhaps indigo",4,17
"collected","assembled, collected",3,17
"completed","prepared, accomplished, executed, having been accomplished",3,17
"mad","out of one's mind or senses: mad, raving, insane, crazy; more generally: foolish, reckless, distracted, infatuated",5,17
"efficient","efficient",5,17
"magic","magic, sorcery, witchcraft",3,17
"attack","an attack",3,17
"plug","to stop up, block, plug",4,17
"hunting","hunting",3,17
"distance","distance",4,17
"counted","counted, enumerated, having been counted.",4,17
"lively","lively, animated, vivid",2,17
"island","the southernmost island in the Aegean Sea, situated between Carpathos and Crete",5,17
"crowded","stuffed full, crowded, swarming",3,17
"grain","grain, corn (especially concerning its supply)",3,17
"say","contracted third-person plural future active indicative of εἴρω (eírō)",4,17
"jaw","jaw, mouth",5,17
"several","some, several, a few",4,17
"rustic","somewhat rustic, clownish",4,17
"detached","removed or separated from",4,17
"mender","mender of torn clothes",4,17
"rival","opponent, rival",2,17
"killed","killed, destroyed",5,17
"mocker","scoffer, mocker",2,17
"rude","coarse, blunt, rude, unmannerly",2,17
"lady","lady, mistress",3,17
"ask","second-person singular present active indicative contracted of εἰρωτάω (eirōtáō)",5,17
"enduring","enduring",4,17
"town","a town in Sardinia, mentioned in the Antonine Itinerary",5,17
"bloody","to make bloody; to stain with blood",5,17
"mountain","A mountain of Lesbos",6,17
"bundle","bundle, bunch",5,17
"star","The star ο Ursae Majoris in the constellation Ursa Major.",5,17
"tribe","A tribe of Apulia",6,17
"refusal","rejection, refusal",3,17
"return","giving back, restitution, return",4,17
"strive","to struggle, strive, strain",6,17
"demonic","demonic, devilish",6,17
"lured","lured, enticed, having been lured",6,17
"importing","importing",4,17
"soaked","soaked",5,17
"monster","A singularly or defectively formed person",6,17
"honeyed","Sweetened with honey, honey-sweet, honeyed.",4,17
"ignorant","not knowing, unknowing, in ignorance, ignorant, unaware, untaught",6,17
"shoot","young branch; sapling; shoot",5,17
"king","A king of the Thracians",5,17
"narrowing","A narrowing.",4,17
"box","A small box in which was kept the incense used in sacrifices",5,17
"colony","a colony founded in Mauritania",9,17
"diaphragm","diaphragm (all senses)",7,17
"talk","to talk, chat, prattle",7,17
"rope","rope made of straw",7,17
"band","A band, necklace or girdle",5,17
"chest","wooden box, chest, coffer",5,17
"beast","wild creature, beast",5,17
"pan","frying pan, saucepan",8,17
"semen","semen, sperm",5,17
"does","uncontracted third-person singular present active indicative of ποέω (poéō)",9,17
"direction","direction, line",10,17
"ultimate","pertaining to the supreme end",10,17
"under","subter- (under; secret)",10,17
"alone","privately; by oneself",10,17
"vomit","to be sick; to vomit, puke, throw up; discharge",8,17
"material","of matter, material",12,17
"release","aorist active infinitive of ἀφίημι (aphíēmi)",14,17
"false","false, lying, untrue",11,17
"palm","a kind of Ethiopian palm",1,16
"connection","A joining or connecting together; a band, knot, joint, seam, juncture, commissure.",1,16
"word","a word, saying, something said",1,16
"flat","outspread, flat (of containers and vessels)",1,16
"followed","having accompanied, pursued",1,16
"deceiver","a deceiver, delayer",1,16
"grayish","Grayish, not quite gray.",1,16
"brake","A clog, brake to check the motion of a wheel",1,16
"rapidly","swiftly, rapidly",1,16
"structure","building, structure, foundation",2,16
"cautiously","cautiously",2,16
"ashed","turned into ashes",2,16
"root","to take root",2,16
"royal","The meaning of this term is uncertain. Possibilities include: royal, sumptuous, magnificent (seemingly used to name some specific type of garment)",2,16
"gum","a kind of gum",2,16
"worship","religious worship, ritual",2,16
"staff","ceremonial staff used in manumission",2,16
"river","a river in Dacia, now the river Körös in Hungary",3,16
"mastic","of or belonging to the mastic tree",3,16
"tribe","A tribe of Scythia",3,16
"carpal","carpal (of or relating to the wrist)",4,16
"outside","on the outside",3,16
"eagerly","eagerly, earnestly",3,16
"maker","maker, preparer",2,16
"wave","a wave, billow, swell",2,16
"deliberation","deliberation, consultation, consideration",4,16
"calm","undisturbed, unruffled, calm",3,16
"foolish","foolish",2,16
"breastlike","like a breast",4,16
"voyage","The act of sailing or voyaging; voyage, navigation.",5,16
"sanctuary","A place where sacred objects are kept; sacrarium, sacristy, sanctuary, shrine.",5,16
"mound","Late Latin form of tumulus",3,16
"foreign","different, foreign, alien, born in another country",3,16
"end","conclusion, close, end",4,16
"intestines","The intestines, especially the smaller intestines",4,16
"rich","rich; wealthy; affluent",5,16
"custom","custom, manner, fashion",2,16
"producing","producing, and related senses of the action",5,16
"rocky","rocky, made of stone",4,16
"dark","of or pertaining to darkness",2,16
"cock","cock or plug in a ship's bottom",6,16
"difficult","difficult, troublesome",3,16
"hormone","hormone",4,16
"indicate","to indicate, point out; show, manifest, discover",6,16
"sparkle","to scintillate, sparkle",5,16
"invisible","Invisible.",4,16
"blessed","blessed",3,16
"reader","reader",8,16
"departed","having marched or stepped out",5,16
"gum","gum (in which the teeth are set)",8,16
"fight","a fight, battle, combat, action",5,16
"ass","ass, donkey",5,16
"solid","firm, hard, solid, rigid",7,16
"cushion","cushion, pillow",6,16
"descending","falling down, upon, at or near, descending",6,16
"go","to come; to go",4,16
"agreement","Consensus, agreement, accordance, unanimity, concord, harmony.",2,16
"red","having a red color, or rosy in hue.",5,16
"warlike","eager for strife or battle",5,16
"lazy","slothful, inactive, lazy",5,16
"crushed","bruised, crushed, broken to pieces",3,16
"town","town",5,16
"excellent","very good; excellent",4,16
"asked","asked, enquired, having been asked or enquired",5,16
"stroll","to go for a walk; walk around; stroll, promenade; walk along, accompany",4,16
"hated","hated, abominated, loathed",4,16
"dyed","dyed, impregnated, imbued etc.",5,16
"mixed","mixed, mingled, blended",4,16
"city","a city in Cisalpine Gaul, in modern Italy, situated between Brixia and the Larius lake; modern Bergamo",5,16
"idler","idler, loiterer",5,16
"flock","a flock or nap on woollen cloth, a piece of wool",6,16
"tribe","A Thraco-Illyrian tribe who inhabited a region in the Balkans.",6,16
"reached","first-person singular aorist active indicative of ὀρέγω (orégō)",4,16
"wisdom","wisdom, discernment, memory",5,16
"doorlike","doorlike",6,16
"amply","amply, largely",9,16
"race","race, breed",9,16
"spot","A type of albedo feature on the surface of celestial bodies, a darkened region.",5,16
"sacrificing","making a sacrifice in honor of the dead",8,16
"ancient","very old, aged, ancient",5,16
"sweep","sweep, stroke of oars",4,16
"sail","sail",10,16
"flour","flour; especially barley flour",10,16
"alternately","alternately",8,16
"meadows","Hesychius gives the definition as: λειμῶνες (leimônes, ""meadows"")",6,16
"tablet","a writing-tablet",7,16
"right","Right; on the right; toward the right.",7,16
"likeness","likeness, similarity",5,16
"participation","participation",10,16
"generous","bountiful, liberal, benevolent, generous, munificent",4,16
"hide","the skin or hide of an animal stripped off",7,16
"saved","third-person singular aorist active indicative of σῴζω (sṓizō)",7,16
"town","a town in Thrace, mentioned by Pliny",9,16
"height","elevation, height",8,16
"soothe","to soften, soothe",9,16
"retaliation","punishment equal to the injury sustained; retaliation",10,16
"farm","farm",8,16
"tailless","tailless",7,16
"dwelling","dwelling, habitation",9,16
"weeded","Weeded, cleared of weeds.",10,16
"throw","to throw, cast",13,16
"icy","icy, chilling",7,16
"roll","to roll, turn over",7,16
"wash","to wash the hands or feet of another",7,16
"town","a small town in Etruria (now Tuscania)",10,16
"agitated","agitated, shaken up",8,16
"trap","trap",12,16
"steering","steering, pilotage",11,16
"trusting","confiding (in)",1,15
"cross","to divide crosswise; to decussate",1,15
"defender","one who defends",1,15
"cooler","A cooler for liquids",1,15
"point","The point of a javelin",1,15
"thin","to make thin or meager",1,15
"meditating","meditating, having meditated",1,15
"star","The star 18 Delphini in the constellation Delphinus.",1,15
"roaming","roaming",1,15
"personal","personal; of or belonging to a person",1,15
"bend","to bend, incline, tilt forward",1,15
"eating","feces-eating, coprophagous",1,15
"solid","solid, on solid ground, solid-footed",1,15
"vine","A variety of vine",1,15
"recruit","recruit",1,15
"evening","evening, eventide",1,15
"town","a town of Thesprotia mentioned only by Livy",2,15
"clean","mudless, unmuddied, slimeless",2,15
"likeness","A comparison, illustration, likeness",2,15
"defender","advocate; defender",2,15
"particular","particular",2,15
"thin","very fine, thin etc",2,15
"increase","increasing, enlargement, multiplication, pluralization",2,15
"cake","cake of roasted wheat and honey",2,15
"acidity","sourness, acidity",3,15
"hard","hard, unsoftened",3,15
"town","a town on the south coast of Cea",2,15
"decently","decently",3,15
"town","a town of Thrace situated on the right side of the Hebrus",2,15
"join","to fit together; join (for the purpose of construction, planks)",3,15
"inner","inward, inner",2,15
"performer","a dancer, stage performer, pantomimist",3,15
"town","A town of Arcadia mentioned by Herodotus and Pausanias",2,15
"parental","parental",3,15
"city","A city of Pisidia situated on the southern slope of Mount Taurus",3,15
"subscribed","subscribed",2,15
"fragmented","broken into pieces",3,15
"city","An important city of Paeonia, in Macedonia",3,15
"airy","airy",3,15
"field","cultivated land; a cultivated field",3,15
"penetrating","piercing, penetrating",3,15
"speed","haste, speed",3,15
"river","A navigable river in the territory of the Pandarae",3,15
"dancer","a public dancer who dances in leaps",3,15
"accuse","to reproach, to accuse",2,15
"introduced","introduced (all senses)",3,15
"victory","the act of winning: victory, success [with genitive 'over, in something']",3,15
"opened","opened",3,15
"costly","very expensive, precious, costly",3,15
"elder","elder, presbyter",2,15
"treasure","treasure, hoard",2,15
"divide","to divide, separate from",4,15
"wall","wall or enclosure made of brick or clay",5,15
"city","A considerable city of Campania situated on the banks of the Sarnus, now Nocera",3,15
"scratch","to scratch (with the nails)",3,15
"extracted","drawn, lifted or pulled from under",3,15
"loving","loving, amorous, relating to love, amatory",3,15
"noise","noise, any sharp sound",5,15
"divided","separated, divided, distributed",4,15
"museum","a place or temple devoted to the Muses",4,15
"owl","owl (small)",4,15
"revered","having worshipped, adored, revered, venerated",2,15
"depart","to depart, go away, go off, exit",6,15
"repeat","to repeat, say often",6,15
"hunger","ravenous hunger (considered as a medical condition)",5,15
"power","power, usually physical.",6,15
"town","a town in Dalmatia situated not far from Salona, now Stobreć or Stobrezio",3,15
"mesh","net; mesh",5,15
"hostile","of or belonging to an enemy, hostile",2,15
"feeding","feeding (off of), nourishing (from)",4,15
"wandering","having wandered through and about",2,15
"name","An Ancient Greek name, borne by an Athenian general during the Peloponnesian War and by a peripatetic philosopher of the 3rd century BCE",3,15
"omen","omen, portent, prophetic sign",5,15
"similar","resembling, similar [with dative or (rarely) genitive]",5,15
"rejection","rejection, denial, refusal, repulse, rebuff",2,15
"eternal","everlasting, perpetual, eternal, continual",4,15
"dangerous","dangerous, serious, critical",3,15
"juicy","full of juice or moisture; juicy, sappy, succulent",4,15
"barber","barber, a person who cuts hair professionally, particularly for men.",7,15
"general","A leader or commander of an army: general",3,15
"tribe","A tribe settled in Athamania",3,15
"net","a type of fishing net",6,15
"town","a town of the Bastuli in Hispania Baetica, possessing establishments for salting fish",6,15
"pushed","pushed, driven, assailed, having been pushed or driven.",5,15
"asked","asked, questioned, inquired, interrogated, consulted",3,15
"milky","milky, milk-like",6,15
"service","a service, office, employment",4,15
"rich","moneyed, rich",4,15
"away","away with you!, go away!, scram! [with accusative]",8,15
"watery","watery",4,15
"darkness","depth, gloom of night",5,15
"called","summoned, produced",6,15
"invoked","invoked",3,15
"memory","memory; the ability to remember",6,15
"think","to suppose, imagine, deem, think, judge, opine",7,15
"boat","An African kind of boat",5,15
"fragment","piece torn off, shred, fragment",6,15
"to freeze","to freeze",6,15
"herd","to herd, assemble",6,15
"bad","As a measure of quality: bad, worthless, useless",8,15
"measurement","measure; a measuring",8,15
"sweet","sweet, pleasant, delightful (epithet of sleep in Homer; used with other nouns by later writers)",9,15
"there","to that place, there, thither",6,15
"man","a man mentioned by Virgil in the Aeneid",8,15
"rainy","rainy, of rain",6,15
"town","A town of Lycia situated west of Simena",5,15
"speak","to speak; to talk; to say",8,15
"accumulate","to heap, pile up, amass, accumulate",9,15
"speech","a saying, speaking, speech, talk, oratory",6,15
"buyer","buyer, purchaser",11,15
"ignorant","unknowing, being ignorant of",6,15
"need","want, lack, scarcity, need",9,15
"blast","trumpet call, blast on a trumpet",9,15
"smooth","to clear of wrinkles, to smooth",8,15
"owl","little owl (Athene noctua)",9,15
"to weigh","to weigh",9,15
"union","union, junction",9,15
"dose","dose",9,15
"measure","to measure (out or off)",1,14
"boil","to grow hot; begin to boil",1,14
"needing","needing (+ genitive or (rarely) ablative)",1,14
"inject","to carry, pour or throw in or into",1,14
"fragrance","fragrance",1,14
"mountain","a mountain in Hispania Tarraconensis",1,14
"river","a river in Pontus, mentioned by Arrian, now the Çoruh River",2,14
"name","The name of two kings of Egypt",2,14
"name","An Aquitanian anthroponym",2,14
"town","a town in interior Calabria situated between Lupiae and Brundisium",2,14
"storm","whirlwind; storm",2,14
"fish","A fish, perhaps the goldfish",2,14
"sleepless","sleepless, unsleeping",2,14
"breed","to bring forth, breed",2,14
"gardening","Of or related to gardeners.",2,14
"island","an island off the coast of Sicily, probably Ustica",2,14
"snare","trap for the feet",2,14
"skilled","skilled, skilful, clever, dexterous, adroit, expert",2,14
"helper","defender, helper",3,14
"horse","a horse, a mare",3,14
"fighting","struggling, wrestling, fighting",3,14
"rupture","rupture",2,14
"open","unlocked, disclosed",2,14
"deity","an inhabitant of heaven, deity, god, goddess",2,14
"swallow","of, belonging to, built by, like, or pertaining to the swallow",4,14
"futurity","the future events, the coming",4,14
"oak","A shrub, probably the kermes oak (Quercus coccifera)",3,14
"useful","useful, serviceable, profitable",3,14
"approach","to approach, draw near",3,14
"neither","neither",3,14
"briefly","shortly, briefly (in duration)",5,14
"difficulty","difficulty, ruggedness",2,14
"shameful","shameful",3,14
"greatness","largeness, greatness",2,14
"kill","to kill, destroy, or ruin",4,14
"sweetness","sweetness (of taste); melodiousness, tunefulness (of sound); attractiveness (of appearance)",2,14
"stout","strong; fat; goodly",3,14
"noisy","noisy, clamorous",4,14
"waste","to be lean or meagre",2,14
"linen","linen cloth or towel",5,14
"silk","silk (fabric)",5,14
"valuation","valuation, estimation according to its worth, appraisal",4,14
"passage","breach, narrow passage",5,14
"ancient","ancient, antique (from antiquity)",2,14
"rushed","rushed",3,14
"trap","snare, trap, gin",5,14
"decided","decided",4,14
"under","under, sub-, hypo-",6,14
"name","a male given name from Hebrew of biblical origin",6,14
"stormy","stormy",5,14
"angry","wrathful, angry",3,14
"singing","singing, a blending of voices in harmony",6,14
"hot","hot, glowing",5,14
"age","age, period, time, season, epoch (particular period of history)",3,14
"exit","to exit, leave, come out",5,14
"breath","breath, exhalation",6,14
"impact","illision, collision, hit",3,14
"cake","a cake or pancake, made of meal and milk or oil and spread with honey, such as was offered to the gods, especially on a birthday",3,14
"distracted","distracted",3,14
"softness","softness, delicacy, effeminacy",7,14
"loaned","borrowed, lent",3,14
"town","a town in Hispania Baetica",7,14
"rust","rust (on metals)",5,14
"crush","to pound, crush, destroy",5,14
"slimy","slimy, clammy",3,14
"system","system",4,14
"to touch","to touch",3,14
"income","the annual income of a vacant ecclesiastical benefice",6,14
"elevating","leading up, lifting up",3,14
"designation","a designating, describing, marking out, specification",6,14
"seer","soothsayer; seer",5,14
"guide","to lead or guide, keep leading or guiding",5,14
"frequency","frequent use, frequency",9,14
"service","service",5,14
"biting","using the teeth",5,14
"fame","celebrity, fame, renown",5,14
"counter","oval shaped stone used in board games",7,14
"problem","problem",4,14
"restored","reconstructed, restored, renewed, repaired, fixed, refreshed",4,14
"squeeze","to press, squeeze, extract",5,14
"ulcerous","ulcerous",5,14
"assigned","assigned, dedicated having been assigned.",5,14
"suspended","hung, suspended",9,14
"atomic","atomic",6,14
"foreign","non-Greek-speaking, foreign",7,14
"surrendered","conceded, given up, granted, surrendered, yielded, having been given up",5,14
"slope","a declivity; slope or descent",6,14
"lord","Lord, ruler",4,14
"strayed","having wandered of or out",5,14
"fortunate","fortunate; in a good situation; happy",5,14
"extend","to stretch out, thrust forth",5,14
"formed","shaped, formed, fashioned, formatted",6,14
"handful","handful, fistful",5,14
"breed","breed, stock, race",8,14
"oppose","to stand opposite; to be against, resist, oppose; withstand",9,14
"district","a Roman district situated at the western end of the southern spur of the Esquiline Hill, likely conflated with the Fāgūtal",9,14
"destroyed","overthrown, demolished, destroyed",6,14
"winding","a bending, swaying, turning, winding",7,14
"human","Pertaining to humans",6,14
"fastened","fastened, having been fastened, barred, having been barred, bolted, having been bolted",8,14
"seller","a seller, a dealer, a monger",7,14
"clearly","clearly",7,14
"panic","to flee from fear",7,14
"rafter","rafter laid upon the bearing beam",8,14
"blind","Hesychius gives the definition as: τυφλός (tuphlós, ""blind""), as they say in Salamis",9,14
"prison","prison, jail",7,14
"pants","pants, trousers",10,14
"inn","Alpis, a tributary of the Danube, probably the river Inn",10,14
"fragment","a piece (broken off), remnant, fragment",8,14
"tracking","tracking",8,14
"passage","a way by or past, byway, passage",8,14
"leafy","made of leaves",11,14
"adjust","to adjust, adapt, accommodate",10,14
"sit","Old Latin form of sit",9,14
"strike","to knock, dash or strike out",12,14
"blowing","blowing, breathing (on or towards).",11,14
"say","second-person singular aorist active optative of λέγω (légō)",10,14
"blue","dark-colored, dark blue, sky-blue",1,13
"river","a river in Sicily which flows near Segesta, famous for the battle won by Timoleon",1,13
"detailed","detailed (for special duties, of soldiers, etc.)",1,13
"speech","homily, sermon; a speech",1,13
"town","a town of Lydia situated on the southern slope of Mount Tmolus",1,13
"ear","ear of corn",1,13
"arranging","an arranging, putting in order",1,13
"wandering","wandering throughout, traversing",1,13
"prophecy","prophecy, prediction",1,13
"spy","a (female) watcher or spy",1,13
"community","body of people living together, community, settlement",1,13
"pit","a hollow, hole, cavity, depression, pit, opening",2,13
"destroyer","destroyer (female)",2,13
"original","of or belonging to the primary form; original",2,13
"advancing","advancing, proceeding",2,13
"pricker","an instrument for pricking or puncturing",2,13
"split","schism, split",2,13
"sad","somewhat sad or sorrowful",2,13
"changed","changed, altered",2,13
"barked","barked, roared, having been barked.",2,13
"raft","raft, float",2,13
"rushy","pertaining to rushes (plant)",2,13
"crumbly","full of pieces, crumbs, or morsels",3,13
"excluded","shut out or off",2,13
"requested","requested, demanded",2,13
"advance","advance (military)",2,13
"greeter","one who greets; a greeter, saluter",3,13
"deaf","somewhat deaf, hard of hearing",3,13
"collection","A collection or reunion of many objects of analogous nature.",2,13
"eared","ear-bearing (an epithet of Ceres, as goddess of corn)",3,13
"grain","grain; corn",2,13
"festival","Cerealia (festival celebrated in honour of Ceres)",2,13
"praise","to praise, laud, extol",2,13
"passing","going along, passing, traversing",3,13
"amazed","having been astonished, amazed before",2,13
"repetition","repetition",4,13
"known","well known, thoroughly known",3,13
"striped","stripe-bearing, born to be flogged",3,13
"child","Child.",2,13
"known","learnt, discovered, ascertained",3,13
"city","a city in southern Lusitania, situated near the mouth of the Anas",3,13
"conquered","vanquished, conquered, overcome (thoroughly)",5,13
"group","group",4,13
"stalked","made of a stalk or stick",4,13
"fear","to fear, be afraid",2,13
"town","small city or town",5,13
"offer","to hold to, offer, to bring to",3,13
"measure","to measure out",5,13
"lack","to be wanting in, to lack, want [with genitive]",4,13
"army","army, host",2,13
"reins","reins",6,13
"town","A town of Thessaly situated near a lake",3,13
"wandering","wandering about; flowing around",3,13
"island","One of the Cyclades",2,13
"delegated","delegated; sent on a commission",3,13
"despair","hopelessness, despair",4,13
"forceful","forcible, expressive",2,13
"grain","of grain or corn",5,13
"wisdom","personification of wisdom",2,13
"town","A town of Chersonesus in Thrace, situated near Cardia",3,13
"city","A prosperous city of Lycia situated on a bay",4,13
"city","a city in Gallia Narbonensis, now Gap",3,13
"village","village",5,13
"exposed","exposed (to view or to the air)",5,13
"certain","undoubted, without doubt, certain, sure",3,13
"gap","gap, interval",4,13
"nipple","Nipple, breast.",5,13
"race","race, stock, kin",5,13
"scarcity","scarcity, paucity",6,13
"silence","silence, stillness, quiet, noiselessness",6,13
"watch","to watch, to observe",4,13
"hostile","opposing face to face, hostile",5,13
"hydrogen","hydrogen",5,13
"suspect","to mistrust or suspect",6,13
"fearful","which is to be feared",5,13
"wordy","wordy, verbose, prolix",4,13
"command","command",5,13
"breast","breast, especially a woman's breast",6,13
"elder","made of elder wood",4,13
"pot","vessel for storing ruddle",6,13
"deadly","deadly, fatal, lethal",4,13
"myth","myth",5,13
"shameful","which is to be ashamed of",7,13
"investigate","to search carefully, search into or out, examine thoroughly, explore a thing, investigate",5,13
"chalky","Chalky, resembling chalk in some way.",4,13
"bold","contracted present active participle of θᾰρσέω (thărséō)",5,13
"tribe","A tribe mentioned by Strabo and Pliny, probably of Thracian origin",7,13
"squeeze","to press, squeeze",8,13
"protection","protection, safekeeping",7,13
"dive","to dive or plunge into water",6,13
"saying","a saying",8,13
"same","same, identical (in quality, attributes etc.)",5,13
"tomb","grave, tomb",6,13
"restore","to renew, restore, make whole",7,13
"cot","A small couch or bed",5,13
"wicked","unseemly, evil, impious",6,13
"convinced","persuaded, convinced",5,13
"resumed","resumed",5,13
"windless","without wind, with but little air",6,13
"rarity","rarity, scarcity",6,13
"take","to take, take up, catch, assume, seize, claim, arrogate",8,13
"birds","birds",4,13
"eating","-eating, -devouring",7,13
"accurate","accurate, precise",8,13
"refuge","asylum (place of refuge), sanctuary",9,13
"considered","considered",6,13
"tend","to arrange, see to, attend to, take care of, look after, ensure, tend to",9,13
"lighter","one that lights a source of illumination, such as a lamp",9,13
"murmur","murmur, murmuring",8,13
"lasting","lasting, continuing, ongoing",6,13
"court","court",9,13
"scatter","to scatter, strew, sprinkle, sparkle",8,13
"pus","pus, discharge from a sore",12,13
"fish","kind of freshwater fish, perhaps similar to a perch",1,12
"gulp","to gulp down",1,12
"river","The name of various rivers",1,12
"different","different, unlike",1,12
"rustic","rustic, ungraceful, unmannerly",1,12
"melon","a fragrant (at least for its time), quince-shaped, golden-colored variety of melon (sp. Cucumis melo) that appeared in the Roman Empire",1,12
"revive","to cherish, resuscitate, refresh, revive",1,12
"leafy","Of or pertaining to tendrils or leaves; that has tendrils and leaves.",1,12
"feathered","embroidered like feathers",1,12
"tearful","bringing many tears, woeful, baleful (epithet of war or battle; found only in the masculine and feminine singular)",1,12
"town","a town in Latium situated near Tibur",1,12
"student","scholar, student",1,12
"follow","to follow close after or immediately, to succeed",1,12
"strong","strong, stout",1,12
"rob","to rob, plunder",1,12
"guest","guest, visitor (especially to a tavern)",2,12
"trust","trust in others",2,12
"weed","to weed, clear of weeds",2,12
"warm","to grow warm, warm up; be heated",2,12
"decrease","diminution, decrease, lessening, abatement",2,12
"wander","to wander about, straggle, stray",2,12
"approval","approval, praise",2,12
"favored","favored, popular",2,12
"kid","kidling (young goat) (especially as a term of endearment)",2,12
"mean","ignoble, ungenerous, sordid, mean, disobliging",2,12
"harsh","harsh (all senses)",2,12
"to remember","to remember",2,12
"opened","having been unsealed, opened",2,12
"dish","Pollux gives the definition as: χοῦς (khoûs, ""a measure of capacity""), λεκάνη (lekánē, ""dish, pot, pan"").",2,12
"city","an ancient city in Sicily, founded by the Elymian",2,12
"cord","cord; string",2,12
"lifter","one who lifts, raises",2,12
"chief","A chief of the Illyrians defeated by Philip of Macedonia",2,12
"mountain","A mountain of Phrygia consecrated to Cybele",3,12
"butes","Butes, name of several different people of the Greek mythology",2,12
"leaper","leaper, vaulter",3,12
"stretcher","that which stretches",3,12
"wrinkle","a crease in the face, wrinkle",3,12
"noise","noise, outcry",3,12
"repair","to patch, botch, mend, repair, restore",3,12
"blooming","blooming (thriving in health, beauty and vigor)",2,12
"roast","to roast, toast, parch",3,12
"meet","to come opposite to, meet face to face, meet with [with dative]",4,12
"watcher","watcher, guardian",4,12
"river","a river that flows near Rome, famous for its battle",2,12
"point","NATO, ICAO, ITU & IMO radiotelephony clear code (spelling-alphabet name) for decimal point.",4,12
"rattle","to rattle; to creak",4,12
"hesitated","hesitated, having been uncertain.",3,12
"hospitality","a hospitable reception, entertainment, hospitality",4,12
"pure","undefiled, unviolated, unimpaired, inviolate, chaste, virgin, pure",2,12
"lie","A lie, untruth, falsehood, fiction.",3,12
"river","a river in Bruttium that flows into the Ionian Sea, now the river Coscile",2,12
"collected","collected or gathered together",4,12
"singing","singing, chanting",3,12
"heap","heap, pile, mass",4,12
"invader","invader",3,12
"inquiry","inquiry, investigation",3,12
"barrier","a railing or lattice barrier; hurdles (for a sheep-fold)",4,12
"desire","desire, fancy, inclination, longing, pleasure, caprice, passion, wantonness",2,12
"endured","endured, having been endured, tolerated, having been tolerated",3,12
"crossed","crossed (climbed or passed over), having crossed",3,12
"exciter","exciter",3,12
"think","contracted second-person plural present active subjunctive of δοκέω (dokéō)",4,12
"cakes","sacrificial cakes.",2,12
"athletic","athletic",3,12
"planted","planted, sown, having been planted",2,12
"degradation","degradation",4,12
"same","to the same (place, person, thing)",6,12
"flute","to play the flute or shepherd's pipe",3,12
"trainer","a manager or trainer at a wrestling school; an alipta",3,12
"pair","pair (two things, persons or animals considered as pair)",6,12
"inspired","inspired",3,12
"aged","rendered old, given age or duration, aged, having been rendered old",3,12
"spiteful","disaffected, envious, spiteful, malevolent",2,12
"hirer","purchaser, renter",3,12
"obscured","obscured",4,12
"sister","sister (sharing both parents)",2,12
"prophetic","prophetic, vaticinal",3,12
"food","food, meat, victuals",4,12
"idleness","laziness, freedom from toil",5,12
"circle","circle, circular course",3,12
"clashed","clashed (etc.) together",4,12
"donated","That is to be given away",5,12
"old","syncopic form of vetulus (with regular /tl/ > /kl/)",4,12
"extract","extract (apothecarial)",4,12
"water","to water, wash, sprinkle with water",2,12
"madness","madness, insanity",7,12
"calm","a calm at sea, dead calm",5,12
"military","soldierlike, military",3,12
"worked","having worked, laboured, toiled",4,12
"attack","assault, attack",4,12
"container","A place to keep things in; reservoir, receptacle, repository, container.",7,12
"path","footpath, lane, byway, etc.",3,12
"thanks","thanks, favour",7,12
"river","A river of Epirus flowing into the Adriatic Sea, now called Kalamas",5,12
"moist","moist, wet, damp",3,12
"shieldless","Having no shield",4,12
"repel","to keep off, keep away, ward off, reject, repel",6,12
"collected","gathered, having been gathered; collected, having been collected; assembled, having been assembled",4,12
"collide","to dash or crush against",4,12
"bearer","carrier; bearer; bringer",4,12
"enough","enough, sufficiently",4,12
"traced","discovered, tracked down, investigated",3,12
"city","An important city of Crete",5,12
"arch","curve, arch, bow, hoop",6,12
"changing","changing",6,12
"formed","having been formed, shaped",3,12
"drip","anything that drips or trickles",7,12
"mocked","mocked",4,12
"mobile","about to move, set in motion",5,12
"flowing","flowing, undulating",6,12
"distant","far, far away, far-off",7,12
"resist","to resist (struggle against)",5,12
"blunted","blunted, dulled",3,12
"backward","backward, turned back",4,12
"accepting","accepting",5,12
"persist","to act, behave, do, or make persistently or unremittingly",5,12
"tell","to tell, say, relate",6,12
"balance","balance, pair of scales",4,12
"tribe","An ancient tribe of Africa",6,12
"humidity","moisture, humidity",6,12
"fall","to fall, sink or slip down",6,12
"dispute","a disagreement, dispute",6,12
"test","test, trial, examination",5,12
"city","a city in Lusitania, now Évora",6,12
"production","production",9,12
"city","a city in Caria situated to the northwest of Halicarnassus",5,12
"kidlike","of or pertaining to a young goat, kidlike",7,12
"identical","Perfectly alike and equal",6,12
"observed","examined, contemplated, observed",5,12
"refuge","hiding place, refuge",4,12
"please","to be pleasing; to be agreeable",4,12
"appear","to appear, be visible, be apparent, be observed",6,12
"mind","mind, spirit",6,12
"drinker","drinker (especially a hard-drinker)",7,12
"battle","a battle, combat, conflict",7,12
"forty","forty; 40",7,12
"to live","to live",8,12
"verse","short verse, single line (of prose or poetry)",6,12
"nones","alternative letter-case form of nōnae (""the nones"")",9,12
"pitcher","pitcher",7,12
"color","to color, tinge, imbue",7,12
"depart","second/third-person singular future impersonal active imperative of abeō",7,12
"gentle","mild; gentle",9,12
"establisher","establisher, ordainer",6,12
"roasted","roasted",9,12
"to roast","to roast",5,12
"flow","uncontracted second-person singular present active indicative of ῥέω (rhéō)",7,12
"progress","course, flow (of time), approach",8,12
"cooperation","working together, joining or helping in work",9,12
"mountain","A mountain of Thessaly near Tempe",7,12
"pleasure","pleasure, delight, enjoyment, satisfaction",6,12
"tribe","A tribe of Gallia Lugdunensis, whose chief town was Crociatonum",11,12
"tribe","group of people: band, tribe, kin, nation",9,12
"entirely","in all things, in all ways, entirely, utterly, altogether, wholly",11,12
"accumulated","accumulated or heaped up",1,11
"genuine","true, real, genuine",1,11
"covered","covered on both sides",1,11
"sacrifice","offering (especially the life of a person)",1,11
"happened","third-person singular aorist active indicative of τῠγχᾰ́νω (tŭnkhắnō)",1,11
"agreeing","agreeing, congruous",1,11
"land","mainland, land",1,11
"careless","careless, heedless, negligent",1,11
"curve","to make round, bend, wind",1,11
"diseased","diseased, sick, ill",1,11
"likely","likely, credible, probable, plausible",1,11
"spout","a jet or stream of water (or some other liquid) arching through the air, such as one issued from a fountain",1,11
"elder","elder (Sambucus nigra)",2,11
"yellow","whitish yellow, pale yellow",2,11
"river","a small river in Umbria which flows near the city of Ariminum, maybe the Ausa",2,11
"go","to come, go",2,11
"drain","drain, outlet",2,11
"gesture","pantomimic gesture; gesticulation",2,11
"error","error, mistake, fault, failure",2,11
"ancestor","ancestor, progenitor",2,11
"cultivated","ploughed, cultivated",2,11
"trumpeter","trumpeter",2,11
"boiled","bubbled, boiled",3,11
"hip","hip, hipbone",2,11
"object",": an object.",2,11
"gaze","an instance of seeing or looking at, a gaze",3,11
"measure","a measure of wine",2,11
"folly","Folly, stupidity, foolishness, simplicity, silliness, fatuity.",3,11
"arithmetical","arithmetical",2,11
"cursed","having cursed, execrated",2,11
"wild","untamed, wild",2,11
"cheater","A cheater in the game of dice",3,11
"found","having encountered, reached, found, caught",3,11
"native","original, native",3,11
"islands","two islands on the southern coast of Spain, called Ebusus and Ophiusa",3,11
"to fold","to fold",3,11
"sense","to perceive quickly or keenly with the senses",4,11
"snail","Hesychius gives the definition as: κοχλίας (kokhlías, ""snail with a spiral shell"").",2,11
"river","A river of Etruria mentioned only by Livy",3,11
"king","A mythological king of Alba Longa, son of Romulus Silvius, father of Procas, great-great-grandfather of Romulus and Remus",4,11
"shadow","shadow, darkness, gloom",4,11
"crumb","crumb; morsel; bit (especially of bread)",3,11
"doubt","to waver (in opinion), be uncertain, doubt, question, be in doubt",2,11
"wiping","wiping, cleaning",3,11
"entirely","Closely, quite, entirely, fully, altogether, just.",4,11
"plant","A kind of plant (of uncertain identity)",4,11
"release","to let go, loosen",2,11
"release","loosing, delivering, a symptom of healing",3,11
"brave","brave, bold, noble",3,11
"fontal","of or pertaining to a fountain",5,11
"town","a town of Boeotia situated in the territory of Haliartus",2,11
"diaphragm","midriff; diaphragm",4,11
"assertion","an assertion, proposition",4,11
"river","a river in Cisalpine Gaul that flows into the Padus near Vercellae, now the Sesia",4,11
"established","established",3,11
"mountain","a mountain, lake, and ancient town in Arcadia, in modern Greece",4,11
"tumor","A swelling, tumor.",4,11
"dissolve","to melt away from",5,11
"bark","to bark, bay, howl (moderately)",6,11
"washer","a person who washes off, purifies or cleanses.",5,11
"clustered","formed in or having clusters or berries",3,11
"student","student, pupil, disciple, schoolboy",2,11
"abroad","abroad, away from home",3,11
"struggle","to struggle; to quarrel; to challenge",4,11
"festival","festival; holy day",4,11
"sandy","containing or full of sand, sandy, arenaceous",3,11
"attack","an attack, an assault, a charge",6,11
"tracked","tracked, traced, having been hunted by tracking",3,11
"expert","a master of one's craft",4,11
"tile","small brick; small tile",4,11
"hidden","lying hidden, skulking",2,11
"healed","healed, cured, having been healed.",3,11
"contracted","bound tightly together; drawn together, drawn up, contracted",3,11
"height","height, tallness",3,11
"mocker","A laugher, mocker, banterer.",4,11
"drying","drying",2,11
"bright","bright, sparkling, gleaming (especially of copper and iron, as Homeric epithets)",5,11
"tall","rather (too) high, tall",5,11
"town","a town in Mysia situated on the road from Percote to Abydus",3,11
"mixture","mingling, mixing, blending; mixture, union",3,11
"city","a city in Africa situated between Clupea and Neapolis",7,11
"swift","swift (Apus apus)",6,11
"boiled","boiled (of meat etc.)",4,11
"blamed","blamed, having been blamed",5,11
"bottom","from the very bottom",6,11
"marriage","combining form of γάμος (gámos, ""marriage"")",5,11
"city","A city on the coast of Algeria, Roman Mauretania Caesariensis, now contained by the qaṣaba of Algiers",6,11
"forgiving","forgiving, indulgent",3,11
"wandering","wandering widely or extensively",3,11
"shine","to be radiant, shine, look bright, glitter, sparkle, glisten",4,11
"plural","plural (pertaining to more than one)",5,11
"city","an inland city of Samnium mentioned by Livy",4,11
"to salt","to salt",5,11
"rifle","rifle",4,11
"pay","to pay, pay out, expend, disburse",5,11
"lean","to press or lean upon or against",6,11
"boy","suffixed to the genitive of the master's name, forms names of male slaves: ""—'s boy"" = [gen.] servus",8,11
"parted","Having parts of the specified quality.",6,11
"punishment","chastisement, punishment, correction",5,11
"step","step",5,11
"warlike","warlike, martial, pugnacious",3,11
"closely","close pressed, closely",6,11
"tribe","A tribe of Asian Sarmatia mentioned by Pliny",6,11
"chlorine","chlorine",6,11
"town","A town of Lycia situated west of Andriaca",5,11
"tribe","A Gallic-Germanic tribe of Gallia Belgica",4,11
"hating","hating, loathing, detesting, abhorring ... completely, thoroughly",4,11
"dial","dial, clock",5,11
"fishy","of or pertaining to fish or fishing",4,11
"pulse","pulse, legume (of all kinds)",4,11
"treasury","the state treasury",5,11
"raise","to lift up, raise, support",8,11
"fasting","unfed, fasting",5,11
"rope","rope, noose, halter, that by which something is hung up",8,11
"fish","kind of gregarious fish",9,11
"gall","An excrescence on the maple",7,11
"acre","An agrarian measure",6,11
"followed","having followed, accompanied",5,11
"dotal","of or belonging to a dowry or a portion thereof (particularly the wife's portion); dotal",6,11
"cultivation","care, cultivation; agriculture, tillage, husbandry",8,11
"internally","inwardly, internally",7,11
"river","a river in Phrygia, mentioned by Livy",5,11
"sweetness","sweetness, deliciousness, delight",5,11
"star","The star α Coronae Australis in the constellation Corona Australis.",6,11
"potato","potato",9,11
"true","in accordance with reality or one's honest perception of it: true, genuine",6,11
"recovery","restoration, recovery",8,11
"imitate","to make like, simulate, imitate, copy, represent",7,11
"uniform","Alternative letter-case form of Uniform of the ICAO/NATO radiotelephony alphabet.",6,11
"chorus","A group of singers and dancers assembled to celebrate the festival of one of the gods, especially Bacchus",6,11
"river","a small river in Hispania Tarraconensis that flows near the city of Tarraco",7,11
"spoil","to vitiate, make faulty, spoil, taint, corrupt, damage",6,11
"storm","A gust, squall, storm",8,11
"change","change, alteration, reversal",8,11
"tribe","Busae, a Persian tribe mentioned by Herodotus",10,11
"active","at work, active",6,11
"like","just like (in a comparison)",8,11
"inventing","devising, inventing",9,11
"cattle","cattle",9,11
"drive","to chase, drive, impel",8,11
"safely","safely, securely, in safety, without danger",9,11
"white","white or whitish in color.",1,10
"city","a city in Thrace, on the coast of the Propontis",1,10
"secretly","secretly; in secret",1,10
"leader","the leader of an ἐνωμοτία (enōmotía, ""band of sworn soldiers"")",1,10
"fit","fit, suitable",1,10
"clinging","holding fast, clinging",1,10
"announcement","announcement",1,10
"as","An as (the tenth part of a denarius)",1,10
"prized","prized, esteemed",1,10
"citizen","citizen (of a municipium)",1,10
"parasite","a mean, sorry parasite",1,10
"bag","bag, satchel (slung over one shoulder)",1,10
"form","to form; to mould; to shape; to sculpt",1,10
"powder","fine dust, fine powder",1,10
"exhale","to blow or breathe back; to breathe out, exhale",1,10
"contribution","joint contribution for the public burdens",1,10
"accelerated","quickened, hastened, accelerated, having been accelerated",2,10
"king","A king of Sicily",2,10
"true","not a lie",2,10
"island","An island of the Saronic Gulf famous for its temple of Poseidon",2,10
"burned","burned",2,10
"carrying","carrying",2,10
"management","management, administration, stewardship",2,10
"mountain","A mountain of the Apennines that contained the sources of the Nar",2,10
"featherless","featherless, without feathers",2,10
"stoned","stoned, assaulted with rocks, having been stoned.",2,10
"observe","contracted second-person singular present active indicative of θεωρέω (theōréō)",2,10
"nurse","nurse",2,10
"foot","to furnish with feet",2,10
"beach","Hesychius gives the definition as: αἰγιαλός (aigialós, ""beach, shore"").",2,10
"scandal","scandal (in the moral sense)",2,10
"useful","useful (fit for use)",2,10
"accumulated","heaped or piled up, accumulated, amassed, having been accumulated",3,10
"captured","captured; stolen",3,10
"new","not fulled or carded, new",2,10
"city","a city in Hispania Baetica, destroyed by the Romans because of the loyalty to the Carthaginians",2,10
"island","A small island off the coast of Thessaly",2,10
"wander","to wander, wander about",3,10
"ceiling","a panelled or fretted ceiling",3,10
"covering","covering (of clothing)",2,10
"tow","The coarse fibre of flax or hemp, tow, oakum",2,10
"city","a city on the north coast of Sicily, situated between Tyndaris and Calacte",3,10
"comparison","reference of a thing to a standard",3,10
"hut","hut, small cottage",4,10
"confined","surrounded, confined",3,10
"dissolve","to melt away, dissolve",3,10
"obscure","unseen, obscure",3,10
"stuffed","chock-full, crammed, stuffed",3,10
"need","need, want, poverty",3,10
"dwell","to abide in a place",3,10
"rocket","rocket, arugula (Eruca sativa)",2,10
"name","a male given name [8th or 9th–12th C. CE]",3,10
"city","a city in Magnesia",3,10
"to dry","to dry",4,10
"foreign","having lived abroad or in foreign areas, having roamed abroad.",2,10
"mad","mad, fierce, rabid",2,10
"radiant","radiant",3,10
"reflected","having been reflected",2,10
"cut","to cut, tear",2,10
"name","a male given name, equivalent to English Timodemus",2,10
"sober","abstaining from wine, abstemious; sober",2,10
"king","king, ruler, leader, commander",3,10
"pleased","pleased, having pleased; having taken the fancy of",3,10
"defender","keeper, preserver, defender",2,10
"directed","directed, steered, guided, aligned, pointed, having been guided",2,10
"deserter","a deserter, one who abandons",2,10
"quicker","quicker, more speedily",5,10
"admire","to bewonder greatly",3,10
"vehicle","that on which any thing is carried or borne",4,10
"ram","ram, piledriver; alternative form of festūca",4,10
"least","least",4,10
"grassy","grassy, full of grass or herbs",4,10
"dearly","with affection, deeply",4,10
"mixed","mingled with, having mingled with",3,10
"bear","to bear, carry",4,10
"bright","shining, bright (of the sun, sky)",5,10
"wash","to wash, clean",3,10
"brightly","clearly, brightly",3,10
"wormy","full of worms",3,10
"release","release, deliverance from a thing",3,10
"help","help, aid, assistance, relief",4,10
"bell","a large bell used in late classical or medieval church towers or steeples.",4,10
"waxy","full of wax; waxy",5,10
"can","to be able, can",4,10
"flocked","flocked",3,10
"food","food, or eating",5,10
"lake","lake, marsh, basin",5,10
"lovely","lovely, pleasant",3,10
"feverish","feverish",5,10
"bloodlike","bloodlike (used chiefly in fixed expressions; see Derived terms)",5,10
"followed","followed, pursued, having followed",5,10
"restless","unquiet, restless",3,10
"sorcery","magic, sorcery",4,10
"smallness","smallness, minuteness",6,10
"closed","shut, closed, fastened; put against, placed, set before",6,10
"closed","blocked, closed",3,10
"foreign","come from abroad, foreign, strange",3,10
"wider","whose breadth (east to west) is greater than its length",3,10
"thirsty","thirsty; parching",3,10
"title","title of a book",4,10
"courser","A fast or light breed of horse; courier's horse; hunter.",4,10
"action","action; a doing or performing, behavior",5,10
"frenzy","Bacchic frenzy, revelry",5,10
"inquiry","inquiry",4,10
"approved","approved",4,10
"demon","demon (lesser, especially evil, spirit)",5,10
"to hate","to hate",3,10
"famous","of good repute, honoured, famous, glorious",6,10
"considered","weighed, considered, having been considered",3,10
"do","to do (particularly as a specific instance or occasion of doing)",4,10
"pleasing","pleasing, agreeable",4,10
"carp","A type of carp",4,10
"receipt","receipt, quittance",5,10
"song","song",5,10
"palatal","Of or pertaining to the palate.",5,10
"seal","a seal made of wax",6,10
"pierced","pierced, transfixed",5,10
"gum","gum of the tree called metops",4,10
"crookedness","crookedness, inequality, irregularity, deformity",5,10
"extent","by how much",3,10
"bound","bound hand and foot",5,10
"tablets","tablets, letters",3,10
"trying","trying, making attempts",3,10
"town","a town of Emathia situated between Idomene and Pella",7,10
"buying","contracted third-person singular imperfect mediopassive indicative of ὠνέομαι (ōnéomai)",5,10
"stateless","stateless (without a country)",5,10
"weak","weak",6,10
"harvest","to cut off combs of honey, take honey, squeeze honey",4,10
"six","The number six on a die",4,10
"sound","to sound, ring, peal",4,10
"shoot","shoot, sprout, bud",5,10
"fine","fine, monetary penalty",8,10
"liver","liver (large organ in the body that stores and metabolizes nutrients, destroys toxins and produces bile)",7,10
"operate","to effect, operate or produce",7,10
"islanded","full of islands",6,10
"cast","having thrown, cast, flung, hurled",5,10
"connected","in close connection",6,10
"wet","wet, soaked",5,10
"slippery","slippery, slippy",4,10
"grasp","to strive to seize, catch or grasp at",5,10
"swim","to swim to or towards",5,10
"progress","progress in a journey",5,10
"shoot","to shoot arrows, shoot with arrows",5,10
"house","this sense, particularly ""dative singular)""?) dative/ablative singular of domus",8,10
"supporter","seconder, supporter, countersigner",8,10
"son","son",7,10
"assemble","to put together",9,10
"happen","aorist active infinitive of τῠγχᾰ́νω (tŭnkhắnō)",7,10
"town","A town of the Salentini in Calabria, situated near Uxentum",7,10
"insert","to carry, bring, put, place, or throw in, into, to, or upon somewhere or something; insert",8,10
"sign","signal, sign, mark, token",7,10
"island","an island off the coast of Britannia",8,10
"honor","contracted second-person plural present active indicative/subjunctive/imperative of τῑμᾰ́ω (tīmắō)",9,10
"water","lympha, pure spring water",8,10
"city","an ancient city of the Carpetani, in Hispania Tarraconensis",8,10
"spoils","profit derived from booty",8,10
"approach","to approach (come or be near)",7,10
"conversation","a conversation, discussion",7,10
"dream","dream, vision",7,10
"box","Hesychius' gives the definition as: κιβώτιον (kibṓtion, ""box, voting urn"").",8,10
"city","a city of Liburnia situated near the shore of the Adriatic Sea, now Nin or Nona",1,9
"silver","silver; made of silver",1,9
"raise","to lift, lift up; raise, raise up; elevate or sustain; rear",1,9
"imitation","A bad, faulty, awkward imitation.",1,9
"painted","painted, colored, variegated, depicted",1,9
"island","An island of the Persian Gulf",1,9
"limp","to limp; to be lame",1,9
"mocker","mocker, scoffer",1,9
"frog","A kind of frog",1,9
"lightning","of or relating to lightning (particularly as an omen)",1,9
"black","being black or dark",1,9
"watchful","observant, watchful.",1,9
"violation","transgression of law, decency or order",1,9
"presence","presence",1,9
"penis","pee-pee, willy (penis)",1,9
"please","to be pleasing or agreeable to; to please, to be nice; to be welcome or acceptable; to satisfy, suit (in a mental rather than a sensual way)",1,9
"abandon","to leave behind, forsake, abandon",1,9
"resting","resting, sleeping, reposing",1,9
"resume","to undertake again",1,9
"bleeding","bleeding",1,9
"mountain","a mountain in Epirus",1,9
"town","A town in Numidia",1,9
"turner","turner",1,9
"branch","A branch of myrtle or laurel",2,9
"walker","a female walker",2,9
"tribe","A tribe who dwelt in the French side of the Alps",2,9
"oracle","oracle, prophecy",2,9
"singer","singer who accompanies himself on the cithara",2,9
"pastry","a kind of pastry of a round, elongated form",2,9
"expanding","extending, enlarging",2,9
"city","A city of Boeotia",2,9
"bind","to bind, fast, pack",2,9
"name","a male given name from Carthage",2,9
"killer","killer, murderer, slayer",2,9
"quiet","undisturbed, quiet",2,9
"plant","A plant (possibly Teucrium polium)",2,9
"behind","Byzantine form of ὀπῐ́σω (opĭ́sō, ""behind; back"")",2,9
"partial","of, or pertaining to, a part",2,9
"sauce","some kind of sauce or broth, possibly liquid lard",2,9
"adjacent","adjacent, adjoining, neighbouring",2,9
"plain","plain",2,9
"balancing","weighing (of factors), balancing, equalizing",3,9
"carver","one that carves and portions out meat at table",3,9
"box","box",2,9
"relief","relief, figure in relief",3,9
"angler","An angler",2,9
"top","the top, surface (upper side of a thing)",3,9
"sacrifice","sacrifice",3,9
"diligent","active, industrious, assiduous, diligent",3,9
"flaws","defects on vases made of clay",3,9
"scraping","a scraping, shaving",2,9
"attacker","attacker, assailant",3,9
"child","little child, young child",2,9
"pattern","pattern, example, paradigm",2,9
"plain","A low plain. Used capitalised in names of geological features on other planets",2,9
"teacher","teacher, instructor, tutor, preceptor",2,9
"protection","defence, protection, guardianship",3,9
"danced","danced",3,9
"wooded","wooded, full of trees",3,9
"scrub","to scrub; to wipe off by help of soap or unguent",2,9
"construction","construction, building",2,9
"noble","noble; illustrious",3,9
"drive","to drive or move to",2,9
"curtain","curtain, especially in the theatre",3,9
"tribe","a Gallic tribe in the province of Berry whose chief city was Avaricum, mentioned by Caesar in his commentaries (VII)",2,9
"kicked","kicked",3,9
"perish","second/third-person singular future impersonal active imperative of pereō",2,9
"harpy","a harpy",2,9
"lap","lap",3,9
"joyful","rejoicing greatly; joyful",2,9
"insult","insult, mockery",3,9
"trim","A border, lace, worked on a garment",4,9
"warlike","warlike, bellicose",3,9
"immediately","immediately, forthwith",3,9
"feather","ptilo- (down, feather)",3,9
"foamed","foamed",4,9
"bitterish","somewhat bitter etc.",3,9
"defeat","defeat, discomfiture",4,9
"entire","total, entire",3,9
"hidden","hidden, secret, concealed",4,9
"support","a prop, stay, support",3,9
"estimated","assessed, estimated, reckoned, considered",3,9
"river","a river in Mysia, flowing into the Aesepus",2,9
"adoption","cooption, adoption (into office)",4,9
"surrendered","surrendered, consigned",5,9
"horned","horned",4,9
"speech","speech, discourse, language",2,9
"dead","dead, lifeless",2,9
"attached","fastened, attached",3,9
"spread","to spread something out",4,9
"king","A king of Numidia, son of Masinissa and brother of Micipsa",2,9
"history","a history",4,9
"wet","watery, wet, moist",4,9
"crescent","to curve or bend into a crescent or half-moon shape",5,9
"habit","habit; custom; manner; way",4,9
"sealer","sealer (up)",5,9
"conspicuous","That strikes the eyes; thrust into prominence",3,9
"want","want, need, scarcity",5,9
"washed","washed off, having been washed off",3,9
"district","an ancient district of Thessaly, in modern Greece",3,9
"present","present, immediate, at hand, existing",4,9
"galloping","galloping",3,9
"brushes","brushes, brushwood",3,9
"tribe","A tribe of Gallaecia, Hispania Tarraconensis",3,9
"tearing","a tearing; a rending",4,9
"writing","a writing, something written",3,9
"knight","Spoken by a player during a match with one or more visually impaired players to indicate a knight in algebraic notation.",3,9
"association","association, society",5,9
"slow","slowish, somewhat slow",3,9
"delight","full enjoyment, delight, gladness, pleasure",4,9
"city","An ancient city of Boeotia situated at the foot of the mount Helicon",2,9
"suddenly","quickly, all of a sudden",3,9
"farm","to cultivate land, farm, pursue agriculture",3,9
"mystery","secret or mystery",4,9
"trumpet","to give a signal, sound or blow a trumpet",4,9
"cartilage","Cartilage, gristle.",4,9
"goat","a he-goat",5,9
"calculation","calculation, reckoning, computation",4,9
"above","above, higher than, more than",5,9
"constantly","constantly, continually, continuously, perpetually",5,9
"producer","female equivalent of generātor: producer, generator; she who produces, generates, brings forth",3,9
"sprouted","budded, sprouted, having been sprouted.",5,9
"ruler","ruler, monarch",4,9
"city","a city of the Turdetani, in Hispania Baetica",4,9
"kid","Young goat, kid.",5,9
"washing","wash, washing",4,9
"creeping","creeping or crawling in, into, upon, or to a place",4,9
"shield","Hesychius gives the definition as: ἀσπίς (aspís, ""shield"").",6,9
"disputed","disputed, quarrelled over, having been disputed.",3,9
"fish","unknown kind of fish, perhaps a barbel or a flatfish",4,9
"snare","a trap, snare",4,9
"baker","a bread seller",5,9
"good","good, useful, agreeable",4,9
"royal","of or for rule, royal, official",6,9
"prophet","one who speaks for and interprets the will of a god: prophet, seer",4,9
"champion","A champion or defender (male).",4,9
"accepted","taken up, having been taken up, acknowledged, having been acknowledged, undertaken, having been undertaken",5,9
"goal","goal; end",4,9
"to delight","to delight",5,9
"charm","any means of charming or winning, spell, charm (attributed to the girdle of Aphrodite)",3,9
"beams","beams",3,9
"worth","value, worth",4,9
"vital","fit for giving or maintaining life",3,9
"sword","short straight sword, used by Persians and Scythians",7,9
"stable","unwavering, stable",4,9
"adoption","adoption (of a child)",5,9
"imported","brought to, imported",6,9
"artery","artery",5,9
"city","an ancient city in Latium, mentioned in the early history of Rome",5,9
"lodging","lodging, billet, provision of quarters",5,9
"peter","The apostle Peter, using the name given to him by Jesus.",4,9
"river","a small river on the coast of Pontus, mentioned by Pliny",6,9
"desired","desired",5,9
"suffer","to suffer, undergo; endure, be patient, submit (sometimes with accusative)",5,9
"difficulty","difficulty, distress, trouble, hardship",5,9
"winds","the Etesian winds (N-W winds that blow annually in the Aegean Sea during the dog-days for forty days)",3,9
"vomit","to vomit up",4,9
"field","A field, cornfield",6,9
"independent","independent",4,9
"dry","dry, arid, barren",5,9
"danger","danger, risk, hazard",5,9
"god","A Celtic god worshipped in Noricum",6,9
"town","A maritime town of Crete",4,9
"harm","hurt, harm, injury",5,9
"mucus","mucus",5,9
"to swing","to swing",5,9
"lie","lie, untruth",6,9
"view","view, sight, prospect",4,9
"winglike","winglike",6,9
"salted","salted",6,9
"society","society",5,9
"pierce","to bore through, pierce, perforate",4,9
"tone","Tonus: muscle tone, or tension in an organ.",4,9
"sell","to sell, vend",6,9
"fat","fat, as fat tissue or fat cells.",6,9
"construction","building, constructing (act of)",6,9
"shout","to cry out",7,9
"tasted","tasted, sampled, having been tasted",7,9
"town","An ancient town in Boeotia which was the home of the poet Hesiod",6,9
"certainly","without a doubt, no doubt, of course",6,9
"initiation","participation in secret rites",6,9
"rule","military or political authority, power, control, rule",5,9
"city","a maritime city of the Messapii in Apulia, situated between Brundisium and Barium",7,9
"thickness","thickness",5,9
"master","master; lord (most commonly in the context of one who owns slaves)",6,9
"closure","Closure, blockage, shutting.",6,9
"liver","liver",7,9
"tread","to stand upon, set foot on",7,9
"ocean","Ocean (that surrounds all the land, personified as a deity)",7,9
"living","the living, the mortals, those that are living on earth",6,9
"meter","a regular measure, rhythmical measure, modulation",6,9
"accompany","third-person singular aorist active indicative unaugmented of ὀπάζω (opázō)",7,9
"port","A port of Sarmatia on the Black Sea",6,9
"name","a male given name, character in the play Persa of Plautus",6,9
"tribe","a tribe of Sarmatia mentioned by Pliny and Ptolemy",6,9
"alloy","an alloy of silver and lead",6,9
"foul","foul, unclean",1,8
"pure","unmixed, pure, sheer",1,8
"flattering","flattering",1,8
"boastful","altiloquent, boastful",1,8
"restless","restless, unquiet",1,8
"alley","alley, lane (narrow street)",1,8
"opposition","a setting in array against",1,8
"assigned","appointed, enrolled, reckoned, ascribed to",1,8
"sour","to become sour, to turn sour",1,8
"brief","A short piece of writing: a brief, a report",1,8
"drawing","drawing, delineation, depiction",1,8
"direct","to direct in a straight line",1,8
"prepare","To prepare or make ready",1,8
"agreeing","agreeing",1,8
"town","A town of Thrace, situated north of Callipolis",1,8
"generous","generous",1,8
"come","first-person singular future middle indicative of ἔρχομαι (érkhomai)",1,8
"experienced","experienced",1,8
"enter","to go into",1,8
"wine","kind of wine produced in Italy",1,8
"fork","A small three-pronged fork; flesh hook, fish hook.",1,8
"town","the principal town of Euboea, near the promontory Geraestus or Geraestum, opposite to the promontory of Sunium, now Geresto, or, according to others, Kastri",1,8
"grow","to become great; grow",1,8
"fishlike","fish-like, of fishes",1,8
"tireless","unwearied, indefatigable",1,8
"taste","to taste, sip",1,8
"spiteful","spiteful, malevolent",1,8
"shape","to shape, form",1,8
"to mimic","to mimic",1,8
"shooter","A stabber, striker, shooter.",1,8
"rock","rock, stone, boulder",1,8
"label","label, ticket on a wine bottle or amphora",1,8
"weighed","weighed; pondered",1,8
"sewer","sewer",1,8
"salted","pickled, salted",1,8
"passage","transit, transition, passage",1,8
"universal","universal",1,8
"sameness","equality, similarity, uniformity",2,8
"how","how?, in what way?",2,8
"communicated","communicated",2,8
"lastly","finally, lastly, at length",2,8
"insertion","Insertion of a letter",2,8
"drawer","Someone who draws or drains; drawer.",2,8
"agitated","agitated",2,8
"monthly","Of or pertaining to a month.",2,8
"transformed","transformed, reformed, having been transformed",2,8
"smear","to smear, daub, anoint (with)",2,8
"spike","point, spike",2,8
"so","so much, to such a degree (so greatly, so little)",2,8
"fowler","a bird-catcher; fowler",3,8
"steer","a young bullock, a steer",2,8
"yield","to withdraw; to give way to [with dative 'someone'], make room, vacate",2,8
"town","A town of the Vestini, mentioned only by Livy",2,8
"general","A general of Sparta",2,8
"assembled","assembled (placed together)",2,8
"city","a city of Phocis situated on the sea",2,8
"emerge","to emerge (from the water)",3,8
"sprout","to sprout or spring forth",3,8
"stupid","senseless, silly, stupid",2,8
"heater","device for warming",3,8
"growing","growing, increasing",3,8
"peaceful","peaceful, peaceable",3,8
"white","milk-coloured, white",2,8
"barker","barker, one who barks or rants, particularly",3,8
"blessed","blessed, happy",2,8
"garment","garment, wrap",3,8
"eighty","eighty; 80",3,8
"palmy","abounding in palm trees",2,8
"periodic","periodic, periodical (returning regularly)",2,8
"carry","second-person singular present mediopassive imperative of φέρω (phérō)",2,8
"restore","to give back again, restore, return",3,8
"decay","decay, decayed matter",2,8
"blinked","blinked, having been blinked.",2,8
"delay","delay; forbearance",3,8
"pierced","pierced",2,8
"good","good, virtuous",2,8
"deserter","deserter, rebel",3,8
"observer","witness, spectator, onlooker",3,8
"athletic","incident to an athlete",2,8
"opportunity","convenient opportunity, favorable condition, advantage, convenience, ease,",3,8
"employer","employer, entrepreneur",3,8
"approached","having approached, visited, accosted",2,8
"owed","owed",3,8
"command","to order, command to be done, enjoin",3,8
"edge","border, edge, remotest part",3,8
"maker","female equivalent of fictor (""maker, creator"")",2,8
"ant","A small ant.",2,8
"grassy","producing grass, grassy, herbiferous",4,8
"fuller","Hesychius gives the definition as: πλυνεύς (pluneús, ""clothes-cleaner"").",3,8
"mindful","mindful, not forgetful",2,8
"to mark","to mark",2,8
"extended","extended",3,8
"son","The son of Mezentius killed by Aeneas",4,8
"jacket","A sheepskin or goatskin jacket, as those worn by Sardinians.",3,8
"mineral","mineral [13th C.]",3,8
"steaming","steaming",3,8
"offered","offered, presented",4,8
"observer","watcher, observer",4,8
"attracted","attracted, enticed, induced",3,8
"paint","paint, unguent",2,8
"offering","offering",2,8
"fork","fork",3,8
"public","of or belonging to the people, state, or community",2,8
"howled","howled",2,8
"counted","counted, enumerated, reckoned, surveyed",3,8
"chaos","confusion, turmoil",4,8
"examined","examined",3,8
"collected","gathered or brought together",4,8
"joint","associated in the payment of taxes or in contribution",3,8
"trembling","trembling, quivering, shaking",3,8
"sad","having been sad",3,8
"heaping","The act of heaping up.",5,8
"catch","to take by hunting or fishing, catch, take",2,8
"gloomy","cloudy, gloomy",3,8
"wooded","planted with trees",3,8
"river","a river in Numidia, Africa, mentioned by Pliny",4,8
"foreign","outlandish, foreign",4,8
"community","a sharing in common, community, partnership",4,8
"correcting","correcting",3,8
"spread","to spread out",3,8
"foresee","to foresee, foretell, divine",5,8
"troop","A troop",5,8
"vines","vines trained to form an arbor or a rope",4,8
"boast","to boast or brag",3,8
"measureless","measureless, immeasurable",3,8
"placed","aorist active participle of προτίθημι (protíthēmi)",4,8
"town","A town of Troad mentioned by Homer",2,8
"mine","mine (underground site from which minerals are obtained)",4,8
"king","king, monarch",3,8
"birth","birth, birthday",3,8
"watching","watching, observing",4,8
"tiny","very little, very small",3,8
"powerful","very strong or powerful",4,8
"master","Master, Doctor, and especially Rabbi",4,8
"repel","to press, push back, move away",3,8
"writer","writer, author",4,8
"adapted","adapted",2,8
"indicated","signified, shown, expressed, indicated",2,8
"thirsty","thirsty",4,8
"mound","A small mound of earth",4,8
"flee","to run away, flee or escape",3,8
"brave","brave; courageous",3,8
"salad","kind of Dorian salad, celery pickled in vinegar",4,8
"rotation","A turning around",4,8
"bird","a bird (or other flying creature)",5,8
"holy","very sacred, holy, sacrosanct",3,8
"diminished","diminished",4,8
"entice","to allure, entice, encourage",3,8
"anticipated","anticipated",4,8
"weak","weak, feeble, powerless",4,8
"bask","to warm in the sun",4,8
"harshly","roughly, harshly, severely, coarsely; vehemently",6,8
"follow","to attend someone eagerly, accompany, follow, wait upon, escort",3,8
"bond","bond, band, fetter",3,8
"associated","associated",4,8
"collar","a punishment device, perhaps a kind of collar for the neck",5,8
"tribe","A Celtic tribe of Gallia Lugdunensis whose chief town was Genabum",4,8
"gain","gain, profit",4,8
"benefit","boon, advantage",5,8
"lock","A lock, bar, bolt",5,8
"spice","A spice, seasoning.",5,8
"floor","flooring, storey",6,8
"grind","to grind (rhythmically move the haunches during sex)",4,8
"melted","melted; liquified",5,8
"encourage","to cause to hope",6,8
"discharge","The act of flowing out; discharge of liquid, outlet, efflux.",4,8
"teacher","teacher, instructor",6,8
"experienced","experienced or practiced in a thing, acquainted with it",4,8
"faithful","faithful, trusty",6,8
"deed","deed, action, doing",4,8
"girl","girl, young woman",4,8
"roast","to roast, fry",4,8
"support","a prop, support",5,8
"language","language",5,8
"god","A Celtic god often associated with Apollo",6,8
"burden","to burden, weigh down, oppress",5,8
"dread","to dread; to stand in awe of",4,8
"offering","a sacrificial offering",3,8
"lifeless","lifeless, inanimate",4,8
"again","again, anew, once more, repeatedly",3,8
"contest","contest",4,8
"oppose","to place or put against",5,8
"deadly","lethal, deadly, fatal, mortal",5,8
"woody","bearing, producing or containing wood",5,8
"treasury","cash, treasury",5,8
"flow","to flow, stream, pour",5,8
"homer","Homer",4,8
"leafy","full of shoots or foliage, leafy, branchy",3,8
"tuber","tuber of the blue lotus (Nymphaea nouchali)",4,8
"counted","having measured, counted",3,8
"constantly","perpetually, constantly, continuously",4,8
"poetry","poetry",5,8
"shower","shower; sprinkling",4,8
"stake","a sum of money deposited in pledge by two individuals involved in a suit, the money of the loser in the suit being used for religious purposes",3,8
"town","A town of Illyricum situated near Dyrrhachium",4,8
"carve","to carve, chisel (in stone, metal, or wood)",5,8
"unite","to unite, join, ally, associate with",5,8
"sweat","sweat",6,8
"throw","to throw, scatter",5,8
"times","so many times",4,8
"travel","to traverse, travel",6,8
"orange","orange (fruit)",6,8
"invisible","invisible, transparent",5,8
"grieve","to grieve, mourn",4,8
"cooler","vessel for cooling wine or water",6,8
"meet","to go towards, go to meet; to oppose, face",5,8
"inside","within, inside",5,8
"pardon","forgiveness, absolution, condonation",4,8
"collecting","collecting (bringing together)",5,8
"against","against; see contra-.",7,8
"allow","to let someone do something, allow",7,8
"murmur","to murmur, mutter, grumble, growl at or after something",5,8
"yellowish","yellowish",4,8
"guard","warden, guard",5,8
"city","an important city in Hispania Baetica, now Écija",5,8
"fasting","fasting, abstinent, hungry",5,8
"dry","arid, dry (lacking water)",5,8
"month","name of a month",6,8
"not","not, expecting an affirmative answer",7,8
"bond","binding; engaging, pledging, obligation, bond",6,8
"pitchy","of or from pitch",5,8
"seize","first-person singular sigmatic future active indicative of rapiō",5,8
"kidney","a little kidney",6,8
"saliva","saliva; salivary",4,8
"garment","garment of closely-woven cloth",6,8
"accidental","accidental, fortuitous, by chance",5,8
"manly","of a manly spirit, manly, manful",5,8
"process","Noun suffix that denotes a condition, action, or process.",8,8
"spool","a reel or spool",8,8
"same","not different, indistinguishable",1,7
"approach","to advance or go to or towards, approach",1,7
"client","a client, follower, attendant",1,7
"milk","to milk, to extract milk from cows",1,7
"pasture","a pasture for cattle, a cow-pasture",1,7
"encouragement","encouragement, exhortation",1,7
"difficult","laborious, difficult",1,7
"invoked","having called to witness",1,7
"pleasure","delight, pleasure (an activity which affords enjoyment)",1,7
"city","a city or fortress of Sicily",1,7
"eloquent","eloquent, articulate",1,7
"prudent","well-advised, prudent",1,7
"faith","faith; belief (belief without empirical evidence, direct experience, or observation)",1,7
"founder","founder",1,7
"calm","calm",1,7
"city","An ancient city of Boeotia",1,7
"reply","taking up (the cue, the matter), rejoinder, reply",1,7
"ignorant","ignorant of",1,7
"observer","viewer, observer, onlooker",1,7
"kill","to slay, kill, slit the throat of",1,7
"prostitute","prostitute",1,7
"commander","mandator, commander, director",1,7
"minted","Of or related to a mint: minted, coined, of a mint, mint",1,7
"cake","any kneaded mass, cake",1,7
"sails","uncontracted third-person singular present active indicative of πλέω (pléō)",1,7
"trap","snare, gin, trap",1,7
"hasty","overhasty, sudden, precipitate",1,7
"deceive","to lie, deceive",1,7
"box","to fight with the fist or cestus; to be a boxer",1,7
"town","a town of Moesia situated on the Danube",1,7
"regional","Of or belonging to a region or province—regional, provincial",1,7
"river","A river which flows into the Persian Gulf mentioned by Pliny",1,7
"similarly","similarly",1,7
"stable","to stable, house (animals)",1,7
"town","a town of Thesprotia, in Epirus",1,7
"contribution","contribution",1,7
"end","finishing, end",1,7
"garment","kind of garment",1,7
"town","A town of the Carpetani in Hispania Tarraconensis, situated between Augusta Emerita and Caesaraugusta",1,7
"thirteen","thirteen",1,7
"dizzy","Suffering from vertigo or giddiness.",1,7
"vessel","A vessel for edible mushrooms.",2,7
"city","An ancient city in Hispania Tarraconensis and chief city of the Oretani",2,7
"use","use, usage, employment",2,7
"contributed","contributed",2,7
"island","An island situated near Ithaca",2,7
"diminishing","diminishing",2,7
"dragon","dragon; serpent",2,7
"reared","brought up, having been brought up, reared, having been reared",2,7
"strength","strength; power; might",2,7
"cereal","of or pertaining to spelt, corn, grain",2,7
"breaking","a breaking, shattering",2,7
"joyful","joyful, glad [with dative 'at']",2,7
"rested","having rested upon",2,7
"introducer","an introducer",2,7
"wondering","wondering, marvelling (at)",2,7
"mindful","mindful [with genitive 'of']",2,7
"comic","comic",2,7
"palm","to make the print or mark of the palm of the hand",2,7
"separated","third-person singular aorist active indicative of δῐῐ̈́στημῐ (dĭĭ̈́stēmĭ)",2,7
"royal","royal, kingly, regal",2,7
"elevated","elevated",2,7
"mound","raised place, height, mound",2,7
"prayed","prayed",2,7
"district","an ancient district in southern Italy that spreads from Lucania to the Sicilian straits corresponding to the region of Calabria",3,7
"town","A town of Lower Egypt situated north of Sais",3,7
"stubborn","stiffnecked, obstinate, stubborn",3,7
"consequence","a proposition that follows necessarily, a necessary consequence, a logical entailment, an inevitable inference",2,7
"combination","combination, connection",3,7
"grating","grill, grating",2,7
"demonic","proceeding from an evil spirit, demon, see cacodemon.",2,7
"raise","to lift, raise",3,7
"register","written list, register",2,7
"leafless","without foliage, leafless",2,7
"bearing","bearing, bringing (act of)",3,7
"threshold","Of or pertaining to the threshold or lintel.",2,7
"tongue","Tongue.",3,7
"cease","to finish play, cease to sport",2,7
"mountain","A mountain of Apulia mentioned by Horace",3,7
"red","of a red color (said of shoes)",2,7
"captain","captain, skipper",3,7
"eighty","eighty",3,7
"strike","to beat, strike",3,7
"physical","Of or pertaining to natural philosophy or physics; physical, natural.",2,7
"boy","a boy, a little boy",3,7
"town","a town in Aetolia situated between the rivers Achelous and Evenus",2,7
"foaming","foam-bearing, foaming",2,7
"spear","a kind of spear, probably barbed",3,7
"disease","illness, sickness, disease, infirmity (of the body)",4,7
"raise","to raise, erect",2,7
"lie","second-person singular present middle indicative of κεῖμαι (keîmai)",3,7
"to bubble","to bubble",2,7
"heated","warmed, heated",3,7
"reign","to reign, rule (as a monarch)",3,7
"surrounding","about to surround",2,7
"accord","arrangement, agreement",3,7
"blemished","somewhat blemished or defective",4,7
"deceived","deceived",2,7
"part","to go apart or asunder, separate, part; go away, depart",2,7
"scattered","shattered, dissipated, scattered",3,7
"dwelling","A habitation, dwelling, domicile, abode, home.",2,7
"brand","mark made by a branding iron, sore from burning",3,7
"epic","an epic, a heroic poem",4,7
"emptying","emptying (of a vessel), evacuation",4,7
"heaped","piled or heaped up",4,7
"shameful","shameful, disgraceful, scandalous",2,7
"steal","to steal, plunder",2,7
"corpse","corpse; dead person",3,7
"internally","internally (on the inside)",2,7
"roar","to roar, bellow; rumble",2,7
"watered","diluted with water",3,7
"magnitude","greatness, magnitude",3,7
"leader","leader, commander, guide",2,7
"measurer","measurer",2,7
"lingering","lingering, loitering",2,7
"wind","west-northwest wind (according to Pliny the Elder)",3,7
"to spin","to spin",3,7
"named","named, called by name, having been called by name.",4,7
"anger","to anger, irritate",2,7
"gray","gray.",3,7
"purple","purple or crimson",3,7
"regret","to feel annoyance or reluctance at; to repent of",4,7
"flap","to strike, beat, flap (repeatedly or with a noise)",3,7
"seize","to lay hold of, seize, grasp, grab, snatch, take, catch",2,7
"proportional","proportional",3,7
"stalky","Of or pertaining to grape-stalks; stalky; unfruitful.",2,7
"receiver","receiver (female)",3,7
"restorer","renewer, repairer, restorer",3,7
"rustic","somewhat rustic; rather boorish",2,7
"gather","to gather, collect, bring together",3,7
"bubble","to bubble or gush forth",3,7
"cheapness","cheapness, inexpensiveness",4,7
"avoid","to avoid; to evade; to shun",2,7
"accepted","received, adopted, accepted, assumed",4,7
"island","An island situated near Crete",4,7
"calculation","computation, calculation, reckoning",4,7
"rest","the other things, the rest",3,7
"shelter","safe place, shelter",3,7
"rustic","Of or pertaining to a farmer, rustic.",3,7
"suffer","first-person singular future middle indicative of πᾰ́σχω (pắskhō)",3,7
"conscious","conscious",3,7
"tune","A musical piece or tune played upon a stringed instrument",4,7
"battle","a fight, battle, combat, encounter",5,7
"remainder","That which is left behind",3,7
"mark","to mark out, note down",3,7
"lie","to be upon, lie upon",4,7
"property","possessions, property",4,7
"act","Added to the stems of agent or other nouns in -εύς (-eús) to form a denominative verb of condition or activity: meaning ""be x"" or ""do what x typically does""",4,7
"massic","Massic; of or relating to Massa, Tuscany, Italy.",3,7
"cot","cot, pallet, camp bed",3,7
"entertain","to act as host, entertain, play",3,7
"item","entry in account",3,7
"fire","A fire, inferno, conflagration; heat; torch.",5,7
"attack","to assail or attack",4,7
"grafting","inoculation, ingrafting",3,7
"dead","having died, dead",5,7
"needed","required, needed",4,7
"knowing","knowing, understanding",4,7
"bookish","of or pertaining to books",3,7
"grasp","to take hold of, catch, grasp",4,7
"wick","wick of a lamp",3,7
"miner","miner, man who works in a mine",3,7
"snail","A kind of sea snail.",3,7
"hospital","hospital, infirmary",3,7
"damp","moist, damp, rainy",5,7
"marry","to get married to, marry, wed [with dative 'a man']",4,7
"robot","robot",4,7
"say","third-person singular aorist active optative of φημί (phēmí)",3,7
"trembling","The act of trembling, quaking, throbbing or panting with fear.",4,7
"surely","certainly, surely",4,7
"extend","to stretch, spread out, extend",4,7
"anticipating","anticipating",4,7
"summit","peak, ridge, highest part of a mountain chain.",5,7
"attack","attack, invasion",3,7
"respected","respected",4,7
"ridiculous","ridiculous, laughing, smiling",3,7
"save","to save (make safe or healthy)",5,7
"trap","trap, snare",3,7
"smiled","smiled",4,7
"shoe","a kind of shoe or sock",5,7
"pulled","tugged, dragged, hauled",3,7
"triangle","trigone, triangle",4,7
"swelling","A swelling.",4,7
"see","to see, perceive; look (at)",4,7
"vow","promise, dedication, vow, solemn pledge",3,7
"misty","misty, melting into the haze of distance",4,7
"saying","only in the terms dicis causā, dicis ergō, and dicis grātiā",5,7
"jawed","Having a specified type of jaw.",4,7
"here","on the spot; here, there",6,7
"swim","to swim or float in or upon",5,7
"fishes","third-person singular simple present indicative of -fish",6,7
"melody","song, tune, melody",5,7
"town","A town of Boeotia situated on the northern extremity of Lake Copais",4,7
"gathering","gathering (together), uniting, joining",6,7
"river","a river in Lucania",6,7
"from","of; from",6,7
"depression","a pressing down, a sinking down, a depression",5,7
"cloudless","cloudless",5,7
"pity","pity, compassion",5,7
"multiple","multiple",6,7
"vine","a type of vine",5,7
"three","three, tri-",6,7
"steward","bailiff, steward of a farm/estate",6,7
"sail","uncontracted present active infinitive of πλέω (pléō)",7,7
"to teach","to teach",7,7
"breeding","kept for breeding",1,6
"sick","being ill or sick",1,6
"king","A mythological king of Argus",1,6
"district","a district of Acarnania, in modern Greece",1,6
"clasped","having embraced, encircled, clasped",1,6
"panting","panting, puffing (difficulty in breathing)",1,6
"manifest","easy to be known; very distinct; manifest; plain",1,6
"bag","A leather bag or sack.",1,6
"river","a small river in Latium, on whose banks was fought the last great battle between the Romans and the Latins",1,6
"reckless","reckless, not caring about consequences, foolish, ungovernable",1,6
"tribe","An African tribe mentioned by Pliny",1,6
"town","A town of Lycia whose ruins contain two ancient theatres",1,6
"dancer","female dancer, dancerette, danceress",1,6
"captured","captured",1,6
"tumble","to fall over, tumble",1,6
"town","A town of Boeotia situated near the Cephisus and the borders of Phocis and birthplace of Plutarch",1,6
"agreement","an agreement together, union, harmony, concord",1,6
"oracle","a response by an oracle to the consultation or inquiry of a deity",1,6
"summoned","summoned",1,6
"design","delineation, outline, scheme",1,6
"tonal","diatonic, modulated",1,6
"build","to construct, build",1,6
"openly","openly, conspicuously",1,6
"storming","storming",1,6
"resting","having kept or keeping holiday; having rested from work",1,6
"brace","A strengthening, support, prop, stay.",1,6
"joyful","feeling joy or happiness; joyous, rejoicing",1,6
"sacrifice","sacrifice, offering",1,6
"fat","an oily or fatty substance; especially greasy or fatty food",1,6
"association","intercourse, interaction, company",1,6
"mourn","to mourn, lament, bewail, deplore",1,6
"prophetic","oracular, prophetic",1,6
"monthly","Monthly, every month, for a month.",1,6
"snack","collation, light evening meal, an afternoon luncheon",1,6
"regret","afterthought, repentance",1,6
"harm","first-person singular sigmatic future active indicative of noceō",1,6
"guide","to lead, conduct to or over a place",1,6
"rage","rage, violence, fury",1,6
"plant","the name of a plant",1,6
"town","a town in Mysia, situated east of Cyzicus",1,6
"spit","to spit, to spit out",1,6
"covering","covering, cover, wrapper (especially of leather)",1,6
"brownish","brownish, somewhat brown, tawny.",1,6
"reserve","reserve, subsidiary",1,6
"gather","to bring together, gather together",1,6
"plant","A plant also called peplis",1,6
"symbolic","having the nature or character of a symbol or sign",1,6
"town","a town of Phrygia famous for its marbles",1,6
"to observe","contracted present active infinitive of θεωρέω (theōréō)",1,6
"tribe","A tribe settled in Thesprotia",1,6
"approached","having glided towards",2,6
"ascension","Ascension",2,6
"thin","to make thin, attenuate, thin, reduce",2,6
"rankness","rancidity, stench, rankness",2,6
"point","to make pointed, point",2,6
"care","to take precautions, beware, take care; to guard against, attend to a thing for a person, provide",2,6
"hunter","hunter, huntsman",2,6
"scattering","scattering, dispersion",2,6
"support","prop, stay, support",2,6
"once","once, one time, only once",2,6
"alluring","enticing, seducing, alluring",2,6
"pure","unstained, unpolluted",2,6
"attacked","attacked, fought against, having been attacked.",2,6
"ugly","unattractive, unworthy of love, repulsive",2,6
"strong","strong, unwearied",2,6
"dealer","shopkeeper, broker",2,6
"cooling","A cooling, a chilling",2,6
"town","a town on the north coast of Cyprus",2,6
"sensation","Combining form of esthesia.",2,6
"door","Hesychius gives the definition as: θύρα (thúra, ""door"").",2,6
"cliff","rock formation: cliff, ledge, cave, ridge",2,6
"prime","of the first quality",2,6
"hard","very difficult etc.",2,6
"magnificent","Very sumptuous or magnificent",2,6
"sacrificed","sacrificed",2,6
"witch","witch",2,6
"town","a town in Umbria situated not far from the sources of the Pisaurus",2,6
"comfort","comfort, relief, solace",2,6
"removed","removed, withdrawn, subtracted, taken away",2,6
"cloth","a small or smallish piece of cloth",2,6
"mountain","A mountain situated between the valleys of the Calore and of the Isclero in Campania",2,6
"terror","a dread, terror, great fear, alarm, panic",2,6
"die","to perish, die",2,6
"mobile","easily moved, mobile",2,6
"grease","grease",2,6
"junction","intersection, junction (junction of two or more paths, etc; a place where two things meet)",2,6
"square","to square; to set with right angles",3,6
"king","A king of Sophene",3,6
"urge","to press, push, force, drive, urge (forward); to stimulate",2,6
"kicking","kicking, apt to kick, (fig.) refractory",2,6
"shine","to be brilliant, glittering or illuminated; to shine, glitter, glisten; gleam white",2,6
"capture","A taking, catching; capture.",2,6
"tenes","Tenes (a city in Algeria)",2,6
"invented","invented, devised, fabricated",3,6
"offense","fault, offense, misdeed, crime, transgression",3,6
"madness","Delirium, madness, frenzy.",3,6
"disperse","to carry different ways, spread, scatter, disperse, separate",2,6
"student","female student, pupil, scholar or disciple",2,6
"trade","trade, commerce",2,6
"burning","burning, ignition",2,6
"trained","trained, practiced, exercised",2,6
"ambiguous","ambiguous",2,6
"successful","hitting the mark, successful",2,6
"obey","to follow, obey [with dative 'someone']",2,6
"dwelling","a dwelling, residing somewhere",2,6
"introduced","having been carried/poured/thrown in or into",3,6
"invention","invention (that which is invented)",2,6
"carry","to bring, bear, carry, take out, forth, away; transport",2,6
"rabbit","A young rabbit cut out from the mother",3,6
"linen","of, belonging to, or relating to linen",3,6
"ancestors","ancestor(s)",2,6
"command","mandate, command, commandment, commission, charge, order to do something, law",3,6
"dying","about to die",3,6
"priming","laying on of a preliminary coat of paint, priming",2,6
"until","until",2,6
"day","a day and night, the space of 24 hours",2,6
"tested","having tried, proved, tested",2,6
"linen","made of flax",3,6
"peak","a peak, pinnacle",2,6
"torturer","torturer, oppressor, plunderer",3,6
"repenting","repenting",2,6
"river","river, stream",3,6
"progress","advance, progress, effect, increase, growth, profit, success",2,6
"challenge","challenge (to combat)",2,6
"shake","to shake, agitate, batter, shatter, demolish, overthrow, rend",2,6
"coolness","coolness",2,6
"response","answer, response",2,6
"returned","having walked back, having stepped back, having returned",2,6
"carver","trancheur, somebody who in a banquet cuts the foodstuffs",3,6
"once","as soon as",2,6
"sleepy","heavy with sleep, sleepy, drowsy, dozy, somnolent",2,6
"mountain","a mountain in Etruria situated between Falerii and the river Tiber",2,6
"offering","victim, offering",3,6
"sinking","sinking down, sinking, failing",3,6
"godlike","godlike",3,6
"fierce","wild, fierce",2,6
"ancestor","great-great-great-great-grandfather",3,6
"beyond","to the farther side, beyond, on the other side",3,6
"thirstless","not thirsty, without thirst",3,6
"island","The mythical island said to be the home of Circe.",4,6
"like","like, resembling (with dative)",2,6
"raise","to hold up one's hands (in fight, in surrender, in prayer etc.)",3,6
"restore","to leave in its ancient state, restore (something) to its former condition",3,6
"river","a river in Africa, mentioned by Ammianus",2,6
"island","An island of the Saronic Gulf near the promontory of Spiraeum",3,6
"adopter","A person who adopts an adult in the place of a child.",2,6
"will","will, free will, choice",2,6
"name","a male given name from Old Irish",3,6
"hat","type of headgear",3,6
"fine","a fine for transgressing a limit",4,6
"omen","omen",4,6
"complement","complement (that which fills up or completes)",2,6
"believe","to believe, to trust in, to give credence to",4,6
"wrinkle","wrinkle, crease in the skin",3,6
"featherless","featherless",4,6
"desire","desire",3,6
"deadly","that brings death, deadly",2,6
"cold","cold, coldness, coolness, chilliness",2,6
"departing","inclined to depart from [with genitive]",2,6
"work","work, daily labor, business",3,6
"pinch","a small amount of flour or meal",3,6
"raging","raging, venting anger",4,6
"clock","mechanism for telling the time, clock",3,6
"mountain","Hymettus, an important mountain of Attica famous for its honey and marble",3,6
"powerless","not having control, power over, or possession of something (takes the genitive)",3,6
"nature","innate or inborn quality; nature",3,6
"folly","silliness, folly, absurdity",3,6
"oval","shaped like an egg, ovoid, oval",4,6
"shield","kind of light shield made of raw skins",3,6
"mark","a mark, line, stroke",3,6
"tribe","An ancient tribe of Liguria",4,6
"apply","to bring to or upon, apply to",2,6
"admirer","admirer",3,6
"sees","contracted third-person singular present mediopassive indicative of ὁράω (horáō)",4,6
"pressure","a pressing, pressure",3,6
"too","too, too much, excessively",3,6
"raised","Brought up;",3,6
"buy","contracted first-person singular present mediopassive indicative of ὠνέομαι (ōnéomai)",4,6
"organ","an organ (musical instrument)",3,6
"weigh","to weigh, weigh out",3,6
"leader","a leader, conductor",2,6
"persisted","persisted",3,6
"cake","round cake used at sacrifices",3,6
"practical","practical",3,6
"toast","a drinking before or to (one's health, etc.), a toast to",4,6
"tribe","an ancient tribe of Sicily, which dwelt east of the Elymi and west of the Siculi",3,6
"ruler","prince, ruler, lord, chief",3,6
"shame","to cause shame",3,6
"rested","rested, refreshed",2,6
"island","an island in the Aegean Sea, one of the Cyclades, neighbouring Delos",3,6
"serious","serious",2,6
"ointment","ointment",2,6
"hard","hard, rough",2,6
"shoot","shoot, sucker",4,6
"adviser","adviser, counselor",3,6
"completed","completed, supplied, supplemented; repaired",3,6
"cultivate","to cultivate (land)",3,6
"tent","A tent.",3,6
"stab","to stab, hit, wound",3,6
"squeezed","pressed, squeezed, extracted",2,6
"book","book, volume, roll, scroll",3,6
"send","apocopic form of ῑ̔́ετε (hī́ete)",3,6
"invitation","invitation, calling",3,6
"witless","void of understanding, witless",4,6
"willing","willing",4,6
"harm","harm, damage",4,6
"collection","collection (of taxes or voluntary contributions)",4,6
"spleen","Hesychius gives the definition as: σπλήν (splḗn, ""spleen""), as they say in Macedonia",3,6
"brightness","a dazzling or glossy whiteness; clearness, radiance, brightness",3,6
"century","century: a period of 100 years",5,6
"colored","colored",4,6
"concealing","convenient for concealing",4,6
"desirous","wanting, desiring, wishing for",5,6
"joining","joining, uniting",4,6
"prize","prize, reward",5,6
"oil","The yield of an olive tree",3,6
"trust","trust, confidence, assurance, reliance",3,6
"judge","judge (one who knows the law and what is right)",5,6
"food","food; victuals; groceries",5,6
"together","to one and the same place",3,6
"curve","to bend inwards, bow, curve",4,6
"ignorantly","ignorantly, unskillfully, foolishly",4,6
"strong","vague epithet of humans, gods, animals, nature: strong, stalwart, or possibly also noble, beautiful, loyal, great",4,6
"boundary","border, boundary, limit; frontier",3,6
"final","last, left behind, final",5,6
"apple","of or made of apples",4,6
"raft","A raft",4,6
"city","One of the most important cities of Caria, now Milas in Turkey",4,6
"beauty","beauty, attractiveness",4,6
"crushing","crushing, bruising",3,6
"bready","bready, like bread",5,6
"individual","individual",3,6
"period","a complete sentence; period",5,6
"fragment","fragment, piece, bit, morsel",4,6
"prostitute","a female prostitute (particularly one of low status)",4,6
"gem","An unknown kind of precious stone.",5,6
"sweated","sweated, perspired",5,6
"stalls","shops, booths",4,6
"tribe","A Celtic tribe of Aquitania mentioned by Pliny",4,6
"able","able, powerful",6,6
"admit","to confess, admit",6,6
"being fluid","being fluid",6,6
"throw","throw, cast",6,6
"sacer","Old Latin form of sacer",6,6
"lean","to lean or rest on or against something",1,5
"shameful","shameful, base, ignoble",1,5
"remove","to remove from, move, put, or take away",1,5
"step","step, stair",1,5
"repel","to cast off, turn away, avert, repel",1,5
"listener","listener",1,5
"beauty","beauty, loveliness, grace",1,5
"town","An ancient town of Mygdonia, situated on the right bank of the river Axius",1,5
"surrounded","surrounded",1,5
"approach","to go, come or meet with someone, approach; visit, accost, address",1,5
"preserving","preserving, conserving",1,5
"turned","turned around or over",1,5
"arrange","to order, to arrange",1,5
"critical","critical (of diseases)",1,5
"depress","to press down; to depress",1,5
"harmful","hurtful, harmful",1,5
"breathless","short of breath, breathing with difficulty",1,5
"expel","to cast out, throw out",1,5
"extract","to draw or pull out or forth",1,5
"welfare","well-doing; well-being; welfare; success",1,5
"filling","accusative supine verbal noun of expleō",1,5
"hay","hay",1,5
"festival","a holiday, festival",1,5
"leafed","beaten into leaf",1,5
"steward","manager, bailiff, steward",1,5
"wooded","woody, wooded",1,5
"raising","raising or exalting men",1,5
"pale","to become pale",1,5
"entering","entering",1,5
"judgement","res judicata, judgement, sentence",1,5
"burn","to burn superficially, scorch, to burn wholly, singe, char",1,5
"general","one of the generals of Alexander the Great",1,5
"slandered","slandered",1,5
"lock","A lock of wool",1,5
"middle","that which is in the middle",1,5
"tribe","A Dacian tribe inhabiting the regions of the lower Danube.",1,5
"mixing","the act of mixing",1,5
"river","A river of Pieria situated near Dium",1,5
"monumental","of or belonging to a monument, monumental",1,5
"sail","to sail, navigate, seafare, embark",1,5
"hide","to hide oneself",1,5
"official","official (clarification of this definition is needed.)",1,5
"backward","in a backward direction",1,5
"foolish","crazy, foolish",1,5
"neglect","neglect",1,5
"candor","openness, frankness",1,5
"fear","to become alarmed or afraid",1,5
"covering","curtain, hanging; carpet; covering",1,5
"traversed","traversed, penetrated",1,5
"flee","to flee, run off, go a certain direction with haste",1,5
"to promise","to promise",1,5
"star","The star γ Virginis in the constellation Virgo.",1,5
"teaching","teaching, lesson",1,5
"magnificent","very illustrious or magnificent",1,5
"rot","to make rot",1,5
"wooded","covered with forest, well-wooded",1,5
"pin","pin or thole",1,5
"mountain","A mountain of Achaia",1,5
"town","A town of Thessaly situated near the sources of the river Spercheus",1,5
"bind","contracted first-person singular present mediopassive subjunctive of δέω (déō)",1,5
"god","The god of nocturnal sky and lightnings",1,5
"salted","sprinkled with salt, salted",1,5
"grass","Used as a specific epithet to indicate a kind of grass",1,5
"island","An island situated in front of Paphos",1,5
"tribute","tribute",1,5
"shade","to shade (cast a shadow)",1,5
"divine","from the perspective of the gods",1,5
"pinch","to pluck, twitch, pinch, nip",1,5
"age","to age, grow old",1,5
"old","old, made old",1,5
"surviving","born alive after the death of the other, said of a pair of twins",1,5
"angel","the name of the angel of Tartarus",2,5
"rejected","denied, refused, rejected, having been rejected.",2,5
"summoned","summoned, fetched",2,5
"attacker","attacker, assailant, aggressor",2,5
"precisely","to a nicety, precisely",2,5
"argue","to have a discussion or difference with another; dispute, quarrel, wrangle, argue",2,5
"note","A small page; short letter.",2,5
"mine","A shaft and pit in a goldmine",2,5
"pan","a pan for baking bread",2,5
"tribe","A tribe of Gallia Belgica, situated between the rivers Somme and Scheldt",2,5
"entice","to attract, persuade",2,5
"autumnal","autumnal",2,5
"town","a town in Aquitania, situated on the road from Aquae Tarbellicae to Tolosa",2,5
"tribe","A tribe of Germany on the river Ems",2,5
"city","a city on the north coast of Sicily, situated between Tyndaris and Cephaloedium",2,5
"file","to file (off)",2,5
"capturing","capturing",2,5
"district","an ancient district of Troas, in modern Turkey",2,5
"shine","to be clear or bright, shine",2,5
"spread","strewn, having been strewn; thatched, having been thatched",2,5
"harm","harm, loss, damage",2,5
"dispute","dispute, disputation, debate, discussion",2,5
"found","perceived, discovered, considered",2,5
"formed","formed, fashioned, having been formed",2,5
"pleased","gladdened, pleased, delighted",2,5
"make","to make, prepare",2,5
"net","small round net, especially for catching oysters",2,5
"town","A town situated on the left bank of the Rhine, between Novesium and Calo",2,5
"strip","a small strip of diseased flesh which is cut out from the body",2,5
"murderer","a murderer, a manslayer, a slayer of men; a murderess",2,5
"suspicion","suspicion",2,5
"bury","to plough in, cover by ploughing",2,5
"juger","A juger, a Roman unit of area, equivalent to 2 acti or 28,800 square feet (approximately ⅔ acre or ¼ hectare).",2,5
"giver","giver, dispenser",2,5
"freed","released, freed, emancipated",2,5
"remembering","remembering",2,5
"city","a city of Moesia situated at the confluence of the Morava in the Danube, now Požarevac or Passarowitz",2,5
"burden","burden",2,5
"arrange","to arrange, put in order, organize",2,5
"sparing","forbearing, sparing",2,5
"shared","shared, participated in, took part in",2,5
"enticed","enticed",2,5
"rustic","a rustic, a country bumpkin, yokel, hayseed, hick",2,5
"seller","seller",2,5
"drive","to drive forward",2,5
"wandering","A wandering",2,5
"sleep","a little sleep.",2,5
"watchful","on the lookout, on the watch; watching for any thing",2,5
"contract","to contract, draw together",2,5
"shell","A kind of shell",2,5
"skill","combining form of τέχνη (tékhnē, ""skill"")",2,5
"bird","Hesychius gives the definition as: kind of bird.",2,5
"marvel","to be astonished, astounded, amazed",2,5
"abyss","abyss, depths",2,5
"shaving","shaving",2,5
"tunic","a small tunic",2,5
"turkey","Turkey (a country located in Eastern Thrace in Southeastern Europe and Anatolia in West Asia)",2,5
"cunning","wily, crafty, cunning, sly",2,5
"viny","of, pertaining to or used for vines",2,5
"abort","to bring forth prematurely",3,5
"pure","undefiled, immaculate",3,5
"helper","One called to aid.",2,5
"goat","a wild goat",3,5
"childlike","like a child",3,5
"sit","to be seated",3,5
"powerless","powerless, impotent",2,5
"fruitful","To be fruitful",2,5
"mountain","a mountain in Phoenicia, mentioned by Pliny",3,5
"buttery","of butter",2,5
"bottom","bottom of a jar, cup or other vessel",3,5
"warming","Causing or promoting warmth, warming or heating.",2,5
"cubic","of or for a block-figure",3,5
"cared","first-person singular aorist active indicative of μέλω (mélō)",2,5
"appoint","to appoint, assign",2,5
"measure","A dry measure for corn, a choenix",2,5
"barber","a male hairdresser",3,5
"to peck","to peck",2,5
"to compare","to compare",2,5
"coordinate","coordinate",3,5
"town","A coastal town of Pontus and colony of Sinope",2,5
"emerging","which is to become visible/arise/come forth.",2,5
"race","a race",3,5
"pitch","A kind of raw pitch",2,5
"to squeak","to squeak",3,5
"cursed","cursing, having cursed",2,5
"island","A small island near Rhodes, mentioned by Pliny",3,5
"lie","third-person singular future middle indicative of κεῖμαι (keîmai)",2,5
"dispersal","scattering, dispersal",3,5
"doctrine","A philosophic tenet, doctrine, dogma",3,5
"freely","as a free gift, freely, for free; also, by grant",2,5
"announced","announced, proposed",2,5
"town","The chief town of the Vocontii in Gallia Narbonensis, now Vaison-la-Romaine",3,5
"thin","to thin, reduce, diminish",2,5
"abroad","From without, from abroad",2,5
"demand","to demand, require",2,5
"mold","small mold (for baking)",3,5
"pit","pit, hollow",3,5
"sect","sect",2,5
"quiet","quiet; still; calm",2,5
"sloping","leaning to one side, uneven, sloping",3,5
"go","second-person singular present active optative of εἶμῐ (eîmĭ, ""to go"")",3,5
"generous","bountiful, liberal, generous",2,5
"cook","A cook",2,5
"greatness","greatness, magnificence",2,5
"matter","matter; material; component stuff; substance",2,5
"learning","the action of learning, knowledge, science",3,5
"island","A small island off the coast of Arabia",2,5
"hired","hired, to be hired",2,5
"foul","foul, dirty, loathsome, abominable",3,5
"normal","A normal (standard) level of something, as opposed to corresponding terms beginning with hyper- and hypo-.",3,5
"away","away, far away, at a distance, absent",2,5
"hateful","odious, hateful",3,5
"childish","Belonging to a child",3,5
"transfer","to carry over or across, to carry from one to another",2,5
"come","to come (to a place), come in, arrive, reach",2,5
"observed","perceived, observed, having been perceived or observed",3,5
"loyal","very faithful, very loyal",2,5
"few","very little, very few",2,5
"cancerous","cancerous, spreading like cancer",2,5
"log","block of wood, log",3,5
"sell","contracted third-person singular present active subjunctive of πωλέω (pōléō)",2,5
"fruitful","fruitful; full of fruit",2,5
"active","Of, pertaining to, or appropriate for action",2,5
"pure","unmingled; unblended; unmixed; pure",2,5
"constantly","constantly, without interruption",2,5
"punisher","a punisher",3,5
"radius","combining form of radius",2,5
"remember","to recollect or remember [with genitive]",2,5
"restored","restored",3,5
"shelter","covering; shelter",2,5
"separately","separately",3,5
"absorbing","drawing in, absorbing",3,5
"roughish","roughish (somewhat rough)",2,5
"rival","a rival",2,5
"drum","a Parthian word for drum",3,5
"tested","tried, tested",3,5
"earthy","earthy",2,5
"deadly","deadly",3,5
"grave","Hesychius gives the definition as: τάφος (táphos, ""grave"").",2,5
"vehicle","A means of transport; vehicle, conveyance, carriage; wagon, cart; ship.",2,5
"viewer","one who sees, looks at, watches: a viewer, watcher",3,5
"market","in, of, or belonging to the market",2,5
"some","some- (turns interrogative pronouns into indefinite pronouns)",4,5
"city","a city in Troas",4,5
"archive","public records office",4,5
"burn","to burn (be consumed by fire)",3,5
"please","to please, satisfy",3,5
"lie","to prostrate oneself, lie prone",3,5
"boldness","The state or quality of being bold; boldness.",3,5
"wagon","Hesychius' gives the definition as: a holy wagon",3,5
"train","train",3,5
"school","a school, especially a primary school",3,5
"bowles","A botanical plant name author abbreviation for botanist Edward Augustus Bowles (1865-1954).",4,5
"dined","dined",3,5
"abandoned","not saved, abandoned",3,5
"yielding","ceding, conceding, surrendering",3,5
"be","third-person singular present active optative of εἰμῐ́ (eimĭ́)",4,5
"arrange","to arrange, compile, compose, make up, organize, order",3,5
"join","to join, unite, fasten, yoke, harness, attach; esp. of the hand: to clasp, join",4,5
"swell","to billow, swell",3,5
"river","A river of Achaia forming the boundary with Elis",3,5
"island","An island in the Sea of Marmara mentioned by Pliny",3,5
"delay","to detain or hold up",4,5
"river","a river in Cisalpine Gaul, probably the Secchia",4,5
"enticed","enticed, elicited, coaxed",3,5
"reed","a kind of reed extending over the ground",4,5
"drying","desiccation (drying up)",3,5
"simple","one in kind, simple",3,5
"arrive","to arrive, come",3,5
"town","a small town of Boeotia famous for its temple of Asclepius",3,5
"out","outside, outdoors (destination)",4,5
"city","an ancient city in Hispania Tarraconensis, situated on a hill",4,5
"image","image",3,5
"inserted","inserted, instilled, introduced",3,5
"actively","in a lively manner, with activity, lively, energetically",3,5
"attacking","assailing, attacking",4,5
"interval","The open space within the vallum of a camp or between palisades or ramparts.",4,5
"internal","From within, internal.",4,5
"town","a town of Numidia situated near Cirta",3,5
"sex","sex, sexual intercourse",4,5
"city","an ancient Carthaginian city on the island of Sicily, modern Italy; now Marsala",3,5
"musical","musical",4,5
"leanness","leanness, poorness, thinness",3,5
"to win","to win",4,5
"soft","soft, tender, mellow",3,5
"lie","to lie, cheat, deceive",3,5
"town","a town of Locris mentioned by Pliny",4,5
"threat","threat",3,5
"mover","mover; that which moves something",4,5
"painless","without pain, painless",4,5
"covering","covering, garment",3,5
"enduring","Lasting, enduring, continuing, persevering.",3,5
"to satisfy","to satisfy",3,5
"tribe","tribe; clan",4,5
"extra","a somewhat larger amount of, a little extra",3,5
"honesty","honesty, probity",4,5
"stop","to stop, desist, halt, cease",4,5
"therefore","so, for this reason, hence, therefore (sums up the previous argumentation)",3,5
"false","Not a true, appearing like a true.",4,5
"rapidly","rapidly",4,5
"to show","to show",3,5
"really","introducing questions — satis with the enclitic interrogative -ne: enough, truly, really",4,5
"serenity","serenity, peacefulness",4,5
"space","spatial: space",3,5
"strap","strap, band, thong",4,5
"decay","decay, putrefaction",4,5
"finally","at length, at last, finally, eventually",3,5
"snare","snare, noose",4,5
"thin","to make thin",4,5
"pine","A kind of pine tree",3,5
"deliver","to hand over, give up, deliver, transmit, surrender; impart; entrust, confide",4,5
"balance","balance, (pair of) scales",3,5
"one","one; uni-",3,5
"leisurely","leisurely",4,5
"learning","learned, thing learned, that which has been learned",4,5
"driver","a driver, especially one who drives and takes care of horses; groom, hostler, stable boy",4,5
"lust","lustful desire, pruriency",4,5
"admired","having admired, having respected",5,5
"pathic","Adjectival form of suffix -pathy.",5,5
"trumpet","to make the sound of an elephant",5,5
"after","behind; after",5,5
"to chew","to chew",5,5
"also","and also, and furthermore, also, too, likewise, besides",5,5
"matter","to matter, to be important [with feminine ablative singular possessive determiner 'to someone']",5,5
"dispatched","sent off or away, dispatched, having been dispatched",1,4
"refused","refused, denied, declined, having been refused",1,4
"resting","reposing, resting (hence dying)",1,4
"active","active, practical",1,4
"trouble","trouble, distress, predicament",1,4
"uniform","uniform; having successive words connected",1,4
"rival","combatant, rival, contestant",1,4
"feeble","easily exhausted, i.e. powerless, feeble",1,4
"alternating","alternating",1,4
"friendly","friendly, capable of being friendly",1,4
"substituted","given in lieu of",1,4
"lift","third-person plural aorist active subjunctive of αἴρω (aírō)",1,4
"seasoned","seasoned, flavored",1,4
"follower","follower",1,4
"city","a city in Mysia situated opposite of Lesbos",1,4
"tent","A tent; a hut",1,4
"sound","Sound.",1,4
"celebrate","to celebrate the festival or rites of Bacchus",1,4
"carry","to carry a burden",1,4
"flatter","to flatter, fawn",1,4
"general","A general of Carthago",1,4
"bubble","to bubble, form bubbles",1,4
"city","a city in Spain, the modern Zaragoza",1,4
"town","a town in Cisalpine Gaul situated on the right bank of the Sapis, now Cesena",1,4
"treader","one who treads (in a treadmill)",1,4
"calculated","Calculated, computed, reckoned, having been calculated.",1,4
"round","perfectly round (of a shield)",1,4
"fleshly","fleshly",1,4
"harvest","to pluck, pick, harvest",1,4
"town","A town of the Sabines, mentioned only by Virgil",1,4
"accompanying","attending, accompanying",1,4
"approved","approved, accepted",1,4
"effort","an effort, struggle; exertion",1,4
"assembled","brought together, assembled, collected, mustered",1,4
"renter","a woman who hires or rents something",1,4
"social","social, gregarious",1,4
"swearing","a swearing together",1,4
"followed","followed (up)",1,4
"consumed","consumed, devoured, having been consumed",1,4
"covenant","covenant, compact",1,4
"chief","chief of ten people (in various contexts)",1,4
"succeeding","succeeding a person in a thing, aftercoming",1,4
"doubt","perplexity; doubting",1,4
"wheat","kind of wheat with coarse straw",1,4
"sweetness","a sweet taste; sweetness (in taste)",1,4
"choice","choice, selection",1,4
"food","food, foodstuff",1,4
"thawed","thawed, unchilled",1,4
"such","of this sort",1,4
"emphasis","emphasis",1,4
"killed","killed",1,4
"shine","to shine forth or out, gleam; brighten",1,4
"evidence","testimony, evidence, proof",1,4
"selling","uncontracted feminine present active participle of πωλέω (pōléō)",1,4
"fall","to fall out, from or down, tumble to the ground, collapse, break down, drop",1,4
"building","having built or building, having constructed or constructing, having fashioned, forged, shaped, fabricated",1,4
"confidence","confidence, self-confidence, boldness",1,4
"lightning","of or pertaining to lightning",1,4
"apathy","A freedom from passion or feeling; insensibility; stoicism.",1,4
"net","A kind of fishing net",1,4
"product","That which is produced, a product",1,4
"gradual","stepwise, gradual",1,4
"river","A river of Caria flowing into the Maeander",1,4
"three","Ⅲ, the Roman numeral three (3).",1,4
"troubled","troubled, molested, having been disturbed",1,4
"submit","to accommodate oneself to the will of another person; comply with, yield to, gratify, oblige, humor, submit",1,4
"ambushing","ambushing",1,4
"godlike","godlike (similar or equal to a god)",1,4
"boaster","boaster (female)",1,4
"oath","oath",1,4
"rinse","to wash out or away; to rinse",1,4
"wedge","wedge, peg, stopper",1,4
"cloth","small linen cloth",1,4
"thin","to become thin, lean",1,4
"slender","long, tall, taper",1,4
"honey","Used as a term of endearment, literally meaning little honey.",1,4
"minority","minority (age)",1,4
"shaping","shaping",1,4
"exchange","interchange, exchange",1,4
"town","an ancient town of the Turdetani, in Hispania Baetica",1,4
"town","A town of Iberia mentioned by Pliny",1,4
"worthless","worthless, good-for-nothing",1,4
"town","a town of the Oretani in Hispania Tarraconensis",1,4
"firm","made firm, durable, having been steadfast.",1,4
"rising","about to rise",1,4
"well","of or from a well",1,4
"king","The name of three kings of Macedonia",1,4
"surrounded","falling round, surrounded by, wrapped in",1,4
"penetrate","to see through something",1,4
"carry","first-person singular present mediopassive subjunctive of φέρω (phérō)",1,4
"full","full, plenary; entire",1,4
"sail","second-person singular future mediopassive indicative of πλέω (pléō)",1,4
"afterwards","afterwards, hereafter, thereafter",1,4
"asking","asking, requesting etc.",1,4
"information","a piece of news, a piece of information",1,4
"challenge","calling forth, challenge (to combat, etc.)",1,4
"creep","to creep forward",1,4
"puncture","puncture, pricking",1,4
"notion","A town of Ionia situated to the south of Ephesus",1,4
"shell","Hesychius gives the definition as: κέλυφος (kéluphos, ""case; pod, shell""), as they say in Tarentum.",1,4
"snatching","about to snatch, about to grab, about to carry off",1,4
"accounts","accounts",1,4
"return","to come back, return",1,4
"drunk","drunk, intoxicated; drunken",1,4
"preserve","to preserve, keep safe",1,4
"oak","old hollow oak",1,4
"town","a town in Samnium, situated near the frontiers with Campania",1,4
"earth","A kind of earth, which was supposed to indicate the presence of native gold",1,4
"frail","to be old or frail",1,4
"dreamer","dreamer; person who puts faith in dreams",1,4
"size","stature, size",1,4
"islands","Two small islands of the Ionian Sea",1,4
"give","to gift a thing to one",1,4
"converge","to flow together, flow in the same stream (also used figuratively)",1,4
"hand","Old Latin form of manus",1,4
"perfecting","completing, accomplishing, fulfilling, perfecting",1,4
"cunning","cunning; crafty; practised",1,4
"raise","to raise or elevate",1,4
"greenness","greenness, verdure",1,4
"pleasing","that causes pleasure or satisfaction",1,4
"ask","to ask for, crave, demand, beg [with accusative 'something'; or with accusative 'something' and accusative 'from someone']; or with object omitted",1,4
"smokeless","without smoke, smokeless, not smoking",2,4
"dwell","to dwell by or near",2,4
"open","opened, uncovered",2,4
"serving","attending, assisting serving",2,4
"approach","to swim or sail to, towards or along",2,4
"balanced","in perfect equilibrium",2,4
"equivalent","being equivalent, having equal power; equivalent",2,4
"city","a city of Caria founded by the mythological hero Alabandus",2,4
"cat","cat (rare)",2,4
"height","height",2,4
"fronted","Having been put in front, fronted",2,4
"city","A city of the Frentani, situated on a hill not far from the mouth of the river Sagrus, now the town of Lanciano",2,4
"release","to loose from",2,4
"compact","agreement, arrangement, treaty",2,4
"warlike","making war, warlike, war-bringing",2,4
"cap","A kind of hat, cap",2,4
"kick","to strike with the heel (or foot)",2,4
"shoe","A sort of rustic leather shoe",2,4
"ending","ending, termination",2,4
"woody","of or pertaining to tree trunks, wood",2,4
"basin","basin for washing the hands",2,4
"decorated","ornamented or decorated all around",2,4
"surrounded","surrounded, beset",2,4
"close","to shut, close, bar (e.g. the door)",2,4
"hear","to hear, listen to [with genitive 'someone' and participle 'doing something'; or with accusative 'something']",2,4
"red","scarlet; blushing",2,4
"clang","din, clash, ringing",2,4
"nature","a constitution, disposition, nature, character",2,4
"shattered","shattered, battered, convulsed",2,4
"need","want, need",2,4
"union","coming together, meeting, joining, putting together",2,4
"let","second-person singular aorist active imperative of ἐάω (eáō)",2,4
"teacher","educator, tutor",2,4
"general","A Syracusan general who served under the Carthaginan army",2,4
"name","a male given name, character in the play Epidicus of Plautus",2,4
"event","event, occurrence, reality",2,4
"summon","to summon, to call out, to call forth",2,4
"model","model, pattern, example, original or ideal",2,4
"to elevate","to elevate",2,4
"form","to form, fashion, shape",2,4
"shape","to shape, fashion, form, knead (dough)",2,4
"seed","grapestone, seed of the grape",2,4
"begin","to begin, make a beginning, take initiative, be first",2,4
"resent","to scorn or resent",2,4
"spontaneous","unbidden, voluntary",2,4
"duality","duality; twoness; the state of being two",2,4
"take","Old Latin form of capiō",2,4
"milky","milky",2,4
"cuckoo","cuckoo (Cuculus canorus)",2,4
"fuller","rather or fairly more copious",2,4
"gem","An unknown gem, spotted with white",2,4
"platform","the part of the stage where Greek actors spoke; called pulpitum by Romans",2,4
"magnetes","one of the Magnetes",2,4
"hammer","small hammer, hammer",2,4
"town","A town of Idumaea",2,4
"city","any one of a number of cities named Oenoe",2,4
"blessed","happy, blessed, blest",2,4
"tribe","A Celtic tribe of Gallia Lugdunensis, whose chief town was Vorganium",2,4
"dock","curled dock (Rumex crispus)",2,4
"crater","A crater in the Oceanus Procellarum on the Moon, near the Letronne crater.",2,4
"sin","sin, error, fault",2,4
"fenced","perfect mediopassive participle of φράσσω (phrássō)",2,4
"roam","to be or live in foreign parts, be abroad or a stranger, go abroad, travel about; roam, rove; sojourn abroad, peregrinate",2,4
"bored","wearied, bored",2,4
"cheating","cheating, quackery, imposition",2,4
"damp","moist, damp, wet",2,4
"filled","third-person plural aorist active indicative unaugmented of πίμπλημι (pímplēmi)",2,4
"portion","share, part, portion",2,4
"abundant","very rich, very plentiful",2,4
"omen","a prognostication; an omen or sign of the future",2,4
"tool","instrument, implement, tool",2,4
"recovery","recovery",2,4
"protest","complaint (a cry of opposition or disapprobation), protest",2,4
"return","to go or come back; turn back, return",2,4
"net","Hesychius gives the definition as: γυργαθίον (gurgathíon, ""net"").",2,4
"courting","of or belonging to visiting or paying court",2,4
"sandal","a light strap-shoe, sandal",2,4
"ignite","to ignite, set on fire",2,4
"gun","of or from a musket or a gun",2,4
"hissing","a hissing, whistling",2,4
"linen","fine cloth, usually linen",2,4
"tunic","A plain, short garment",2,4
"cleansing","cleansing, abstersive",2,4
"solid","solid, hard",2,4
"helper","helper",2,4
"observe","contracted second-person plural present active subjunctive of θεωρέω (theōréō)",2,4
"divinity","divinity, divine nature, Godhead",2,4
"ringing","A ringing, jingling, tinkling.",2,4
"press","press (for wine or oil)",2,4
"twisting","a twisting, wreathing",2,4
"city","an ancient city in Campania situated near the course of the Vulturnus",2,4
"swell","to be swollen, swell out",2,4
"town","a small town in Latium, situated near the Pontine marshes.",2,4
"sail","to make sail, spread sail, set sail",2,4
"airing","airing",2,4
"town","a town in Gallia Belgica, situated near Vindonissa",2,4
"blame","a censuring; blaming",2,4
"city","One of the most important cities of Egypt",3,4
"binding","binding, tying",2,4
"very","very, greatly",3,4
"town","an ancient town of Tymphaea",3,4
"calm","serene, calm",3,4
"attach","to glue, paste, solder or cement to something; fit closely to, fasten to",3,4
"knower","a person who recognizes, understands, perceives",3,4
"to care","to care",2,4
"human","human being; person (as differentiated from gods, beasts, etc.)",2,4
"approval","the act of approving; approval, approbation, acquiescence",3,4
"foreign","foreign (brought from elsewhere)",3,4
"dryness","dryness, drought, aridity",3,4
"helpful","aiding, succoring, propitious [with dative]",2,4
"arrival","an arrival",2,4
"agree","to agree with; assent to, approve, give assent or approval",3,4
"tribe","A pre-Roman tribe of Hispania Tarraconensis",2,4
"to bathe","to bathe",3,4
"royal","of the king, kingly, royal",2,4
"born","masculine aorist passive participle of τίκτω (tíktō)",2,4
"sighted","attained by sight",3,4
"town","a town in Cisalpine Gaul, whose location is unknown",3,4
"sooty","black and sooty (like a cooking pot)",2,4
"town","a town in Venetia",2,4
"hot","hot, heated",2,4
"seize","to take, to capture, to catch, to seize, to take captive, to storm",3,4
"accuser","accuser",3,4
"mock","to jeer, mock, satirize",3,4
"islands","a group of islands of the Adriatic Sea off the coast of Liburnia",2,4
"river","A small river of Colchis which flows into the Black Sea",3,4
"rotation","rotation, revolution",3,4
"town","A town of Isauria mentioned by Pliny",2,4
"sail","contracted third-person singular present active imperative of πλέω (pléō)",2,4
"sleeping","Of or belonging to lying in sleep",3,4
"bed","an Egyptian couch with mosquito netting",3,4
"recruiter","recruiting officer, recruiter",3,4
"purpose","plan, intention, design, purpose",3,4
"sneaking","sneaking, slinking",3,4
"cup","small vessel or cup",2,4
"oven","covered earthen vessel, wherein bread was baked by putting hot embers round it",3,4
"copper","copper (the metal)",2,4
"to bind","aorist active infinitive of δέω (déō)",3,4
"announced","announced, declared, having been announced.",2,4
"dissolved","having dissolved, decayed, collapsed",2,4
"flowers","the flowers of a plant called britannica",2,4
"exhale","to breathe out, exhale",2,4
"supported","propped up, supported",3,4
"boil","to boil thoroughly, seethe",2,4
"blunt","to deprive (something) of its edge",2,4
"motion","movement, motion, impulse; course",3,4
"letter","a letter, epistle",3,4
"race","race; ethnicity (in the sense of classification of human beings).",3,4
"fruitless","to no purpose, fruitless",2,4
"swarm","swarm of bees; crowd",3,4
"exception","An exception or objection in law.",3,4
"boiled","boiled",3,4
"testing","testing, trying, experiencing",3,4
"breaking","the action of breaking",2,4
"funnel","funnel",2,4
"to laugh","to laugh",3,4
"burden","a donkey's burden, a load as great as an ass can carry",3,4
"bright","gleaming, bright",2,4
"where","where",3,4
"wild","untamed, wild, savage",2,4
"intestinal","Of or relating to an intestine.",2,4
"construction","the practice or process of building, construction",3,4
"arrangement","disposition, arrangement",3,4
"chief","head man, chief, leader",3,4
"reflected","reflected",3,4
"island","An island of the Ionian Sea mentioned by Pliny",2,4
"distant","A long way off, far away, at a distance, distant.",3,4
"reward","to reward, honor",2,4
"roar","roaring, a roar, bellow",2,4
"remaining","about to stay, remain",2,4
"soother","that which soothes",2,4
"flowing","flowing",3,4
"nectar","A honeylike juice, sucked by bees from plants; propolis, bee-glue, hive dross.",2,4
"feared","feared",2,4
"vinous","of or belonging to wine; vinous",3,4
"biting","biting",2,4
"skin","skin, wineskin",3,4
"go","to go, go away",2,4
"nothing","nothing",3,4
"depend","to lean or rest upon; depend upon",3,4
"fame","fame, renown, celebrity",3,4
"indicating","pointing out, making known, causing to be known",3,4
"cloudy","full of clouds, cloudy",2,4
"urge","to encourage, exhort, urge",2,4
"observed","observed, watched, having been observed.",3,4
"opposite","over against, opposite",2,4
"knot","knot (of a belt etc)",2,4
"display","exhibition, display, showing off",3,4
"preparing","preparing; arranging",2,4
"city","A city of Caria and once the chief seat of the Leleges",3,4
"clam","large mussel or clam",3,4
"drinker","a receiver, imbiber",3,4
"crossing","crossing",3,4
"high","very elevated, lofty, high",3,4
"refuge","refuge, shelter",2,4
"smear","to smear all over",2,4
"chick","the young of the crane",3,4
"fish","the Fish, Piscis Austrinus (constellation)",2,4
"fishy","full of or teeming with fish",2,4
"pine","of or from the pine",3,4
"applause","applause, cheers",2,4
"livy","Livy",3,4
"drinking","drinking",3,4
"extended","Having been stretched forth; having been extended.",2,4
"extension","A prolonging, extension.",3,4
"gloomy","gloomy, cloudy",3,4
"slanderous","slanderous",3,4
"deprive","to deprive, bereave [with accusative 'someone' and genitive 'something']",3,4
"cleanse","to clean, cleanse, clear, purge, purify",2,4
"to complain","to complain",2,4
"restored","returned, restored",3,4
"restoration","restoration, renewal",3,4
"town","a town in Cisalpine Gaul situated between Regium and Parma",3,4
"town","a town in Lombardia, now Robbio or Retorbido**",2,4
"arrow","an arrow, shaft, bolt",2,4
"saliva","spittle, saliva",2,4
"saddle","A saddle for horses",3,4
"calmer","nominative/accusative/voc /Obama neuter singular of sedātior",2,4
"plant","to plant, sow",3,4
"serving","serving, (as a servant or slave)",3,4
"affection","love, affection; especially of parents and children",3,4
"former","former (one who forms)",3,4
"arch","the arch of the foot",2,4
"handle","to handle, touch",3,4
"adventurer","bold, adventurous person",2,4
"barber","a female hair cutter, barber",3,4
"departing","departing; leaving; abandoning; forsaking; quitting",3,4
"tribal","tribal",3,4
"giver","a giver, imparter",3,4
"utterly","to the very bottom, to the uttermost, utterly",4,4
"precisely","precisely",4,4
"iconic","representing a figure, portrait-like",4,4
"river","A river that flows into the Persian Gulf, mentioned by Pliny",4,4
"to buzz","to buzz",4,4
"bladder","bladder, bubble",4,4
"standing","causing to stand, coming to a standstill, rest",4,4
"separation","separation, divorce",4,4
"becoming","A process of becoming (growing or increasing in the trait specified by the prefixed stem).",4,4
"rodent","A small rodent or similar animal",4,4
"pour","to pour out, shed",4,4
"garment","garment",4,4
"book","book",4,4
"measured","having measured, estimated",4,4
"biting","biting, gnawing",4,4
"enthusiastic","having been done with zeal or enthusiasm.",4,4
"conceal","to cover, hide, conceal",4,4
"stubborn","stubborn, obstinate",4,4
"itch","an itching, itch",4,4
"how","by what means, how",4,4
"removing","separating, removing",4,4
"study","study",4,4
"transfer","a legal transfer of property",1,3
"approach","to go or come toward, approach, reach",1,3
"accuser","accuser, plaintiff",1,3
"flawless","flawless",1,3
"acoustic","acoustic",1,3
"joiner","A person who adds, joins, unites",1,3
"bite","a biting at, a bite, having been bitten",1,3
"convey","to bear, carry, convey or bring to or towards a place",1,3
"grouped","grouped, agminate",1,3
"folly","irrational conduct or action; nonsense, folly",1,3
"transform","to change or alter throughout or completely, transform",1,3
"city","an ancient city in Etruria, in modern Italy",1,3
"disputed","having argued with",1,3
"town","a town in Istria situated near the course of the Arsia, now Albona",1,3
"bitterly","bitterly, spitefully; with bitterness",1,3
"angle","bend; angle",1,3
"similarity","analogy, similarity",1,3
"vain","windy (empty and lacking substance), good for nothing, in vain",1,3
"decay","decline, decay",1,3
"king","A Germanic king, who made war against Caesar",1,3
"city","a city of Boeotia situated not far from Orchomenus",1,3
"assigned","assigned",1,3
"assault","an assault",1,3
"region","an ancient region in modern Iran, now known as Bisotun",1,3
"river","a river in Africa, now the Medjerda",1,3
"lake","A lake of Thessaly situated near Mount Ossa",1,3
"to mean","to mean",1,3
"town","A town of the Aedui in Gallia Lugdunensis, situated on the west bank of the Arar",1,3
"laugh","to laugh loudly or immoderately; to cachinnate",1,3
"river","A river of Drangiana mentioned by Pliny",1,3
"river","a river in Cilicia, now the Göksu",1,3
"city","A city of the Decapolis mentioned by Pliny",1,3
"grasp","to strive eagerly after, snatch at any thing",1,3
"bondage","captivity, bondage",1,3
"city","a city in Cappadocia situated not far from Tyana",1,3
"causal","causal",1,3
"caution","caution",1,3
"mocked","having jeered, mocked, satirized",1,3
"certificate","certificate",1,3
"chaos","alternative letter-case form of Chaos",1,3
"mixing","a mixing",1,3
"fence","a fence, hedge, enclosure",1,3
"comforter","consoler, comforter (one who consoles or comforts)",1,3
"correct","to correct (set right)",1,3
"loaned","lent, loaned, having been loaned",1,3
"desire","to desire, long for",1,3
"condemner","a person who condemns",1,3
"remove","to take away, diminish, remove, withdraw, (with dative) detract from",1,3
"steep","broken, precipitous, steep",1,3
"lodger","lodger, guest",1,3
"fight","to fight, battle or attack",1,3
"mat","mat made of rush used for sleeping on",1,3
"estimating","estimating",1,3
"pain","extreme or unbearable pain",1,3
"boiling","boiling up or over",1,3
"sauce","A sauce",1,3
"footing","that on which one goes or steps",1,3
"to lie","to lie",1,3
"energy","energy",1,3
"breaking","breaking, bursting",1,3
"hopeful","hopeful; cheerful",1,3
"faint","weakened, exhausted, breathless or weak with emotion",1,3
"interpreter","explainer, interpreter",1,3
"roaring","roaring, growling",1,3
"break","to break (something) to pieces",1,3
"name","name of several different mythological characters",1,3
"boasted","having boasted, bragged",1,3
"critical","judging by rule; fit to judge of or skilled in a thing",1,3
"burdening","burdening, weighing down, oppressing",1,3
"hut","hut, hovel",1,3
"capture","capture, conquest",1,3
"primer","elementary instruction, an elementary treatise",1,3
"sand","fine sand, a grain of sand",1,3
"tribe","A tribe of Gallia Narbonensis, which bordered on the Arverni",1,3
"similar","of like or similar form",1,3
"agreeing","in agreement, of one mind [with dative 'with']",1,3
"garden","of or belonging to a garden",1,3
"guest","a lodger, guest",1,3
"burying","burying",1,3
"health","health",1,3
"strainer","filter, colander, strainer",1,3
"free","loosed, free",1,3
"ironic","mocking, ironical",1,3
"negative","negative, consisting of denial",1,3
"accused","accused, blamed, having been charged",1,3
"instrument","An instrument, tool, utensil",1,3
"envy","envy, grudge, grudging, jealousy, prejudice, spite",1,3
"roll","to roll to or upon something",1,3
"blameless","blameless, without blame",1,3
"die","to die in or upon (+ dative or (rarely) + in + ablative)",1,3
"just","that acts justly",1,3
"aid","to help, aid",1,3
"town","a town in Dalmatia, mentioned by Pliny",1,3
"saw","third-person dual aorist active indicative of ὁράω (horáō)",1,3
"admire","to wonder at; to admire",1,3
"fragile","easily torn or lacerated",1,3
"nursing","suckling, milking",1,3
"strike","to strike, collide, hurt",1,3
"trumpeter","a clarionblower, a military trumpeter",1,3
"speaker","speaker, talker",1,3
"struggle","to struggle, strive, contend",1,3
"cook","cook",1,3
"city","an ancient city of the Salentini in Calabria, situated between Tarentum and Lupiae",1,3
"sacrifice","to render as an offering",1,3
"melancholy","melancholy, atrabiliousness",1,3
"river","a river of Magna Graecia",1,3
"sail","contracted second/third-person dual present active indicative of πλέω (pléō)",1,3
"metaphor","a metaphor",1,3
"brief","short, brief (duration), momentary",1,3
"tribe","An ancient tribe among the earliest inhabitants of southern Italy",1,3
"womanly","womanly",1,3
"borrowed","having borrowed, obtained on loan",1,3
"wicked","sinful, wicked",1,3
"river","A river of Pontus, mentioned by Pliny",1,3
"river","A river of Illyria mentioned by Pliny",1,3
"hospital","infirmary, hospital",1,3
"learned","versed in tales or stories; learned, erudite",1,3
"warning","admonition, warning",1,3
"nursing","that suckles or nurses",1,3
"contradicting","having spoken against someone or something; having interrupted a speaker, interjected",1,3
"blocking","the act of closing up by building; a blocking up.",1,3
"faithless","of little faith",1,3
"village","small town, village",1,3
"baker","a female baker",1,3
"open","to open, break open",1,3
"river","A river in Epirus mentioned by Livy",1,3
"sharer","a sharer, partaker",1,3
"town","a small town in Caria situated on the east side of Mount Latmus",1,3
"tribe","A tribe of Illyria settled in a mountainous district",1,3
"to enter","to enter",1,3
"mouth","the mouth of a vessel",1,3
"offspring","that which is borne, fruit of the womb",1,3
"tribe","A Celtic tribe of Aquitania, whose capital was Limonum",1,3
"basin","A basin, a washbasin",1,3
"greed","greediness, greed, avarice",1,3
"promised","promised, guaranteed",1,3
"town","A Volscian small town situated near Corioli",1,3
"clerk","secretary, registrar; clerk",1,3
"sweet","very sweet, luscious",1,3
"original","original (from the beginning)",1,3
"guiding","soul-guiding, -conducting",1,3
"rosy","shame-colored, blushing, ruddy, rosy",1,3
"festival","A festival held in honor of the goddess Minerva, held on the fifth day after the Ides.",1,3
"swift","swift, rapid",1,3
"stretch","to stretch out; to strain",1,3
"recovered","recovered",1,3
"bar","bolt or bar for a door; restraint, limit",1,3
"refuted","refuted, disproved",1,3
"king","A king of Armenia",1,3
"sacrificer","Someone who conducts a sacrifice, sacrificer, sacrificing priest.",1,3
"bird","some kind of small bird",1,3
"stony","of rock or stone, stone-",1,3
"roughness","roughness, ruggedness",1,3
"wicked","wicked, scelerous",1,3
"severing","severing, separation",1,3
"later","later, slower",1,3
"title","the title of a comedy by Plautus",1,3
"to log","to fell timber; to procure wood",1,3
"compact","dense, solid, holding together, fastened",1,3
"stability","stability, steadiness, immovability",1,3
"prickly","consisting of prickles or goads",1,3
"model","model, example, sample",1,3
"collection","a bringing together, collecting, contribution",1,3
"team","a pair of horses",1,3
"silent","silent (without speaking)",1,3
"question","to ask or inquire insistently, frequently or eagerly",1,3
"town","A town in the south of Thrace where the Trausi attacked the Roman army",1,3
"town","a town of Pontus near the mouth of the Thermodon",1,3
"river","A river of Venetia which flows into the Adriatic Sea between Aquileia and Tergeste",1,3
"thundering","thundering (epithet of Jupiter)",1,3
"piercer","piercer",1,3
"quietness","quietness, calmness, stillness, tranquillity, serenity",1,3
"speech","speech, utterance, language, discourse",1,3
"chief","chief of a tribe",1,3
"to drive","to drive",1,3
"tribe","A Celtic tribe of Gallia Lugdunensis, whose chief town was Rotomagus",1,3
"breeze","a slight wind, breeze",1,3
"tribe","A tribe of Gallia Narbonensis",1,3
"garment","garment, robe, article of clothing",1,3
"vintage","of or pertaining to the grape harvest",1,3
"flavor","the flavor of wine",1,3
"to grow","to grow",1,3
"jealousy","jealousy",1,3
"painting","the art of painting",1,3
"pitch","Tar or pitch that is mixed with wax, which was scraped off from ships.",1,3
"box","chest, box",1,3
"beer","Combining form of beer.",1,3
"boundless","bottomless, boundless",2,3
"salad","that which is prepared with oil and vinegar; vinaigrette seasoned vegetables, salad greens; hence salad",2,3
"ring","ring or hoop, passed round the joint of the spearhead and shaft",2,3
"pain","physical pain, irritation",2,3
"aggressive","aggressive",2,3
"gather","to collect, gather",2,3
"escort","escort (group of people or vehicles, generally armed, who go with a person or people of importance to safeguard them on a journey or mission)",2,3
"consumer","a (female) consumer",2,3
"turn","to turn round; to roll; to wind",2,3
"gem","A gem used in hydromancy",2,3
"rule","to rule, be lord (over)",2,3
"flowery","flowery",2,3
"fatherless","not having a father; without a father",2,3
"openly","openly, clearly, plainly",2,3
"suddenly","unawares, of a sudden",2,3
"plowing","of or for plowing, plow-",2,3
"bread","a cake or loaf of wheat bread",2,3
"city","a city in Hispania Baetica, now Medina Sidonia",2,3
"scatter","to scatter or strew something or someone",2,3
"yellow","jaundiced, yellow",2,3
"genuine","original, genuine, authentic",2,3
"independent","subject only to one's own laws, independent (of people and states)",2,3
"proper","proper, becoming",2,3
"town","an ancient Berber town that became a colony of Mauretania Tingitana founded by Augustus on the river Subur",2,3
"star","The star γ Orionis in the constellation Orion.",2,3
"modal","pertaining to a mode",2,3
"grease","to grease, rub with oil",2,3
"flatterer","flatterer",2,3
"god","The name of a god worshipped in Bithynia",2,3
"song","song, melody",2,3
"flax","flax (Linum usitatissimum or Linum bienne)",2,3
"straw","of dry straw",2,3
"shop","a boutique, a shop",2,3
"food","food, nutriment, victuals, provisions, fare, ration, fodder",2,3
"induce","to lead in or on",2,3
"cooking","cooking, heating, roasting",2,3
"level","to level (make level)",2,3
"invented","fabricated, invented",2,3
"confident","confident",2,3
"union","connection, union",2,3
"mother","A female who brings forth or produces; a mother.",2,3
"crack","crack, fissure",2,3
"rattle","rattle (for children)",2,3
"crucial","of or pertaining to the cross or torture",2,3
"battle","decisive conflict (or a decision that arose out of conflict)",2,3
"descend","to run, flow, move, sail or swim down",2,3
"complete","to have done with, perform, finish, carry out",2,3
"to depart","to depart",2,3
"transfer","an assignment (of debt), substitution",2,3
"folly","silliness, folly, madness",2,3
"designating","designating",2,3
"snatched","plundered, snatched",2,3
"defeated","defeated",2,3
"slanderous","slanderous; libellous",2,3
"accuse","to accuse, denounce, charge",2,3
"roaming","running about (or to and fro)",2,3
"chamber","room, chamber",2,3
"hostile","hostile [with dative or genitive 'to someone']",2,3
"feast","solemn feast, banquet",2,3
"afterward","thereafter, since",2,3
"scold","to blame, scold; to find fault with, treat scornfully, attack verbally, vituperate, insult",2,3
"receive","to receive as one's portion",2,3
"arms","armor, weapons, fighting gear",2,3
"rowing","at the oars",2,3
"ruin","ruin, wreck",2,3
"performer","accomplisher, performer",2,3
"spell","a charm, spell, witchcraft",2,3
"wildness","wildness",2,3
"quick","hastening, quick",2,3
"firmly","strongly, firmly",2,3
"breathe","to pant, blow, breathe",2,3
"trick","a deception, trick",2,3
"to support","to support",2,3
"name","a male given name, equivalent to English Gerasim",2,3
"script","style of writing",2,3
"reedy","Of reeds, reedy.",2,3
"quiet","untroubled, quiet, at one's ease",2,3
"yearning","yearning; longing",2,3
"together","At the same place: together",2,3
"king","The name of several Parthian kings",2,3
"gem","a precious stone reputed to make the bearer fruitful",2,3
"river","Hydaspes, Jhelum (a river in Pakistan and India)",2,3
"porter","gatekeeper, warder, porter, guardian",2,3
"identity","sameness, identicalness, identity",2,3
"region","Edom (or Idumea), a region south of the Dead Sea.",2,3
"imagination","mental image, fancy, imagination",2,3
"rainy","rainy, rain-bringing",2,3
"rainy","rainy (abounding with rain)",2,3
"change","to change, alter, transform",2,3
"activity","activity, indefatigableness",2,3
"wizard","enchanter, spellcaster, conjurer, wizard",2,3
"to cultivate","to cultivate",2,3
"bloodless","bloodless, without bloodshed",2,3
"tribe","Utii, an ancient Persian tribe mentioned by Herodotus",2,3
"proudly","haughtily, proudly, pompously",2,3
"understanding","understanding, realizing.",2,3
"interruption","interruption, interposition (in speaking)",2,3
"pause","pause, respite, interval",2,3
"gained","having gained, acquired, profited",2,3
"to rage","to be angry, to be enraged",2,3
"epic","The Kalevala (the Finnish national epic)",2,3
"region","Košice (a region of Slovakia)",2,3
"liberty","license; freedom; liberty",2,3
"to cleanse","to cleanse",2,3
"bright","bright, clear",2,3
"cup","a cup or can",2,3
"deliverer","one who looses, deliverer",2,3
"boastful","that talks big",2,3
"handed","handed: having a hand or hands",2,3
"male","male; masculine",2,3
"dish","Macedonian or Thessalian dish made of hashed meat, poultry and herbs, and served cold as a dessert",2,3
"passing","passing, moving, penetrating through",2,3
"city","an ancient city in Hispania Tarraconensis",2,3
"polishing","smoothing, polishing",2,3
"miner","miner, quarrier",2,3
"alter","to alter, change (transitive)",2,3
"shoot","to send forth quickly, shoot out, fling out",2,3
"diminish","to lessen, diminish, subtract, temper",2,3
"initiate","to initiate (confer membership on)",2,3
"negative","negative, negatory; restraining",2,3
"count","to count, enumerate",2,3
"oppose","to struggle against, contend with, oppose [with dative 'who/what']",2,3
"degraded","to be degraded, sullied, debased",2,3
"king","a king of Pisa, son of Ares and father of Hippodamia",2,3
"air","the clear chill air (of morning)",2,3
"town","a town of the Leuci in Gallia Belgica",2,3
"rejected","rejected, sorted out, to be sorted out",2,3
"barky","made of bark",2,3
"unite","to unite, make one",2,3
"raised","second-person dual aorist active indicative of ἐπαίρω (epaírō)",2,3
"garment","any coarse or cheap garment",2,3
"town","A town of Arcadia",2,3
"divide","to share, part, apportion; divide, distribute",2,3
"leap","leap, bound",2,3
"island","An island mentioned by Pliny",2,3
"curious","very inquisitive etc.",2,3
"instructed","instructed",2,3
"perish","to perish, pass away, die, be ruined",2,3
"trusting","trusting greatly, confiding strongly",2,3
"covering","covering, curtain, carpet",2,3
"river","A river of Boeotia, whose springs were situated on the Helicon",2,3
"hating","hating, loathing, detesting, abhorring",2,3
"tribe","A tribe of Pontus, which dwelt near the banks of the river Corax",2,3
"show","to show; to make visible",2,3
"scarcely","scarcely, hardly, painfully",2,3
"pea","pea, pease, seed of Pisum sativum",2,3
"mad","mad, delirious",2,3
"folder","A laundry-woman who folds clothes",2,3
"rain","to cause it to rain",2,3
"penal","penal; of or pertaining to punishment",2,3
"selling","contracted neuter present active participle of πωλέω (pōléō)",2,3
"power","power, ability",2,3
"foresee","to foresee or foreknow",2,3
"provided","provided, supplied, offered, bestowed, tendered, furnished, made available, presented, promised",2,3
"teacher","teacher, professor",2,3
"cushion","a pillow, cushion, bolster",2,3
"union","a union, association",2,3
"magical","magical",2,3
"care","to care about",2,3
"cold","cold, frigid",2,3
"seek","to seek, search, or look for earnestly",2,3
"rot","to be rotting or rancid",2,3
"god","a minor god of ambiguous patronage: either a tutelary god of returning or one of laughter.",2,3
"abandoning","abandoning; relinquishing",2,3
"return","a return",2,3
"seeker","seeker, striver",2,3
"rejected","having been rejected, repulsed, repelled",2,3
"feeling","suffering, feeling, emotion",2,3
"sound","to make a sound or noise in or on; sound, sound loudly, resound, roar",2,3
"elder","elder",2,3
"health","health, soundness of body, healing",2,3
"cut","cut",2,3
"seminary","seminary",2,3
"opening","opening, orifice",2,3
"to save","to save",2,3
"noisy","noisy (of the rattling of the corn upon the ground as it fell from the mouths of the sacred chickens)",2,3
"statue","a statue, especially one made of metal",2,3
"sap","juice of plants",2,3
"shoot","a shoot, branch, or twig springing from the root or stock of a tree; a sucker, knee",2,3
"turned","fit for turning, turned",2,3
"recommended","recommended",2,3
"counter","banker's stall",2,3
"enter","to go under, come under; enter",2,3
"subject","That which is spoken of; the foundation or subject of a proposition.",2,3
"town","a town in Hispania Tarraconensis",2,3
"universe","universe",2,3
"list","list, register, syllabus",2,3
"river","river Symaethus; river Simeto, Italy",2,3
"city","a city in Sicily, situated between Messana and Catana, now Taormina",2,3
"purpose","purpose",2,3
"perfection","completeness, perfection",2,3
"hold","to hold, have; to grasp",2,3
"town","a town in Lucania",2,3
"repeat","to do for the third time, thrice",2,3
"fragment","A fragment",2,3
"tribe","A tribe of Gallia Lugdunensis mentioned by Ptolemy",2,3
"adhesive","that draws to itself, clammy, gluey, viscous",2,3
"trembling","a trembling, shudder",2,3
"earnestness","an earnest pursuit or behavior; seriousness",2,3
"sadness","sadness, sorrowfulness",2,3
"friction","rubbing, chafing",2,3
"end","to come to an end, be at the last",2,3
"wandering","strolling about, wandering, roaming",2,3
"archive","A place where documents are kept, a record office, an archive.",2,3
"sailed","having sailed, having set sail",2,3
"poison","an instance of poisoning; poisonous substance",2,3
"vintage","vintage (process)",2,3
"comb","to comb or card (wool)",2,3
"with","Old Attic form of σῠγ- (sŭg-)",2,3
"from","from, away, away from",3,3
"abundantly","abundantly, amply",3,3
"judge","He who judges; judger (male)",3,3
"north","the northern regions, the north (as a quarter of the heavens)",3,3
"incoming","about to arrive",3,3
"hear","to hear [with accusative 'something'; or with genitive 'someone']",3,3
"death","a state of death, deadness; death",3,3
"past","past, already done.",3,3
"worry","to make uneasy or anxious, worry",3,3
"lot","lot (fate that falls to one by chance), destiny",3,3
"patch","patch (sewn on)",3,3
"briefly","concisely, briefly, tersely",3,3
"blessing","blessing, gladdening, enriching",3,3
"tub","tub, basin",3,3
"drunk","drunk",3,3
"find","first-person singular aorist active subjunctive of εὑρίσκω (heurískō)",3,3
"contact","contact, touching",3,3
"cooperated","having worked together with another; having cooperated",3,3
"vent","breathing hole, air hole, vent, thrill",3,3
"surrender","to hand over, surrender, give up, consign, deliver, yield, abandon",3,3
"contempt","contempt",3,3
"out","out, away",3,3
"uttered","having spoken out, uttered out",3,3
"element","one of four elements that composed the world.",3,3
"hopeless","without hope, hopeless, despairing",3,3
"bruise","A bruise, contusion",3,3
"may","third-person plural present active optative of -ω (-ō)",3,3
"crowd","crowd, multitude, throng",3,3
"tribe","A tribe of Aquitania mentioned by Pliny, situated in the modern region of Gévaudan",3,3
"island","a small island of the Sporades",3,3
"doubt","doubt",3,3
"trembling","a trembling, quaking",3,3
"linger","to linger, loiter, tarry",3,3
"inflate","to inflate; to blow into",3,3
"to weep","to weep",3,3
"flatter","to flatter, humor, wheedle",3,3
"warn","to warn, to advise",3,3
"roughness","stiffness, roughness",3,3
"fine","fine (of gold)",3,3
"touched","touched",3,3
"request","petition, request",3,3
"sand","sand of the seashore",3,3
"tribe","A tribe of Gaul, on the river Rhine",3,3
"healing","health-bringing, healing, salubrious",3,3
"similarity","likeness, resemblance, similarity",3,3
"foam","to foam, froth; be covered in foam",3,3
"stake","wooden stake, pile or similar support, as for a bridge or building",3,3
"town","a town of Attica situated near Sunium",3,3
"general","A general of Athens",3,3
"worship","to worship, adore, revere, venerate",3,3
"rod","a small pointed rod",3,3
"stream","to hang down richly, wave down richly",1,2
"city","An ancient city in Phrygia, modern Turkey, near Amorium and Pessinus.",1,2
"simple","simple, stupid",1,2
"blindness","blindness",1,2
"deserted","deserted, abandoned",1,2
"tear","to tear, rend off or away (especially with the hand)",1,2
"town","A town of Vindelicia corresponding to the modern Abensberg, in Germany",1,2
"tuna","A species of tuna",1,2
"propertyless","without property, poor, possessionless",1,2
"throwing","A throwing, a hurling",1,2
"sloth","sloth, torpor",1,2
"town","one of the principal towns of Attica, situated near Mount Parnes",1,2
"union","joining, union, conjunction",1,2
"helpful","helpful; serviceable",1,2
"approach","to come continually nearer to a point, approach, arrive at, press forward, march on, come to, draw near",1,2
"directed","directed",1,2
"grape","a sort of grape in Egypt, the soot-grape",1,2
"oracle","prophetic voice; oracle",1,2
"farmer","agriculturist, farmer, husbandman",1,2
"grape","A kind of vine or grape",1,2
"status","position or state of an alumnus",1,2
"beauty","loveliness, amiableness",1,2
"bitter","very bitter, full of bitterness",1,2
"chief","A chief of the Eburones",1,2
"lice","Many parasitic lice",1,2
"weak","powerless, fleeting, feeble",1,2
"river","Amphrysus, a small river that flows between Thessaly and Magnesia",1,2
"town","a town in Dalmatia situated near Salona",1,2
"title","a title given to initiates of the mysteries of Mithras",1,2
"release","deliverance, release, relief, riddance",1,2
"reckless","unregarding, reckless [with genitive 'of']",1,2
"service","service, attendance",1,2
"called","addressed as, having been addressed as, called by name, having been called by name",1,2
"suspend","to hang or suspend (something on something)",1,2
"attack","an attack, assault",1,2
"approach","to approach, come near to",1,2
"wet","full of water, humid, wet",1,2
"town","a town of Lusitania on the right bank of the Tagus",1,2
"founder","founding leader/chieftain, original author, founder",1,2
"lake","a former lake of Boeotia, now drained",1,2
"town","town (esp. of towns other than Rome, which was generally called Urbs)",1,2
"taboos","things not to be spoken; secrets, taboos, mysteries",1,2
"measure","Persian measure of capacity, equivalent to 1 medimnus + 3 choenices",1,2
"grape","a type of grape",1,2
"greet","to welcome kindly, bid welcome, greet",1,2
"plant","name of a plant",1,2
"athletic","of or for an athlete, athletic",1,2
"courage","daring, courage",1,2
"increase","to increase, augment, enlarge, spread, expand",1,2
"shaking","masculine present mediopassive participle of σείω (seíō)",1,2
"town","A town of Moesia situated near Tomis",1,2
"woman","a young and attractive woman.",1,2
"go","to go, to go about",1,2
"city","Barbalissus (an ancient city in Aleppo Governorate, Syria), Balis (a medieval city)",1,2
"island","a small island of the Tyrrhenian Sea",1,2
"luggage","burden, load; luggage",1,2
"tribe","A tribe of Hispania Baetica who lived near the strait of Gibraltar",1,2
"tribe","A tribe of Asia settled near the Caspian Sea",1,2
"to bark","to bark",1,2
"sell","to be for sale",1,2
"town","a town in interior Picenum, in the territory of the Praetutii",1,2
"city","an ancient city in Asia, situated in the region of Paropamisus",1,2
"town","a town of Attica situated near Steria",1,2
"calculating","about to reckon",1,2
"tribe","A tribe of Pontus",1,2
"supporting","Supporting the sky or heavens.",1,2
"calculate","to calculate, compute, reckon",1,2
"silk","Chinese goods, but especially silk",1,2
"heat","warmth, heat",1,2
"battlement","the edge or the top of city walls",1,2
"exchange","to exchange, barter; change",1,2
"purity","purity",1,2
"argue","to plead, dispute, debate",1,2
"mountain","A mountain of Thessaly",1,2
"idler","idler, loiterer (female)",1,2
"graver","instrument used for engraving",1,2
"tribe","A tribe of Lower Germany",1,2
"cheat","defrauder, deceiver, cheat",1,2
"shout","a shout, shouting",1,2
"lame","lame, limping",1,2
"bond","tie, bond, binding agent",1,2
"know","to know, be aware",1,2
"contained","contained, confined, comprised",1,2
"remain","remain somewhere constantly",1,2
"deliberate","to consider thoroughly, think over, deliberate, discuss, write upon",1,2
"remain","to stop, stay or remain",1,2
"driving","Driving, bringing, moving, impelling, inciting, urging, compelling, forcing, constraining to something",1,2
"maker","a maker, arranger, composer",1,2
"counter","counter, compter (various inanimate senses)",1,2
"paper","leaf of paper",1,2
"river","small river in the island of Corfu",1,2
"digestion","digestion",1,2
"agreement","agreement",1,2
"ascending","ascending, mounting",1,2
"follower","a follower",1,2
"slave","a female fellow-slave",1,2
"conservation","a conservation, protection",1,2
"deliberately","deliberately, considerately",1,2
"observer","observer, surveyor",1,2
"assemble","to convene, assemble, gather, meet or come together",1,2
"appear","to appear or originate",1,2
"city","A city of Lycia situated on the road from Phaselis to Patara",1,2
"skilled","skilled in arranging",1,2
"chambered","Having staterooms or bedchambers",1,2
"quickly","quickly, swiftly, hastily, speedily",1,2
"rabbit","rabbit",1,2
"guest","one that is entertained, an invited guest",1,2
"lending","of or pertaining to the lending of money",1,2
"floor","floor",1,2
"walk","walk; walking, promenading",1,2
"debt","A debt; something that is owed to another person or entity.",1,2
"properly","decently; properly; appropriately",1,2
"catch","to catch, ensnare, entrap, deceive, mislead, beguile, elude, cheat",1,2
"declaring","declaring",1,2
"exhausted","exhausted",1,2
"swear","to swear (take an oath)",1,2
"snare","baited trap or noose",1,2
"failed","failed; having failed",1,2
"deserved","merited, deserved (well of), earned, won the favor of",1,2
"islands","A group of islands situated off the coast of Ionia",1,2
"derived","derivative, derived",1,2
"jailer","jailer",1,2
"sausage","a kind of sausage, Lucanian sausage, lucanica",1,2
"stray","to stray, deviate or detour",1,2
"dialect","a dialect (a form of a language peculiar to a region) (esp. Greek)",1,2
"teacher","teacher, master, director",1,2
"divide","to divide (cleave asunder)",1,2
"separate","to set apart, place separately",1,2
"to shred","to shred",1,2
"repetition","repetition, redundancy",1,2
"to whirl","to whirl",1,2
"differ","to be inconsistent, different",1,2
"distinction","distinction, difference, discrimination [2nd century BCE]",1,2
"tortured","tortured",1,2
"separate","to hold or keep apart; divide, separate, split",1,2
"tribe","A tribe who dwelt in the territory of Cyzicus",1,2
"city","an ancient city in Latium, situated between Tusculum and Praeneste",1,2
"ripe","ripened on a tree, quite ripe",1,2
"sweet","containing sweetness, sweet",1,2
"crash","to fall with a thud, to crash (collide, fall or come down violently)",1,2
"despair","despondency, despair",1,2
"city","An ancient city of the Volsci",1,2
"spirit","spirit, ardour, eagerness",1,2
"removal","Surgical removal of.",1,2
"exit","to go or come out or forth; march or step out",1,2
"wish","to wish, long [with infinitive]",1,2
"eleven","Alternative letter-case form of eleven of the ICAO/NATO radiotelephony alphabet.",1,2
"loosed","third-person singular aorist middle indicative of λῡ̆́ω (lū̆́ō)",1,2
"bribe","to bribe (win or buy through bribery)",1,2
"appear","to appear suddenly",1,2
"city","an important city in Hispania Tarraconensis, now Empúries.",1,2
"bloody","with blood in one",1,2
"manual","a manual",1,2
"native","of the country, local, true-born",1,2
"continuous","continuous",1,2
"fertile","productive (of land)",1,2
"slab","flagstone, slab",1,2
"inserted","inserted",1,2
"aid","help, aid, succour",1,2
"careful","careful, anxious [with genitive 'about']; attentive",1,2
"gentle","gentle, kind (of persons, of words, of feelings)",1,2
"persuaded","second-person plural aorist passive indicative of πείθω (peíthō)",1,2
"pin","A pin that secures the cord of a balista",1,2
"carry","to carry, bear or bring out or away",1,2
"essence","essence, being",1,2
"hunger","to be hungry, to hunger for something",1,2
"vanish","to vanish, disappear, pass away",1,2
"reading","The act of unrolling or opening a book; reading.",1,2
"elevate","to elevate, raise up",1,2
"excused","excused",1,2
"revealed","third-person singular aorist passive indicative of ἐκφαίνω (ekphaínō, ""to bring to light, reveal"")",1,2
"wakeful","sleepless, watchful",1,2
"destroyer","annihilator, destroyer",1,2
"burn","to burn (up)",1,2
"broad","wide; broad; spacious (especially of heaven, earth, and sea)",1,2
"town","a town in Picenum situated on the left bank of the river Tinna, now Falerone",1,2
"serve","to be a servant",1,2
"fate","Fate; Moira; goddess who controls destiny; divine personification of fate",1,2
"fever","a slight fever",1,2
"to seize","to seize",1,2
"heated","heated, melted, boiled, having been heated",1,2
"weep","to weep, cry",1,2
"flower","to flower (begin to blossom)",1,2
"forester","a forester",1,2
"perhaps","perhaps, possibly, maybe",1,2
"honored","of good name; honored",1,2
"trap","trap for weasels",1,2
"treasurer","treasurer",1,2
"weapon","Something that is borne or wielded.",1,2
"throat","throat, maw",1,2
"flute","small Phoenician flute or fife",1,2
"flute","A kind of small flute",1,2
"mournful","lamenting; mournful; distressful",1,2
"gradually","step by step, gradually",1,2
"fee","a fee paid to scribes in Egypt",1,2
"gratitude","gratitude",1,2
"breathless","out of breath, short of breath, panting, puffing, gasping",1,2
"bleeder","she who has a hemorrhage",1,2
"plant","An unknown kind of plant.",1,2
"fault","a fault, negligence, an error",1,2
"weekly","weekly; of or pertaining to a week",1,2
"dull","to be blunt, dull",1,2
"seasoning","relish, seasoning, sauce",1,2
"beyond","on the other side",1,2
"town","A town of Crete situated in the narrowest part of the island",1,2
"leather","of leather straps",1,2
"river","a small river in Sicily, which flows near the city of Camarina",1,2
"teaching","guiding, teaching",1,2
"remaining","Remaining passive.",1,2
"town","A town of Thessaly situated at the foot of Mount Homole",1,2
"honored","honored, dignified, having been honored.",1,2
"arm","to arm (supply with armour or weapons)",1,2
"barley","of or relating to barley",1,2
"inn","A small inn or lodging-house.",1,2
"promise","promise, engagement",1,2
"fish","fish-, of fish",1,2
"to murmur","to murmur",1,2
"fasting","without having dined",1,2
"stable","unshaken, stable, firm",1,2
"finite","finite, bounded",1,2
"information","information, evidence, discovery, notice",1,2
"resented","having scorned, resented",1,2
"bend","to bend, curve, bow",1,2
"increasing","increasing",1,2
"binding","binding, tying, joining, connecting, fastening together",1,2
"accuse","to accuse, blame, charge",1,2
"strange","to become strange",1,2
"established","instituted, built",1,2
"insult","a scoffing, reviling, insult",1,2
"teaching","teaching, instruction, education",1,2
"interrupt","to interrupt, break into a conversation",1,2
"interrupter","interrupter",1,2
"invention","invention, discovery",1,2
"suspect","which is to be looked askance",1,2
"summoner","summoner, evoker",1,2
"irrigation","watering, irrigation",1,2
"equilibrium","an equal distribution, equal proportion, equilibrium",1,2
"balanced","in equipoise, of the balance",1,2
"repeat","to do a second time, repeat, renew",1,2
"cheer","to sing or shout joyfully; cheer",1,2
"thief","highway robber, pirate, thief",1,2
"beauty","a beautiful girl",1,2
"produced","produced, having been produced",1,2
"city","A city of the interior of Numidia",1,2
"mournful","mournful, full of sorrow",1,2
"eloquent","Good at speaking, able to speak",1,2
"weakness","faintness, feebleness, languor, apathy",1,2
"forgetful","forgetful, absent-minded",1,2
"praiser","she who praises",1,2
"river","A river of Euboea",1,2
"remedy","a soothing remedy",1,2
"disputing","disputing, quarrelling",1,2
"wandering","journeying at pleasure",1,2
"throat","throat",1,2
"letter","letter, lessor (person who lets or hires)",1,2
"length","length",1,2
"length","length, longitude; longness.",1,2
"when","when (mostly in reference to the past)",1,2
"shine","to be light, clear; to shine, glitter",1,2
"lake","A saltwater lake situated near Puteoli, in Campania",1,2
"city","A city of the Salentini in Calabria, situated on the road from Brundisium to Hydruntum, now Lecce",1,2
"town","a town in Africa, now Maktar in Tunisia",1,2
"declaration","declaration",1,2
"purchase","The formal taking possession of goods bought; purchase",1,2
"delivered","put in hand, delivered over, having been handed over.",1,2
"chewed","chewed, masticated, having been gnawed.",1,2
"predatory","Of or pertaining to booty; obtained from the sale of booty.",1,2
"wood","wood, timber",1,2
"inspiration","inspiration",1,2
"trade","trade",1,2
"goods","goods, wares, merchandise",1,2
"beam","weaver's beam",1,2
"middle","in the middle",1,2
"harvest","harvest, harvesting, reaping",1,2
"pointless","vain, idle, pointless",1,2
"method","method",1,2
"afterwards","apocopic form of μετόπῐσθε (metópĭsthe)",1,2
"urination","urination",1,2
"city","a city in India, or Pakistan",1,2
"remember","to be mindful, remember, come (have) in remembrance",1,2
"sue","to content, bring an action at law (in a courtroom)",1,2
"tribe","An ancient Greek tribe who inhabited the region of Epirus.",1,2
"delaying","moratory (delaying)",1,2
"god","name of a god worshipped by the Senones",1,2
"stroke","to stroke, graze, touch lightly or gently",1,2
"wisdom","the book of Wisdom",1,2
"river","A river of Venetia which flowed under the walls of Aquileia, now the Natisone.",1,2
"command","The command of a vessel",1,2
"month","the eleventh month in Crete",1,2
"clearly","clearly; truly (so that no mistake can be made)",1,2
"strike","to strike or dash upon or against",1,2
"nickel","nickel (chemical element 28)",1,2
"going","present middle participle of νῑ́σομαι (nī́somai)",1,2
"town","a town of Crete situated near Cnossus",1,2
"finally","last of all, finally",1,2
"coin","nummus, a coin used by the Romans",1,2
"voluntary","freely given, voluntarily presented",1,2
"crush","to crush or squeeze",1,2
"resist","to bear, press, push, struggle, or strive against",1,2
"preserver","female equivalent of servātor",1,2
"persist","to resolve, determine, be firmly resolved, persist",1,2
"cover","to cover over or up",1,2
"cover","to weave over, cover over",1,2
"thrust","to thrust, push or shove",1,2
"offer","to bring before or bring to, present, offer, bestow, show, place before, exhibit, expose",1,2
"obtain","to obtain (by lot), to receive",1,2
"bowl","wooden drinking bowl",1,2
"ovary","Ovary; ovarian.",1,2
"accompany","to join (someone to someone else) as a companion, guide, escort, etc.",1,2
"cover","cover, covering, lid",1,2
"just","Old Latin form of iūstus",1,2
"dreadful","dreadful, respectful",1,2
"spread","spread or stretched out",1,2
"mountain","A mountain in Media",1,2
"horned","having upright horns (epithet of oxen)",1,2
"listener","eavesdropper, listener",1,2
"contract","to make a bargain, contract or agreement with",1,2
"comb","to comb off, comb down, comb",1,2
"love","to esteem, prize, love, have regard, to delight in (something)",1,2
"universal","good or useful for everything, universal",1,2
"stuffed","stuffed, forced in",1,2
"perfect","present perfect tense",1,2
"meeting","a meeting, assembly",1,2
"adjust","to fit, adjust, modify",1,2
"initiate","one who has been initiated; an initiate",1,2
"sacrifice","burnt sacrifice; offering",1,2
"remain","first-person singular aorist active subjunctive of παραμένω (paraménō)",1,2
"madness","derangement, madness",1,2
"colony","colony",1,2
"insertion","insertion, interpolation",1,2
"sacrifice","to make a sacrifice in honor of the dead",1,2
"pasture","pasture, grazing ground",1,2
"open","to be opening, being revealed, being disclosed",1,2
"district","an ancient district in the north of Macedonia in present-day North Macedonia and Greece",1,2
"traverse","to wander or travel through or over; pass through, traverse; spread through",1,2
"traverse","to pass through, traverse",1,2
"search","to search (high and low)",1,2
"acute","very knowing, very acute",1,2
"extend","to stretch or reach out; to extend",1,2
"passed","passed through or away",1,2
"conveyed","conveyed",1,2
"town","A town in the west of Galatia situated near the left bank of the Sangarius",1,2
"bolt","a bolt (of a door)",1,2
"river","a river in Aetolia, mentioned by Livy",1,2
"attack","an attack, thrust, blow",1,2
"town","A town of the Perrhaebi in Thessaly",1,2
"boss","a metal disc or boss, especially worn as a military ornament on the breast",1,2
"phase","phase",1,2
"cheat","cheat, rogue, robber",1,2
"love","to love, like, regard with affection",1,2
"town","a town of Pontus situated west of Coralla",1,2
"movement","movement, turning.",1,2
"association","a union of individuals into a community",1,2
"fish","fish, of fish",1,2
"breath","breath; scent",1,2
"excess","superabundance, excess",1,2
"presume","to presume on",1,2
"flock","flock",1,2
"selling","uncontracted masculine present active participle of πωλέω (pōléō)",1,2
"crafty","cunning, crafty",1,2
"splendid","showy, pompous, splendid",1,2
"guide","attendant, escort, conductor, guide",1,2
"prostitution","prostitution, whoring (provision of sex for money)",1,2
"possible","possible, that may exist, that may be done.",1,2
"follow","to follow, go behind",1,2
"strength","force, power, might",1,2
"taster","taster (of food before it is brought to table)",1,2
"paring","a piece cut off, a paring",1,2
"prayer","prayer, praying",1,2
"seize","to grasp, seize, catch",1,2
"deprive","to bereave, deprive, rob or strip of something",1,2
"advance","to proceed, advance",1,2
"ready","girded up, ready for action",1,2
"extension","prolonging, lengthening, extension",1,2
"projection","a throwing forward, projection",1,2
"promise","promise (act of promising)",1,2
"nearness","nearness, propinquity, proximity",1,2
"proportion","proportion",1,2
"present","to stretch out before, hold before",1,2
"alternation","alternation",1,2
"challenged","challenged",1,2
"challenger","challenger; temptress",1,2
"cable","A ship's cable",1,2
"think","third-person singular present middle subjunctive of οἴομαι (oíomai)",1,2
"proposal","putting forward; that which is put forward",1,2
"feather","to feather, wing; furnish or depict with feathers, wings",1,2
"shaming","shaming",1,2
"modesty","chastity, virtue; shamefacedness, modesty",1,2
"strike","to beat, strike, knock (at a door)",1,2
"informer","A public informer who received a fourth part.",1,2
"three","The number three on a die",1,2
"to hiss","to hiss",1,2
"cry","a plaintive cry, wail, scream, shriek",1,2
"snatch","to snatch, grab, carry off, abduct, rape, steal",1,2
"lump","a rude mass, a rough piece, a lump, especially of metal or ore",1,2
"rebel","rebel (female), she that revolts or rebels",1,2
"count","to count, enumerate, reckon or survey",1,2
"restoration","reinstatement, restoration, renewal",1,2
"return","to run or hasten back",1,2
"restorer","restorer, repairer, renewer",1,2
"oppose","to oppose, resist",1,2
"refutation","refutation (an act of refuting)",1,2
"piercer","piercer, chisel",1,2
"abandoning","about to abandon; about to relinquish",1,2
"choose","to choose, to pluck or root out, extract",1,2
"retaliate","to retaliate, requite, repay",1,2
"delayed","which is to be restrained or delayed",1,2
"actually","actually, in fact",1,2
"return","The act of turning back (before reaching a destination), return.",1,2
"hammer","hammer, smasher",1,2
"surf","surf, breakers (waves breaking into foam)",1,2
"city","a city in Egypt situated near the borders with Palestine",1,2
"town","A town of Crete situated on the northern coast of the island, Rethymno",1,2
"rigid","stiff, rigid",1,2
"ridiculous","ridiculous, laughable, risible, ludicrous",1,2
"ritual","ritual, relating to religious rites",1,2
"scold","scolding or quarrelsome female, a scold",1,2
"binding","binding, fastening (act)",1,2
"fracture","breaking or breaking off of a limb; fracture, breach, rupture",1,2
"river","A river of Hirpinia and tributary of the Calor, now called Sabato",1,2
"tie","to bind, knot, tie in a knot",1,2
"there","therein, there (in that place)",1,2
"city","an ancient city in southeast Anatolia, in modern Turkey, located near the banks of the Euphrates; modern Samsat",1,2
"city","an ancient city in Latium situated between the Alban hills and the sea",1,2
"river","the river Scamander; the river Karamenderes",1,2
"town","a town in Dalmatia situated near the course of the Tityus, now Skradin",1,2
"whim","freak, whim, caprice",1,2
"shake","to shake, cause to quiver, especially of the wind",1,2
"examined","which is to be examined (carefully), scrutinized, (closely) examined, searched or researched (thoroughly)",1,2
"seductive","seductive",1,2
"sloth","sloth, slowness, tardiness, sluggishness, inactivity",1,2
"town","a town of Laconia situated on the valley of the Oenus",1,2
"age","to become aged, grow old, age",1,2
"silicon","silicon (chemical element 14)",1,2
"river","a river in Spain, now Genil",1,2
"empty","Hesychius gives the definition as: κενός (kenós, ""empty, void"").",1,2
"crumb","a little bit of corn or bread",1,2
"thirst","to thirst, to be thirsty",1,2
"sandal","A type of sandal.",1,2
"paling","The placing or driving in of pales or stakes.",1,2
"sign","mark, token, sign, indication, specimen",1,2
"scorner","disdainer, scorner, despiser",1,2
"captain","chief of a band or company",1,2
"standing","about to stand",1,2
"ringing","sound, noise, ringing of the ears",1,2
"striking","capable of hitting",1,2
"hate","to hate, abominate, abhor, detest",1,2
"amazed","first-person singular/third-person plural aorist active indicative of τέθηπα (téthēpa)",1,2
"drafting","that serves for drawing up",1,2
"thinness","fineness, thinness, slenderness, minuteness",1,2
"accompanying","sounding to, accompanying",1,2
"inflate","to blow, puff up, inflate",1,2
"steal","to filch (steal secretly)",1,2
"know","to share in knowledge of, be privy to",1,2
"trick","a cunning, deceit, trick",1,2
"unite","to bring together, unite",1,2
"agreement","covenant, contract, agreement",1,2
"decaying","corrupting, putrefying, decaying",1,2
"town","a town in interior Cyprus",1,2
"city","The largest city of Lydia",1,2
"stormy","tempestuous, stormy, turbulent, impetuous",1,2
"timely","timely, opportune",1,2
"attempt","an attempt",1,2
"town","a town in Noricum situated on the left bank of the river Dravus",1,2
"dense","crowded; close-set; thick",1,2
"still","yet, still",1,2
"trouble","to trouble, disquiet",1,2
"town","a town in Liguria",1,2
"river","A river of Thessaly and tributary of the Peneus",1,2
"to know","to know",1,2
"seed","seed of seseli (Seseli spp.)",1,2
"surrender","a surrender, delivering up",1,2
"betrayer","betrayer, traitor",1,2
"town","an important town in Dalmatia, now Trogir or Traù",1,2
"greedy","that draws everything to himself, greedy, covetous",1,2
"order","A Linnaean order of plants with three styles.",1,2
"sausage","a kind of sausage made with meat of ox",1,2
"plot","plot of ground",1,2
"town","A town of Lycaonia mentioned by Pliny",1,2
"town","a town in Gallia Narbonensis situated on the road from Nemausus to Aquae Sextiae, now Beaucaire",1,2
"wandering","wandering in the waves",1,2
"become","Attaches to a stem (a noun or adjective) to form a verb meaning ""to become [stem]"" or similar",1,2
"uniformly","uniformly",1,2
"worthless","worthless, of no account, especially with regard to strength or courage",1,2
"either","whichever of the two you want, either of the two",1,2
"tribe","A tribe of Hispania Tarraconensis who dwelt westward of the Vascones",1,2
"brandish","to toss, swing, brandish in the air",1,2
"sufferer","one who suffers from the falling of the eyelashes",1,2
"revive","to become lively or vigorous",1,2
"fly","to fly about",1,2
"stream","A small river that flows through Catania",1,2
"eat","third-person plural future middle indicative of ἐσθῐ́ω (esthĭ́ō) and ἔδω (édō)",1,2
"washing","washing (of hands or feet)",1,2
"chance","casual event, chance, happenstance",2,2
"slope","slope, ascent",2,2
"oath","swearing (to something)",2,2
"sandy","sandy (epithet of Pylos)",2,2
"carry","to bear, carry, convey",2,2
"ability","ability",2,2
"noble","high-minded, lordly",2,2
"mucus","mucus (discharge from the nose)",2,2
"then","at that time, then",2,2
"pain","pain, (bodily) suffering",2,2
"address","to speak to, address; salute, greet",2,2
"dispute","dispute, debate",2,2
"town","a town on the west coast of Acarnania",2,2
"friendly","rich in friends, abounding in friends",2,2
"remove","to remove from; move or carry away",2,2
"rule","a ruler, a mason's or carpenter's straight edge",2,2
"scratching","scratching; sharp, biting (said of medical remedies)",2,2
"narrow","to make narrow, straiten, compress, narrow",2,2
"grandmother","maternal or paternal grandmother.",2,2
"junction","a joining together, a joint",2,2
"appropriation","making one's own, appropriation",2,2
"word","word; saying; statement",2,2
"silver","made of silver",2,2
"steward","steward (of a house)",2,2
"dry","dry, dried up, parched, withered",2,2
"tribe","Daritae, a Persian tribe settled near the Caspian Sea mentioned by Herodotus",2,2
"flag","a flag, banner",2,2
"river","A river of Macedonia flowing through the town of Dium",2,2
"beastly","abounding in beasts or monsters",2,2
"go","aorist active infinitive of βαίνω (baínō)",2,2
"beast","a beast",2,2
"weaker",", weaker, worse, inferior",2,2
"weeping","weeping, crying",2,2
"short","combining form of brevis (""short"")",2,2
"town","A considerable town of Numidia situated near Sicca Veneria",2,2
"district","an ancient district of Pamphylia, mentioned by Pliny, in modern Turkey",2,2
"glow","to be warm or hot, glow",2,2
"to make","to make",2,2
"town","a town of Lycia situated east of the Xanthus",2,2
"linen","linen, cambric, canvas",2,2
"town","a coastal town in Paphlagonia situated south of Sinope",2,2
"fall","a fall, downwards movement",2,2
"disputing","having disputed, disputing",2,2
"dining","of or pertaining to a dinner",2,2
"island","an island of the Tyrrhenian Sea, now Zannone",2,2
"bacteria","green non-sulfur bacteria",2,2
"ceramic","of earthenware",2,2
"quality","quality, property, peculiarity, character",2,2
"construction","accurate fitting/joining parts together, construction",2,2
"cook","a cook",2,2
"contribution","contribution in money",2,2
"accompany","to accompany, attend, follow",2,2
"invention","invention",2,2
"provided","provided",2,2
"compatible","compatible, jointly tenable",2,2
"town","a town in Rhaetia, Italy, situated on the left bank of the Athesis; modern Trento",2,2
"rental","a rent, rented house",2,2
"closely","in a compact body, closely",2,2
"destroyer","a destroyer",2,2
"treasury","treasure chamber constituted by sacrifices, corban",2,2
"rule","to rule, command",2,2
"heritage","inheritance, heritage",2,2
"jug","wine jug, ewer, pitcher, jar, bumper, chalice, goblet, beaker",2,2
"beer","kind of beer made of barley, made by Egyptians, Iberians and Bretons",2,2
"balance","to poise, balance",2,2
"immediately","at once, immediately",2,2
"desertion","defection, desertion",2,2
"working","working, labouring, toiling",2,2
"curse","to curse or execrate",2,2
"binder","binder",2,2
"to avoid","to avoid",2,2
"waste","squandering; waste",2,2
"dispersal","sending (out, in different directions)",2,2
"align","to lay straight; arrange in lines (especially in military contexts)",2,2
"clash","to disagree in sound, to be dissonant or disharmonious",2,2
"diversion","the act of diverting, a diversion.",2,2
"darkness","darkness; dusk; gloom",2,2
"lesson","lesson",2,2
"ecstasy","ecstasy, trance, rapture",2,2
"free","free",2,2
"season","to give to taste",2,2
"sauce","sauce, soup",2,2
"desire","yearning, longing, desire, craving",2,2
"flowed","contracted third-person singular imperfect active indicative of ῥέω (rhéō)",2,2
"excellently","excellently",2,2
"extract","to draw out, extract",2,2
"thinness","thinness, meagreness, weakness, poorness",2,2
"thinly","thinly, meagrely",2,2
"foreign","foreign, outlying, alien (opposed to συγγενής, ἰδιωτικός, etc.)",2,2
"certainly","Securely, certainly, while knowing the reason (adverb derived from the participle exploratus).",2,2
"extracted","drawn out, extracted",2,2
"extend","to stretch or thrust out",2,2
"false","false, falsified",2,2
"sucker","sucker",2,2
"bottom","to bottom; to adopt the submissive role in gay sex",2,2
"final","final",2,2
"demand","a pressing request, demand",2,2
"pedal","made or intended for the feet",2,2
"murmur","an angry murmur, humming",2,2
"steaming","smoking, steaming",2,2
"secretly","secretly, stealthily",2,2
"belt","girdle, belt",2,2
"fence","fence",2,2
"support","anything that bears or supports, prop, stay",2,2
"greatness","greatness",2,2
"ship","A kind of ship",2,2
"salty","salty",2,2
"sandy","of or pertaining to sand",2,2
"humanity","humanity, human nature",2,2
"town","An ancient town of Magnesia in Thessaly",2,2
"ideal","ideal",2,2
"kin","one's relatives",2,2
"entice","to entice, seduce",2,2
"dirt","dirt, untidiness",2,2
"activity","action, activity, enterprise",2,2
"strike","to hit, to strike, to smite, to beat, to knock, injure",2,2
"understander","one who understands",2,2
"polisher","a polishing instrument",2,2
"naming","naming, calling by name",2,2
"colony","A Roman colony situated on the left bank of the Liris",2,2
"tribe","A Dalmatian tribe mentioned by Pliny",2,2
"discerning","Able to judge, discerning, critical",2,2
"mountain","a mountain in Caria where Artemis kissed the sleeping Endymion",2,2
"pay","pay, hire",2,2
"tutor","a bringer up, tutor",2,2
"tribe","A Pelasgic tribe who lived scattered over several parts of Asia Minor and Greece",2,2
"snot","mucous discharge from the nose, snot",2,2
"pale","white, bright, clear, light grey, or pale",2,2
"lightness","levity, lightness",2,2
"legal","belonging to the legal process",2,2
"mix","to mix with the white of an egg",2,2
"mourning","mourning, grief, lamentation",2,2
"badness","a bad quality; badness, wickedness",2,2
"early","early, speedy, ripe, mature, mellow, timely, seasonable",2,2
"center","the center, middle part of something, midpoint",2,2
"honeyed","made of honey",2,2
"sinker","piece of lead, used as the sink of a fishing line, a sinker",2,2
"below","at the bottom",2,2
"win","to win, be the winner, conquer",2,2
"black","to be black or dark",2,2
"cover","a covering, cover",2,2
"name","to name, give a name to, call by name",2,2
"questioned","having sought to know, having inquired",2,2
"slant","slant, obliqueness, obliquity",2,2
"notion","opinion, conjecture, imagination, fancy, belief, expectation",2,2
"await","to wait, await, expect a person or thing",2,2
"oracle","A divine announcement, oracle.",2,2
"kissing","kissing",2,2
"leafy","Full or consisting of vine leaves, tendrils or foliage.",2,2
"paradise","the garden owned by the Persian nobility",2,2
"transfer","transmission, transfer",2,2
"eat","to feed oneself; to eat",2,2
"randomly","randomly",2,2
"test","to try, prove or test",2,2
"oak","oak",2,2
"speech","speech, talk",2,2
"madly","madly, fiercely, rabidly",2,2
"mucus","mucus, phlegm",2,2
"most","most of them",2,2
"work","a work, creation",2,2
"often","often, many times",2,2
"proper","proper",2,2
"do","to do; to practise",2,2
"flood","inundation, flood",2,2
"promiser","promiser",2,2
"bulge","to swell or bulge out",2,2
"knowledge","acquaintance, knowledge, skilfulness",2,2
"repeat","to repeat a process",2,2
"destroy","second-person singular aorist subjunctive indicative of ὄλλῡμι (óllūmi)",2,2
"nut","a kind of soft nut with a thin shell",2,2
"tow","made of oakum",2,2
"town","a town of the Arevaci in Hispania Tarraconensis",2,2
"revive","to be revived, renewed",2,2
"bill","A proposed law, decree or bill.",2,2
"roaring","roaring, bellowing, rumbling",2,2
"sacrifice","A sacrificing, sacrifice.",2,2
"opposite","face to face, over against",2,2
"mastic","made of lentisk",2,2
"knowledge","knowledge, awareness, cognizance (the state of knowing a fact or situation)",2,2
"select","to separate by culling out; pick or choose out, select, cull",2,2
"cheek","half a head; hence, a cheek or half the jowl of a smoked hog",2,2
"chocolate","chocolate",2,2
"sound","to make a noise",2,2
"pellets","droppings of goats and sheep",2,2
"statues","statues, statuary",2,2
"toilet","toilet",2,2
"adviser","adviser, advocate, supporter",2,2
"planking","flooring made of planks",2,2
"severed","that is cut off and left",2,2
"lame","lame in the hip",2,2
"renounce","to abjure, resign, abdicate, renounce",2,2
"softness","softness, tenderness",2,2
"treasure","treasure",2,2
"elevate","to raise, lift up, elevate",2,2
"revolve","to spin, whirl, twirl, turn, cause to revolve",2,2
"passage","a crossing over, passing over, passage",2,2
"through","through, across, beyond",2,2
"guide","to direct, steer, guide, align, point",2,2
"around","from or on all sides; from every direction",2,2
"ointment","ointment; perfume; unguent.",2,2
"gods","the gods",2,2
"tax","tax",2,2
"revere","to have respect for, revere, stand in awe",2,2
"tribe","An Italic tribe who inhabited a region on the coast of the Adriatic.",2,2
"shaking","shaking (or similar violent movement)",2,2
"city","A city in Mauritania on the road from Tocolosida to Tingis",2,2
"pleasing","that causes pleasure, gives delight",2,2
"seek","to seek, search after, look for",2,2
"renouncer","renouncer (female)",1,1
"dispatch","a sending off or away, dispatch",1,1
"river","A river of Colchis mentioned by Pliny",1,1
"concealer","one that hides or conceals",1,1
"release","to release, discharge",1,1
"avoided","kept off or away, held at a distance, avoided, having been held at a distance",1,1
"receiver","receiver",1,1
"sourness","sourness of taste, with bitterness and astringency, like that of unripe fruit",1,1
"eat","to eat, feed upon",1,1
"bird","A kind of bird, perhaps the thrush or the owl",1,1
"hearing","Hearing.",1,1
"grow","to rear, grow, grow up",1,1
"masterless","masterless",1,1
"pastry","pastry, or other dish, prepared with fat",1,1
"helper","helper, assistant",1,1
"recorded","having been noted, marked down",1,1
"cloud","to surround in clouds, overcast; obscure",1,1
"agreed","having assented with, agreed",1,1
"usual","accustomed, customary, usual",1,1
"girl","young girl (especially as a term of endearment)",1,1
"attend","to apply the mind, direct the attention",1,1
"steep","steep; sheer",1,1
"summer","to summer, spend or pass the summer in a place",1,1
"gathering","Hesychius gives the definition as: ἄθροισις (áthroisis, ""gathering, collecting"").",1,1
"aggregate","to bring, attach or add to a crowd or flock; lump together",1,1
"speaker","speaker, orator",1,1
"harmless","harmless (free from danger)",1,1
"shouting","shouting",1,1
"white","white (color)",1,1
"dawn","at the break of day",1,1
"whiteness","whiteness, white color",1,1
"choosing","about to choose, select, appoint.",1,1
"title","a title held by Hera and Paris, among others",1,1
"largely","largely (to a large extent)",1,1
"raise","to lift or set up, raise",1,1
"either","one of two, one or the other; either",1,1
"movement","movement, motion",1,1
"plant","A kind of plant",1,1
"lover","a male lover",1,1
"tribe","a tribe of Gallia Belgica, whose capital was Samarobriva",1,1
"circuit","A going around or about; that which surrounds.",1,1
"city","ancient city situated near L'Aquila, in Abruzzo",1,1
"release","to let go, let slip, let fall",1,1
"city","a city in Macedonia, Greece situated on the left bank of the river Strymon",1,1
"river","A river of Mauritania and boundary with Numidia, now the river Rhummel",1,1
"extension","extension",1,1
"eels","Eels",1,1
"solemnity","solemnity",1,1
"release","a loosing, releasing",1,1
"fastened","fastened in front of, nailed to",1,1
"morning","before noon, in the morning",1,1
"month","Anthesterion: the eighth month of the Attic calendar, corresponding to the lunar term around February and March.",1,1
"town","a town of Chaonia situated on the river Aous",1,1
"tow","raw flax, used for lint",1,1
"reckless","insensate; reckless",1,1
"descend","to go down, come down",1,1
"hidden","hidden, concealed, secret, unknown",1,1
"returning","going back, returning",1,1
"river","A river of Epirus flowing into the gulf of Ambracia",1,1
"river","a river in Gallia Narbonensis which flows into the Mediterranean Sea near Agatha, now the river Hérault",1,1
"orange","a town in Gallia Narbonensis, on the road from Arles to Vienne, now Orange",1,1
"witness","a female witness",1,1
"build","to build, construct, make",1,1
"white","brightly shining; white",1,1
"prove","to adduce arguments or proof of something, prove, reason",1,1
"coiner","coiner, silversmith",1,1
"town","a town of Liburnia, whose ruins are situated near the modern town of Starigrad",1,1
"arithmetic","numbers; arithmetic",1,1
"arming","The act of arming.",1,1
"get","to get, win, gain, achieve, receive",1,1
"river","A river of Greater Armenia, now the Murat river",1,1
"welcome","welcome, gladly welcomed",1,1
"cunning","cunning, craftiness, cleverness, shrewdness (adeptness at using tricks)",1,1
"fishes","The flyingfishes, needlefishes, killifishes, silversides and related fishes",1,1
"crumb","crumb, morsel of bread",1,1
"boldness","boldness, courage, daring",1,1
"predicted","predicted",1,1
"drive","to be a charioteer, drive a chariot",1,1
"listening","a listening",1,1
"bitterness","bitterness, harshness, sourness, astringency",1,1
"help","to help, aid, assist; to be useful",1,1
"awake","sleepless; awake",1,1
"town","an ancient town of the Nervii in Gallia",1,1
"treasury","treasury, royal bank",1,1
"town","a town in Syria situated between Beroea and Hierapolis",1,1
"witness","to call to witness",1,1
"benefited","benefited",1,1
"benefit","benefit",1,1
"gravy","gravy",1,1
"raft","A vessel made of beams fastened together; raft.",1,1
"flattering","flattering, deluding, fawning",1,1
"flattery","flattery, compliment",1,1
"oath","an oath",1,1
"return","to go back, come back, return",1,1
"tribe","A pre-Roman tribe of Gallia Narbonensis",1,1
"urine","urine; urinary",1,1
"town","a town in Elis district situated on the borders with Achaia",1,1
"town","A town of Thrace situated on the river Tonsus",1,1
"cancer","A malignant tumour or disease.",1,1
"grape","Hesychius gives the definition as: εἶδος σταφυλῆς (eîdos staphulês, literally ""kind of grape"").",1,1
"river","a river in Caria",1,1
"ending","usual nominative singular ending of second declension masculine nouns or adjectives",1,1
"calcium","calcium",1,1
"town","a town in Hispania Baetica, famous for its manifacture of tiles",1,1
"sound","a sound, tone",1,1
"tribe","A tribe settled near the Caspian Sea",1,1
"grain","A kind of grain also called olyra",1,1
"charm","a spell, charm, incantation",1,1
"wig","wig",1,1
"capture","to capture (take captive)",1,1
"vine","A kind of vine",1,1
"ship","a kind of grand and spacious ship, typical of those from the island of Carpathos in the Aegaean Sea",1,1
"carver","a carver of food",1,1
"morality","morality",1,1
"seizing","seizing",1,1
"see","to look at, see",1,1
"sick","unwell, ill, diseased",1,1
"trusty","careful, diligent, trusty",1,1
"town","A coastal town of Pamphylia",1,1
"speed","quickness, speed, swiftness, haste, celerity",1,1
"chief","main, chief, principal, primary",1,1
"favor","a favourable disposition towards: grace, favor",1,1
"crossing","placing crosswise; diagonal arrangement",1,1
"colony","colony, foundation",1,1
"lump","a small rounded mass: lump",1,1
"labor","to toil, labor",1,1
"town","A town of Bithynia situated near Chalcedon",1,1
"town","a town in Numidia, mentioned by Pliny",1,1
"liquid","anything that can be poured, liquid, fluid",1,1
"hair","hair, haircloth",1,1
"say","contracted second-person dual future active indicative of εἴρω (eírō)",1,1
"motive","of or for putting in motion",1,1
"god","a Celtic god associated with Mercury",1,1
"dyer","dyer",1,1
"fish","name of an unknown kind of fish",1,1
"noise","clang, crash, noise",1,1
"distinct","clear-sounding, loud, distinct",1,1
"lock","lock, bar, bolt",1,1
"screech","to make a sharp piercing sound (scream, bay, clash)",1,1
"clean","to clean, purge",1,1
"shoulder","projecting limb or shoulder of a mountain",1,1
"coinciding","coinciding",1,1
"concerted","brought together, achieved by collaboration",1,1
"combined","brought or carried together; collected, combined; common, joint",1,1
"peg","peg or screw by which the strings of the lyre were tightened",1,1
"banker","money-changer, banker",1,1
"may","to be allowed, to be possible",1,1
"tend","to take care of, tend, look after",1,1
"comic","comic, of comedy",1,1
"sympathy","fellow suffering; sympathy, agreement, compassion",1,1
"saving","saving; profit or gain, especially made by saving",1,1
"filling","filling (up)",1,1
"fold","to fold or roll up or together",1,1
"fitly","beautifully, fitly",1,1
"celebrated","celebrated, well-known",1,1
"season","to season, spice, make savory",1,1
"preserved","preserved, stored",1,1
"happen","to be done; to happen",1,1
"cast","cast",1,1
"refuter","refuter",1,1
"freezing","freezing, congealing",1,1
"heaped","heaped, piled up, thrown together",1,1
"mixture","The act of combining, connecting or mixing together; mixture.",1,1
"fastening","The act of tying or binding together; fastening.",1,1
"examining","examining, inspecting",1,1
"wise","full of wisdom, considerate, instructive",1,1
"share","to make common, share",1,1
"observed","having seen, observed, noticed",1,1
"observe","to see, watch, observe, perceive, catch sight of, look at with admiration or close attention, gaze upon, contemplate, behold, espy",1,1
"contact","contact, touch",1,1
"noticed","having observed, noted, noticed",1,1
"unite","to join, connect, unite, make continuous",1,1
"gradually","little by little, by degrees; at length, slowly",1,1
"contraction","a contraction, drawing together",1,1
"granting","attributing, conceding, rendering, showing",1,1
"insult","insult, reproach, contumely, abuse, mistreatment",1,1
"pulp","to beat or pound to a pulp",1,1
"insulted","having reviled, taunted",1,1
"eat","to eat or consume",1,1
"host","host, master of a feast",1,1
"cooperation","cooperation",1,1
"cover","to cover wholly or over, overwhelm, clothe",1,1
"explains","third-person singular simple present indicative of -splain",1,1
"weigh","to weigh (out)",1,1
"unite","to bind or tie together, unite, join, couple",1,1
"cook","female equivalent of coquus: a female cook",1,1
"payment","Money paid for a garland of flowers.",1,1
"gathering","A bringing together, gathering.",1,1
"to wrinkle","to wrinkle",1,1
"wave","to shake, brandish, wave, move about",1,1
"strike","to beat; to strike; to buffet",1,1
"against","In opposition to.",1,1
"rule","rule (in the sense of governing).",1,1
"thickness","thickness (measure of)",1,1
"rattle","to rattle, rustle, clatter",1,1
"grow","to rise, grow, grow up; prosper, thrive; increase, multiply, augment",1,1
"cover","to provide or cover with hair or leaves, foliage",1,1
"band","Anything that binds or is bound around, bracelet or anklet.",1,1
"barley","made of or from barley",1,1
"strike","To strike, to beat.",1,1
"wheat","a kind of wheat",1,1
"cake","a kind of sacred cake",1,1
"mix","to stir up, mix",1,1
"to crow","to crow",1,1
"delay","to delay, impede or hold up",1,1
"bend","a bend, vaulting",1,1
"wavy","characteristic of the waves of the sea",1,1
"lamb","The meat or flesh of a lamb (as eaten), lamb.",1,1
"warlike","warlike, fiery",1,1
"sauce","preparation made with the fruit of the laurel",1,1
"steward","steward, seneschal",1,1
"dispute","controversy, dispute",1,1
"decrease","diminution, decrease",1,1
"descended","derived, descended",1,1
"limited","which is to be limited, terminated",1,1
"cheated","defrauded, cheated, deceived",1,1
"fear","to fear, to dread",1,1
"sloping","sloping",1,1
"receive","second-person singular present mediopassive imperative of δέχομαι (dékhomai)",1,1
"bait","bait",1,1
"harmful","harmful, damaging, destructive",1,1
"thinker","thinker (person who deliberates)",1,1
"town","A town of Thrace situated on the Black Sea",1,1
"descend","to flow down, descend",1,1
"natured","natured; having been natured",1,1
"bind","contracted second-person singular present mediopassive imperative of δέω (déō)",1,1
"hang","to hang down, from or on",1,1
"discovery","detection, discovery",1,1
"ridicule","ridicule",1,1
"ridiculous","serving for laughter, ridiculous",1,1
"deviation","diversion, deviation",1,1
"see","to see, see clearly",1,1
"strip","long piece of dough pulled out in making pastry",1,1
"cucumber","of cucumbers",1,1
"refused","refused",1,1
"bite","bite, biting",1,1
"apart","asunder, apart, in two",1,1
"penetrating","penetrating, piercing",1,1
"enter","aorist active infinitive of δῡ́ω (dū́ō)",1,1
"binding","present mediopassive participle of διαδέω (diadéō)",1,1
"relaxed","relaxed",1,1
"writing","writing or noting down",1,1
"ending","second person plural passive ending",1,1
"flow","to flow down, or in different directions",1,1
"separate","to separate, divide, take apart",1,1
"consider","to consider, contemplate, examine",1,1
"steward","steward, attendant",1,1
"differently","differently, in a different manner",1,1
"harassed","harassed",1,1
"tribe","A tribe settled in Chaonia",1,1
"giver","giver",1,1
"gem","a kind of precious stone (of uncertain type)",1,1
"striving","straining, struggling",1,1
"harshness","harshness",1,1
"roared","augmented third-person singular aorist active indicative of ἔβρᾰχον (ébrăkhon)",1,1
"prudent","thoughtful, prudent",1,1
"bulb","A bulb",1,1
"tribe","An Iberian tribe of Hispania Tarraconensis",1,1
"showed","first-person singular aorist active indicative of δείκνῡμῐ (deíknūmĭ)",1,1
"hurt","to hurt, suffer (physical pain)",1,1
"bottoming","bottoming; adopting the submissive role in gay sex",1,1
"pour","to pour out, shed, spread abroad, drain off",1,1
"city","a city of the Celtiberians in Hispania Tarraconensis",1,1
"grasped","grasped",1,1
"chapter","a sura (chapter of the Qurʾān)",1,1
"ugly","of hateful look, ugly",1,1
"lay","first-person singular imperfect middle indicative of κεῖμαι (keîmai)",1,1
"obtained","first-person singular aorist active indicative of λαγχάνω (lankhánō)",1,1
"sing","to sing (as an accompaniment))",1,1
"elastic","elastic",1,1
"city","a city of Phocis situated on the fertile plain formed by the river Cephisus",1,1
"bark","to bark out",1,1
"tribe","Edoni, an ancient Thracian tribe which dwelt between the rivers Nestus and Strymon",1,1
"elegantly","elegantly",1,1
"grain","Hesychius gives the definition as: kind of grain similar to millet",1,1
"purchased","purchased; bought",1,1
"praise","Praise, eulogy.",1,1
"resembling","resembling, -oid, -like",1,1
"turning","a turning towards",1,1
"powder","a powder or substance for sprinkling; something sprinkled on",1,1
"surface","surface",1,1
"make","second-person singular sigmatic future active indicative of faciō",1,1
"damaging","bringing loss, hurtful, damaging",1,1
"row","to row, paddle",1,1
"educate","to instruct, to educate; to cultivate, to refine",1,1
"experienced","only somewhat experienced (sexually)",1,1
"say","contracted first-person plural future active indicative of εἴρω (eírō)",1,1
"pray","to pray, offer prayers",1,1
"comedy","comedy",1,1
"island","An island situated near Scyros",1,1
"conquer","to overcome, conquer, subdue, vanquish",1,1
"avoid","to shun, avoid",1,1
"ease","ease of breathing",1,1
"well","good, correct style",1,1
"escaped","haplological form of ēvāsistī, second-person singular perfect active indicative of ēvādō",1,1
"clearly","evidently, manifestly, obviously",1,1
"opposite","opposite, over against",1,1
"invented","contrived, devised, invented",1,1
"cultivate","to tend or cultivate (figurative)",1,1
"watching","watching, keeping watch (outside)",1,1
"exhaled","exhaled",1,1
"display","display, exhibition",1,1
"drained","emptied, drained",1,1
"desire","to long for (greatly desire)",1,1
"persuade","to persuade or win over",1,1
"weighed","weighed",1,1
"retain","to reserve, retain, save; to keep or hold back or in reserve",1,1
"deviate","to go off course",1,1
"external","Refers to things on or from the outside.",1,1
"falsely","fabulously, falsely",1,1
"artificial","made by art, artificial, factitious",1,1
"famed","famed, celebrated",1,1
"folly","foolishness, folly, silliness",1,1
"messy","of a mess, mess-",1,1
"confirmer","confirmer, establisher",1,1
"fasten","Old Latin form of fīgō (""to fasten"")",1,1
"scandal","disgraceful or shameful action, deed, or crime; scandal",1,1
"flaming","flaming",1,1
"moving","emotionally moving, affecting, touching",1,1
"blue","sea-colored, the color of the ocean",1,1
"to float","to float",1,1
"soil","to make foul or filthy, soil, dirty; defile, pollute, disfigure, mar, deform",1,1
"fear","to dread or fear",1,1
"perhaps","perhaps, perchance, maybe",1,1
"strength","strength, force",1,1
"pit","A digging; pit, ditch.",1,1
"rot","to be rotten, overripe or spoiled",1,1
"shatter","to break, shatter",1,1
"inquire","to seek to know; ask, search, inquire, question",1,1
"roar","a murmur, roar",1,1
"coldness","coldness",1,1
"show","to show; to inform",1,1
"shine","to blaze, flash, lighten, glitter, gleam, glare, glisten, shine",1,1
"entity","an entity",1,1
"future","the future",1,1
"bowl","bowl",1,1
"fool","A fool, a moron",1,1
"to tickle","to tickle",1,1
"barking","a yelping, barking",1,1
"effortless","without toil or trouble, effortless",1,1
"to heal","to heal",1,1
"mimic","to mimic, pantomime, gesticulate",1,1
"general","A Roman general of Mauritania",1,1
"city","A city in Crete",1,1
"swell","to swell, spread, blaze up",1,1
"boasting","boasting, glorying, exulting",1,1
"contraction","contraction, astringency",1,1
"know","to be aware of; to perceive, observe, know, learn",1,1
"to fly","to fly",1,1
"bind","to attach, fasten, bind, tie on",1,1
"gradation","gradation",1,1
"increase","to increase, to make great, improve",1,1
"advancing","advancing",1,1
"please","to oblige, gratify",1,1
"pleased","having obliged, gratified",1,1
"reluctantly","grudgingly, reluctantly, unwillingly",1,1
"sell","to be sold",1,1
"throat","windpipe, gullet",1,1
"doubt","unbelief, distrust, lack of confidence, doubt",1,1
"stick","to stick, stick fast; cling; cleave; adhere; hang, hang on or to; hold fast, be fastened; hang on; be caught; take root",1,1
"hesitation","hesitation, hesitating",1,1
"snatch","to snatch away, carry off",1,1
"reedy","reedy (abounding in reeds)",1,1
"divination","the art of divination, the art of the haruspex",1,1
"draw","to draw (especially water), drain",1,1
"weekly","weekly",1,1
"seven","the number seven",1,1
"sixteen","the number sixteen",1,1
"town","a town in Umbria situated near Forum Flaminii and Nuceria",1,1
"our","apocopic form of ἡμέτερα (hēmétera)",1,1
"fingered","fingered",1,1
"boil","to boil, seethe",1,1
"cheerful","cheerful, merry, joyous, glad, happy",1,1
"thunder","to thunder (make a thunderous noise)",1,1
"goaty","smelling like a goat",1,1
"grooved","chamfered, fluted, grooved",1,1
"honor","to honor, dignify, clothe with honor",1,1
"age","to age, make old",1,1
"entertained","entertained",1,1
"such","Of this kind, such",1,1
"moist","watery, moist, well-watered",1,1
"rains","third-person singular present mediopassive indicative of ῡ̔́ω (hū́ō)",1,1
"crew","body or rowers, ship's crew",1,1
"existed","third-person singular aorist active indicative of ὑπάρχω (hupárkhō)",1,1
"wheeled","running on wheels, wheeled",1,1
"support","that which stands under, support, prop",1,1
"sleep","to sleep, slumber",1,1
"fishy","fishy",1,1
"trumpeting","the sound of an elephant",1,1
"silent","not struck (so that no sound is made)",1,1
"command","to command, give orders to, impose, demand",1,1
"foreign","not belonging thereto",1,1
"assault","push, thrust, assault, onslaught",1,1
"press","to press, impress",1,1
"hesitating","unready, hesitating",1,1
"attack","attack, assault",1,1
"grease","Medieval Latin form of sēbum (""grease"")",1,1
"valuation","The act of indicating, setting or rating the valuation of something; a valuation.",1,1
"index","A short index, list or catalogue.",1,1
"atom","atom",1,1
"teaching","teaching, instruction",1,1
"covering","a covering, coating",1,1
"plastic","plastic (able to be shaped)",1,1
"formed","formed, moulded, fashioned, having been given shape to",1,1
"tasteless","tasteless; senseless",1,1
"restraint","restraint",1,1
"judged","judged; decided; condemned",1,1
"effected","having effected, operated or produced",1,1
"title","inscription, title",1,1
"introducer","a female introducer; she that introduces or makes known",1,1
"wakeful","sleepless, wakeful",1,1
"observing","observing, looking at",1,1
"presence","a being near, presence",1,1
"preparer","Someone who arranges something; preparer.",1,1
"restoring","renewing, restoring",1,1
"intestine","a gut; intestine",1,1
"intervened","intervened",1,1
"intervene","to fall between",1,1
"throw","throw",1,1
"endless","boundless, endless",1,1
"murderous","murderous",1,1
"fracture","a breaking, fracture; injuring, damage",1,1
"observed","having looked upon; looked closely at; gazed at",1,1
"alternately","in or by turns; alternately",1,1
"to visit","to visit",1,1
"invited","invited",1,1
"exhaling","exhaling",1,1
"introduce","to lead in or into (esp. into one's dwelling)",1,1
"separation","a separating or parting",1,1
"equivalent","that which is equivalent in effect (to something else)",1,1
"such","such (of that kind etc.)",1,1
"lack","to be in want, to be deprived of",1,1
"four","A Roman numeral representing four (4).",1,1
"howling","howling, shrieking, as of men in pain",1,1
"have","Used for the first person present perfect singular form of any regular verb.",1,1
"sound","Thing heard, such as music.",1,1
"town","A town on the island of Minorca",1,1
"joked","having joked, jested",1,1
"drip","to drip, drop, trickle",1,1
"judge","She who judges; judger (female)",1,1
"carry","to carry, bear, convey, transport",1,1
"backer","A botanical plant name author abbreviation for Dutch botanist Cornelis Andries Backer (1874-1963). For the surname, see below.",1,1
"roughness","sharpness or roughness of the tongue",1,1
"offering","corban, gift or votive offering for the service of God",1,1
"strike","to strike, smite",1,1
"icy","icy",1,1
"town","an ancient town in Hispania Tarraconensis",1,1
"weeping","weeping, bursting into tears.",1,1
"butcherly","of a butcher, butcher's",1,1
"stumble","to slip, slide, stumble, fall",1,1
"town","a town in Aquitania, now Bayonne",1,1
"abundant","flowing copiously, copious",1,1
"giver","bestower, granter, dispenser, distributer, imparter",1,1
"secret","secret, clandestine",1,1
"barker","she who barks or rants",1,1
"boat","A skiff, bark; a small sailing vessel.",1,1
"bit","part of a bridle or bit",1,1
"river","a river in Cyrenaica, mentioned by Pliny",1,1
"rag","shabby, tattered garment",1,1
"city","a city in interior Liguria, on the road from Genua to Dertona",1,1
"feeding","feeding the frontier soldiers",1,1
"tribe","A Celtic tribe of Gallia Belgica, which dwelt near the sources of the Marne and Seine",1,1
"cliff","bare, smooth cliff",1,1
"envy","envy",1,1
"town","a town in Africa situated near Tunes",1,1
"gain","to gain, acquire, profit",1,1
"wandering","wandering in the wilderness",1,1
"mechanical","Of or pertaining to machines",1,1
"leanness","leanness, thinness, skinniness",1,1
"sorrow","sadness, sorrow, grief, dejection, melancholy",1,1
"ore","name of several ores and metallic amalgams",1,1
"magnet","magnet",1,1
"magnitude","greatness, size, bulk, magnitude; vastness, extent.",1,1
"logy","-logy; the study or logical discourse of",1,1
"rush","to rush, spring, hurry",1,1
"transfer","to transfer or sell (especially property)",1,1
"transfer","transfer, delivery",1,1
"openly","manifestly, openly, clearly",1,1
"left","first-person singular/third-person plural aorist active indicative unaugmented of λείπω (leípō)",1,1
"marry","to marry, wed (in the sense of ""give a husband to someone"", ""give someone in marriage"")",1,1
"mastic","mastic, gum",1,1
"material","material (made of matter)",1,1
"maturity","ripeness, maturity",1,1
"mature","to ripen, make ripe, bring to maturity",1,1
"town","a town in Africa situated near Carthago",1,1
"city","an ancient city in Asia, mentioned by Pliny",1,1
"measure","A Greek dry measure similar to a bushel",1,1
"town","A considerable town of Umbria, situated on the left bank of the Tiber, now Otricoli",1,1
"dirt","dirt; filth; uncleanliness",1,1
"seer","Iamid (member of an Olympian extended family of seers)",1,1
"black","black (color, of anything)",1,1
"painter","A Greek painter",1,1
"melon","melon, Cucumis melo",1,1
"island","an island of Africa, now Djerba",1,1
"prostitution","prostitution",1,1
"transform","to transform, disguise",1,1
"removing","removing, removal",1,1
"harvest","to reap, harvest",1,1
"reduce","to reduce or diminish (make smaller)",1,1
"wonderer","she that wonders or admires, female wonderer, female admirer",1,1
"manager","controller, manager, director (female); mistress (female master)",1,1
"measuring","measuring",1,1
"wall","wall, fortification",1,1
"effort","great exertion, effort, endeavor, attempt",1,1
"build","to build, erect",1,1
"alone","to be alone",1,1
"mint","mint, a place for coining money",1,1
"chief","A chief of the Dardani",1,1
"formed","Shaped or formed.",1,1
"bit","a small piece",1,1
"death","killing, death",1,1
"protect","to care for, guard, protect, support",1,1
"city","The name of an ancient city of Sicily (now Modica).",1,1
"melt","to melt, melt down or away",1,1
"lowing","A lowing, mooing, bellowing.",1,1
"murder","murder",1,1
"present","to present; to honor (with), reward",1,1
"boundless","boundless, immense",1,1
"cat","A cat, one who catches mice.",1,1
"squeak","to squeak like a mouse",1,1
"musical","of or for music, musical",1,1
"to borrow","to borrow",1,1
"fulling","Of or relating to a fuller",1,1
"not","absolutely negates the principal meaning",1,1
"observes","contracted third-person singular present active indicative of θεωρέω (theōréō)",1,1
"signal","to nod, beckon, as a sign",1,1
"boat","A kind of small boat",1,1
"nesting","having built a nest",1,1
"black","to be black",1,1
"obscurity","The meaning of this term is uncertain. Possibilities include: obscurity, doubt, darkness",1,1
"ear","syncopic form of ōricula; Alternative form of auricula",1,1
"injured","injured",1,1
"garment","A garment trimmed with purple",1,1
"show","to show, to make apparent or known, clear",1,1
"island","An island situated on the south-east of Cape Sunium",1,1
"spur","the western spur of the Esquiline Hill (later taking the name of the Oppius mons (the southern spur) and further conflated with the Carīnae)",1,1
"tribe","A tribe of Thrace mentioned by Livy",1,1
"abundantly","numerously, manifoldly, abundantly, plentifully",1,1
"namer","a namer",1,1
"stroll","stroll (wandering about)",1,1
"wander","to wander, ramble about",1,1
"delight","a source of delight, pleasure, amusement",1,1
"object","to speak against someone or something; interrupt a speaker, interject",1,1
"obstacle","obstacle, hindrance",1,1
"firmness","firmness, resolution, steadfastness, determination",1,1
"block","to stop up, block up",1,1
"to meet","to meet",1,1
"meeting","meeting",1,1
"stripe","purple stripe down the front of the chiton",1,1
"resent","to hold a grudge [with genitive 'against']",1,1
"poured","poured",1,1
"global","from or open to the whole world",1,1
"to say","aorist active infinitive of λέγω (légō)",1,1
"all","of every kind",1,1
"worker","worker, operator",1,1
"pay","salary, wages, pay, allowance",1,1
"excellently","very well; excellently",1,1
"river","River Ordessus; Argeș (river), Romania",1,1
"river","A river of Persia which flowed into the Persian Gulf",1,1
"raised","third-person singular aorist active indicative of ὄρνῡμῐ (órnūmĭ) with movable nu",1,1
"calling","summoning, calling",1,1
"smelled","smelled, that which can be smelled",1,1
"bony","full of bones",1,1
"curl","curled hair, lock of hair",1,1
"sparing","present mediopassive participle of φείδομαι (pheídomai)",1,1
"quick","quick, nimble, ready",1,1
"pan","Hesychius gives the definition as: τήγανον ὀστράκινον (tḗganon ostrákinon, ""clay frying pan"").",1,1
"saucer","small vinegar saucer",1,1
"tribe","A tribe of Locris, in Greece",1,1
"tutor","pedagogue, governor",1,1
"athletic","Of or pertaining to play or sport.",1,1
"palm","a foot and a palmspan in height, breadth, etc.",1,1
"flattery","The act of stroking or flattering, flattery.",1,1
"removal","removal, removing",1,1
"stretched","having stretched oneself",1,1
"extend","to spread or open (out), extend",1,1
"city","an ancient city in Epirus, on the Acheron, now Kastri",1,1
"loaf","a small loaf",1,1
"harp","kinnor or harp of David",1,1
"town","A town of Etruria mentioned only by Livy",1,1
"neglect","to neglect (fail to care for)",1,1
"star","The star 46 Leonis Minoris in the constellation Leo Minor.",1,1
"come","second-person singular aorist active optative of ἔρχομαι (érkhomai)",1,1
"to suffer","aorist active infinitive uncontracted of πᾰ́σχω (pắskhō)",1,1
"achiever","an effecter, achiever, accomplisher",1,1
"protect","to protect, defend, support, patronize (takes the dative)",1,1
"protection","protection, defence",1,1
"combing","the action of combing, a combing of the hair",1,1
"money","money; pecuniary, financial",1,1
"town","a town in Cilicia situated near Pinare, mentioned only by Pliny",1,1
"tribe","A Celtiberian tribe of Hispania Tarraconensis",1,1
"allurement","allurement, enticement",1,1
"fifteen","fifteen",1,1
"appropriately","in an appropriate manner",1,1
"completion","completion, finish",1,1
"penetrating","very clear-sounding, very penetrating to the ear",1,1
"swift","very fast or swift",1,1
"participating","perceptible, participating (in anything)",1,1
"inquiry","questioning, inquiry",1,1
"town","a town in Mysia situated between Lampsacum and Abydus",1,1
"striker","striker, stabber",1,1
"performed","having performed, discharged",1,1
"near","near, at hand, hard by",1,1
"tribe","An ancient tribe of Africa, which dwelt between the Canarii and the Pharusii",1,1
"arrive","to come, arrive",1,1
"disease","infectious or contagious disease; plague, pestilence",1,1
"town","a town in Africa situated near Bizerte, now Tinja",1,1
"journey","a land journey",1,1
"crest","crest of a helmet",1,1
"name","a male given name of historical usage",1,1
"silencing","muzzling, silencing of death",1,1
"show","to make known, point out, intimate, show",1,1
"decay","to wane, decay, dwindle",1,1
"physical","physical; pertaining to physics",1,1
"persuade","second-person singular aorist active optative of πείθω (peíthō)",1,1
"branching","having shoots, branching",1,1
"wish","second-person singular present active optative of θέλω (thélō)",1,1
"fullness","fullness",1,1
"rainy","Of or pertaining to rain.",1,1
"cramp","A cramp, spasm",1,1
"sell","contracted second-person singular aorist active imperative of πωλέω (pōléō)",1,1
"city","an ancient city in Latium, destroyed at a very early period",1,1
"basin","A washbasin, a laver",1,1
"sell","contracted third-person plural present active indicative of πωλέω (pōléō)",1,1
"skillful","artistic, skillful, workmanlike",1,1
"chiefly","mainly, primarily",1,1
"field","a field divided into bed",1,1
"demand","to demand for punishment, to ask the surrender of",1,1
"month","Posideon: the sixth month of the Attic calendar, corresponding to the lunar term around December and January",1,1
"placing","about to place; about to put; about to lay",1,1
"possessed","possessed",1,1
"possibility","possibility",1,1
"power","might, power",1,1
"obtained","obtained, acquired",1,1
"frightful","very frightful, detestable",1,1
"prepared","prepared or arranged in advance",1,1
"fierce","very fierce, bold, violent etc.",1,1
"advanced","having gone ahead",1,1
"preparation","preparation (act or result of preparing)",1,1
"tiny","very small, little, puny",1,1
"ready","at hand, ready, quick, present",1,1
"due","which is to be fulfilled, discharged",1,1
"bound","having been bound fast; tied up",1,1
"turn","to turn or twist forwards or around",1,1
"passed","having traveled past, having traveled along",1,1
"council","council, body of elders, presbytery",1,1
"progress","forward direction, forward movement",1,1
"approver","approver",1,1
"yielding","surrendering, giving up",1,1
"advance","to go forth: to advance, to proceed",1,1
"battled","having fought, battled",1,1
"confessed","having confessed, acknowledged, avowed, professed, declared",1,1
"exhaled","blown forth, breathed out",1,1
"lineage","race, family, progeny, lineage, descent",1,1
"prevention","prohibition, prevention",1,1
"duration","great extent, long duration",1,1
"project","to stand or jut out; to project, overhang; to be prominent",1,1
"space","an open or uncovered place",1,1
"toast","to drink to someone's health, toast someone",1,1
"curve","sectrix, which is a curve which can be used to divide an arbitrary angle by any integer.",1,1
"accompanying","escorting, accompanying",1,1
"besides","besides, in addition",1,1
"prayer","prayer",1,1
"warm","to be warm, lukewarm or tepid",1,1
"eagerness","readiness, willingness, eagerness, zeal",1,1
"itch","to itch or tingle",1,1
"tune","tune played on a stringed instrument",1,1
"town","A town of the Varduli in Hispania Tarraconensis",1,1
"informer","informant, denouncer (in court)",1,1
"lice","True lice and bark lice",1,1
"power","strength, power, power to help, property",1,1
"base","bottom of a cup or jar",1,1
"square","square, quadrate",1,1
"quality","quality, property",1,1
"snout","Hesychius gives the definition as: ῥύγχος (rhúnkhos, ""snout; beak"").",1,1
"expel","to drive out; expel",1,1
"all","all, everyone without exception; the whole citizenry",1,1
"greed","rapacity, greediness",1,1
"to recover","to recover",1,1
"return","to fall back, return (especially of an evil)",1,1
"remember","to call to mind, remember, recall, recollect",1,1
"restorer","restorer, reviver",1,1
"restore","to create again or anew, restore, recreate",1,1
"government","control, government",1,1
"smell","to emit a scent or odor",1,1
"return","A bringing back, a leading back.",1,1
"reigned","reigned",1,1
"remembered","having recalled to mind, remembered",1,1
"to row","to row",1,1
"return","to return or go back",1,1
"linger","to stay, tarry, linger, loiter",1,1
"payment","payment (in return)",1,1
"settle","to sit, to settle in a place",1,1
"restore","to replace, restore, reinstate, re-establish",1,1
"retainer","One who holds back; detainer, retainer",1,1
"revere","to stand in awe (of), regard, respect, honor, reverence, revere",1,1
"returning","about to return or turn back",1,1
"cabbage","cabbage (Brassica cretica)",1,1
"plane","plane, a tool for smoothing wood",1,1
"stretcher","one who draws or stretches",1,1
"rival","Of or relating to those who make use of the same brook.",1,1
"throat","Epic and Lyric form of φᾰ́ρῠγξ (phắrŭnx)",1,1
"tribe","A Germanic tribe who dwelt in the modern area of Pomerania",1,1
"rumor","rumor, hearsay, gossip",1,1
"break","to break, burst, tear, rend, rupture; break asunder, force open",1,1
"city","an important city in Etruria, situated near the course of the river Umbro",1,1
"sacrifice","Something made sacred or given to a deity, sacrifice.",1,1
"dashed","dashed",1,1
"vine","a kind of wild vine found in willow-thickets",1,1
"spit","to spit out, discharge",1,1
"cap","A kind of cap made of hide used by the flamen",1,1
"sword","kind of sword, shamshir",1,1
"law","law, decree",1,1
"tasty","of good flavor",1,1
"spring","to spring, well",1,1
"inquire","to seek to know; ask, inquire, question",1,1
"bending","obliquity, bending",1,1
"stool","stool",1,1
"mock","to mock, jeer, scoff at",1,1
"town","An ancient town of Emathia, situated between Tyrissa and Mieza",1,1
"separate","to put apart, sunder, sever, separate, divide",1,1
"knife","A long iron knife used in sacrifices",1,1
"slowly","slowly, lazily",1,1
"announce","to announce, declare",1,1
"ray","ray, half-line; a part of a line starting at a point and extending infinitely in one direction.",1,1
"apart","apart, separately, asunder",1,1
"verse","versicle, scrap of poetry",1,1
"dry","to become dry, dry off",1,1
"dry","to dry up; to become dry",1,1
"dryness","dryness",1,1
"seal","to seal (up)",1,1
"pigment","A yellowish pigment used by painters in ancient times.",1,1
"blackish","blackish",1,1
"singularity","singularity",1,1
"town","a town in Pannonia, modern-day Sremska Mitrovica in Serbia.",1,1
"thirster","male thirster, man who thirsts",1,1
"tribe","A Germanic or Finnic tribe mentioned by Tacitus",1,1
"place","Sittace, Assyria, Iraq",1,1
"town","Scandia, a town on the island of Cythera",1,1
"sanity","soundness of mind, prudence, discretion; sanity",1,1
"drink","to suck in, drink up",1,1
"foul","to be dirty, filthy or foul",1,1
"tribe","A pre-Roman tribe of Gallia Narbonensis, who lived near the Pyrenees",1,1
"space","Medieval Latin form of spatium",1,1
"severed","which is to be severed",1,1
"shine","to shine, glitter, gleam, glisten; to be bright",1,1
"foaming","making foam, foaming",1,1
"standard","a weight, a standard",1,1
"melt","to melt, liquefy",1,1
"tow","coarse flax, tow",1,1
"confine","confine",1,1
"opposite","the opposite, contrary, reverse",1,1
"grief","grief",1,1
"conduct","way of life, conduct or behavior",1,1
"mountain","A mountain of Boeotia sacred to Apollo and the Muses",1,1
"sudden","sudden, unexpected",1,1
"tie","to tie, bind below",1,1
"aid","help, support, aid, relief",1,1
"substitution","substitution",1,1
"erection","erection (of a building, etc.)",1,1
"climb","to climb, mount or ascend, go from under; go up",1,1
"helped","helped",1,1
"fastened","fastened",1,1
"support","to support; to vote for",1,1
"survival","survival",1,1
"supported","upheld, supported, propped or sustain",1,1
"harmony","agreement in sound, symphony",1,1
"sight","seeing, sight",1,1
"accident","anything that has befallen one, a chance, casualty",1,1
"cooperation","joint working, cooperation",1,1
"document","A written contract, or similar document; a passport",1,1
"tension","tension, rigidity",1,1
"tension","tension",1,1
"wasting","wasting (away), decaying",1,1
"tap","a rap or flick with the finger.",1,1
"shaped","having a specific shape or form",1,1
"indication","The superficial indication of the presence of gold under the earth",1,1
"as","as much as, so as, just as",1,1
"as","as, just as",1,1
"island","An island near Chios",1,1
"liquor","any intoxicating drink, especially strong wine or mead",1,1
"conversation","conversation, discussion",1,1
"district","an ancient district in the western part of Mysia, in modern Turkey",1,1
"relying","relying [with dative 'on']",1,1
"will","will, desire",1,1
"town","A town of Arcadia situated on the left bank of the river Ladon",1,1
"theory","speculation, theory",1,1
"observe","contracted first-person singular present active indicative/subjunctive of θεωρέω (theōréō)",1,1
"stormy","stormy; tempestuous",1,1
"porter","doorkeeper, porter",1,1
"honor","contracted second-person singular present active indicative/subjunctive of τῑμᾰ́ω (tīmắō)",1,1
"fear","to fear, be afraid of, apprehend, be apprehensive of",1,1
"perfect","complete; perfect; entire; without blemish",1,1
"tribe","A tribe of Sarmatia settled near the coast of the Black Sea",1,1
"drinker","a drinker, toper",1,1
"cross","to traverse; cross, cross over; go across or over; pass, pass through, over or by",1,1
"pass","to go or pass through",1,1
"collect","to call in (a debt)",1,1
"tribe","A tribe of Gallia Belgica, on the left shore of the Rhine",1,1
"tribe","A Celtic tribe of Britannia, whose capital was Camulodunum",1,1
"city","a city in interior Sicily",1,1
"triply","triply",1,1
"sadness","sadness, sorrow, melancholy, sloth",1,1
"drive","to drive, set in motion",1,1
"tribe","A tribe of Hyrcania mentioned by Pliny",1,1
"tribe","A tribe of Hispania Baetica who lived near the Turduli.",1,1
"town","A town of the Celtiberians in Hispania Tarraconensis, now Tarazona",1,1
"hurt","to make sore",1,1
"town","A town of Chalcidice situated in the peninsula of Acte",1,1
"tribe","A Celtiberian tribe settled on the plains of the central Duero valley",1,1
"mad","mad, crazed, demented",1,1
"weak","sickly, weak, infirm",1,1
"health","state of health (usually bad unless deliberately expressed otherwise)",1,1
"silent","silent, voiceless, noiseless",1,1
"king","A king of the Suebi and nephew of Vannius",1,1
"strongly","violently, forcefully, strongly, vehemently, loudly",1,1
"speed","speed, velocity, swiftness, rapidity, fleetness",1,1
"tribe","A tribe of the Alps",1,1
"modesty","knowing one's place, regarded as a virtue; coyness, modesty",1,1
"organism","name of some marine organism",1,1
"tribe","A tribe of Gallia Belgica, whose capital was Augusta Veromanduorum",1,1
"revolving","turning around, revolving",1,1
"turning","a turning, change, version; translation (of languages)",1,1
"cunning","cunning, slyness, craftiness",1,1
"vintage","a grape-gathering, vintage",1,1
"claim","a laying claim to (a thing, before the praetor, by both contending parties)",1,1
"virtue","By virtue, character, excellence, courage, or manliness.",1,1
"bound","first-person singular perfect mediopassive indicative of δέω (déō)",1,1
"barely","only or but just; hardly, scarcely, or barely yet; almost",1,1
"common","usual, common, commonplace, everyday",1,1
"aspect","look, mien, air",1,1
"raise","to raise, elevate, erect",1,1
"practice","exercise, training, practice",1,1
"impact","a striking against",1,1
"inn","inn, place for strangers to lodge in",1,1
"fast","fast (day); fasting",1,1
"town","a town in Gallia Narbonensis",1,1
"crater","a crater in Mars, Solar System",1,1
"plant","A plant, possibly of genus Clinopodium.",1,1
