rock,certainty,atoms,invented,moon,english
bad,held,1,0,bad,tangent (math)
bad,held,1,0,bar,bear (carry)
bag,held,1,0,bag,insect
bak,held,1,0,bak,send
bam,held,1,0,bam,create
ban,held,1,0,ban,together/bind
ban,held,1,0,baq,be
bat,held,1,0,bat,beauty
bax,held,1,0,bax,bird
baz,held,1,0,baC,by
bid,held,1,0,bed,bite
bid,held,1,0,bid,ignorant
bid,held,1,0,bil,limit/restrict
big,held,1,0,big,go
bim,held,1,0,bim,target
bin,held,1,0,beq,bang
bin,held,1,0,biq,being
bis,held,1,0,bes,base
bit,held,1,0,bet,under
bit,held,1,0,bit,beat
biz,held,1,0,biz,intense
bud,held,1,0,bor,condition (case)
bud,held,1,0,bud,awake
bud,held,1,0,bul,blue
bug,held,1,0,bug,cosine
bum,held,1,0,bum,boom
bus,held,1,0,bos,possessive plural
but,held,1,0,bot,boat
but,held,1,0,but,unstable
buv,held,1,0,bov,debug
bux,held,1,0,bux,bundle (matter condensing)
buz,held,1,0,boz,private
buz,held,1,0,buz,bosom
dab,held,1,0,rab,ride
daf,held,1,0,daf,previous
daf,held,1,0,laf,four
daf,held,1,0,raf,reference
dag,held,1,0,dag,dog
dag,held,1,0,lag,organ (body)
daj,held,1,0,raj,range
dak,held,1,0,dak,physical
dak,held,1,0,lak,like
dak,held,1,0,rak,rock
dam,held,1,0,dam,morality
dam,held,1,0,lam,real
dam,held,1,0,ram,dark
dan,held,1,0,dan,the
dan,held,1,0,lan,land
dan,held,1,0,laq,object feature type
dan,held,1,0,ran,frog
dan,held,1,0,raq,wrong
dap,held,1,0,rap,wrap
das,held,1,0,dac,death
das,held,1,0,das,understand
das,held,1,0,ras,in
dav,held,1,0,dav,divine
dav,held,1,0,lav,love
dav,held,1,0,rav,particle
dax,held,1,0,lax,add
daz,held,1,0,laz,very much of (-some)
daz,held,1,0,raC,rhythm
daz,held,1,0,raz,resonate
dib,held,1,0,dib,connect
dib,held,1,0,rib,ribbit
dif,held,1,0,dif,define
dif,held,1,0,lif,leaf
dif,held,1,0,ref,success
dif,held,1,0,rif,close (near)
dig,held,1,0,dig,sine
dig,held,1,0,lig,square root
dig,held,1,0,reg,edit
dij,held,1,0,dej,orange
dij,held,1,0,lij,orient
dik,held,1,0,lek,collect
dik,held,1,0,lik,link
dik,held,1,0,rik,up
dim,held,1,0,dim,you
dim,held,1,0,lem,low
din,held,1,0,lin,learn
din,held,1,0,liq,simulate
din,held,1,0,ren,rain
din,held,1,0,rin,run
dip,held,1,0,dip,tree
dip,held,1,0,lep,push
dip,held,1,0,lip,chain
dip,held,1,0,rip,rich
dis,held,1,0,dis,number
dis,held,1,0,les,air
dis,held,1,0,ric,straight
dis,held,1,0,ris,express
div,held,1,0,div,drive
div,held,1,0,riv,to/arrive
dix,held,1,0,rex,array
diz,held,1,0,dez,dynamic
diz,held,1,0,leC,point
diz,held,1,0,reC,progress
diz,held,1,0,riC,algorithm
diz,held,1,0,riz,rise
dub,held,1,0,dob,two
dub,held,1,0,dub,aware
dub,held,1,0,lob,error
dub,held,1,0,rub,logarithm
duf,held,1,0,luf,far (large-distance-focus)
dug,held,1,0,dug,drink
dug,held,1,0,log,permute
dug,held,1,0,log,bet (gamble)
dug,held,1,0,log,murmur
dug,held,1,0,log,glimmer
dug,held,1,0,rog,thirteen
dug,held,1,0,rug,this
duj,held,1,0,luj,logic
duk,held,1,0,duk,minute
duk,held,1,0,lok,place (space location)
duk,held,1,0,luk,look
duk,held,1,0,ruk,location
dum,held,1,0,dom,state
dum,held,1,0,dum,negative
dum,held,1,0,lom,plural (many)
dum,held,1,0,lum,branch
dum,held,1,0,rum,realm
dun,held,1,0,dun,join (to one)
dun,held,1,0,lon,loan
dun,held,1,0,lun,moon
dun,held,1,0,luq,question
dun,held,1,0,ron,environment
dun,held,1,0,run,glyph
dup,held,1,0,lup,loop
dup,held,1,0,rup,right (time)
dus,held,1,0,dus,reduce
dus,held,1,0,los,less of (-less) empty
dus,held,1,0,ros,force
duv,held,1,0,rov,copper
duv,held,1,0,ruv,local
dux,held,1,0,dux,condition (general state)
dux,held,1,0,lox,string (computing)
duz,held,1,0,doz,here
duz,held,1,0,duz,do
duz,held,1,0,roz,rose
duz,held,1,0,ruz,consonant
fak,held,1,0,fak,fuck
fam,held,1,0,fam,family
fan,held,1,0,fan,find
faz,held,1,0,faz,green
fid,held,1,0,fid,next
fid,held,1,0,fid,food
fid,held,1,0,fil,feel
fik,held,1,0,fek,fake
fim,held,1,0,fim,female
fis,held,1,0,fes,face
fit,held,1,0,fet,eight
fix,held,1,0,fix,belief
fud,held,1,0,for,fire
fud,held,1,0,ful,fuel
fud,held,1,0,fur,fail
fug,held,1,0,fug,figure (it out)
fuj,held,1,0,fuj,refuge
fuk,held,1,0,fok,halt
fun,held,1,0,fon,device
fun,held,1,0,fun,within (endo-)
fun,held,1,0,fun,would
fun,held,1,0,fun,wind (air)
fun,held,1,0,fuq,function
fup,held,1,0,fup,borrow
fus,held,1,0,fos,else
fus,held,1,0,fus,discontinuous
fut,held,1,0,fot,right (direction)
fut,held,1,0,fut,bad
fuz,held,1,0,fuz,fusion
gab,held,1,0,gab,eat
gad,held,1,0,gad,god
gad,held,1,0,gal,too
gad,held,1,0,gar,language
gan,held,1,0,gan,garden
gav,held,1,0,gav,how (missing-action-focus)
gaz,held,1,0,gaC,gather
gaz,held,1,0,gaz,possess
gib,held,1,0,gib,guide
gid,held,1,0,gir,that
gif,held,1,0,gif,give
gim,held,1,0,gem,game
gim,held,1,0,gim,magic
gin,held,1,0,gin,sync
gis,held,1,0,gis,will (future)
git,held,1,0,git,infinite
giz,held,1,0,giz,position
gub,held,1,0,gub,like (filler)
gud,held,1,0,god,gold
gud,held,1,0,gol,goal
gud,held,1,0,gul,exponent
guj,held,1,0,guj,memory
gum,held,1,0,gum,come
gun,held,1,0,goq,job
gun,held,1,0,gun,representation
gus,held,1,0,gus,back (front)
gut,held,1,0,got,antenna
gut,held,1,0,gut,gut
guv,held,1,0,guv,end
guz,held,1,0,guz,lose
jak,held,1,0,jak,wisdom
jan,held,1,0,jan,spirit
jan,held,1,0,jaq,count
jas,held,1,0,jas,just (close-focus)
jid,held,1,0,jil,stream
jin,held,1,0,jin,paradise
jit,held,1,0,jet,throw
jit,held,1,0,jit,digit
jud,held,1,0,jul,universe
jud,held,1,0,jul,flow
jum,held,1,0,jom,pattern
kab,held,1,0,kab,receive
kad,held,1,0,had,head
kad,held,1,0,hal,how
kad,held,1,0,har,era
kad,held,1,0,kal,time
kad,held,1,0,kar,call
kaf,held,1,0,kaf,cough
kam,held,1,0,ham,hmm
kam,held,1,0,kam,calm
kan,held,1,0,han,zero
kan,held,1,0,kan,aggregate
kan,held,1,0,kaq,object
kap,held,1,0,hap,event
kas,held,1,0,has,hyper
kat,held,1,0,hat,at
kat,held,1,0,kat,focus
kax,held,1,0,kax,perfect
kaz,held,1,0,haz,have
kaz,held,1,0,kaz,cause
kid,held,1,0,hid,not hidden
kid,held,1,0,hir,hear
kid,held,1,0,kid,could
kid,held,1,0,kil,cyan
kim,held,1,0,hem,hey
kim,held,1,0,him,nothing
kim,held,1,0,kim,climb
kin,held,1,0,heq,hang
kin,held,1,0,hin,hi
kin,held,1,0,ken,communicate
kin,held,1,0,kiq,action
kip,held,1,0,hip,group
kip,held,1,0,kep,clone
kip,held,1,0,kip,tune
kis,held,1,0,his,snake
kis,held,1,0,kes,case (situation)
kis,held,1,0,kis,bottom
kit,held,1,0,hit,heat
kit,held,1,0,ket,but
kiv,held,1,0,kiv,intent
kix,held,1,0,hix,peach (color)
kix,held,1,0,kix,process
kiz,held,1,0,hez,every
kiz,held,1,0,kiz,if
kub,held,1,0,hub,x-axis
kub,held,1,0,kub,cube
kud,held,1,0,hod,period of x (-hood)
kud,held,1,0,hol,whole
kud,held,1,0,hud,hide
kud,held,1,0,kod,code
kud,held,1,0,kol,all
kud,held,1,0,kud,miss (didn't touch)
kud,held,1,0,kul,cool (interjection)
kud,held,1,0,kur,down
kuf,held,1,0,kof,default
kuf,held,1,0,kuf,clue
kuj,held,1,0,koj,fool
kum,held,1,0,hom,home
kum,held,1,0,hum,urge
kum,held,1,0,kom,five
kum,held,1,0,kum,back area
kun,held,1,0,hoq,hold
kun,held,1,0,hun,illusion
kun,held,1,0,huq,uh
kun,held,1,0,kon,and
kun,held,1,0,kuq,manner
kup,held,1,0,hop,hope
kup,held,1,0,kop,scope
kup,held,1,0,kup,tone
kus,held,1,0,kus,constant
kut,held,1,0,hut,heed
kuv,held,1,0,hov,floating point
kuv,held,1,0,huv,handle
kuv,held,1,0,kov,cover
kuv,held,1,0,kuv,divide
kux,held,1,0,kox,cell (biology)
kuz,held,1,0,hoz,cardinal number
kuz,held,1,0,huz,duration
kuz,held,1,0,koz,z-axis
mab,held,1,0,mab,source
mad,held,1,0,mad,middle
mad,held,1,0,mal,molecule
mad,held,1,0,mar,symbol
mad,held,1,0,wal,while
mad,held,1,0,war,wear
maf,held,1,0,maf,male
mag,held,1,0,mag,fruit
maj,held,1,0,maj,magenta
mak,held,1,0,mak,meat
mak,held,1,0,wak,walk
man,held,1,0,man,mind
man,held,1,0,maq,harmony
man,held,1,0,wan,why
man,held,1,0,waq,um
map,held,1,0,map,map (map/reduce)
mas,held,1,0,mac,great
mat,held,1,0,mat,forward
mat,held,1,0,wat,white
mav,held,1,0,mav,many
mav,held,1,0,wav,exist
maz,held,1,0,maz,flow (speech utterance)
maz,held,1,0,waC,water
mid,held,1,0,mid,positive
mid,held,1,0,mir,bright
mig,held,1,0,wig,kaleidoscope
mij,held,1,0,mej,model
mik,held,1,0,mek,make
mik,held,1,0,wek,week
min,held,1,0,men,main
min,held,1,0,meq,mine
min,held,1,0,min,not know
min,held,1,0,miq,motion
min,held,1,0,win,when (time location)
min,held,1,0,wiq,wing
mis,held,1,0,mes,month
mis,held,1,0,mis,miss (longing)
mis,held,1,0,wis,inverse
mit,held,1,0,mit,meet
mit,held,1,0,wet,wait
miv,held,1,0,miv,idea
miv,held,1,0,wev,wave
miv,held,1,0,wiv,connection network (neighborhood)
mix,held,1,0,mix,network
miz,held,1,0,wez,fifteen
miz,held,1,0,wiz,solve
mud,held,1,0,mod,mode
mud,held,1,0,mol,high
mud,held,1,0,mor,the model of the action (e.g. the transform)
mud,held,1,0,mud,mood
mud,held,1,0,mul,unreal
mud,held,1,0,wol,wow
mud,held,1,0,wor,forceful (like hard hit)
mug,held,1,0,mog,meaning
mug,held,1,0,mug,(past particle)
mug,held,1,0,wug,emanate
muj,held,1,0,moj,emerge
muj,held,1,0,muj,message
muk,held,1,0,mok,align
muk,held,1,0,muk,earth (dirt)
mun,held,1,0,moq,about/encompass
mun,held,1,0,mun,gut sense
mun,held,1,0,muq,mmm
mun,held,1,0,wun,woo
mup,held,1,0,mop,twelve
mus,held,1,0,muc,mouth
mus,held,1,0,mus,mercy
mut,held,1,0,mot,mountain
mut,held,1,0,mut,mutate
mut,held,1,0,wut,what
muv,held,1,0,muv,move
mux,held,1,0,mox,immutable
mux,held,1,0,wux,system
muz,held,1,0,moz,hash
muz,held,1,0,muz,pain
muz,held,1,0,woz,problem
nad,held,1,0,nal,neutral
nad,held,1,0,nar,person
nak,held,1,0,nak,knock
nam,held,1,0,nam,name
nas,held,1,0,nas,nest
nav,held,1,0,nav,center
naz,held,1,0,naz,as
nid,held,1,0,ned,static
nid,held,1,0,nid,need
nid,held,1,0,nir,nerd
nif,held,1,0,nif,a (isolated-element-focus)
nik,held,1,0,nek,neck
nik,held,1,0,nik,pink
nip,held,1,0,nep,nature
nis,held,1,0,nes,nice
nit,held,1,0,net,knit
niv,held,1,0,nev,off
nix,held,1,0,nix,listen
niz,held,1,0,niz,nest (structure)
nub,held,1,0,nub,separate
nud,held,1,0,nol,toward
nud,held,1,0,nul,forget
nuj,held,1,0,nuj,hell
num,held,1,0,num,know
nup,held,1,0,nop,no
nus,held,1,0,nuc,long
nut,held,1,0,not,note
nuv,held,1,0,nuv,empty
nux,held,1,0,nox,notion
nuz,held,1,0,noz,nose
nuz,held,1,0,nuz,distribute
pad,held,1,0,par,depart/from
pak,held,1,0,pak,package
pam,held,1,0,pam,pray
pan,held,1,0,pan,yes
pan,held,1,0,paq,response
pas,held,1,0,pac,path
pas,held,1,0,pas,space
pat,held,1,0,pat,dimension
pik,held,1,0,pik,master
pim,held,1,0,pem,they (communicating-agent-external-reference-focus)
pim,held,1,0,pim,permeate
pin,held,1,0,peq,pay
pin,held,1,0,piq,request
pit,held,1,0,pit,pure
pud,held,1,0,pod,free
pud,held,1,0,por,poor
pud,held,1,0,pul,pull
pum,held,1,0,pom,different
pum,held,1,0,pum,time (count)
put,held,1,0,pot,honorific (address)
sab,held,1,0,sab,describe
sad,held,1,0,cad,life
sad,held,1,0,sal,like (similar)
sad,held,1,0,sar,surf
sag,held,1,0,sag,beyond (extra- or hyper-)
saj,held,1,0,saj,etc
sak,held,1,0,cak,thank
sam,held,1,0,cam,then
sam,held,1,0,sam,sound
san,held,1,0,san,sun
san,held,1,0,saq,song
sap,held,1,0,sap,present (now)
sat,held,1,0,cat,mud
sat,held,1,0,sat,sight
sav,held,1,0,sav,silver
sax,held,1,0,sax,wash
sid,held,1,0,sid,seed
sid,held,1,0,sil,more (-er)
sif,held,1,0,sef,continue
sif,held,1,0,sif,purple
sig,held,1,0,sig,front
sik,held,1,0,sek,percept
sik,held,1,0,sik,seek
sim,held,1,0,sem,same (sym-)
sin,held,1,0,ciq,thing (hatchling)
sip,held,1,0,sep,swipe
sip,held,1,0,sip,asleep
sit,held,1,0,cit,get
sit,held,1,0,sit,medium
siv,held,1,0,sev,save
siv,held,1,0,siv,perceive
six,held,1,0,six,all encompasing thing
sub,held,1,0,cub,torture
sub,held,1,0,sub,I
sud,held,1,0,sod,mystery
sud,held,1,0,sol,soul
sud,held,1,0,sor,file (computer)
sud,held,1,0,sul,still (time)
sud,held,1,0,sur,assert
sud,held,1,0,sur,out
suf,held,1,0,sof,each
suf,held,1,0,suf,self (auto-)
sug,held,1,0,sog,reason
suk,held,1,0,cok,spec
suk,held,1,0,cuk,eleven
suk,held,1,0,sok,around/surround
suk,held,1,0,suk,top
sum,held,1,0,som,drug
sup,held,1,0,sop,so/transition
sup,held,1,0,sup,above (super)/hover
sut,held,1,0,sut,store
suv,held,1,0,cov,brown
suv,held,1,0,cuv,field (ether)
suv,held,1,0,suv,observe
sux,held,1,0,cux,key
tab,held,1,0,tab,stable
taf,held,1,0,taf,good
taj,held,1,0,taj,down (to be cool with something)
tak,held,1,0,tak,talk
tam,held,1,0,tam,meditate
tan,held,1,0,taq,tongue
tas,held,1,0,tac,set (get)
tas,held,1,0,tas,test
tif,held,1,0,tef,left
tik,held,1,0,tek,take
tim,held,1,0,tim,team
tin,held,1,0,ten,tan (color)
tin,held,1,0,teq,like (as if)
tin,held,1,0,tin,between
tin,held,1,0,tiq,mental experience
tip,held,1,0,tip,step
tis,held,1,0,tic,fourteen
tiv,held,1,0,tiv,conscious
tix,held,1,0,tix,tingle
tiz,held,1,0,tiz,ellipse
tub,held,1,0,tub,tube
tuk,held,1,0,tok,structure
tum,held,1,0,tom,atom
tun,held,1,0,ton,agent (one who does x)
tun,held,1,0,tuq,type
tup,held,1,0,tup,impure
tus,held,1,0,tos,task
tus,held,1,0,tuc,emotion
tuv,held,1,0,tuv,input (computing)
tux,held,1,0,tox,text
tux,held,1,0,tux,intuition
tuz,held,1,0,toz,position (cardinal)
tuz,held,1,0,tuz,because
vab,held,1,0,vab,vibe
vad,held,1,0,val,value
vad,held,1,0,var,variable
vak,held,1,0,vak,multiply
van,held,1,0,van,having the nature of (-ivity)
vas,held,1,0,vas,aspect
vat,held,1,0,vat,body
vax,held,1,0,vax,it
vib,held,1,0,veb,byte
vid,held,1,0,ved,study or science of (-ology)
vid,held,1,0,vid,veer
vid,held,1,0,vil,manifest
vid,held,1,0,vir,remote (far)
vig,held,1,0,vig,start
vik,held,1,0,vek,filter
vim,held,1,0,vim,way/style
vin,held,1,0,vin,fill (-full)
vin,held,1,0,viq,everything
vip,held,1,0,vip,six
vis,held,1,0,ves,vessel
vis,held,1,0,vic,bit
vis,held,1,0,vis,see
vit,held,1,0,vit,information
vix,held,1,0,vex,reveal
vix,held,1,0,vix,preserve
vud,held,1,0,vod,void
vud,held,1,0,vul,via
vug,held,1,0,vog,black
vun,held,1,0,von,sin
vun,held,1,0,vun,on
vun,held,1,0,vuq,data
vun,held,1,0,vuq,foundation
vus,held,1,0,vuc,catch
vus,held,1,0,vus,flex
vut,held,1,0,vot,vote
vuz,held,1,0,voz,voice
xab,held,1,0,xab,seven
xad,held,1,0,xal,share
xad,held,1,0,yad,away
xad,held,1,0,yal,turquoise
xad,held,1,0,yar,year
xam,held,1,0,xam,chime
xam,held,1,0,xam,heaven
xam,held,1,0,yam,day
xan,held,1,0,yan,vehicle
xan,held,1,0,yaq,permanent
xap,held,1,0,yap,yep
xat,held,1,0,xat,or
xat,held,1,0,yat,way
xid,held,1,0,xed,should
xid,held,1,0,xid,grey
xik,held,1,0,xik,computation
xim,held,1,0,xim,speech
xim,held,1,0,yem,yum (food)
xin,held,1,0,xen,result
xin,held,1,0,xin,machine
xin,held,1,0,xiq,will
xin,held,1,0,yiq,impermanent
xip,held,1,0,xip,imagine
xis,held,1,0,xic,eye
xit,held,1,0,xit,provide
xit,held,1,0,yit,night
xiv,held,1,0,xiv,destroy
xiv,held,1,0,yev,sort
xud,held,1,0,xol,show
xud,held,1,0,xud,quiet
xud,held,1,0,xul,subtract
xud,held,1,0,yol,yell
xud,held,1,0,yul,polynomial
xug,held,1,0,yog,practice of focusing on x (-ism)
xuk,held,1,0,xok,copy
xum,held,1,0,xom,now
xum,held,1,0,xum,sky
xun,held,1,0,xun,change
xup,held,1,0,xup,ship
xus,held,1,0,yuc,with (con-)
xut,held,1,0,xut,shout
xut,held,1,0,xut,shelter
xut,held,1,0,yut,yet
xuv,held,1,0,xuv,return
xuv,held,1,0,yov,of
xuv,held,1,0,yuv,view
xuz,held,1,0,yuz,use
zab,held,1,0,zab,public
zad,held,1,0,Car,there (abstract reference)
zad,held,1,0,Car,other
zad,held,1,0,zar,vowel
zaf,held,1,0,zaf,equal (iso-)
zak,held,1,0,zak,effect
zan,held,1,0,Can,than/compare
zan,held,1,0,zan,one
zan,held,1,0,zaq,presence
zap,held,1,0,zap,zap
zav,held,1,0,zav,lie
zid,held,1,0,zil,perspective
zid,held,1,0,zir,pertaining to x (pleasantry)
zig,held,1,0,zig,gain
zim,held,1,0,zem,plasma (matter)
zim,held,1,0,zim,pleasure
zin,held,1,0,zin,decision
zin,held,1,0,ziq,zing
zip,held,1,0,zip,graph
zit,held,1,0,zet,olive (color)
ziv,held,1,0,Cev,without
zub,held,1,0,zub,absorb
zud,held,1,0,zul,animal
zud,held,1,0,zur,fall
zug,held,1,0,Cog,though/regard
zuk,held,1,0,zok,try
zuk,held,1,0,zuk,where
zum,held,1,0,zom,so/great
zum,held,1,0,zum,zoom
zun,held,1,0,Con,transition
zun,held,1,0,zon,zone
zut,held,1,0,zut,identity
zux,held,1,0,zox,sense
bad.bad,held,2,0,barbar,stutter
bad.bam,restored,2,2,barb,barb
bad.but,held,2,0,balbut,bulb
bad.jim,held,2,0,badjim,mix
bad.jud,held,2,0,badjur,badger
bad.mab,restored,2,2,blab,blob
bad.mad,restored,2,2,bard,b sound
bad.mad,restored,2,2,barl,bare
bad.mad,restored,2,2,bral,ball
bad.mad,restored,2,1,baral,barrel
bad.maj,restored,2,1,baraj,barrage
bad.mak,restored,2,2,brak,bacteria
bad.mak,restored,2,1,barak,bless
bad.man,restored,2,1,badan,bide
bad.man,restored,2,1,baran,barren
bad.man,held,2,0,barman,table
bad.mas,restored,2,2,barc,birth
bad.mat,restored,2,2,brat,big
bad.mat,restored,2,1,balat,tile
bad.max,restored,2,1,badax,bud (flower)
bad.maz,restored,2,2,braz,box
bad.maz,restored,2,1,balaz,bawl
bad.mid,restored,2,2,bred,braid
bad.mif,restored,2,2,brif,brief
bad.mig,restored,2,2,brig,insecta
bad.mik,restored,2,2,brek,break (pieces)
bad.min,restored,2,2,bleq,eject
bad.min,restored,2,2,blin,belly
bad.min,restored,2,2,bren,brain
bad.min,restored,2,2,briq,bring
bad.min,restored,2,1,baliq,bully
bad.min,restored,2,1,bariq,berry
bad.mip,restored,2,2,brip,beep
bad.mit,restored,2,2,blet,bait
bad.mit,restored,2,2,brit,orbit
bad.miv,restored,2,2,brev,brave
bad.mix,restored,2,1,balix,embellish
bad.miz,restored,2,2,bliz,our
bad.miz,restored,2,2,briz,simple
bad.mub,restored,2,2,brob,decimal
bad.mud,restored,2,2,blor,blur
bad.mud,restored,2,2,brod,bone
bad.mud,restored,2,2,brol,brow
bad.muf,restored,2,2,blof,blow
bad.muk,restored,2,2,bruk,beak
bad.mun,restored,2,2,broq,membrane
bad.mun,restored,2,1,balon,bile
bad.mun,restored,2,1,barun,baryon
bad.mut,restored,2,2,blut,butt
bad.mut,restored,2,1,balut,bout
bad.muz,restored,2,2,bloC,blood
bad.muz,restored,2,2,bloz,boson
bad.muz,restored,2,2,bruz,buzz
bad.nim,restored,2,2,blim,beam
bad.nit,held,2,0,barnet,barn
bad.num,restored,2,2,blum,bloom
bad.vam,restored,2,2,barv,duck (bird)
bad.zak,held,2,0,barzak,barrier
bad.zin,held,2,0,balzeq,assure
bad.zin,held,2,0,balziq,guarantee
baf.mik,held,2,0,bafmik,buff (strength)
baf.mud,restored,2,1,bafol,baffle
bag.mun,restored,2,1,bagon,bag
bak.fad,held,2,0,bakfar,backfire
bak.mad,restored,2,1,bakal,bike
bak.mad,restored,2,1,bakar,inspect
bak.mak,restored,2,1,bakak,hatch (egg)
bak.man,restored,2,1,bakan,pecan
bak.mid,restored,2,1,bakir,senior (rank)
bak.mud,restored,2,1,bakol,buckle
bak.mup,restored,2,1,bakop,balk
bak.pak,held,2,0,bakpak,backpack
bak.pid,held,2,0,bakpid,backpedal
bak.sam,restored,2,2,baks,rectangle
bak.tan,held,2,0,baktan,portion
bak.tim,held,2,0,baktim,fond
bam.bam,strained,2,3,bab,father
bam.bud,restored,2,1,babol,bubble
bam.bun,restored,2,1,babun,baboon
bam.buz,held,2,0,bambuz,bamboozle
bam.nap,restored,2,1,bamap,stage
bam.pam,restored,2,2,bamp,bump
bam.pas,restored,2,1,bapas,bypass
ban.bin,held,2,0,banben,variant
ban.dam,restored,2,2,band,band (group)
ban.din,held,2,0,bandiq,band (mark)
ban.din,held,2,0,banlin,transact
ban.fut,held,2,0,banfut,bat (action)
ban.man,restored,2,1,banan,banana
ban.mis,restored,2,1,banic,beneath
ban.xin,held,2,0,banxiq,deform
ban.xud,held,2,0,banxol,wrench (move with force)
ban.zap,held,2,0,banzap,bounce
bas.kam,restored,2,2,bask,otherwise
bas.kin,held,2,0,baskin,bask
bas.mad,restored,2,1,basal,own
bas.mas,restored,2,1,basac,quest
bas.mid,restored,2,1,basir,well-seeing
bas.mun,restored,2,1,bason,bustle
bas.tam,restored,2,2,bast,prime
bas.tan,held,2,0,bastan,bust
bas.tik,held,2,0,bastik,bust (action)
bat.mik,restored,2,1,batik,watermelon
bat.mud,restored,2,1,batol,bottle
bat.mud,restored,2,1,bator,batter
bat.mud,restored,2,1,batul,birch (tree)
bat.num,restored,2,1,batum,fellow
bat.sak,held,2,0,batsak,dough
bat.sam,held,2,0,batcam,batcam
bat.xam,restored,2,2,batx,bat (animal)
bat.xat,held,2,0,batxat,batch
bav.man,restored,2,1,bavan,dwell
bax.mad,restored,2,1,baxal,ripe
bax.mid,restored,2,1,baxir,herald
baz.mud,held,2,0,baCmol,cotton
baz.nis,held,2,0,baznis,business
bid.jup,held,2,0,bedjup,tragic
bid.mad,restored,2,2,bild,build
bid.mad,restored,2,1,bidal,beetle
bid.mad,restored,2,1,bilar,beware
bid.man,restored,2,1,belan,bail
bid.man,restored,2,1,bilaq,belong
bid.man,restored,2,1,biran,inevitable
bid.mas,restored,2,2,birs,beer
bid.mat,restored,2,1,bidat,stoke
bid.mat,restored,2,1,bilat,ability
bid.maz,restored,2,1,bidaz,bedazzle
bid.mit,restored,2,1,belit,belittle
bid.mit,restored,2,1,biret,berate
bid.miv,restored,2,1,biriv,bereave
bid.mud,restored,2,1,bedul,battle
bid.mud,restored,2,1,birur,inquiry
bid.mun,restored,2,1,bedoq,wiggle
bid.mun,restored,2,1,beloq,bellow
bid.mun,restored,2,1,bidon,fiction
bid.mun,restored,2,1,bilon,bill (money)
bid.mun,restored,2,1,biloq,billow
bid.nam,restored,2,1,bilam,brake
big.man,restored,2,1,began,pessimistic
big.min,restored,2,1,begin,begin
big.vun,held,2,0,bigvun,go on
bij.man,restored,2,1,bejan,beige
bik.mad,restored,2,1,bikar,bicker
bik.man,restored,2,1,bekan,beckon
bik.min,restored,2,1,bekin,bake
bik.mis,restored,2,1,bikic,bequeath
bik.miv,restored,2,1,bihev,behave
bik.nam,restored,2,1,bikam,become
bik.xun,held,2,0,bikxun,beg
bim.bam,strained,2,3,beb,baby
bim.bam,strained,2,3,bib,we
bim.bin,restored,2,1,beben,babe
bim.bun,restored,2,1,bibun,bib
bim.bun,restored,2,1,bimon,bemoan
bim.pam,strained,2,3,bip,output
bin.dam,restored,2,2,bend,bend
bin.gan,held,2,0,biqgan,cookie
bin.kat,held,2,0,beqkat,bank (holding)
bin.man,restored,2,1,binan,benign
bin.mat,restored,2,1,binat,violate
bin.mit,restored,2,1,binit,bean
bis.kam,restored,2,2,besk,basic
bis.mad,restored,2,1,bisal,match (competition)
bis.man,held,2,0,bisman,horror
bis.mit,restored,2,1,biset,beset
bis.muv,restored,2,1,bicuv,behoove
bis.tam,restored,2,2,bist,beast
bit.man,restored,2,1,betan,bat (hit with stick)
bit.man,restored,2,1,bitan,beet
bit.mud,restored,2,1,betor,bet
bit.mud,restored,2,1,bitor,bitter
bit.muk,restored,2,1,bituk,accent
bit.xin,held,2,0,bitxiq,beach
biv.mad,restored,2,1,bival,bevel
biz.dak,held,2,0,biClak,plead
biz.mad,restored,2,1,bizar,bizarre
biz.mik,restored,2,1,bezik,cup
bud.bid,held,2,0,burbir,barbarian
bud.juk,held,2,0,budjuk,remedy
bud.mad,restored,2,2,bold,10^30
bud.mad,restored,2,2,borl,boil
bud.man,restored,2,1,bodan,bode
bud.man,restored,2,1,bolaq,bow (arrow)
bud.map,restored,2,2,borp,burp
bud.mig,restored,2,1,borig,screw (bolt)
bud.min,restored,2,1,bulin,buoy
bud.nam,restored,2,2,born,bury
bud.zam,restored,2,2,borz,poison
bug.min,restored,2,1,bugiq,bug (bother)
buk.mad,restored,2,1,bukad,buck
bum.bam,strained,2,3,bub,boob
bum.pam,strained,2,3,bup,energy
bun.dam,restored,2,2,bund,boundary
bun.duk,held,2,0,bunduk,hazelnut
bun.zam,restored,2,2,bunz,boon
bus.tam,restored,2,2,bust,burst
but.xin,held,2,0,botxiq,fickle
but.xun,held,2,0,butxoq,augment
buv.min,restored,2,1,bovin,bovinae
buv.mud,restored,2,1,bovor,buffer
dab.mak,restored,2,1,dabak,adhere
dab.mat,restored,2,1,rabat,rabbit
dab.min,restored,2,1,labin,lobby
dab.mit,restored,2,1,dabit,debit
dab.miv,restored,2,1,dabiv,dub
dab.mud,restored,2,1,rabor,rob
dab.mut,restored,2,1,labot,fan (action)
daf.mad,restored,2,1,rafad,rife
daf.mad,restored,2,1,rafal,mist
daf.mak,restored,2,1,rafak,raisard
daf.mit,restored,2,1,dafit,defeat
daf.mud,restored,2,1,rafol,ruffle
daf.muz,restored,2,1,dafuz,diffuse
daf.tam,restored,2,2,laft,laugh
daf.tam,restored,2,2,raft,raft
dag.dam,held,2,0,dagram,diagram
dag.das,held,2,0,dagras,digress
dag.dun,held,2,0,lagron,lug
dag.mad,restored,2,1,lagar,log
dag.mix,restored,2,1,dagix,emphasis
dag.nim,restored,2,1,dagim,sample
daj.mak,restored,2,2,djak,fingernail
daj.mas,restored,2,2,djas,justice
daj.mat,restored,2,2,djat,deal
daj.maz,restored,2,2,djaz,joy
daj.mid,restored,2,2,djir,deer
daj.mik,restored,2,2,djek,reject
daj.min,restored,2,2,djin,gene
daj.mip,restored,2,2,djip,over
daj.mis,restored,2,1,rajis,registry
daj.miz,restored,2,2,djiz,jeez
daj.mud,restored,2,2,djud,jew
daj.mud,restored,2,2,djul,jewel
daj.muk,restored,2,2,djok,joke
daj.mus,restored,2,2,djus,juice
daj.nam,restored,2,2,djam,jam
dak.man,restored,2,1,dakan,duck (below)
dak.man,restored,2,1,rakan,bow
dak.mat,restored,2,1,rakat,rocket
dak.mav,restored,2,1,rakav,rot
dak.mib,restored,2,1,rakib,perpetrate
dak.mit,restored,2,1,raket,racket (tool)
dak.muk,restored,2,1,lakok,client
dak.nid,held,2,0,raknid,arachnid
dak.sam,restored,2,2,laks,lack
dak.sin,held,2,0,laksen,diagonal
dak.six,held,2,0,laksex,relaxation
dak.tip,held,2,0,daktip,duct
dak.xik,held,2,0,rakxik,guard
dam.ban,restored,2,1,laman,lamb
dam.bud,held,2,0,lambor,lumber
dam.bud,held,2,0,rambol,ramble
dam.bus,held,2,0,rambus,rhombus
dam.dab,restored,2,2,darb,follow
dam.dag,restored,2,2,dalg,magnitude
dam.dag,restored,2,2,larg,element
dam.dag,restored,2,1,dalag,dialogue
dam.daj,restored,2,2,ladj,l sound
dam.dak,restored,2,2,drak,harm
dam.dak,restored,2,1,dalak,grate
dam.dam,strained,2,3,dad,content
dam.dam,strained,2,3,dal,matter (physics)
dam.dam,strained,2,3,lad,yellow
dam.dam,strained,2,3,lal,y-axis
dam.dam,strained,2,3,ral,raw
dam.dam,strained,2,3,rar,rare
dam.dam,restored,2,2,dram,human
dam.dam,restored,2,2,larm,limb
dam.dam,restored,2,1,dalam,pity
dam.dan,restored,2,2,darn,damn/dam
dam.dan,restored,2,1,dadan,bold
dam.dan,restored,2,1,ralan,interview
dam.dap,restored,2,2,drap,drop
dam.dap,restored,2,2,larp,lepton
dam.dap,restored,2,1,dalap,weapon
dam.das,restored,2,1,ralas,rile
dam.dav,restored,2,2,drav,candela (measurement)
dam.dav,restored,2,2,larv,larva
dam.dax,restored,2,2,larx,10^12
dam.dib,restored,2,2,drib,10^6
dam.dif,restored,2,2,dref,definite
dam.dif,restored,2,1,dalif,leak
dam.dig,restored,2,2,dreg,drag
dam.dig,restored,2,2,drig,degree
dam.dik,restored,2,1,dalik,approximate
dam.dik,restored,2,1,ralik,rally
dam.dim,restored,2,2,drim,dream
dam.din,restored,2,1,dalin,dally
dam.din,restored,2,1,ladin,laud
dam.div,restored,2,2,driv,fate
dam.dix,restored,2,2,drex,hyphen
dam.dix,restored,2,2,drix,direction
dam.dix,restored,2,1,radex,radish
dam.diz,restored,2,1,dareC,dash
dam.dum,restored,2,2,drum,drum
dam.dun,restored,2,2,dron,drone (sound)
dam.dun,restored,2,1,dalun,road
dam.dup,restored,2,2,drup,d sound
dam.dus,restored,2,2,drus,radius
dam.dus,restored,2,1,daluc,cuckold
dam.dus,restored,2,1,larus,gull
dam.duv,restored,2,2,drov,multicellular life
dam.duz,restored,2,2,droz,enter
dam.nap,restored,2,1,damap,dam
dam.nid,restored,2,1,lamid,tutor
dam.nit,held,2,0,lamnet,laminate
dam.nus,restored,2,1,ramos,trample
dam.pam,restored,2,2,ramp,r sound
dam.pat,held,2,0,dampat,damp
dam.pid,held,2,0,ramped,romp
dam.pun,held,2,0,lampoq,lump
dam.tam,strained,2,3,dat,word
dam.tam,strained,2,3,rat,write
dam.tan,restored,2,1,rataq,cart
dam.tas,restored,2,1,latas,lattice
dam.tax,restored,2,2,ratx,vowel a sound
dam.tif,restored,2,1,latif,entertain
dam.tik,restored,2,1,ratik,fascinate
dam.tun,restored,2,1,raton,rat
dam.tus,restored,2,1,latus,lettuce
dan.bam,restored,2,1,danam,dawn
dan.dam,held,2,0,randam,random
dan.din,held,2,0,dandeq,pawn
dan.din,held,2,0,randin,rind
dan.fik,held,2,0,laqfek,lavish
dan.gud,held,2,0,raqgol,ring (shape)
dan.kam,restored,2,2,laqk,wool
dan.kit,held,2,0,daqkit,donkey
dan.kit,held,2,0,laqkit,lanky
dan.kut,held,2,0,daqkot,dunk
dan.min,restored,2,1,danin,donation
dan.min,restored,2,1,daniq,dine
dan.min,held,2,0,lanmeq,league
dan.mun,restored,2,1,lanoq,blush
dan.sak,held,2,0,ransak,ransack
dan.sud,held,2,0,dansor,dinosaur
dan.tam,restored,2,2,rant,rant
dan.xin,held,2,0,laqxiq,virtuous
dan.zam,restored,2,2,danz,dance
dan.zam,restored,2,2,ranz,ram
dan.zan,held,2,0,ranzaq,grime
dap.kit,held,2,0,rapket,replicate
dap.mad,restored,2,1,rapal,repeal
dap.max,restored,2,1,rapax,rap
dap.mid,restored,2,1,raped,pad
dap.muk,restored,2,1,dapok,shiver
dap.sam,restored,2,2,dapc,depth
dap.sin,held,2,0,lapsin,lapse
dap.sin,held,2,0,lapsiq,lapse
dap.xad,held,2,0,rapxar,rupture
das.kam,restored,2,2,dask,desk
das.kam,restored,2,2,rask,reminiscent of (-esque)
das.mak,restored,2,1,dasak,stress
das.mak,restored,2,1,lasak,flock
das.mak,restored,2,1,rasak,moisture
das.mat,restored,2,1,rasat,furnish
das.mif,restored,2,1,rasif,hover
das.mik,restored,2,1,dasik,dice
das.mik,restored,2,1,rasik,mash
das.mis,restored,2,1,rasis,spray
das.mis,held,2,0,dasmis,dismiss
das.mit,restored,2,1,lasit,hit (popular)
das.mit,restored,2,1,rasit,rice
das.mud,restored,2,1,rasul,messenger
das.muk,restored,2,1,dasuk,skid
das.mun,restored,2,1,racon,wrath
das.pit,held,2,0,daspet,dissipate
das.pud,held,2,0,raspod,rasp
das.tam,restored,2,2,last,last
das.tam,restored,2,2,rast,rest (remainder)
das.tin,held,2,0,dastin,disparity
das.tun,held,2,0,raston,rust
dav.maj,restored,2,1,ravaj,ravish
dav.mak,restored,2,1,ravak,profut
dav.man,restored,2,1,lavan,satellite
dax.min,restored,2,1,daxen,university
dax.min,restored,2,1,daxin,fertilize
dax.nad,held,2,0,raxnal,rational
dax.nam,restored,2,1,raxam,crime
daz.dun,held,2,0,razdun,residue
daz.mad,restored,2,1,dazal,dazzle
daz.mad,restored,2,1,laCad,stack
daz.maj,restored,2,1,razaj,rouse
daz.man,restored,2,1,lazan,almond
daz.maz,restored,2,1,raCaC,drizzle
daz.mid,restored,2,1,laCir,lather
daz.mik,restored,2,1,raCik,velocity
daz.min,restored,2,1,dazin,dizzy
daz.min,restored,2,1,razin,resin
daz.miz,restored,2,1,daziz,disease
daz.mud,restored,2,1,laCor,leather
daz.mud,restored,2,1,raCor,rather
daz.mup,restored,2,1,lazup,candle
daz.nim,restored,2,1,lazim,due
daz.num,restored,2,1,razom,rhizome
dib.dak,held,2,0,ribrak,rib
dib.dan,held,2,0,libran,library
dib.mad,restored,2,1,lebal,label/characterization
dib.mad,restored,2,1,rebal,rebel
dib.mad,restored,2,1,ribar,rebar
dib.man,restored,2,1,diban,slander
dib.mas,restored,2,1,ribac,intermediate
dib.mit,restored,2,1,ribit,interest (banking)
dib.mud,restored,2,1,debol,dabble
dib.mud,restored,2,1,debor,dab
dib.mud,restored,2,1,lebor,labor
dib.muk,restored,2,1,ribuk,rebuke
dib.mun,restored,2,1,ribon,rule (control)
dif.mak,restored,2,1,difak,defy
dif.man,restored,2,1,rifan,refine
dif.min,restored,2,1,difen,deify
dif.mis,restored,2,1,difes,deface
dif.mud,restored,2,1,difor,defer
dif.mud,restored,2,1,difur,differ
dif.mut,restored,2,1,rifut,refute
dif.muz,restored,2,1,rifuz,refuse
dif.num,restored,2,1,rifom,reform
dif.tap,held,2,0,liftap,lift
dig.dug,held,2,0,liglug,ridicule
dig.mad,restored,2,1,rigal,wriggle
dig.man,restored,2,1,regan,rag
dig.man,restored,2,1,rigan,rig
dig.min,restored,2,1,regin,reign
dig.miv,restored,2,1,rigiv,clod of earth
dig.mud,restored,2,1,digor,dig
dig.naf,held,2,0,dignaf,dignify
dig.zam,restored,2,2,legz,leg
dij.man,restored,2,1,dijan,indecision
dij.mud,restored,2,1,dijor,relative
dij.mud,restored,2,1,lijur,leisure
dij.mun,restored,2,1,rijon,origin
dik.mad,restored,2,1,dekal,palm
dik.mad,restored,2,1,rikar,require
dik.man,restored,2,1,likan,liken
dik.map,restored,2,1,rikap,recap
dik.mas,restored,2,1,rekac,wreck
dik.min,restored,2,1,diken,decay
dik.miv,restored,2,1,rekiv,ingredient
dik.mud,restored,2,1,dikod,decode
dik.mud,restored,2,1,dikur,remembrance
dik.mud,restored,2,1,rikol,recoil
dik.mud,restored,2,1,rikur,recur
dik.mup,restored,2,1,rikup,recoup
dik.mus,restored,2,1,dikos,cram
dik.muz,restored,2,1,rikuz,concentration
dik.nam,restored,2,1,dikam,predicament
dik.naz,held,2,0,reknaz,recognize
dik.xam,held,2,0,rikxam,reaction
dik.xan,held,2,0,likxaq,mangle
dim.ban,restored,2,1,diman,demon
dim.bin,restored,2,1,limeq,leeway
dim.bin,restored,2,1,rimen,remain
dim.bun,restored,2,1,dimon,imagination
dim.daj,restored,2,2,dedj,appendage
dim.daj,restored,2,2,ledj,theory
dim.dak,restored,2,2,lirk,ratio
dim.dak,restored,2,1,didak,tick tock
dim.dak,restored,2,1,dilak,delectable
dim.dak,restored,2,1,dirak,direct (focus)
dim.dak,restored,2,1,redak,irradiate
dim.dam,strained,2,3,did,deed
dim.dam,strained,2,3,lid,lead
dim.dam,strained,2,3,lil,boolean
dim.dam,strained,2,3,red,red
dim.dam,strained,2,3,rid,read
dim.dam,strained,2,3,ril,relation
dim.dan,restored,2,1,didaq,site
dim.dan,restored,2,1,dilan,dill
dim.dan,restored,2,1,lilaq,might
dim.dan,restored,2,1,ridaq,rid
dim.daz,restored,2,2,rilz,reel
dim.dif,restored,2,1,relif,relief
dim.dij,restored,2,1,relij,religion
dim.dik,restored,2,1,direk,directory
dim.dik,restored,2,1,rilik,calendar
dim.dik,restored,2,1,ririk,rear
dim.dim,restored,2,1,dilem,dilemma
dim.dim,restored,2,1,ridim,redeem
dim.din,restored,2,1,dilen,delay
dim.din,restored,2,1,lirin,leer
dim.din,restored,2,1,redin,ready
dim.din,restored,2,1,reliq,rail
dim.din,restored,2,1,rilen,relay
dim.dis,restored,2,1,rilis,release
dim.duk,restored,2,1,diduk,deduct
dim.dun,restored,2,1,dilun,discuss
dim.dun,restored,2,1,ridun,redo
dim.dus,restored,2,1,didus,deduce
dim.naz,restored,2,1,dimaz,devise
dim.naz,restored,2,1,rimaz,revise
dim.nit,restored,2,1,remit,remit
dim.nut,restored,2,1,dimot,demote
dim.nut,restored,2,1,dimut,figure
dim.nut,restored,2,1,rimot,remote (distance)
dim.nuv,restored,2,1,rimuv,remove
dim.nux,held,2,0,dimnux,diminution
dim.pad,held,2,0,dempal,extend
dim.pam,restored,2,2,limp,limp
dim.pat,held,2,0,limpat,smear
dim.puz,held,2,0,dimpoz,decompose
dim.sit,held,2,0,demsit,democracy
dim.tak,restored,2,1,ditak,detect
dim.tam,strained,2,3,det,datetime stamp/instance in time
dim.tam,strained,2,3,lit,light
dim.tam,strained,2,3,ret,after
dim.tam,strained,2,3,rit,soil
dim.tax,restored,2,2,retx,rate (change)
dim.tax,restored,2,2,ritx,ring (math)
dim.tin,restored,2,1,diten,detain
dim.tin,restored,2,1,retiq,rate
dim.zat,held,2,0,rimzat,rim
din.bim,restored,2,1,denim,responsible
din.dam,restored,2,2,rend,french r sound
din.dan,held,2,0,rendan,grace
din.dun,held,2,0,liqloq,exquisite
din.fat,held,2,0,linfat,lean (fat)
din.gad,held,2,0,deqgal,dangle
din.gad,held,2,0,reqgal,wrangle
din.gix,held,2,0,leqgix,languish
din.guv,held,2,0,riqgov,wring
din.kam,restored,2,2,diqk,deny
din.kam,restored,2,2,reqk,rank
din.kam,restored,2,2,riqk,rhyme
din.kax,held,2,0,liqkax,relinquish
din.kud,held,2,0,riqkol,wrinkle
din.mad,held,2,0,linmar,courtesy
din.man,restored,2,1,renan,wren (bird)
din.mig,restored,2,1,rineg,renege
din.min,restored,2,1,reniq,rein
din.min,held,2,0,renmen,folk
din.min,held,2,0,renmin,citizen
din.mix,restored,2,1,renix,ray
din.mud,restored,2,1,rinul,renew
din.mun,restored,2,1,riqoq,artificial
din.mus,restored,2,1,rinos,rhinoceros
din.mut,restored,2,1,dinot,denote
din.sik,held,2,0,linsek,miserly
din.sit,held,2,0,linset,stingy
din.sud,held,2,0,liqsul,nimble
din.taf,held,2,0,lintaf,lynch
din.tam,restored,2,2,lint,lint
din.tuk,held,2,0,dentok,dent
din.xik,held,2,0,linxik,temporary
din.xin,held,2,0,rinxiq,ductile
din.zin,held,2,0,renzen,earnest
din.zit,held,2,0,deqzit,stool
din.zud,held,2,0,linzol,drip
dip.kit,held,2,0,depket,deprecate
dip.mad,restored,2,1,lipar,leap
dip.mad,restored,2,1,ripar,repair
dip.mak,restored,2,1,dipak,kindle
dip.mas,restored,2,1,ripas,fault
dip.mub,restored,2,1,repub,republican
dip.mud,restored,2,1,lepor,leporidae
dip.mud,restored,2,1,ripol,ripple
dip.mut,restored,2,1,reput,reputation
dip.mut,restored,2,1,riput,repute
dis.kam,restored,2,2,disk,discover
dis.kam,restored,2,2,risk,risk
dis.mab,restored,2,1,disab,disable
dis.maf,restored,2,1,disaf,decipher
dis.mak,restored,2,1,disak,dissect
dis.map,restored,2,1,disap,disciple
dis.mas,restored,2,1,recas,recess
dis.mat,restored,2,1,lisat,elicit
dis.mat,restored,2,1,risat,reset
dis.max,restored,2,1,risax,purchase
dis.mid,restored,2,1,risid,recede
dis.min,restored,2,1,lesiq,lace
dis.min,restored,2,1,lisiq,lease
dis.mis,restored,2,1,risis,sliver
dis.mit,restored,2,1,resit,race
dis.miv,restored,2,1,disiv,deceive
dis.miz,restored,2,1,diseC,diss
dis.mun,restored,2,1,leson,lesson
dis.muv,restored,2,1,resov,street
dis.mux,restored,2,1,risux,asset
dis.nim,restored,2,1,lisem,bread
dis.nit,held,2,0,disnet,disseminate
dis.pad,held,2,0,dispal,dispel
dis.pad,held,2,0,dispar,disability
dis.pat,held,2,0,dispat,despite
dis.paz,held,2,0,dispaz,despise
dis.pid,held,2,0,dispir,disappear
dis.pus,held,2,0,lispus,lisp
dis.put,held,2,0,disput,dispute
dis.tam,restored,2,2,list,list
dis.tik,held,2,0,ristik,restrict
div.mad,restored,2,1,divar,devour
div.mak,restored,2,1,divak,glue
div.man,restored,2,1,devan,hobby
div.man,restored,2,1,divan,echo
div.mat,restored,2,1,rivat,rivet
div.mav,restored,2,1,revav,lot (amount)
div.mav,restored,2,1,rivav,revive
div.mid,restored,2,1,lived,evade
div.mid,restored,2,1,revil,rival
div.mik,restored,2,1,livik,evict
div.min,restored,2,1,reven,revenue
div.mit,restored,2,1,livet,alleviate
div.muk,restored,2,1,rivok,revoke
div.mun,restored,2,1,rivun,review
div.mus,restored,2,1,divus,diverse
div.mut,restored,2,1,divot,devote
dix.man,restored,2,1,dixaq,boy/girl friend
dix.man,restored,2,1,lixaq,ideal
dix.min,restored,2,1,rexin,zeal
dix.mit,restored,2,1,rixet,net
dix.mut,restored,2,1,rixut,permission
dix.num,restored,2,1,rixum,record
diz.dak,held,2,0,rezrak,resurrect
diz.mad,restored,2,1,dizar,desire
diz.mad,restored,2,1,rezal,wrestle
diz.mak,restored,2,1,dezak,daze
diz.mak,restored,2,1,riCak,sway
diz.min,restored,2,1,deziq,daisy
diz.min,restored,2,1,lezin,lazy
diz.min,restored,2,1,reCin,rage
diz.min,restored,2,1,reziq,raise
diz.mud,restored,2,1,reCur,irrational (number)
diz.mud,restored,2,1,rezor,razor (tool)
diz.mud,restored,2,1,rizod,reside
diz.num,restored,2,1,rizum,resume
dub.dan,held,2,0,roblan,robe
dub.dik,held,2,0,lubrik,lube
dub.man,restored,2,1,loban,boss
dub.mas,restored,2,1,robas,robust
dub.mud,restored,2,1,rubor,rubber
duj.nam,restored,2,1,dojam,marijuana
duk.man,restored,2,1,dokan,portrait
duk.man,restored,2,1,dukan,suffer
duk.man,restored,2,1,lokan,open space
duk.mat,held,2,0,lokmat,warfare
duk.mat,held,2,0,lukmat,look forward to
duk.min,held,2,0,rukmin,radiant
duk.mit,restored,2,1,loket,locate
dum.ban,restored,2,1,luman,lumen (measurement)
dum.bat,held,2,0,lumbat,harass
dum.bun,restored,2,1,dumun,doom
dum.dag,restored,2,2,lorg,log (diary)
dum.dam,strained,2,3,dor,door
dum.dam,strained,2,3,dud,friend
dum.dam,strained,2,3,dul,delete
dum.dam,strained,2,3,lod,load
dum.dam,strained,2,3,lor,lord
dum.dam,strained,2,3,rol,cycle
dum.dam,strained,2,3,rud,update
dum.dam,strained,2,3,rul,rule (in system)
dum.dan,restored,2,2,lorn,line
dum.dan,restored,2,1,luran,lure
dum.dan,restored,2,1,rodan,dictator
dum.das,restored,2,2,dors,desert
dum.dav,restored,2,2,dolv,deliver
dum.dav,restored,2,2,lurv,leave
dum.dik,restored,2,1,lulek,reed (plant)
dum.din,restored,2,1,doriq,during
dum.din,restored,2,1,rulin,ruin
dum.dis,restored,2,1,doles,adolescent
dum.div,restored,2,1,duliv,dew
dum.diz,restored,2,1,duliz,duly
dum.nad,restored,2,1,romar,roam
dum.nag,restored,2,1,rumag,room
dum.nit,restored,2,1,lumet,loom
dum.nit,held,2,0,rumnet,ruminate
dum.nud,restored,2,1,rumor,rumor
dum.pam,restored,2,2,domp,dump
dum.tam,strained,2,3,lot,lot (land)
dum.tam,strained,2,3,rot,FALSE
dum.tan,restored,2,1,dotan,dote
dum.taz,restored,2,2,rutz,race (event)
dum.tin,restored,2,1,dotiq,doting
dum.tin,restored,2,1,rutin,routine
dum.tiv,restored,2,1,rotiv,sauce
dun.dam,restored,2,2,rond,gnaw
dun.kum,held,2,0,lunkom,profile
dun.mad,restored,2,1,lonal,loyal
dun.mak,restored,2,1,doqak,animate
dun.mak,restored,2,1,lonak,lone
dun.man,restored,2,1,luqan,lung
dun.mik,restored,2,1,roqik,apt
dun.mit,restored,2,1,donet,donate
dun.pat,held,2,0,dunpat,dune
dun.sin,held,2,0,lunsiq,lunacy
dup.kit,held,2,0,dupket,duplicate
dup.man,restored,2,1,dopan,dope
dup.man,restored,2,1,rupaq,outward appearance
dup.mik,restored,2,1,dupik,dupe
dup.sam,restored,2,2,rups,10^39
dup.sum,held,2,0,lupsum,bolt
dus.kam,restored,2,2,dusk,across (trans-)/cross
dus.kam,restored,2,2,rusk,vowel english r sound
dus.mad,restored,2,1,lusad,lucid
dus.miv,restored,2,1,lusiv,elusive
dus.mud,restored,2,1,lusul,halogen
dus.tam,restored,2,2,rost,past (distance)
duv.min,restored,2,1,doven,dove (bird)
dux.min,restored,2,1,duxiq,inert
dux.min,restored,2,1,luxiq,popular
dux.nam,restored,2,1,doxam,fertile
dux.nam,restored,2,1,roxam,impression
duz.maf,restored,2,1,dozaf,doze
duz.mas,restored,2,1,ruzas,ruse
duz.mig,restored,2,1,loCig,loathe
duz.mud,restored,2,1,loCud,loath
duz.mut,restored,2,1,ruzot,slim
fab.dik,held,2,0,fabrik,fabric
fad.bix,held,2,0,farbix,refurbish
fad.gam,restored,2,2,farg,fog
fad.jad,held,2,0,fadjal,radish (vegetable)
fad.jat,held,2,0,fadjat,fudge
fad.mad,restored,2,1,farad,farad (measurement)
fad.man,restored,2,2,farm,far
fad.map,restored,2,2,flap,hop
fad.mas,restored,2,2,fras,sail
fad.mat,restored,2,2,fart,fart
fad.mat,restored,2,2,flat,flat
fad.max,restored,2,2,flax,flesh
fad.max,restored,2,2,frax,fresh
fad.mid,restored,2,2,flid,field (math)
fad.mid,restored,2,2,fred,vowel large E sound
fad.mig,restored,2,1,farig,ferry
fad.mik,restored,2,2,flek,mirror
fad.mik,restored,2,2,frik,freak
fad.mik,restored,2,1,falek,bland
fad.min,restored,2,2,fren,danish e vowel sound
fad.min,restored,2,2,frin,funny
fad.min,restored,2,1,faliq,folly
fad.min,held,2,0,farmiq,farm (activity)
fad.mip,restored,2,2,flip,flip
fad.mis,restored,2,2,fris,hiss
fad.mit,restored,2,2,flet,fight
fad.mit,restored,2,2,fret,frame
fad.mix,restored,2,2,frix,fish
fad.miz,restored,2,2,fleC,appear
fad.miz,restored,2,2,frez,phrase
fad.miz,restored,2,2,friz,freeze
fad.mub,restored,2,2,flob,lob
fad.mud,restored,2,2,flor,flower
fad.mud,restored,2,2,flud,fluid
fad.muk,restored,2,2,flok,glow
fad.mun,restored,2,2,flun,few
fad.mut,restored,2,2,flot,float
fad.mux,restored,2,2,flux,flush
fad.muz,restored,2,2,fluz,complex
fad.muz,restored,2,2,froC,fear
fad.nim,restored,2,2,flem,flame
fad.num,restored,2,2,flom,f sound
fad.num,restored,2,2,flum,fly (action)
fad.vam,restored,2,2,farv,10^24
fad.zam,restored,2,2,farC,feather
fak.nam,restored,2,1,fakam,surge
fam.bud,held,2,0,fambol,fumble
fan.ban,held,2,0,faqban,handy
fan.dam,restored,2,2,fand,fund
fan.dis,held,2,0,fandic,found
fan.dix,held,2,0,fandex,foundation
fan.kam,restored,2,2,faqk,funk
fan.mis,restored,2,1,fanis,fun
fan.mit,restored,2,1,fanit,fan (machine)
fan.mud,held,2,0,faqmul,graze
fan.muv,restored,2,1,fanov,fawn (over)
fan.sik,held,2,0,fansik,fantasy
fan.sud,held,2,0,fansur,find out
fan.tan,held,2,0,fantan,rebound
fan.tin,held,2,0,fanteq,writhe
fan.tum,held,2,0,fantom,phantom
fan.xan,held,2,0,faqxaq,aroma
fan.zik,held,2,0,faqzik,deter
fas.mad,restored,2,1,fasad,corrupt
fas.man,restored,2,1,fasan,fasten
fas.mit,restored,2,1,faset,faucet
fas.mit,restored,2,1,fasit,facet
fas.tam,restored,2,2,fast,fast
fat.mut,restored,2,1,fatot,tempt
fax.mid,restored,2,1,faxir,compromise
fax.mun,restored,2,1,faxon,fashion (style)
fax.pix,held,2,0,faxpix,rummage
faz.miz,restored,2,1,faziz,fuzz
faz.num,restored,2,1,faCom,fathom
fib.mad,restored,2,1,fibal,feeble
fid.jik,held,2,0,fidjik,fidget
fid.jud,held,2,0,fedjul,fad
fid.mad,restored,2,1,fidal,fiddle
fid.man,restored,2,2,film,film (material)
fid.man,restored,2,1,fedan,fade
fid.man,restored,2,1,filan,felidae
fid.mas,restored,2,1,fidas,fetus
fid.mat,held,2,0,filmat,film (residue)
fid.min,restored,2,1,fediq,wun
fid.min,restored,2,1,fidiq,feed
fid.mit,restored,2,1,filet,affilliate
fid.mud,restored,2,1,felur,failure
fid.mun,restored,2,1,feloq,tax
fim.nas,restored,2,1,femas,famous
fim.vud,restored,2,1,fevor,favor
fin.bam,restored,2,1,finam,phenomenon
fin.dan,held,2,0,fenlaq,heft
fin.das,held,2,0,fendac,fend
fin.dug,held,2,0,fiqdug,poise
fin.git,held,2,0,feqget,signature
fin.gud,held,2,0,fiqgor,finger
fin.kam,restored,2,2,fiqk,even (though)
fin.mad,restored,2,1,final,final
fin.mak,restored,2,1,fenak,feign
fin.mat,restored,2,1,feqat,fang
fin.min,held,2,0,feqmin,honey
fin.san,held,2,0,fensan,diffract
fin.sup,held,2,0,finsup,incinerate
fin.tam,restored,2,2,fent,faint (dizzy)
fin.tav,held,2,0,fintav,definitive
fin.tik,held,2,0,fentik,faint
fin.xip,held,2,0,fenxip,analysis
fin.zam,restored,2,2,finz,finish
fis.mat,restored,2,1,fecat,faith
fis.miz,restored,2,1,fisiz,feces
fis.tan,held,2,0,fistan,feast
fit.mud,restored,2,1,fitor,feat
fit.xan,held,2,0,fetxaq,extraordinary
fit.xid,held,2,0,fitxir,fantastic
fix.mit,restored,2,1,fixet,officiate
fiz.mab,restored,2,1,fizab,feasible
fiz.mad,restored,2,1,fizal,fizzle
fiz.maz,restored,2,1,fizaz,fizz
fud.gam,restored,2,2,folg,fungus
fud.giv,held,2,0,forgiv,forgive
fud.mad,restored,2,2,fold,fold
fud.mad,held,2,0,formal,formal
fud.mag,held,2,0,formag,former
fud.mak,restored,2,2,fork,ant (animal)
fud.man,restored,2,2,form,form
fud.man,restored,2,1,foran,prompt (speed)
fud.mas,restored,2,2,forc,there
fud.mat,restored,2,2,fort,fort
fud.mat,held,2,0,format,format
fud.mid,restored,2,1,forid,foe
fud.mik,restored,2,1,forek,euphoric
fud.mik,held,2,0,formik,ant
fud.min,restored,2,1,forin,foreign
fud.mip,restored,2,1,fulep,soothe
fud.mit,restored,2,1,folet,exfoliate
fud.mit,restored,2,1,furet,infuriate
fud.mun,restored,2,1,furoq,furrow
fud.nam,restored,2,2,forn,fine (good)
fud.nam,held,2,0,folnam,foil
fud.nis,held,2,0,furnis,furnace
fud.zud,held,2,0,forCor,further
fud.zun,held,2,0,forCun,makeup
fum.git,held,2,0,fumget,fumigate
fun.tam,restored,2,2,funt,photon
fun.tin,held,2,0,fonten,fountain
gab.mid,restored,2,1,gabil,knead
gab.mud,restored,2,1,gabol,gobble
gab.mun,restored,2,1,gaboq,gob
gad.bad,held,2,0,garbal,garble
gad.mad,restored,2,2,gard,g sound
gad.mad,restored,2,2,grad,grid
gad.mad,restored,2,2,gral,foot
gad.mad,restored,2,1,gadar,fence
gad.man,restored,2,2,garm,arm
gad.man,restored,2,2,glan,glide
gad.map,restored,2,2,grap,issue
gad.map,restored,2,1,galap,gallop
gad.mas,restored,2,2,grac,jaw
gad.mas,restored,2,2,gras,grass
gad.mas,restored,2,1,gadas,lentil
gad.mat,restored,2,2,galt,guilt
gad.mat,restored,2,1,galat,recite
gad.mav,restored,2,2,glav,glove
gad.mav,restored,2,2,grav,graviton
gad.maz,restored,2,1,garaz,lubricate
gad.mid,restored,2,2,gled,lay
gad.mid,restored,2,2,gred,grade (score)
gad.mid,restored,2,2,gril,case (container)
gad.min,restored,2,2,glen,gluon
gad.mip,restored,2,2,glip,lip
gad.mip,restored,2,2,grep,grape
gad.mis,restored,2,2,gres,guess
gad.mit,restored,2,2,glet,gate
gad.mit,restored,2,2,grit,hello
gad.miv,restored,2,2,griv,grieve
gad.miz,restored,2,2,glez,10^4
gad.mub,restored,2,2,glob,planet
gad.mud,restored,2,2,glor,glare
gad.mud,restored,2,2,gror,growl
gad.mud,restored,2,1,garur,delusion
gad.muk,restored,2,2,glok,your
gad.muk,restored,2,2,gluk,lick
gad.mun,restored,2,2,groq,lion
gad.mun,restored,2,2,grun,grow
gad.mun,restored,2,1,garon,deficit
gad.mup,restored,2,2,grup,group (math)
gad.mus,restored,2,1,garos,gregarious
gad.mut,restored,2,2,glot,goat
gad.mut,restored,2,2,grut,grit (strength)
gad.mut,restored,2,1,galut,exile
gad.mut,restored,2,1,garot,provoke
gad.muv,restored,2,2,gruv,rub
gad.nam,restored,2,2,gram,gram (measure)
gad.nam,restored,2,1,garam,cost
gad.nim,restored,2,2,grem,grim
gad.nim,restored,2,1,galim,embody
gad.nix,held,2,0,garnix,garnish
gad.nud,held,2,0,garnur,garner
gad.num,restored,2,2,grum,row
gad.zam,restored,2,2,garz,again (re-)
gad.zin,held,2,0,garzin,axe
gam.bid,held,2,0,gambir,serious
gam.gam,strained,2,3,gag,child
gam.gud,restored,2,1,gagor,gag
gam.nad,restored,2,1,gamal,camel
gam.nud,restored,2,1,gamor,gum
gan.dim,held,2,0,gaqdem,disk
gan.gad,held,2,0,gaqgal,ad
gan.man,restored,2,1,ganan,reckon
gan.mav,restored,2,1,ganav,steal
gan.mis,restored,2,1,ganis,gneiss
gan.mud,restored,2,1,ganol,gown
gan.tam,restored,2,2,gant,-gon (polygon)
gas.mad,restored,2,1,gacar,affect
gas.mav,restored,2,1,gasav,pride
gas.tun,held,2,0,gaston,gust
gat.mud,restored,2,1,gator,gutter
gat.xam,restored,2,2,gatx,german i vowel sound
gav.man,restored,2,1,gavan,guava
gax.max,restored,2,1,gaxax,scout
gax.mik,restored,2,1,gaxek,gash
gax.mux,restored,2,1,gaxox,probe
gaz.mud,restored,2,1,gazol,guzzle
gaz.mud,restored,2,1,gazor,geyser
gaz.nim,restored,2,1,gaCim,magnificent
gib.mud,restored,2,1,gibor,hero
gib.mux,restored,2,1,gibux,consolidate
gid.jiz,held,2,0,gedjiz,gauge
gid.mad,restored,2,1,girar,gear (wear)
gid.map,restored,2,2,gilp,gill
gid.mus,restored,2,1,gilus,recruitment
gim.dan,held,2,0,gimlan,benefut
gim.gad,restored,2,1,gigal,giggle
gim.kam,strained,2,3,gik,user
gim.zam,restored,2,2,gemz,vowel e sound
gin.zad,held,2,0,geqzal,worse
gip.mad,restored,2,1,gepar,scold
gis.tam,restored,2,2,gest,guest
git.min,restored,2,1,getiq,gait
giv.min,restored,2,1,gevin,cheese
gix.min,restored,2,1,gexiq,personality
giz.mit,restored,2,1,gezit,gaze
gud.gud,held,2,0,gorgol,gurgle
gud.mad,restored,2,1,golar,abroad
gud.mad,restored,2,1,goral,destiny
gud.mad,restored,2,1,gudal,thumb
gud.max,restored,2,2,golx,only
gud.mik,restored,2,1,gorik,gore
gud.mun,restored,2,1,gudoq,agitate
gud.mun,restored,2,1,gulon,bewitched
gud.mut,restored,2,1,gudut,solitude
gud.nim,restored,2,1,gorem,factor (math)
guf.map,restored,2,1,gufap,goof
guj.man,restored,2,1,gojan,gouge (indent)
guj.nam,restored,2,1,gojam,parrot
gum.gad,restored,2,1,gugal,outlandish
gum.kam,restored,2,1,gokam,factor
gum.pam,restored,2,2,gump,new
gun.bam,restored,2,1,gunam,quality
gun.mik,restored,2,1,goqik,craft
gun.mip,restored,2,1,goqep,industry
gun.muk,restored,2,1,goquk,apartment
gun.pin,held,2,0,gonpiq,fair (just)
gun.sip,held,2,0,goqsip,firm
gup.mut,restored,2,1,guput,quaint
gus.mud,restored,2,1,gusul,bath
gus.tam,restored,2,2,gost,ghost
gut.mik,restored,2,1,gutik,pill
guv.mak,restored,2,1,govak,height
guv.mud,restored,2,1,guvul,border
guv.mun,restored,2,1,govun,govern
gux.mik,restored,2,1,guxik,scam
jab.mad,restored,2,1,jabar,math
jab.mid,restored,2,1,jabir,legging
jad.maf,restored,2,2,jalf,j sound
jad.mit,restored,2,1,jaret,jar
jad.mus,restored,2,1,jalus,jealous
jad.nim,restored,2,1,jalim,jelly
jak.mit,restored,2,1,jaket,jacket
jas.tin,held,2,0,jasten,joust
jav.mad,restored,2,1,javal,swathe
jaz.mud,restored,2,1,jazur,gossip
jid.mad,restored,2,1,jidar,jitter
jid.mad,restored,2,1,jirar,swear
jit.maj,restored,2,1,jetaj,throw away
jit.mun,restored,2,1,jeton,token
jud.mix,restored,2,1,judix,judicious
jud.nam,restored,2,1,julam,reality
jun.kid,held,2,0,joqkil,daffodil
jun.mip,restored,2,1,junip,juniper (tree)
jun.tif,held,2,0,jontif,contiguous
jun.xad,held,2,0,jonxar,scatter
jup.tas,held,2,0,juptas,jupiter
juv.mad,restored,2,1,joval,jovial
kab.dak,held,2,0,habdak,abduct
kab.dix,held,2,0,hablix,abolish
kab.dup,held,2,0,habrop,abrupt
kab.jud,held,2,0,habjur,abjure
kab.mad,restored,2,1,habad,abide
kab.mad,restored,2,1,habal,rope
kab.mak,restored,2,1,habak,embrace
kab.mav,restored,2,1,habav,cherish
kab.maz,restored,2,1,habaC,applaud
kab.mid,restored,2,1,habil,sabotage
kab.mit,restored,2,1,habet,habituate
kab.mud,restored,2,1,habol,hobble
kab.mud,restored,2,1,habor,abhor
kab.mud,restored,2,1,kabol,cobble
kab.mus,restored,2,1,habus,abuse
kab.nit,held,2,0,habnet,hibernate
kab.nit,held,2,0,kabnet,cabinet
kab.zam,restored,2,2,habz,abstract
kad.bit,held,2,0,karbet,carbonate
kad.bud,held,2,0,harbor,harbor
kad.bun,held,2,0,halbon,protein
kad.bun,held,2,0,karbon,carb
kad.gad,held,2,0,hargal,habit
kad.gim,held,2,0,hadgim,demonstrate
kad.gix,held,2,0,halgex,allegation
kad.giz,held,2,0,hargiz,irritate
kad.gud,held,2,0,halgor,allegory
kad.jad,held,2,0,hadjal,agile
kad.jak,held,2,0,hadjak,hijack
kad.jam,restored,2,2,hadj,hedge
kad.jan,held,2,0,hadjan,convince
kad.jat,held,2,0,hadjat,propel
kad.jin,held,2,0,hadjin,adjoin
kad.jud,held,2,0,kadjul,ashamed
kad.mad,restored,2,2,hald,elm
kad.mad,restored,2,2,hard,hard (vs. soft)
kad.mad,restored,2,2,kard,can
kad.mad,restored,2,2,klad,cloud
kad.mad,restored,2,1,hadal,idle
kad.mad,restored,2,1,halal,permissible
kad.mad,restored,2,1,harad,arid
kad.mad,restored,2,1,haral,convert
kad.mad,restored,2,1,harar,mull
kad.mad,restored,2,1,kadal,cuddle
kad.mad,restored,2,1,kalad,collide
kad.mad,restored,2,1,kalal,scour
kad.mad,held,2,0,hadmar,admire
kad.maf,restored,2,2,kraf,comfort
kad.mag,restored,2,2,krag,node
kad.mak,restored,2,2,hark,arc
kad.mak,restored,2,2,kark,quark
kad.mak,restored,2,2,klak,clock
kad.mak,restored,2,2,krak,crack
kad.mak,restored,2,1,halak,law
kad.man,restored,2,2,halm,hue
kad.man,restored,2,2,klan,claw
kad.man,restored,2,2,kraq,ring (sound)
kad.man,restored,2,1,haran,heron
kad.man,restored,2,1,karan,car
kad.map,restored,2,2,karp,keep
kad.map,restored,2,2,klap,danish a vowel sound
kad.map,restored,2,1,hadap,adapt
kad.mas,restored,2,2,halc,ethnicity
kad.mas,restored,2,2,hals,ice
kad.mas,restored,2,2,kras,cross
kad.mas,restored,2,1,hadas,myrtle
kad.mas,restored,2,1,harac,cultivate
kad.mas,restored,2,1,haras,grip
kad.mas,held,2,0,karmac,karma
kad.mat,restored,2,2,kalt,cult
kad.mat,restored,2,2,kart,crown
kad.mat,restored,2,2,klat,cat
kad.mat,restored,2,1,harat,till
kad.mat,restored,2,1,kadat,succumb
kad.mav,restored,2,1,halav,milk
kad.max,restored,2,2,halx,hair
kad.max,restored,2,2,krax,crash
kad.max,restored,2,1,hadax,lens
kad.max,restored,2,1,harax,dull
kad.maz,restored,2,1,kalaz,equalize
kad.maz,held,2,0,karmaz,carve
kad.mid,restored,2,2,klir,clear
kad.mid,restored,2,2,kred,credit
kad.mid,restored,2,2,krid,liquid
kad.mid,restored,2,1,kadid,helmet
kad.mid,restored,2,1,kalil,scarcity
kad.mid,restored,2,1,karir,career
kad.mif,restored,2,1,halif,suit (clothing)
kad.mif,restored,2,1,kalif,successor
kad.mig,restored,2,1,haleg,dial
kad.mig,restored,2,1,halig,mock
kad.mig,restored,2,1,kalig,colleague
kad.mij,restored,2,1,hadij,ideology
kad.mik,restored,2,2,klek,click
kad.mik,restored,2,2,krek,cake
kad.mik,restored,2,1,karik,query
kad.min,restored,2,2,klin,clean
kad.min,restored,2,2,kliq,k sound
kad.min,restored,2,2,kriq,care
kad.min,restored,2,1,halen,highway
kad.min,restored,2,1,halin,cushy
kad.min,restored,2,1,karin,carry
kad.mip,restored,2,2,krep,crypto
kad.mip,restored,2,1,hadep,adept
kad.mis,restored,2,2,klis,nucleus
kad.mis,restored,2,1,hadic,news
kad.mis,restored,2,1,haris,iris
kad.mis,restored,2,1,kares,caress
kad.mit,restored,2,2,kret,secret
kad.mit,restored,2,1,hadit,audit
kad.mit,restored,2,1,halit,haul
kad.mit,restored,2,1,kalit,leporidae (hare)
kad.miv,restored,2,2,kliv,cave
kad.miv,restored,2,2,krev,crave
kad.miv,restored,2,1,hariv,expand
kad.mix,restored,2,1,karix,shark
kad.mix,held,2,0,hadmix,admission
kad.miz,restored,2,1,halez,always
kad.mub,restored,2,2,klub,kill
kad.mud,restored,2,2,klor,color
kad.mud,restored,2,2,krol,cull
kad.mud,restored,2,1,halud,allude
kad.mud,restored,2,1,halur,allure
kad.mud,restored,2,1,kadol,coddle
kad.mud,restored,2,1,kalor,cower
kad.mud,restored,2,1,kalud,collude
kad.mud,held,2,0,halmor,helm
kad.muf,restored,2,1,hadof,repel
kad.muf,restored,2,1,haluf,option
kad.muk,restored,2,2,klok,quick
kad.muk,restored,2,2,krok,croak
kad.muk,restored,2,1,harok,squeak
kad.muk,restored,2,1,kaluk,trout
kad.mun,restored,2,2,klun,community
kad.mun,restored,2,1,halon,alone
kad.mun,restored,2,1,halun,hyena
kad.mun,restored,2,1,haron,arrow
kad.mut,restored,2,2,klut,cute
kad.mut,restored,2,2,krot,right (vs. wrong)
kad.mux,restored,2,1,kalox,dominate
kad.muz,restored,2,2,kloz,close
kad.muz,restored,2,1,haroz,arouse
kad.nab,held,2,0,karnab,cauliflower
kad.nad,held,2,0,karnal,kernel
kad.naf,held,2,0,karnaf,rhino
kad.nak,held,2,0,harnak,purse
kad.nam,restored,2,2,harq,along
kad.nam,restored,2,2,kaln,kaon
kad.nam,restored,2,1,haram,forbidden/taboo
kad.nim,restored,2,2,klem,claim
kad.nim,restored,2,2,krem,chemical
kad.nit,held,2,0,halnet,alternate
kad.niv,held,2,0,karnev,call off
kad.num,restored,2,2,klum,cue
kad.num,restored,2,2,krom,ohm (measurement)
kad.num,restored,2,1,kadom,precede
kad.num,restored,2,1,karom,heal
kad.vam,restored,2,2,kalv,kelvin
kad.vas,held,2,0,hadvas,advice
kad.vat,held,2,0,hadvat,non-dual
kad.vat,held,2,0,karvat,market
kad.vik,held,2,0,harvik,whale
kad.vun,held,2,0,halvon,hallow
kad.zam,restored,2,2,halz,hell (emphasize surprise)
kad.zud,held,2,0,harCur,rigorous
kad.zun,held,2,0,hadzon,odds
kaf.kaf,held,2,0,kafkaf,flip-flop
kaf.kid,held,2,0,hafkid,deposit
kaf.kid,held,2,0,hafkir,forfeit
kaf.kis,held,2,0,hafkes,efficacy
kaf.mad,restored,2,1,kafar,close oneself off
kaf.maf,restored,2,1,hafaf,huff
kaf.maf,restored,2,1,kafaf,extenuate
kaf.mak,restored,2,1,hafak,production
kaf.man,restored,2,1,hafan,often
kaf.mas,restored,2,1,hafas,fuss
kaf.mat,restored,2,1,hafat,curb
kaf.mid,restored,2,1,hafid,conserve
kaf.mid,restored,2,1,hafil,encourage
kaf.mif,restored,2,1,hafif,congruence (geometry)
kaf.mif,restored,2,1,kafif,subordinate
kaf.mik,restored,2,1,hafik,derive
kaf.nam,restored,2,1,kafam,however
kaf.nut,held,2,0,hafnot,refer
kaj.mud,restored,2,1,hajur,aperture
kaj.mud,restored,2,1,kajul,cashew
kam.ban,held,2,0,kamban,combine
kam.bas,held,2,0,hambas,emboss
kam.bat,held,2,0,kambat,combat
kam.bax,held,2,0,hambax,ambush
kam.bun,restored,2,1,hamon,crowd/mob
kam.bun,restored,2,1,kamon,common
kam.dan,held,2,0,kamran,camera
kam.din,held,2,0,kamdin,comedy
kam.git,restored,2,1,haget,await
kam.gix,restored,2,1,hagix,serve
kam.gud,restored,2,1,hagol,haggle
kam.kab,restored,2,1,hakab,obstacle
kam.kad,restored,2,1,hakar,recognition
kam.kad,restored,2,1,kakal,quell
kam.kam,strained,2,3,hak,hack (work)
kam.kam,restored,2,1,hakam,establish
kam.kan,restored,2,1,hakan,icon
kam.kav,restored,2,1,hakav,heel
kam.kaz,restored,2,1,hakaC,captivate
kam.kid,restored,2,1,hakir,acquaint
kam.kif,restored,2,1,hakif,enforcement
kam.kit,restored,2,1,hakit,acquit
kam.kit,restored,2,1,kakit,oyster
kam.kud,restored,2,1,kakol,cackle
kam.kud,restored,2,1,kakor,basin
kam.kum,restored,2,1,hakom,accompany
kam.kun,restored,2,1,hakun,meadow
kam.kuz,restored,2,1,kakuz,cuckoo
kam.nad,restored,2,1,kamar,gamble
kam.nat,restored,2,1,kamat,flour
kam.nik,restored,2,1,hamik,pelt
kam.nim,restored,2,1,hamem,stun
kam.nis,restored,2,1,hamis,melt
kam.nit,restored,2,1,kamet,comet
kam.nix,restored,2,1,kamix,commission
kam.niz,restored,2,1,hamez,amaze
kam.nus,restored,2,1,hamos,ferret
kam.nus,restored,2,1,hamus,hummus
kam.nut,restored,2,1,hamot,hum
kam.nut,restored,2,1,kamut,commute
kam.nuz,restored,2,1,hamuz,amuse
kam.pad,held,2,0,kampal,compile
kam.pak,held,2,0,kampak,compact
kam.pam,restored,2,2,hamp,ampere (electric current)
kam.pam,restored,2,2,kamp,camp
kam.pan,held,2,0,hampan,hump
kam.pas,held,2,0,kampas,compass
kam.pid,held,2,0,hampid,impede
kam.pid,held,2,0,kampir,compare
kam.pit,held,2,0,kampit,compete
kam.pud,held,2,0,hampor,hamper
kam.put,held,2,0,kamput,computer
kam.puz,held,2,0,kampoz,compose
kam.san,held,2,0,kamsan,thief
kam.tin,held,2,0,kamtiq,committee
kan.bad,held,2,0,hanbal,enable
kan.dag,held,2,0,handag,hound
kan.dag,held,2,0,hanlag,analog
kan.dam,restored,2,2,kand,command
kan.dam,held,2,0,kandam,condemn
kan.dan,held,2,0,handan,bleak
kan.dav,held,2,0,handav,endeavor
kan.dik,held,2,0,haqlek,queue
kan.diz,held,2,0,kandiz,candy
kan.dun,held,2,0,kandon,condone
kan.fad,held,2,0,kanfad,confide
kan.fan,held,2,0,kanfan,confine
kan.fat,held,2,0,kanfat,attitude
kan.fig,held,2,0,kanfig,configure
kan.fud,held,2,0,kanfur,confer
kan.fuz,held,2,0,hanfuz,infuse
kan.gij,held,2,0,haqgej,engage
kan.jud,held,2,0,kanjur,conjure
kan.kid,held,2,0,haqkid,honk
kan.kit,held,2,0,hanket,antiquate
kan.kit,held,2,0,hankit,impose
kan.kud,held,2,0,hankod,encode
kan.kud,held,2,0,kankur,concur
kan.kum,held,2,0,hankom,honeycomb
kan.mak,restored,2,1,hanak,giant
kan.mak,restored,2,1,kaqak,goose
kan.man,restored,2,1,hanan,onion
kan.man,restored,2,1,kanan,canyon
kan.mik,held,2,0,hanmik,diminish
kan.min,restored,2,1,kaniq,cunning
kan.mit,restored,2,1,hanit,initialize
kan.mud,restored,2,1,hanod,annoy
kan.mud,restored,2,1,hanol,annul
kan.muk,restored,2,1,hanuk,dedicate
kan.mun,restored,2,1,hanon,park (vehicle)
kan.mup,restored,2,1,kanop,canopy
kan.mut,restored,2,1,kanot,connotation
kan.pas,held,2,0,hanpas,encompass
kan.sad,held,2,0,kansal,cancel
kan.san,held,2,0,kansan,consign
kan.sid,held,2,0,kansid,concede
kan.sit,held,2,0,kansit,conceit
kan.siv,held,2,0,kansiv,conceive
kan.sud,held,2,0,hansul,ensue
kan.sud,held,2,0,kansol,console
kan.sud,held,2,0,kansur,connoisseur
kan.sun,held,2,0,kansoq,baggy
kan.tam,restored,2,2,hant,hunt
kan.tam,held,2,0,kantam,quantity/quanta
kan.tan,held,2,0,hantan,intertwine
kan.tik,held,2,0,hantik,antique
kan.tin,held,2,0,kanten,contain
kan.tuj,held,2,0,hantoj,haunt
kan.vas,held,2,0,kanvas,canvas
kan.vik,held,2,0,kanvik,convict
kan.vin,held,2,0,kanven,convey
kan.vin,held,2,0,kanvin,convene
kan.vit,held,2,0,hanvit,envy
kan.vup,held,2,0,hanvop,envelope
kan.xan,held,2,0,hanxaq,serene
kan.xim,held,2,0,hanxim,resuscitate
kan.xit,held,2,0,hanxet,initiate
kan.xud,held,2,0,hanxur,insure
kan.zam,restored,2,2,hanz,house
kan.zan,held,2,0,hanzaq,mount
kan.zun,held,2,0,kanzoq,fancy
kap.mad,restored,2,1,hapal,appall
kap.man,restored,2,1,hapan,happen
kap.mid,restored,2,1,hapil,appeal
kap.min,restored,2,1,hapiq,hype
kap.miz,restored,2,1,hapiz,appease
kap.mud,restored,2,1,kapor,concave
kap.mut,restored,2,1,hapot,overlap
kap.mut,restored,2,1,kapot,skim
kap.muz,restored,2,1,hapoz,oppose
kap.sat,held,2,0,hapsat,upset
kap.sud,held,2,0,hapsod,episode
kap.tin,held,2,0,kapten,captain
kap.xam,held,2,0,kapxam,caption
kap.xud,held,2,0,kapxur,capture
kas.kam,restored,2,2,hask,explore
kas.kid,held,2,0,kasked,cascade
kas.kim,held,2,0,haskim,consent
kas.kit,held,2,0,hacket,authenticate
kas.kit,held,2,0,haskit,husk
kas.mad,restored,2,1,hasad,aside
kas.man,restored,2,1,kasan,instant
kas.map,restored,2,1,hasap,convect
kas.mas,restored,2,1,kacac,furniture
kas.mat,restored,2,1,kasat,allot
kas.mid,restored,2,1,hacid,acid
kas.mid,restored,2,1,hasid,piety
kas.mid,restored,2,1,kacir,viscous
kas.mig,restored,2,1,hasig,recall
kas.min,restored,2,1,haseq,assay
kas.min,restored,2,1,hasin,essay
kas.mis,restored,2,1,hases,assess
kas.mis,restored,2,1,hasis,assist
kas.mud,restored,2,1,hacor,author
kas.mud,restored,2,1,hasol,hustle
kas.muf,restored,2,1,hasof,expose
kas.nam,restored,2,1,hasam,placement
kas.num,restored,2,1,hasom,awe
kas.num,restored,2,1,hasum,assume
kas.pix,held,2,0,haspex,especially
kas.pud,held,2,0,haspur,aspire
kas.put,held,2,0,haspot,expert
kas.tam,restored,2,2,kast,cast
kas.tam,held,2,0,kastam,custom
kas.tik,held,2,0,hastek,oust
kas.tik,held,2,0,kastik,caustic
kat.kaf,held,2,0,hatkaf,seizure (taking)
kat.mad,restored,2,1,hatar,attire
kat.mad,restored,2,1,katar,ooze
kat.mak,restored,2,1,hatak,attack
kat.mif,restored,2,1,hatif,advocate
kat.mif,restored,2,1,katif,shoulder
kat.mik,restored,2,1,hatik,transfer
kat.min,restored,2,1,haten,attain
kat.mit,restored,2,1,hatit,pry
kat.miz,restored,2,1,hatiC,festival
kat.miz,restored,2,1,hatiz,squirt
kat.mud,restored,2,1,kator,cruel
kat.mun,restored,2,1,haton,hot
kat.mun,restored,2,1,katoq,cut
kat.mut,restored,2,1,hatot,tilt
kat.nit,held,2,0,katnet,concatenate
kat.num,restored,2,1,hatom,automatic
kat.sap,held,2,0,hatsap,offer
kat.sik,held,2,0,katsek,tip (peak)
kat.xam,restored,2,2,hatx,hole
kat.xik,held,2,0,hatxik,hatch
kat.xip,held,2,0,katxip,chip (block)
kat.xiv,held,2,0,hatxiv,achieve
kat.xud,held,2,0,hatxol,cooperate
kat.xun,held,2,0,hatxuq,estuary
kav.dix,held,2,0,havrix,brush
kav.diz,held,2,0,havriz,shirk
kav.mak,restored,2,1,havak,havoc
kav.mak,restored,2,1,kavak,dust
kav.mas,restored,2,1,havas,obvious
kav.mat,restored,2,1,kavat,caveat
kav.mid,restored,2,1,havid,avid
kav.mid,restored,2,1,kavid,liver
kav.mik,restored,2,1,havik,walrus
kav.mik,restored,2,1,kavik,wolverine
kav.mis,restored,2,1,havis,oblation
kav.mit,restored,2,1,havit,hive
kav.mud,restored,2,1,kavod,honor/respect
kav.mun,restored,2,1,kavon,cavern
kav.mut,restored,2,1,havot,constitute
kax.kix,held,2,0,kaxkix,babble
kax.mad,restored,2,1,kaxad,suspicion
kax.mad,held,2,0,haxmad,extermination
kax.mak,restored,2,1,haxak,launch of new product
kax.mid,restored,2,1,haxir,molt
kax.min,restored,2,1,haxin,lean
kax.min,restored,2,1,kaxiq,cash
kax.mit,held,2,0,haxmit,omit
kax.miv,restored,2,1,haxiv,reply
kax.mud,restored,2,1,haxor,usher
kax.mun,restored,2,1,kaxon,quash
kax.mun,restored,2,1,kaxun,caution
kax.pad,held,2,0,haxpal,humiliation
kax.pak,held,2,0,haxpak,influence
kaz.dif,held,2,0,hazlif,sprinkle
kaz.dik,held,2,0,hazrik,inject
kaz.mad,restored,2,1,kaCal,disposition
kaz.mad,restored,2,1,kazar,return at regular intervals
kaz.man,restored,2,1,haCan,announce
kaz.man,held,2,0,hazman,invitation
kaz.mid,restored,2,1,haCir,cautious
kaz.mif,restored,2,1,hazif,frown
kaz.mif,restored,2,1,kaCif,projectile
kaz.mik,restored,2,1,haCik,proficient
kaz.min,held,2,0,hazmin,invite
kaz.mis,restored,2,1,kazis,piece
kaz.mit,restored,2,1,kazit,facade
kaz.mut,restored,2,1,hazot,rave
kib.max,restored,2,1,hibax,bash
kib.mit,restored,2,1,hibit,inhibit
kib.mit,restored,2,1,kebit,evil
kib.mud,restored,2,1,kibol,quibble
kib.muk,restored,2,1,hibuk,hug
kid.bun,held,2,0,helbon,insult
kid.gat,held,2,0,hirgat,irrigate
kid.jam,restored,2,2,hedj,age
kid.jam,restored,2,2,hidj,polyhedron
kid.jam,restored,2,2,kedj,accept
kid.jut,held,2,0,kedjot,cage
kid.mad,restored,2,1,kilar,cucumber
kid.mak,restored,2,2,hilk,elk
kid.mak,restored,2,1,hilak,elect
kid.mak,restored,2,1,kelak,quail
kid.mak,restored,2,1,kelak,kayak
kid.mak,restored,2,1,kidak,gun
kid.man,restored,2,1,hidan,hidden
kid.mas,restored,2,1,kelas,chaos
kid.mat,restored,2,1,helat,hail (acclaim)
kid.mat,restored,2,1,hilat,elite
kid.mat,restored,2,1,kilat,keel
kid.mav,restored,2,1,hirav,sword
kid.min,restored,2,1,kiden,equidae
kid.mip,restored,2,1,hedip,eddy
kid.mit,restored,2,1,helet,determine
kid.mud,restored,2,1,hilud,elude
kid.mud,restored,2,1,hilul,desecrate
kid.mud,restored,2,1,hirod,erode
kid.muf,restored,2,1,hiluf,replace
kid.muk,restored,2,1,hiluk,partition
kid.mut,restored,2,1,hidot,idiot
kid.mut,restored,2,1,hirut,hire
kid.muv,restored,2,1,kiluv,obligate
kid.nam,restored,2,2,kirn,cure
kid.nam,restored,2,1,hiram,flounder (fish)
kid.nap,held,2,0,kidnap,kidnap
kid.num,restored,2,1,hirum,emergency
kid.num,restored,2,1,kidum,promotion
kif.mad,restored,2,1,kifal,crease
kif.muz,restored,2,1,hifuz,effusion
kij.man,restored,2,1,kejan,occasion
kij.mun,restored,2,1,kijon,cajole
kim.bam,held,2,0,hembam,embalm
kim.ban,restored,2,1,hemaq,hem
kim.bun,restored,2,1,hemun,confidence
kim.gad,restored,2,1,higar,eager
kim.gat,restored,2,1,hegat,egg
kim.gut,restored,2,1,higot,ego
kim.guz,restored,2,1,higoz,vanish
kim.kab,restored,2,1,kikab,maple (tree)
kim.kad,restored,2,1,hikal,hall
kim.kad,restored,2,1,kikar,plaza
kim.kam,strained,2,3,hek,hour
kim.kam,strained,2,3,hik,hike
kim.kam,strained,2,3,kek,agree
kim.kam,strained,2,3,kik,kick
kim.kan,restored,2,1,hikan,squid
kim.kid,restored,2,1,hekir,characteristic
kim.kip,restored,2,1,hikep,equip
kim.kip,restored,2,1,kekep,harsh
kim.kun,restored,2,1,kikuq,finch (bird)
kim.nat,restored,2,1,himat,emit
kim.nix,restored,2,1,himex,emission
kim.nux,restored,2,1,himux,ammunition
kim.pad,held,2,0,himpal,impale
kim.pak,held,2,0,himpak,impact
kim.pas,held,2,0,hempac,empathy
kim.sin,held,2,0,himsiq,invent
kin.bam,restored,2,1,kinam,lamentation
kin.dak,held,2,0,hindak,induct
kin.dan,held,2,0,hinlaq,inlay
kin.dik,held,2,0,henrik,henry (measurement)
kin.din,held,2,0,kendiq,approve
kin.dus,held,2,0,hendus,induce
kin.fik,held,2,0,hinfek,infect
kin.fis,held,2,0,hinfes,interface
kin.fud,held,2,0,hinfur,infer
kin.kad,held,2,0,hinkar,inquire
kin.kam,restored,2,2,heqk,angry
kin.kam,restored,2,2,kiqk,10^15
kin.kam,held,2,0,hiqkam,income
kin.kub,held,2,0,hiqkub,incubate
kin.kud,held,2,0,heqkor,anchor
kin.kud,held,2,0,hinkor,incur
kin.mak,restored,2,1,hinak,enact
kin.man,restored,2,1,kenan,canidae
kin.mas,restored,2,1,henas,anus
kin.mat,restored,2,1,kenat,kin
kin.mat,restored,2,1,kinat,louse
kin.muf,restored,2,1,hinuf,enough
kin.mus,restored,2,1,kenos,rape
kin.sab,held,2,0,hinsab,inhabit
kin.sad,held,2,0,hinsal,inhale
kin.sud,held,2,0,heqsur,hang out
kin.tam,restored,2,2,hint,hint
kin.tas,held,2,0,hentas,entice
kin.tin,held,2,0,hinten,intend
kin.vit,held,2,0,hinvet,innovate
kin.vuk,held,2,0,hinvok,invoke
kin.vun,held,2,0,heqvun,hang on
kin.vus,held,2,0,hinvos,invoice
kin.xad,held,2,0,hinxal,initial (beginning)
kip.mad,restored,2,1,kepal,capable
kip.man,restored,2,1,hipan,hip
kip.man,restored,2,1,kipan,ghast
kip.min,restored,2,1,hepin,hippie
kip.mud,restored,2,1,hipul,impel
kip.mud,restored,2,1,kipod,hedgehog
kip.sam,restored,2,2,heps,ape
kip.taz,held,2,0,hiptaz,hypnotize
kis.kip,held,2,0,hiskep,escape
kis.mad,restored,2,1,hicar,aether
kis.mak,restored,2,1,kisak,kiss
kis.min,restored,2,1,hesin,hasten
kis.mud,restored,2,1,hisul,eliminate
kis.nup,held,2,0,hesnop,hail (snow)
kis.pik,held,2,0,hispik,suffice
kit.kaf,held,2,0,hitkaf,spasm
kit.kat,held,2,0,hitkat,ingratiate
kit.mak,restored,2,1,hitak,thrust
kit.man,restored,2,1,hetaq,hate
kit.mit,held,2,0,hitmet,intimate
kit.mud,restored,2,1,ketor,cater
kit.muk,restored,2,1,hituk,bisect
kit.pak,held,2,0,hitpak,explode
kit.sif,held,2,0,ketsef,sequence
kit.xam,held,2,0,hetxam,yawn
kit.xam,held,2,0,kitxam,kitchen
kit.xin,held,2,0,hitxiq,hitch
kit.xud,held,2,0,ketxul,demand
kiv.mad,restored,2,1,hivad,slave
kiv.mad,restored,2,1,kival,isolation
kiv.mad,restored,2,1,kivar,quiver (shake)
kiv.mik,restored,2,1,hivik,heave
kiv.miz,restored,2,1,heviz,aves (birds)
kiv.mud,restored,2,1,hevor,behavior
kiv.mud,restored,2,1,kevur,grave
kiv.muk,restored,2,1,hivok,evoke
kiv.mux,restored,2,1,hivux,rustle
kix.kud,held,2,0,hixkol,cluster
kix.mad,restored,2,1,kixar,knot
kix.mut,restored,2,1,kixut,decorate
kix.puz,held,2,0,hixpuz,hospital
kiz.mad,restored,2,1,hiCal,whip
kiz.mak,restored,2,1,hizak,exact
kiz.mit,restored,2,1,hizet,impersonate
kiz.mud,restored,2,1,hiCor,either
kiz.mun,restored,2,1,hizun,equilibrium
kiz.mut,restored,2,1,hizut,ease
kiz.nik,held,2,0,hiznik,neglect
kub.dik,held,2,0,hoblik,oblique
kub.min,restored,2,1,hoben,obey
kub.mub,restored,2,1,hubob,hub
kub.mux,restored,2,1,kubox,conquer
kud.bam,restored,2,2,korb,cone
kud.ban,held,2,0,korban,victim
kud.but,held,2,0,horbot,orb
kud.gam,restored,2,2,korg,encounter
kud.gan,held,2,0,horgan,organic
kud.jam,restored,2,2,hudj,vowel u sound
kud.jiz,held,2,0,kodjiz,caliber
kud.jun,held,2,0,hudjun,huge
kud.mab,restored,2,1,kolab,collaborate
kud.mad,restored,2,2,hold,h sound
kud.mad,restored,2,2,hord,ahead
kud.mad,restored,2,2,kold,cold
kud.mad,restored,2,1,hodar,odor
kud.mad,restored,2,1,koral,coral
kud.mag,restored,2,1,korag,core
kud.mak,restored,2,2,kork,curl
kud.man,restored,2,1,holan,hull
kud.mas,restored,2,2,hors,horse
kud.mas,restored,2,1,kuras,curious
kud.mat,restored,2,2,hort,heart (body)
kud.mat,restored,2,2,kort,court (justice)
kud.mat,held,2,0,hurmat,hermit
kud.mav,restored,2,1,kolav,rack
kud.max,restored,2,2,horx,oh
kud.max,restored,2,2,korx,xor
kud.max,restored,2,2,kulx,answer
kud.mid,restored,2,1,holid,holy
kud.mig,restored,2,1,korig,ore
kud.mik,restored,2,1,hodik,ode
kud.min,restored,2,1,holiq,howl
kud.min,restored,2,1,hurin,hurry
kud.mis,restored,2,1,hores,heresy
kud.mis,restored,2,1,koles,coalesce
kud.mit,restored,2,1,kolet,collate
kud.mud,restored,2,1,korod,corrode
kud.mud,restored,2,1,korol,quarrel
kud.mud,restored,2,1,kulor,peculiar
kud.mun,restored,2,1,kurun,cabbage
kud.mus,restored,2,1,kulos,meticulous
kud.mut,restored,2,1,hurot,heir
kud.mut,restored,2,1,kolot,coyote
kud.nab,held,2,0,kornab,corn
kud.nad,held,2,0,kornar,corner
kud.nam,restored,2,2,horn,horn (animal)
kud.nam,restored,2,2,korn,category
kud.nam,restored,2,1,kulam,coulomb
kud.nit,held,2,0,hornit,wasp
kud.vam,restored,2,2,holv,elbow
kud.vam,restored,2,2,kurv,curve
kud.vid,held,2,0,korvid,corvid
kud.zim,held,2,0,holzem,latter
kuj.man,restored,2,1,kujan,recursion
kum.ban,restored,2,1,koman,coma
kum.dik,held,2,0,kumrik,back up
kum.gad,restored,2,1,hogal,ogle
kum.gud,restored,2,1,hogor,hoard
kum.kam,strained,2,3,hok,okay
kum.kam,strained,2,3,huk,hook
kum.kam,strained,2,3,kok,disagree
kum.kan,restored,2,1,kukan,"cock (action, gun)"
kum.kat,restored,2,1,kukat,infamy
kum.kin,restored,2,1,koken,coke
kum.kud,restored,2,1,hokur,occur
kum.kum,held,2,0,kumkum,kettle
kum.nad,restored,2,1,humad,humid
kum.nat,restored,2,1,kumat,pear
kum.taj,held,2,0,kumtaj,back down
kun.dam,restored,2,2,kund,kind (good)
kun.dip,held,2,0,koqdip,vacate
kun.duk,held,2,0,konduk,conduct (electricity)
kun.gat,held,2,0,huqgat,aunt/uncle
kun.kam,restored,2,2,huqk,hunger
kun.mak,restored,2,1,hunak,harpoon
kun.mas,restored,2,1,honas,onus
kun.mat,restored,2,1,hoqat,owe
kun.mat,held,2,0,hunmat,frantic
kun.mik,restored,2,1,hunik,sea urchin
kun.min,restored,2,1,honiq,hoe
kun.mut,restored,2,1,honot,swindle
kun.sad,held,2,0,konsad,coincide
kun.vun,held,2,0,hoqvun,hold on
kup.mad,restored,2,1,hopal,opal
kup.mad,restored,2,1,kopal,compel
kup.man,restored,2,1,hopan,opine
kup.muk,restored,2,1,hopok,perky
kup.mun,restored,2,1,kupun,coal
kus.mid,restored,2,1,hosil,tent
kus.mud,restored,2,1,kusol,console (help)
kus.tam,restored,2,2,host,thirst
kus.tan,held,2,0,hostan,host
kus.tik,held,2,0,hostik,osteichthyes
kut.mak,restored,2,1,hutak,seam
kut.man,restored,2,1,kotan,quota
kut.mas,restored,2,1,kotas,quote
kut.mat,restored,2,1,hotat,scallop
kut.mun,restored,2,1,kutun,cottonwood (tree)
kut.mut,restored,2,1,hutut,hoot
kut.num,restored,2,1,hutom,hut
kut.xam,restored,2,2,hutx,itch
kut.xik,held,2,0,hutxik,train (car)
kut.xit,held,2,0,hutxit,accustom
kut.xuk,held,2,0,hutxuk,fetch
kuv.man,restored,2,1,hovan,debt
kuv.mat,restored,2,1,kovat,covet
kuv.mis,restored,2,1,hovis,oversee
kuv.nim,restored,2,1,kovem,cove
kux.mun,restored,2,1,kuxon,cushion
kuz.mid,restored,2,1,hozir,hose
kuz.min,restored,2,1,kozin,cozy
kuz.nam,restored,2,1,kuzam,lavender (vegetable)
mab.mas,restored,2,1,mabac,mob
mab.mud,restored,2,1,wabol,wobble
mad.bud,held,2,0,marbol,marble
mad.bud,held,2,0,warbol,warble
mad.gam,restored,2,2,marg,old
mad.jam,restored,2,2,madj,image
mad.jat,held,2,0,madjat,dive
mad.jin,held,2,0,madjiq,video
mad.jin,held,2,0,marjin,margin
mad.jiz,held,2,0,wadjiz,wedge
mad.mad,restored,2,2,wald,wild
mad.mad,restored,2,1,marad,nurse
mad.mad,restored,2,1,wadal,waddle
mad.maf,restored,2,1,madaf,shelf
mad.mak,restored,2,2,wark,work
mad.mak,restored,2,1,marak,soup
mad.man,restored,2,2,marm,mammal
mad.man,restored,2,1,walan,wall
mad.map,restored,2,2,warp,vowel large A sound
mad.mas,restored,2,2,mars,mass
mad.mat,restored,2,2,malt,metal
mad.mat,restored,2,1,madat,revel
mad.max,restored,2,2,marx,mesh (inter-)
mad.max,restored,2,2,warx,worship
mad.mid,restored,2,1,madil,armadillo
mad.mid,restored,2,1,marid,sick
mad.mid,restored,2,1,walid,bring forth
mad.min,restored,2,1,malin,filth
mad.min,restored,2,1,wariq,whir
mad.mis,restored,2,1,maric,marry
mad.mit,restored,2,1,walet,wallet
mad.miz,restored,2,1,maliz,sermon
mad.mud,restored,2,1,madol,muddle
mad.mud,restored,2,1,malor,maul
mad.muf,restored,2,1,maruf,decend
mad.muk,restored,2,1,malok,king
mad.mun,restored,2,1,marun,maroon
mad.mun,restored,2,1,waloq,wallow
mad.nam,restored,2,2,marn,muon
mad.nam,restored,2,1,madam,intoxicate
mad.nim,restored,2,1,madim,uniform (clothing)
mad.nit,held,2,0,marnet,marinate
mad.num,restored,2,1,malum,special
mad.vud,held,2,0,marvol,marvel
mad.zad,held,2,0,malzal,frizz
mad.zam,restored,2,2,marC,quite
mag.dif,held,2,0,magref,rake
mag.maf,restored,2,1,magaf,boot (shoe)
mag.man,restored,2,1,magan,dock
mag.mat,restored,2,1,magat,maggot
mag.mif,restored,2,1,magef,epidemic
mag.min,restored,2,1,wagin,wag
mag.mud,restored,2,1,magur,tuna
mag.mup,restored,2,1,magop,mug (rob)
mag.mux,restored,2,1,magux,tray
mag.zam,restored,2,2,magz,moss
mag.zin,held,2,0,magzin,magazine
mak.mad,restored,2,1,wakar,revere
mak.maz,restored,2,1,makaz,muck
mak.muv,restored,2,1,makov,grief
mak.niz,held,2,0,makniz,mechanism
mak.sam,restored,2,2,maks,maximum
mak.san,held,2,0,waksan,wax
mak.sim,held,2,0,maksim,maxim
mak.xan,held,2,0,wakxaq,extrovert
man.dam,restored,2,2,wand,wind (coil)
man.din,held,2,0,manden,mundane
man.fak,held,2,0,manfak,manufacture
man.gud,held,2,0,waqgul,stubborn
man.gun,held,2,0,waqgoq,staff
man.kam,restored,2,2,maqk,monkey
man.kud,held,2,0,maqkur,manicure
man.mad,restored,2,1,mamar,sorrow
man.mad,restored,2,1,wanal,stoop
man.maj,restored,2,1,manaj,manage
man.mak,restored,2,1,wanak,whine
man.man,strained,2,3,mam,mother
man.man,restored,2,1,manan,dose
man.mat,restored,2,1,mamat,debate
man.mat,restored,2,1,manat,ponder
man.mig,restored,2,1,mamig,mummy
man.mip,restored,2,1,mamip,mime
man.mud,restored,2,1,manor,manner
man.muk,restored,2,1,manok,motor
man.mun,restored,2,1,manun,passion
man.mun,restored,2,1,wanun,dusk
man.mut,restored,2,1,manut,occuptation
man.muz,restored,2,1,manuC,humanity
man.pad,held,2,0,waqpal,trump
man.pud,held,2,0,manpol,monopoly
man.tam,restored,2,2,want,want
man.tin,held,2,0,wantin,teen
man.xan,held,2,0,manxan,shy
man.zin,held,2,0,wanzeq,intact
map.maz,restored,2,1,wapaz,wipe
map.min,restored,2,1,mapen,mop
map.mun,restored,2,1,mapon,habitat
mas.kam,restored,2,2,mask,mask
mas.kit,held,2,0,maskit,musk
mas.maf,restored,2,1,wasaf,depict
mas.mib,restored,2,1,masib,party
mas.mid,held,2,0,masmir,nail (carpentry)
mas.mud,restored,2,1,masol,mussel
mas.mud,restored,2,1,masor,saw (tool)
mas.mud,restored,2,1,wasol,whistle
mas.mut,restored,2,1,masut,character (nature)
mas.muz,restored,2,1,masoz,territory
mas.tam,restored,2,2,mast,member
mas.tim,held,2,0,mastim,must (smell)
mat.mad,restored,2,1,matar,shower (water)
mat.mud,restored,2,1,matod,nematoda
mat.mud,restored,2,1,mator,mutter
mat.sav,held,2,0,matsav,situation
mat.xam,restored,2,2,matx,symmetry
mat.xam,restored,2,2,watx,watch
mat.xud,held,2,0,matxor,mature
mav.mat,restored,2,1,mavat,die
mav.muk,restored,2,1,mavok,maze/labyrinth
mav.mun,restored,2,1,mavon,introduction
max.kin,held,2,0,maxkin,pledge
max.min,restored,2,1,waxin,sardine
max.mut,restored,2,1,maxot,oar (boat)
max.muv,restored,2,1,maxov,feedback
maz.dig,held,2,0,mazlig,fork (utensil)
maz.dug,held,2,0,mazlog,muzzle
maz.mad,restored,2,1,mazal,luck
maz.man,restored,2,1,waCan,shore
maz.mis,restored,2,1,mazic,muze
maz.nim,restored,2,1,wazim,sock (foot)
mib.mad,restored,2,1,webar,weber (measurement)
mid.jad,held,2,0,wedjar,wager
mid.jam,restored,2,2,widj,10^45
mid.jim,held,2,0,wedjim,wage
mid.jip,held,2,0,wedjip,critical
mid.jit,held,2,0,widjet,widget
mid.jun,held,2,0,wedjun,hypocrite
mid.mad,restored,2,2,wird,weird
mid.mad,restored,2,1,midar,myriad
mid.mad,restored,2,1,mirad,revolt
mid.mad,restored,2,1,wedal,tang
mid.maj,restored,2,1,miraj,mirage
mid.mak,restored,2,1,melak,mail
mid.mak,restored,2,1,mirak,miracle
mid.man,restored,2,1,midan,media
mid.man,restored,2,1,milan,mill
mid.man,held,2,0,mirman,fraud
mid.mas,restored,2,2,widc,width
mid.mat,restored,2,2,mirt,meter
mid.mat,restored,2,1,milat,cement
mid.mig,restored,2,1,welig,weigh
mid.min,restored,2,1,miriq,merry
mid.min,restored,2,1,weliq,wail
mid.mit,restored,2,1,milit,filling
mid.mud,restored,2,1,midur,compartment
mid.mud,restored,2,1,widor,weed
mid.mun,restored,2,1,medun,median (math)
mid.mun,restored,2,1,melon,melon (vegetable)
mid.mun,restored,2,1,wilon,willow
mid.muz,restored,2,1,meduz,jellyfish
mid.vin,held,2,0,milvin,kite
mif.kad,held,2,0,mifkad,census
mif.man,restored,2,1,wifan,iff
mig.mit,restored,2,1,miget,mitigate
mig.mud,restored,2,1,migor,meager
mij.mad,restored,2,1,mejar,major
mik.mad,restored,2,1,mikar,survey
mik.mid,restored,2,1,mekir,err
mik.mid,restored,2,1,mikil,burrow
mik.nim,restored,2,1,wekim,wake
mik.sam,restored,2,2,miks,mix
mik.xud,held,2,0,mekxud,mute
mik.xud,held,2,0,mikxur,mixture
min.bim,restored,2,1,winim,ween
min.din,held,2,0,mendin,mend
min.kam,restored,2,2,miqk,who
min.kis,held,2,0,wiqkis,wink
min.mad,restored,2,1,winar,win
min.maf,restored,2,1,winaf,wean
min.mag,restored,2,1,minag,custom/traditional practice
min.mak,restored,2,1,menak,money
min.mak,restored,2,1,mimak,mimic
min.mak,restored,2,1,wenak,wane
min.man,strained,2,3,wem,warm
min.man,strained,2,3,wim,bounty
min.man,restored,2,1,minan,offering
min.mas,restored,2,1,memac,mammoth
min.mas,restored,2,1,menas,menace
min.mat,restored,2,1,menat,mane
min.mat,held,2,0,miqmat,muskox
min.mik,restored,2,1,memik,maim
min.min,restored,2,1,miniq,mean (verb)
min.mit,restored,2,1,minet,internet
min.mud,restored,2,1,minor,lamp
min.mud,restored,2,1,wimul,whim
min.muk,restored,2,1,minuk,serenity
min.mun,restored,2,1,memon,memo
min.sad,held,2,0,minsar,prism
min.sud,held,2,0,minsul,miniscule
min.tam,restored,2,2,ment,mate
min.tan,held,2,0,mintan,mint (make)
min.tin,held,2,0,menten,maintain
min.xun,held,2,0,wenxun,meek
min.zam,restored,2,2,minz,means
min.zun,held,2,0,wenzoq,sedate
mip.mad,restored,2,1,mepal,maple
mip.mik,restored,2,1,wipik,weep
mip.mut,restored,2,1,miput,minority
mis.kad,held,2,0,weskar,whisker
mis.kas,held,2,0,wiskac,whisk
mis.kuz,held,2,0,miskuz,promiscuous
mis.mad,restored,2,1,micad,method
mis.mad,restored,2,1,misal,missile
mis.mak,restored,2,1,micak,myth
mis.mat,restored,2,1,misat,protest
mis.mat,held,2,0,mismat,certificate
mis.mid,restored,2,1,mesid,stumble
mis.mis,held,2,0,mismis,apricot
mis.mit,restored,2,1,meset,emaciate
mis.mud,restored,2,1,mesor,tradition
mis.muk,restored,2,1,misok,erase
mis.pud,held,2,0,wispur,whisper
mit.fud,held,2,0,metfor,metaphor
mit.mad,restored,2,1,metar,chord (math)
mit.mad,restored,2,1,wital,whittle
mit.mak,restored,2,1,metak,tension
mit.man,restored,2,1,metan,thing about the thing (meta-)
mit.min,restored,2,1,witin,witty
mit.nis,held,2,0,witnes,witness
mit.xam,restored,2,2,wetx,which
mit.xam,restored,2,2,witx,w sound
miv.dak,held,2,0,mivrak,telegram
miv.mad,restored,2,1,wevar,waver
miv.mas,restored,2,1,wevac,waive
mix.kan,held,2,0,mixkan,ointment
mix.mak,restored,2,1,wixak,scarf
miz.daz,held,2,0,mezraz,mesmerize
miz.mad,restored,2,1,weCar,weather
miz.mad,restored,2,1,wiCar,wither
miz.mad,restored,2,1,wizal,weasel
miz.man,restored,2,1,mezan,maze
miz.nam,restored,2,1,mizam,initiative
miz.nim,restored,2,1,miCim,ticket
mub.mad,restored,2,1,mobal,mobile
mud.ban,held,2,0,wolban,buddy
mud.gaj,held,2,0,morgaj,mortgage
mud.mad,restored,2,2,mold,mold (shape)
mud.mad,restored,2,2,mord,manifold
mud.mad,restored,2,2,wold,world
mud.maf,restored,2,2,morf,morph
mud.maf,restored,2,2,wolf,wolf
mud.man,restored,2,2,wurm,worm
mud.man,restored,2,1,woraq,wary
mud.map,restored,2,2,morp,10^36
mud.mas,restored,2,2,worc,worth
mud.mat,restored,2,2,molt,vowel large O sound
mud.mib,restored,2,1,murib,suspicious
mud.min,restored,2,1,moleq,mole
mud.min,restored,2,1,woriq,worry
mud.nam,restored,2,2,morn,m sound
mud.nus,held,2,0,wornuc,warn
mud.vam,restored,2,2,morv,maybe
mud.vam,restored,2,2,worv,weave
mud.vig,held,2,0,morvig,mighty
mud.zam,restored,2,2,molz,mow (grass)
muf.mud,restored,2,1,mufol,muffle
mug.man,restored,2,1,wugan,extraneous
muk.man,restored,2,1,mukan,dumb
muk.xam,held,2,0,mokxam,fly (bug)
mun.dam,held,2,0,mundam,bald
mun.dun,held,2,0,wundun,wound
mun.man,strained,2,3,wom,well (good)
mun.man,strained,2,3,wum,swim
mun.man,strained,2,3,wum,womb
mun.min,restored,2,1,moniq,moan
mun.min,restored,2,1,mumiq,moo
mun.muk,restored,2,1,wonuk,snail
mup.sam,restored,2,2,wups,whoops
mus.kam,held,2,0,muskam,convention
mus.kit,held,2,0,moskit,mosquito
mus.mad,restored,2,1,mosad,institution
mus.mag,restored,2,1,musag,concept
mus.man,restored,2,1,musaq,aardvark
mus.mit,restored,2,1,musit,overall
mus.tam,restored,2,2,most,most (-est) (large-collection-partition-focus)
mus.tax,held,2,0,mustax,mustache
mut.mif,restored,2,1,motif,motif
mut.min,restored,2,1,mutin,mutiny
mut.miv,restored,2,1,motiv,motive
mut.mun,restored,2,1,muton,moot
mut.pik,held,2,0,motpik,peak
mut.xad,held,2,0,mutxal,mutual
mut.xam,restored,2,2,mutx,much (large-lot-focus)
mut.xam,held,2,0,wutxam,lunch
mut.xuk,held,2,0,wutxuk,vapid
muv.mun,restored,2,1,muvun,move on
mux.mak,restored,2,1,muxak,prolonged
mux.mit,restored,2,1,muxit,mush
muz.dan,held,2,0,woCran,whether
muz.dig,held,2,0,muzrig,muse
muz.mik,restored,2,1,muzik,music
muz.mud,restored,2,1,muzul,muscle
nab.din,held,2,0,nabliq,knob
nab.man,restored,2,1,naban,nub
nab.mug,restored,2,1,nabog,genius
nad.bam,restored,2,2,narb,neighbor
nad.jam,restored,2,2,nadj,knowledge
nad.mad,restored,2,1,nadad,wander
nad.mad,restored,2,1,nadar,cnidaria
nad.mak,restored,2,2,nark,any
nad.mak,restored,2,1,nadak,nod
nad.mat,restored,2,2,nart,neutron
nad.mit,restored,2,1,naret,narrate
nad.miv,restored,2,1,nadiv,generous
nad.mun,restored,2,1,naroq,narrow
nad.mut,restored,2,1,nadot,banish
nad.vam,restored,2,2,narv,river
nad.zam,restored,2,2,nalz,analyse
naf.mak,restored,2,1,nafak,capacity
nag.mak,restored,2,1,nagak,goad
nag.min,restored,2,1,nagin,eel
nag.mud,restored,2,1,nagud,contrast
nag.mun,restored,2,1,nagon,melody
naj.mat,restored,2,1,najat,nauseate
nak.mad,restored,2,1,nakal,palm tree
nak.mik,restored,2,1,nakik,crevice
nak.mud,restored,2,1,nakul,cervidae
nak.sud,held,2,0,naksur,knock out
nam.dan,held,2,0,namraq,humble
nam.nad,restored,2,2,nand,nand
nam.nad,restored,2,1,namal,port
nam.nam,strained,2,3,nan,negate
nam.naz,restored,2,2,nanz,noise
nam.nit,held,2,0,namnet,nominate
nam.pam,restored,2,2,namp,magnet
nap.mad,restored,2,1,napar,nap
nap.mik,restored,2,1,napek,inflate
nap.mut,restored,2,1,napot,sift
nap.tas,held,2,0,naptas,neptune
nas.mid,restored,2,1,nasir,ally
nas.mig,restored,2,1,nasig,retreat
nas.mut,restored,2,1,nasot,attempt
nas.tik,held,2,0,nastik,skeptic
nas.tin,held,2,0,nastin,nasty
nat.man,restored,2,1,natan,gnat
nat.maz,restored,2,2,natz,glory
nat.mid,restored,2,1,natir,monitor
nat.min,restored,2,1,natiq,knight
nat.nim,restored,2,1,natim,parallax
nat.sik,held,2,0,natsik,phocidae (seal animal)
nat.xam,restored,2,2,natx,n sound
nat.xav,held,2,0,natxav,notch
nav.git,held,2,0,navget,navigate
nav.muk,restored,2,1,navuk,prophesy
nax.maf,restored,2,1,naxaf,breeze
nax.nad,held,2,0,naxnal,national
nib.mud,restored,2,1,nebul,nebula
nid.mad,restored,2,1,nelar,document
nid.mid,restored,2,1,nedir,vow
nid.min,restored,2,1,neliq,neigh
nid.mit,restored,2,1,nilet,annihilate
nid.mud,restored,2,1,nidol,needle
nid.mud,restored,2,1,nilod,neon
nid.nam,restored,2,1,nilam,restraint
nid.van,held,2,0,nirvan,extinguish
nid.vus,held,2,0,nirvos,nervous
nif.mid,restored,2,1,nefil,tumble
nig.mif,restored,2,1,negif,virus
nig.mux,restored,2,1,negox,negotiate
nij.mak,restored,2,1,nijak,specific
nik.mad,restored,2,1,nekad,naked
nik.mud,restored,2,1,nekud,dot
nik.nam,restored,2,1,nekam,revenge
nik.nas,held,2,0,niknas,enter a state
nik.num,held,2,0,niknum,nickname
nik.sam,restored,2,2,neks,10^27
nim.nam,strained,2,3,niq,omniscient
nim.nuk,restored,2,1,nimuk,justification
nis.mad,restored,2,1,nesal,nestle
nis.mag,restored,2,1,nesag,steer
nis.man,restored,2,1,nisan,necessary
nis.mig,restored,2,1,nisig,recession
nit.mak,restored,2,1,nitak,chunk
nit.muk,restored,2,1,nituk,severing
niv.mad,restored,2,1,neval,navel
niv.mad,restored,2,1,nival,harp
niv.nim,restored,2,1,nivim,prophecy
nix.man,restored,2,1,nexan,nation
nix.min,restored,2,1,nixin,herring (fish)
niz.dan,held,2,0,qizlan,quiz
niz.mak,restored,2,1,nizak,damage
nub.mud,restored,2,1,nubol,nibble
nud.jip,held,2,0,nudjip,nude
nud.mad,restored,2,2,nord,order
nud.mad,held,2,0,normal,normal
nud.maf,restored,2,2,nurf,vowel large U sound
nud.mak,restored,2,2,nork,nor
nud.man,restored,2,2,norm,normal (math)
nud.mas,restored,2,2,norc,north
nud.mas,restored,2,2,nors,having some aspects of (-ish)
nud.max,restored,2,2,norx,nourish
nud.nam,restored,2,2,norn,knee
nud.vam,restored,2,2,nurv,nerve
nuk.man,restored,2,1,nukan,nick
nuk.mis,restored,2,1,nukis,nut
num.ban,restored,2,1,numan,numb
num.din,held,2,0,nomliq,anomaly
num.nak,restored,2,2,nuqk,bear (animal)
num.nam,strained,2,3,non,not (un- or -im)
num.nam,strained,2,3,nuq,bond
nus.mad,restored,2,1,nosal,proceed
nus.mip,restored,2,1,nosep,passenger
nus.tam,restored,2,2,nust,embed
nut.fak,held,2,0,notfak,notify
nut.man,restored,2,1,nutan,newton (force)
nut.mis,restored,2,1,notis,notice
nut.mit,restored,2,1,notet,annotate
nuv.mad,restored,2,1,noval,novel
nuv.mak,restored,2,1,novak,realize
nuz.mud,restored,2,1,nuzol,nuzzle
nuz.mud,restored,2,1,nuzul,lodge
pad.jam,restored,2,2,padj,edge
pad.mab,restored,2,2,prab,probable
pad.mab,restored,2,1,parab,parable
pad.mad,restored,2,2,pard,pod
pad.mad,restored,2,2,plar,play
pad.maf,restored,2,1,palaf,tame
pad.mag,restored,2,2,prag,pig
pad.mag,restored,2,1,parag,poppy
pad.mak,restored,2,2,park,park (car)
pad.mak,restored,2,2,plak,pluck
pad.man,restored,2,2,plan,plan
pad.man,restored,2,1,palan,pollen
pad.man,restored,2,1,palaq,nifty
pad.man,held,2,0,padman,lotus
pad.map,restored,2,2,parp,perpendicular
pad.map,restored,2,2,plap,glottal stop
pad.mas,restored,2,2,plas,compassion
pad.mas,restored,2,2,pras,press (force)
pad.mat,restored,2,2,part,part
pad.mat,restored,2,2,prat,apart
pad.mat,restored,2,1,padat,topple
pad.mat,restored,2,1,palat,pilot
pad.mat,restored,2,1,parat,pirate
pad.mav,restored,2,1,parav,involve
pad.max,restored,2,2,plax,accomplish
pad.max,restored,2,2,prax,ash
pad.max,restored,2,1,parax,perish
pad.maz,restored,2,2,praz,prize
pad.mig,restored,2,2,pleg,plague
pad.mik,restored,2,2,plek,their
pad.mik,restored,2,2,prik,opaque
pad.min,restored,2,2,plen,plane (geometry)
pad.min,restored,2,2,plin,discipline
pad.mip,restored,2,2,plep,plop
pad.mis,restored,2,2,pres,pressure
pad.mit,restored,2,2,plet,plate
pad.mit,held,2,0,parmit,permit
pad.mix,restored,2,2,prex,precious
pad.mix,restored,2,1,palix,polish
pad.miz,restored,2,2,pliz,please
pad.mud,restored,2,2,plod,implode
pad.mud,restored,2,2,plud,pound (measure)
pad.mud,restored,2,1,padol,puddle
pad.mud,restored,2,1,palor,power
pad.mud,held,2,0,palmor,froth
pad.muk,restored,2,2,pruk,pick
pad.mun,restored,2,2,plon,pion
pad.mun,restored,2,1,palon,hostile
pad.mup,restored,2,2,plup,poop
pad.mut,restored,2,2,prot,proton
pad.mut,restored,2,1,padot,simmer
pad.muv,restored,2,2,pruv,prove
pad.muz,restored,2,2,proz,for/purpose
pad.nam,restored,2,2,parn,purr
pad.nam,restored,2,2,pram,primordial
pad.nim,restored,2,2,prim,prime (primative)
pad.num,restored,2,1,parom,pile
pad.vam,held,2,0,parvam,perform
pad.van,held,2,0,parvan,fur
pad.vat,held,2,0,parvat,rugged
pad.zam,restored,2,2,parz,p sound
pag.muv,restored,2,1,pagov,seduce
paj.mut,restored,2,1,pajot,pit
pak.mad,restored,2,1,pakal,digest
pak.mav,restored,2,1,pakav,prevent
pak.mid,restored,2,1,pakid,official
pak.mid,restored,2,1,pakil,confiscate
pak.mit,restored,2,1,paket,packet
pak.mit,restored,2,1,pakit,pocket
pak.mud,restored,2,1,pakor,displace
pak.muf,restored,2,1,pakof,overtake
pak.nim,restored,2,1,pakim,drift
pak.xud,held,2,0,pakxur,puncture
pam.bin,restored,2,1,pamen,coach
pam.bud,restored,2,1,pabol,pebble
pam.bun,restored,2,1,pamon,bell
pam.nud,restored,2,1,pamol,pummel
pam.pan,restored,2,1,papan,vicious
pam.pas,held,2,0,pampas,pomp
pam.pat,restored,2,1,papat,pipe
pam.pim,held,2,0,pampem,dim
pam.pud,held,2,0,pampor,pamper
pam.pun,held,2,0,pampon,pump
pan.dam,restored,2,2,pand,upon
pan.dam,held,2,0,pandam,pendulum
pan.duz,held,2,0,pandoz,pond
pan.kam,restored,2,2,paqk,punk
pan.mak,restored,2,1,panak,pine
pan.man,restored,2,1,panan,companion
pan.man,restored,2,1,panaq,paw
pan.mas,restored,2,1,panas,torch
pan.min,restored,2,1,panin,pearl
pan.mis,restored,2,1,panis,penis
pan.mit,restored,2,1,panit,delight
pan.mix,restored,2,1,panix,punish
pan.mud,restored,2,1,panol,panel
pan.mut,restored,2,1,panot,torment
pan.sid,held,2,0,pancir,panther
pan.sud,held,2,0,pansul,peninsula
pan.tim,held,2,0,pantim,pint
pan.xam,held,2,0,panxam,pan (move)
pas.kad,held,2,0,paskal,pascal (measurement)
pas.kun,held,2,0,paskon,period (mark)
pas.mad,restored,2,1,pacar,prefer
pas.mad,restored,2,1,pasal,idol
pas.mad,restored,2,1,pasar,sparrow
pas.maj,restored,2,1,pasaj,passage
pas.mud,restored,2,1,pasor,ban
pas.mud,restored,2,1,pasur,prowl
pat.mas,restored,2,1,patas,pout
pat.mat,restored,2,1,patat,soar
pat.mix,restored,2,1,patix,hammer
pat.mud,restored,2,1,pator,encircle
pat.muf,restored,2,1,patof,envelop
pat.mux,restored,2,1,patox,pot
pat.xam,restored,2,2,patx,patch
pav.mit,restored,2,1,pavit,distort
pax.mad,restored,2,1,paxar,confirm
pax.mip,restored,2,1,paxip,posh
paz.min,restored,2,1,paziq,pause
pid.jun,held,2,0,pidjon,pigeon
pid.mad,restored,2,1,pirad,period
pid.mas,restored,2,2,pirs,role/as
pid.mas,restored,2,1,pilac,peel
pid.mat,restored,2,1,pilat,blame
pid.mid,restored,2,1,pedir,herd
pid.muz,restored,2,1,piroz,pack
pig.das,held,2,0,pegrac,peg
pig.mud,restored,2,1,pigur,lag
pig.num,restored,2,1,pigum,scaffolding
pik.min,restored,2,1,pekiq,peck
pik.xad,held,2,0,pikxar,picture
pim.nuz,restored,2,1,pimoz,pea (vegetable)
pim.pad,restored,2,1,pipar,peep
pim.pam,strained,2,3,pip,individual
pim.pin,restored,2,1,pipin,pee
pin.daz,held,2,0,pinlaz,penalize
pin.kum,held,2,0,peqkum,pay back
pin.mad,restored,2,1,pinar,pin
pin.mus,restored,2,1,pinus,pine (tree)
pin.mut,restored,2,1,pinut,peanut
pin.tam,restored,2,2,pent,paint
pin.tas,held,2,0,pentas,pant
pin.tin,held,2,0,pentiq,penalty
pis.mik,restored,2,1,pisek,interval
pis.min,restored,2,1,pisin,piss
pis.mud,restored,2,1,pesod,fan (person)
pis.tam,restored,2,2,pest,paste
pit.mad,restored,2,1,petal,petal (flower)
pit.man,held,2,0,pitman,nipple
pit.maz,held,2,0,pitmaz,epitomize
pit.mud,restored,2,1,petol,toll
pit.mud,restored,2,1,petor,patter
pit.mud,restored,2,1,pitul,twist
pit.put,held,2,0,pitput,chatter
pit.xam,restored,2,2,pitx,pitch (sound)
piv.dam,held,2,0,pevram,pave
piz.min,restored,2,1,pizen,rash
piz.min,restored,2,1,pizin,pie
piz.mun,held,2,0,pizmon,chorus
pud.jam,restored,2,2,podj,purge
pud.jup,held,2,0,podjup,rundown
pud.jut,held,2,0,podjut,shabby
pud.mad,restored,2,1,podal,ramp
pud.mad,restored,2,1,polar,polar
pud.maf,restored,2,2,porf,puff
pud.mak,restored,2,2,pork,per
pud.man,restored,2,1,poraq,pore
pud.man,restored,2,1,pulan,pool
pud.mat,restored,2,2,port,important
pud.mip,restored,2,1,polip,poll
pud.mis,restored,2,1,polis,police
pud.mit,restored,2,1,porit,pour
pud.nag,held,2,0,pornag,porn
pud.nim,restored,2,1,polem,poem
pud.niv,held,2,0,pulnev,pull off
pud.vid,held,2,0,purved,pervade
puf.man,restored,2,1,pufan,poof
pug.zam,restored,2,2,pogz,10^5
puk.mit,restored,2,1,poket,poke
pum.nag,restored,2,1,pumag,pumice
pum.pam,strained,2,3,pop,property (of object)
pus.mat,restored,2,1,pusat,pus
pus.tam,restored,2,2,post,post (content)
pus.tun,held,2,0,puston,thump
put.xam,restored,2,2,potx,pi
put.xiv,held,2,0,potxiv,poach
pux.nam,restored,2,1,poxam,potion
puz.mad,restored,2,1,pozar,pose
sab.dag,held,2,0,sabrag,sob
sab.div,held,2,0,sabdiv,subdivide
sab.mat,restored,2,1,sabat,mackerel
sab.mid,restored,2,1,sabir,patient
sab.mis,held,2,0,sabmis,submissive
sab.mit,restored,2,1,sabit,swab
sab.mun,restored,2,1,sabon,soap
sab.nam,restored,2,1,sabam,polite
sab.zum,held,2,0,sabzum,subsume
sad.jad,held,2,0,sadjad,bow down in respect
sad.jam,restored,2,2,sadj,beside
sad.jam,held,2,0,sadjam,equipment
sad.mad,restored,2,2,cral,hill
sad.mad,restored,2,2,sard,side
sad.mad,restored,2,2,sarl,swirl
sad.mad,restored,2,2,slad,slide
sad.mad,restored,2,1,sadal,saddle
sad.mag,restored,2,2,slag,slug (animal)
sad.mak,restored,2,2,crak,10^33
sad.mak,restored,2,2,salk,circle
sad.mak,restored,2,2,sark,discern
sad.man,restored,2,1,caraq,plenty
sad.man,restored,2,1,sadan,sudden
sad.map,restored,2,2,slap,slop
sad.mas,restored,2,2,sals,celsius
sad.mas,restored,2,2,slas,faint (light)
sad.mas,restored,2,1,saras,potent
sad.mat,restored,2,2,sart,certain
sad.mat,restored,2,2,slat,10^9
sad.mav,restored,2,2,crav,thrive
sad.max,restored,2,2,slax,slash
sad.maz,restored,2,1,caraz,arise
sad.mid,restored,2,2,slid,swing
sad.mid,restored,2,1,sadir,tidy
sad.mig,restored,2,1,salig,swell
sad.min,restored,2,1,salin,silly
sad.min,restored,2,1,sariq,sorry
sad.mip,restored,2,2,slip,sleep
sad.mit,restored,2,2,crit,threat
sad.mit,restored,2,2,slet,slight
sad.mit,restored,2,1,salet,insulate
sad.mit,restored,2,1,sarit,tape
sad.mix,restored,2,2,slix,wish
sad.miz,restored,2,2,sliC,therefore
sad.miz,restored,2,2,sriz,series
sad.mud,restored,2,2,slur,my
sad.mug,restored,2,2,crug,amphibian
sad.mug,restored,2,2,slog,slug
sad.muk,restored,2,2,slok,weak
sad.mun,restored,2,2,cron,south
sad.mun,restored,2,2,slun,soon
sad.mun,restored,2,1,saloq,swallow
sad.mup,restored,2,2,crop,c sound
sad.mup,restored,2,2,slop,slope
sad.mup,restored,2,2,slup,swoop
sad.mus,restored,2,2,cros,art
sad.mus,restored,2,1,salos,cellulose
sad.mut,restored,2,2,crut,puzzle
sad.nam,restored,2,2,carn,ion
sad.nam,restored,2,1,caram,revolution (society)
sad.nid,held,2,0,sarned,serenade
sad.nim,restored,2,2,slim,submit
sad.num,restored,2,2,crum,through/tunnel
sad.num,restored,2,2,slom,slow
sad.van,held,2,0,sarvan,entire
sad.vix,held,2,0,salvex,salvation
sad.vum,held,2,0,sarvom,swerve
sad.zam,restored,2,2,sarz,feature
saf.kit,held,2,0,safket,suffocate
saf.mad,restored,2,1,safar,sapphire
saf.mid,restored,2,2,sfir,sphere
saf.mix,restored,2,1,safix,sufficient
saf.tam,restored,2,2,saft,soft
sag.maf,restored,2,1,cagaf,culture (society)
sag.man,restored,2,1,cagan,thug
sag.mit,restored,2,1,saget,segregate
sag.mud,restored,2,1,cagur,naughty
sak.mad,restored,2,2,skal,scale
sak.mad,restored,2,2,skar,square
sak.mad,restored,2,1,cakal,heckle
sak.map,restored,2,2,skap,skip
sak.max,restored,2,2,skax,squash
sak.mid,restored,2,2,skil,skill
sak.mik,restored,2,1,sakik,psychic
sak.min,restored,2,2,skin,skin
sak.min,restored,2,1,sakin,blade
sak.mip,restored,2,2,skep,scape (scenery)
sak.mit,restored,2,2,skit,sweet
sak.mit,restored,2,1,saket,socket
sak.mud,restored,2,2,skor,score
sak.mud,restored,2,2,skul,school
sak.mud,restored,2,2,skur,scare
sak.mud,restored,2,1,sakul,succulent
sak.muj,restored,2,1,sakoj,psychology
sak.mun,restored,2,2,skoq,cease
sak.mun,restored,2,2,skun,skew
sak.mun,restored,2,1,sakon,sack
sak.mup,restored,2,2,skup,scoop
sak.mut,restored,2,2,skut,difficult
sak.muz,restored,2,2,skuz,excuse
sak.nim,restored,2,2,skim,minimum
sak.num,restored,2,2,skum,scheme
sak.sid,held,2,0,saksid,succeed (come next)
sak.sin,held,2,0,saksin,spectate
sam.bin,restored,2,2,smin,meson
sam.bun,restored,2,1,samon,summon
sam.din,held,2,0,samriq,summary
sam.nad,restored,2,2,smal,small
sam.nax,restored,2,2,smax,smash
sam.nid,restored,2,2,smil,smell
sam.nid,restored,2,1,camil,drunk
sam.nik,restored,2,2,smek,smack
sam.nud,restored,2,2,smul,smile
sam.nud,restored,2,1,samor,summer
sam.nuk,restored,2,2,smok,smoke
sam.pam,restored,2,2,samp,sentence (text)
sam.put,held,2,0,camput,impute
sam.sad,restored,2,1,casal,assail
sam.sad,held,2,0,samsar,course
sam.sam,strained,2,3,sas,parent
sam.sib,restored,2,1,sasib,associate
sam.tan,held,2,0,samtan,wholesome
sam.zam,strained,2,3,saz,emphasize
sam.zan,restored,2,1,sazan,size
san.bum,restored,2,2,snom,snow
san.dam,restored,2,2,sand,sand
san.dik,held,2,0,sanrik,sign up
san.diz,held,2,0,canlez,analyze
san.kam,restored,2,2,saqk,sign
san.kat,held,2,0,saqkat,suspect
san.mad,restored,2,2,snar,snare (drum)
san.map,restored,2,2,snap,snap
san.mif,restored,2,2,snif,sniff
san.mik,restored,2,2,snik,sneak
san.mix,held,2,0,canmex,enmesh
san.mud,restored,2,2,snor,s sound
san.muv,restored,2,1,sanov,swallow (bird)
san.siv,held,2,0,sansiv,sensitive
san.tig,held,2,0,santig,scent
san.zan,held,2,0,sanzaq,bulk
sap.mad,restored,2,1,sapar,barber
sap.mak,restored,2,2,spak,spike
sap.mak,restored,2,1,sapak,supplier
sap.man,restored,2,2,span,spine
sap.mas,restored,2,2,spas,spice
sap.maz,held,2,0,capmaz,optimize
sap.mik,restored,2,2,spek,respect
sap.mik,restored,2,2,spik,speak
sap.min,restored,2,2,spin,spin
sap.mit,restored,2,2,spit,spit
sap.mud,restored,2,1,sapud,meal
sap.muk,restored,2,2,spok,spoke (wheel)
sap.muz,restored,2,1,sapoz,suppose
sat.mab,restored,2,2,stab,stab
sat.mad,restored,2,2,stal,stall
sat.mad,restored,2,2,star,star
sat.maf,restored,2,2,staf,stuff
sat.mat,restored,2,2,stat,stat
sat.maz,held,2,0,catmaz,itemize
sat.mid,restored,2,2,stil,still (motion)
sat.mif,restored,2,2,stef,safe
sat.mik,restored,2,2,stek,mistake
sat.mik,restored,2,2,stik,stick (plant)
sat.mik,restored,2,1,catik,apathy
sat.min,restored,2,2,sten,stain
sat.mit,restored,2,2,stet,status
sat.mit,held,2,0,catmet,automate
sat.miv,restored,2,2,stev,stay
sat.mud,restored,2,2,stud,sad
sat.mud,restored,2,1,satol,subtle
sat.muj,restored,2,2,stoj,storage
sat.muk,restored,2,2,stok,stomach
sat.mun,restored,2,2,ston,stone
sat.mun,restored,2,1,catun,atone
sat.mup,restored,2,2,stup,stupid
sat.nam,restored,2,1,satam,sincere
sat.nim,restored,2,2,stim,steam
sat.num,restored,2,2,stom,install
sat.xad,held,2,0,catxar,chair
sat.xam,restored,2,2,satx,such
sav.mad,restored,2,1,caval,avow
sav.man,restored,2,1,savan,savanna
sav.mas,restored,2,2,svas,sigh
sav.mik,restored,2,2,svik,knife
sav.mud,restored,2,2,svur,very
sib.man,restored,2,1,seban,say
sib.muk,restored,2,1,sibuk,complication
sid.jam,restored,2,2,sedj,sage (person)
sid.jan,held,2,0,sidjan,obsidian
sid.jun,held,2,0,sedjun,sage (plant)
sid.mab,restored,2,1,silab,garment
sid.mad,restored,2,1,sedar,cedar
sid.mad,restored,2,1,siral,cereal
sid.mak,restored,2,1,silak,select
sid.man,restored,2,1,silan,seal (connect)
sid.mas,restored,2,1,sidas,insidious
sid.mik,restored,2,1,sidik,astringent
sid.mik,restored,2,1,silek,torn
sid.min,restored,2,1,siliq,ceiling
sid.min,restored,2,1,siren,axle
sid.mit,restored,2,1,cilet,elate
sid.mit,restored,2,1,silit,silhouette
sid.miz,restored,2,1,sileC,seal
sid.mup,restored,2,1,sirup,syrup
sid.mut,restored,2,1,silut,nightmare
sid.mut,restored,2,1,sirut,rent
sid.muz,restored,2,1,siroz,sear
sid.nam,restored,2,1,ciram,theorem
sif.mud,restored,2,1,cefur,stench
sif.nik,held,2,0,sifnik,symphony
sig.duz,held,2,0,sigroC,cigarette
sik.mad,restored,2,1,sikad,cicada
sik.mit,restored,2,1,ciket,equate
sik.mut,restored,2,1,sekut,execute
sik.muv,restored,2,1,sikuv,refusal
sik.nam,restored,2,1,cikam,rely
sik.xam,held,2,0,sekxam,section
sim.bad,held,2,0,sembal,resemble
sim.ban,restored,2,1,seman,partial (semi-)
sim.ban,restored,2,1,simaq,seem
sim.bun,restored,2,1,simun,indicate
sim.bus,held,2,0,simbos,symbiosis
sim.dak,held,2,0,cimrak,theme
sim.nad,held,2,0,semnar,seminar
sim.sad,restored,2,1,cisal,thistle
sim.sak,restored,2,1,sisak,sex
sim.sim,restored,2,1,sisim,fraction
sim.sin,restored,2,1,sisen,easy-going
sim.suk,restored,2,1,sisuk,conflict
sim.tin,held,2,0,simten,simultaenous
sim.zad,restored,2,1,sizal,sizzle
sim.zam,strained,2,3,seC,etc.
sim.zam,strained,2,3,sez,sir
sim.zam,strained,2,3,siC,hush
sim.zam,strained,2,3,siz,peace
sim.zan,restored,2,1,siCan,page
sim.zan,restored,2,1,sizan,season (period)
sim.zig,restored,2,1,siCig,seethe
sim.zud,restored,2,1,sizol,fringe
sin.kam,restored,2,2,ciqk,think
sin.kam,restored,2,2,siqk,sink (down)
sin.kit,held,2,0,siqket,syncopate
sin.map,restored,2,1,cinap,inept
sin.mat,restored,2,1,senat,senate
sin.mid,restored,2,1,senir,sane
sin.mit,restored,2,1,sinet,insinuate
sin.mud,restored,2,1,sinor,senior
sin.sam,restored,2,2,sinc,synthetic
sin.tam,restored,2,2,sent,saint
sin.tan,held,2,0,cintan,thin
sin.xud,held,2,0,senxur,censure
sin.zam,restored,2,2,senz,essence
sip.mad,restored,2,1,sipar,sweep
sip.man,restored,2,1,sipan,sip
sip.mud,restored,2,1,sipur,tale
sip.mun,restored,2,1,sipun,deck
sit.mad,restored,2,1,citar,theater
sit.mad,restored,2,1,setar,satire
sit.mad,restored,2,1,sitar,city
sit.mak,restored,2,1,cetak,pathetic
sit.mas,restored,2,1,setas,cetacea
sit.mid,restored,2,1,sitir,slack
sit.min,restored,2,1,setiq,setting
sit.sam,restored,2,2,cets,mole (measurement)
sit.xam,restored,2,2,sitx,second (time)
sit.xit,held,2,0,sitxet,situate
siv.mad,restored,2,1,seval,civil
siv.mad,restored,2,1,sivar,hypothesis
siv.mud,restored,2,1,sevor,savor
siv.nam,restored,2,1,sivam,service
six.mit,restored,2,1,sixet,satiate
sud.bam,restored,2,2,corb,distance (tele-)
sud.gam,restored,2,2,sorg,recent
sud.git,held,2,0,surget,surrogate
sud.jid,held,2,0,sudjil,stochastic
sud.mad,restored,2,2,sold,solid
sud.mad,restored,2,1,codal,dye
sud.maf,restored,2,2,sorf,surface
sud.mak,restored,2,1,sodak,soda
sud.man,restored,2,2,sorm,some
sud.man,restored,2,1,solan,swollen
sud.man,restored,2,1,soran,sour
sud.map,restored,2,2,solp,swap
sud.mat,restored,2,1,corat,revolution
sud.maz,held,2,0,surmaz,surmise
sud.min,restored,2,1,suliq,sew
sud.mun,restored,2,1,sudon,somewhat (pseudo-)
sud.nam,restored,2,2,corn,british o vowel sound
sud.nam,held,2,0,cornam,thorn
sug.dam,held,2,0,cugram,gap
sug.nam,restored,2,1,sugam,convenient
suk.mud,restored,2,1,sokur,soak
sum.dan,held,2,0,sumran,sum (addition)
sum.sad,restored,2,1,susad,suicide
sum.zad,restored,2,1,suCal,weld
sum.zam,strained,2,3,soz,also
sum.zam,strained,2,3,suC,three
sum.zin,restored,2,1,suCiq,sooth
sum.zuk,restored,2,1,suzuk,bass (fish)
sun.bam,restored,2,1,sonam,soy
sun.man,restored,2,1,sunan,blank
sun.mit,restored,2,1,sunit,neat
sup.maz,held,2,0,supmaz,supervise
sut.man,restored,2,1,cotaq,rush
sut.mas,restored,2,1,sutas,soot
sut.xam,restored,2,2,cutx,tooth
sut.xam,restored,2,2,sutx,set (math)
sut.xat,held,2,0,sotxat,gleam
suv.duk,held,2,0,covluk,overlook
suv.mit,restored,2,1,covit,overheat
sux.mad,restored,2,1,soxal,social
sux.mav,restored,2,1,suxav,dear
tab.mid,restored,2,1,tabil,spice (action)
tab.mis,restored,2,1,tabic,gazelle
taf.kid,held,2,0,tafkid,duty
tag.mad,restored,2,1,tagal,toggle
tag.mid,restored,2,1,tagid,corporation
tag.min,restored,2,1,tagen,fry
tag.mud,held,2,0,tagmul,compensation
tag.muv,restored,2,1,taguv,comment
tag.naz,held,2,0,tagnaz,antagonize
tak.man,restored,2,1,takan,tack
tak.mid,restored,2,1,takir,investigate
tak.min,restored,2,1,takin,correct
tak.mit,restored,2,1,taket,tact
tak.mit,restored,2,1,takit,aim
tak.mud,restored,2,1,takol,tackle
tak.mun,restored,2,1,takon,octopus
tak.nud,held,2,0,taknol,technology
tak.xat,held,2,0,takxat,chisel
tam.ban,restored,2,1,taman,price
tam.dab,restored,2,2,trab,tribe
tam.dag,restored,2,2,trag,10^42
tam.dak,restored,2,2,trak,track (path)
tam.dam,strained,2,3,tad,tail
tam.dam,strained,2,3,tal,tell
tam.dam,strained,2,3,tar,tire (sleep)
tam.dan,restored,2,2,tarn,10^39
tam.dan,restored,2,2,traq,triangle
tam.dan,restored,2,1,talaq,talent
tam.dap,restored,2,2,tarp,topology
tam.dap,restored,2,2,trap,trap
tam.das,restored,2,2,tals,tall
tam.das,restored,2,2,tras,torus
tam.daz,restored,2,2,tarz,reptile
tam.dij,restored,2,2,trij,treasure
tam.dik,restored,2,2,trik,trick
tam.din,restored,2,2,trin,neutrino
tam.din,restored,2,1,talin,tally
tam.dis,restored,2,2,tres,trace
tam.dis,restored,2,2,tris,interest
tam.diz,restored,2,1,taliC,spell (charm)
tam.duk,restored,2,1,taluk,chin
tam.dum,restored,2,2,trom,spectrum
tam.dun,restored,2,1,talon,towel
tam.nad,restored,2,1,tamar,date (fruit)
tam.nit,held,2,0,tamnet,contaminate
tam.pam,restored,2,2,tamp,temperature
tam.pan,held,2,0,tampan,tampon
tam.pud,held,2,0,tampor,tamper
tam.tam,strained,2,3,tat,sibling
tam.tax,restored,2,2,tatx,touch
tan.big,held,2,0,tanbig,transduction
tan.dum,held,2,0,tanlum,turbulent
tan.gup,held,2,0,taqgop,adopt
tan.kam,restored,2,2,taqk,toy
tan.mad,restored,2,1,tanal,tunnel
tan.min,held,2,0,tanmin,sweet (emotion)
tan.mit,restored,2,1,tanit,tiny
tan.mub,restored,2,1,tanub,fir (tree)
tan.sud,held,2,0,tansor,tensor
tan.tij,held,2,0,tantij,taunt
tan.tin,held,2,0,tantiq,snoop
tan.tum,held,2,0,tantum,wire
tan.xan,held,2,0,tanxan,attention
tan.xin,held,2,0,tanxiq,elastic
tan.zik,held,2,0,tanzik,blanket
tan.zin,held,2,0,tanzen,naive
tap.mik,restored,2,1,tapik,topic
tap.nim,restored,2,1,tapem,coordinate (action)
tas.kid,held,2,0,taskil,frustrate
tas.mad,restored,2,1,tasal,tassel
tas.maj,restored,2,1,tasaj,toss
tas.man,held,2,0,tasman,testament
tas.mik,restored,2,1,tasik,lake
tas.min,held,2,0,tasmin,symptom
tas.mit,restored,2,1,tasit,tacit
tas.nim,restored,2,1,tasim,delineate
tav.dup,held,2,0,tavrup,sanitation
tav.mut,restored,2,1,tavut,tuck
tax.mad,restored,2,2,txal,shell
tax.mak,restored,2,2,txak,check
tax.map,restored,2,2,txap,chip
tax.maz,restored,2,2,txaz,100
tax.mid,restored,2,2,txir,cheer
tax.min,restored,2,2,txeq,q sound
tax.min,restored,2,2,txin,teen
tax.mis,restored,2,2,txes,chase
tax.mit,restored,2,2,txet,shit
tax.mud,restored,2,2,txor,saturate
tax.mud,restored,2,2,txul,actual
tax.mun,restored,2,2,txun,sneeze
tax.mut,restored,2,2,txot,loose
tax.mut,restored,2,2,txut,chew
tax.muz,restored,2,2,txuz,choose
tax.num,restored,2,2,txum,tissue
taz.mad,restored,2,1,taCar,apologize
tif.mid,restored,2,1,tefir,stitch
tif.tuf,held,2,0,tiftuf,trickle
tig.dis,held,2,0,tigris,tiger
tig.mak,restored,2,1,tegak,dare
tik.mad,restored,2,1,tikal,tickle
tik.man,restored,2,1,tekan,standard
tik.mis,restored,2,1,tekes,ceremony
tik.mud,restored,2,1,tikol,tweak
tik.nik,held,2,0,teknik,technique
tik.niv,held,2,0,teknev,take off
tik.tak,held,2,0,tiktak,tick (sound)
tim.bin,restored,2,1,timiq,teem
tim.daf,restored,2,1,tiraf,prey
tim.dam,strained,2,3,tir,TRUE
tim.dan,restored,2,2,tirn,tour
tim.das,restored,2,1,tidas,tedious
tim.daz,restored,2,1,tiraz,tear (cry)
tim.din,restored,2,1,tiriq,tea
tim.duk,restored,2,1,tirok,slam
tim.dum,restored,2,1,telom,abyss
tim.dun,restored,2,1,telun,rail (track)
tim.dun,restored,2,1,tiron,noob
tim.nad,restored,2,1,timad,timid
tim.pud,held,2,0,tempur,temper
tim.pun,held,2,0,tempon,tempo
tim.tam,strained,2,3,tet,signal
tim.tax,restored,2,2,titx,teach
tin.das,held,2,0,tendas,tend (to tend to)
tin.gud,held,2,0,teqgol,tangle
tin.kad,held,2,0,tiqkal,twinkle
tin.kit,held,2,0,teqket,tank (do bad)
tin.mat,restored,2,1,tinat,twin
tin.mat,held,2,0,tinmat,tin
tin.tis,held,2,0,tintec,tint
tin.tun,held,2,0,teqtoq,ache
tin.xad,held,2,0,tenxal,potential
tip.mud,restored,2,1,tepur,taper
tip.mun,restored,2,1,tipun,case (law)
tis.mad,restored,2,1,tesal,tessellation
tis.man,restored,2,1,tesan,fig
tis.tam,restored,2,2,test,taste
tiz.mud,restored,2,1,teCur,tether
tiz.mud,restored,2,1,tizor,tease
tuf.man,restored,2,1,tufan,tuff (rock)
tuf.mif,restored,2,1,tofif,tap
tug.mak,restored,2,1,tugak,ivory
tuk.sam,restored,2,2,toks,easy
tuk.sud,held,2,0,tuksul,flinch
tuk.sud,held,2,0,tuksul,flinch
tuk.sud,held,2,0,tuksul,flinch
tuk.tuk,held,2,0,tuktuk,caribou
tuk.tuk,held,2,0,tuktuk,caribou
tuk.tuk,held,2,0,tuktuk,caribou
tum.dam,strained,2,3,tod,term
tum.dam,strained,2,3,tor,before
tum.dam,strained,2,3,tul,tool
tum.dam,strained,2,3,tur,turf
tum.dan,restored,2,2,torn,turn
tum.dap,restored,2,2,torp,interpolate
tum.dun,restored,2,1,tudoq,nudge
tum.tax,restored,2,2,totx,attach
tun.dan,held,2,0,toqlaq,flux
tun.dan,held,2,0,toqlaq,flux
tun.dan,held,2,0,toqlaq,flux
tun.kut,held,2,0,toqkut,anguish
tun.kut,held,2,0,toqkut,anguish
tun.kut,held,2,0,toqkut,anguish
tun.mad,restored,2,1,tonar,tow
tun.xin,held,2,0,toqxin,correspond
tun.xin,held,2,0,toqxin,correspond
tun.xin,held,2,0,toqxin,correspond
tus.mik,restored,2,1,tusik,plover (bird)
tus.niv,held,2,0,tucnev,set off
tus.niv,held,2,0,tucnev,set off
tus.niv,held,2,0,tucnev,set off
vad.bad,held,2,0,valbal,confuse
vad.maj,restored,2,2,vraj,average
vad.mak,restored,2,2,vark,syllable
vad.man,restored,2,2,varm,vomit
vad.mat,restored,2,1,varat,variety
vad.max,restored,2,1,valax,embarrass
vad.mib,restored,2,1,valeb,available
vad.mid,restored,2,1,valid,valid
vad.mik,restored,2,1,varik,greet
vad.min,restored,2,1,varin,vary
vad.mit,restored,2,2,vret,settle
vad.mit,restored,2,1,valet,evaluate
vad.mit,restored,2,1,valit,domesticate
vad.mit,restored,2,1,varit,ward (off)
vad.miz,restored,2,2,vriC,wood
vad.mud,restored,2,1,valol,vial
vad.mug,restored,2,2,vrug,10^18
vad.mun,restored,2,2,vrun,ocean
vad.nam,restored,2,2,vlam,its
vad.nam,restored,2,2,vram,insight
vad.nam,restored,2,1,varam,circumference
vad.nas,held,2,0,valnas,venus
vad.nim,restored,2,1,valim,valley
vad.nix,held,2,0,varnix,varnish
vad.num,restored,2,1,valum,volume (math)
vad.vam,restored,2,2,valv,evolve
vad.zam,restored,2,2,varz,forest
vag.dun,held,2,0,vagron,vine
vak.min,restored,2,1,vakiq,vie
vak.mit,restored,2,1,vaket,evacuate
vak.sin,held,2,0,vaksin,vaccine
vam.pid,held,2,0,vampir,vampire
vam.vam,strained,2,3,vav,repeat
vam.vix,restored,2,1,vavex,vivacious
van.kam,restored,2,2,vaqk,cow
van.mad,restored,2,1,vanal,vinyl
van.mid,restored,2,1,vanir,veneer
van.taj,held,2,0,vantaj,advantage
van.tam,restored,2,2,vant,archaea
vas.mad,restored,2,1,vasad,vice
vas.man,restored,2,1,vasan,breadth
vas.mux,restored,2,1,vasox,stir
vas.num,restored,2,1,vasum,wealth
vas.tam,restored,2,2,vast,vast
vas.tav,held,2,0,vastav,genuine
vat.mad,restored,2,1,vatar,descent
vaz.mid,restored,2,1,vazir,disperse
vaz.mud,restored,2,1,vazor,visor
vid.jam,restored,2,2,vedj,vegetable
vid.jan,held,2,0,vidjan,young
vid.min,restored,2,1,veliq,veil
vig.min,restored,2,1,vegin,vague
vig.mud,restored,2,1,vigor,vigor
vik.mat,restored,2,1,vikat,dread
vik.mix,restored,2,1,vekex,vacation
vim.nad,restored,2,1,vimal,transparent
vim.vad,restored,2,1,vivad,vivid
vim.vad,restored,2,1,vivar,viverridae
vin.mas,restored,2,1,venas,vein
vin.mip,restored,2,1,venip,vane
vin.muk,restored,2,1,venuk,venue
vin.taz,held,2,0,ventaz,vent
vip.mak,restored,2,1,vipak,fact
vip.man,restored,2,1,vepaq,interface (computing)
vip.mud,restored,2,1,vepor,vapor
vis.tam,restored,2,2,vist,visit
vis.tan,held,2,0,vestan,vest (let sit)
vit.mig,restored,2,1,vetig,vet
vit.mug,restored,2,1,vitog,veto
viz.mak,restored,2,1,viCak,supplement
vud.bad,held,2,0,vorbal,verbal
vud.bam,restored,2,2,vorb,ever
vud.gad,held,2,0,volgar,vulgar
vud.jan,held,2,0,vorjan,version
vud.mad,restored,2,2,vord,avoid
vud.maf,restored,2,2,vurf,verify
vud.mak,restored,2,2,vork,electron
vud.mak,restored,2,1,vorak,bee
vud.mat,restored,2,2,volt,volt
vud.max,restored,2,2,vorx,vowel o sound
vud.maz,restored,2,1,volaC,misery
vud.mix,restored,2,1,vorex,voracious
vud.mud,restored,2,1,vulol,mingle
vud.zam,restored,2,2,volz,violent
vug.mun,restored,2,1,vogun,vogue
vuk.mad,restored,2,1,vokad,avocado
vum.vam,strained,2,3,vov,axis
vus.mas,restored,2,1,vosas,versus
vus.tam,restored,2,2,vust,v sound
vut.xam,restored,2,2,vutx,entity
vux.nim,restored,2,1,vuxim,genitals
xab.mat,restored,2,1,xabat,rest
xab.min,restored,2,1,yabiq,import
xab.mis,restored,2,1,xabic,cling
xad.mab,restored,2,1,xarab,wine
xad.mad,restored,2,2,yard,yard (measurement)
xad.mak,restored,2,2,xark,society
xad.man,restored,2,2,xarm,10^21
xad.man,restored,2,1,xalaq,jot
xad.map,restored,2,2,xarp,x sound
xad.mav,restored,2,2,xlav,calculate
xad.mav,restored,2,1,xalav,phase
xad.mid,restored,2,1,yalid,native
xad.mik,restored,2,2,xlik,shriek
xad.mik,restored,2,1,xadik,pair
xad.mik,restored,2,1,yarek,thigh
xad.min,restored,2,1,xadiq,shoddy
xad.mit,restored,2,1,yarit,intercept
xad.miv,restored,2,1,xaliv,inspire
xad.miv,restored,2,1,yariv,opponent
xad.mud,restored,2,1,xadur,shudder
xad.mun,restored,2,1,xadon,shadow
xad.nam,restored,2,2,yarn,y sound
xad.nit,held,2,0,yarnet,yarn
xad.num,restored,2,2,xlum,mushroom
xad.num,restored,2,1,xalom,welfare
xad.zam,restored,2,2,xarz,opposite (anti)
xag.mat,restored,2,1,xagat,shrug
xag.min,restored,2,1,xagin,shag
xak.mid,restored,2,1,yakid,designate
xak.mid,restored,2,1,yakir,darling
xak.mit,restored,2,1,xakit,salmon
xak.nim,restored,2,1,xakim,rehabilitate
xam.ban,restored,2,1,xaman,shaman
xam.bud,held,2,0,xambol,shamble
xam.jam,strained,2,3,yaj,measure
xam.pin,held,2,0,xampen,champagne
xam.xam,strained,2,3,xax,eternal
xam.xas,restored,2,1,yaxas,worthy
xam.xav,restored,2,1,yaxav,sit
xan.dan,held,2,0,xanlaq,hearty
xan.din,held,2,0,yanlin,stern
xan.fan,held,2,0,xaqfaq,counterpart
xan.kut,held,2,0,yaqkut,infancy
xan.mip,restored,2,1,xanip,shine
xan.muk,restored,2,1,yanuk,smog
xan.mun,held,2,0,yanmon,inundate
xan.tam,restored,2,2,xant,ancient
xan.xip,held,2,0,yanxip,maneuver
xan.xuf,held,2,0,yanxuf,owl
xan.xun,held,2,0,yanxun,perpetuate
xan.zan,held,2,0,xaqzaq,twiddle
xan.zun,held,2,0,yanzoq,severe
xap.mad,restored,2,1,yapad,destination
xas.kam,restored,2,2,xask,ask
xas.kud,held,2,0,xaskur,ask out
xas.mad,restored,2,1,xasal,kid
xas.mid,restored,2,1,yasir,arrogant
xas.nam,restored,2,1,yacam,kneel
xat.mid,restored,2,1,yatir,obsolete
xat.mud,restored,2,1,xator,shutter
xat.xat,held,2,0,yatxat,sustain
xat.xuk,held,2,0,xatxuk,sag
xav.mas,restored,2,1,xavas,fame
xav.miv,restored,2,1,xaviv,flash
xav.mud,restored,2,1,xavol,shovel
xaz.nak,held,2,0,yaCnak,dwindle
xid.jan,held,2,0,yedjan,nocturnal
xid.mad,restored,2,2,xild,shield
xid.mad,restored,2,2,yild,yield
xid.mad,restored,2,1,xedar,shed
xid.mad,restored,2,1,yilal,treat (patient)
xid.man,restored,2,1,xelan,shale
xid.man,restored,2,1,xidaq,appropriate (behavior)
xid.mik,restored,2,1,xilek,deem
xid.min,restored,2,1,xireq,shear
xid.min,restored,2,1,yiliq,collar
xid.mip,restored,2,1,yelip,appointment
xid.muk,restored,2,1,yeluk,amateur
xid.mun,restored,2,1,yeduq,peruse
xid.mut,restored,2,1,xirut,cohesion (physics)
xif.tam,restored,2,2,xift,shift
xig.mud,restored,2,1,xigur,launch
xik.mad,restored,2,1,yikal,depend
xik.man,restored,2,1,xekan,shake
xim.bun,restored,2,1,ximun,oil
xim.nak,restored,2,1,ximak,shim
xim.nud,restored,2,1,ximor,shimmer
xim.pam,restored,2,2,ximp,shrimp (fish)
xim.xam,strained,2,3,yix,something
xim.xam,restored,2,1,xixam,student
xim.xik,restored,2,1,yixik,faintly
xim.xin,restored,2,1,yexin,ambition
xim.xin,restored,2,1,yixeq,doctor
xim.xiv,restored,2,1,yixiv,session
xim.xuk,restored,2,1,xixuk,sparse
xim.zam,restored,2,2,ximz,happy
xin.ban,held,2,0,yiqban,strain (force)
xin.fud,held,2,0,yiqful,cope
xin.kam,restored,2,2,yiqk,vowel large I sound
xin.kuz,held,2,0,yeqkoC,yank
xin.man,restored,2,1,xinaq,shank/shin (leg)
xin.man,restored,2,1,yinan,murky
xin.man,restored,2,1,yiqaq,nutritious
xin.mip,restored,2,1,xinip,sheen
xin.mun,restored,2,1,yinoq,application
xin.mux,restored,2,1,yenux,despair
xip.mud,restored,2,1,xepol,shape
xip.mud,restored,2,1,xipur,improve
xis.mud,restored,2,1,yesud,praise
xis.mud,restored,2,1,yisud,founding
xis.nam,restored,2,1,xicam,sheath
xis.tuk,held,2,0,xistok,schist
xit.man,restored,2,1,xitan,urine
xit.mud,restored,2,1,yetor,hypotenuse
xit.mud,restored,2,1,yitur,chord
xiv.mav,restored,2,1,xivav,chip (like computing)
xiv.miz,restored,2,1,xeviz,shave
xub.mik,restored,2,1,yubik,ubiquitous
xub.mud,restored,2,1,xubor,shatter
xud.gun,held,2,0,xolgoq,handmade
xud.jan,held,2,0,xudjan,trim
xud.jip,held,2,0,yudjip,estimate
xud.mak,restored,2,2,york,10^2
xud.man,restored,2,2,yorm,uniform (consistent)
xud.mat,restored,2,2,xort,sure
xud.maz,restored,2,1,yulaz,utilize
xud.min,restored,2,1,yudiq,schedule
xud.mud,restored,2,1,yolul,hesitant
xud.mud,restored,2,1,yolur,superior
xud.muf,restored,2,1,xulof,extract
xud.mun,restored,2,1,yudoq,sport
xud.nam,restored,2,2,yorn,yearn
xud.nas,held,2,0,yornas,uranus
xud.nat,held,2,0,yurnat,urinate
xud.num,restored,2,1,yudum,noxious
xuf.mad,restored,2,1,xofar,horn (instrument)
xuf.mud,restored,2,1,xufol,shuffle
xuf.mun,restored,2,1,xufun,fix
xug.man,held,2,0,yugman,even
xuk.man,restored,2,1,yukan,yucca
xum.ban,restored,2,1,xuman,fat
xum.jad,restored,2,1,yujal,usual
xum.xam,restored,2,1,yoxam,priority
xum.xan,restored,2,1,xoxaq,hurt
xum.xan,restored,2,1,yuxaq,bruise
xum.xav,restored,2,1,yoxav,inhabitant
xum.xun,restored,2,1,xoxon,sell
xun.dan,held,2,0,xunlan,drill (training)
xun.dax,held,2,0,xunrax,shoe
xun.dun,held,2,0,yundoq,campaign
xun.mat,restored,2,1,yunat,unite
xun.mif,restored,2,1,yunif,unify
xun.mik,restored,2,1,yunik,unique
xun.mit,restored,2,1,yunit,unit
xun.mud,restored,2,1,yoqol,retain
xun.mun,restored,2,1,yunoq,wield
xup.min,restored,2,1,xupiq,horizontal
xup.sak,held,2,0,xopsak,dashing
xus.maf,restored,2,1,yosaf,increase
xus.mak,restored,2,1,xusak,fling
xus.min,restored,2,1,yuciq,youth
xus.nam,restored,2,1,yucam,heap
xus.tam,restored,2,2,yust,used to
xut.xik,held,2,0,xutxik,shame
xut.xun,held,2,0,xutxuq,export
xuv.dan,held,2,0,yuvlan,uvula
xuv.mad,restored,2,1,xoval,spade (shovel)
xuv.mak,restored,2,1,yovak,consequence
xuv.min,restored,2,1,xoviq,shove
xuz.dik,held,2,0,yuzrik,use up
xuz.map,restored,2,1,yuCap,nag
zad.bam,restored,2,2,zalb,fermion
zad.jim,held,2,0,zadjim,acrobat
zad.mak,restored,2,2,zark,open
zad.man,restored,2,1,zaran,tragedy
zad.mat,restored,2,2,zart,lizard
zad.mat,restored,2,1,zarat,sow
zad.max,restored,2,2,zalx,toe
zad.mid,restored,2,1,Calil,dispicable
zad.mut,restored,2,1,zalot,grill
zad.nam,restored,2,2,zarn,alien
zad.vam,restored,2,2,Carv,forever
zad.vam,restored,2,2,zalv,dissolve
zad.zik,held,2,0,zalzek,marsh (land)
zak.mad,restored,2,1,Cakar,mention
zak.mad,restored,2,1,zakar,masculine
zak.muf,restored,2,1,zakuf,erect
zak.mut,restored,2,1,zakut,privilege
zam.bin,restored,2,1,zamin,examine
zam.nad,restored,2,1,zamar,prune (fruit)
zam.nim,restored,2,1,Camim,obnoxious
zam.pud,held,2,0,zampol,example
zam.sam,strained,2,3,Cas,thus
zam.sut,restored,2,1,zasot,recognise
zan.dan,held,2,0,zanlan,exhibit
zan.dip,held,2,0,zaqlip,funeral
zan.kan,held,2,0,zaqkan,scene
zan.mak,restored,2,1,zanak,abandon
zan.man,restored,2,1,zanan,delve
zan.zim,held,2,0,zanzim,transpose
zan.zin,held,2,0,zanzeq,war
zap.nam,restored,2,1,zapam,fury
zat.mad,restored,2,1,zatad,march (foot)
zat.mik,restored,2,1,zatik,exotic
zat.min,restored,2,1,zatin,anxiety
zav.mit,restored,2,1,zavit,angle
zax.nam,restored,2,1,zaxam,slink
zid.jik,held,2,0,zidjek,direct (immediate)
zid.jud,held,2,0,zidjul,sentience
zid.maz,restored,2,1,ziraz,catalyze
zid.mit,restored,2,1,ziret,factorial (math)
zid.muk,restored,2,1,zirok,consume
zid.nam,restored,2,1,zilam,xylem
zid.nam,restored,2,1,ziram,movement (political/etc.)
zif.mat,restored,2,1,zifat,tar
zig.zag,held,2,0,zigzag,zigzag
zik.map,restored,2,1,zikap,affinity
zik.muk,restored,2,1,zikuk,flare
zik.xud,held,2,0,zikxur,philosophy
zim.sat,restored,2,2,zist,resist
zim.sum,restored,2,1,zisum,pollute
zim.zam,strained,2,3,Ciz,kaledoscope
zim.zum,held,2,0,zimzum,contraction
zim.zut,restored,2,1,zizut,haste
zin.dan,held,2,0,zindaq,oscillate
zin.kam,restored,2,2,zeqk,hand
zin.muk,restored,2,1,zinuk,dash (spurt)
zin.tun,held,2,0,zenton,monotone
zin.xip,held,2,0,zenxip,authentic
zin.zam,held,2,0,zeqzam,flounder
zin.zik,held,2,0,zeqzik,integrity
zin.zit,held,2,0,zeqzit,politics
zit.mad,restored,2,1,zital,stance
zit.xam,restored,2,2,zetx,1000
ziv.mak,restored,2,1,zevak,sacrifice
ziv.mun,restored,2,1,zivon,style
zix.mad,restored,2,1,zixal,least
zud.mad,restored,2,2,zord,exit
zud.mak,restored,2,2,Cork,large C sound
zud.man,restored,2,1,zulaq,earn
zud.mat,restored,2,2,zolt,column
zud.nam,restored,2,2,zorn,ear
zuf.min,restored,2,1,zofin,cipher
zum.num,restored,2,1,zumom,plot
zum.sam,strained,2,3,zus,experience
zum.zad,restored,2,1,zuzal,book
zum.zam,strained,2,3,Coz,except
zum.zam,strained,2,3,zuz,converse (talk)
zun.dak,held,2,0,zondak,crucial
zun.dan,held,2,0,zonlaq,weight
zun.kam,restored,2,2,zuqk,z sound
zun.sud,held,2,0,zonsur,zone out
zup.mun,restored,2,1,zupon,conceal
zut.mit,restored,2,1,zotet,eavesdrop
bad.mab.man,strained,3,3,blabaq,blab
bad.mab.mat,strained,3,3,brabat,bribe
bad.mad.mad,strained,3,3,baldar,reciprocate
bad.mad.mat,strained,3,4,bralt,brittle
bad.mad.mik,strained,3,3,baldik,cousin
bad.mad.min,strained,3,3,baldiq,building
bad.mad.mut,strained,3,3,barlot,ballot
bad.mad.zam,strained,3,4,bradz,brass
bad.maf.mad,strained,3,3,balfal,erupt
bad.mag.man,strained,3,3,blagan,mess
bad.mag.min,strained,3,3,blagiq,blog
bad.mag.mud,strained,3,3,bragod,brag
bad.mak.man,strained,3,3,badkan,prank
bad.mak.mid,strained,3,3,barked,barricade
bad.mak.miz,strained,3,3,barkiz,bark (dog)
bad.mak.muk,strained,3,3,barkuk,plum
bad.mak.muv,strained,3,3,barkuv,barbecue
bad.man.dam,strained,3,4,bland,blend
bad.man.dam,strained,3,4,brand,brand (business)
bad.man.mit,strained,3,3,blanit,blah
bad.mas.mad,strained,3,3,brasal,tend (I tend to)
bad.mas.nim,strained,3,3,barsim,alfalfa (vegetable)
bad.mas.num,strained,3,3,blasum,blossom
bad.mas.tam,strained,3,4,blast,blast
bad.mat.man,strained,3,3,baltan,belt
bad.mat.min,strained,3,3,baltin,title
bad.mat.mud,strained,3,3,bartur,barter
bad.mat.muz,strained,3,3,blatuz,blot
bad.maz.mud,strained,3,3,braCor,brother
bad.mid.jam,strained,3,4,bridj,bridge
bad.mid.min,strained,3,3,bridiq,breed
bad.mid.mun,strained,3,3,brilon,embryo
bad.mig.mud,strained,3,3,bligur,beleaguer
bad.mik.mad,strained,3,3,brekal,breccia
bad.mik.mad,strained,3,3,brikar,break (short time)
bad.min.kam,strained,3,4,bliqk,blink
bad.mis.mad,strained,3,3,brisal,bristle
bad.mis.mig,strained,3,3,bresig,brace
bad.mis.tam,strained,3,4,brest,breast
bad.mit.mik,strained,3,3,bretik,brat
bad.mit.xam,strained,3,4,britx,breach
bad.miv.mit,strained,3,3,brivet,abbreviate
bad.miz.man,strained,3,3,blizan,belligerent
bad.miz.man,strained,3,3,briCan,breath
bad.mud.mat,strained,3,4,blort,blurt
bad.mud.mig,strained,3,3,brudig,brood
bad.mud.mik,strained,3,3,brulik,brew
bad.mut.mak,strained,3,3,blotak,bloat
bad.muz.min,strained,3,3,bloCiq,bleed
bad.nim.nad,strained,3,3,blimal,bill (beak)
bad.nim.nix,strained,3,3,blemix,blemish
bad.num.nud,strained,3,3,brumor,remember
bak.mad.max,strained,3,3,baklax,backwash
bam.pat.maz,strained,3,3,baptaz,baptize
ban.tum.dam,strained,3,3,bantur,banter
bas.mad.mat,strained,3,3,basalt,basalt
bat.mad.man,strained,3,3,batran,butter
bat.mad.mas,strained,3,3,batras,buttress
bat.mad.mik,strained,3,3,batrik,battery
bid.mak.mad,strained,3,3,bilkad,hardly
bid.map.man,strained,3,3,bilpan,betray
bid.mit.xam,strained,3,3,biletx,bewitch
big.mud.mad,strained,3,3,bigord,go ahead
bin.tam.dam,strained,3,3,bintal,morbid
bin.tum.dam,strained,3,3,bentul,continent
bis.mad.mad,strained,3,3,besral,panic
bis.mid.jam,strained,3,3,bisidj,besiege
bis.mud.mad,strained,3,3,bisold,behold
bis.tum.dam,strained,3,3,bistol,bestow
bix.man.man,strained,3,3,bixmam,horrible
bud.mad.man,strained,3,3,bordan,board
bud.mad.min,strained,3,3,borliq,burly
bud.mad.mun,strained,3,3,boldoq,fluctuate
bud.mak.mat,strained,3,3,bolkat,boycott
bud.man.tam,strained,3,3,bolant,buoyant
bud.man.zam,strained,3,3,budanz,abundant
dab.dim.tam,strained,3,3,labret,elaborate
dab.mat.mud,strained,3,3,labtor,lab
daf.mud.zam,strained,3,3,raforC,rough
daj.mad.jam,strained,3,4,djadj,judge
daj.mad.mas,strained,3,3,djaras,run into
daj.mad.mit,strained,3,3,djaret,gyrate
daj.mad.mud,strained,3,3,djarul,jowl
daj.mad.muk,strained,3,3,djaluk,educate
daj.mad.mun,strained,3,3,djalun,exchange
daj.mad.nim,strained,3,3,djalem,gel
daj.mag.mid,strained,3,3,djaged,jagged
daj.mag.mud,strained,3,3,djagol,juggle
daj.mak.min,strained,3,3,djakin,jockey
daj.mak.miz,strained,3,3,djakiz,jack (take)
daj.mak.mud,strained,3,3,djakur,jack (tire)
daj.man.kam,strained,3,4,djaqk,junk
daj.man.min,strained,3,3,djaqiq,stiff
daj.mas.mud,strained,3,3,djasol,jostle
daj.mas.mud,strained,3,3,djasor,thick
daj.mas.num,strained,3,3,djasum,burn
daj.mas.tam,strained,3,4,djast,gesture
daj.mat.mat,strained,3,3,djatat,jut
daj.mav.mat,strained,3,3,djavat,jive
daj.mid.mas,strained,3,3,djelas,jail
daj.mid.mig,strained,3,3,djirig,jeer
daj.mid.mun,strained,3,3,djedun,jade
daj.mik.mad,strained,3,3,djikad,strive
daj.mis.tam,strained,3,4,djist,gist
daj.mix.mik,strained,3,3,djixik,diet
daj.mub.mat,strained,3,3,djubat,bar
daj.mud.man,strained,3,3,djulan,joule
daj.mud.map,strained,3,3,djudap,enormous
daj.mud.mit,strained,3,3,djorit,jury
daj.mud.muk,strained,3,3,djulok,dimple
daj.muf.min,strained,3,3,djufen,entangle
daj.mun.mik,strained,3,3,djonik,journey
daj.mun.tam,strained,3,4,djont,joint
daj.mut.mun,strained,3,3,djotoq,traffic
daj.muv.mas,strained,3,3,djuvas,swift
daj.nam.pam,strained,3,4,djamp,jump
daj.nim.nad,strained,3,3,djimal,lash
dak.mab.mid,strained,3,3,dakbil,bill (bird)
dak.mad.mud,strained,3,3,laklod,lock
dam.ban.dam,strained,3,3,damand,diamond
dam.ban.tam,strained,3,3,lamant,lament
dam.dab.mun,strained,3,3,drabon,draw
dam.daf.man,strained,3,3,darfan,dwarf
dam.daf.min,strained,3,3,dalfin,dolphin
dam.daf.tam,strained,3,4,draft,draft (version)
dam.dag.man,strained,3,3,dragan,dragon
dam.dag.man,strained,3,3,largan,layer
dam.dag.mit,strained,3,3,dalget,delegate
dam.dag.mit,strained,3,3,ralget,relegate
dam.daj.mid,strained,3,3,ladjil,litter
dam.daj.mip,strained,3,3,ladjip,garbage
dam.dak.mis,strained,3,3,dalkes,delicacy
dam.dak.mit,strained,3,3,dalket,delicate
dam.dak.mit,strained,3,3,radket,eradicate
dam.dam.ban,strained,3,3,draman,drama
dam.dam.dak,strained,3,3,dadlak,deadlock
dam.dam.dus,strained,3,3,draduc,put up with
dam.dam.taj,strained,3,3,lartaj,let down
dam.dam.tam,strained,3,4,dalat,suck
dam.dam.tam,strained,3,4,darat,mote
dam.dam.tas,strained,3,3,lartas,let in
dam.dam.tik,strained,3,3,dartik,dart
dam.dam.tuk,strained,3,3,laltuk,corny
dam.das.kam,strained,3,4,drask,heavy
dam.das.muk,strained,3,3,darsok,douse
dam.das.tam,strained,3,4,drast,dress (put on clothes)
dam.dax.mik,strained,3,3,lalxik,old-fashioned
dam.dax.nam,strained,3,3,darxam,philosophical system
dam.dib.mud,strained,3,3,dribol,dribble
dam.dim.dag,strained,3,3,drilag,drill
dam.dim.dam,strained,3,4,dalir,delirious
dam.dim.dam,strained,3,4,ladid,delicious
dam.dim.tam,strained,3,4,dalet,dilate
dam.dim.tik,strained,3,3,dretik,diuretic
dam.din.mak,strained,3,3,drenak,tuber (vegetable)
dam.din.mud,strained,3,3,drenor,drain
dam.dip.mud,strained,3,3,drepor,drape
dam.div.mav,strained,3,3,drivav,derivative
dam.dix.num,strained,3,3,drixum,proud
dam.dum.dam,strained,3,4,dadol,avenue
dam.dum.dam,strained,3,4,radud,shallow (depth)
dam.dum.dam,strained,3,4,raror,roar
dam.dum.tam,strained,3,4,dalut,dilute
dam.dum.tam,strained,3,4,darut,dire
dam.dum.tam,strained,3,4,larot,pregnant
dam.dun.bam,strained,3,3,dronam,crow (bird)
dam.dun.man,strained,3,3,dronaq,drown
dam.dup.mat,strained,3,3,drupat,droop
dam.taf.man,strained,3,3,ratfan,ratify
dam.tam.dik,strained,3,3,ratrik,rhetoric
dam.tam.tus,strained,3,3,rattus,rattus
dam.tan.min,strained,3,3,latniq,lightning
dam.tan.mit,strained,3,3,datnet,detonate
dam.tax.map,strained,3,3,ratxap,rite
dam.tax.nam,strained,3,3,latxam,latch
dam.taz.mid,strained,3,3,ratzid,flicker
dam.tim.tam,strained,3,4,ratit,tremble
dam.tum.dam,strained,3,3,damtor,diameter
dan.dam.dam,strained,3,3,dandal,drab
dan.dum.dam,strained,3,3,danlod,download
dan.dum.dam,strained,3,3,landur,launder
dap.mad.mik,strained,3,3,raprik,wrap up
dap.mad.mis,strained,3,3,lapres,lap (race)
dap.mad.mit,strained,3,3,dapdet,dilapidate
dap.mad.mit,strained,3,3,daplit,deplete
dap.tum.dam,strained,3,3,raptor,raptor
das.tum.dam,strained,3,3,lastor,luster
das.tum.tam,strained,3,3,dastut,destitute
dav.dam.tam,strained,3,3,lavrat,lava
dav.mid.mad,strained,3,3,raveld,revile
dav.mud.mat,strained,3,3,davort,divert
dax.mad.miv,strained,3,3,laxliv,lush
dib.dim.tam,strained,3,3,libret,liberate
dib.man.kam,strained,3,3,dibaqk,debunk
dif.mad.mad,strained,3,3,difrad,defraud
dif.mad.mak,strained,3,3,diflak,deflect
dif.mad.mas,strained,3,3,difras,difference (subtraction)
dif.mad.max,strained,3,3,rifrax,refresh
dif.mad.min,strained,3,3,rifren,refrain
dif.mad.mit,strained,3,3,diflet,deflate
dif.mad.muf,strained,3,3,rifruf,flutter
dif.mad.mun,strained,3,3,riflon,reef
dif.mad.nam,strained,3,3,difram,diaphragm
dif.man.dam,strained,3,3,difand,defend
dif.man.dam,strained,3,3,rifand,refund
dif.man.tam,strained,3,3,lefant,elephant
dif.tum.dam,strained,3,3,riftor,rift
dig.dam.dam,strained,3,3,degrad,degrade
dig.dam.dam,strained,3,3,reglar,regular
dig.mad.mad,strained,3,3,rigard,regard
dig.man.tam,strained,3,3,legant,elegant
dij.man.dam,strained,3,3,lejand,legend
dij.mas.tam,strained,3,3,rejast,register
dij.mat.mad,strained,3,3,dijtal,digital
dij.mun.tam,strained,3,3,dijont,disjoint
dik.mad.mad,strained,3,3,diklar,declare
dik.mad.man,strained,3,3,riklan,recline
dik.mad.min,strained,3,3,diklen,decline
dik.mad.mit,strained,3,3,likdet,liquidate
dik.mad.mus,strained,3,3,riklus,recluse
dik.mad.mut,strained,3,3,rikrut,recruit
dik.maz.mit,strained,3,3,rekzit,prerequisite
dik.tim.tam,strained,3,3,diktet,dictate
dim.daj.man,strained,3,3,redjan,radian (measurement)
dim.daj.man,strained,3,3,ridjan,region
dim.daj.mus,strained,3,3,ridjos,rejoice
dim.daj.num,strained,3,3,ridjum,frank
dim.dak.sam,strained,3,3,rilaks,relax
dim.dam.dak,strained,3,3,ridrak,redirect
dim.dam.dam,strained,3,4,dirad,deride
dim.dam.dup,strained,3,3,lidrop,lid
dim.dam.nit,strained,3,3,dilmit,delimit
dim.dam.tam,strained,3,4,dirat,direct
dim.dam.tan,strained,3,3,diltan,delta (water)
dim.dan.dam,strained,3,3,riland,rewind
dim.dan.tam,strained,3,3,rilant,relent
dim.dap.sam,strained,3,3,rilaps,relapse
dim.dim.dam,strained,3,4,redid,raid
dim.dim.tam,strained,3,4,redet,radiate
dim.dim.tam,strained,3,4,rilet,relate
dim.dum.dam,strained,3,4,dilud,delude
dim.dum.dam,strained,3,4,dilur,accommodate
dim.dum.dam,strained,3,4,ridol,riddle
dim.dum.tam,strained,3,4,dilut,illuminate
dim.dum.tam,strained,3,4,rilot,riot
dim.nad.mak,strained,3,3,rimark,remark
dim.nad.max,strained,3,3,dimalx,demolish
dim.tag.mit,strained,3,3,litget,litigate
dim.tam.dak,strained,3,3,ritrak,retract
dim.tam.dam,strained,3,4,dital,detail
dim.tam.dam,strained,3,4,letar,late
dim.tam.dam,strained,3,4,litar,liter (measurement)
dim.tam.dam,strained,3,4,ritar,retire
dim.tam.tax,strained,3,3,ditatx,detach
dim.tas.tam,strained,3,3,ditast,detest
dim.tax.mab,strained,3,3,litxab,little
dim.tax.mas,strained,3,3,ritxas,righteous
dim.tax.mat,strained,3,3,ditxat,ditch
dim.tax.min,strained,3,3,retxiq,enthusiasm
dim.tax.nam,strained,3,3,ritxam,reach
dim.taz.man,strained,3,3,litzan,clown
din.dum.dam,strained,3,3,rendur,render
din.mad.jam,strained,3,3,linadj,lineage
din.man.tam,strained,3,3,linant,lenient
dip.mad.mab,strained,3,3,riplab,republic
dip.mad.mad,strained,3,3,lipard,leopard
dip.mad.mas,strained,3,3,dipras,depress
dip.mad.mas,strained,3,3,ripals,repulse
dip.mad.mat,strained,3,3,dipart,department
dip.mad.mav,strained,3,3,diplav,deplore
dip.mad.mav,strained,3,3,diprav,deprive
dip.mad.maz,strained,3,3,ripraz,reap
dip.mad.miv,strained,3,3,ripriv,reprieve
dip.mad.muk,strained,3,3,diplok,deploy
dip.mad.num,strained,3,3,riprom,rip
dip.man.tam,strained,3,3,ripant,repent
dip.mud.mat,strained,3,3,diport,deport
dip.mud.mat,strained,3,3,riport,report
dis.mad.mad,strained,3,3,disard,dissuade
dis.mad.map,strained,3,3,disrap,disrupt
dis.mad.mig,strained,3,3,disrig,disregard
dis.mad.min,strained,3,3,disden,disdain
dis.mad.muk,strained,3,3,dislok,dislocate
dis.maf.mig,strained,3,3,disfig,disfigure
dis.man.dam,strained,3,3,disand,descend
dis.man.dam,strained,3,3,risand,rescind
dis.man.tam,strained,3,3,disant,dissent
dis.mud.mas,strained,3,3,risors,resource
dis.mud.zam,strained,3,3,risorz,rehearse
dis.tam.dam,strained,3,3,distal,distill
div.mad.vam,strained,3,3,rivalv,revolve
div.mas.tam,strained,3,3,divast,divest
div.mat.mat,strained,3,3,levtat,levitate
div.mid.mas,strained,3,3,levirc,levy
div.mud.mas,strained,3,3,divors,divorce
div.mud.mat,strained,3,3,rivort,revert
div.nam.pam,strained,3,3,rivamp,revamp
dix.mad.mak,strained,3,3,dixdak,dish
dix.mav.mad,strained,3,3,dixval,dishevel
diz.mas.mud,strained,3,3,leCsur,point out
diz.mas.tam,strained,3,3,dizast,disaster
diz.mas.tam,strained,3,3,leCast,bore (boring)
diz.min.tam,strained,3,3,rizent,resent
diz.mud.vam,strained,3,3,dizurv,deserve
dub.man.kam,strained,3,3,rubaqk,bank (river)
duf.mad.man,strained,3,3,rufran,roof
dug.dam.tam,strained,3,3,rugrat,rug
duk.mad.man,strained,3,3,dokran,mediocre
duk.mad.mik,strained,3,3,lukrik,look up
duk.mad.mit,strained,3,3,lukret,look after
dum.dag.mas,strained,3,3,lorgas,log in
dum.daj.mun,strained,3,3,ludjun,lunge
dum.dak.mit,strained,3,3,lorkit,lurk
dum.dam.dap,strained,3,3,ludrap,lewd
dum.dan.mis,strained,3,3,dornic,underneath
dum.dap.min,strained,3,3,dolpeq,cloak
dum.dim.dam,strained,3,4,lored,already
dum.tam.dak,strained,3,3,lutrak,loot
dum.tam.dam,strained,3,4,lotar,loiter
dum.tam.das,strained,3,3,rotras,rote
dum.tam.das,strained,3,3,rutrac,root
dum.tam.din,strained,3,3,lutrin,otter
dum.tax.min,strained,3,3,rutxiq,route
dum.tax.mun,strained,3,3,lotxuq,protrude
dum.tim.tam,strained,3,4,rotet,rotate
dun.mad.mad,strained,3,3,ronald,row (boat)
dus.mad.mit,strained,3,3,lusdet,elucidate
fad.mab.muz,strained,3,3,flaboz,flab
fad.mad.mud,strained,3,3,fladur,flatter
fad.maf.mid,strained,3,3,falfil,fulfil
fad.mak.man,strained,3,3,falkan,falcon
fad.mak.mis,strained,3,3,farkis,squirm
fad.man.man,strained,3,3,flanaq,flaw
fad.man.tam,strained,3,4,flant,flaunt
fad.map.man,strained,3,3,flapan,flap
fad.map.mid,strained,3,3,farpir,twitch
fad.mas.man,strained,3,3,falsan,file (sand)
fad.mas.mit,strained,3,3,falsit,fallacy
fad.mas.nim,strained,3,3,farsim,publish
fad.mat.mud,strained,3,3,faltor,falter
fad.max.mik,strained,3,3,flaxik,flashy
fad.mib.mad,strained,3,3,flebar,ebb
fad.mib.mud,strained,3,3,flibur,flea
fad.mid.man,strained,3,3,flidan,flee
fad.mid.min,strained,3,3,freliq,fray
fad.mik.miz,strained,3,3,flekiC,flake
fad.mik.mut,strained,3,3,flikot,flick
fad.mis.min,strained,3,3,flesiq,flay
fad.mit.mak,strained,3,3,fretak,fret
fad.mit.min,strained,3,3,flitiq,fleeting
fad.mit.mip,strained,3,3,fretip,fret (get upset)
fad.mit.xam,strained,3,4,fretx,foot (measurement)
fad.miz.min,strained,3,3,freCin,frost
fad.mud.mix,strained,3,3,florix,flourish
fad.mug.mat,strained,3,3,flogat,flog
fad.mug.nim,strained,3,3,flogem,phloem
fad.mup.mad,strained,3,3,flopad,pod (flower)
fad.mut.man,strained,3,3,flutan,flute
fad.num.ban,strained,3,3,fluman,butterfly
fak.sum.zam,strained,3,3,faksoC,fax
fan.dam.dam,strained,3,3,fandal,magnify
fan.dum.dam,strained,3,3,faqdud,demeanor
fan.fim.vam,strained,3,3,fanfev,fan (favorite)
fan.gum.kam,strained,3,3,faqguk,foul
fas.mad.nam,strained,3,3,faslam,bean (vegetable)
fas.tim.tam,strained,3,3,fastet,facilitate
fat.maz.mut,strained,3,3,fatzot,compensate
fat.mud.nam,strained,3,3,fatorn,factory
fid.mad.mit,strained,3,3,fedret,federate
fid.maf.mid,strained,3,3,filfil,pepper (vegetable)
fim.vad.mat,strained,3,3,fevrat,favorite
fin.dum.dam,strained,3,3,fendul,struggle
fiz.dam.tam,strained,3,3,fiClat,violin
fiz.man.tam,strained,3,3,fezant,pheasant
fud.gum.kam,strained,3,3,forgok,forgo
fud.mad.mad,strained,3,3,fordal,ford
fud.mad.mas,strained,3,3,folras,fill in
fud.maf.mid,strained,3,3,folfil,fulfill
fud.mak.muv,strained,3,3,forkov,fork
fud.mas.miz,strained,3,3,forsiC,foresee
fud.mas.mud,strained,3,3,folsur,fill out
fud.mid.jam,strained,3,3,foledj,foliage
fud.nam.nam,strained,3,3,furnaq,fern
fum.ban.tam,strained,3,3,fomant,foment
fus.tam.tam,strained,3,3,fostat,foist
fux.mad.mud,strained,3,3,foxdol,foreshadow
gab.dum.dam,strained,3,3,gabrod,gabbro
gad.mab.mis,strained,3,3,grabic,grab
gad.mab.mun,strained,3,3,glabun,glob
gad.mad.mis,strained,3,3,galric,gallery
gad.maf.tam,strained,3,4,graft,graft
gad.man.dam,strained,3,4,gland,gland
gad.man.dam,strained,3,4,grand,grand
gad.man.mat,strained,3,3,granat,granite
gad.map.mud,strained,3,3,grapol,grapple
gad.mas.map,strained,3,3,grasap,grasshopper
gad.mas.mus,strained,3,3,grasuc,grass roots
gad.mas.pam,strained,3,4,grasp,grasp
gad.mat.mud,strained,3,3,gratud,gratitude
gad.mav.mud,strained,3,3,gravol,grovel
gad.max.min,strained,3,3,galxiq,loud
gad.mib.mas,strained,3,3,gribas,grebe
gad.mid.man,strained,3,3,gledan,glitter
gad.mid.mig,strained,3,3,gridig,greed
gad.mig.mad,strained,3,3,gligal,glee
gad.min.man,strained,3,3,grinaq,grin
gad.min.min,strained,3,3,gliniq,glean
gad.mis.man,strained,3,3,glisan,glisten
gad.mis.map,strained,3,3,grisap,grease
gad.mix.mad,strained,3,3,glexar,glacier
gad.miz.miz,strained,3,3,gleziC,glaze
gad.mud.mig,strained,3,3,grolig,roll
gad.mun.dam,strained,3,4,grund,ground
gad.mun.mad,strained,3,3,grunal,well (water)
gad.mun.min,strained,3,3,groniq,groan
gad.mun.mit,strained,3,3,gruqit,rung
gad.mup.mud,strained,3,3,gropor,grope
gad.mus.mig,strained,3,3,glosig,gloss
gad.mus.mig,strained,3,3,glosig,gloss
gad.mut.mud,strained,3,3,glotor,gloat
gad.muv.mib,strained,3,3,gruvib,groove
gad.muz.mik,strained,3,3,grozik,eat up
gad.nam.nad,strained,3,3,gramar,grammar
gad.nim.nag,strained,3,3,grimag,grimace
gad.num.ban,strained,3,3,gruman,groom
gad.num.nag,strained,3,3,glumag,gloom
gas.mad.min,strained,3,3,gaslin,gasoline
gip.mad.mut,strained,3,3,geprot,gape
giv.mad.jam,strained,3,3,givadj,give away
gud.map.man,strained,3,3,golpan,gulp
jak.tum.dam,strained,3,3,jaktor,chat
jan.dam.tam,strained,3,3,janrat,degenerate
jun.dam.dam,strained,3,3,junral,general
jun.tam.dam,strained,3,3,jontal,gentle
kab.dim.dam,strained,3,3,habrid,hybrid
kab.mas.mis,strained,3,3,habses,obsess
kab.mat.mus,strained,3,3,habtus,obtuse
kab.mud.mat,strained,3,3,habort,abort
kad.mab.mas,strained,3,3,krabac,crab
kad.mad.jam,strained,3,3,haladj,allege
kad.mad.mak,strained,3,3,halark,luxury
kad.mad.mak,strained,3,3,klalak,curse
kad.mad.mig,strained,3,3,harlig,early
kad.mad.mis,strained,3,3,hadres,address
kad.mad.mit,strained,3,3,hadret,hydrate
kad.mad.mud,strained,3,3,kladod,clod
kad.mad.mug,strained,3,3,kralog,crawl
kad.mad.mun,strained,3,3,hadron,hadron
kad.maf.mas,strained,3,3,karafs,celery
kad.maf.mat,strained,3,3,harfat,artifact (museum object)
kad.maf.mun,strained,3,3,karfon,cuff
kad.mak.mad,strained,3,3,halkal,alcohol
kad.mak.mad,strained,3,3,kalkal,economy
kad.mak.mid,strained,3,3,harked,arcade
kad.mak.mik,strained,3,3,hadkik,repress
kad.mak.min,strained,3,3,harkiq,hierarchy
kad.mak.mit,strained,3,3,hadket,adequate
kad.mak.mit,strained,3,3,halket,allocate
kad.mak.mix,strained,3,3,karkix,rattle
kad.mak.mud,strained,3,3,krakol,crackle
kad.mak.mun,strained,3,3,harkun,argue
kad.mak.mun,strained,3,3,kalkun,caulk
kad.man.dam,strained,3,3,haland,island
kad.man.dam,strained,3,3,harand,errand
kad.man.mik,strained,3,3,kranik,chronic
kad.man.zam,strained,3,4,klanz,cleanse
kad.map.man,strained,3,3,halpan,span
kad.map.min,strained,3,3,halpen,help
kad.map.mit,strained,3,3,karpit,carpet
kad.map.mit,strained,3,3,klapit,clap
kad.map.miz,strained,3,3,krapiz,crop (cut)
kad.map.mus,strained,3,3,karpuc,keep up with
kad.map.mux,strained,3,3,kalpox,kelp
kad.map.muz,strained,3,3,krapoC,crop (food)
kad.mas.kam,strained,3,3,halask,ayahuasca
kad.mas.mak,strained,3,3,hadsak,displacement of water by submerged body
kad.mas.man,strained,3,3,karsaq,audience
kad.mas.mas,strained,3,3,harcas,planet earth
kad.mas.mik,strained,3,3,klasik,classic
kad.mas.min,strained,3,3,halciq,health
kad.mas.mit,strained,3,3,karset,incarcerate
kad.mas.mud,strained,3,3,kadsul,counsel
kad.mas.mud,strained,3,3,karsol,ankle
kad.mas.muk,strained,3,3,hadsuk,hat
kad.mas.pam,strained,3,4,klasp,clasp
kad.mas.tam,strained,3,4,krast,annoint
kad.mat.maj,strained,3,3,hartaj,heritage
kad.mat.mak,strained,3,3,hartak,architect
kad.mat.man,strained,3,3,kartan,carton
kad.mat.mik,strained,3,3,kratik,critique
kad.mat.min,strained,3,3,hartiq,discourage
kad.mat.mud,strained,3,3,haltor,alter
kad.mat.mud,strained,3,3,haltur,moonlighting
kad.mat.mud,strained,3,3,klatur,clatter
kad.mat.muz,strained,3,3,kartoC,character (portray)
kad.mat.sam,strained,3,3,harats,country
kad.mat.xam,strained,3,3,haratx,auroch
kad.max.mak,strained,3,3,harxak,conviction
kad.max.man,strained,3,3,kalxaq,oven
kad.max.mik,strained,3,3,kraxik,crush
kad.max.min,strained,3,3,hadxen,audition
kad.max.mun,strained,3,3,klaxon,clash
kad.max.nam,strained,3,3,harxam,registration
kad.max.nim,strained,3,3,harxim,impress
kad.maz.mit,strained,3,3,klazet,closet
kad.mib.mit,strained,3,3,kribet,crib
kad.mid.jam,strained,3,3,kaledj,college
kad.mid.mat,strained,3,3,krilat,frolic
kad.mid.mud,strained,3,3,kredol,cradle
kad.mid.mun,strained,3,3,klidon,cotyledon
kad.mif.man,strained,3,3,klefan,clef
kad.mik.mit,strained,3,3,kriket,cricket
kad.mik.mun,strained,3,3,krikun,creak
kad.min.mat,strained,3,3,krinat,buy
kad.mip.mud,strained,3,3,kripol,cripple
kad.mis.mat,strained,3,3,krisat,collapse
kad.mis.tam,strained,3,4,krist,anoint
kad.mis.tam,strained,3,3,harest,arrest
kad.mit.mak,strained,3,3,kritak,diacritic
kad.mit.maz,strained,3,3,haritz,tyrant
kad.mit.maz,strained,3,3,kaletz,rescue
kad.mit.maz,strained,3,3,karitz,slot
kad.mit.mik,strained,3,3,kritik,critic
kad.mit.mud,strained,3,3,kretor,crater
kad.mub.mas,strained,3,3,klubas,club (society)
kad.mud.bam,strained,3,4,krolb,unobstruct
kad.mud.gam,strained,3,3,halorg,allow
kad.mud.mad,strained,3,3,halord,award
kad.mud.mak,strained,3,3,klolak,shoot
kad.mud.nam,strained,3,3,hadorn,adorn
kad.mud.zam,strained,3,3,hadorz,adore
kad.mut.maz,strained,3,4,klutz,pioneer
kad.mut.maz,strained,3,3,harutz,ravine
kad.mut.xam,strained,3,4,krutx,crouch
kad.muz.mig,strained,3,3,kruzig,cruise
kad.muz.min,strained,3,3,kloCiq,clothing
kad.muz.mus,strained,3,3,kloCos,clothe
kad.nam.pam,strained,3,4,klamp,clamp
kad.nam.pam,strained,3,4,kramp,cramp
kad.nim.nam,strained,3,3,kalnin,colony
kad.nim.nit,strained,3,3,klimet,acclimate
kad.nim.nit,strained,3,3,krimet,cremate
kad.nim.nud,strained,3,3,krimol,cream
kaf.mab.mit,strained,3,3,hafbet,alphabet
kaf.mad.mid,strained,3,3,hafrid,afford
kaf.mad.mik,strained,3,3,haflik,afflict
kaf.mad.mit,strained,3,3,haflet,affiliate
kaf.mad.mut,strained,3,3,haflot,discriminate
kaf.mas.mat,strained,3,3,hafsat,offset
kaf.max.mid,strained,3,3,hafxir,thaw
kaf.mik.sam,strained,3,3,hafiks,affix
kaf.min.dam,strained,3,3,hafend,offend
kaf.min.zam,strained,3,3,hafenz,offence
kaf.mit.maz,strained,3,3,kafitz,coil
kaf.mud.man,strained,3,3,haform,affirm
kaf.mud.mat,strained,3,3,hafort,effort
kaf.tim.dam,strained,3,3,haftir,exempt
kaf.tum.dam,strained,3,3,kaftor,button
kam.ban.kam,strained,3,3,kamaqk,comma
kam.ban.tam,strained,3,3,hamant,amount
kam.bin.tam,strained,3,3,hament,amend
kam.dim.dam,strained,3,3,hamrid,instigate
kam.dim.dam,strained,3,3,kamdir,commandeer
kam.gab.mid,strained,3,3,hagbir,boost
kam.gad.mat,strained,3,3,hagrat,fee
kam.gad.max,strained,3,3,hagalx,agriculture
kam.gad.mid,strained,3,3,haglid,scar
kam.gad.mut,strained,3,3,hagrot,hag
kam.gan.mid,strained,3,3,hagnid,agony
kam.gan.mit,strained,3,3,kagnet,cognate
kam.gan.mix,strained,3,3,kagnix,cognition
kam.gaz.nam,strained,3,3,hagzam,exaggeration
kam.gaz.nim,strained,3,3,hagzim,exaggerate
kam.kab.mad,strained,3,3,hakbar,mouse
kam.kab.mid,strained,3,3,hakbid,burden
kam.kab.mud,strained,3,3,hakbod,hexapoda
kam.kad.mad,strained,3,3,hakrad,awkward
kam.kad.mat,strained,3,3,haklat,resolution
kam.kad.mav,strained,3,3,hakrav,scorpion
kam.kad.mit,strained,3,3,hakret,accurate
kam.kad.miv,strained,3,3,hakliv,staple (action)
kam.kad.mud,strained,3,3,haklud,occlude
kam.kad.mun,strained,3,3,hakrun,accrue
kam.kad.nim,strained,3,3,haklem,acclaim
kam.kam.kam,strained,3,4,kakak,quack
kam.kan.mik,strained,3,3,haknik,choke
kam.kan.min,strained,3,3,hakniq,subdue
kam.kan.tam,strained,3,3,hakant,account
kam.kap.man,strained,3,3,hakpan,occupy
kam.kas.mad,strained,3,3,haksal,accelerate
kam.kas.man,strained,3,3,haksan,axon
kam.kas.mid,strained,3,3,haksid,exceed
kam.kas.mis,strained,3,3,hakses,access
kam.kas.mud,strained,3,3,haksol,axel
kam.kas.nim,strained,3,3,haksim,enchant
kam.kas.num,strained,3,3,haksom,axiom
kam.kat.mad,strained,3,3,haktad,tie
kam.kat.mas,strained,3,3,kaktas,cactus
kam.kat.miv,strained,3,3,haktiv,activity
kam.kat.mud,strained,3,3,haktor,act
kam.kav.mit,strained,3,3,hakvet,activate
kam.kav.miz,strained,3,3,hakveC,determinant (math)
kam.kax.mad,strained,3,3,hakxar,imperishable
kam.kax.maz,strained,3,3,hakxaz,actualize
kam.kax.miv,strained,3,3,hakxiv,esteem
kam.kax.mun,strained,3,3,hakxun,auction
kam.kim.kam,strained,3,4,hakik,engraving
kam.kud.mad,strained,3,3,hakord,accord
kam.nad.mas,strained,3,3,kamars,commerce
kam.nud.max,strained,3,3,kamorx,commercial (tv)
kam.tim.tam,strained,3,3,hamtet,amputate
kan.dam.tam,strained,3,3,hanlat,enlighten
kan.dim.dam,strained,3,3,handid,indeed
kan.dim.tam,strained,3,3,kandet,candidate
kan.dum.dam,strained,3,3,handur,endure
kan.dum.dam,strained,3,3,hanrol,enroll
kan.kam.kam,strained,3,3,kankak,concoct
kan.mad.mat,strained,3,3,hanart,inherit
kan.mad.mat,strained,3,3,kanart,con
kan.mak.sam,strained,3,3,hanaks,annex
kan.man.dam,strained,3,3,hanand,bliss
kan.mud.max,strained,3,3,hanorx,xnor
kan.sim.sam,strained,3,3,kanses,consist
kan.tam.dam,strained,3,3,hantal,entail
kan.tim.dam,strained,3,3,hantil,until
kan.tim.tam,strained,3,3,kantit,quantity
kan.tum.dam,strained,3,3,kantor,counter
kap.mad.man,strained,3,3,haplan,apply
kap.mad.mas,strained,3,3,haplas,helpless
kap.mad.mat,strained,3,3,hapdat,expedite
kap.mad.mat,strained,3,3,kaprat,copyright
kap.mad.maz,strained,3,3,hapraz,oppose/against
kap.mad.mik,strained,3,3,kaprik,cap
kap.mad.mit,strained,3,3,hapret,operate
kap.mad.miz,strained,3,3,haprez,appraise
kap.mad.mut,strained,3,3,haprut,uproot
kap.min.dam,strained,3,3,hapend,append
kap.mun.tam,strained,3,3,hapont,appoint
kap.sam.zam,strained,3,3,kapsaz,capsize
kap.tam.tam,strained,3,3,haptat,appetite
kap.tum.dam,strained,3,3,haptor,opt
kap.tum.dam,strained,3,3,haptud,aptitude
kas.mad.mad,strained,3,3,kacard,coward
kas.mad.mat,strained,3,3,hasalt,assault
kas.mad.mat,strained,3,3,hasrat,film (video)
kas.mad.mid,strained,3,3,hasdir,resolve
kas.mad.mit,strained,3,3,haclit,athlete
kas.mad.nam,strained,3,3,hasram,ridiculous
kas.mad.nim,strained,3,3,haslim,escalate
kas.mag.mad,strained,3,3,hasgar,closure
kas.min.dam,strained,3,3,hasend,ascend
kas.nam.pam,strained,3,3,hasamp,assemble
kat.mab.mid,strained,3,3,hatbil,dip
kat.mab.mus,strained,3,3,hatbus,bus
kat.mad.mag,strained,3,3,katlag,catalog
kat.mad.mak,strained,3,3,hatrak,attract
kat.mad.mib,strained,3,3,hatrib,attribute
kat.mad.mid,strained,3,3,hatrid,disturb
kat.mad.mig,strained,3,3,katrig,accuse
kat.mad.mud,strained,3,3,hatlod,outlaw
kat.mad.muz,strained,3,3,katloC,catalogue
kat.mag.mad,strained,3,3,hatgar,challenge
kat.man.dam,strained,3,3,hatand,attend
kat.mav.mun,strained,3,3,katvun,cut back on
kat.mav.mut,strained,3,3,hatvot,outline
kat.maz.mad,strained,3,3,hatzal,shade
kat.maz.mad,strained,3,3,hatzar,declaration
kat.maz.man,strained,3,3,hatzan,cool (action)
kat.maz.mat,strained,3,3,hatzat,ignite
kat.maz.mav,strained,3,3,katzav,butcher
kat.maz.mid,strained,3,3,hatzid,parade
kat.maz.mid,strained,3,3,hatzir,hay
kat.maz.num,strained,3,3,hatzum,petition
kat.mis.tam,strained,3,3,hatest,attest
kav.dim.tam,strained,3,3,havlit,highlight
kav.mak.min,strained,3,3,havkin,distinguish
kav.mat.mak,strained,3,3,havtak,ensure
kav.mud.mat,strained,3,3,havort,avert
kax.mad.mak,strained,3,3,haxlak,implication
kax.mad.mix,strained,3,3,haxrix,implant
kax.mad.nim,strained,3,3,haxlim,reconcile
kax.map.sam,strained,3,3,haxaps,inspiration
kax.mit.maz,strained,3,3,haxitz,reproduce
kax.tim.dam,strained,3,3,haxtil,transplant
kaz.mad.mat,strained,3,3,kazalt,casualty
kaz.mak.mid,strained,3,3,hazkir,remind
kid.mad.man,strained,3,3,hidlan,headline
kid.mad.man,strained,3,3,kidran,equation
kid.mad.mas,strained,3,3,hirdas,iridescence
kid.mad.min,strained,3,3,hedriq,aid
kid.map.sam,strained,3,3,hilaps,elapse
kid.mat.mas,strained,3,3,hiltac,hesitate
kid.max.mun,strained,3,3,kilxon,pitchfork
kid.mut.maz,strained,3,3,hilutz,constrain
kim.gad.man,strained,3,3,higlan,eagle (bird)
kim.gad.muf,strained,3,3,higruf,fist
kim.gad.mut,strained,3,3,higlut,bed
kim.gam.kam,strained,3,4,kigak,beaver
kim.gan.mus,strained,3,3,hignus,igneous
kim.gaz.mad,strained,3,3,hegzal,exhale
kim.gaz.mud,strained,3,3,hegzud,exude
kim.gaz.num,strained,3,3,hegzum,exhume
kim.kad.mad,strained,3,3,hiklar,equal
kim.kad.mat,strained,3,3,hekrat,acre
kim.kan.miv,strained,3,3,kiknev,kick off
kim.kas.mas,strained,3,3,heksas,excess
kim.kas.mat,strained,3,3,heksat,excite
kim.kas.mud,strained,3,3,heksul,excel
kim.kud.nam,strained,3,3,hekorn,acorn
kim.nad.mas,strained,3,3,himars,immerse
kim.tim.tam,strained,3,3,himtet,imitate
kin.dam.tam,strained,3,3,hindat,indict
kin.dim.dam,strained,3,3,hendir,endear
kin.dum.dam,strained,3,3,hendol,endow
kin.dum.dam,strained,3,3,hindor,hinder
kin.sim.sam,strained,3,3,hinsis,insist
kin.tum.tam,strained,3,3,hentot,entitle
kip.mad.muz,strained,3,3,keproC,cape
kis.mad.mad,strained,3,3,hecral,ethereal
kis.maf.nim,strained,3,3,kisfim,longing
kit.mad.mak,strained,3,3,kitrak,kit
kit.mad.map,strained,3,3,hitrap,recover
kit.maz.maf,strained,3,3,kitzaf,foam
kit.maz.mub,strained,3,3,kitzub,ration
kit.maz.mun,strained,3,3,kitzon,external
kit.maz.muv,strained,3,3,hitzuv,design
kit.maz.num,strained,3,3,hitzum,climax
kiv.mut.maz,strained,3,3,kivutz,compress
kiv.nim.nam,strained,3,3,hivniq,evening
kix.mav.mad,strained,3,3,hixvar,supreme
kub.mat.man,strained,3,3,hubtan,obtain
kud.mad.man,strained,3,3,kuldan,cool
kud.mad.mat,strained,3,3,kordat,cord
kud.mad.mig,strained,3,3,horlig,hurl
kud.mad.min,strained,3,3,horden,ordain
kud.mad.mit,strained,3,3,korlet,correlate
kud.mad.mud,strained,3,3,hurdor,hood (cover)
kud.maf.mad,strained,3,3,horfad,horrify
kud.maf.man,strained,3,3,horfan,orphan
kud.maf.mus,strained,3,3,kurfus,cringe
kud.mak.man,strained,3,3,kurkan,cook
kud.mak.maz,strained,3,3,korkaz,cork
kud.mak.mit,strained,3,3,kolket,collocate
kud.mak.mud,strained,3,3,kurkul,curriculum
kud.man.tam,strained,3,3,kurant,current (recent)
kud.mas.min,strained,3,3,korsiq,currency
kud.mas.muf,strained,3,3,kursuf,artichoke
kud.mas.mun,strained,3,3,korson,cursor
kud.mas.tam,strained,3,3,holast,last (staying)
kud.mas.tam,strained,3,3,hurast,heuristic
kud.mat.mad,strained,3,3,kurtal,curtail
kud.mat.min,strained,3,3,kurten,curtain
kud.mid.jam,strained,3,3,koredj,courage
kud.mud.zam,strained,3,3,kodorz,coerce
kuf.mud.nam,strained,3,3,huforn,hoof
kum.bin.dam,strained,3,3,komind,commend
kum.dim.tam,strained,3,3,humlet,humiliate
kum.dim.tam,strained,3,3,kumlet,accumulate
kum.gam.kam,strained,3,4,kugak,swan
kum.kas.mat,strained,3,3,koksat,coax
kum.kas.mip,strained,3,3,hoksip,hoax
kum.kas.muk,strained,3,3,huksuk,blubber
kum.kaz.mit,strained,3,3,kokzit,coxeter
kum.kim.kam,strained,3,4,hokek,length
kum.nad.nam,strained,3,3,komarn,comb (hair)
kun.dam.dam,strained,3,3,kundal,bowl
kun.dim.tam,strained,3,3,hunlit,wedding
kun.man.miv,strained,3,3,hoqnev,hold off
kup.mad.mat,strained,3,3,huprat,upright
kup.mad.mis,strained,3,3,hopres,oppress
kus.mad.mak,strained,3,3,hocrak,oath
kus.mad.mat,strained,3,3,kusrat,cuss
kus.tam.dam,strained,3,3,hostar,hoist
kut.mad.mut,strained,3,3,hotrut,oat
kuv.mak.man,strained,3,3,huvkan,diagnose
kuv.max.mad,strained,3,3,hovxad,overshadow
kux.man.tam,strained,3,3,koxant,quotient (division)
mad.mad.mit,strained,3,3,madret,moderate
mad.mad.mun,strained,3,3,wadrun,wad
mad.maf.man,strained,3,3,madfan,modify
mad.mak.man,strained,3,3,markan,mark
mad.mak.mus,strained,3,3,warkus,oak
mad.map.mut,strained,3,3,warpot,warp
mad.mas.min,strained,3,3,madsin,medicine
mad.mas.mup,strained,3,3,marsup,marsupial
mad.mat.mad,strained,3,3,waltal,coat
mad.mat.min,strained,3,3,wartiq,warranty
mad.mat.mud,strained,3,3,martol,mettle
mad.mat.mud,strained,3,3,martor,martyr
mad.max.mud,strained,3,3,marxol,marshal
mad.mis.tam,strained,3,3,madist,modest
mad.mud.jam,strained,3,3,marodj,marry (wed)
mad.mus.kam,strained,3,3,malosk,mollusk
mad.zam.sam,strained,3,3,marzas,mars
mag.mit.sam,strained,3,3,magets,iron
mak.mad.mas,strained,3,3,maklas,refugee
man.dam.dam,strained,3,3,mandal,round
man.dum.dam,strained,3,3,mandor,meander
man.dum.dam,strained,3,3,wandor,wonder
man.mab.mud,strained,3,3,mambol,mumble
mas.mad.gam,strained,3,3,masarg,expensive
mas.mad.jam,strained,3,3,masadj,massage
mas.mad.mat,strained,3,3,masart,massacre
mas.tum.dam,strained,3,3,mastur,muster
mat.kam.kam,strained,3,3,matkak,paddle
mat.mab.min,strained,3,3,matben,coin
mat.mad.mik,strained,3,3,matrik,metric
mat.maz.mat,strained,3,3,matzat,cracker
mat.maz.muk,strained,3,3,matzuk,distress
maz.mas.mud,strained,3,3,waCsul,bay
mib.dam.tam,strained,3,3,webrat,web
mid.mad.mag,strained,3,3,wedrag,wade
mid.mad.man,strained,3,3,medlaq,meddle
mid.mad.mat,strained,3,3,mirdat,spare
mid.mad.max,strained,3,3,midrax,interpret
mid.mad.mud,strained,3,3,wildur,bewilder
mid.mak.mit,strained,3,3,medket,medicate
mid.mak.nam,strained,3,3,mirkam,texture
mid.max.nam,strained,3,3,mirxam,recipe
mif.mad.mak,strained,3,3,mifrak,joint (biology)
mig.dam.dam,strained,3,3,migdal,tower
mik.mad.man,strained,3,3,mikran,mechanical
mik.mad.max,strained,3,3,mikdax,temple
mik.mad.mik,strained,3,3,mekrik,make up
mik.man.dam,strained,3,3,wekand,wack
mik.maz.man,strained,3,3,wikzaq,disguise
mik.maz.mud,strained,3,3,mikzur,recycle
min.dam.dam,strained,3,3,minral,mineral
min.dum.dam,strained,3,3,wenrol,tender
min.dum.dam,strained,3,3,windol,window
min.mad.maz,strained,3,3,memraz,memorize
min.map.mud,strained,3,3,wimpur,whimper
min.tam.dam,strained,3,3,wintar,winter
min.tum.dam,strained,3,3,mentur,mentor
mip.mad.maz,strained,3,3,wipraz,cry
mis.mad.mad,strained,3,3,wicral,withdraw
mis.mad.mid,strained,3,3,mislid,mislead
mis.mad.mut,strained,3,3,misrut,loyalty
mis.mud.mad,strained,3,3,wicold,withhold
mis.tim.tam,strained,3,3,westit,waste
mit.maz.mud,strained,3,3,mitzud,fortress
mix.mad.mad,strained,3,3,mixdal,transmission
mix.tam.dam,strained,3,3,mixtar,regulate
miz.dam.dam,strained,3,3,miClar,mediate
miz.mav.mad,strained,3,3,mizvad,luggage
mud.mad.mig,strained,3,3,wurlig,whirl
mud.mad.mud,strained,3,3,mordur,murder
mud.mad.mus,strained,3,3,moldos,mold (bacteria)
mud.mad.nam,strained,3,3,modarn,modern
mud.maf.muz,strained,3,3,morfoz,metamorphosis
mud.mak.mas,strained,3,3,murkas,mercury
mud.map.mak,strained,3,3,morpak,mope
mud.mat.mad,strained,3,3,mortal,mortal
mud.mat.mud,strained,3,3,mortor,mortar
mud.min.tam,strained,3,3,worint,warrant
mud.nam.nam,strained,3,3,mornaq,mourn
mud.nim.nam,strained,3,3,morniq,morning
mun.mad.mat,strained,3,3,momart,momentum
mun.mad.mit,strained,3,3,momret,commemorate
mun.min.tam,strained,3,3,moment,moment
mus.tam.dam,strained,3,3,mustal,mustelidae
mut.mad.man,strained,3,3,motran,moat
mut.mad.mit,strained,3,3,mutlet,mutilate
mut.man.tam,strained,3,3,motant,mutant
mut.mav.mit,strained,3,3,motvet,motivate
nad.mat.mik,strained,3,3,nartik,vagina
naf.mut.sam,strained,3,3,nafots,widespread
nag.dim.tam,strained,3,3,nagret,inaugurate
nak.tim.dam,strained,3,3,naktir,exhaust
nat.mad.mad,strained,3,3,natral,natural
nat.mad.man,strained,3,3,natran,sodium
nat.maz.mad,strained,3,3,natzal,exploit
nid.mak.nam,strained,3,3,nilkam,wage war
nid.mak.sam,strained,3,3,nilaks,lux (measurement)
nid.max.man,strained,3,3,nirxan,inertia
nif.mad.mus,strained,3,3,nefros,kidney
nik.mad.mut,strained,3,3,nekdot,anecdote
nik.tam.dam,strained,3,3,nektar,nectar
nim.nam.nam,strained,3,3,nimnan,depression
nim.tum.dam,strained,3,3,nimtul,clay
nip.mat.xam,strained,3,3,nipatx,nip
nip.mut.maz,strained,3,3,niputz,smashing
nis.mab.mit,strained,3,3,nisbet,proportion
nis.mas.mat,strained,3,3,niscat,anesthetize
nit.maz.mud,strained,3,3,nitzul,usage
niv.mas.tam,strained,3,3,nivast,invest
niz.mak.mad,strained,3,3,nizkar,remember suddenly after having forgotten
nub.mud.mad,strained,3,3,nobold,noble
nud.mad.min,strained,3,3,nolrin,area
nud.mak.nam,strained,3,3,nolkam,nook
nuk.mad.mit,strained,3,3,nuklit,ursidae
num.dim.tam,strained,3,3,numret,enumerate
num.nam.nam,strained,3,4,nunan,none
num.nax.mit,strained,3,3,nunxet,annunciate
nut.mad.man,strained,3,3,nutlan,newt
nut.mad.miz,strained,3,3,nutriC,nutrition
pad.mab.mud,strained,3,3,prabol,parabola
pad.mad.man,strained,3,3,pradaq,prod
pad.mad.man,strained,3,3,pralaq,parallel
pad.mad.mat,strained,3,3,plalat,plow
pad.mad.maz,strained,3,3,parlaz,paralyze
pad.mad.min,strained,3,3,pardiq,parody
pad.mad.min,strained,3,3,parleq,parley
pad.mad.muk,strained,3,3,pradok,product
pad.mad.num,strained,3,3,pladum,ply
pad.maf.num,strained,3,3,parfum,perfume
pad.maj.mak,strained,3,3,prajak,project (task)
pad.mak.man,strained,3,3,prakan,procyonidae
pad.mak.mit,strained,3,3,parket,park (place)
pad.man.bim,strained,3,3,planim,cheap
pad.man.min,strained,3,3,pranin,sentient
pad.man.tam,strained,3,4,plant,plant
pad.map.mid,strained,3,3,parpil,obscure
pad.map.mud,strained,3,3,prapor,proper
pad.map.muj,strained,3,3,prapoj,propulsion
pad.map.mun,strained,3,3,prapon,prop (setting)
pad.map.muz,strained,3,3,prapoz,propose
pad.mas.min,strained,3,3,palsiq,policy
pad.mas.min,strained,3,3,parsiq,parse
pad.mas.mis,strained,3,3,parsis,persist
pad.mas.mit,strained,3,3,palset,pulsate
pad.mas.miv,strained,3,3,palsiv,repulsive
pad.mas.mun,strained,3,3,palson,pulse
pad.mas.mun,strained,3,3,parson,personal
pad.mat.mab,strained,3,3,platab,palatable
pad.mat.mid,strained,3,3,paltir,improvise
pad.mat.mik,strained,3,3,partek,partake
pad.mat.mik,strained,3,3,platik,plight
pad.mat.mun,strained,3,3,platon,plateau
pad.mat.mup,strained,3,3,paltop,polytope
pad.mav.mab,strained,3,3,pravab,proverb
pad.max.mut,strained,3,3,parxut,parachute
pad.mid.mat,strained,3,3,prilat,busy
pad.mid.mik,strained,3,3,pridik,predict
pad.mid.mut,strained,3,3,plelut,lute
pad.mid.nam,strained,3,3,prilam,beloved
pad.mik.mat,strained,3,3,prikat,predicate
pad.mik.maz,strained,3,3,prikaC,prick
pad.mik.mit,strained,3,3,pleket,placate
pad.mik.mit,strained,3,3,pliket,implicate
pad.mik.mux,strained,3,3,prikux,percussion
pad.min.mad,strained,3,3,pliqal,plea
pad.min.mak,strained,3,3,prinak,grant
pad.min.min,strained,3,3,priniq,preen
pad.min.mix,strained,3,3,plenix,replenish
pad.min.mud,strained,3,3,prinur,entrepreneur
pad.min.tam,strained,3,4,prent,apparent
pad.min.tam,strained,3,4,print,print
pad.mip.mad,strained,3,3,pripar,prepare
pad.mis.mas,strained,3,3,prisas,precise
pad.mit.num,strained,3,3,pritum,broad
pad.miv.mad,strained,3,3,prival,prevail
pad.miv.mud,strained,3,3,privul,preview
pad.mix.mit,strained,3,3,prixet,appreciate
pad.mix.mut,strained,3,3,prixut,asceticism
pad.miz.mad,strained,3,3,prizad,preside
pad.miz.mun,strained,3,3,prizon,imprison
pad.miz.num,strained,3,3,prizum,presume
pad.mud.man,strained,3,3,prolaq,prolong
pad.mud.mus,strained,3,3,produs,produce
pad.muk.mib,strained,3,3,prohib,prohibit
pad.muk.mud,strained,3,3,prokur,procure
pad.mun.mif,strained,3,3,prunif,prune
pad.mut.mak,strained,3,3,protak,protect
pad.mut.mas,strained,3,3,plutas,pluto
pad.mut.num,strained,3,3,protom,proto
pad.muv.mas,strained,3,3,provas,profess
pad.muv.max,strained,3,3,provax,profession
pad.muv.miz,strained,3,3,proviz,provision
pad.nam.nis,strained,3,3,pramis,promise
pad.nam.nit,strained,3,3,plamet,plummet
pad.nam.nit,strained,3,3,pramet,primate
pad.nam.nut,strained,3,3,pramot,promote
pad.nam.pam,strained,3,4,plamp,plump
pad.nam.pam,strained,3,4,pramp,prompt (message)
pad.num.ban,strained,3,3,pruman,pomegranate
pad.num.naj,strained,3,3,plumaj,fluff
pad.num.zam,strained,3,4,promz,pass
paf.nim.nam,strained,3,3,pafnin,modulate
pak.mad.mis,strained,3,3,paklis,populate
pak.maz.miv,strained,3,3,pakziv,disappoint
pak.tum.dam,strained,3,3,paktor,pact
pam.pad.mad,strained,3,3,paplar,poplar
pam.pam.pam,strained,3,4,papap,pop
pan.dum.dam,strained,3,3,pandor,pander
pan.tim.tam,strained,3,3,pantit,punt
pas.mab.mad,strained,3,3,pasbal,possible
pas.mad.mun,strained,3,3,pacrun,pass through
pas.maf.mag,strained,3,3,pasfag,pacify
pas.tam.dam,strained,3,3,pastal,pastel
pat.mad.mud,strained,3,3,patrol,patrol
pat.mad.muz,strained,3,3,patruz,pat
pat.man.tam,strained,3,3,patant,patent
pav.dim.dam,strained,3,3,pavrir,ventilate
pav.mat.mak,strained,3,3,pavtak,secure
paz.mak.mid,strained,3,3,pazkir,cite
paz.mat.mud,strained,3,3,paztor,repository
pid.mad.jam,strained,3,3,piladj,pillage
pid.mad.mad,strained,3,3,pedral,pedal
pid.mad.mad,strained,3,3,pelard,steel
pid.maf.mad,strained,3,3,pilfar,pilfer
pid.map.mad,strained,3,3,pilpal,pepper
pid.mas.num,strained,3,3,pirsum,publication
pid.mat.maz,strained,3,3,piratz,gush
pid.mat.min,strained,3,3,pirten,pertain
pin.dam.tam,strained,3,3,penrat,pen
pin.mas.tam,strained,3,3,pinast,grind
pin.min.kam,strained,3,3,peniqk,ink
pis.tam.dam,strained,3,3,pestal,pedestal
pis.tum.dam,strained,3,3,pestor,pester
pit.mad.maf,strained,3,3,petraf,petrify
pit.mad.man,strained,3,3,petran,patron
pit.mad.mit,strained,3,3,pitlet,capitulate
pit.maz.man,strained,3,3,pitzan,injury
pit.maz.mud,strained,3,3,pitzul,fragment
piz.man.tam,strained,3,3,pezant,peasant
pud.maf.mit,strained,3,3,purfet,perforate
pud.mak.mat,strained,3,3,porkat,pork
pud.map.man,strained,3,3,porpan,porcupine
pud.map.muz,strained,3,3,purpoz,purpose
pud.mas.mad,strained,3,3,porsad,persuade
pud.mas.min,strained,3,3,porsin,suidae
pud.mat.mad,strained,3,3,portal,portal
pud.mat.mub,strained,3,3,portub,perturbation
pud.mat.mun,strained,3,3,portun,opportune
puk.mad.man,strained,3,3,poklaq,pretty
pun.min.tam,strained,3,3,ponent,component
pus.tum.dam,strained,3,3,postud,post (in the ground)
put.mad.min,strained,3,3,potreq,portray
put.man.tam,strained,3,3,potant,impotent
puv.mik.sam,strained,3,3,puveks,vex
sab.mas.mad,strained,3,3,sabsad,subside
sab.mas.mid,strained,3,3,sabsid,subsidy
sab.mat.mut,strained,3,3,sabtut,substitute
sad.mad.mad,strained,3,3,sladal,swaddle
sad.mad.man,strained,3,3,sadlan,sideline
sad.mad.man,strained,3,3,sadran,steward
sad.mad.man,strained,3,3,sardan,sardonic
sad.mad.maz,strained,3,3,slaraz,slur
sad.mad.min,strained,3,3,cradiq,thread
sad.mad.min,strained,3,3,salriq,salary
sad.mad.mun,strained,3,3,cadruq,thud
sad.mad.num,strained,3,3,saldom,seldom
sad.mag.mat,strained,3,3,slagat,boast
sad.mag.mud,strained,3,3,slagor,swagger
sad.mak.mat,strained,3,3,carkat,bargain
sad.mak.mav,strained,3,3,carkav,archive
sad.mak.min,strained,3,3,salken,silk
sad.mak.sam,strained,3,4,craks,thorax
sad.man.dam,strained,3,4,srand,surround
sad.man.tam,strained,3,4,slant,slant
sad.map.nam,strained,3,3,sarpam,creep
sad.mas.miz,strained,3,3,slasiz,slice
sad.mat.mak,strained,3,3,saltak,salt
sad.mat.mid,strained,3,3,saltir,solitary
sad.mat.mud,strained,3,3,cratol,throttle
sad.mat.mud,strained,3,3,slator,slaughter
sad.max.mak,strained,3,3,craxak,thrash
sad.max.miz,strained,3,3,slaxiz,slosh
sad.max.mud,strained,3,3,craxol,threshold
sad.mid.mag,strained,3,3,crilag,thrill
sad.mid.mak,strained,3,3,crelak,toil
sad.mid.mas,strained,3,3,srilas,sale
sad.mid.mat,strained,3,3,sledat,sled
sad.mik.muv,strained,3,3,slekuv,consecutive
sad.min.dam,strained,3,4,slind,cylinder
sad.min.maj,strained,3,3,sliqaj,sling
sad.mis.man,strained,3,3,slisan,pardon
sad.mit.man,strained,3,3,cretan,threaten
sad.mit.muz,strained,3,3,sletoC,slate
sad.miz.min,strained,3,3,sleCiq,slay
sad.mud.man,strained,3,4,slorm,swarm
sad.mud.map,strained,3,4,slorp,slurp
sad.mug.mad,strained,3,3,crugal,nonsense (rubbish)
sad.mun.bam,strained,3,3,cronam,throne
sad.mun.map,strained,3,3,slunap,slew
sad.mun.mik,strained,3,3,slunik,swoon
sad.mup.mud,strained,3,3,cropod,arthropod
sad.mut.mas,strained,3,3,srotas,current (river)
sad.mut.xam,strained,3,4,slotx,slouch
sad.nam.dam,strained,3,4,slamd,salamander
sad.num.nag,strained,3,3,crumag,thrum
saf.mad.man,strained,3,3,safran,saffron
saf.mas.mad,strained,3,3,safsal,bench
saf.mas.mid,strained,3,3,safsir,speculate
saf.mik.sam,strained,3,3,safiks,suffix
sag.mas.mig,strained,3,3,sagsig,prosper
sak.mab.mut,strained,3,3,skabut,scab
sak.mad.mak,strained,3,4,skalk,skulk
sak.mad.man,strained,3,3,sakran,intrigue
sak.mad.map,strained,3,4,skalp,sculpt
sak.mad.mas,strained,3,4,skars,scarce
sak.mad.mit,strained,3,3,sakrit,secrete
sak.mad.mud,strained,3,3,saklud,seclude
sak.mad.mud,strained,3,3,skalod,scowl
sak.maf.mad,strained,3,3,skafad,scoff
sak.man.mit,strained,3,3,skanit,scan
sak.mat.mig,strained,3,3,skateg,squat
sak.mat.mud,strained,3,3,skatul,scuttle
sak.mid.mad,strained,3,3,skelar,scalar (math)
sak.mid.min,strained,3,3,skilin,squeal
sak.min.min,strained,3,3,skiniq,ski
sak.min.tam,strained,3,4,skint,squint
sak.mit.mad,strained,3,3,sketar,skate
sak.mit.xam,strained,3,4,skitx,switch
sak.mud.mad,strained,3,3,skoral,squirrel
sak.mud.mat,strained,3,3,sakort,saw (cut)
sak.mud.min,strained,3,3,skoriq,scurry
sak.mud.nam,strained,3,4,skorn,scorn
sak.muz.mun,strained,3,3,skoCun,opinion
sak.nam.nuk,strained,3,3,skamok,scum (muck)
sak.nam.pam,strained,3,4,skamp,swamp
sam.dam.dam,strained,3,3,samlar,shock
sam.nad.jam,strained,3,4,smadj,smudge
sam.nad.mak,strained,3,4,smark,smirk
sam.nad.mat,strained,3,4,smart,smart
sam.nag.mun,strained,3,3,smagon,smug
sam.nat.mik,strained,3,3,smatik,smite
sam.naz.mud,strained,3,3,smaCur,smother
sam.nid.mat,strained,3,4,smilt,mile
sam.nig.mud,strained,3,3,smegol,smuggle
sam.nit.min,strained,3,3,smitin,reminiscient
sam.nud.mat,strained,3,3,samolt,simultaneous
sam.nuz.mig,strained,3,3,smuCig,smooth
sam.sam.zam,strained,3,4,sasaC,hone
sam.san.mit,strained,3,3,sasnet,assassinate
san.dum.dam,strained,3,3,candor,thunder
san.mab.mit,strained,3,3,snabet,snob
san.mad.mad,strained,3,4,snarl,snarl
san.mad.min,strained,3,3,snariq,snare (trap)
san.mag.mit,strained,3,3,snagit,snug
san.mag.mud,strained,3,3,snagol,snuggle
san.mak.mig,strained,3,3,snakig,snack
san.map.mun,strained,3,3,snapon,snipe
san.mat.mat,strained,3,3,snatat,pierce
san.mid.min,strained,3,3,snirin,sneer
san.mid.min,strained,3,3,sniriq,sneer
san.mik.mud,strained,3,3,snikor,snicker
san.mud.mag,strained,3,3,snorag,snore
san.mud.mat,strained,3,4,snort,snort
san.muf.mid,strained,3,3,snufil,snuff
san.mug.mat,strained,3,3,snogat,snag
san.tum.dam,strained,3,3,santor,saunter
sap.mad.mak,strained,3,4,spark,spark
sap.mad.man,strained,3,3,saplan,supply
sap.mad.maz,strained,3,3,sapraz,surprise
sap.mad.mis,strained,3,3,sapres,suppress
sap.mad.mut,strained,3,3,sparot,spar
sap.maf.man,strained,3,3,spafan,specify
sap.man.dam,strained,3,4,spand,spend
sap.man.mak,strained,3,3,spanak,spy
sap.man.min,strained,3,3,spaniq,spawn
sap.mat.mud,strained,3,3,spatol,spot
sap.mat.mud,strained,3,3,spatur,spatter
sap.mid.mad,strained,3,3,spirad,spearhead
sap.mid.man,strained,3,3,spiran,spear
sap.mid.max,strained,3,3,spilax,spill
sap.mid.mud,strained,3,3,spirud,contest
sap.mik.mud,strained,3,3,spekul,speckle
sap.mis.mis,strained,3,3,spisis,species
sap.mud.mad,strained,3,3,capold,uphold
sap.mud.mag,strained,3,3,spolag,spoil
sap.mud.man,strained,3,4,spurm,sperm
sap.mud.man,strained,3,3,spuran,spur
sap.mud.mat,strained,3,3,saport,support
sap.mud.mat,strained,3,3,spurat,throb
sat.mab.mud,strained,3,3,stabol,stubble
sat.mad.mak,strained,3,4,stark,stark
sat.mad.mak,strained,3,3,starak,stare
sat.mad.mas,strained,3,4,stalc,stealth
sat.mad.mas,strained,3,3,satras,saturn
sat.mad.vam,strained,3,4,starv,starve
sat.maf.mud,strained,3,3,stafol,stifle
sat.mag.mud,strained,3,3,stagur,stagger
sat.mak.min,strained,3,3,stakiq,stalk
sat.mak.mip,strained,3,3,stakip,stocky (build)
sat.man.dam,strained,3,4,stand,stand
sat.man.mat,strained,3,3,stanat,reverberate
sat.man.min,strained,3,3,staniq,stunning
sat.man.miv,strained,3,3,stanev,send off
sat.man.mix,strained,3,3,stanix,astonish
sat.map.mad,strained,3,3,stapal,pomegranite
sat.mat.mud,strained,3,3,stator,stationary
sat.mav.mad,strained,3,3,stavar,steady
sat.max.mig,strained,3,3,staxig,stash
sat.mid.jam,strained,3,4,stedj,stage (action)
sat.mid.mad,strained,3,3,stiral,sterile
sat.mid.man,strained,3,3,stelan,stale
sat.mid.man,strained,3,3,stilaq,still
sat.mid.mat,strained,3,3,stirat,stability
sat.min.kam,strained,3,4,stiqk,stink
sat.min.miv,strained,3,3,stiqiv,sting
sat.mip.mik,strained,3,3,stipik,steep
sat.miv.mat,strained,3,3,stevat,stave
sat.mix.mun,strained,3,3,stexon,station
sat.miz.mud,strained,3,3,stiCur,truncate
sat.mud.mak,strained,3,4,stork,story
sat.mud.man,strained,3,4,storm,storm
sat.mud.mik,strained,3,3,stolik,stoic
sat.muz.mud,strained,3,3,stuCul,coefficient
sat.nam.nud,strained,3,3,stamor,stammer
sat.nim.ban,strained,3,3,steman,stem
sat.num.nat,strained,3,3,stomat,stomata
sat.num.pam,strained,3,4,stomp,stomp
sav.dam.dam,strained,3,3,savral,several
sav.mad.jam,strained,3,3,savadj,savage
sav.mad.man,strained,3,3,svadan,flavor
sav.mad.mun,strained,3,3,svaduq,grape/berry
sav.mag.nam,strained,3,3,svagam,welcome
sav.man.tam,strained,3,3,savant,savant
sav.miv.mun,strained,3,3,svivon,spinning top
sav.miz.nam,strained,3,3,sviCam,roast
sav.mud.mat,strained,3,3,savurt,subvert
sid.mad.jam,strained,3,3,siladj,bush
sid.mak.mut,strained,3,3,sirkut,circuit
sid.mat.man,strained,3,3,siltan,silt
sid.mat.mun,strained,3,3,sirtun,carcinogenesis
sig.dam.tam,strained,3,3,sigrat,swig
sik.mad.mad,strained,3,3,sekrad,sacred
sik.min.tam,strained,3,3,sikent,subsequent
sik.sam.zam,strained,3,3,ceksaz,excise
sim.dam.dam,strained,3,3,simlar,similar
sim.dam.tam,strained,3,3,simlat,assimilate
sim.sad.mas,strained,3,3,cislas,unless
sim.sap.maz,strained,3,3,cespaz,espouse
sim.sat.mud,strained,3,3,sistor,sister
sim.sat.mut,strained,3,3,cistut,institute
sim.sim.sam,strained,3,4,sesis,sass
sim.tum.tam,strained,3,3,simtot,asymptote
sin.tum.dam,strained,3,3,centor,short
sip.mad.mad,strained,3,3,seprad,sap (tree)
sip.mad.man,strained,3,3,sipran,seep
sip.mad.mas,strained,3,3,sipras,cypress
sip.tam.tam,strained,3,3,siptat,precipitate
sit.mad.mak,strained,3,3,sitark,sweater
sit.mad.mas,strained,3,3,setras,citrus
sit.mad.nam,strained,3,3,citarq,get along
siv.mud.mas,strained,3,3,sevors,sever
sub.dam.tam,strained,3,3,sublat,sublet
sud.maf.mas,strained,3,3,surfas,face (surface)
sud.map.maz,strained,3,3,surpaz,surpass
sud.mas.min,strained,3,3,sulsin,trivial
sud.mas.mis,strained,3,3,sorsis,exorcise
sud.mas.mit,strained,3,3,solsit,solicit
sud.mat.min,strained,3,3,cortin,authority
sud.vam.vam,strained,3,3,survav,survive
suk.mab.mat,strained,3,3,cukbat,hollow
suk.mud.mat,strained,3,3,sukort,sue
sun.dam.dam,strained,3,3,sundar,charming
suv.mak.nam,strained,3,3,covkam,overcome
suv.mud.zam,strained,3,3,cuvorz,reverse
tab.dim.tam,strained,3,3,tablet,tabulate
tag.dum.dam,strained,3,3,taglor,tug
tak.mad.mit,strained,3,3,takrit,incident
tak.mad.nim,strained,3,3,takrim,respect (object)
tak.maz.miv,strained,3,3,takziv,budget
tam.dab.mud,strained,3,3,tarbol,terrible
tam.dab.mud,strained,3,3,trabol,trouble
tam.dag.mat,strained,3,3,targat,interrogate
tam.dag.mid,strained,3,3,targil,exercise
tam.dag.nim,strained,3,3,talgim,dodge
tam.dag.num,strained,3,3,targum,translation
tam.dak.miz,strained,3,3,tarkiz,concentrate
tam.dak.nam,strained,3,3,tarkam,speculation
tam.dam.daj,strained,3,4,tradj,trudge
tam.dam.dam,strained,3,4,tarad,cod (fish)
tam.dam.dam,strained,3,3,tamlal,transcribe
tam.dam.dig,strained,3,3,tardig,tardigrada
tam.dam.dig,strained,3,3,tarlig,twirl
tam.dam.dik,strained,3,3,tradik,contradict
tam.dam.dim,strained,3,3,tardim,hibernation
tam.dam.dus,strained,3,3,tardus,thrush (bird)
tam.dam.nap,strained,3,3,tramap,trauma
tam.dam.tun,strained,3,3,tartuq,tart
tam.dam.tun,strained,3,3,tartuq,tart
tam.dan.zam,strained,3,4,tranz,transform
tam.dap.man,strained,3,3,tarpan,satisfy
tam.dap.min,strained,3,3,tarpen,tarp
tam.das.mak,strained,3,3,tarsak,intersect
tam.das.min,strained,3,3,trasiq,truss
tam.das.tam,strained,3,4,trast,trust
tam.dav.mad,strained,3,3,traval,travel
tam.dax.min,strained,3,3,talxin,defiant
tam.dax.nim,strained,3,3,tarxim,sketch
tam.dik.mat,strained,3,3,trekat,trek
tam.dik.mit,strained,3,3,triket,extricate
tam.dik.mut,strained,3,3,trikut,intricate
tam.dim.dam,strained,3,3,tamlil,lyrics
tam.dim.dan,strained,3,3,trelan,trail
tam.dim.dis,strained,3,3,tredic,tread
tam.dim.tam,strained,3,4,taret,tolerate
tam.dim.tik,strained,3,3,tritik,treaty
tam.dim.tix,strained,3,3,tritex,treat
tam.dip.mud,strained,3,3,tripor,trip (fall)
tam.dum.dam,strained,3,4,talor,tire (car)
tam.dum.dam,strained,3,4,taror,terror
tam.dum.dus,strained,3,3,trodus,introduce
tam.dus.miz,strained,3,3,trusiC,truce
tam.tim.dam,strained,3,4,tatir,develop
tam.tum.dam,strained,3,4,tatol,tattle
tam.tum.dam,strained,3,4,tator,totter
tam.tum.dam,strained,3,4,tatul,tattoo
tap.mad.mak,strained,3,3,taprak,apple
tax.mab.min,strained,3,3,txabeq,differential
tax.mab.mit,strained,3,3,txabit,chub
tax.mad.mad,strained,3,3,txalal,material
tax.mad.man,strained,3,4,txarm,item
tax.mad.man,strained,3,3,txadan,menu
tax.mad.mat,strained,3,4,txart,chart
tax.mad.mat,strained,3,3,txalat,traverse
tax.mad.miv,strained,3,3,txadiv,chide
tax.mad.mun,strained,3,3,txaloq,admit
tax.mad.num,strained,3,3,txalum,tide
tax.mag.mut,strained,3,3,txagut,chug
tax.mak.mad,strained,3,3,txakal,chuckle
tax.mak.min,strained,3,3,txakin,chuck
tax.man.man,strained,3,3,txanaq,prospect
tax.man.man,strained,3,3,txaqan,reimburse
tax.man.mik,strained,3,3,txanik,migrate
tax.man.muk,strained,3,3,txanuk,confess
tax.man.tam,strained,3,4,txant,chant
tax.mib.mad,strained,3,3,txebal,reassure
tax.mib.mit,strained,3,3,txibit,pungent
tax.mib.mit,strained,3,3,txibit,pungent
tax.mib.mit,strained,3,3,txibit,pungent
tax.mid.mad,strained,3,3,txidal,equator
tax.mid.mad,strained,3,3,txidal,equator
tax.mid.mad,strained,3,3,txidal,equator
tax.mid.mad,strained,3,3,txiral,moreover
tax.mid.mak,strained,3,3,txirak,cherry
tax.mid.man,strained,3,3,txedan,defect
tax.mid.mik,strained,3,3,txedik,thorough
tax.mid.mik,strained,3,3,txirik,cheer up
tax.mid.mud,strained,3,3,txilor,minor
tax.mid.mud,strained,3,3,txirul,flimsy
tax.mid.muk,strained,3,3,txiluk,strategy
tax.mid.mun,strained,3,3,txilun,gear
tax.mif.mak,strained,3,3,txefak,deficient
tax.mif.mug,strained,3,3,txifug,undulate
tax.mig.mad,strained,3,3,txigar,odd
tax.mig.mad,strained,3,3,txigar,odd
tax.mig.mad,strained,3,3,txigar,odd
tax.mig.nam,strained,3,3,txigam,strange
tax.mig.nam,strained,3,3,txigam,strange
tax.mig.nam,strained,3,3,txigam,strange
tax.mik.mad,strained,3,3,txikar,shrill
tax.mik.mad,strained,3,3,txikar,shrill
tax.mik.mad,strained,3,3,txikar,shrill
tax.mik.man,strained,3,3,txikan,chicken
tax.mik.man,strained,3,3,txikan,chicken
tax.mik.man,strained,3,3,txikan,chicken
tax.mik.mut,strained,3,3,txekut,garage
tax.min.kam,strained,3,4,txiqk,tick (step)
tax.min.mad,strained,3,3,txiqal,jiggle
tax.min.mad,strained,3,3,txiqal,jiggle
tax.min.mad,strained,3,3,txiqal,jiggle
tax.min.mik,strained,3,3,txiqek,mild
tax.min.mik,strained,3,3,txiqek,mild
tax.min.mik,strained,3,3,txiqek,mild
tax.mip.mud,strained,3,3,txipur,chipper
tax.mip.mud,strained,3,3,txipur,chipper
tax.mip.mud,strained,3,3,txipur,chipper
tax.mis.man,strained,3,3,txesan,chasten
tax.mis.mud,strained,3,3,txesul,mastermind
tax.mis.mup,strained,3,3,txisop,climate
tax.mit.mak,strained,3,3,txitak,cheat
tax.mit.mak,strained,3,3,txitak,cheat
tax.mit.mak,strained,3,3,txitak,cheat
tax.mix.mib,strained,3,3,txixib,bias
tax.mix.nam,strained,3,3,txixam,charity
tax.miz.mit,strained,3,3,txizit,resign
tax.mub.mad,strained,3,3,txubal,rowdy
tax.mub.mik,strained,3,3,txubek,reserve
tax.mud.mad,strained,3,3,txudal,channel
tax.mud.mat,strained,3,3,txodat,incite
tax.mud.mik,strained,3,3,txulik,dispose
tax.mud.min,strained,3,3,txudiq,ascertain
tax.mud.mit,strained,3,3,txudet,acquire
tax.mud.mud,strained,3,3,txolul,excellence
tax.mud.muk,strained,3,3,txulok,flood
tax.mud.mup,strained,3,3,txulup,rude
tax.muf.min,strained,3,3,txufin,differentiate
tax.mug.man,strained,3,3,txugan,supervisor
tax.mun.mid,strained,3,3,txonil,seat
tax.mun.mid,strained,3,3,txunil,originality
tax.mun.mud,strained,3,3,txoqul,pet
tax.mus.man,strained,3,3,txusan,perspire
tax.mus.muk,strained,3,3,txusuk,retrieve
tax.mus.nim,strained,3,3,txusim,trend
tax.num.nik,strained,3,3,txumik,spring (water)
tik.mad.min,strained,3,3,tekriq,take care of
tim.daf.mun,strained,3,3,telfon,phone
tim.daj.mat,strained,3,3,tedjat,sharp
tim.dam.dan,strained,3,3,tirdan,bother
tim.dam.tam,strained,3,4,tilat,twilight
tim.dam.tam,strained,3,4,tirat,deteriorate
tim.dam.tam,strained,3,3,timdat,intimidate
tim.dan.tam,strained,3,3,tirant,tyrrany
tim.dum.dan,strained,3,3,telorn,tailor
tim.tam.dam,strained,3,4,tetar,tatter
tim.tam.dix,strained,3,3,tetrex,tetration
tim.tax.mad,strained,3,3,tetxal,spade
tim.tax.min,strained,3,3,tetxiq,livid
tim.tax.mun,strained,3,3,titxun,quit
tim.tax.num,strained,3,3,titxum,pose (question)
tin.man.tam,strained,3,3,tenant,tenant
tin.mid.jam,strained,3,3,tinedj,teenager
tin.tum.dam,strained,3,3,tentor,taint
tip.mad.mat,strained,3,3,tiprat,tip
tip.mud.mat,strained,3,3,teport,teleport
tip.tum.dam,strained,3,3,tiptol,tiptoe
tis.mad.mak,strained,3,3,tesrak,tesseract
tis.mad.man,strained,3,3,teslan,tesla (measurement)
tuk.mav.mak,strained,3,3,tukvak,moose
tuk.mav.mak,strained,3,3,tukvak,moose
tuk.mav.mak,strained,3,3,tukvak,moose
tum.daf.mid,strained,3,3,turfir,interfere
tum.daf.mid,strained,3,3,turfir,interfere
tum.daf.mid,strained,3,3,turfir,interfere
tum.daj.nim,strained,3,3,tudjem,schematic
tum.daj.nim,strained,3,3,tudjem,schematic
tum.daj.nim,strained,3,3,tudjem,schematic
tum.dak.mit,strained,3,3,torkit,torque
tum.dak.mit,strained,3,3,torkit,torque
tum.dak.mit,strained,3,3,torkit,torque
tum.dam.bun,strained,3,3,turmon,term (language)
tum.dam.bun,strained,3,3,turmon,term (language)
tum.dam.bun,strained,3,3,turmon,term (language)
tum.dam.tam,strained,3,4,tolat,toilet
tum.dam.tug,strained,3,3,tortug,turtle
tum.dam.tug,strained,3,3,tortug,turtle
tum.dam.tug,strained,3,3,tortug,turtle
tum.dan.mid,strained,3,3,turnir,competition
tum.dan.mid,strained,3,3,turnir,competition
tum.dan.mid,strained,3,3,turnir,competition
tum.dan.miv,strained,3,3,tornev,turn off
tum.dan.miv,strained,3,3,tornev,turn off
tum.dan.miv,strained,3,3,tornev,turn off
tum.dap.mad,strained,3,3,tolpal,bid
tum.dap.mad,strained,3,3,tolpal,bid
tum.dap.mad,strained,3,3,tolpal,bid
tum.dap.mid,strained,3,3,torpid,torpedo
tum.dap.mid,strained,3,3,torpid,torpedo
tum.dap.mid,strained,3,3,torpid,torpedo
tum.das.mun,strained,3,3,torson,torso
tum.das.mun,strained,3,3,torson,torso
tum.das.mun,strained,3,3,torson,torso
tum.dax.man,strained,3,3,torxan,torsion
tum.dax.man,strained,3,3,torxan,torsion
tum.dax.man,strained,3,3,torxan,torsion
tum.tam.dam,strained,3,4,total,total
tus.mad.mik,strained,3,3,tucrik,set up
tus.mad.mik,strained,3,3,tucrik,set up
tus.mad.mik,strained,3,3,tucrik,set up
tus.tum.dam,strained,3,3,tostod,toast (action)
tus.tum.dam,strained,3,3,tostod,toast (action)
tus.tum.dam,strained,3,3,tostod,toast (action)
vad.mad.mat,strained,3,3,vardat,elevate
vad.mad.mik,strained,3,3,vardik,verdict
vad.mad.mit,strained,3,3,valdet,validate
vad.man.man,strained,3,3,vranan,sore
vad.man.tam,strained,3,4,vrant,vibrant
vad.mat.mid,strained,3,3,valtir,volunteer
vad.mat.muv,strained,3,3,valtov,vault
vad.max.mun,strained,3,3,varxon,variation
vad.mit.xam,strained,3,4,vritx,spider
vad.muf.tam,strained,3,4,vruft,bracket
vad.nam.nat,strained,3,3,vramat,stop
vak.mad.min,strained,3,3,vakrin,crooked
vap.mad.mit,strained,3,3,vapret,evaporate
vat.mad.maz,strained,3,3,vatlaz,revitalize
vat.maz.mid,strained,3,3,vatzir,reinforce
vid.mad.jam,strained,3,3,viladj,village
vid.mad.man,strained,3,3,viralm,overwhelm
vik.mad.nam,strained,3,3,vikram,pace
vik.tam.dam,strained,3,3,vektar,vector (math)
vin.dim.tam,strained,3,3,venret,venerate
vin.kam.kam,strained,3,3,vinkak,lemming
vin.tam.dam,strained,3,3,vental,eventual
vis.mad.mit,strained,3,3,visret,vociferate
vud.mad.mud,strained,3,3,voldor,folder
vud.mak.man,strained,3,3,volkan,volcano
vud.map.mis,strained,3,3,vulpes,fox
vud.mat.mak,strained,3,3,vortak,vortex
vud.mat.maz,strained,3,3,vortaz,advertise
vud.max.mud,strained,3,3,vorxol,virtual
vus.mad.mik,strained,3,3,vucrik,catch up
xab.mit.maz,strained,3,3,xabitz,assign
xad.mad.mig,strained,3,3,xadrig,upgrade
xad.mad.min,strained,3,3,xalren,villain
xad.map.mis,strained,3,3,yalpic,yelp
xad.max.nam,strained,3,3,xalxam,lily
xad.mid.mat,strained,3,3,xredat,shred
xad.mig.mad,strained,3,3,xlegal,schlegel
xad.mik.mut,strained,3,3,xlikut,mission
xad.min.kam,strained,3,4,xriqk,shrink
xad.mis.tam,strained,3,3,xadist,shroud
xad.mut.maz,strained,3,3,xarotz,infest
xag.dim.dam,strained,3,3,xagrir,envoy
xak.mad.man,strained,3,3,xakran,wheel
xak.maz.mid,strained,3,3,xakzir,restore
xak.mid.man,strained,3,3,xkidaq,persevere
xak.mid.man,strained,3,3,xkilaq,consider
xan.dam.dam,strained,3,3,xaqdal,anticipate
xan.min.man,strained,3,3,xninan,wit
xap.mad.mat,strained,3,3,xaprat,shop
xap.mit.maz,strained,3,3,xapetz,renovate
xap.mud.mad,strained,3,3,xapord,shepherd
xat.maz.mig,strained,3,3,yatzig,represent
xik.mad.nam,strained,3,3,xikdam,chic
xik.mav.man,strained,3,3,xikvan,level
xin.dam.dam,strained,3,3,yiqral,linger
xit.maz.mid,strained,3,3,yetzir,instinct
xiv.dam.dam,strained,3,3,xivral,shrivel
xub.mat.muk,strained,3,3,xubtuk,slump
xud.mad.mad,strained,3,3,xoldal,receipt
xud.mad.man,strained,3,3,yoldan,merit
xud.mad.mik,strained,3,3,xolrik,show up
xud.mad.mud,strained,3,3,xulrul,debilitate
xud.mak.mad,strained,3,3,yulkal,pleasant
xud.max.min,strained,3,3,yolxiq,tangible
xud.max.mip,strained,3,3,xolxip,punctual
xud.max.mud,strained,3,3,yolxur,outstanding
xuk.mad.mid,strained,3,3,yuklid,euclidean
xun.tam.tam,strained,3,3,xuntat,shun
xus.mud.map,strained,3,3,yusorp,usurp
zad.mad.mit,strained,3,3,zalret,exhilarate
zak.mad.man,strained,3,3,zaklan,beard
zak.mag.mad,strained,3,3,zakgal,lousy
zam.dam.dam,strained,3,3,zamrar,fright
zam.sab.mit,strained,3,3,zasbet,exacerbate
zan.dim.tam,strained,3,3,zanret,exonerate
zid.man.tam,strained,3,3,zilant,resilient
zim.sat.muk,strained,3,3,zestok,zest
zim.zan.tam,strained,3,3,zizant,representative
zin.dum.dam,strained,3,3,zeqdul,scramble
zip.mad.mat,strained,3,3,ziprat,zip
zit.maz.mud,strained,3,3,zetzol,pucker
