english,group,why,role,uses,head
color,pinned,pinned longer,verb,71,50
liquid,pinned,pinned longer,adjective,69,39
plan,pinned,pinned longer,verb,53,42
great,pinned,pinned longer,adjective,103,13
clean,pinned,pinned longer,adjective,60,17
bring,pinned,pinned longer,verb,55,8
blood,pinned,pinned longer,noun,44,5
human,pinned,pinned longer,noun,15,9
problem,pinned,pinned longer,noun,10,10
hunt,pinned,pinned longer,verb,12,8
trade,pinned,pinned longer,verb,21,4
thousand,pinned,pinned longer,value,15,5
please,pinned,pinned longer,adverb,8,6
gene,pinned,pinned longer,noun,6,6
track,pinned,pinned longer,verb,9,5
dream,pinned,pinned longer,verb,9,4
joke,pinned,pinned longer,verb,9,4
trap,pinned,pinned longer,verb,11,3
prove,pinned,pinned longer,verb,9,3
hundred,pinned,pinned longer,value,11,2
mountain,pinned,pinned longer,noun,6,3
simple,pinned,pinned longer,adjective,13,1
lip,pinned,pinned longer,noun,8,2
solve,pinned,pinned longer,verb,4,3
plane,pinned,pinned longer,noun,5,2
triangle,pinned,pinned longer,noun,8,1
drum,pinned,pinned longer,verb,5,1
click,pinned,pinned longer,verb,1,1
hello,pinned,pinned longer,interjection,1,1
molecule,pinned,pinned longer,noun,1,1
braid,pinned,pinned longer,noun,1,0
jewel,pinned,pinned longer,noun,1,0
brow,pinned,pinned longer,noun,0,0
justice,pinned,pinned longer,adjective,0,0
sneeze,pinned,pinned longer,verb,0,0
me,pinned,pinned longer,,0,0
strength,pinned,pinned longer,,0,0
billion,pinned,pinned longer,,0,0
its,pinned,pinned longer,,0,0
septillion,pinned,pinned longer,,0,0
speech,pinned,pinned longer,,0,0
octillion,pinned,pinned longer,,0,0
decillion,pinned,pinned longer,,0,0
their,pinned,pinned longer,,0,0
your,pinned,pinned longer,,0,0
power42,pinned,pinned longer,,0,0
power45,pinned,pinned longer,,0,0
lay,said,said by hand,adjective,61,47
land,said,said by hand,verb,64,43
style,said,said by hand,verb,49,45
break,said,said by hand,verb,79,34
stick,said,said by hand,verb,54,35
quick,said,said by hand,adjective,101,15
ground,said,said by hand,verb,34,23
stand,said,said by hand,verb,36,22
touch,said,said by hand,verb,29,23
tight,said,said by hand,adjective,33,18
figure,said,said by hand,verb,24,20
wind,said,said by hand,verb,32,17
drop,said,said by hand,verb,24,17
faith,said,said by hand,noun,25,16
tube,said,said by hand,noun,28,15
sheet,said,said by hand,noun,18,16
bend,said,said by hand,verb,32,12
thin,said,said by hand,adjective,49,5
sharp,said,said by hand,adjective,59,2
flat,said,said by hand,adjective,36,7
arrange,said,said by hand,verb,19,11
strike,said,said by hand,verb,23,10
fluid,said,said by hand,adjective,14,11
frame,said,said by hand,verb,11,11
swell,said,said by hand,verb,15,10
firm,said,said by hand,adjective,22,8
glow,said,said by hand,verb,15,9
slide,said,said by hand,verb,15,8
star,said,said by hand,verb,22,6
band,said,said by hand,verb,13,8
burst,said,said by hand,verb,17,7
glass,said,said by hand,noun,12,8
shade,said,said by hand,verb,12,8
soak,said,said by hand,verb,14,7
storm,said,said by hand,verb,7,5
fog,said,said by hand,verb,8,4
hill,said,said by hand,noun,8,4
flash,said,said by hand,verb,6,3
ceremony,said,said by hand,noun,5,3
worship,said,said by hand,verb,4,3
cloud,said,said by hand,verb,3,2
plenty,said,said by hand,determiner,3,1
person,world,named thing,noun,377,358
act,world,named thing,verb,151,145
study,world,named thing,verb,101,95
piece,world,named thing,noun,98,92
together,world,named thing,adjective,128,82
word,world,named thing,noun,110,86
cover,world,named thing,verb,95,70
look,world,named thing,verb,94,67
food,world,named thing,noun,97,64
mark,world,named thing,noun,85,64
view,world,named thing,verb,78,65
item,world,named thing,noun,65,62
water,world,named thing,noun,122,43
spot,world,named thing,verb,57,53
cloth,world,named thing,noun,61,51
cut,world,named thing,verb,101,41
help,world,named thing,verb,79,46
do,world,named thing,verb,66,49
show,world,named thing,verb,92,42
box,world,named thing,verb,58,49
noise,world,named thing,noun,51,50
remove,world,named thing,verb,172,18
picture,world,named thing,noun,58,46
skill,world,named thing,noun,60,41
skin,world,named thing,noun,72,38
room,world,named thing,noun,46,43
science,world,named thing,noun,43,43
sign,world,named thing,verb,52,40
love,world,named thing,verb,54,39
animal,world,named thing,adjective,63,35
story,world,named thing,noun,51,38
plant,world,named thing,verb,66,34
man,world,named thing,noun,48,37
build,world,named thing,verb,52,35
air,world,named thing,verb,86,26
care,world,named thing,verb,53,34
eat,world,named thing,verb,46,34
believe,world,named thing,verb,39,35
hair,world,named thing,noun,45,31
support,world,named thing,verb,61,27
fight,world,named thing,verb,46,30
fire,world,named thing,verb,60,26
people,world,named thing,noun,44,29
say,world,named thing,verb,47,28
heart,world,named thing,noun,49,27
house,world,named thing,verb,37,29
case,world,named thing,noun,32,30
drink,world,named thing,verb,42,26
fit,world,named thing,verb,37,27
go,world,named thing,verb,57,22
book,world,named thing,verb,45,24
substance,world,named thing,noun,29,28
able,world,named thing,adjective,42,24
device,world,named thing,noun,28,27
money,world,named thing,noun,49,21
stone,world,named thing,noun,36,24
meal,world,named thing,noun,35,24
expert,world,named thing,adjective,26,26
message,world,named thing,verb,38,23
hole,world,named thing,verb,28,25
speak,world,named thing,verb,50,19
base,world,named thing,verb,27,24
friend,world,named thing,noun,31,23
angle,world,named thing,noun,30,23
unit,world,named thing,noun,25,24
block,world,named thing,verb,39,20
kill,world,named thing,verb,31,22
draw,world,named thing,verb,38,20
head,world,named thing,verb,42,19
joy,world,named thing,noun,31,21
woman,world,named thing,noun,35,20
guide,world,named thing,verb,30,21
harm,world,named thing,verb,29,21
share,world,named thing,verb,56,14
material,world,named thing,noun,22,22
travel,world,named thing,verb,38,18
shine,world,named thing,verb,37,18
bag,world,named thing,noun,24,21
bone,world,named thing,verb,26,20
creature,world,named thing,noun,21,21
happy,world,named thing,adjective,36,17
metal,world,named thing,noun,32,18
weapon,world,named thing,noun,24,20
heat,world,named thing,verb,35,17
paper,world,named thing,noun,26,19
bird,world,named thing,noun,33,17
chance,world,named thing,noun,25,19
list,world,named thing,verb,27,18
check,world,named thing,verb,30,17
claim,world,named thing,verb,22,19
shake,world,named thing,verb,34,16
thread,world,named thing,verb,22,19
doctor,world,named thing,noun,21,19
bed,world,named thing,noun,36,15
art,world,named thing,noun,27,17
fear,world,named thing,verb,31,16
agree,world,named thing,verb,22,18
put,world,named thing,verb,58,9
hand,world,named thing,verb,45,12
disease,world,named thing,noun,23,17
flower,world,named thing,verb,31,15
leg,world,named thing,noun,23,17
record,world,named thing,verb,22,17
against,world,named thing,adjective,53,9
tale,world,named thing,noun,21,17
catch,world,named thing,verb,32,14
load,world,named thing,verb,20,17
fact,world,named thing,noun,19,17
job,world,named thing,noun,27,15
task,world,named thing,noun,19,17
matter,world,named thing,verb,18,17
happen,world,named thing,verb,21,16
insect,world,named thing,noun,25,15
mood,world,named thing,noun,20,16
spread,world,named thing,verb,28,14
stage,world,named thing,verb,20,16
charge,world,named thing,verb,19,16
feel,world,named thing,verb,35,12
meat,world,named thing,noun,27,14
tell,world,named thing,verb,27,14
carry,world,named thing,verb,30,13
gas,world,named thing,verb,22,15
pull,world,named thing,verb,42,10
supply,world,named thing,verb,21,15
watch,world,named thing,verb,29,13
bug,world,named thing,noun,20,15
copy,world,named thing,verb,28,13
road,world,named thing,noun,27,13
secret,world,named thing,adjective,35,11
deal,world,named thing,verb,18,15
foot,world,named thing,noun,30,12
health,world,named thing,noun,22,14
attack,world,named thing,verb,21,14
cook,world,named thing,noun,29,12
sick,world,named thing,adjective,28,12
fix,world,named thing,verb,35,10
stuff,world,named thing,verb,15,15
car,world,named thing,noun,26,12
game,world,named thing,verb,22,13
answer,world,named thing,verb,17,14
dirt,world,named thing,noun,21,13
fold,world,named thing,verb,21,13
hurt,world,named thing,verb,33,10
complete,world,named thing,adjective,32,10
earth,world,named thing,noun,40,8
free,world,named thing,adjective,44,7
ill,world,named thing,adjective,20,13
pay,world,named thing,verb,24,12
bear,world,named thing,verb,19,13
round,world,named thing,adjective,35,9
worry,world,named thing,verb,19,13
fat,world,named thing,adjective,26,11
muscle,world,named thing,noun,26,11
loud,world,named thing,adjective,49,5
push,world,named thing,verb,33,9
sea,world,named thing,noun,41,7
wave,world,named thing,verb,25,11
burn,world,named thing,verb,32,9
circle,world,named thing,verb,28,10
design,world,named thing,verb,16,13
marriage,world,named thing,noun,16,13
dog,world,named thing,noun,19,12
handle,world,named thing,verb,15,13
sell,world,named thing,verb,19,12
trust,world,named thing,verb,19,12
well,world,named thing,noun,19,12
dish,world,named thing,verb,14,13
meet,world,named thing,verb,22,11
pot,world,named thing,noun,14,13
treat,world,named thing,verb,14,13
worth,world,named thing,verb,18,12
board,world,named thing,verb,13,13
craft,world,named thing,verb,13,13
drive,world,named thing,verb,25,10
fish,world,named thing,verb,21,11
gather,world,named thing,verb,25,10
sad,world,named thing,adjective,33,8
sleep,world,named thing,verb,36,7
poison,world,named thing,verb,19,11
shell,world,named thing,noun,15,12
throw,world,named thing,verb,27,9
coat,world,named thing,verb,14,12
fly,world,named thing,verb,22,10
honor,world,named thing,verb,18,11
interest,world,named thing,verb,14,12
string,world,named thing,verb,18,11
sugar,world,named thing,noun,14,12
teach,world,named thing,verb,22,10
wood,world,named thing,noun,34,7
ask,world,named thing,verb,21,10
twist,world,named thing,verb,33,7
crowd,world,named thing,verb,16,11
fun,world,named thing,adjective,20,10
bind,world,named thing,verb,15,11
heal,world,named thing,verb,19,10
letter,world,named thing,noun,19,10
partner,world,named thing,noun,15,11
ring,world,named thing,verb,19,10
trouble,world,named thing,verb,15,11
blame,world,named thing,verb,14,11
desire,world,named thing,verb,14,11
hope,world,named thing,verb,14,11
oil,world,named thing,verb,18,10
search,world,named thing,verb,22,9
aid,world,named thing,verb,13,11
cost,world,named thing,verb,13,11
promise,world,named thing,verb,17,10
wall,world,named thing,noun,17,10
effort,world,named thing,noun,12,11
mass,world,named thing,noun,16,10
organ,world,named thing,noun,12,11
pipe,world,named thing,verb,16,10
arm,world,named thing,verb,19,9
ship,world,named thing,verb,15,10
smell,world,named thing,verb,15,10
lift,world,named thing,verb,22,8
own,world,named thing,adjective,21,8
waste,world,named thing,verb,21,8
salt,world,named thing,noun,16,9
crime,world,named thing,noun,11,10
damage,world,named thing,verb,15,9
detail,world,named thing,verb,15,9
keep,world,named thing,verb,27,6
text,world,named thing,verb,11,10
fabric,world,named thing,noun,14,9
manage,world,named thing,verb,14,9
opinion,world,named thing,noun,10,10
pad,world,named thing,noun,10,10
practice,world,named thing,verb,14,9
praise,world,named thing,verb,14,9
question,world,named thing,verb,18,8
trick,world,named thing,verb,14,9
hide,world,named thing,verb,37,3
normal,world,named thing,adjective,13,9
print,world,named thing,verb,13,9
split,world,named thing,verb,21,7
wing,world,named thing,verb,13,9
boat,world,named thing,verb,16,8
anger,world,named thing,verb,11,9
blade,world,named thing,noun,11,9
bubble,world,named thing,verb,15,8
carbon,world,named thing,noun,11,9
cry,world,named thing,verb,11,9
emotion,world,named thing,noun,11,9
guard,world,named thing,verb,19,7
shout,world,named thing,verb,11,9
wheel,world,named thing,verb,15,8
sure,world,named thing,adjective,14,8
term,world,named thing,noun,10,9
warm,world,named thing,adjective,26,5
wish,world,named thing,verb,10,9
wrap,world,named thing,verb,22,6
ear,world,named thing,noun,21,6
farm,world,named thing,verb,13,8
method,world,named thing,noun,13,8
music,world,named thing,noun,25,5
smart,world,named thing,adjective,17,7
sweet,world,named thing,adjective,21,6
beat,world,named thing,verb,16,7
chain,world,named thing,verb,12,8
gun,world,named thing,verb,16,7
label,world,named thing,verb,12,8
steady,world,named thing,adjective,16,7
taste,world,named thing,verb,12,8
wear,world,named thing,verb,20,6
wonder,world,named thing,verb,16,7
beauty,world,named thing,noun,11,8
fair,world,named thing,adjective,15,7
last,world,named thing,adjective,19,6
listen,world,named thing,verb,11,8
polite,world,named thing,adjective,11,8
pressure,world,named thing,noun,15,7
raise,world,named thing,verb,27,4
ride,world,named thing,verb,11,8
sex,world,named thing,noun,11,8
wet,world,named thing,adjective,27,4
beyond,world,named thing,adjective,26,4
curve,world,named thing,verb,22,5
jump,world,named thing,verb,18,6
mess,world,named thing,verb,22,5
price,world,named thing,verb,10,8
reduce,world,named thing,verb,22,5
respect,world,named thing,verb,10,8
tie,world,named thing,verb,18,6
appear,world,named thing,verb,9,8
germ,world,named thing,noun,17,6
leave,world,named thing,verb,33,2
race,world,named thing,verb,9,8
smooth,world,named thing,adjective,25,4
straight,world,named thing,adjective,17,6
activity,world,named thing,noun,8,8
buy,world,named thing,verb,12,7
display,world,named thing,verb,12,7
grain,world,named thing,noun,12,7
horn,world,named thing,noun,8,8
issue,world,named thing,verb,8,8
main,world,named thing,adjective,32,2
pack,world,named thing,verb,8,8
plate,world,named thing,noun,8,8
shield,world,named thing,noun,8,8
single,world,named thing,adjective,40,0
title,world,named thing,noun,8,8
win,world,named thing,verb,12,7
bite,world,named thing,verb,11,7
hate,world,named thing,verb,11,7
hear,world,named thing,verb,15,6
reach,world,named thing,verb,15,6
shame,world,named thing,noun,11,7
team,world,named thing,noun,11,7
throat,world,named thing,noun,15,6
bread,world,named thing,noun,14,6
egg,world,named thing,noun,26,3
proud,world,named thing,adjective,14,6
scent,world,named thing,noun,10,7
solid,world,named thing,adjective,14,6
stress,world,named thing,verb,10,7
sudden,world,named thing,adjective,30,2
bold,world,named thing,adjective,13,6
laugh,world,named thing,verb,9,7
mad,world,named thing,adjective,13,6
medicine,world,named thing,noun,17,5
school,world,named thing,noun,17,5
spend,world,named thing,verb,13,6
acid,world,named thing,noun,8,7
beam,world,named thing,noun,8,7
cake,world,named thing,verb,8,7
charm,world,named thing,verb,12,6
city,world,named thing,noun,12,6
fine,world,named thing,adjective,20,4
gap,world,named thing,noun,8,7
knife,world,named thing,noun,8,7
nerve,world,named thing,noun,24,3
ocean,world,named thing,noun,28,2
peak,world,named thing,verb,8,7
shock,world,named thing,verb,16,5
tissue,world,named thing,noun,12,6
trip,world,named thing,verb,8,7
urge,world,named thing,verb,12,6
bar,world,named thing,verb,11,6
compound,world,named thing,verb,7,7
dirty,world,named thing,adjective,15,5
fruit,world,named thing,noun,11,6
grip,world,named thing,verb,7,7
hue,world,named thing,noun,7,7
language,world,named thing,noun,11,6
murder,world,named thing,verb,7,7
press,world,named thing,verb,15,5
satisfy,world,named thing,verb,11,6
sorrow,world,named thing,noun,11,6
strip,world,named thing,verb,11,6
grass,world,named thing,noun,14,5
journey,world,named thing,noun,10,6
shelter,world,named thing,verb,10,6
stream,world,named thing,verb,10,6
suit,world,named thing,verb,10,6
vessel,world,named thing,noun,10,6
brain,world,named thing,noun,17,4
dress,world,named thing,verb,9,6
favor,world,named thing,noun,9,6
feed,world,named thing,verb,9,6
floor,world,named thing,noun,9,6
gentle,world,named thing,adjective,17,4
scare,world,named thing,verb,9,6
shop,world,named thing,verb,9,6
sing,world,named thing,verb,9,6
try,world,named thing,verb,13,5
war,world,named thing,verb,13,5
wise,world,named thing,adjective,13,5
camera,world,named thing,noun,8,6
capture,world,named thing,verb,8,6
chamber,world,named thing,noun,8,6
document,world,named thing,verb,8,6
guilt,world,named thing,noun,8,6
multiple,world,named thing,adjective,32,0
nice,world,named thing,adjective,16,4
spell,world,named thing,verb,8,6
stitch,world,named thing,verb,8,6
wild,world,named thing,adjective,20,3
aim,world,named thing,verb,7,6
bump,world,named thing,verb,7,6
cap,world,named thing,verb,7,6
flavor,world,named thing,verb,7,6
grasp,world,named thing,verb,7,6
horse,world,named thing,verb,15,4
juice,world,named thing,verb,7,6
luck,world,named thing,noun,7,6
pick,world,named thing,verb,11,5
pile,world,named thing,verb,7,6
pole,world,named thing,noun,7,6
poor,world,named thing,adjective,19,3
range,world,named thing,verb,7,6
spouse,world,named thing,noun,7,6
spray,world,named thing,verb,7,6
stable,world,named thing,adjective,7,6
tear,world,named thing,verb,19,3
vote,world,named thing,verb,11,5
alcohol,world,named thing,noun,6,6
approve,world,named thing,verb,6,6
battle,world,named thing,verb,10,5
bunch,world,named thing,noun,6,6
distant,world,named thing,adjective,26,1
duty,world,named thing,noun,6,6
element,world,named thing,noun,6,6
fuel,world,named thing,verb,6,6
instrument,world,named thing,noun,6,6
limb,world,named thing,noun,6,6
meter,world,named thing,noun,6,6
mist,world,named thing,noun,10,5
program,world,named thing,verb,6,6
religion,world,named thing,noun,10,5
role,world,named thing,noun,6,6
root,world,named thing,verb,6,6
strap,world,named thing,noun,6,6
surgery,world,named thing,noun,6,6
brief,world,named thing,adjective,9,5
choose,world,named thing,verb,13,4
crazy,world,named thing,adjective,17,3
electric,world,named thing,adjective,25,1
explain,world,named thing,verb,9,5
post,world,named thing,verb,9,5
scene,world,named thing,noun,9,5
steal,world,named thing,verb,17,3
vision,world,named thing,noun,9,5
wash,world,named thing,verb,17,3
cart,world,named thing,noun,8,5
girl,world,named thing,noun,8,5
ice,world,named thing,noun,16,3
offer,world,named thing,verb,16,3
regret,world,named thing,verb,8,5
serve,world,named thing,verb,8,5
ahead,world,named thing,adjective,7,5
atom,world,named thing,noun,7,5
cast,world,named thing,verb,7,5
chart,world,named thing,verb,7,5
culture,world,named thing,noun,7,5
final,world,named thing,adjective,19,2
gear,world,named thing,verb,7,5
knot,world,named thing,noun,7,5
net,world,named thing,verb,11,4
standard,world,named thing,adjective,7,5
stretch,world,named thing,verb,7,5
tire,world,named thing,verb,11,4
alone,world,named thing,adjective,10,4
bow,world,named thing,noun,6,5
infect,world,named thing,verb,6,5
joint,world,named thing,noun,18,2
platform,world,named thing,noun,6,5
public,world,named thing,adjective,18,2
save,world,named thing,verb,14,3
strange,world,named thing,adjective,26,0
version,world,named thing,noun,6,5
wait,world,named thing,verb,10,4
web,world,named thing,noun,10,4
benefit,world,named thing,verb,5,5
blend,world,named thing,verb,9,4
conduct,world,named thing,verb,5,5
cushion,world,named thing,noun,5,5
deed,world,named thing,noun,5,5
freeze,world,named thing,verb,13,3
fund,world,named thing,verb,5,5
glance,world,named thing,noun,5,5
gland,world,named thing,noun,9,4
lady,world,named thing,noun,5,5
mound,world,named thing,noun,5,5
odor,world,named thing,noun,5,5
panel,world,named thing,noun,5,5
rage,world,named thing,verb,5,5
rod,world,named thing,noun,5,5
roll,world,named thing,verb,9,4
route,world,named thing,verb,9,4
shirt,world,named thing,noun,5,5
snow,world,named thing,verb,9,4
sword,world,named thing,noun,9,4
talent,world,named thing,noun,5,5
usual,world,named thing,adjective,9,4
blow,world,named thing,verb,12,3
can,world,named thing,verb,16,2
cup,world,named thing,noun,8,4
extra,world,named thing,adjective,24,0
lock,world,named thing,verb,12,3
rope,world,named thing,verb,8,4
stomach,world,named thing,noun,12,3
struggle,world,named thing,verb,8,4
success,world,named thing,noun,8,4
suffer,world,named thing,verb,8,4
thief,world,named thing,noun,8,4
train,world,named thing,verb,8,4
argue,world,named thing,verb,7,4
climb,world,named thing,verb,11,3
country,world,named thing,noun,7,4
dance,world,named thing,verb,11,3
exchange,world,named thing,verb,7,4
fashion,world,named thing,noun,7,4
flame,world,named thing,verb,7,4
grave,world,named thing,adjective,11,3
lie,world,named thing,verb,11,3
seal,world,named thing,verb,7,4
signal,world,named thing,verb,11,3
slice,world,named thing,verb,7,4
spoil,world,named thing,verb,11,3
table,world,named thing,noun,7,4
town,world,named thing,noun,7,4
width,world,named thing,noun,7,4
bowl,world,named thing,noun,6,4
cat,world,named thing,noun,6,4
challenge,world,named thing,verb,6,4
chief,world,named thing,adjective,10,3
clash,world,named thing,noun,6,4
command,world,named thing,verb,6,4
foam,world,named thing,noun,6,4
fool,world,named thing,noun,6,4
option,world,named thing,noun,6,4
paint,world,named thing,verb,6,4
party,world,named thing,verb,6,4
perform,world,named thing,verb,6,4
reptile,world,named thing,noun,6,4
rough,world,named thing,adjective,18,1
screen,world,named thing,verb,6,4
site,world,named thing,noun,6,4
situation,world,named thing,noun,6,4
snack,world,named thing,noun,6,4
special,world,named thing,adjective,14,2
symbol,world,named thing,noun,10,3
tap,world,named thing,noun,6,4
wander,world,named thing,verb,6,4
bell,world,named thing,noun,9,3
boy,world,named thing,noun,5,4
comfort,world,named thing,verb,9,3
fail,world,named thing,verb,9,3
fake,world,named thing,adjective,21,0
fee,world,named thing,noun,5,4
gauge,world,named thing,noun,5,4
king,world,named thing,noun,9,3
loyal,world,named thing,adjective,5,4
mate,world,named thing,noun,5,4
moisture,world,named thing,noun,5,4
month,world,named thing,noun,9,3
patient,world,named thing,adjective,5,4
pin,world,named thing,verb,9,3
plot,world,named thing,noun,5,4
plug,world,named thing,verb,5,4
prize,world,named thing,verb,5,4
progress,world,named thing,verb,5,4
puzzle,world,named thing,verb,9,3
ray,world,named thing,noun,9,3
surprise,world,named thing,verb,9,3
temperature,world,named thing,noun,5,4
tongue,world,named thing,noun,5,4
wire,world,named thing,verb,5,4
alloy,world,named thing,noun,4,4
attitude,world,named thing,noun,4,4
axe,world,named thing,noun,4,4
bark,world,named thing,verb,4,4
barrier,world,named thing,noun,4,4
brave,world,named thing,adjective,12,2
clock,world,named thing,noun,4,4
conflict,world,named thing,verb,8,3
crack,world,named thing,verb,4,4
dead,world,named thing,adjective,12,2
dry,world,named thing,adjective,16,1
earn,world,named thing,verb,4,4
error,world,named thing,noun,4,4
invite,world,named thing,verb,4,4
log,world,named thing,verb,4,4
neat,world,named thing,adjective,4,4
organism,world,named thing,noun,4,4
pretty,world,named thing,adjective,4,4
product,world,named thing,noun,4,4
rich,world,named thing,adjective,12,2
sac,world,named thing,noun,4,4
settle,world,named thing,verb,8,3
smile,world,named thing,verb,4,4
status,world,named thing,noun,4,4
stem,world,named thing,verb,4,4
tip,world,named thing,verb,4,4
bee,world,named thing,noun,15,1
boil,world,named thing,verb,7,3
evil,world,named thing,adjective,11,2
excite,world,named thing,verb,7,3
fresh,world,named thing,adjective,11,2
kid,world,named thing,verb,7,3
milk,world,named thing,verb,7,3
office,world,named thing,noun,7,3
river,world,named thing,noun,7,3
tea,world,named thing,noun,15,1
urine,world,named thing,noun,7,3
weather,world,named thing,verb,11,2
welcome,world,named thing,verb,7,3
cure,world,named thing,verb,6,3
current,world,named thing,adjective,10,2
danger,world,named thing,noun,6,3
decide,world,named thing,verb,6,3
drip,world,named thing,verb,6,3
fan,world,named thing,noun,6,3
fence,world,named thing,verb,6,3
information,world,named thing,noun,6,3
noble,world,named thing,adjective,10,2
page,world,named thing,noun,6,3
rail,world,named thing,noun,6,3
remain,world,named thing,verb,6,3
row,world,named thing,noun,6,3
rude,world,named thing,adjective,10,2
sample,world,named thing,verb,6,3
saw,world,named thing,verb,6,3
shed,world,named thing,verb,6,3
sit,world,named thing,verb,6,3
tall,world,named thing,adjective,14,1
tent,world,named thing,noun,6,3
achieve,world,named thing,verb,5,3
bomb,world,named thing,verb,5,3
cool,world,named thing,adjective,9,2
courage,world,named thing,noun,5,3
dust,world,named thing,noun,5,3
engine,world,named thing,noun,5,3
expect,world,named thing,verb,9,2
flesh,world,named thing,verb,9,2
grab,world,named thing,verb,9,2
iron,world,named thing,verb,5,3
jet,world,named thing,verb,5,3
lean,world,named thing,adjective,9,2
mother,world,named thing,noun,9,2
nut,world,named thing,noun,5,3
proper,world,named thing,adjective,5,3
provide,world,named thing,verb,9,2
sore,world,named thing,adjective,5,3
spoke,world,named thing,verb,5,3
stab,world,named thing,verb,5,3
student,world,named thing,noun,5,3
tag,world,named thing,verb,5,3
virus,world,named thing,noun,5,3
week,world,named thing,noun,5,3
winter,world,named thing,noun,5,3
adjust,world,named thing,verb,4,3
author,world,named thing,noun,4,3
bias,world,named thing,verb,4,3
branch,world,named thing,verb,4,3
camp,world,named thing,verb,4,3
chest,world,named thing,noun,8,2
clever,world,named thing,adjective,8,2
common,world,named thing,adjective,16,0
computer,world,named thing,noun,4,3
cord,world,named thing,noun,4,3
correct,world,named thing,adjective,8,2
cruel,world,named thing,adjective,8,2
demand,world,named thing,verb,4,3
dip,world,named thing,verb,4,3
fortune,world,named thing,noun,4,3
glue,world,named thing,verb,4,3
guest,world,named thing,noun,4,3
harsh,world,named thing,adjective,12,1
history,world,named thing,noun,4,3
impact,world,named thing,verb,4,3
injure,world,named thing,verb,4,3
island,world,named thing,noun,4,3
legal,world,named thing,adjective,12,1
lump,world,named thing,verb,4,3
magnet,world,named thing,noun,4,3
melt,world,named thing,verb,8,2
nation,world,named thing,noun,4,3
obey,world,named thing,verb,4,3
pit,world,named thing,verb,4,3
profit,world,named thing,noun,4,3
relief,world,named thing,noun,4,3
rent,world,named thing,verb,4,3
rush,world,named thing,verb,4,3
sauce,world,named thing,noun,4,3
scatter,world,named thing,verb,8,2
service,world,named thing,verb,4,3
spider,world,named thing,noun,8,2
tension,world,named thing,noun,4,3
toe,world,named thing,noun,4,3
toilet,world,named thing,noun,4,3
visit,world,named thing,verb,4,3
white,world,named thing,adjective,8,2
ache,world,named thing,verb,3,3
allergy,world,named thing,noun,3,3
arc,world,named thing,noun,3,3
beast,world,named thing,noun,3,3
bundle,world,named thing,verb,3,3
channel,world,named thing,verb,3,3
continent,world,named thing,noun,3,3
crystal,world,named thing,noun,3,3
decay,world,named thing,verb,7,2
dig,world,named thing,verb,11,1
employ,world,named thing,noun,3,3
examine,world,named thing,verb,3,3
extreme,world,named thing,adjective,7,2
factor,world,named thing,noun,3,3
fault,world,named thing,noun,3,3
feast,world,named thing,noun,3,3
fossil,world,named thing,noun,3,3
gender,world,named thing,noun,3,3
grace,world,named thing,noun,3,3
hall,world,named thing,noun,3,3
hurry,world,named thing,verb,7,2
improve,world,named thing,verb,7,2
inherit,world,named thing,noun,7,2
jacket,world,named thing,noun,3,3
lesson,world,named thing,noun,3,3
loose,world,named thing,adjective,11,1
march,world,named thing,noun,3,3
mat,world,named thing,noun,3,3
mercy,world,named thing,noun,3,3
mineral,world,named thing,noun,3,3
passion,world,named thing,noun,3,3
physical,world,named thing,adjective,7,2
powder,world,named thing,noun,3,3
refuse,world,named thing,verb,7,2
sail,world,named thing,verb,7,2
series,world,named thing,noun,3,3
social,world,named thing,adjective,7,2
sphere,world,named thing,noun,3,3
spine,world,named thing,noun,7,2
spring,world,named thing,verb,7,2
squeeze,world,named thing,noun,7,2
stain,world,named thing,verb,7,2
tape,world,named thing,noun,3,3
tooth,world,named thing,noun,7,2
tub,world,named thing,noun,3,3
vary,world,named thing,verb,15,0
vegetable,world,named thing,noun,3,3
vow,world,named thing,verb,3,3
annoy,world,named thing,verb,6,2
bounce,world,named thing,verb,6,2
dot,world,named thing,noun,6,2
hang,world,named thing,verb,14,0
loop,world,named thing,noun,6,2
lucky,world,named thing,adjective,6,2
moral,world,named thing,adjective,6,2
odd,world,named thing,adjective,10,1
official,world,named thing,adjective,6,2
pour,world,named thing,verb,6,2
reward,world,named thing,verb,6,2
sew,world,named thing,verb,6,2
slight,world,named thing,adjective,6,2
sport,world,named thing,noun,6,2
stir,world,named thing,verb,10,1
upset,world,named thing,verb,6,2
vein,world,named thing,noun,6,2
warn,world,named thing,verb,6,2
accuse,world,named thing,verb,5,2
bare,world,named thing,adjective,5,2
button,world,named thing,noun,5,2
cream,world,named thing,noun,5,2
crush,world,named thing,verb,5,2
decorate,world,named thing,verb,9,1
delay,world,named thing,verb,9,1
dock,world,named thing,verb,5,2
door,world,named thing,noun,9,1
echo,world,named thing,verb,9,1
enjoy,world,named thing,verb,5,2
fancy,world,named thing,adjective,9,1
fiber,world,named thing,noun,5,2
hint,world,named thing,verb,5,2
involve,world,named thing,verb,5,2
mask,world,named thing,verb,5,2
pan,world,named thing,verb,5,2
pen,world,named thing,verb,5,2
replace,world,named thing,verb,5,2
slip,world,named thing,verb,5,2
sweat,world,named thing,verb,5,2
amaze,world,named thing,verb,8,1
assign,world,named thing,verb,4,2
award,world,named thing,verb,4,2
bank,world,named thing,verb,4,2
bulge,world,named thing,noun,4,2
bush,world,named thing,noun,4,2
chew,world,named thing,verb,4,2
collect,world,named thing,verb,4,2
date,world,named thing,verb,4,2
develop,world,named thing,verb,4,2
enemy,world,named thing,noun,4,2
exact,world,named thing,adjective,8,1
glide,world,named thing,verb,4,2
grant,world,named thing,noun,4,2
hat,world,named thing,noun,4,2
height,world,named thing,noun,4,2
hollow,world,named thing,adjective,4,2
hook,world,named thing,verb,4,2
jaw,world,named thing,noun,4,2
knock,world,named thing,verb,4,2
local,world,named thing,adjective,8,1
marry,world,named thing,verb,4,2
mud,world,named thing,noun,8,1
nail,world,named thing,verb,4,2
ornament,world,named thing,noun,4,2
personal,world,named thing,adjective,8,1
plastic,world,named thing,adjective,4,2
prison,world,named thing,noun,4,2
regular,world,named thing,adjective,4,2
report,world,named thing,verb,4,2
rub,world,named thing,verb,4,2
scratch,world,named thing,verb,4,2
serious,world,named thing,adjective,8,1
slim,world,named thing,adjective,4,2
smoke,world,named thing,verb,8,1
sort,world,named thing,verb,4,2
spill,world,named thing,verb,4,2
stripe,world,named thing,noun,4,2
swap,world,named thing,noun,4,2
teen,world,named thing,adjective,4,2
thank,world,named thing,verb,4,2
theory,world,named thing,noun,4,2
verse,world,named thing,noun,4,2
access,world,named thing,verb,3,2
accident,world,named thing,noun,3,2
ash,world,named thing,noun,3,2
bloom,world,named thing,noun,3,2
breed,world,named thing,verb,3,2
brother,world,named thing,noun,7,1
brush,world,named thing,verb,3,2
burden,world,named thing,verb,3,2
candy,world,named thing,noun,3,2
chop,world,named thing,verb,3,2
clump,world,named thing,noun,3,2
company,world,named thing,noun,3,2
content,world,named thing,adjective,3,2
contest,world,named thing,noun,3,2
convince,world,named thing,verb,3,2
core,world,named thing,verb,7,1
deity,world,named thing,noun,3,2
delicate,world,named thing,adjective,7,1
dive,world,named thing,verb,3,2
dwell,world,named thing,verb,3,2
eager,world,named thing,adjective,3,2
ease,world,named thing,noun,7,1
educate,world,named thing,verb,3,2
enlist,world,named thing,verb,3,2
escape,world,named thing,verb,7,1
flood,world,named thing,verb,3,2
forest,world,named thing,noun,3,2
forgive,world,named thing,verb,3,2
fungus,world,named thing,noun,3,2
grief,world,named thing,noun,3,2
heap,world,named thing,noun,3,2
ink,world,named thing,verb,11,0
labor,world,named thing,verb,3,2
lizard,world,named thing,noun,3,2
master,world,named thing,verb,3,2
medium,world,named thing,adjective,3,2
mention,world,named thing,verb,3,2
mold,world,named thing,verb,3,2
nervous,world,named thing,adjective,7,1
occur,world,named thing,verb,3,2
pace,world,named thing,noun,3,2
poke,world,named thing,noun,3,2
reply,world,named thing,verb,3,2
represent,world,named thing,verb,3,2
rib,world,named thing,noun,3,2
rid,world,named thing,verb,3,2
saddle,world,named thing,noun,3,2
scan,world,named thing,verb,3,2
sexual,world,named thing,adjective,3,2
slope,world,named thing,verb,3,2
spear,world,named thing,noun,3,2
stack,world,named thing,verb,3,2
street,world,named thing,noun,3,2
suck,world,named thing,verb,3,2
supervise,world,named thing,verb,3,2
swear,world,named thing,verb,3,2
sweep,world,named thing,verb,3,2
tease,world,named thing,verb,3,2
theme,world,named thing,noun,3,2
threat,world,named thing,noun,7,1
tomb,world,named thing,noun,3,2
twitch,world,named thing,noun,3,2
weave,world,named thing,verb,7,1
wrinkle,world,named thing,verb,3,2
account,world,named thing,verb,2,2
advance,world,named thing,verb,6,1
alike,world,named thing,adjective,2,2
alive,world,named thing,adjective,2,2
authority,world,named thing,noun,2,2
avoid,world,named thing,verb,6,1
balm,world,named thing,noun,2,2
bay,world,named thing,noun,2,2
berry,world,named thing,noun,2,2
blaze,world,named thing,noun,2,2
boss,world,named thing,noun,2,2
brace,world,named thing,noun,2,2
breast,world,named thing,noun,10,0
commotion,world,named thing,noun,2,2
concern,world,named thing,verb,2,2
contract,world,named thing,verb,2,2
cork,world,named thing,noun,2,2
couple,world,named thing,verb,2,2
dam,world,named thing,verb,2,2
dear,world,named thing,adjective,2,2
debate,world,named thing,verb,2,2
debt,world,named thing,noun,2,2
diagnose,world,named thing,verb,2,2
diet,world,named thing,noun,2,2
disaster,world,named thing,noun,2,2
disk,world,named thing,noun,2,2
ditch,world,named thing,verb,2,2
earnest,world,named thing,adjective,2,2
excuse,world,named thing,verb,2,2
familiar,world,named thing,adjective,2,2
garment,world,named thing,noun,2,2
gaze,world,named thing,verb,2,2
grade,world,named thing,verb,2,2
gram,world,named thing,noun,2,2
guy,world,named thing,noun,2,2
habit,world,named thing,noun,2,2
hammer,world,named thing,verb,2,2
income,world,named thing,noun,2,2
inspire,world,named thing,verb,2,2
intent,world,named thing,verb,2,2
knob,world,named thing,noun,2,2
ledge,world,named thing,noun,2,2
moist,world,named thing,adjective,6,1
monster,world,named thing,noun,2,2
numb,world,named thing,adjective,2,2
occupy,world,named thing,verb,2,2
onion,world,named thing,noun,2,2
pardon,world,named thing,noun,2,2
persuade,world,named thing,verb,2,2
phase,world,named thing,verb,2,2
pig,world,named thing,noun,6,1
pledge,world,named thing,noun,2,2
port,world,named thing,noun,2,2
pride,world,named thing,verb,2,2
projection,world,named thing,noun,2,2
puppet,world,named thing,noun,2,2
qualify,world,named thing,verb,2,2
relax,world,named thing,verb,2,2
rifle,world,named thing,noun,2,2
rinse,world,named thing,noun,2,2
rival,world,named thing,adjective,6,1
robot,world,named thing,noun,2,2
romance,world,named thing,noun,2,2
scholar,world,named thing,noun,2,2
scope,world,named thing,noun,2,2
scrap,world,named thing,noun,2,2
screw,world,named thing,verb,2,2
script,world,named thing,noun,2,2
session,world,named thing,noun,2,2
silent,world,named thing,adjective,10,0
skirt,world,named thing,noun,2,2
spark,world,named thing,verb,2,2
spoon,world,named thing,noun,2,2
spout,world,named thing,noun,2,2
stake,world,named thing,verb,2,2
stalk,world,named thing,verb,2,2
stance,world,named thing,noun,2,2
strand,world,named thing,noun,2,2
texture,world,named thing,noun,2,2
thorough,world,named thing,adjective,2,2
toy,world,named thing,noun,2,2
vacation,world,named thing,noun,2,2
valley,world,named thing,noun,2,2
watt,world,named thing,noun,2,2
wed,world,named thing,verb,6,1
worm,world,named thing,noun,6,1
bitter,world,named thing,adjective,5,1
cancel,world,named thing,verb,5,1
carve,world,named thing,verb,5,1
cave,world,named thing,verb,5,1
defense,world,named thing,noun,5,1
drunk,world,named thing,adjective,5,1
dull,world,named thing,adjective,9,0
environment,world,named thing,noun,5,1
famous,world,named thing,adjective,5,1
formal,world,named thing,adjective,5,1
fox,world,named thing,noun,5,1
ghost,world,named thing,noun,5,1
market,world,named thing,verb,5,1
rear,world,named thing,adjective,9,0
rob,world,named thing,noun,5,1
sheep,world,named thing,noun,5,1
suggest,world,named thing,verb,5,1
surround,world,named thing,verb,9,0
tail,world,named thing,noun,5,1
tempt,world,named thing,verb,5,1
trim,world,named thing,verb,5,1
window,world,named thing,noun,5,1
average,world,named thing,adjective,4,1
consider,world,named thing,verb,4,1
court,world,named thing,verb,4,1
cow,world,named thing,noun,8,0
direct,world,named thing,adjective,4,1
endure,world,named thing,verb,4,1
extend,world,named thing,verb,8,0
fasten,world,named thing,verb,4,1
father,world,named thing,noun,4,1
feather,world,named thing,noun,4,1
flaw,world,named thing,noun,4,1
herd,world,named thing,noun,4,1
knee,world,named thing,noun,4,1
leak,world,named thing,verb,4,1
loyalty,world,named thing,noun,4,1
lung,world,named thing,noun,4,1
mystery,world,named thing,noun,4,1
pest,world,named thing,noun,4,1
pet,world,named thing,verb,4,1
quake,world,named thing,noun,4,1
restore,world,named thing,verb,8,0
rot,world,named thing,verb,4,1
seize,world,named thing,verb,4,1
sorry,world,named thing,adjective,4,1
steer,world,named thing,verb,4,1
strain,world,named thing,verb,4,1
victory,world,named thing,noun,4,1
advantage,world,named thing,noun,3,1
announce,world,named thing,verb,3,1
awkward,world,named thing,adjective,3,1
bake,world,named thing,verb,3,1
bat,world,named thing,noun,3,1
bet,world,named thing,verb,3,1
bleed,world,named thing,verb,3,1
bless,world,named thing,verb,3,1
brick,world,named thing,noun,3,1
bury,world,named thing,verb,7,0
card,world,named thing,noun,3,1
chase,world,named thing,noun,3,1
cheer,world,named thing,verb,3,1
clay,world,named thing,noun,3,1
club,world,named thing,verb,3,1
crash,world,named thing,verb,3,1
curse,world,named thing,noun,3,1
dawn,world,named thing,noun,3,1
dine,world,named thing,verb,3,1
dispute,world,named thing,verb,3,1
dissolve,world,named thing,verb,3,1
drain,world,named thing,verb,3,1
entertain,world,named thing,noun,3,1
fade,world,named thing,verb,3,1
flex,world,named thing,noun,7,0
float,world,named thing,verb,7,0
forbid,world,named thing,verb,7,0
foresee,world,named thing,verb,3,1
forget,world,named thing,verb,3,1
generous,world,named thing,adjective,3,1
host,world,named thing,noun,3,1
insert,world,named thing,verb,3,1
keen,world,named thing,adjective,3,1
launch,world,named thing,verb,3,1
loan,world,named thing,verb,3,1
mail,world,named thing,verb,3,1
military,world,named thing,noun,3,1
mock,world,named thing,verb,7,0
neck,world,named thing,noun,7,0
obvious,world,named thing,adjective,3,1
pee,world,named thing,verb,3,1
penalty,world,named thing,noun,3,1
preserve,world,named thing,verb,3,1
rebel,world,named thing,adjective,7,0
recover,world,named thing,verb,7,0
refer,world,named thing,verb,3,1
ruin,world,named thing,verb,3,1
sand,world,named thing,noun,7,0
scold,world,named thing,noun,3,1
shelf,world,named thing,noun,3,1
shoe,world,named thing,noun,3,1
shut,world,named thing,adjective,3,1
silk,world,named thing,noun,3,1
slant,world,named thing,noun,7,0
slave,world,named thing,noun,3,1
sled,world,named thing,noun,3,1
stare,world,named thing,verb,3,1
summer,world,named thing,noun,3,1
tax,world,named thing,verb,3,1
tendency,world,named thing,noun,3,1
toss,world,named thing,verb,3,1
tread,world,named thing,noun,3,1
troop,world,named thing,noun,3,1
wool,world,named thing,noun,3,1
acquire,world,named thing,verb,2,1
adult,world,named thing,adjective,2,1
anti,world,named thing,noun,6,0
anxious,world,named thing,adjective,2,1
arch,world,named thing,verb,2,1
artery,world,named thing,noun,2,1
assurance,world,named thing,noun,2,1
beg,world,named thing,verb,2,1
bolt,world,named thing,noun,2,1
bowel,world,named thing,noun,2,1
brand,world,named thing,verb,2,1
breeze,world,named thing,noun,2,1
bride,world,named thing,noun,2,1
brown,world,named thing,adjective,2,1
calculate,world,named thing,verb,2,1
candle,world,named thing,noun,2,1
cease,world,named thing,verb,2,1
cereal,world,named thing,noun,2,1
chaos,world,named thing,noun,2,1
coil,world,named thing,noun,2,1
comedy,world,named thing,noun,2,1
complain,world,named thing,verb,2,1
corn,world,named thing,noun,2,1
crisp,world,named thing,adjective,2,1
deer,world,named thing,noun,2,1
deny,world,named thing,verb,2,1
difficult,world,named thing,adjective,6,0
disc,world,named thing,noun,2,1
drama,world,named thing,noun,2,1
drift,world,named thing,verb,2,1
due,world,named thing,adjective,2,1
dye,world,named thing,verb,2,1
ego,world,named thing,noun,2,1
embarrass,world,named thing,verb,2,1
evaluate,world,named thing,verb,2,1
extract,world,named thing,verb,2,1
fame,world,named thing,noun,2,1
fare,world,named thing,noun,2,1
flatter,world,named thing,verb,2,1
flinch,world,named thing,noun,2,1
flock,world,named thing,verb,2,1
folk,world,named thing,noun,2,1
fragment,world,named thing,verb,2,1
fry,world,named thing,verb,2,1
fur,world,named thing,noun,2,1
fuss,world,named thing,verb,2,1
gel,world,named thing,noun,2,1
giant,world,named thing,adjective,2,1
glory,world,named thing,noun,2,1
govern,world,named thing,verb,2,1
grape,world,named thing,noun,2,1
graph,world,named thing,noun,2,1
grind,world,named thing,verb,6,0
hatch,world,named thing,verb,2,1
honest,world,named thing,adjective,2,1
hug,world,named thing,verb,2,1
ignore,world,named thing,verb,2,1
instruct,world,named thing,verb,2,1
intense,world,named thing,adjective,6,0
jam,world,named thing,verb,2,1
jelly,world,named thing,noun,2,1
lever,world,named thing,noun,2,1
mature,world,named thing,adjective,2,1
mine,world,named thing,verb,2,1
mob,world,named thing,noun,2,1
modest,world,named thing,adjective,2,1
mouse,world,named thing,noun,2,1
murmur,world,named thing,noun,2,1
nap,world,named thing,noun,2,1
nucleus,world,named thing,noun,2,1
owe,world,named thing,verb,2,1
paddle,world,named thing,noun,2,1
palm,world,named thing,noun,2,1
pilot,world,named thing,noun,2,1
pop,world,named thing,verb,2,1
popular,world,named thing,adjective,2,1
pretend,world,named thing,verb,2,1
promote,world,named thing,verb,2,1
prompt,world,named thing,adjective,2,1
propose,world,named thing,verb,2,1
purchase,world,named thing,verb,2,1
quote,world,named thing,verb,2,1
recognize,world,named thing,verb,2,1
regard,world,named thing,verb,2,1
rely,world,named thing,verb,2,1
resist,world,named thing,verb,2,1
revenge,world,named thing,noun,2,1
rim,world,named thing,noun,2,1
royal,world,named thing,adjective,6,0
rumor,world,named thing,noun,2,1
scoop,world,named thing,noun,2,1
seem,world,named thing,verb,2,1
shore,world,named thing,verb,2,1
sibling,world,named thing,noun,2,1
sip,world,named thing,verb,2,1
skull,world,named thing,noun,2,1
sober,world,named thing,verb,2,1
sour,world,named thing,adjective,6,0
sparkle,world,named thing,verb,6,0
spiral,world,named thing,verb,2,1
spool,world,named thing,noun,2,1
sting,world,named thing,verb,2,1
stock,world,named thing,noun,2,1
straw,world,named thing,noun,2,1
stroll,world,named thing,noun,2,1
swallow,world,named thing,verb,2,1
swing,world,named thing,verb,6,0
temporary,world,named thing,adjective,2,1
thaw,world,named thing,noun,2,1
tile,world,named thing,verb,2,1
tin,world,named thing,noun,2,1
toast,world,named thing,noun,2,1
tough,world,named thing,adjective,6,0
treasure,world,named thing,noun,2,1
uniform,world,named thing,noun,2,1
uterus,world,named thing,noun,2,1
wine,world,named thing,noun,2,1
wipe,world,named thing,verb,6,0
womb,world,named thing,noun,2,1
yield,world,named thing,verb,2,1
abandon,world,named thing,verb,1,1
abstain,world,named thing,noun,1,1
accelerate,world,named thing,verb,1,1
accent,world,named thing,verb,1,1
addict,world,named thing,noun,1,1
alter,world,named thing,verb,1,1
amp,world,named thing,noun,1,1
ancient,world,named thing,adjective,5,0
anesthetic,world,named thing,adjective,1,1
anus,world,named thing,noun,1,1
applause,world,named thing,noun,1,1
arrow,world,named thing,noun,1,1
aspect,world,named thing,noun,1,1
assault,world,named thing,noun,1,1
athlete,world,named thing,noun,1,1
attempt,world,named thing,verb,1,1
badge,world,named thing,noun,1,1
ban,world,named thing,verb,1,1
basis,world,named thing,noun,1,1
bead,world,named thing,noun,1,1
blemish,world,named thing,noun,1,1
blind,world,named thing,adjective,1,1
blink,world,named thing,verb,1,1
blog,world,named thing,noun,1,1
blunt,world,named thing,adjective,1,1
bribe,world,named thing,verb,1,1
bully,world,named thing,verb,1,1
bun,world,named thing,noun,1,1
captain,world,named thing,noun,1,1
ceramic,world,named thing,adjective,1,1
chair,world,named thing,verb,1,1
champion,world,named thing,noun,1,1
chant,world,named thing,verb,1,1
chunk,world,named thing,noun,1,1
chute,world,named thing,verb,1,1
clasp,world,named thing,noun,1,1
clause,world,named thing,noun,1,1
client,world,named thing,noun,1,1
climate,world,named thing,noun,1,1
clip,world,named thing,verb,1,1
coast,world,named thing,noun,1,1
coffee,world,named thing,noun,1,1
coin,world,named thing,noun,1,1
collar,world,named thing,noun,1,1
comb,world,named thing,noun,1,1
commit,world,named thing,verb,1,1
comparison,world,named thing,noun,1,1
comply,world,named thing,verb,1,1
conquer,world,named thing,verb,1,1
consequence,world,named thing,noun,1,1
construct,world,named thing,verb,1,1
consume,world,named thing,verb,1,1
cot,world,named thing,noun,1,1
crab,world,named thing,noun,1,1
crave,world,named thing,verb,1,1
credit,world,named thing,verb,1,1
crew,world,named thing,noun,1,1
critique,world,named thing,noun,1,1
crocodile,world,named thing,noun,1,1
crust,world,named thing,noun,1,1
cube,world,named thing,verb,1,1
cuddle,world,named thing,noun,1,1
cue,world,named thing,verb,1,1
dart,world,named thing,verb,1,1
debris,world,named thing,noun,1,1
decent,world,named thing,adjective,1,1
declare,world,named thing,verb,5,0
dent,world,named thing,noun,1,1
dessert,world,named thing,noun,1,1
dial,world,named thing,noun,1,1
digest,world,named thing,verb,1,1
discover,world,named thing,verb,1,1
dome,world,named thing,noun,1,1
dough,world,named thing,noun,1,1
dread,world,named thing,noun,1,1
enroll,world,named thing,verb,1,1
erase,world,named thing,verb,1,1
essay,world,named thing,noun,1,1
establish,world,named thing,verb,1,1
estimate,world,named thing,verb,1,1
evacuate,world,named thing,verb,1,1
evening,world,named thing,noun,5,0
exposure,world,named thing,noun,1,1
expression,world,named thing,noun,1,1
fad,world,named thing,noun,1,1
fantasy,world,named thing,noun,1,1
fertile,world,named thing,adjective,1,1
festival,world,named thing,noun,1,1
fiction,world,named thing,noun,1,1
fist,world,named thing,noun,1,1
flap,world,named thing,noun,1,1
flare,world,named thing,verb,1,1
fowl,world,named thing,noun,1,1
fraction,world,named thing,noun,1,1
fright,world,named thing,noun,1,1
frost,world,named thing,verb,1,1
furnace,world,named thing,noun,1,1
furniture,world,named thing,noun,1,1
fuse,world,named thing,noun,1,1
fuzz,world,named thing,verb,1,1
gang,world,named thing,verb,1,1
gem,world,named thing,noun,1,1
giggle,world,named thing,verb,1,1
glaze,world,named thing,noun,1,1
gradual,world,named thing,adjective,1,1
grate,world,named thing,verb,1,1
greet,world,named thing,verb,1,1
grin,world,named thing,noun,1,1
grudge,world,named thing,noun,1,1
gull,world,named thing,noun,1,1
gulp,world,named thing,verb,5,0
gum,world,named thing,noun,5,0
harmony,world,named thing,noun,1,1
harp,world,named thing,noun,1,1
haze,world,named thing,noun,1,1
heel,world,named thing,noun,1,1
hire,world,named thing,verb,1,1
honey,world,named thing,noun,5,0
hotel,world,named thing,noun,1,1
hull,world,named thing,noun,1,1
hum,world,named thing,noun,1,1
humid,world,named thing,adjective,1,1
humor,world,named thing,noun,1,1
icon,world,named thing,noun,1,1
ideal,world,named thing,adjective,5,0
imitate,world,named thing,verb,1,1
impress,world,named thing,verb,1,1
industry,world,named thing,noun,1,1
inn,world,named thing,noun,1,1
install,world,named thing,verb,1,1
instinct,world,named thing,noun,1,1
insult,world,named thing,verb,1,1
jail,world,named thing,noun,1,1
jerk,world,named thing,noun,1,1
jewelry,world,named thing,noun,1,1
jolt,world,named thing,noun,1,1
journal,world,named thing,noun,1,1
jug,world,named thing,noun,1,1
kin,world,named thing,noun,1,1
kiss,world,named thing,verb,1,1
kit,world,named thing,noun,1,1
knuckle,world,named thing,noun,1,1
lake,world,named thing,noun,1,1
lash,world,named thing,verb,1,1
latch,world,named thing,verb,1,1
leather,world,named thing,noun,1,1
lend,world,named thing,verb,1,1
lice,world,named thing,noun,1,1
lion,world,named thing,noun,1,1
loft,world,named thing,noun,1,1
lure,world,named thing,noun,1,1
mania,world,named thing,noun,1,1
masculine,world,named thing,adjective,1,1
mast,world,named thing,noun,1,1
melody,world,named thing,noun,1,1
minister,world,named thing,noun,1,1
mode,world,named thing,noun,1,1
monopoly,world,named thing,noun,1,1
morning,world,named thing,noun,5,0
motive,world,named thing,noun,1,1
mount,world,named thing,verb,1,1
mug,world,named thing,noun,1,1
mush,world,named thing,noun,1,1
native,world,named thing,noun,5,0
negotiate,world,named thing,verb,1,1
oar,world,named thing,noun,1,1
oath,world,named thing,noun,1,1
observe,world,named thing,verb,1,1
occasion,world,named thing,noun,1,1
ointment,world,named thing,noun,1,1
ore,world,named thing,noun,1,1
ovary,world,named thing,noun,1,1
oven,world,named thing,noun,1,1
package,world,named thing,verb,1,1
pal,world,named thing,noun,1,1
parade,world,named thing,noun,1,1
patch,world,named thing,verb,1,1
peach,world,named thing,noun,1,1
pellet,world,named thing,noun,1,1
penis,world,named thing,noun,1,1
pill,world,named thing,noun,1,1
pinch,world,named thing,noun,1,1
pink,world,named thing,adjective,1,1
pity,world,named thing,verb,1,1
plume,world,named thing,noun,1,1
pocket,world,named thing,noun,1,1
pod,world,named thing,noun,1,1
pool,world,named thing,verb,1,1
poop,world,named thing,verb,1,1
porch,world,named thing,noun,1,1
pose,world,named thing,verb,1,1
pray,world,named thing,verb,1,1
preach,world,named thing,verb,1,1
pregnant,world,named thing,adjective,1,1
prick,world,named thing,noun,1,1
profile,world,named thing,verb,1,1
project,world,named thing,verb,1,1
pronounce,world,named thing,verb,1,1
propaganda,world,named thing,noun,1,1
protest,world,named thing,verb,1,1
puff,world,named thing,noun,1,1
punch,world,named thing,verb,1,1
puncture,world,named thing,noun,1,1
rack,world,named thing,verb,1,1
register,world,named thing,verb,1,1
reign,world,named thing,verb,1,1
rein,world,named thing,verb,1,1
remedy,world,named thing,verb,1,1
remember,world,named thing,verb,5,0
repair,world,named thing,verb,5,0
reputation,world,named thing,noun,1,1
resent,world,named thing,verb,1,1
residue,world,named thing,noun,1,1
rite,world,named thing,noun,1,1
roast,world,named thing,verb,1,1
rocket,world,named thing,noun,1,1
routine,world,named thing,adjective,1,1
salad,world,named thing,noun,1,1
sandwich,world,named thing,noun,1,1
sane,world,named thing,noun,1,1
sausage,world,named thing,noun,1,1
scalp,world,named thing,noun,1,1
scheme,world,named thing,noun,1,1
sect,world,named thing,noun,1,1
seminar,world,named thing,noun,1,1
sensation,world,named thing,noun,1,1
serum,world,named thing,noun,1,1
shard,world,named thing,noun,1,1
shark,world,named thing,noun,1,1
sheath,world,named thing,noun,1,1
shrine,world,named thing,noun,1,1
sin,world,named thing,noun,1,1
sly,world,named thing,adjective,5,0
snatch,world,named thing,verb,1,1
sniff,world,named thing,verb,1,1
snout,world,named thing,noun,1,1
soap,world,named thing,noun,5,0
sole,world,named thing,adjective,1,1
soothe,world,named thing,verb,5,0
spade,world,named thing,noun,1,1
spare,world,named thing,adjective,1,1
spasm,world,named thing,noun,1,1
spawn,world,named thing,verb,1,1
speck,world,named thing,noun,1,1
spit,world,named thing,verb,5,0
splendor,world,named thing,noun,1,1
sponsor,world,named thing,verb,1,1
square,world,named thing,verb,1,1
stash,world,named thing,noun,1,1
statue,world,named thing,noun,1,1
sterile,world,named thing,adjective,1,1
steward,world,named thing,noun,1,1
stool,world,named thing,noun,1,1
strict,world,named thing,adjective,1,1
stupid,world,named thing,adjective,1,1
subscribe,world,named thing,verb,1,1
succeed,world,named thing,verb,1,1
surrender,world,named thing,noun,1,1
sync,world,named thing,noun,1,1
tablet,world,named thing,noun,1,1
temper,world,named thing,verb,1,1
terror,world,named thing,noun,1,1
thirst,world,named thing,noun,1,1
thrust,world,named thing,verb,1,1
tilt,world,named thing,noun,5,0
token,world,named thing,adjective,1,1
ton,world,named thing,noun,1,1
trace,world,named thing,noun,1,1
transfer,world,named thing,verb,1,1
translate,world,named thing,verb,1,1
traverse,world,named thing,noun,1,1
tremor,world,named thing,noun,1,1
trend,world,named thing,verb,1,1
tumor,world,named thing,noun,1,1
tutor,world,named thing,noun,1,1
typical,world,named thing,adjective,1,1
umbrella,world,named thing,noun,1,1
unite,world,named thing,verb,1,1
van,world,named thing,noun,1,1
vault,world,named thing,noun,1,1
verify,world,named thing,verb,1,1
violate,world,named thing,verb,1,1
vomit,world,named thing,verb,1,1
ware,world,named thing,noun,1,1
wax,world,named thing,verb,5,0
witness,world,named thing,noun,1,1
wizard,world,named thing,noun,1,1
yell,world,named thing,verb,1,1
zip,world,named thing,verb,1,1
attach,world,named thing,verb,4,0
beside,world,named thing,adjective,4,0
blast,world,named thing,verb,4,0
broad,world,named thing,adjective,4,0
cheat,world,named thing,verb,4,0
confirm,world,named thing,verb,4,0
deceit,world,named thing,noun,4,0
discuss,world,named thing,verb,4,0
dual,world,named thing,adjective,4,0
express,world,named thing,adjective,4,0
filter,world,named thing,verb,4,0
flag,world,named thing,verb,4,0
humble,world,named thing,adjective,4,0
immune,world,named thing,noun,4,0
internal,world,named thing,adjective,4,0
plain,world,named thing,adjective,4,0
prepare,world,named thing,verb,4,0
random,world,named thing,adjective,4,0
require,world,named thing,verb,4,0
shadow,world,named thing,noun,4,0
slippery,world,named thing,adjective,4,0
sneak,world,named thing,verb,4,0
splash,world,named thing,verb,4,0
stubborn,world,named thing,adjective,4,0
urgent,world,named thing,adjective,4,0
visual,world,named thing,adjective,4,0
wake,world,named thing,verb,4,0
weird,world,named thing,adjective,4,0
alert,world,named thing,adjective,3,0
allure,world,named thing,noun,3,0
amuse,world,named thing,verb,3,0
automatic,world,named thing,adjective,3,0
betray,world,named thing,verb,3,0
bore,world,named thing,verb,3,0
buzz,world,named thing,verb,3,0
cautious,world,named thing,adjective,3,0
central,world,named thing,adjective,3,0
constant,world,named thing,adjective,3,0
curious,world,named thing,adjective,3,0
curl,world,named thing,verb,3,0
dare,world,named thing,verb,3,0
defeat,world,named thing,verb,3,0
diplomatic,world,named thing,adjective,3,0
drag,world,named thing,verb,3,0
dummy,world,named thing,adjective,3,0
encourage,world,named thing,verb,3,0
external,world,named thing,adjective,3,0
faint,world,named thing,adjective,3,0
flip,world,named thing,verb,3,0
funeral,world,named thing,noun,3,0
hay,world,named thing,noun,3,0
hog,world,named thing,noun,3,0
hood,world,named thing,noun,3,0
interrupt,world,named thing,verb,3,0
isolate,world,named thing,verb,3,0
lazy,world,named thing,adjective,3,0
lineage,world,named thing,noun,3,0
mutual,world,named thing,adjective,3,0
navy,world,named thing,noun,3,0
noon,world,named thing,noun,3,0
pierce,world,named thing,noun,3,0
plead,world,named thing,verb,3,0
private,world,named thing,adjective,3,0
pulse,world,named thing,noun,3,0
punish,world,named thing,verb,3,0
raw,world,named thing,adjective,3,0
reckless,world,named thing,adjective,3,0
rescue,world,named thing,noun,3,0
secure,world,named thing,adjective,3,0
smash,world,named thing,verb,3,0
society,world,named thing,noun,3,0
spike,world,named thing,noun,3,0
staff,world,named thing,verb,3,0
steep,world,named thing,adjective,3,0
stiff,world,named thing,adjective,3,0
survive,world,named thing,verb,3,0
swamp,world,named thing,noun,3,0
sway,world,named thing,verb,3,0
tangle,world,named thing,verb,3,0
theater,world,named thing,noun,3,0
tremble,world,named thing,verb,3,0
absolute,world,named thing,adjective,2,0
abundant,world,named thing,adjective,2,0
adequate,world,named thing,adjective,2,0
ally,world,named thing,noun,2,0
ant,world,named thing,noun,2,0
appendix,world,named thing,noun,2,0
barren,world,named thing,adjective,2,0
bean,world,named thing,noun,2,0
belt,world,named thing,verb,2,0
bob,world,named thing,noun,2,0
bull,world,named thing,noun,2,0
cable,world,named thing,noun,2,0
calendar,world,named thing,noun,2,0
cattle,world,named thing,noun,2,0
clap,world,named thing,verb,2,0
clumsy,world,named thing,adjective,2,0
collapse,world,named thing,verb,2,0
community,world,named thing,noun,2,0
cozy,world,named thing,adjective,2,0
crease,world,named thing,noun,2,0
creep,world,named thing,verb,2,0
cute,world,named thing,adjective,2,0
dash,world,named thing,verb,2,0
deceive,world,named thing,verb,2,0
define,world,named thing,verb,2,0
defy,world,named thing,verb,2,0
delight,world,named thing,verb,2,0
dense,world,named thing,adjective,2,0
devote,world,named thing,verb,2,0
disappoint,world,named thing,verb,2,0
elevate,world,named thing,verb,2,0
embryo,world,named thing,noun,2,0
engage,world,named thing,verb,2,0
entire,world,named thing,adjective,2,0
exercise,world,named thing,verb,2,0
expand,world,named thing,verb,2,0
explode,world,named thing,verb,2,0
fierce,world,named thing,adjective,2,0
finger,world,named thing,noun,2,0
flee,world,named thing,verb,2,0
foreign,world,named thing,adjective,2,0
foul,world,named thing,adjective,2,0
fragrant,world,named thing,adjective,2,0
fringe,world,named thing,adjective,2,0
gesture,world,named thing,noun,2,0
gloom,world,named thing,noun,2,0
grand,world,named thing,adjective,2,0
grid,world,named thing,noun,2,0
grill,world,named thing,verb,2,0
guarantee,world,named thing,verb,2,0
hasty,world,named thing,adjective,2,0
hip,world,named thing,noun,2,0
hunger,world,named thing,noun,2,0
idol,world,named thing,noun,2,0
inform,world,named thing,verb,2,0
kept,world,named thing,verb,2,0
kidney,world,named thing,noun,2,0
knight,world,named thing,noun,2,0
knit,world,named thing,verb,2,0
lateral,world,named thing,adjective,2,0
lemon,world,named thing,noun,2,0
lens,world,named thing,noun,2,0
luggage,world,named thing,noun,2,0
luxury,world,named thing,noun,2,0
minor,world,named thing,adjective,2,0
needle,world,named thing,noun,2,0
nipple,world,named thing,noun,2,0
notch,world,named thing,noun,2,0
pale,world,named thing,adjective,2,0
particular,world,named thing,adjective,2,0
passage,world,named thing,noun,2,0
population,world,named thing,noun,2,0
practical,world,named thing,adjective,2,0
predict,world,named thing,verb,2,0
prefer,world,named thing,verb,2,0
quit,world,named thing,verb,2,0
rapid,world,named thing,adjective,2,0
reproduce,world,named thing,verb,2,0
research,world,named thing,verb,2,0
review,world,named thing,verb,2,0
scrape,world,named thing,verb,2,0
sensitive,world,named thing,adjective,2,0
shoulder,world,named thing,noun,2,0
shy,world,named thing,adjective,2,0
skip,world,named thing,noun,2,0
sleeve,world,named thing,noun,2,0
snap,world,named thing,verb,2,0
spice,world,named thing,verb,2,0
spy,world,named thing,verb,2,0
stew,world,named thing,noun,2,0
strategy,world,named thing,noun,2,0
strut,world,named thing,noun,2,0
superior,world,named thing,adjective,2,0
swim,world,named thing,verb,2,0
switch,world,named thing,verb,2,0
tobacco,world,named thing,noun,2,0
tow,world,named thing,noun,2,0
toxic,world,named thing,adjective,2,0
trash,world,named thing,noun,2,0
unique,world,named thing,adjective,2,0
universal,world,named thing,adjective,2,0
unravel,world,named thing,verb,2,0
vertical,world,named thing,adjective,2,0
waist,world,named thing,noun,2,0
wiggle,world,named thing,noun,2,0
wrist,world,named thing,noun,2,0
yard,world,named thing,noun,2,0
absurd,world,named thing,adjective,1,0
adhesive,world,named thing,adjective,1,0
admit,world,named thing,verb,1,0
adventure,world,named thing,noun,1,0
aggressive,world,named thing,adjective,1,0
alien,world,named thing,noun,1,0
altitude,world,named thing,noun,1,0
ancestor,world,named thing,noun,1,0
angel,world,named thing,noun,1,0
apparent,world,named thing,adjective,1,0
appreciate,world,named thing,verb,1,0
arena,world,named thing,noun,1,0
arrogant,world,named thing,adjective,1,0
arson,world,named thing,noun,1,0
artificial,world,named thing,adjective,1,0
associate,world,named thing,verb,1,0
atmosphere,world,named thing,noun,1,0
attend,world,named thing,verb,1,0
aversion,world,named thing,noun,1,0
await,world,named thing,verb,1,0
awful,world,named thing,adjective,1,0
balloon,world,named thing,noun,1,0
banana,world,named thing,noun,1,0
barley,world,named thing,noun,1,0
beer,world,named thing,noun,1,0
beneath,world,named thing,adjective,1,0
bid,world,named thing,verb,1,0
bladder,world,named thing,noun,1,0
blot,world,named thing,noun,1,0
bonus,world,named thing,noun,1,0
borrow,world,named thing,verb,1,0
brag,world,named thing,noun,1,0
bruise,world,named thing,verb,1,0
burp,world,named thing,verb,1,0
burrow,world,named thing,noun,1,0
cabbage,world,named thing,noun,1,0
casual,world,named thing,adjective,1,0
caution,world,named thing,verb,1,0
celebrate,world,named thing,verb,1,0
certificate,world,named thing,noun,1,0
chaotic,world,named thing,adjective,1,0
char,world,named thing,noun,1,0
cheek,world,named thing,noun,1,0
chick,world,named thing,noun,1,0
choir,world,named thing,noun,1,0
choke,world,named thing,noun,1,0
chronic,world,named thing,adjective,1,0
citizen,world,named thing,noun,1,0
clamp,world,named thing,noun,1,0
clan,world,named thing,noun,1,0
clatter,world,named thing,noun,1,0
claw,world,named thing,verb,1,0
cliff,world,named thing,noun,1,0
clot,world,named thing,noun,1,0
cluster,world,named thing,noun,1,0
cob,world,named thing,noun,1,0
cock,world,named thing,noun,1,0
college,world,named thing,noun,1,0
colon,world,named thing,noun,1,0
combat,world,named thing,verb,1,0
compete,world,named thing,verb,1,0
compress,world,named thing,noun,1,0
condemn,world,named thing,verb,1,0
confess,world,named thing,verb,1,0
confine,world,named thing,noun,1,0
consent,world,named thing,verb,1,0
contaminate,world,named thing,verb,1,0
corpse,world,named thing,noun,1,0
council,world,named thing,noun,1,0
crimson,world,named thing,noun,1,0
crooked,world,named thing,verb,1,0
crow,world,named thing,noun,1,0
crucial,world,named thing,adjective,1,0
crude,world,named thing,adjective,1,0
cucumber,world,named thing,noun,1,0
cunning,world,named thing,adjective,1,0
damp,world,named thing,adjective,1,0
dandy,world,named thing,noun,1,0
dangle,world,named thing,noun,1,0
daze,world,named thing,verb,1,0
decline,world,named thing,verb,1,0
dedicate,world,named thing,verb,1,0
defend,world,named thing,verb,1,0
definite,world,named thing,adjective,1,0
delegate,world,named thing,verb,1,0
deliver,world,named thing,verb,1,0
demonstrate,world,named thing,verb,1,0
describe,world,named thing,verb,1,0
deserve,world,named thing,verb,1,0
dew,world,named thing,noun,1,0
diligent,world,named thing,adjective,1,0
diminish,world,named thing,verb,1,0
disguise,world,named thing,verb,1,0
dispatch,world,named thing,verb,1,0
disrupt,world,named thing,verb,1,0
distinct,world,named thing,adjective,1,0
district,world,named thing,noun,1,0
divorce,world,named thing,verb,1,0
dizzy,world,named thing,adjective,1,0
donate,world,named thing,verb,1,0
dose,world,named thing,noun,1,0
drill,world,named thing,verb,1,0
drool,world,named thing,noun,1,0
duck,world,named thing,noun,1,0
dumpling,world,named thing,verb,1,0
dusk,world,named thing,noun,1,0
elder,world,named thing,adjective,1,0
elegant,world,named thing,adjective,1,0
embrace,world,named thing,verb,1,0
enthusiastic,world,named thing,adjective,1,0
entice,world,named thing,verb,1,0
escort,world,named thing,noun,1,0
exceed,world,named thing,verb,1,0
exclusive,world,named thing,adjective,1,0
expel,world,named thing,verb,1,0
expose,world,named thing,verb,1,0
feces,world,named thing,noun,1,0
fern,world,named thing,noun,1,0
fever,world,named thing,noun,1,0
fizz,world,named thing,noun,1,0
flair,world,named thing,noun,1,0
flake,world,named thing,verb,1,0
flax,world,named thing,noun,1,0
fluff,world,named thing,noun,1,0
font,world,named thing,noun,1,0
fork,world,named thing,verb,1,0
fortunate,world,named thing,adjective,1,0
fragile,world,named thing,adjective,1,0
fragrance,world,named thing,noun,1,0
frog,world,named thing,noun,1,0
frown,world,named thing,verb,1,0
fumble,world,named thing,noun,1,0
funnel,world,named thing,noun,1,0
global,world,named thing,adjective,1,0
gloss,world,named thing,verb,1,0
gossip,world,named thing,verb,1,0
gourd,world,named thing,noun,1,0
grease,world,named thing,noun,1,0
greed,world,named thing,noun,1,0
groove,world,named thing,noun,1,0
grumpy,world,named thing,adjective,1,0
harbor,world,named thing,noun,1,0
harvest,world,named thing,verb,1,0
heir,world,named thing,noun,1,0
helm,world,named thing,noun,1,0
herb,world,named thing,noun,1,0
heritage,world,named thing,noun,1,0
hesitate,world,named thing,verb,1,0
hoof,world,named thing,noun,1,0
horizontal,world,named thing,adjective,1,0
hospital,world,named thing,noun,1,0
hostile,world,named thing,adjective,1,0
inflate,world,named thing,verb,1,0
initiate,world,named thing,verb,1,0
inquire,world,named thing,verb,1,0
inquisitive,world,named thing,adjective,1,0
instant,world,named thing,adjective,1,0
interfere,world,named thing,noun,1,0
intestine,world,named thing,noun,1,0
investigate,world,named thing,verb,1,0
invisible,world,named thing,adjective,1,0
jealous,world,named thing,adjective,1,0
jumbo,world,named thing,noun,1,0
kick,world,named thing,verb,1,0
ladder,world,named thing,noun,1,0
lamb,world,named thing,noun,1,0
lamp,world,named thing,noun,1,0
larva,world,named thing,noun,1,0
leap,world,named thing,verb,1,0
legend,world,named thing,noun,1,0
leisure,world,named thing,noun,1,0
lewd,world,named thing,adjective,1,0
library,world,named thing,noun,1,0
license,world,named thing,verb,1,0
limp,world,named thing,adjective,1,0
linger,world,named thing,verb,1,0
liquor,world,named thing,noun,1,0
lobe,world,named thing,noun,1,0
lodge,world,named thing,verb,1,0
lone,world,named thing,noun,1,0
maintain,world,named thing,verb,1,0
mammal,world,named thing,noun,1,0
marsh,world,named thing,noun,1,0
may,world,named thing,verb,1,0
mechanic,world,named thing,noun,1,0
mechanism,world,named thing,noun,1,0
meditate,world,named thing,verb,1,0
mild,world,named thing,adjective,1,0
mimic,world,named thing,verb,1,0
mint,world,named thing,noun,1,0
missile,world,named thing,noun,1,0
mobile,world,named thing,adjective,1,0
modern,world,named thing,adjective,1,0
mope,world,named thing,noun,1,0
mourn,world,named thing,verb,1,0
mucus,world,named thing,noun,1,0
naive,world,named thing,adjective,1,0
naughty,world,named thing,adjective,1,0
nausea,world,named thing,noun,1,0
nuisance,world,named thing,noun,1,0
nurse,world,named thing,verb,1,0
oak,world,named thing,noun,1,0
oat,world,named thing,noun,1,0
obsess,world,named thing,verb,1,0
offend,world,named thing,verb,1,0
omen,world,named thing,noun,1,0
orbit,world,named thing,verb,1,0
oval,world,named thing,adjective,1,0
owl,world,named thing,noun,1,0
pamper,world,named thing,verb,1,0
pant,world,named thing,noun,1,0
parasite,world,named thing,noun,1,0
park,world,named thing,verb,1,0
pastry,world,named thing,noun,1,0
pea,world,named thing,noun,1,0
permit,world,named thing,verb,1,0
pimple,world,named thing,noun,1,0
plait,world,named thing,noun,1,0
planet,world,named thing,noun,1,0
plump,world,named thing,verb,1,0
police,world,named thing,verb,1,0
poll,world,named thing,verb,1,0
precious,world,named thing,adjective,1,0
privilege,world,named thing,noun,1,0
prohibit,world,named thing,verb,1,0
prominent,world,named thing,adjective,1,0
prophet,world,named thing,noun,1,0
prostitute,world,named thing,noun,1,0
pupil,world,named thing,noun,1,0
pus,world,named thing,noun,1,0
quill,world,named thing,noun,1,0
racket,world,named thing,noun,1,0
raft,world,named thing,noun,1,0
raid,world,named thing,noun,1,0
refuge,world,named thing,noun,1,0
remote,world,named thing,adjective,1,0
renounce,world,named thing,verb,1,0
repent,world,named thing,verb,1,0
resource,world,named thing,noun,1,0
respond,world,named thing,verb,1,0
retaliate,world,named thing,verb,1,0
reveal,world,named thing,verb,1,0
revise,world,named thing,verb,1,0
ridge,world,named thing,noun,1,0
roam,world,named thing,verb,1,0
rodent,world,named thing,noun,1,0
rowdy,world,named thing,noun,1,0
sacrifice,world,named thing,verb,1,0
saliva,world,named thing,noun,1,0
sanitary,world,named thing,adjective,1,0
sap,world,named thing,noun,1,0
satire,world,named thing,noun,1,0
scandal,world,named thing,noun,1,0
schedule,world,named thing,verb,1,0
score,world,named thing,verb,1,0
scorn,world,named thing,noun,1,0
seductive,world,named thing,adjective,1,0
severe,world,named thing,adjective,1,0
sewage,world,named thing,noun,1,0
shack,world,named thing,verb,1,0
shaving,world,named thing,verb,1,0
shred,world,named thing,noun,1,0
shun,world,named thing,verb,1,0
signature,world,named thing,noun,1,0
sister,world,named thing,noun,1,0
slogan,world,named thing,noun,1,0
smear,world,named thing,noun,1,0
snail,world,named thing,noun,1,0
snob,world,named thing,noun,1,0
snoop,world,named thing,noun,1,0
snort,world,named thing,noun,1,0
snot,world,named thing,noun,1,0
snug,world,named thing,noun,1,0
solo,world,named thing,noun,1,0
soup,world,named thing,noun,1,0
spectrum,world,named thing,noun,1,0
sperm,world,named thing,noun,1,0
spite,world,named thing,verb,1,0
spleen,world,named thing,noun,1,0
spontaneous,world,named thing,adjective,1,0
squash,world,named thing,noun,1,0
squat,world,named thing,adjective,1,0
squeak,world,named thing,noun,1,0
squirm,world,named thing,noun,1,0
stamp,world,named thing,verb,1,0
steam,world,named thing,noun,1,0
stray,world,named thing,adjective,1,0
strive,world,named thing,verb,1,0
stumble,world,named thing,verb,1,0
subject,world,named thing,verb,1,0
substitute,world,named thing,verb,1,0
sue,world,named thing,noun,1,0
suppress,world,named thing,verb,1,0
suspend,world,named thing,verb,1,0
sympathy,world,named thing,noun,1,0
thigh,world,named thing,noun,1,0
ticket,world,named thing,noun,1,0
timber,world,named thing,noun,1,0
trail,world,named thing,noun,1,0
transparent,world,named thing,adjective,1,0
trench,world,named thing,noun,1,0
tribe,world,named thing,noun,1,0
trinket,world,named thing,noun,1,0
tumble,world,named thing,verb,1,0
tunnel,world,named thing,verb,1,0
twin,world,named thing,verb,1,0
twirl,world,named thing,noun,1,0
urban,world,named thing,adjective,1,0
vapor,world,named thing,noun,1,0
velocity,world,named thing,noun,1,0
vent,world,named thing,noun,1,0
vibrate,world,named thing,verb,1,0
video,world,named thing,noun,1,0
vintage,world,named thing,noun,1,0
vital,world,named thing,adjective,1,0
vivid,world,named thing,adjective,1,0
voltage,world,named thing,noun,1,0
wage,world,named thing,noun,1,0
whim,world,named thing,noun,1,0
whimsical,world,named thing,adjective,1,0
whine,world,named thing,noun,1,0
whirl,world,named thing,noun,1,0
wig,world,named thing,noun,1,0
witch,world,named thing,noun,1,0
wobble,world,named thing,noun,1,0
abort,world,named thing,verb,0,0
absent,world,named thing,adjective,0,0
abstract,world,named thing,adjective,0,0
abyss,world,named thing,noun,0,0
academy,world,named thing,noun,0,0
accommodate,world,named thing,verb,0,0
accompany,world,named thing,verb,0,0
accord,world,named thing,verb,0,0
accumulate,world,named thing,verb,0,0
accurate,world,named thing,adjective,0,0
ace,world,named thing,verb,0,0
acorn,world,named thing,noun,0,0
acoustic,world,named thing,adjective,0,0
acre,world,named thing,noun,0,0
acute,world,named thing,adjective,0,0
adapt,world,named thing,verb,0,0
address,world,named thing,verb,0,0
adhere,world,named thing,noun,0,0
adjacent,world,named thing,adjective,0,0
administer,world,named thing,verb,0,0
admire,world,named thing,noun,0,0
adopt,world,named thing,verb,0,0
advise,world,named thing,verb,0,0
affair,world,named thing,noun,0,0
afford,world,named thing,verb,0,0
afterward,world,named thing,noun,0,0
aggregate,world,named thing,verb,0,0
agitated,world,named thing,verb,0,0
alarm,world,named thing,verb,0,0
alias,world,named thing,noun,0,0
allegiance,world,named thing,noun,0,0
alley,world,named thing,noun,0,0
altar,world,named thing,noun,0,0
alternate,world,named thing,adjective,0,0
alto,world,named thing,noun,0,0
ambiguous,world,named thing,adjective,0,0
ambush,world,named thing,noun,0,0
ammonia,world,named thing,noun,0,0
analyze,world,named thing,verb,0,0
anchor,world,named thing,verb,0,0
anguish,world,named thing,noun,0,0
ankle,world,named thing,noun,0,0
anomaly,world,named thing,noun,0,0
antenna,world,named thing,noun,0,0
anticipate,world,named thing,verb,0,0
anyone,world,named thing,noun,0,0
anything,world,named thing,noun,0,0
apathy,world,named thing,noun,0,0
ape,world,named thing,noun,0,0
apology,world,named thing,noun,0,0
apparatus,world,named thing,noun,0,0
appendage,world,named thing,noun,0,0
appetite,world,named thing,noun,0,0
apple,world,named thing,noun,0,0
apply,world,named thing,verb,0,0
appoint,world,named thing,verb,0,0
appropriate,world,named thing,adjective,0,0
approximate,world,named thing,adjective,0,0
arbitrary,world,named thing,adjective,0,0
archive,world,named thing,verb,0,0
arithmetic,world,named thing,noun,0,0
arouse,world,named thing,verb,0,0
artifact,world,named thing,noun,0,0
ascend,world,named thing,verb,0,0
asleep,world,named thing,adjective,0,0
assemble,world,named thing,verb,0,0
assert,world,named thing,verb,0,0
assimilate,world,named thing,verb,0,0
audio,world,named thing,noun,0,0
audit,world,named thing,noun,0,0
aura,world,named thing,noun,0,0
autumn,world,named thing,noun,0,0
available,world,named thing,adjective,0,0
awe,world,named thing,noun,0,0
bacteria,world,named thing,noun,0,0
bait,world,named thing,noun,0,0
bang,world,named thing,verb,0,0
barb,world,named thing,noun,0,0
bargain,world,named thing,verb,0,0
basin,world,named thing,noun,0,0
bask,world,named thing,noun,0,0
bass,world,named thing,noun,0,0
batch,world,named thing,noun,0,0
bathe,world,named thing,verb,0,0
battery,world,named thing,noun,0,0
beach,world,named thing,noun,0,0
beak,world,named thing,noun,0,0
beard,world,named thing,noun,0,0
beep,world,named thing,noun,0,0
behave,world,named thing,verb,0,0
bile,world,named thing,noun,0,0
bill,world,named thing,noun,0,0
bland,world,named thing,adjective,0,0
blank,world,named thing,adjective,0,0
bliss,world,named thing,noun,0,0
bloat,world,named thing,verb,0,0
blob,world,named thing,noun,0,0
bluff,world,named thing,noun,0,0
blur,world,named thing,verb,0,0
boast,world,named thing,verb,0,0
bog,world,named thing,verb,0,0
bondage,world,named thing,noun,0,0
bound,world,named thing,adjective,0,0
bracken,world,named thing,verb,0,0
brake,world,named thing,verb,0,0
bran,world,named thing,noun,0,0
bridge,world,named thing,verb,0,0
brilliant,world,named thing,adjective,0,0
brim,world,named thing,noun,0,0
brittle,world,named thing,noun,0,0
broken,world,named thing,adjective,0,0
brood,world,named thing,noun,0,0
broth,world,named thing,noun,0,0
browse,world,named thing,noun,0,0
buckle,world,named thing,verb,0,0
bud,world,named thing,verb,0,0
buff,world,named thing,adjective,0,0
buffer,world,named thing,verb,0,0
bulb,world,named thing,noun,0,0
bulk,world,named thing,verb,0,0
bullet,world,named thing,noun,0,0
bust,world,named thing,verb,0,0
butcher,world,named thing,noun,0,0
butt,world,named thing,verb,0,0
butter,world,named thing,noun,0,0
cache,world,named thing,noun,0,0
cactus,world,named thing,noun,0,0
cage,world,named thing,verb,0,0
calcium,world,named thing,noun,0,0
calculus,world,named thing,noun,0,0
camouflage,world,named thing,noun,0,0
cancer,world,named thing,noun,0,0
candidate,world,named thing,noun,0,0
candor,world,named thing,noun,0,0
cannot,world,named thing,verb,0,0
canon,world,named thing,noun,0,0
canvas,world,named thing,noun,0,0
canyon,world,named thing,noun,0,0
capital,world,named thing,noun,0,0
carcass,world,named thing,noun,0,0
cardinal,world,named thing,adjective,0,0
carp,world,named thing,noun,0,0
cartilage,world,named thing,noun,0,0
cascade,world,named thing,noun,0,0
castle,world,named thing,noun,0,0
catalog,world,named thing,verb,0,0
cavity,world,named thing,noun,0,0
ceiling,world,named thing,noun,0,0
celsius,world,named thing,noun,0,0
cement,world,named thing,noun,0,0
century,world,named thing,noun,0,0
chalk,world,named thing,noun,0,0
chapter,world,named thing,noun,0,0
cheap,world,named thing,adjective,0,0
cheese,world,named thing,noun,0,0
chime,world,named thing,noun,0,0
chin,world,named thing,noun,0,0
chisel,world,named thing,noun,0,0
chlorine,world,named thing,noun,0,0
chocolate,world,named thing,noun,0,0
chord,world,named thing,noun,0,0
chorus,world,named thing,noun,0,0
chuck,world,named thing,noun,0,0
cigarette,world,named thing,noun,0,0
circuit,world,named thing,noun,0,0
circulate,world,named thing,verb,0,0
circumvent,world,named thing,verb,0,0
citrus,world,named thing,noun,0,0
civil,world,named thing,adjective,0,0
clam,world,named thing,noun,0,0
clang,world,named thing,noun,0,0
cleanse,world,named thing,verb,0,0
clerk,world,named thing,noun,0,0
cling,world,named thing,verb,0,0
clitoris,world,named thing,noun,0,0
clone,world,named thing,verb,0,0
closure,world,named thing,noun,0,0
clutch,world,named thing,noun,0,0
coarse,world,named thing,adjective,0,0
cobalt,world,named thing,noun,0,0
cod,world,named thing,noun,0,0
coincide,world,named thing,verb,0,0
collaborate,world,named thing,verb,0,0
collide,world,named thing,verb,0,0
colony,world,named thing,noun,0,0
column,world,named thing,noun,0,0
communicate,world,named thing,verb,0,0
compact,world,named thing,noun,0,0
compass,world,named thing,noun,0,0
compassion,world,named thing,noun,0,0
compatible,world,named thing,adjective,0,0
compel,world,named thing,verb,0,0
complaint,world,named thing,noun,0,0
complement,world,named thing,noun,0,0
component,world,named thing,noun,0,0
compose,world,named thing,verb,0,0
composite,world,named thing,noun,0,0
compulsion,world,named thing,noun,0,0
compute,world,named thing,verb,0,0
conceal,world,named thing,verb,0,0
conceive,world,named thing,verb,0,0
concentrate,world,named thing,verb,0,0
concert,world,named thing,noun,0,0
conclude,world,named thing,verb,0,0
concrete,world,named thing,adjective,0,0
cone,world,named thing,noun,0,0
confident,world,named thing,adjective,0,0
configuration,world,named thing,noun,0,0
conform,world,named thing,verb,0,0
confound,world,named thing,noun,0,0
confront,world,named thing,verb,0,0
congestion,world,named thing,noun,0,0
conjure,world,named thing,verb,0,0
conserve,world,named thing,verb,0,0
conspicuous,world,named thing,adjective,0,0
constellation,world,named thing,noun,0,0
constitute,world,named thing,verb,0,0
container,world,named thing,noun,0,0
contempt,world,named thing,noun,0,0
context,world,named thing,noun,0,0
contrast,world,named thing,verb,0,0
contribute,world,named thing,verb,0,0
convenient,world,named thing,adjective,0,0
converge,world,named thing,verb,0,0
conversation,world,named thing,noun,0,0
convey,world,named thing,verb,0,0
conviction,world,named thing,noun,0,0
cooperate,world,named thing,verb,0,0
coordinate,world,named thing,verb,0,0
cope,world,named thing,verb,0,0
coral,world,named thing,noun,0,0
corrupt,world,named thing,adjective,0,0
cotton,world,named thing,noun,0,0
cousin,world,named thing,noun,0,0
covenant,world,named thing,noun,0,0
covering,world,named thing,verb,0,0
coward,world,named thing,noun,0,0
cradle,world,named thing,noun,0,0
cramp,world,named thing,verb,0,0
crane,world,named thing,noun,0,0
cranium,world,named thing,noun,0,0
crank,world,named thing,noun,0,0
crater,world,named thing,noun,0,0
crawl,world,named thing,verb,0,0
creak,world,named thing,noun,0,0
creek,world,named thing,noun,0,0
crescent,world,named thing,noun,0,0
crest,world,named thing,noun,0,0
critic,world,named thing,noun,0,0
crotch,world,named thing,noun,0,0
crouch,world,named thing,noun,0,0
crumb,world,named thing,noun,0,0
crumble,world,named thing,verb,0,0
crunch,world,named thing,noun,0,0
cryptic,world,named thing,adjective,0,0
cuckoo,world,named thing,noun,0,0
cultivate,world,named thing,verb,0,0
curiosity,world,named thing,noun,0,0
currency,world,named thing,noun,0,0
curtain,world,named thing,noun,0,0
custom,world,named thing,noun,0,0
cylinder,world,named thing,noun,0,0
cynical,world,named thing,adjective,0,0
daylight,world,named thing,noun,0,0
dazzle,world,named thing,verb,0,0
deaf,world,named thing,adjective,0,0
decimal,world,named thing,noun,0,0
deck,world,named thing,noun,0,0
decode,world,named thing,verb,0,0
deduce,world,named thing,verb,0,0
default,world,named thing,noun,0,0
defect,world,named thing,verb,0,0
deficit,world,named thing,noun,0,0
degrade,world,named thing,verb,0,0
delete,world,named thing,verb,0,0
deliberate,world,named thing,adjective,0,0
delicious,world,named thing,adjective,0,0
demon,world,named thing,noun,0,0
depict,world,named thing,verb,0,0
depot,world,named thing,noun,0,0
depress,world,named thing,verb,0,0
depression,world,named thing,noun,0,0
deprive,world,named thing,noun,0,0
derive,world,named thing,verb,0,0
descend,world,named thing,verb,0,0
desert,world,named thing,verb,0,0
designate,world,named thing,verb,0,0
desk,world,named thing,noun,0,0
despair,world,named thing,noun,0,0
destination,world,named thing,noun,0,0
destiny,world,named thing,noun,0,0
detach,world,named thing,verb,0,0
determine,world,named thing,verb,0,0
deviate,world,named thing,verb,0,0
devil,world,named thing,noun,0,0
diagonal,world,named thing,adjective,0,0
diagram,world,named thing,noun,0,0
dialect,world,named thing,noun,0,0
diameter,world,named thing,noun,0,0
diaphragm,world,named thing,noun,0,0
dictate,world,named thing,verb,0,0
diffuse,world,named thing,adjective,0,0
dignity,world,named thing,noun,0,0
dim,world,named thing,adjective,0,0
discern,world,named thing,verb,0,0
discharge,world,named thing,verb,0,0
discipline,world,named thing,verb,0,0
dismiss,world,named thing,verb,0,0
disperse,world,named thing,verb,0,0
dispose,world,named thing,verb,0,0
distinguish,world,named thing,verb,0,0
distract,world,named thing,verb,0,0
disturb,world,named thing,verb,0,0
diverse,world,named thing,adjective,0,0
doctrine,world,named thing,noun,0,0
doll,world,named thing,noun,0,0
dollar,world,named thing,noun,0,0
domain,world,named thing,noun,0,0
domestic,world,named thing,adjective,0,0
dormant,world,named thing,adjective,0,0
dove,world,named thing,verb,0,0
draft,world,named thing,verb,0,0
dragon,world,named thing,noun,0,0
drought,world,named thing,noun,0,0
drown,world,named thing,verb,0,0
duct,world,named thing,noun,0,0
dumb,world,named thing,adjective,0,0
dump,world,named thing,verb,0,0
duplicate,world,named thing,verb,0,0
dwarf,world,named thing,noun,0,0
dynamic,world,named thing,adjective,0,0
eagle,world,named thing,noun,0,0
ecstasy,world,named thing,noun,0,0
edit,world,named thing,verb,0,0
eel,world,named thing,noun,0,0
efficient,world,named thing,adjective,0,0
elastic,world,named thing,adjective,0,0
elbow,world,named thing,noun,0,0
elect,world,named thing,verb,0,0
elephant,world,named thing,noun,0,0
elicit,world,named thing,adjective,0,0
ellipse,world,named thing,noun,0,0
eloquent,world,named thing,adjective,0,0
embed,world,named thing,verb,0,0
emerge,world,named thing,verb,0,0
emergency,world,named thing,noun,0,0
empathy,world,named thing,noun,0,0
emphasis,world,named thing,noun,0,0
empire,world,named thing,noun,0,0
enable,world,named thing,verb,0,0
enlighten,world,named thing,verb,0,0
enormous,world,named thing,adjective,0,0
ensure,world,named thing,verb,0,0
envelope,world,named thing,noun,0,0
envy,world,named thing,verb,0,0
enzyme,world,named thing,noun,0,0
epic,world,named thing,adjective,0,0
episode,world,named thing,noun,0,0
equilibrium,world,named thing,noun,0,0
equivalent,world,named thing,adjective,0,0
erect,world,named thing,adjective,0,0
erosion,world,named thing,noun,0,0
ether,world,named thing,noun,0,0
ethics,world,named thing,noun,0,0
evolution,world,named thing,noun,0,0
evolve,world,named thing,verb,0,0
excellent,world,named thing,adjective,0,0
exempt,world,named thing,adjective,0,0
exhaust,world,named thing,verb,0,0
expansion,world,named thing,noun,0,0
experiment,world,named thing,verb,0,0
expire,world,named thing,verb,0,0
explicit,world,named thing,adjective,0,0
exploit,world,named thing,verb,0,0
exponent,world,named thing,noun,0,0
export,world,named thing,verb,0,0
extent,world,named thing,noun,0,0
exterior,world,named thing,noun,0,0
extinct,world,named thing,noun,0,0
extinguish,world,named thing,verb,0,0
extravagant,world,named thing,adjective,0,0
eyelash,world,named thing,noun,0,0
facilitate,world,named thing,verb,0,0
fahrenheit,world,named thing,noun,0,0
fairy,world,named thing,noun,0,0
feat,world,named thing,noun,0,0
feeble,world,named thing,adjective,0,0
fellow,world,named thing,adjective,0,0
ferry,world,named thing,noun,0,0
fetch,world,named thing,verb,0,0
feud,world,named thing,noun,0,0
fiddle,world,named thing,noun,0,0
file,world,named thing,verb,0,0
fin,world,named thing,noun,0,0
fleet,world,named thing,noun,0,0
flop,world,named thing,verb,0,0
flour,world,named thing,noun,0,0
flush,world,named thing,noun,0,0
flute,world,named thing,noun,0,0
flutter,world,named thing,noun,0,0
foil,world,named thing,verb,0,0
folly,world,named thing,noun,0,0
fond,world,named thing,adjective,0,0
forge,world,named thing,verb,0,0
format,world,named thing,verb,0,0
formula,world,named thing,noun,0,0
fort,world,named thing,noun,0,0
found,world,named thing,verb,0,0
fountain,world,named thing,noun,0,0
fracture,world,named thing,verb,0,0
frail,world,named thing,adjective,0,0
frank,world,named thing,adjective,0,0
frenzy,world,named thing,noun,0,0
fret,world,named thing,noun,0,0
friction,world,named thing,noun,0,0
fulfill,world,named thing,verb,0,0
gag,world,named thing,verb,0,0
gall,world,named thing,noun,0,0
gallon,world,named thing,noun,0,0
gallop,world,named thing,noun,0,0
gamble,world,named thing,noun,0,0
garage,world,named thing,noun,0,0
gasoline,world,named thing,noun,0,0
gateway,world,named thing,noun,0,0
genesis,world,named thing,noun,0,0
genius,world,named thing,noun,0,0
genuine,world,named thing,adjective,0,0
geometry,world,named thing,noun,0,0
gill,world,named thing,noun,0,0
glad,world,named thing,adjective,0,0
glyph,world,named thing,noun,0,0
goat,world,named thing,noun,0,0
gong,world,named thing,noun,0,0
goods,world,named thing,noun,0,0
goose,world,named thing,noun,0,0
graft,world,named thing,noun,0,0
gratitude,world,named thing,noun,0,0
gravity,world,named thing,noun,0,0
graze,world,named thing,verb,0,0
grieve,world,named thing,verb,0,0
grit,world,named thing,noun,0,0
groin,world,named thing,noun,0,0
gross,world,named thing,adjective,0,0
grove,world,named thing,noun,0,0
habitat,world,named thing,noun,0,0
hail,world,named thing,noun,0,0
halo,world,named thing,noun,0,0
hamper,world,named thing,verb,0,0
harass,world,named thing,verb,0,0
hash,world,named thing,verb,0,0
hazard,world,named thing,noun,0,0
heave,world,named thing,noun,0,0
heed,world,named thing,noun,0,0
hen,world,named thing,noun,0,0
henry,world,named thing,noun,0,0
herring,world,named thing,verb,0,0
hertz,world,named thing,noun,0,0
hidden,world,named thing,verb,0,0
hierarchy,world,named thing,noun,0,0
hinge,world,named thing,noun,0,0
hiss,world,named thing,noun,0,0
hitch,world,named thing,noun,0,0
hive,world,named thing,noun,0,0
holder,world,named thing,noun,0,0
holiday,world,named thing,noun,0,0
horizon,world,named thing,noun,0,0
hormone,world,named thing,noun,0,0
hover,world,named thing,noun,0,0
howl,world,named thing,verb,0,0
humiliate,world,named thing,verb,0,0
humility,world,named thing,noun,0,0
hump,world,named thing,noun,0,0
hut,world,named thing,noun,0,0
hybrid,world,named thing,adjective,0,0
hydrogen,world,named thing,noun,0,0
hypocrite,world,named thing,noun,0,0
hypothesis,world,named thing,noun,0,0
identical,world,named thing,adjective,0,0
idle,world,named thing,adjective,0,0
ignite,world,named thing,verb,0,0
immediate,world,named thing,adjective,0,0
import,world,named thing,verb,0,0
impulse,world,named thing,noun,0,0
inch,world,named thing,noun,0,0
incorporate,world,named thing,verb,0,0
independent,world,named thing,adjective,0,0
index,world,named thing,verb,0,0
indicate,world,named thing,verb,0,0
induce,world,named thing,verb,0,0
indulge,world,named thing,verb,0,0
inertia,world,named thing,noun,0,0
inevitable,world,named thing,adjective,0,0
inflammation,world,named thing,noun,0,0
ingredient,world,named thing,noun,0,0
inject,world,named thing,verb,0,0
innocent,world,named thing,adjective,0,0
input,world,named thing,noun,0,0
insensitive,world,named thing,adjective,0,0
insight,world,named thing,noun,0,0
inspect,world,named thing,verb,0,0
institution,world,named thing,noun,0,0
insure,world,named thing,verb,0,0
integrate,world,named thing,verb,0,0
intellect,world,named thing,noun,0,0
interior,world,named thing,noun,0,0
intermittent,world,named thing,adjective,0,0
interpret,world,named thing,verb,0,0
intervene,world,named thing,noun,0,0
intimidate,world,named thing,verb,0,0
introduce,world,named thing,verb,0,0
intrude,world,named thing,verb,0,0
invade,world,named thing,verb,0,0
invent,world,named thing,verb,0,0
inverse,world,named thing,noun,0,0
invest,world,named thing,verb,0,0
invoke,world,named thing,verb,0,0
iodine,world,named thing,noun,0,0
iris,world,named thing,noun,0,0
irrigate,world,named thing,verb,0,0
itch,world,named thing,noun,0,0
jab,world,named thing,noun,0,0
jack,world,named thing,noun,0,0
jagged,world,named thing,adjective,0,0
junction,world,named thing,noun,0,0
jungle,world,named thing,noun,0,0
junk,world,named thing,noun,0,0
kangaroo,world,named thing,noun,0,0
keel,world,named thing,verb,0,0
kelvin,world,named thing,noun,0,0
keyboard,world,named thing,noun,0,0
kneel,world,named thing,verb,0,0
known,world,named thing,adjective,0,0
lag,world,named thing,verb,0,0
lame,world,named thing,adjective,0,0
lap,world,named thing,verb,0,0
larynx,world,named thing,noun,0,0
lava,world,named thing,noun,0,0
layer,world,named thing,noun,0,0
leech,world,named thing,verb,0,0
legitimate,world,named thing,adjective,0,0
length,world,named thing,noun,0,0
lenient,world,named thing,adjective,0,0
lesion,world,named thing,noun,0,0
liberty,world,named thing,noun,0,0
lightning,world,named thing,noun,0,0
likely,world,named thing,adjective,0,0
lily,world,named thing,noun,0,0
lime,world,named thing,noun,0,0
linen,world,named thing,noun,0,0
loaf,world,named thing,noun,0,0
lobster,world,named thing,noun,0,0
locate,world,named thing,verb,0,0
lonely,world,named thing,adjective,0,0
loot,world,named thing,verb,0,0
lore,world,named thing,noun,0,0
lost,world,named thing,adjective,0,0
lot,world,named thing,noun,0,0
lust,world,named thing,verb,0,0
magnesium,world,named thing,noun,0,0
magnificent,world,named thing,adjective,0,0
magnitude,world,named thing,noun,0,0
major,world,named thing,adjective,0,0
mandate,world,named thing,verb,0,0
mane,world,named thing,noun,0,0
manifest,world,named thing,verb,0,0
manual,world,named thing,adjective,0,0
manufacture,world,named thing,verb,0,0
marker,world,named thing,noun,0,0
marrow,world,named thing,noun,0,0
marvel,world,named thing,noun,0,0
matrix,world,named thing,noun,0,0
maze,world,named thing,noun,0,0
meadow,world,named thing,noun,0,0
media,world,named thing,noun,0,0
melancholy,world,named thing,noun,0,0
melon,world,named thing,noun,0,0
membrane,world,named thing,noun,0,0
mend,world,named thing,verb,0,0
merit,world,named thing,verb,0,0
merry,world,named thing,adjective,0,0
metabolism,world,named thing,noun,0,0
metaphor,world,named thing,noun,0,0
midnight,world,named thing,noun,0,0
mile,world,named thing,noun,0,0
miracle,world,named thing,noun,0,0
mixture,world,named thing,noun,0,0
module,world,named thing,noun,0,0
momentum,world,named thing,noun,0,0
monitor,world,named thing,verb,0,0
monkey,world,named thing,verb,0,0
monument,world,named thing,noun,0,0
mosquito,world,named thing,noun,0,0
moss,world,named thing,noun,0,0
moth,world,named thing,noun,0,0
motor,world,named thing,noun,0,0
mumble,world,named thing,verb,0,0
murky,world,named thing,adjective,0,0
museum,world,named thing,noun,0,0
mutant,world,named thing,noun,0,0
muzzle,world,named thing,noun,0,0
myth,world,named thing,noun,0,0
nasty,world,named thing,adjective,0,0
natural,world,named thing,adjective,0,0
navel,world,named thing,noun,0,0
navigate,world,named thing,verb,0,0
nectar,world,named thing,noun,0,0
neglect,world,named thing,verb,0,0
newton,world,named thing,noun,0,0
niche,world,named thing,noun,0,0
nickel,world,named thing,noun,0,0
nitrogen,world,named thing,noun,0,0
nobody,world,named thing,noun,0,0
norm,world,named thing,noun,0,0
nostalgia,world,named thing,noun,0,0
nostril,world,named thing,noun,0,0
nude,world,named thing,adjective,0,0
nurture,world,named thing,verb,0,0
nylon,world,named thing,noun,0,0
obligation,world,named thing,noun,0,0
oblige,world,named thing,noun,0,0
obscure,world,named thing,adjective,0,0
obstruct,world,named thing,verb,0,0
obtain,world,named thing,verb,0,0
octopus,world,named thing,noun,0,0
offense,world,named thing,noun,0,0
offset,world,named thing,verb,0,0
offspring,world,named thing,noun,0,0
oneself,world,named thing,noun,0,0
opaque,world,named thing,adjective,0,0
opening,world,named thing,verb,0,0
operate,world,named thing,verb,0,0
opponent,world,named thing,noun,0,0
opportunity,world,named thing,noun,0,0
oracle,world,named thing,noun,0,0
orb,world,named thing,noun,0,0
ordinary,world,named thing,adjective,0,0
orient,world,named thing,verb,0,0
outcome,world,named thing,noun,0,0
output,world,named thing,noun,0,0
overlap,world,named thing,verb,0,0
packet,world,named thing,noun,0,0
palate,world,named thing,verb,0,0
palsy,world,named thing,noun,0,0
par,world,named thing,noun,0,0
paradox,world,named thing,noun,0,0
paramount,world,named thing,noun,0,0
parcel,world,named thing,noun,0,0
parliament,world,named thing,noun,0,0
partial,world,named thing,adjective,0,0
participate,world,named thing,verb,0,0
pascal,world,named thing,noun,0,0
passenger,world,named thing,noun,0,0
paste,world,named thing,verb,0,0
pasture,world,named thing,noun,0,0
pat,world,named thing,noun,0,0
patter,world,named thing,noun,0,0
pavilion,world,named thing,noun,0,0
paw,world,named thing,noun,0,0
peck,world,named thing,noun,0,0
pedal,world,named thing,noun,0,0
peer,world,named thing,verb,0,0
peg,world,named thing,noun,0,0
pelvis,world,named thing,noun,0,0
penetrate,world,named thing,verb,0,0
peninsula,world,named thing,noun,0,0
pepper,world,named thing,noun,0,0
percent,world,named thing,noun,0,0
permeate,world,named thing,verb,0,0
perspective,world,named thing,noun,0,0
petal,world,named thing,noun,0,0
pheasant,world,named thing,noun,0,0
phenomenon,world,named thing,noun,0,0
phosphorus,world,named thing,noun,0,0
pillar,world,named thing,adjective,0,0
pillow,world,named thing,noun,0,0
pine,world,named thing,verb,0,0
ping,world,named thing,verb,0,0
pitch,world,named thing,noun,0,0
plank,world,named thing,noun,0,0
plasma,world,named thing,noun,0,0
plateau,world,named thing,noun,0,0
platinum,world,named thing,noun,0,0
plow,world,named thing,noun,0,0
poetry,world,named thing,noun,0,0
poise,world,named thing,noun,0,0
policy,world,named thing,noun,0,0
polish,world,named thing,verb,0,0
pond,world,named thing,noun,0,0
portal,world,named thing,noun,0,0
possess,world,named thing,verb,0,0
posture,world,named thing,noun,0,0
potassium,world,named thing,noun,0,0
potato,world,named thing,noun,0,0
pound,world,named thing,verb,0,0
precise,world,named thing,adjective,0,0
precision,world,named thing,noun,0,0
predator,world,named thing,noun,0,0
presume,world,named thing,noun,0,0
primate,world,named thing,noun,0,0
prime,world,named thing,adjective,0,0
primitive,world,named thing,adjective,0,0
prism,world,named thing,noun,0,0
probable,world,named thing,adjective,0,0
procedure,world,named thing,noun,0,0
profane,world,named thing,adjective,0,0
prophecy,world,named thing,noun,0,0
prose,world,named thing,noun,0,0
protein,world,named thing,noun,0,0
protocol,world,named thing,noun,0,0
provoke,world,named thing,verb,0,0
proxy,world,named thing,noun,0,0
prudent,world,named thing,adjective,0,0
pry,world,named thing,noun,0,0
puck,world,named thing,noun,0,0
pulp,world,named thing,noun,0,0
pump,world,named thing,verb,0,0
quantum,world,named thing,noun,0,0
quench,world,named thing,verb,0,0
quest,world,named thing,noun,0,0
queue,world,named thing,noun,0,0
quota,world,named thing,noun,0,0
rabbit,world,named thing,noun,0,0
radar,world,named thing,noun,0,0
radiant,world,named thing,adjective,0,0
radio,world,named thing,noun,0,0
radius,world,named thing,noun,0,0
rag,world,named thing,noun,0,0
ram,world,named thing,noun,0,0
ransom,world,named thing,noun,0,0
rape,world,named thing,verb,0,0
rat,world,named thing,verb,0,0
ratchet,world,named thing,noun,0,0
rattle,world,named thing,verb,0,0
receipt,world,named thing,noun,0,0
recess,world,named thing,noun,0,0
recipe,world,named thing,noun,0,0
reciprocate,world,named thing,verb,0,0
recommend,world,named thing,verb,0,0
recruit,world,named thing,noun,0,0
rectangle,world,named thing,noun,0,0
redeem,world,named thing,noun,0,0
reed,world,named thing,noun,0,0
reel,world,named thing,verb,0,0
reflex,world,named thing,noun,0,0
refrain,world,named thing,noun,0,0
refute,world,named thing,verb,0,0
regulate,world,named thing,verb,0,0
rehearse,world,named thing,verb,0,0
relapse,world,named thing,noun,0,0
relevant,world,named thing,adjective,0,0
relieve,world,named thing,verb,0,0
reluctant,world,named thing,adjective,0,0
remainder,world,named thing,noun,0,0
remorse,world,named thing,noun,0,0
render,world,named thing,verb,0,0
repetition,world,named thing,noun,0,0
replenish,world,named thing,verb,0,0
resemble,world,named thing,verb,0,0
reserve,world,named thing,verb,0,0
resonate,world,named thing,verb,0,0
restaurant,world,named thing,noun,0,0
restraint,world,named thing,noun,0,0
restrict,world,named thing,verb,0,0
resume,world,named thing,verb,0,0
retain,world,named thing,noun,0,0
retard,world,named thing,noun,0,0
retire,world,named thing,verb,0,0
retrieve,world,named thing,verb,0,0
revere,world,named thing,verb,0,0
revive,world,named thing,verb,0,0
revoke,world,named thing,verb,0,0
revolve,world,named thing,verb,0,0
rice,world,named thing,noun,0,0
riddle,world,named thing,noun,0,0
ridicule,world,named thing,noun,0,0
rift,world,named thing,noun,0,0
rig,world,named thing,noun,0,0
rigid,world,named thing,adjective,0,0
riot,world,named thing,verb,0,0
rip,world,named thing,verb,0,0
ripe,world,named thing,adjective,0,0
ripple,world,named thing,noun,0,0
ritual,world,named thing,noun,0,0
roar,world,named thing,verb,0,0
robust,world,named thing,adjective,0,0
roost,world,named thing,noun,0,0
rose,world,named thing,noun,0,0
rug,world,named thing,noun,0,0
rumble,world,named thing,noun,0,0
rupture,world,named thing,noun,0,0
rust,world,named thing,verb,0,0
sag,world,named thing,noun,0,0
sanctuary,world,named thing,noun,0,0
sarcasm,world,named thing,noun,0,0
sarcastic,world,named thing,adjective,0,0
satisfaction,world,named thing,noun,0,0
saturate,world,named thing,verb,0,0
scar,world,named thing,verb,0,0
scarce,world,named thing,adjective,0,0
scarf,world,named thing,noun,0,0
scorpion,world,named thing,noun,0,0
screech,world,named thing,verb,0,0
scroll,world,named thing,verb,0,0
scrub,world,named thing,noun,0,0
sculpture,world,named thing,noun,0,0
seam,world,named thing,noun,0,0
sector,world,named thing,noun,0,0
segment,world,named thing,noun,0,0
semen,world,named thing,noun,0,0
serene,world,named thing,adjective,0,0
serial,world,named thing,adjective,0,0
shaft,world,named thing,noun,0,0
shallow,world,named thing,adjective,0,0
shatter,world,named thing,verb,0,0
shin,world,named thing,noun,0,0
shiny,world,named thing,adjective,0,0
shrimp,world,named thing,noun,0,0
siege,world,named thing,noun,0,0
silicon,world,named thing,noun,0,0
simulate,world,named thing,verb,0,0
simultaneous,world,named thing,adjective,0,0
sincere,world,named thing,adjective,0,0
singular,world,named thing,adjective,0,0
sizzle,world,named thing,noun,0,0
skeleton,world,named thing,noun,0,0
skeptical,world,named thing,adjective,0,0
slab,world,named thing,noun,0,0
slack,world,named thing,adjective,0,0
slam,world,named thing,verb,0,0
slander,world,named thing,noun,0,0
slender,world,named thing,adjective,0,0
slit,world,named thing,verb,0,0
slot,world,named thing,noun,0,0
sloth,world,named thing,noun,0,0
slough,world,named thing,noun,0,0
slug,world,named thing,noun,0,0
smuggle,world,named thing,verb,0,0
smut,world,named thing,noun,0,0
snare,world,named thing,noun,0,0
socket,world,named thing,noun,0,0
soda,world,named thing,noun,0,0
sodium,world,named thing,noun,0,0
solemn,world,named thing,adjective,0,0
soot,world,named thing,noun,0,0
sorcery,world,named thing,noun,0,0
spar,world,named thing,noun,0,0
sparrow,world,named thing,noun,0,0
species,world,named thing,noun,0,0
sphincter,world,named thing,noun,0,0
splendid,world,named thing,adjective,0,0
sponge,world,named thing,noun,0,0
sprout,world,named thing,verb,0,0
spur,world,named thing,verb,0,0
squish,world,named thing,verb,0,0
stability,world,named thing,noun,0,0
stabilize,world,named thing,verb,0,0
stair,world,named thing,noun,0,0
stale,world,named thing,adjective,0,0
stall,world,named thing,verb,0,0
stamina,world,named thing,noun,0,0
starch,world,named thing,noun,0,0
stimulus,world,named thing,noun,0,0
stink,world,named thing,verb,0,0
storage,world,named thing,noun,0,0
stout,world,named thing,adjective,0,0
stranger,world,named thing,noun,0,0
streak,world,named thing,noun,0,0
stroke,world,named thing,verb,0,0
stuck,world,named thing,verb,0,0
stud,world,named thing,noun,0,0
stump,world,named thing,verb,0,0
sublime,world,named thing,adjective,0,0
submit,world,named thing,verb,0,0
subtle,world,named thing,adjective,0,0
sulfur,world,named thing,noun,0,0
summit,world,named thing,noun,0,0
summon,world,named thing,verb,0,0
sunrise,world,named thing,noun,0,0
sunset,world,named thing,noun,0,0
suppose,world,named thing,verb,0,0
surge,world,named thing,verb,0,0
surplus,world,named thing,noun,0,0
suspect,world,named thing,adjective,0,0
suspicion,world,named thing,noun,0,0
swarm,world,named thing,noun,0,0
swift,world,named thing,adjective,0,0
swirl,world,named thing,noun,0,0
symptom,world,named thing,noun,0,0
taboo,world,named thing,adjective,0,0
tack,world,named thing,verb,0,0
tact,world,named thing,noun,0,0
talon,world,named thing,noun,0,0
tan,world,named thing,verb,0,0
tang,world,named thing,noun,0,0
tar,world,named thing,noun,0,0
tattoo,world,named thing,noun,0,0
television,world,named thing,noun,0,0
tempo,world,named thing,noun,0,0
tend,world,named thing,verb,0,0
tense,world,named thing,adjective,0,0
tesla,world,named thing,noun,0,0
therapy,world,named thing,noun,0,0
thorn,world,named thing,noun,0,0
thrive,world,named thing,verb,0,0
thumb,world,named thing,noun,0,0
thunder,world,named thing,noun,0,0
tick,world,named thing,verb,0,0
tickle,world,named thing,noun,0,0
tide,world,named thing,verb,0,0
toil,world,named thing,noun,0,0
tolerate,world,named thing,verb,0,0
toll,world,named thing,verb,0,0
tornado,world,named thing,noun,0,0
torso,world,named thing,noun,0,0
tour,world,named thing,verb,0,0
tract,world,named thing,verb,0,0
traffic,world,named thing,noun,0,0
trajectory,world,named thing,noun,0,0
trample,world,named thing,verb,0,0
trance,world,named thing,noun,0,0
transit,world,named thing,noun,0,0
transition,world,named thing,verb,0,0
transmit,world,named thing,noun,0,0
trauma,world,named thing,noun,0,0
trespass,world,named thing,noun,0,0
tribute,world,named thing,verb,0,0
tropical,world,named thing,adjective,0,0
truce,world,named thing,noun,0,0
trumpet,world,named thing,noun,0,0
trunk,world,named thing,noun,0,0
tuck,world,named thing,verb,0,0
tug,world,named thing,noun,0,0
tuna,world,named thing,noun,0,0
turkey,world,named thing,noun,0,0
turtle,world,named thing,noun,0,0
ugly,world,named thing,adjective,0,0
ulcer,world,named thing,noun,0,0
ultimate,world,named thing,adjective,0,0
undergo,world,named thing,verb,0,0
undo,world,named thing,verb,0,0
unusual,world,named thing,adjective,0,0
utter,world,named thing,adjective,0,0
vacuum,world,named thing,verb,0,0
vagina,world,named thing,noun,0,0
vain,world,named thing,adjective,0,0
valve,world,named thing,noun,0,0
vast,world,named thing,adjective,0,0
vector,world,named thing,noun,0,0
veil,world,named thing,noun,0,0
venture,world,named thing,verb,0,0
vice,world,named thing,noun,0,0
village,world,named thing,noun,0,0
vine,world,named thing,noun,0,0
violet,world,named thing,noun,0,0
virgin,world,named thing,noun,0,0
virtue,world,named thing,noun,0,0
volt,world,named thing,noun,0,0
voluntary,world,named thing,adjective,0,0
voyage,world,named thing,noun,0,0
vulnerable,world,named thing,adjective,0,0
wagon,world,named thing,noun,0,0
ward,world,named thing,noun,0,0
warp,world,named thing,verb,0,0
wart,world,named thing,noun,0,0
wasp,world,named thing,noun,0,0
weasel,world,named thing,noun,0,0
wedge,world,named thing,noun,0,0
weed,world,named thing,verb,0,0
weep,world,named thing,verb,0,0
weigh,world,named thing,verb,0,0
weld,world,named thing,verb,0,0
welfare,world,named thing,noun,0,0
whale,world,named thing,noun,0,0
wheat,world,named thing,noun,0,0
whiff,world,named thing,noun,0,0
whip,world,named thing,verb,0,0
whisper,world,named thing,verb,0,0
whistle,world,named thing,verb,0,0
wick,world,named thing,verb,0,0
wicked,world,named thing,adjective,0,0
willing,world,named thing,adjective,0,0
wink,world,named thing,noun,0,0
wit,world,named thing,noun,0,0
wolf,world,named thing,noun,0,0
wound,world,named thing,verb,0,0
wreck,world,named thing,verb,0,0
yawn,world,named thing,verb,0,0
yearn,world,named thing,verb,0,0
yeast,world,named thing,noun,0,0
yum,world,named thing,noun,0,0
zap,world,named thing,noun,0,0
zinc,world,named thing,noun,0,0
