word,cut,cut
miqksim,miq-ksim,miqk-sim
miqksib,miq-ksib,miqk-sib
miqksig,miq-ksig,miqk-sig
miqksit,miq-ksit,miqk-sit
miqksis,miq-ksis,miqk-sis
miqksif,miq-ksif,miqk-sif
miqksix,miq-ksix,miqk-six
miqksiC,miq-ksiC,miqk-siC
miqksam,miq-ksam,miqk-sam
miqksab,miq-ksab,miqk-sab
miqksag,miq-ksag,miqk-sag
miqksat,miq-ksat,miqk-sat
miqksas,miq-ksas,miqk-sas
miqksaf,miq-ksaf,miqk-saf
miqksax,miq-ksax,miqk-sax
miqksaC,miq-ksaC,miqk-saC
miqksal,miq-ksal,miqk-sal
miqksum,miq-ksum,miqk-sum
miqksub,miq-ksub,miqk-sub
miqksug,miq-ksug,miqk-sug
miqksut,miq-ksut,miqk-sut
miqksus,miq-ksus,miqk-sus
miqksuf,miq-ksuf,miqk-suf
miqksux,miq-ksux,miqk-sux
miqksuC,miq-ksuC,miqk-suC
miqksul,miq-ksul,miqk-sul
miqklek,miq-klek,miqk-lek
miqkloz,miq-kloz,miqk-loz
mipflid,mip-flid,mipf-lid
mipflip,mip-flip,mipf-lip
mipflif,mip-flif,mipf-lif
mipflem,mip-flem,mipf-lem
mipflek,mip-flek,mipf-lek
mipfleC,mip-fleC,mipf-leC
mipflad,mip-flad,mipf-lad
mipflap,mip-flap,mipf-lap
mipflaf,mip-flaf,mipf-laf
mipflax,mip-flax,mipf-lax
mipflom,mip-flom,mipf-lom
mipflok,mip-flok,mipf-lok
mipflor,mip-flor,mipf-lor
mipflud,mip-flud,mipf-lud
mipflup,mip-flup,mipf-lup
mipfluz,mip-fluz,mipf-luz
mipfluf,mip-fluf,mipf-luf
mipflux,mip-flux,mipf-lux
mipfris,mip-fris,mipf-ris
mipfrix,mip-frix,mipf-rix
mipfras,mip-fras,mipf-ras
mipxnim,mip-xnim,mipx-nim
mipxnib,mip-xnib,mipx-nib
mipxnig,mip-xnig,mipx-nig
mipxnit,mip-xnit,mipx-nit
mipxnis,mip-xnis,mipx-nis
mipxnif,mip-xnif,mipx-nif
mipxnix,mip-xnix,mipx-nix
mipxniC,mip-xniC,mipx-niC
mipxnam,mip-xnam,mipx-nam
mipxnab,mip-xnab,mipx-nab
mipxnag,mip-xnag,mipx-nag
mipxnat,mip-xnat,mipx-nat
mipxnas,mip-xnas,mipx-nas
mipxnaf,mip-xnaf,mipx-naf
mipxnax,mip-xnax,mipx-nax
mipxnaC,mip-xnaC,mipx-naC
mipxnal,mip-xnal,mipx-nal
mipxnum,mip-xnum,mipx-num
mipxnub,mip-xnub,mipx-nub
mipxnug,mip-xnug,mipx-nug
mipxnut,mip-xnut,mipx-nut
mipxnus,mip-xnus,mipx-nus
mipxnuf,mip-xnuf,mipx-nuf
mipxnux,mip-xnux,mipx-nux
mipxnuC,mip-xnuC,mipx-nuC
mipxnul,mip-xnul,mipx-nul
mipxkim,mip-xkim,mipx-kim
mipxkib,mip-xkib,mipx-kib
mipxkig,mip-xkig,mipx-kig
mipxkit,mip-xkit,mipx-kit
mipxkis,mip-xkis,mipx-kis
mipxkif,mip-xkif,mipx-kif
mipxkix,mip-xkix,mipx-kix
mipxkiC,mip-xkiC,mipx-kiC
mipxkam,mip-xkam,mipx-kam
mipxkab,mip-xkab,mipx-kab
mipxkag,mip-xkag,mipx-kag
mipxkat,mip-xkat,mipx-kat
mipxkas,mip-xkas,mipx-kas
mipxkaf,mip-xkaf,mipx-kaf
mipxkax,mip-xkax,mipx-kax
mipxkaC,mip-xkaC,mipx-kaC
mipxkal,mip-xkal,mipx-kal
mipxkum,mip-xkum,mipx-kum
mipxkub,mip-xkub,mipx-kub
mipxkug,mip-xkug,mipx-kug
mipxkut,mip-xkut,mipx-kut
mipxkus,mip-xkus,mipx-kus
mipxkuf,mip-xkuf,mipx-kuf
mipxkux,mip-xkux,mipx-kux
mipxkuC,mip-xkuC,mipx-kuC
mipxkul,mip-xkul,mipx-kul
mipxlim,mip-xlim,mipx-lim
mipxlib,mip-xlib,mipx-lib
mipxlit,mip-xlit,mipx-lit
mipxlik,mip-xlik,mipx-lik
mipxlis,mip-xlis,mipx-lis
mipxlif,mip-xlif,mipx-lif
mipxlix,mip-xlix,mipx-lix
mipxliC,mip-xliC,mipx-liC
mipxlam,mip-xlam,mipx-lam
mipxlab,mip-xlab,mipx-lab
mipxlag,mip-xlag,mipx-lag
mipxlat,mip-xlat,mipx-lat
mipxlas,mip-xlas,mipx-las
mipxlav,mip-xlav,mipx-lav
mipxlax,mip-xlax,mipx-lax
mipxlal,mip-xlal,mipx-lal
mipxlum,mip-xlum,mipx-lum
mipxlub,mip-xlub,mipx-lub
mipxlug,mip-xlug,mipx-lug
mipxlut,mip-xlut,mipx-lut
mipxlus,mip-xlus,mipx-lus
mipxluf,mip-xluf,mipx-luf
mipxlux,mip-xlux,mipx-lux
mipxluC,mip-xluC,mipx-luC
mipxlul,mip-xlul,mipx-lul
miksmin,mik-smin,miks-min
miksmib,mik-smib,miks-mib
miksmit,mik-smit,miks-mit
miksmis,mik-smis,miks-mis
miksmix,mik-smix,miks-mix
miksmiC,mik-smiC,miks-miC
miksmek,mik-smek,miks-mek
miksmad,mik-smad,miks-mad
miksmas,mik-smas,miks-mas
miksmaf,mik-smaf,miks-maf
miksmax,mik-smax,miks-max
miksmaC,mik-smaC,miks-maC
miksmal,mik-smal,miks-mal
miksmok,mik-smok,miks-mok
miksmub,mik-smub,miks-mub
miksmut,mik-smut,miks-mut
miksmus,mik-smus,miks-mus
miksmuf,mik-smuf,miks-muf
miksmux,mik-smux,miks-mux
miksmuC,mik-smuC,miks-muC
miksmul,mik-smul,miks-mul
miksnif,mik-snif,miks-nif
miksnap,mik-snap,miks-nap
miksnom,mik-snom,miks-nom
mikspin,mik-spin,miks-pin
mikspib,mik-spib,miks-pib
mikspit,mik-spit,miks-pit
mikspik,mik-spik,miks-pik
mikspis,mik-spis,miks-pis
mikspix,mik-spix,miks-pix
mikspiC,mik-spiC,miks-piC
mikspan,mik-span,miks-pan
mikspak,mik-spak,miks-pak
mikspas,mik-spas,miks-pas
mikspof,mik-spof,miks-pof
mikspum,mik-spum,miks-pum
mikspug,mik-spug,miks-pug
mikspus,mik-spus,miks-pus
mikspul,mik-spul,miks-pul
mikstef,mik-stef,miks-tef
mikstab,mik-stab,miks-tab
mikstat,mik-stat,miks-tat
mikstal,mik-stal,miks-tal
mikstoj,mik-stoj,miks-toj
mikstud,mik-stud,miks-tud
mikstup,mik-stup,miks-tup
mikskim,mik-skim,miks-kim
mikskib,mik-skib,miks-kib
mikskig,mik-skig,miks-kig
mikskit,mik-skit,miks-kit
mikskis,mik-skis,miks-kis
mikskif,mik-skif,miks-kif
mikskix,mik-skix,miks-kix
mikskiC,mik-skiC,miks-kiC
mikskad,mik-skad,miks-kad
mikskag,mik-skag,miks-kag
mikskap,mik-skap,miks-kap
mikskas,mik-skas,miks-kas
mikskaf,mik-skaf,miks-kaf
mikskax,mik-skax,miks-kax
mikskaC,mik-skaC,miks-kaC
mikskal,mik-skal,miks-kal
mikskoq,mik-skoq,miks-koq
mikskud,mik-skud,miks-kud
mikskug,mik-skug,miks-kug
mikskup,mik-skup,miks-kup
mikskuz,mik-skuz,miks-kuz
mikskuf,mik-skuf,miks-kuf
mikskux,mik-skux,miks-kux
mikskul,mik-skul,miks-kul
miksfim,mik-sfim,miks-fim
miksfib,mik-sfib,miks-fib
miksfit,mik-sfit,miks-fit
miksfis,mik-sfis,miks-fis
miksfif,mik-sfif,miks-fif
miksfix,mik-sfix,miks-fix
miksfiC,mik-sfiC,miks-fiC
miksfam,mik-sfam,miks-fam
miksfab,mik-sfab,miks-fab
miksfag,mik-sfag,miks-fag
miksfat,mik-sfat,miks-fat
miksfaf,mik-sfaf,miks-faf
miksfax,mik-sfax,miks-fax
miksfaC,mik-sfaC,miks-faC
miksfal,mik-sfal,miks-fal
miksfum,mik-sfum,miks-fum
miksfub,mik-sfub,miks-fub
miksfug,mik-sfug,miks-fug
miksfut,mik-sfut,miks-fut
miksfus,mik-sfus,miks-fus
miksfuf,mik-sfuf,miks-fuf
miksfux,mik-sfux,miks-fux
miksfuC,mik-sfuC,miks-fuC
miksvik,mik-svik,miks-vik
miksvas,mik-svas,miks-vas
miksvur,mik-svur,miks-vur
mikslim,mik-slim,miks-lim
mikslid,mik-slid,miks-lid
mikslig,mik-slig,miks-lig
mikslip,mik-slip,miks-lip
mikslis,mik-slis,miks-lis
mikslif,mik-slif,miks-lif
mikslix,mik-slix,miks-lix
miksliC,mik-sliC,miks-liC
mikslad,mik-slad,miks-lad
mikslag,mik-slag,miks-lag
mikslap,mik-slap,miks-lap
mikslas,mik-slas,miks-las
mikslaf,mik-slaf,miks-laf
mikslax,mik-slax,miks-lax
mikslaC,mik-slaC,miks-laC
mikslal,mik-slal,miks-lal
mikslom,mik-slom,miks-lom
mikslud,mik-slud,miks-lud
mikslug,mik-slug,miks-lug
mikslup,mik-slup,miks-lup
mikslus,mik-slus,miks-lus
miksluf,mik-sluf,miks-luf
mikslux,mik-slux,miks-lux
miksluC,mik-sluC,miks-luC
mikslur,mik-slur,miks-lur
mikxnim,mik-xnim,mikx-nim
mikxnib,mik-xnib,mikx-nib
mikxnig,mik-xnig,mikx-nig
mikxnit,mik-xnit,mikx-nit
mikxnis,mik-xnis,mikx-nis
mikxnif,mik-xnif,mikx-nif
mikxnix,mik-xnix,mikx-nix
mikxniC,mik-xniC,mikx-niC
mikxnam,mik-xnam,mikx-nam
mikxnab,mik-xnab,mikx-nab
mikxnag,mik-xnag,mikx-nag
mikxnat,mik-xnat,mikx-nat
mikxnas,mik-xnas,mikx-nas
mikxnaf,mik-xnaf,mikx-naf
mikxnax,mik-xnax,mikx-nax
mikxnaC,mik-xnaC,mikx-naC
mikxnal,mik-xnal,mikx-nal
mikxnum,mik-xnum,mikx-num
mikxnub,mik-xnub,mikx-nub
mikxnug,mik-xnug,mikx-nug
mikxnut,mik-xnut,mikx-nut
mikxnus,mik-xnus,mikx-nus
mikxnuf,mik-xnuf,mikx-nuf
mikxnux,mik-xnux,mikx-nux
mikxnuC,mik-xnuC,mikx-nuC
mikxnul,mik-xnul,mikx-nul
mikxkim,mik-xkim,mikx-kim
mikxkib,mik-xkib,mikx-kib
mikxkig,mik-xkig,mikx-kig
mikxkit,mik-xkit,mikx-kit
mikxkis,mik-xkis,mikx-kis
mikxkif,mik-xkif,mikx-kif
mikxkix,mik-xkix,mikx-kix
mikxkiC,mik-xkiC,mikx-kiC
mikxkam,mik-xkam,mikx-kam
mikxkab,mik-xkab,mikx-kab
mikxkag,mik-xkag,mikx-kag
mikxkat,mik-xkat,mikx-kat
mikxkas,mik-xkas,mikx-kas
mikxkaf,mik-xkaf,mikx-kaf
mikxkax,mik-xkax,mikx-kax
mikxkaC,mik-xkaC,mikx-kaC
mikxkal,mik-xkal,mikx-kal
mikxkum,mik-xkum,mikx-kum
mikxkub,mik-xkub,mikx-kub
mikxkug,mik-xkug,mikx-kug
mikxkut,mik-xkut,mikx-kut
mikxkus,mik-xkus,mikx-kus
mikxkuf,mik-xkuf,mikx-kuf
mikxkux,mik-xkux,mikx-kux
mikxkuC,mik-xkuC,mikx-kuC
mikxkul,mik-xkul,mikx-kul
mikxlim,mik-xlim,mikx-lim
mikxlib,mik-xlib,mikx-lib
mikxlit,mik-xlit,mikx-lit
mikxlik,mik-xlik,mikx-lik
mikxlis,mik-xlis,mikx-lis
mikxlif,mik-xlif,mikx-lif
mikxlix,mik-xlix,mikx-lix
mikxliC,mik-xliC,mikx-liC
mikxlam,mik-xlam,mikx-lam
mikxlab,mik-xlab,mikx-lab
mikxlag,mik-xlag,mikx-lag
mikxlat,mik-xlat,mikx-lat
mikxlas,mik-xlas,mikx-las
mikxlav,mik-xlav,mikx-lav
mikxlax,mik-xlax,mikx-lax
mikxlal,mik-xlal,mikx-lal
mikxlum,mik-xlum,mikx-lum
mikxlub,mik-xlub,mikx-lub
mikxlug,mik-xlug,mikx-lug
mikxlut,mik-xlut,mikx-lut
mikxlus,mik-xlus,mikx-lus
mikxluf,mik-xluf,mikx-luf
mikxlux,mik-xlux,mikx-lux
mikxluC,mik-xluC,mikx-luC
mikxlul,mik-xlul,mikx-lul
misplib,mis-plib,misp-lib
misplix,mis-plix,misp-lix
misplan,mis-plan,misp-lan
misplax,mis-plax,misp-lax
misksim,mis-ksim,misk-sim
misksib,mis-ksib,misk-sib
misksig,mis-ksig,misk-sig
misksit,mis-ksit,misk-sit
misksis,mis-ksis,misk-sis
misksif,mis-ksif,misk-sif
misksix,mis-ksix,misk-six
misksiC,mis-ksiC,misk-siC
misksam,mis-ksam,misk-sam
misksab,mis-ksab,misk-sab
misksag,mis-ksag,misk-sag
misksat,mis-ksat,misk-sat
misksas,mis-ksas,misk-sas
misksaf,mis-ksaf,misk-saf
misksax,mis-ksax,misk-sax
misksaC,mis-ksaC,misk-saC
misksal,mis-ksal,misk-sal
misksum,mis-ksum,misk-sum
misksub,mis-ksub,misk-sub
misksug,mis-ksug,misk-sug
misksut,mis-ksut,misk-sut
misksus,mis-ksus,misk-sus
misksuf,mis-ksuf,misk-suf
misksux,mis-ksux,misk-sux
misksuC,mis-ksuC,misk-suC
misksul,mis-ksul,misk-sul
misklek,mis-klek,misk-lek
miskloz,mis-kloz,misk-loz
miftxal,mif-txal,mift-xal
miftxum,mif-txum,mift-xum
miftrin,mif-trin,mift-rin
miftrik,mif-trik,mift-rik
miftris,mif-tris,mift-ris
miftrif,mif-trif,mift-rif
miftriC,mif-triC,mift-riC
miftret,mif-tret,mift-ret
miftrab,mif-trab,mift-rab
miftrag,mif-trag,mift-rag
miftras,mif-tras,mift-ras
miftraf,mif-traf,mift-raf
miftraC,mif-traC,mift-raC
miftral,mif-tral,mift-ral
miftrot,mif-trot,mift-rot
miftrum,mif-trum,mift-rum
miftrub,mif-trub,mift-rub
miftrug,mif-trug,mift-rug
miftrus,mif-trus,mift-rus
miftruf,mif-truf,mift-ruf
miftrux,mif-trux,mift-rux
miftruC,mif-truC,mift-ruC
miftrul,mif-trul,mift-rul
mifsmin,mif-smin,mifs-min
mifsmib,mif-smib,mifs-mib
mifsmit,mif-smit,mifs-mit
mifsmis,mif-smis,mifs-mis
mifsmix,mif-smix,mifs-mix
mifsmiC,mif-smiC,mifs-miC
mifsmek,mif-smek,mifs-mek
mifsmad,mif-smad,mifs-mad
mifsmas,mif-smas,mifs-mas
mifsmaf,mif-smaf,mifs-maf
mifsmax,mif-smax,mifs-max
mifsmaC,mif-smaC,mifs-maC
mifsmal,mif-smal,mifs-mal
mifsmok,mif-smok,mifs-mok
mifsmub,mif-smub,mifs-mub
mifsmut,mif-smut,mifs-mut
mifsmus,mif-smus,mifs-mus
mifsmuf,mif-smuf,mifs-muf
mifsmux,mif-smux,mifs-mux
mifsmuC,mif-smuC,mifs-muC
mifsmul,mif-smul,mifs-mul
mifsnif,mif-snif,mifs-nif
mifsnap,mif-snap,mifs-nap
mifsnom,mif-snom,mifs-nom
mifspin,mif-spin,mifs-pin
mifspib,mif-spib,mifs-pib
mifspit,mif-spit,mifs-pit
mifspik,mif-spik,mifs-pik
mifspis,mif-spis,mifs-pis
mifspix,mif-spix,mifs-pix
mifspiC,mif-spiC,mifs-piC
mifspan,mif-span,mifs-pan
mifspak,mif-spak,mifs-pak
mifspas,mif-spas,mifs-pas
mifspof,mif-spof,mifs-pof
mifspum,mif-spum,mifs-pum
mifspug,mif-spug,mifs-pug
mifspus,mif-spus,mifs-pus
mifspul,mif-spul,mifs-pul
mifstef,mif-stef,mifs-tef
mifstab,mif-stab,mifs-tab
mifstat,mif-stat,mifs-tat
mifstal,mif-stal,mifs-tal
mifstoj,mif-stoj,mifs-toj
mifstud,mif-stud,mifs-tud
mifstup,mif-stup,mifs-tup
mifskim,mif-skim,mifs-kim
mifskib,mif-skib,mifs-kib
mifskig,mif-skig,mifs-kig
mifskit,mif-skit,mifs-kit
mifskis,mif-skis,mifs-kis
mifskif,mif-skif,mifs-kif
mifskix,mif-skix,mifs-kix
mifskiC,mif-skiC,mifs-kiC
mifskad,mif-skad,mifs-kad
mifskag,mif-skag,mifs-kag
mifskap,mif-skap,mifs-kap
mifskas,mif-skas,mifs-kas
mifskaf,mif-skaf,mifs-kaf
mifskax,mif-skax,mifs-kax
mifskaC,mif-skaC,mifs-kaC
mifskal,mif-skal,mifs-kal
mifskoq,mif-skoq,mifs-koq
mifskud,mif-skud,mifs-kud
mifskug,mif-skug,mifs-kug
mifskup,mif-skup,mifs-kup
mifskuz,mif-skuz,mifs-kuz
mifskuf,mif-skuf,mifs-kuf
mifskux,mif-skux,mifs-kux
mifskul,mif-skul,mifs-kul
mifsfim,mif-sfim,mifs-fim
mifsfib,mif-sfib,mifs-fib
mifsfit,mif-sfit,mifs-fit
mifsfis,mif-sfis,mifs-fis
mifsfif,mif-sfif,mifs-fif
mifsfix,mif-sfix,mifs-fix
mifsfiC,mif-sfiC,mifs-fiC
mifsfam,mif-sfam,mifs-fam
mifsfab,mif-sfab,mifs-fab
mifsfag,mif-sfag,mifs-fag
mifsfat,mif-sfat,mifs-fat
mifsfaf,mif-sfaf,mifs-faf
mifsfax,mif-sfax,mifs-fax
mifsfaC,mif-sfaC,mifs-faC
mifsfal,mif-sfal,mifs-fal
mifsfum,mif-sfum,mifs-fum
mifsfub,mif-sfub,mifs-fub
mifsfug,mif-sfug,mifs-fug
mifsfut,mif-sfut,mifs-fut
mifsfus,mif-sfus,mifs-fus
mifsfuf,mif-sfuf,mifs-fuf
mifsfux,mif-sfux,mifs-fux
mifsfuC,mif-sfuC,mifs-fuC
mifsvik,mif-svik,mifs-vik
mifsvas,mif-svas,mifs-vas
mifsvur,mif-svur,mifs-vur
mifslim,mif-slim,mifs-lim
mifslid,mif-slid,mifs-lid
mifslig,mif-slig,mifs-lig
mifslip,mif-slip,mifs-lip
mifslis,mif-slis,mifs-lis
mifslif,mif-slif,mifs-lif
mifslix,mif-slix,mifs-lix
mifsliC,mif-sliC,mifs-liC
mifslad,mif-slad,mifs-lad
mifslag,mif-slag,mifs-lag
mifslap,mif-slap,mifs-lap
mifslas,mif-slas,mifs-las
mifslaf,mif-slaf,mifs-laf
mifslax,mif-slax,mifs-lax
mifslaC,mif-slaC,mifs-laC
mifslal,mif-slal,mifs-lal
mifslom,mif-slom,mifs-lom
mifslud,mif-slud,mifs-lud
mifslug,mif-slug,mifs-lug
mifslup,mif-slup,mifs-lup
mifslus,mif-slus,mifs-lus
mifsluf,mif-sluf,mifs-luf
mifslux,mif-slux,mifs-lux
mifsluC,mif-sluC,mifs-luC
mifslur,mif-slur,mifs-lur
mixtxal,mix-txal,mixt-xal
mixtxum,mix-txum,mixt-xum
mixtrin,mix-trin,mixt-rin
mixtrik,mix-trik,mixt-rik
mixtris,mix-tris,mixt-ris
mixtrif,mix-trif,mixt-rif
mixtriC,mix-triC,mixt-riC
mixtret,mix-tret,mixt-ret
mixtrab,mix-trab,mixt-rab
mixtrag,mix-trag,mixt-rag
mixtras,mix-tras,mixt-ras
mixtraf,mix-traf,mixt-raf
mixtraC,mix-traC,mixt-raC
mixtral,mix-tral,mixt-ral
mixtrot,mix-trot,mixt-rot
mixtrum,mix-trum,mixt-rum
mixtrub,mix-trub,mixt-rub
mixtrug,mix-trug,mixt-rug
mixtrus,mix-trus,mixt-rus
mixtruf,mix-truf,mixt-ruf
mixtrux,mix-trux,mixt-rux
mixtruC,mix-truC,mixt-ruC
mixtrul,mix-trul,mixt-rul
mentxal,men-txal,ment-xal
mentxum,men-txum,ment-xum
mentrin,men-trin,ment-rin
mentrik,men-trik,ment-rik
mentris,men-tris,ment-ris
mentrif,men-trif,ment-rif
mentriC,men-triC,ment-riC
mentret,men-tret,ment-ret
mentrab,men-trab,ment-rab
mentrag,men-trag,ment-rag
mentras,men-tras,ment-ras
mentraf,men-traf,ment-raf
mentraC,men-traC,ment-raC
mentral,men-tral,ment-ral
mentrot,men-trot,ment-rot
mentrum,men-trum,ment-rum
mentrub,men-trub,ment-rub
mentrug,men-trug,ment-rug
mentrus,men-trus,ment-rus
mentruf,men-truf,ment-ruf
mentrux,men-trux,ment-rux
mentruC,men-truC,ment-ruC
mentrul,men-trul,ment-rul
maqksim,maq-ksim,maqk-sim
maqksib,maq-ksib,maqk-sib
maqksig,maq-ksig,maqk-sig
maqksit,maq-ksit,maqk-sit
maqksis,maq-ksis,maqk-sis
maqksif,maq-ksif,maqk-sif
maqksix,maq-ksix,maqk-six
maqksiC,maq-ksiC,maqk-siC
maqksam,maq-ksam,maqk-sam
maqksab,maq-ksab,maqk-sab
maqksag,maq-ksag,maqk-sag
maqksat,maq-ksat,maqk-sat
maqksas,maq-ksas,maqk-sas
maqksaf,maq-ksaf,maqk-saf
maqksax,maq-ksax,maqk-sax
maqksaC,maq-ksaC,maqk-saC
maqksal,maq-ksal,maqk-sal
maqksum,maq-ksum,maqk-sum
maqksub,maq-ksub,maqk-sub
maqksug,maq-ksug,maqk-sug
maqksut,maq-ksut,maqk-sut
maqksus,maq-ksus,maqk-sus
maqksuf,maq-ksuf,maqk-suf
maqksux,maq-ksux,maqk-sux
maqksuC,maq-ksuC,maqk-suC
maqksul,maq-ksul,maqk-sul
maqklek,maq-klek,maqk-lek
maqkloz,maq-kloz,maqk-loz
mapflid,map-flid,mapf-lid
mapflip,map-flip,mapf-lip
mapflif,map-flif,mapf-lif
mapflem,map-flem,mapf-lem
mapflek,map-flek,mapf-lek
mapfleC,map-fleC,mapf-leC
mapflad,map-flad,mapf-lad
mapflap,map-flap,mapf-lap
mapflaf,map-flaf,mapf-laf
mapflax,map-flax,mapf-lax
mapflom,map-flom,mapf-lom
mapflok,map-flok,mapf-lok
mapflor,map-flor,mapf-lor
mapflud,map-flud,mapf-lud
mapflup,map-flup,mapf-lup
mapfluz,map-fluz,mapf-luz
mapfluf,map-fluf,mapf-luf
mapflux,map-flux,mapf-lux
mapfris,map-fris,mapf-ris
mapfrix,map-frix,mapf-rix
mapfras,map-fras,mapf-ras
mapxnim,map-xnim,mapx-nim
mapxnib,map-xnib,mapx-nib
mapxnig,map-xnig,mapx-nig
mapxnit,map-xnit,mapx-nit
mapxnis,map-xnis,mapx-nis
mapxnif,map-xnif,mapx-nif
mapxnix,map-xnix,mapx-nix
mapxniC,map-xniC,mapx-niC
mapxnam,map-xnam,mapx-nam
mapxnab,map-xnab,mapx-nab
mapxnag,map-xnag,mapx-nag
mapxnat,map-xnat,mapx-nat
mapxnas,map-xnas,mapx-nas
mapxnaf,map-xnaf,mapx-naf
mapxnax,map-xnax,mapx-nax
mapxnaC,map-xnaC,mapx-naC
mapxnal,map-xnal,mapx-nal
mapxnum,map-xnum,mapx-num
mapxnub,map-xnub,mapx-nub
mapxnug,map-xnug,mapx-nug
mapxnut,map-xnut,mapx-nut
mapxnus,map-xnus,mapx-nus
mapxnuf,map-xnuf,mapx-nuf
mapxnux,map-xnux,mapx-nux
mapxnuC,map-xnuC,mapx-nuC
mapxnul,map-xnul,mapx-nul
mapxkim,map-xkim,mapx-kim
mapxkib,map-xkib,mapx-kib
mapxkig,map-xkig,mapx-kig
mapxkit,map-xkit,mapx-kit
mapxkis,map-xkis,mapx-kis
mapxkif,map-xkif,mapx-kif
mapxkix,map-xkix,mapx-kix
mapxkiC,map-xkiC,mapx-kiC
mapxkam,map-xkam,mapx-kam
mapxkab,map-xkab,mapx-kab
mapxkag,map-xkag,mapx-kag
mapxkat,map-xkat,mapx-kat
mapxkas,map-xkas,mapx-kas
mapxkaf,map-xkaf,mapx-kaf
mapxkax,map-xkax,mapx-kax
mapxkaC,map-xkaC,mapx-kaC
mapxkal,map-xkal,mapx-kal
mapxkum,map-xkum,mapx-kum
mapxkub,map-xkub,mapx-kub
mapxkug,map-xkug,mapx-kug
mapxkut,map-xkut,mapx-kut
mapxkus,map-xkus,mapx-kus
mapxkuf,map-xkuf,mapx-kuf
mapxkux,map-xkux,mapx-kux
mapxkuC,map-xkuC,mapx-kuC
mapxkul,map-xkul,mapx-kul
mapxlim,map-xlim,mapx-lim
mapxlib,map-xlib,mapx-lib
mapxlit,map-xlit,mapx-lit
mapxlik,map-xlik,mapx-lik
mapxlis,map-xlis,mapx-lis
mapxlif,map-xlif,mapx-lif
mapxlix,map-xlix,mapx-lix
mapxliC,map-xliC,mapx-liC
mapxlam,map-xlam,mapx-lam
mapxlab,map-xlab,mapx-lab
mapxlag,map-xlag,mapx-lag
mapxlat,map-xlat,mapx-lat
mapxlas,map-xlas,mapx-las
mapxlav,map-xlav,mapx-lav
mapxlax,map-xlax,mapx-lax
mapxlal,map-xlal,mapx-lal
mapxlum,map-xlum,mapx-lum
mapxlub,map-xlub,mapx-lub
mapxlug,map-xlug,mapx-lug
mapxlut,map-xlut,mapx-lut
mapxlus,map-xlus,mapx-lus
mapxluf,map-xluf,mapx-luf
mapxlux,map-xlux,mapx-lux
mapxluC,map-xluC,mapx-luC
mapxlul,map-xlul,mapx-lul
makxnim,mak-xnim,makx-nim
makxnib,mak-xnib,makx-nib
makxnig,mak-xnig,makx-nig
makxnit,mak-xnit,makx-nit
makxnis,mak-xnis,makx-nis
makxnif,mak-xnif,makx-nif
makxnix,mak-xnix,makx-nix
makxniC,mak-xniC,makx-niC
makxnam,mak-xnam,makx-nam
makxnab,mak-xnab,makx-nab
makxnag,mak-xnag,makx-nag
makxnat,mak-xnat,makx-nat
makxnas,mak-xnas,makx-nas
makxnaf,mak-xnaf,makx-naf
makxnax,mak-xnax,makx-nax
makxnaC,mak-xnaC,makx-naC
makxnal,mak-xnal,makx-nal
makxnum,mak-xnum,makx-num
makxnub,mak-xnub,makx-nub
makxnug,mak-xnug,makx-nug
makxnut,mak-xnut,makx-nut
makxnus,mak-xnus,makx-nus
makxnuf,mak-xnuf,makx-nuf
makxnux,mak-xnux,makx-nux
makxnuC,mak-xnuC,makx-nuC
makxnul,mak-xnul,makx-nul
makxkim,mak-xkim,makx-kim
makxkib,mak-xkib,makx-kib
makxkig,mak-xkig,makx-kig
makxkit,mak-xkit,makx-kit
makxkis,mak-xkis,makx-kis
makxkif,mak-xkif,makx-kif
makxkix,mak-xkix,makx-kix
makxkiC,mak-xkiC,makx-kiC
makxkam,mak-xkam,makx-kam
makxkab,mak-xkab,makx-kab
makxkag,mak-xkag,makx-kag
makxkat,mak-xkat,makx-kat
makxkas,mak-xkas,makx-kas
makxkaf,mak-xkaf,makx-kaf
makxkax,mak-xkax,makx-kax
makxkaC,mak-xkaC,makx-kaC
makxkal,mak-xkal,makx-kal
makxkum,mak-xkum,makx-kum
makxkub,mak-xkub,makx-kub
makxkug,mak-xkug,makx-kug
makxkut,mak-xkut,makx-kut
makxkus,mak-xkus,makx-kus
makxkuf,mak-xkuf,makx-kuf
makxkux,mak-xkux,makx-kux
makxkuC,mak-xkuC,makx-kuC
makxkul,mak-xkul,makx-kul
makxlim,mak-xlim,makx-lim
makxlib,mak-xlib,makx-lib
makxlit,mak-xlit,makx-lit
makxlik,mak-xlik,makx-lik
makxlis,mak-xlis,makx-lis
makxlif,mak-xlif,makx-lif
makxlix,mak-xlix,makx-lix
makxliC,mak-xliC,makx-liC
makxlam,mak-xlam,makx-lam
makxlab,mak-xlab,makx-lab
makxlag,mak-xlag,makx-lag
makxlat,mak-xlat,makx-lat
makxlas,mak-xlas,makx-las
makxlav,mak-xlav,makx-lav
makxlax,mak-xlax,makx-lax
makxlal,mak-xlal,makx-lal
makxlum,mak-xlum,makx-lum
makxlub,mak-xlub,makx-lub
makxlug,mak-xlug,makx-lug
makxlut,mak-xlut,makx-lut
makxlus,mak-xlus,makx-lus
makxluf,mak-xluf,makx-luf
makxlux,mak-xlux,makx-lux
makxluC,mak-xluC,makx-luC
makxlul,mak-xlul,makx-lul
mastxal,mas-txal,mast-xal
mastxum,mas-txum,mast-xum
mastrin,mas-trin,mast-rin
mastrik,mas-trik,mast-rik
mastris,mas-tris,mast-ris
mastrif,mas-trif,mast-rif
mastriC,mas-triC,mast-riC
mastret,mas-tret,mast-ret
mastrab,mas-trab,mast-rab
mastrag,mas-trag,mast-rag
mastras,mas-tras,mast-ras
mastraf,mas-traf,mast-raf
mastraC,mas-traC,mast-raC
mastral,mas-tral,mast-ral
mastrot,mas-trot,mast-rot
mastrum,mas-trum,mast-rum
mastrub,mas-trub,mast-rub
mastrug,mas-trug,mast-rug
mastrus,mas-trus,mast-rus
mastruf,mas-truf,mast-ruf
mastrux,mas-trux,mast-rux
mastruC,mas-truC,mast-ruC
mastrul,mas-trul,mast-rul
masksim,mas-ksim,mask-sim
masksib,mas-ksib,mask-sib
masksig,mas-ksig,mask-sig
masksit,mas-ksit,mask-sit
masksis,mas-ksis,mask-sis
masksif,mas-ksif,mask-sif
masksix,mas-ksix,mask-six
masksiC,mas-ksiC,mask-siC
masksam,mas-ksam,mask-sam
masksab,mas-ksab,mask-sab
masksag,mas-ksag,mask-sag
masksat,mas-ksat,mask-sat
masksas,mas-ksas,mask-sas
masksaf,mas-ksaf,mask-saf
masksax,mas-ksax,mask-sax
masksaC,mas-ksaC,mask-saC
masksal,mas-ksal,mask-sal
masksum,mas-ksum,mask-sum
masksub,mas-ksub,mask-sub
masksug,mas-ksug,mask-sug
masksut,mas-ksut,mask-sut
masksus,mas-ksus,mask-sus
masksuf,mas-ksuf,mask-suf
masksux,mas-ksux,mask-sux
masksuC,mas-ksuC,mask-suC
masksul,mas-ksul,mask-sul
masklek,mas-klek,mask-lek
maskloz,mas-kloz,mask-loz
maftxal,maf-txal,maft-xal
maftxum,maf-txum,maft-xum
maftrin,maf-trin,maft-rin
maftrik,maf-trik,maft-rik
maftris,maf-tris,maft-ris
maftrif,maf-trif,maft-rif
maftriC,maf-triC,maft-riC
maftret,maf-tret,maft-ret
maftrab,maf-trab,maft-rab
maftrag,maf-trag,maft-rag
maftras,maf-tras,maft-ras
maftraf,maf-traf,maft-raf
maftraC,maf-traC,maft-raC
maftral,maf-tral,maft-ral
maftrot,maf-trot,maft-rot
maftrum,maf-trum,maft-rum
maftrub,maf-trub,maft-rub
maftrug,maf-trug,maft-rug
maftrus,maf-trus,maft-rus
maftruf,maf-truf,maft-ruf
maftrux,maf-trux,maft-rux
maftruC,maf-truC,maft-ruC
maftrul,maf-trul,maft-rul
mafsmin,maf-smin,mafs-min
mafsmib,maf-smib,mafs-mib
mafsmit,maf-smit,mafs-mit
mafsmis,maf-smis,mafs-mis
mafsmix,maf-smix,mafs-mix
mafsmiC,maf-smiC,mafs-miC
mafsmek,maf-smek,mafs-mek
mafsmad,maf-smad,mafs-mad
mafsmas,maf-smas,mafs-mas
mafsmaf,maf-smaf,mafs-maf
mafsmax,maf-smax,mafs-max
mafsmaC,maf-smaC,mafs-maC
mafsmal,maf-smal,mafs-mal
mafsmok,maf-smok,mafs-mok
mafsmub,maf-smub,mafs-mub
mafsmut,maf-smut,mafs-mut
mafsmus,maf-smus,mafs-mus
mafsmuf,maf-smuf,mafs-muf
mafsmux,maf-smux,mafs-mux
mafsmuC,maf-smuC,mafs-muC
mafsmul,maf-smul,mafs-mul
mafsnif,maf-snif,mafs-nif
mafsnap,maf-snap,mafs-nap
mafsnom,maf-snom,mafs-nom
mafspin,maf-spin,mafs-pin
mafspib,maf-spib,mafs-pib
mafspit,maf-spit,mafs-pit
mafspik,maf-spik,mafs-pik
mafspis,maf-spis,mafs-pis
mafspix,maf-spix,mafs-pix
mafspiC,maf-spiC,mafs-piC
mafspan,maf-span,mafs-pan
mafspak,maf-spak,mafs-pak
mafspas,maf-spas,mafs-pas
mafspof,maf-spof,mafs-pof
mafspum,maf-spum,mafs-pum
mafspug,maf-spug,mafs-pug
mafspus,maf-spus,mafs-pus
mafspul,maf-spul,mafs-pul
mafstef,maf-stef,mafs-tef
mafstab,maf-stab,mafs-tab
mafstat,maf-stat,mafs-tat
mafstal,maf-stal,mafs-tal
mafstoj,maf-stoj,mafs-toj
mafstud,maf-stud,mafs-tud
mafstup,maf-stup,mafs-tup
mafskim,maf-skim,mafs-kim
mafskib,maf-skib,mafs-kib
mafskig,maf-skig,mafs-kig
mafskit,maf-skit,mafs-kit
mafskis,maf-skis,mafs-kis
mafskif,maf-skif,mafs-kif
mafskix,maf-skix,mafs-kix
mafskiC,maf-skiC,mafs-kiC
mafskad,maf-skad,mafs-kad
mafskag,maf-skag,mafs-kag
mafskap,maf-skap,mafs-kap
mafskas,maf-skas,mafs-kas
mafskaf,maf-skaf,mafs-kaf
mafskax,maf-skax,mafs-kax
mafskaC,maf-skaC,mafs-kaC
mafskal,maf-skal,mafs-kal
mafskoq,maf-skoq,mafs-koq
mafskud,maf-skud,mafs-kud
mafskug,maf-skug,mafs-kug
mafskup,maf-skup,mafs-kup
mafskuz,maf-skuz,mafs-kuz
mafskuf,maf-skuf,mafs-kuf
mafskux,maf-skux,mafs-kux
mafskul,maf-skul,mafs-kul
mafsfim,maf-sfim,mafs-fim
mafsfib,maf-sfib,mafs-fib
mafsfit,maf-sfit,mafs-fit
mafsfis,maf-sfis,mafs-fis
mafsfif,maf-sfif,mafs-fif
mafsfix,maf-sfix,mafs-fix
mafsfiC,maf-sfiC,mafs-fiC
mafsfam,maf-sfam,mafs-fam
mafsfab,maf-sfab,mafs-fab
mafsfag,maf-sfag,mafs-fag
mafsfat,maf-sfat,mafs-fat
mafsfaf,maf-sfaf,mafs-faf
mafsfax,maf-sfax,mafs-fax
mafsfaC,maf-sfaC,mafs-faC
mafsfal,maf-sfal,mafs-fal
mafsfum,maf-sfum,mafs-fum
mafsfub,maf-sfub,mafs-fub
mafsfug,maf-sfug,mafs-fug
mafsfut,maf-sfut,mafs-fut
mafsfus,maf-sfus,mafs-fus
mafsfuf,maf-sfuf,mafs-fuf
mafsfux,maf-sfux,mafs-fux
mafsfuC,maf-sfuC,mafs-fuC
mafsvik,maf-svik,mafs-vik
mafsvas,maf-svas,mafs-vas
mafsvur,maf-svur,mafs-vur
mafslim,maf-slim,mafs-lim
mafslid,maf-slid,mafs-lid
mafslig,maf-slig,mafs-lig
mafslip,maf-slip,mafs-lip
mafslis,maf-slis,mafs-lis
mafslif,maf-slif,mafs-lif
mafslix,maf-slix,mafs-lix
mafsliC,maf-sliC,mafs-liC
mafslad,maf-slad,mafs-lad
mafslag,maf-slag,mafs-lag
mafslap,maf-slap,mafs-lap
mafslas,maf-slas,mafs-las
mafslaf,maf-slaf,mafs-laf
mafslax,maf-slax,mafs-lax
mafslaC,maf-slaC,mafs-laC
mafslal,maf-slal,mafs-lal
mafslom,maf-slom,mafs-lom
mafslud,maf-slud,mafs-lud
mafslug,maf-slug,mafs-lug
mafslup,maf-slup,mafs-lup
mafslus,maf-slus,mafs-lus
mafsluf,maf-sluf,mafs-luf
mafslux,maf-slux,mafs-lux
mafsluC,maf-sluC,mafs-luC
mafslur,maf-slur,mafs-lur
maxtxal,max-txal,maxt-xal
maxtxum,max-txum,maxt-xum
maxtrin,max-trin,maxt-rin
maxtrik,max-trik,maxt-rik
maxtris,max-tris,maxt-ris
maxtrif,max-trif,maxt-rif
maxtriC,max-triC,maxt-riC
maxtret,max-tret,maxt-ret
maxtrab,max-trab,maxt-rab
maxtrag,max-trag,maxt-rag
maxtras,max-tras,maxt-ras
maxtraf,max-traf,maxt-raf
maxtraC,max-traC,maxt-raC
maxtral,max-tral,maxt-ral
maxtrot,max-trot,maxt-rot
maxtrum,max-trum,maxt-rum
maxtrub,max-trub,maxt-rub
maxtrug,max-trug,maxt-rug
maxtrus,max-trus,maxt-rus
maxtruf,max-truf,maxt-ruf
maxtrux,max-trux,maxt-rux
maxtruC,max-truC,maxt-ruC
maxtrul,max-trul,maxt-rul
maltxal,mal-txal,malt-xal
maltxum,mal-txum,malt-xum
maltrin,mal-trin,malt-rin
maltrik,mal-trik,malt-rik
maltris,mal-tris,malt-ris
maltrif,mal-trif,malt-rif
maltriC,mal-triC,malt-riC
maltret,mal-tret,malt-ret
maltrab,mal-trab,malt-rab
maltrag,mal-trag,malt-rag
maltras,mal-tras,malt-ras
maltraf,mal-traf,malt-raf
maltraC,mal-traC,malt-raC
maltral,mal-tral,malt-ral
maltrot,mal-trot,malt-rot
maltrum,mal-trum,malt-rum
maltrub,mal-trub,malt-rub
maltrug,mal-trug,malt-rug
maltrus,mal-trus,malt-rus
maltruf,mal-truf,malt-ruf
maltrux,mal-trux,malt-rux
maltruC,mal-truC,malt-ruC
maltrul,mal-trul,malt-rul
marglip,mar-glip,marg-lip
marglix,mar-glix,marg-lix
marglen,mar-glen,marg-len
margled,mar-gled,marg-led
marglez,mar-glez,marg-lez
marglav,mar-glav,marg-lav
marglaj,mar-glaj,marg-laj
marglob,mar-glob,marg-lob
marglot,mar-glot,marg-lot
marglok,mar-glok,marg-lok
marglor,mar-glor,marg-lor
marglux,mar-glux,marg-lux
margriv,mar-griv,marg-riv
margrac,mar-grac,marg-rac
margroq,mar-groq,marg-roq
margruv,mar-gruv,marg-ruv
marsmin,mar-smin,mars-min
marsmib,mar-smib,mars-mib
marsmit,mar-smit,mars-mit
marsmis,mar-smis,mars-mis
marsmix,mar-smix,mars-mix
marsmiC,mar-smiC,mars-miC
marsmek,mar-smek,mars-mek
marsmad,mar-smad,mars-mad
marsmas,mar-smas,mars-mas
marsmaf,mar-smaf,mars-maf
marsmax,mar-smax,mars-max
marsmaC,mar-smaC,mars-maC
marsmal,mar-smal,mars-mal
marsmok,mar-smok,mars-mok
marsmub,mar-smub,mars-mub
marsmut,mar-smut,mars-mut
marsmus,mar-smus,mars-mus
marsmuf,mar-smuf,mars-muf
marsmux,mar-smux,mars-mux
marsmuC,mar-smuC,mars-muC
marsmul,mar-smul,mars-mul
marsnif,mar-snif,mars-nif
marsnap,mar-snap,mars-nap
marsnom,mar-snom,mars-nom
marspin,mar-spin,mars-pin
marspib,mar-spib,mars-pib
marspit,mar-spit,mars-pit
marspik,mar-spik,mars-pik
marspis,mar-spis,mars-pis
marspix,mar-spix,mars-pix
marspiC,mar-spiC,mars-piC
marspan,mar-span,mars-pan
marspak,mar-spak,mars-pak
marspas,mar-spas,mars-pas
marspof,mar-spof,mars-pof
marspum,mar-spum,mars-pum
marspug,mar-spug,mars-pug
marspus,mar-spus,mars-pus
marspul,mar-spul,mars-pul
marstef,mar-stef,mars-tef
marstab,mar-stab,mars-tab
marstat,mar-stat,mars-tat
marstal,mar-stal,mars-tal
marstoj,mar-stoj,mars-toj
marstud,mar-stud,mars-tud
marstup,mar-stup,mars-tup
marskim,mar-skim,mars-kim
marskib,mar-skib,mars-kib
marskig,mar-skig,mars-kig
marskit,mar-skit,mars-kit
marskis,mar-skis,mars-kis
marskif,mar-skif,mars-kif
marskix,mar-skix,mars-kix
marskiC,mar-skiC,mars-kiC
marskad,mar-skad,mars-kad
marskag,mar-skag,mars-kag
marskap,mar-skap,mars-kap
marskas,mar-skas,mars-kas
marskaf,mar-skaf,mars-kaf
marskax,mar-skax,mars-kax
marskaC,mar-skaC,mars-kaC
marskal,mar-skal,mars-kal
marskoq,mar-skoq,mars-koq
marskud,mar-skud,mars-kud
marskug,mar-skug,mars-kug
marskup,mar-skup,mars-kup
marskuz,mar-skuz,mars-kuz
marskuf,mar-skuf,mars-kuf
marskux,mar-skux,mars-kux
marskul,mar-skul,mars-kul
marsfim,mar-sfim,mars-fim
marsfib,mar-sfib,mars-fib
marsfit,mar-sfit,mars-fit
marsfis,mar-sfis,mars-fis
marsfif,mar-sfif,mars-fif
marsfix,mar-sfix,mars-fix
marsfiC,mar-sfiC,mars-fiC
marsfam,mar-sfam,mars-fam
marsfab,mar-sfab,mars-fab
marsfag,mar-sfag,mars-fag
marsfat,mar-sfat,mars-fat
marsfaf,mar-sfaf,mars-faf
marsfax,mar-sfax,mars-fax
marsfaC,mar-sfaC,mars-faC
marsfal,mar-sfal,mars-fal
marsfum,mar-sfum,mars-fum
marsfub,mar-sfub,mars-fub
marsfug,mar-sfug,mars-fug
marsfut,mar-sfut,mars-fut
marsfus,mar-sfus,mars-fus
marsfuf,mar-sfuf,mars-fuf
marsfux,mar-sfux,mars-fux
marsfuC,mar-sfuC,mars-fuC
marsvik,mar-svik,mars-vik
marsvas,mar-svas,mars-vas
marsvur,mar-svur,mars-vur
marslim,mar-slim,mars-lim
marslid,mar-slid,mars-lid
marslig,mar-slig,mars-lig
marslip,mar-slip,mars-lip
marslis,mar-slis,mars-lis
marslif,mar-slif,mars-lif
marslix,mar-slix,mars-lix
marsliC,mar-sliC,mars-liC
marslad,mar-slad,mars-lad
marslag,mar-slag,mars-lag
marslap,mar-slap,mars-lap
marslas,mar-slas,mars-las
marslaf,mar-slaf,mars-laf
marslax,mar-slax,mars-lax
marslaC,mar-slaC,mars-laC
marslal,mar-slal,mars-lal
marslom,mar-slom,mars-lom
marslud,mar-slud,mars-lud
marslug,mar-slug,mars-lug
marslup,mar-slup,mars-lup
marslus,mar-slus,mars-lus
marsluf,mar-sluf,mars-luf
marslux,mar-slux,mars-lux
marsluC,mar-sluC,mars-luC
marslur,mar-slur,mars-lur
marxnim,mar-xnim,marx-nim
marxnib,mar-xnib,marx-nib
marxnig,mar-xnig,marx-nig
marxnit,mar-xnit,marx-nit
marxnis,mar-xnis,marx-nis
marxnif,mar-xnif,marx-nif
marxnix,mar-xnix,marx-nix
marxniC,mar-xniC,marx-niC
marxnam,mar-xnam,marx-nam
marxnab,mar-xnab,marx-nab
marxnag,mar-xnag,marx-nag
marxnat,mar-xnat,marx-nat
marxnas,mar-xnas,marx-nas
marxnaf,mar-xnaf,marx-naf
marxnax,mar-xnax,marx-nax
marxnaC,mar-xnaC,marx-naC
marxnal,mar-xnal,marx-nal
marxnum,mar-xnum,marx-num
marxnub,mar-xnub,marx-nub
marxnug,mar-xnug,marx-nug
marxnut,mar-xnut,marx-nut
marxnus,mar-xnus,marx-nus
marxnuf,mar-xnuf,marx-nuf
marxnux,mar-xnux,marx-nux
marxnuC,mar-xnuC,marx-nuC
marxnul,mar-xnul,marx-nul
marxkim,mar-xkim,marx-kim
marxkib,mar-xkib,marx-kib
marxkig,mar-xkig,marx-kig
marxkit,mar-xkit,marx-kit
marxkis,mar-xkis,marx-kis
marxkif,mar-xkif,marx-kif
marxkix,mar-xkix,marx-kix
marxkiC,mar-xkiC,marx-kiC
marxkam,mar-xkam,marx-kam
marxkab,mar-xkab,marx-kab
marxkag,mar-xkag,marx-kag
marxkat,mar-xkat,marx-kat
marxkas,mar-xkas,marx-kas
marxkaf,mar-xkaf,marx-kaf
marxkax,mar-xkax,marx-kax
marxkaC,mar-xkaC,marx-kaC
marxkal,mar-xkal,marx-kal
marxkum,mar-xkum,marx-kum
marxkub,mar-xkub,marx-kub
marxkug,mar-xkug,marx-kug
marxkut,mar-xkut,marx-kut
marxkus,mar-xkus,marx-kus
marxkuf,mar-xkuf,marx-kuf
marxkux,mar-xkux,marx-kux
marxkuC,mar-xkuC,marx-kuC
marxkul,mar-xkul,marx-kul
marxlim,mar-xlim,marx-lim
marxlib,mar-xlib,marx-lib
marxlit,mar-xlit,marx-lit
marxlik,mar-xlik,marx-lik
marxlis,mar-xlis,marx-lis
marxlif,mar-xlif,marx-lif
marxlix,mar-xlix,marx-lix
marxliC,mar-xliC,marx-liC
marxlam,mar-xlam,marx-lam
marxlab,mar-xlab,marx-lab
marxlag,mar-xlag,marx-lag
marxlat,mar-xlat,marx-lat
marxlas,mar-xlas,marx-las
marxlav,mar-xlav,marx-lav
marxlax,mar-xlax,marx-lax
marxlal,mar-xlal,marx-lal
marxlum,mar-xlum,marx-lum
marxlub,mar-xlub,marx-lub
marxlug,mar-xlug,marx-lug
marxlut,mar-xlut,marx-lut
marxlus,mar-xlus,marx-lus
marxluf,mar-xluf,marx-luf
marxlux,mar-xlux,marx-lux
marxluC,mar-xluC,marx-luC
marxlul,mar-xlul,marx-lul
momdjin,mom-djin,momd-jin
momdjid,mom-djid,momd-jid
momdjip,mom-djip,momd-jip
momdjiz,mom-djiz,momd-jiz
momdjif,mom-djif,momd-jif
momdjix,mom-djix,momd-jix
momdjek,mom-djek,momd-jek
momdjam,mom-djam,momd-jam
momdjab,mom-djab,momd-jab
momdjat,mom-djat,momd-jat
momdjas,mom-djas,momd-jas
momdjaf,mom-djaf,momd-jaf
momdjax,mom-djax,momd-jax
momdjaC,mom-djaC,momd-jaC
momdjok,mom-djok,momd-jok
momdjud,mom-djud,momd-jud
momdjup,mom-djup,momd-jup
momdjus,mom-djus,momd-jus
momdjuf,mom-djuf,momd-juf
momdjux,mom-djux,momd-jux
momdjuC,mom-djuC,momd-juC
momdjul,mom-djul,momd-jul
momdrib,mom-drib,momd-rib
momdrix,mom-drix,momd-rix
momdram,mom-dram,momd-ram
momdrax,mom-drax,momd-rax
momplib,mom-plib,momp-lib
momplix,mom-plix,momp-lix
momplan,mom-plan,momp-lan
momplax,mom-plax,momp-lax
morflid,mor-flid,morf-lid
morflip,mor-flip,morf-lip
morflif,mor-flif,morf-lif
morflem,mor-flem,morf-lem
morflek,mor-flek,morf-lek
morfleC,mor-fleC,morf-leC
morflad,mor-flad,morf-lad
morflap,mor-flap,morf-lap
morflaf,mor-flaf,morf-laf
morflax,mor-flax,morf-lax
morflom,mor-flom,morf-lom
morflok,mor-flok,morf-lok
morflor,mor-flor,morf-lor
morflud,mor-flud,morf-lud
morflup,mor-flup,morf-lup
morfluz,mor-fluz,morf-luz
morfluf,mor-fluf,morf-luf
morflux,mor-flux,morf-lux
morfris,mor-fris,morf-ris
morfrix,mor-frix,morf-rix
morfras,mor-fras,morf-ras
mupflid,mup-flid,mupf-lid
mupflip,mup-flip,mupf-lip
mupflif,mup-flif,mupf-lif
mupflem,mup-flem,mupf-lem
mupflek,mup-flek,mupf-lek
mupfleC,mup-fleC,mupf-leC
mupflad,mup-flad,mupf-lad
mupflap,mup-flap,mupf-lap
mupflaf,mup-flaf,mupf-laf
mupflax,mup-flax,mupf-lax
mupflom,mup-flom,mupf-lom
mupflok,mup-flok,mupf-lok
mupflor,mup-flor,mupf-lor
mupflud,mup-flud,mupf-lud
mupflup,mup-flup,mupf-lup
mupfluz,mup-fluz,mupf-luz
mupfluf,mup-fluf,mupf-luf
mupflux,mup-flux,mupf-lux
mupfris,mup-fris,mupf-ris
mupfrix,mup-frix,mupf-rix
mupfras,mup-fras,mupf-ras
mutsmin,mut-smin,muts-min
mutsmib,mut-smib,muts-mib
mutsmit,mut-smit,muts-mit
mutsmis,mut-smis,muts-mis
mutsmix,mut-smix,muts-mix
mutsmiC,mut-smiC,muts-miC
mutsmek,mut-smek,muts-mek
mutsmad,mut-smad,muts-mad
mutsmas,mut-smas,muts-mas
mutsmaf,mut-smaf,muts-maf
mutsmax,mut-smax,muts-max
mutsmaC,mut-smaC,muts-maC
mutsmal,mut-smal,muts-mal
mutsmok,mut-smok,muts-mok
mutsmub,mut-smub,muts-mub
mutsmut,mut-smut,muts-mut
mutsmus,mut-smus,muts-mus
mutsmuf,mut-smuf,muts-muf
mutsmux,mut-smux,muts-mux
mutsmuC,mut-smuC,muts-muC
mutsmul,mut-smul,muts-mul
mutsnif,mut-snif,muts-nif
mutsnap,mut-snap,muts-nap
mutsnom,mut-snom,muts-nom
mutspin,mut-spin,muts-pin
mutspib,mut-spib,muts-pib
mutspit,mut-spit,muts-pit
mutspik,mut-spik,muts-pik
mutspis,mut-spis,muts-pis
mutspix,mut-spix,muts-pix
mutspiC,mut-spiC,muts-piC
mutspan,mut-span,muts-pan
mutspak,mut-spak,muts-pak
mutspas,mut-spas,muts-pas
mutspof,mut-spof,muts-pof
mutspum,mut-spum,muts-pum
mutspug,mut-spug,muts-pug
mutspus,mut-spus,muts-pus
mutspul,mut-spul,muts-pul
mutstef,mut-stef,muts-tef
mutstab,mut-stab,muts-tab
mutstat,mut-stat,muts-tat
mutstal,mut-stal,muts-tal
mutstoj,mut-stoj,muts-toj
mutstud,mut-stud,muts-tud
mutstup,mut-stup,muts-tup
mutskim,mut-skim,muts-kim
mutskib,mut-skib,muts-kib
mutskig,mut-skig,muts-kig
mutskit,mut-skit,muts-kit
mutskis,mut-skis,muts-kis
mutskif,mut-skif,muts-kif
mutskix,mut-skix,muts-kix
mutskiC,mut-skiC,muts-kiC
mutskad,mut-skad,muts-kad
mutskag,mut-skag,muts-kag
mutskap,mut-skap,muts-kap
mutskas,mut-skas,muts-kas
mutskaf,mut-skaf,muts-kaf
mutskax,mut-skax,muts-kax
mutskaC,mut-skaC,muts-kaC
mutskal,mut-skal,muts-kal
mutskoq,mut-skoq,muts-koq
mutskud,mut-skud,muts-kud
mutskug,mut-skug,muts-kug
mutskup,mut-skup,muts-kup
mutskuz,mut-skuz,muts-kuz
mutskuf,mut-skuf,muts-kuf
mutskux,mut-skux,muts-kux
mutskul,mut-skul,muts-kul
mutsfim,mut-sfim,muts-fim
mutsfib,mut-sfib,muts-fib
mutsfit,mut-sfit,muts-fit
mutsfis,mut-sfis,muts-fis
mutsfif,mut-sfif,muts-fif
mutsfix,mut-sfix,muts-fix
mutsfiC,mut-sfiC,muts-fiC
mutsfam,mut-sfam,muts-fam
mutsfab,mut-sfab,muts-fab
mutsfag,mut-sfag,muts-fag
mutsfat,mut-sfat,muts-fat
mutsfaf,mut-sfaf,muts-faf
mutsfax,mut-sfax,muts-fax
mutsfaC,mut-sfaC,muts-faC
mutsfal,mut-sfal,muts-fal
mutsfum,mut-sfum,muts-fum
mutsfub,mut-sfub,muts-fub
mutsfug,mut-sfug,muts-fug
mutsfut,mut-sfut,muts-fut
mutsfus,mut-sfus,muts-fus
mutsfuf,mut-sfuf,muts-fuf
mutsfux,mut-sfux,muts-fux
mutsfuC,mut-sfuC,muts-fuC
mutsvik,mut-svik,muts-vik
mutsvas,mut-svas,muts-vas
mutsvur,mut-svur,muts-vur
mutslim,mut-slim,muts-lim
mutslid,mut-slid,muts-lid
mutslig,mut-slig,muts-lig
mutslip,mut-slip,muts-lip
mutslis,mut-slis,muts-lis
mutslif,mut-slif,muts-lif
mutslix,mut-slix,muts-lix
mutsliC,mut-sliC,muts-liC
mutslad,mut-slad,muts-lad
mutslag,mut-slag,muts-lag
mutslap,mut-slap,muts-lap
mutslas,mut-slas,muts-las
mutslaf,mut-slaf,muts-laf
mutslax,mut-slax,muts-lax
mutslaC,mut-slaC,muts-laC
mutslal,mut-slal,muts-lal
mutslom,mut-slom,muts-lom
mutslud,mut-slud,muts-lud
mutslug,mut-slug,muts-lug
mutslup,mut-slup,muts-lup
mutslus,mut-slus,muts-lus
mutsluf,mut-sluf,muts-luf
mutslux,mut-slux,muts-lux
mutsluC,mut-sluC,muts-luC
mutslur,mut-slur,muts-lur
mutxnim,mut-xnim,mutx-nim
mutxnib,mut-xnib,mutx-nib
mutxnig,mut-xnig,mutx-nig
mutxnit,mut-xnit,mutx-nit
mutxnis,mut-xnis,mutx-nis
mutxnif,mut-xnif,mutx-nif
mutxnix,mut-xnix,mutx-nix
mutxniC,mut-xniC,mutx-niC
mutxnam,mut-xnam,mutx-nam
mutxnab,mut-xnab,mutx-nab
mutxnag,mut-xnag,mutx-nag
mutxnat,mut-xnat,mutx-nat
mutxnas,mut-xnas,mutx-nas
mutxnaf,mut-xnaf,mutx-naf
mutxnax,mut-xnax,mutx-nax
mutxnaC,mut-xnaC,mutx-naC
mutxnal,mut-xnal,mutx-nal
mutxnum,mut-xnum,mutx-num
mutxnub,mut-xnub,mutx-nub
mutxnug,mut-xnug,mutx-nug
mutxnut,mut-xnut,mutx-nut
mutxnus,mut-xnus,mutx-nus
mutxnuf,mut-xnuf,mutx-nuf
mutxnux,mut-xnux,mutx-nux
mutxnuC,mut-xnuC,mutx-nuC
mutxnul,mut-xnul,mutx-nul
mutxkim,mut-xkim,mutx-kim
mutxkib,mut-xkib,mutx-kib
mutxkig,mut-xkig,mutx-kig
mutxkit,mut-xkit,mutx-kit
mutxkis,mut-xkis,mutx-kis
mutxkif,mut-xkif,mutx-kif
mutxkix,mut-xkix,mutx-kix
mutxkiC,mut-xkiC,mutx-kiC
mutxkam,mut-xkam,mutx-kam
mutxkab,mut-xkab,mutx-kab
mutxkag,mut-xkag,mutx-kag
mutxkat,mut-xkat,mutx-kat
mutxkas,mut-xkas,mutx-kas
mutxkaf,mut-xkaf,mutx-kaf
mutxkax,mut-xkax,mutx-kax
mutxkaC,mut-xkaC,mutx-kaC
mutxkal,mut-xkal,mutx-kal
mutxkum,mut-xkum,mutx-kum
mutxkub,mut-xkub,mutx-kub
mutxkug,mut-xkug,mutx-kug
mutxkut,mut-xkut,mutx-kut
mutxkus,mut-xkus,mutx-kus
mutxkuf,mut-xkuf,mutx-kuf
mutxkux,mut-xkux,mutx-kux
mutxkuC,mut-xkuC,mutx-kuC
mutxkul,mut-xkul,mutx-kul
mutxlim,mut-xlim,mutx-lim
mutxlib,mut-xlib,mutx-lib
mutxlit,mut-xlit,mutx-lit
mutxlik,mut-xlik,mutx-lik
mutxlis,mut-xlis,mutx-lis
mutxlif,mut-xlif,mutx-lif
mutxlix,mut-xlix,mutx-lix
mutxliC,mut-xliC,mutx-liC
mutxlam,mut-xlam,mutx-lam
mutxlab,mut-xlab,mutx-lab
mutxlag,mut-xlag,mutx-lag
mutxlat,mut-xlat,mutx-lat
mutxlas,mut-xlas,mutx-las
mutxlav,mut-xlav,mutx-lav
mutxlax,mut-xlax,mutx-lax
mutxlal,mut-xlal,mutx-lal
mutxlum,mut-xlum,mutx-lum
mutxlub,mut-xlub,mutx-lub
mutxlug,mut-xlug,mutx-lug
mutxlut,mut-xlut,mutx-lut
mutxlus,mut-xlus,mutx-lus
mutxluf,mut-xluf,mutx-luf
mutxlux,mut-xlux,mutx-lux
mutxluC,mut-xluC,mutx-luC
mutxlul,mut-xlul,mutx-lul
mukxnim,muk-xnim,mukx-nim
mukxnib,muk-xnib,mukx-nib
mukxnig,muk-xnig,mukx-nig
mukxnit,muk-xnit,mukx-nit
mukxnis,muk-xnis,mukx-nis
mukxnif,muk-xnif,mukx-nif
mukxnix,muk-xnix,mukx-nix
mukxniC,muk-xniC,mukx-niC
mukxnam,muk-xnam,mukx-nam
mukxnab,muk-xnab,mukx-nab
mukxnag,muk-xnag,mukx-nag
mukxnat,muk-xnat,mukx-nat
mukxnas,muk-xnas,mukx-nas
mukxnaf,muk-xnaf,mukx-naf
mukxnax,muk-xnax,mukx-nax
mukxnaC,muk-xnaC,mukx-naC
mukxnal,muk-xnal,mukx-nal
mukxnum,muk-xnum,mukx-num
mukxnub,muk-xnub,mukx-nub
mukxnug,muk-xnug,mukx-nug
mukxnut,muk-xnut,mukx-nut
mukxnus,muk-xnus,mukx-nus
mukxnuf,muk-xnuf,mukx-nuf
mukxnux,muk-xnux,mukx-nux
mukxnuC,muk-xnuC,mukx-nuC
mukxnul,muk-xnul,mukx-nul
mukxkim,muk-xkim,mukx-kim
mukxkib,muk-xkib,mukx-kib
mukxkig,muk-xkig,mukx-kig
mukxkit,muk-xkit,mukx-kit
mukxkis,muk-xkis,mukx-kis
mukxkif,muk-xkif,mukx-kif
mukxkix,muk-xkix,mukx-kix
mukxkiC,muk-xkiC,mukx-kiC
mukxkam,muk-xkam,mukx-kam
mukxkab,muk-xkab,mukx-kab
mukxkag,muk-xkag,mukx-kag
mukxkat,muk-xkat,mukx-kat
mukxkas,muk-xkas,mukx-kas
mukxkaf,muk-xkaf,mukx-kaf
mukxkax,muk-xkax,mukx-kax
mukxkaC,muk-xkaC,mukx-kaC
mukxkal,muk-xkal,mukx-kal
mukxkum,muk-xkum,mukx-kum
mukxkub,muk-xkub,mukx-kub
mukxkug,muk-xkug,mukx-kug
mukxkut,muk-xkut,mukx-kut
mukxkus,muk-xkus,mukx-kus
mukxkuf,muk-xkuf,mukx-kuf
mukxkux,muk-xkux,mukx-kux
mukxkuC,muk-xkuC,mukx-kuC
mukxkul,muk-xkul,mukx-kul
mukxlim,muk-xlim,mukx-lim
mukxlib,muk-xlib,mukx-lib
mukxlit,muk-xlit,mukx-lit
mukxlik,muk-xlik,mukx-lik
mukxlis,muk-xlis,mukx-lis
mukxlif,muk-xlif,mukx-lif
mukxlix,muk-xlix,mukx-lix
mukxliC,muk-xliC,mukx-liC
mukxlam,muk-xlam,mukx-lam
mukxlab,muk-xlab,mukx-lab
mukxlag,muk-xlag,mukx-lag
mukxlat,muk-xlat,mukx-lat
mukxlas,muk-xlas,mukx-las
mukxlav,muk-xlav,mukx-lav
mukxlax,muk-xlax,mukx-lax
mukxlal,muk-xlal,mukx-lal
mukxlum,muk-xlum,mukx-lum
mukxlub,muk-xlub,mukx-lub
mukxlug,muk-xlug,mukx-lug
mukxlut,muk-xlut,mukx-lut
mukxlus,muk-xlus,mukx-lus
mukxluf,muk-xluf,mukx-luf
mukxlux,muk-xlux,mukx-lux
mukxluC,muk-xluC,mukx-luC
mukxlul,muk-xlul,mukx-lul
musksim,mus-ksim,musk-sim
musksib,mus-ksib,musk-sib
musksig,mus-ksig,musk-sig
musksit,mus-ksit,musk-sit
musksis,mus-ksis,musk-sis
musksif,mus-ksif,musk-sif
musksix,mus-ksix,musk-six
musksiC,mus-ksiC,musk-siC
musksam,mus-ksam,musk-sam
musksab,mus-ksab,musk-sab
musksag,mus-ksag,musk-sag
musksat,mus-ksat,musk-sat
musksas,mus-ksas,musk-sas
musksaf,mus-ksaf,musk-saf
musksax,mus-ksax,musk-sax
musksaC,mus-ksaC,musk-saC
musksal,mus-ksal,musk-sal
musksum,mus-ksum,musk-sum
musksub,mus-ksub,musk-sub
musksug,mus-ksug,musk-sug
musksut,mus-ksut,musk-sut
musksus,mus-ksus,musk-sus
musksuf,mus-ksuf,musk-suf
musksux,mus-ksux,musk-sux
musksuC,mus-ksuC,musk-suC
musksul,mus-ksul,musk-sul
musklek,mus-klek,musk-lek
muskloz,mus-kloz,musk-loz
muftxal,muf-txal,muft-xal
muftxum,muf-txum,muft-xum
muftrin,muf-trin,muft-rin
muftrik,muf-trik,muft-rik
muftris,muf-tris,muft-ris
muftrif,muf-trif,muft-rif
muftriC,muf-triC,muft-riC
muftret,muf-tret,muft-ret
muftrab,muf-trab,muft-rab
muftrag,muf-trag,muft-rag
muftras,muf-tras,muft-ras
muftraf,muf-traf,muft-raf
muftraC,muf-traC,muft-raC
muftral,muf-tral,muft-ral
muftrot,muf-trot,muft-rot
muftrum,muf-trum,muft-rum
muftrub,muf-trub,muft-rub
muftrug,muf-trug,muft-rug
muftrus,muf-trus,muft-rus
muftruf,muf-truf,muft-ruf
muftrux,muf-trux,muft-rux
muftruC,muf-truC,muft-ruC
muftrul,muf-trul,muft-rul
mufsmin,muf-smin,mufs-min
mufsmib,muf-smib,mufs-mib
mufsmit,muf-smit,mufs-mit
mufsmis,muf-smis,mufs-mis
mufsmix,muf-smix,mufs-mix
mufsmiC,muf-smiC,mufs-miC
mufsmek,muf-smek,mufs-mek
mufsmad,muf-smad,mufs-mad
mufsmas,muf-smas,mufs-mas
mufsmaf,muf-smaf,mufs-maf
mufsmax,muf-smax,mufs-max
mufsmaC,muf-smaC,mufs-maC
mufsmal,muf-smal,mufs-mal
mufsmok,muf-smok,mufs-mok
mufsmub,muf-smub,mufs-mub
mufsmut,muf-smut,mufs-mut
mufsmus,muf-smus,mufs-mus
mufsmuf,muf-smuf,mufs-muf
mufsmux,muf-smux,mufs-mux
mufsmuC,muf-smuC,mufs-muC
mufsmul,muf-smul,mufs-mul
mufsnif,muf-snif,mufs-nif
mufsnap,muf-snap,mufs-nap
mufsnom,muf-snom,mufs-nom
mufspin,muf-spin,mufs-pin
mufspib,muf-spib,mufs-pib
mufspit,muf-spit,mufs-pit
mufspik,muf-spik,mufs-pik
mufspis,muf-spis,mufs-pis
mufspix,muf-spix,mufs-pix
mufspiC,muf-spiC,mufs-piC
mufspan,muf-span,mufs-pan
mufspak,muf-spak,mufs-pak
mufspas,muf-spas,mufs-pas
mufspof,muf-spof,mufs-pof
mufspum,muf-spum,mufs-pum
mufspug,muf-spug,mufs-pug
mufspus,muf-spus,mufs-pus
mufspul,muf-spul,mufs-pul
mufstef,muf-stef,mufs-tef
mufstab,muf-stab,mufs-tab
mufstat,muf-stat,mufs-tat
mufstal,muf-stal,mufs-tal
mufstoj,muf-stoj,mufs-toj
mufstud,muf-stud,mufs-tud
mufstup,muf-stup,mufs-tup
mufskim,muf-skim,mufs-kim
mufskib,muf-skib,mufs-kib
mufskig,muf-skig,mufs-kig
mufskit,muf-skit,mufs-kit
mufskis,muf-skis,mufs-kis
mufskif,muf-skif,mufs-kif
mufskix,muf-skix,mufs-kix
mufskiC,muf-skiC,mufs-kiC
mufskad,muf-skad,mufs-kad
mufskag,muf-skag,mufs-kag
mufskap,muf-skap,mufs-kap
mufskas,muf-skas,mufs-kas
mufskaf,muf-skaf,mufs-kaf
mufskax,muf-skax,mufs-kax
mufskaC,muf-skaC,mufs-kaC
mufskal,muf-skal,mufs-kal
mufskoq,muf-skoq,mufs-koq
mufskud,muf-skud,mufs-kud
mufskug,muf-skug,mufs-kug
mufskup,muf-skup,mufs-kup
mufskuz,muf-skuz,mufs-kuz
mufskuf,muf-skuf,mufs-kuf
mufskux,muf-skux,mufs-kux
mufskul,muf-skul,mufs-kul
mufsfim,muf-sfim,mufs-fim
mufsfib,muf-sfib,mufs-fib
mufsfit,muf-sfit,mufs-fit
mufsfis,muf-sfis,mufs-fis
mufsfif,muf-sfif,mufs-fif
mufsfix,muf-sfix,mufs-fix
mufsfiC,muf-sfiC,mufs-fiC
mufsfam,muf-sfam,mufs-fam
mufsfab,muf-sfab,mufs-fab
mufsfag,muf-sfag,mufs-fag
mufsfat,muf-sfat,mufs-fat
mufsfaf,muf-sfaf,mufs-faf
mufsfax,muf-sfax,mufs-fax
mufsfaC,muf-sfaC,mufs-faC
mufsfal,muf-sfal,mufs-fal
mufsfum,muf-sfum,mufs-fum
mufsfub,muf-sfub,mufs-fub
mufsfug,muf-sfug,mufs-fug
mufsfut,muf-sfut,mufs-fut
mufsfus,muf-sfus,mufs-fus
mufsfuf,muf-sfuf,mufs-fuf
mufsfux,muf-sfux,mufs-fux
mufsfuC,muf-sfuC,mufs-fuC
mufsvik,muf-svik,mufs-vik
mufsvas,muf-svas,mufs-vas
mufsvur,muf-svur,mufs-vur
mufslim,muf-slim,mufs-lim
mufslid,muf-slid,mufs-lid
mufslig,muf-slig,mufs-lig
mufslip,muf-slip,mufs-lip
mufslis,muf-slis,mufs-lis
mufslif,muf-slif,mufs-lif
mufslix,muf-slix,mufs-lix
mufsliC,muf-sliC,mufs-liC
mufslad,muf-slad,mufs-lad
mufslag,muf-slag,mufs-lag
mufslap,muf-slap,mufs-lap
mufslas,muf-slas,mufs-las
mufslaf,muf-slaf,mufs-laf
mufslax,muf-slax,mufs-lax
mufslaC,muf-slaC,mufs-laC
mufslal,muf-slal,mufs-lal
mufslom,muf-slom,mufs-lom
mufslud,muf-slud,mufs-lud
mufslug,muf-slug,mufs-lug
mufslup,muf-slup,mufs-lup
mufslus,muf-slus,mufs-lus
mufsluf,muf-sluf,mufs-luf
mufslux,muf-slux,mufs-lux
mufsluC,muf-sluC,mufs-luC
mufslur,muf-slur,mufs-lur
muxtxal,mux-txal,muxt-xal
muxtxum,mux-txum,muxt-xum
muxtrin,mux-trin,muxt-rin
muxtrik,mux-trik,muxt-rik
muxtris,mux-tris,muxt-ris
muxtrif,mux-trif,muxt-rif
muxtriC,mux-triC,muxt-riC
muxtret,mux-tret,muxt-ret
muxtrab,mux-trab,muxt-rab
muxtrag,mux-trag,muxt-rag
muxtras,mux-tras,muxt-ras
muxtraf,mux-traf,muxt-raf
muxtraC,mux-traC,muxt-raC
muxtral,mux-tral,muxt-ral
muxtrot,mux-trot,muxt-rot
muxtrum,mux-trum,muxt-rum
muxtrub,mux-trub,muxt-rub
muxtrug,mux-trug,muxt-rug
muxtrus,mux-trus,muxt-rus
muxtruf,mux-truf,muxt-ruf
muxtrux,mux-trux,muxt-rux
muxtruC,mux-truC,muxt-ruC
muxtrul,mux-trul,muxt-rul
mulblim,mul-blim,mulb-lim
mulbliz,mul-bliz,mulb-liz
mulblet,mul-blet,mulb-let
mulblab,mul-blab,mulb-lab
mulbloz,mul-bloz,mulb-loz
mulblof,mul-blof,mulb-lof
mulblor,mul-blor,mulb-lor
mulblum,mul-blum,mulb-lum
mulblub,mul-blub,mulb-lub
mulblut,mul-blut,mulb-lut
mulblux,mul-blux,mulb-lux
mulbrig,mul-brig,mulb-rig
mulbrif,mul-brif,mulb-rif
mulbrak,mul-brak,mulb-rak
mulbruk,mul-bruk,mulb-ruk
mulglip,mul-glip,mulg-lip
mulglix,mul-glix,mulg-lix
mulglen,mul-glen,mulg-len
mulgled,mul-gled,mulg-led
mulglez,mul-glez,mulg-lez
mulglav,mul-glav,mulg-lav
mulglaj,mul-glaj,mulg-laj
mulglob,mul-glob,mulg-lob
mulglot,mul-glot,mulg-lot
mulglok,mul-glok,mulg-lok
mulglor,mul-glor,mulg-lor
mulglux,mul-glux,mulg-lux
mulgriv,mul-griv,mulg-riv
mulgrac,mul-grac,mulg-rac
mulgroq,mul-groq,mulg-roq
mulgruv,mul-gruv,mulg-ruv
multxal,mul-txal,mult-xal
multxum,mul-txum,mult-xum
multrin,mul-trin,mult-rin
multrik,mul-trik,mult-rik
multris,mul-tris,mult-ris
multrif,mul-trif,mult-rif
multriC,mul-triC,mult-riC
multret,mul-tret,mult-ret
multrab,mul-trab,mult-rab
multrag,mul-trag,mult-rag
multras,mul-tras,mult-ras
multraf,mul-traf,mult-raf
multraC,mul-traC,mult-raC
multral,mul-tral,mult-ral
multrot,mul-trot,mult-rot
multrum,mul-trum,mult-rum
multrub,mul-trub,mult-rub
multrug,mul-trug,mult-rug
multrus,mul-trus,mult-rus
multruf,mul-truf,mult-ruf
multrux,mul-trux,mult-rux
multruC,mul-truC,mult-ruC
multrul,mul-trul,mult-rul
mulsmin,mul-smin,muls-min
mulsmib,mul-smib,muls-mib
mulsmit,mul-smit,muls-mit
mulsmis,mul-smis,muls-mis
mulsmix,mul-smix,muls-mix
mulsmiC,mul-smiC,muls-miC
mulsmek,mul-smek,muls-mek
mulsmad,mul-smad,muls-mad
mulsmas,mul-smas,muls-mas
mulsmaf,mul-smaf,muls-maf
mulsmax,mul-smax,muls-max
mulsmaC,mul-smaC,muls-maC
mulsmal,mul-smal,muls-mal
mulsmok,mul-smok,muls-mok
mulsmub,mul-smub,muls-mub
mulsmut,mul-smut,muls-mut
mulsmus,mul-smus,muls-mus
mulsmuf,mul-smuf,muls-muf
mulsmux,mul-smux,muls-mux
mulsmuC,mul-smuC,muls-muC
mulsmul,mul-smul,muls-mul
mulsnif,mul-snif,muls-nif
mulsnap,mul-snap,muls-nap
mulsnom,mul-snom,muls-nom
mulspin,mul-spin,muls-pin
mulspib,mul-spib,muls-pib
mulspit,mul-spit,muls-pit
mulspik,mul-spik,muls-pik
mulspis,mul-spis,muls-pis
mulspix,mul-spix,muls-pix
mulspiC,mul-spiC,muls-piC
mulspan,mul-span,muls-pan
mulspak,mul-spak,muls-pak
mulspas,mul-spas,muls-pas
mulspof,mul-spof,muls-pof
mulspum,mul-spum,muls-pum
mulspug,mul-spug,muls-pug
mulspus,mul-spus,muls-pus
mulspul,mul-spul,muls-pul
mulstef,mul-stef,muls-tef
mulstab,mul-stab,muls-tab
mulstat,mul-stat,muls-tat
mulstal,mul-stal,muls-tal
mulstoj,mul-stoj,muls-toj
mulstud,mul-stud,muls-tud
mulstup,mul-stup,muls-tup
mulskim,mul-skim,muls-kim
mulskib,mul-skib,muls-kib
mulskig,mul-skig,muls-kig
mulskit,mul-skit,muls-kit
mulskis,mul-skis,muls-kis
mulskif,mul-skif,muls-kif
mulskix,mul-skix,muls-kix
mulskiC,mul-skiC,muls-kiC
mulskad,mul-skad,muls-kad
mulskag,mul-skag,muls-kag
mulskap,mul-skap,muls-kap
mulskas,mul-skas,muls-kas
mulskaf,mul-skaf,muls-kaf
mulskax,mul-skax,muls-kax
mulskaC,mul-skaC,muls-kaC
mulskal,mul-skal,muls-kal
mulskoq,mul-skoq,muls-koq
mulskud,mul-skud,muls-kud
mulskug,mul-skug,muls-kug
mulskup,mul-skup,muls-kup
mulskuz,mul-skuz,muls-kuz
mulskuf,mul-skuf,muls-kuf
mulskux,mul-skux,muls-kux
mulskul,mul-skul,muls-kul
mulsfim,mul-sfim,muls-fim
mulsfib,mul-sfib,muls-fib
mulsfit,mul-sfit,muls-fit
mulsfis,mul-sfis,muls-fis
mulsfif,mul-sfif,muls-fif
mulsfix,mul-sfix,muls-fix
mulsfiC,mul-sfiC,muls-fiC
mulsfam,mul-sfam,muls-fam
mulsfab,mul-sfab,muls-fab
mulsfag,mul-sfag,muls-fag
mulsfat,mul-sfat,muls-fat
mulsfaf,mul-sfaf,muls-faf
mulsfax,mul-sfax,muls-fax
mulsfaC,mul-sfaC,muls-faC
mulsfal,mul-sfal,muls-fal
mulsfum,mul-sfum,muls-fum
mulsfub,mul-sfub,muls-fub
mulsfug,mul-sfug,muls-fug
mulsfut,mul-sfut,muls-fut
mulsfus,mul-sfus,muls-fus
mulsfuf,mul-sfuf,muls-fuf
mulsfux,mul-sfux,muls-fux
mulsfuC,mul-sfuC,muls-fuC
mulsvik,mul-svik,muls-vik
mulsvas,mul-svas,muls-vas
mulsvur,mul-svur,muls-vur
mulslim,mul-slim,muls-lim
mulslid,mul-slid,muls-lid
mulslig,mul-slig,muls-lig
mulslip,mul-slip,muls-lip
mulslis,mul-slis,muls-lis
mulslif,mul-slif,muls-lif
mulslix,mul-slix,muls-lix
mulsliC,mul-sliC,muls-liC
mulslad,mul-slad,muls-lad
mulslag,mul-slag,muls-lag
mulslap,mul-slap,muls-lap
mulslas,mul-slas,muls-las
mulslaf,mul-slaf,muls-laf
mulslax,mul-slax,muls-lax
mulslaC,mul-slaC,muls-laC
mulslal,mul-slal,muls-lal
mulslom,mul-slom,muls-lom
mulslud,mul-slud,muls-lud
mulslug,mul-slug,muls-lug
mulslup,mul-slup,muls-lup
mulslus,mul-slus,muls-lus
mulsluf,mul-sluf,muls-luf
mulslux,mul-slux,muls-lux
mulsluC,mul-sluC,muls-luC
mulslur,mul-slur,muls-lur
mulxnim,mul-xnim,mulx-nim
mulxnib,mul-xnib,mulx-nib
mulxnig,mul-xnig,mulx-nig
mulxnit,mul-xnit,mulx-nit
mulxnis,mul-xnis,mulx-nis
mulxnif,mul-xnif,mulx-nif
mulxnix,mul-xnix,mulx-nix
mulxniC,mul-xniC,mulx-niC
mulxnam,mul-xnam,mulx-nam
mulxnab,mul-xnab,mulx-nab
mulxnag,mul-xnag,mulx-nag
mulxnat,mul-xnat,mulx-nat
mulxnas,mul-xnas,mulx-nas
mulxnaf,mul-xnaf,mulx-naf
mulxnax,mul-xnax,mulx-nax
mulxnaC,mul-xnaC,mulx-naC
mulxnal,mul-xnal,mulx-nal
mulxnum,mul-xnum,mulx-num
mulxnub,mul-xnub,mulx-nub
mulxnug,mul-xnug,mulx-nug
mulxnut,mul-xnut,mulx-nut
mulxnus,mul-xnus,mulx-nus
mulxnuf,mul-xnuf,mulx-nuf
mulxnux,mul-xnux,mulx-nux
mulxnuC,mul-xnuC,mulx-nuC
mulxnul,mul-xnul,mulx-nul
mulxkim,mul-xkim,mulx-kim
mulxkib,mul-xkib,mulx-kib
mulxkig,mul-xkig,mulx-kig
mulxkit,mul-xkit,mulx-kit
mulxkis,mul-xkis,mulx-kis
mulxkif,mul-xkif,mulx-kif
mulxkix,mul-xkix,mulx-kix
mulxkiC,mul-xkiC,mulx-kiC
mulxkam,mul-xkam,mulx-kam
mulxkab,mul-xkab,mulx-kab
mulxkag,mul-xkag,mulx-kag
mulxkat,mul-xkat,mulx-kat
mulxkas,mul-xkas,mulx-kas
mulxkaf,mul-xkaf,mulx-kaf
mulxkax,mul-xkax,mulx-kax
mulxkaC,mul-xkaC,mulx-kaC
mulxkal,mul-xkal,mulx-kal
mulxkum,mul-xkum,mulx-kum
mulxkub,mul-xkub,mulx-kub
mulxkug,mul-xkug,mulx-kug
mulxkut,mul-xkut,mulx-kut
mulxkus,mul-xkus,mulx-kus
mulxkuf,mul-xkuf,mulx-kuf
mulxkux,mul-xkux,mulx-kux
mulxkuC,mul-xkuC,mulx-kuC
mulxkul,mul-xkul,mulx-kul
mulxlim,mul-xlim,mulx-lim
mulxlib,mul-xlib,mulx-lib
mulxlit,mul-xlit,mulx-lit
mulxlik,mul-xlik,mulx-lik
mulxlis,mul-xlis,mulx-lis
mulxlif,mul-xlif,mulx-lif
mulxlix,mul-xlix,mulx-lix
mulxliC,mul-xliC,mulx-liC
mulxlam,mul-xlam,mulx-lam
mulxlab,mul-xlab,mulx-lab
mulxlag,mul-xlag,mulx-lag
mulxlat,mul-xlat,mulx-lat
mulxlas,mul-xlas,mulx-las
mulxlav,mul-xlav,mulx-lav
mulxlax,mul-xlax,mulx-lax
mulxlal,mul-xlal,mulx-lal
mulxlum,mul-xlum,mulx-lum
mulxlub,mul-xlub,mulx-lub
mulxlug,mul-xlug,mulx-lug
mulxlut,mul-xlut,mulx-lut
mulxlus,mul-xlus,mulx-lus
mulxluf,mul-xluf,mulx-luf
mulxlux,mul-xlux,mulx-lux
mulxluC,mul-xluC,mulx-luC
mulxlul,mul-xlul,mulx-lul
narblim,nar-blim,narb-lim
narbliz,nar-bliz,narb-liz
narblet,nar-blet,narb-let
narblab,nar-blab,narb-lab
narbloz,nar-bloz,narb-loz
narblof,nar-blof,narb-lof
narblor,nar-blor,narb-lor
narblum,nar-blum,narb-lum
narblub,nar-blub,narb-lub
narblut,nar-blut,narb-lut
narblux,nar-blux,narb-lux
narbrig,nar-brig,narb-rig
narbrif,nar-brif,narb-rif
narbrak,nar-brak,narb-rak
narbruk,nar-bruk,narb-ruk
nuqksim,nuq-ksim,nuqk-sim
nuqksib,nuq-ksib,nuqk-sib
nuqksig,nuq-ksig,nuqk-sig
nuqksit,nuq-ksit,nuqk-sit
nuqksis,nuq-ksis,nuqk-sis
nuqksif,nuq-ksif,nuqk-sif
nuqksix,nuq-ksix,nuqk-six
nuqksiC,nuq-ksiC,nuqk-siC
nuqksam,nuq-ksam,nuqk-sam
nuqksab,nuq-ksab,nuqk-sab
nuqksag,nuq-ksag,nuqk-sag
nuqksat,nuq-ksat,nuqk-sat
nuqksas,nuq-ksas,nuqk-sas
nuqksaf,nuq-ksaf,nuqk-saf
nuqksax,nuq-ksax,nuqk-sax
nuqksaC,nuq-ksaC,nuqk-saC
nuqksal,nuq-ksal,nuqk-sal
nuqksum,nuq-ksum,nuqk-sum
nuqksub,nuq-ksub,nuqk-sub
nuqksug,nuq-ksug,nuqk-sug
nuqksut,nuq-ksut,nuqk-sut
nuqksus,nuq-ksus,nuqk-sus
nuqksuf,nuq-ksuf,nuqk-suf
nuqksux,nuq-ksux,nuqk-sux
nuqksuC,nuq-ksuC,nuqk-suC
nuqksul,nuq-ksul,nuqk-sul
nuqklek,nuq-klek,nuqk-lek
nuqkloz,nuq-kloz,nuqk-loz
nustxal,nus-txal,nust-xal
nustxum,nus-txum,nust-xum
nustrin,nus-trin,nust-rin
nustrik,nus-trik,nust-rik
nustris,nus-tris,nust-ris
nustrif,nus-trif,nust-rif
nustriC,nus-triC,nust-riC
nustret,nus-tret,nust-ret
nustrab,nus-trab,nust-rab
nustrag,nus-trag,nust-rag
nustras,nus-tras,nust-ras
nustraf,nus-traf,nust-raf
nustraC,nus-traC,nust-raC
nustral,nus-tral,nust-ral
nustrot,nus-trot,nust-rot
nustrum,nus-trum,nust-rum
nustrub,nus-trub,nust-rub
nustrug,nus-trug,nust-rug
nustrus,nus-trus,nust-rus
nustruf,nus-truf,nust-ruf
nustrux,nus-trux,nust-rux
nustruC,nus-truC,nust-ruC
nustrul,nus-trul,nust-rul
bimplib,bim-plib,bimp-lib
bimplix,bim-plix,bimp-lix
bimplan,bim-plan,bimp-lan
bimplax,bim-plax,bimp-lax
bipflid,bip-flid,bipf-lid
bipflip,bip-flip,bipf-lip
bipflif,bip-flif,bipf-lif
bipflem,bip-flem,bipf-lem
bipflek,bip-flek,bipf-lek
bipfleC,bip-fleC,bipf-leC
bipflad,bip-flad,bipf-lad
bipflap,bip-flap,bipf-lap
bipflaf,bip-flaf,bipf-laf
bipflax,bip-flax,bipf-lax
bipflom,bip-flom,bipf-lom
bipflok,bip-flok,bipf-lok
bipflor,bip-flor,bipf-lor
bipflud,bip-flud,bipf-lud
bipflup,bip-flup,bipf-lup
bipfluz,bip-fluz,bipf-luz
bipfluf,bip-fluf,bipf-luf
bipflux,bip-flux,bipf-lux
bipfris,bip-fris,bipf-ris
bipfrix,bip-frix,bipf-rix
bipfras,bip-fras,bipf-ras
bitsmin,bit-smin,bits-min
bitsmib,bit-smib,bits-mib
bitsmit,bit-smit,bits-mit
bitsmis,bit-smis,bits-mis
bitsmix,bit-smix,bits-mix
bitsmiC,bit-smiC,bits-miC
bitsmek,bit-smek,bits-mek
bitsmad,bit-smad,bits-mad
bitsmas,bit-smas,bits-mas
bitsmaf,bit-smaf,bits-maf
bitsmax,bit-smax,bits-max
bitsmaC,bit-smaC,bits-maC
bitsmal,bit-smal,bits-mal
bitsmok,bit-smok,bits-mok
bitsmub,bit-smub,bits-mub
bitsmut,bit-smut,bits-mut
bitsmus,bit-smus,bits-mus
bitsmuf,bit-smuf,bits-muf
bitsmux,bit-smux,bits-mux
bitsmuC,bit-smuC,bits-muC
bitsmul,bit-smul,bits-mul
bitsnif,bit-snif,bits-nif
bitsnap,bit-snap,bits-nap
bitsnom,bit-snom,bits-nom
bitspin,bit-spin,bits-pin
bitspib,bit-spib,bits-pib
bitspit,bit-spit,bits-pit
bitspik,bit-spik,bits-pik
bitspis,bit-spis,bits-pis
bitspix,bit-spix,bits-pix
bitspiC,bit-spiC,bits-piC
bitspan,bit-span,bits-pan
bitspak,bit-spak,bits-pak
bitspas,bit-spas,bits-pas
bitspof,bit-spof,bits-pof
bitspum,bit-spum,bits-pum
bitspug,bit-spug,bits-pug
bitspus,bit-spus,bits-pus
bitspul,bit-spul,bits-pul
bitstef,bit-stef,bits-tef
bitstab,bit-stab,bits-tab
bitstat,bit-stat,bits-tat
bitstal,bit-stal,bits-tal
bitstoj,bit-stoj,bits-toj
bitstud,bit-stud,bits-tud
bitstup,bit-stup,bits-tup
bitskim,bit-skim,bits-kim
bitskib,bit-skib,bits-kib
bitskig,bit-skig,bits-kig
bitskit,bit-skit,bits-kit
bitskis,bit-skis,bits-kis
bitskif,bit-skif,bits-kif
bitskix,bit-skix,bits-kix
bitskiC,bit-skiC,bits-kiC
bitskad,bit-skad,bits-kad
bitskag,bit-skag,bits-kag
bitskap,bit-skap,bits-kap
bitskas,bit-skas,bits-kas
bitskaf,bit-skaf,bits-kaf
bitskax,bit-skax,bits-kax
bitskaC,bit-skaC,bits-kaC
bitskal,bit-skal,bits-kal
bitskoq,bit-skoq,bits-koq
bitskud,bit-skud,bits-kud
bitskug,bit-skug,bits-kug
bitskup,bit-skup,bits-kup
bitskuz,bit-skuz,bits-kuz
bitskuf,bit-skuf,bits-kuf
bitskux,bit-skux,bits-kux
bitskul,bit-skul,bits-kul
bitsfim,bit-sfim,bits-fim
bitsfib,bit-sfib,bits-fib
bitsfit,bit-sfit,bits-fit
bitsfis,bit-sfis,bits-fis
bitsfif,bit-sfif,bits-fif
bitsfix,bit-sfix,bits-fix
bitsfiC,bit-sfiC,bits-fiC
bitsfam,bit-sfam,bits-fam
bitsfab,bit-sfab,bits-fab
bitsfag,bit-sfag,bits-fag
bitsfat,bit-sfat,bits-fat
bitsfaf,bit-sfaf,bits-faf
bitsfax,bit-sfax,bits-fax
bitsfaC,bit-sfaC,bits-faC
bitsfal,bit-sfal,bits-fal
bitsfum,bit-sfum,bits-fum
bitsfub,bit-sfub,bits-fub
bitsfug,bit-sfug,bits-fug
bitsfut,bit-sfut,bits-fut
bitsfus,bit-sfus,bits-fus
bitsfuf,bit-sfuf,bits-fuf
bitsfux,bit-sfux,bits-fux
bitsfuC,bit-sfuC,bits-fuC
bitsvik,bit-svik,bits-vik
bitsvas,bit-svas,bits-vas
bitsvur,bit-svur,bits-vur
bitslim,bit-slim,bits-lim
bitslid,bit-slid,bits-lid
bitslig,bit-slig,bits-lig
bitslip,bit-slip,bits-lip
bitslis,bit-slis,bits-lis
bitslif,bit-slif,bits-lif
bitslix,bit-slix,bits-lix
bitsliC,bit-sliC,bits-liC
bitslad,bit-slad,bits-lad
bitslag,bit-slag,bits-lag
bitslap,bit-slap,bits-lap
bitslas,bit-slas,bits-las
bitslaf,bit-slaf,bits-laf
bitslax,bit-slax,bits-lax
bitslaC,bit-slaC,bits-laC
bitslal,bit-slal,bits-lal
bitslom,bit-slom,bits-lom
bitslud,bit-slud,bits-lud
bitslug,bit-slug,bits-lug
bitslup,bit-slup,bits-lup
bitslus,bit-slus,bits-lus
bitsluf,bit-sluf,bits-luf
bitslux,bit-slux,bits-lux
bitsluC,bit-sluC,bits-luC
bitslur,bit-slur,bits-lur
bikxnim,bik-xnim,bikx-nim
bikxnib,bik-xnib,bikx-nib
bikxnig,bik-xnig,bikx-nig
bikxnit,bik-xnit,bikx-nit
bikxnis,bik-xnis,bikx-nis
bikxnif,bik-xnif,bikx-nif
bikxnix,bik-xnix,bikx-nix
bikxniC,bik-xniC,bikx-niC
bikxnam,bik-xnam,bikx-nam
bikxnab,bik-xnab,bikx-nab
bikxnag,bik-xnag,bikx-nag
bikxnat,bik-xnat,bikx-nat
bikxnas,bik-xnas,bikx-nas
bikxnaf,bik-xnaf,bikx-naf
bikxnax,bik-xnax,bikx-nax
bikxnaC,bik-xnaC,bikx-naC
bikxnal,bik-xnal,bikx-nal
bikxnum,bik-xnum,bikx-num
bikxnub,bik-xnub,bikx-nub
bikxnug,bik-xnug,bikx-nug
bikxnut,bik-xnut,bikx-nut
bikxnus,bik-xnus,bikx-nus
bikxnuf,bik-xnuf,bikx-nuf
bikxnux,bik-xnux,bikx-nux
bikxnuC,bik-xnuC,bikx-nuC
bikxnul,bik-xnul,bikx-nul
bikxkim,bik-xkim,bikx-kim
bikxkib,bik-xkib,bikx-kib
bikxkig,bik-xkig,bikx-kig
bikxkit,bik-xkit,bikx-kit
bikxkis,bik-xkis,bikx-kis
bikxkif,bik-xkif,bikx-kif
bikxkix,bik-xkix,bikx-kix
bikxkiC,bik-xkiC,bikx-kiC
bikxkam,bik-xkam,bikx-kam
bikxkab,bik-xkab,bikx-kab
bikxkag,bik-xkag,bikx-kag
bikxkat,bik-xkat,bikx-kat
bikxkas,bik-xkas,bikx-kas
bikxkaf,bik-xkaf,bikx-kaf
bikxkax,bik-xkax,bikx-kax
bikxkaC,bik-xkaC,bikx-kaC
bikxkal,bik-xkal,bikx-kal
bikxkum,bik-xkum,bikx-kum
bikxkub,bik-xkub,bikx-kub
bikxkug,bik-xkug,bikx-kug
bikxkut,bik-xkut,bikx-kut
bikxkus,bik-xkus,bikx-kus
bikxkuf,bik-xkuf,bikx-kuf
bikxkux,bik-xkux,bikx-kux
bikxkuC,bik-xkuC,bikx-kuC
bikxkul,bik-xkul,bikx-kul
bikxlim,bik-xlim,bikx-lim
bikxlib,bik-xlib,bikx-lib
bikxlit,bik-xlit,bikx-lit
bikxlik,bik-xlik,bikx-lik
bikxlis,bik-xlis,bikx-lis
bikxlif,bik-xlif,bikx-lif
bikxlix,bik-xlix,bikx-lix
bikxliC,bik-xliC,bikx-liC
bikxlam,bik-xlam,bikx-lam
bikxlab,bik-xlab,bikx-lab
bikxlag,bik-xlag,bikx-lag
bikxlat,bik-xlat,bikx-lat
bikxlas,bik-xlas,bikx-las
bikxlav,bik-xlav,bikx-lav
bikxlax,bik-xlax,bikx-lax
bikxlal,bik-xlal,bikx-lal
bikxlum,bik-xlum,bikx-lum
bikxlub,bik-xlub,bikx-lub
bikxlug,bik-xlug,bikx-lug
bikxlut,bik-xlut,bikx-lut
bikxlus,bik-xlus,bikx-lus
bikxluf,bik-xluf,bikx-luf
bikxlux,bik-xlux,bikx-lux
bikxluC,bik-xluC,bikx-luC
bikxlul,bik-xlul,bikx-lul
bistxal,bis-txal,bist-xal
bistxum,bis-txum,bist-xum
bistrin,bis-trin,bist-rin
bistrik,bis-trik,bist-rik
bistris,bis-tris,bist-ris
bistrif,bis-trif,bist-rif
bistriC,bis-triC,bist-riC
bistret,bis-tret,bist-ret
bistrab,bis-trab,bist-rab
bistrag,bis-trag,bist-rag
bistras,bis-tras,bist-ras
bistraf,bis-traf,bist-raf
bistraC,bis-traC,bist-raC
bistral,bis-tral,bist-ral
bistrot,bis-trot,bist-rot
bistrum,bis-trum,bist-rum
bistrub,bis-trub,bist-rub
bistrug,bis-trug,bist-rug
bistrus,bis-trus,bist-rus
bistruf,bis-truf,bist-ruf
bistrux,bis-trux,bist-rux
bistruC,bis-truC,bist-ruC
bistrul,bis-trul,bist-rul
biftxal,bif-txal,bift-xal
biftxum,bif-txum,bift-xum
biftrin,bif-trin,bift-rin
biftrik,bif-trik,bift-rik
biftris,bif-tris,bift-ris
biftrif,bif-trif,bift-rif
biftriC,bif-triC,bift-riC
biftret,bif-tret,bift-ret
biftrab,bif-trab,bift-rab
biftrag,bif-trag,bift-rag
biftras,bif-tras,bift-ras
biftraf,bif-traf,bift-raf
biftraC,bif-traC,bift-raC
biftral,bif-tral,bift-ral
biftrot,bif-trot,bift-rot
biftrum,bif-trum,bift-rum
biftrub,bif-trub,bift-rub
biftrug,bif-trug,bift-rug
biftrus,bif-trus,bift-rus
biftruf,bif-truf,bift-ruf
biftrux,bif-trux,bift-rux
biftruC,bif-truC,bift-ruC
biftrul,bif-trul,bift-rul
bifsmin,bif-smin,bifs-min
bifsmib,bif-smib,bifs-mib
bifsmit,bif-smit,bifs-mit
bifsmis,bif-smis,bifs-mis
bifsmix,bif-smix,bifs-mix
bifsmiC,bif-smiC,bifs-miC
bifsmek,bif-smek,bifs-mek
bifsmad,bif-smad,bifs-mad
bifsmas,bif-smas,bifs-mas
bifsmaf,bif-smaf,bifs-maf
bifsmax,bif-smax,bifs-max
bifsmaC,bif-smaC,bifs-maC
bifsmal,bif-smal,bifs-mal
bifsmok,bif-smok,bifs-mok
bifsmub,bif-smub,bifs-mub
bifsmut,bif-smut,bifs-mut
bifsmus,bif-smus,bifs-mus
bifsmuf,bif-smuf,bifs-muf
bifsmux,bif-smux,bifs-mux
bifsmuC,bif-smuC,bifs-muC
bifsmul,bif-smul,bifs-mul
bifsnif,bif-snif,bifs-nif
bifsnap,bif-snap,bifs-nap
bifsnom,bif-snom,bifs-nom
bifspin,bif-spin,bifs-pin
bifspib,bif-spib,bifs-pib
bifspit,bif-spit,bifs-pit
bifspik,bif-spik,bifs-pik
bifspis,bif-spis,bifs-pis
bifspix,bif-spix,bifs-pix
bifspiC,bif-spiC,bifs-piC
bifspan,bif-span,bifs-pan
bifspak,bif-spak,bifs-pak
bifspas,bif-spas,bifs-pas
bifspof,bif-spof,bifs-pof
bifspum,bif-spum,bifs-pum
bifspug,bif-spug,bifs-pug
bifspus,bif-spus,bifs-pus
bifspul,bif-spul,bifs-pul
bifstef,bif-stef,bifs-tef
bifstab,bif-stab,bifs-tab
bifstat,bif-stat,bifs-tat
bifstal,bif-stal,bifs-tal
bifstoj,bif-stoj,bifs-toj
bifstud,bif-stud,bifs-tud
bifstup,bif-stup,bifs-tup
bifskim,bif-skim,bifs-kim
bifskib,bif-skib,bifs-kib
bifskig,bif-skig,bifs-kig
bifskit,bif-skit,bifs-kit
bifskis,bif-skis,bifs-kis
bifskif,bif-skif,bifs-kif
bifskix,bif-skix,bifs-kix
bifskiC,bif-skiC,bifs-kiC
bifskad,bif-skad,bifs-kad
bifskag,bif-skag,bifs-kag
bifskap,bif-skap,bifs-kap
bifskas,bif-skas,bifs-kas
bifskaf,bif-skaf,bifs-kaf
bifskax,bif-skax,bifs-kax
bifskaC,bif-skaC,bifs-kaC
bifskal,bif-skal,bifs-kal
bifskoq,bif-skoq,bifs-koq
bifskud,bif-skud,bifs-kud
bifskug,bif-skug,bifs-kug
bifskup,bif-skup,bifs-kup
bifskuz,bif-skuz,bifs-kuz
bifskuf,bif-skuf,bifs-kuf
bifskux,bif-skux,bifs-kux
bifskul,bif-skul,bifs-kul
bifsfim,bif-sfim,bifs-fim
bifsfib,bif-sfib,bifs-fib
bifsfit,bif-sfit,bifs-fit
bifsfis,bif-sfis,bifs-fis
bifsfif,bif-sfif,bifs-fif
bifsfix,bif-sfix,bifs-fix
bifsfiC,bif-sfiC,bifs-fiC
bifsfam,bif-sfam,bifs-fam
bifsfab,bif-sfab,bifs-fab
bifsfag,bif-sfag,bifs-fag
bifsfat,bif-sfat,bifs-fat
bifsfaf,bif-sfaf,bifs-faf
bifsfax,bif-sfax,bifs-fax
bifsfaC,bif-sfaC,bifs-faC
bifsfal,bif-sfal,bifs-fal
bifsfum,bif-sfum,bifs-fum
bifsfub,bif-sfub,bifs-fub
bifsfug,bif-sfug,bifs-fug
bifsfut,bif-sfut,bifs-fut
bifsfus,bif-sfus,bifs-fus
bifsfuf,bif-sfuf,bifs-fuf
bifsfux,bif-sfux,bifs-fux
bifsfuC,bif-sfuC,bifs-fuC
bifsvik,bif-svik,bifs-vik
bifsvas,bif-svas,bifs-vas
bifsvur,bif-svur,bifs-vur
bifslim,bif-slim,bifs-lim
bifslid,bif-slid,bifs-lid
bifslig,bif-slig,bifs-lig
bifslip,bif-slip,bifs-lip
bifslis,bif-slis,bifs-lis
bifslif,bif-slif,bifs-lif
bifslix,bif-slix,bifs-lix
bifsliC,bif-sliC,bifs-liC
bifslad,bif-slad,bifs-lad
bifslag,bif-slag,bifs-lag
bifslap,bif-slap,bifs-lap
bifslas,bif-slas,bifs-las
bifslaf,bif-slaf,bifs-laf
bifslax,bif-slax,bifs-lax
bifslaC,bif-slaC,bifs-laC
bifslal,bif-slal,bifs-lal
bifslom,bif-slom,bifs-lom
bifslud,bif-slud,bifs-lud
bifslug,bif-slug,bifs-lug
bifslup,bif-slup,bifs-lup
bifslus,bif-slus,bifs-lus
bifsluf,bif-sluf,bifs-luf
bifslux,bif-slux,bifs-lux
bifsluC,bif-sluC,bifs-luC
bifslur,bif-slur,bifs-lur
bixtxal,bix-txal,bixt-xal
bixtxum,bix-txum,bixt-xum
bixtrin,bix-trin,bixt-rin
bixtrik,bix-trik,bixt-rik
bixtris,bix-tris,bixt-ris
bixtrif,bix-trif,bixt-rif
bixtriC,bix-triC,bixt-riC
bixtret,bix-tret,bixt-ret
bixtrab,bix-trab,bixt-rab
bixtrag,bix-trag,bixt-rag
bixtras,bix-tras,bixt-ras
bixtraf,bix-traf,bixt-raf
bixtraC,bix-traC,bixt-raC
bixtral,bix-tral,bixt-ral
bixtrot,bix-trot,bixt-rot
bixtrum,bix-trum,bixt-rum
bixtrub,bix-trub,bixt-rub
bixtrug,bix-trug,bixt-rug
bixtrus,bix-trus,bixt-rus
bixtruf,bix-truf,bixt-ruf
bixtrux,bix-trux,bixt-rux
bixtruC,bix-truC,bixt-ruC
bixtrul,bix-trul,bixt-rul
bendjin,ben-djin,bend-jin
bendjid,ben-djid,bend-jid
bendjip,ben-djip,bend-jip
bendjiz,ben-djiz,bend-jiz
bendjif,ben-djif,bend-jif
bendjix,ben-djix,bend-jix
bendjek,ben-djek,bend-jek
bendjam,ben-djam,bend-jam
bendjab,ben-djab,bend-jab
bendjat,ben-djat,bend-jat
bendjas,ben-djas,bend-jas
bendjaf,ben-djaf,bend-jaf
bendjax,ben-djax,bend-jax
bendjaC,ben-djaC,bend-jaC
bendjok,ben-djok,bend-jok
bendjud,ben-djud,bend-jud
bendjup,ben-djup,bend-jup
bendjus,ben-djus,bend-jus
bendjuf,ben-djuf,bend-juf
bendjux,ben-djux,bend-jux
bendjuC,ben-djuC,bend-juC
bendjul,ben-djul,bend-jul
bendrib,ben-drib,bend-rib
bendrix,ben-drix,bend-rix
bendram,ben-dram,bend-ram
bendrax,ben-drax,bend-rax
besksim,bes-ksim,besk-sim
besksib,bes-ksib,besk-sib
besksig,bes-ksig,besk-sig
besksit,bes-ksit,besk-sit
besksis,bes-ksis,besk-sis
besksif,bes-ksif,besk-sif
besksix,bes-ksix,besk-six
besksiC,bes-ksiC,besk-siC
besksam,bes-ksam,besk-sam
besksab,bes-ksab,besk-sab
besksag,bes-ksag,besk-sag
besksat,bes-ksat,besk-sat
besksas,bes-ksas,besk-sas
besksaf,bes-ksaf,besk-saf
besksax,bes-ksax,besk-sax
besksaC,bes-ksaC,besk-saC
besksal,bes-ksal,besk-sal
besksum,bes-ksum,besk-sum
besksub,bes-ksub,besk-sub
besksug,bes-ksug,besk-sug
besksut,bes-ksut,besk-sut
besksus,bes-ksus,besk-sus
besksuf,bes-ksuf,besk-suf
besksux,bes-ksux,besk-sux
besksuC,bes-ksuC,besk-suC
besksul,bes-ksul,besk-sul
besklek,bes-klek,besk-lek
beskloz,bes-kloz,besk-loz
bamplib,bam-plib,bamp-lib
bamplix,bam-plix,bamp-lix
bamplan,bam-plan,bamp-lan
bamplax,bam-plax,bamp-lax
bapflid,bap-flid,bapf-lid
bapflip,bap-flip,bapf-lip
bapflif,bap-flif,bapf-lif
bapflem,bap-flem,bapf-lem
bapflek,bap-flek,bapf-lek
bapfleC,bap-fleC,bapf-leC
bapflad,bap-flad,bapf-lad
bapflap,bap-flap,bapf-lap
bapflaf,bap-flaf,bapf-laf
bapflax,bap-flax,bapf-lax
bapflom,bap-flom,bapf-lom
bapflok,bap-flok,bapf-lok
bapflor,bap-flor,bapf-lor
bapflud,bap-flud,bapf-lud
bapflup,bap-flup,bapf-lup
bapfluz,bap-fluz,bapf-luz
bapfluf,bap-fluf,bapf-luf
bapflux,bap-flux,bapf-lux
bapfris,bap-fris,bapf-ris
bapfrix,bap-frix,bapf-rix
bapfras,bap-fras,bapf-ras
batsmin,bat-smin,bats-min
batsmib,bat-smib,bats-mib
batsmit,bat-smit,bats-mit
batsmis,bat-smis,bats-mis
batsmix,bat-smix,bats-mix
batsmiC,bat-smiC,bats-miC
batsmek,bat-smek,bats-mek
batsmad,bat-smad,bats-mad
batsmas,bat-smas,bats-mas
batsmaf,bat-smaf,bats-maf
batsmax,bat-smax,bats-max
batsmaC,bat-smaC,bats-maC
batsmal,bat-smal,bats-mal
batsmok,bat-smok,bats-mok
batsmub,bat-smub,bats-mub
batsmut,bat-smut,bats-mut
batsmus,bat-smus,bats-mus
batsmuf,bat-smuf,bats-muf
batsmux,bat-smux,bats-mux
batsmuC,bat-smuC,bats-muC
batsmul,bat-smul,bats-mul
batsnif,bat-snif,bats-nif
batsnap,bat-snap,bats-nap
batsnom,bat-snom,bats-nom
batspin,bat-spin,bats-pin
batspib,bat-spib,bats-pib
batspit,bat-spit,bats-pit
batspik,bat-spik,bats-pik
batspis,bat-spis,bats-pis
batspix,bat-spix,bats-pix
batspiC,bat-spiC,bats-piC
batspan,bat-span,bats-pan
batspak,bat-spak,bats-pak
batspas,bat-spas,bats-pas
batspof,bat-spof,bats-pof
batspum,bat-spum,bats-pum
batspug,bat-spug,bats-pug
batspus,bat-spus,bats-pus
batspul,bat-spul,bats-pul
batstef,bat-stef,bats-tef
batstab,bat-stab,bats-tab
batstat,bat-stat,bats-tat
batstal,bat-stal,bats-tal
batstoj,bat-stoj,bats-toj
batstud,bat-stud,bats-tud
batstup,bat-stup,bats-tup
batskim,bat-skim,bats-kim
batskib,bat-skib,bats-kib
batskig,bat-skig,bats-kig
batskit,bat-skit,bats-kit
batskis,bat-skis,bats-kis
batskif,bat-skif,bats-kif
batskix,bat-skix,bats-kix
batskiC,bat-skiC,bats-kiC
batskad,bat-skad,bats-kad
batskag,bat-skag,bats-kag
batskap,bat-skap,bats-kap
batskas,bat-skas,bats-kas
batskaf,bat-skaf,bats-kaf
batskax,bat-skax,bats-kax
batskaC,bat-skaC,bats-kaC
batskal,bat-skal,bats-kal
batskoq,bat-skoq,bats-koq
batskud,bat-skud,bats-kud
batskug,bat-skug,bats-kug
batskup,bat-skup,bats-kup
batskuz,bat-skuz,bats-kuz
batskuf,bat-skuf,bats-kuf
batskux,bat-skux,bats-kux
batskul,bat-skul,bats-kul
batsfim,bat-sfim,bats-fim
batsfib,bat-sfib,bats-fib
batsfit,bat-sfit,bats-fit
batsfis,bat-sfis,bats-fis
batsfif,bat-sfif,bats-fif
batsfix,bat-sfix,bats-fix
batsfiC,bat-sfiC,bats-fiC
batsfam,bat-sfam,bats-fam
batsfab,bat-sfab,bats-fab
batsfag,bat-sfag,bats-fag
batsfat,bat-sfat,bats-fat
batsfaf,bat-sfaf,bats-faf
batsfax,bat-sfax,bats-fax
batsfaC,bat-sfaC,bats-faC
batsfal,bat-sfal,bats-fal
batsfum,bat-sfum,bats-fum
batsfub,bat-sfub,bats-fub
batsfug,bat-sfug,bats-fug
batsfut,bat-sfut,bats-fut
batsfus,bat-sfus,bats-fus
batsfuf,bat-sfuf,bats-fuf
batsfux,bat-sfux,bats-fux
batsfuC,bat-sfuC,bats-fuC
batsvik,bat-svik,bats-vik
batsvas,bat-svas,bats-vas
batsvur,bat-svur,bats-vur
batslim,bat-slim,bats-lim
batslid,bat-slid,bats-lid
batslig,bat-slig,bats-lig
batslip,bat-slip,bats-lip
batslis,bat-slis,bats-lis
batslif,bat-slif,bats-lif
batslix,bat-slix,bats-lix
batsliC,bat-sliC,bats-liC
batslad,bat-slad,bats-lad
batslag,bat-slag,bats-lag
batslap,bat-slap,bats-lap
batslas,bat-slas,bats-las
batslaf,bat-slaf,bats-laf
batslax,bat-slax,bats-lax
batslaC,bat-slaC,bats-laC
batslal,bat-slal,bats-lal
batslom,bat-slom,bats-lom
batslud,bat-slud,bats-lud
batslug,bat-slug,bats-lug
batslup,bat-slup,bats-lup
batslus,bat-slus,bats-lus
batsluf,bat-sluf,bats-luf
batslux,bat-slux,bats-lux
batsluC,bat-sluC,bats-luC
batslur,bat-slur,bats-lur
batxnim,bat-xnim,batx-nim
batxnib,bat-xnib,batx-nib
batxnig,bat-xnig,batx-nig
batxnit,bat-xnit,batx-nit
batxnis,bat-xnis,batx-nis
batxnif,bat-xnif,batx-nif
batxnix,bat-xnix,batx-nix
batxniC,bat-xniC,batx-niC
batxnam,bat-xnam,batx-nam
batxnab,bat-xnab,batx-nab
batxnag,bat-xnag,batx-nag
batxnat,bat-xnat,batx-nat
batxnas,bat-xnas,batx-nas
batxnaf,bat-xnaf,batx-naf
batxnax,bat-xnax,batx-nax
batxnaC,bat-xnaC,batx-naC
batxnal,bat-xnal,batx-nal
batxnum,bat-xnum,batx-num
batxnub,bat-xnub,batx-nub
batxnug,bat-xnug,batx-nug
batxnut,bat-xnut,batx-nut
batxnus,bat-xnus,batx-nus
batxnuf,bat-xnuf,batx-nuf
batxnux,bat-xnux,batx-nux
batxnuC,bat-xnuC,batx-nuC
batxnul,bat-xnul,batx-nul
batxkim,bat-xkim,batx-kim
batxkib,bat-xkib,batx-kib
batxkig,bat-xkig,batx-kig
batxkit,bat-xkit,batx-kit
batxkis,bat-xkis,batx-kis
batxkif,bat-xkif,batx-kif
batxkix,bat-xkix,batx-kix
batxkiC,bat-xkiC,batx-kiC
batxkam,bat-xkam,batx-kam
batxkab,bat-xkab,batx-kab
batxkag,bat-xkag,batx-kag
batxkat,bat-xkat,batx-kat
batxkas,bat-xkas,batx-kas
batxkaf,bat-xkaf,batx-kaf
batxkax,bat-xkax,batx-kax
batxkaC,bat-xkaC,batx-kaC
batxkal,bat-xkal,batx-kal
batxkum,bat-xkum,batx-kum
batxkub,bat-xkub,batx-kub
batxkug,bat-xkug,batx-kug
batxkut,bat-xkut,batx-kut
batxkus,bat-xkus,batx-kus
batxkuf,bat-xkuf,batx-kuf
batxkux,bat-xkux,batx-kux
batxkuC,bat-xkuC,batx-kuC
batxkul,bat-xkul,batx-kul
batxlim,bat-xlim,batx-lim
batxlib,bat-xlib,batx-lib
batxlit,bat-xlit,batx-lit
batxlik,bat-xlik,batx-lik
batxlis,bat-xlis,batx-lis
batxlif,bat-xlif,batx-lif
batxlix,bat-xlix,batx-lix
batxliC,bat-xliC,batx-liC
batxlam,bat-xlam,batx-lam
batxlab,bat-xlab,batx-lab
batxlag,bat-xlag,batx-lag
batxlat,bat-xlat,batx-lat
batxlas,bat-xlas,batx-las
batxlav,bat-xlav,batx-lav
batxlax,bat-xlax,batx-lax
batxlal,bat-xlal,batx-lal
batxlum,bat-xlum,batx-lum
batxlub,bat-xlub,batx-lub
batxlug,bat-xlug,batx-lug
batxlut,bat-xlut,batx-lut
batxlus,bat-xlus,batx-lus
batxluf,bat-xluf,batx-luf
batxlux,bat-xlux,batx-lux
batxluC,bat-xluC,batx-luC
batxlul,bat-xlul,batx-lul
baksmin,bak-smin,baks-min
baksmib,bak-smib,baks-mib
baksmit,bak-smit,baks-mit
baksmis,bak-smis,baks-mis
baksmix,bak-smix,baks-mix
baksmiC,bak-smiC,baks-miC
baksmek,bak-smek,baks-mek
baksmad,bak-smad,baks-mad
baksmas,bak-smas,baks-mas
baksmaf,bak-smaf,baks-maf
baksmax,bak-smax,baks-max
baksmaC,bak-smaC,baks-maC
baksmal,bak-smal,baks-mal
baksmok,bak-smok,baks-mok
baksmub,bak-smub,baks-mub
baksmut,bak-smut,baks-mut
baksmus,bak-smus,baks-mus
baksmuf,bak-smuf,baks-muf
baksmux,bak-smux,baks-mux
baksmuC,bak-smuC,baks-muC
baksmul,bak-smul,baks-mul
baksnif,bak-snif,baks-nif
baksnap,bak-snap,baks-nap
baksnom,bak-snom,baks-nom
bakspin,bak-spin,baks-pin
bakspib,bak-spib,baks-pib
bakspit,bak-spit,baks-pit
bakspik,bak-spik,baks-pik
bakspis,bak-spis,baks-pis
bakspix,bak-spix,baks-pix
bakspiC,bak-spiC,baks-piC
bakspan,bak-span,baks-pan
bakspak,bak-spak,baks-pak
bakspas,bak-spas,baks-pas
bakspof,bak-spof,baks-pof
bakspum,bak-spum,baks-pum
bakspug,bak-spug,baks-pug
bakspus,bak-spus,baks-pus
bakspul,bak-spul,baks-pul
bakstef,bak-stef,baks-tef
bakstab,bak-stab,baks-tab
bakstat,bak-stat,baks-tat
bakstal,bak-stal,baks-tal
bakstoj,bak-stoj,baks-toj
bakstud,bak-stud,baks-tud
bakstup,bak-stup,baks-tup
bakskim,bak-skim,baks-kim
bakskib,bak-skib,baks-kib
bakskig,bak-skig,baks-kig
bakskit,bak-skit,baks-kit
bakskis,bak-skis,baks-kis
bakskif,bak-skif,baks-kif
bakskix,bak-skix,baks-kix
bakskiC,bak-skiC,baks-kiC
bakskad,bak-skad,baks-kad
bakskag,bak-skag,baks-kag
bakskap,bak-skap,baks-kap
bakskas,bak-skas,baks-kas
bakskaf,bak-skaf,baks-kaf
bakskax,bak-skax,baks-kax
bakskaC,bak-skaC,baks-kaC
bakskal,bak-skal,baks-kal
bakskoq,bak-skoq,baks-koq
bakskud,bak-skud,baks-kud
bakskug,bak-skug,baks-kug
bakskup,bak-skup,baks-kup
bakskuz,bak-skuz,baks-kuz
bakskuf,bak-skuf,baks-kuf
bakskux,bak-skux,baks-kux
bakskul,bak-skul,baks-kul
baksfim,bak-sfim,baks-fim
baksfib,bak-sfib,baks-fib
baksfit,bak-sfit,baks-fit
baksfis,bak-sfis,baks-fis
baksfif,bak-sfif,baks-fif
baksfix,bak-sfix,baks-fix
baksfiC,bak-sfiC,baks-fiC
baksfam,bak-sfam,baks-fam
baksfab,bak-sfab,baks-fab
baksfag,bak-sfag,baks-fag
baksfat,bak-sfat,baks-fat
baksfaf,bak-sfaf,baks-faf
baksfax,bak-sfax,baks-fax
baksfaC,bak-sfaC,baks-faC
baksfal,bak-sfal,baks-fal
baksfum,bak-sfum,baks-fum
baksfub,bak-sfub,baks-fub
baksfug,bak-sfug,baks-fug
baksfut,bak-sfut,baks-fut
baksfus,bak-sfus,baks-fus
baksfuf,bak-sfuf,baks-fuf
baksfux,bak-sfux,baks-fux
baksfuC,bak-sfuC,baks-fuC
baksvik,bak-svik,baks-vik
baksvas,bak-svas,baks-vas
baksvur,bak-svur,baks-vur
bakslim,bak-slim,baks-lim
bakslid,bak-slid,baks-lid
bakslig,bak-slig,baks-lig
bakslip,bak-slip,baks-lip
bakslis,bak-slis,baks-lis
bakslif,bak-slif,baks-lif
bakslix,bak-slix,baks-lix
baksliC,bak-sliC,baks-liC
bakslad,bak-slad,baks-lad
bakslag,bak-slag,baks-lag
bakslap,bak-slap,baks-lap
bakslas,bak-slas,baks-las
bakslaf,bak-slaf,baks-laf
bakslax,bak-slax,baks-lax
bakslaC,bak-slaC,baks-laC
bakslal,bak-slal,baks-lal
bakslom,bak-slom,baks-lom
bakslud,bak-slud,baks-lud
bakslug,bak-slug,baks-lug
bakslup,bak-slup,baks-lup
bakslus,bak-slus,baks-lus
baksluf,bak-sluf,baks-luf
bakslux,bak-slux,baks-lux
baksluC,bak-sluC,baks-luC
bakslur,bak-slur,baks-lur
bakxnim,bak-xnim,bakx-nim
bakxnib,bak-xnib,bakx-nib
bakxnig,bak-xnig,bakx-nig
bakxnit,bak-xnit,bakx-nit
bakxnis,bak-xnis,bakx-nis
bakxnif,bak-xnif,bakx-nif
bakxnix,bak-xnix,bakx-nix
bakxniC,bak-xniC,bakx-niC
bakxnam,bak-xnam,bakx-nam
bakxnab,bak-xnab,bakx-nab
bakxnag,bak-xnag,bakx-nag
bakxnat,bak-xnat,bakx-nat
bakxnas,bak-xnas,bakx-nas
bakxnaf,bak-xnaf,bakx-naf
bakxnax,bak-xnax,bakx-nax
bakxnaC,bak-xnaC,bakx-naC
bakxnal,bak-xnal,bakx-nal
bakxnum,bak-xnum,bakx-num
bakxnub,bak-xnub,bakx-nub
bakxnug,bak-xnug,bakx-nug
bakxnut,bak-xnut,bakx-nut
bakxnus,bak-xnus,bakx-nus
bakxnuf,bak-xnuf,bakx-nuf
bakxnux,bak-xnux,bakx-nux
bakxnuC,bak-xnuC,bakx-nuC
bakxnul,bak-xnul,bakx-nul
bakxkim,bak-xkim,bakx-kim
bakxkib,bak-xkib,bakx-kib
bakxkig,bak-xkig,bakx-kig
bakxkit,bak-xkit,bakx-kit
bakxkis,bak-xkis,bakx-kis
bakxkif,bak-xkif,bakx-kif
bakxkix,bak-xkix,bakx-kix
bakxkiC,bak-xkiC,bakx-kiC
bakxkam,bak-xkam,bakx-kam
bakxkab,bak-xkab,bakx-kab
bakxkag,bak-xkag,bakx-kag
bakxkat,bak-xkat,bakx-kat
bakxkas,bak-xkas,bakx-kas
bakxkaf,bak-xkaf,bakx-kaf
bakxkax,bak-xkax,bakx-kax
bakxkaC,bak-xkaC,bakx-kaC
bakxkal,bak-xkal,bakx-kal
bakxkum,bak-xkum,bakx-kum
bakxkub,bak-xkub,bakx-kub
bakxkug,bak-xkug,bakx-kug
bakxkut,bak-xkut,bakx-kut
bakxkus,bak-xkus,bakx-kus
bakxkuf,bak-xkuf,bakx-kuf
bakxkux,bak-xkux,bakx-kux
bakxkuC,bak-xkuC,bakx-kuC
bakxkul,bak-xkul,bakx-kul
bakxlim,bak-xlim,bakx-lim
bakxlib,bak-xlib,bakx-lib
bakxlit,bak-xlit,bakx-lit
bakxlik,bak-xlik,bakx-lik
bakxlis,bak-xlis,bakx-lis
bakxlif,bak-xlif,bakx-lif
bakxlix,bak-xlix,bakx-lix
bakxliC,bak-xliC,bakx-liC
bakxlam,bak-xlam,bakx-lam
bakxlab,bak-xlab,bakx-lab
bakxlag,bak-xlag,bakx-lag
bakxlat,bak-xlat,bakx-lat
bakxlas,bak-xlas,bakx-las
bakxlav,bak-xlav,bakx-lav
bakxlax,bak-xlax,bakx-lax
bakxlal,bak-xlal,bakx-lal
bakxlum,bak-xlum,bakx-lum
bakxlub,bak-xlub,bakx-lub
bakxlug,bak-xlug,bakx-lug
bakxlut,bak-xlut,bakx-lut
bakxlus,bak-xlus,bakx-lus
bakxluf,bak-xluf,bakx-luf
bakxlux,bak-xlux,bakx-lux
bakxluC,bak-xluC,bakx-luC
bakxlul,bak-xlul,bakx-lul
bastxal,bas-txal,bast-xal
bastxum,bas-txum,bast-xum
bastrin,bas-trin,bast-rin
bastrik,bas-trik,bast-rik
bastris,bas-tris,bast-ris
bastrif,bas-trif,bast-rif
bastriC,bas-triC,bast-riC
bastret,bas-tret,bast-ret
bastrab,bas-trab,bast-rab
bastrag,bas-trag,bast-rag
bastras,bas-tras,bast-ras
bastraf,bas-traf,bast-raf
bastraC,bas-traC,bast-raC
bastral,bas-tral,bast-ral
bastrot,bas-trot,bast-rot
bastrum,bas-trum,bast-rum
bastrub,bas-trub,bast-rub
bastrug,bas-trug,bast-rug
bastrus,bas-trus,bast-rus
bastruf,bas-truf,bast-ruf
bastrux,bas-trux,bast-rux
bastruC,bas-truC,bast-ruC
bastrul,bas-trul,bast-rul
baftxal,baf-txal,baft-xal
baftxum,baf-txum,baft-xum
baftrin,baf-trin,baft-rin
baftrik,baf-trik,baft-rik
baftris,baf-tris,baft-ris
baftrif,baf-trif,baft-rif
baftriC,baf-triC,baft-riC
baftret,baf-tret,baft-ret
baftrab,baf-trab,baft-rab
baftrag,baf-trag,baft-rag
baftras,baf-tras,baft-ras
baftraf,baf-traf,baft-raf
baftraC,baf-traC,baft-raC
baftral,baf-tral,baft-ral
baftrot,baf-trot,baft-rot
baftrum,baf-trum,baft-rum
baftrub,baf-trub,baft-rub
baftrug,baf-trug,baft-rug
baftrus,baf-trus,baft-rus
baftruf,baf-truf,baft-ruf
baftrux,baf-trux,baft-rux
baftruC,baf-truC,baft-ruC
baftrul,baf-trul,baft-rul
bafsmin,baf-smin,bafs-min
bafsmib,baf-smib,bafs-mib
bafsmit,baf-smit,bafs-mit
bafsmis,baf-smis,bafs-mis
bafsmix,baf-smix,bafs-mix
bafsmiC,baf-smiC,bafs-miC
bafsmek,baf-smek,bafs-mek
bafsmad,baf-smad,bafs-mad
bafsmas,baf-smas,bafs-mas
bafsmaf,baf-smaf,bafs-maf
bafsmax,baf-smax,bafs-max
bafsmaC,baf-smaC,bafs-maC
bafsmal,baf-smal,bafs-mal
bafsmok,baf-smok,bafs-mok
bafsmub,baf-smub,bafs-mub
bafsmut,baf-smut,bafs-mut
bafsmus,baf-smus,bafs-mus
bafsmuf,baf-smuf,bafs-muf
bafsmux,baf-smux,bafs-mux
bafsmuC,baf-smuC,bafs-muC
bafsmul,baf-smul,bafs-mul
bafsnif,baf-snif,bafs-nif
bafsnap,baf-snap,bafs-nap
bafsnom,baf-snom,bafs-nom
bafspin,baf-spin,bafs-pin
bafspib,baf-spib,bafs-pib
bafspit,baf-spit,bafs-pit
bafspik,baf-spik,bafs-pik
bafspis,baf-spis,bafs-pis
bafspix,baf-spix,bafs-pix
bafspiC,baf-spiC,bafs-piC
bafspan,baf-span,bafs-pan
bafspak,baf-spak,bafs-pak
bafspas,baf-spas,bafs-pas
bafspof,baf-spof,bafs-pof
bafspum,baf-spum,bafs-pum
bafspug,baf-spug,bafs-pug
bafspus,baf-spus,bafs-pus
bafspul,baf-spul,bafs-pul
bafstef,baf-stef,bafs-tef
bafstab,baf-stab,bafs-tab
bafstat,baf-stat,bafs-tat
bafstal,baf-stal,bafs-tal
bafstoj,baf-stoj,bafs-toj
bafstud,baf-stud,bafs-tud
bafstup,baf-stup,bafs-tup
bafskim,baf-skim,bafs-kim
bafskib,baf-skib,bafs-kib
bafskig,baf-skig,bafs-kig
bafskit,baf-skit,bafs-kit
bafskis,baf-skis,bafs-kis
bafskif,baf-skif,bafs-kif
bafskix,baf-skix,bafs-kix
bafskiC,baf-skiC,bafs-kiC
bafskad,baf-skad,bafs-kad
bafskag,baf-skag,bafs-kag
bafskap,baf-skap,bafs-kap
bafskas,baf-skas,bafs-kas
bafskaf,baf-skaf,bafs-kaf
bafskax,baf-skax,bafs-kax
bafskaC,baf-skaC,bafs-kaC
bafskal,baf-skal,bafs-kal
bafskoq,baf-skoq,bafs-koq
bafskud,baf-skud,bafs-kud
bafskug,baf-skug,bafs-kug
bafskup,baf-skup,bafs-kup
bafskuz,baf-skuz,bafs-kuz
bafskuf,baf-skuf,bafs-kuf
bafskux,baf-skux,bafs-kux
bafskul,baf-skul,bafs-kul
bafsfim,baf-sfim,bafs-fim
bafsfib,baf-sfib,bafs-fib
bafsfit,baf-sfit,bafs-fit
bafsfis,baf-sfis,bafs-fis
bafsfif,baf-sfif,bafs-fif
bafsfix,baf-sfix,bafs-fix
bafsfiC,baf-sfiC,bafs-fiC
bafsfam,baf-sfam,bafs-fam
bafsfab,baf-sfab,bafs-fab
bafsfag,baf-sfag,bafs-fag
bafsfat,baf-sfat,bafs-fat
bafsfaf,baf-sfaf,bafs-faf
bafsfax,baf-sfax,bafs-fax
bafsfaC,baf-sfaC,bafs-faC
bafsfal,baf-sfal,bafs-fal
bafsfum,baf-sfum,bafs-fum
bafsfub,baf-sfub,bafs-fub
bafsfug,baf-sfug,bafs-fug
bafsfut,baf-sfut,bafs-fut
bafsfus,baf-sfus,bafs-fus
bafsfuf,baf-sfuf,bafs-fuf
bafsfux,baf-sfux,bafs-fux
bafsfuC,baf-sfuC,bafs-fuC
bafsvik,baf-svik,bafs-vik
bafsvas,baf-svas,bafs-vas
bafsvur,baf-svur,bafs-vur
bafslim,baf-slim,bafs-lim
bafslid,baf-slid,bafs-lid
bafslig,baf-slig,bafs-lig
bafslip,baf-slip,bafs-lip
bafslis,baf-slis,bafs-lis
bafslif,baf-slif,bafs-lif
bafslix,baf-slix,bafs-lix
bafsliC,baf-sliC,bafs-liC
bafslad,baf-slad,bafs-lad
bafslag,baf-slag,bafs-lag
bafslap,baf-slap,bafs-lap
bafslas,baf-slas,bafs-las
bafslaf,baf-slaf,bafs-laf
bafslax,baf-slax,bafs-lax
bafslaC,baf-slaC,bafs-laC
bafslal,baf-slal,bafs-lal
bafslom,baf-slom,bafs-lom
bafslud,baf-slud,bafs-lud
bafslug,baf-slug,bafs-lug
bafslup,baf-slup,bafs-lup
bafslus,baf-slus,bafs-lus
bafsluf,baf-sluf,bafs-luf
bafslux,baf-slux,bafs-lux
bafsluC,baf-sluC,bafs-luC
bafslur,baf-slur,bafs-lur
baxtxal,bax-txal,baxt-xal
baxtxum,bax-txum,baxt-xum
baxtrin,bax-trin,baxt-rin
baxtrik,bax-trik,baxt-rik
baxtris,bax-tris,baxt-ris
baxtrif,bax-trif,baxt-rif
baxtriC,bax-triC,baxt-riC
baxtret,bax-tret,baxt-ret
baxtrab,bax-trab,baxt-rab
baxtrag,bax-trag,baxt-rag
baxtras,bax-tras,baxt-ras
baxtraf,bax-traf,baxt-raf
baxtraC,bax-traC,baxt-raC
baxtral,bax-tral,baxt-ral
baxtrot,bax-trot,baxt-rot
baxtrum,bax-trum,baxt-rum
baxtrub,bax-trub,baxt-rub
baxtrug,bax-trug,baxt-rug
baxtrus,bax-trus,baxt-rus
baxtruf,bax-truf,baxt-ruf
baxtrux,bax-trux,baxt-rux
baxtruC,bax-truC,baxt-ruC
baxtrul,bax-trul,baxt-rul
barblim,bar-blim,barb-lim
barbliz,bar-bliz,barb-liz
barblet,bar-blet,barb-let
barblab,bar-blab,barb-lab
barbloz,bar-bloz,barb-loz
barblof,bar-blof,barb-lof
barblor,bar-blor,barb-lor
barblum,bar-blum,barb-lum
barblub,bar-blub,barb-lub
barblut,bar-blut,barb-lut
barblux,bar-blux,barb-lux
barbrig,bar-brig,barb-rig
barbrif,bar-brif,barb-rif
barbrak,bar-brak,barb-rak
barbruk,bar-bruk,barb-ruk
bumplib,bum-plib,bump-lib
bumplix,bum-plix,bump-lix
bumplan,bum-plan,bump-lan
bumplax,bum-plax,bump-lax
bundjin,bun-djin,bund-jin
bundjid,bun-djid,bund-jid
bundjip,bun-djip,bund-jip
bundjiz,bun-djiz,bund-jiz
bundjif,bun-djif,bund-jif
bundjix,bun-djix,bund-jix
bundjek,bun-djek,bund-jek
bundjam,bun-djam,bund-jam
bundjab,bun-djab,bund-jab
bundjat,bun-djat,bund-jat
bundjas,bun-djas,bund-jas
bundjaf,bun-djaf,bund-jaf
bundjax,bun-djax,bund-jax
bundjaC,bun-djaC,bund-jaC
bundjok,bun-djok,bund-jok
bundjud,bun-djud,bund-jud
bundjup,bun-djup,bund-jup
bundjus,bun-djus,bund-jus
bundjuf,bun-djuf,bund-juf
bundjux,bun-djux,bund-jux
bundjuC,bun-djuC,bund-juC
bundjul,bun-djul,bund-jul
bundrib,bun-drib,bund-rib
bundrix,bun-drix,bund-rix
bundram,bun-dram,bund-ram
bundrax,bun-drax,bund-rax
bunksim,bun-ksim,bunk-sim
bunksib,bun-ksib,bunk-sib
bunksig,bun-ksig,bunk-sig
bunksit,bun-ksit,bunk-sit
bunksis,bun-ksis,bunk-sis
bunksif,bun-ksif,bunk-sif
bunksix,bun-ksix,bunk-six
bunksiC,bun-ksiC,bunk-siC
bunksam,bun-ksam,bunk-sam
bunksab,bun-ksab,bunk-sab
bunksag,bun-ksag,bunk-sag
bunksat,bun-ksat,bunk-sat
bunksas,bun-ksas,bunk-sas
bunksaf,bun-ksaf,bunk-saf
bunksax,bun-ksax,bunk-sax
bunksaC,bun-ksaC,bunk-saC
bunksal,bun-ksal,bunk-sal
bunksum,bun-ksum,bunk-sum
bunksub,bun-ksub,bunk-sub
bunksug,bun-ksug,bunk-sug
bunksut,bun-ksut,bunk-sut
bunksus,bun-ksus,bunk-sus
bunksuf,bun-ksuf,bunk-suf
bunksux,bun-ksux,bunk-sux
bunksuC,bun-ksuC,bunk-suC
bunksul,bun-ksul,bunk-sul
bunklek,bun-klek,bunk-lek
bunkloz,bun-kloz,bunk-loz
bupflid,bup-flid,bupf-lid
bupflip,bup-flip,bupf-lip
bupflif,bup-flif,bupf-lif
bupflem,bup-flem,bupf-lem
bupflek,bup-flek,bupf-lek
bupfleC,bup-fleC,bupf-leC
bupflad,bup-flad,bupf-lad
bupflap,bup-flap,bupf-lap
bupflaf,bup-flaf,bupf-laf
bupflax,bup-flax,bupf-lax
bupflom,bup-flom,bupf-lom
bupflok,bup-flok,bupf-lok
bupflor,bup-flor,bupf-lor
bupflud,bup-flud,bupf-lud
bupflup,bup-flup,bupf-lup
bupfluz,bup-fluz,bupf-luz
bupfluf,bup-fluf,bupf-luf
bupflux,bup-flux,bupf-lux
bupfris,bup-fris,bupf-ris
bupfrix,bup-frix,bupf-rix
bupfras,bup-fras,bupf-ras
bupxnim,bup-xnim,bupx-nim
bupxnib,bup-xnib,bupx-nib
bupxnig,bup-xnig,bupx-nig
bupxnit,bup-xnit,bupx-nit
bupxnis,bup-xnis,bupx-nis
bupxnif,bup-xnif,bupx-nif
bupxnix,bup-xnix,bupx-nix
bupxniC,bup-xniC,bupx-niC
bupxnam,bup-xnam,bupx-nam
bupxnab,bup-xnab,bupx-nab
bupxnag,bup-xnag,bupx-nag
bupxnat,bup-xnat,bupx-nat
bupxnas,bup-xnas,bupx-nas
bupxnaf,bup-xnaf,bupx-naf
bupxnax,bup-xnax,bupx-nax
bupxnaC,bup-xnaC,bupx-naC
bupxnal,bup-xnal,bupx-nal
bupxnum,bup-xnum,bupx-num
bupxnub,bup-xnub,bupx-nub
bupxnug,bup-xnug,bupx-nug
bupxnut,bup-xnut,bupx-nut
bupxnus,bup-xnus,bupx-nus
bupxnuf,bup-xnuf,bupx-nuf
bupxnux,bup-xnux,bupx-nux
bupxnuC,bup-xnuC,bupx-nuC
bupxnul,bup-xnul,bupx-nul
bupxkim,bup-xkim,bupx-kim
bupxkib,bup-xkib,bupx-kib
bupxkig,bup-xkig,bupx-kig
bupxkit,bup-xkit,bupx-kit
bupxkis,bup-xkis,bupx-kis
bupxkif,bup-xkif,bupx-kif
bupxkix,bup-xkix,bupx-kix
bupxkiC,bup-xkiC,bupx-kiC
bupxkam,bup-xkam,bupx-kam
bupxkab,bup-xkab,bupx-kab
bupxkag,bup-xkag,bupx-kag
bupxkat,bup-xkat,bupx-kat
bupxkas,bup-xkas,bupx-kas
bupxkaf,bup-xkaf,bupx-kaf
bupxkax,bup-xkax,bupx-kax
bupxkaC,bup-xkaC,bupx-kaC
bupxkal,bup-xkal,bupx-kal
bupxkum,bup-xkum,bupx-kum
bupxkub,bup-xkub,bupx-kub
bupxkug,bup-xkug,bupx-kug
bupxkut,bup-xkut,bupx-kut
bupxkus,bup-xkus,bupx-kus
bupxkuf,bup-xkuf,bupx-kuf
bupxkux,bup-xkux,bupx-kux
bupxkuC,bup-xkuC,bupx-kuC
bupxkul,bup-xkul,bupx-kul
bupxlim,bup-xlim,bupx-lim
bupxlib,bup-xlib,bupx-lib
bupxlit,bup-xlit,bupx-lit
bupxlik,bup-xlik,bupx-lik
bupxlis,bup-xlis,bupx-lis
bupxlif,bup-xlif,bupx-lif
bupxlix,bup-xlix,bupx-lix
bupxliC,bup-xliC,bupx-liC
bupxlam,bup-xlam,bupx-lam
bupxlab,bup-xlab,bupx-lab
bupxlag,bup-xlag,bupx-lag
bupxlat,bup-xlat,bupx-lat
bupxlas,bup-xlas,bupx-las
bupxlav,bup-xlav,bupx-lav
bupxlax,bup-xlax,bupx-lax
bupxlal,bup-xlal,bupx-lal
bupxlum,bup-xlum,bupx-lum
bupxlub,bup-xlub,bupx-lub
bupxlug,bup-xlug,bupx-lug
bupxlut,bup-xlut,bupx-lut
bupxlus,bup-xlus,bupx-lus
bupxluf,bup-xluf,bupx-luf
bupxlux,bup-xlux,bupx-lux
bupxluC,bup-xluC,bupx-luC
bupxlul,bup-xlul,bupx-lul
bukxnim,buk-xnim,bukx-nim
bukxnib,buk-xnib,bukx-nib
bukxnig,buk-xnig,bukx-nig
bukxnit,buk-xnit,bukx-nit
bukxnis,buk-xnis,bukx-nis
bukxnif,buk-xnif,bukx-nif
bukxnix,buk-xnix,bukx-nix
bukxniC,buk-xniC,bukx-niC
bukxnam,buk-xnam,bukx-nam
bukxnab,buk-xnab,bukx-nab
bukxnag,buk-xnag,bukx-nag
bukxnat,buk-xnat,bukx-nat
bukxnas,buk-xnas,bukx-nas
bukxnaf,buk-xnaf,bukx-naf
bukxnax,buk-xnax,bukx-nax
bukxnaC,buk-xnaC,bukx-naC
bukxnal,buk-xnal,bukx-nal
bukxnum,buk-xnum,bukx-num
bukxnub,buk-xnub,bukx-nub
bukxnug,buk-xnug,bukx-nug
bukxnut,buk-xnut,bukx-nut
bukxnus,buk-xnus,bukx-nus
bukxnuf,buk-xnuf,bukx-nuf
bukxnux,buk-xnux,bukx-nux
bukxnuC,buk-xnuC,bukx-nuC
bukxnul,buk-xnul,bukx-nul
bukxkim,buk-xkim,bukx-kim
bukxkib,buk-xkib,bukx-kib
bukxkig,buk-xkig,bukx-kig
bukxkit,buk-xkit,bukx-kit
bukxkis,buk-xkis,bukx-kis
bukxkif,buk-xkif,bukx-kif
bukxkix,buk-xkix,bukx-kix
bukxkiC,buk-xkiC,bukx-kiC
bukxkam,buk-xkam,bukx-kam
bukxkab,buk-xkab,bukx-kab
bukxkag,buk-xkag,bukx-kag
bukxkat,buk-xkat,bukx-kat
bukxkas,buk-xkas,bukx-kas
bukxkaf,buk-xkaf,bukx-kaf
bukxkax,buk-xkax,bukx-kax
bukxkaC,buk-xkaC,bukx-kaC
bukxkal,buk-xkal,bukx-kal
bukxkum,buk-xkum,bukx-kum
bukxkub,buk-xkub,bukx-kub
bukxkug,buk-xkug,bukx-kug
bukxkut,buk-xkut,bukx-kut
bukxkus,buk-xkus,bukx-kus
bukxkuf,buk-xkuf,bukx-kuf
bukxkux,buk-xkux,bukx-kux
bukxkuC,buk-xkuC,bukx-kuC
bukxkul,buk-xkul,bukx-kul
bukxlim,buk-xlim,bukx-lim
bukxlib,buk-xlib,bukx-lib
bukxlit,buk-xlit,bukx-lit
bukxlik,buk-xlik,bukx-lik
bukxlis,buk-xlis,bukx-lis
bukxlif,buk-xlif,bukx-lif
bukxlix,buk-xlix,bukx-lix
bukxliC,buk-xliC,bukx-liC
bukxlam,buk-xlam,bukx-lam
bukxlab,buk-xlab,bukx-lab
bukxlag,buk-xlag,bukx-lag
bukxlat,buk-xlat,bukx-lat
bukxlas,buk-xlas,bukx-las
bukxlav,buk-xlav,bukx-lav
bukxlax,buk-xlax,bukx-lax
bukxlal,buk-xlal,bukx-lal
bukxlum,buk-xlum,bukx-lum
bukxlub,buk-xlub,bukx-lub
bukxlug,buk-xlug,bukx-lug
bukxlut,buk-xlut,bukx-lut
bukxlus,buk-xlus,bukx-lus
bukxluf,buk-xluf,bukx-luf
bukxlux,buk-xlux,bukx-lux
bukxluC,buk-xluC,bukx-luC
bukxlul,buk-xlul,bukx-lul
bustxal,bus-txal,bust-xal
bustxum,bus-txum,bust-xum
bustrin,bus-trin,bust-rin
bustrik,bus-trik,bust-rik
bustris,bus-tris,bust-ris
bustrif,bus-trif,bust-rif
bustriC,bus-triC,bust-riC
bustret,bus-tret,bust-ret
bustrab,bus-trab,bust-rab
bustrag,bus-trag,bust-rag
bustras,bus-tras,bust-ras
bustraf,bus-traf,bust-raf
bustraC,bus-traC,bust-raC
bustral,bus-tral,bust-ral
bustrot,bus-trot,bust-rot
bustrum,bus-trum,bust-rum
bustrub,bus-trub,bust-rub
bustrug,bus-trug,bust-rug
bustrus,bus-trus,bust-rus
bustruf,bus-truf,bust-ruf
bustrux,bus-trux,bust-rux
bustruC,bus-truC,bust-ruC
bustrul,bus-trul,bust-rul
buftxal,buf-txal,buft-xal
buftxum,buf-txum,buft-xum
buftrin,buf-trin,buft-rin
buftrik,buf-trik,buft-rik
buftris,buf-tris,buft-ris
buftrif,buf-trif,buft-rif
buftriC,buf-triC,buft-riC
buftret,buf-tret,buft-ret
buftrab,buf-trab,buft-rab
buftrag,buf-trag,buft-rag
buftras,buf-tras,buft-ras
buftraf,buf-traf,buft-raf
buftraC,buf-traC,buft-raC
buftral,buf-tral,buft-ral
buftrot,buf-trot,buft-rot
buftrum,buf-trum,buft-rum
buftrub,buf-trub,buft-rub
buftrug,buf-trug,buft-rug
buftrus,buf-trus,buft-rus
buftruf,buf-truf,buft-ruf
buftrux,buf-trux,buft-rux
buftruC,buf-truC,buft-ruC
buftrul,buf-trul,buft-rul
bufsmin,buf-smin,bufs-min
bufsmib,buf-smib,bufs-mib
bufsmit,buf-smit,bufs-mit
bufsmis,buf-smis,bufs-mis
bufsmix,buf-smix,bufs-mix
bufsmiC,buf-smiC,bufs-miC
bufsmek,buf-smek,bufs-mek
bufsmad,buf-smad,bufs-mad
bufsmas,buf-smas,bufs-mas
bufsmaf,buf-smaf,bufs-maf
bufsmax,buf-smax,bufs-max
bufsmaC,buf-smaC,bufs-maC
bufsmal,buf-smal,bufs-mal
bufsmok,buf-smok,bufs-mok
bufsmub,buf-smub,bufs-mub
bufsmut,buf-smut,bufs-mut
bufsmus,buf-smus,bufs-mus
bufsmuf,buf-smuf,bufs-muf
bufsmux,buf-smux,bufs-mux
bufsmuC,buf-smuC,bufs-muC
bufsmul,buf-smul,bufs-mul
bufsnif,buf-snif,bufs-nif
bufsnap,buf-snap,bufs-nap
bufsnom,buf-snom,bufs-nom
bufspin,buf-spin,bufs-pin
bufspib,buf-spib,bufs-pib
bufspit,buf-spit,bufs-pit
bufspik,buf-spik,bufs-pik
bufspis,buf-spis,bufs-pis
bufspix,buf-spix,bufs-pix
bufspiC,buf-spiC,bufs-piC
bufspan,buf-span,bufs-pan
bufspak,buf-spak,bufs-pak
bufspas,buf-spas,bufs-pas
bufspof,buf-spof,bufs-pof
bufspum,buf-spum,bufs-pum
bufspug,buf-spug,bufs-pug
bufspus,buf-spus,bufs-pus
bufspul,buf-spul,bufs-pul
bufstef,buf-stef,bufs-tef
bufstab,buf-stab,bufs-tab
bufstat,buf-stat,bufs-tat
bufstal,buf-stal,bufs-tal
bufstoj,buf-stoj,bufs-toj
bufstud,buf-stud,bufs-tud
bufstup,buf-stup,bufs-tup
bufskim,buf-skim,bufs-kim
bufskib,buf-skib,bufs-kib
bufskig,buf-skig,bufs-kig
bufskit,buf-skit,bufs-kit
bufskis,buf-skis,bufs-kis
bufskif,buf-skif,bufs-kif
bufskix,buf-skix,bufs-kix
bufskiC,buf-skiC,bufs-kiC
bufskad,buf-skad,bufs-kad
bufskag,buf-skag,bufs-kag
bufskap,buf-skap,bufs-kap
bufskas,buf-skas,bufs-kas
bufskaf,buf-skaf,bufs-kaf
bufskax,buf-skax,bufs-kax
bufskaC,buf-skaC,bufs-kaC
bufskal,buf-skal,bufs-kal
bufskoq,buf-skoq,bufs-koq
bufskud,buf-skud,bufs-kud
bufskug,buf-skug,bufs-kug
bufskup,buf-skup,bufs-kup
bufskuz,buf-skuz,bufs-kuz
bufskuf,buf-skuf,bufs-kuf
bufskux,buf-skux,bufs-kux
bufskul,buf-skul,bufs-kul
bufsfim,buf-sfim,bufs-fim
bufsfib,buf-sfib,bufs-fib
bufsfit,buf-sfit,bufs-fit
bufsfis,buf-sfis,bufs-fis
bufsfif,buf-sfif,bufs-fif
bufsfix,buf-sfix,bufs-fix
bufsfiC,buf-sfiC,bufs-fiC
bufsfam,buf-sfam,bufs-fam
bufsfab,buf-sfab,bufs-fab
bufsfag,buf-sfag,bufs-fag
bufsfat,buf-sfat,bufs-fat
bufsfaf,buf-sfaf,bufs-faf
bufsfax,buf-sfax,bufs-fax
bufsfaC,buf-sfaC,bufs-faC
bufsfal,buf-sfal,bufs-fal
bufsfum,buf-sfum,bufs-fum
bufsfub,buf-sfub,bufs-fub
bufsfug,buf-sfug,bufs-fug
bufsfut,buf-sfut,bufs-fut
bufsfus,buf-sfus,bufs-fus
bufsfuf,buf-sfuf,bufs-fuf
bufsfux,buf-sfux,bufs-fux
bufsfuC,buf-sfuC,bufs-fuC
bufsvik,buf-svik,bufs-vik
bufsvas,buf-svas,bufs-vas
bufsvur,buf-svur,bufs-vur
bufslim,buf-slim,bufs-lim
bufslid,buf-slid,bufs-lid
bufslig,buf-slig,bufs-lig
bufslip,buf-slip,bufs-lip
bufslis,buf-slis,bufs-lis
bufslif,buf-slif,bufs-lif
bufslix,buf-slix,bufs-lix
bufsliC,buf-sliC,bufs-liC
bufslad,buf-slad,bufs-lad
bufslag,buf-slag,bufs-lag
bufslap,buf-slap,bufs-lap
bufslas,buf-slas,bufs-las
bufslaf,buf-slaf,bufs-laf
bufslax,buf-slax,bufs-lax
bufslaC,buf-slaC,bufs-laC
bufslal,buf-slal,bufs-lal
bufslom,buf-slom,bufs-lom
bufslud,buf-slud,bufs-lud
bufslug,buf-slug,bufs-lug
bufslup,buf-slup,bufs-lup
bufslus,buf-slus,bufs-lus
bufsluf,buf-sluf,bufs-luf
bufslux,buf-slux,bufs-lux
bufsluC,buf-sluC,bufs-luC
bufslur,buf-slur,bufs-lur
buxtxal,bux-txal,buxt-xal
buxtxum,bux-txum,buxt-xum
buxtrin,bux-trin,buxt-rin
buxtrik,bux-trik,buxt-rik
buxtris,bux-tris,buxt-ris
buxtrif,bux-trif,buxt-rif
buxtriC,bux-triC,buxt-riC
buxtret,bux-tret,buxt-ret
buxtrab,bux-trab,buxt-rab
buxtrag,bux-trag,buxt-rag
buxtras,bux-tras,buxt-ras
buxtraf,bux-traf,buxt-raf
buxtraC,bux-traC,buxt-raC
buxtral,bux-tral,buxt-ral
buxtrot,bux-trot,buxt-rot
buxtrum,bux-trum,buxt-rum
buxtrub,bux-trub,buxt-rub
buxtrug,bux-trug,buxt-rug
buxtrus,bux-trus,buxt-rus
buxtruf,bux-truf,buxt-ruf
buxtrux,bux-trux,buxt-rux
buxtruC,bux-truC,buxt-ruC
buxtrul,bux-trul,buxt-rul
bulblim,bul-blim,bulb-lim
bulbliz,bul-bliz,bulb-liz
bulblet,bul-blet,bulb-let
bulblab,bul-blab,bulb-lab
bulbloz,bul-bloz,bulb-loz
bulblof,bul-blof,bulb-lof
bulblor,bul-blor,bulb-lor
bulblum,bul-blum,bulb-lum
bulblub,bul-blub,bulb-lub
bulblut,bul-blut,bulb-lut
bulblux,bul-blux,bulb-lux
bulbrig,bul-brig,bulb-rig
bulbrif,bul-brif,bulb-rif
bulbrak,bul-brak,bulb-rak
bulbruk,bul-bruk,bulb-ruk
bulglip,bul-glip,bulg-lip
bulglix,bul-glix,bulg-lix
bulglen,bul-glen,bulg-len
bulgled,bul-gled,bulg-led
bulglez,bul-glez,bulg-lez
bulglav,bul-glav,bulg-lav
bulglaj,bul-glaj,bulg-laj
bulglob,bul-glob,bulg-lob
bulglot,bul-glot,bulg-lot
bulglok,bul-glok,bulg-lok
bulglor,bul-glor,bulg-lor
bulglux,bul-glux,bulg-lux
bulgriv,bul-griv,bulg-riv
bulgrac,bul-grac,bulg-rac
bulgroq,bul-groq,bulg-roq
bulgruv,bul-gruv,bulg-ruv
bultxal,bul-txal,bult-xal
bultxum,bul-txum,bult-xum
bultrin,bul-trin,bult-rin
bultrik,bul-trik,bult-rik
bultris,bul-tris,bult-ris
bultrif,bul-trif,bult-rif
bultriC,bul-triC,bult-riC
bultret,bul-tret,bult-ret
bultrab,bul-trab,bult-rab
bultrag,bul-trag,bult-rag
bultras,bul-tras,bult-ras
bultraf,bul-traf,bult-raf
bultraC,bul-traC,bult-raC
bultral,bul-tral,bult-ral
bultrot,bul-trot,bult-rot
bultrum,bul-trum,bult-rum
bultrub,bul-trub,bult-rub
bultrug,bul-trug,bult-rug
bultrus,bul-trus,bult-rus
bultruf,bul-truf,bult-ruf
bultrux,bul-trux,bult-rux
bultruC,bul-truC,bult-ruC
bultrul,bul-trul,bult-rul
bulflid,bul-flid,bulf-lid
bulflip,bul-flip,bulf-lip
bulflif,bul-flif,bulf-lif
bulflem,bul-flem,bulf-lem
bulflek,bul-flek,bulf-lek
bulfleC,bul-fleC,bulf-leC
bulflad,bul-flad,bulf-lad
bulflap,bul-flap,bulf-lap
bulflaf,bul-flaf,bulf-laf
bulflax,bul-flax,bulf-lax
bulflom,bul-flom,bulf-lom
bulflok,bul-flok,bulf-lok
bulflor,bul-flor,bulf-lor
bulflud,bul-flud,bulf-lud
bulflup,bul-flup,bulf-lup
bulfluz,bul-fluz,bulf-luz
bulfluf,bul-fluf,bulf-luf
bulflux,bul-flux,bulf-lux
bulfris,bul-fris,bulf-ris
bulfrix,bul-frix,bulf-rix
bulfras,bul-fras,bulf-ras
bulxnim,bul-xnim,bulx-nim
bulxnib,bul-xnib,bulx-nib
bulxnig,bul-xnig,bulx-nig
bulxnit,bul-xnit,bulx-nit
bulxnis,bul-xnis,bulx-nis
bulxnif,bul-xnif,bulx-nif
bulxnix,bul-xnix,bulx-nix
bulxniC,bul-xniC,bulx-niC
bulxnam,bul-xnam,bulx-nam
bulxnab,bul-xnab,bulx-nab
bulxnag,bul-xnag,bulx-nag
bulxnat,bul-xnat,bulx-nat
bulxnas,bul-xnas,bulx-nas
bulxnaf,bul-xnaf,bulx-naf
bulxnax,bul-xnax,bulx-nax
bulxnaC,bul-xnaC,bulx-naC
bulxnal,bul-xnal,bulx-nal
bulxnum,bul-xnum,bulx-num
bulxnub,bul-xnub,bulx-nub
bulxnug,bul-xnug,bulx-nug
bulxnut,bul-xnut,bulx-nut
bulxnus,bul-xnus,bulx-nus
bulxnuf,bul-xnuf,bulx-nuf
bulxnux,bul-xnux,bulx-nux
bulxnuC,bul-xnuC,bulx-nuC
bulxnul,bul-xnul,bulx-nul
bulxkim,bul-xkim,bulx-kim
bulxkib,bul-xkib,bulx-kib
bulxkig,bul-xkig,bulx-kig
bulxkit,bul-xkit,bulx-kit
bulxkis,bul-xkis,bulx-kis
bulxkif,bul-xkif,bulx-kif
bulxkix,bul-xkix,bulx-kix
bulxkiC,bul-xkiC,bulx-kiC
bulxkam,bul-xkam,bulx-kam
bulxkab,bul-xkab,bulx-kab
bulxkag,bul-xkag,bulx-kag
bulxkat,bul-xkat,bulx-kat
bulxkas,bul-xkas,bulx-kas
bulxkaf,bul-xkaf,bulx-kaf
bulxkax,bul-xkax,bulx-kax
bulxkaC,bul-xkaC,bulx-kaC
bulxkal,bul-xkal,bulx-kal
bulxkum,bul-xkum,bulx-kum
bulxkub,bul-xkub,bulx-kub
bulxkug,bul-xkug,bulx-kug
bulxkut,bul-xkut,bulx-kut
bulxkus,bul-xkus,bulx-kus
bulxkuf,bul-xkuf,bulx-kuf
bulxkux,bul-xkux,bulx-kux
bulxkuC,bul-xkuC,bulx-kuC
bulxkul,bul-xkul,bulx-kul
bulxlim,bul-xlim,bulx-lim
bulxlib,bul-xlib,bulx-lib
bulxlit,bul-xlit,bulx-lit
bulxlik,bul-xlik,bulx-lik
bulxlis,bul-xlis,bulx-lis
bulxlif,bul-xlif,bulx-lif
bulxlix,bul-xlix,bulx-lix
bulxliC,bul-xliC,bulx-liC
bulxlam,bul-xlam,bulx-lam
bulxlab,bul-xlab,bulx-lab
bulxlag,bul-xlag,bulx-lag
bulxlat,bul-xlat,bulx-lat
bulxlas,bul-xlas,bulx-las
bulxlav,bul-xlav,bulx-lav
bulxlax,bul-xlax,bulx-lax
bulxlal,bul-xlal,bulx-lal
bulxlum,bul-xlum,bulx-lum
bulxlub,bul-xlub,bulx-lub
bulxlug,bul-xlug,bulx-lug
bulxlut,bul-xlut,bulx-lut
bulxlus,bul-xlus,bulx-lus
bulxluf,bul-xluf,bulx-luf
bulxlux,bul-xlux,bulx-lux
bulxluC,bul-xluC,bulx-luC
bulxlul,bul-xlul,bulx-lul
diqksim,diq-ksim,diqk-sim
diqksib,diq-ksib,diqk-sib
diqksig,diq-ksig,diqk-sig
diqksit,diq-ksit,diqk-sit
diqksis,diq-ksis,diqk-sis
diqksif,diq-ksif,diqk-sif
diqksix,diq-ksix,diqk-six
diqksiC,diq-ksiC,diqk-siC
diqksam,diq-ksam,diqk-sam
diqksab,diq-ksab,diqk-sab
diqksag,diq-ksag,diqk-sag
diqksat,diq-ksat,diqk-sat
diqksas,diq-ksas,diqk-sas
diqksaf,diq-ksaf,diqk-saf
diqksax,diq-ksax,diqk-sax
diqksaC,diq-ksaC,diqk-saC
diqksal,diq-ksal,diqk-sal
diqksum,diq-ksum,diqk-sum
diqksub,diq-ksub,diqk-sub
diqksug,diq-ksug,diqk-sug
diqksut,diq-ksut,diqk-sut
diqksus,diq-ksus,diqk-sus
diqksuf,diq-ksuf,diqk-suf
diqksux,diq-ksux,diqk-sux
diqksuC,diq-ksuC,diqk-suC
diqksul,diq-ksul,diqk-sul
diqklek,diq-klek,diqk-lek
diqkloz,diq-kloz,diqk-loz
dipxnim,dip-xnim,dipx-nim
dipxnib,dip-xnib,dipx-nib
dipxnig,dip-xnig,dipx-nig
dipxnit,dip-xnit,dipx-nit
dipxnis,dip-xnis,dipx-nis
dipxnif,dip-xnif,dipx-nif
dipxnix,dip-xnix,dipx-nix
dipxniC,dip-xniC,dipx-niC
dipxnam,dip-xnam,dipx-nam
dipxnab,dip-xnab,dipx-nab
dipxnag,dip-xnag,dipx-nag
dipxnat,dip-xnat,dipx-nat
dipxnas,dip-xnas,dipx-nas
dipxnaf,dip-xnaf,dipx-naf
dipxnax,dip-xnax,dipx-nax
dipxnaC,dip-xnaC,dipx-naC
dipxnal,dip-xnal,dipx-nal
dipxnum,dip-xnum,dipx-num
dipxnub,dip-xnub,dipx-nub
dipxnug,dip-xnug,dipx-nug
dipxnut,dip-xnut,dipx-nut
dipxnus,dip-xnus,dipx-nus
dipxnuf,dip-xnuf,dipx-nuf
dipxnux,dip-xnux,dipx-nux
dipxnuC,dip-xnuC,dipx-nuC
dipxnul,dip-xnul,dipx-nul
dipxkim,dip-xkim,dipx-kim
dipxkib,dip-xkib,dipx-kib
dipxkig,dip-xkig,dipx-kig
dipxkit,dip-xkit,dipx-kit
dipxkis,dip-xkis,dipx-kis
dipxkif,dip-xkif,dipx-kif
dipxkix,dip-xkix,dipx-kix
dipxkiC,dip-xkiC,dipx-kiC
dipxkam,dip-xkam,dipx-kam
dipxkab,dip-xkab,dipx-kab
dipxkag,dip-xkag,dipx-kag
dipxkat,dip-xkat,dipx-kat
dipxkas,dip-xkas,dipx-kas
dipxkaf,dip-xkaf,dipx-kaf
dipxkax,dip-xkax,dipx-kax
dipxkaC,dip-xkaC,dipx-kaC
dipxkal,dip-xkal,dipx-kal
dipxkum,dip-xkum,dipx-kum
dipxkub,dip-xkub,dipx-kub
dipxkug,dip-xkug,dipx-kug
dipxkut,dip-xkut,dipx-kut
dipxkus,dip-xkus,dipx-kus
dipxkuf,dip-xkuf,dipx-kuf
dipxkux,dip-xkux,dipx-kux
dipxkuC,dip-xkuC,dipx-kuC
dipxkul,dip-xkul,dipx-kul
dipxlim,dip-xlim,dipx-lim
dipxlib,dip-xlib,dipx-lib
dipxlit,dip-xlit,dipx-lit
dipxlik,dip-xlik,dipx-lik
dipxlis,dip-xlis,dipx-lis
dipxlif,dip-xlif,dipx-lif
dipxlix,dip-xlix,dipx-lix
dipxliC,dip-xliC,dipx-liC
dipxlam,dip-xlam,dipx-lam
dipxlab,dip-xlab,dipx-lab
dipxlag,dip-xlag,dipx-lag
dipxlat,dip-xlat,dipx-lat
dipxlas,dip-xlas,dipx-las
dipxlav,dip-xlav,dipx-lav
dipxlax,dip-xlax,dipx-lax
dipxlal,dip-xlal,dipx-lal
dipxlum,dip-xlum,dipx-lum
dipxlub,dip-xlub,dipx-lub
dipxlug,dip-xlug,dipx-lug
dipxlut,dip-xlut,dipx-lut
dipxlus,dip-xlus,dipx-lus
dipxluf,dip-xluf,dipx-luf
dipxlux,dip-xlux,dipx-lux
dipxluC,dip-xluC,dipx-luC
dipxlul,dip-xlul,dipx-lul
danksim,dan-ksim,dank-sim
danksib,dan-ksib,dank-sib
danksig,dan-ksig,dank-sig
danksit,dan-ksit,dank-sit
danksis,dan-ksis,dank-sis
danksif,dan-ksif,dank-sif
danksix,dan-ksix,dank-six
danksiC,dan-ksiC,dank-siC
danksam,dan-ksam,dank-sam
danksab,dan-ksab,dank-sab
danksag,dan-ksag,dank-sag
danksat,dan-ksat,dank-sat
danksas,dan-ksas,dank-sas
danksaf,dan-ksaf,dank-saf
danksax,dan-ksax,dank-sax
danksaC,dan-ksaC,dank-saC
danksal,dan-ksal,dank-sal
danksum,dan-ksum,dank-sum
danksub,dan-ksub,dank-sub
danksug,dan-ksug,dank-sug
danksut,dan-ksut,dank-sut
danksus,dan-ksus,dank-sus
danksuf,dan-ksuf,dank-suf
danksux,dan-ksux,dank-sux
danksuC,dan-ksuC,dank-suC
danksul,dan-ksul,dank-sul
danklek,dan-klek,dank-lek
dankloz,dan-kloz,dank-loz
dalglip,dal-glip,dalg-lip
dalglix,dal-glix,dalg-lix
dalglen,dal-glen,dalg-len
dalgled,dal-gled,dalg-led
dalglez,dal-glez,dalg-lez
dalglav,dal-glav,dalg-lav
dalglaj,dal-glaj,dalg-laj
dalglob,dal-glob,dalg-lob
dalglot,dal-glot,dalg-lot
dalglok,dal-glok,dalg-lok
dalglor,dal-glor,dalg-lor
dalglux,dal-glux,dalg-lux
dalgriv,dal-griv,dalg-riv
dalgrac,dal-grac,dalg-rac
dalgroq,dal-groq,dalg-roq
dalgruv,dal-gruv,dalg-ruv
daltxal,dal-txal,dalt-xal
daltxum,dal-txum,dalt-xum
daltrin,dal-trin,dalt-rin
daltrik,dal-trik,dalt-rik
daltris,dal-tris,dalt-ris
daltrif,dal-trif,dalt-rif
daltriC,dal-triC,dalt-riC
daltret,dal-tret,dalt-ret
daltrab,dal-trab,dalt-rab
daltrag,dal-trag,dalt-rag
daltras,dal-tras,dalt-ras
daltraf,dal-traf,dalt-raf
daltraC,dal-traC,dalt-raC
daltral,dal-tral,dalt-ral
daltrot,dal-trot,dalt-rot
daltrum,dal-trum,dalt-rum
daltrub,dal-trub,dalt-rub
daltrug,dal-trug,dalt-rug
daltrus,dal-trus,dalt-rus
daltruf,dal-truf,dalt-ruf
daltrux,dal-trux,dalt-rux
daltruC,dal-truC,dalt-ruC
daltrul,dal-trul,dalt-rul
dusksim,dus-ksim,dusk-sim
dusksib,dus-ksib,dusk-sib
dusksig,dus-ksig,dusk-sig
dusksit,dus-ksit,dusk-sit
dusksis,dus-ksis,dusk-sis
dusksif,dus-ksif,dusk-sif
dusksix,dus-ksix,dusk-six
dusksiC,dus-ksiC,dusk-siC
dusksam,dus-ksam,dusk-sam
dusksab,dus-ksab,dusk-sab
dusksag,dus-ksag,dusk-sag
dusksat,dus-ksat,dusk-sat
dusksas,dus-ksas,dusk-sas
dusksaf,dus-ksaf,dusk-saf
dusksax,dus-ksax,dusk-sax
dusksaC,dus-ksaC,dusk-saC
dusksal,dus-ksal,dusk-sal
dusksum,dus-ksum,dusk-sum
dusksub,dus-ksub,dusk-sub
dusksug,dus-ksug,dusk-sug
dusksut,dus-ksut,dusk-sut
dusksus,dus-ksus,dusk-sus
dusksuf,dus-ksuf,dusk-suf
dusksux,dus-ksux,dusk-sux
dusksuC,dus-ksuC,dusk-suC
dusksul,dus-ksul,dusk-sul
dusklek,dus-klek,dusk-lek
duskloz,dus-kloz,dusk-loz
gimdjin,gim-djin,gimd-jin
gimdjid,gim-djid,gimd-jid
gimdjip,gim-djip,gimd-jip
gimdjiz,gim-djiz,gimd-jiz
gimdjif,gim-djif,gimd-jif
gimdjix,gim-djix,gimd-jix
gimdjek,gim-djek,gimd-jek
gimdjam,gim-djam,gimd-jam
gimdjab,gim-djab,gimd-jab
gimdjat,gim-djat,gimd-jat
gimdjas,gim-djas,gimd-jas
gimdjaf,gim-djaf,gimd-jaf
gimdjax,gim-djax,gimd-jax
gimdjaC,gim-djaC,gimd-jaC
gimdjok,gim-djok,gimd-jok
gimdjud,gim-djud,gimd-jud
gimdjup,gim-djup,gimd-jup
gimdjus,gim-djus,gimd-jus
gimdjuf,gim-djuf,gimd-juf
gimdjux,gim-djux,gimd-jux
gimdjuC,gim-djuC,gimd-juC
gimdjul,gim-djul,gimd-jul
gimdrib,gim-drib,gimd-rib
gimdrix,gim-drix,gimd-rix
gimdram,gim-dram,gimd-ram
gimdrax,gim-drax,gimd-rax
gimplib,gim-plib,gimp-lib
gimplix,gim-plix,gimp-lix
gimplan,gim-plan,gimp-lan
gimplax,gim-plax,gimp-lax
gipflid,gip-flid,gipf-lid
gipflip,gip-flip,gipf-lip
gipflif,gip-flif,gipf-lif
gipflem,gip-flem,gipf-lem
gipflek,gip-flek,gipf-lek
gipfleC,gip-fleC,gipf-leC
gipflad,gip-flad,gipf-lad
gipflap,gip-flap,gipf-lap
gipflaf,gip-flaf,gipf-laf
gipflax,gip-flax,gipf-lax
gipflom,gip-flom,gipf-lom
gipflok,gip-flok,gipf-lok
gipflor,gip-flor,gipf-lor
gipflud,gip-flud,gipf-lud
gipflup,gip-flup,gipf-lup
gipfluz,gip-fluz,gipf-luz
gipfluf,gip-fluf,gipf-luf
gipflux,gip-flux,gipf-lux
gipfris,gip-fris,gipf-ris
gipfrix,gip-frix,gipf-rix
gipfras,gip-fras,gipf-ras
gipxnim,gip-xnim,gipx-nim
gipxnib,gip-xnib,gipx-nib
gipxnig,gip-xnig,gipx-nig
gipxnit,gip-xnit,gipx-nit
gipxnis,gip-xnis,gipx-nis
gipxnif,gip-xnif,gipx-nif
gipxnix,gip-xnix,gipx-nix
gipxniC,gip-xniC,gipx-niC
gipxnam,gip-xnam,gipx-nam
gipxnab,gip-xnab,gipx-nab
gipxnag,gip-xnag,gipx-nag
gipxnat,gip-xnat,gipx-nat
gipxnas,gip-xnas,gipx-nas
gipxnaf,gip-xnaf,gipx-naf
gipxnax,gip-xnax,gipx-nax
gipxnaC,gip-xnaC,gipx-naC
gipxnal,gip-xnal,gipx-nal
gipxnum,gip-xnum,gipx-num
gipxnub,gip-xnub,gipx-nub
gipxnug,gip-xnug,gipx-nug
gipxnut,gip-xnut,gipx-nut
gipxnus,gip-xnus,gipx-nus
gipxnuf,gip-xnuf,gipx-nuf
gipxnux,gip-xnux,gipx-nux
gipxnuC,gip-xnuC,gipx-nuC
gipxnul,gip-xnul,gipx-nul
gipxkim,gip-xkim,gipx-kim
gipxkib,gip-xkib,gipx-kib
gipxkig,gip-xkig,gipx-kig
gipxkit,gip-xkit,gipx-kit
gipxkis,gip-xkis,gipx-kis
gipxkif,gip-xkif,gipx-kif
gipxkix,gip-xkix,gipx-kix
gipxkiC,gip-xkiC,gipx-kiC
gipxkam,gip-xkam,gipx-kam
gipxkab,gip-xkab,gipx-kab
gipxkag,gip-xkag,gipx-kag
gipxkat,gip-xkat,gipx-kat
gipxkas,gip-xkas,gipx-kas
gipxkaf,gip-xkaf,gipx-kaf
gipxkax,gip-xkax,gipx-kax
gipxkaC,gip-xkaC,gipx-kaC
gipxkal,gip-xkal,gipx-kal
gipxkum,gip-xkum,gipx-kum
gipxkub,gip-xkub,gipx-kub
gipxkug,gip-xkug,gipx-kug
gipxkut,gip-xkut,gipx-kut
gipxkus,gip-xkus,gipx-kus
gipxkuf,gip-xkuf,gipx-kuf
gipxkux,gip-xkux,gipx-kux
gipxkuC,gip-xkuC,gipx-kuC
gipxkul,gip-xkul,gipx-kul
gipxlim,gip-xlim,gipx-lim
gipxlib,gip-xlib,gipx-lib
gipxlit,gip-xlit,gipx-lit
gipxlik,gip-xlik,gipx-lik
gipxlis,gip-xlis,gipx-lis
gipxlif,gip-xlif,gipx-lif
gipxlix,gip-xlix,gipx-lix
gipxliC,gip-xliC,gipx-liC
gipxlam,gip-xlam,gipx-lam
gipxlab,gip-xlab,gipx-lab
gipxlag,gip-xlag,gipx-lag
gipxlat,gip-xlat,gipx-lat
gipxlas,gip-xlas,gipx-las
gipxlav,gip-xlav,gipx-lav
gipxlax,gip-xlax,gipx-lax
gipxlal,gip-xlal,gipx-lal
gipxlum,gip-xlum,gipx-lum
gipxlub,gip-xlub,gipx-lub
gipxlug,gip-xlug,gipx-lug
gipxlut,gip-xlut,gipx-lut
gipxlus,gip-xlus,gipx-lus
gipxluf,gip-xluf,gipx-luf
gipxlux,gip-xlux,gipx-lux
gipxluC,gip-xluC,gipx-luC
gipxlul,gip-xlul,gipx-lul
gikxnim,gik-xnim,gikx-nim
gikxnib,gik-xnib,gikx-nib
gikxnig,gik-xnig,gikx-nig
gikxnit,gik-xnit,gikx-nit
gikxnis,gik-xnis,gikx-nis
gikxnif,gik-xnif,gikx-nif
gikxnix,gik-xnix,gikx-nix
gikxniC,gik-xniC,gikx-niC
gikxnam,gik-xnam,gikx-nam
gikxnab,gik-xnab,gikx-nab
gikxnag,gik-xnag,gikx-nag
gikxnat,gik-xnat,gikx-nat
gikxnas,gik-xnas,gikx-nas
gikxnaf,gik-xnaf,gikx-naf
gikxnax,gik-xnax,gikx-nax
gikxnaC,gik-xnaC,gikx-naC
gikxnal,gik-xnal,gikx-nal
gikxnum,gik-xnum,gikx-num
gikxnub,gik-xnub,gikx-nub
gikxnug,gik-xnug,gikx-nug
gikxnut,gik-xnut,gikx-nut
gikxnus,gik-xnus,gikx-nus
gikxnuf,gik-xnuf,gikx-nuf
gikxnux,gik-xnux,gikx-nux
gikxnuC,gik-xnuC,gikx-nuC
gikxnul,gik-xnul,gikx-nul
gikxkim,gik-xkim,gikx-kim
gikxkib,gik-xkib,gikx-kib
gikxkig,gik-xkig,gikx-kig
gikxkit,gik-xkit,gikx-kit
gikxkis,gik-xkis,gikx-kis
gikxkif,gik-xkif,gikx-kif
gikxkix,gik-xkix,gikx-kix
gikxkiC,gik-xkiC,gikx-kiC
gikxkam,gik-xkam,gikx-kam
gikxkab,gik-xkab,gikx-kab
gikxkag,gik-xkag,gikx-kag
gikxkat,gik-xkat,gikx-kat
gikxkas,gik-xkas,gikx-kas
gikxkaf,gik-xkaf,gikx-kaf
gikxkax,gik-xkax,gikx-kax
gikxkaC,gik-xkaC,gikx-kaC
gikxkal,gik-xkal,gikx-kal
gikxkum,gik-xkum,gikx-kum
gikxkub,gik-xkub,gikx-kub
gikxkug,gik-xkug,gikx-kug
gikxkut,gik-xkut,gikx-kut
gikxkus,gik-xkus,gikx-kus
gikxkuf,gik-xkuf,gikx-kuf
gikxkux,gik-xkux,gikx-kux
gikxkuC,gik-xkuC,gikx-kuC
gikxkul,gik-xkul,gikx-kul
gikxlim,gik-xlim,gikx-lim
gikxlib,gik-xlib,gikx-lib
gikxlit,gik-xlit,gikx-lit
gikxlik,gik-xlik,gikx-lik
gikxlis,gik-xlis,gikx-lis
gikxlif,gik-xlif,gikx-lif
gikxlix,gik-xlix,gikx-lix
gikxliC,gik-xliC,gikx-liC
gikxlam,gik-xlam,gikx-lam
gikxlab,gik-xlab,gikx-lab
gikxlag,gik-xlag,gikx-lag
gikxlat,gik-xlat,gikx-lat
gikxlas,gik-xlas,gikx-las
gikxlav,gik-xlav,gikx-lav
gikxlax,gik-xlax,gikx-lax
gikxlal,gik-xlal,gikx-lal
gikxlum,gik-xlum,gikx-lum
gikxlub,gik-xlub,gikx-lub
gikxlug,gik-xlug,gikx-lug
gikxlut,gik-xlut,gikx-lut
gikxlus,gik-xlus,gikx-lus
gikxluf,gik-xluf,gikx-luf
gikxlux,gik-xlux,gikx-lux
gikxluC,gik-xluC,gikx-luC
gikxlul,gik-xlul,gikx-lul
gisksim,gis-ksim,gisk-sim
gisksib,gis-ksib,gisk-sib
gisksig,gis-ksig,gisk-sig
gisksit,gis-ksit,gisk-sit
gisksis,gis-ksis,gisk-sis
gisksif,gis-ksif,gisk-sif
gisksix,gis-ksix,gisk-six
gisksiC,gis-ksiC,gisk-siC
gisksam,gis-ksam,gisk-sam
gisksab,gis-ksab,gisk-sab
gisksag,gis-ksag,gisk-sag
gisksat,gis-ksat,gisk-sat
gisksas,gis-ksas,gisk-sas
gisksaf,gis-ksaf,gisk-saf
gisksax,gis-ksax,gisk-sax
gisksaC,gis-ksaC,gisk-saC
gisksal,gis-ksal,gisk-sal
gisksum,gis-ksum,gisk-sum
gisksub,gis-ksub,gisk-sub
gisksug,gis-ksug,gisk-sug
gisksut,gis-ksut,gisk-sut
gisksus,gis-ksus,gisk-sus
gisksuf,gis-ksuf,gisk-suf
gisksux,gis-ksux,gisk-sux
gisksuC,gis-ksuC,gisk-suC
gisksul,gis-ksul,gisk-sul
gisklek,gis-klek,gisk-lek
giskloz,gis-kloz,gisk-loz
giftxal,gif-txal,gift-xal
giftxum,gif-txum,gift-xum
giftrin,gif-trin,gift-rin
giftrik,gif-trik,gift-rik
giftris,gif-tris,gift-ris
giftrif,gif-trif,gift-rif
giftriC,gif-triC,gift-riC
giftret,gif-tret,gift-ret
giftrab,gif-trab,gift-rab
giftrag,gif-trag,gift-rag
giftras,gif-tras,gift-ras
giftraf,gif-traf,gift-raf
giftraC,gif-traC,gift-raC
giftral,gif-tral,gift-ral
giftrot,gif-trot,gift-rot
giftrum,gif-trum,gift-rum
giftrub,gif-trub,gift-rub
giftrug,gif-trug,gift-rug
giftrus,gif-trus,gift-rus
giftruf,gif-truf,gift-ruf
giftrux,gif-trux,gift-rux
giftruC,gif-truC,gift-ruC
giftrul,gif-trul,gift-rul
gifsmin,gif-smin,gifs-min
gifsmib,gif-smib,gifs-mib
gifsmit,gif-smit,gifs-mit
gifsmis,gif-smis,gifs-mis
gifsmix,gif-smix,gifs-mix
gifsmiC,gif-smiC,gifs-miC
gifsmek,gif-smek,gifs-mek
gifsmad,gif-smad,gifs-mad
gifsmas,gif-smas,gifs-mas
gifsmaf,gif-smaf,gifs-maf
gifsmax,gif-smax,gifs-max
gifsmaC,gif-smaC,gifs-maC
gifsmal,gif-smal,gifs-mal
gifsmok,gif-smok,gifs-mok
gifsmub,gif-smub,gifs-mub
gifsmut,gif-smut,gifs-mut
gifsmus,gif-smus,gifs-mus
gifsmuf,gif-smuf,gifs-muf
gifsmux,gif-smux,gifs-mux
gifsmuC,gif-smuC,gifs-muC
gifsmul,gif-smul,gifs-mul
gifsnif,gif-snif,gifs-nif
gifsnap,gif-snap,gifs-nap
gifsnom,gif-snom,gifs-nom
gifspin,gif-spin,gifs-pin
gifspib,gif-spib,gifs-pib
gifspit,gif-spit,gifs-pit
gifspik,gif-spik,gifs-pik
gifspis,gif-spis,gifs-pis
gifspix,gif-spix,gifs-pix
gifspiC,gif-spiC,gifs-piC
gifspan,gif-span,gifs-pan
gifspak,gif-spak,gifs-pak
gifspas,gif-spas,gifs-pas
gifspof,gif-spof,gifs-pof
gifspum,gif-spum,gifs-pum
gifspug,gif-spug,gifs-pug
gifspus,gif-spus,gifs-pus
gifspul,gif-spul,gifs-pul
gifstef,gif-stef,gifs-tef
gifstab,gif-stab,gifs-tab
gifstat,gif-stat,gifs-tat
gifstal,gif-stal,gifs-tal
gifstoj,gif-stoj,gifs-toj
gifstud,gif-stud,gifs-tud
gifstup,gif-stup,gifs-tup
gifskim,gif-skim,gifs-kim
gifskib,gif-skib,gifs-kib
gifskig,gif-skig,gifs-kig
gifskit,gif-skit,gifs-kit
gifskis,gif-skis,gifs-kis
gifskif,gif-skif,gifs-kif
gifskix,gif-skix,gifs-kix
gifskiC,gif-skiC,gifs-kiC
gifskad,gif-skad,gifs-kad
gifskag,gif-skag,gifs-kag
gifskap,gif-skap,gifs-kap
gifskas,gif-skas,gifs-kas
gifskaf,gif-skaf,gifs-kaf
gifskax,gif-skax,gifs-kax
gifskaC,gif-skaC,gifs-kaC
gifskal,gif-skal,gifs-kal
gifskoq,gif-skoq,gifs-koq
gifskud,gif-skud,gifs-kud
gifskug,gif-skug,gifs-kug
gifskup,gif-skup,gifs-kup
gifskuz,gif-skuz,gifs-kuz
gifskuf,gif-skuf,gifs-kuf
gifskux,gif-skux,gifs-kux
gifskul,gif-skul,gifs-kul
gifsfim,gif-sfim,gifs-fim
gifsfib,gif-sfib,gifs-fib
gifsfit,gif-sfit,gifs-fit
gifsfis,gif-sfis,gifs-fis
gifsfif,gif-sfif,gifs-fif
gifsfix,gif-sfix,gifs-fix
gifsfiC,gif-sfiC,gifs-fiC
gifsfam,gif-sfam,gifs-fam
gifsfab,gif-sfab,gifs-fab
gifsfag,gif-sfag,gifs-fag
gifsfat,gif-sfat,gifs-fat
gifsfaf,gif-sfaf,gifs-faf
gifsfax,gif-sfax,gifs-fax
gifsfaC,gif-sfaC,gifs-faC
gifsfal,gif-sfal,gifs-fal
gifsfum,gif-sfum,gifs-fum
gifsfub,gif-sfub,gifs-fub
gifsfug,gif-sfug,gifs-fug
gifsfut,gif-sfut,gifs-fut
gifsfus,gif-sfus,gifs-fus
gifsfuf,gif-sfuf,gifs-fuf
gifsfux,gif-sfux,gifs-fux
gifsfuC,gif-sfuC,gifs-fuC
gifsvik,gif-svik,gifs-vik
gifsvas,gif-svas,gifs-vas
gifsvur,gif-svur,gifs-vur
gifslim,gif-slim,gifs-lim
gifslid,gif-slid,gifs-lid
gifslig,gif-slig,gifs-lig
gifslip,gif-slip,gifs-lip
gifslis,gif-slis,gifs-lis
gifslif,gif-slif,gifs-lif
gifslix,gif-slix,gifs-lix
gifsliC,gif-sliC,gifs-liC
gifslad,gif-slad,gifs-lad
gifslag,gif-slag,gifs-lag
gifslap,gif-slap,gifs-lap
gifslas,gif-slas,gifs-las
gifslaf,gif-slaf,gifs-laf
gifslax,gif-slax,gifs-lax
gifslaC,gif-slaC,gifs-laC
gifslal,gif-slal,gifs-lal
gifslom,gif-slom,gifs-lom
gifslud,gif-slud,gifs-lud
gifslug,gif-slug,gifs-lug
gifslup,gif-slup,gifs-lup
gifslus,gif-slus,gifs-lus
gifsluf,gif-sluf,gifs-luf
gifslux,gif-slux,gifs-lux
gifsluC,gif-sluC,gifs-luC
gifslur,gif-slur,gifs-lur
gixtxal,gix-txal,gixt-xal
gixtxum,gix-txum,gixt-xum
gixtrin,gix-trin,gixt-rin
gixtrik,gix-trik,gixt-rik
gixtris,gix-tris,gixt-ris
gixtrif,gix-trif,gixt-rif
gixtriC,gix-triC,gixt-riC
gixtret,gix-tret,gixt-ret
gixtrab,gix-trab,gixt-rab
gixtrag,gix-trag,gixt-rag
gixtras,gix-tras,gixt-ras
gixtraf,gix-traf,gixt-raf
gixtraC,gix-traC,gixt-raC
gixtral,gix-tral,gixt-ral
gixtrot,gix-trot,gixt-rot
gixtrum,gix-trum,gixt-rum
gixtrub,gix-trub,gixt-rub
gixtrug,gix-trug,gixt-rug
gixtrus,gix-trus,gixt-rus
gixtruf,gix-truf,gixt-ruf
gixtrux,gix-trux,gixt-rux
gixtruC,gix-truC,gixt-ruC
gixtrul,gix-trul,gixt-rul
gestxal,ges-txal,gest-xal
gestxum,ges-txum,gest-xum
gestrin,ges-trin,gest-rin
gestrik,ges-trik,gest-rik
gestris,ges-tris,gest-ris
gestrif,ges-trif,gest-rif
gestriC,ges-triC,gest-riC
gestret,ges-tret,gest-ret
gestrab,ges-trab,gest-rab
gestrag,ges-trag,gest-rag
gestras,ges-tras,gest-ras
gestraf,ges-traf,gest-raf
gestraC,ges-traC,gest-raC
gestral,ges-tral,gest-ral
gestrot,ges-trot,gest-rot
gestrum,ges-trum,gest-rum
gestrub,ges-trub,gest-rub
gestrug,ges-trug,gest-rug
gestrus,ges-trus,gest-rus
gestruf,ges-truf,gest-ruf
gestrux,ges-trux,gest-rux
gestruC,ges-truC,gest-ruC
gestrul,ges-trul,gest-rul
gantxal,gan-txal,gant-xal
gantxum,gan-txum,gant-xum
gantrin,gan-trin,gant-rin
gantrik,gan-trik,gant-rik
gantris,gan-tris,gant-ris
gantrif,gan-trif,gant-rif
gantriC,gan-triC,gant-riC
gantret,gan-tret,gant-ret
gantrab,gan-trab,gant-rab
gantrag,gan-trag,gant-rag
gantras,gan-tras,gant-ras
gantraf,gan-traf,gant-raf
gantraC,gan-traC,gant-raC
gantral,gan-tral,gant-ral
gantrot,gan-trot,gant-rot
gantrum,gan-trum,gant-rum
gantrub,gan-trub,gant-rub
gantrug,gan-trug,gant-rug
gantrus,gan-trus,gant-rus
gantruf,gan-truf,gant-ruf
gantrux,gan-trux,gant-rux
gantruC,gan-truC,gant-ruC
gantrul,gan-trul,gant-rul
ganksim,gan-ksim,gank-sim
ganksib,gan-ksib,gank-sib
ganksig,gan-ksig,gank-sig
ganksit,gan-ksit,gank-sit
ganksis,gan-ksis,gank-sis
ganksif,gan-ksif,gank-sif
ganksix,gan-ksix,gank-six
ganksiC,gan-ksiC,gank-siC
ganksam,gan-ksam,gank-sam
ganksab,gan-ksab,gank-sab
ganksag,gan-ksag,gank-sag
ganksat,gan-ksat,gank-sat
ganksas,gan-ksas,gank-sas
ganksaf,gan-ksaf,gank-saf
ganksax,gan-ksax,gank-sax
ganksaC,gan-ksaC,gank-saC
ganksal,gan-ksal,gank-sal
ganksum,gan-ksum,gank-sum
ganksub,gan-ksub,gank-sub
ganksug,gan-ksug,gank-sug
ganksut,gan-ksut,gank-sut
ganksus,gan-ksus,gank-sus
ganksuf,gan-ksuf,gank-suf
ganksux,gan-ksux,gank-sux
ganksuC,gan-ksuC,gank-suC
ganksul,gan-ksul,gank-sul
ganklek,gan-klek,gank-lek
gankloz,gan-kloz,gank-loz
gapflid,gap-flid,gapf-lid
gapflip,gap-flip,gapf-lip
gapflif,gap-flif,gapf-lif
gapflem,gap-flem,gapf-lem
gapflek,gap-flek,gapf-lek
gapfleC,gap-fleC,gapf-leC
gapflad,gap-flad,gapf-lad
gapflap,gap-flap,gapf-lap
gapflaf,gap-flaf,gapf-laf
gapflax,gap-flax,gapf-lax
gapflom,gap-flom,gapf-lom
gapflok,gap-flok,gapf-lok
gapflor,gap-flor,gapf-lor
gapflud,gap-flud,gapf-lud
gapflup,gap-flup,gapf-lup
gapfluz,gap-fluz,gapf-luz
gapfluf,gap-fluf,gapf-luf
gapflux,gap-flux,gapf-lux
gapfris,gap-fris,gapf-ris
gapfrix,gap-frix,gapf-rix
gapfras,gap-fras,gapf-ras
gatsmin,gat-smin,gats-min
gatsmib,gat-smib,gats-mib
gatsmit,gat-smit,gats-mit
gatsmis,gat-smis,gats-mis
gatsmix,gat-smix,gats-mix
gatsmiC,gat-smiC,gats-miC
gatsmek,gat-smek,gats-mek
gatsmad,gat-smad,gats-mad
gatsmas,gat-smas,gats-mas
gatsmaf,gat-smaf,gats-maf
gatsmax,gat-smax,gats-max
gatsmaC,gat-smaC,gats-maC
gatsmal,gat-smal,gats-mal
gatsmok,gat-smok,gats-mok
gatsmub,gat-smub,gats-mub
gatsmut,gat-smut,gats-mut
gatsmus,gat-smus,gats-mus
gatsmuf,gat-smuf,gats-muf
gatsmux,gat-smux,gats-mux
gatsmuC,gat-smuC,gats-muC
gatsmul,gat-smul,gats-mul
gatsnif,gat-snif,gats-nif
gatsnap,gat-snap,gats-nap
gatsnom,gat-snom,gats-nom
gatspin,gat-spin,gats-pin
gatspib,gat-spib,gats-pib
gatspit,gat-spit,gats-pit
gatspik,gat-spik,gats-pik
gatspis,gat-spis,gats-pis
gatspix,gat-spix,gats-pix
gatspiC,gat-spiC,gats-piC
gatspan,gat-span,gats-pan
gatspak,gat-spak,gats-pak
gatspas,gat-spas,gats-pas
gatspof,gat-spof,gats-pof
gatspum,gat-spum,gats-pum
gatspug,gat-spug,gats-pug
gatspus,gat-spus,gats-pus
gatspul,gat-spul,gats-pul
gatstef,gat-stef,gats-tef
gatstab,gat-stab,gats-tab
gatstat,gat-stat,gats-tat
gatstal,gat-stal,gats-tal
gatstoj,gat-stoj,gats-toj
gatstud,gat-stud,gats-tud
gatstup,gat-stup,gats-tup
gatskim,gat-skim,gats-kim
gatskib,gat-skib,gats-kib
gatskig,gat-skig,gats-kig
gatskit,gat-skit,gats-kit
gatskis,gat-skis,gats-kis
gatskif,gat-skif,gats-kif
gatskix,gat-skix,gats-kix
gatskiC,gat-skiC,gats-kiC
gatskad,gat-skad,gats-kad
gatskag,gat-skag,gats-kag
gatskap,gat-skap,gats-kap
gatskas,gat-skas,gats-kas
gatskaf,gat-skaf,gats-kaf
gatskax,gat-skax,gats-kax
gatskaC,gat-skaC,gats-kaC
gatskal,gat-skal,gats-kal
gatskoq,gat-skoq,gats-koq
gatskud,gat-skud,gats-kud
gatskug,gat-skug,gats-kug
gatskup,gat-skup,gats-kup
gatskuz,gat-skuz,gats-kuz
gatskuf,gat-skuf,gats-kuf
gatskux,gat-skux,gats-kux
gatskul,gat-skul,gats-kul
gatsfim,gat-sfim,gats-fim
gatsfib,gat-sfib,gats-fib
gatsfit,gat-sfit,gats-fit
gatsfis,gat-sfis,gats-fis
gatsfif,gat-sfif,gats-fif
gatsfix,gat-sfix,gats-fix
gatsfiC,gat-sfiC,gats-fiC
gatsfam,gat-sfam,gats-fam
gatsfab,gat-sfab,gats-fab
gatsfag,gat-sfag,gats-fag
gatsfat,gat-sfat,gats-fat
gatsfaf,gat-sfaf,gats-faf
gatsfax,gat-sfax,gats-fax
gatsfaC,gat-sfaC,gats-faC
gatsfal,gat-sfal,gats-fal
gatsfum,gat-sfum,gats-fum
gatsfub,gat-sfub,gats-fub
gatsfug,gat-sfug,gats-fug
gatsfut,gat-sfut,gats-fut
gatsfus,gat-sfus,gats-fus
gatsfuf,gat-sfuf,gats-fuf
gatsfux,gat-sfux,gats-fux
gatsfuC,gat-sfuC,gats-fuC
gatsvik,gat-svik,gats-vik
gatsvas,gat-svas,gats-vas
gatsvur,gat-svur,gats-vur
gatslim,gat-slim,gats-lim
gatslid,gat-slid,gats-lid
gatslig,gat-slig,gats-lig
gatslip,gat-slip,gats-lip
gatslis,gat-slis,gats-lis
gatslif,gat-slif,gats-lif
gatslix,gat-slix,gats-lix
gatsliC,gat-sliC,gats-liC
gatslad,gat-slad,gats-lad
gatslag,gat-slag,gats-lag
gatslap,gat-slap,gats-lap
gatslas,gat-slas,gats-las
gatslaf,gat-slaf,gats-laf
gatslax,gat-slax,gats-lax
gatslaC,gat-slaC,gats-laC
gatslal,gat-slal,gats-lal
gatslom,gat-slom,gats-lom
gatslud,gat-slud,gats-lud
gatslug,gat-slug,gats-lug
gatslup,gat-slup,gats-lup
gatslus,gat-slus,gats-lus
gatsluf,gat-sluf,gats-luf
gatslux,gat-slux,gats-lux
gatsluC,gat-sluC,gats-luC
gatslur,gat-slur,gats-lur
gatxnim,gat-xnim,gatx-nim
gatxnib,gat-xnib,gatx-nib
gatxnig,gat-xnig,gatx-nig
gatxnit,gat-xnit,gatx-nit
gatxnis,gat-xnis,gatx-nis
gatxnif,gat-xnif,gatx-nif
gatxnix,gat-xnix,gatx-nix
gatxniC,gat-xniC,gatx-niC
gatxnam,gat-xnam,gatx-nam
gatxnab,gat-xnab,gatx-nab
gatxnag,gat-xnag,gatx-nag
gatxnat,gat-xnat,gatx-nat
gatxnas,gat-xnas,gatx-nas
gatxnaf,gat-xnaf,gatx-naf
gatxnax,gat-xnax,gatx-nax
gatxnaC,gat-xnaC,gatx-naC
gatxnal,gat-xnal,gatx-nal
gatxnum,gat-xnum,gatx-num
gatxnub,gat-xnub,gatx-nub
gatxnug,gat-xnug,gatx-nug
gatxnut,gat-xnut,gatx-nut
gatxnus,gat-xnus,gatx-nus
gatxnuf,gat-xnuf,gatx-nuf
gatxnux,gat-xnux,gatx-nux
gatxnuC,gat-xnuC,gatx-nuC
gatxnul,gat-xnul,gatx-nul
gatxkim,gat-xkim,gatx-kim
gatxkib,gat-xkib,gatx-kib
gatxkig,gat-xkig,gatx-kig
gatxkit,gat-xkit,gatx-kit
gatxkis,gat-xkis,gatx-kis
gatxkif,gat-xkif,gatx-kif
gatxkix,gat-xkix,gatx-kix
gatxkiC,gat-xkiC,gatx-kiC
gatxkam,gat-xkam,gatx-kam
gatxkab,gat-xkab,gatx-kab
gatxkag,gat-xkag,gatx-kag
gatxkat,gat-xkat,gatx-kat
gatxkas,gat-xkas,gatx-kas
gatxkaf,gat-xkaf,gatx-kaf
gatxkax,gat-xkax,gatx-kax
gatxkaC,gat-xkaC,gatx-kaC
gatxkal,gat-xkal,gatx-kal
gatxkum,gat-xkum,gatx-kum
gatxkub,gat-xkub,gatx-kub
gatxkug,gat-xkug,gatx-kug
gatxkut,gat-xkut,gatx-kut
gatxkus,gat-xkus,gatx-kus
gatxkuf,gat-xkuf,gatx-kuf
gatxkux,gat-xkux,gatx-kux
gatxkuC,gat-xkuC,gatx-kuC
gatxkul,gat-xkul,gatx-kul
gatxlim,gat-xlim,gatx-lim
gatxlib,gat-xlib,gatx-lib
gatxlit,gat-xlit,gatx-lit
gatxlik,gat-xlik,gatx-lik
gatxlis,gat-xlis,gatx-lis
gatxlif,gat-xlif,gatx-lif
gatxlix,gat-xlix,gatx-lix
gatxliC,gat-xliC,gatx-liC
gatxlam,gat-xlam,gatx-lam
gatxlab,gat-xlab,gatx-lab
gatxlag,gat-xlag,gatx-lag
gatxlat,gat-xlat,gatx-lat
gatxlas,gat-xlas,gatx-las
gatxlav,gat-xlav,gatx-lav
gatxlax,gat-xlax,gatx-lax
gatxlal,gat-xlal,gatx-lal
gatxlum,gat-xlum,gatx-lum
gatxlub,gat-xlub,gatx-lub
gatxlug,gat-xlug,gatx-lug
gatxlut,gat-xlut,gatx-lut
gatxlus,gat-xlus,gatx-lus
gatxluf,gat-xluf,gatx-luf
gatxlux,gat-xlux,gatx-lux
gatxluC,gat-xluC,gatx-luC
gatxlul,gat-xlul,gatx-lul
gakxnim,gak-xnim,gakx-nim
gakxnib,gak-xnib,gakx-nib
gakxnig,gak-xnig,gakx-nig
gakxnit,gak-xnit,gakx-nit
gakxnis,gak-xnis,gakx-nis
gakxnif,gak-xnif,gakx-nif
gakxnix,gak-xnix,gakx-nix
gakxniC,gak-xniC,gakx-niC
gakxnam,gak-xnam,gakx-nam
gakxnab,gak-xnab,gakx-nab
gakxnag,gak-xnag,gakx-nag
gakxnat,gak-xnat,gakx-nat
gakxnas,gak-xnas,gakx-nas
gakxnaf,gak-xnaf,gakx-naf
gakxnax,gak-xnax,gakx-nax
gakxnaC,gak-xnaC,gakx-naC
gakxnal,gak-xnal,gakx-nal
gakxnum,gak-xnum,gakx-num
gakxnub,gak-xnub,gakx-nub
gakxnug,gak-xnug,gakx-nug
gakxnut,gak-xnut,gakx-nut
gakxnus,gak-xnus,gakx-nus
gakxnuf,gak-xnuf,gakx-nuf
gakxnux,gak-xnux,gakx-nux
gakxnuC,gak-xnuC,gakx-nuC
gakxnul,gak-xnul,gakx-nul
gakxkim,gak-xkim,gakx-kim
gakxkib,gak-xkib,gakx-kib
gakxkig,gak-xkig,gakx-kig
gakxkit,gak-xkit,gakx-kit
gakxkis,gak-xkis,gakx-kis
gakxkif,gak-xkif,gakx-kif
gakxkix,gak-xkix,gakx-kix
gakxkiC,gak-xkiC,gakx-kiC
gakxkam,gak-xkam,gakx-kam
gakxkab,gak-xkab,gakx-kab
gakxkag,gak-xkag,gakx-kag
gakxkat,gak-xkat,gakx-kat
gakxkas,gak-xkas,gakx-kas
gakxkaf,gak-xkaf,gakx-kaf
gakxkax,gak-xkax,gakx-kax
gakxkaC,gak-xkaC,gakx-kaC
gakxkal,gak-xkal,gakx-kal
gakxkum,gak-xkum,gakx-kum
gakxkub,gak-xkub,gakx-kub
gakxkug,gak-xkug,gakx-kug
gakxkut,gak-xkut,gakx-kut
gakxkus,gak-xkus,gakx-kus
gakxkuf,gak-xkuf,gakx-kuf
gakxkux,gak-xkux,gakx-kux
gakxkuC,gak-xkuC,gakx-kuC
gakxkul,gak-xkul,gakx-kul
gakxlim,gak-xlim,gakx-lim
gakxlib,gak-xlib,gakx-lib
gakxlit,gak-xlit,gakx-lit
gakxlik,gak-xlik,gakx-lik
gakxlis,gak-xlis,gakx-lis
gakxlif,gak-xlif,gakx-lif
gakxlix,gak-xlix,gakx-lix
gakxliC,gak-xliC,gakx-liC
gakxlam,gak-xlam,gakx-lam
gakxlab,gak-xlab,gakx-lab
gakxlag,gak-xlag,gakx-lag
gakxlat,gak-xlat,gakx-lat
gakxlas,gak-xlas,gakx-las
gakxlav,gak-xlav,gakx-lav
gakxlax,gak-xlax,gakx-lax
gakxlal,gak-xlal,gakx-lal
gakxlum,gak-xlum,gakx-lum
gakxlub,gak-xlub,gakx-lub
gakxlug,gak-xlug,gakx-lug
gakxlut,gak-xlut,gakx-lut
gakxlus,gak-xlus,gakx-lus
gakxluf,gak-xluf,gakx-luf
gakxlux,gak-xlux,gakx-lux
gakxluC,gak-xluC,gakx-luC
gakxlul,gak-xlul,gakx-lul
gasksim,gas-ksim,gask-sim
gasksib,gas-ksib,gask-sib
gasksig,gas-ksig,gask-sig
gasksit,gas-ksit,gask-sit
gasksis,gas-ksis,gask-sis
gasksif,gas-ksif,gask-sif
gasksix,gas-ksix,gask-six
gasksiC,gas-ksiC,gask-siC
gasksam,gas-ksam,gask-sam
gasksab,gas-ksab,gask-sab
gasksag,gas-ksag,gask-sag
gasksat,gas-ksat,gask-sat
gasksas,gas-ksas,gask-sas
gasksaf,gas-ksaf,gask-saf
gasksax,gas-ksax,gask-sax
gasksaC,gas-ksaC,gask-saC
gasksal,gas-ksal,gask-sal
gasksum,gas-ksum,gask-sum
gasksub,gas-ksub,gask-sub
gasksug,gas-ksug,gask-sug
gasksut,gas-ksut,gask-sut
gasksus,gas-ksus,gask-sus
gasksuf,gas-ksuf,gask-suf
gasksux,gas-ksux,gask-sux
gasksuC,gas-ksuC,gask-suC
gasksul,gas-ksul,gask-sul
gasklek,gas-klek,gask-lek
gaskloz,gas-kloz,gask-loz
gaftxal,gaf-txal,gaft-xal
gaftxum,gaf-txum,gaft-xum
gaftrin,gaf-trin,gaft-rin
gaftrik,gaf-trik,gaft-rik
gaftris,gaf-tris,gaft-ris
gaftrif,gaf-trif,gaft-rif
gaftriC,gaf-triC,gaft-riC
gaftret,gaf-tret,gaft-ret
gaftrab,gaf-trab,gaft-rab
gaftrag,gaf-trag,gaft-rag
gaftras,gaf-tras,gaft-ras
gaftraf,gaf-traf,gaft-raf
gaftraC,gaf-traC,gaft-raC
gaftral,gaf-tral,gaft-ral
gaftrot,gaf-trot,gaft-rot
gaftrum,gaf-trum,gaft-rum
gaftrub,gaf-trub,gaft-rub
gaftrug,gaf-trug,gaft-rug
gaftrus,gaf-trus,gaft-rus
gaftruf,gaf-truf,gaft-ruf
gaftrux,gaf-trux,gaft-rux
gaftruC,gaf-truC,gaft-ruC
gaftrul,gaf-trul,gaft-rul
gafsmin,gaf-smin,gafs-min
gafsmib,gaf-smib,gafs-mib
gafsmit,gaf-smit,gafs-mit
gafsmis,gaf-smis,gafs-mis
gafsmix,gaf-smix,gafs-mix
gafsmiC,gaf-smiC,gafs-miC
gafsmek,gaf-smek,gafs-mek
gafsmad,gaf-smad,gafs-mad
gafsmas,gaf-smas,gafs-mas
gafsmaf,gaf-smaf,gafs-maf
gafsmax,gaf-smax,gafs-max
gafsmaC,gaf-smaC,gafs-maC
gafsmal,gaf-smal,gafs-mal
gafsmok,gaf-smok,gafs-mok
gafsmub,gaf-smub,gafs-mub
gafsmut,gaf-smut,gafs-mut
gafsmus,gaf-smus,gafs-mus
gafsmuf,gaf-smuf,gafs-muf
gafsmux,gaf-smux,gafs-mux
gafsmuC,gaf-smuC,gafs-muC
gafsmul,gaf-smul,gafs-mul
gafsnif,gaf-snif,gafs-nif
gafsnap,gaf-snap,gafs-nap
gafsnom,gaf-snom,gafs-nom
gafspin,gaf-spin,gafs-pin
gafspib,gaf-spib,gafs-pib
gafspit,gaf-spit,gafs-pit
gafspik,gaf-spik,gafs-pik
gafspis,gaf-spis,gafs-pis
gafspix,gaf-spix,gafs-pix
gafspiC,gaf-spiC,gafs-piC
gafspan,gaf-span,gafs-pan
gafspak,gaf-spak,gafs-pak
gafspas,gaf-spas,gafs-pas
gafspof,gaf-spof,gafs-pof
gafspum,gaf-spum,gafs-pum
gafspug,gaf-spug,gafs-pug
gafspus,gaf-spus,gafs-pus
gafspul,gaf-spul,gafs-pul
gafstef,gaf-stef,gafs-tef
gafstab,gaf-stab,gafs-tab
gafstat,gaf-stat,gafs-tat
gafstal,gaf-stal,gafs-tal
gafstoj,gaf-stoj,gafs-toj
gafstud,gaf-stud,gafs-tud
gafstup,gaf-stup,gafs-tup
gafskim,gaf-skim,gafs-kim
gafskib,gaf-skib,gafs-kib
gafskig,gaf-skig,gafs-kig
gafskit,gaf-skit,gafs-kit
gafskis,gaf-skis,gafs-kis
gafskif,gaf-skif,gafs-kif
gafskix,gaf-skix,gafs-kix
gafskiC,gaf-skiC,gafs-kiC
gafskad,gaf-skad,gafs-kad
gafskag,gaf-skag,gafs-kag
gafskap,gaf-skap,gafs-kap
gafskas,gaf-skas,gafs-kas
gafskaf,gaf-skaf,gafs-kaf
gafskax,gaf-skax,gafs-kax
gafskaC,gaf-skaC,gafs-kaC
gafskal,gaf-skal,gafs-kal
gafskoq,gaf-skoq,gafs-koq
gafskud,gaf-skud,gafs-kud
gafskug,gaf-skug,gafs-kug
gafskup,gaf-skup,gafs-kup
gafskuz,gaf-skuz,gafs-kuz
gafskuf,gaf-skuf,gafs-kuf
gafskux,gaf-skux,gafs-kux
gafskul,gaf-skul,gafs-kul
gafsfim,gaf-sfim,gafs-fim
gafsfib,gaf-sfib,gafs-fib
gafsfit,gaf-sfit,gafs-fit
gafsfis,gaf-sfis,gafs-fis
gafsfif,gaf-sfif,gafs-fif
gafsfix,gaf-sfix,gafs-fix
gafsfiC,gaf-sfiC,gafs-fiC
gafsfam,gaf-sfam,gafs-fam
gafsfab,gaf-sfab,gafs-fab
gafsfag,gaf-sfag,gafs-fag
gafsfat,gaf-sfat,gafs-fat
gafsfaf,gaf-sfaf,gafs-faf
gafsfax,gaf-sfax,gafs-fax
gafsfaC,gaf-sfaC,gafs-faC
gafsfal,gaf-sfal,gafs-fal
gafsfum,gaf-sfum,gafs-fum
gafsfub,gaf-sfub,gafs-fub
gafsfug,gaf-sfug,gafs-fug
gafsfut,gaf-sfut,gafs-fut
gafsfus,gaf-sfus,gafs-fus
gafsfuf,gaf-sfuf,gafs-fuf
gafsfux,gaf-sfux,gafs-fux
gafsfuC,gaf-sfuC,gafs-fuC
gafsvik,gaf-svik,gafs-vik
gafsvas,gaf-svas,gafs-vas
gafsvur,gaf-svur,gafs-vur
gafslim,gaf-slim,gafs-lim
gafslid,gaf-slid,gafs-lid
gafslig,gaf-slig,gafs-lig
gafslip,gaf-slip,gafs-lip
gafslis,gaf-slis,gafs-lis
gafslif,gaf-slif,gafs-lif
gafslix,gaf-slix,gafs-lix
gafsliC,gaf-sliC,gafs-liC
gafslad,gaf-slad,gafs-lad
gafslag,gaf-slag,gafs-lag
gafslap,gaf-slap,gafs-lap
gafslas,gaf-slas,gafs-las
gafslaf,gaf-slaf,gafs-laf
gafslax,gaf-slax,gafs-lax
gafslaC,gaf-slaC,gafs-laC
gafslal,gaf-slal,gafs-lal
gafslom,gaf-slom,gafs-lom
gafslud,gaf-slud,gafs-lud
gafslug,gaf-slug,gafs-lug
gafslup,gaf-slup,gafs-lup
gafslus,gaf-slus,gafs-lus
gafsluf,gaf-sluf,gafs-luf
gafslux,gaf-slux,gafs-lux
gafsluC,gaf-sluC,gafs-luC
gafslur,gaf-slur,gafs-lur
gaxtxal,gax-txal,gaxt-xal
gaxtxum,gax-txum,gaxt-xum
gaxtrin,gax-trin,gaxt-rin
gaxtrik,gax-trik,gaxt-rik
gaxtris,gax-tris,gaxt-ris
gaxtrif,gax-trif,gaxt-rif
gaxtriC,gax-triC,gaxt-riC
gaxtret,gax-tret,gaxt-ret
gaxtrab,gax-trab,gaxt-rab
gaxtrag,gax-trag,gaxt-rag
gaxtras,gax-tras,gaxt-ras
gaxtraf,gax-traf,gaxt-raf
gaxtraC,gax-traC,gaxt-raC
gaxtral,gax-tral,gaxt-ral
gaxtrot,gax-trot,gaxt-rot
gaxtrum,gax-trum,gaxt-rum
gaxtrub,gax-trub,gaxt-rub
gaxtrug,gax-trug,gaxt-rug
gaxtrus,gax-trus,gaxt-rus
gaxtruf,gax-truf,gaxt-ruf
gaxtrux,gax-trux,gaxt-rux
gaxtruC,gax-truC,gaxt-ruC
gaxtrul,gax-trul,gaxt-rul
galtxal,gal-txal,galt-xal
galtxum,gal-txum,galt-xum
galtrin,gal-trin,galt-rin
galtrik,gal-trik,galt-rik
galtris,gal-tris,galt-ris
galtrif,gal-trif,galt-rif
galtriC,gal-triC,galt-riC
galtret,gal-tret,galt-ret
galtrab,gal-trab,galt-rab
galtrag,gal-trag,galt-rag
galtras,gal-tras,galt-ras
galtraf,gal-traf,galt-raf
galtraC,gal-traC,galt-raC
galtral,gal-tral,galt-ral
galtrot,gal-trot,galt-rot
galtrum,gal-trum,galt-rum
galtrub,gal-trub,galt-rub
galtrug,gal-trug,galt-rug
galtrus,gal-trus,galt-rus
galtruf,gal-truf,galt-ruf
galtrux,gal-trux,galt-rux
galtruC,gal-truC,galt-ruC
galtrul,gal-trul,galt-rul
gostxal,gos-txal,gost-xal
gostxum,gos-txum,gost-xum
gostrin,gos-trin,gost-rin
gostrik,gos-trik,gost-rik
gostris,gos-tris,gost-ris
gostrif,gos-trif,gost-rif
gostriC,gos-triC,gost-riC
gostret,gos-tret,gost-ret
gostrab,gos-trab,gost-rab
gostrag,gos-trag,gost-rag
gostras,gos-tras,gost-ras
gostraf,gos-traf,gost-raf
gostraC,gos-traC,gost-raC
gostral,gos-tral,gost-ral
gostrot,gos-trot,gost-rot
gostrum,gos-trum,gost-rum
gostrub,gos-trub,gost-rub
gostrug,gos-trug,gost-rug
gostrus,gos-trus,gost-rus
gostruf,gos-truf,gost-ruf
gostrux,gos-trux,gost-rux
gostruC,gos-truC,gost-ruC
gostrul,gos-trul,gost-rul
golxnim,gol-xnim,golx-nim
golxnib,gol-xnib,golx-nib
golxnig,gol-xnig,golx-nig
golxnit,gol-xnit,golx-nit
golxnis,gol-xnis,golx-nis
golxnif,gol-xnif,golx-nif
golxnix,gol-xnix,golx-nix
golxniC,gol-xniC,golx-niC
golxnam,gol-xnam,golx-nam
golxnab,gol-xnab,golx-nab
golxnag,gol-xnag,golx-nag
golxnat,gol-xnat,golx-nat
golxnas,gol-xnas,golx-nas
golxnaf,gol-xnaf,golx-naf
golxnax,gol-xnax,golx-nax
golxnaC,gol-xnaC,golx-naC
golxnal,gol-xnal,golx-nal
golxnum,gol-xnum,golx-num
golxnub,gol-xnub,golx-nub
golxnug,gol-xnug,golx-nug
golxnut,gol-xnut,golx-nut
golxnus,gol-xnus,golx-nus
golxnuf,gol-xnuf,golx-nuf
golxnux,gol-xnux,golx-nux
golxnuC,gol-xnuC,golx-nuC
golxnul,gol-xnul,golx-nul
golxkim,gol-xkim,golx-kim
golxkib,gol-xkib,golx-kib
golxkig,gol-xkig,golx-kig
golxkit,gol-xkit,golx-kit
golxkis,gol-xkis,golx-kis
golxkif,gol-xkif,golx-kif
golxkix,gol-xkix,golx-kix
golxkiC,gol-xkiC,golx-kiC
golxkam,gol-xkam,golx-kam
golxkab,gol-xkab,golx-kab
golxkag,gol-xkag,golx-kag
golxkat,gol-xkat,golx-kat
golxkas,gol-xkas,golx-kas
golxkaf,gol-xkaf,golx-kaf
golxkax,gol-xkax,golx-kax
golxkaC,gol-xkaC,golx-kaC
golxkal,gol-xkal,golx-kal
golxkum,gol-xkum,golx-kum
golxkub,gol-xkub,golx-kub
golxkug,gol-xkug,golx-kug
golxkut,gol-xkut,golx-kut
golxkus,gol-xkus,golx-kus
golxkuf,gol-xkuf,golx-kuf
golxkux,gol-xkux,golx-kux
golxkuC,gol-xkuC,golx-kuC
golxkul,gol-xkul,golx-kul
golxlim,gol-xlim,golx-lim
golxlib,gol-xlib,golx-lib
golxlit,gol-xlit,golx-lit
golxlik,gol-xlik,golx-lik
golxlis,gol-xlis,golx-lis
golxlif,gol-xlif,golx-lif
golxlix,gol-xlix,golx-lix
golxliC,gol-xliC,golx-liC
golxlam,gol-xlam,golx-lam
golxlab,gol-xlab,golx-lab
golxlag,gol-xlag,golx-lag
golxlat,gol-xlat,golx-lat
golxlas,gol-xlas,golx-las
golxlav,gol-xlav,golx-lav
golxlax,gol-xlax,golx-lax
golxlal,gol-xlal,golx-lal
golxlum,gol-xlum,golx-lum
golxlub,gol-xlub,golx-lub
golxlug,gol-xlug,golx-lug
golxlut,gol-xlut,golx-lut
golxlus,gol-xlus,golx-lus
golxluf,gol-xluf,golx-luf
golxlux,gol-xlux,golx-lux
golxluC,gol-xluC,golx-luC
golxlul,gol-xlul,golx-lul
gumplib,gum-plib,gump-lib
gumplix,gum-plix,gump-lix
gumplan,gum-plan,gump-lan
gumplax,gum-plax,gump-lax
gunksim,gun-ksim,gunk-sim
gunksib,gun-ksib,gunk-sib
gunksig,gun-ksig,gunk-sig
gunksit,gun-ksit,gunk-sit
gunksis,gun-ksis,gunk-sis
gunksif,gun-ksif,gunk-sif
gunksix,gun-ksix,gunk-six
gunksiC,gun-ksiC,gunk-siC
gunksam,gun-ksam,gunk-sam
gunksab,gun-ksab,gunk-sab
gunksag,gun-ksag,gunk-sag
gunksat,gun-ksat,gunk-sat
gunksas,gun-ksas,gunk-sas
gunksaf,gun-ksaf,gunk-saf
gunksax,gun-ksax,gunk-sax
gunksaC,gun-ksaC,gunk-saC
gunksal,gun-ksal,gunk-sal
gunksum,gun-ksum,gunk-sum
gunksub,gun-ksub,gunk-sub
gunksug,gun-ksug,gunk-sug
gunksut,gun-ksut,gunk-sut
gunksus,gun-ksus,gunk-sus
gunksuf,gun-ksuf,gunk-suf
gunksux,gun-ksux,gunk-sux
gunksuC,gun-ksuC,gunk-suC
gunksul,gun-ksul,gunk-sul
gunklek,gun-klek,gunk-lek
gunkloz,gun-kloz,gunk-loz
gupflid,gup-flid,gupf-lid
gupflip,gup-flip,gupf-lip
gupflif,gup-flif,gupf-lif
gupflem,gup-flem,gupf-lem
gupflek,gup-flek,gupf-lek
gupfleC,gup-fleC,gupf-leC
gupflad,gup-flad,gupf-lad
gupflap,gup-flap,gupf-lap
gupflaf,gup-flaf,gupf-laf
gupflax,gup-flax,gupf-lax
gupflom,gup-flom,gupf-lom
gupflok,gup-flok,gupf-lok
gupflor,gup-flor,gupf-lor
gupflud,gup-flud,gupf-lud
gupflup,gup-flup,gupf-lup
gupfluz,gup-fluz,gupf-luz
gupfluf,gup-fluf,gupf-luf
gupflux,gup-flux,gupf-lux
gupfris,gup-fris,gupf-ris
gupfrix,gup-frix,gupf-rix
gupfras,gup-fras,gupf-ras
gupxnim,gup-xnim,gupx-nim
gupxnib,gup-xnib,gupx-nib
gupxnig,gup-xnig,gupx-nig
gupxnit,gup-xnit,gupx-nit
gupxnis,gup-xnis,gupx-nis
gupxnif,gup-xnif,gupx-nif
gupxnix,gup-xnix,gupx-nix
gupxniC,gup-xniC,gupx-niC
gupxnam,gup-xnam,gupx-nam
gupxnab,gup-xnab,gupx-nab
gupxnag,gup-xnag,gupx-nag
gupxnat,gup-xnat,gupx-nat
gupxnas,gup-xnas,gupx-nas
gupxnaf,gup-xnaf,gupx-naf
gupxnax,gup-xnax,gupx-nax
gupxnaC,gup-xnaC,gupx-naC
gupxnal,gup-xnal,gupx-nal
gupxnum,gup-xnum,gupx-num
gupxnub,gup-xnub,gupx-nub
gupxnug,gup-xnug,gupx-nug
gupxnut,gup-xnut,gupx-nut
gupxnus,gup-xnus,gupx-nus
gupxnuf,gup-xnuf,gupx-nuf
gupxnux,gup-xnux,gupx-nux
gupxnuC,gup-xnuC,gupx-nuC
gupxnul,gup-xnul,gupx-nul
gupxkim,gup-xkim,gupx-kim
gupxkib,gup-xkib,gupx-kib
gupxkig,gup-xkig,gupx-kig
gupxkit,gup-xkit,gupx-kit
gupxkis,gup-xkis,gupx-kis
gupxkif,gup-xkif,gupx-kif
gupxkix,gup-xkix,gupx-kix
gupxkiC,gup-xkiC,gupx-kiC
gupxkam,gup-xkam,gupx-kam
gupxkab,gup-xkab,gupx-kab
gupxkag,gup-xkag,gupx-kag
gupxkat,gup-xkat,gupx-kat
gupxkas,gup-xkas,gupx-kas
gupxkaf,gup-xkaf,gupx-kaf
gupxkax,gup-xkax,gupx-kax
gupxkaC,gup-xkaC,gupx-kaC
gupxkal,gup-xkal,gupx-kal
gupxkum,gup-xkum,gupx-kum
gupxkub,gup-xkub,gupx-kub
gupxkug,gup-xkug,gupx-kug
gupxkut,gup-xkut,gupx-kut
gupxkus,gup-xkus,gupx-kus
gupxkuf,gup-xkuf,gupx-kuf
gupxkux,gup-xkux,gupx-kux
gupxkuC,gup-xkuC,gupx-kuC
gupxkul,gup-xkul,gupx-kul
gupxlim,gup-xlim,gupx-lim
gupxlib,gup-xlib,gupx-lib
gupxlit,gup-xlit,gupx-lit
gupxlik,gup-xlik,gupx-lik
gupxlis,gup-xlis,gupx-lis
gupxlif,gup-xlif,gupx-lif
gupxlix,gup-xlix,gupx-lix
gupxliC,gup-xliC,gupx-liC
gupxlam,gup-xlam,gupx-lam
gupxlab,gup-xlab,gupx-lab
gupxlag,gup-xlag,gupx-lag
gupxlat,gup-xlat,gupx-lat
gupxlas,gup-xlas,gupx-las
gupxlav,gup-xlav,gupx-lav
gupxlax,gup-xlax,gupx-lax
gupxlal,gup-xlal,gupx-lal
gupxlum,gup-xlum,gupx-lum
gupxlub,gup-xlub,gupx-lub
gupxlug,gup-xlug,gupx-lug
gupxlut,gup-xlut,gupx-lut
gupxlus,gup-xlus,gupx-lus
gupxluf,gup-xluf,gupx-luf
gupxlux,gup-xlux,gupx-lux
gupxluC,gup-xluC,gupx-luC
gupxlul,gup-xlul,gupx-lul
gukxnim,guk-xnim,gukx-nim
gukxnib,guk-xnib,gukx-nib
gukxnig,guk-xnig,gukx-nig
gukxnit,guk-xnit,gukx-nit
gukxnis,guk-xnis,gukx-nis
gukxnif,guk-xnif,gukx-nif
gukxnix,guk-xnix,gukx-nix
gukxniC,guk-xniC,gukx-niC
gukxnam,guk-xnam,gukx-nam
gukxnab,guk-xnab,gukx-nab
gukxnag,guk-xnag,gukx-nag
gukxnat,guk-xnat,gukx-nat
gukxnas,guk-xnas,gukx-nas
gukxnaf,guk-xnaf,gukx-naf
gukxnax,guk-xnax,gukx-nax
gukxnaC,guk-xnaC,gukx-naC
gukxnal,guk-xnal,gukx-nal
gukxnum,guk-xnum,gukx-num
gukxnub,guk-xnub,gukx-nub
gukxnug,guk-xnug,gukx-nug
gukxnut,guk-xnut,gukx-nut
gukxnus,guk-xnus,gukx-nus
gukxnuf,guk-xnuf,gukx-nuf
gukxnux,guk-xnux,gukx-nux
gukxnuC,guk-xnuC,gukx-nuC
gukxnul,guk-xnul,gukx-nul
gukxkim,guk-xkim,gukx-kim
gukxkib,guk-xkib,gukx-kib
gukxkig,guk-xkig,gukx-kig
gukxkit,guk-xkit,gukx-kit
gukxkis,guk-xkis,gukx-kis
gukxkif,guk-xkif,gukx-kif
gukxkix,guk-xkix,gukx-kix
gukxkiC,guk-xkiC,gukx-kiC
gukxkam,guk-xkam,gukx-kam
gukxkab,guk-xkab,gukx-kab
gukxkag,guk-xkag,gukx-kag
gukxkat,guk-xkat,gukx-kat
gukxkas,guk-xkas,gukx-kas
gukxkaf,guk-xkaf,gukx-kaf
gukxkax,guk-xkax,gukx-kax
gukxkaC,guk-xkaC,gukx-kaC
gukxkal,guk-xkal,gukx-kal
gukxkum,guk-xkum,gukx-kum
gukxkub,guk-xkub,gukx-kub
gukxkug,guk-xkug,gukx-kug
gukxkut,guk-xkut,gukx-kut
gukxkus,guk-xkus,gukx-kus
gukxkuf,guk-xkuf,gukx-kuf
gukxkux,guk-xkux,gukx-kux
gukxkuC,guk-xkuC,gukx-kuC
gukxkul,guk-xkul,gukx-kul
gukxlim,guk-xlim,gukx-lim
gukxlib,guk-xlib,gukx-lib
gukxlit,guk-xlit,gukx-lit
gukxlik,guk-xlik,gukx-lik
gukxlis,guk-xlis,gukx-lis
gukxlif,guk-xlif,gukx-lif
gukxlix,guk-xlix,gukx-lix
gukxliC,guk-xliC,gukx-liC
gukxlam,guk-xlam,gukx-lam
gukxlab,guk-xlab,gukx-lab
gukxlag,guk-xlag,gukx-lag
gukxlat,guk-xlat,gukx-lat
gukxlas,guk-xlas,gukx-las
gukxlav,guk-xlav,gukx-lav
gukxlax,guk-xlax,gukx-lax
gukxlal,guk-xlal,gukx-lal
gukxlum,guk-xlum,gukx-lum
gukxlub,guk-xlub,gukx-lub
gukxlug,guk-xlug,gukx-lug
gukxlut,guk-xlut,gukx-lut
gukxlus,guk-xlus,gukx-lus
gukxluf,guk-xluf,gukx-luf
gukxlux,guk-xlux,gukx-lux
gukxluC,guk-xluC,gukx-luC
gukxlul,guk-xlul,gukx-lul
gusksim,gus-ksim,gusk-sim
gusksib,gus-ksib,gusk-sib
gusksig,gus-ksig,gusk-sig
gusksit,gus-ksit,gusk-sit
gusksis,gus-ksis,gusk-sis
gusksif,gus-ksif,gusk-sif
gusksix,gus-ksix,gusk-six
gusksiC,gus-ksiC,gusk-siC
gusksam,gus-ksam,gusk-sam
gusksab,gus-ksab,gusk-sab
gusksag,gus-ksag,gusk-sag
gusksat,gus-ksat,gusk-sat
gusksas,gus-ksas,gusk-sas
gusksaf,gus-ksaf,gusk-saf
gusksax,gus-ksax,gusk-sax
gusksaC,gus-ksaC,gusk-saC
gusksal,gus-ksal,gusk-sal
gusksum,gus-ksum,gusk-sum
gusksub,gus-ksub,gusk-sub
gusksug,gus-ksug,gusk-sug
gusksut,gus-ksut,gusk-sut
gusksus,gus-ksus,gusk-sus
gusksuf,gus-ksuf,gusk-suf
gusksux,gus-ksux,gusk-sux
gusksuC,gus-ksuC,gusk-suC
gusksul,gus-ksul,gusk-sul
gusklek,gus-klek,gusk-lek
guskloz,gus-kloz,gusk-loz
guftxal,guf-txal,guft-xal
guftxum,guf-txum,guft-xum
guftrin,guf-trin,guft-rin
guftrik,guf-trik,guft-rik
guftris,guf-tris,guft-ris
guftrif,guf-trif,guft-rif
guftriC,guf-triC,guft-riC
guftret,guf-tret,guft-ret
guftrab,guf-trab,guft-rab
guftrag,guf-trag,guft-rag
guftras,guf-tras,guft-ras
guftraf,guf-traf,guft-raf
guftraC,guf-traC,guft-raC
guftral,guf-tral,guft-ral
guftrot,guf-trot,guft-rot
guftrum,guf-trum,guft-rum
guftrub,guf-trub,guft-rub
guftrug,guf-trug,guft-rug
guftrus,guf-trus,guft-rus
guftruf,guf-truf,guft-ruf
guftrux,guf-trux,guft-rux
guftruC,guf-truC,guft-ruC
guftrul,guf-trul,guft-rul
gufsmin,guf-smin,gufs-min
gufsmib,guf-smib,gufs-mib
gufsmit,guf-smit,gufs-mit
gufsmis,guf-smis,gufs-mis
gufsmix,guf-smix,gufs-mix
gufsmiC,guf-smiC,gufs-miC
gufsmek,guf-smek,gufs-mek
gufsmad,guf-smad,gufs-mad
gufsmas,guf-smas,gufs-mas
gufsmaf,guf-smaf,gufs-maf
gufsmax,guf-smax,gufs-max
gufsmaC,guf-smaC,gufs-maC
gufsmal,guf-smal,gufs-mal
gufsmok,guf-smok,gufs-mok
gufsmub,guf-smub,gufs-mub
gufsmut,guf-smut,gufs-mut
gufsmus,guf-smus,gufs-mus
gufsmuf,guf-smuf,gufs-muf
gufsmux,guf-smux,gufs-mux
gufsmuC,guf-smuC,gufs-muC
gufsmul,guf-smul,gufs-mul
gufsnif,guf-snif,gufs-nif
gufsnap,guf-snap,gufs-nap
gufsnom,guf-snom,gufs-nom
gufspin,guf-spin,gufs-pin
gufspib,guf-spib,gufs-pib
gufspit,guf-spit,gufs-pit
gufspik,guf-spik,gufs-pik
gufspis,guf-spis,gufs-pis
gufspix,guf-spix,gufs-pix
gufspiC,guf-spiC,gufs-piC
gufspan,guf-span,gufs-pan
gufspak,guf-spak,gufs-pak
gufspas,guf-spas,gufs-pas
gufspof,guf-spof,gufs-pof
gufspum,guf-spum,gufs-pum
gufspug,guf-spug,gufs-pug
gufspus,guf-spus,gufs-pus
gufspul,guf-spul,gufs-pul
gufstef,guf-stef,gufs-tef
gufstab,guf-stab,gufs-tab
gufstat,guf-stat,gufs-tat
gufstal,guf-stal,gufs-tal
gufstoj,guf-stoj,gufs-toj
gufstud,guf-stud,gufs-tud
gufstup,guf-stup,gufs-tup
gufskim,guf-skim,gufs-kim
gufskib,guf-skib,gufs-kib
gufskig,guf-skig,gufs-kig
gufskit,guf-skit,gufs-kit
gufskis,guf-skis,gufs-kis
gufskif,guf-skif,gufs-kif
gufskix,guf-skix,gufs-kix
gufskiC,guf-skiC,gufs-kiC
gufskad,guf-skad,gufs-kad
gufskag,guf-skag,gufs-kag
gufskap,guf-skap,gufs-kap
gufskas,guf-skas,gufs-kas
gufskaf,guf-skaf,gufs-kaf
gufskax,guf-skax,gufs-kax
gufskaC,guf-skaC,gufs-kaC
gufskal,guf-skal,gufs-kal
gufskoq,guf-skoq,gufs-koq
gufskud,guf-skud,gufs-kud
gufskug,guf-skug,gufs-kug
gufskup,guf-skup,gufs-kup
gufskuz,guf-skuz,gufs-kuz
gufskuf,guf-skuf,gufs-kuf
gufskux,guf-skux,gufs-kux
gufskul,guf-skul,gufs-kul
gufsfim,guf-sfim,gufs-fim
gufsfib,guf-sfib,gufs-fib
gufsfit,guf-sfit,gufs-fit
gufsfis,guf-sfis,gufs-fis
gufsfif,guf-sfif,gufs-fif
gufsfix,guf-sfix,gufs-fix
gufsfiC,guf-sfiC,gufs-fiC
gufsfam,guf-sfam,gufs-fam
gufsfab,guf-sfab,gufs-fab
gufsfag,guf-sfag,gufs-fag
gufsfat,guf-sfat,gufs-fat
gufsfaf,guf-sfaf,gufs-faf
gufsfax,guf-sfax,gufs-fax
gufsfaC,guf-sfaC,gufs-faC
gufsfal,guf-sfal,gufs-fal
gufsfum,guf-sfum,gufs-fum
gufsfub,guf-sfub,gufs-fub
gufsfug,guf-sfug,gufs-fug
gufsfut,guf-sfut,gufs-fut
gufsfus,guf-sfus,gufs-fus
gufsfuf,guf-sfuf,gufs-fuf
gufsfux,guf-sfux,gufs-fux
gufsfuC,guf-sfuC,gufs-fuC
gufsvik,guf-svik,gufs-vik
gufsvas,guf-svas,gufs-vas
gufsvur,guf-svur,gufs-vur
gufslim,guf-slim,gufs-lim
gufslid,guf-slid,gufs-lid
gufslig,guf-slig,gufs-lig
gufslip,guf-slip,gufs-lip
gufslis,guf-slis,gufs-lis
gufslif,guf-slif,gufs-lif
gufslix,guf-slix,gufs-lix
gufsliC,guf-sliC,gufs-liC
gufslad,guf-slad,gufs-lad
gufslag,guf-slag,gufs-lag
gufslap,guf-slap,gufs-lap
gufslas,guf-slas,gufs-las
gufslaf,guf-slaf,gufs-laf
gufslax,guf-slax,gufs-lax
gufslaC,guf-slaC,gufs-laC
gufslal,guf-slal,gufs-lal
gufslom,guf-slom,gufs-lom
gufslud,guf-slud,gufs-lud
gufslug,guf-slug,gufs-lug
gufslup,guf-slup,gufs-lup
gufslus,guf-slus,gufs-lus
gufsluf,guf-sluf,gufs-luf
gufslux,guf-slux,gufs-lux
gufsluC,guf-sluC,gufs-luC
gufslur,guf-slur,gufs-lur
guxtxal,gux-txal,guxt-xal
guxtxum,gux-txum,guxt-xum
guxtrin,gux-trin,guxt-rin
guxtrik,gux-trik,guxt-rik
guxtris,gux-tris,guxt-ris
guxtrif,gux-trif,guxt-rif
guxtriC,gux-triC,guxt-riC
guxtret,gux-tret,guxt-ret
guxtrab,gux-trab,guxt-rab
guxtrag,gux-trag,guxt-rag
guxtras,gux-tras,guxt-ras
guxtraf,gux-traf,guxt-raf
guxtraC,gux-traC,guxt-raC
guxtral,gux-tral,guxt-ral
guxtrot,gux-trot,guxt-rot
guxtrum,gux-trum,guxt-rum
guxtrub,gux-trub,guxt-rub
guxtrug,gux-trug,guxt-rug
guxtrus,gux-trus,guxt-rus
guxtruf,gux-truf,guxt-ruf
guxtrux,gux-trux,guxt-rux
guxtruC,gux-truC,guxt-ruC
guxtrul,gux-trul,guxt-rul
gulglip,gul-glip,gulg-lip
gulglix,gul-glix,gulg-lix
gulglen,gul-glen,gulg-len
gulgled,gul-gled,gulg-led
gulglez,gul-glez,gulg-lez
gulglav,gul-glav,gulg-lav
gulglaj,gul-glaj,gulg-laj
gulglob,gul-glob,gulg-lob
gulglot,gul-glot,gulg-lot
gulglok,gul-glok,gulg-lok
gulglor,gul-glor,gulg-lor
gulglux,gul-glux,gulg-lux
gulgriv,gul-griv,gulg-riv
gulgrac,gul-grac,gulg-rac
gulgroq,gul-groq,gulg-roq
gulgruv,gul-gruv,gulg-ruv
gultxal,gul-txal,gult-xal
gultxum,gul-txum,gult-xum
gultrin,gul-trin,gult-rin
gultrik,gul-trik,gult-rik
gultris,gul-tris,gult-ris
gultrif,gul-trif,gult-rif
gultriC,gul-triC,gult-riC
gultret,gul-tret,gult-ret
gultrab,gul-trab,gult-rab
gultrag,gul-trag,gult-rag
gultras,gul-tras,gult-ras
gultraf,gul-traf,gult-raf
gultraC,gul-traC,gult-raC
gultral,gul-tral,gult-ral
gultrot,gul-trot,gult-rot
gultrum,gul-trum,gult-rum
gultrub,gul-trub,gult-rub
gultrug,gul-trug,gult-rug
gultrus,gul-trus,gult-rus
gultruf,gul-truf,gult-ruf
gultrux,gul-trux,gult-rux
gultruC,gul-truC,gult-ruC
gultrul,gul-trul,gult-rul
gulsmin,gul-smin,guls-min
gulsmib,gul-smib,guls-mib
gulsmit,gul-smit,guls-mit
gulsmis,gul-smis,guls-mis
gulsmix,gul-smix,guls-mix
gulsmiC,gul-smiC,guls-miC
gulsmek,gul-smek,guls-mek
gulsmad,gul-smad,guls-mad
gulsmas,gul-smas,guls-mas
gulsmaf,gul-smaf,guls-maf
gulsmax,gul-smax,guls-max
gulsmaC,gul-smaC,guls-maC
gulsmal,gul-smal,guls-mal
gulsmok,gul-smok,guls-mok
gulsmub,gul-smub,guls-mub
gulsmut,gul-smut,guls-mut
gulsmus,gul-smus,guls-mus
gulsmuf,gul-smuf,guls-muf
gulsmux,gul-smux,guls-mux
gulsmuC,gul-smuC,guls-muC
gulsmul,gul-smul,guls-mul
gulsnif,gul-snif,guls-nif
gulsnap,gul-snap,guls-nap
gulsnom,gul-snom,guls-nom
gulspin,gul-spin,guls-pin
gulspib,gul-spib,guls-pib
gulspit,gul-spit,guls-pit
gulspik,gul-spik,guls-pik
gulspis,gul-spis,guls-pis
gulspix,gul-spix,guls-pix
gulspiC,gul-spiC,guls-piC
gulspan,gul-span,guls-pan
gulspak,gul-spak,guls-pak
gulspas,gul-spas,guls-pas
gulspof,gul-spof,guls-pof
gulspum,gul-spum,guls-pum
gulspug,gul-spug,guls-pug
gulspus,gul-spus,guls-pus
gulspul,gul-spul,guls-pul
gulstef,gul-stef,guls-tef
gulstab,gul-stab,guls-tab
gulstat,gul-stat,guls-tat
gulstal,gul-stal,guls-tal
gulstoj,gul-stoj,guls-toj
gulstud,gul-stud,guls-tud
gulstup,gul-stup,guls-tup
gulskim,gul-skim,guls-kim
gulskib,gul-skib,guls-kib
gulskig,gul-skig,guls-kig
gulskit,gul-skit,guls-kit
gulskis,gul-skis,guls-kis
gulskif,gul-skif,guls-kif
gulskix,gul-skix,guls-kix
gulskiC,gul-skiC,guls-kiC
gulskad,gul-skad,guls-kad
gulskag,gul-skag,guls-kag
gulskap,gul-skap,guls-kap
gulskas,gul-skas,guls-kas
gulskaf,gul-skaf,guls-kaf
gulskax,gul-skax,guls-kax
gulskaC,gul-skaC,guls-kaC
gulskal,gul-skal,guls-kal
gulskoq,gul-skoq,guls-koq
gulskud,gul-skud,guls-kud
gulskug,gul-skug,guls-kug
gulskup,gul-skup,guls-kup
gulskuz,gul-skuz,guls-kuz
gulskuf,gul-skuf,guls-kuf
gulskux,gul-skux,guls-kux
gulskul,gul-skul,guls-kul
gulsfim,gul-sfim,guls-fim
gulsfib,gul-sfib,guls-fib
gulsfit,gul-sfit,guls-fit
gulsfis,gul-sfis,guls-fis
gulsfif,gul-sfif,guls-fif
gulsfix,gul-sfix,guls-fix
gulsfiC,gul-sfiC,guls-fiC
gulsfam,gul-sfam,guls-fam
gulsfab,gul-sfab,guls-fab
gulsfag,gul-sfag,guls-fag
gulsfat,gul-sfat,guls-fat
gulsfaf,gul-sfaf,guls-faf
gulsfax,gul-sfax,guls-fax
gulsfaC,gul-sfaC,guls-faC
gulsfal,gul-sfal,guls-fal
gulsfum,gul-sfum,guls-fum
gulsfub,gul-sfub,guls-fub
gulsfug,gul-sfug,guls-fug
gulsfut,gul-sfut,guls-fut
gulsfus,gul-sfus,guls-fus
gulsfuf,gul-sfuf,guls-fuf
gulsfux,gul-sfux,guls-fux
gulsfuC,gul-sfuC,guls-fuC
gulsvik,gul-svik,guls-vik
gulsvas,gul-svas,guls-vas
gulsvur,gul-svur,guls-vur
gulslim,gul-slim,guls-lim
gulslid,gul-slid,guls-lid
gulslig,gul-slig,guls-lig
gulslip,gul-slip,guls-lip
gulslis,gul-slis,guls-lis
gulslif,gul-slif,guls-lif
gulslix,gul-slix,guls-lix
gulsliC,gul-sliC,guls-liC
gulslad,gul-slad,guls-lad
gulslag,gul-slag,guls-lag
gulslap,gul-slap,guls-lap
gulslas,gul-slas,guls-las
gulslaf,gul-slaf,guls-laf
gulslax,gul-slax,guls-lax
gulslaC,gul-slaC,guls-laC
gulslal,gul-slal,guls-lal
gulslom,gul-slom,guls-lom
gulslud,gul-slud,guls-lud
gulslug,gul-slug,guls-lug
gulslup,gul-slup,guls-lup
gulslus,gul-slus,guls-lus
gulsluf,gul-sluf,guls-luf
gulslux,gul-slux,guls-lux
gulsluC,gul-sluC,guls-luC
gulslur,gul-slur,guls-lur
pinksim,pin-ksim,pink-sim
pinksib,pin-ksib,pink-sib
pinksig,pin-ksig,pink-sig
pinksit,pin-ksit,pink-sit
pinksis,pin-ksis,pink-sis
pinksif,pin-ksif,pink-sif
pinksix,pin-ksix,pink-six
pinksiC,pin-ksiC,pink-siC
pinksam,pin-ksam,pink-sam
pinksab,pin-ksab,pink-sab
pinksag,pin-ksag,pink-sag
pinksat,pin-ksat,pink-sat
pinksas,pin-ksas,pink-sas
pinksaf,pin-ksaf,pink-saf
pinksax,pin-ksax,pink-sax
pinksaC,pin-ksaC,pink-saC
pinksal,pin-ksal,pink-sal
pinksum,pin-ksum,pink-sum
pinksub,pin-ksub,pink-sub
pinksug,pin-ksug,pink-sug
pinksut,pin-ksut,pink-sut
pinksus,pin-ksus,pink-sus
pinksuf,pin-ksuf,pink-suf
pinksux,pin-ksux,pink-sux
pinksuC,pin-ksuC,pink-suC
pinksul,pin-ksul,pink-sul
pinklek,pin-klek,pink-lek
pinkloz,pin-kloz,pink-loz
pitxnim,pit-xnim,pitx-nim
pitxnib,pit-xnib,pitx-nib
pitxnig,pit-xnig,pitx-nig
pitxnit,pit-xnit,pitx-nit
pitxnis,pit-xnis,pitx-nis
pitxnif,pit-xnif,pitx-nif
pitxnix,pit-xnix,pitx-nix
pitxniC,pit-xniC,pitx-niC
pitxnam,pit-xnam,pitx-nam
pitxnab,pit-xnab,pitx-nab
pitxnag,pit-xnag,pitx-nag
pitxnat,pit-xnat,pitx-nat
pitxnas,pit-xnas,pitx-nas
pitxnaf,pit-xnaf,pitx-naf
pitxnax,pit-xnax,pitx-nax
pitxnaC,pit-xnaC,pitx-naC
pitxnal,pit-xnal,pitx-nal
pitxnum,pit-xnum,pitx-num
pitxnub,pit-xnub,pitx-nub
pitxnug,pit-xnug,pitx-nug
pitxnut,pit-xnut,pitx-nut
pitxnus,pit-xnus,pitx-nus
pitxnuf,pit-xnuf,pitx-nuf
pitxnux,pit-xnux,pitx-nux
pitxnuC,pit-xnuC,pitx-nuC
pitxnul,pit-xnul,pitx-nul
pitxkim,pit-xkim,pitx-kim
pitxkib,pit-xkib,pitx-kib
pitxkig,pit-xkig,pitx-kig
pitxkit,pit-xkit,pitx-kit
pitxkis,pit-xkis,pitx-kis
pitxkif,pit-xkif,pitx-kif
pitxkix,pit-xkix,pitx-kix
pitxkiC,pit-xkiC,pitx-kiC
pitxkam,pit-xkam,pitx-kam
pitxkab,pit-xkab,pitx-kab
pitxkag,pit-xkag,pitx-kag
pitxkat,pit-xkat,pitx-kat
pitxkas,pit-xkas,pitx-kas
pitxkaf,pit-xkaf,pitx-kaf
pitxkax,pit-xkax,pitx-kax
pitxkaC,pit-xkaC,pitx-kaC
pitxkal,pit-xkal,pitx-kal
pitxkum,pit-xkum,pitx-kum
pitxkub,pit-xkub,pitx-kub
pitxkug,pit-xkug,pitx-kug
pitxkut,pit-xkut,pitx-kut
pitxkus,pit-xkus,pitx-kus
pitxkuf,pit-xkuf,pitx-kuf
pitxkux,pit-xkux,pitx-kux
pitxkuC,pit-xkuC,pitx-kuC
pitxkul,pit-xkul,pitx-kul
pitxlim,pit-xlim,pitx-lim
pitxlib,pit-xlib,pitx-lib
pitxlit,pit-xlit,pitx-lit
pitxlik,pit-xlik,pitx-lik
pitxlis,pit-xlis,pitx-lis
pitxlif,pit-xlif,pitx-lif
pitxlix,pit-xlix,pitx-lix
pitxliC,pit-xliC,pitx-liC
pitxlam,pit-xlam,pitx-lam
pitxlab,pit-xlab,pitx-lab
pitxlag,pit-xlag,pitx-lag
pitxlat,pit-xlat,pitx-lat
pitxlas,pit-xlas,pitx-las
pitxlav,pit-xlav,pitx-lav
pitxlax,pit-xlax,pitx-lax
pitxlal,pit-xlal,pitx-lal
pitxlum,pit-xlum,pitx-lum
pitxlub,pit-xlub,pitx-lub
pitxlug,pit-xlug,pitx-lug
pitxlut,pit-xlut,pitx-lut
pitxlus,pit-xlus,pitx-lus
pitxluf,pit-xluf,pitx-luf
pitxlux,pit-xlux,pitx-lux
pitxluC,pit-xluC,pitx-luC
pitxlul,pit-xlul,pitx-lul
paqksim,paq-ksim,paqk-sim
paqksib,paq-ksib,paqk-sib
paqksig,paq-ksig,paqk-sig
paqksit,paq-ksit,paqk-sit
paqksis,paq-ksis,paqk-sis
paqksif,paq-ksif,paqk-sif
paqksix,paq-ksix,paqk-six
paqksiC,paq-ksiC,paqk-siC
paqksam,paq-ksam,paqk-sam
paqksab,paq-ksab,paqk-sab
paqksag,paq-ksag,paqk-sag
paqksat,paq-ksat,paqk-sat
paqksas,paq-ksas,paqk-sas
paqksaf,paq-ksaf,paqk-saf
paqksax,paq-ksax,paqk-sax
paqksaC,paq-ksaC,paqk-saC
paqksal,paq-ksal,paqk-sal
paqksum,paq-ksum,paqk-sum
paqksub,paq-ksub,paqk-sub
paqksug,paq-ksug,paqk-sug
paqksut,paq-ksut,paqk-sut
paqksus,paq-ksus,paqk-sus
paqksuf,paq-ksuf,paqk-suf
paqksux,paq-ksux,paqk-sux
paqksuC,paq-ksuC,paqk-suC
paqksul,paq-ksul,paqk-sul
paqklek,paq-klek,paqk-lek
paqkloz,paq-kloz,paqk-loz
partxal,par-txal,part-xal
partxum,par-txum,part-xum
partrin,par-trin,part-rin
partrik,par-trik,part-rik
partris,par-tris,part-ris
partrif,par-trif,part-rif
partriC,par-triC,part-riC
partret,par-tret,part-ret
partrab,par-trab,part-rab
partrag,par-trag,part-rag
partras,par-tras,part-ras
partraf,par-traf,part-raf
partraC,par-traC,part-raC
partral,par-tral,part-ral
partrot,par-trot,part-rot
partrum,par-trum,part-rum
partrub,par-trub,part-rub
partrug,par-trug,part-rug
partrus,par-trus,part-rus
partruf,par-truf,part-ruf
partrux,par-trux,part-rux
partruC,par-truC,part-ruC
partrul,par-trul,part-rul
parksim,par-ksim,park-sim
parksib,par-ksib,park-sib
parksig,par-ksig,park-sig
parksit,par-ksit,park-sit
parksis,par-ksis,park-sis
parksif,par-ksif,park-sif
parksix,par-ksix,park-six
parksiC,par-ksiC,park-siC
parksam,par-ksam,park-sam
parksab,par-ksab,park-sab
parksag,par-ksag,park-sag
parksat,par-ksat,park-sat
parksas,par-ksas,park-sas
parksaf,par-ksaf,park-saf
parksax,par-ksax,park-sax
parksaC,par-ksaC,park-saC
parksal,par-ksal,park-sal
parksum,par-ksum,park-sum
parksub,par-ksub,park-sub
parksug,par-ksug,park-sug
parksut,par-ksut,park-sut
parksus,par-ksus,park-sus
parksuf,par-ksuf,park-suf
parksux,par-ksux,park-sux
parksuC,par-ksuC,park-suC
parksul,par-ksul,park-sul
parklek,par-klek,park-lek
parkloz,par-kloz,park-loz
posksim,pos-ksim,posk-sim
posksib,pos-ksib,posk-sib
posksig,pos-ksig,posk-sig
posksit,pos-ksit,posk-sit
posksis,pos-ksis,posk-sis
posksif,pos-ksif,posk-sif
posksix,pos-ksix,posk-six
posksiC,pos-ksiC,posk-siC
posksam,pos-ksam,posk-sam
posksab,pos-ksab,posk-sab
posksag,pos-ksag,posk-sag
posksat,pos-ksat,posk-sat
posksas,pos-ksas,posk-sas
posksaf,pos-ksaf,posk-saf
posksax,pos-ksax,posk-sax
posksaC,pos-ksaC,posk-saC
posksal,pos-ksal,posk-sal
posksum,pos-ksum,posk-sum
posksub,pos-ksub,posk-sub
posksug,pos-ksug,posk-sug
posksut,pos-ksut,posk-sut
posksus,pos-ksus,posk-sus
posksuf,pos-ksuf,posk-suf
posksux,pos-ksux,posk-sux
posksuC,pos-ksuC,posk-suC
posksul,pos-ksul,posk-sul
posklek,pos-klek,posk-lek
poskloz,pos-kloz,posk-loz
timdjin,tim-djin,timd-jin
timdjid,tim-djid,timd-jid
timdjip,tim-djip,timd-jip
timdjiz,tim-djiz,timd-jiz
timdjif,tim-djif,timd-jif
timdjix,tim-djix,timd-jix
timdjek,tim-djek,timd-jek
timdjam,tim-djam,timd-jam
timdjab,tim-djab,timd-jab
timdjat,tim-djat,timd-jat
timdjas,tim-djas,timd-jas
timdjaf,tim-djaf,timd-jaf
timdjax,tim-djax,timd-jax
timdjaC,tim-djaC,timd-jaC
timdjok,tim-djok,timd-jok
timdjud,tim-djud,timd-jud
timdjup,tim-djup,timd-jup
timdjus,tim-djus,timd-jus
timdjuf,tim-djuf,timd-juf
timdjux,tim-djux,timd-jux
timdjuC,tim-djuC,timd-juC
timdjul,tim-djul,timd-jul
timdrib,tim-drib,timd-rib
timdrix,tim-drix,timd-rix
timdram,tim-dram,timd-ram
timdrax,tim-drax,timd-rax
timplib,tim-plib,timp-lib
timplix,tim-plix,timp-lix
timplan,tim-plan,timp-lan
timplax,tim-plax,timp-lax
tipflid,tip-flid,tipf-lid
tipflip,tip-flip,tipf-lip
tipflif,tip-flif,tipf-lif
tipflem,tip-flem,tipf-lem
tipflek,tip-flek,tipf-lek
tipfleC,tip-fleC,tipf-leC
tipflad,tip-flad,tipf-lad
tipflap,tip-flap,tipf-lap
tipflaf,tip-flaf,tipf-laf
tipflax,tip-flax,tipf-lax
tipflom,tip-flom,tipf-lom
tipflok,tip-flok,tipf-lok
tipflor,tip-flor,tipf-lor
tipflud,tip-flud,tipf-lud
tipflup,tip-flup,tipf-lup
tipfluz,tip-fluz,tipf-luz
tipfluf,tip-fluf,tipf-luf
tipflux,tip-flux,tipf-lux
tipfris,tip-fris,tipf-ris
tipfrix,tip-frix,tipf-rix
tipfras,tip-fras,tipf-ras
titsmin,tit-smin,tits-min
titsmib,tit-smib,tits-mib
titsmit,tit-smit,tits-mit
titsmis,tit-smis,tits-mis
titsmix,tit-smix,tits-mix
titsmiC,tit-smiC,tits-miC
titsmek,tit-smek,tits-mek
titsmad,tit-smad,tits-mad
titsmas,tit-smas,tits-mas
titsmaf,tit-smaf,tits-maf
titsmax,tit-smax,tits-max
titsmaC,tit-smaC,tits-maC
titsmal,tit-smal,tits-mal
titsmok,tit-smok,tits-mok
titsmub,tit-smub,tits-mub
titsmut,tit-smut,tits-mut
titsmus,tit-smus,tits-mus
titsmuf,tit-smuf,tits-muf
titsmux,tit-smux,tits-mux
titsmuC,tit-smuC,tits-muC
titsmul,tit-smul,tits-mul
titsnif,tit-snif,tits-nif
titsnap,tit-snap,tits-nap
titsnom,tit-snom,tits-nom
titspin,tit-spin,tits-pin
titspib,tit-spib,tits-pib
titspit,tit-spit,tits-pit
titspik,tit-spik,tits-pik
titspis,tit-spis,tits-pis
titspix,tit-spix,tits-pix
titspiC,tit-spiC,tits-piC
titspan,tit-span,tits-pan
titspak,tit-spak,tits-pak
titspas,tit-spas,tits-pas
titspof,tit-spof,tits-pof
titspum,tit-spum,tits-pum
titspug,tit-spug,tits-pug
titspus,tit-spus,tits-pus
titspul,tit-spul,tits-pul
titstef,tit-stef,tits-tef
titstab,tit-stab,tits-tab
titstat,tit-stat,tits-tat
titstal,tit-stal,tits-tal
titstoj,tit-stoj,tits-toj
titstud,tit-stud,tits-tud
titstup,tit-stup,tits-tup
titskim,tit-skim,tits-kim
titskib,tit-skib,tits-kib
titskig,tit-skig,tits-kig
titskit,tit-skit,tits-kit
titskis,tit-skis,tits-kis
titskif,tit-skif,tits-kif
titskix,tit-skix,tits-kix
titskiC,tit-skiC,tits-kiC
titskad,tit-skad,tits-kad
titskag,tit-skag,tits-kag
titskap,tit-skap,tits-kap
titskas,tit-skas,tits-kas
titskaf,tit-skaf,tits-kaf
titskax,tit-skax,tits-kax
titskaC,tit-skaC,tits-kaC
titskal,tit-skal,tits-kal
titskoq,tit-skoq,tits-koq
titskud,tit-skud,tits-kud
titskug,tit-skug,tits-kug
titskup,tit-skup,tits-kup
titskuz,tit-skuz,tits-kuz
titskuf,tit-skuf,tits-kuf
titskux,tit-skux,tits-kux
titskul,tit-skul,tits-kul
titsfim,tit-sfim,tits-fim
titsfib,tit-sfib,tits-fib
titsfit,tit-sfit,tits-fit
titsfis,tit-sfis,tits-fis
titsfif,tit-sfif,tits-fif
titsfix,tit-sfix,tits-fix
titsfiC,tit-sfiC,tits-fiC
titsfam,tit-sfam,tits-fam
titsfab,tit-sfab,tits-fab
titsfag,tit-sfag,tits-fag
titsfat,tit-sfat,tits-fat
titsfaf,tit-sfaf,tits-faf
titsfax,tit-sfax,tits-fax
titsfaC,tit-sfaC,tits-faC
titsfal,tit-sfal,tits-fal
titsfum,tit-sfum,tits-fum
titsfub,tit-sfub,tits-fub
titsfug,tit-sfug,tits-fug
titsfut,tit-sfut,tits-fut
titsfus,tit-sfus,tits-fus
titsfuf,tit-sfuf,tits-fuf
titsfux,tit-sfux,tits-fux
titsfuC,tit-sfuC,tits-fuC
titsvik,tit-svik,tits-vik
titsvas,tit-svas,tits-vas
titsvur,tit-svur,tits-vur
titslim,tit-slim,tits-lim
titslid,tit-slid,tits-lid
titslig,tit-slig,tits-lig
titslip,tit-slip,tits-lip
titslis,tit-slis,tits-lis
titslif,tit-slif,tits-lif
titslix,tit-slix,tits-lix
titsliC,tit-sliC,tits-liC
titslad,tit-slad,tits-lad
titslag,tit-slag,tits-lag
titslap,tit-slap,tits-lap
titslas,tit-slas,tits-las
titslaf,tit-slaf,tits-laf
titslax,tit-slax,tits-lax
titslaC,tit-slaC,tits-laC
titslal,tit-slal,tits-lal
titslom,tit-slom,tits-lom
titslud,tit-slud,tits-lud
titslug,tit-slug,tits-lug
titslup,tit-slup,tits-lup
titslus,tit-slus,tits-lus
titsluf,tit-sluf,tits-luf
titslux,tit-slux,tits-lux
titsluC,tit-sluC,tits-luC
titslur,tit-slur,tits-lur
tikxnim,tik-xnim,tikx-nim
tikxnib,tik-xnib,tikx-nib
tikxnig,tik-xnig,tikx-nig
tikxnit,tik-xnit,tikx-nit
tikxnis,tik-xnis,tikx-nis
tikxnif,tik-xnif,tikx-nif
tikxnix,tik-xnix,tikx-nix
tikxniC,tik-xniC,tikx-niC
tikxnam,tik-xnam,tikx-nam
tikxnab,tik-xnab,tikx-nab
tikxnag,tik-xnag,tikx-nag
tikxnat,tik-xnat,tikx-nat
tikxnas,tik-xnas,tikx-nas
tikxnaf,tik-xnaf,tikx-naf
tikxnax,tik-xnax,tikx-nax
tikxnaC,tik-xnaC,tikx-naC
tikxnal,tik-xnal,tikx-nal
tikxnum,tik-xnum,tikx-num
tikxnub,tik-xnub,tikx-nub
tikxnug,tik-xnug,tikx-nug
tikxnut,tik-xnut,tikx-nut
tikxnus,tik-xnus,tikx-nus
tikxnuf,tik-xnuf,tikx-nuf
tikxnux,tik-xnux,tikx-nux
tikxnuC,tik-xnuC,tikx-nuC
tikxnul,tik-xnul,tikx-nul
tikxkim,tik-xkim,tikx-kim
tikxkib,tik-xkib,tikx-kib
tikxkig,tik-xkig,tikx-kig
tikxkit,tik-xkit,tikx-kit
tikxkis,tik-xkis,tikx-kis
tikxkif,tik-xkif,tikx-kif
tikxkix,tik-xkix,tikx-kix
tikxkiC,tik-xkiC,tikx-kiC
tikxkam,tik-xkam,tikx-kam
tikxkab,tik-xkab,tikx-kab
tikxkag,tik-xkag,tikx-kag
tikxkat,tik-xkat,tikx-kat
tikxkas,tik-xkas,tikx-kas
tikxkaf,tik-xkaf,tikx-kaf
tikxkax,tik-xkax,tikx-kax
tikxkaC,tik-xkaC,tikx-kaC
tikxkal,tik-xkal,tikx-kal
tikxkum,tik-xkum,tikx-kum
tikxkub,tik-xkub,tikx-kub
tikxkug,tik-xkug,tikx-kug
tikxkut,tik-xkut,tikx-kut
tikxkus,tik-xkus,tikx-kus
tikxkuf,tik-xkuf,tikx-kuf
tikxkux,tik-xkux,tikx-kux
tikxkuC,tik-xkuC,tikx-kuC
tikxkul,tik-xkul,tikx-kul
tikxlim,tik-xlim,tikx-lim
tikxlib,tik-xlib,tikx-lib
tikxlit,tik-xlit,tikx-lit
tikxlik,tik-xlik,tikx-lik
tikxlis,tik-xlis,tikx-lis
tikxlif,tik-xlif,tikx-lif
tikxlix,tik-xlix,tikx-lix
tikxliC,tik-xliC,tikx-liC
tikxlam,tik-xlam,tikx-lam
tikxlab,tik-xlab,tikx-lab
tikxlag,tik-xlag,tikx-lag
tikxlat,tik-xlat,tikx-lat
tikxlas,tik-xlas,tikx-las
tikxlav,tik-xlav,tikx-lav
tikxlax,tik-xlax,tikx-lax
tikxlal,tik-xlal,tikx-lal
tikxlum,tik-xlum,tikx-lum
tikxlub,tik-xlub,tikx-lub
tikxlug,tik-xlug,tikx-lug
tikxlut,tik-xlut,tikx-lut
tikxlus,tik-xlus,tikx-lus
tikxluf,tik-xluf,tikx-luf
tikxlux,tik-xlux,tikx-lux
tikxluC,tik-xluC,tikx-luC
tikxlul,tik-xlul,tikx-lul
tisksim,tis-ksim,tisk-sim
tisksib,tis-ksib,tisk-sib
tisksig,tis-ksig,tisk-sig
tisksit,tis-ksit,tisk-sit
tisksis,tis-ksis,tisk-sis
tisksif,tis-ksif,tisk-sif
tisksix,tis-ksix,tisk-six
tisksiC,tis-ksiC,tisk-siC
tisksam,tis-ksam,tisk-sam
tisksab,tis-ksab,tisk-sab
tisksag,tis-ksag,tisk-sag
tisksat,tis-ksat,tisk-sat
tisksas,tis-ksas,tisk-sas
tisksaf,tis-ksaf,tisk-saf
tisksax,tis-ksax,tisk-sax
tisksaC,tis-ksaC,tisk-saC
tisksal,tis-ksal,tisk-sal
tisksum,tis-ksum,tisk-sum
tisksub,tis-ksub,tisk-sub
tisksug,tis-ksug,tisk-sug
tisksut,tis-ksut,tisk-sut
tisksus,tis-ksus,tisk-sus
tisksuf,tis-ksuf,tisk-suf
tisksux,tis-ksux,tisk-sux
tisksuC,tis-ksuC,tisk-suC
tisksul,tis-ksul,tisk-sul
tisklek,tis-klek,tisk-lek
tiskloz,tis-kloz,tisk-loz
tiftxal,tif-txal,tift-xal
tiftxum,tif-txum,tift-xum
tiftrin,tif-trin,tift-rin
tiftrik,tif-trik,tift-rik
tiftris,tif-tris,tift-ris
tiftrif,tif-trif,tift-rif
tiftriC,tif-triC,tift-riC
tiftret,tif-tret,tift-ret
tiftrab,tif-trab,tift-rab
tiftrag,tif-trag,tift-rag
tiftras,tif-tras,tift-ras
tiftraf,tif-traf,tift-raf
tiftraC,tif-traC,tift-raC
tiftral,tif-tral,tift-ral
tiftrot,tif-trot,tift-rot
tiftrum,tif-trum,tift-rum
tiftrub,tif-trub,tift-rub
tiftrug,tif-trug,tift-rug
tiftrus,tif-trus,tift-rus
tiftruf,tif-truf,tift-ruf
tiftrux,tif-trux,tift-rux
tiftruC,tif-truC,tift-ruC
tiftrul,tif-trul,tift-rul
tifsmin,tif-smin,tifs-min
tifsmib,tif-smib,tifs-mib
tifsmit,tif-smit,tifs-mit
tifsmis,tif-smis,tifs-mis
tifsmix,tif-smix,tifs-mix
tifsmiC,tif-smiC,tifs-miC
tifsmek,tif-smek,tifs-mek
tifsmad,tif-smad,tifs-mad
tifsmas,tif-smas,tifs-mas
tifsmaf,tif-smaf,tifs-maf
tifsmax,tif-smax,tifs-max
tifsmaC,tif-smaC,tifs-maC
tifsmal,tif-smal,tifs-mal
tifsmok,tif-smok,tifs-mok
tifsmub,tif-smub,tifs-mub
tifsmut,tif-smut,tifs-mut
tifsmus,tif-smus,tifs-mus
tifsmuf,tif-smuf,tifs-muf
tifsmux,tif-smux,tifs-mux
tifsmuC,tif-smuC,tifs-muC
tifsmul,tif-smul,tifs-mul
tifsnif,tif-snif,tifs-nif
tifsnap,tif-snap,tifs-nap
tifsnom,tif-snom,tifs-nom
tifspin,tif-spin,tifs-pin
tifspib,tif-spib,tifs-pib
tifspit,tif-spit,tifs-pit
tifspik,tif-spik,tifs-pik
tifspis,tif-spis,tifs-pis
tifspix,tif-spix,tifs-pix
tifspiC,tif-spiC,tifs-piC
tifspan,tif-span,tifs-pan
tifspak,tif-spak,tifs-pak
tifspas,tif-spas,tifs-pas
tifspof,tif-spof,tifs-pof
tifspum,tif-spum,tifs-pum
tifspug,tif-spug,tifs-pug
tifspus,tif-spus,tifs-pus
tifspul,tif-spul,tifs-pul
tifstef,tif-stef,tifs-tef
tifstab,tif-stab,tifs-tab
tifstat,tif-stat,tifs-tat
tifstal,tif-stal,tifs-tal
tifstoj,tif-stoj,tifs-toj
tifstud,tif-stud,tifs-tud
tifstup,tif-stup,tifs-tup
tifskim,tif-skim,tifs-kim
tifskib,tif-skib,tifs-kib
tifskig,tif-skig,tifs-kig
tifskit,tif-skit,tifs-kit
tifskis,tif-skis,tifs-kis
tifskif,tif-skif,tifs-kif
tifskix,tif-skix,tifs-kix
tifskiC,tif-skiC,tifs-kiC
tifskad,tif-skad,tifs-kad
tifskag,tif-skag,tifs-kag
tifskap,tif-skap,tifs-kap
tifskas,tif-skas,tifs-kas
tifskaf,tif-skaf,tifs-kaf
tifskax,tif-skax,tifs-kax
tifskaC,tif-skaC,tifs-kaC
tifskal,tif-skal,tifs-kal
tifskoq,tif-skoq,tifs-koq
tifskud,tif-skud,tifs-kud
tifskug,tif-skug,tifs-kug
tifskup,tif-skup,tifs-kup
tifskuz,tif-skuz,tifs-kuz
tifskuf,tif-skuf,tifs-kuf
tifskux,tif-skux,tifs-kux
tifskul,tif-skul,tifs-kul
tifsfim,tif-sfim,tifs-fim
tifsfib,tif-sfib,tifs-fib
tifsfit,tif-sfit,tifs-fit
tifsfis,tif-sfis,tifs-fis
tifsfif,tif-sfif,tifs-fif
tifsfix,tif-sfix,tifs-fix
tifsfiC,tif-sfiC,tifs-fiC
tifsfam,tif-sfam,tifs-fam
tifsfab,tif-sfab,tifs-fab
tifsfag,tif-sfag,tifs-fag
tifsfat,tif-sfat,tifs-fat
tifsfaf,tif-sfaf,tifs-faf
tifsfax,tif-sfax,tifs-fax
tifsfaC,tif-sfaC,tifs-faC
tifsfal,tif-sfal,tifs-fal
tifsfum,tif-sfum,tifs-fum
tifsfub,tif-sfub,tifs-fub
tifsfug,tif-sfug,tifs-fug
tifsfut,tif-sfut,tifs-fut
tifsfus,tif-sfus,tifs-fus
tifsfuf,tif-sfuf,tifs-fuf
tifsfux,tif-sfux,tifs-fux
tifsfuC,tif-sfuC,tifs-fuC
tifsvik,tif-svik,tifs-vik
tifsvas,tif-svas,tifs-vas
tifsvur,tif-svur,tifs-vur
tifslim,tif-slim,tifs-lim
tifslid,tif-slid,tifs-lid
tifslig,tif-slig,tifs-lig
tifslip,tif-slip,tifs-lip
tifslis,tif-slis,tifs-lis
tifslif,tif-slif,tifs-lif
tifslix,tif-slix,tifs-lix
tifsliC,tif-sliC,tifs-liC
tifslad,tif-slad,tifs-lad
tifslag,tif-slag,tifs-lag
tifslap,tif-slap,tifs-lap
tifslas,tif-slas,tifs-las
tifslaf,tif-slaf,tifs-laf
tifslax,tif-slax,tifs-lax
tifslaC,tif-slaC,tifs-laC
tifslal,tif-slal,tifs-lal
tifslom,tif-slom,tifs-lom
tifslud,tif-slud,tifs-lud
tifslug,tif-slug,tifs-lug
tifslup,tif-slup,tifs-lup
tifslus,tif-slus,tifs-lus
tifsluf,tif-sluf,tifs-luf
tifslux,tif-slux,tifs-lux
tifsluC,tif-sluC,tifs-luC
tifslur,tif-slur,tifs-lur
tixtxal,tix-txal,tixt-xal
tixtxum,tix-txum,tixt-xum
tixtrin,tix-trin,tixt-rin
tixtrik,tix-trik,tixt-rik
tixtris,tix-tris,tixt-ris
tixtrif,tix-trif,tixt-rif
tixtriC,tix-triC,tixt-riC
tixtret,tix-tret,tixt-ret
tixtrab,tix-trab,tixt-rab
tixtrag,tix-trag,tixt-rag
tixtras,tix-tras,tixt-ras
tixtraf,tix-traf,tixt-raf
tixtraC,tix-traC,tixt-raC
tixtral,tix-tral,tixt-ral
tixtrot,tix-trot,tixt-rot
tixtrum,tix-trum,tixt-rum
tixtrub,tix-trub,tixt-rub
tixtrug,tix-trug,tixt-rug
tixtrus,tix-trus,tixt-rus
tixtruf,tix-truf,tixt-ruf
tixtrux,tix-trux,tixt-rux
tixtruC,tix-truC,tixt-ruC
tixtrul,tix-trul,tixt-rul
testxal,tes-txal,test-xal
testxum,tes-txum,test-xum
testrin,tes-trin,test-rin
testrik,tes-trik,test-rik
testris,tes-tris,test-ris
testrif,tes-trif,test-rif
testriC,tes-triC,test-riC
testret,tes-tret,test-ret
testrab,tes-trab,test-rab
testrag,tes-trag,test-rag
testras,tes-tras,test-ras
testraf,tes-traf,test-raf
testraC,tes-traC,test-raC
testral,tes-tral,test-ral
testrot,tes-trot,test-rot
testrum,tes-trum,test-rum
testrub,tes-trub,test-rub
testrug,tes-trug,test-rug
testrus,tes-trus,test-rus
testruf,tes-truf,test-ruf
testrux,tes-trux,test-rux
testruC,tes-truC,test-ruC
testrul,tes-trul,test-rul
tamdjin,tam-djin,tamd-jin
tamdjid,tam-djid,tamd-jid
tamdjip,tam-djip,tamd-jip
tamdjiz,tam-djiz,tamd-jiz
tamdjif,tam-djif,tamd-jif
tamdjix,tam-djix,tamd-jix
tamdjek,tam-djek,tamd-jek
tamdjam,tam-djam,tamd-jam
tamdjab,tam-djab,tamd-jab
tamdjat,tam-djat,tamd-jat
tamdjas,tam-djas,tamd-jas
tamdjaf,tam-djaf,tamd-jaf
tamdjax,tam-djax,tamd-jax
tamdjaC,tam-djaC,tamd-jaC
tamdjok,tam-djok,tamd-jok
tamdjud,tam-djud,tamd-jud
tamdjup,tam-djup,tamd-jup
tamdjus,tam-djus,tamd-jus
tamdjuf,tam-djuf,tamd-juf
tamdjux,tam-djux,tamd-jux
tamdjuC,tam-djuC,tamd-juC
tamdjul,tam-djul,tamd-jul
tamdrib,tam-drib,tamd-rib
tamdrix,tam-drix,tamd-rix
tamdram,tam-dram,tamd-ram
tamdrax,tam-drax,tamd-rax
tamplib,tam-plib,tamp-lib
tamplix,tam-plix,tamp-lix
tamplan,tam-plan,tamp-lan
tamplax,tam-plax,tamp-lax
tapflid,tap-flid,tapf-lid
tapflip,tap-flip,tapf-lip
tapflif,tap-flif,tapf-lif
tapflem,tap-flem,tapf-lem
tapflek,tap-flek,tapf-lek
tapfleC,tap-fleC,tapf-leC
tapflad,tap-flad,tapf-lad
tapflap,tap-flap,tapf-lap
tapflaf,tap-flaf,tapf-laf
tapflax,tap-flax,tapf-lax
tapflom,tap-flom,tapf-lom
tapflok,tap-flok,tapf-lok
tapflor,tap-flor,tapf-lor
tapflud,tap-flud,tapf-lud
tapflup,tap-flup,tapf-lup
tapfluz,tap-fluz,tapf-luz
tapfluf,tap-fluf,tapf-luf
tapflux,tap-flux,tapf-lux
tapfris,tap-fris,tapf-ris
tapfrix,tap-frix,tapf-rix
tapfras,tap-fras,tapf-ras
tatsmin,tat-smin,tats-min
tatsmib,tat-smib,tats-mib
tatsmit,tat-smit,tats-mit
tatsmis,tat-smis,tats-mis
tatsmix,tat-smix,tats-mix
tatsmiC,tat-smiC,tats-miC
tatsmek,tat-smek,tats-mek
tatsmad,tat-smad,tats-mad
tatsmas,tat-smas,tats-mas
tatsmaf,tat-smaf,tats-maf
tatsmax,tat-smax,tats-max
tatsmaC,tat-smaC,tats-maC
tatsmal,tat-smal,tats-mal
tatsmok,tat-smok,tats-mok
tatsmub,tat-smub,tats-mub
tatsmut,tat-smut,tats-mut
tatsmus,tat-smus,tats-mus
tatsmuf,tat-smuf,tats-muf
tatsmux,tat-smux,tats-mux
tatsmuC,tat-smuC,tats-muC
tatsmul,tat-smul,tats-mul
tatsnif,tat-snif,tats-nif
tatsnap,tat-snap,tats-nap
tatsnom,tat-snom,tats-nom
tatspin,tat-spin,tats-pin
tatspib,tat-spib,tats-pib
tatspit,tat-spit,tats-pit
tatspik,tat-spik,tats-pik
tatspis,tat-spis,tats-pis
tatspix,tat-spix,tats-pix
tatspiC,tat-spiC,tats-piC
tatspan,tat-span,tats-pan
tatspak,tat-spak,tats-pak
tatspas,tat-spas,tats-pas
tatspof,tat-spof,tats-pof
tatspum,tat-spum,tats-pum
tatspug,tat-spug,tats-pug
tatspus,tat-spus,tats-pus
tatspul,tat-spul,tats-pul
tatstef,tat-stef,tats-tef
tatstab,tat-stab,tats-tab
tatstat,tat-stat,tats-tat
tatstal,tat-stal,tats-tal
tatstoj,tat-stoj,tats-toj
tatstud,tat-stud,tats-tud
tatstup,tat-stup,tats-tup
tatskim,tat-skim,tats-kim
tatskib,tat-skib,tats-kib
tatskig,tat-skig,tats-kig
tatskit,tat-skit,tats-kit
tatskis,tat-skis,tats-kis
tatskif,tat-skif,tats-kif
tatskix,tat-skix,tats-kix
tatskiC,tat-skiC,tats-kiC
tatskad,tat-skad,tats-kad
tatskag,tat-skag,tats-kag
tatskap,tat-skap,tats-kap
tatskas,tat-skas,tats-kas
tatskaf,tat-skaf,tats-kaf
tatskax,tat-skax,tats-kax
tatskaC,tat-skaC,tats-kaC
tatskal,tat-skal,tats-kal
tatskoq,tat-skoq,tats-koq
tatskud,tat-skud,tats-kud
tatskug,tat-skug,tats-kug
tatskup,tat-skup,tats-kup
tatskuz,tat-skuz,tats-kuz
tatskuf,tat-skuf,tats-kuf
tatskux,tat-skux,tats-kux
tatskul,tat-skul,tats-kul
tatsfim,tat-sfim,tats-fim
tatsfib,tat-sfib,tats-fib
tatsfit,tat-sfit,tats-fit
tatsfis,tat-sfis,tats-fis
tatsfif,tat-sfif,tats-fif
tatsfix,tat-sfix,tats-fix
tatsfiC,tat-sfiC,tats-fiC
tatsfam,tat-sfam,tats-fam
tatsfab,tat-sfab,tats-fab
tatsfag,tat-sfag,tats-fag
tatsfat,tat-sfat,tats-fat
tatsfaf,tat-sfaf,tats-faf
tatsfax,tat-sfax,tats-fax
tatsfaC,tat-sfaC,tats-faC
tatsfal,tat-sfal,tats-fal
tatsfum,tat-sfum,tats-fum
tatsfub,tat-sfub,tats-fub
tatsfug,tat-sfug,tats-fug
tatsfut,tat-sfut,tats-fut
tatsfus,tat-sfus,tats-fus
tatsfuf,tat-sfuf,tats-fuf
tatsfux,tat-sfux,tats-fux
tatsfuC,tat-sfuC,tats-fuC
tatsvik,tat-svik,tats-vik
tatsvas,tat-svas,tats-vas
tatsvur,tat-svur,tats-vur
tatslim,tat-slim,tats-lim
tatslid,tat-slid,tats-lid
tatslig,tat-slig,tats-lig
tatslip,tat-slip,tats-lip
tatslis,tat-slis,tats-lis
tatslif,tat-slif,tats-lif
tatslix,tat-slix,tats-lix
tatsliC,tat-sliC,tats-liC
tatslad,tat-slad,tats-lad
tatslag,tat-slag,tats-lag
tatslap,tat-slap,tats-lap
tatslas,tat-slas,tats-las
tatslaf,tat-slaf,tats-laf
tatslax,tat-slax,tats-lax
tatslaC,tat-slaC,tats-laC
tatslal,tat-slal,tats-lal
tatslom,tat-slom,tats-lom
tatslud,tat-slud,tats-lud
tatslug,tat-slug,tats-lug
tatslup,tat-slup,tats-lup
tatslus,tat-slus,tats-lus
tatsluf,tat-sluf,tats-luf
tatslux,tat-slux,tats-lux
tatsluC,tat-sluC,tats-luC
tatslur,tat-slur,tats-lur
tatxnim,tat-xnim,tatx-nim
tatxnib,tat-xnib,tatx-nib
tatxnig,tat-xnig,tatx-nig
tatxnit,tat-xnit,tatx-nit
tatxnis,tat-xnis,tatx-nis
tatxnif,tat-xnif,tatx-nif
tatxnix,tat-xnix,tatx-nix
tatxniC,tat-xniC,tatx-niC
tatxnam,tat-xnam,tatx-nam
tatxnab,tat-xnab,tatx-nab
tatxnag,tat-xnag,tatx-nag
tatxnat,tat-xnat,tatx-nat
tatxnas,tat-xnas,tatx-nas
tatxnaf,tat-xnaf,tatx-naf
tatxnax,tat-xnax,tatx-nax
tatxnaC,tat-xnaC,tatx-naC
tatxnal,tat-xnal,tatx-nal
tatxnum,tat-xnum,tatx-num
tatxnub,tat-xnub,tatx-nub
tatxnug,tat-xnug,tatx-nug
tatxnut,tat-xnut,tatx-nut
tatxnus,tat-xnus,tatx-nus
tatxnuf,tat-xnuf,tatx-nuf
tatxnux,tat-xnux,tatx-nux
tatxnuC,tat-xnuC,tatx-nuC
tatxnul,tat-xnul,tatx-nul
tatxkim,tat-xkim,tatx-kim
tatxkib,tat-xkib,tatx-kib
tatxkig,tat-xkig,tatx-kig
tatxkit,tat-xkit,tatx-kit
tatxkis,tat-xkis,tatx-kis
tatxkif,tat-xkif,tatx-kif
tatxkix,tat-xkix,tatx-kix
tatxkiC,tat-xkiC,tatx-kiC
tatxkam,tat-xkam,tatx-kam
tatxkab,tat-xkab,tatx-kab
tatxkag,tat-xkag,tatx-kag
tatxkat,tat-xkat,tatx-kat
tatxkas,tat-xkas,tatx-kas
tatxkaf,tat-xkaf,tatx-kaf
tatxkax,tat-xkax,tatx-kax
tatxkaC,tat-xkaC,tatx-kaC
tatxkal,tat-xkal,tatx-kal
tatxkum,tat-xkum,tatx-kum
tatxkub,tat-xkub,tatx-kub
tatxkug,tat-xkug,tatx-kug
tatxkut,tat-xkut,tatx-kut
tatxkus,tat-xkus,tatx-kus
tatxkuf,tat-xkuf,tatx-kuf
tatxkux,tat-xkux,tatx-kux
tatxkuC,tat-xkuC,tatx-kuC
tatxkul,tat-xkul,tatx-kul
tatxlim,tat-xlim,tatx-lim
tatxlib,tat-xlib,tatx-lib
tatxlit,tat-xlit,tatx-lit
tatxlik,tat-xlik,tatx-lik
tatxlis,tat-xlis,tatx-lis
tatxlif,tat-xlif,tatx-lif
tatxlix,tat-xlix,tatx-lix
tatxliC,tat-xliC,tatx-liC
tatxlam,tat-xlam,tatx-lam
tatxlab,tat-xlab,tatx-lab
tatxlag,tat-xlag,tatx-lag
tatxlat,tat-xlat,tatx-lat
tatxlas,tat-xlas,tatx-las
tatxlav,tat-xlav,tatx-lav
tatxlax,tat-xlax,tatx-lax
tatxlal,tat-xlal,tatx-lal
tatxlum,tat-xlum,tatx-lum
tatxlub,tat-xlub,tatx-lub
tatxlug,tat-xlug,tatx-lug
tatxlut,tat-xlut,tatx-lut
tatxlus,tat-xlus,tatx-lus
tatxluf,tat-xluf,tatx-luf
tatxlux,tat-xlux,tatx-lux
tatxluC,tat-xluC,tatx-luC
tatxlul,tat-xlul,tatx-lul
takxnim,tak-xnim,takx-nim
takxnib,tak-xnib,takx-nib
takxnig,tak-xnig,takx-nig
takxnit,tak-xnit,takx-nit
takxnis,tak-xnis,takx-nis
takxnif,tak-xnif,takx-nif
takxnix,tak-xnix,takx-nix
takxniC,tak-xniC,takx-niC
takxnam,tak-xnam,takx-nam
takxnab,tak-xnab,takx-nab
takxnag,tak-xnag,takx-nag
takxnat,tak-xnat,takx-nat
takxnas,tak-xnas,takx-nas
takxnaf,tak-xnaf,takx-naf
takxnax,tak-xnax,takx-nax
takxnaC,tak-xnaC,takx-naC
takxnal,tak-xnal,takx-nal
takxnum,tak-xnum,takx-num
takxnub,tak-xnub,takx-nub
takxnug,tak-xnug,takx-nug
takxnut,tak-xnut,takx-nut
takxnus,tak-xnus,takx-nus
takxnuf,tak-xnuf,takx-nuf
takxnux,tak-xnux,takx-nux
takxnuC,tak-xnuC,takx-nuC
takxnul,tak-xnul,takx-nul
takxkim,tak-xkim,takx-kim
takxkib,tak-xkib,takx-kib
takxkig,tak-xkig,takx-kig
takxkit,tak-xkit,takx-kit
takxkis,tak-xkis,takx-kis
takxkif,tak-xkif,takx-kif
takxkix,tak-xkix,takx-kix
takxkiC,tak-xkiC,takx-kiC
takxkam,tak-xkam,takx-kam
takxkab,tak-xkab,takx-kab
takxkag,tak-xkag,takx-kag
takxkat,tak-xkat,takx-kat
takxkas,tak-xkas,takx-kas
takxkaf,tak-xkaf,takx-kaf
takxkax,tak-xkax,takx-kax
takxkaC,tak-xkaC,takx-kaC
takxkal,tak-xkal,takx-kal
takxkum,tak-xkum,takx-kum
takxkub,tak-xkub,takx-kub
takxkug,tak-xkug,takx-kug
takxkut,tak-xkut,takx-kut
takxkus,tak-xkus,takx-kus
takxkuf,tak-xkuf,takx-kuf
takxkux,tak-xkux,takx-kux
takxkuC,tak-xkuC,takx-kuC
takxkul,tak-xkul,takx-kul
takxlim,tak-xlim,takx-lim
takxlib,tak-xlib,takx-lib
takxlit,tak-xlit,takx-lit
takxlik,tak-xlik,takx-lik
takxlis,tak-xlis,takx-lis
takxlif,tak-xlif,takx-lif
takxlix,tak-xlix,takx-lix
takxliC,tak-xliC,takx-liC
takxlam,tak-xlam,takx-lam
takxlab,tak-xlab,takx-lab
takxlag,tak-xlag,takx-lag
takxlat,tak-xlat,takx-lat
takxlas,tak-xlas,takx-las
takxlav,tak-xlav,takx-lav
takxlax,tak-xlax,takx-lax
takxlal,tak-xlal,takx-lal
takxlum,tak-xlum,takx-lum
takxlub,tak-xlub,takx-lub
takxlug,tak-xlug,takx-lug
takxlut,tak-xlut,takx-lut
takxlus,tak-xlus,takx-lus
takxluf,tak-xluf,takx-luf
takxlux,tak-xlux,takx-lux
takxluC,tak-xluC,takx-luC
takxlul,tak-xlul,takx-lul
taftxal,taf-txal,taft-xal
taftxum,taf-txum,taft-xum
taftrin,taf-trin,taft-rin
taftrik,taf-trik,taft-rik
taftris,taf-tris,taft-ris
taftrif,taf-trif,taft-rif
taftriC,taf-triC,taft-riC
taftret,taf-tret,taft-ret
taftrab,taf-trab,taft-rab
taftrag,taf-trag,taft-rag
taftras,taf-tras,taft-ras
taftraf,taf-traf,taft-raf
taftraC,taf-traC,taft-raC
taftral,taf-tral,taft-ral
taftrot,taf-trot,taft-rot
taftrum,taf-trum,taft-rum
taftrub,taf-trub,taft-rub
taftrug,taf-trug,taft-rug
taftrus,taf-trus,taft-rus
taftruf,taf-truf,taft-ruf
taftrux,taf-trux,taft-rux
taftruC,taf-truC,taft-ruC
taftrul,taf-trul,taft-rul
tafsmin,taf-smin,tafs-min
tafsmib,taf-smib,tafs-mib
tafsmit,taf-smit,tafs-mit
tafsmis,taf-smis,tafs-mis
tafsmix,taf-smix,tafs-mix
tafsmiC,taf-smiC,tafs-miC
tafsmek,taf-smek,tafs-mek
tafsmad,taf-smad,tafs-mad
tafsmas,taf-smas,tafs-mas
tafsmaf,taf-smaf,tafs-maf
tafsmax,taf-smax,tafs-max
tafsmaC,taf-smaC,tafs-maC
tafsmal,taf-smal,tafs-mal
tafsmok,taf-smok,tafs-mok
tafsmub,taf-smub,tafs-mub
tafsmut,taf-smut,tafs-mut
tafsmus,taf-smus,tafs-mus
tafsmuf,taf-smuf,tafs-muf
tafsmux,taf-smux,tafs-mux
tafsmuC,taf-smuC,tafs-muC
tafsmul,taf-smul,tafs-mul
tafsnif,taf-snif,tafs-nif
tafsnap,taf-snap,tafs-nap
tafsnom,taf-snom,tafs-nom
tafspin,taf-spin,tafs-pin
tafspib,taf-spib,tafs-pib
tafspit,taf-spit,tafs-pit
tafspik,taf-spik,tafs-pik
tafspis,taf-spis,tafs-pis
tafspix,taf-spix,tafs-pix
tafspiC,taf-spiC,tafs-piC
tafspan,taf-span,tafs-pan
tafspak,taf-spak,tafs-pak
tafspas,taf-spas,tafs-pas
tafspof,taf-spof,tafs-pof
tafspum,taf-spum,tafs-pum
tafspug,taf-spug,tafs-pug
tafspus,taf-spus,tafs-pus
tafspul,taf-spul,tafs-pul
tafstef,taf-stef,tafs-tef
tafstab,taf-stab,tafs-tab
tafstat,taf-stat,tafs-tat
tafstal,taf-stal,tafs-tal
tafstoj,taf-stoj,tafs-toj
tafstud,taf-stud,tafs-tud
tafstup,taf-stup,tafs-tup
tafskim,taf-skim,tafs-kim
tafskib,taf-skib,tafs-kib
tafskig,taf-skig,tafs-kig
tafskit,taf-skit,tafs-kit
tafskis,taf-skis,tafs-kis
tafskif,taf-skif,tafs-kif
tafskix,taf-skix,tafs-kix
tafskiC,taf-skiC,tafs-kiC
tafskad,taf-skad,tafs-kad
tafskag,taf-skag,tafs-kag
tafskap,taf-skap,tafs-kap
tafskas,taf-skas,tafs-kas
tafskaf,taf-skaf,tafs-kaf
tafskax,taf-skax,tafs-kax
tafskaC,taf-skaC,tafs-kaC
tafskal,taf-skal,tafs-kal
tafskoq,taf-skoq,tafs-koq
tafskud,taf-skud,tafs-kud
tafskug,taf-skug,tafs-kug
tafskup,taf-skup,tafs-kup
tafskuz,taf-skuz,tafs-kuz
tafskuf,taf-skuf,tafs-kuf
tafskux,taf-skux,tafs-kux
tafskul,taf-skul,tafs-kul
tafsfim,taf-sfim,tafs-fim
tafsfib,taf-sfib,tafs-fib
tafsfit,taf-sfit,tafs-fit
tafsfis,taf-sfis,tafs-fis
tafsfif,taf-sfif,tafs-fif
tafsfix,taf-sfix,tafs-fix
tafsfiC,taf-sfiC,tafs-fiC
tafsfam,taf-sfam,tafs-fam
tafsfab,taf-sfab,tafs-fab
tafsfag,taf-sfag,tafs-fag
tafsfat,taf-sfat,tafs-fat
tafsfaf,taf-sfaf,tafs-faf
tafsfax,taf-sfax,tafs-fax
tafsfaC,taf-sfaC,tafs-faC
tafsfal,taf-sfal,tafs-fal
tafsfum,taf-sfum,tafs-fum
tafsfub,taf-sfub,tafs-fub
tafsfug,taf-sfug,tafs-fug
tafsfut,taf-sfut,tafs-fut
tafsfus,taf-sfus,tafs-fus
tafsfuf,taf-sfuf,tafs-fuf
tafsfux,taf-sfux,tafs-fux
tafsfuC,taf-sfuC,tafs-fuC
tafsvik,taf-svik,tafs-vik
tafsvas,taf-svas,tafs-vas
tafsvur,taf-svur,tafs-vur
tafslim,taf-slim,tafs-lim
tafslid,taf-slid,tafs-lid
tafslig,taf-slig,tafs-lig
tafslip,taf-slip,tafs-lip
tafslis,taf-slis,tafs-lis
tafslif,taf-slif,tafs-lif
tafslix,taf-slix,tafs-lix
tafsliC,taf-sliC,tafs-liC
tafslad,taf-slad,tafs-lad
tafslag,taf-slag,tafs-lag
tafslap,taf-slap,tafs-lap
tafslas,taf-slas,tafs-las
tafslaf,taf-slaf,tafs-laf
tafslax,taf-slax,tafs-lax
tafslaC,taf-slaC,tafs-laC
tafslal,taf-slal,tafs-lal
tafslom,taf-slom,tafs-lom
tafslud,taf-slud,tafs-lud
tafslug,taf-slug,tafs-lug
tafslup,taf-slup,tafs-lup
tafslus,taf-slus,tafs-lus
tafsluf,taf-sluf,tafs-luf
tafslux,taf-slux,tafs-lux
tafsluC,taf-sluC,tafs-luC
tafslur,taf-slur,tafs-lur
taxtxal,tax-txal,taxt-xal
taxtxum,tax-txum,taxt-xum
taxtrin,tax-trin,taxt-rin
taxtrik,tax-trik,taxt-rik
taxtris,tax-tris,taxt-ris
taxtrif,tax-trif,taxt-rif
taxtriC,tax-triC,taxt-riC
taxtret,tax-tret,taxt-ret
taxtrab,tax-trab,taxt-rab
taxtrag,tax-trag,taxt-rag
taxtras,tax-tras,taxt-ras
taxtraf,tax-traf,taxt-raf
taxtraC,tax-traC,taxt-raC
taxtral,tax-tral,taxt-ral
taxtrot,tax-trot,taxt-rot
taxtrum,tax-trum,taxt-rum
taxtrub,tax-trub,taxt-rub
taxtrug,tax-trug,taxt-rug
taxtrus,tax-trus,taxt-rus
taxtruf,tax-truf,taxt-ruf
taxtrux,tax-trux,taxt-rux
taxtruC,tax-truC,taxt-ruC
taxtrul,tax-trul,taxt-rul
talblim,tal-blim,talb-lim
talbliz,tal-bliz,talb-liz
talblet,tal-blet,talb-let
talblab,tal-blab,talb-lab
talbloz,tal-bloz,talb-loz
talblof,tal-blof,talb-lof
talblor,tal-blor,talb-lor
talblum,tal-blum,talb-lum
talblub,tal-blub,talb-lub
talblut,tal-blut,talb-lut
talblux,tal-blux,talb-lux
talbrig,tal-brig,talb-rig
talbrif,tal-brif,talb-rif
talbrak,tal-brak,talb-rak
talbruk,tal-bruk,talb-ruk
talsmin,tal-smin,tals-min
talsmib,tal-smib,tals-mib
talsmit,tal-smit,tals-mit
talsmis,tal-smis,tals-mis
talsmix,tal-smix,tals-mix
talsmiC,tal-smiC,tals-miC
talsmek,tal-smek,tals-mek
talsmad,tal-smad,tals-mad
talsmas,tal-smas,tals-mas
talsmaf,tal-smaf,tals-maf
talsmax,tal-smax,tals-max
talsmaC,tal-smaC,tals-maC
talsmal,tal-smal,tals-mal
talsmok,tal-smok,tals-mok
talsmub,tal-smub,tals-mub
talsmut,tal-smut,tals-mut
talsmus,tal-smus,tals-mus
talsmuf,tal-smuf,tals-muf
talsmux,tal-smux,tals-mux
talsmuC,tal-smuC,tals-muC
talsmul,tal-smul,tals-mul
talsnif,tal-snif,tals-nif
talsnap,tal-snap,tals-nap
talsnom,tal-snom,tals-nom
talspin,tal-spin,tals-pin
talspib,tal-spib,tals-pib
talspit,tal-spit,tals-pit
talspik,tal-spik,tals-pik
talspis,tal-spis,tals-pis
talspix,tal-spix,tals-pix
talspiC,tal-spiC,tals-piC
talspan,tal-span,tals-pan
talspak,tal-spak,tals-pak
talspas,tal-spas,tals-pas
talspof,tal-spof,tals-pof
talspum,tal-spum,tals-pum
talspug,tal-spug,tals-pug
talspus,tal-spus,tals-pus
talspul,tal-spul,tals-pul
talstef,tal-stef,tals-tef
talstab,tal-stab,tals-tab
talstat,tal-stat,tals-tat
talstal,tal-stal,tals-tal
talstoj,tal-stoj,tals-toj
talstud,tal-stud,tals-tud
talstup,tal-stup,tals-tup
talskim,tal-skim,tals-kim
talskib,tal-skib,tals-kib
talskig,tal-skig,tals-kig
talskit,tal-skit,tals-kit
talskis,tal-skis,tals-kis
talskif,tal-skif,tals-kif
talskix,tal-skix,tals-kix
talskiC,tal-skiC,tals-kiC
talskad,tal-skad,tals-kad
talskag,tal-skag,tals-kag
talskap,tal-skap,tals-kap
talskas,tal-skas,tals-kas
talskaf,tal-skaf,tals-kaf
talskax,tal-skax,tals-kax
talskaC,tal-skaC,tals-kaC
talskal,tal-skal,tals-kal
talskoq,tal-skoq,tals-koq
talskud,tal-skud,tals-kud
talskug,tal-skug,tals-kug
talskup,tal-skup,tals-kup
talskuz,tal-skuz,tals-kuz
talskuf,tal-skuf,tals-kuf
talskux,tal-skux,tals-kux
talskul,tal-skul,tals-kul
talsfim,tal-sfim,tals-fim
talsfib,tal-sfib,tals-fib
talsfit,tal-sfit,tals-fit
talsfis,tal-sfis,tals-fis
talsfif,tal-sfif,tals-fif
talsfix,tal-sfix,tals-fix
talsfiC,tal-sfiC,tals-fiC
talsfam,tal-sfam,tals-fam
talsfab,tal-sfab,tals-fab
talsfag,tal-sfag,tals-fag
talsfat,tal-sfat,tals-fat
talsfaf,tal-sfaf,tals-faf
talsfax,tal-sfax,tals-fax
talsfaC,tal-sfaC,tals-faC
talsfal,tal-sfal,tals-fal
talsfum,tal-sfum,tals-fum
talsfub,tal-sfub,tals-fub
talsfug,tal-sfug,tals-fug
talsfut,tal-sfut,tals-fut
talsfus,tal-sfus,tals-fus
talsfuf,tal-sfuf,tals-fuf
talsfux,tal-sfux,tals-fux
talsfuC,tal-sfuC,tals-fuC
talsvik,tal-svik,tals-vik
talsvas,tal-svas,tals-vas
talsvur,tal-svur,tals-vur
talslim,tal-slim,tals-lim
talslid,tal-slid,tals-lid
talslig,tal-slig,tals-lig
talslip,tal-slip,tals-lip
talslis,tal-slis,tals-lis
talslif,tal-slif,tals-lif
talslix,tal-slix,tals-lix
talsliC,tal-sliC,tals-liC
talslad,tal-slad,tals-lad
talslag,tal-slag,tals-lag
talslap,tal-slap,tals-lap
talslas,tal-slas,tals-las
talslaf,tal-slaf,tals-laf
talslax,tal-slax,tals-lax
talslaC,tal-slaC,tals-laC
talslal,tal-slal,tals-lal
talslom,tal-slom,tals-lom
talslud,tal-slud,tals-lud
talslug,tal-slug,tals-lug
talslup,tal-slup,tals-lup
talslus,tal-slus,tals-lus
talsluf,tal-sluf,tals-luf
talslux,tal-slux,tals-lux
talsluC,tal-sluC,tals-luC
talslur,tal-slur,tals-lur
talflid,tal-flid,talf-lid
talflip,tal-flip,talf-lip
talflif,tal-flif,talf-lif
talflem,tal-flem,talf-lem
talflek,tal-flek,talf-lek
talfleC,tal-fleC,talf-leC
talflad,tal-flad,talf-lad
talflap,tal-flap,talf-lap
talflaf,tal-flaf,talf-laf
talflax,tal-flax,talf-lax
talflom,tal-flom,talf-lom
talflok,tal-flok,talf-lok
talflor,tal-flor,talf-lor
talflud,tal-flud,talf-lud
talflup,tal-flup,talf-lup
talfluz,tal-fluz,talf-luz
talfluf,tal-fluf,talf-luf
talflux,tal-flux,talf-lux
talfris,tal-fris,talf-ris
talfrix,tal-frix,talf-rix
talfras,tal-fras,talf-ras
talxnim,tal-xnim,talx-nim
talxnib,tal-xnib,talx-nib
talxnig,tal-xnig,talx-nig
talxnit,tal-xnit,talx-nit
talxnis,tal-xnis,talx-nis
talxnif,tal-xnif,talx-nif
talxnix,tal-xnix,talx-nix
talxniC,tal-xniC,talx-niC
talxnam,tal-xnam,talx-nam
talxnab,tal-xnab,talx-nab
talxnag,tal-xnag,talx-nag
talxnat,tal-xnat,talx-nat
talxnas,tal-xnas,talx-nas
talxnaf,tal-xnaf,talx-naf
talxnax,tal-xnax,talx-nax
talxnaC,tal-xnaC,talx-naC
talxnal,tal-xnal,talx-nal
talxnum,tal-xnum,talx-num
talxnub,tal-xnub,talx-nub
talxnug,tal-xnug,talx-nug
talxnut,tal-xnut,talx-nut
talxnus,tal-xnus,talx-nus
talxnuf,tal-xnuf,talx-nuf
talxnux,tal-xnux,talx-nux
talxnuC,tal-xnuC,talx-nuC
talxnul,tal-xnul,talx-nul
talxkim,tal-xkim,talx-kim
talxkib,tal-xkib,talx-kib
talxkig,tal-xkig,talx-kig
talxkit,tal-xkit,talx-kit
talxkis,tal-xkis,talx-kis
talxkif,tal-xkif,talx-kif
talxkix,tal-xkix,talx-kix
talxkiC,tal-xkiC,talx-kiC
talxkam,tal-xkam,talx-kam
talxkab,tal-xkab,talx-kab
talxkag,tal-xkag,talx-kag
talxkat,tal-xkat,talx-kat
talxkas,tal-xkas,talx-kas
talxkaf,tal-xkaf,talx-kaf
talxkax,tal-xkax,talx-kax
talxkaC,tal-xkaC,talx-kaC
talxkal,tal-xkal,talx-kal
talxkum,tal-xkum,talx-kum
talxkub,tal-xkub,talx-kub
talxkug,tal-xkug,talx-kug
talxkut,tal-xkut,talx-kut
talxkus,tal-xkus,talx-kus
talxkuf,tal-xkuf,talx-kuf
talxkux,tal-xkux,talx-kux
talxkuC,tal-xkuC,talx-kuC
talxkul,tal-xkul,talx-kul
talxlim,tal-xlim,talx-lim
talxlib,tal-xlib,talx-lib
talxlit,tal-xlit,talx-lit
talxlik,tal-xlik,talx-lik
talxlis,tal-xlis,talx-lis
talxlif,tal-xlif,talx-lif
talxlix,tal-xlix,talx-lix
talxliC,tal-xliC,talx-liC
talxlam,tal-xlam,talx-lam
talxlab,tal-xlab,talx-lab
talxlag,tal-xlag,talx-lag
talxlat,tal-xlat,talx-lat
talxlas,tal-xlas,talx-las
talxlav,tal-xlav,talx-lav
talxlax,tal-xlax,talx-lax
talxlal,tal-xlal,talx-lal
talxlum,tal-xlum,talx-lum
talxlub,tal-xlub,talx-lub
talxlug,tal-xlug,talx-lug
talxlut,tal-xlut,talx-lut
talxlus,tal-xlus,talx-lus
talxluf,tal-xluf,talx-luf
talxlux,tal-xlux,talx-lux
talxluC,tal-xluC,talx-luC
talxlul,tal-xlul,talx-lul
toksmin,tok-smin,toks-min
toksmib,tok-smib,toks-mib
toksmit,tok-smit,toks-mit
toksmis,tok-smis,toks-mis
toksmix,tok-smix,toks-mix
toksmiC,tok-smiC,toks-miC
toksmek,tok-smek,toks-mek
toksmad,tok-smad,toks-mad
toksmas,tok-smas,toks-mas
toksmaf,tok-smaf,toks-maf
toksmax,tok-smax,toks-max
toksmaC,tok-smaC,toks-maC
toksmal,tok-smal,toks-mal
toksmok,tok-smok,toks-mok
toksmub,tok-smub,toks-mub
toksmut,tok-smut,toks-mut
toksmus,tok-smus,toks-mus
toksmuf,tok-smuf,toks-muf
toksmux,tok-smux,toks-mux
toksmuC,tok-smuC,toks-muC
toksmul,tok-smul,toks-mul
toksnif,tok-snif,toks-nif
toksnap,tok-snap,toks-nap
toksnom,tok-snom,toks-nom
tokspin,tok-spin,toks-pin
tokspib,tok-spib,toks-pib
tokspit,tok-spit,toks-pit
tokspik,tok-spik,toks-pik
tokspis,tok-spis,toks-pis
tokspix,tok-spix,toks-pix
tokspiC,tok-spiC,toks-piC
tokspan,tok-span,toks-pan
tokspak,tok-spak,toks-pak
tokspas,tok-spas,toks-pas
tokspof,tok-spof,toks-pof
tokspum,tok-spum,toks-pum
tokspug,tok-spug,toks-pug
tokspus,tok-spus,toks-pus
tokspul,tok-spul,toks-pul
tokstef,tok-stef,toks-tef
tokstab,tok-stab,toks-tab
tokstat,tok-stat,toks-tat
tokstal,tok-stal,toks-tal
tokstoj,tok-stoj,toks-toj
tokstud,tok-stud,toks-tud
tokstup,tok-stup,toks-tup
tokskim,tok-skim,toks-kim
tokskib,tok-skib,toks-kib
tokskig,tok-skig,toks-kig
tokskit,tok-skit,toks-kit
tokskis,tok-skis,toks-kis
tokskif,tok-skif,toks-kif
tokskix,tok-skix,toks-kix
tokskiC,tok-skiC,toks-kiC
tokskad,tok-skad,toks-kad
tokskag,tok-skag,toks-kag
tokskap,tok-skap,toks-kap
tokskas,tok-skas,toks-kas
tokskaf,tok-skaf,toks-kaf
tokskax,tok-skax,toks-kax
tokskaC,tok-skaC,toks-kaC
tokskal,tok-skal,toks-kal
tokskoq,tok-skoq,toks-koq
tokskud,tok-skud,toks-kud
tokskug,tok-skug,toks-kug
tokskup,tok-skup,toks-kup
tokskuz,tok-skuz,toks-kuz
tokskuf,tok-skuf,toks-kuf
tokskux,tok-skux,toks-kux
tokskul,tok-skul,toks-kul
toksfim,tok-sfim,toks-fim
toksfib,tok-sfib,toks-fib
toksfit,tok-sfit,toks-fit
toksfis,tok-sfis,toks-fis
toksfif,tok-sfif,toks-fif
toksfix,tok-sfix,toks-fix
toksfiC,tok-sfiC,toks-fiC
toksfam,tok-sfam,toks-fam
toksfab,tok-sfab,toks-fab
toksfag,tok-sfag,toks-fag
toksfat,tok-sfat,toks-fat
toksfaf,tok-sfaf,toks-faf
toksfax,tok-sfax,toks-fax
toksfaC,tok-sfaC,toks-faC
toksfal,tok-sfal,toks-fal
toksfum,tok-sfum,toks-fum
toksfub,tok-sfub,toks-fub
toksfug,tok-sfug,toks-fug
toksfut,tok-sfut,toks-fut
toksfus,tok-sfus,toks-fus
toksfuf,tok-sfuf,toks-fuf
toksfux,tok-sfux,toks-fux
toksfuC,tok-sfuC,toks-fuC
toksvik,tok-svik,toks-vik
toksvas,tok-svas,toks-vas
toksvur,tok-svur,toks-vur
tokslim,tok-slim,toks-lim
tokslid,tok-slid,toks-lid
tokslig,tok-slig,toks-lig
tokslip,tok-slip,toks-lip
tokslis,tok-slis,toks-lis
tokslif,tok-slif,toks-lif
tokslix,tok-slix,toks-lix
toksliC,tok-sliC,toks-liC
tokslad,tok-slad,toks-lad
tokslag,tok-slag,toks-lag
tokslap,tok-slap,toks-lap
tokslas,tok-slas,toks-las
tokslaf,tok-slaf,toks-laf
tokslax,tok-slax,toks-lax
tokslaC,tok-slaC,toks-laC
tokslal,tok-slal,toks-lal
tokslom,tok-slom,toks-lom
tokslud,tok-slud,toks-lud
tokslug,tok-slug,toks-lug
tokslup,tok-slup,toks-lup
tokslus,tok-slus,toks-lus
toksluf,tok-sluf,toks-luf
tokslux,tok-slux,toks-lux
toksluC,tok-sluC,toks-luC
tokslur,tok-slur,toks-lur
tosplib,tos-plib,tosp-lib
tosplix,tos-plix,tosp-lix
tosplan,tos-plan,tosp-lan
tosplax,tos-plax,tosp-lax
tumdjin,tum-djin,tumd-jin
tumdjid,tum-djid,tumd-jid
tumdjip,tum-djip,tumd-jip
tumdjiz,tum-djiz,tumd-jiz
tumdjif,tum-djif,tumd-jif
tumdjix,tum-djix,tumd-jix
tumdjek,tum-djek,tumd-jek
tumdjam,tum-djam,tumd-jam
tumdjab,tum-djab,tumd-jab
tumdjat,tum-djat,tumd-jat
tumdjas,tum-djas,tumd-jas
tumdjaf,tum-djaf,tumd-jaf
tumdjax,tum-djax,tumd-jax
tumdjaC,tum-djaC,tumd-jaC
tumdjok,tum-djok,tumd-jok
tumdjud,tum-djud,tumd-jud
tumdjup,tum-djup,tumd-jup
tumdjus,tum-djus,tumd-jus
tumdjuf,tum-djuf,tumd-juf
tumdjux,tum-djux,tumd-jux
tumdjuC,tum-djuC,tumd-juC
tumdjul,tum-djul,tumd-jul
tumdrib,tum-drib,tumd-rib
tumdrix,tum-drix,tumd-rix
tumdram,tum-dram,tumd-ram
tumdrax,tum-drax,tumd-rax
tumplib,tum-plib,tump-lib
tumplix,tum-plix,tump-lix
tumplan,tum-plan,tump-lan
tumplax,tum-plax,tump-lax
tunksim,tun-ksim,tunk-sim
tunksib,tun-ksib,tunk-sib
tunksig,tun-ksig,tunk-sig
tunksit,tun-ksit,tunk-sit
tunksis,tun-ksis,tunk-sis
tunksif,tun-ksif,tunk-sif
tunksix,tun-ksix,tunk-six
tunksiC,tun-ksiC,tunk-siC
tunksam,tun-ksam,tunk-sam
tunksab,tun-ksab,tunk-sab
tunksag,tun-ksag,tunk-sag
tunksat,tun-ksat,tunk-sat
tunksas,tun-ksas,tunk-sas
tunksaf,tun-ksaf,tunk-saf
tunksax,tun-ksax,tunk-sax
tunksaC,tun-ksaC,tunk-saC
tunksal,tun-ksal,tunk-sal
tunksum,tun-ksum,tunk-sum
tunksub,tun-ksub,tunk-sub
tunksug,tun-ksug,tunk-sug
tunksut,tun-ksut,tunk-sut
tunksus,tun-ksus,tunk-sus
tunksuf,tun-ksuf,tunk-suf
tunksux,tun-ksux,tunk-sux
tunksuC,tun-ksuC,tunk-suC
tunksul,tun-ksul,tunk-sul
tunklek,tun-klek,tunk-lek
tunkloz,tun-kloz,tunk-loz
tupflid,tup-flid,tupf-lid
tupflip,tup-flip,tupf-lip
tupflif,tup-flif,tupf-lif
tupflem,tup-flem,tupf-lem
tupflek,tup-flek,tupf-lek
tupfleC,tup-fleC,tupf-leC
tupflad,tup-flad,tupf-lad
tupflap,tup-flap,tupf-lap
tupflaf,tup-flaf,tupf-laf
tupflax,tup-flax,tupf-lax
tupflom,tup-flom,tupf-lom
tupflok,tup-flok,tupf-lok
tupflor,tup-flor,tupf-lor
tupflud,tup-flud,tupf-lud
tupflup,tup-flup,tupf-lup
tupfluz,tup-fluz,tupf-luz
tupfluf,tup-fluf,tupf-luf
tupflux,tup-flux,tupf-lux
tupfris,tup-fris,tupf-ris
tupfrix,tup-frix,tupf-rix
tupfras,tup-fras,tupf-ras
tupxnim,tup-xnim,tupx-nim
tupxnib,tup-xnib,tupx-nib
tupxnig,tup-xnig,tupx-nig
tupxnit,tup-xnit,tupx-nit
tupxnis,tup-xnis,tupx-nis
tupxnif,tup-xnif,tupx-nif
tupxnix,tup-xnix,tupx-nix
tupxniC,tup-xniC,tupx-niC
tupxnam,tup-xnam,tupx-nam
tupxnab,tup-xnab,tupx-nab
tupxnag,tup-xnag,tupx-nag
tupxnat,tup-xnat,tupx-nat
tupxnas,tup-xnas,tupx-nas
tupxnaf,tup-xnaf,tupx-naf
tupxnax,tup-xnax,tupx-nax
tupxnaC,tup-xnaC,tupx-naC
tupxnal,tup-xnal,tupx-nal
tupxnum,tup-xnum,tupx-num
tupxnub,tup-xnub,tupx-nub
tupxnug,tup-xnug,tupx-nug
tupxnut,tup-xnut,tupx-nut
tupxnus,tup-xnus,tupx-nus
tupxnuf,tup-xnuf,tupx-nuf
tupxnux,tup-xnux,tupx-nux
tupxnuC,tup-xnuC,tupx-nuC
tupxnul,tup-xnul,tupx-nul
tupxkim,tup-xkim,tupx-kim
tupxkib,tup-xkib,tupx-kib
tupxkig,tup-xkig,tupx-kig
tupxkit,tup-xkit,tupx-kit
tupxkis,tup-xkis,tupx-kis
tupxkif,tup-xkif,tupx-kif
tupxkix,tup-xkix,tupx-kix
tupxkiC,tup-xkiC,tupx-kiC
tupxkam,tup-xkam,tupx-kam
tupxkab,tup-xkab,tupx-kab
tupxkag,tup-xkag,tupx-kag
tupxkat,tup-xkat,tupx-kat
tupxkas,tup-xkas,tupx-kas
tupxkaf,tup-xkaf,tupx-kaf
tupxkax,tup-xkax,tupx-kax
tupxkaC,tup-xkaC,tupx-kaC
tupxkal,tup-xkal,tupx-kal
tupxkum,tup-xkum,tupx-kum
tupxkub,tup-xkub,tupx-kub
tupxkug,tup-xkug,tupx-kug
tupxkut,tup-xkut,tupx-kut
tupxkus,tup-xkus,tupx-kus
tupxkuf,tup-xkuf,tupx-kuf
tupxkux,tup-xkux,tupx-kux
tupxkuC,tup-xkuC,tupx-kuC
tupxkul,tup-xkul,tupx-kul
tupxlim,tup-xlim,tupx-lim
tupxlib,tup-xlib,tupx-lib
tupxlit,tup-xlit,tupx-lit
tupxlik,tup-xlik,tupx-lik
tupxlis,tup-xlis,tupx-lis
tupxlif,tup-xlif,tupx-lif
tupxlix,tup-xlix,tupx-lix
tupxliC,tup-xliC,tupx-liC
tupxlam,tup-xlam,tupx-lam
tupxlab,tup-xlab,tupx-lab
tupxlag,tup-xlag,tupx-lag
tupxlat,tup-xlat,tupx-lat
tupxlas,tup-xlas,tupx-las
tupxlav,tup-xlav,tupx-lav
tupxlax,tup-xlax,tupx-lax
tupxlal,tup-xlal,tupx-lal
tupxlum,tup-xlum,tupx-lum
tupxlub,tup-xlub,tupx-lub
tupxlug,tup-xlug,tupx-lug
tupxlut,tup-xlut,tupx-lut
tupxlus,tup-xlus,tupx-lus
tupxluf,tup-xluf,tupx-luf
tupxlux,tup-xlux,tupx-lux
tupxluC,tup-xluC,tupx-luC
tupxlul,tup-xlul,tupx-lul
tukxnim,tuk-xnim,tukx-nim
tukxnib,tuk-xnib,tukx-nib
tukxnig,tuk-xnig,tukx-nig
tukxnit,tuk-xnit,tukx-nit
tukxnis,tuk-xnis,tukx-nis
tukxnif,tuk-xnif,tukx-nif
tukxnix,tuk-xnix,tukx-nix
tukxniC,tuk-xniC,tukx-niC
tukxnam,tuk-xnam,tukx-nam
tukxnab,tuk-xnab,tukx-nab
tukxnag,tuk-xnag,tukx-nag
tukxnat,tuk-xnat,tukx-nat
tukxnas,tuk-xnas,tukx-nas
tukxnaf,tuk-xnaf,tukx-naf
tukxnax,tuk-xnax,tukx-nax
tukxnaC,tuk-xnaC,tukx-naC
tukxnal,tuk-xnal,tukx-nal
tukxnum,tuk-xnum,tukx-num
tukxnub,tuk-xnub,tukx-nub
tukxnug,tuk-xnug,tukx-nug
tukxnut,tuk-xnut,tukx-nut
tukxnus,tuk-xnus,tukx-nus
tukxnuf,tuk-xnuf,tukx-nuf
tukxnux,tuk-xnux,tukx-nux
tukxnuC,tuk-xnuC,tukx-nuC
tukxnul,tuk-xnul,tukx-nul
tukxkim,tuk-xkim,tukx-kim
tukxkib,tuk-xkib,tukx-kib
tukxkig,tuk-xkig,tukx-kig
tukxkit,tuk-xkit,tukx-kit
tukxkis,tuk-xkis,tukx-kis
tukxkif,tuk-xkif,tukx-kif
tukxkix,tuk-xkix,tukx-kix
tukxkiC,tuk-xkiC,tukx-kiC
tukxkam,tuk-xkam,tukx-kam
tukxkab,tuk-xkab,tukx-kab
tukxkag,tuk-xkag,tukx-kag
tukxkat,tuk-xkat,tukx-kat
tukxkas,tuk-xkas,tukx-kas
tukxkaf,tuk-xkaf,tukx-kaf
tukxkax,tuk-xkax,tukx-kax
tukxkaC,tuk-xkaC,tukx-kaC
tukxkal,tuk-xkal,tukx-kal
tukxkum,tuk-xkum,tukx-kum
tukxkub,tuk-xkub,tukx-kub
tukxkug,tuk-xkug,tukx-kug
tukxkut,tuk-xkut,tukx-kut
tukxkus,tuk-xkus,tukx-kus
tukxkuf,tuk-xkuf,tukx-kuf
tukxkux,tuk-xkux,tukx-kux
tukxkuC,tuk-xkuC,tukx-kuC
tukxkul,tuk-xkul,tukx-kul
tukxlim,tuk-xlim,tukx-lim
tukxlib,tuk-xlib,tukx-lib
tukxlit,tuk-xlit,tukx-lit
tukxlik,tuk-xlik,tukx-lik
tukxlis,tuk-xlis,tukx-lis
tukxlif,tuk-xlif,tukx-lif
tukxlix,tuk-xlix,tukx-lix
tukxliC,tuk-xliC,tukx-liC
tukxlam,tuk-xlam,tukx-lam
tukxlab,tuk-xlab,tukx-lab
tukxlag,tuk-xlag,tukx-lag
tukxlat,tuk-xlat,tukx-lat
tukxlas,tuk-xlas,tukx-las
tukxlav,tuk-xlav,tukx-lav
tukxlax,tuk-xlax,tukx-lax
tukxlal,tuk-xlal,tukx-lal
tukxlum,tuk-xlum,tukx-lum
tukxlub,tuk-xlub,tukx-lub
tukxlug,tuk-xlug,tukx-lug
tukxlut,tuk-xlut,tukx-lut
tukxlus,tuk-xlus,tukx-lus
tukxluf,tuk-xluf,tukx-luf
tukxlux,tuk-xlux,tukx-lux
tukxluC,tuk-xluC,tukx-luC
tukxlul,tuk-xlul,tukx-lul
tuftxal,tuf-txal,tuft-xal
tuftxum,tuf-txum,tuft-xum
tuftrin,tuf-trin,tuft-rin
tuftrik,tuf-trik,tuft-rik
tuftris,tuf-tris,tuft-ris
tuftrif,tuf-trif,tuft-rif
tuftriC,tuf-triC,tuft-riC
tuftret,tuf-tret,tuft-ret
tuftrab,tuf-trab,tuft-rab
tuftrag,tuf-trag,tuft-rag
tuftras,tuf-tras,tuft-ras
tuftraf,tuf-traf,tuft-raf
tuftraC,tuf-traC,tuft-raC
tuftral,tuf-tral,tuft-ral
tuftrot,tuf-trot,tuft-rot
tuftrum,tuf-trum,tuft-rum
tuftrub,tuf-trub,tuft-rub
tuftrug,tuf-trug,tuft-rug
tuftrus,tuf-trus,tuft-rus
tuftruf,tuf-truf,tuft-ruf
tuftrux,tuf-trux,tuft-rux
tuftruC,tuf-truC,tuft-ruC
tuftrul,tuf-trul,tuft-rul
tufsmin,tuf-smin,tufs-min
tufsmib,tuf-smib,tufs-mib
tufsmit,tuf-smit,tufs-mit
tufsmis,tuf-smis,tufs-mis
tufsmix,tuf-smix,tufs-mix
tufsmiC,tuf-smiC,tufs-miC
tufsmek,tuf-smek,tufs-mek
tufsmad,tuf-smad,tufs-mad
tufsmas,tuf-smas,tufs-mas
tufsmaf,tuf-smaf,tufs-maf
tufsmax,tuf-smax,tufs-max
tufsmaC,tuf-smaC,tufs-maC
tufsmal,tuf-smal,tufs-mal
tufsmok,tuf-smok,tufs-mok
tufsmub,tuf-smub,tufs-mub
tufsmut,tuf-smut,tufs-mut
tufsmus,tuf-smus,tufs-mus
tufsmuf,tuf-smuf,tufs-muf
tufsmux,tuf-smux,tufs-mux
tufsmuC,tuf-smuC,tufs-muC
tufsmul,tuf-smul,tufs-mul
tufsnif,tuf-snif,tufs-nif
tufsnap,tuf-snap,tufs-nap
tufsnom,tuf-snom,tufs-nom
tufspin,tuf-spin,tufs-pin
tufspib,tuf-spib,tufs-pib
tufspit,tuf-spit,tufs-pit
tufspik,tuf-spik,tufs-pik
tufspis,tuf-spis,tufs-pis
tufspix,tuf-spix,tufs-pix
tufspiC,tuf-spiC,tufs-piC
tufspan,tuf-span,tufs-pan
tufspak,tuf-spak,tufs-pak
tufspas,tuf-spas,tufs-pas
tufspof,tuf-spof,tufs-pof
tufspum,tuf-spum,tufs-pum
tufspug,tuf-spug,tufs-pug
tufspus,tuf-spus,tufs-pus
tufspul,tuf-spul,tufs-pul
tufstef,tuf-stef,tufs-tef
tufstab,tuf-stab,tufs-tab
tufstat,tuf-stat,tufs-tat
tufstal,tuf-stal,tufs-tal
tufstoj,tuf-stoj,tufs-toj
tufstud,tuf-stud,tufs-tud
tufstup,tuf-stup,tufs-tup
tufskim,tuf-skim,tufs-kim
tufskib,tuf-skib,tufs-kib
tufskig,tuf-skig,tufs-kig
tufskit,tuf-skit,tufs-kit
tufskis,tuf-skis,tufs-kis
tufskif,tuf-skif,tufs-kif
tufskix,tuf-skix,tufs-kix
tufskiC,tuf-skiC,tufs-kiC
tufskad,tuf-skad,tufs-kad
tufskag,tuf-skag,tufs-kag
tufskap,tuf-skap,tufs-kap
tufskas,tuf-skas,tufs-kas
tufskaf,tuf-skaf,tufs-kaf
tufskax,tuf-skax,tufs-kax
tufskaC,tuf-skaC,tufs-kaC
tufskal,tuf-skal,tufs-kal
tufskoq,tuf-skoq,tufs-koq
tufskud,tuf-skud,tufs-kud
tufskug,tuf-skug,tufs-kug
tufskup,tuf-skup,tufs-kup
tufskuz,tuf-skuz,tufs-kuz
tufskuf,tuf-skuf,tufs-kuf
tufskux,tuf-skux,tufs-kux
tufskul,tuf-skul,tufs-kul
tufsfim,tuf-sfim,tufs-fim
tufsfib,tuf-sfib,tufs-fib
tufsfit,tuf-sfit,tufs-fit
tufsfis,tuf-sfis,tufs-fis
tufsfif,tuf-sfif,tufs-fif
tufsfix,tuf-sfix,tufs-fix
tufsfiC,tuf-sfiC,tufs-fiC
tufsfam,tuf-sfam,tufs-fam
tufsfab,tuf-sfab,tufs-fab
tufsfag,tuf-sfag,tufs-fag
tufsfat,tuf-sfat,tufs-fat
tufsfaf,tuf-sfaf,tufs-faf
tufsfax,tuf-sfax,tufs-fax
tufsfaC,tuf-sfaC,tufs-faC
tufsfal,tuf-sfal,tufs-fal
tufsfum,tuf-sfum,tufs-fum
tufsfub,tuf-sfub,tufs-fub
tufsfug,tuf-sfug,tufs-fug
tufsfut,tuf-sfut,tufs-fut
tufsfus,tuf-sfus,tufs-fus
tufsfuf,tuf-sfuf,tufs-fuf
tufsfux,tuf-sfux,tufs-fux
tufsfuC,tuf-sfuC,tufs-fuC
tufsvik,tuf-svik,tufs-vik
tufsvas,tuf-svas,tufs-vas
tufsvur,tuf-svur,tufs-vur
tufslim,tuf-slim,tufs-lim
tufslid,tuf-slid,tufs-lid
tufslig,tuf-slig,tufs-lig
tufslip,tuf-slip,tufs-lip
tufslis,tuf-slis,tufs-lis
tufslif,tuf-slif,tufs-lif
tufslix,tuf-slix,tufs-lix
tufsliC,tuf-sliC,tufs-liC
tufslad,tuf-slad,tufs-lad
tufslag,tuf-slag,tufs-lag
tufslap,tuf-slap,tufs-lap
tufslas,tuf-slas,tufs-las
tufslaf,tuf-slaf,tufs-laf
tufslax,tuf-slax,tufs-lax
tufslaC,tuf-slaC,tufs-laC
tufslal,tuf-slal,tufs-lal
tufslom,tuf-slom,tufs-lom
tufslud,tuf-slud,tufs-lud
tufslug,tuf-slug,tufs-lug
tufslup,tuf-slup,tufs-lup
tufslus,tuf-slus,tufs-lus
tufsluf,tuf-sluf,tufs-luf
tufslux,tuf-slux,tufs-lux
tufsluC,tuf-sluC,tufs-luC
tufslur,tuf-slur,tufs-lur
tuxtxal,tux-txal,tuxt-xal
tuxtxum,tux-txum,tuxt-xum
tuxtrin,tux-trin,tuxt-rin
tuxtrik,tux-trik,tuxt-rik
tuxtris,tux-tris,tuxt-ris
tuxtrif,tux-trif,tuxt-rif
tuxtriC,tux-triC,tuxt-riC
tuxtret,tux-tret,tuxt-ret
tuxtrab,tux-trab,tuxt-rab
tuxtrag,tux-trag,tuxt-rag
tuxtras,tux-tras,tuxt-ras
tuxtraf,tux-traf,tuxt-raf
tuxtraC,tux-traC,tuxt-raC
tuxtral,tux-tral,tuxt-ral
tuxtrot,tux-trot,tuxt-rot
tuxtrum,tux-trum,tuxt-rum
tuxtrub,tux-trub,tuxt-rub
tuxtrug,tux-trug,tuxt-rug
tuxtrus,tux-trus,tuxt-rus
tuxtruf,tux-truf,tuxt-ruf
tuxtrux,tux-trux,tuxt-rux
tuxtruC,tux-truC,tuxt-ruC
tuxtrul,tux-trul,tuxt-rul
tulblim,tul-blim,tulb-lim
tulbliz,tul-bliz,tulb-liz
tulblet,tul-blet,tulb-let
tulblab,tul-blab,tulb-lab
tulbloz,tul-bloz,tulb-loz
tulblof,tul-blof,tulb-lof
tulblor,tul-blor,tulb-lor
tulblum,tul-blum,tulb-lum
tulblub,tul-blub,tulb-lub
tulblut,tul-blut,tulb-lut
tulblux,tul-blux,tulb-lux
tulbrig,tul-brig,tulb-rig
tulbrif,tul-brif,tulb-rif
tulbrak,tul-brak,tulb-rak
tulbruk,tul-bruk,tulb-ruk
tulglip,tul-glip,tulg-lip
tulglix,tul-glix,tulg-lix
tulglen,tul-glen,tulg-len
tulgled,tul-gled,tulg-led
tulglez,tul-glez,tulg-lez
tulglav,tul-glav,tulg-lav
tulglaj,tul-glaj,tulg-laj
tulglob,tul-glob,tulg-lob
tulglot,tul-glot,tulg-lot
tulglok,tul-glok,tulg-lok
tulglor,tul-glor,tulg-lor
tulglux,tul-glux,tulg-lux
tulgriv,tul-griv,tulg-riv
tulgrac,tul-grac,tulg-rac
tulgroq,tul-groq,tulg-roq
tulgruv,tul-gruv,tulg-ruv
tultxal,tul-txal,tult-xal
tultxum,tul-txum,tult-xum
tultrin,tul-trin,tult-rin
tultrik,tul-trik,tult-rik
tultris,tul-tris,tult-ris
tultrif,tul-trif,tult-rif
tultriC,tul-triC,tult-riC
tultret,tul-tret,tult-ret
tultrab,tul-trab,tult-rab
tultrag,tul-trag,tult-rag
tultras,tul-tras,tult-ras
tultraf,tul-traf,tult-raf
tultraC,tul-traC,tult-raC
tultral,tul-tral,tult-ral
tultrot,tul-trot,tult-rot
tultrum,tul-trum,tult-rum
tultrub,tul-trub,tult-rub
tultrug,tul-trug,tult-rug
tultrus,tul-trus,tult-rus
tultruf,tul-truf,tult-ruf
tultrux,tul-trux,tult-rux
tultruC,tul-truC,tult-ruC
tultrul,tul-trul,tult-rul
tulsmin,tul-smin,tuls-min
tulsmib,tul-smib,tuls-mib
tulsmit,tul-smit,tuls-mit
tulsmis,tul-smis,tuls-mis
tulsmix,tul-smix,tuls-mix
tulsmiC,tul-smiC,tuls-miC
tulsmek,tul-smek,tuls-mek
tulsmad,tul-smad,tuls-mad
tulsmas,tul-smas,tuls-mas
tulsmaf,tul-smaf,tuls-maf
tulsmax,tul-smax,tuls-max
tulsmaC,tul-smaC,tuls-maC
tulsmal,tul-smal,tuls-mal
tulsmok,tul-smok,tuls-mok
tulsmub,tul-smub,tuls-mub
tulsmut,tul-smut,tuls-mut
tulsmus,tul-smus,tuls-mus
tulsmuf,tul-smuf,tuls-muf
tulsmux,tul-smux,tuls-mux
tulsmuC,tul-smuC,tuls-muC
tulsmul,tul-smul,tuls-mul
tulsnif,tul-snif,tuls-nif
tulsnap,tul-snap,tuls-nap
tulsnom,tul-snom,tuls-nom
tulspin,tul-spin,tuls-pin
tulspib,tul-spib,tuls-pib
tulspit,tul-spit,tuls-pit
tulspik,tul-spik,tuls-pik
tulspis,tul-spis,tuls-pis
tulspix,tul-spix,tuls-pix
tulspiC,tul-spiC,tuls-piC
tulspan,tul-span,tuls-pan
tulspak,tul-spak,tuls-pak
tulspas,tul-spas,tuls-pas
tulspof,tul-spof,tuls-pof
tulspum,tul-spum,tuls-pum
tulspug,tul-spug,tuls-pug
tulspus,tul-spus,tuls-pus
tulspul,tul-spul,tuls-pul
tulstef,tul-stef,tuls-tef
tulstab,tul-stab,tuls-tab
tulstat,tul-stat,tuls-tat
tulstal,tul-stal,tuls-tal
tulstoj,tul-stoj,tuls-toj
tulstud,tul-stud,tuls-tud
tulstup,tul-stup,tuls-tup
tulskim,tul-skim,tuls-kim
tulskib,tul-skib,tuls-kib
tulskig,tul-skig,tuls-kig
tulskit,tul-skit,tuls-kit
tulskis,tul-skis,tuls-kis
tulskif,tul-skif,tuls-kif
tulskix,tul-skix,tuls-kix
tulskiC,tul-skiC,tuls-kiC
tulskad,tul-skad,tuls-kad
tulskag,tul-skag,tuls-kag
tulskap,tul-skap,tuls-kap
tulskas,tul-skas,tuls-kas
tulskaf,tul-skaf,tuls-kaf
tulskax,tul-skax,tuls-kax
tulskaC,tul-skaC,tuls-kaC
tulskal,tul-skal,tuls-kal
tulskoq,tul-skoq,tuls-koq
tulskud,tul-skud,tuls-kud
tulskug,tul-skug,tuls-kug
tulskup,tul-skup,tuls-kup
tulskuz,tul-skuz,tuls-kuz
tulskuf,tul-skuf,tuls-kuf
tulskux,tul-skux,tuls-kux
tulskul,tul-skul,tuls-kul
tulsfim,tul-sfim,tuls-fim
tulsfib,tul-sfib,tuls-fib
tulsfit,tul-sfit,tuls-fit
tulsfis,tul-sfis,tuls-fis
tulsfif,tul-sfif,tuls-fif
tulsfix,tul-sfix,tuls-fix
tulsfiC,tul-sfiC,tuls-fiC
tulsfam,tul-sfam,tuls-fam
tulsfab,tul-sfab,tuls-fab
tulsfag,tul-sfag,tuls-fag
tulsfat,tul-sfat,tuls-fat
tulsfaf,tul-sfaf,tuls-faf
tulsfax,tul-sfax,tuls-fax
tulsfaC,tul-sfaC,tuls-faC
tulsfal,tul-sfal,tuls-fal
tulsfum,tul-sfum,tuls-fum
tulsfub,tul-sfub,tuls-fub
tulsfug,tul-sfug,tuls-fug
tulsfut,tul-sfut,tuls-fut
tulsfus,tul-sfus,tuls-fus
tulsfuf,tul-sfuf,tuls-fuf
tulsfux,tul-sfux,tuls-fux
tulsfuC,tul-sfuC,tuls-fuC
tulsvik,tul-svik,tuls-vik
tulsvas,tul-svas,tuls-vas
tulsvur,tul-svur,tuls-vur
tulslim,tul-slim,tuls-lim
tulslid,tul-slid,tuls-lid
tulslig,tul-slig,tuls-lig
tulslip,tul-slip,tuls-lip
tulslis,tul-slis,tuls-lis
tulslif,tul-slif,tuls-lif
tulslix,tul-slix,tuls-lix
tulsliC,tul-sliC,tuls-liC
tulslad,tul-slad,tuls-lad
tulslag,tul-slag,tuls-lag
tulslap,tul-slap,tuls-lap
tulslas,tul-slas,tuls-las
tulslaf,tul-slaf,tuls-laf
tulslax,tul-slax,tuls-lax
tulslaC,tul-slaC,tuls-laC
tulslal,tul-slal,tuls-lal
tulslom,tul-slom,tuls-lom
tulslud,tul-slud,tuls-lud
tulslug,tul-slug,tuls-lug
tulslup,tul-slup,tuls-lup
tulslus,tul-slus,tuls-lus
tulsluf,tul-sluf,tuls-luf
tulslux,tul-slux,tuls-lux
tulsluC,tul-sluC,tuls-luC
tulslur,tul-slur,tuls-lur
tulflid,tul-flid,tulf-lid
tulflip,tul-flip,tulf-lip
tulflif,tul-flif,tulf-lif
tulflem,tul-flem,tulf-lem
tulflek,tul-flek,tulf-lek
tulfleC,tul-fleC,tulf-leC
tulflad,tul-flad,tulf-lad
tulflap,tul-flap,tulf-lap
tulflaf,tul-flaf,tulf-laf
tulflax,tul-flax,tulf-lax
tulflom,tul-flom,tulf-lom
tulflok,tul-flok,tulf-lok
tulflor,tul-flor,tulf-lor
tulflud,tul-flud,tulf-lud
tulflup,tul-flup,tulf-lup
tulfluz,tul-fluz,tulf-luz
tulfluf,tul-fluf,tulf-luf
tulflux,tul-flux,tulf-lux
tulfris,tul-fris,tulf-ris
tulfrix,tul-frix,tulf-rix
tulfras,tul-fras,tulf-ras
tulxnim,tul-xnim,tulx-nim
tulxnib,tul-xnib,tulx-nib
tulxnig,tul-xnig,tulx-nig
tulxnit,tul-xnit,tulx-nit
tulxnis,tul-xnis,tulx-nis
tulxnif,tul-xnif,tulx-nif
tulxnix,tul-xnix,tulx-nix
tulxniC,tul-xniC,tulx-niC
tulxnam,tul-xnam,tulx-nam
tulxnab,tul-xnab,tulx-nab
tulxnag,tul-xnag,tulx-nag
tulxnat,tul-xnat,tulx-nat
tulxnas,tul-xnas,tulx-nas
tulxnaf,tul-xnaf,tulx-naf
tulxnax,tul-xnax,tulx-nax
tulxnaC,tul-xnaC,tulx-naC
tulxnal,tul-xnal,tulx-nal
tulxnum,tul-xnum,tulx-num
tulxnub,tul-xnub,tulx-nub
tulxnug,tul-xnug,tulx-nug
tulxnut,tul-xnut,tulx-nut
tulxnus,tul-xnus,tulx-nus
tulxnuf,tul-xnuf,tulx-nuf
tulxnux,tul-xnux,tulx-nux
tulxnuC,tul-xnuC,tulx-nuC
tulxnul,tul-xnul,tulx-nul
tulxkim,tul-xkim,tulx-kim
tulxkib,tul-xkib,tulx-kib
tulxkig,tul-xkig,tulx-kig
tulxkit,tul-xkit,tulx-kit
tulxkis,tul-xkis,tulx-kis
tulxkif,tul-xkif,tulx-kif
tulxkix,tul-xkix,tulx-kix
tulxkiC,tul-xkiC,tulx-kiC
tulxkam,tul-xkam,tulx-kam
tulxkab,tul-xkab,tulx-kab
tulxkag,tul-xkag,tulx-kag
tulxkat,tul-xkat,tulx-kat
tulxkas,tul-xkas,tulx-kas
tulxkaf,tul-xkaf,tulx-kaf
tulxkax,tul-xkax,tulx-kax
tulxkaC,tul-xkaC,tulx-kaC
tulxkal,tul-xkal,tulx-kal
tulxkum,tul-xkum,tulx-kum
tulxkub,tul-xkub,tulx-kub
tulxkug,tul-xkug,tulx-kug
tulxkut,tul-xkut,tulx-kut
tulxkus,tul-xkus,tulx-kus
tulxkuf,tul-xkuf,tulx-kuf
tulxkux,tul-xkux,tulx-kux
tulxkuC,tul-xkuC,tulx-kuC
tulxkul,tul-xkul,tulx-kul
tulxlim,tul-xlim,tulx-lim
tulxlib,tul-xlib,tulx-lib
tulxlit,tul-xlit,tulx-lit
tulxlik,tul-xlik,tulx-lik
tulxlis,tul-xlis,tulx-lis
tulxlif,tul-xlif,tulx-lif
tulxlix,tul-xlix,tulx-lix
tulxliC,tul-xliC,tulx-liC
tulxlam,tul-xlam,tulx-lam
tulxlab,tul-xlab,tulx-lab
tulxlag,tul-xlag,tulx-lag
tulxlat,tul-xlat,tulx-lat
tulxlas,tul-xlas,tulx-las
tulxlav,tul-xlav,tulx-lav
tulxlax,tul-xlax,tulx-lax
tulxlal,tul-xlal,tulx-lal
tulxlum,tul-xlum,tulx-lum
tulxlub,tul-xlub,tulx-lub
tulxlug,tul-xlug,tulx-lug
tulxlut,tul-xlut,tulx-lut
tulxlus,tul-xlus,tulx-lus
tulxluf,tul-xluf,tulx-luf
tulxlux,tul-xlux,tulx-lux
tulxluC,tul-xluC,tulx-luC
tulxlul,tul-xlul,tulx-lul
kiqksim,kiq-ksim,kiqk-sim
kiqksib,kiq-ksib,kiqk-sib
kiqksig,kiq-ksig,kiqk-sig
kiqksit,kiq-ksit,kiqk-sit
kiqksis,kiq-ksis,kiqk-sis
kiqksif,kiq-ksif,kiqk-sif
kiqksix,kiq-ksix,kiqk-six
kiqksiC,kiq-ksiC,kiqk-siC
kiqksam,kiq-ksam,kiqk-sam
kiqksab,kiq-ksab,kiqk-sab
kiqksag,kiq-ksag,kiqk-sag
kiqksat,kiq-ksat,kiqk-sat
kiqksas,kiq-ksas,kiqk-sas
kiqksaf,kiq-ksaf,kiqk-saf
kiqksax,kiq-ksax,kiqk-sax
kiqksaC,kiq-ksaC,kiqk-saC
kiqksal,kiq-ksal,kiqk-sal
kiqksum,kiq-ksum,kiqk-sum
kiqksub,kiq-ksub,kiqk-sub
kiqksug,kiq-ksug,kiqk-sug
kiqksut,kiq-ksut,kiqk-sut
kiqksus,kiq-ksus,kiqk-sus
kiqksuf,kiq-ksuf,kiqk-suf
kiqksux,kiq-ksux,kiqk-sux
kiqksuC,kiq-ksuC,kiqk-suC
kiqksul,kiq-ksul,kiqk-sul
kiqklek,kiq-klek,kiqk-lek
kiqkloz,kiq-kloz,kiqk-loz
karksim,kar-ksim,kark-sim
karksib,kar-ksib,kark-sib
karksig,kar-ksig,kark-sig
karksit,kar-ksit,kark-sit
karksis,kar-ksis,kark-sis
karksif,kar-ksif,kark-sif
karksix,kar-ksix,kark-six
karksiC,kar-ksiC,kark-siC
karksam,kar-ksam,kark-sam
karksab,kar-ksab,kark-sab
karksag,kar-ksag,kark-sag
karksat,kar-ksat,kark-sat
karksas,kar-ksas,kark-sas
karksaf,kar-ksaf,kark-saf
karksax,kar-ksax,kark-sax
karksaC,kar-ksaC,kark-saC
karksal,kar-ksal,kark-sal
karksum,kar-ksum,kark-sum
karksub,kar-ksub,kark-sub
karksug,kar-ksug,kark-sug
karksut,kar-ksut,kark-sut
karksus,kar-ksus,kark-sus
karksuf,kar-ksuf,kark-suf
karksux,kar-ksux,kark-sux
karksuC,kar-ksuC,kark-suC
karksul,kar-ksul,kark-sul
karklek,kar-klek,kark-lek
karkloz,kar-kloz,kark-loz
korblim,kor-blim,korb-lim
korbliz,kor-bliz,korb-liz
korblet,kor-blet,korb-let
korblab,kor-blab,korb-lab
korbloz,kor-bloz,korb-loz
korblof,kor-blof,korb-lof
korblor,kor-blor,korb-lor
korblum,kor-blum,korb-lum
korblub,kor-blub,korb-lub
korblut,kor-blut,korb-lut
korblux,kor-blux,korb-lux
korbrig,kor-brig,korb-rig
korbrif,kor-brif,korb-rif
korbrak,kor-brak,korb-rak
korbruk,kor-bruk,korb-ruk
kundjin,kun-djin,kund-jin
kundjid,kun-djid,kund-jid
kundjip,kun-djip,kund-jip
kundjiz,kun-djiz,kund-jiz
kundjif,kun-djif,kund-jif
kundjix,kun-djix,kund-jix
kundjek,kun-djek,kund-jek
kundjam,kun-djam,kund-jam
kundjab,kun-djab,kund-jab
kundjat,kun-djat,kund-jat
kundjas,kun-djas,kund-jas
kundjaf,kun-djaf,kund-jaf
kundjax,kun-djax,kund-jax
kundjaC,kun-djaC,kund-jaC
kundjok,kun-djok,kund-jok
kundjud,kun-djud,kund-jud
kundjup,kun-djup,kund-jup
kundjus,kun-djus,kund-jus
kundjuf,kun-djuf,kund-juf
kundjux,kun-djux,kund-jux
kundjuC,kun-djuC,kund-juC
kundjul,kun-djul,kund-jul
kundrib,kun-drib,kund-rib
kundrix,kun-drix,kund-rix
kundram,kun-dram,kund-ram
kundrax,kun-drax,kund-rax
hintxal,hin-txal,hint-xal
hintxum,hin-txum,hint-xum
hintrin,hin-trin,hint-rin
hintrik,hin-trik,hint-rik
hintris,hin-tris,hint-ris
hintrif,hin-trif,hint-rif
hintriC,hin-triC,hint-riC
hintret,hin-tret,hint-ret
hintrab,hin-trab,hint-rab
hintrag,hin-trag,hint-rag
hintras,hin-tras,hint-ras
hintraf,hin-traf,hint-raf
hintraC,hin-traC,hint-raC
hintral,hin-tral,hint-ral
hintrot,hin-trot,hint-rot
hintrum,hin-trum,hint-rum
hintrub,hin-trub,hint-rub
hintrug,hin-trug,hint-rug
hintrus,hin-trus,hint-rus
hintruf,hin-truf,hint-ruf
hintrux,hin-trux,hint-rux
hintruC,hin-truC,hint-ruC
hintrul,hin-trul,hint-rul
hipflid,hip-flid,hipf-lid
hipflip,hip-flip,hipf-lip
hipflif,hip-flif,hipf-lif
hipflem,hip-flem,hipf-lem
hipflek,hip-flek,hipf-lek
hipfleC,hip-fleC,hipf-leC
hipflad,hip-flad,hipf-lad
hipflap,hip-flap,hipf-lap
hipflaf,hip-flaf,hipf-laf
hipflax,hip-flax,hipf-lax
hipflom,hip-flom,hipf-lom
hipflok,hip-flok,hipf-lok
hipflor,hip-flor,hipf-lor
hipflud,hip-flud,hipf-lud
hipflup,hip-flup,hipf-lup
hipfluz,hip-fluz,hipf-luz
hipfluf,hip-fluf,hipf-luf
hipflux,hip-flux,hipf-lux
hipfris,hip-fris,hipf-ris
hipfrix,hip-frix,hipf-rix
hipfras,hip-fras,hipf-ras
hipxnim,hip-xnim,hipx-nim
hipxnib,hip-xnib,hipx-nib
hipxnig,hip-xnig,hipx-nig
hipxnit,hip-xnit,hipx-nit
hipxnis,hip-xnis,hipx-nis
hipxnif,hip-xnif,hipx-nif
hipxnix,hip-xnix,hipx-nix
hipxniC,hip-xniC,hipx-niC
hipxnam,hip-xnam,hipx-nam
hipxnab,hip-xnab,hipx-nab
hipxnag,hip-xnag,hipx-nag
hipxnat,hip-xnat,hipx-nat
hipxnas,hip-xnas,hipx-nas
hipxnaf,hip-xnaf,hipx-naf
hipxnax,hip-xnax,hipx-nax
hipxnaC,hip-xnaC,hipx-naC
hipxnal,hip-xnal,hipx-nal
hipxnum,hip-xnum,hipx-num
hipxnub,hip-xnub,hipx-nub
hipxnug,hip-xnug,hipx-nug
hipxnut,hip-xnut,hipx-nut
hipxnus,hip-xnus,hipx-nus
hipxnuf,hip-xnuf,hipx-nuf
hipxnux,hip-xnux,hipx-nux
hipxnuC,hip-xnuC,hipx-nuC
hipxnul,hip-xnul,hipx-nul
hipxkim,hip-xkim,hipx-kim
hipxkib,hip-xkib,hipx-kib
hipxkig,hip-xkig,hipx-kig
hipxkit,hip-xkit,hipx-kit
hipxkis,hip-xkis,hipx-kis
hipxkif,hip-xkif,hipx-kif
hipxkix,hip-xkix,hipx-kix
hipxkiC,hip-xkiC,hipx-kiC
hipxkam,hip-xkam,hipx-kam
hipxkab,hip-xkab,hipx-kab
hipxkag,hip-xkag,hipx-kag
hipxkat,hip-xkat,hipx-kat
hipxkas,hip-xkas,hipx-kas
hipxkaf,hip-xkaf,hipx-kaf
hipxkax,hip-xkax,hipx-kax
hipxkaC,hip-xkaC,hipx-kaC
hipxkal,hip-xkal,hipx-kal
hipxkum,hip-xkum,hipx-kum
hipxkub,hip-xkub,hipx-kub
hipxkug,hip-xkug,hipx-kug
hipxkut,hip-xkut,hipx-kut
hipxkus,hip-xkus,hipx-kus
hipxkuf,hip-xkuf,hipx-kuf
hipxkux,hip-xkux,hipx-kux
hipxkuC,hip-xkuC,hipx-kuC
hipxkul,hip-xkul,hipx-kul
hipxlim,hip-xlim,hipx-lim
hipxlib,hip-xlib,hipx-lib
hipxlit,hip-xlit,hipx-lit
hipxlik,hip-xlik,hipx-lik
hipxlis,hip-xlis,hipx-lis
hipxlif,hip-xlif,hipx-lif
hipxlix,hip-xlix,hipx-lix
hipxliC,hip-xliC,hipx-liC
hipxlam,hip-xlam,hipx-lam
hipxlab,hip-xlab,hipx-lab
hipxlag,hip-xlag,hipx-lag
hipxlat,hip-xlat,hipx-lat
hipxlas,hip-xlas,hipx-las
hipxlav,hip-xlav,hipx-lav
hipxlax,hip-xlax,hipx-lax
hipxlal,hip-xlal,hipx-lal
hipxlum,hip-xlum,hipx-lum
hipxlub,hip-xlub,hipx-lub
hipxlug,hip-xlug,hipx-lug
hipxlut,hip-xlut,hipx-lut
hipxlus,hip-xlus,hipx-lus
hipxluf,hip-xluf,hipx-luf
hipxlux,hip-xlux,hipx-lux
hipxluC,hip-xluC,hipx-luC
hipxlul,hip-xlul,hipx-lul
hikxnim,hik-xnim,hikx-nim
hikxnib,hik-xnib,hikx-nib
hikxnig,hik-xnig,hikx-nig
hikxnit,hik-xnit,hikx-nit
hikxnis,hik-xnis,hikx-nis
hikxnif,hik-xnif,hikx-nif
hikxnix,hik-xnix,hikx-nix
hikxniC,hik-xniC,hikx-niC
hikxnam,hik-xnam,hikx-nam
hikxnab,hik-xnab,hikx-nab
hikxnag,hik-xnag,hikx-nag
hikxnat,hik-xnat,hikx-nat
hikxnas,hik-xnas,hikx-nas
hikxnaf,hik-xnaf,hikx-naf
hikxnax,hik-xnax,hikx-nax
hikxnaC,hik-xnaC,hikx-naC
hikxnal,hik-xnal,hikx-nal
hikxnum,hik-xnum,hikx-num
hikxnub,hik-xnub,hikx-nub
hikxnug,hik-xnug,hikx-nug
hikxnut,hik-xnut,hikx-nut
hikxnus,hik-xnus,hikx-nus
hikxnuf,hik-xnuf,hikx-nuf
hikxnux,hik-xnux,hikx-nux
hikxnuC,hik-xnuC,hikx-nuC
hikxnul,hik-xnul,hikx-nul
hikxkim,hik-xkim,hikx-kim
hikxkib,hik-xkib,hikx-kib
hikxkig,hik-xkig,hikx-kig
hikxkit,hik-xkit,hikx-kit
hikxkis,hik-xkis,hikx-kis
hikxkif,hik-xkif,hikx-kif
hikxkix,hik-xkix,hikx-kix
hikxkiC,hik-xkiC,hikx-kiC
hikxkam,hik-xkam,hikx-kam
hikxkab,hik-xkab,hikx-kab
hikxkag,hik-xkag,hikx-kag
hikxkat,hik-xkat,hikx-kat
hikxkas,hik-xkas,hikx-kas
hikxkaf,hik-xkaf,hikx-kaf
hikxkax,hik-xkax,hikx-kax
hikxkaC,hik-xkaC,hikx-kaC
hikxkal,hik-xkal,hikx-kal
hikxkum,hik-xkum,hikx-kum
hikxkub,hik-xkub,hikx-kub
hikxkug,hik-xkug,hikx-kug
hikxkut,hik-xkut,hikx-kut
hikxkus,hik-xkus,hikx-kus
hikxkuf,hik-xkuf,hikx-kuf
hikxkux,hik-xkux,hikx-kux
hikxkuC,hik-xkuC,hikx-kuC
hikxkul,hik-xkul,hikx-kul
hikxlim,hik-xlim,hikx-lim
hikxlib,hik-xlib,hikx-lib
hikxlit,hik-xlit,hikx-lit
hikxlik,hik-xlik,hikx-lik
hikxlis,hik-xlis,hikx-lis
hikxlif,hik-xlif,hikx-lif
hikxlix,hik-xlix,hikx-lix
hikxliC,hik-xliC,hikx-liC
hikxlam,hik-xlam,hikx-lam
hikxlab,hik-xlab,hikx-lab
hikxlag,hik-xlag,hikx-lag
hikxlat,hik-xlat,hikx-lat
hikxlas,hik-xlas,hikx-las
hikxlav,hik-xlav,hikx-lav
hikxlax,hik-xlax,hikx-lax
hikxlal,hik-xlal,hikx-lal
hikxlum,hik-xlum,hikx-lum
hikxlub,hik-xlub,hikx-lub
hikxlug,hik-xlug,hikx-lug
hikxlut,hik-xlut,hikx-lut
hikxlus,hik-xlus,hikx-lus
hikxluf,hik-xluf,hikx-luf
hikxlux,hik-xlux,hikx-lux
hikxluC,hik-xluC,hikx-luC
hikxlul,hik-xlul,hikx-lul
hisplib,his-plib,hisp-lib
hisplix,his-plix,hisp-lix
hisplan,his-plan,hisp-lan
hisplax,his-plax,hisp-lax
hisksim,his-ksim,hisk-sim
hisksib,his-ksib,hisk-sib
hisksig,his-ksig,hisk-sig
hisksit,his-ksit,hisk-sit
hisksis,his-ksis,hisk-sis
hisksif,his-ksif,hisk-sif
hisksix,his-ksix,hisk-six
hisksiC,his-ksiC,hisk-siC
hisksam,his-ksam,hisk-sam
hisksab,his-ksab,hisk-sab
hisksag,his-ksag,hisk-sag
hisksat,his-ksat,hisk-sat
hisksas,his-ksas,hisk-sas
hisksaf,his-ksaf,hisk-saf
hisksax,his-ksax,hisk-sax
hisksaC,his-ksaC,hisk-saC
hisksal,his-ksal,hisk-sal
hisksum,his-ksum,hisk-sum
hisksub,his-ksub,hisk-sub
hisksug,his-ksug,hisk-sug
hisksut,his-ksut,hisk-sut
hisksus,his-ksus,hisk-sus
hisksuf,his-ksuf,hisk-suf
hisksux,his-ksux,hisk-sux
hisksuC,his-ksuC,hisk-suC
hisksul,his-ksul,hisk-sul
hisklek,his-klek,hisk-lek
hiskloz,his-kloz,hisk-loz
hiftxal,hif-txal,hift-xal
hiftxum,hif-txum,hift-xum
hiftrin,hif-trin,hift-rin
hiftrik,hif-trik,hift-rik
hiftris,hif-tris,hift-ris
hiftrif,hif-trif,hift-rif
hiftriC,hif-triC,hift-riC
hiftret,hif-tret,hift-ret
hiftrab,hif-trab,hift-rab
hiftrag,hif-trag,hift-rag
hiftras,hif-tras,hift-ras
hiftraf,hif-traf,hift-raf
hiftraC,hif-traC,hift-raC
hiftral,hif-tral,hift-ral
hiftrot,hif-trot,hift-rot
hiftrum,hif-trum,hift-rum
hiftrub,hif-trub,hift-rub
hiftrug,hif-trug,hift-rug
hiftrus,hif-trus,hift-rus
hiftruf,hif-truf,hift-ruf
hiftrux,hif-trux,hift-rux
hiftruC,hif-truC,hift-ruC
hiftrul,hif-trul,hift-rul
hifsmin,hif-smin,hifs-min
hifsmib,hif-smib,hifs-mib
hifsmit,hif-smit,hifs-mit
hifsmis,hif-smis,hifs-mis
hifsmix,hif-smix,hifs-mix
hifsmiC,hif-smiC,hifs-miC
hifsmek,hif-smek,hifs-mek
hifsmad,hif-smad,hifs-mad
hifsmas,hif-smas,hifs-mas
hifsmaf,hif-smaf,hifs-maf
hifsmax,hif-smax,hifs-max
hifsmaC,hif-smaC,hifs-maC
hifsmal,hif-smal,hifs-mal
hifsmok,hif-smok,hifs-mok
hifsmub,hif-smub,hifs-mub
hifsmut,hif-smut,hifs-mut
hifsmus,hif-smus,hifs-mus
hifsmuf,hif-smuf,hifs-muf
hifsmux,hif-smux,hifs-mux
hifsmuC,hif-smuC,hifs-muC
hifsmul,hif-smul,hifs-mul
hifsnif,hif-snif,hifs-nif
hifsnap,hif-snap,hifs-nap
hifsnom,hif-snom,hifs-nom
hifspin,hif-spin,hifs-pin
hifspib,hif-spib,hifs-pib
hifspit,hif-spit,hifs-pit
hifspik,hif-spik,hifs-pik
hifspis,hif-spis,hifs-pis
hifspix,hif-spix,hifs-pix
hifspiC,hif-spiC,hifs-piC
hifspan,hif-span,hifs-pan
hifspak,hif-spak,hifs-pak
hifspas,hif-spas,hifs-pas
hifspof,hif-spof,hifs-pof
hifspum,hif-spum,hifs-pum
hifspug,hif-spug,hifs-pug
hifspus,hif-spus,hifs-pus
hifspul,hif-spul,hifs-pul
hifstef,hif-stef,hifs-tef
hifstab,hif-stab,hifs-tab
hifstat,hif-stat,hifs-tat
hifstal,hif-stal,hifs-tal
hifstoj,hif-stoj,hifs-toj
hifstud,hif-stud,hifs-tud
hifstup,hif-stup,hifs-tup
hifskim,hif-skim,hifs-kim
hifskib,hif-skib,hifs-kib
hifskig,hif-skig,hifs-kig
hifskit,hif-skit,hifs-kit
hifskis,hif-skis,hifs-kis
hifskif,hif-skif,hifs-kif
hifskix,hif-skix,hifs-kix
hifskiC,hif-skiC,hifs-kiC
hifskad,hif-skad,hifs-kad
hifskag,hif-skag,hifs-kag
hifskap,hif-skap,hifs-kap
hifskas,hif-skas,hifs-kas
hifskaf,hif-skaf,hifs-kaf
hifskax,hif-skax,hifs-kax
hifskaC,hif-skaC,hifs-kaC
hifskal,hif-skal,hifs-kal
hifskoq,hif-skoq,hifs-koq
hifskud,hif-skud,hifs-kud
hifskug,hif-skug,hifs-kug
hifskup,hif-skup,hifs-kup
hifskuz,hif-skuz,hifs-kuz
hifskuf,hif-skuf,hifs-kuf
hifskux,hif-skux,hifs-kux
hifskul,hif-skul,hifs-kul
hifsfim,hif-sfim,hifs-fim
hifsfib,hif-sfib,hifs-fib
hifsfit,hif-sfit,hifs-fit
hifsfis,hif-sfis,hifs-fis
hifsfif,hif-sfif,hifs-fif
hifsfix,hif-sfix,hifs-fix
hifsfiC,hif-sfiC,hifs-fiC
hifsfam,hif-sfam,hifs-fam
hifsfab,hif-sfab,hifs-fab
hifsfag,hif-sfag,hifs-fag
hifsfat,hif-sfat,hifs-fat
hifsfaf,hif-sfaf,hifs-faf
hifsfax,hif-sfax,hifs-fax
hifsfaC,hif-sfaC,hifs-faC
hifsfal,hif-sfal,hifs-fal
hifsfum,hif-sfum,hifs-fum
hifsfub,hif-sfub,hifs-fub
hifsfug,hif-sfug,hifs-fug
hifsfut,hif-sfut,hifs-fut
hifsfus,hif-sfus,hifs-fus
hifsfuf,hif-sfuf,hifs-fuf
hifsfux,hif-sfux,hifs-fux
hifsfuC,hif-sfuC,hifs-fuC
hifsvik,hif-svik,hifs-vik
hifsvas,hif-svas,hifs-vas
hifsvur,hif-svur,hifs-vur
hifslim,hif-slim,hifs-lim
hifslid,hif-slid,hifs-lid
hifslig,hif-slig,hifs-lig
hifslip,hif-slip,hifs-lip
hifslis,hif-slis,hifs-lis
hifslif,hif-slif,hifs-lif
hifslix,hif-slix,hifs-lix
hifsliC,hif-sliC,hifs-liC
hifslad,hif-slad,hifs-lad
hifslag,hif-slag,hifs-lag
hifslap,hif-slap,hifs-lap
hifslas,hif-slas,hifs-las
hifslaf,hif-slaf,hifs-laf
hifslax,hif-slax,hifs-lax
hifslaC,hif-slaC,hifs-laC
hifslal,hif-slal,hifs-lal
hifslom,hif-slom,hifs-lom
hifslud,hif-slud,hifs-lud
hifslug,hif-slug,hifs-lug
hifslup,hif-slup,hifs-lup
hifslus,hif-slus,hifs-lus
hifsluf,hif-sluf,hifs-luf
hifslux,hif-slux,hifs-lux
hifsluC,hif-sluC,hifs-luC
hifslur,hif-slur,hifs-lur
hixtxal,hix-txal,hixt-xal
hixtxum,hix-txum,hixt-xum
hixtrin,hix-trin,hixt-rin
hixtrik,hix-trik,hixt-rik
hixtris,hix-tris,hixt-ris
hixtrif,hix-trif,hixt-rif
hixtriC,hix-triC,hixt-riC
hixtret,hix-tret,hixt-ret
hixtrab,hix-trab,hixt-rab
hixtrag,hix-trag,hixt-rag
hixtras,hix-tras,hixt-ras
hixtraf,hix-traf,hixt-raf
hixtraC,hix-traC,hixt-raC
hixtral,hix-tral,hixt-ral
hixtrot,hix-trot,hixt-rot
hixtrum,hix-trum,hixt-rum
hixtrub,hix-trub,hixt-rub
hixtrug,hix-trug,hixt-rug
hixtrus,hix-trus,hixt-rus
hixtruf,hix-truf,hixt-ruf
hixtrux,hix-trux,hixt-rux
hixtruC,hix-truC,hixt-ruC
hixtrul,hix-trul,hixt-rul
heqksim,heq-ksim,heqk-sim
heqksib,heq-ksib,heqk-sib
heqksig,heq-ksig,heqk-sig
heqksit,heq-ksit,heqk-sit
heqksis,heq-ksis,heqk-sis
heqksif,heq-ksif,heqk-sif
heqksix,heq-ksix,heqk-six
heqksiC,heq-ksiC,heqk-siC
heqksam,heq-ksam,heqk-sam
heqksab,heq-ksab,heqk-sab
heqksag,heq-ksag,heqk-sag
heqksat,heq-ksat,heqk-sat
heqksas,heq-ksas,heqk-sas
heqksaf,heq-ksaf,heqk-saf
heqksax,heq-ksax,heqk-sax
heqksaC,heq-ksaC,heqk-saC
heqksal,heq-ksal,heqk-sal
heqksum,heq-ksum,heqk-sum
heqksub,heq-ksub,heqk-sub
heqksug,heq-ksug,heqk-sug
heqksut,heq-ksut,heqk-sut
heqksus,heq-ksus,heqk-sus
heqksuf,heq-ksuf,heqk-suf
heqksux,heq-ksux,heqk-sux
heqksuC,heq-ksuC,heqk-suC
heqksul,heq-ksul,heqk-sul
heqklek,heq-klek,heqk-lek
heqkloz,heq-kloz,heqk-loz
hepsmin,hep-smin,heps-min
hepsmib,hep-smib,heps-mib
hepsmit,hep-smit,heps-mit
hepsmis,hep-smis,heps-mis
hepsmix,hep-smix,heps-mix
hepsmiC,hep-smiC,heps-miC
hepsmek,hep-smek,heps-mek
hepsmad,hep-smad,heps-mad
hepsmas,hep-smas,heps-mas
hepsmaf,hep-smaf,heps-maf
hepsmax,hep-smax,heps-max
hepsmaC,hep-smaC,heps-maC
hepsmal,hep-smal,heps-mal
hepsmok,hep-smok,heps-mok
hepsmub,hep-smub,heps-mub
hepsmut,hep-smut,heps-mut
hepsmus,hep-smus,heps-mus
hepsmuf,hep-smuf,heps-muf
hepsmux,hep-smux,heps-mux
hepsmuC,hep-smuC,heps-muC
hepsmul,hep-smul,heps-mul
hepsnif,hep-snif,heps-nif
hepsnap,hep-snap,heps-nap
hepsnom,hep-snom,heps-nom
hepspin,hep-spin,heps-pin
hepspib,hep-spib,heps-pib
hepspit,hep-spit,heps-pit
hepspik,hep-spik,heps-pik
hepspis,hep-spis,heps-pis
hepspix,hep-spix,heps-pix
hepspiC,hep-spiC,heps-piC
hepspan,hep-span,heps-pan
hepspak,hep-spak,heps-pak
hepspas,hep-spas,heps-pas
hepspof,hep-spof,heps-pof
hepspum,hep-spum,heps-pum
hepspug,hep-spug,heps-pug
hepspus,hep-spus,heps-pus
hepspul,hep-spul,heps-pul
hepstef,hep-stef,heps-tef
hepstab,hep-stab,heps-tab
hepstat,hep-stat,heps-tat
hepstal,hep-stal,heps-tal
hepstoj,hep-stoj,heps-toj
hepstud,hep-stud,heps-tud
hepstup,hep-stup,heps-tup
hepskim,hep-skim,heps-kim
hepskib,hep-skib,heps-kib
hepskig,hep-skig,heps-kig
hepskit,hep-skit,heps-kit
hepskis,hep-skis,heps-kis
hepskif,hep-skif,heps-kif
hepskix,hep-skix,heps-kix
hepskiC,hep-skiC,heps-kiC
hepskad,hep-skad,heps-kad
hepskag,hep-skag,heps-kag
hepskap,hep-skap,heps-kap
hepskas,hep-skas,heps-kas
hepskaf,hep-skaf,heps-kaf
hepskax,hep-skax,heps-kax
hepskaC,hep-skaC,heps-kaC
hepskal,hep-skal,heps-kal
hepskoq,hep-skoq,heps-koq
hepskud,hep-skud,heps-kud
hepskug,hep-skug,heps-kug
hepskup,hep-skup,heps-kup
hepskuz,hep-skuz,heps-kuz
hepskuf,hep-skuf,heps-kuf
hepskux,hep-skux,heps-kux
hepskul,hep-skul,heps-kul
hepsfim,hep-sfim,heps-fim
hepsfib,hep-sfib,heps-fib
hepsfit,hep-sfit,heps-fit
hepsfis,hep-sfis,heps-fis
hepsfif,hep-sfif,heps-fif
hepsfix,hep-sfix,heps-fix
hepsfiC,hep-sfiC,heps-fiC
hepsfam,hep-sfam,heps-fam
hepsfab,hep-sfab,heps-fab
hepsfag,hep-sfag,heps-fag
hepsfat,hep-sfat,heps-fat
hepsfaf,hep-sfaf,heps-faf
hepsfax,hep-sfax,heps-fax
hepsfaC,hep-sfaC,heps-faC
hepsfal,hep-sfal,heps-fal
hepsfum,hep-sfum,heps-fum
hepsfub,hep-sfub,heps-fub
hepsfug,hep-sfug,heps-fug
hepsfut,hep-sfut,heps-fut
hepsfus,hep-sfus,heps-fus
hepsfuf,hep-sfuf,heps-fuf
hepsfux,hep-sfux,heps-fux
hepsfuC,hep-sfuC,heps-fuC
hepsvik,hep-svik,heps-vik
hepsvas,hep-svas,heps-vas
hepsvur,hep-svur,heps-vur
hepslim,hep-slim,heps-lim
hepslid,hep-slid,heps-lid
hepslig,hep-slig,heps-lig
hepslip,hep-slip,heps-lip
hepslis,hep-slis,heps-lis
hepslif,hep-slif,heps-lif
hepslix,hep-slix,heps-lix
hepsliC,hep-sliC,heps-liC
hepslad,hep-slad,heps-lad
hepslag,hep-slag,heps-lag
hepslap,hep-slap,heps-lap
hepslas,hep-slas,heps-las
hepslaf,hep-slaf,heps-laf
hepslax,hep-slax,heps-lax
hepslaC,hep-slaC,heps-laC
hepslal,hep-slal,heps-lal
hepslom,hep-slom,heps-lom
hepslud,hep-slud,heps-lud
hepslug,hep-slug,heps-lug
hepslup,hep-slup,heps-lup
hepslus,hep-slus,heps-lus
hepsluf,hep-sluf,heps-luf
hepslux,hep-slux,heps-lux
hepsluC,hep-sluC,heps-luC
hepslur,hep-slur,heps-lur
hamdjin,ham-djin,hamd-jin
hamdjid,ham-djid,hamd-jid
hamdjip,ham-djip,hamd-jip
hamdjiz,ham-djiz,hamd-jiz
hamdjif,ham-djif,hamd-jif
hamdjix,ham-djix,hamd-jix
hamdjek,ham-djek,hamd-jek
hamdjam,ham-djam,hamd-jam
hamdjab,ham-djab,hamd-jab
hamdjat,ham-djat,hamd-jat
hamdjas,ham-djas,hamd-jas
hamdjaf,ham-djaf,hamd-jaf
hamdjax,ham-djax,hamd-jax
hamdjaC,ham-djaC,hamd-jaC
hamdjok,ham-djok,hamd-jok
hamdjud,ham-djud,hamd-jud
hamdjup,ham-djup,hamd-jup
hamdjus,ham-djus,hamd-jus
hamdjuf,ham-djuf,hamd-juf
hamdjux,ham-djux,hamd-jux
hamdjuC,ham-djuC,hamd-juC
hamdjul,ham-djul,hamd-jul
hamdrib,ham-drib,hamd-rib
hamdrix,ham-drix,hamd-rix
hamdram,ham-dram,hamd-ram
hamdrax,ham-drax,hamd-rax
hamplib,ham-plib,hamp-lib
hamplix,ham-plix,hamp-lix
hamplan,ham-plan,hamp-lan
hamplax,ham-plax,hamp-lax
hapflid,hap-flid,hapf-lid
hapflip,hap-flip,hapf-lip
hapflif,hap-flif,hapf-lif
hapflem,hap-flem,hapf-lem
hapflek,hap-flek,hapf-lek
hapfleC,hap-fleC,hapf-leC
hapflad,hap-flad,hapf-lad
hapflap,hap-flap,hapf-lap
hapflaf,hap-flaf,hapf-laf
hapflax,hap-flax,hapf-lax
hapflom,hap-flom,hapf-lom
hapflok,hap-flok,hapf-lok
hapflor,hap-flor,hapf-lor
hapflud,hap-flud,hapf-lud
hapflup,hap-flup,hapf-lup
hapfluz,hap-fluz,hapf-luz
hapfluf,hap-fluf,hapf-luf
hapflux,hap-flux,hapf-lux
hapfris,hap-fris,hapf-ris
hapfrix,hap-frix,hapf-rix
hapfras,hap-fras,hapf-ras
hapxnim,hap-xnim,hapx-nim
hapxnib,hap-xnib,hapx-nib
hapxnig,hap-xnig,hapx-nig
hapxnit,hap-xnit,hapx-nit
hapxnis,hap-xnis,hapx-nis
hapxnif,hap-xnif,hapx-nif
hapxnix,hap-xnix,hapx-nix
hapxniC,hap-xniC,hapx-niC
hapxnam,hap-xnam,hapx-nam
hapxnab,hap-xnab,hapx-nab
hapxnag,hap-xnag,hapx-nag
hapxnat,hap-xnat,hapx-nat
hapxnas,hap-xnas,hapx-nas
hapxnaf,hap-xnaf,hapx-naf
hapxnax,hap-xnax,hapx-nax
hapxnaC,hap-xnaC,hapx-naC
hapxnal,hap-xnal,hapx-nal
hapxnum,hap-xnum,hapx-num
hapxnub,hap-xnub,hapx-nub
hapxnug,hap-xnug,hapx-nug
hapxnut,hap-xnut,hapx-nut
hapxnus,hap-xnus,hapx-nus
hapxnuf,hap-xnuf,hapx-nuf
hapxnux,hap-xnux,hapx-nux
hapxnuC,hap-xnuC,hapx-nuC
hapxnul,hap-xnul,hapx-nul
hapxkim,hap-xkim,hapx-kim
hapxkib,hap-xkib,hapx-kib
hapxkig,hap-xkig,hapx-kig
hapxkit,hap-xkit,hapx-kit
hapxkis,hap-xkis,hapx-kis
hapxkif,hap-xkif,hapx-kif
hapxkix,hap-xkix,hapx-kix
hapxkiC,hap-xkiC,hapx-kiC
hapxkam,hap-xkam,hapx-kam
hapxkab,hap-xkab,hapx-kab
hapxkag,hap-xkag,hapx-kag
hapxkat,hap-xkat,hapx-kat
hapxkas,hap-xkas,hapx-kas
hapxkaf,hap-xkaf,hapx-kaf
hapxkax,hap-xkax,hapx-kax
hapxkaC,hap-xkaC,hapx-kaC
hapxkal,hap-xkal,hapx-kal
hapxkum,hap-xkum,hapx-kum
hapxkub,hap-xkub,hapx-kub
hapxkug,hap-xkug,hapx-kug
hapxkut,hap-xkut,hapx-kut
hapxkus,hap-xkus,hapx-kus
hapxkuf,hap-xkuf,hapx-kuf
hapxkux,hap-xkux,hapx-kux
hapxkuC,hap-xkuC,hapx-kuC
hapxkul,hap-xkul,hapx-kul
hapxlim,hap-xlim,hapx-lim
hapxlib,hap-xlib,hapx-lib
hapxlit,hap-xlit,hapx-lit
hapxlik,hap-xlik,hapx-lik
hapxlis,hap-xlis,hapx-lis
hapxlif,hap-xlif,hapx-lif
hapxlix,hap-xlix,hapx-lix
hapxliC,hap-xliC,hapx-liC
hapxlam,hap-xlam,hapx-lam
hapxlab,hap-xlab,hapx-lab
hapxlag,hap-xlag,hapx-lag
hapxlat,hap-xlat,hapx-lat
hapxlas,hap-xlas,hapx-las
hapxlav,hap-xlav,hapx-lav
hapxlax,hap-xlax,hapx-lax
hapxlal,hap-xlal,hapx-lal
hapxlum,hap-xlum,hapx-lum
hapxlub,hap-xlub,hapx-lub
hapxlug,hap-xlug,hapx-lug
hapxlut,hap-xlut,hapx-lut
hapxlus,hap-xlus,hapx-lus
hapxluf,hap-xluf,hapx-luf
hapxlux,hap-xlux,hapx-lux
hapxluC,hap-xluC,hapx-luC
hapxlul,hap-xlul,hapx-lul
hakxnim,hak-xnim,hakx-nim
hakxnib,hak-xnib,hakx-nib
hakxnig,hak-xnig,hakx-nig
hakxnit,hak-xnit,hakx-nit
hakxnis,hak-xnis,hakx-nis
hakxnif,hak-xnif,hakx-nif
hakxnix,hak-xnix,hakx-nix
hakxniC,hak-xniC,hakx-niC
hakxnam,hak-xnam,hakx-nam
hakxnab,hak-xnab,hakx-nab
hakxnag,hak-xnag,hakx-nag
hakxnat,hak-xnat,hakx-nat
hakxnas,hak-xnas,hakx-nas
hakxnaf,hak-xnaf,hakx-naf
hakxnax,hak-xnax,hakx-nax
hakxnaC,hak-xnaC,hakx-naC
hakxnal,hak-xnal,hakx-nal
hakxnum,hak-xnum,hakx-num
hakxnub,hak-xnub,hakx-nub
hakxnug,hak-xnug,hakx-nug
hakxnut,hak-xnut,hakx-nut
hakxnus,hak-xnus,hakx-nus
hakxnuf,hak-xnuf,hakx-nuf
hakxnux,hak-xnux,hakx-nux
hakxnuC,hak-xnuC,hakx-nuC
hakxnul,hak-xnul,hakx-nul
hakxkim,hak-xkim,hakx-kim
hakxkib,hak-xkib,hakx-kib
hakxkig,hak-xkig,hakx-kig
hakxkit,hak-xkit,hakx-kit
hakxkis,hak-xkis,hakx-kis
hakxkif,hak-xkif,hakx-kif
hakxkix,hak-xkix,hakx-kix
hakxkiC,hak-xkiC,hakx-kiC
hakxkam,hak-xkam,hakx-kam
hakxkab,hak-xkab,hakx-kab
hakxkag,hak-xkag,hakx-kag
hakxkat,hak-xkat,hakx-kat
hakxkas,hak-xkas,hakx-kas
hakxkaf,hak-xkaf,hakx-kaf
hakxkax,hak-xkax,hakx-kax
hakxkaC,hak-xkaC,hakx-kaC
hakxkal,hak-xkal,hakx-kal
hakxkum,hak-xkum,hakx-kum
hakxkub,hak-xkub,hakx-kub
hakxkug,hak-xkug,hakx-kug
hakxkut,hak-xkut,hakx-kut
hakxkus,hak-xkus,hakx-kus
hakxkuf,hak-xkuf,hakx-kuf
hakxkux,hak-xkux,hakx-kux
hakxkuC,hak-xkuC,hakx-kuC
hakxkul,hak-xkul,hakx-kul
hakxlim,hak-xlim,hakx-lim
hakxlib,hak-xlib,hakx-lib
hakxlit,hak-xlit,hakx-lit
hakxlik,hak-xlik,hakx-lik
hakxlis,hak-xlis,hakx-lis
hakxlif,hak-xlif,hakx-lif
hakxlix,hak-xlix,hakx-lix
hakxliC,hak-xliC,hakx-liC
hakxlam,hak-xlam,hakx-lam
hakxlab,hak-xlab,hakx-lab
hakxlag,hak-xlag,hakx-lag
hakxlat,hak-xlat,hakx-lat
hakxlas,hak-xlas,hakx-las
hakxlav,hak-xlav,hakx-lav
hakxlax,hak-xlax,hakx-lax
hakxlal,hak-xlal,hakx-lal
hakxlum,hak-xlum,hakx-lum
hakxlub,hak-xlub,hakx-lub
hakxlug,hak-xlug,hakx-lug
hakxlut,hak-xlut,hakx-lut
hakxlus,hak-xlus,hakx-lus
hakxluf,hak-xluf,hakx-luf
hakxlux,hak-xlux,hakx-lux
hakxluC,hak-xluC,hakx-luC
hakxlul,hak-xlul,hakx-lul
hasksim,has-ksim,hask-sim
hasksib,has-ksib,hask-sib
hasksig,has-ksig,hask-sig
hasksit,has-ksit,hask-sit
hasksis,has-ksis,hask-sis
hasksif,has-ksif,hask-sif
hasksix,has-ksix,hask-six
hasksiC,has-ksiC,hask-siC
hasksam,has-ksam,hask-sam
hasksab,has-ksab,hask-sab
hasksag,has-ksag,hask-sag
hasksat,has-ksat,hask-sat
hasksas,has-ksas,hask-sas
hasksaf,has-ksaf,hask-saf
hasksax,has-ksax,hask-sax
hasksaC,has-ksaC,hask-saC
hasksal,has-ksal,hask-sal
hasksum,has-ksum,hask-sum
hasksub,has-ksub,hask-sub
hasksug,has-ksug,hask-sug
hasksut,has-ksut,hask-sut
hasksus,has-ksus,hask-sus
hasksuf,has-ksuf,hask-suf
hasksux,has-ksux,hask-sux
hasksuC,has-ksuC,hask-suC
hasksul,has-ksul,hask-sul
hasklek,has-klek,hask-lek
haskloz,has-kloz,hask-loz
haftxal,haf-txal,haft-xal
haftxum,haf-txum,haft-xum
haftrin,haf-trin,haft-rin
haftrik,haf-trik,haft-rik
haftris,haf-tris,haft-ris
haftrif,haf-trif,haft-rif
haftriC,haf-triC,haft-riC
haftret,haf-tret,haft-ret
haftrab,haf-trab,haft-rab
haftrag,haf-trag,haft-rag
haftras,haf-tras,haft-ras
haftraf,haf-traf,haft-raf
haftraC,haf-traC,haft-raC
haftral,haf-tral,haft-ral
haftrot,haf-trot,haft-rot
haftrum,haf-trum,haft-rum
haftrub,haf-trub,haft-rub
haftrug,haf-trug,haft-rug
haftrus,haf-trus,haft-rus
haftruf,haf-truf,haft-ruf
haftrux,haf-trux,haft-rux
haftruC,haf-truC,haft-ruC
haftrul,haf-trul,haft-rul
hafsmin,haf-smin,hafs-min
hafsmib,haf-smib,hafs-mib
hafsmit,haf-smit,hafs-mit
hafsmis,haf-smis,hafs-mis
hafsmix,haf-smix,hafs-mix
hafsmiC,haf-smiC,hafs-miC
hafsmek,haf-smek,hafs-mek
hafsmad,haf-smad,hafs-mad
hafsmas,haf-smas,hafs-mas
hafsmaf,haf-smaf,hafs-maf
hafsmax,haf-smax,hafs-max
hafsmaC,haf-smaC,hafs-maC
hafsmal,haf-smal,hafs-mal
hafsmok,haf-smok,hafs-mok
hafsmub,haf-smub,hafs-mub
hafsmut,haf-smut,hafs-mut
hafsmus,haf-smus,hafs-mus
hafsmuf,haf-smuf,hafs-muf
hafsmux,haf-smux,hafs-mux
hafsmuC,haf-smuC,hafs-muC
hafsmul,haf-smul,hafs-mul
hafsnif,haf-snif,hafs-nif
hafsnap,haf-snap,hafs-nap
hafsnom,haf-snom,hafs-nom
hafspin,haf-spin,hafs-pin
hafspib,haf-spib,hafs-pib
hafspit,haf-spit,hafs-pit
hafspik,haf-spik,hafs-pik
hafspis,haf-spis,hafs-pis
hafspix,haf-spix,hafs-pix
hafspiC,haf-spiC,hafs-piC
hafspan,haf-span,hafs-pan
hafspak,haf-spak,hafs-pak
hafspas,haf-spas,hafs-pas
hafspof,haf-spof,hafs-pof
hafspum,haf-spum,hafs-pum
hafspug,haf-spug,hafs-pug
hafspus,haf-spus,hafs-pus
hafspul,haf-spul,hafs-pul
hafstef,haf-stef,hafs-tef
hafstab,haf-stab,hafs-tab
hafstat,haf-stat,hafs-tat
hafstal,haf-stal,hafs-tal
hafstoj,haf-stoj,hafs-toj
hafstud,haf-stud,hafs-tud
hafstup,haf-stup,hafs-tup
hafskim,haf-skim,hafs-kim
hafskib,haf-skib,hafs-kib
hafskig,haf-skig,hafs-kig
hafskit,haf-skit,hafs-kit
hafskis,haf-skis,hafs-kis
hafskif,haf-skif,hafs-kif
hafskix,haf-skix,hafs-kix
hafskiC,haf-skiC,hafs-kiC
hafskad,haf-skad,hafs-kad
hafskag,haf-skag,hafs-kag
hafskap,haf-skap,hafs-kap
hafskas,haf-skas,hafs-kas
hafskaf,haf-skaf,hafs-kaf
hafskax,haf-skax,hafs-kax
hafskaC,haf-skaC,hafs-kaC
hafskal,haf-skal,hafs-kal
hafskoq,haf-skoq,hafs-koq
hafskud,haf-skud,hafs-kud
hafskug,haf-skug,hafs-kug
hafskup,haf-skup,hafs-kup
hafskuz,haf-skuz,hafs-kuz
hafskuf,haf-skuf,hafs-kuf
hafskux,haf-skux,hafs-kux
hafskul,haf-skul,hafs-kul
hafsfim,haf-sfim,hafs-fim
hafsfib,haf-sfib,hafs-fib
hafsfit,haf-sfit,hafs-fit
hafsfis,haf-sfis,hafs-fis
hafsfif,haf-sfif,hafs-fif
hafsfix,haf-sfix,hafs-fix
hafsfiC,haf-sfiC,hafs-fiC
hafsfam,haf-sfam,hafs-fam
hafsfab,haf-sfab,hafs-fab
hafsfag,haf-sfag,hafs-fag
hafsfat,haf-sfat,hafs-fat
hafsfaf,haf-sfaf,hafs-faf
hafsfax,haf-sfax,hafs-fax
hafsfaC,haf-sfaC,hafs-faC
hafsfal,haf-sfal,hafs-fal
hafsfum,haf-sfum,hafs-fum
hafsfub,haf-sfub,hafs-fub
hafsfug,haf-sfug,hafs-fug
hafsfut,haf-sfut,hafs-fut
hafsfus,haf-sfus,hafs-fus
hafsfuf,haf-sfuf,hafs-fuf
hafsfux,haf-sfux,hafs-fux
hafsfuC,haf-sfuC,hafs-fuC
hafsvik,haf-svik,hafs-vik
hafsvas,haf-svas,hafs-vas
hafsvur,haf-svur,hafs-vur
hafslim,haf-slim,hafs-lim
hafslid,haf-slid,hafs-lid
hafslig,haf-slig,hafs-lig
hafslip,haf-slip,hafs-lip
hafslis,haf-slis,hafs-lis
hafslif,haf-slif,hafs-lif
hafslix,haf-slix,hafs-lix
hafsliC,haf-sliC,hafs-liC
hafslad,haf-slad,hafs-lad
hafslag,haf-slag,hafs-lag
hafslap,haf-slap,hafs-lap
hafslas,haf-slas,hafs-las
hafslaf,haf-slaf,hafs-laf
hafslax,haf-slax,hafs-lax
hafslaC,haf-slaC,hafs-laC
hafslal,haf-slal,hafs-lal
hafslom,haf-slom,hafs-lom
hafslud,haf-slud,hafs-lud
hafslug,haf-slug,hafs-lug
hafslup,haf-slup,hafs-lup
hafslus,haf-slus,hafs-lus
hafsluf,haf-sluf,hafs-luf
hafslux,haf-slux,hafs-lux
hafsluC,haf-sluC,hafs-luC
hafslur,haf-slur,hafs-lur
haxtxal,hax-txal,haxt-xal
haxtxum,hax-txum,haxt-xum
haxtrin,hax-trin,haxt-rin
haxtrik,hax-trik,haxt-rik
haxtris,hax-tris,haxt-ris
haxtrif,hax-trif,haxt-rif
haxtriC,hax-triC,haxt-riC
haxtret,hax-tret,haxt-ret
haxtrab,hax-trab,haxt-rab
haxtrag,hax-trag,haxt-rag
haxtras,hax-tras,haxt-ras
haxtraf,hax-traf,haxt-raf
haxtraC,hax-traC,haxt-raC
haxtral,hax-tral,haxt-ral
haxtrot,hax-trot,haxt-rot
haxtrum,hax-trum,haxt-rum
haxtrub,hax-trub,haxt-rub
haxtrug,hax-trug,haxt-rug
haxtrus,hax-trus,haxt-rus
haxtruf,hax-truf,haxt-ruf
haxtrux,hax-trux,haxt-rux
haxtruC,hax-truC,haxt-ruC
haxtrul,hax-trul,haxt-rul
haldjin,hal-djin,hald-jin
haldjid,hal-djid,hald-jid
haldjip,hal-djip,hald-jip
haldjiz,hal-djiz,hald-jiz
haldjif,hal-djif,hald-jif
haldjix,hal-djix,hald-jix
haldjek,hal-djek,hald-jek
haldjam,hal-djam,hald-jam
haldjab,hal-djab,hald-jab
haldjat,hal-djat,hald-jat
haldjas,hal-djas,hald-jas
haldjaf,hal-djaf,hald-jaf
haldjax,hal-djax,hald-jax
haldjaC,hal-djaC,hald-jaC
haldjok,hal-djok,hald-jok
haldjud,hal-djud,hald-jud
haldjup,hal-djup,hald-jup
haldjus,hal-djus,hald-jus
haldjuf,hal-djuf,hald-juf
haldjux,hal-djux,hald-jux
haldjuC,hal-djuC,hald-juC
haldjul,hal-djul,hald-jul
haldrib,hal-drib,hald-rib
haldrix,hal-drix,hald-rix
haldram,hal-dram,hald-ram
haldrax,hal-drax,hald-rax
halplib,hal-plib,halp-lib
halplix,hal-plix,halp-lix
halplan,hal-plan,halp-lan
halplax,hal-plax,halp-lax
halsmin,hal-smin,hals-min
halsmib,hal-smib,hals-mib
halsmit,hal-smit,hals-mit
halsmis,hal-smis,hals-mis
halsmix,hal-smix,hals-mix
halsmiC,hal-smiC,hals-miC
halsmek,hal-smek,hals-mek
halsmad,hal-smad,hals-mad
halsmas,hal-smas,hals-mas
halsmaf,hal-smaf,hals-maf
halsmax,hal-smax,hals-max
halsmaC,hal-smaC,hals-maC
halsmal,hal-smal,hals-mal
halsmok,hal-smok,hals-mok
halsmub,hal-smub,hals-mub
halsmut,hal-smut,hals-mut
halsmus,hal-smus,hals-mus
halsmuf,hal-smuf,hals-muf
halsmux,hal-smux,hals-mux
halsmuC,hal-smuC,hals-muC
halsmul,hal-smul,hals-mul
halsnif,hal-snif,hals-nif
halsnap,hal-snap,hals-nap
halsnom,hal-snom,hals-nom
halspin,hal-spin,hals-pin
halspib,hal-spib,hals-pib
halspit,hal-spit,hals-pit
halspik,hal-spik,hals-pik
halspis,hal-spis,hals-pis
halspix,hal-spix,hals-pix
halspiC,hal-spiC,hals-piC
halspan,hal-span,hals-pan
halspak,hal-spak,hals-pak
halspas,hal-spas,hals-pas
halspof,hal-spof,hals-pof
halspum,hal-spum,hals-pum
halspug,hal-spug,hals-pug
halspus,hal-spus,hals-pus
halspul,hal-spul,hals-pul
halstef,hal-stef,hals-tef
halstab,hal-stab,hals-tab
halstat,hal-stat,hals-tat
halstal,hal-stal,hals-tal
halstoj,hal-stoj,hals-toj
halstud,hal-stud,hals-tud
halstup,hal-stup,hals-tup
halskim,hal-skim,hals-kim
halskib,hal-skib,hals-kib
halskig,hal-skig,hals-kig
halskit,hal-skit,hals-kit
halskis,hal-skis,hals-kis
halskif,hal-skif,hals-kif
halskix,hal-skix,hals-kix
halskiC,hal-skiC,hals-kiC
halskad,hal-skad,hals-kad
halskag,hal-skag,hals-kag
halskap,hal-skap,hals-kap
halskas,hal-skas,hals-kas
halskaf,hal-skaf,hals-kaf
halskax,hal-skax,hals-kax
halskaC,hal-skaC,hals-kaC
halskal,hal-skal,hals-kal
halskoq,hal-skoq,hals-koq
halskud,hal-skud,hals-kud
halskug,hal-skug,hals-kug
halskup,hal-skup,hals-kup
halskuz,hal-skuz,hals-kuz
halskuf,hal-skuf,hals-kuf
halskux,hal-skux,hals-kux
halskul,hal-skul,hals-kul
halsfim,hal-sfim,hals-fim
halsfib,hal-sfib,hals-fib
halsfit,hal-sfit,hals-fit
halsfis,hal-sfis,hals-fis
halsfif,hal-sfif,hals-fif
halsfix,hal-sfix,hals-fix
halsfiC,hal-sfiC,hals-fiC
halsfam,hal-sfam,hals-fam
halsfab,hal-sfab,hals-fab
halsfag,hal-sfag,hals-fag
halsfat,hal-sfat,hals-fat
halsfaf,hal-sfaf,hals-faf
halsfax,hal-sfax,hals-fax
halsfaC,hal-sfaC,hals-faC
halsfal,hal-sfal,hals-fal
halsfum,hal-sfum,hals-fum
halsfub,hal-sfub,hals-fub
halsfug,hal-sfug,hals-fug
halsfut,hal-sfut,hals-fut
halsfus,hal-sfus,hals-fus
halsfuf,hal-sfuf,hals-fuf
halsfux,hal-sfux,hals-fux
halsfuC,hal-sfuC,hals-fuC
halsvik,hal-svik,hals-vik
halsvas,hal-svas,hals-vas
halsvur,hal-svur,hals-vur
halslim,hal-slim,hals-lim
halslid,hal-slid,hals-lid
halslig,hal-slig,hals-lig
halslip,hal-slip,hals-lip
halslis,hal-slis,hals-lis
halslif,hal-slif,hals-lif
halslix,hal-slix,hals-lix
halsliC,hal-sliC,hals-liC
halslad,hal-slad,hals-lad
halslag,hal-slag,hals-lag
halslap,hal-slap,hals-lap
halslas,hal-slas,hals-las
halslaf,hal-slaf,hals-laf
halslax,hal-slax,hals-lax
halslaC,hal-slaC,hals-laC
halslal,hal-slal,hals-lal
halslom,hal-slom,hals-lom
halslud,hal-slud,hals-lud
halslug,hal-slug,hals-lug
halslup,hal-slup,hals-lup
halslus,hal-slus,hals-lus
halsluf,hal-sluf,hals-luf
halslux,hal-slux,hals-lux
halsluC,hal-sluC,hals-luC
halslur,hal-slur,hals-lur
halxnim,hal-xnim,halx-nim
halxnib,hal-xnib,halx-nib
halxnig,hal-xnig,halx-nig
halxnit,hal-xnit,halx-nit
halxnis,hal-xnis,halx-nis
halxnif,hal-xnif,halx-nif
halxnix,hal-xnix,halx-nix
halxniC,hal-xniC,halx-niC
halxnam,hal-xnam,halx-nam
halxnab,hal-xnab,halx-nab
halxnag,hal-xnag,halx-nag
halxnat,hal-xnat,halx-nat
halxnas,hal-xnas,halx-nas
halxnaf,hal-xnaf,halx-naf
halxnax,hal-xnax,halx-nax
halxnaC,hal-xnaC,halx-naC
halxnal,hal-xnal,halx-nal
halxnum,hal-xnum,halx-num
halxnub,hal-xnub,halx-nub
halxnug,hal-xnug,halx-nug
halxnut,hal-xnut,halx-nut
halxnus,hal-xnus,halx-nus
halxnuf,hal-xnuf,halx-nuf
halxnux,hal-xnux,halx-nux
halxnuC,hal-xnuC,halx-nuC
halxnul,hal-xnul,halx-nul
halxkim,hal-xkim,halx-kim
halxkib,hal-xkib,halx-kib
halxkig,hal-xkig,halx-kig
halxkit,hal-xkit,halx-kit
halxkis,hal-xkis,halx-kis
halxkif,hal-xkif,halx-kif
halxkix,hal-xkix,halx-kix
halxkiC,hal-xkiC,halx-kiC
halxkam,hal-xkam,halx-kam
halxkab,hal-xkab,halx-kab
halxkag,hal-xkag,halx-kag
halxkat,hal-xkat,halx-kat
halxkas,hal-xkas,halx-kas
halxkaf,hal-xkaf,halx-kaf
halxkax,hal-xkax,halx-kax
halxkaC,hal-xkaC,halx-kaC
halxkal,hal-xkal,halx-kal
halxkum,hal-xkum,halx-kum
halxkub,hal-xkub,halx-kub
halxkug,hal-xkug,halx-kug
halxkut,hal-xkut,halx-kut
halxkus,hal-xkus,halx-kus
halxkuf,hal-xkuf,halx-kuf
halxkux,hal-xkux,halx-kux
halxkuC,hal-xkuC,halx-kuC
halxkul,hal-xkul,halx-kul
halxlim,hal-xlim,halx-lim
halxlib,hal-xlib,halx-lib
halxlit,hal-xlit,halx-lit
halxlik,hal-xlik,halx-lik
halxlis,hal-xlis,halx-lis
halxlif,hal-xlif,halx-lif
halxlix,hal-xlix,halx-lix
halxliC,hal-xliC,halx-liC
halxlam,hal-xlam,halx-lam
halxlab,hal-xlab,halx-lab
halxlag,hal-xlag,halx-lag
halxlat,hal-xlat,halx-lat
halxlas,hal-xlas,halx-las
halxlav,hal-xlav,halx-lav
halxlax,hal-xlax,halx-lax
halxlal,hal-xlal,halx-lal
halxlum,hal-xlum,halx-lum
halxlub,hal-xlub,halx-lub
halxlug,hal-xlug,halx-lug
halxlut,hal-xlut,halx-lut
halxlus,hal-xlus,halx-lus
halxluf,hal-xluf,halx-luf
halxlux,hal-xlux,halx-lux
halxluC,hal-xluC,halx-luC
halxlul,hal-xlul,halx-lul
harksim,har-ksim,hark-sim
harksib,har-ksib,hark-sib
harksig,har-ksig,hark-sig
harksit,har-ksit,hark-sit
harksis,har-ksis,hark-sis
harksif,har-ksif,hark-sif
harksix,har-ksix,hark-six
harksiC,har-ksiC,hark-siC
harksam,har-ksam,hark-sam
harksab,har-ksab,hark-sab
harksag,har-ksag,hark-sag
harksat,har-ksat,hark-sat
harksas,har-ksas,hark-sas
harksaf,har-ksaf,hark-saf
harksax,har-ksax,hark-sax
harksaC,har-ksaC,hark-saC
harksal,har-ksal,hark-sal
harksum,har-ksum,hark-sum
harksub,har-ksub,hark-sub
harksug,har-ksug,hark-sug
harksut,har-ksut,hark-sut
harksus,har-ksus,hark-sus
harksuf,har-ksuf,hark-suf
harksux,har-ksux,hark-sux
harksuC,har-ksuC,hark-suC
harksul,har-ksul,hark-sul
harklek,har-klek,hark-lek
harkloz,har-kloz,hark-loz
hopsmin,hop-smin,hops-min
hopsmib,hop-smib,hops-mib
hopsmit,hop-smit,hops-mit
hopsmis,hop-smis,hops-mis
hopsmix,hop-smix,hops-mix
hopsmiC,hop-smiC,hops-miC
hopsmek,hop-smek,hops-mek
hopsmad,hop-smad,hops-mad
hopsmas,hop-smas,hops-mas
hopsmaf,hop-smaf,hops-maf
hopsmax,hop-smax,hops-max
hopsmaC,hop-smaC,hops-maC
hopsmal,hop-smal,hops-mal
hopsmok,hop-smok,hops-mok
hopsmub,hop-smub,hops-mub
hopsmut,hop-smut,hops-mut
hopsmus,hop-smus,hops-mus
hopsmuf,hop-smuf,hops-muf
hopsmux,hop-smux,hops-mux
hopsmuC,hop-smuC,hops-muC
hopsmul,hop-smul,hops-mul
hopsnif,hop-snif,hops-nif
hopsnap,hop-snap,hops-nap
hopsnom,hop-snom,hops-nom
hopspin,hop-spin,hops-pin
hopspib,hop-spib,hops-pib
hopspit,hop-spit,hops-pit
hopspik,hop-spik,hops-pik
hopspis,hop-spis,hops-pis
hopspix,hop-spix,hops-pix
hopspiC,hop-spiC,hops-piC
hopspan,hop-span,hops-pan
hopspak,hop-spak,hops-pak
hopspas,hop-spas,hops-pas
hopspof,hop-spof,hops-pof
hopspum,hop-spum,hops-pum
hopspug,hop-spug,hops-pug
hopspus,hop-spus,hops-pus
hopspul,hop-spul,hops-pul
hopstef,hop-stef,hops-tef
hopstab,hop-stab,hops-tab
hopstat,hop-stat,hops-tat
hopstal,hop-stal,hops-tal
hopstoj,hop-stoj,hops-toj
hopstud,hop-stud,hops-tud
hopstup,hop-stup,hops-tup
hopskim,hop-skim,hops-kim
hopskib,hop-skib,hops-kib
hopskig,hop-skig,hops-kig
hopskit,hop-skit,hops-kit
hopskis,hop-skis,hops-kis
hopskif,hop-skif,hops-kif
hopskix,hop-skix,hops-kix
hopskiC,hop-skiC,hops-kiC
hopskad,hop-skad,hops-kad
hopskag,hop-skag,hops-kag
hopskap,hop-skap,hops-kap
hopskas,hop-skas,hops-kas
hopskaf,hop-skaf,hops-kaf
hopskax,hop-skax,hops-kax
hopskaC,hop-skaC,hops-kaC
hopskal,hop-skal,hops-kal
hopskoq,hop-skoq,hops-koq
hopskud,hop-skud,hops-kud
hopskug,hop-skug,hops-kug
hopskup,hop-skup,hops-kup
hopskuz,hop-skuz,hops-kuz
hopskuf,hop-skuf,hops-kuf
hopskux,hop-skux,hops-kux
hopskul,hop-skul,hops-kul
hopsfim,hop-sfim,hops-fim
hopsfib,hop-sfib,hops-fib
hopsfit,hop-sfit,hops-fit
hopsfis,hop-sfis,hops-fis
hopsfif,hop-sfif,hops-fif
hopsfix,hop-sfix,hops-fix
hopsfiC,hop-sfiC,hops-fiC
hopsfam,hop-sfam,hops-fam
hopsfab,hop-sfab,hops-fab
hopsfag,hop-sfag,hops-fag
hopsfat,hop-sfat,hops-fat
hopsfaf,hop-sfaf,hops-faf
hopsfax,hop-sfax,hops-fax
hopsfaC,hop-sfaC,hops-faC
hopsfal,hop-sfal,hops-fal
hopsfum,hop-sfum,hops-fum
hopsfub,hop-sfub,hops-fub
hopsfug,hop-sfug,hops-fug
hopsfut,hop-sfut,hops-fut
hopsfus,hop-sfus,hops-fus
hopsfuf,hop-sfuf,hops-fuf
hopsfux,hop-sfux,hops-fux
hopsfuC,hop-sfuC,hops-fuC
hopsvik,hop-svik,hops-vik
hopsvas,hop-svas,hops-vas
hopsvur,hop-svur,hops-vur
hopslim,hop-slim,hops-lim
hopslid,hop-slid,hops-lid
hopslig,hop-slig,hops-lig
hopslip,hop-slip,hops-lip
hopslis,hop-slis,hops-lis
hopslif,hop-slif,hops-lif
hopslix,hop-slix,hops-lix
hopsliC,hop-sliC,hops-liC
hopslad,hop-slad,hops-lad
hopslag,hop-slag,hops-lag
hopslap,hop-slap,hops-lap
hopslas,hop-slas,hops-las
hopslaf,hop-slaf,hops-laf
hopslax,hop-slax,hops-lax
hopslaC,hop-slaC,hops-laC
hopslal,hop-slal,hops-lal
hopslom,hop-slom,hops-lom
hopslud,hop-slud,hops-lud
hopslug,hop-slug,hops-lug
hopslup,hop-slup,hops-lup
hopslus,hop-slus,hops-lus
hopsluf,hop-sluf,hops-luf
hopslux,hop-slux,hops-lux
hopsluC,hop-sluC,hops-luC
hopslur,hop-slur,hops-lur
hostxal,hos-txal,host-xal
hostxum,hos-txum,host-xum
hostrin,hos-trin,host-rin
hostrik,hos-trik,host-rik
hostris,hos-tris,host-ris
hostrif,hos-trif,host-rif
hostriC,hos-triC,host-riC
hostret,hos-tret,host-ret
hostrab,hos-trab,host-rab
hostrag,hos-trag,host-rag
hostras,hos-tras,host-ras
hostraf,hos-traf,host-raf
hostraC,hos-traC,host-raC
hostral,hos-tral,host-ral
hostrot,hos-trot,host-rot
hostrum,hos-trum,host-rum
hostrub,hos-trub,host-rub
hostrug,hos-trug,host-rug
hostrus,hos-trus,host-rus
hostruf,hos-truf,host-ruf
hostrux,hos-trux,host-rux
hostruC,hos-truC,host-ruC
hostrul,hos-trul,host-rul
humdjin,hum-djin,humd-jin
humdjid,hum-djid,humd-jid
humdjip,hum-djip,humd-jip
humdjiz,hum-djiz,humd-jiz
humdjif,hum-djif,humd-jif
humdjix,hum-djix,humd-jix
humdjek,hum-djek,humd-jek
humdjam,hum-djam,humd-jam
humdjab,hum-djab,humd-jab
humdjat,hum-djat,humd-jat
humdjas,hum-djas,humd-jas
humdjaf,hum-djaf,humd-jaf
humdjax,hum-djax,humd-jax
humdjaC,hum-djaC,humd-jaC
humdjok,hum-djok,humd-jok
humdjud,hum-djud,humd-jud
humdjup,hum-djup,humd-jup
humdjus,hum-djus,humd-jus
humdjuf,hum-djuf,humd-juf
humdjux,hum-djux,humd-jux
humdjuC,hum-djuC,humd-juC
humdjul,hum-djul,humd-jul
humdrib,hum-drib,humd-rib
humdrix,hum-drix,humd-rix
humdram,hum-dram,humd-ram
humdrax,hum-drax,humd-rax
humplib,hum-plib,hump-lib
humplix,hum-plix,hump-lix
humplan,hum-plan,hump-lan
humplax,hum-plax,hump-lax
huqksim,huq-ksim,huqk-sim
huqksib,huq-ksib,huqk-sib
huqksig,huq-ksig,huqk-sig
huqksit,huq-ksit,huqk-sit
huqksis,huq-ksis,huqk-sis
huqksif,huq-ksif,huqk-sif
huqksix,huq-ksix,huqk-six
huqksiC,huq-ksiC,huqk-siC
huqksam,huq-ksam,huqk-sam
huqksab,huq-ksab,huqk-sab
huqksag,huq-ksag,huqk-sag
huqksat,huq-ksat,huqk-sat
huqksas,huq-ksas,huqk-sas
huqksaf,huq-ksaf,huqk-saf
huqksax,huq-ksax,huqk-sax
huqksaC,huq-ksaC,huqk-saC
huqksal,huq-ksal,huqk-sal
huqksum,huq-ksum,huqk-sum
huqksub,huq-ksub,huqk-sub
huqksug,huq-ksug,huqk-sug
huqksut,huq-ksut,huqk-sut
huqksus,huq-ksus,huqk-sus
huqksuf,huq-ksuf,huqk-suf
huqksux,huq-ksux,huqk-sux
huqksuC,huq-ksuC,huqk-suC
huqksul,huq-ksul,huqk-sul
huqklek,huq-klek,huqk-lek
huqkloz,huq-kloz,huqk-loz
hupflid,hup-flid,hupf-lid
hupflip,hup-flip,hupf-lip
hupflif,hup-flif,hupf-lif
hupflem,hup-flem,hupf-lem
hupflek,hup-flek,hupf-lek
hupfleC,hup-fleC,hupf-leC
hupflad,hup-flad,hupf-lad
hupflap,hup-flap,hupf-lap
hupflaf,hup-flaf,hupf-laf
hupflax,hup-flax,hupf-lax
hupflom,hup-flom,hupf-lom
hupflok,hup-flok,hupf-lok
hupflor,hup-flor,hupf-lor
hupflud,hup-flud,hupf-lud
hupflup,hup-flup,hupf-lup
hupfluz,hup-fluz,hupf-luz
hupfluf,hup-fluf,hupf-luf
hupflux,hup-flux,hupf-lux
hupfris,hup-fris,hupf-ris
hupfrix,hup-frix,hupf-rix
hupfras,hup-fras,hupf-ras
hupxnim,hup-xnim,hupx-nim
hupxnib,hup-xnib,hupx-nib
hupxnig,hup-xnig,hupx-nig
hupxnit,hup-xnit,hupx-nit
hupxnis,hup-xnis,hupx-nis
hupxnif,hup-xnif,hupx-nif
hupxnix,hup-xnix,hupx-nix
hupxniC,hup-xniC,hupx-niC
hupxnam,hup-xnam,hupx-nam
hupxnab,hup-xnab,hupx-nab
hupxnag,hup-xnag,hupx-nag
hupxnat,hup-xnat,hupx-nat
hupxnas,hup-xnas,hupx-nas
hupxnaf,hup-xnaf,hupx-naf
hupxnax,hup-xnax,hupx-nax
hupxnaC,hup-xnaC,hupx-naC
hupxnal,hup-xnal,hupx-nal
hupxnum,hup-xnum,hupx-num
hupxnub,hup-xnub,hupx-nub
hupxnug,hup-xnug,hupx-nug
hupxnut,hup-xnut,hupx-nut
hupxnus,hup-xnus,hupx-nus
hupxnuf,hup-xnuf,hupx-nuf
hupxnux,hup-xnux,hupx-nux
hupxnuC,hup-xnuC,hupx-nuC
hupxnul,hup-xnul,hupx-nul
hupxkim,hup-xkim,hupx-kim
hupxkib,hup-xkib,hupx-kib
hupxkig,hup-xkig,hupx-kig
hupxkit,hup-xkit,hupx-kit
hupxkis,hup-xkis,hupx-kis
hupxkif,hup-xkif,hupx-kif
hupxkix,hup-xkix,hupx-kix
hupxkiC,hup-xkiC,hupx-kiC
hupxkam,hup-xkam,hupx-kam
hupxkab,hup-xkab,hupx-kab
hupxkag,hup-xkag,hupx-kag
hupxkat,hup-xkat,hupx-kat
hupxkas,hup-xkas,hupx-kas
hupxkaf,hup-xkaf,hupx-kaf
hupxkax,hup-xkax,hupx-kax
hupxkaC,hup-xkaC,hupx-kaC
hupxkal,hup-xkal,hupx-kal
hupxkum,hup-xkum,hupx-kum
hupxkub,hup-xkub,hupx-kub
hupxkug,hup-xkug,hupx-kug
hupxkut,hup-xkut,hupx-kut
hupxkus,hup-xkus,hupx-kus
hupxkuf,hup-xkuf,hupx-kuf
hupxkux,hup-xkux,hupx-kux
hupxkuC,hup-xkuC,hupx-kuC
hupxkul,hup-xkul,hupx-kul
hupxlim,hup-xlim,hupx-lim
hupxlib,hup-xlib,hupx-lib
hupxlit,hup-xlit,hupx-lit
hupxlik,hup-xlik,hupx-lik
hupxlis,hup-xlis,hupx-lis
hupxlif,hup-xlif,hupx-lif
hupxlix,hup-xlix,hupx-lix
hupxliC,hup-xliC,hupx-liC
hupxlam,hup-xlam,hupx-lam
hupxlab,hup-xlab,hupx-lab
hupxlag,hup-xlag,hupx-lag
hupxlat,hup-xlat,hupx-lat
hupxlas,hup-xlas,hupx-las
hupxlav,hup-xlav,hupx-lav
hupxlax,hup-xlax,hupx-lax
hupxlal,hup-xlal,hupx-lal
hupxlum,hup-xlum,hupx-lum
hupxlub,hup-xlub,hupx-lub
hupxlug,hup-xlug,hupx-lug
hupxlut,hup-xlut,hupx-lut
hupxlus,hup-xlus,hupx-lus
hupxluf,hup-xluf,hupx-luf
hupxlux,hup-xlux,hupx-lux
hupxluC,hup-xluC,hupx-luC
hupxlul,hup-xlul,hupx-lul
hukxnim,huk-xnim,hukx-nim
hukxnib,huk-xnib,hukx-nib
hukxnig,huk-xnig,hukx-nig
hukxnit,huk-xnit,hukx-nit
hukxnis,huk-xnis,hukx-nis
hukxnif,huk-xnif,hukx-nif
hukxnix,huk-xnix,hukx-nix
hukxniC,huk-xniC,hukx-niC
hukxnam,huk-xnam,hukx-nam
hukxnab,huk-xnab,hukx-nab
hukxnag,huk-xnag,hukx-nag
hukxnat,huk-xnat,hukx-nat
hukxnas,huk-xnas,hukx-nas
hukxnaf,huk-xnaf,hukx-naf
hukxnax,huk-xnax,hukx-nax
hukxnaC,huk-xnaC,hukx-naC
hukxnal,huk-xnal,hukx-nal
hukxnum,huk-xnum,hukx-num
hukxnub,huk-xnub,hukx-nub
hukxnug,huk-xnug,hukx-nug
hukxnut,huk-xnut,hukx-nut
hukxnus,huk-xnus,hukx-nus
hukxnuf,huk-xnuf,hukx-nuf
hukxnux,huk-xnux,hukx-nux
hukxnuC,huk-xnuC,hukx-nuC
hukxnul,huk-xnul,hukx-nul
hukxkim,huk-xkim,hukx-kim
hukxkib,huk-xkib,hukx-kib
hukxkig,huk-xkig,hukx-kig
hukxkit,huk-xkit,hukx-kit
hukxkis,huk-xkis,hukx-kis
hukxkif,huk-xkif,hukx-kif
hukxkix,huk-xkix,hukx-kix
hukxkiC,huk-xkiC,hukx-kiC
hukxkam,huk-xkam,hukx-kam
hukxkab,huk-xkab,hukx-kab
hukxkag,huk-xkag,hukx-kag
hukxkat,huk-xkat,hukx-kat
hukxkas,huk-xkas,hukx-kas
hukxkaf,huk-xkaf,hukx-kaf
hukxkax,huk-xkax,hukx-kax
hukxkaC,huk-xkaC,hukx-kaC
hukxkal,huk-xkal,hukx-kal
hukxkum,huk-xkum,hukx-kum
hukxkub,huk-xkub,hukx-kub
hukxkug,huk-xkug,hukx-kug
hukxkut,huk-xkut,hukx-kut
hukxkus,huk-xkus,hukx-kus
hukxkuf,huk-xkuf,hukx-kuf
hukxkux,huk-xkux,hukx-kux
hukxkuC,huk-xkuC,hukx-kuC
hukxkul,huk-xkul,hukx-kul
hukxlim,huk-xlim,hukx-lim
hukxlib,huk-xlib,hukx-lib
hukxlit,huk-xlit,hukx-lit
hukxlik,huk-xlik,hukx-lik
hukxlis,huk-xlis,hukx-lis
hukxlif,huk-xlif,hukx-lif
hukxlix,huk-xlix,hukx-lix
hukxliC,huk-xliC,hukx-liC
hukxlam,huk-xlam,hukx-lam
hukxlab,huk-xlab,hukx-lab
hukxlag,huk-xlag,hukx-lag
hukxlat,huk-xlat,hukx-lat
hukxlas,huk-xlas,hukx-las
hukxlav,huk-xlav,hukx-lav
hukxlax,huk-xlax,hukx-lax
hukxlal,huk-xlal,hukx-lal
hukxlum,huk-xlum,hukx-lum
hukxlub,huk-xlub,hukx-lub
hukxlug,huk-xlug,hukx-lug
hukxlut,huk-xlut,hukx-lut
hukxlus,huk-xlus,hukx-lus
hukxluf,huk-xluf,hukx-luf
hukxlux,huk-xlux,hukx-lux
hukxluC,huk-xluC,hukx-luC
hukxlul,huk-xlul,hukx-lul
husksim,hus-ksim,husk-sim
husksib,hus-ksib,husk-sib
husksig,hus-ksig,husk-sig
husksit,hus-ksit,husk-sit
husksis,hus-ksis,husk-sis
husksif,hus-ksif,husk-sif
husksix,hus-ksix,husk-six
husksiC,hus-ksiC,husk-siC
husksam,hus-ksam,husk-sam
husksab,hus-ksab,husk-sab
husksag,hus-ksag,husk-sag
husksat,hus-ksat,husk-sat
husksas,hus-ksas,husk-sas
husksaf,hus-ksaf,husk-saf
husksax,hus-ksax,husk-sax
husksaC,hus-ksaC,husk-saC
husksal,hus-ksal,husk-sal
husksum,hus-ksum,husk-sum
husksub,hus-ksub,husk-sub
husksug,hus-ksug,husk-sug
husksut,hus-ksut,husk-sut
husksus,hus-ksus,husk-sus
husksuf,hus-ksuf,husk-suf
husksux,hus-ksux,husk-sux
husksuC,hus-ksuC,husk-suC
husksul,hus-ksul,husk-sul
husklek,hus-klek,husk-lek
huskloz,hus-kloz,husk-loz
huftxal,huf-txal,huft-xal
huftxum,huf-txum,huft-xum
huftrin,huf-trin,huft-rin
huftrik,huf-trik,huft-rik
huftris,huf-tris,huft-ris
huftrif,huf-trif,huft-rif
huftriC,huf-triC,huft-riC
huftret,huf-tret,huft-ret
huftrab,huf-trab,huft-rab
huftrag,huf-trag,huft-rag
huftras,huf-tras,huft-ras
huftraf,huf-traf,huft-raf
huftraC,huf-traC,huft-raC
huftral,huf-tral,huft-ral
huftrot,huf-trot,huft-rot
huftrum,huf-trum,huft-rum
huftrub,huf-trub,huft-rub
huftrug,huf-trug,huft-rug
huftrus,huf-trus,huft-rus
huftruf,huf-truf,huft-ruf
huftrux,huf-trux,huft-rux
huftruC,huf-truC,huft-ruC
huftrul,huf-trul,huft-rul
hufsmin,huf-smin,hufs-min
hufsmib,huf-smib,hufs-mib
hufsmit,huf-smit,hufs-mit
hufsmis,huf-smis,hufs-mis
hufsmix,huf-smix,hufs-mix
hufsmiC,huf-smiC,hufs-miC
hufsmek,huf-smek,hufs-mek
hufsmad,huf-smad,hufs-mad
hufsmas,huf-smas,hufs-mas
hufsmaf,huf-smaf,hufs-maf
hufsmax,huf-smax,hufs-max
hufsmaC,huf-smaC,hufs-maC
hufsmal,huf-smal,hufs-mal
hufsmok,huf-smok,hufs-mok
hufsmub,huf-smub,hufs-mub
hufsmut,huf-smut,hufs-mut
hufsmus,huf-smus,hufs-mus
hufsmuf,huf-smuf,hufs-muf
hufsmux,huf-smux,hufs-mux
hufsmuC,huf-smuC,hufs-muC
hufsmul,huf-smul,hufs-mul
hufsnif,huf-snif,hufs-nif
hufsnap,huf-snap,hufs-nap
hufsnom,huf-snom,hufs-nom
hufspin,huf-spin,hufs-pin
hufspib,huf-spib,hufs-pib
hufspit,huf-spit,hufs-pit
hufspik,huf-spik,hufs-pik
hufspis,huf-spis,hufs-pis
hufspix,huf-spix,hufs-pix
hufspiC,huf-spiC,hufs-piC
hufspan,huf-span,hufs-pan
hufspak,huf-spak,hufs-pak
hufspas,huf-spas,hufs-pas
hufspof,huf-spof,hufs-pof
hufspum,huf-spum,hufs-pum
hufspug,huf-spug,hufs-pug
hufspus,huf-spus,hufs-pus
hufspul,huf-spul,hufs-pul
hufstef,huf-stef,hufs-tef
hufstab,huf-stab,hufs-tab
hufstat,huf-stat,hufs-tat
hufstal,huf-stal,hufs-tal
hufstoj,huf-stoj,hufs-toj
hufstud,huf-stud,hufs-tud
hufstup,huf-stup,hufs-tup
hufskim,huf-skim,hufs-kim
hufskib,huf-skib,hufs-kib
hufskig,huf-skig,hufs-kig
hufskit,huf-skit,hufs-kit
hufskis,huf-skis,hufs-kis
hufskif,huf-skif,hufs-kif
hufskix,huf-skix,hufs-kix
hufskiC,huf-skiC,hufs-kiC
hufskad,huf-skad,hufs-kad
hufskag,huf-skag,hufs-kag
hufskap,huf-skap,hufs-kap
hufskas,huf-skas,hufs-kas
hufskaf,huf-skaf,hufs-kaf
hufskax,huf-skax,hufs-kax
hufskaC,huf-skaC,hufs-kaC
hufskal,huf-skal,hufs-kal
hufskoq,huf-skoq,hufs-koq
hufskud,huf-skud,hufs-kud
hufskug,huf-skug,hufs-kug
hufskup,huf-skup,hufs-kup
hufskuz,huf-skuz,hufs-kuz
hufskuf,huf-skuf,hufs-kuf
hufskux,huf-skux,hufs-kux
hufskul,huf-skul,hufs-kul
hufsfim,huf-sfim,hufs-fim
hufsfib,huf-sfib,hufs-fib
hufsfit,huf-sfit,hufs-fit
hufsfis,huf-sfis,hufs-fis
hufsfif,huf-sfif,hufs-fif
hufsfix,huf-sfix,hufs-fix
hufsfiC,huf-sfiC,hufs-fiC
hufsfam,huf-sfam,hufs-fam
hufsfab,huf-sfab,hufs-fab
hufsfag,huf-sfag,hufs-fag
hufsfat,huf-sfat,hufs-fat
hufsfaf,huf-sfaf,hufs-faf
hufsfax,huf-sfax,hufs-fax
hufsfaC,huf-sfaC,hufs-faC
hufsfal,huf-sfal,hufs-fal
hufsfum,huf-sfum,hufs-fum
hufsfub,huf-sfub,hufs-fub
hufsfug,huf-sfug,hufs-fug
hufsfut,huf-sfut,hufs-fut
hufsfus,huf-sfus,hufs-fus
hufsfuf,huf-sfuf,hufs-fuf
hufsfux,huf-sfux,hufs-fux
hufsfuC,huf-sfuC,hufs-fuC
hufsvik,huf-svik,hufs-vik
hufsvas,huf-svas,hufs-vas
hufsvur,huf-svur,hufs-vur
hufslim,huf-slim,hufs-lim
hufslid,huf-slid,hufs-lid
hufslig,huf-slig,hufs-lig
hufslip,huf-slip,hufs-lip
hufslis,huf-slis,hufs-lis
hufslif,huf-slif,hufs-lif
hufslix,huf-slix,hufs-lix
hufsliC,huf-sliC,hufs-liC
hufslad,huf-slad,hufs-lad
hufslag,huf-slag,hufs-lag
hufslap,huf-slap,hufs-lap
hufslas,huf-slas,hufs-las
hufslaf,huf-slaf,hufs-laf
hufslax,huf-slax,hufs-lax
hufslaC,huf-slaC,hufs-laC
hufslal,huf-slal,hufs-lal
hufslom,huf-slom,hufs-lom
hufslud,huf-slud,hufs-lud
hufslug,huf-slug,hufs-lug
hufslup,huf-slup,hufs-lup
hufslus,huf-slus,hufs-lus
hufsluf,huf-sluf,hufs-luf
hufslux,huf-slux,hufs-lux
hufsluC,huf-sluC,hufs-luC
hufslur,huf-slur,hufs-lur
huxtxal,hux-txal,huxt-xal
huxtxum,hux-txum,huxt-xum
huxtrin,hux-trin,huxt-rin
huxtrik,hux-trik,huxt-rik
huxtris,hux-tris,huxt-ris
huxtrif,hux-trif,huxt-rif
huxtriC,hux-triC,huxt-riC
huxtret,hux-tret,huxt-ret
huxtrab,hux-trab,huxt-rab
huxtrag,hux-trag,huxt-rag
huxtras,hux-tras,huxt-ras
huxtraf,hux-traf,huxt-raf
huxtraC,hux-traC,huxt-raC
huxtral,hux-tral,huxt-ral
huxtrot,hux-trot,huxt-rot
huxtrum,hux-trum,huxt-rum
huxtrub,hux-trub,huxt-rub
huxtrug,hux-trug,huxt-rug
huxtrus,hux-trus,huxt-rus
huxtruf,hux-truf,huxt-ruf
huxtrux,hux-trux,huxt-rux
huxtruC,hux-truC,huxt-ruC
huxtrul,hux-trul,huxt-rul
hulblim,hul-blim,hulb-lim
hulbliz,hul-bliz,hulb-liz
hulblet,hul-blet,hulb-let
hulblab,hul-blab,hulb-lab
hulbloz,hul-bloz,hulb-loz
hulblof,hul-blof,hulb-lof
hulblor,hul-blor,hulb-lor
hulblum,hul-blum,hulb-lum
hulblub,hul-blub,hulb-lub
hulblut,hul-blut,hulb-lut
hulblux,hul-blux,hulb-lux
hulbrig,hul-brig,hulb-rig
hulbrif,hul-brif,hulb-rif
hulbrak,hul-brak,hulb-rak
hulbruk,hul-bruk,hulb-ruk
hulglip,hul-glip,hulg-lip
hulglix,hul-glix,hulg-lix
hulglen,hul-glen,hulg-len
hulgled,hul-gled,hulg-led
hulglez,hul-glez,hulg-lez
hulglav,hul-glav,hulg-lav
hulglaj,hul-glaj,hulg-laj
hulglob,hul-glob,hulg-lob
hulglot,hul-glot,hulg-lot
hulglok,hul-glok,hulg-lok
hulglor,hul-glor,hulg-lor
hulglux,hul-glux,hulg-lux
hulgriv,hul-griv,hulg-riv
hulgrac,hul-grac,hulg-rac
hulgroq,hul-groq,hulg-roq
hulgruv,hul-gruv,hulg-ruv
hultxal,hul-txal,hult-xal
hultxum,hul-txum,hult-xum
hultrin,hul-trin,hult-rin
hultrik,hul-trik,hult-rik
hultris,hul-tris,hult-ris
hultrif,hul-trif,hult-rif
hultriC,hul-triC,hult-riC
hultret,hul-tret,hult-ret
hultrab,hul-trab,hult-rab
hultrag,hul-trag,hult-rag
hultras,hul-tras,hult-ras
hultraf,hul-traf,hult-raf
hultraC,hul-traC,hult-raC
hultral,hul-tral,hult-ral
hultrot,hul-trot,hult-rot
hultrum,hul-trum,hult-rum
hultrub,hul-trub,hult-rub
hultrug,hul-trug,hult-rug
hultrus,hul-trus,hult-rus
hultruf,hul-truf,hult-ruf
hultrux,hul-trux,hult-rux
hultruC,hul-truC,hult-ruC
hultrul,hul-trul,hult-rul
hulsmin,hul-smin,huls-min
hulsmib,hul-smib,huls-mib
hulsmit,hul-smit,huls-mit
hulsmis,hul-smis,huls-mis
hulsmix,hul-smix,huls-mix
hulsmiC,hul-smiC,huls-miC
hulsmek,hul-smek,huls-mek
hulsmad,hul-smad,huls-mad
hulsmas,hul-smas,huls-mas
hulsmaf,hul-smaf,huls-maf
hulsmax,hul-smax,huls-max
hulsmaC,hul-smaC,huls-maC
hulsmal,hul-smal,huls-mal
hulsmok,hul-smok,huls-mok
hulsmub,hul-smub,huls-mub
hulsmut,hul-smut,huls-mut
hulsmus,hul-smus,huls-mus
hulsmuf,hul-smuf,huls-muf
hulsmux,hul-smux,huls-mux
hulsmuC,hul-smuC,huls-muC
hulsmul,hul-smul,huls-mul
hulsnif,hul-snif,huls-nif
hulsnap,hul-snap,huls-nap
hulsnom,hul-snom,huls-nom
hulspin,hul-spin,huls-pin
hulspib,hul-spib,huls-pib
hulspit,hul-spit,huls-pit
hulspik,hul-spik,huls-pik
hulspis,hul-spis,huls-pis
hulspix,hul-spix,huls-pix
hulspiC,hul-spiC,huls-piC
hulspan,hul-span,huls-pan
hulspak,hul-spak,huls-pak
hulspas,hul-spas,huls-pas
hulspof,hul-spof,huls-pof
hulspum,hul-spum,huls-pum
hulspug,hul-spug,huls-pug
hulspus,hul-spus,huls-pus
hulspul,hul-spul,huls-pul
hulstef,hul-stef,huls-tef
hulstab,hul-stab,huls-tab
hulstat,hul-stat,huls-tat
hulstal,hul-stal,huls-tal
hulstoj,hul-stoj,huls-toj
hulstud,hul-stud,huls-tud
hulstup,hul-stup,huls-tup
hulskim,hul-skim,huls-kim
hulskib,hul-skib,huls-kib
hulskig,hul-skig,huls-kig
hulskit,hul-skit,huls-kit
hulskis,hul-skis,huls-kis
hulskif,hul-skif,huls-kif
hulskix,hul-skix,huls-kix
hulskiC,hul-skiC,huls-kiC
hulskad,hul-skad,huls-kad
hulskag,hul-skag,huls-kag
hulskap,hul-skap,huls-kap
hulskas,hul-skas,huls-kas
hulskaf,hul-skaf,huls-kaf
hulskax,hul-skax,huls-kax
hulskaC,hul-skaC,huls-kaC
hulskal,hul-skal,huls-kal
hulskoq,hul-skoq,huls-koq
hulskud,hul-skud,huls-kud
hulskug,hul-skug,huls-kug
hulskup,hul-skup,huls-kup
hulskuz,hul-skuz,huls-kuz
hulskuf,hul-skuf,huls-kuf
hulskux,hul-skux,huls-kux
hulskul,hul-skul,huls-kul
hulsfim,hul-sfim,huls-fim
hulsfib,hul-sfib,huls-fib
hulsfit,hul-sfit,huls-fit
hulsfis,hul-sfis,huls-fis
hulsfif,hul-sfif,huls-fif
hulsfix,hul-sfix,huls-fix
hulsfiC,hul-sfiC,huls-fiC
hulsfam,hul-sfam,huls-fam
hulsfab,hul-sfab,huls-fab
hulsfag,hul-sfag,huls-fag
hulsfat,hul-sfat,huls-fat
hulsfaf,hul-sfaf,huls-faf
hulsfax,hul-sfax,huls-fax
hulsfaC,hul-sfaC,huls-faC
hulsfal,hul-sfal,huls-fal
hulsfum,hul-sfum,huls-fum
hulsfub,hul-sfub,huls-fub
hulsfug,hul-sfug,huls-fug
hulsfut,hul-sfut,huls-fut
hulsfus,hul-sfus,huls-fus
hulsfuf,hul-sfuf,huls-fuf
hulsfux,hul-sfux,huls-fux
hulsfuC,hul-sfuC,huls-fuC
hulsvik,hul-svik,huls-vik
hulsvas,hul-svas,huls-vas
hulsvur,hul-svur,huls-vur
hulslim,hul-slim,huls-lim
hulslid,hul-slid,huls-lid
hulslig,hul-slig,huls-lig
hulslip,hul-slip,huls-lip
hulslis,hul-slis,huls-lis
hulslif,hul-slif,huls-lif
hulslix,hul-slix,huls-lix
hulsliC,hul-sliC,huls-liC
hulslad,hul-slad,huls-lad
hulslag,hul-slag,huls-lag
hulslap,hul-slap,huls-lap
hulslas,hul-slas,huls-las
hulslaf,hul-slaf,huls-laf
hulslax,hul-slax,huls-lax
hulslaC,hul-slaC,huls-laC
hulslal,hul-slal,huls-lal
hulslom,hul-slom,huls-lom
hulslud,hul-slud,huls-lud
hulslug,hul-slug,huls-lug
hulslup,hul-slup,huls-lup
hulslus,hul-slus,huls-lus
hulsluf,hul-sluf,huls-luf
hulslux,hul-slux,huls-lux
hulsluC,hul-sluC,huls-luC
hulslur,hul-slur,huls-lur
hulxnim,hul-xnim,hulx-nim
hulxnib,hul-xnib,hulx-nib
hulxnig,hul-xnig,hulx-nig
hulxnit,hul-xnit,hulx-nit
hulxnis,hul-xnis,hulx-nis
hulxnif,hul-xnif,hulx-nif
hulxnix,hul-xnix,hulx-nix
hulxniC,hul-xniC,hulx-niC
hulxnam,hul-xnam,hulx-nam
hulxnab,hul-xnab,hulx-nab
hulxnag,hul-xnag,hulx-nag
hulxnat,hul-xnat,hulx-nat
hulxnas,hul-xnas,hulx-nas
hulxnaf,hul-xnaf,hulx-naf
hulxnax,hul-xnax,hulx-nax
hulxnaC,hul-xnaC,hulx-naC
hulxnal,hul-xnal,hulx-nal
hulxnum,hul-xnum,hulx-num
hulxnub,hul-xnub,hulx-nub
hulxnug,hul-xnug,hulx-nug
hulxnut,hul-xnut,hulx-nut
hulxnus,hul-xnus,hulx-nus
hulxnuf,hul-xnuf,hulx-nuf
hulxnux,hul-xnux,hulx-nux
hulxnuC,hul-xnuC,hulx-nuC
hulxnul,hul-xnul,hulx-nul
hulxkim,hul-xkim,hulx-kim
hulxkib,hul-xkib,hulx-kib
hulxkig,hul-xkig,hulx-kig
hulxkit,hul-xkit,hulx-kit
hulxkis,hul-xkis,hulx-kis
hulxkif,hul-xkif,hulx-kif
hulxkix,hul-xkix,hulx-kix
hulxkiC,hul-xkiC,hulx-kiC
hulxkam,hul-xkam,hulx-kam
hulxkab,hul-xkab,hulx-kab
hulxkag,hul-xkag,hulx-kag
hulxkat,hul-xkat,hulx-kat
hulxkas,hul-xkas,hulx-kas
hulxkaf,hul-xkaf,hulx-kaf
hulxkax,hul-xkax,hulx-kax
hulxkaC,hul-xkaC,hulx-kaC
hulxkal,hul-xkal,hulx-kal
hulxkum,hul-xkum,hulx-kum
hulxkub,hul-xkub,hulx-kub
hulxkug,hul-xkug,hulx-kug
hulxkut,hul-xkut,hulx-kut
hulxkus,hul-xkus,hulx-kus
hulxkuf,hul-xkuf,hulx-kuf
hulxkux,hul-xkux,hulx-kux
hulxkuC,hul-xkuC,hulx-kuC
hulxkul,hul-xkul,hulx-kul
hulxlim,hul-xlim,hulx-lim
hulxlib,hul-xlib,hulx-lib
hulxlit,hul-xlit,hulx-lit
hulxlik,hul-xlik,hulx-lik
hulxlis,hul-xlis,hulx-lis
hulxlif,hul-xlif,hulx-lif
hulxlix,hul-xlix,hulx-lix
hulxliC,hul-xliC,hulx-liC
hulxlam,hul-xlam,hulx-lam
hulxlab,hul-xlab,hulx-lab
hulxlag,hul-xlag,hulx-lag
hulxlat,hul-xlat,hulx-lat
hulxlas,hul-xlas,hulx-las
hulxlav,hul-xlav,hulx-lav
hulxlax,hul-xlax,hulx-lax
hulxlal,hul-xlal,hulx-lal
hulxlum,hul-xlum,hulx-lum
hulxlub,hul-xlub,hulx-lub
hulxlug,hul-xlug,hulx-lug
hulxlut,hul-xlut,hulx-lut
hulxlus,hul-xlus,hulx-lus
hulxluf,hul-xluf,hulx-luf
hulxlux,hul-xlux,hulx-lux
hulxluC,hul-xluC,hulx-luC
hulxlul,hul-xlul,hulx-lul
siqksim,siq-ksim,siqk-sim
siqksib,siq-ksib,siqk-sib
siqksig,siq-ksig,siqk-sig
siqksit,siq-ksit,siqk-sit
siqksis,siq-ksis,siqk-sis
siqksif,siq-ksif,siqk-sif
siqksix,siq-ksix,siqk-six
siqksiC,siq-ksiC,siqk-siC
siqksam,siq-ksam,siqk-sam
siqksab,siq-ksab,siqk-sab
siqksag,siq-ksag,siqk-sag
siqksat,siq-ksat,siqk-sat
siqksas,siq-ksas,siqk-sas
siqksaf,siq-ksaf,siqk-saf
siqksax,siq-ksax,siqk-sax
siqksaC,siq-ksaC,siqk-saC
siqksal,siq-ksal,siqk-sal
siqksum,siq-ksum,siqk-sum
siqksub,siq-ksub,siqk-sub
siqksug,siq-ksug,siqk-sug
siqksut,siq-ksut,siqk-sut
siqksus,siq-ksus,siqk-sus
siqksuf,siq-ksuf,siqk-suf
siqksux,siq-ksux,siqk-sux
siqksuC,siq-ksuC,siqk-suC
siqksul,siq-ksul,siqk-sul
siqklek,siq-klek,siqk-lek
siqkloz,siq-kloz,siqk-loz
sipflid,sip-flid,sipf-lid
sipflip,sip-flip,sipf-lip
sipflif,sip-flif,sipf-lif
sipflem,sip-flem,sipf-lem
sipflek,sip-flek,sipf-lek
sipfleC,sip-fleC,sipf-leC
sipflad,sip-flad,sipf-lad
sipflap,sip-flap,sipf-lap
sipflaf,sip-flaf,sipf-laf
sipflax,sip-flax,sipf-lax
sipflom,sip-flom,sipf-lom
sipflok,sip-flok,sipf-lok
sipflor,sip-flor,sipf-lor
sipflud,sip-flud,sipf-lud
sipflup,sip-flup,sipf-lup
sipfluz,sip-fluz,sipf-luz
sipfluf,sip-fluf,sipf-luf
sipflux,sip-flux,sipf-lux
sipfris,sip-fris,sipf-ris
sipfrix,sip-frix,sipf-rix
sipfras,sip-fras,sipf-ras
sitxnim,sit-xnim,sitx-nim
sitxnib,sit-xnib,sitx-nib
sitxnig,sit-xnig,sitx-nig
sitxnit,sit-xnit,sitx-nit
sitxnis,sit-xnis,sitx-nis
sitxnif,sit-xnif,sitx-nif
sitxnix,sit-xnix,sitx-nix
sitxniC,sit-xniC,sitx-niC
sitxnam,sit-xnam,sitx-nam
sitxnab,sit-xnab,sitx-nab
sitxnag,sit-xnag,sitx-nag
sitxnat,sit-xnat,sitx-nat
sitxnas,sit-xnas,sitx-nas
sitxnaf,sit-xnaf,sitx-naf
sitxnax,sit-xnax,sitx-nax
sitxnaC,sit-xnaC,sitx-naC
sitxnal,sit-xnal,sitx-nal
sitxnum,sit-xnum,sitx-num
sitxnub,sit-xnub,sitx-nub
sitxnug,sit-xnug,sitx-nug
sitxnut,sit-xnut,sitx-nut
sitxnus,sit-xnus,sitx-nus
sitxnuf,sit-xnuf,sitx-nuf
sitxnux,sit-xnux,sitx-nux
sitxnuC,sit-xnuC,sitx-nuC
sitxnul,sit-xnul,sitx-nul
sitxkim,sit-xkim,sitx-kim
sitxkib,sit-xkib,sitx-kib
sitxkig,sit-xkig,sitx-kig
sitxkit,sit-xkit,sitx-kit
sitxkis,sit-xkis,sitx-kis
sitxkif,sit-xkif,sitx-kif
sitxkix,sit-xkix,sitx-kix
sitxkiC,sit-xkiC,sitx-kiC
sitxkam,sit-xkam,sitx-kam
sitxkab,sit-xkab,sitx-kab
sitxkag,sit-xkag,sitx-kag
sitxkat,sit-xkat,sitx-kat
sitxkas,sit-xkas,sitx-kas
sitxkaf,sit-xkaf,sitx-kaf
sitxkax,sit-xkax,sitx-kax
sitxkaC,sit-xkaC,sitx-kaC
sitxkal,sit-xkal,sitx-kal
sitxkum,sit-xkum,sitx-kum
sitxkub,sit-xkub,sitx-kub
sitxkug,sit-xkug,sitx-kug
sitxkut,sit-xkut,sitx-kut
sitxkus,sit-xkus,sitx-kus
sitxkuf,sit-xkuf,sitx-kuf
sitxkux,sit-xkux,sitx-kux
sitxkuC,sit-xkuC,sitx-kuC
sitxkul,sit-xkul,sitx-kul
sitxlim,sit-xlim,sitx-lim
sitxlib,sit-xlib,sitx-lib
sitxlit,sit-xlit,sitx-lit
sitxlik,sit-xlik,sitx-lik
sitxlis,sit-xlis,sitx-lis
sitxlif,sit-xlif,sitx-lif
sitxlix,sit-xlix,sitx-lix
sitxliC,sit-xliC,sitx-liC
sitxlam,sit-xlam,sitx-lam
sitxlab,sit-xlab,sitx-lab
sitxlag,sit-xlag,sitx-lag
sitxlat,sit-xlat,sitx-lat
sitxlas,sit-xlas,sitx-las
sitxlav,sit-xlav,sitx-lav
sitxlax,sit-xlax,sitx-lax
sitxlal,sit-xlal,sitx-lal
sitxlum,sit-xlum,sitx-lum
sitxlub,sit-xlub,sitx-lub
sitxlug,sit-xlug,sitx-lug
sitxlut,sit-xlut,sitx-lut
sitxlus,sit-xlus,sitx-lus
sitxluf,sit-xluf,sitx-luf
sitxlux,sit-xlux,sitx-lux
sitxluC,sit-xluC,sitx-luC
sitxlul,sit-xlul,sitx-lul
sikxnim,sik-xnim,sikx-nim
sikxnib,sik-xnib,sikx-nib
sikxnig,sik-xnig,sikx-nig
sikxnit,sik-xnit,sikx-nit
sikxnis,sik-xnis,sikx-nis
sikxnif,sik-xnif,sikx-nif
sikxnix,sik-xnix,sikx-nix
sikxniC,sik-xniC,sikx-niC
sikxnam,sik-xnam,sikx-nam
sikxnab,sik-xnab,sikx-nab
sikxnag,sik-xnag,sikx-nag
sikxnat,sik-xnat,sikx-nat
sikxnas,sik-xnas,sikx-nas
sikxnaf,sik-xnaf,sikx-naf
sikxnax,sik-xnax,sikx-nax
sikxnaC,sik-xnaC,sikx-naC
sikxnal,sik-xnal,sikx-nal
sikxnum,sik-xnum,sikx-num
sikxnub,sik-xnub,sikx-nub
sikxnug,sik-xnug,sikx-nug
sikxnut,sik-xnut,sikx-nut
sikxnus,sik-xnus,sikx-nus
sikxnuf,sik-xnuf,sikx-nuf
sikxnux,sik-xnux,sikx-nux
sikxnuC,sik-xnuC,sikx-nuC
sikxnul,sik-xnul,sikx-nul
sikxkim,sik-xkim,sikx-kim
sikxkib,sik-xkib,sikx-kib
sikxkig,sik-xkig,sikx-kig
sikxkit,sik-xkit,sikx-kit
sikxkis,sik-xkis,sikx-kis
sikxkif,sik-xkif,sikx-kif
sikxkix,sik-xkix,sikx-kix
sikxkiC,sik-xkiC,sikx-kiC
sikxkam,sik-xkam,sikx-kam
sikxkab,sik-xkab,sikx-kab
sikxkag,sik-xkag,sikx-kag
sikxkat,sik-xkat,sikx-kat
sikxkas,sik-xkas,sikx-kas
sikxkaf,sik-xkaf,sikx-kaf
sikxkax,sik-xkax,sikx-kax
sikxkaC,sik-xkaC,sikx-kaC
sikxkal,sik-xkal,sikx-kal
sikxkum,sik-xkum,sikx-kum
sikxkub,sik-xkub,sikx-kub
sikxkug,sik-xkug,sikx-kug
sikxkut,sik-xkut,sikx-kut
sikxkus,sik-xkus,sikx-kus
sikxkuf,sik-xkuf,sikx-kuf
sikxkux,sik-xkux,sikx-kux
sikxkuC,sik-xkuC,sikx-kuC
sikxkul,sik-xkul,sikx-kul
sikxlim,sik-xlim,sikx-lim
sikxlib,sik-xlib,sikx-lib
sikxlit,sik-xlit,sikx-lit
sikxlik,sik-xlik,sikx-lik
sikxlis,sik-xlis,sikx-lis
sikxlif,sik-xlif,sikx-lif
sikxlix,sik-xlix,sikx-lix
sikxliC,sik-xliC,sikx-liC
sikxlam,sik-xlam,sikx-lam
sikxlab,sik-xlab,sikx-lab
sikxlag,sik-xlag,sikx-lag
sikxlat,sik-xlat,sikx-lat
sikxlas,sik-xlas,sikx-las
sikxlav,sik-xlav,sikx-lav
sikxlax,sik-xlax,sikx-lax
sikxlal,sik-xlal,sikx-lal
sikxlum,sik-xlum,sikx-lum
sikxlub,sik-xlub,sikx-lub
sikxlug,sik-xlug,sikx-lug
sikxlut,sik-xlut,sikx-lut
sikxlus,sik-xlus,sikx-lus
sikxluf,sik-xluf,sikx-luf
sikxlux,sik-xlux,sikx-lux
sikxluC,sik-xluC,sikx-luC
sikxlul,sik-xlul,sikx-lul
sisksim,sis-ksim,sisk-sim
sisksib,sis-ksib,sisk-sib
sisksig,sis-ksig,sisk-sig
sisksit,sis-ksit,sisk-sit
sisksis,sis-ksis,sisk-sis
sisksif,sis-ksif,sisk-sif
sisksix,sis-ksix,sisk-six
sisksiC,sis-ksiC,sisk-siC
sisksam,sis-ksam,sisk-sam
sisksab,sis-ksab,sisk-sab
sisksag,sis-ksag,sisk-sag
sisksat,sis-ksat,sisk-sat
sisksas,sis-ksas,sisk-sas
sisksaf,sis-ksaf,sisk-saf
sisksax,sis-ksax,sisk-sax
sisksaC,sis-ksaC,sisk-saC
sisksal,sis-ksal,sisk-sal
sisksum,sis-ksum,sisk-sum
sisksub,sis-ksub,sisk-sub
sisksug,sis-ksug,sisk-sug
sisksut,sis-ksut,sisk-sut
sisksus,sis-ksus,sisk-sus
sisksuf,sis-ksuf,sisk-suf
sisksux,sis-ksux,sisk-sux
sisksuC,sis-ksuC,sisk-suC
sisksul,sis-ksul,sisk-sul
sisklek,sis-klek,sisk-lek
siskloz,sis-kloz,sisk-loz
siftxal,sif-txal,sift-xal
siftxum,sif-txum,sift-xum
siftrin,sif-trin,sift-rin
siftrik,sif-trik,sift-rik
siftris,sif-tris,sift-ris
siftrif,sif-trif,sift-rif
siftriC,sif-triC,sift-riC
siftret,sif-tret,sift-ret
siftrab,sif-trab,sift-rab
siftrag,sif-trag,sift-rag
siftras,sif-tras,sift-ras
siftraf,sif-traf,sift-raf
siftraC,sif-traC,sift-raC
siftral,sif-tral,sift-ral
siftrot,sif-trot,sift-rot
siftrum,sif-trum,sift-rum
siftrub,sif-trub,sift-rub
siftrug,sif-trug,sift-rug
siftrus,sif-trus,sift-rus
siftruf,sif-truf,sift-ruf
siftrux,sif-trux,sift-rux
siftruC,sif-truC,sift-ruC
siftrul,sif-trul,sift-rul
sifsmin,sif-smin,sifs-min
sifsmib,sif-smib,sifs-mib
sifsmit,sif-smit,sifs-mit
sifsmis,sif-smis,sifs-mis
sifsmix,sif-smix,sifs-mix
sifsmiC,sif-smiC,sifs-miC
sifsmek,sif-smek,sifs-mek
sifsmad,sif-smad,sifs-mad
sifsmas,sif-smas,sifs-mas
sifsmaf,sif-smaf,sifs-maf
sifsmax,sif-smax,sifs-max
sifsmaC,sif-smaC,sifs-maC
sifsmal,sif-smal,sifs-mal
sifsmok,sif-smok,sifs-mok
sifsmub,sif-smub,sifs-mub
sifsmut,sif-smut,sifs-mut
sifsmus,sif-smus,sifs-mus
sifsmuf,sif-smuf,sifs-muf
sifsmux,sif-smux,sifs-mux
sifsmuC,sif-smuC,sifs-muC
sifsmul,sif-smul,sifs-mul
sifsnif,sif-snif,sifs-nif
sifsnap,sif-snap,sifs-nap
sifsnom,sif-snom,sifs-nom
sifspin,sif-spin,sifs-pin
sifspib,sif-spib,sifs-pib
sifspit,sif-spit,sifs-pit
sifspik,sif-spik,sifs-pik
sifspis,sif-spis,sifs-pis
sifspix,sif-spix,sifs-pix
sifspiC,sif-spiC,sifs-piC
sifspan,sif-span,sifs-pan
sifspak,sif-spak,sifs-pak
sifspas,sif-spas,sifs-pas
sifspof,sif-spof,sifs-pof
sifspum,sif-spum,sifs-pum
sifspug,sif-spug,sifs-pug
sifspus,sif-spus,sifs-pus
sifspul,sif-spul,sifs-pul
sifstef,sif-stef,sifs-tef
sifstab,sif-stab,sifs-tab
sifstat,sif-stat,sifs-tat
sifstal,sif-stal,sifs-tal
sifstoj,sif-stoj,sifs-toj
sifstud,sif-stud,sifs-tud
sifstup,sif-stup,sifs-tup
sifskim,sif-skim,sifs-kim
sifskib,sif-skib,sifs-kib
sifskig,sif-skig,sifs-kig
sifskit,sif-skit,sifs-kit
sifskis,sif-skis,sifs-kis
sifskif,sif-skif,sifs-kif
sifskix,sif-skix,sifs-kix
sifskiC,sif-skiC,sifs-kiC
sifskad,sif-skad,sifs-kad
sifskag,sif-skag,sifs-kag
sifskap,sif-skap,sifs-kap
sifskas,sif-skas,sifs-kas
sifskaf,sif-skaf,sifs-kaf
sifskax,sif-skax,sifs-kax
sifskaC,sif-skaC,sifs-kaC
sifskal,sif-skal,sifs-kal
sifskoq,sif-skoq,sifs-koq
sifskud,sif-skud,sifs-kud
sifskug,sif-skug,sifs-kug
sifskup,sif-skup,sifs-kup
sifskuz,sif-skuz,sifs-kuz
sifskuf,sif-skuf,sifs-kuf
sifskux,sif-skux,sifs-kux
sifskul,sif-skul,sifs-kul
sifsfim,sif-sfim,sifs-fim
sifsfib,sif-sfib,sifs-fib
sifsfit,sif-sfit,sifs-fit
sifsfis,sif-sfis,sifs-fis
sifsfif,sif-sfif,sifs-fif
sifsfix,sif-sfix,sifs-fix
sifsfiC,sif-sfiC,sifs-fiC
sifsfam,sif-sfam,sifs-fam
sifsfab,sif-sfab,sifs-fab
sifsfag,sif-sfag,sifs-fag
sifsfat,sif-sfat,sifs-fat
sifsfaf,sif-sfaf,sifs-faf
sifsfax,sif-sfax,sifs-fax
sifsfaC,sif-sfaC,sifs-faC
sifsfal,sif-sfal,sifs-fal
sifsfum,sif-sfum,sifs-fum
sifsfub,sif-sfub,sifs-fub
sifsfug,sif-sfug,sifs-fug
sifsfut,sif-sfut,sifs-fut
sifsfus,sif-sfus,sifs-fus
sifsfuf,sif-sfuf,sifs-fuf
sifsfux,sif-sfux,sifs-fux
sifsfuC,sif-sfuC,sifs-fuC
sifsvik,sif-svik,sifs-vik
sifsvas,sif-svas,sifs-vas
sifsvur,sif-svur,sifs-vur
sifslim,sif-slim,sifs-lim
sifslid,sif-slid,sifs-lid
sifslig,sif-slig,sifs-lig
sifslip,sif-slip,sifs-lip
sifslis,sif-slis,sifs-lis
sifslif,sif-slif,sifs-lif
sifslix,sif-slix,sifs-lix
sifsliC,sif-sliC,sifs-liC
sifslad,sif-slad,sifs-lad
sifslag,sif-slag,sifs-lag
sifslap,sif-slap,sifs-lap
sifslas,sif-slas,sifs-las
sifslaf,sif-slaf,sifs-laf
sifslax,sif-slax,sifs-lax
sifslaC,sif-slaC,sifs-laC
sifslal,sif-slal,sifs-lal
sifslom,sif-slom,sifs-lom
sifslud,sif-slud,sifs-lud
sifslug,sif-slug,sifs-lug
sifslup,sif-slup,sifs-lup
sifslus,sif-slus,sifs-lus
sifsluf,sif-sluf,sifs-luf
sifslux,sif-slux,sifs-lux
sifsluC,sif-sluC,sifs-luC
sifslur,sif-slur,sifs-lur
sixtxal,six-txal,sixt-xal
sixtxum,six-txum,sixt-xum
sixtrin,six-trin,sixt-rin
sixtrik,six-trik,sixt-rik
sixtris,six-tris,sixt-ris
sixtrif,six-trif,sixt-rif
sixtriC,six-triC,sixt-riC
sixtret,six-tret,sixt-ret
sixtrab,six-trab,sixt-rab
sixtrag,six-trag,sixt-rag
sixtras,six-tras,sixt-ras
sixtraf,six-traf,sixt-raf
sixtraC,six-traC,sixt-raC
sixtral,six-tral,sixt-ral
sixtrot,six-trot,sixt-rot
sixtrum,six-trum,sixt-rum
sixtrub,six-trub,sixt-rub
sixtrug,six-trug,sixt-rug
sixtrus,six-trus,sixt-rus
sixtruf,six-truf,sixt-ruf
sixtrux,six-trux,sixt-rux
sixtruC,six-truC,sixt-ruC
sixtrul,six-trul,sixt-rul
sentxal,sen-txal,sent-xal
sentxum,sen-txum,sent-xum
sentrin,sen-trin,sent-rin
sentrik,sen-trik,sent-rik
sentris,sen-tris,sent-ris
sentrif,sen-trif,sent-rif
sentriC,sen-triC,sent-riC
sentret,sen-tret,sent-ret
sentrab,sen-trab,sent-rab
sentrag,sen-trag,sent-rag
sentras,sen-tras,sent-ras
sentraf,sen-traf,sent-raf
sentraC,sen-traC,sent-raC
sentral,sen-tral,sent-ral
sentrot,sen-trot,sent-rot
sentrum,sen-trum,sent-rum
sentrub,sen-trub,sent-rub
sentrug,sen-trug,sent-rug
sentrus,sen-trus,sent-rus
sentruf,sen-truf,sent-ruf
sentrux,sen-trux,sent-rux
sentruC,sen-truC,sent-ruC
sentrul,sen-trul,sent-rul
saqksim,saq-ksim,saqk-sim
saqksib,saq-ksib,saqk-sib
saqksig,saq-ksig,saqk-sig
saqksit,saq-ksit,saqk-sit
saqksis,saq-ksis,saqk-sis
saqksif,saq-ksif,saqk-sif
saqksix,saq-ksix,saqk-six
saqksiC,saq-ksiC,saqk-siC
saqksam,saq-ksam,saqk-sam
saqksab,saq-ksab,saqk-sab
saqksag,saq-ksag,saqk-sag
saqksat,saq-ksat,saqk-sat
saqksas,saq-ksas,saqk-sas
saqksaf,saq-ksaf,saqk-saf
saqksax,saq-ksax,saqk-sax
saqksaC,saq-ksaC,saqk-saC
saqksal,saq-ksal,saqk-sal
saqksum,saq-ksum,saqk-sum
saqksub,saq-ksub,saqk-sub
saqksug,saq-ksug,saqk-sug
saqksut,saq-ksut,saqk-sut
saqksus,saq-ksus,saqk-sus
saqksuf,saq-ksuf,saqk-suf
saqksux,saq-ksux,saqk-sux
saqksuC,saq-ksuC,saqk-suC
saqksul,saq-ksul,saqk-sul
saqklek,saq-klek,saqk-lek
saqkloz,saq-kloz,saqk-loz
sapflid,sap-flid,sapf-lid
sapflip,sap-flip,sapf-lip
sapflif,sap-flif,sapf-lif
sapflem,sap-flem,sapf-lem
sapflek,sap-flek,sapf-lek
sapfleC,sap-fleC,sapf-leC
sapflad,sap-flad,sapf-lad
sapflap,sap-flap,sapf-lap
sapflaf,sap-flaf,sapf-laf
sapflax,sap-flax,sapf-lax
sapflom,sap-flom,sapf-lom
sapflok,sap-flok,sapf-lok
sapflor,sap-flor,sapf-lor
sapflud,sap-flud,sapf-lud
sapflup,sap-flup,sapf-lup
sapfluz,sap-fluz,sapf-luz
sapfluf,sap-fluf,sapf-luf
sapflux,sap-flux,sapf-lux
sapfris,sap-fris,sapf-ris
sapfrix,sap-frix,sapf-rix
sapfras,sap-fras,sapf-ras
sapxnim,sap-xnim,sapx-nim
sapxnib,sap-xnib,sapx-nib
sapxnig,sap-xnig,sapx-nig
sapxnit,sap-xnit,sapx-nit
sapxnis,sap-xnis,sapx-nis
sapxnif,sap-xnif,sapx-nif
sapxnix,sap-xnix,sapx-nix
sapxniC,sap-xniC,sapx-niC
sapxnam,sap-xnam,sapx-nam
sapxnab,sap-xnab,sapx-nab
sapxnag,sap-xnag,sapx-nag
sapxnat,sap-xnat,sapx-nat
sapxnas,sap-xnas,sapx-nas
sapxnaf,sap-xnaf,sapx-naf
sapxnax,sap-xnax,sapx-nax
sapxnaC,sap-xnaC,sapx-naC
sapxnal,sap-xnal,sapx-nal
sapxnum,sap-xnum,sapx-num
sapxnub,sap-xnub,sapx-nub
sapxnug,sap-xnug,sapx-nug
sapxnut,sap-xnut,sapx-nut
sapxnus,sap-xnus,sapx-nus
sapxnuf,sap-xnuf,sapx-nuf
sapxnux,sap-xnux,sapx-nux
sapxnuC,sap-xnuC,sapx-nuC
sapxnul,sap-xnul,sapx-nul
sapxkim,sap-xkim,sapx-kim
sapxkib,sap-xkib,sapx-kib
sapxkig,sap-xkig,sapx-kig
sapxkit,sap-xkit,sapx-kit
sapxkis,sap-xkis,sapx-kis
sapxkif,sap-xkif,sapx-kif
sapxkix,sap-xkix,sapx-kix
sapxkiC,sap-xkiC,sapx-kiC
sapxkam,sap-xkam,sapx-kam
sapxkab,sap-xkab,sapx-kab
sapxkag,sap-xkag,sapx-kag
sapxkat,sap-xkat,sapx-kat
sapxkas,sap-xkas,sapx-kas
sapxkaf,sap-xkaf,sapx-kaf
sapxkax,sap-xkax,sapx-kax
sapxkaC,sap-xkaC,sapx-kaC
sapxkal,sap-xkal,sapx-kal
sapxkum,sap-xkum,sapx-kum
sapxkub,sap-xkub,sapx-kub
sapxkug,sap-xkug,sapx-kug
sapxkut,sap-xkut,sapx-kut
sapxkus,sap-xkus,sapx-kus
sapxkuf,sap-xkuf,sapx-kuf
sapxkux,sap-xkux,sapx-kux
sapxkuC,sap-xkuC,sapx-kuC
sapxkul,sap-xkul,sapx-kul
sapxlim,sap-xlim,sapx-lim
sapxlib,sap-xlib,sapx-lib
sapxlit,sap-xlit,sapx-lit
sapxlik,sap-xlik,sapx-lik
sapxlis,sap-xlis,sapx-lis
sapxlif,sap-xlif,sapx-lif
sapxlix,sap-xlix,sapx-lix
sapxliC,sap-xliC,sapx-liC
sapxlam,sap-xlam,sapx-lam
sapxlab,sap-xlab,sapx-lab
sapxlag,sap-xlag,sapx-lag
sapxlat,sap-xlat,sapx-lat
sapxlas,sap-xlas,sapx-las
sapxlav,sap-xlav,sapx-lav
sapxlax,sap-xlax,sapx-lax
sapxlal,sap-xlal,sapx-lal
sapxlum,sap-xlum,sapx-lum
sapxlub,sap-xlub,sapx-lub
sapxlug,sap-xlug,sapx-lug
sapxlut,sap-xlut,sapx-lut
sapxlus,sap-xlus,sapx-lus
sapxluf,sap-xluf,sapx-luf
sapxlux,sap-xlux,sapx-lux
sapxluC,sap-xluC,sapx-luC
sapxlul,sap-xlul,sapx-lul
sakxnim,sak-xnim,sakx-nim
sakxnib,sak-xnib,sakx-nib
sakxnig,sak-xnig,sakx-nig
sakxnit,sak-xnit,sakx-nit
sakxnis,sak-xnis,sakx-nis
sakxnif,sak-xnif,sakx-nif
sakxnix,sak-xnix,sakx-nix
sakxniC,sak-xniC,sakx-niC
sakxnam,sak-xnam,sakx-nam
sakxnab,sak-xnab,sakx-nab
sakxnag,sak-xnag,sakx-nag
sakxnat,sak-xnat,sakx-nat
sakxnas,sak-xnas,sakx-nas
sakxnaf,sak-xnaf,sakx-naf
sakxnax,sak-xnax,sakx-nax
sakxnaC,sak-xnaC,sakx-naC
sakxnal,sak-xnal,sakx-nal
sakxnum,sak-xnum,sakx-num
sakxnub,sak-xnub,sakx-nub
sakxnug,sak-xnug,sakx-nug
sakxnut,sak-xnut,sakx-nut
sakxnus,sak-xnus,sakx-nus
sakxnuf,sak-xnuf,sakx-nuf
sakxnux,sak-xnux,sakx-nux
sakxnuC,sak-xnuC,sakx-nuC
sakxnul,sak-xnul,sakx-nul
sakxkim,sak-xkim,sakx-kim
sakxkib,sak-xkib,sakx-kib
sakxkig,sak-xkig,sakx-kig
sakxkit,sak-xkit,sakx-kit
sakxkis,sak-xkis,sakx-kis
sakxkif,sak-xkif,sakx-kif
sakxkix,sak-xkix,sakx-kix
sakxkiC,sak-xkiC,sakx-kiC
sakxkam,sak-xkam,sakx-kam
sakxkab,sak-xkab,sakx-kab
sakxkag,sak-xkag,sakx-kag
sakxkat,sak-xkat,sakx-kat
sakxkas,sak-xkas,sakx-kas
sakxkaf,sak-xkaf,sakx-kaf
sakxkax,sak-xkax,sakx-kax
sakxkaC,sak-xkaC,sakx-kaC
sakxkal,sak-xkal,sakx-kal
sakxkum,sak-xkum,sakx-kum
sakxkub,sak-xkub,sakx-kub
sakxkug,sak-xkug,sakx-kug
sakxkut,sak-xkut,sakx-kut
sakxkus,sak-xkus,sakx-kus
sakxkuf,sak-xkuf,sakx-kuf
sakxkux,sak-xkux,sakx-kux
sakxkuC,sak-xkuC,sakx-kuC
sakxkul,sak-xkul,sakx-kul
sakxlim,sak-xlim,sakx-lim
sakxlib,sak-xlib,sakx-lib
sakxlit,sak-xlit,sakx-lit
sakxlik,sak-xlik,sakx-lik
sakxlis,sak-xlis,sakx-lis
sakxlif,sak-xlif,sakx-lif
sakxlix,sak-xlix,sakx-lix
sakxliC,sak-xliC,sakx-liC
sakxlam,sak-xlam,sakx-lam
sakxlab,sak-xlab,sakx-lab
sakxlag,sak-xlag,sakx-lag
sakxlat,sak-xlat,sakx-lat
sakxlas,sak-xlas,sakx-las
sakxlav,sak-xlav,sakx-lav
sakxlax,sak-xlax,sakx-lax
sakxlal,sak-xlal,sakx-lal
sakxlum,sak-xlum,sakx-lum
sakxlub,sak-xlub,sakx-lub
sakxlug,sak-xlug,sakx-lug
sakxlut,sak-xlut,sakx-lut
sakxlus,sak-xlus,sakx-lus
sakxluf,sak-xluf,sakx-luf
sakxlux,sak-xlux,sakx-lux
sakxluC,sak-xluC,sakx-luC
sakxlul,sak-xlul,sakx-lul
sasplib,sas-plib,sasp-lib
sasplix,sas-plix,sasp-lix
sasplan,sas-plan,sasp-lan
sasplax,sas-plax,sasp-lax
sasksim,sas-ksim,sask-sim
sasksib,sas-ksib,sask-sib
sasksig,sas-ksig,sask-sig
sasksit,sas-ksit,sask-sit
sasksis,sas-ksis,sask-sis
sasksif,sas-ksif,sask-sif
sasksix,sas-ksix,sask-six
sasksiC,sas-ksiC,sask-siC
sasksam,sas-ksam,sask-sam
sasksab,sas-ksab,sask-sab
sasksag,sas-ksag,sask-sag
sasksat,sas-ksat,sask-sat
sasksas,sas-ksas,sask-sas
sasksaf,sas-ksaf,sask-saf
sasksax,sas-ksax,sask-sax
sasksaC,sas-ksaC,sask-saC
sasksal,sas-ksal,sask-sal
sasksum,sas-ksum,sask-sum
sasksub,sas-ksub,sask-sub
sasksug,sas-ksug,sask-sug
sasksut,sas-ksut,sask-sut
sasksus,sas-ksus,sask-sus
sasksuf,sas-ksuf,sask-suf
sasksux,sas-ksux,sask-sux
sasksuC,sas-ksuC,sask-suC
sasksul,sas-ksul,sask-sul
sasklek,sas-klek,sask-lek
saskloz,sas-kloz,sask-loz
saftxal,saf-txal,saft-xal
saftxum,saf-txum,saft-xum
saftrin,saf-trin,saft-rin
saftrik,saf-trik,saft-rik
saftris,saf-tris,saft-ris
saftrif,saf-trif,saft-rif
saftriC,saf-triC,saft-riC
saftret,saf-tret,saft-ret
saftrab,saf-trab,saft-rab
saftrag,saf-trag,saft-rag
saftras,saf-tras,saft-ras
saftraf,saf-traf,saft-raf
saftraC,saf-traC,saft-raC
saftral,saf-tral,saft-ral
saftrot,saf-trot,saft-rot
saftrum,saf-trum,saft-rum
saftrub,saf-trub,saft-rub
saftrug,saf-trug,saft-rug
saftrus,saf-trus,saft-rus
saftruf,saf-truf,saft-ruf
saftrux,saf-trux,saft-rux
saftruC,saf-truC,saft-ruC
saftrul,saf-trul,saft-rul
safsmin,saf-smin,safs-min
safsmib,saf-smib,safs-mib
safsmit,saf-smit,safs-mit
safsmis,saf-smis,safs-mis
safsmix,saf-smix,safs-mix
safsmiC,saf-smiC,safs-miC
safsmek,saf-smek,safs-mek
safsmad,saf-smad,safs-mad
safsmas,saf-smas,safs-mas
safsmaf,saf-smaf,safs-maf
safsmax,saf-smax,safs-max
safsmaC,saf-smaC,safs-maC
safsmal,saf-smal,safs-mal
safsmok,saf-smok,safs-mok
safsmub,saf-smub,safs-mub
safsmut,saf-smut,safs-mut
safsmus,saf-smus,safs-mus
safsmuf,saf-smuf,safs-muf
safsmux,saf-smux,safs-mux
safsmuC,saf-smuC,safs-muC
safsmul,saf-smul,safs-mul
safsnif,saf-snif,safs-nif
safsnap,saf-snap,safs-nap
safsnom,saf-snom,safs-nom
safspin,saf-spin,safs-pin
safspib,saf-spib,safs-pib
safspit,saf-spit,safs-pit
safspik,saf-spik,safs-pik
safspis,saf-spis,safs-pis
safspix,saf-spix,safs-pix
safspiC,saf-spiC,safs-piC
safspan,saf-span,safs-pan
safspak,saf-spak,safs-pak
safspas,saf-spas,safs-pas
safspof,saf-spof,safs-pof
safspum,saf-spum,safs-pum
safspug,saf-spug,safs-pug
safspus,saf-spus,safs-pus
safspul,saf-spul,safs-pul
safstef,saf-stef,safs-tef
safstab,saf-stab,safs-tab
safstat,saf-stat,safs-tat
safstal,saf-stal,safs-tal
safstoj,saf-stoj,safs-toj
safstud,saf-stud,safs-tud
safstup,saf-stup,safs-tup
safskim,saf-skim,safs-kim
safskib,saf-skib,safs-kib
safskig,saf-skig,safs-kig
safskit,saf-skit,safs-kit
safskis,saf-skis,safs-kis
safskif,saf-skif,safs-kif
safskix,saf-skix,safs-kix
safskiC,saf-skiC,safs-kiC
safskad,saf-skad,safs-kad
safskag,saf-skag,safs-kag
safskap,saf-skap,safs-kap
safskas,saf-skas,safs-kas
safskaf,saf-skaf,safs-kaf
safskax,saf-skax,safs-kax
safskaC,saf-skaC,safs-kaC
safskal,saf-skal,safs-kal
safskoq,saf-skoq,safs-koq
safskud,saf-skud,safs-kud
safskug,saf-skug,safs-kug
safskup,saf-skup,safs-kup
safskuz,saf-skuz,safs-kuz
safskuf,saf-skuf,safs-kuf
safskux,saf-skux,safs-kux
safskul,saf-skul,safs-kul
safsfim,saf-sfim,safs-fim
safsfib,saf-sfib,safs-fib
safsfit,saf-sfit,safs-fit
safsfis,saf-sfis,safs-fis
safsfif,saf-sfif,safs-fif
safsfix,saf-sfix,safs-fix
safsfiC,saf-sfiC,safs-fiC
safsfam,saf-sfam,safs-fam
safsfab,saf-sfab,safs-fab
safsfag,saf-sfag,safs-fag
safsfat,saf-sfat,safs-fat
safsfaf,saf-sfaf,safs-faf
safsfax,saf-sfax,safs-fax
safsfaC,saf-sfaC,safs-faC
safsfal,saf-sfal,safs-fal
safsfum,saf-sfum,safs-fum
safsfub,saf-sfub,safs-fub
safsfug,saf-sfug,safs-fug
safsfut,saf-sfut,safs-fut
safsfus,saf-sfus,safs-fus
safsfuf,saf-sfuf,safs-fuf
safsfux,saf-sfux,safs-fux
safsfuC,saf-sfuC,safs-fuC
safsvik,saf-svik,safs-vik
safsvas,saf-svas,safs-vas
safsvur,saf-svur,safs-vur
safslim,saf-slim,safs-lim
safslid,saf-slid,safs-lid
safslig,saf-slig,safs-lig
safslip,saf-slip,safs-lip
safslis,saf-slis,safs-lis
safslif,saf-slif,safs-lif
safslix,saf-slix,safs-lix
safsliC,saf-sliC,safs-liC
safslad,saf-slad,safs-lad
safslag,saf-slag,safs-lag
safslap,saf-slap,safs-lap
safslas,saf-slas,safs-las
safslaf,saf-slaf,safs-laf
safslax,saf-slax,safs-lax
safslaC,saf-slaC,safs-laC
safslal,saf-slal,safs-lal
safslom,saf-slom,safs-lom
safslud,saf-slud,safs-lud
safslug,saf-slug,safs-lug
safslup,saf-slup,safs-lup
safslus,saf-slus,safs-lus
safsluf,saf-sluf,safs-luf
safslux,saf-slux,safs-lux
safsluC,saf-sluC,safs-luC
safslur,saf-slur,safs-lur
saxtxal,sax-txal,saxt-xal
saxtxum,sax-txum,saxt-xum
saxtrin,sax-trin,saxt-rin
saxtrik,sax-trik,saxt-rik
saxtris,sax-tris,saxt-ris
saxtrif,sax-trif,saxt-rif
saxtriC,sax-triC,saxt-riC
saxtret,sax-tret,saxt-ret
saxtrab,sax-trab,saxt-rab
saxtrag,sax-trag,saxt-rag
saxtras,sax-tras,saxt-ras
saxtraf,sax-traf,saxt-raf
saxtraC,sax-traC,saxt-raC
saxtral,sax-tral,saxt-ral
saxtrot,sax-trot,saxt-rot
saxtrum,sax-trum,saxt-rum
saxtrub,sax-trub,saxt-rub
saxtrug,sax-trug,saxt-rug
saxtrus,sax-trus,saxt-rus
saxtruf,sax-truf,saxt-ruf
saxtrux,sax-trux,saxt-rux
saxtruC,sax-truC,saxt-ruC
saxtrul,sax-trul,saxt-rul
salksim,sal-ksim,salk-sim
salksib,sal-ksib,salk-sib
salksig,sal-ksig,salk-sig
salksit,sal-ksit,salk-sit
salksis,sal-ksis,salk-sis
salksif,sal-ksif,salk-sif
salksix,sal-ksix,salk-six
salksiC,sal-ksiC,salk-siC
salksam,sal-ksam,salk-sam
salksab,sal-ksab,salk-sab
salksag,sal-ksag,salk-sag
salksat,sal-ksat,salk-sat
salksas,sal-ksas,salk-sas
salksaf,sal-ksaf,salk-saf
salksax,sal-ksax,salk-sax
salksaC,sal-ksaC,salk-saC
salksal,sal-ksal,salk-sal
salksum,sal-ksum,salk-sum
salksub,sal-ksub,salk-sub
salksug,sal-ksug,salk-sug
salksut,sal-ksut,salk-sut
salksus,sal-ksus,salk-sus
salksuf,sal-ksuf,salk-suf
salksux,sal-ksux,salk-sux
salksuC,sal-ksuC,salk-suC
salksul,sal-ksul,salk-sul
salklek,sal-klek,salk-lek
salkloz,sal-kloz,salk-loz
salsmin,sal-smin,sals-min
salsmib,sal-smib,sals-mib
salsmit,sal-smit,sals-mit
salsmis,sal-smis,sals-mis
salsmix,sal-smix,sals-mix
salsmiC,sal-smiC,sals-miC
salsmek,sal-smek,sals-mek
salsmad,sal-smad,sals-mad
salsmas,sal-smas,sals-mas
salsmaf,sal-smaf,sals-maf
salsmax,sal-smax,sals-max
salsmaC,sal-smaC,sals-maC
salsmal,sal-smal,sals-mal
salsmok,sal-smok,sals-mok
salsmub,sal-smub,sals-mub
salsmut,sal-smut,sals-mut
salsmus,sal-smus,sals-mus
salsmuf,sal-smuf,sals-muf
salsmux,sal-smux,sals-mux
salsmuC,sal-smuC,sals-muC
salsmul,sal-smul,sals-mul
salsnif,sal-snif,sals-nif
salsnap,sal-snap,sals-nap
salsnom,sal-snom,sals-nom
salspin,sal-spin,sals-pin
salspib,sal-spib,sals-pib
salspit,sal-spit,sals-pit
salspik,sal-spik,sals-pik
salspis,sal-spis,sals-pis
salspix,sal-spix,sals-pix
salspiC,sal-spiC,sals-piC
salspan,sal-span,sals-pan
salspak,sal-spak,sals-pak
salspas,sal-spas,sals-pas
salspof,sal-spof,sals-pof
salspum,sal-spum,sals-pum
salspug,sal-spug,sals-pug
salspus,sal-spus,sals-pus
salspul,sal-spul,sals-pul
salstef,sal-stef,sals-tef
salstab,sal-stab,sals-tab
salstat,sal-stat,sals-tat
salstal,sal-stal,sals-tal
salstoj,sal-stoj,sals-toj
salstud,sal-stud,sals-tud
salstup,sal-stup,sals-tup
salskim,sal-skim,sals-kim
salskib,sal-skib,sals-kib
salskig,sal-skig,sals-kig
salskit,sal-skit,sals-kit
salskis,sal-skis,sals-kis
salskif,sal-skif,sals-kif
salskix,sal-skix,sals-kix
salskiC,sal-skiC,sals-kiC
salskad,sal-skad,sals-kad
salskag,sal-skag,sals-kag
salskap,sal-skap,sals-kap
salskas,sal-skas,sals-kas
salskaf,sal-skaf,sals-kaf
salskax,sal-skax,sals-kax
salskaC,sal-skaC,sals-kaC
salskal,sal-skal,sals-kal
salskoq,sal-skoq,sals-koq
salskud,sal-skud,sals-kud
salskug,sal-skug,sals-kug
salskup,sal-skup,sals-kup
salskuz,sal-skuz,sals-kuz
salskuf,sal-skuf,sals-kuf
salskux,sal-skux,sals-kux
salskul,sal-skul,sals-kul
salsfim,sal-sfim,sals-fim
salsfib,sal-sfib,sals-fib
salsfit,sal-sfit,sals-fit
salsfis,sal-sfis,sals-fis
salsfif,sal-sfif,sals-fif
salsfix,sal-sfix,sals-fix
salsfiC,sal-sfiC,sals-fiC
salsfam,sal-sfam,sals-fam
salsfab,sal-sfab,sals-fab
salsfag,sal-sfag,sals-fag
salsfat,sal-sfat,sals-fat
salsfaf,sal-sfaf,sals-faf
salsfax,sal-sfax,sals-fax
salsfaC,sal-sfaC,sals-faC
salsfal,sal-sfal,sals-fal
salsfum,sal-sfum,sals-fum
salsfub,sal-sfub,sals-fub
salsfug,sal-sfug,sals-fug
salsfut,sal-sfut,sals-fut
salsfus,sal-sfus,sals-fus
salsfuf,sal-sfuf,sals-fuf
salsfux,sal-sfux,sals-fux
salsfuC,sal-sfuC,sals-fuC
salsvik,sal-svik,sals-vik
salsvas,sal-svas,sals-vas
salsvur,sal-svur,sals-vur
salslim,sal-slim,sals-lim
salslid,sal-slid,sals-lid
salslig,sal-slig,sals-lig
salslip,sal-slip,sals-lip
salslis,sal-slis,sals-lis
salslif,sal-slif,sals-lif
salslix,sal-slix,sals-lix
salsliC,sal-sliC,sals-liC
salslad,sal-slad,sals-lad
salslag,sal-slag,sals-lag
salslap,sal-slap,sals-lap
salslas,sal-slas,sals-las
salslaf,sal-slaf,sals-laf
salslax,sal-slax,sals-lax
salslaC,sal-slaC,sals-laC
salslal,sal-slal,sals-lal
salslom,sal-slom,sals-lom
salslud,sal-slud,sals-lud
salslug,sal-slug,sals-lug
salslup,sal-slup,sals-lup
salslus,sal-slus,sals-lus
salsluf,sal-sluf,sals-luf
salslux,sal-slux,sals-lux
salsluC,sal-sluC,sals-luC
salslur,sal-slur,sals-lur
sardjin,sar-djin,sard-jin
sardjid,sar-djid,sard-jid
sardjip,sar-djip,sard-jip
sardjiz,sar-djiz,sard-jiz
sardjif,sar-djif,sard-jif
sardjix,sar-djix,sard-jix
sardjek,sar-djek,sard-jek
sardjam,sar-djam,sard-jam
sardjab,sar-djab,sard-jab
sardjat,sar-djat,sard-jat
sardjas,sar-djas,sard-jas
sardjaf,sar-djaf,sard-jaf
sardjax,sar-djax,sard-jax
sardjaC,sar-djaC,sard-jaC
sardjok,sar-djok,sard-jok
sardjud,sar-djud,sard-jud
sardjup,sar-djup,sard-jup
sardjus,sar-djus,sard-jus
sardjuf,sar-djuf,sard-juf
sardjux,sar-djux,sard-jux
sardjuC,sar-djuC,sard-juC
sardjul,sar-djul,sard-jul
sardrib,sar-drib,sard-rib
sardrix,sar-drix,sard-rix
sardram,sar-dram,sard-ram
sardrax,sar-drax,sard-rax
somdjin,som-djin,somd-jin
somdjid,som-djid,somd-jid
somdjip,som-djip,somd-jip
somdjiz,som-djiz,somd-jiz
somdjif,som-djif,somd-jif
somdjix,som-djix,somd-jix
somdjek,som-djek,somd-jek
somdjam,som-djam,somd-jam
somdjab,som-djab,somd-jab
somdjat,som-djat,somd-jat
somdjas,som-djas,somd-jas
somdjaf,som-djaf,somd-jaf
somdjax,som-djax,somd-jax
somdjaC,som-djaC,somd-jaC
somdjok,som-djok,somd-jok
somdjud,som-djud,somd-jud
somdjup,som-djup,somd-jup
somdjus,som-djus,somd-jus
somdjuf,som-djuf,somd-juf
somdjux,som-djux,somd-jux
somdjuC,som-djuC,somd-juC
somdjul,som-djul,somd-jul
somdrib,som-drib,somd-rib
somdrix,som-drix,somd-rix
somdram,som-dram,somd-ram
somdrax,som-drax,somd-rax
somplib,som-plib,somp-lib
somplix,som-plix,somp-lix
somplan,som-plan,somp-lan
somplax,som-plax,somp-lax
sotsmin,sot-smin,sots-min
sotsmib,sot-smib,sots-mib
sotsmit,sot-smit,sots-mit
sotsmis,sot-smis,sots-mis
sotsmix,sot-smix,sots-mix
sotsmiC,sot-smiC,sots-miC
sotsmek,sot-smek,sots-mek
sotsmad,sot-smad,sots-mad
sotsmas,sot-smas,sots-mas
sotsmaf,sot-smaf,sots-maf
sotsmax,sot-smax,sots-max
sotsmaC,sot-smaC,sots-maC
sotsmal,sot-smal,sots-mal
sotsmok,sot-smok,sots-mok
sotsmub,sot-smub,sots-mub
sotsmut,sot-smut,sots-mut
sotsmus,sot-smus,sots-mus
sotsmuf,sot-smuf,sots-muf
sotsmux,sot-smux,sots-mux
sotsmuC,sot-smuC,sots-muC
sotsmul,sot-smul,sots-mul
sotsnif,sot-snif,sots-nif
sotsnap,sot-snap,sots-nap
sotsnom,sot-snom,sots-nom
sotspin,sot-spin,sots-pin
sotspib,sot-spib,sots-pib
sotspit,sot-spit,sots-pit
sotspik,sot-spik,sots-pik
sotspis,sot-spis,sots-pis
sotspix,sot-spix,sots-pix
sotspiC,sot-spiC,sots-piC
sotspan,sot-span,sots-pan
sotspak,sot-spak,sots-pak
sotspas,sot-spas,sots-pas
sotspof,sot-spof,sots-pof
sotspum,sot-spum,sots-pum
sotspug,sot-spug,sots-pug
sotspus,sot-spus,sots-pus
sotspul,sot-spul,sots-pul
sotstef,sot-stef,sots-tef
sotstab,sot-stab,sots-tab
sotstat,sot-stat,sots-tat
sotstal,sot-stal,sots-tal
sotstoj,sot-stoj,sots-toj
sotstud,sot-stud,sots-tud
sotstup,sot-stup,sots-tup
sotskim,sot-skim,sots-kim
sotskib,sot-skib,sots-kib
sotskig,sot-skig,sots-kig
sotskit,sot-skit,sots-kit
sotskis,sot-skis,sots-kis
sotskif,sot-skif,sots-kif
sotskix,sot-skix,sots-kix
sotskiC,sot-skiC,sots-kiC
sotskad,sot-skad,sots-kad
sotskag,sot-skag,sots-kag
sotskap,sot-skap,sots-kap
sotskas,sot-skas,sots-kas
sotskaf,sot-skaf,sots-kaf
sotskax,sot-skax,sots-kax
sotskaC,sot-skaC,sots-kaC
sotskal,sot-skal,sots-kal
sotskoq,sot-skoq,sots-koq
sotskud,sot-skud,sots-kud
sotskug,sot-skug,sots-kug
sotskup,sot-skup,sots-kup
sotskuz,sot-skuz,sots-kuz
sotskuf,sot-skuf,sots-kuf
sotskux,sot-skux,sots-kux
sotskul,sot-skul,sots-kul
sotsfim,sot-sfim,sots-fim
sotsfib,sot-sfib,sots-fib
sotsfit,sot-sfit,sots-fit
sotsfis,sot-sfis,sots-fis
sotsfif,sot-sfif,sots-fif
sotsfix,sot-sfix,sots-fix
sotsfiC,sot-sfiC,sots-fiC
sotsfam,sot-sfam,sots-fam
sotsfab,sot-sfab,sots-fab
sotsfag,sot-sfag,sots-fag
sotsfat,sot-sfat,sots-fat
sotsfaf,sot-sfaf,sots-faf
sotsfax,sot-sfax,sots-fax
sotsfaC,sot-sfaC,sots-faC
sotsfal,sot-sfal,sots-fal
sotsfum,sot-sfum,sots-fum
sotsfub,sot-sfub,sots-fub
sotsfug,sot-sfug,sots-fug
sotsfut,sot-sfut,sots-fut
sotsfus,sot-sfus,sots-fus
sotsfuf,sot-sfuf,sots-fuf
sotsfux,sot-sfux,sots-fux
sotsfuC,sot-sfuC,sots-fuC
sotsvik,sot-svik,sots-vik
sotsvas,sot-svas,sots-vas
sotsvur,sot-svur,sots-vur
sotslim,sot-slim,sots-lim
sotslid,sot-slid,sots-lid
sotslig,sot-slig,sots-lig
sotslip,sot-slip,sots-lip
sotslis,sot-slis,sots-lis
sotslif,sot-slif,sots-lif
sotslix,sot-slix,sots-lix
sotsliC,sot-sliC,sots-liC
sotslad,sot-slad,sots-lad
sotslag,sot-slag,sots-lag
sotslap,sot-slap,sots-lap
sotslas,sot-slas,sots-las
sotslaf,sot-slaf,sots-laf
sotslax,sot-slax,sots-lax
sotslaC,sot-slaC,sots-laC
sotslal,sot-slal,sots-lal
sotslom,sot-slom,sots-lom
sotslud,sot-slud,sots-lud
sotslug,sot-slug,sots-lug
sotslup,sot-slup,sots-lup
sotslus,sot-slus,sots-lus
sotsluf,sot-sluf,sots-luf
sotslux,sot-slux,sots-lux
sotsluC,sot-sluC,sots-luC
sotslur,sot-slur,sots-lur
solplib,sol-plib,solp-lib
solplix,sol-plix,solp-lix
solplan,sol-plan,solp-lan
solplax,sol-plax,solp-lax
sorflid,sor-flid,sorf-lid
sorflip,sor-flip,sorf-lip
sorflif,sor-flif,sorf-lif
sorflem,sor-flem,sorf-lem
sorflek,sor-flek,sorf-lek
sorfleC,sor-fleC,sorf-leC
sorflad,sor-flad,sorf-lad
sorflap,sor-flap,sorf-lap
sorflaf,sor-flaf,sorf-laf
sorflax,sor-flax,sorf-lax
sorflom,sor-flom,sorf-lom
sorflok,sor-flok,sorf-lok
sorflor,sor-flor,sorf-lor
sorflud,sor-flud,sorf-lud
sorflup,sor-flup,sorf-lup
sorfluz,sor-fluz,sorf-luz
sorfluf,sor-fluf,sorf-luf
sorflux,sor-flux,sorf-lux
sorfris,sor-fris,sorf-ris
sorfrix,sor-frix,sorf-rix
sorfras,sor-fras,sorf-ras
supflid,sup-flid,supf-lid
supflip,sup-flip,supf-lip
supflif,sup-flif,supf-lif
supflem,sup-flem,supf-lem
supflek,sup-flek,supf-lek
supfleC,sup-fleC,supf-leC
supflad,sup-flad,supf-lad
supflap,sup-flap,supf-lap
supflaf,sup-flaf,supf-laf
supflax,sup-flax,supf-lax
supflom,sup-flom,supf-lom
supflok,sup-flok,supf-lok
supflor,sup-flor,supf-lor
supflud,sup-flud,supf-lud
supflup,sup-flup,supf-lup
supfluz,sup-fluz,supf-luz
supfluf,sup-fluf,supf-luf
supflux,sup-flux,supf-lux
supfris,sup-fris,supf-ris
supfrix,sup-frix,supf-rix
supfras,sup-fras,supf-ras
sutxnim,sut-xnim,sutx-nim
sutxnib,sut-xnib,sutx-nib
sutxnig,sut-xnig,sutx-nig
sutxnit,sut-xnit,sutx-nit
sutxnis,sut-xnis,sutx-nis
sutxnif,sut-xnif,sutx-nif
sutxnix,sut-xnix,sutx-nix
sutxniC,sut-xniC,sutx-niC
sutxnam,sut-xnam,sutx-nam
sutxnab,sut-xnab,sutx-nab
sutxnag,sut-xnag,sutx-nag
sutxnat,sut-xnat,sutx-nat
sutxnas,sut-xnas,sutx-nas
sutxnaf,sut-xnaf,sutx-naf
sutxnax,sut-xnax,sutx-nax
sutxnaC,sut-xnaC,sutx-naC
sutxnal,sut-xnal,sutx-nal
sutxnum,sut-xnum,sutx-num
sutxnub,sut-xnub,sutx-nub
sutxnug,sut-xnug,sutx-nug
sutxnut,sut-xnut,sutx-nut
sutxnus,sut-xnus,sutx-nus
sutxnuf,sut-xnuf,sutx-nuf
sutxnux,sut-xnux,sutx-nux
sutxnuC,sut-xnuC,sutx-nuC
sutxnul,sut-xnul,sutx-nul
sutxkim,sut-xkim,sutx-kim
sutxkib,sut-xkib,sutx-kib
sutxkig,sut-xkig,sutx-kig
sutxkit,sut-xkit,sutx-kit
sutxkis,sut-xkis,sutx-kis
sutxkif,sut-xkif,sutx-kif
sutxkix,sut-xkix,sutx-kix
sutxkiC,sut-xkiC,sutx-kiC
sutxkam,sut-xkam,sutx-kam
sutxkab,sut-xkab,sutx-kab
sutxkag,sut-xkag,sutx-kag
sutxkat,sut-xkat,sutx-kat
sutxkas,sut-xkas,sutx-kas
sutxkaf,sut-xkaf,sutx-kaf
sutxkax,sut-xkax,sutx-kax
sutxkaC,sut-xkaC,sutx-kaC
sutxkal,sut-xkal,sutx-kal
sutxkum,sut-xkum,sutx-kum
sutxkub,sut-xkub,sutx-kub
sutxkug,sut-xkug,sutx-kug
sutxkut,sut-xkut,sutx-kut
sutxkus,sut-xkus,sutx-kus
sutxkuf,sut-xkuf,sutx-kuf
sutxkux,sut-xkux,sutx-kux
sutxkuC,sut-xkuC,sutx-kuC
sutxkul,sut-xkul,sutx-kul
sutxlim,sut-xlim,sutx-lim
sutxlib,sut-xlib,sutx-lib
sutxlit,sut-xlit,sutx-lit
sutxlik,sut-xlik,sutx-lik
sutxlis,sut-xlis,sutx-lis
sutxlif,sut-xlif,sutx-lif
sutxlix,sut-xlix,sutx-lix
sutxliC,sut-xliC,sutx-liC
sutxlam,sut-xlam,sutx-lam
sutxlab,sut-xlab,sutx-lab
sutxlag,sut-xlag,sutx-lag
sutxlat,sut-xlat,sutx-lat
sutxlas,sut-xlas,sutx-las
sutxlav,sut-xlav,sutx-lav
sutxlax,sut-xlax,sutx-lax
sutxlal,sut-xlal,sutx-lal
sutxlum,sut-xlum,sutx-lum
sutxlub,sut-xlub,sutx-lub
sutxlug,sut-xlug,sutx-lug
sutxlut,sut-xlut,sutx-lut
sutxlus,sut-xlus,sutx-lus
sutxluf,sut-xluf,sutx-luf
sutxlux,sut-xlux,sutx-lux
sutxluC,sut-xluC,sutx-luC
sutxlul,sut-xlul,sutx-lul
sukxnim,suk-xnim,sukx-nim
sukxnib,suk-xnib,sukx-nib
sukxnig,suk-xnig,sukx-nig
sukxnit,suk-xnit,sukx-nit
sukxnis,suk-xnis,sukx-nis
sukxnif,suk-xnif,sukx-nif
sukxnix,suk-xnix,sukx-nix
sukxniC,suk-xniC,sukx-niC
sukxnam,suk-xnam,sukx-nam
sukxnab,suk-xnab,sukx-nab
sukxnag,suk-xnag,sukx-nag
sukxnat,suk-xnat,sukx-nat
sukxnas,suk-xnas,sukx-nas
sukxnaf,suk-xnaf,sukx-naf
sukxnax,suk-xnax,sukx-nax
sukxnaC,suk-xnaC,sukx-naC
sukxnal,suk-xnal,sukx-nal
sukxnum,suk-xnum,sukx-num
sukxnub,suk-xnub,sukx-nub
sukxnug,suk-xnug,sukx-nug
sukxnut,suk-xnut,sukx-nut
sukxnus,suk-xnus,sukx-nus
sukxnuf,suk-xnuf,sukx-nuf
sukxnux,suk-xnux,sukx-nux
sukxnuC,suk-xnuC,sukx-nuC
sukxnul,suk-xnul,sukx-nul
sukxkim,suk-xkim,sukx-kim
sukxkib,suk-xkib,sukx-kib
sukxkig,suk-xkig,sukx-kig
sukxkit,suk-xkit,sukx-kit
sukxkis,suk-xkis,sukx-kis
sukxkif,suk-xkif,sukx-kif
sukxkix,suk-xkix,sukx-kix
sukxkiC,suk-xkiC,sukx-kiC
sukxkam,suk-xkam,sukx-kam
sukxkab,suk-xkab,sukx-kab
sukxkag,suk-xkag,sukx-kag
sukxkat,suk-xkat,sukx-kat
sukxkas,suk-xkas,sukx-kas
sukxkaf,suk-xkaf,sukx-kaf
sukxkax,suk-xkax,sukx-kax
sukxkaC,suk-xkaC,sukx-kaC
sukxkal,suk-xkal,sukx-kal
sukxkum,suk-xkum,sukx-kum
sukxkub,suk-xkub,sukx-kub
sukxkug,suk-xkug,sukx-kug
sukxkut,suk-xkut,sukx-kut
sukxkus,suk-xkus,sukx-kus
sukxkuf,suk-xkuf,sukx-kuf
sukxkux,suk-xkux,sukx-kux
sukxkuC,suk-xkuC,sukx-kuC
sukxkul,suk-xkul,sukx-kul
sukxlim,suk-xlim,sukx-lim
sukxlib,suk-xlib,sukx-lib
sukxlit,suk-xlit,sukx-lit
sukxlik,suk-xlik,sukx-lik
sukxlis,suk-xlis,sukx-lis
sukxlif,suk-xlif,sukx-lif
sukxlix,suk-xlix,sukx-lix
sukxliC,suk-xliC,sukx-liC
sukxlam,suk-xlam,sukx-lam
sukxlab,suk-xlab,sukx-lab
sukxlag,suk-xlag,sukx-lag
sukxlat,suk-xlat,sukx-lat
sukxlas,suk-xlas,sukx-las
sukxlav,suk-xlav,sukx-lav
sukxlax,suk-xlax,sukx-lax
sukxlal,suk-xlal,sukx-lal
sukxlum,suk-xlum,sukx-lum
sukxlub,suk-xlub,sukx-lub
sukxlug,suk-xlug,sukx-lug
sukxlut,suk-xlut,sukx-lut
sukxlus,suk-xlus,sukx-lus
sukxluf,suk-xluf,sukx-luf
sukxlux,suk-xlux,sukx-lux
sukxluC,suk-xluC,sukx-luC
sukxlul,suk-xlul,sukx-lul
susplib,sus-plib,susp-lib
susplix,sus-plix,susp-lix
susplan,sus-plan,susp-lan
susplax,sus-plax,susp-lax
susksim,sus-ksim,susk-sim
susksib,sus-ksib,susk-sib
susksig,sus-ksig,susk-sig
susksit,sus-ksit,susk-sit
susksis,sus-ksis,susk-sis
susksif,sus-ksif,susk-sif
susksix,sus-ksix,susk-six
susksiC,sus-ksiC,susk-siC
susksam,sus-ksam,susk-sam
susksab,sus-ksab,susk-sab
susksag,sus-ksag,susk-sag
susksat,sus-ksat,susk-sat
susksas,sus-ksas,susk-sas
susksaf,sus-ksaf,susk-saf
susksax,sus-ksax,susk-sax
susksaC,sus-ksaC,susk-saC
susksal,sus-ksal,susk-sal
susksum,sus-ksum,susk-sum
susksub,sus-ksub,susk-sub
susksug,sus-ksug,susk-sug
susksut,sus-ksut,susk-sut
susksus,sus-ksus,susk-sus
susksuf,sus-ksuf,susk-suf
susksux,sus-ksux,susk-sux
susksuC,sus-ksuC,susk-suC
susksul,sus-ksul,susk-sul
susklek,sus-klek,susk-lek
suskloz,sus-kloz,susk-loz
suftxal,suf-txal,suft-xal
suftxum,suf-txum,suft-xum
suftrin,suf-trin,suft-rin
suftrik,suf-trik,suft-rik
suftris,suf-tris,suft-ris
suftrif,suf-trif,suft-rif
suftriC,suf-triC,suft-riC
suftret,suf-tret,suft-ret
suftrab,suf-trab,suft-rab
suftrag,suf-trag,suft-rag
suftras,suf-tras,suft-ras
suftraf,suf-traf,suft-raf
suftraC,suf-traC,suft-raC
suftral,suf-tral,suft-ral
suftrot,suf-trot,suft-rot
suftrum,suf-trum,suft-rum
suftrub,suf-trub,suft-rub
suftrug,suf-trug,suft-rug
suftrus,suf-trus,suft-rus
suftruf,suf-truf,suft-ruf
suftrux,suf-trux,suft-rux
suftruC,suf-truC,suft-ruC
suftrul,suf-trul,suft-rul
sufsmin,suf-smin,sufs-min
sufsmib,suf-smib,sufs-mib
sufsmit,suf-smit,sufs-mit
sufsmis,suf-smis,sufs-mis
sufsmix,suf-smix,sufs-mix
sufsmiC,suf-smiC,sufs-miC
sufsmek,suf-smek,sufs-mek
sufsmad,suf-smad,sufs-mad
sufsmas,suf-smas,sufs-mas
sufsmaf,suf-smaf,sufs-maf
sufsmax,suf-smax,sufs-max
sufsmaC,suf-smaC,sufs-maC
sufsmal,suf-smal,sufs-mal
sufsmok,suf-smok,sufs-mok
sufsmub,suf-smub,sufs-mub
sufsmut,suf-smut,sufs-mut
sufsmus,suf-smus,sufs-mus
sufsmuf,suf-smuf,sufs-muf
sufsmux,suf-smux,sufs-mux
sufsmuC,suf-smuC,sufs-muC
sufsmul,suf-smul,sufs-mul
sufsnif,suf-snif,sufs-nif
sufsnap,suf-snap,sufs-nap
sufsnom,suf-snom,sufs-nom
sufspin,suf-spin,sufs-pin
sufspib,suf-spib,sufs-pib
sufspit,suf-spit,sufs-pit
sufspik,suf-spik,sufs-pik
sufspis,suf-spis,sufs-pis
sufspix,suf-spix,sufs-pix
sufspiC,suf-spiC,sufs-piC
sufspan,suf-span,sufs-pan
sufspak,suf-spak,sufs-pak
sufspas,suf-spas,sufs-pas
sufspof,suf-spof,sufs-pof
sufspum,suf-spum,sufs-pum
sufspug,suf-spug,sufs-pug
sufspus,suf-spus,sufs-pus
sufspul,suf-spul,sufs-pul
sufstef,suf-stef,sufs-tef
sufstab,suf-stab,sufs-tab
sufstat,suf-stat,sufs-tat
sufstal,suf-stal,sufs-tal
sufstoj,suf-stoj,sufs-toj
sufstud,suf-stud,sufs-tud
sufstup,suf-stup,sufs-tup
sufskim,suf-skim,sufs-kim
sufskib,suf-skib,sufs-kib
sufskig,suf-skig,sufs-kig
sufskit,suf-skit,sufs-kit
sufskis,suf-skis,sufs-kis
sufskif,suf-skif,sufs-kif
sufskix,suf-skix,sufs-kix
sufskiC,suf-skiC,sufs-kiC
sufskad,suf-skad,sufs-kad
sufskag,suf-skag,sufs-kag
sufskap,suf-skap,sufs-kap
sufskas,suf-skas,sufs-kas
sufskaf,suf-skaf,sufs-kaf
sufskax,suf-skax,sufs-kax
sufskaC,suf-skaC,sufs-kaC
sufskal,suf-skal,sufs-kal
sufskoq,suf-skoq,sufs-koq
sufskud,suf-skud,sufs-kud
sufskug,suf-skug,sufs-kug
sufskup,suf-skup,sufs-kup
sufskuz,suf-skuz,sufs-kuz
sufskuf,suf-skuf,sufs-kuf
sufskux,suf-skux,sufs-kux
sufskul,suf-skul,sufs-kul
sufsfim,suf-sfim,sufs-fim
sufsfib,suf-sfib,sufs-fib
sufsfit,suf-sfit,sufs-fit
sufsfis,suf-sfis,sufs-fis
sufsfif,suf-sfif,sufs-fif
sufsfix,suf-sfix,sufs-fix
sufsfiC,suf-sfiC,sufs-fiC
sufsfam,suf-sfam,sufs-fam
sufsfab,suf-sfab,sufs-fab
sufsfag,suf-sfag,sufs-fag
sufsfat,suf-sfat,sufs-fat
sufsfaf,suf-sfaf,sufs-faf
sufsfax,suf-sfax,sufs-fax
sufsfaC,suf-sfaC,sufs-faC
sufsfal,suf-sfal,sufs-fal
sufsfum,suf-sfum,sufs-fum
sufsfub,suf-sfub,sufs-fub
sufsfug,suf-sfug,sufs-fug
sufsfut,suf-sfut,sufs-fut
sufsfus,suf-sfus,sufs-fus
sufsfuf,suf-sfuf,sufs-fuf
sufsfux,suf-sfux,sufs-fux
sufsfuC,suf-sfuC,sufs-fuC
sufsvik,suf-svik,sufs-vik
sufsvas,suf-svas,sufs-vas
sufsvur,suf-svur,sufs-vur
sufslim,suf-slim,sufs-lim
sufslid,suf-slid,sufs-lid
sufslig,suf-slig,sufs-lig
sufslip,suf-slip,sufs-lip
sufslis,suf-slis,sufs-lis
sufslif,suf-slif,sufs-lif
sufslix,suf-slix,sufs-lix
sufsliC,suf-sliC,sufs-liC
sufslad,suf-slad,sufs-lad
sufslag,suf-slag,sufs-lag
sufslap,suf-slap,sufs-lap
sufslas,suf-slas,sufs-las
sufslaf,suf-slaf,sufs-laf
sufslax,suf-slax,sufs-lax
sufslaC,suf-slaC,sufs-laC
sufslal,suf-slal,sufs-lal
sufslom,suf-slom,sufs-lom
sufslud,suf-slud,sufs-lud
sufslug,suf-slug,sufs-lug
sufslup,suf-slup,sufs-lup
sufslus,suf-slus,sufs-lus
sufsluf,suf-sluf,sufs-luf
sufslux,suf-slux,sufs-lux
sufsluC,suf-sluC,sufs-luC
sufslur,suf-slur,sufs-lur
suxtxal,sux-txal,suxt-xal
suxtxum,sux-txum,suxt-xum
suxtrin,sux-trin,suxt-rin
suxtrik,sux-trik,suxt-rik
suxtris,sux-tris,suxt-ris
suxtrif,sux-trif,suxt-rif
suxtriC,sux-triC,suxt-riC
suxtret,sux-tret,suxt-ret
suxtrab,sux-trab,suxt-rab
suxtrag,sux-trag,suxt-rag
suxtras,sux-tras,suxt-ras
suxtraf,sux-traf,suxt-raf
suxtraC,sux-traC,suxt-raC
suxtral,sux-tral,suxt-ral
suxtrot,sux-trot,suxt-rot
suxtrum,sux-trum,suxt-rum
suxtrub,sux-trub,suxt-rub
suxtrug,sux-trug,suxt-rug
suxtrus,sux-trus,suxt-rus
suxtruf,sux-truf,suxt-ruf
suxtrux,sux-trux,suxt-rux
suxtruC,sux-truC,suxt-ruC
suxtrul,sux-trul,suxt-rul
suldjin,sul-djin,suld-jin
suldjid,sul-djid,suld-jid
suldjip,sul-djip,suld-jip
suldjiz,sul-djiz,suld-jiz
suldjif,sul-djif,suld-jif
suldjix,sul-djix,suld-jix
suldjek,sul-djek,suld-jek
suldjam,sul-djam,suld-jam
suldjab,sul-djab,suld-jab
suldjat,sul-djat,suld-jat
suldjas,sul-djas,suld-jas
suldjaf,sul-djaf,suld-jaf
suldjax,sul-djax,suld-jax
suldjaC,sul-djaC,suld-jaC
suldjok,sul-djok,suld-jok
suldjud,sul-djud,suld-jud
suldjup,sul-djup,suld-jup
suldjus,sul-djus,suld-jus
suldjuf,sul-djuf,suld-juf
suldjux,sul-djux,suld-jux
suldjuC,sul-djuC,suld-juC
suldjul,sul-djul,suld-jul
suldrib,sul-drib,suld-rib
suldrix,sul-drix,suld-rix
suldram,sul-dram,suld-ram
suldrax,sul-drax,suld-rax
sulglip,sul-glip,sulg-lip
sulglix,sul-glix,sulg-lix
sulglen,sul-glen,sulg-len
sulgled,sul-gled,sulg-led
sulglez,sul-glez,sulg-lez
sulglav,sul-glav,sulg-lav
sulglaj,sul-glaj,sulg-laj
sulglob,sul-glob,sulg-lob
sulglot,sul-glot,sulg-lot
sulglok,sul-glok,sulg-lok
sulglor,sul-glor,sulg-lor
sulglux,sul-glux,sulg-lux
sulgriv,sul-griv,sulg-riv
sulgrac,sul-grac,sulg-rac
sulgroq,sul-groq,sulg-roq
sulgruv,sul-gruv,sulg-ruv
sulsmin,sul-smin,suls-min
sulsmib,sul-smib,suls-mib
sulsmit,sul-smit,suls-mit
sulsmis,sul-smis,suls-mis
sulsmix,sul-smix,suls-mix
sulsmiC,sul-smiC,suls-miC
sulsmek,sul-smek,suls-mek
sulsmad,sul-smad,suls-mad
sulsmas,sul-smas,suls-mas
sulsmaf,sul-smaf,suls-maf
sulsmax,sul-smax,suls-max
sulsmaC,sul-smaC,suls-maC
sulsmal,sul-smal,suls-mal
sulsmok,sul-smok,suls-mok
sulsmub,sul-smub,suls-mub
sulsmut,sul-smut,suls-mut
sulsmus,sul-smus,suls-mus
sulsmuf,sul-smuf,suls-muf
sulsmux,sul-smux,suls-mux
sulsmuC,sul-smuC,suls-muC
sulsmul,sul-smul,suls-mul
sulsnif,sul-snif,suls-nif
sulsnap,sul-snap,suls-nap
sulsnom,sul-snom,suls-nom
sulspin,sul-spin,suls-pin
sulspib,sul-spib,suls-pib
sulspit,sul-spit,suls-pit
sulspik,sul-spik,suls-pik
sulspis,sul-spis,suls-pis
sulspix,sul-spix,suls-pix
sulspiC,sul-spiC,suls-piC
sulspan,sul-span,suls-pan
sulspak,sul-spak,suls-pak
sulspas,sul-spas,suls-pas
sulspof,sul-spof,suls-pof
sulspum,sul-spum,suls-pum
sulspug,sul-spug,suls-pug
sulspus,sul-spus,suls-pus
sulspul,sul-spul,suls-pul
sulstef,sul-stef,suls-tef
sulstab,sul-stab,suls-tab
sulstat,sul-stat,suls-tat
sulstal,sul-stal,suls-tal
sulstoj,sul-stoj,suls-toj
sulstud,sul-stud,suls-tud
sulstup,sul-stup,suls-tup
sulskim,sul-skim,suls-kim
sulskib,sul-skib,suls-kib
sulskig,sul-skig,suls-kig
sulskit,sul-skit,suls-kit
sulskis,sul-skis,suls-kis
sulskif,sul-skif,suls-kif
sulskix,sul-skix,suls-kix
sulskiC,sul-skiC,suls-kiC
sulskad,sul-skad,suls-kad
sulskag,sul-skag,suls-kag
sulskap,sul-skap,suls-kap
sulskas,sul-skas,suls-kas
sulskaf,sul-skaf,suls-kaf
sulskax,sul-skax,suls-kax
sulskaC,sul-skaC,suls-kaC
sulskal,sul-skal,suls-kal
sulskoq,sul-skoq,suls-koq
sulskud,sul-skud,suls-kud
sulskug,sul-skug,suls-kug
sulskup,sul-skup,suls-kup
sulskuz,sul-skuz,suls-kuz
sulskuf,sul-skuf,suls-kuf
sulskux,sul-skux,suls-kux
sulskul,sul-skul,suls-kul
sulsfim,sul-sfim,suls-fim
sulsfib,sul-sfib,suls-fib
sulsfit,sul-sfit,suls-fit
sulsfis,sul-sfis,suls-fis
sulsfif,sul-sfif,suls-fif
sulsfix,sul-sfix,suls-fix
sulsfiC,sul-sfiC,suls-fiC
sulsfam,sul-sfam,suls-fam
sulsfab,sul-sfab,suls-fab
sulsfag,sul-sfag,suls-fag
sulsfat,sul-sfat,suls-fat
sulsfaf,sul-sfaf,suls-faf
sulsfax,sul-sfax,suls-fax
sulsfaC,sul-sfaC,suls-faC
sulsfal,sul-sfal,suls-fal
sulsfum,sul-sfum,suls-fum
sulsfub,sul-sfub,suls-fub
sulsfug,sul-sfug,suls-fug
sulsfut,sul-sfut,suls-fut
sulsfus,sul-sfus,suls-fus
sulsfuf,sul-sfuf,suls-fuf
sulsfux,sul-sfux,suls-fux
sulsfuC,sul-sfuC,suls-fuC
sulsvik,sul-svik,suls-vik
sulsvas,sul-svas,suls-vas
sulsvur,sul-svur,suls-vur
sulslim,sul-slim,suls-lim
sulslid,sul-slid,suls-lid
sulslig,sul-slig,suls-lig
sulslip,sul-slip,suls-lip
sulslis,sul-slis,suls-lis
sulslif,sul-slif,suls-lif
sulslix,sul-slix,suls-lix
sulsliC,sul-sliC,suls-liC
sulslad,sul-slad,suls-lad
sulslag,sul-slag,suls-lag
sulslap,sul-slap,suls-lap
sulslas,sul-slas,suls-las
sulslaf,sul-slaf,suls-laf
sulslax,sul-slax,suls-lax
sulslaC,sul-slaC,suls-laC
sulslal,sul-slal,suls-lal
sulslom,sul-slom,suls-lom
sulslud,sul-slud,suls-lud
sulslug,sul-slug,suls-lug
sulslup,sul-slup,suls-lup
sulslus,sul-slus,suls-lus
sulsluf,sul-sluf,suls-luf
sulslux,sul-slux,suls-lux
sulsluC,sul-sluC,suls-luC
sulslur,sul-slur,suls-lur
sulxnim,sul-xnim,sulx-nim
sulxnib,sul-xnib,sulx-nib
sulxnig,sul-xnig,sulx-nig
sulxnit,sul-xnit,sulx-nit
sulxnis,sul-xnis,sulx-nis
sulxnif,sul-xnif,sulx-nif
sulxnix,sul-xnix,sulx-nix
sulxniC,sul-xniC,sulx-niC
sulxnam,sul-xnam,sulx-nam
sulxnab,sul-xnab,sulx-nab
sulxnag,sul-xnag,sulx-nag
sulxnat,sul-xnat,sulx-nat
sulxnas,sul-xnas,sulx-nas
sulxnaf,sul-xnaf,sulx-naf
sulxnax,sul-xnax,sulx-nax
sulxnaC,sul-xnaC,sulx-naC
sulxnal,sul-xnal,sulx-nal
sulxnum,sul-xnum,sulx-num
sulxnub,sul-xnub,sulx-nub
sulxnug,sul-xnug,sulx-nug
sulxnut,sul-xnut,sulx-nut
sulxnus,sul-xnus,sulx-nus
sulxnuf,sul-xnuf,sulx-nuf
sulxnux,sul-xnux,sulx-nux
sulxnuC,sul-xnuC,sulx-nuC
sulxnul,sul-xnul,sulx-nul
sulxkim,sul-xkim,sulx-kim
sulxkib,sul-xkib,sulx-kib
sulxkig,sul-xkig,sulx-kig
sulxkit,sul-xkit,sulx-kit
sulxkis,sul-xkis,sulx-kis
sulxkif,sul-xkif,sulx-kif
sulxkix,sul-xkix,sulx-kix
sulxkiC,sul-xkiC,sulx-kiC
sulxkam,sul-xkam,sulx-kam
sulxkab,sul-xkab,sulx-kab
sulxkag,sul-xkag,sulx-kag
sulxkat,sul-xkat,sulx-kat
sulxkas,sul-xkas,sulx-kas
sulxkaf,sul-xkaf,sulx-kaf
sulxkax,sul-xkax,sulx-kax
sulxkaC,sul-xkaC,sulx-kaC
sulxkal,sul-xkal,sulx-kal
sulxkum,sul-xkum,sulx-kum
sulxkub,sul-xkub,sulx-kub
sulxkug,sul-xkug,sulx-kug
sulxkut,sul-xkut,sulx-kut
sulxkus,sul-xkus,sulx-kus
sulxkuf,sul-xkuf,sulx-kuf
sulxkux,sul-xkux,sulx-kux
sulxkuC,sul-xkuC,sulx-kuC
sulxkul,sul-xkul,sulx-kul
sulxlim,sul-xlim,sulx-lim
sulxlib,sul-xlib,sulx-lib
sulxlit,sul-xlit,sulx-lit
sulxlik,sul-xlik,sulx-lik
sulxlis,sul-xlis,sulx-lis
sulxlif,sul-xlif,sulx-lif
sulxlix,sul-xlix,sulx-lix
sulxliC,sul-xliC,sulx-liC
sulxlam,sul-xlam,sulx-lam
sulxlab,sul-xlab,sulx-lab
sulxlag,sul-xlag,sulx-lag
sulxlat,sul-xlat,sulx-lat
sulxlas,sul-xlas,sulx-las
sulxlav,sul-xlav,sulx-lav
sulxlax,sul-xlax,sulx-lax
sulxlal,sul-xlal,sulx-lal
sulxlum,sul-xlum,sulx-lum
sulxlub,sul-xlub,sulx-lub
sulxlug,sul-xlug,sulx-lug
sulxlut,sul-xlut,sulx-lut
sulxlus,sul-xlus,sulx-lus
sulxluf,sul-xluf,sulx-luf
sulxlux,sul-xlux,sulx-lux
sulxluC,sul-xluC,sulx-luC
sulxlul,sul-xlul,sulx-lul
zitsmin,zit-smin,zits-min
zitsmib,zit-smib,zits-mib
zitsmit,zit-smit,zits-mit
zitsmis,zit-smis,zits-mis
zitsmix,zit-smix,zits-mix
zitsmiC,zit-smiC,zits-miC
zitsmek,zit-smek,zits-mek
zitsmad,zit-smad,zits-mad
zitsmas,zit-smas,zits-mas
zitsmaf,zit-smaf,zits-maf
zitsmax,zit-smax,zits-max
zitsmaC,zit-smaC,zits-maC
zitsmal,zit-smal,zits-mal
zitsmok,zit-smok,zits-mok
zitsmub,zit-smub,zits-mub
zitsmut,zit-smut,zits-mut
zitsmus,zit-smus,zits-mus
zitsmuf,zit-smuf,zits-muf
zitsmux,zit-smux,zits-mux
zitsmuC,zit-smuC,zits-muC
zitsmul,zit-smul,zits-mul
zitsnif,zit-snif,zits-nif
zitsnap,zit-snap,zits-nap
zitsnom,zit-snom,zits-nom
zitspin,zit-spin,zits-pin
zitspib,zit-spib,zits-pib
zitspit,zit-spit,zits-pit
zitspik,zit-spik,zits-pik
zitspis,zit-spis,zits-pis
zitspix,zit-spix,zits-pix
zitspiC,zit-spiC,zits-piC
zitspan,zit-span,zits-pan
zitspak,zit-spak,zits-pak
zitspas,zit-spas,zits-pas
zitspof,zit-spof,zits-pof
zitspum,zit-spum,zits-pum
zitspug,zit-spug,zits-pug
zitspus,zit-spus,zits-pus
zitspul,zit-spul,zits-pul
zitstef,zit-stef,zits-tef
zitstab,zit-stab,zits-tab
zitstat,zit-stat,zits-tat
zitstal,zit-stal,zits-tal
zitstoj,zit-stoj,zits-toj
zitstud,zit-stud,zits-tud
zitstup,zit-stup,zits-tup
zitskim,zit-skim,zits-kim
zitskib,zit-skib,zits-kib
zitskig,zit-skig,zits-kig
zitskit,zit-skit,zits-kit
zitskis,zit-skis,zits-kis
zitskif,zit-skif,zits-kif
zitskix,zit-skix,zits-kix
zitskiC,zit-skiC,zits-kiC
zitskad,zit-skad,zits-kad
zitskag,zit-skag,zits-kag
zitskap,zit-skap,zits-kap
zitskas,zit-skas,zits-kas
zitskaf,zit-skaf,zits-kaf
zitskax,zit-skax,zits-kax
zitskaC,zit-skaC,zits-kaC
zitskal,zit-skal,zits-kal
zitskoq,zit-skoq,zits-koq
zitskud,zit-skud,zits-kud
zitskug,zit-skug,zits-kug
zitskup,zit-skup,zits-kup
zitskuz,zit-skuz,zits-kuz
zitskuf,zit-skuf,zits-kuf
zitskux,zit-skux,zits-kux
zitskul,zit-skul,zits-kul
zitsfim,zit-sfim,zits-fim
zitsfib,zit-sfib,zits-fib
zitsfit,zit-sfit,zits-fit
zitsfis,zit-sfis,zits-fis
zitsfif,zit-sfif,zits-fif
zitsfix,zit-sfix,zits-fix
zitsfiC,zit-sfiC,zits-fiC
zitsfam,zit-sfam,zits-fam
zitsfab,zit-sfab,zits-fab
zitsfag,zit-sfag,zits-fag
zitsfat,zit-sfat,zits-fat
zitsfaf,zit-sfaf,zits-faf
zitsfax,zit-sfax,zits-fax
zitsfaC,zit-sfaC,zits-faC
zitsfal,zit-sfal,zits-fal
zitsfum,zit-sfum,zits-fum
zitsfub,zit-sfub,zits-fub
zitsfug,zit-sfug,zits-fug
zitsfut,zit-sfut,zits-fut
zitsfus,zit-sfus,zits-fus
zitsfuf,zit-sfuf,zits-fuf
zitsfux,zit-sfux,zits-fux
zitsfuC,zit-sfuC,zits-fuC
zitsvik,zit-svik,zits-vik
zitsvas,zit-svas,zits-vas
zitsvur,zit-svur,zits-vur
zitslim,zit-slim,zits-lim
zitslid,zit-slid,zits-lid
zitslig,zit-slig,zits-lig
zitslip,zit-slip,zits-lip
zitslis,zit-slis,zits-lis
zitslif,zit-slif,zits-lif
zitslix,zit-slix,zits-lix
zitsliC,zit-sliC,zits-liC
zitslad,zit-slad,zits-lad
zitslag,zit-slag,zits-lag
zitslap,zit-slap,zits-lap
zitslas,zit-slas,zits-las
zitslaf,zit-slaf,zits-laf
zitslax,zit-slax,zits-lax
zitslaC,zit-slaC,zits-laC
zitslal,zit-slal,zits-lal
zitslom,zit-slom,zits-lom
zitslud,zit-slud,zits-lud
zitslug,zit-slug,zits-lug
zitslup,zit-slup,zits-lup
zitslus,zit-slus,zits-lus
zitsluf,zit-sluf,zits-luf
zitslux,zit-slux,zits-lux
zitsluC,zit-sluC,zits-luC
zitslur,zit-slur,zits-lur
zistxal,zis-txal,zist-xal
zistxum,zis-txum,zist-xum
zistrin,zis-trin,zist-rin
zistrik,zis-trik,zist-rik
zistris,zis-tris,zist-ris
zistrif,zis-trif,zist-rif
zistriC,zis-triC,zist-riC
zistret,zis-tret,zist-ret
zistrab,zis-trab,zist-rab
zistrag,zis-trag,zist-rag
zistras,zis-tras,zist-ras
zistraf,zis-traf,zist-raf
zistraC,zis-traC,zist-raC
zistral,zis-tral,zist-ral
zistrot,zis-trot,zist-rot
zistrum,zis-trum,zist-rum
zistrub,zis-trub,zist-rub
zistrug,zis-trug,zist-rug
zistrus,zis-trus,zist-rus
zistruf,zis-truf,zist-ruf
zistrux,zis-trux,zist-rux
zistruC,zis-truC,zist-ruC
zistrul,zis-trul,zist-rul
zalxnim,zal-xnim,zalx-nim
zalxnib,zal-xnib,zalx-nib
zalxnig,zal-xnig,zalx-nig
zalxnit,zal-xnit,zalx-nit
zalxnis,zal-xnis,zalx-nis
zalxnif,zal-xnif,zalx-nif
zalxnix,zal-xnix,zalx-nix
zalxniC,zal-xniC,zalx-niC
zalxnam,zal-xnam,zalx-nam
zalxnab,zal-xnab,zalx-nab
zalxnag,zal-xnag,zalx-nag
zalxnat,zal-xnat,zalx-nat
zalxnas,zal-xnas,zalx-nas
zalxnaf,zal-xnaf,zalx-naf
zalxnax,zal-xnax,zalx-nax
zalxnaC,zal-xnaC,zalx-naC
zalxnal,zal-xnal,zalx-nal
zalxnum,zal-xnum,zalx-num
zalxnub,zal-xnub,zalx-nub
zalxnug,zal-xnug,zalx-nug
zalxnut,zal-xnut,zalx-nut
zalxnus,zal-xnus,zalx-nus
zalxnuf,zal-xnuf,zalx-nuf
zalxnux,zal-xnux,zalx-nux
zalxnuC,zal-xnuC,zalx-nuC
zalxnul,zal-xnul,zalx-nul
zalxkim,zal-xkim,zalx-kim
zalxkib,zal-xkib,zalx-kib
zalxkig,zal-xkig,zalx-kig
zalxkit,zal-xkit,zalx-kit
zalxkis,zal-xkis,zalx-kis
zalxkif,zal-xkif,zalx-kif
zalxkix,zal-xkix,zalx-kix
zalxkiC,zal-xkiC,zalx-kiC
zalxkam,zal-xkam,zalx-kam
zalxkab,zal-xkab,zalx-kab
zalxkag,zal-xkag,zalx-kag
zalxkat,zal-xkat,zalx-kat
zalxkas,zal-xkas,zalx-kas
zalxkaf,zal-xkaf,zalx-kaf
zalxkax,zal-xkax,zalx-kax
zalxkaC,zal-xkaC,zalx-kaC
zalxkal,zal-xkal,zalx-kal
zalxkum,zal-xkum,zalx-kum
zalxkub,zal-xkub,zalx-kub
zalxkug,zal-xkug,zalx-kug
zalxkut,zal-xkut,zalx-kut
zalxkus,zal-xkus,zalx-kus
zalxkuf,zal-xkuf,zalx-kuf
zalxkux,zal-xkux,zalx-kux
zalxkuC,zal-xkuC,zalx-kuC
zalxkul,zal-xkul,zalx-kul
zalxlim,zal-xlim,zalx-lim
zalxlib,zal-xlib,zalx-lib
zalxlit,zal-xlit,zalx-lit
zalxlik,zal-xlik,zalx-lik
zalxlis,zal-xlis,zalx-lis
zalxlif,zal-xlif,zalx-lif
zalxlix,zal-xlix,zalx-lix
zalxliC,zal-xliC,zalx-liC
zalxlam,zal-xlam,zalx-lam
zalxlab,zal-xlab,zalx-lab
zalxlag,zal-xlag,zalx-lag
zalxlat,zal-xlat,zalx-lat
zalxlas,zal-xlas,zalx-las
zalxlav,zal-xlav,zalx-lav
zalxlax,zal-xlax,zalx-lax
zalxlal,zal-xlal,zalx-lal
zalxlum,zal-xlum,zalx-lum
zalxlub,zal-xlub,zalx-lub
zalxlug,zal-xlug,zalx-lug
zalxlut,zal-xlut,zalx-lut
zalxlus,zal-xlus,zalx-lus
zalxluf,zal-xluf,zalx-luf
zalxlux,zal-xlux,zalx-lux
zalxluC,zal-xluC,zalx-luC
zalxlul,zal-xlul,zalx-lul
zuqksim,zuq-ksim,zuqk-sim
zuqksib,zuq-ksib,zuqk-sib
zuqksig,zuq-ksig,zuqk-sig
zuqksit,zuq-ksit,zuqk-sit
zuqksis,zuq-ksis,zuqk-sis
zuqksif,zuq-ksif,zuqk-sif
zuqksix,zuq-ksix,zuqk-six
zuqksiC,zuq-ksiC,zuqk-siC
zuqksam,zuq-ksam,zuqk-sam
zuqksab,zuq-ksab,zuqk-sab
zuqksag,zuq-ksag,zuqk-sag
zuqksat,zuq-ksat,zuqk-sat
zuqksas,zuq-ksas,zuqk-sas
zuqksaf,zuq-ksaf,zuqk-saf
zuqksax,zuq-ksax,zuqk-sax
zuqksaC,zuq-ksaC,zuqk-saC
zuqksal,zuq-ksal,zuqk-sal
zuqksum,zuq-ksum,zuqk-sum
zuqksub,zuq-ksub,zuqk-sub
zuqksug,zuq-ksug,zuqk-sug
zuqksut,zuq-ksut,zuqk-sut
zuqksus,zuq-ksus,zuqk-sus
zuqksuf,zuq-ksuf,zuqk-suf
zuqksux,zuq-ksux,zuqk-sux
zuqksuC,zuq-ksuC,zuqk-suC
zuqksul,zuq-ksul,zuqk-sul
zuqklek,zuq-klek,zuqk-lek
zuqkloz,zuq-kloz,zuqk-loz
fiqksim,fiq-ksim,fiqk-sim
fiqksib,fiq-ksib,fiqk-sib
fiqksig,fiq-ksig,fiqk-sig
fiqksit,fiq-ksit,fiqk-sit
fiqksis,fiq-ksis,fiqk-sis
fiqksif,fiq-ksif,fiqk-sif
fiqksix,fiq-ksix,fiqk-six
fiqksiC,fiq-ksiC,fiqk-siC
fiqksam,fiq-ksam,fiqk-sam
fiqksab,fiq-ksab,fiqk-sab
fiqksag,fiq-ksag,fiqk-sag
fiqksat,fiq-ksat,fiqk-sat
fiqksas,fiq-ksas,fiqk-sas
fiqksaf,fiq-ksaf,fiqk-saf
fiqksax,fiq-ksax,fiqk-sax
fiqksaC,fiq-ksaC,fiqk-saC
fiqksal,fiq-ksal,fiqk-sal
fiqksum,fiq-ksum,fiqk-sum
fiqksub,fiq-ksub,fiqk-sub
fiqksug,fiq-ksug,fiqk-sug
fiqksut,fiq-ksut,fiqk-sut
fiqksus,fiq-ksus,fiqk-sus
fiqksuf,fiq-ksuf,fiqk-suf
fiqksux,fiq-ksux,fiqk-sux
fiqksuC,fiq-ksuC,fiqk-suC
fiqksul,fiq-ksul,fiqk-sul
fiqklek,fiq-klek,fiqk-lek
fiqkloz,fiq-kloz,fiqk-loz
fipflid,fip-flid,fipf-lid
fipflip,fip-flip,fipf-lip
fipflif,fip-flif,fipf-lif
fipflem,fip-flem,fipf-lem
fipflek,fip-flek,fipf-lek
fipfleC,fip-fleC,fipf-leC
fipflad,fip-flad,fipf-lad
fipflap,fip-flap,fipf-lap
fipflaf,fip-flaf,fipf-laf
fipflax,fip-flax,fipf-lax
fipflom,fip-flom,fipf-lom
fipflok,fip-flok,fipf-lok
fipflor,fip-flor,fipf-lor
fipflud,fip-flud,fipf-lud
fipflup,fip-flup,fipf-lup
fipfluz,fip-fluz,fipf-luz
fipfluf,fip-fluf,fipf-luf
fipflux,fip-flux,fipf-lux
fipfris,fip-fris,fipf-ris
fipfrix,fip-frix,fipf-rix
fipfras,fip-fras,fipf-ras
fipxnim,fip-xnim,fipx-nim
fipxnib,fip-xnib,fipx-nib
fipxnig,fip-xnig,fipx-nig
fipxnit,fip-xnit,fipx-nit
fipxnis,fip-xnis,fipx-nis
fipxnif,fip-xnif,fipx-nif
fipxnix,fip-xnix,fipx-nix
fipxniC,fip-xniC,fipx-niC
fipxnam,fip-xnam,fipx-nam
fipxnab,fip-xnab,fipx-nab
fipxnag,fip-xnag,fipx-nag
fipxnat,fip-xnat,fipx-nat
fipxnas,fip-xnas,fipx-nas
fipxnaf,fip-xnaf,fipx-naf
fipxnax,fip-xnax,fipx-nax
fipxnaC,fip-xnaC,fipx-naC
fipxnal,fip-xnal,fipx-nal
fipxnum,fip-xnum,fipx-num
fipxnub,fip-xnub,fipx-nub
fipxnug,fip-xnug,fipx-nug
fipxnut,fip-xnut,fipx-nut
fipxnus,fip-xnus,fipx-nus
fipxnuf,fip-xnuf,fipx-nuf
fipxnux,fip-xnux,fipx-nux
fipxnuC,fip-xnuC,fipx-nuC
fipxnul,fip-xnul,fipx-nul
fipxkim,fip-xkim,fipx-kim
fipxkib,fip-xkib,fipx-kib
fipxkig,fip-xkig,fipx-kig
fipxkit,fip-xkit,fipx-kit
fipxkis,fip-xkis,fipx-kis
fipxkif,fip-xkif,fipx-kif
fipxkix,fip-xkix,fipx-kix
fipxkiC,fip-xkiC,fipx-kiC
fipxkam,fip-xkam,fipx-kam
fipxkab,fip-xkab,fipx-kab
fipxkag,fip-xkag,fipx-kag
fipxkat,fip-xkat,fipx-kat
fipxkas,fip-xkas,fipx-kas
fipxkaf,fip-xkaf,fipx-kaf
fipxkax,fip-xkax,fipx-kax
fipxkaC,fip-xkaC,fipx-kaC
fipxkal,fip-xkal,fipx-kal
fipxkum,fip-xkum,fipx-kum
fipxkub,fip-xkub,fipx-kub
fipxkug,fip-xkug,fipx-kug
fipxkut,fip-xkut,fipx-kut
fipxkus,fip-xkus,fipx-kus
fipxkuf,fip-xkuf,fipx-kuf
fipxkux,fip-xkux,fipx-kux
fipxkuC,fip-xkuC,fipx-kuC
fipxkul,fip-xkul,fipx-kul
fipxlim,fip-xlim,fipx-lim
fipxlib,fip-xlib,fipx-lib
fipxlit,fip-xlit,fipx-lit
fipxlik,fip-xlik,fipx-lik
fipxlis,fip-xlis,fipx-lis
fipxlif,fip-xlif,fipx-lif
fipxlix,fip-xlix,fipx-lix
fipxliC,fip-xliC,fipx-liC
fipxlam,fip-xlam,fipx-lam
fipxlab,fip-xlab,fipx-lab
fipxlag,fip-xlag,fipx-lag
fipxlat,fip-xlat,fipx-lat
fipxlas,fip-xlas,fipx-las
fipxlav,fip-xlav,fipx-lav
fipxlax,fip-xlax,fipx-lax
fipxlal,fip-xlal,fipx-lal
fipxlum,fip-xlum,fipx-lum
fipxlub,fip-xlub,fipx-lub
fipxlug,fip-xlug,fipx-lug
fipxlut,fip-xlut,fipx-lut
fipxlus,fip-xlus,fipx-lus
fipxluf,fip-xluf,fipx-luf
fipxlux,fip-xlux,fipx-lux
fipxluC,fip-xluC,fipx-luC
fipxlul,fip-xlul,fipx-lul
fikxnim,fik-xnim,fikx-nim
fikxnib,fik-xnib,fikx-nib
fikxnig,fik-xnig,fikx-nig
fikxnit,fik-xnit,fikx-nit
fikxnis,fik-xnis,fikx-nis
fikxnif,fik-xnif,fikx-nif
fikxnix,fik-xnix,fikx-nix
fikxniC,fik-xniC,fikx-niC
fikxnam,fik-xnam,fikx-nam
fikxnab,fik-xnab,fikx-nab
fikxnag,fik-xnag,fikx-nag
fikxnat,fik-xnat,fikx-nat
fikxnas,fik-xnas,fikx-nas
fikxnaf,fik-xnaf,fikx-naf
fikxnax,fik-xnax,fikx-nax
fikxnaC,fik-xnaC,fikx-naC
fikxnal,fik-xnal,fikx-nal
fikxnum,fik-xnum,fikx-num
fikxnub,fik-xnub,fikx-nub
fikxnug,fik-xnug,fikx-nug
fikxnut,fik-xnut,fikx-nut
fikxnus,fik-xnus,fikx-nus
fikxnuf,fik-xnuf,fikx-nuf
fikxnux,fik-xnux,fikx-nux
fikxnuC,fik-xnuC,fikx-nuC
fikxnul,fik-xnul,fikx-nul
fikxkim,fik-xkim,fikx-kim
fikxkib,fik-xkib,fikx-kib
fikxkig,fik-xkig,fikx-kig
fikxkit,fik-xkit,fikx-kit
fikxkis,fik-xkis,fikx-kis
fikxkif,fik-xkif,fikx-kif
fikxkix,fik-xkix,fikx-kix
fikxkiC,fik-xkiC,fikx-kiC
fikxkam,fik-xkam,fikx-kam
fikxkab,fik-xkab,fikx-kab
fikxkag,fik-xkag,fikx-kag
fikxkat,fik-xkat,fikx-kat
fikxkas,fik-xkas,fikx-kas
fikxkaf,fik-xkaf,fikx-kaf
fikxkax,fik-xkax,fikx-kax
fikxkaC,fik-xkaC,fikx-kaC
fikxkal,fik-xkal,fikx-kal
fikxkum,fik-xkum,fikx-kum
fikxkub,fik-xkub,fikx-kub
fikxkug,fik-xkug,fikx-kug
fikxkut,fik-xkut,fikx-kut
fikxkus,fik-xkus,fikx-kus
fikxkuf,fik-xkuf,fikx-kuf
fikxkux,fik-xkux,fikx-kux
fikxkuC,fik-xkuC,fikx-kuC
fikxkul,fik-xkul,fikx-kul
fikxlim,fik-xlim,fikx-lim
fikxlib,fik-xlib,fikx-lib
fikxlit,fik-xlit,fikx-lit
fikxlik,fik-xlik,fikx-lik
fikxlis,fik-xlis,fikx-lis
fikxlif,fik-xlif,fikx-lif
fikxlix,fik-xlix,fikx-lix
fikxliC,fik-xliC,fikx-liC
fikxlam,fik-xlam,fikx-lam
fikxlab,fik-xlab,fikx-lab
fikxlag,fik-xlag,fikx-lag
fikxlat,fik-xlat,fikx-lat
fikxlas,fik-xlas,fikx-las
fikxlav,fik-xlav,fikx-lav
fikxlax,fik-xlax,fikx-lax
fikxlal,fik-xlal,fikx-lal
fikxlum,fik-xlum,fikx-lum
fikxlub,fik-xlub,fikx-lub
fikxlug,fik-xlug,fikx-lug
fikxlut,fik-xlut,fikx-lut
fikxlus,fik-xlus,fikx-lus
fikxluf,fik-xluf,fikx-luf
fikxlux,fik-xlux,fikx-lux
fikxluC,fik-xluC,fikx-luC
fikxlul,fik-xlul,fikx-lul
fisksim,fis-ksim,fisk-sim
fisksib,fis-ksib,fisk-sib
fisksig,fis-ksig,fisk-sig
fisksit,fis-ksit,fisk-sit
fisksis,fis-ksis,fisk-sis
fisksif,fis-ksif,fisk-sif
fisksix,fis-ksix,fisk-six
fisksiC,fis-ksiC,fisk-siC
fisksam,fis-ksam,fisk-sam
fisksab,fis-ksab,fisk-sab
fisksag,fis-ksag,fisk-sag
fisksat,fis-ksat,fisk-sat
fisksas,fis-ksas,fisk-sas
fisksaf,fis-ksaf,fisk-saf
fisksax,fis-ksax,fisk-sax
fisksaC,fis-ksaC,fisk-saC
fisksal,fis-ksal,fisk-sal
fisksum,fis-ksum,fisk-sum
fisksub,fis-ksub,fisk-sub
fisksug,fis-ksug,fisk-sug
fisksut,fis-ksut,fisk-sut
fisksus,fis-ksus,fisk-sus
fisksuf,fis-ksuf,fisk-suf
fisksux,fis-ksux,fisk-sux
fisksuC,fis-ksuC,fisk-suC
fisksul,fis-ksul,fisk-sul
fisklek,fis-klek,fisk-lek
fiskloz,fis-kloz,fisk-loz
fiftxal,fif-txal,fift-xal
fiftxum,fif-txum,fift-xum
fiftrin,fif-trin,fift-rin
fiftrik,fif-trik,fift-rik
fiftris,fif-tris,fift-ris
fiftrif,fif-trif,fift-rif
fiftriC,fif-triC,fift-riC
fiftret,fif-tret,fift-ret
fiftrab,fif-trab,fift-rab
fiftrag,fif-trag,fift-rag
fiftras,fif-tras,fift-ras
fiftraf,fif-traf,fift-raf
fiftraC,fif-traC,fift-raC
fiftral,fif-tral,fift-ral
fiftrot,fif-trot,fift-rot
fiftrum,fif-trum,fift-rum
fiftrub,fif-trub,fift-rub
fiftrug,fif-trug,fift-rug
fiftrus,fif-trus,fift-rus
fiftruf,fif-truf,fift-ruf
fiftrux,fif-trux,fift-rux
fiftruC,fif-truC,fift-ruC
fiftrul,fif-trul,fift-rul
fifsmin,fif-smin,fifs-min
fifsmib,fif-smib,fifs-mib
fifsmit,fif-smit,fifs-mit
fifsmis,fif-smis,fifs-mis
fifsmix,fif-smix,fifs-mix
fifsmiC,fif-smiC,fifs-miC
fifsmek,fif-smek,fifs-mek
fifsmad,fif-smad,fifs-mad
fifsmas,fif-smas,fifs-mas
fifsmaf,fif-smaf,fifs-maf
fifsmax,fif-smax,fifs-max
fifsmaC,fif-smaC,fifs-maC
fifsmal,fif-smal,fifs-mal
fifsmok,fif-smok,fifs-mok
fifsmub,fif-smub,fifs-mub
fifsmut,fif-smut,fifs-mut
fifsmus,fif-smus,fifs-mus
fifsmuf,fif-smuf,fifs-muf
fifsmux,fif-smux,fifs-mux
fifsmuC,fif-smuC,fifs-muC
fifsmul,fif-smul,fifs-mul
fifsnif,fif-snif,fifs-nif
fifsnap,fif-snap,fifs-nap
fifsnom,fif-snom,fifs-nom
fifspin,fif-spin,fifs-pin
fifspib,fif-spib,fifs-pib
fifspit,fif-spit,fifs-pit
fifspik,fif-spik,fifs-pik
fifspis,fif-spis,fifs-pis
fifspix,fif-spix,fifs-pix
fifspiC,fif-spiC,fifs-piC
fifspan,fif-span,fifs-pan
fifspak,fif-spak,fifs-pak
fifspas,fif-spas,fifs-pas
fifspof,fif-spof,fifs-pof
fifspum,fif-spum,fifs-pum
fifspug,fif-spug,fifs-pug
fifspus,fif-spus,fifs-pus
fifspul,fif-spul,fifs-pul
fifstef,fif-stef,fifs-tef
fifstab,fif-stab,fifs-tab
fifstat,fif-stat,fifs-tat
fifstal,fif-stal,fifs-tal
fifstoj,fif-stoj,fifs-toj
fifstud,fif-stud,fifs-tud
fifstup,fif-stup,fifs-tup
fifskim,fif-skim,fifs-kim
fifskib,fif-skib,fifs-kib
fifskig,fif-skig,fifs-kig
fifskit,fif-skit,fifs-kit
fifskis,fif-skis,fifs-kis
fifskif,fif-skif,fifs-kif
fifskix,fif-skix,fifs-kix
fifskiC,fif-skiC,fifs-kiC
fifskad,fif-skad,fifs-kad
fifskag,fif-skag,fifs-kag
fifskap,fif-skap,fifs-kap
fifskas,fif-skas,fifs-kas
fifskaf,fif-skaf,fifs-kaf
fifskax,fif-skax,fifs-kax
fifskaC,fif-skaC,fifs-kaC
fifskal,fif-skal,fifs-kal
fifskoq,fif-skoq,fifs-koq
fifskud,fif-skud,fifs-kud
fifskug,fif-skug,fifs-kug
fifskup,fif-skup,fifs-kup
fifskuz,fif-skuz,fifs-kuz
fifskuf,fif-skuf,fifs-kuf
fifskux,fif-skux,fifs-kux
fifskul,fif-skul,fifs-kul
fifsfim,fif-sfim,fifs-fim
fifsfib,fif-sfib,fifs-fib
fifsfit,fif-sfit,fifs-fit
fifsfis,fif-sfis,fifs-fis
fifsfif,fif-sfif,fifs-fif
fifsfix,fif-sfix,fifs-fix
fifsfiC,fif-sfiC,fifs-fiC
fifsfam,fif-sfam,fifs-fam
fifsfab,fif-sfab,fifs-fab
fifsfag,fif-sfag,fifs-fag
fifsfat,fif-sfat,fifs-fat
fifsfaf,fif-sfaf,fifs-faf
fifsfax,fif-sfax,fifs-fax
fifsfaC,fif-sfaC,fifs-faC
fifsfal,fif-sfal,fifs-fal
fifsfum,fif-sfum,fifs-fum
fifsfub,fif-sfub,fifs-fub
fifsfug,fif-sfug,fifs-fug
fifsfut,fif-sfut,fifs-fut
fifsfus,fif-sfus,fifs-fus
fifsfuf,fif-sfuf,fifs-fuf
fifsfux,fif-sfux,fifs-fux
fifsfuC,fif-sfuC,fifs-fuC
fifsvik,fif-svik,fifs-vik
fifsvas,fif-svas,fifs-vas
fifsvur,fif-svur,fifs-vur
fifslim,fif-slim,fifs-lim
fifslid,fif-slid,fifs-lid
fifslig,fif-slig,fifs-lig
fifslip,fif-slip,fifs-lip
fifslis,fif-slis,fifs-lis
fifslif,fif-slif,fifs-lif
fifslix,fif-slix,fifs-lix
fifsliC,fif-sliC,fifs-liC
fifslad,fif-slad,fifs-lad
fifslag,fif-slag,fifs-lag
fifslap,fif-slap,fifs-lap
fifslas,fif-slas,fifs-las
fifslaf,fif-slaf,fifs-laf
fifslax,fif-slax,fifs-lax
fifslaC,fif-slaC,fifs-laC
fifslal,fif-slal,fifs-lal
fifslom,fif-slom,fifs-lom
fifslud,fif-slud,fifs-lud
fifslug,fif-slug,fifs-lug
fifslup,fif-slup,fifs-lup
fifslus,fif-slus,fifs-lus
fifsluf,fif-sluf,fifs-luf
fifslux,fif-slux,fifs-lux
fifsluC,fif-sluC,fifs-luC
fifslur,fif-slur,fifs-lur
fixtxal,fix-txal,fixt-xal
fixtxum,fix-txum,fixt-xum
fixtrin,fix-trin,fixt-rin
fixtrik,fix-trik,fixt-rik
fixtris,fix-tris,fixt-ris
fixtrif,fix-trif,fixt-rif
fixtriC,fix-triC,fixt-riC
fixtret,fix-tret,fixt-ret
fixtrab,fix-trab,fixt-rab
fixtrag,fix-trag,fixt-rag
fixtras,fix-tras,fixt-ras
fixtraf,fix-traf,fixt-raf
fixtraC,fix-traC,fixt-raC
fixtral,fix-tral,fixt-ral
fixtrot,fix-trot,fixt-rot
fixtrum,fix-trum,fixt-rum
fixtrub,fix-trub,fixt-rub
fixtrug,fix-trug,fixt-rug
fixtrus,fix-trus,fixt-rus
fixtruf,fix-truf,fixt-ruf
fixtrux,fix-trux,fixt-rux
fixtruC,fix-truC,fixt-ruC
fixtrul,fix-trul,fixt-rul
fentxal,fen-txal,fent-xal
fentxum,fen-txum,fent-xum
fentrin,fen-trin,fent-rin
fentrik,fen-trik,fent-rik
fentris,fen-tris,fent-ris
fentrif,fen-trif,fent-rif
fentriC,fen-triC,fent-riC
fentret,fen-tret,fent-ret
fentrab,fen-trab,fent-rab
fentrag,fen-trag,fent-rag
fentras,fen-tras,fent-ras
fentraf,fen-traf,fent-raf
fentraC,fen-traC,fent-raC
fentral,fen-tral,fent-ral
fentrot,fen-trot,fent-rot
fentrum,fen-trum,fent-rum
fentrub,fen-trub,fent-rub
fentrug,fen-trug,fent-rug
fentrus,fen-trus,fent-rus
fentruf,fen-truf,fent-ruf
fentrux,fen-trux,fent-rux
fentruC,fen-truC,fent-ruC
fentrul,fen-trul,fent-rul
faqksim,faq-ksim,faqk-sim
faqksib,faq-ksib,faqk-sib
faqksig,faq-ksig,faqk-sig
faqksit,faq-ksit,faqk-sit
faqksis,faq-ksis,faqk-sis
faqksif,faq-ksif,faqk-sif
faqksix,faq-ksix,faqk-six
faqksiC,faq-ksiC,faqk-siC
faqksam,faq-ksam,faqk-sam
faqksab,faq-ksab,faqk-sab
faqksag,faq-ksag,faqk-sag
faqksat,faq-ksat,faqk-sat
faqksas,faq-ksas,faqk-sas
faqksaf,faq-ksaf,faqk-saf
faqksax,faq-ksax,faqk-sax
faqksaC,faq-ksaC,faqk-saC
faqksal,faq-ksal,faqk-sal
faqksum,faq-ksum,faqk-sum
faqksub,faq-ksub,faqk-sub
faqksug,faq-ksug,faqk-sug
faqksut,faq-ksut,faqk-sut
faqksus,faq-ksus,faqk-sus
faqksuf,faq-ksuf,faqk-suf
faqksux,faq-ksux,faqk-sux
faqksuC,faq-ksuC,faqk-suC
faqksul,faq-ksul,faqk-sul
faqklek,faq-klek,faqk-lek
faqkloz,faq-kloz,faqk-loz
fapflid,fap-flid,fapf-lid
fapflip,fap-flip,fapf-lip
fapflif,fap-flif,fapf-lif
fapflem,fap-flem,fapf-lem
fapflek,fap-flek,fapf-lek
fapfleC,fap-fleC,fapf-leC
fapflad,fap-flad,fapf-lad
fapflap,fap-flap,fapf-lap
fapflaf,fap-flaf,fapf-laf
fapflax,fap-flax,fapf-lax
fapflom,fap-flom,fapf-lom
fapflok,fap-flok,fapf-lok
fapflor,fap-flor,fapf-lor
fapflud,fap-flud,fapf-lud
fapflup,fap-flup,fapf-lup
fapfluz,fap-fluz,fapf-luz
fapfluf,fap-fluf,fapf-luf
fapflux,fap-flux,fapf-lux
fapfris,fap-fris,fapf-ris
fapfrix,fap-frix,fapf-rix
fapfras,fap-fras,fapf-ras
fapxnim,fap-xnim,fapx-nim
fapxnib,fap-xnib,fapx-nib
fapxnig,fap-xnig,fapx-nig
fapxnit,fap-xnit,fapx-nit
fapxnis,fap-xnis,fapx-nis
fapxnif,fap-xnif,fapx-nif
fapxnix,fap-xnix,fapx-nix
fapxniC,fap-xniC,fapx-niC
fapxnam,fap-xnam,fapx-nam
fapxnab,fap-xnab,fapx-nab
fapxnag,fap-xnag,fapx-nag
fapxnat,fap-xnat,fapx-nat
fapxnas,fap-xnas,fapx-nas
fapxnaf,fap-xnaf,fapx-naf
fapxnax,fap-xnax,fapx-nax
fapxnaC,fap-xnaC,fapx-naC
fapxnal,fap-xnal,fapx-nal
fapxnum,fap-xnum,fapx-num
fapxnub,fap-xnub,fapx-nub
fapxnug,fap-xnug,fapx-nug
fapxnut,fap-xnut,fapx-nut
fapxnus,fap-xnus,fapx-nus
fapxnuf,fap-xnuf,fapx-nuf
fapxnux,fap-xnux,fapx-nux
fapxnuC,fap-xnuC,fapx-nuC
fapxnul,fap-xnul,fapx-nul
fapxkim,fap-xkim,fapx-kim
fapxkib,fap-xkib,fapx-kib
fapxkig,fap-xkig,fapx-kig
fapxkit,fap-xkit,fapx-kit
fapxkis,fap-xkis,fapx-kis
fapxkif,fap-xkif,fapx-kif
fapxkix,fap-xkix,fapx-kix
fapxkiC,fap-xkiC,fapx-kiC
fapxkam,fap-xkam,fapx-kam
fapxkab,fap-xkab,fapx-kab
fapxkag,fap-xkag,fapx-kag
fapxkat,fap-xkat,fapx-kat
fapxkas,fap-xkas,fapx-kas
fapxkaf,fap-xkaf,fapx-kaf
fapxkax,fap-xkax,fapx-kax
fapxkaC,fap-xkaC,fapx-kaC
fapxkal,fap-xkal,fapx-kal
fapxkum,fap-xkum,fapx-kum
fapxkub,fap-xkub,fapx-kub
fapxkug,fap-xkug,fapx-kug
fapxkut,fap-xkut,fapx-kut
fapxkus,fap-xkus,fapx-kus
fapxkuf,fap-xkuf,fapx-kuf
fapxkux,fap-xkux,fapx-kux
fapxkuC,fap-xkuC,fapx-kuC
fapxkul,fap-xkul,fapx-kul
fapxlim,fap-xlim,fapx-lim
fapxlib,fap-xlib,fapx-lib
fapxlit,fap-xlit,fapx-lit
fapxlik,fap-xlik,fapx-lik
fapxlis,fap-xlis,fapx-lis
fapxlif,fap-xlif,fapx-lif
fapxlix,fap-xlix,fapx-lix
fapxliC,fap-xliC,fapx-liC
fapxlam,fap-xlam,fapx-lam
fapxlab,fap-xlab,fapx-lab
fapxlag,fap-xlag,fapx-lag
fapxlat,fap-xlat,fapx-lat
fapxlas,fap-xlas,fapx-las
fapxlav,fap-xlav,fapx-lav
fapxlax,fap-xlax,fapx-lax
fapxlal,fap-xlal,fapx-lal
fapxlum,fap-xlum,fapx-lum
fapxlub,fap-xlub,fapx-lub
fapxlug,fap-xlug,fapx-lug
fapxlut,fap-xlut,fapx-lut
fapxlus,fap-xlus,fapx-lus
fapxluf,fap-xluf,fapx-luf
fapxlux,fap-xlux,fapx-lux
fapxluC,fap-xluC,fapx-luC
fapxlul,fap-xlul,fapx-lul
fakxnim,fak-xnim,fakx-nim
fakxnib,fak-xnib,fakx-nib
fakxnig,fak-xnig,fakx-nig
fakxnit,fak-xnit,fakx-nit
fakxnis,fak-xnis,fakx-nis
fakxnif,fak-xnif,fakx-nif
fakxnix,fak-xnix,fakx-nix
fakxniC,fak-xniC,fakx-niC
fakxnam,fak-xnam,fakx-nam
fakxnab,fak-xnab,fakx-nab
fakxnag,fak-xnag,fakx-nag
fakxnat,fak-xnat,fakx-nat
fakxnas,fak-xnas,fakx-nas
fakxnaf,fak-xnaf,fakx-naf
fakxnax,fak-xnax,fakx-nax
fakxnaC,fak-xnaC,fakx-naC
fakxnal,fak-xnal,fakx-nal
fakxnum,fak-xnum,fakx-num
fakxnub,fak-xnub,fakx-nub
fakxnug,fak-xnug,fakx-nug
fakxnut,fak-xnut,fakx-nut
fakxnus,fak-xnus,fakx-nus
fakxnuf,fak-xnuf,fakx-nuf
fakxnux,fak-xnux,fakx-nux
fakxnuC,fak-xnuC,fakx-nuC
fakxnul,fak-xnul,fakx-nul
fakxkim,fak-xkim,fakx-kim
fakxkib,fak-xkib,fakx-kib
fakxkig,fak-xkig,fakx-kig
fakxkit,fak-xkit,fakx-kit
fakxkis,fak-xkis,fakx-kis
fakxkif,fak-xkif,fakx-kif
fakxkix,fak-xkix,fakx-kix
fakxkiC,fak-xkiC,fakx-kiC
fakxkam,fak-xkam,fakx-kam
fakxkab,fak-xkab,fakx-kab
fakxkag,fak-xkag,fakx-kag
fakxkat,fak-xkat,fakx-kat
fakxkas,fak-xkas,fakx-kas
fakxkaf,fak-xkaf,fakx-kaf
fakxkax,fak-xkax,fakx-kax
fakxkaC,fak-xkaC,fakx-kaC
fakxkal,fak-xkal,fakx-kal
fakxkum,fak-xkum,fakx-kum
fakxkub,fak-xkub,fakx-kub
fakxkug,fak-xkug,fakx-kug
fakxkut,fak-xkut,fakx-kut
fakxkus,fak-xkus,fakx-kus
fakxkuf,fak-xkuf,fakx-kuf
fakxkux,fak-xkux,fakx-kux
fakxkuC,fak-xkuC,fakx-kuC
fakxkul,fak-xkul,fakx-kul
fakxlim,fak-xlim,fakx-lim
fakxlib,fak-xlib,fakx-lib
fakxlit,fak-xlit,fakx-lit
fakxlik,fak-xlik,fakx-lik
fakxlis,fak-xlis,fakx-lis
fakxlif,fak-xlif,fakx-lif
fakxlix,fak-xlix,fakx-lix
fakxliC,fak-xliC,fakx-liC
fakxlam,fak-xlam,fakx-lam
fakxlab,fak-xlab,fakx-lab
fakxlag,fak-xlag,fakx-lag
fakxlat,fak-xlat,fakx-lat
fakxlas,fak-xlas,fakx-las
fakxlav,fak-xlav,fakx-lav
fakxlax,fak-xlax,fakx-lax
fakxlal,fak-xlal,fakx-lal
fakxlum,fak-xlum,fakx-lum
fakxlub,fak-xlub,fakx-lub
fakxlug,fak-xlug,fakx-lug
fakxlut,fak-xlut,fakx-lut
fakxlus,fak-xlus,fakx-lus
fakxluf,fak-xluf,fakx-luf
fakxlux,fak-xlux,fakx-lux
fakxluC,fak-xluC,fakx-luC
fakxlul,fak-xlul,fakx-lul
fastxal,fas-txal,fast-xal
fastxum,fas-txum,fast-xum
fastrin,fas-trin,fast-rin
fastrik,fas-trik,fast-rik
fastris,fas-tris,fast-ris
fastrif,fas-trif,fast-rif
fastriC,fas-triC,fast-riC
fastret,fas-tret,fast-ret
fastrab,fas-trab,fast-rab
fastrag,fas-trag,fast-rag
fastras,fas-tras,fast-ras
fastraf,fas-traf,fast-raf
fastraC,fas-traC,fast-raC
fastral,fas-tral,fast-ral
fastrot,fas-trot,fast-rot
fastrum,fas-trum,fast-rum
fastrub,fas-trub,fast-rub
fastrug,fas-trug,fast-rug
fastrus,fas-trus,fast-rus
fastruf,fas-truf,fast-ruf
fastrux,fas-trux,fast-rux
fastruC,fas-truC,fast-ruC
fastrul,fas-trul,fast-rul
fasksim,fas-ksim,fask-sim
fasksib,fas-ksib,fask-sib
fasksig,fas-ksig,fask-sig
fasksit,fas-ksit,fask-sit
fasksis,fas-ksis,fask-sis
fasksif,fas-ksif,fask-sif
fasksix,fas-ksix,fask-six
fasksiC,fas-ksiC,fask-siC
fasksam,fas-ksam,fask-sam
fasksab,fas-ksab,fask-sab
fasksag,fas-ksag,fask-sag
fasksat,fas-ksat,fask-sat
fasksas,fas-ksas,fask-sas
fasksaf,fas-ksaf,fask-saf
fasksax,fas-ksax,fask-sax
fasksaC,fas-ksaC,fask-saC
fasksal,fas-ksal,fask-sal
fasksum,fas-ksum,fask-sum
fasksub,fas-ksub,fask-sub
fasksug,fas-ksug,fask-sug
fasksut,fas-ksut,fask-sut
fasksus,fas-ksus,fask-sus
fasksuf,fas-ksuf,fask-suf
fasksux,fas-ksux,fask-sux
fasksuC,fas-ksuC,fask-suC
fasksul,fas-ksul,fask-sul
fasklek,fas-klek,fask-lek
faskloz,fas-kloz,fask-loz
faftxal,faf-txal,faft-xal
faftxum,faf-txum,faft-xum
faftrin,faf-trin,faft-rin
faftrik,faf-trik,faft-rik
faftris,faf-tris,faft-ris
faftrif,faf-trif,faft-rif
faftriC,faf-triC,faft-riC
faftret,faf-tret,faft-ret
faftrab,faf-trab,faft-rab
faftrag,faf-trag,faft-rag
faftras,faf-tras,faft-ras
faftraf,faf-traf,faft-raf
faftraC,faf-traC,faft-raC
faftral,faf-tral,faft-ral
faftrot,faf-trot,faft-rot
faftrum,faf-trum,faft-rum
faftrub,faf-trub,faft-rub
faftrug,faf-trug,faft-rug
faftrus,faf-trus,faft-rus
faftruf,faf-truf,faft-ruf
faftrux,faf-trux,faft-rux
faftruC,faf-truC,faft-ruC
faftrul,faf-trul,faft-rul
fafsmin,faf-smin,fafs-min
fafsmib,faf-smib,fafs-mib
fafsmit,faf-smit,fafs-mit
fafsmis,faf-smis,fafs-mis
fafsmix,faf-smix,fafs-mix
fafsmiC,faf-smiC,fafs-miC
fafsmek,faf-smek,fafs-mek
fafsmad,faf-smad,fafs-mad
fafsmas,faf-smas,fafs-mas
fafsmaf,faf-smaf,fafs-maf
fafsmax,faf-smax,fafs-max
fafsmaC,faf-smaC,fafs-maC
fafsmal,faf-smal,fafs-mal
fafsmok,faf-smok,fafs-mok
fafsmub,faf-smub,fafs-mub
fafsmut,faf-smut,fafs-mut
fafsmus,faf-smus,fafs-mus
fafsmuf,faf-smuf,fafs-muf
fafsmux,faf-smux,fafs-mux
fafsmuC,faf-smuC,fafs-muC
fafsmul,faf-smul,fafs-mul
fafsnif,faf-snif,fafs-nif
fafsnap,faf-snap,fafs-nap
fafsnom,faf-snom,fafs-nom
fafspin,faf-spin,fafs-pin
fafspib,faf-spib,fafs-pib
fafspit,faf-spit,fafs-pit
fafspik,faf-spik,fafs-pik
fafspis,faf-spis,fafs-pis
fafspix,faf-spix,fafs-pix
fafspiC,faf-spiC,fafs-piC
fafspan,faf-span,fafs-pan
fafspak,faf-spak,fafs-pak
fafspas,faf-spas,fafs-pas
fafspof,faf-spof,fafs-pof
fafspum,faf-spum,fafs-pum
fafspug,faf-spug,fafs-pug
fafspus,faf-spus,fafs-pus
fafspul,faf-spul,fafs-pul
fafstef,faf-stef,fafs-tef
fafstab,faf-stab,fafs-tab
fafstat,faf-stat,fafs-tat
fafstal,faf-stal,fafs-tal
fafstoj,faf-stoj,fafs-toj
fafstud,faf-stud,fafs-tud
fafstup,faf-stup,fafs-tup
fafskim,faf-skim,fafs-kim
fafskib,faf-skib,fafs-kib
fafskig,faf-skig,fafs-kig
fafskit,faf-skit,fafs-kit
fafskis,faf-skis,fafs-kis
fafskif,faf-skif,fafs-kif
fafskix,faf-skix,fafs-kix
fafskiC,faf-skiC,fafs-kiC
fafskad,faf-skad,fafs-kad
fafskag,faf-skag,fafs-kag
fafskap,faf-skap,fafs-kap
fafskas,faf-skas,fafs-kas
fafskaf,faf-skaf,fafs-kaf
fafskax,faf-skax,fafs-kax
fafskaC,faf-skaC,fafs-kaC
fafskal,faf-skal,fafs-kal
fafskoq,faf-skoq,fafs-koq
fafskud,faf-skud,fafs-kud
fafskug,faf-skug,fafs-kug
fafskup,faf-skup,fafs-kup
fafskuz,faf-skuz,fafs-kuz
fafskuf,faf-skuf,fafs-kuf
fafskux,faf-skux,fafs-kux
fafskul,faf-skul,fafs-kul
fafsfim,faf-sfim,fafs-fim
fafsfib,faf-sfib,fafs-fib
fafsfit,faf-sfit,fafs-fit
fafsfis,faf-sfis,fafs-fis
fafsfif,faf-sfif,fafs-fif
fafsfix,faf-sfix,fafs-fix
fafsfiC,faf-sfiC,fafs-fiC
fafsfam,faf-sfam,fafs-fam
fafsfab,faf-sfab,fafs-fab
fafsfag,faf-sfag,fafs-fag
fafsfat,faf-sfat,fafs-fat
fafsfaf,faf-sfaf,fafs-faf
fafsfax,faf-sfax,fafs-fax
fafsfaC,faf-sfaC,fafs-faC
fafsfal,faf-sfal,fafs-fal
fafsfum,faf-sfum,fafs-fum
fafsfub,faf-sfub,fafs-fub
fafsfug,faf-sfug,fafs-fug
fafsfut,faf-sfut,fafs-fut
fafsfus,faf-sfus,fafs-fus
fafsfuf,faf-sfuf,fafs-fuf
fafsfux,faf-sfux,fafs-fux
fafsfuC,faf-sfuC,fafs-fuC
fafsvik,faf-svik,fafs-vik
fafsvas,faf-svas,fafs-vas
fafsvur,faf-svur,fafs-vur
fafslim,faf-slim,fafs-lim
fafslid,faf-slid,fafs-lid
fafslig,faf-slig,fafs-lig
fafslip,faf-slip,fafs-lip
fafslis,faf-slis,fafs-lis
fafslif,faf-slif,fafs-lif
fafslix,faf-slix,fafs-lix
fafsliC,faf-sliC,fafs-liC
fafslad,faf-slad,fafs-lad
fafslag,faf-slag,fafs-lag
fafslap,faf-slap,fafs-lap
fafslas,faf-slas,fafs-las
fafslaf,faf-slaf,fafs-laf
fafslax,faf-slax,fafs-lax
fafslaC,faf-slaC,fafs-laC
fafslal,faf-slal,fafs-lal
fafslom,faf-slom,fafs-lom
fafslud,faf-slud,fafs-lud
fafslug,faf-slug,fafs-lug
fafslup,faf-slup,fafs-lup
fafslus,faf-slus,fafs-lus
fafsluf,faf-sluf,fafs-luf
fafslux,faf-slux,fafs-lux
fafsluC,faf-sluC,fafs-luC
fafslur,faf-slur,fafs-lur
faxtxal,fax-txal,faxt-xal
faxtxum,fax-txum,faxt-xum
faxtrin,fax-trin,faxt-rin
faxtrik,fax-trik,faxt-rik
faxtris,fax-tris,faxt-ris
faxtrif,fax-trif,faxt-rif
faxtriC,fax-triC,faxt-riC
faxtret,fax-tret,faxt-ret
faxtrab,fax-trab,faxt-rab
faxtrag,fax-trag,faxt-rag
faxtras,fax-tras,faxt-ras
faxtraf,fax-traf,faxt-raf
faxtraC,fax-traC,faxt-raC
faxtral,fax-tral,faxt-ral
faxtrot,fax-trot,faxt-rot
faxtrum,fax-trum,faxt-rum
faxtrub,fax-trub,faxt-rub
faxtrug,fax-trug,faxt-rug
faxtrus,fax-trus,faxt-rus
faxtruf,fax-truf,faxt-ruf
faxtrux,fax-trux,faxt-rux
faxtruC,fax-truC,faxt-ruC
faxtrul,fax-trul,faxt-rul
farglip,far-glip,farg-lip
farglix,far-glix,farg-lix
farglen,far-glen,farg-len
fargled,far-gled,farg-led
farglez,far-glez,farg-lez
farglav,far-glav,farg-lav
farglaj,far-glaj,farg-laj
farglob,far-glob,farg-lob
farglot,far-glot,farg-lot
farglok,far-glok,farg-lok
farglor,far-glor,farg-lor
farglux,far-glux,farg-lux
fargriv,far-griv,farg-riv
fargrac,far-grac,farg-rac
fargroq,far-groq,farg-roq
fargruv,far-gruv,farg-ruv
fartxal,far-txal,fart-xal
fartxum,far-txum,fart-xum
fartrin,far-trin,fart-rin
fartrik,far-trik,fart-rik
fartris,far-tris,fart-ris
fartrif,far-trif,fart-rif
fartriC,far-triC,fart-riC
fartret,far-tret,fart-ret
fartrab,far-trab,fart-rab
fartrag,far-trag,fart-rag
fartras,far-tras,fart-ras
fartraf,far-traf,fart-raf
fartraC,far-traC,fart-raC
fartral,far-tral,fart-ral
fartrot,far-trot,fart-rot
fartrum,far-trum,fart-rum
fartrub,far-trub,fart-rub
fartrug,far-trug,fart-rug
fartrus,far-trus,fart-rus
fartruf,far-truf,fart-ruf
fartrux,far-trux,fart-rux
fartruC,far-truC,fart-ruC
fartrul,far-trul,fart-rul
fotsmin,fot-smin,fots-min
fotsmib,fot-smib,fots-mib
fotsmit,fot-smit,fots-mit
fotsmis,fot-smis,fots-mis
fotsmix,fot-smix,fots-mix
fotsmiC,fot-smiC,fots-miC
fotsmek,fot-smek,fots-mek
fotsmad,fot-smad,fots-mad
fotsmas,fot-smas,fots-mas
fotsmaf,fot-smaf,fots-maf
fotsmax,fot-smax,fots-max
fotsmaC,fot-smaC,fots-maC
fotsmal,fot-smal,fots-mal
fotsmok,fot-smok,fots-mok
fotsmub,fot-smub,fots-mub
fotsmut,fot-smut,fots-mut
fotsmus,fot-smus,fots-mus
fotsmuf,fot-smuf,fots-muf
fotsmux,fot-smux,fots-mux
fotsmuC,fot-smuC,fots-muC
fotsmul,fot-smul,fots-mul
fotsnif,fot-snif,fots-nif
fotsnap,fot-snap,fots-nap
fotsnom,fot-snom,fots-nom
fotspin,fot-spin,fots-pin
fotspib,fot-spib,fots-pib
fotspit,fot-spit,fots-pit
fotspik,fot-spik,fots-pik
fotspis,fot-spis,fots-pis
fotspix,fot-spix,fots-pix
fotspiC,fot-spiC,fots-piC
fotspan,fot-span,fots-pan
fotspak,fot-spak,fots-pak
fotspas,fot-spas,fots-pas
fotspof,fot-spof,fots-pof
fotspum,fot-spum,fots-pum
fotspug,fot-spug,fots-pug
fotspus,fot-spus,fots-pus
fotspul,fot-spul,fots-pul
fotstef,fot-stef,fots-tef
fotstab,fot-stab,fots-tab
fotstat,fot-stat,fots-tat
fotstal,fot-stal,fots-tal
fotstoj,fot-stoj,fots-toj
fotstud,fot-stud,fots-tud
fotstup,fot-stup,fots-tup
fotskim,fot-skim,fots-kim
fotskib,fot-skib,fots-kib
fotskig,fot-skig,fots-kig
fotskit,fot-skit,fots-kit
fotskis,fot-skis,fots-kis
fotskif,fot-skif,fots-kif
fotskix,fot-skix,fots-kix
fotskiC,fot-skiC,fots-kiC
fotskad,fot-skad,fots-kad
fotskag,fot-skag,fots-kag
fotskap,fot-skap,fots-kap
fotskas,fot-skas,fots-kas
fotskaf,fot-skaf,fots-kaf
fotskax,fot-skax,fots-kax
fotskaC,fot-skaC,fots-kaC
fotskal,fot-skal,fots-kal
fotskoq,fot-skoq,fots-koq
fotskud,fot-skud,fots-kud
fotskug,fot-skug,fots-kug
fotskup,fot-skup,fots-kup
fotskuz,fot-skuz,fots-kuz
fotskuf,fot-skuf,fots-kuf
fotskux,fot-skux,fots-kux
fotskul,fot-skul,fots-kul
fotsfim,fot-sfim,fots-fim
fotsfib,fot-sfib,fots-fib
fotsfit,fot-sfit,fots-fit
fotsfis,fot-sfis,fots-fis
fotsfif,fot-sfif,fots-fif
fotsfix,fot-sfix,fots-fix
fotsfiC,fot-sfiC,fots-fiC
fotsfam,fot-sfam,fots-fam
fotsfab,fot-sfab,fots-fab
fotsfag,fot-sfag,fots-fag
fotsfat,fot-sfat,fots-fat
fotsfaf,fot-sfaf,fots-faf
fotsfax,fot-sfax,fots-fax
fotsfaC,fot-sfaC,fots-faC
fotsfal,fot-sfal,fots-fal
fotsfum,fot-sfum,fots-fum
fotsfub,fot-sfub,fots-fub
fotsfug,fot-sfug,fots-fug
fotsfut,fot-sfut,fots-fut
fotsfus,fot-sfus,fots-fus
fotsfuf,fot-sfuf,fots-fuf
fotsfux,fot-sfux,fots-fux
fotsfuC,fot-sfuC,fots-fuC
fotsvik,fot-svik,fots-vik
fotsvas,fot-svas,fots-vas
fotsvur,fot-svur,fots-vur
fotslim,fot-slim,fots-lim
fotslid,fot-slid,fots-lid
fotslig,fot-slig,fots-lig
fotslip,fot-slip,fots-lip
fotslis,fot-slis,fots-lis
fotslif,fot-slif,fots-lif
fotslix,fot-slix,fots-lix
fotsliC,fot-sliC,fots-liC
fotslad,fot-slad,fots-lad
fotslag,fot-slag,fots-lag
fotslap,fot-slap,fots-lap
fotslas,fot-slas,fots-las
fotslaf,fot-slaf,fots-laf
fotslax,fot-slax,fots-lax
fotslaC,fot-slaC,fots-laC
fotslal,fot-slal,fots-lal
fotslom,fot-slom,fots-lom
fotslud,fot-slud,fots-lud
fotslug,fot-slug,fots-lug
fotslup,fot-slup,fots-lup
fotslus,fot-slus,fots-lus
fotsluf,fot-sluf,fots-luf
fotslux,fot-slux,fots-lux
fotsluC,fot-sluC,fots-luC
fotslur,fot-slur,fots-lur
funtxal,fun-txal,funt-xal
funtxum,fun-txum,funt-xum
funtrin,fun-trin,funt-rin
funtrik,fun-trik,funt-rik
funtris,fun-tris,funt-ris
funtrif,fun-trif,funt-rif
funtriC,fun-triC,funt-riC
funtret,fun-tret,funt-ret
funtrab,fun-trab,funt-rab
funtrag,fun-trag,funt-rag
funtras,fun-tras,funt-ras
funtraf,fun-traf,funt-raf
funtraC,fun-traC,funt-raC
funtral,fun-tral,funt-ral
funtrot,fun-trot,funt-rot
funtrum,fun-trum,funt-rum
funtrub,fun-trub,funt-rub
funtrug,fun-trug,funt-rug
funtrus,fun-trus,funt-rus
funtruf,fun-truf,funt-ruf
funtrux,fun-trux,funt-rux
funtruC,fun-truC,funt-ruC
funtrul,fun-trul,funt-rul
funksim,fun-ksim,funk-sim
funksib,fun-ksib,funk-sib
funksig,fun-ksig,funk-sig
funksit,fun-ksit,funk-sit
funksis,fun-ksis,funk-sis
funksif,fun-ksif,funk-sif
funksix,fun-ksix,funk-six
funksiC,fun-ksiC,funk-siC
funksam,fun-ksam,funk-sam
funksab,fun-ksab,funk-sab
funksag,fun-ksag,funk-sag
funksat,fun-ksat,funk-sat
funksas,fun-ksas,funk-sas
funksaf,fun-ksaf,funk-saf
funksax,fun-ksax,funk-sax
funksaC,fun-ksaC,funk-saC
funksal,fun-ksal,funk-sal
funksum,fun-ksum,funk-sum
funksub,fun-ksub,funk-sub
funksug,fun-ksug,funk-sug
funksut,fun-ksut,funk-sut
funksus,fun-ksus,funk-sus
funksuf,fun-ksuf,funk-suf
funksux,fun-ksux,funk-sux
funksuC,fun-ksuC,funk-suC
funksul,fun-ksul,funk-sul
funklek,fun-klek,funk-lek
funkloz,fun-kloz,funk-loz
fupflid,fup-flid,fupf-lid
fupflip,fup-flip,fupf-lip
fupflif,fup-flif,fupf-lif
fupflem,fup-flem,fupf-lem
fupflek,fup-flek,fupf-lek
fupfleC,fup-fleC,fupf-leC
fupflad,fup-flad,fupf-lad
fupflap,fup-flap,fupf-lap
fupflaf,fup-flaf,fupf-laf
fupflax,fup-flax,fupf-lax
fupflom,fup-flom,fupf-lom
fupflok,fup-flok,fupf-lok
fupflor,fup-flor,fupf-lor
fupflud,fup-flud,fupf-lud
fupflup,fup-flup,fupf-lup
fupfluz,fup-fluz,fupf-luz
fupfluf,fup-fluf,fupf-luf
fupflux,fup-flux,fupf-lux
fupfris,fup-fris,fupf-ris
fupfrix,fup-frix,fupf-rix
fupfras,fup-fras,fupf-ras
fukxnim,fuk-xnim,fukx-nim
fukxnib,fuk-xnib,fukx-nib
fukxnig,fuk-xnig,fukx-nig
fukxnit,fuk-xnit,fukx-nit
fukxnis,fuk-xnis,fukx-nis
fukxnif,fuk-xnif,fukx-nif
fukxnix,fuk-xnix,fukx-nix
fukxniC,fuk-xniC,fukx-niC
fukxnam,fuk-xnam,fukx-nam
fukxnab,fuk-xnab,fukx-nab
fukxnag,fuk-xnag,fukx-nag
fukxnat,fuk-xnat,fukx-nat
fukxnas,fuk-xnas,fukx-nas
fukxnaf,fuk-xnaf,fukx-naf
fukxnax,fuk-xnax,fukx-nax
fukxnaC,fuk-xnaC,fukx-naC
fukxnal,fuk-xnal,fukx-nal
fukxnum,fuk-xnum,fukx-num
fukxnub,fuk-xnub,fukx-nub
fukxnug,fuk-xnug,fukx-nug
fukxnut,fuk-xnut,fukx-nut
fukxnus,fuk-xnus,fukx-nus
fukxnuf,fuk-xnuf,fukx-nuf
fukxnux,fuk-xnux,fukx-nux
fukxnuC,fuk-xnuC,fukx-nuC
fukxnul,fuk-xnul,fukx-nul
fukxkim,fuk-xkim,fukx-kim
fukxkib,fuk-xkib,fukx-kib
fukxkig,fuk-xkig,fukx-kig
fukxkit,fuk-xkit,fukx-kit
fukxkis,fuk-xkis,fukx-kis
fukxkif,fuk-xkif,fukx-kif
fukxkix,fuk-xkix,fukx-kix
fukxkiC,fuk-xkiC,fukx-kiC
fukxkam,fuk-xkam,fukx-kam
fukxkab,fuk-xkab,fukx-kab
fukxkag,fuk-xkag,fukx-kag
fukxkat,fuk-xkat,fukx-kat
fukxkas,fuk-xkas,fukx-kas
fukxkaf,fuk-xkaf,fukx-kaf
fukxkax,fuk-xkax,fukx-kax
fukxkaC,fuk-xkaC,fukx-kaC
fukxkal,fuk-xkal,fukx-kal
fukxkum,fuk-xkum,fukx-kum
fukxkub,fuk-xkub,fukx-kub
fukxkug,fuk-xkug,fukx-kug
fukxkut,fuk-xkut,fukx-kut
fukxkus,fuk-xkus,fukx-kus
fukxkuf,fuk-xkuf,fukx-kuf
fukxkux,fuk-xkux,fukx-kux
fukxkuC,fuk-xkuC,fukx-kuC
fukxkul,fuk-xkul,fukx-kul
fukxlim,fuk-xlim,fukx-lim
fukxlib,fuk-xlib,fukx-lib
fukxlit,fuk-xlit,fukx-lit
fukxlik,fuk-xlik,fukx-lik
fukxlis,fuk-xlis,fukx-lis
fukxlif,fuk-xlif,fukx-lif
fukxlix,fuk-xlix,fukx-lix
fukxliC,fuk-xliC,fukx-liC
fukxlam,fuk-xlam,fukx-lam
fukxlab,fuk-xlab,fukx-lab
fukxlag,fuk-xlag,fukx-lag
fukxlat,fuk-xlat,fukx-lat
fukxlas,fuk-xlas,fukx-las
fukxlav,fuk-xlav,fukx-lav
fukxlax,fuk-xlax,fukx-lax
fukxlal,fuk-xlal,fukx-lal
fukxlum,fuk-xlum,fukx-lum
fukxlub,fuk-xlub,fukx-lub
fukxlug,fuk-xlug,fukx-lug
fukxlut,fuk-xlut,fukx-lut
fukxlus,fuk-xlus,fukx-lus
fukxluf,fuk-xluf,fukx-luf
fukxlux,fuk-xlux,fukx-lux
fukxluC,fuk-xluC,fukx-luC
fukxlul,fuk-xlul,fukx-lul
fusksim,fus-ksim,fusk-sim
fusksib,fus-ksib,fusk-sib
fusksig,fus-ksig,fusk-sig
fusksit,fus-ksit,fusk-sit
fusksis,fus-ksis,fusk-sis
fusksif,fus-ksif,fusk-sif
fusksix,fus-ksix,fusk-six
fusksiC,fus-ksiC,fusk-siC
fusksam,fus-ksam,fusk-sam
fusksab,fus-ksab,fusk-sab
fusksag,fus-ksag,fusk-sag
fusksat,fus-ksat,fusk-sat
fusksas,fus-ksas,fusk-sas
fusksaf,fus-ksaf,fusk-saf
fusksax,fus-ksax,fusk-sax
fusksaC,fus-ksaC,fusk-saC
fusksal,fus-ksal,fusk-sal
fusksum,fus-ksum,fusk-sum
fusksub,fus-ksub,fusk-sub
fusksug,fus-ksug,fusk-sug
fusksut,fus-ksut,fusk-sut
fusksus,fus-ksus,fusk-sus
fusksuf,fus-ksuf,fusk-suf
fusksux,fus-ksux,fusk-sux
fusksuC,fus-ksuC,fusk-suC
fusksul,fus-ksul,fusk-sul
fusklek,fus-klek,fusk-lek
fuskloz,fus-kloz,fusk-loz
fuftxal,fuf-txal,fuft-xal
fuftxum,fuf-txum,fuft-xum
fuftrin,fuf-trin,fuft-rin
fuftrik,fuf-trik,fuft-rik
fuftris,fuf-tris,fuft-ris
fuftrif,fuf-trif,fuft-rif
fuftriC,fuf-triC,fuft-riC
fuftret,fuf-tret,fuft-ret
fuftrab,fuf-trab,fuft-rab
fuftrag,fuf-trag,fuft-rag
fuftras,fuf-tras,fuft-ras
fuftraf,fuf-traf,fuft-raf
fuftraC,fuf-traC,fuft-raC
fuftral,fuf-tral,fuft-ral
fuftrot,fuf-trot,fuft-rot
fuftrum,fuf-trum,fuft-rum
fuftrub,fuf-trub,fuft-rub
fuftrug,fuf-trug,fuft-rug
fuftrus,fuf-trus,fuft-rus
fuftruf,fuf-truf,fuft-ruf
fuftrux,fuf-trux,fuft-rux
fuftruC,fuf-truC,fuft-ruC
fuftrul,fuf-trul,fuft-rul
fufsmin,fuf-smin,fufs-min
fufsmib,fuf-smib,fufs-mib
fufsmit,fuf-smit,fufs-mit
fufsmis,fuf-smis,fufs-mis
fufsmix,fuf-smix,fufs-mix
fufsmiC,fuf-smiC,fufs-miC
fufsmek,fuf-smek,fufs-mek
fufsmad,fuf-smad,fufs-mad
fufsmas,fuf-smas,fufs-mas
fufsmaf,fuf-smaf,fufs-maf
fufsmax,fuf-smax,fufs-max
fufsmaC,fuf-smaC,fufs-maC
fufsmal,fuf-smal,fufs-mal
fufsmok,fuf-smok,fufs-mok
fufsmub,fuf-smub,fufs-mub
fufsmut,fuf-smut,fufs-mut
fufsmus,fuf-smus,fufs-mus
fufsmuf,fuf-smuf,fufs-muf
fufsmux,fuf-smux,fufs-mux
fufsmuC,fuf-smuC,fufs-muC
fufsmul,fuf-smul,fufs-mul
fufsnif,fuf-snif,fufs-nif
fufsnap,fuf-snap,fufs-nap
fufsnom,fuf-snom,fufs-nom
fufspin,fuf-spin,fufs-pin
fufspib,fuf-spib,fufs-pib
fufspit,fuf-spit,fufs-pit
fufspik,fuf-spik,fufs-pik
fufspis,fuf-spis,fufs-pis
fufspix,fuf-spix,fufs-pix
fufspiC,fuf-spiC,fufs-piC
fufspan,fuf-span,fufs-pan
fufspak,fuf-spak,fufs-pak
fufspas,fuf-spas,fufs-pas
fufspof,fuf-spof,fufs-pof
fufspum,fuf-spum,fufs-pum
fufspug,fuf-spug,fufs-pug
fufspus,fuf-spus,fufs-pus
fufspul,fuf-spul,fufs-pul
fufstef,fuf-stef,fufs-tef
fufstab,fuf-stab,fufs-tab
fufstat,fuf-stat,fufs-tat
fufstal,fuf-stal,fufs-tal
fufstoj,fuf-stoj,fufs-toj
fufstud,fuf-stud,fufs-tud
fufstup,fuf-stup,fufs-tup
fufskim,fuf-skim,fufs-kim
fufskib,fuf-skib,fufs-kib
fufskig,fuf-skig,fufs-kig
fufskit,fuf-skit,fufs-kit
fufskis,fuf-skis,fufs-kis
fufskif,fuf-skif,fufs-kif
fufskix,fuf-skix,fufs-kix
fufskiC,fuf-skiC,fufs-kiC
fufskad,fuf-skad,fufs-kad
fufskag,fuf-skag,fufs-kag
fufskap,fuf-skap,fufs-kap
fufskas,fuf-skas,fufs-kas
fufskaf,fuf-skaf,fufs-kaf
fufskax,fuf-skax,fufs-kax
fufskaC,fuf-skaC,fufs-kaC
fufskal,fuf-skal,fufs-kal
fufskoq,fuf-skoq,fufs-koq
fufskud,fuf-skud,fufs-kud
fufskug,fuf-skug,fufs-kug
fufskup,fuf-skup,fufs-kup
fufskuz,fuf-skuz,fufs-kuz
fufskuf,fuf-skuf,fufs-kuf
fufskux,fuf-skux,fufs-kux
fufskul,fuf-skul,fufs-kul
fufsfim,fuf-sfim,fufs-fim
fufsfib,fuf-sfib,fufs-fib
fufsfit,fuf-sfit,fufs-fit
fufsfis,fuf-sfis,fufs-fis
fufsfif,fuf-sfif,fufs-fif
fufsfix,fuf-sfix,fufs-fix
fufsfiC,fuf-sfiC,fufs-fiC
fufsfam,fuf-sfam,fufs-fam
fufsfab,fuf-sfab,fufs-fab
fufsfag,fuf-sfag,fufs-fag
fufsfat,fuf-sfat,fufs-fat
fufsfaf,fuf-sfaf,fufs-faf
fufsfax,fuf-sfax,fufs-fax
fufsfaC,fuf-sfaC,fufs-faC
fufsfal,fuf-sfal,fufs-fal
fufsfum,fuf-sfum,fufs-fum
fufsfub,fuf-sfub,fufs-fub
fufsfug,fuf-sfug,fufs-fug
fufsfut,fuf-sfut,fufs-fut
fufsfus,fuf-sfus,fufs-fus
fufsfuf,fuf-sfuf,fufs-fuf
fufsfux,fuf-sfux,fufs-fux
fufsfuC,fuf-sfuC,fufs-fuC
fufsvik,fuf-svik,fufs-vik
fufsvas,fuf-svas,fufs-vas
fufsvur,fuf-svur,fufs-vur
fufslim,fuf-slim,fufs-lim
fufslid,fuf-slid,fufs-lid
fufslig,fuf-slig,fufs-lig
fufslip,fuf-slip,fufs-lip
fufslis,fuf-slis,fufs-lis
fufslif,fuf-slif,fufs-lif
fufslix,fuf-slix,fufs-lix
fufsliC,fuf-sliC,fufs-liC
fufslad,fuf-slad,fufs-lad
fufslag,fuf-slag,fufs-lag
fufslap,fuf-slap,fufs-lap
fufslas,fuf-slas,fufs-las
fufslaf,fuf-slaf,fufs-laf
fufslax,fuf-slax,fufs-lax
fufslaC,fuf-slaC,fufs-laC
fufslal,fuf-slal,fufs-lal
fufslom,fuf-slom,fufs-lom
fufslud,fuf-slud,fufs-lud
fufslug,fuf-slug,fufs-lug
fufslup,fuf-slup,fufs-lup
fufslus,fuf-slus,fufs-lus
fufsluf,fuf-sluf,fufs-luf
fufslux,fuf-slux,fufs-lux
fufsluC,fuf-sluC,fufs-luC
fufslur,fuf-slur,fufs-lur
fuxtxal,fux-txal,fuxt-xal
fuxtxum,fux-txum,fuxt-xum
fuxtrin,fux-trin,fuxt-rin
fuxtrik,fux-trik,fuxt-rik
fuxtris,fux-tris,fuxt-ris
fuxtrif,fux-trif,fuxt-rif
fuxtriC,fux-triC,fuxt-riC
fuxtret,fux-tret,fuxt-ret
fuxtrab,fux-trab,fuxt-rab
fuxtrag,fux-trag,fuxt-rag
fuxtras,fux-tras,fuxt-ras
fuxtraf,fux-traf,fuxt-raf
fuxtraC,fux-traC,fuxt-raC
fuxtral,fux-tral,fuxt-ral
fuxtrot,fux-trot,fuxt-rot
fuxtrum,fux-trum,fuxt-rum
fuxtrub,fux-trub,fuxt-rub
fuxtrug,fux-trug,fuxt-rug
fuxtrus,fux-trus,fuxt-rus
fuxtruf,fux-truf,fuxt-ruf
fuxtrux,fux-trux,fuxt-rux
fuxtruC,fux-truC,fuxt-ruC
fuxtrul,fux-trul,fuxt-rul
fulglip,ful-glip,fulg-lip
fulglix,ful-glix,fulg-lix
fulglen,ful-glen,fulg-len
fulgled,ful-gled,fulg-led
fulglez,ful-glez,fulg-lez
fulglav,ful-glav,fulg-lav
fulglaj,ful-glaj,fulg-laj
fulglob,ful-glob,fulg-lob
fulglot,ful-glot,fulg-lot
fulglok,ful-glok,fulg-lok
fulglor,ful-glor,fulg-lor
fulglux,ful-glux,fulg-lux
fulgriv,ful-griv,fulg-riv
fulgrac,ful-grac,fulg-rac
fulgroq,ful-groq,fulg-roq
fulgruv,ful-gruv,fulg-ruv
fultxal,ful-txal,fult-xal
fultxum,ful-txum,fult-xum
fultrin,ful-trin,fult-rin
fultrik,ful-trik,fult-rik
fultris,ful-tris,fult-ris
fultrif,ful-trif,fult-rif
fultriC,ful-triC,fult-riC
fultret,ful-tret,fult-ret
fultrab,ful-trab,fult-rab
fultrag,ful-trag,fult-rag
fultras,ful-tras,fult-ras
fultraf,ful-traf,fult-raf
fultraC,ful-traC,fult-raC
fultral,ful-tral,fult-ral
fultrot,ful-trot,fult-rot
fultrum,ful-trum,fult-rum
fultrub,ful-trub,fult-rub
fultrug,ful-trug,fult-rug
fultrus,ful-trus,fult-rus
fultruf,ful-truf,fult-ruf
fultrux,ful-trux,fult-rux
fultruC,ful-truC,fult-ruC
fultrul,ful-trul,fult-rul
vistxal,vis-txal,vist-xal
vistxum,vis-txum,vist-xum
vistrin,vis-trin,vist-rin
vistrik,vis-trik,vist-rik
vistris,vis-tris,vist-ris
vistrif,vis-trif,vist-rif
vistriC,vis-triC,vist-riC
vistret,vis-tret,vist-ret
vistrab,vis-trab,vist-rab
vistrag,vis-trag,vist-rag
vistras,vis-tras,vist-ras
vistraf,vis-traf,vist-raf
vistraC,vis-traC,vist-raC
vistral,vis-tral,vist-ral
vistrot,vis-trot,vist-rot
vistrum,vis-trum,vist-rum
vistrub,vis-trub,vist-rub
vistrug,vis-trug,vist-rug
vistrus,vis-trus,vist-rus
vistruf,vis-truf,vist-ruf
vistrux,vis-trux,vist-rux
vistruC,vis-truC,vist-ruC
vistrul,vis-trul,vist-rul
vorblim,vor-blim,vorb-lim
vorbliz,vor-bliz,vorb-liz
vorblet,vor-blet,vorb-let
vorblab,vor-blab,vorb-lab
vorbloz,vor-bloz,vorb-loz
vorblof,vor-blof,vorb-lof
vorblor,vor-blor,vorb-lor
vorblum,vor-blum,vorb-lum
vorblub,vor-blub,vorb-lub
vorblut,vor-blut,vorb-lut
vorblux,vor-blux,vorb-lux
vorbrig,vor-brig,vorb-rig
vorbrif,vor-brif,vorb-rif
vorbrak,vor-brak,vorb-rak
vorbruk,vor-bruk,vorb-ruk
vutxnim,vut-xnim,vutx-nim
vutxnib,vut-xnib,vutx-nib
vutxnig,vut-xnig,vutx-nig
vutxnit,vut-xnit,vutx-nit
vutxnis,vut-xnis,vutx-nis
vutxnif,vut-xnif,vutx-nif
vutxnix,vut-xnix,vutx-nix
vutxniC,vut-xniC,vutx-niC
vutxnam,vut-xnam,vutx-nam
vutxnab,vut-xnab,vutx-nab
vutxnag,vut-xnag,vutx-nag
vutxnat,vut-xnat,vutx-nat
vutxnas,vut-xnas,vutx-nas
vutxnaf,vut-xnaf,vutx-naf
vutxnax,vut-xnax,vutx-nax
vutxnaC,vut-xnaC,vutx-naC
vutxnal,vut-xnal,vutx-nal
vutxnum,vut-xnum,vutx-num
vutxnub,vut-xnub,vutx-nub
vutxnug,vut-xnug,vutx-nug
vutxnut,vut-xnut,vutx-nut
vutxnus,vut-xnus,vutx-nus
vutxnuf,vut-xnuf,vutx-nuf
vutxnux,vut-xnux,vutx-nux
vutxnuC,vut-xnuC,vutx-nuC
vutxnul,vut-xnul,vutx-nul
vutxkim,vut-xkim,vutx-kim
vutxkib,vut-xkib,vutx-kib
vutxkig,vut-xkig,vutx-kig
vutxkit,vut-xkit,vutx-kit
vutxkis,vut-xkis,vutx-kis
vutxkif,vut-xkif,vutx-kif
vutxkix,vut-xkix,vutx-kix
vutxkiC,vut-xkiC,vutx-kiC
vutxkam,vut-xkam,vutx-kam
vutxkab,vut-xkab,vutx-kab
vutxkag,vut-xkag,vutx-kag
vutxkat,vut-xkat,vutx-kat
vutxkas,vut-xkas,vutx-kas
vutxkaf,vut-xkaf,vutx-kaf
vutxkax,vut-xkax,vutx-kax
vutxkaC,vut-xkaC,vutx-kaC
vutxkal,vut-xkal,vutx-kal
vutxkum,vut-xkum,vutx-kum
vutxkub,vut-xkub,vutx-kub
vutxkug,vut-xkug,vutx-kug
vutxkut,vut-xkut,vutx-kut
vutxkus,vut-xkus,vutx-kus
vutxkuf,vut-xkuf,vutx-kuf
vutxkux,vut-xkux,vutx-kux
vutxkuC,vut-xkuC,vutx-kuC
vutxkul,vut-xkul,vutx-kul
vutxlim,vut-xlim,vutx-lim
vutxlib,vut-xlib,vutx-lib
vutxlit,vut-xlit,vutx-lit
vutxlik,vut-xlik,vutx-lik
vutxlis,vut-xlis,vutx-lis
vutxlif,vut-xlif,vutx-lif
vutxlix,vut-xlix,vutx-lix
vutxliC,vut-xliC,vutx-liC
vutxlam,vut-xlam,vutx-lam
vutxlab,vut-xlab,vutx-lab
vutxlag,vut-xlag,vutx-lag
vutxlat,vut-xlat,vutx-lat
vutxlas,vut-xlas,vutx-las
vutxlav,vut-xlav,vutx-lav
vutxlax,vut-xlax,vutx-lax
vutxlal,vut-xlal,vutx-lal
vutxlum,vut-xlum,vutx-lum
vutxlub,vut-xlub,vutx-lub
vutxlug,vut-xlug,vutx-lug
vutxlut,vut-xlut,vutx-lut
vutxlus,vut-xlus,vutx-lus
vutxluf,vut-xluf,vutx-luf
vutxlux,vut-xlux,vutx-lux
vutxluC,vut-xluC,vutx-luC
vutxlul,vut-xlul,vutx-lul
vustxal,vus-txal,vust-xal
vustxum,vus-txum,vust-xum
vustrin,vus-trin,vust-rin
vustrik,vus-trik,vust-rik
vustris,vus-tris,vust-ris
vustrif,vus-trif,vust-rif
vustriC,vus-triC,vust-riC
vustret,vus-tret,vust-ret
vustrab,vus-trab,vust-rab
vustrag,vus-trag,vust-rag
vustras,vus-tras,vust-ras
vustraf,vus-traf,vust-raf
vustraC,vus-traC,vust-raC
vustral,vus-tral,vust-ral
vustrot,vus-trot,vust-rot
vustrum,vus-trum,vust-rum
vustrub,vus-trub,vust-rub
vustrug,vus-trug,vust-rug
vustrus,vus-trus,vust-rus
vustruf,vus-truf,vust-ruf
vustrux,vus-trux,vust-rux
vustruC,vus-truC,vust-ruC
vustrul,vus-trul,vust-rul
ximdjin,xim-djin,ximd-jin
ximdjid,xim-djid,ximd-jid
ximdjip,xim-djip,ximd-jip
ximdjiz,xim-djiz,ximd-jiz
ximdjif,xim-djif,ximd-jif
ximdjix,xim-djix,ximd-jix
ximdjek,xim-djek,ximd-jek
ximdjam,xim-djam,ximd-jam
ximdjab,xim-djab,ximd-jab
ximdjat,xim-djat,ximd-jat
ximdjas,xim-djas,ximd-jas
ximdjaf,xim-djaf,ximd-jaf
ximdjax,xim-djax,ximd-jax
ximdjaC,xim-djaC,ximd-jaC
ximdjok,xim-djok,ximd-jok
ximdjud,xim-djud,ximd-jud
ximdjup,xim-djup,ximd-jup
ximdjus,xim-djus,ximd-jus
ximdjuf,xim-djuf,ximd-juf
ximdjux,xim-djux,ximd-jux
ximdjuC,xim-djuC,ximd-juC
ximdjul,xim-djul,ximd-jul
ximdrib,xim-drib,ximd-rib
ximdrix,xim-drix,ximd-rix
ximdram,xim-dram,ximd-ram
ximdrax,xim-drax,ximd-rax
ximplib,xim-plib,ximp-lib
ximplix,xim-plix,ximp-lix
ximplan,xim-plan,ximp-lan
ximplax,xim-plax,ximp-lax
xinksim,xin-ksim,xink-sim
xinksib,xin-ksib,xink-sib
xinksig,xin-ksig,xink-sig
xinksit,xin-ksit,xink-sit
xinksis,xin-ksis,xink-sis
xinksif,xin-ksif,xink-sif
xinksix,xin-ksix,xink-six
xinksiC,xin-ksiC,xink-siC
xinksam,xin-ksam,xink-sam
xinksab,xin-ksab,xink-sab
xinksag,xin-ksag,xink-sag
xinksat,xin-ksat,xink-sat
xinksas,xin-ksas,xink-sas
xinksaf,xin-ksaf,xink-saf
xinksax,xin-ksax,xink-sax
xinksaC,xin-ksaC,xink-saC
xinksal,xin-ksal,xink-sal
xinksum,xin-ksum,xink-sum
xinksub,xin-ksub,xink-sub
xinksug,xin-ksug,xink-sug
xinksut,xin-ksut,xink-sut
xinksus,xin-ksus,xink-sus
xinksuf,xin-ksuf,xink-suf
xinksux,xin-ksux,xink-sux
xinksuC,xin-ksuC,xink-suC
xinksul,xin-ksul,xink-sul
xinklek,xin-klek,xink-lek
xinkloz,xin-kloz,xink-loz
xipflid,xip-flid,xipf-lid
xipflip,xip-flip,xipf-lip
xipflif,xip-flif,xipf-lif
xipflem,xip-flem,xipf-lem
xipflek,xip-flek,xipf-lek
xipfleC,xip-fleC,xipf-leC
xipflad,xip-flad,xipf-lad
xipflap,xip-flap,xipf-lap
xipflaf,xip-flaf,xipf-laf
xipflax,xip-flax,xipf-lax
xipflom,xip-flom,xipf-lom
xipflok,xip-flok,xipf-lok
xipflor,xip-flor,xipf-lor
xipflud,xip-flud,xipf-lud
xipflup,xip-flup,xipf-lup
xipfluz,xip-fluz,xipf-luz
xipfluf,xip-fluf,xipf-luf
xipflux,xip-flux,xipf-lux
xipfris,xip-fris,xipf-ris
xipfrix,xip-frix,xipf-rix
xipfras,xip-fras,xipf-ras
xipxnim,xip-xnim,xipx-nim
xipxnib,xip-xnib,xipx-nib
xipxnig,xip-xnig,xipx-nig
xipxnit,xip-xnit,xipx-nit
xipxnis,xip-xnis,xipx-nis
xipxnif,xip-xnif,xipx-nif
xipxnix,xip-xnix,xipx-nix
xipxniC,xip-xniC,xipx-niC
xipxnam,xip-xnam,xipx-nam
xipxnab,xip-xnab,xipx-nab
xipxnag,xip-xnag,xipx-nag
xipxnat,xip-xnat,xipx-nat
xipxnas,xip-xnas,xipx-nas
xipxnaf,xip-xnaf,xipx-naf
xipxnax,xip-xnax,xipx-nax
xipxnaC,xip-xnaC,xipx-naC
xipxnal,xip-xnal,xipx-nal
xipxnum,xip-xnum,xipx-num
xipxnub,xip-xnub,xipx-nub
xipxnug,xip-xnug,xipx-nug
xipxnut,xip-xnut,xipx-nut
xipxnus,xip-xnus,xipx-nus
xipxnuf,xip-xnuf,xipx-nuf
xipxnux,xip-xnux,xipx-nux
xipxnuC,xip-xnuC,xipx-nuC
xipxnul,xip-xnul,xipx-nul
xipxkim,xip-xkim,xipx-kim
xipxkib,xip-xkib,xipx-kib
xipxkig,xip-xkig,xipx-kig
xipxkit,xip-xkit,xipx-kit
xipxkis,xip-xkis,xipx-kis
xipxkif,xip-xkif,xipx-kif
xipxkix,xip-xkix,xipx-kix
xipxkiC,xip-xkiC,xipx-kiC
xipxkam,xip-xkam,xipx-kam
xipxkab,xip-xkab,xipx-kab
xipxkag,xip-xkag,xipx-kag
xipxkat,xip-xkat,xipx-kat
xipxkas,xip-xkas,xipx-kas
xipxkaf,xip-xkaf,xipx-kaf
xipxkax,xip-xkax,xipx-kax
xipxkaC,xip-xkaC,xipx-kaC
xipxkal,xip-xkal,xipx-kal
xipxkum,xip-xkum,xipx-kum
xipxkub,xip-xkub,xipx-kub
xipxkug,xip-xkug,xipx-kug
xipxkut,xip-xkut,xipx-kut
xipxkus,xip-xkus,xipx-kus
xipxkuf,xip-xkuf,xipx-kuf
xipxkux,xip-xkux,xipx-kux
xipxkuC,xip-xkuC,xipx-kuC
xipxkul,xip-xkul,xipx-kul
xipxlim,xip-xlim,xipx-lim
xipxlib,xip-xlib,xipx-lib
xipxlit,xip-xlit,xipx-lit
xipxlik,xip-xlik,xipx-lik
xipxlis,xip-xlis,xipx-lis
xipxlif,xip-xlif,xipx-lif
xipxlix,xip-xlix,xipx-lix
xipxliC,xip-xliC,xipx-liC
xipxlam,xip-xlam,xipx-lam
xipxlab,xip-xlab,xipx-lab
xipxlag,xip-xlag,xipx-lag
xipxlat,xip-xlat,xipx-lat
xipxlas,xip-xlas,xipx-las
xipxlav,xip-xlav,xipx-lav
xipxlax,xip-xlax,xipx-lax
xipxlal,xip-xlal,xipx-lal
xipxlum,xip-xlum,xipx-lum
xipxlub,xip-xlub,xipx-lub
xipxlug,xip-xlug,xipx-lug
xipxlut,xip-xlut,xipx-lut
xipxlus,xip-xlus,xipx-lus
xipxluf,xip-xluf,xipx-luf
xipxlux,xip-xlux,xipx-lux
xipxluC,xip-xluC,xipx-luC
xipxlul,xip-xlul,xipx-lul
xikxnim,xik-xnim,xikx-nim
xikxnib,xik-xnib,xikx-nib
xikxnig,xik-xnig,xikx-nig
xikxnit,xik-xnit,xikx-nit
xikxnis,xik-xnis,xikx-nis
xikxnif,xik-xnif,xikx-nif
xikxnix,xik-xnix,xikx-nix
xikxniC,xik-xniC,xikx-niC
xikxnam,xik-xnam,xikx-nam
xikxnab,xik-xnab,xikx-nab
xikxnag,xik-xnag,xikx-nag
xikxnat,xik-xnat,xikx-nat
xikxnas,xik-xnas,xikx-nas
xikxnaf,xik-xnaf,xikx-naf
xikxnax,xik-xnax,xikx-nax
xikxnaC,xik-xnaC,xikx-naC
xikxnal,xik-xnal,xikx-nal
xikxnum,xik-xnum,xikx-num
xikxnub,xik-xnub,xikx-nub
xikxnug,xik-xnug,xikx-nug
xikxnut,xik-xnut,xikx-nut
xikxnus,xik-xnus,xikx-nus
xikxnuf,xik-xnuf,xikx-nuf
xikxnux,xik-xnux,xikx-nux
xikxnuC,xik-xnuC,xikx-nuC
xikxnul,xik-xnul,xikx-nul
xikxkim,xik-xkim,xikx-kim
xikxkib,xik-xkib,xikx-kib
xikxkig,xik-xkig,xikx-kig
xikxkit,xik-xkit,xikx-kit
xikxkis,xik-xkis,xikx-kis
xikxkif,xik-xkif,xikx-kif
xikxkix,xik-xkix,xikx-kix
xikxkiC,xik-xkiC,xikx-kiC
xikxkam,xik-xkam,xikx-kam
xikxkab,xik-xkab,xikx-kab
xikxkag,xik-xkag,xikx-kag
xikxkat,xik-xkat,xikx-kat
xikxkas,xik-xkas,xikx-kas
xikxkaf,xik-xkaf,xikx-kaf
xikxkax,xik-xkax,xikx-kax
xikxkaC,xik-xkaC,xikx-kaC
xikxkal,xik-xkal,xikx-kal
xikxkum,xik-xkum,xikx-kum
xikxkub,xik-xkub,xikx-kub
xikxkug,xik-xkug,xikx-kug
xikxkut,xik-xkut,xikx-kut
xikxkus,xik-xkus,xikx-kus
xikxkuf,xik-xkuf,xikx-kuf
xikxkux,xik-xkux,xikx-kux
xikxkuC,xik-xkuC,xikx-kuC
xikxkul,xik-xkul,xikx-kul
xikxlim,xik-xlim,xikx-lim
xikxlib,xik-xlib,xikx-lib
xikxlit,xik-xlit,xikx-lit
xikxlik,xik-xlik,xikx-lik
xikxlis,xik-xlis,xikx-lis
xikxlif,xik-xlif,xikx-lif
xikxlix,xik-xlix,xikx-lix
xikxliC,xik-xliC,xikx-liC
xikxlam,xik-xlam,xikx-lam
xikxlab,xik-xlab,xikx-lab
xikxlag,xik-xlag,xikx-lag
xikxlat,xik-xlat,xikx-lat
xikxlas,xik-xlas,xikx-las
xikxlav,xik-xlav,xikx-lav
xikxlax,xik-xlax,xikx-lax
xikxlal,xik-xlal,xikx-lal
xikxlum,xik-xlum,xikx-lum
xikxlub,xik-xlub,xikx-lub
xikxlug,xik-xlug,xikx-lug
xikxlut,xik-xlut,xikx-lut
xikxlus,xik-xlus,xikx-lus
xikxluf,xik-xluf,xikx-luf
xikxlux,xik-xlux,xikx-lux
xikxluC,xik-xluC,xikx-luC
xikxlul,xik-xlul,xikx-lul
xisplib,xis-plib,xisp-lib
xisplix,xis-plix,xisp-lix
xisplan,xis-plan,xisp-lan
xisplax,xis-plax,xisp-lax
xisksim,xis-ksim,xisk-sim
xisksib,xis-ksib,xisk-sib
xisksig,xis-ksig,xisk-sig
xisksit,xis-ksit,xisk-sit
xisksis,xis-ksis,xisk-sis
xisksif,xis-ksif,xisk-sif
xisksix,xis-ksix,xisk-six
xisksiC,xis-ksiC,xisk-siC
xisksam,xis-ksam,xisk-sam
xisksab,xis-ksab,xisk-sab
xisksag,xis-ksag,xisk-sag
xisksat,xis-ksat,xisk-sat
xisksas,xis-ksas,xisk-sas
xisksaf,xis-ksaf,xisk-saf
xisksax,xis-ksax,xisk-sax
xisksaC,xis-ksaC,xisk-saC
xisksal,xis-ksal,xisk-sal
xisksum,xis-ksum,xisk-sum
xisksub,xis-ksub,xisk-sub
xisksug,xis-ksug,xisk-sug
xisksut,xis-ksut,xisk-sut
xisksus,xis-ksus,xisk-sus
xisksuf,xis-ksuf,xisk-suf
xisksux,xis-ksux,xisk-sux
xisksuC,xis-ksuC,xisk-suC
xisksul,xis-ksul,xisk-sul
xisklek,xis-klek,xisk-lek
xiskloz,xis-kloz,xisk-loz
xiftxal,xif-txal,xift-xal
xiftxum,xif-txum,xift-xum
xiftrin,xif-trin,xift-rin
xiftrik,xif-trik,xift-rik
xiftris,xif-tris,xift-ris
xiftrif,xif-trif,xift-rif
xiftriC,xif-triC,xift-riC
xiftret,xif-tret,xift-ret
xiftrab,xif-trab,xift-rab
xiftrag,xif-trag,xift-rag
xiftras,xif-tras,xift-ras
xiftraf,xif-traf,xift-raf
xiftraC,xif-traC,xift-raC
xiftral,xif-tral,xift-ral
xiftrot,xif-trot,xift-rot
xiftrum,xif-trum,xift-rum
xiftrub,xif-trub,xift-rub
xiftrug,xif-trug,xift-rug
xiftrus,xif-trus,xift-rus
xiftruf,xif-truf,xift-ruf
xiftrux,xif-trux,xift-rux
xiftruC,xif-truC,xift-ruC
xiftrul,xif-trul,xift-rul
xifsmin,xif-smin,xifs-min
xifsmib,xif-smib,xifs-mib
xifsmit,xif-smit,xifs-mit
xifsmis,xif-smis,xifs-mis
xifsmix,xif-smix,xifs-mix
xifsmiC,xif-smiC,xifs-miC
xifsmek,xif-smek,xifs-mek
xifsmad,xif-smad,xifs-mad
xifsmas,xif-smas,xifs-mas
xifsmaf,xif-smaf,xifs-maf
xifsmax,xif-smax,xifs-max
xifsmaC,xif-smaC,xifs-maC
xifsmal,xif-smal,xifs-mal
xifsmok,xif-smok,xifs-mok
xifsmub,xif-smub,xifs-mub
xifsmut,xif-smut,xifs-mut
xifsmus,xif-smus,xifs-mus
xifsmuf,xif-smuf,xifs-muf
xifsmux,xif-smux,xifs-mux
xifsmuC,xif-smuC,xifs-muC
xifsmul,xif-smul,xifs-mul
xifsnif,xif-snif,xifs-nif
xifsnap,xif-snap,xifs-nap
xifsnom,xif-snom,xifs-nom
xifspin,xif-spin,xifs-pin
xifspib,xif-spib,xifs-pib
xifspit,xif-spit,xifs-pit
xifspik,xif-spik,xifs-pik
xifspis,xif-spis,xifs-pis
xifspix,xif-spix,xifs-pix
xifspiC,xif-spiC,xifs-piC
xifspan,xif-span,xifs-pan
xifspak,xif-spak,xifs-pak
xifspas,xif-spas,xifs-pas
xifspof,xif-spof,xifs-pof
xifspum,xif-spum,xifs-pum
xifspug,xif-spug,xifs-pug
xifspus,xif-spus,xifs-pus
xifspul,xif-spul,xifs-pul
xifstef,xif-stef,xifs-tef
xifstab,xif-stab,xifs-tab
xifstat,xif-stat,xifs-tat
xifstal,xif-stal,xifs-tal
xifstoj,xif-stoj,xifs-toj
xifstud,xif-stud,xifs-tud
xifstup,xif-stup,xifs-tup
xifskim,xif-skim,xifs-kim
xifskib,xif-skib,xifs-kib
xifskig,xif-skig,xifs-kig
xifskit,xif-skit,xifs-kit
xifskis,xif-skis,xifs-kis
xifskif,xif-skif,xifs-kif
xifskix,xif-skix,xifs-kix
xifskiC,xif-skiC,xifs-kiC
xifskad,xif-skad,xifs-kad
xifskag,xif-skag,xifs-kag
xifskap,xif-skap,xifs-kap
xifskas,xif-skas,xifs-kas
xifskaf,xif-skaf,xifs-kaf
xifskax,xif-skax,xifs-kax
xifskaC,xif-skaC,xifs-kaC
xifskal,xif-skal,xifs-kal
xifskoq,xif-skoq,xifs-koq
xifskud,xif-skud,xifs-kud
xifskug,xif-skug,xifs-kug
xifskup,xif-skup,xifs-kup
xifskuz,xif-skuz,xifs-kuz
xifskuf,xif-skuf,xifs-kuf
xifskux,xif-skux,xifs-kux
xifskul,xif-skul,xifs-kul
xifsfim,xif-sfim,xifs-fim
xifsfib,xif-sfib,xifs-fib
xifsfit,xif-sfit,xifs-fit
xifsfis,xif-sfis,xifs-fis
xifsfif,xif-sfif,xifs-fif
xifsfix,xif-sfix,xifs-fix
xifsfiC,xif-sfiC,xifs-fiC
xifsfam,xif-sfam,xifs-fam
xifsfab,xif-sfab,xifs-fab
xifsfag,xif-sfag,xifs-fag
xifsfat,xif-sfat,xifs-fat
xifsfaf,xif-sfaf,xifs-faf
xifsfax,xif-sfax,xifs-fax
xifsfaC,xif-sfaC,xifs-faC
xifsfal,xif-sfal,xifs-fal
xifsfum,xif-sfum,xifs-fum
xifsfub,xif-sfub,xifs-fub
xifsfug,xif-sfug,xifs-fug
xifsfut,xif-sfut,xifs-fut
xifsfus,xif-sfus,xifs-fus
xifsfuf,xif-sfuf,xifs-fuf
xifsfux,xif-sfux,xifs-fux
xifsfuC,xif-sfuC,xifs-fuC
xifsvik,xif-svik,xifs-vik
xifsvas,xif-svas,xifs-vas
xifsvur,xif-svur,xifs-vur
xifslim,xif-slim,xifs-lim
xifslid,xif-slid,xifs-lid
xifslig,xif-slig,xifs-lig
xifslip,xif-slip,xifs-lip
xifslis,xif-slis,xifs-lis
xifslif,xif-slif,xifs-lif
xifslix,xif-slix,xifs-lix
xifsliC,xif-sliC,xifs-liC
xifslad,xif-slad,xifs-lad
xifslag,xif-slag,xifs-lag
xifslap,xif-slap,xifs-lap
xifslas,xif-slas,xifs-las
xifslaf,xif-slaf,xifs-laf
xifslax,xif-slax,xifs-lax
xifslaC,xif-slaC,xifs-laC
xifslal,xif-slal,xifs-lal
xifslom,xif-slom,xifs-lom
xifslud,xif-slud,xifs-lud
xifslug,xif-slug,xifs-lug
xifslup,xif-slup,xifs-lup
xifslus,xif-slus,xifs-lus
xifsluf,xif-sluf,xifs-luf
xifslux,xif-slux,xifs-lux
xifsluC,xif-sluC,xifs-luC
xifslur,xif-slur,xifs-lur
xixtxal,xix-txal,xixt-xal
xixtxum,xix-txum,xixt-xum
xixtrin,xix-trin,xixt-rin
xixtrik,xix-trik,xixt-rik
xixtris,xix-tris,xixt-ris
xixtrif,xix-trif,xixt-rif
xixtriC,xix-triC,xixt-riC
xixtret,xix-tret,xixt-ret
xixtrab,xix-trab,xixt-rab
xixtrag,xix-trag,xixt-rag
xixtras,xix-tras,xixt-ras
xixtraf,xix-traf,xixt-raf
xixtraC,xix-traC,xixt-raC
xixtral,xix-tral,xixt-ral
xixtrot,xix-trot,xixt-rot
xixtrum,xix-trum,xixt-rum
xixtrub,xix-trub,xixt-rub
xixtrug,xix-trug,xixt-rug
xixtrus,xix-trus,xixt-rus
xixtruf,xix-truf,xixt-ruf
xixtrux,xix-trux,xixt-rux
xixtruC,xix-truC,xixt-ruC
xixtrul,xix-trul,xixt-rul
xantxal,xan-txal,xant-xal
xantxum,xan-txum,xant-xum
xantrin,xan-trin,xant-rin
xantrik,xan-trik,xant-rik
xantris,xan-tris,xant-ris
xantrif,xan-trif,xant-rif
xantriC,xan-triC,xant-riC
xantret,xan-tret,xant-ret
xantrab,xan-trab,xant-rab
xantrag,xan-trag,xant-rag
xantras,xan-tras,xant-ras
xantraf,xan-traf,xant-raf
xantraC,xan-traC,xant-raC
xantral,xan-tral,xant-ral
xantrot,xan-trot,xant-rot
xantrum,xan-trum,xant-rum
xantrub,xan-trub,xant-rub
xantrug,xan-trug,xant-rug
xantrus,xan-trus,xant-rus
xantruf,xan-truf,xant-ruf
xantrux,xan-trux,xant-rux
xantruC,xan-truC,xant-ruC
xantrul,xan-trul,xant-rul
xanksim,xan-ksim,xank-sim
xanksib,xan-ksib,xank-sib
xanksig,xan-ksig,xank-sig
xanksit,xan-ksit,xank-sit
xanksis,xan-ksis,xank-sis
xanksif,xan-ksif,xank-sif
xanksix,xan-ksix,xank-six
xanksiC,xan-ksiC,xank-siC
xanksam,xan-ksam,xank-sam
xanksab,xan-ksab,xank-sab
xanksag,xan-ksag,xank-sag
xanksat,xan-ksat,xank-sat
xanksas,xan-ksas,xank-sas
xanksaf,xan-ksaf,xank-saf
xanksax,xan-ksax,xank-sax
xanksaC,xan-ksaC,xank-saC
xanksal,xan-ksal,xank-sal
xanksum,xan-ksum,xank-sum
xanksub,xan-ksub,xank-sub
xanksug,xan-ksug,xank-sug
xanksut,xan-ksut,xank-sut
xanksus,xan-ksus,xank-sus
xanksuf,xan-ksuf,xank-suf
xanksux,xan-ksux,xank-sux
xanksuC,xan-ksuC,xank-suC
xanksul,xan-ksul,xank-sul
xanklek,xan-klek,xank-lek
xankloz,xan-kloz,xank-loz
xapflid,xap-flid,xapf-lid
xapflip,xap-flip,xapf-lip
xapflif,xap-flif,xapf-lif
xapflem,xap-flem,xapf-lem
xapflek,xap-flek,xapf-lek
xapfleC,xap-fleC,xapf-leC
xapflad,xap-flad,xapf-lad
xapflap,xap-flap,xapf-lap
xapflaf,xap-flaf,xapf-laf
xapflax,xap-flax,xapf-lax
xapflom,xap-flom,xapf-lom
xapflok,xap-flok,xapf-lok
xapflor,xap-flor,xapf-lor
xapflud,xap-flud,xapf-lud
xapflup,xap-flup,xapf-lup
xapfluz,xap-fluz,xapf-luz
xapfluf,xap-fluf,xapf-luf
xapflux,xap-flux,xapf-lux
xapfris,xap-fris,xapf-ris
xapfrix,xap-frix,xapf-rix
xapfras,xap-fras,xapf-ras
xapxnim,xap-xnim,xapx-nim
xapxnib,xap-xnib,xapx-nib
xapxnig,xap-xnig,xapx-nig
xapxnit,xap-xnit,xapx-nit
xapxnis,xap-xnis,xapx-nis
xapxnif,xap-xnif,xapx-nif
xapxnix,xap-xnix,xapx-nix
xapxniC,xap-xniC,xapx-niC
xapxnam,xap-xnam,xapx-nam
xapxnab,xap-xnab,xapx-nab
xapxnag,xap-xnag,xapx-nag
xapxnat,xap-xnat,xapx-nat
xapxnas,xap-xnas,xapx-nas
xapxnaf,xap-xnaf,xapx-naf
xapxnax,xap-xnax,xapx-nax
xapxnaC,xap-xnaC,xapx-naC
xapxnal,xap-xnal,xapx-nal
xapxnum,xap-xnum,xapx-num
xapxnub,xap-xnub,xapx-nub
xapxnug,xap-xnug,xapx-nug
xapxnut,xap-xnut,xapx-nut
xapxnus,xap-xnus,xapx-nus
xapxnuf,xap-xnuf,xapx-nuf
xapxnux,xap-xnux,xapx-nux
xapxnuC,xap-xnuC,xapx-nuC
xapxnul,xap-xnul,xapx-nul
xapxkim,xap-xkim,xapx-kim
xapxkib,xap-xkib,xapx-kib
xapxkig,xap-xkig,xapx-kig
xapxkit,xap-xkit,xapx-kit
xapxkis,xap-xkis,xapx-kis
xapxkif,xap-xkif,xapx-kif
xapxkix,xap-xkix,xapx-kix
xapxkiC,xap-xkiC,xapx-kiC
xapxkam,xap-xkam,xapx-kam
xapxkab,xap-xkab,xapx-kab
xapxkag,xap-xkag,xapx-kag
xapxkat,xap-xkat,xapx-kat
xapxkas,xap-xkas,xapx-kas
xapxkaf,xap-xkaf,xapx-kaf
xapxkax,xap-xkax,xapx-kax
xapxkaC,xap-xkaC,xapx-kaC
xapxkal,xap-xkal,xapx-kal
xapxkum,xap-xkum,xapx-kum
xapxkub,xap-xkub,xapx-kub
xapxkug,xap-xkug,xapx-kug
xapxkut,xap-xkut,xapx-kut
xapxkus,xap-xkus,xapx-kus
xapxkuf,xap-xkuf,xapx-kuf
xapxkux,xap-xkux,xapx-kux
xapxkuC,xap-xkuC,xapx-kuC
xapxkul,xap-xkul,xapx-kul
xapxlim,xap-xlim,xapx-lim
xapxlib,xap-xlib,xapx-lib
xapxlit,xap-xlit,xapx-lit
xapxlik,xap-xlik,xapx-lik
xapxlis,xap-xlis,xapx-lis
xapxlif,xap-xlif,xapx-lif
xapxlix,xap-xlix,xapx-lix
xapxliC,xap-xliC,xapx-liC
xapxlam,xap-xlam,xapx-lam
xapxlab,xap-xlab,xapx-lab
xapxlag,xap-xlag,xapx-lag
xapxlat,xap-xlat,xapx-lat
xapxlas,xap-xlas,xapx-las
xapxlav,xap-xlav,xapx-lav
xapxlax,xap-xlax,xapx-lax
xapxlal,xap-xlal,xapx-lal
xapxlum,xap-xlum,xapx-lum
xapxlub,xap-xlub,xapx-lub
xapxlug,xap-xlug,xapx-lug
xapxlut,xap-xlut,xapx-lut
xapxlus,xap-xlus,xapx-lus
xapxluf,xap-xluf,xapx-luf
xapxlux,xap-xlux,xapx-lux
xapxluC,xap-xluC,xapx-luC
xapxlul,xap-xlul,xapx-lul
xakxnim,xak-xnim,xakx-nim
xakxnib,xak-xnib,xakx-nib
xakxnig,xak-xnig,xakx-nig
xakxnit,xak-xnit,xakx-nit
xakxnis,xak-xnis,xakx-nis
xakxnif,xak-xnif,xakx-nif
xakxnix,xak-xnix,xakx-nix
xakxniC,xak-xniC,xakx-niC
xakxnam,xak-xnam,xakx-nam
xakxnab,xak-xnab,xakx-nab
xakxnag,xak-xnag,xakx-nag
xakxnat,xak-xnat,xakx-nat
xakxnas,xak-xnas,xakx-nas
xakxnaf,xak-xnaf,xakx-naf
xakxnax,xak-xnax,xakx-nax
xakxnaC,xak-xnaC,xakx-naC
xakxnal,xak-xnal,xakx-nal
xakxnum,xak-xnum,xakx-num
xakxnub,xak-xnub,xakx-nub
xakxnug,xak-xnug,xakx-nug
xakxnut,xak-xnut,xakx-nut
xakxnus,xak-xnus,xakx-nus
xakxnuf,xak-xnuf,xakx-nuf
xakxnux,xak-xnux,xakx-nux
xakxnuC,xak-xnuC,xakx-nuC
xakxnul,xak-xnul,xakx-nul
xakxkim,xak-xkim,xakx-kim
xakxkib,xak-xkib,xakx-kib
xakxkig,xak-xkig,xakx-kig
xakxkit,xak-xkit,xakx-kit
xakxkis,xak-xkis,xakx-kis
xakxkif,xak-xkif,xakx-kif
xakxkix,xak-xkix,xakx-kix
xakxkiC,xak-xkiC,xakx-kiC
xakxkam,xak-xkam,xakx-kam
xakxkab,xak-xkab,xakx-kab
xakxkag,xak-xkag,xakx-kag
xakxkat,xak-xkat,xakx-kat
xakxkas,xak-xkas,xakx-kas
xakxkaf,xak-xkaf,xakx-kaf
xakxkax,xak-xkax,xakx-kax
xakxkaC,xak-xkaC,xakx-kaC
xakxkal,xak-xkal,xakx-kal
xakxkum,xak-xkum,xakx-kum
xakxkub,xak-xkub,xakx-kub
xakxkug,xak-xkug,xakx-kug
xakxkut,xak-xkut,xakx-kut
xakxkus,xak-xkus,xakx-kus
xakxkuf,xak-xkuf,xakx-kuf
xakxkux,xak-xkux,xakx-kux
xakxkuC,xak-xkuC,xakx-kuC
xakxkul,xak-xkul,xakx-kul
xakxlim,xak-xlim,xakx-lim
xakxlib,xak-xlib,xakx-lib
xakxlit,xak-xlit,xakx-lit
xakxlik,xak-xlik,xakx-lik
xakxlis,xak-xlis,xakx-lis
xakxlif,xak-xlif,xakx-lif
xakxlix,xak-xlix,xakx-lix
xakxliC,xak-xliC,xakx-liC
xakxlam,xak-xlam,xakx-lam
xakxlab,xak-xlab,xakx-lab
xakxlag,xak-xlag,xakx-lag
xakxlat,xak-xlat,xakx-lat
xakxlas,xak-xlas,xakx-las
xakxlav,xak-xlav,xakx-lav
xakxlax,xak-xlax,xakx-lax
xakxlal,xak-xlal,xakx-lal
xakxlum,xak-xlum,xakx-lum
xakxlub,xak-xlub,xakx-lub
xakxlug,xak-xlug,xakx-lug
xakxlut,xak-xlut,xakx-lut
xakxlus,xak-xlus,xakx-lus
xakxluf,xak-xluf,xakx-luf
xakxlux,xak-xlux,xakx-lux
xakxluC,xak-xluC,xakx-luC
xakxlul,xak-xlul,xakx-lul
xasplib,xas-plib,xasp-lib
xasplix,xas-plix,xasp-lix
xasplan,xas-plan,xasp-lan
xasplax,xas-plax,xasp-lax
xasksim,xas-ksim,xask-sim
xasksib,xas-ksib,xask-sib
xasksig,xas-ksig,xask-sig
xasksit,xas-ksit,xask-sit
xasksis,xas-ksis,xask-sis
xasksif,xas-ksif,xask-sif
xasksix,xas-ksix,xask-six
xasksiC,xas-ksiC,xask-siC
xasksam,xas-ksam,xask-sam
xasksab,xas-ksab,xask-sab
xasksag,xas-ksag,xask-sag
xasksat,xas-ksat,xask-sat
xasksas,xas-ksas,xask-sas
xasksaf,xas-ksaf,xask-saf
xasksax,xas-ksax,xask-sax
xasksaC,xas-ksaC,xask-saC
xasksal,xas-ksal,xask-sal
xasksum,xas-ksum,xask-sum
xasksub,xas-ksub,xask-sub
xasksug,xas-ksug,xask-sug
xasksut,xas-ksut,xask-sut
xasksus,xas-ksus,xask-sus
xasksuf,xas-ksuf,xask-suf
xasksux,xas-ksux,xask-sux
xasksuC,xas-ksuC,xask-suC
xasksul,xas-ksul,xask-sul
xasklek,xas-klek,xask-lek
xaskloz,xas-kloz,xask-loz
xaftxal,xaf-txal,xaft-xal
xaftxum,xaf-txum,xaft-xum
xaftrin,xaf-trin,xaft-rin
xaftrik,xaf-trik,xaft-rik
xaftris,xaf-tris,xaft-ris
xaftrif,xaf-trif,xaft-rif
xaftriC,xaf-triC,xaft-riC
xaftret,xaf-tret,xaft-ret
xaftrab,xaf-trab,xaft-rab
xaftrag,xaf-trag,xaft-rag
xaftras,xaf-tras,xaft-ras
xaftraf,xaf-traf,xaft-raf
xaftraC,xaf-traC,xaft-raC
xaftral,xaf-tral,xaft-ral
xaftrot,xaf-trot,xaft-rot
xaftrum,xaf-trum,xaft-rum
xaftrub,xaf-trub,xaft-rub
xaftrug,xaf-trug,xaft-rug
xaftrus,xaf-trus,xaft-rus
xaftruf,xaf-truf,xaft-ruf
xaftrux,xaf-trux,xaft-rux
xaftruC,xaf-truC,xaft-ruC
xaftrul,xaf-trul,xaft-rul
xafsmin,xaf-smin,xafs-min
xafsmib,xaf-smib,xafs-mib
xafsmit,xaf-smit,xafs-mit
xafsmis,xaf-smis,xafs-mis
xafsmix,xaf-smix,xafs-mix
xafsmiC,xaf-smiC,xafs-miC
xafsmek,xaf-smek,xafs-mek
xafsmad,xaf-smad,xafs-mad
xafsmas,xaf-smas,xafs-mas
xafsmaf,xaf-smaf,xafs-maf
xafsmax,xaf-smax,xafs-max
xafsmaC,xaf-smaC,xafs-maC
xafsmal,xaf-smal,xafs-mal
xafsmok,xaf-smok,xafs-mok
xafsmub,xaf-smub,xafs-mub
xafsmut,xaf-smut,xafs-mut
xafsmus,xaf-smus,xafs-mus
xafsmuf,xaf-smuf,xafs-muf
xafsmux,xaf-smux,xafs-mux
xafsmuC,xaf-smuC,xafs-muC
xafsmul,xaf-smul,xafs-mul
xafsnif,xaf-snif,xafs-nif
xafsnap,xaf-snap,xafs-nap
xafsnom,xaf-snom,xafs-nom
xafspin,xaf-spin,xafs-pin
xafspib,xaf-spib,xafs-pib
xafspit,xaf-spit,xafs-pit
xafspik,xaf-spik,xafs-pik
xafspis,xaf-spis,xafs-pis
xafspix,xaf-spix,xafs-pix
xafspiC,xaf-spiC,xafs-piC
xafspan,xaf-span,xafs-pan
xafspak,xaf-spak,xafs-pak
xafspas,xaf-spas,xafs-pas
xafspof,xaf-spof,xafs-pof
xafspum,xaf-spum,xafs-pum
xafspug,xaf-spug,xafs-pug
xafspus,xaf-spus,xafs-pus
xafspul,xaf-spul,xafs-pul
xafstef,xaf-stef,xafs-tef
xafstab,xaf-stab,xafs-tab
xafstat,xaf-stat,xafs-tat
xafstal,xaf-stal,xafs-tal
xafstoj,xaf-stoj,xafs-toj
xafstud,xaf-stud,xafs-tud
xafstup,xaf-stup,xafs-tup
xafskim,xaf-skim,xafs-kim
xafskib,xaf-skib,xafs-kib
xafskig,xaf-skig,xafs-kig
xafskit,xaf-skit,xafs-kit
xafskis,xaf-skis,xafs-kis
xafskif,xaf-skif,xafs-kif
xafskix,xaf-skix,xafs-kix
xafskiC,xaf-skiC,xafs-kiC
xafskad,xaf-skad,xafs-kad
xafskag,xaf-skag,xafs-kag
xafskap,xaf-skap,xafs-kap
xafskas,xaf-skas,xafs-kas
xafskaf,xaf-skaf,xafs-kaf
xafskax,xaf-skax,xafs-kax
xafskaC,xaf-skaC,xafs-kaC
xafskal,xaf-skal,xafs-kal
xafskoq,xaf-skoq,xafs-koq
xafskud,xaf-skud,xafs-kud
xafskug,xaf-skug,xafs-kug
xafskup,xaf-skup,xafs-kup
xafskuz,xaf-skuz,xafs-kuz
xafskuf,xaf-skuf,xafs-kuf
xafskux,xaf-skux,xafs-kux
xafskul,xaf-skul,xafs-kul
xafsfim,xaf-sfim,xafs-fim
xafsfib,xaf-sfib,xafs-fib
xafsfit,xaf-sfit,xafs-fit
xafsfis,xaf-sfis,xafs-fis
xafsfif,xaf-sfif,xafs-fif
xafsfix,xaf-sfix,xafs-fix
xafsfiC,xaf-sfiC,xafs-fiC
xafsfam,xaf-sfam,xafs-fam
xafsfab,xaf-sfab,xafs-fab
xafsfag,xaf-sfag,xafs-fag
xafsfat,xaf-sfat,xafs-fat
xafsfaf,xaf-sfaf,xafs-faf
xafsfax,xaf-sfax,xafs-fax
xafsfaC,xaf-sfaC,xafs-faC
xafsfal,xaf-sfal,xafs-fal
xafsfum,xaf-sfum,xafs-fum
xafsfub,xaf-sfub,xafs-fub
xafsfug,xaf-sfug,xafs-fug
xafsfut,xaf-sfut,xafs-fut
xafsfus,xaf-sfus,xafs-fus
xafsfuf,xaf-sfuf,xafs-fuf
xafsfux,xaf-sfux,xafs-fux
xafsfuC,xaf-sfuC,xafs-fuC
xafsvik,xaf-svik,xafs-vik
xafsvas,xaf-svas,xafs-vas
xafsvur,xaf-svur,xafs-vur
xafslim,xaf-slim,xafs-lim
xafslid,xaf-slid,xafs-lid
xafslig,xaf-slig,xafs-lig
xafslip,xaf-slip,xafs-lip
xafslis,xaf-slis,xafs-lis
xafslif,xaf-slif,xafs-lif
xafslix,xaf-slix,xafs-lix
xafsliC,xaf-sliC,xafs-liC
xafslad,xaf-slad,xafs-lad
xafslag,xaf-slag,xafs-lag
xafslap,xaf-slap,xafs-lap
xafslas,xaf-slas,xafs-las
xafslaf,xaf-slaf,xafs-laf
xafslax,xaf-slax,xafs-lax
xafslaC,xaf-slaC,xafs-laC
xafslal,xaf-slal,xafs-lal
xafslom,xaf-slom,xafs-lom
xafslud,xaf-slud,xafs-lud
xafslug,xaf-slug,xafs-lug
xafslup,xaf-slup,xafs-lup
xafslus,xaf-slus,xafs-lus
xafsluf,xaf-sluf,xafs-luf
xafslux,xaf-slux,xafs-lux
xafsluC,xaf-sluC,xafs-luC
xafslur,xaf-slur,xafs-lur
xaxtxal,xax-txal,xaxt-xal
xaxtxum,xax-txum,xaxt-xum
xaxtrin,xax-trin,xaxt-rin
xaxtrik,xax-trik,xaxt-rik
xaxtris,xax-tris,xaxt-ris
xaxtrif,xax-trif,xaxt-rif
xaxtriC,xax-triC,xaxt-riC
xaxtret,xax-tret,xaxt-ret
xaxtrab,xax-trab,xaxt-rab
xaxtrag,xax-trag,xaxt-rag
xaxtras,xax-tras,xaxt-ras
xaxtraf,xax-traf,xaxt-raf
xaxtraC,xax-traC,xaxt-raC
xaxtral,xax-tral,xaxt-ral
xaxtrot,xax-trot,xaxt-rot
xaxtrum,xax-trum,xaxt-rum
xaxtrub,xax-trub,xaxt-rub
xaxtrug,xax-trug,xaxt-rug
xaxtrus,xax-trus,xaxt-rus
xaxtruf,xax-truf,xaxt-ruf
xaxtrux,xax-trux,xaxt-rux
xaxtruC,xax-truC,xaxt-ruC
xaxtrul,xax-trul,xaxt-rul
xaldjin,xal-djin,xald-jin
xaldjid,xal-djid,xald-jid
xaldjip,xal-djip,xald-jip
xaldjiz,xal-djiz,xald-jiz
xaldjif,xal-djif,xald-jif
xaldjix,xal-djix,xald-jix
xaldjek,xal-djek,xald-jek
xaldjam,xal-djam,xald-jam
xaldjab,xal-djab,xald-jab
xaldjat,xal-djat,xald-jat
xaldjas,xal-djas,xald-jas
xaldjaf,xal-djaf,xald-jaf
xaldjax,xal-djax,xald-jax
xaldjaC,xal-djaC,xald-jaC
xaldjok,xal-djok,xald-jok
xaldjud,xal-djud,xald-jud
xaldjup,xal-djup,xald-jup
xaldjus,xal-djus,xald-jus
xaldjuf,xal-djuf,xald-juf
xaldjux,xal-djux,xald-jux
xaldjuC,xal-djuC,xald-juC
xaldjul,xal-djul,xald-jul
xaldrib,xal-drib,xald-rib
xaldrix,xal-drix,xald-rix
xaldram,xal-dram,xald-ram
xaldrax,xal-drax,xald-rax
xalxnim,xal-xnim,xalx-nim
xalxnib,xal-xnib,xalx-nib
xalxnig,xal-xnig,xalx-nig
xalxnit,xal-xnit,xalx-nit
xalxnis,xal-xnis,xalx-nis
xalxnif,xal-xnif,xalx-nif
xalxnix,xal-xnix,xalx-nix
xalxniC,xal-xniC,xalx-niC
xalxnam,xal-xnam,xalx-nam
xalxnab,xal-xnab,xalx-nab
xalxnag,xal-xnag,xalx-nag
xalxnat,xal-xnat,xalx-nat
xalxnas,xal-xnas,xalx-nas
xalxnaf,xal-xnaf,xalx-naf
xalxnax,xal-xnax,xalx-nax
xalxnaC,xal-xnaC,xalx-naC
xalxnal,xal-xnal,xalx-nal
xalxnum,xal-xnum,xalx-num
xalxnub,xal-xnub,xalx-nub
xalxnug,xal-xnug,xalx-nug
xalxnut,xal-xnut,xalx-nut
xalxnus,xal-xnus,xalx-nus
xalxnuf,xal-xnuf,xalx-nuf
xalxnux,xal-xnux,xalx-nux
xalxnuC,xal-xnuC,xalx-nuC
xalxnul,xal-xnul,xalx-nul
xalxkim,xal-xkim,xalx-kim
xalxkib,xal-xkib,xalx-kib
xalxkig,xal-xkig,xalx-kig
xalxkit,xal-xkit,xalx-kit
xalxkis,xal-xkis,xalx-kis
xalxkif,xal-xkif,xalx-kif
xalxkix,xal-xkix,xalx-kix
xalxkiC,xal-xkiC,xalx-kiC
xalxkam,xal-xkam,xalx-kam
xalxkab,xal-xkab,xalx-kab
xalxkag,xal-xkag,xalx-kag
xalxkat,xal-xkat,xalx-kat
xalxkas,xal-xkas,xalx-kas
xalxkaf,xal-xkaf,xalx-kaf
xalxkax,xal-xkax,xalx-kax
xalxkaC,xal-xkaC,xalx-kaC
xalxkal,xal-xkal,xalx-kal
xalxkum,xal-xkum,xalx-kum
xalxkub,xal-xkub,xalx-kub
xalxkug,xal-xkug,xalx-kug
xalxkut,xal-xkut,xalx-kut
xalxkus,xal-xkus,xalx-kus
xalxkuf,xal-xkuf,xalx-kuf
xalxkux,xal-xkux,xalx-kux
xalxkuC,xal-xkuC,xalx-kuC
xalxkul,xal-xkul,xalx-kul
xalxlim,xal-xlim,xalx-lim
xalxlib,xal-xlib,xalx-lib
xalxlit,xal-xlit,xalx-lit
xalxlik,xal-xlik,xalx-lik
xalxlis,xal-xlis,xalx-lis
xalxlif,xal-xlif,xalx-lif
xalxlix,xal-xlix,xalx-lix
xalxliC,xal-xliC,xalx-liC
xalxlam,xal-xlam,xalx-lam
xalxlab,xal-xlab,xalx-lab
xalxlag,xal-xlag,xalx-lag
xalxlat,xal-xlat,xalx-lat
xalxlas,xal-xlas,xalx-las
xalxlav,xal-xlav,xalx-lav
xalxlax,xal-xlax,xalx-lax
xalxlal,xal-xlal,xalx-lal
xalxlum,xal-xlum,xalx-lum
xalxlub,xal-xlub,xalx-lub
xalxlug,xal-xlug,xalx-lug
xalxlut,xal-xlut,xalx-lut
xalxlus,xal-xlus,xalx-lus
xalxluf,xal-xluf,xalx-luf
xalxlux,xal-xlux,xalx-lux
xalxluC,xal-xluC,xalx-luC
xalxlul,xal-xlul,xalx-lul
xarplib,xar-plib,xarp-lib
xarplix,xar-plix,xarp-lix
xarplan,xar-plan,xarp-lan
xarplax,xar-plax,xarp-lax
xarksim,xar-ksim,xark-sim
xarksib,xar-ksib,xark-sib
xarksig,xar-ksig,xark-sig
xarksit,xar-ksit,xark-sit
xarksis,xar-ksis,xark-sis
xarksif,xar-ksif,xark-sif
xarksix,xar-ksix,xark-six
xarksiC,xar-ksiC,xark-siC
xarksam,xar-ksam,xark-sam
xarksab,xar-ksab,xark-sab
xarksag,xar-ksag,xark-sag
xarksat,xar-ksat,xark-sat
xarksas,xar-ksas,xark-sas
xarksaf,xar-ksaf,xark-saf
xarksax,xar-ksax,xark-sax
xarksaC,xar-ksaC,xark-saC
xarksal,xar-ksal,xark-sal
xarksum,xar-ksum,xark-sum
xarksub,xar-ksub,xark-sub
xarksug,xar-ksug,xark-sug
xarksut,xar-ksut,xark-sut
xarksus,xar-ksus,xark-sus
xarksuf,xar-ksuf,xark-suf
xarksux,xar-ksux,xark-sux
xarksuC,xar-ksuC,xark-suC
xarksul,xar-ksul,xark-sul
xarklek,xar-klek,xark-lek
xarkloz,xar-kloz,xark-loz
xumdjin,xum-djin,xumd-jin
xumdjid,xum-djid,xumd-jid
xumdjip,xum-djip,xumd-jip
xumdjiz,xum-djiz,xumd-jiz
xumdjif,xum-djif,xumd-jif
xumdjix,xum-djix,xumd-jix
xumdjek,xum-djek,xumd-jek
xumdjam,xum-djam,xumd-jam
xumdjab,xum-djab,xumd-jab
xumdjat,xum-djat,xumd-jat
xumdjas,xum-djas,xumd-jas
xumdjaf,xum-djaf,xumd-jaf
xumdjax,xum-djax,xumd-jax
xumdjaC,xum-djaC,xumd-jaC
xumdjok,xum-djok,xumd-jok
xumdjud,xum-djud,xumd-jud
xumdjup,xum-djup,xumd-jup
xumdjus,xum-djus,xumd-jus
xumdjuf,xum-djuf,xumd-juf
xumdjux,xum-djux,xumd-jux
xumdjuC,xum-djuC,xumd-juC
xumdjul,xum-djul,xumd-jul
xumdrib,xum-drib,xumd-rib
xumdrix,xum-drix,xumd-rix
xumdram,xum-dram,xumd-ram
xumdrax,xum-drax,xumd-rax
xumplib,xum-plib,xump-lib
xumplix,xum-plix,xump-lix
xumplan,xum-plan,xump-lan
xumplax,xum-plax,xump-lax
xunksim,xun-ksim,xunk-sim
xunksib,xun-ksib,xunk-sib
xunksig,xun-ksig,xunk-sig
xunksit,xun-ksit,xunk-sit
xunksis,xun-ksis,xunk-sis
xunksif,xun-ksif,xunk-sif
xunksix,xun-ksix,xunk-six
xunksiC,xun-ksiC,xunk-siC
xunksam,xun-ksam,xunk-sam
xunksab,xun-ksab,xunk-sab
xunksag,xun-ksag,xunk-sag
xunksat,xun-ksat,xunk-sat
xunksas,xun-ksas,xunk-sas
xunksaf,xun-ksaf,xunk-saf
xunksax,xun-ksax,xunk-sax
xunksaC,xun-ksaC,xunk-saC
xunksal,xun-ksal,xunk-sal
xunksum,xun-ksum,xunk-sum
xunksub,xun-ksub,xunk-sub
xunksug,xun-ksug,xunk-sug
xunksut,xun-ksut,xunk-sut
xunksus,xun-ksus,xunk-sus
xunksuf,xun-ksuf,xunk-suf
xunksux,xun-ksux,xunk-sux
xunksuC,xun-ksuC,xunk-suC
xunksul,xun-ksul,xunk-sul
xunklek,xun-klek,xunk-lek
xunkloz,xun-kloz,xunk-loz
xupflid,xup-flid,xupf-lid
xupflip,xup-flip,xupf-lip
xupflif,xup-flif,xupf-lif
xupflem,xup-flem,xupf-lem
xupflek,xup-flek,xupf-lek
xupfleC,xup-fleC,xupf-leC
xupflad,xup-flad,xupf-lad
xupflap,xup-flap,xupf-lap
xupflaf,xup-flaf,xupf-laf
xupflax,xup-flax,xupf-lax
xupflom,xup-flom,xupf-lom
xupflok,xup-flok,xupf-lok
xupflor,xup-flor,xupf-lor
xupflud,xup-flud,xupf-lud
xupflup,xup-flup,xupf-lup
xupfluz,xup-fluz,xupf-luz
xupfluf,xup-fluf,xupf-luf
xupflux,xup-flux,xupf-lux
xupfris,xup-fris,xupf-ris
xupfrix,xup-frix,xupf-rix
xupfras,xup-fras,xupf-ras
xupxnim,xup-xnim,xupx-nim
xupxnib,xup-xnib,xupx-nib
xupxnig,xup-xnig,xupx-nig
xupxnit,xup-xnit,xupx-nit
xupxnis,xup-xnis,xupx-nis
xupxnif,xup-xnif,xupx-nif
xupxnix,xup-xnix,xupx-nix
xupxniC,xup-xniC,xupx-niC
xupxnam,xup-xnam,xupx-nam
xupxnab,xup-xnab,xupx-nab
xupxnag,xup-xnag,xupx-nag
xupxnat,xup-xnat,xupx-nat
xupxnas,xup-xnas,xupx-nas
xupxnaf,xup-xnaf,xupx-naf
xupxnax,xup-xnax,xupx-nax
xupxnaC,xup-xnaC,xupx-naC
xupxnal,xup-xnal,xupx-nal
xupxnum,xup-xnum,xupx-num
xupxnub,xup-xnub,xupx-nub
xupxnug,xup-xnug,xupx-nug
xupxnut,xup-xnut,xupx-nut
xupxnus,xup-xnus,xupx-nus
xupxnuf,xup-xnuf,xupx-nuf
xupxnux,xup-xnux,xupx-nux
xupxnuC,xup-xnuC,xupx-nuC
xupxnul,xup-xnul,xupx-nul
xupxkim,xup-xkim,xupx-kim
xupxkib,xup-xkib,xupx-kib
xupxkig,xup-xkig,xupx-kig
xupxkit,xup-xkit,xupx-kit
xupxkis,xup-xkis,xupx-kis
xupxkif,xup-xkif,xupx-kif
xupxkix,xup-xkix,xupx-kix
xupxkiC,xup-xkiC,xupx-kiC
xupxkam,xup-xkam,xupx-kam
xupxkab,xup-xkab,xupx-kab
xupxkag,xup-xkag,xupx-kag
xupxkat,xup-xkat,xupx-kat
xupxkas,xup-xkas,xupx-kas
xupxkaf,xup-xkaf,xupx-kaf
xupxkax,xup-xkax,xupx-kax
xupxkaC,xup-xkaC,xupx-kaC
xupxkal,xup-xkal,xupx-kal
xupxkum,xup-xkum,xupx-kum
xupxkub,xup-xkub,xupx-kub
xupxkug,xup-xkug,xupx-kug
xupxkut,xup-xkut,xupx-kut
xupxkus,xup-xkus,xupx-kus
xupxkuf,xup-xkuf,xupx-kuf
xupxkux,xup-xkux,xupx-kux
xupxkuC,xup-xkuC,xupx-kuC
xupxkul,xup-xkul,xupx-kul
xupxlim,xup-xlim,xupx-lim
xupxlib,xup-xlib,xupx-lib
xupxlit,xup-xlit,xupx-lit
xupxlik,xup-xlik,xupx-lik
xupxlis,xup-xlis,xupx-lis
xupxlif,xup-xlif,xupx-lif
xupxlix,xup-xlix,xupx-lix
xupxliC,xup-xliC,xupx-liC
xupxlam,xup-xlam,xupx-lam
xupxlab,xup-xlab,xupx-lab
xupxlag,xup-xlag,xupx-lag
xupxlat,xup-xlat,xupx-lat
xupxlas,xup-xlas,xupx-las
xupxlav,xup-xlav,xupx-lav
xupxlax,xup-xlax,xupx-lax
xupxlal,xup-xlal,xupx-lal
xupxlum,xup-xlum,xupx-lum
xupxlub,xup-xlub,xupx-lub
xupxlug,xup-xlug,xupx-lug
xupxlut,xup-xlut,xupx-lut
xupxlus,xup-xlus,xupx-lus
xupxluf,xup-xluf,xupx-luf
xupxlux,xup-xlux,xupx-lux
xupxluC,xup-xluC,xupx-luC
xupxlul,xup-xlul,xupx-lul
xukxnim,xuk-xnim,xukx-nim
xukxnib,xuk-xnib,xukx-nib
xukxnig,xuk-xnig,xukx-nig
xukxnit,xuk-xnit,xukx-nit
xukxnis,xuk-xnis,xukx-nis
xukxnif,xuk-xnif,xukx-nif
xukxnix,xuk-xnix,xukx-nix
xukxniC,xuk-xniC,xukx-niC
xukxnam,xuk-xnam,xukx-nam
xukxnab,xuk-xnab,xukx-nab
xukxnag,xuk-xnag,xukx-nag
xukxnat,xuk-xnat,xukx-nat
xukxnas,xuk-xnas,xukx-nas
xukxnaf,xuk-xnaf,xukx-naf
xukxnax,xuk-xnax,xukx-nax
xukxnaC,xuk-xnaC,xukx-naC
xukxnal,xuk-xnal,xukx-nal
xukxnum,xuk-xnum,xukx-num
xukxnub,xuk-xnub,xukx-nub
xukxnug,xuk-xnug,xukx-nug
xukxnut,xuk-xnut,xukx-nut
xukxnus,xuk-xnus,xukx-nus
xukxnuf,xuk-xnuf,xukx-nuf
xukxnux,xuk-xnux,xukx-nux
xukxnuC,xuk-xnuC,xukx-nuC
xukxnul,xuk-xnul,xukx-nul
xukxkim,xuk-xkim,xukx-kim
xukxkib,xuk-xkib,xukx-kib
xukxkig,xuk-xkig,xukx-kig
xukxkit,xuk-xkit,xukx-kit
xukxkis,xuk-xkis,xukx-kis
xukxkif,xuk-xkif,xukx-kif
xukxkix,xuk-xkix,xukx-kix
xukxkiC,xuk-xkiC,xukx-kiC
xukxkam,xuk-xkam,xukx-kam
xukxkab,xuk-xkab,xukx-kab
xukxkag,xuk-xkag,xukx-kag
xukxkat,xuk-xkat,xukx-kat
xukxkas,xuk-xkas,xukx-kas
xukxkaf,xuk-xkaf,xukx-kaf
xukxkax,xuk-xkax,xukx-kax
xukxkaC,xuk-xkaC,xukx-kaC
xukxkal,xuk-xkal,xukx-kal
xukxkum,xuk-xkum,xukx-kum
xukxkub,xuk-xkub,xukx-kub
xukxkug,xuk-xkug,xukx-kug
xukxkut,xuk-xkut,xukx-kut
xukxkus,xuk-xkus,xukx-kus
xukxkuf,xuk-xkuf,xukx-kuf
xukxkux,xuk-xkux,xukx-kux
xukxkuC,xuk-xkuC,xukx-kuC
xukxkul,xuk-xkul,xukx-kul
xukxlim,xuk-xlim,xukx-lim
xukxlib,xuk-xlib,xukx-lib
xukxlit,xuk-xlit,xukx-lit
xukxlik,xuk-xlik,xukx-lik
xukxlis,xuk-xlis,xukx-lis
xukxlif,xuk-xlif,xukx-lif
xukxlix,xuk-xlix,xukx-lix
xukxliC,xuk-xliC,xukx-liC
xukxlam,xuk-xlam,xukx-lam
xukxlab,xuk-xlab,xukx-lab
xukxlag,xuk-xlag,xukx-lag
xukxlat,xuk-xlat,xukx-lat
xukxlas,xuk-xlas,xukx-las
xukxlav,xuk-xlav,xukx-lav
xukxlax,xuk-xlax,xukx-lax
xukxlal,xuk-xlal,xukx-lal
xukxlum,xuk-xlum,xukx-lum
xukxlub,xuk-xlub,xukx-lub
xukxlug,xuk-xlug,xukx-lug
xukxlut,xuk-xlut,xukx-lut
xukxlus,xuk-xlus,xukx-lus
xukxluf,xuk-xluf,xukx-luf
xukxlux,xuk-xlux,xukx-lux
xukxluC,xuk-xluC,xukx-luC
xukxlul,xuk-xlul,xukx-lul
xusplib,xus-plib,xusp-lib
xusplix,xus-plix,xusp-lix
xusplan,xus-plan,xusp-lan
xusplax,xus-plax,xusp-lax
xusksim,xus-ksim,xusk-sim
xusksib,xus-ksib,xusk-sib
xusksig,xus-ksig,xusk-sig
xusksit,xus-ksit,xusk-sit
xusksis,xus-ksis,xusk-sis
xusksif,xus-ksif,xusk-sif
xusksix,xus-ksix,xusk-six
xusksiC,xus-ksiC,xusk-siC
xusksam,xus-ksam,xusk-sam
xusksab,xus-ksab,xusk-sab
xusksag,xus-ksag,xusk-sag
xusksat,xus-ksat,xusk-sat
xusksas,xus-ksas,xusk-sas
xusksaf,xus-ksaf,xusk-saf
xusksax,xus-ksax,xusk-sax
xusksaC,xus-ksaC,xusk-saC
xusksal,xus-ksal,xusk-sal
xusksum,xus-ksum,xusk-sum
xusksub,xus-ksub,xusk-sub
xusksug,xus-ksug,xusk-sug
xusksut,xus-ksut,xusk-sut
xusksus,xus-ksus,xusk-sus
xusksuf,xus-ksuf,xusk-suf
xusksux,xus-ksux,xusk-sux
xusksuC,xus-ksuC,xusk-suC
xusksul,xus-ksul,xusk-sul
xusklek,xus-klek,xusk-lek
xuskloz,xus-kloz,xusk-loz
xuftxal,xuf-txal,xuft-xal
xuftxum,xuf-txum,xuft-xum
xuftrin,xuf-trin,xuft-rin
xuftrik,xuf-trik,xuft-rik
xuftris,xuf-tris,xuft-ris
xuftrif,xuf-trif,xuft-rif
xuftriC,xuf-triC,xuft-riC
xuftret,xuf-tret,xuft-ret
xuftrab,xuf-trab,xuft-rab
xuftrag,xuf-trag,xuft-rag
xuftras,xuf-tras,xuft-ras
xuftraf,xuf-traf,xuft-raf
xuftraC,xuf-traC,xuft-raC
xuftral,xuf-tral,xuft-ral
xuftrot,xuf-trot,xuft-rot
xuftrum,xuf-trum,xuft-rum
xuftrub,xuf-trub,xuft-rub
xuftrug,xuf-trug,xuft-rug
xuftrus,xuf-trus,xuft-rus
xuftruf,xuf-truf,xuft-ruf
xuftrux,xuf-trux,xuft-rux
xuftruC,xuf-truC,xuft-ruC
xuftrul,xuf-trul,xuft-rul
xufsmin,xuf-smin,xufs-min
xufsmib,xuf-smib,xufs-mib
xufsmit,xuf-smit,xufs-mit
xufsmis,xuf-smis,xufs-mis
xufsmix,xuf-smix,xufs-mix
xufsmiC,xuf-smiC,xufs-miC
xufsmek,xuf-smek,xufs-mek
xufsmad,xuf-smad,xufs-mad
xufsmas,xuf-smas,xufs-mas
xufsmaf,xuf-smaf,xufs-maf
xufsmax,xuf-smax,xufs-max
xufsmaC,xuf-smaC,xufs-maC
xufsmal,xuf-smal,xufs-mal
xufsmok,xuf-smok,xufs-mok
xufsmub,xuf-smub,xufs-mub
xufsmut,xuf-smut,xufs-mut
xufsmus,xuf-smus,xufs-mus
xufsmuf,xuf-smuf,xufs-muf
xufsmux,xuf-smux,xufs-mux
xufsmuC,xuf-smuC,xufs-muC
xufsmul,xuf-smul,xufs-mul
xufsnif,xuf-snif,xufs-nif
xufsnap,xuf-snap,xufs-nap
xufsnom,xuf-snom,xufs-nom
xufspin,xuf-spin,xufs-pin
xufspib,xuf-spib,xufs-pib
xufspit,xuf-spit,xufs-pit
xufspik,xuf-spik,xufs-pik
xufspis,xuf-spis,xufs-pis
xufspix,xuf-spix,xufs-pix
xufspiC,xuf-spiC,xufs-piC
xufspan,xuf-span,xufs-pan
xufspak,xuf-spak,xufs-pak
xufspas,xuf-spas,xufs-pas
xufspof,xuf-spof,xufs-pof
xufspum,xuf-spum,xufs-pum
xufspug,xuf-spug,xufs-pug
xufspus,xuf-spus,xufs-pus
xufspul,xuf-spul,xufs-pul
xufstef,xuf-stef,xufs-tef
xufstab,xuf-stab,xufs-tab
xufstat,xuf-stat,xufs-tat
xufstal,xuf-stal,xufs-tal
xufstoj,xuf-stoj,xufs-toj
xufstud,xuf-stud,xufs-tud
xufstup,xuf-stup,xufs-tup
xufskim,xuf-skim,xufs-kim
xufskib,xuf-skib,xufs-kib
xufskig,xuf-skig,xufs-kig
xufskit,xuf-skit,xufs-kit
xufskis,xuf-skis,xufs-kis
xufskif,xuf-skif,xufs-kif
xufskix,xuf-skix,xufs-kix
xufskiC,xuf-skiC,xufs-kiC
xufskad,xuf-skad,xufs-kad
xufskag,xuf-skag,xufs-kag
xufskap,xuf-skap,xufs-kap
xufskas,xuf-skas,xufs-kas
xufskaf,xuf-skaf,xufs-kaf
xufskax,xuf-skax,xufs-kax
xufskaC,xuf-skaC,xufs-kaC
xufskal,xuf-skal,xufs-kal
xufskoq,xuf-skoq,xufs-koq
xufskud,xuf-skud,xufs-kud
xufskug,xuf-skug,xufs-kug
xufskup,xuf-skup,xufs-kup
xufskuz,xuf-skuz,xufs-kuz
xufskuf,xuf-skuf,xufs-kuf
xufskux,xuf-skux,xufs-kux
xufskul,xuf-skul,xufs-kul
xufsfim,xuf-sfim,xufs-fim
xufsfib,xuf-sfib,xufs-fib
xufsfit,xuf-sfit,xufs-fit
xufsfis,xuf-sfis,xufs-fis
xufsfif,xuf-sfif,xufs-fif
xufsfix,xuf-sfix,xufs-fix
xufsfiC,xuf-sfiC,xufs-fiC
xufsfam,xuf-sfam,xufs-fam
xufsfab,xuf-sfab,xufs-fab
xufsfag,xuf-sfag,xufs-fag
xufsfat,xuf-sfat,xufs-fat
xufsfaf,xuf-sfaf,xufs-faf
xufsfax,xuf-sfax,xufs-fax
xufsfaC,xuf-sfaC,xufs-faC
xufsfal,xuf-sfal,xufs-fal
xufsfum,xuf-sfum,xufs-fum
xufsfub,xuf-sfub,xufs-fub
xufsfug,xuf-sfug,xufs-fug
xufsfut,xuf-sfut,xufs-fut
xufsfus,xuf-sfus,xufs-fus
xufsfuf,xuf-sfuf,xufs-fuf
xufsfux,xuf-sfux,xufs-fux
xufsfuC,xuf-sfuC,xufs-fuC
xufsvik,xuf-svik,xufs-vik
xufsvas,xuf-svas,xufs-vas
xufsvur,xuf-svur,xufs-vur
xufslim,xuf-slim,xufs-lim
xufslid,xuf-slid,xufs-lid
xufslig,xuf-slig,xufs-lig
xufslip,xuf-slip,xufs-lip
xufslis,xuf-slis,xufs-lis
xufslif,xuf-slif,xufs-lif
xufslix,xuf-slix,xufs-lix
xufsliC,xuf-sliC,xufs-liC
xufslad,xuf-slad,xufs-lad
xufslag,xuf-slag,xufs-lag
xufslap,xuf-slap,xufs-lap
xufslas,xuf-slas,xufs-las
xufslaf,xuf-slaf,xufs-laf
xufslax,xuf-slax,xufs-lax
xufslaC,xuf-slaC,xufs-laC
xufslal,xuf-slal,xufs-lal
xufslom,xuf-slom,xufs-lom
xufslud,xuf-slud,xufs-lud
xufslug,xuf-slug,xufs-lug
xufslup,xuf-slup,xufs-lup
xufslus,xuf-slus,xufs-lus
xufsluf,xuf-sluf,xufs-luf
xufslux,xuf-slux,xufs-lux
xufsluC,xuf-sluC,xufs-luC
xufslur,xuf-slur,xufs-lur
xuxtxal,xux-txal,xuxt-xal
xuxtxum,xux-txum,xuxt-xum
xuxtrin,xux-trin,xuxt-rin
xuxtrik,xux-trik,xuxt-rik
xuxtris,xux-tris,xuxt-ris
xuxtrif,xux-trif,xuxt-rif
xuxtriC,xux-triC,xuxt-riC
xuxtret,xux-tret,xuxt-ret
xuxtrab,xux-trab,xuxt-rab
xuxtrag,xux-trag,xuxt-rag
xuxtras,xux-tras,xuxt-ras
xuxtraf,xux-traf,xuxt-raf
xuxtraC,xux-traC,xuxt-raC
xuxtral,xux-tral,xuxt-ral
xuxtrot,xux-trot,xuxt-rot
xuxtrum,xux-trum,xuxt-rum
xuxtrub,xux-trub,xuxt-rub
xuxtrug,xux-trug,xuxt-rug
xuxtrus,xux-trus,xuxt-rus
xuxtruf,xux-truf,xuxt-ruf
xuxtrux,xux-trux,xuxt-rux
xuxtruC,xux-truC,xuxt-ruC
xuxtrul,xux-trul,xuxt-rul
xulblim,xul-blim,xulb-lim
xulbliz,xul-bliz,xulb-liz
xulblet,xul-blet,xulb-let
xulblab,xul-blab,xulb-lab
xulbloz,xul-bloz,xulb-loz
xulblof,xul-blof,xulb-lof
xulblor,xul-blor,xulb-lor
xulblum,xul-blum,xulb-lum
xulblub,xul-blub,xulb-lub
xulblut,xul-blut,xulb-lut
xulblux,xul-blux,xulb-lux
xulbrig,xul-brig,xulb-rig
xulbrif,xul-brif,xulb-rif
xulbrak,xul-brak,xulb-rak
xulbruk,xul-bruk,xulb-ruk
xulglip,xul-glip,xulg-lip
xulglix,xul-glix,xulg-lix
xulglen,xul-glen,xulg-len
xulgled,xul-gled,xulg-led
xulglez,xul-glez,xulg-lez
xulglav,xul-glav,xulg-lav
xulglaj,xul-glaj,xulg-laj
xulglob,xul-glob,xulg-lob
xulglot,xul-glot,xulg-lot
xulglok,xul-glok,xulg-lok
xulglor,xul-glor,xulg-lor
xulglux,xul-glux,xulg-lux
xulgriv,xul-griv,xulg-riv
xulgrac,xul-grac,xulg-rac
xulgroq,xul-groq,xulg-roq
xulgruv,xul-gruv,xulg-ruv
xultxal,xul-txal,xult-xal
xultxum,xul-txum,xult-xum
xultrin,xul-trin,xult-rin
xultrik,xul-trik,xult-rik
xultris,xul-tris,xult-ris
xultrif,xul-trif,xult-rif
xultriC,xul-triC,xult-riC
xultret,xul-tret,xult-ret
xultrab,xul-trab,xult-rab
xultrag,xul-trag,xult-rag
xultras,xul-tras,xult-ras
xultraf,xul-traf,xult-raf
xultraC,xul-traC,xult-raC
xultral,xul-tral,xult-ral
xultrot,xul-trot,xult-rot
xultrum,xul-trum,xult-rum
xultrub,xul-trub,xult-rub
xultrug,xul-trug,xult-rug
xultrus,xul-trus,xult-rus
xultruf,xul-truf,xult-ruf
xultrux,xul-trux,xult-rux
xultruC,xul-truC,xult-ruC
xultrul,xul-trul,xult-rul
xulsmin,xul-smin,xuls-min
xulsmib,xul-smib,xuls-mib
xulsmit,xul-smit,xuls-mit
xulsmis,xul-smis,xuls-mis
xulsmix,xul-smix,xuls-mix
xulsmiC,xul-smiC,xuls-miC
xulsmek,xul-smek,xuls-mek
xulsmad,xul-smad,xuls-mad
xulsmas,xul-smas,xuls-mas
xulsmaf,xul-smaf,xuls-maf
xulsmax,xul-smax,xuls-max
xulsmaC,xul-smaC,xuls-maC
xulsmal,xul-smal,xuls-mal
xulsmok,xul-smok,xuls-mok
xulsmub,xul-smub,xuls-mub
xulsmut,xul-smut,xuls-mut
xulsmus,xul-smus,xuls-mus
xulsmuf,xul-smuf,xuls-muf
xulsmux,xul-smux,xuls-mux
xulsmuC,xul-smuC,xuls-muC
xulsmul,xul-smul,xuls-mul
xulsnif,xul-snif,xuls-nif
xulsnap,xul-snap,xuls-nap
xulsnom,xul-snom,xuls-nom
xulspin,xul-spin,xuls-pin
xulspib,xul-spib,xuls-pib
xulspit,xul-spit,xuls-pit
xulspik,xul-spik,xuls-pik
xulspis,xul-spis,xuls-pis
xulspix,xul-spix,xuls-pix
xulspiC,xul-spiC,xuls-piC
xulspan,xul-span,xuls-pan
xulspak,xul-spak,xuls-pak
xulspas,xul-spas,xuls-pas
xulspof,xul-spof,xuls-pof
xulspum,xul-spum,xuls-pum
xulspug,xul-spug,xuls-pug
xulspus,xul-spus,xuls-pus
xulspul,xul-spul,xuls-pul
xulstef,xul-stef,xuls-tef
xulstab,xul-stab,xuls-tab
xulstat,xul-stat,xuls-tat
xulstal,xul-stal,xuls-tal
xulstoj,xul-stoj,xuls-toj
xulstud,xul-stud,xuls-tud
xulstup,xul-stup,xuls-tup
xulskim,xul-skim,xuls-kim
xulskib,xul-skib,xuls-kib
xulskig,xul-skig,xuls-kig
xulskit,xul-skit,xuls-kit
xulskis,xul-skis,xuls-kis
xulskif,xul-skif,xuls-kif
xulskix,xul-skix,xuls-kix
xulskiC,xul-skiC,xuls-kiC
xulskad,xul-skad,xuls-kad
xulskag,xul-skag,xuls-kag
xulskap,xul-skap,xuls-kap
xulskas,xul-skas,xuls-kas
xulskaf,xul-skaf,xuls-kaf
xulskax,xul-skax,xuls-kax
xulskaC,xul-skaC,xuls-kaC
xulskal,xul-skal,xuls-kal
xulskoq,xul-skoq,xuls-koq
xulskud,xul-skud,xuls-kud
xulskug,xul-skug,xuls-kug
xulskup,xul-skup,xuls-kup
xulskuz,xul-skuz,xuls-kuz
xulskuf,xul-skuf,xuls-kuf
xulskux,xul-skux,xuls-kux
xulskul,xul-skul,xuls-kul
xulsfim,xul-sfim,xuls-fim
xulsfib,xul-sfib,xuls-fib
xulsfit,xul-sfit,xuls-fit
xulsfis,xul-sfis,xuls-fis
xulsfif,xul-sfif,xuls-fif
xulsfix,xul-sfix,xuls-fix
xulsfiC,xul-sfiC,xuls-fiC
xulsfam,xul-sfam,xuls-fam
xulsfab,xul-sfab,xuls-fab
xulsfag,xul-sfag,xuls-fag
xulsfat,xul-sfat,xuls-fat
xulsfaf,xul-sfaf,xuls-faf
xulsfax,xul-sfax,xuls-fax
xulsfaC,xul-sfaC,xuls-faC
xulsfal,xul-sfal,xuls-fal
xulsfum,xul-sfum,xuls-fum
xulsfub,xul-sfub,xuls-fub
xulsfug,xul-sfug,xuls-fug
xulsfut,xul-sfut,xuls-fut
xulsfus,xul-sfus,xuls-fus
xulsfuf,xul-sfuf,xuls-fuf
xulsfux,xul-sfux,xuls-fux
xulsfuC,xul-sfuC,xuls-fuC
xulsvik,xul-svik,xuls-vik
xulsvas,xul-svas,xuls-vas
xulsvur,xul-svur,xuls-vur
xulslim,xul-slim,xuls-lim
xulslid,xul-slid,xuls-lid
xulslig,xul-slig,xuls-lig
xulslip,xul-slip,xuls-lip
xulslis,xul-slis,xuls-lis
xulslif,xul-slif,xuls-lif
xulslix,xul-slix,xuls-lix
xulsliC,xul-sliC,xuls-liC
xulslad,xul-slad,xuls-lad
xulslag,xul-slag,xuls-lag
xulslap,xul-slap,xuls-lap
xulslas,xul-slas,xuls-las
xulslaf,xul-slaf,xuls-laf
xulslax,xul-slax,xuls-lax
xulslaC,xul-slaC,xuls-laC
xulslal,xul-slal,xuls-lal
xulslom,xul-slom,xuls-lom
xulslud,xul-slud,xuls-lud
xulslug,xul-slug,xuls-lug
xulslup,xul-slup,xuls-lup
xulslus,xul-slus,xuls-lus
xulsluf,xul-sluf,xuls-luf
xulslux,xul-slux,xuls-lux
xulsluC,xul-sluC,xuls-luC
xulslur,xul-slur,xuls-lur
xulflid,xul-flid,xulf-lid
xulflip,xul-flip,xulf-lip
xulflif,xul-flif,xulf-lif
xulflem,xul-flem,xulf-lem
xulflek,xul-flek,xulf-lek
xulfleC,xul-fleC,xulf-leC
xulflad,xul-flad,xulf-lad
xulflap,xul-flap,xulf-lap
xulflaf,xul-flaf,xulf-laf
xulflax,xul-flax,xulf-lax
xulflom,xul-flom,xulf-lom
xulflok,xul-flok,xulf-lok
xulflor,xul-flor,xulf-lor
xulflud,xul-flud,xulf-lud
xulflup,xul-flup,xulf-lup
xulfluz,xul-fluz,xulf-luz
xulfluf,xul-fluf,xulf-luf
xulflux,xul-flux,xulf-lux
xulfris,xul-fris,xulf-ris
xulfrix,xul-frix,xulf-rix
xulfras,xul-fras,xulf-ras
xulxnim,xul-xnim,xulx-nim
xulxnib,xul-xnib,xulx-nib
xulxnig,xul-xnig,xulx-nig
xulxnit,xul-xnit,xulx-nit
xulxnis,xul-xnis,xulx-nis
xulxnif,xul-xnif,xulx-nif
xulxnix,xul-xnix,xulx-nix
xulxniC,xul-xniC,xulx-niC
xulxnam,xul-xnam,xulx-nam
xulxnab,xul-xnab,xulx-nab
xulxnag,xul-xnag,xulx-nag
xulxnat,xul-xnat,xulx-nat
xulxnas,xul-xnas,xulx-nas
xulxnaf,xul-xnaf,xulx-naf
xulxnax,xul-xnax,xulx-nax
xulxnaC,xul-xnaC,xulx-naC
xulxnal,xul-xnal,xulx-nal
xulxnum,xul-xnum,xulx-num
xulxnub,xul-xnub,xulx-nub
xulxnug,xul-xnug,xulx-nug
xulxnut,xul-xnut,xulx-nut
xulxnus,xul-xnus,xulx-nus
xulxnuf,xul-xnuf,xulx-nuf
xulxnux,xul-xnux,xulx-nux
xulxnuC,xul-xnuC,xulx-nuC
xulxnul,xul-xnul,xulx-nul
xulxkim,xul-xkim,xulx-kim
xulxkib,xul-xkib,xulx-kib
xulxkig,xul-xkig,xulx-kig
xulxkit,xul-xkit,xulx-kit
xulxkis,xul-xkis,xulx-kis
xulxkif,xul-xkif,xulx-kif
xulxkix,xul-xkix,xulx-kix
xulxkiC,xul-xkiC,xulx-kiC
xulxkam,xul-xkam,xulx-kam
xulxkab,xul-xkab,xulx-kab
xulxkag,xul-xkag,xulx-kag
xulxkat,xul-xkat,xulx-kat
xulxkas,xul-xkas,xulx-kas
xulxkaf,xul-xkaf,xulx-kaf
xulxkax,xul-xkax,xulx-kax
xulxkaC,xul-xkaC,xulx-kaC
xulxkal,xul-xkal,xulx-kal
xulxkum,xul-xkum,xulx-kum
xulxkub,xul-xkub,xulx-kub
xulxkug,xul-xkug,xulx-kug
xulxkut,xul-xkut,xulx-kut
xulxkus,xul-xkus,xulx-kus
xulxkuf,xul-xkuf,xulx-kuf
xulxkux,xul-xkux,xulx-kux
xulxkuC,xul-xkuC,xulx-kuC
xulxkul,xul-xkul,xulx-kul
xulxlim,xul-xlim,xulx-lim
xulxlib,xul-xlib,xulx-lib
xulxlit,xul-xlit,xulx-lit
xulxlik,xul-xlik,xulx-lik
xulxlis,xul-xlis,xulx-lis
xulxlif,xul-xlif,xulx-lif
xulxlix,xul-xlix,xulx-lix
xulxliC,xul-xliC,xulx-liC
xulxlam,xul-xlam,xulx-lam
xulxlab,xul-xlab,xulx-lab
xulxlag,xul-xlag,xulx-lag
xulxlat,xul-xlat,xulx-lat
xulxlas,xul-xlas,xulx-las
xulxlav,xul-xlav,xulx-lav
xulxlax,xul-xlax,xulx-lax
xulxlal,xul-xlal,xulx-lal
xulxlum,xul-xlum,xulx-lum
xulxlub,xul-xlub,xulx-lub
xulxlug,xul-xlug,xulx-lug
xulxlut,xul-xlut,xulx-lut
xulxlus,xul-xlus,xulx-lus
xulxluf,xul-xluf,xulx-luf
xulxlux,xul-xlux,xulx-lux
xulxluC,xul-xluC,xulx-luC
xulxlul,xul-xlul,xulx-lul
jalflid,jal-flid,jalf-lid
jalflip,jal-flip,jalf-lip
jalflif,jal-flif,jalf-lif
jalflem,jal-flem,jalf-lem
jalflek,jal-flek,jalf-lek
jalfleC,jal-fleC,jalf-leC
jalflad,jal-flad,jalf-lad
jalflap,jal-flap,jalf-lap
jalflaf,jal-flaf,jalf-laf
jalflax,jal-flax,jalf-lax
jalflom,jal-flom,jalf-lom
jalflok,jal-flok,jalf-lok
jalflor,jal-flor,jalf-lor
jalflud,jal-flud,jalf-lud
jalflup,jal-flup,jalf-lup
jalfluz,jal-fluz,jalf-luz
jalfluf,jal-fluf,jalf-luf
jalflux,jal-flux,jalf-lux
jalfris,jal-fris,jalf-ris
jalfrix,jal-frix,jalf-rix
jalfras,jal-fras,jalf-ras
cetsmin,cet-smin,cets-min
cetsmib,cet-smib,cets-mib
cetsmit,cet-smit,cets-mit
cetsmis,cet-smis,cets-mis
cetsmix,cet-smix,cets-mix
cetsmiC,cet-smiC,cets-miC
cetsmek,cet-smek,cets-mek
cetsmad,cet-smad,cets-mad
cetsmas,cet-smas,cets-mas
cetsmaf,cet-smaf,cets-maf
cetsmax,cet-smax,cets-max
cetsmaC,cet-smaC,cets-maC
cetsmal,cet-smal,cets-mal
cetsmok,cet-smok,cets-mok
cetsmub,cet-smub,cets-mub
cetsmut,cet-smut,cets-mut
cetsmus,cet-smus,cets-mus
cetsmuf,cet-smuf,cets-muf
cetsmux,cet-smux,cets-mux
cetsmuC,cet-smuC,cets-muC
cetsmul,cet-smul,cets-mul
cetsnif,cet-snif,cets-nif
cetsnap,cet-snap,cets-nap
cetsnom,cet-snom,cets-nom
cetspin,cet-spin,cets-pin
cetspib,cet-spib,cets-pib
cetspit,cet-spit,cets-pit
cetspik,cet-spik,cets-pik
cetspis,cet-spis,cets-pis
cetspix,cet-spix,cets-pix
cetspiC,cet-spiC,cets-piC
cetspan,cet-span,cets-pan
cetspak,cet-spak,cets-pak
cetspas,cet-spas,cets-pas
cetspof,cet-spof,cets-pof
cetspum,cet-spum,cets-pum
cetspug,cet-spug,cets-pug
cetspus,cet-spus,cets-pus
cetspul,cet-spul,cets-pul
cetstef,cet-stef,cets-tef
cetstab,cet-stab,cets-tab
cetstat,cet-stat,cets-tat
cetstal,cet-stal,cets-tal
cetstoj,cet-stoj,cets-toj
cetstud,cet-stud,cets-tud
cetstup,cet-stup,cets-tup
cetskim,cet-skim,cets-kim
cetskib,cet-skib,cets-kib
cetskig,cet-skig,cets-kig
cetskit,cet-skit,cets-kit
cetskis,cet-skis,cets-kis
cetskif,cet-skif,cets-kif
cetskix,cet-skix,cets-kix
cetskiC,cet-skiC,cets-kiC
cetskad,cet-skad,cets-kad
cetskag,cet-skag,cets-kag
cetskap,cet-skap,cets-kap
cetskas,cet-skas,cets-kas
cetskaf,cet-skaf,cets-kaf
cetskax,cet-skax,cets-kax
cetskaC,cet-skaC,cets-kaC
cetskal,cet-skal,cets-kal
cetskoq,cet-skoq,cets-koq
cetskud,cet-skud,cets-kud
cetskug,cet-skug,cets-kug
cetskup,cet-skup,cets-kup
cetskuz,cet-skuz,cets-kuz
cetskuf,cet-skuf,cets-kuf
cetskux,cet-skux,cets-kux
cetskul,cet-skul,cets-kul
cetsfim,cet-sfim,cets-fim
cetsfib,cet-sfib,cets-fib
cetsfit,cet-sfit,cets-fit
cetsfis,cet-sfis,cets-fis
cetsfif,cet-sfif,cets-fif
cetsfix,cet-sfix,cets-fix
cetsfiC,cet-sfiC,cets-fiC
cetsfam,cet-sfam,cets-fam
cetsfab,cet-sfab,cets-fab
cetsfag,cet-sfag,cets-fag
cetsfat,cet-sfat,cets-fat
cetsfaf,cet-sfaf,cets-faf
cetsfax,cet-sfax,cets-fax
cetsfaC,cet-sfaC,cets-faC
cetsfal,cet-sfal,cets-fal
cetsfum,cet-sfum,cets-fum
cetsfub,cet-sfub,cets-fub
cetsfug,cet-sfug,cets-fug
cetsfut,cet-sfut,cets-fut
cetsfus,cet-sfus,cets-fus
cetsfuf,cet-sfuf,cets-fuf
cetsfux,cet-sfux,cets-fux
cetsfuC,cet-sfuC,cets-fuC
cetsvik,cet-svik,cets-vik
cetsvas,cet-svas,cets-vas
cetsvur,cet-svur,cets-vur
cetslim,cet-slim,cets-lim
cetslid,cet-slid,cets-lid
cetslig,cet-slig,cets-lig
cetslip,cet-slip,cets-lip
cetslis,cet-slis,cets-lis
cetslif,cet-slif,cets-lif
cetslix,cet-slix,cets-lix
cetsliC,cet-sliC,cets-liC
cetslad,cet-slad,cets-lad
cetslag,cet-slag,cets-lag
cetslap,cet-slap,cets-lap
cetslas,cet-slas,cets-las
cetslaf,cet-slaf,cets-laf
cetslax,cet-slax,cets-lax
cetslaC,cet-slaC,cets-laC
cetslal,cet-slal,cets-lal
cetslom,cet-slom,cets-lom
cetslud,cet-slud,cets-lud
cetslug,cet-slug,cets-lug
cetslup,cet-slup,cets-lup
cetslus,cet-slus,cets-lus
cetsluf,cet-sluf,cets-luf
cetslux,cet-slux,cets-lux
cetsluC,cet-sluC,cets-luC
cetslur,cet-slur,cets-lur
Cimdjin,Cim-djin,Cimd-jin
Cimdjid,Cim-djid,Cimd-jid
Cimdjip,Cim-djip,Cimd-jip
Cimdjiz,Cim-djiz,Cimd-jiz
Cimdjif,Cim-djif,Cimd-jif
Cimdjix,Cim-djix,Cimd-jix
Cimdjek,Cim-djek,Cimd-jek
Cimdjam,Cim-djam,Cimd-jam
Cimdjab,Cim-djab,Cimd-jab
Cimdjat,Cim-djat,Cimd-jat
Cimdjas,Cim-djas,Cimd-jas
Cimdjaf,Cim-djaf,Cimd-jaf
Cimdjax,Cim-djax,Cimd-jax
CimdjaC,Cim-djaC,Cimd-jaC
Cimdjok,Cim-djok,Cimd-jok
Cimdjud,Cim-djud,Cimd-jud
Cimdjup,Cim-djup,Cimd-jup
Cimdjus,Cim-djus,Cimd-jus
Cimdjuf,Cim-djuf,Cimd-juf
Cimdjux,Cim-djux,Cimd-jux
CimdjuC,Cim-djuC,Cimd-juC
Cimdjul,Cim-djul,Cimd-jul
Cimdrib,Cim-drib,Cimd-rib
Cimdrix,Cim-drix,Cimd-rix
Cimdram,Cim-dram,Cimd-ram
Cimdrax,Cim-drax,Cimd-rax
Cimplib,Cim-plib,Cimp-lib
Cimplix,Cim-plix,Cimp-lix
Cimplan,Cim-plan,Cimp-lan
Cimplax,Cim-plax,Cimp-lax
Cinksim,Cin-ksim,Cink-sim
Cinksib,Cin-ksib,Cink-sib
Cinksig,Cin-ksig,Cink-sig
Cinksit,Cin-ksit,Cink-sit
Cinksis,Cin-ksis,Cink-sis
Cinksif,Cin-ksif,Cink-sif
Cinksix,Cin-ksix,Cink-six
CinksiC,Cin-ksiC,Cink-siC
Cinksam,Cin-ksam,Cink-sam
Cinksab,Cin-ksab,Cink-sab
Cinksag,Cin-ksag,Cink-sag
Cinksat,Cin-ksat,Cink-sat
Cinksas,Cin-ksas,Cink-sas
Cinksaf,Cin-ksaf,Cink-saf
Cinksax,Cin-ksax,Cink-sax
CinksaC,Cin-ksaC,Cink-saC
Cinksal,Cin-ksal,Cink-sal
Cinksum,Cin-ksum,Cink-sum
Cinksub,Cin-ksub,Cink-sub
Cinksug,Cin-ksug,Cink-sug
Cinksut,Cin-ksut,Cink-sut
Cinksus,Cin-ksus,Cink-sus
Cinksuf,Cin-ksuf,Cink-suf
Cinksux,Cin-ksux,Cink-sux
CinksuC,Cin-ksuC,Cink-suC
Cinksul,Cin-ksul,Cink-sul
Cinklek,Cin-klek,Cink-lek
Cinkloz,Cin-kloz,Cink-loz
Cipflid,Cip-flid,Cipf-lid
Cipflip,Cip-flip,Cipf-lip
Cipflif,Cip-flif,Cipf-lif
Cipflem,Cip-flem,Cipf-lem
Cipflek,Cip-flek,Cipf-lek
CipfleC,Cip-fleC,Cipf-leC
Cipflad,Cip-flad,Cipf-lad
Cipflap,Cip-flap,Cipf-lap
Cipflaf,Cip-flaf,Cipf-laf
Cipflax,Cip-flax,Cipf-lax
Cipflom,Cip-flom,Cipf-lom
Cipflok,Cip-flok,Cipf-lok
Cipflor,Cip-flor,Cipf-lor
Cipflud,Cip-flud,Cipf-lud
Cipflup,Cip-flup,Cipf-lup
Cipfluz,Cip-fluz,Cipf-luz
Cipfluf,Cip-fluf,Cipf-luf
Cipflux,Cip-flux,Cipf-lux
Cipfris,Cip-fris,Cipf-ris
Cipfrix,Cip-frix,Cipf-rix
Cipfras,Cip-fras,Cipf-ras
Cipxnim,Cip-xnim,Cipx-nim
Cipxnib,Cip-xnib,Cipx-nib
Cipxnig,Cip-xnig,Cipx-nig
Cipxnit,Cip-xnit,Cipx-nit
Cipxnis,Cip-xnis,Cipx-nis
Cipxnif,Cip-xnif,Cipx-nif
Cipxnix,Cip-xnix,Cipx-nix
CipxniC,Cip-xniC,Cipx-niC
Cipxnam,Cip-xnam,Cipx-nam
Cipxnab,Cip-xnab,Cipx-nab
Cipxnag,Cip-xnag,Cipx-nag
Cipxnat,Cip-xnat,Cipx-nat
Cipxnas,Cip-xnas,Cipx-nas
Cipxnaf,Cip-xnaf,Cipx-naf
Cipxnax,Cip-xnax,Cipx-nax
CipxnaC,Cip-xnaC,Cipx-naC
Cipxnal,Cip-xnal,Cipx-nal
Cipxnum,Cip-xnum,Cipx-num
Cipxnub,Cip-xnub,Cipx-nub
Cipxnug,Cip-xnug,Cipx-nug
Cipxnut,Cip-xnut,Cipx-nut
Cipxnus,Cip-xnus,Cipx-nus
Cipxnuf,Cip-xnuf,Cipx-nuf
Cipxnux,Cip-xnux,Cipx-nux
CipxnuC,Cip-xnuC,Cipx-nuC
Cipxnul,Cip-xnul,Cipx-nul
Cipxkim,Cip-xkim,Cipx-kim
Cipxkib,Cip-xkib,Cipx-kib
Cipxkig,Cip-xkig,Cipx-kig
Cipxkit,Cip-xkit,Cipx-kit
Cipxkis,Cip-xkis,Cipx-kis
Cipxkif,Cip-xkif,Cipx-kif
Cipxkix,Cip-xkix,Cipx-kix
CipxkiC,Cip-xkiC,Cipx-kiC
Cipxkam,Cip-xkam,Cipx-kam
Cipxkab,Cip-xkab,Cipx-kab
Cipxkag,Cip-xkag,Cipx-kag
Cipxkat,Cip-xkat,Cipx-kat
Cipxkas,Cip-xkas,Cipx-kas
Cipxkaf,Cip-xkaf,Cipx-kaf
Cipxkax,Cip-xkax,Cipx-kax
CipxkaC,Cip-xkaC,Cipx-kaC
Cipxkal,Cip-xkal,Cipx-kal
Cipxkum,Cip-xkum,Cipx-kum
Cipxkub,Cip-xkub,Cipx-kub
Cipxkug,Cip-xkug,Cipx-kug
Cipxkut,Cip-xkut,Cipx-kut
Cipxkus,Cip-xkus,Cipx-kus
Cipxkuf,Cip-xkuf,Cipx-kuf
Cipxkux,Cip-xkux,Cipx-kux
CipxkuC,Cip-xkuC,Cipx-kuC
Cipxkul,Cip-xkul,Cipx-kul
Cipxlim,Cip-xlim,Cipx-lim
Cipxlib,Cip-xlib,Cipx-lib
Cipxlit,Cip-xlit,Cipx-lit
Cipxlik,Cip-xlik,Cipx-lik
Cipxlis,Cip-xlis,Cipx-lis
Cipxlif,Cip-xlif,Cipx-lif
Cipxlix,Cip-xlix,Cipx-lix
CipxliC,Cip-xliC,Cipx-liC
Cipxlam,Cip-xlam,Cipx-lam
Cipxlab,Cip-xlab,Cipx-lab
Cipxlag,Cip-xlag,Cipx-lag
Cipxlat,Cip-xlat,Cipx-lat
Cipxlas,Cip-xlas,Cipx-las
Cipxlav,Cip-xlav,Cipx-lav
Cipxlax,Cip-xlax,Cipx-lax
Cipxlal,Cip-xlal,Cipx-lal
Cipxlum,Cip-xlum,Cipx-lum
Cipxlub,Cip-xlub,Cipx-lub
Cipxlug,Cip-xlug,Cipx-lug
Cipxlut,Cip-xlut,Cipx-lut
Cipxlus,Cip-xlus,Cipx-lus
Cipxluf,Cip-xluf,Cipx-luf
Cipxlux,Cip-xlux,Cipx-lux
CipxluC,Cip-xluC,Cipx-luC
Cipxlul,Cip-xlul,Cipx-lul
Cikxnim,Cik-xnim,Cikx-nim
Cikxnib,Cik-xnib,Cikx-nib
Cikxnig,Cik-xnig,Cikx-nig
Cikxnit,Cik-xnit,Cikx-nit
Cikxnis,Cik-xnis,Cikx-nis
Cikxnif,Cik-xnif,Cikx-nif
Cikxnix,Cik-xnix,Cikx-nix
CikxniC,Cik-xniC,Cikx-niC
Cikxnam,Cik-xnam,Cikx-nam
Cikxnab,Cik-xnab,Cikx-nab
Cikxnag,Cik-xnag,Cikx-nag
Cikxnat,Cik-xnat,Cikx-nat
Cikxnas,Cik-xnas,Cikx-nas
Cikxnaf,Cik-xnaf,Cikx-naf
Cikxnax,Cik-xnax,Cikx-nax
CikxnaC,Cik-xnaC,Cikx-naC
Cikxnal,Cik-xnal,Cikx-nal
Cikxnum,Cik-xnum,Cikx-num
Cikxnub,Cik-xnub,Cikx-nub
Cikxnug,Cik-xnug,Cikx-nug
Cikxnut,Cik-xnut,Cikx-nut
Cikxnus,Cik-xnus,Cikx-nus
Cikxnuf,Cik-xnuf,Cikx-nuf
Cikxnux,Cik-xnux,Cikx-nux
CikxnuC,Cik-xnuC,Cikx-nuC
Cikxnul,Cik-xnul,Cikx-nul
Cikxkim,Cik-xkim,Cikx-kim
Cikxkib,Cik-xkib,Cikx-kib
Cikxkig,Cik-xkig,Cikx-kig
Cikxkit,Cik-xkit,Cikx-kit
Cikxkis,Cik-xkis,Cikx-kis
Cikxkif,Cik-xkif,Cikx-kif
Cikxkix,Cik-xkix,Cikx-kix
CikxkiC,Cik-xkiC,Cikx-kiC
Cikxkam,Cik-xkam,Cikx-kam
Cikxkab,Cik-xkab,Cikx-kab
Cikxkag,Cik-xkag,Cikx-kag
Cikxkat,Cik-xkat,Cikx-kat
Cikxkas,Cik-xkas,Cikx-kas
Cikxkaf,Cik-xkaf,Cikx-kaf
Cikxkax,Cik-xkax,Cikx-kax
CikxkaC,Cik-xkaC,Cikx-kaC
Cikxkal,Cik-xkal,Cikx-kal
Cikxkum,Cik-xkum,Cikx-kum
Cikxkub,Cik-xkub,Cikx-kub
Cikxkug,Cik-xkug,Cikx-kug
Cikxkut,Cik-xkut,Cikx-kut
Cikxkus,Cik-xkus,Cikx-kus
Cikxkuf,Cik-xkuf,Cikx-kuf
Cikxkux,Cik-xkux,Cikx-kux
CikxkuC,Cik-xkuC,Cikx-kuC
Cikxkul,Cik-xkul,Cikx-kul
Cikxlim,Cik-xlim,Cikx-lim
Cikxlib,Cik-xlib,Cikx-lib
Cikxlit,Cik-xlit,Cikx-lit
Cikxlik,Cik-xlik,Cikx-lik
Cikxlis,Cik-xlis,Cikx-lis
Cikxlif,Cik-xlif,Cikx-lif
Cikxlix,Cik-xlix,Cikx-lix
CikxliC,Cik-xliC,Cikx-liC
Cikxlam,Cik-xlam,Cikx-lam
Cikxlab,Cik-xlab,Cikx-lab
Cikxlag,Cik-xlag,Cikx-lag
Cikxlat,Cik-xlat,Cikx-lat
Cikxlas,Cik-xlas,Cikx-las
Cikxlav,Cik-xlav,Cikx-lav
Cikxlax,Cik-xlax,Cikx-lax
Cikxlal,Cik-xlal,Cikx-lal
Cikxlum,Cik-xlum,Cikx-lum
Cikxlub,Cik-xlub,Cikx-lub
Cikxlug,Cik-xlug,Cikx-lug
Cikxlut,Cik-xlut,Cikx-lut
Cikxlus,Cik-xlus,Cikx-lus
Cikxluf,Cik-xluf,Cikx-luf
Cikxlux,Cik-xlux,Cikx-lux
CikxluC,Cik-xluC,Cikx-luC
Cikxlul,Cik-xlul,Cikx-lul
Cisksim,Cis-ksim,Cisk-sim
Cisksib,Cis-ksib,Cisk-sib
Cisksig,Cis-ksig,Cisk-sig
Cisksit,Cis-ksit,Cisk-sit
Cisksis,Cis-ksis,Cisk-sis
Cisksif,Cis-ksif,Cisk-sif
Cisksix,Cis-ksix,Cisk-six
CisksiC,Cis-ksiC,Cisk-siC
Cisksam,Cis-ksam,Cisk-sam
Cisksab,Cis-ksab,Cisk-sab
Cisksag,Cis-ksag,Cisk-sag
Cisksat,Cis-ksat,Cisk-sat
Cisksas,Cis-ksas,Cisk-sas
Cisksaf,Cis-ksaf,Cisk-saf
Cisksax,Cis-ksax,Cisk-sax
CisksaC,Cis-ksaC,Cisk-saC
Cisksal,Cis-ksal,Cisk-sal
Cisksum,Cis-ksum,Cisk-sum
Cisksub,Cis-ksub,Cisk-sub
Cisksug,Cis-ksug,Cisk-sug
Cisksut,Cis-ksut,Cisk-sut
Cisksus,Cis-ksus,Cisk-sus
Cisksuf,Cis-ksuf,Cisk-suf
Cisksux,Cis-ksux,Cisk-sux
CisksuC,Cis-ksuC,Cisk-suC
Cisksul,Cis-ksul,Cisk-sul
Cisklek,Cis-klek,Cisk-lek
Ciskloz,Cis-kloz,Cisk-loz
Ciftxal,Cif-txal,Cift-xal
Ciftxum,Cif-txum,Cift-xum
Ciftrin,Cif-trin,Cift-rin
Ciftrik,Cif-trik,Cift-rik
Ciftris,Cif-tris,Cift-ris
Ciftrif,Cif-trif,Cift-rif
CiftriC,Cif-triC,Cift-riC
Ciftret,Cif-tret,Cift-ret
Ciftrab,Cif-trab,Cift-rab
Ciftrag,Cif-trag,Cift-rag
Ciftras,Cif-tras,Cift-ras
Ciftraf,Cif-traf,Cift-raf
CiftraC,Cif-traC,Cift-raC
Ciftral,Cif-tral,Cift-ral
Ciftrot,Cif-trot,Cift-rot
Ciftrum,Cif-trum,Cift-rum
Ciftrub,Cif-trub,Cift-rub
Ciftrug,Cif-trug,Cift-rug
Ciftrus,Cif-trus,Cift-rus
Ciftruf,Cif-truf,Cift-ruf
Ciftrux,Cif-trux,Cift-rux
CiftruC,Cif-truC,Cift-ruC
Ciftrul,Cif-trul,Cift-rul
Cifsmin,Cif-smin,Cifs-min
Cifsmib,Cif-smib,Cifs-mib
Cifsmit,Cif-smit,Cifs-mit
Cifsmis,Cif-smis,Cifs-mis
Cifsmix,Cif-smix,Cifs-mix
CifsmiC,Cif-smiC,Cifs-miC
Cifsmek,Cif-smek,Cifs-mek
Cifsmad,Cif-smad,Cifs-mad
Cifsmas,Cif-smas,Cifs-mas
Cifsmaf,Cif-smaf,Cifs-maf
Cifsmax,Cif-smax,Cifs-max
CifsmaC,Cif-smaC,Cifs-maC
Cifsmal,Cif-smal,Cifs-mal
Cifsmok,Cif-smok,Cifs-mok
Cifsmub,Cif-smub,Cifs-mub
Cifsmut,Cif-smut,Cifs-mut
Cifsmus,Cif-smus,Cifs-mus
Cifsmuf,Cif-smuf,Cifs-muf
Cifsmux,Cif-smux,Cifs-mux
CifsmuC,Cif-smuC,Cifs-muC
Cifsmul,Cif-smul,Cifs-mul
Cifsnif,Cif-snif,Cifs-nif
Cifsnap,Cif-snap,Cifs-nap
Cifsnom,Cif-snom,Cifs-nom
Cifspin,Cif-spin,Cifs-pin
Cifspib,Cif-spib,Cifs-pib
Cifspit,Cif-spit,Cifs-pit
Cifspik,Cif-spik,Cifs-pik
Cifspis,Cif-spis,Cifs-pis
Cifspix,Cif-spix,Cifs-pix
CifspiC,Cif-spiC,Cifs-piC
Cifspan,Cif-span,Cifs-pan
Cifspak,Cif-spak,Cifs-pak
Cifspas,Cif-spas,Cifs-pas
Cifspof,Cif-spof,Cifs-pof
Cifspum,Cif-spum,Cifs-pum
Cifspug,Cif-spug,Cifs-pug
Cifspus,Cif-spus,Cifs-pus
Cifspul,Cif-spul,Cifs-pul
Cifstef,Cif-stef,Cifs-tef
Cifstab,Cif-stab,Cifs-tab
Cifstat,Cif-stat,Cifs-tat
Cifstal,Cif-stal,Cifs-tal
Cifstoj,Cif-stoj,Cifs-toj
Cifstud,Cif-stud,Cifs-tud
Cifstup,Cif-stup,Cifs-tup
Cifskim,Cif-skim,Cifs-kim
Cifskib,Cif-skib,Cifs-kib
Cifskig,Cif-skig,Cifs-kig
Cifskit,Cif-skit,Cifs-kit
Cifskis,Cif-skis,Cifs-kis
Cifskif,Cif-skif,Cifs-kif
Cifskix,Cif-skix,Cifs-kix
CifskiC,Cif-skiC,Cifs-kiC
Cifskad,Cif-skad,Cifs-kad
Cifskag,Cif-skag,Cifs-kag
Cifskap,Cif-skap,Cifs-kap
Cifskas,Cif-skas,Cifs-kas
Cifskaf,Cif-skaf,Cifs-kaf
Cifskax,Cif-skax,Cifs-kax
CifskaC,Cif-skaC,Cifs-kaC
Cifskal,Cif-skal,Cifs-kal
Cifskoq,Cif-skoq,Cifs-koq
Cifskud,Cif-skud,Cifs-kud
Cifskug,Cif-skug,Cifs-kug
Cifskup,Cif-skup,Cifs-kup
Cifskuz,Cif-skuz,Cifs-kuz
Cifskuf,Cif-skuf,Cifs-kuf
Cifskux,Cif-skux,Cifs-kux
Cifskul,Cif-skul,Cifs-kul
Cifsfim,Cif-sfim,Cifs-fim
Cifsfib,Cif-sfib,Cifs-fib
Cifsfit,Cif-sfit,Cifs-fit
Cifsfis,Cif-sfis,Cifs-fis
Cifsfif,Cif-sfif,Cifs-fif
Cifsfix,Cif-sfix,Cifs-fix
CifsfiC,Cif-sfiC,Cifs-fiC
Cifsfam,Cif-sfam,Cifs-fam
Cifsfab,Cif-sfab,Cifs-fab
Cifsfag,Cif-sfag,Cifs-fag
Cifsfat,Cif-sfat,Cifs-fat
Cifsfaf,Cif-sfaf,Cifs-faf
Cifsfax,Cif-sfax,Cifs-fax
CifsfaC,Cif-sfaC,Cifs-faC
Cifsfal,Cif-sfal,Cifs-fal
Cifsfum,Cif-sfum,Cifs-fum
Cifsfub,Cif-sfub,Cifs-fub
Cifsfug,Cif-sfug,Cifs-fug
Cifsfut,Cif-sfut,Cifs-fut
Cifsfus,Cif-sfus,Cifs-fus
Cifsfuf,Cif-sfuf,Cifs-fuf
Cifsfux,Cif-sfux,Cifs-fux
CifsfuC,Cif-sfuC,Cifs-fuC
Cifsvik,Cif-svik,Cifs-vik
Cifsvas,Cif-svas,Cifs-vas
Cifsvur,Cif-svur,Cifs-vur
Cifslim,Cif-slim,Cifs-lim
Cifslid,Cif-slid,Cifs-lid
Cifslig,Cif-slig,Cifs-lig
Cifslip,Cif-slip,Cifs-lip
Cifslis,Cif-slis,Cifs-lis
Cifslif,Cif-slif,Cifs-lif
Cifslix,Cif-slix,Cifs-lix
CifsliC,Cif-sliC,Cifs-liC
Cifslad,Cif-slad,Cifs-lad
Cifslag,Cif-slag,Cifs-lag
Cifslap,Cif-slap,Cifs-lap
Cifslas,Cif-slas,Cifs-las
Cifslaf,Cif-slaf,Cifs-laf
Cifslax,Cif-slax,Cifs-lax
CifslaC,Cif-slaC,Cifs-laC
Cifslal,Cif-slal,Cifs-lal
Cifslom,Cif-slom,Cifs-lom
Cifslud,Cif-slud,Cifs-lud
Cifslug,Cif-slug,Cifs-lug
Cifslup,Cif-slup,Cifs-lup
Cifslus,Cif-slus,Cifs-lus
Cifsluf,Cif-sluf,Cifs-luf
Cifslux,Cif-slux,Cifs-lux
CifsluC,Cif-sluC,Cifs-luC
Cifslur,Cif-slur,Cifs-lur
Cixtxal,Cix-txal,Cixt-xal
Cixtxum,Cix-txum,Cixt-xum
Cixtrin,Cix-trin,Cixt-rin
Cixtrik,Cix-trik,Cixt-rik
Cixtris,Cix-tris,Cixt-ris
Cixtrif,Cix-trif,Cixt-rif
CixtriC,Cix-triC,Cixt-riC
Cixtret,Cix-tret,Cixt-ret
Cixtrab,Cix-trab,Cixt-rab
Cixtrag,Cix-trag,Cixt-rag
Cixtras,Cix-tras,Cixt-ras
Cixtraf,Cix-traf,Cixt-raf
CixtraC,Cix-traC,Cixt-raC
Cixtral,Cix-tral,Cixt-ral
Cixtrot,Cix-trot,Cixt-rot
Cixtrum,Cix-trum,Cixt-rum
Cixtrub,Cix-trub,Cixt-rub
Cixtrug,Cix-trug,Cixt-rug
Cixtrus,Cix-trus,Cixt-rus
Cixtruf,Cix-truf,Cixt-ruf
Cixtrux,Cix-trux,Cixt-rux
CixtruC,Cix-truC,Cixt-ruC
Cixtrul,Cix-trul,Cixt-rul
Camdjin,Cam-djin,Camd-jin
Camdjid,Cam-djid,Camd-jid
Camdjip,Cam-djip,Camd-jip
Camdjiz,Cam-djiz,Camd-jiz
Camdjif,Cam-djif,Camd-jif
Camdjix,Cam-djix,Camd-jix
Camdjek,Cam-djek,Camd-jek
Camdjam,Cam-djam,Camd-jam
Camdjab,Cam-djab,Camd-jab
Camdjat,Cam-djat,Camd-jat
Camdjas,Cam-djas,Camd-jas
Camdjaf,Cam-djaf,Camd-jaf
Camdjax,Cam-djax,Camd-jax
CamdjaC,Cam-djaC,Camd-jaC
Camdjok,Cam-djok,Camd-jok
Camdjud,Cam-djud,Camd-jud
Camdjup,Cam-djup,Camd-jup
Camdjus,Cam-djus,Camd-jus
Camdjuf,Cam-djuf,Camd-juf
Camdjux,Cam-djux,Camd-jux
CamdjuC,Cam-djuC,Camd-juC
Camdjul,Cam-djul,Camd-jul
Camdrib,Cam-drib,Camd-rib
Camdrix,Cam-drix,Camd-rix
Camdram,Cam-dram,Camd-ram
Camdrax,Cam-drax,Camd-rax
Camplib,Cam-plib,Camp-lib
Camplix,Cam-plix,Camp-lix
Camplan,Cam-plan,Camp-lan
Camplax,Cam-plax,Camp-lax
Canksim,Can-ksim,Cank-sim
Canksib,Can-ksib,Cank-sib
Canksig,Can-ksig,Cank-sig
Canksit,Can-ksit,Cank-sit
Canksis,Can-ksis,Cank-sis
Canksif,Can-ksif,Cank-sif
Canksix,Can-ksix,Cank-six
CanksiC,Can-ksiC,Cank-siC
Canksam,Can-ksam,Cank-sam
Canksab,Can-ksab,Cank-sab
Canksag,Can-ksag,Cank-sag
Canksat,Can-ksat,Cank-sat
Canksas,Can-ksas,Cank-sas
Canksaf,Can-ksaf,Cank-saf
Canksax,Can-ksax,Cank-sax
CanksaC,Can-ksaC,Cank-saC
Canksal,Can-ksal,Cank-sal
Canksum,Can-ksum,Cank-sum
Canksub,Can-ksub,Cank-sub
Canksug,Can-ksug,Cank-sug
Canksut,Can-ksut,Cank-sut
Canksus,Can-ksus,Cank-sus
Canksuf,Can-ksuf,Cank-suf
Canksux,Can-ksux,Cank-sux
CanksuC,Can-ksuC,Cank-suC
Canksul,Can-ksul,Cank-sul
Canklek,Can-klek,Cank-lek
Cankloz,Can-kloz,Cank-loz
Capflid,Cap-flid,Capf-lid
Capflip,Cap-flip,Capf-lip
Capflif,Cap-flif,Capf-lif
Capflem,Cap-flem,Capf-lem
Capflek,Cap-flek,Capf-lek
CapfleC,Cap-fleC,Capf-leC
Capflad,Cap-flad,Capf-lad
Capflap,Cap-flap,Capf-lap
Capflaf,Cap-flaf,Capf-laf
Capflax,Cap-flax,Capf-lax
Capflom,Cap-flom,Capf-lom
Capflok,Cap-flok,Capf-lok
Capflor,Cap-flor,Capf-lor
Capflud,Cap-flud,Capf-lud
Capflup,Cap-flup,Capf-lup
Capfluz,Cap-fluz,Capf-luz
Capfluf,Cap-fluf,Capf-luf
Capflux,Cap-flux,Capf-lux
Capfris,Cap-fris,Capf-ris
Capfrix,Cap-frix,Capf-rix
Capfras,Cap-fras,Capf-ras
Capxnim,Cap-xnim,Capx-nim
Capxnib,Cap-xnib,Capx-nib
Capxnig,Cap-xnig,Capx-nig
Capxnit,Cap-xnit,Capx-nit
Capxnis,Cap-xnis,Capx-nis
Capxnif,Cap-xnif,Capx-nif
Capxnix,Cap-xnix,Capx-nix
CapxniC,Cap-xniC,Capx-niC
Capxnam,Cap-xnam,Capx-nam
Capxnab,Cap-xnab,Capx-nab
Capxnag,Cap-xnag,Capx-nag
Capxnat,Cap-xnat,Capx-nat
Capxnas,Cap-xnas,Capx-nas
Capxnaf,Cap-xnaf,Capx-naf
Capxnax,Cap-xnax,Capx-nax
CapxnaC,Cap-xnaC,Capx-naC
Capxnal,Cap-xnal,Capx-nal
Capxnum,Cap-xnum,Capx-num
Capxnub,Cap-xnub,Capx-nub
Capxnug,Cap-xnug,Capx-nug
Capxnut,Cap-xnut,Capx-nut
Capxnus,Cap-xnus,Capx-nus
Capxnuf,Cap-xnuf,Capx-nuf
Capxnux,Cap-xnux,Capx-nux
CapxnuC,Cap-xnuC,Capx-nuC
Capxnul,Cap-xnul,Capx-nul
Capxkim,Cap-xkim,Capx-kim
Capxkib,Cap-xkib,Capx-kib
Capxkig,Cap-xkig,Capx-kig
Capxkit,Cap-xkit,Capx-kit
Capxkis,Cap-xkis,Capx-kis
Capxkif,Cap-xkif,Capx-kif
Capxkix,Cap-xkix,Capx-kix
CapxkiC,Cap-xkiC,Capx-kiC
Capxkam,Cap-xkam,Capx-kam
Capxkab,Cap-xkab,Capx-kab
Capxkag,Cap-xkag,Capx-kag
Capxkat,Cap-xkat,Capx-kat
Capxkas,Cap-xkas,Capx-kas
Capxkaf,Cap-xkaf,Capx-kaf
Capxkax,Cap-xkax,Capx-kax
CapxkaC,Cap-xkaC,Capx-kaC
Capxkal,Cap-xkal,Capx-kal
Capxkum,Cap-xkum,Capx-kum
Capxkub,Cap-xkub,Capx-kub
Capxkug,Cap-xkug,Capx-kug
Capxkut,Cap-xkut,Capx-kut
Capxkus,Cap-xkus,Capx-kus
Capxkuf,Cap-xkuf,Capx-kuf
Capxkux,Cap-xkux,Capx-kux
CapxkuC,Cap-xkuC,Capx-kuC
Capxkul,Cap-xkul,Capx-kul
Capxlim,Cap-xlim,Capx-lim
Capxlib,Cap-xlib,Capx-lib
Capxlit,Cap-xlit,Capx-lit
Capxlik,Cap-xlik,Capx-lik
Capxlis,Cap-xlis,Capx-lis
Capxlif,Cap-xlif,Capx-lif
Capxlix,Cap-xlix,Capx-lix
CapxliC,Cap-xliC,Capx-liC
Capxlam,Cap-xlam,Capx-lam
Capxlab,Cap-xlab,Capx-lab
Capxlag,Cap-xlag,Capx-lag
Capxlat,Cap-xlat,Capx-lat
Capxlas,Cap-xlas,Capx-las
Capxlav,Cap-xlav,Capx-lav
Capxlax,Cap-xlax,Capx-lax
Capxlal,Cap-xlal,Capx-lal
Capxlum,Cap-xlum,Capx-lum
Capxlub,Cap-xlub,Capx-lub
Capxlug,Cap-xlug,Capx-lug
Capxlut,Cap-xlut,Capx-lut
Capxlus,Cap-xlus,Capx-lus
Capxluf,Cap-xluf,Capx-luf
Capxlux,Cap-xlux,Capx-lux
CapxluC,Cap-xluC,Capx-luC
Capxlul,Cap-xlul,Capx-lul
Cakxnim,Cak-xnim,Cakx-nim
Cakxnib,Cak-xnib,Cakx-nib
Cakxnig,Cak-xnig,Cakx-nig
Cakxnit,Cak-xnit,Cakx-nit
Cakxnis,Cak-xnis,Cakx-nis
Cakxnif,Cak-xnif,Cakx-nif
Cakxnix,Cak-xnix,Cakx-nix
CakxniC,Cak-xniC,Cakx-niC
Cakxnam,Cak-xnam,Cakx-nam
Cakxnab,Cak-xnab,Cakx-nab
Cakxnag,Cak-xnag,Cakx-nag
Cakxnat,Cak-xnat,Cakx-nat
Cakxnas,Cak-xnas,Cakx-nas
Cakxnaf,Cak-xnaf,Cakx-naf
Cakxnax,Cak-xnax,Cakx-nax
CakxnaC,Cak-xnaC,Cakx-naC
Cakxnal,Cak-xnal,Cakx-nal
Cakxnum,Cak-xnum,Cakx-num
Cakxnub,Cak-xnub,Cakx-nub
Cakxnug,Cak-xnug,Cakx-nug
Cakxnut,Cak-xnut,Cakx-nut
Cakxnus,Cak-xnus,Cakx-nus
Cakxnuf,Cak-xnuf,Cakx-nuf
Cakxnux,Cak-xnux,Cakx-nux
CakxnuC,Cak-xnuC,Cakx-nuC
Cakxnul,Cak-xnul,Cakx-nul
Cakxkim,Cak-xkim,Cakx-kim
Cakxkib,Cak-xkib,Cakx-kib
Cakxkig,Cak-xkig,Cakx-kig
Cakxkit,Cak-xkit,Cakx-kit
Cakxkis,Cak-xkis,Cakx-kis
Cakxkif,Cak-xkif,Cakx-kif
Cakxkix,Cak-xkix,Cakx-kix
CakxkiC,Cak-xkiC,Cakx-kiC
Cakxkam,Cak-xkam,Cakx-kam
Cakxkab,Cak-xkab,Cakx-kab
Cakxkag,Cak-xkag,Cakx-kag
Cakxkat,Cak-xkat,Cakx-kat
Cakxkas,Cak-xkas,Cakx-kas
Cakxkaf,Cak-xkaf,Cakx-kaf
Cakxkax,Cak-xkax,Cakx-kax
CakxkaC,Cak-xkaC,Cakx-kaC
Cakxkal,Cak-xkal,Cakx-kal
Cakxkum,Cak-xkum,Cakx-kum
Cakxkub,Cak-xkub,Cakx-kub
Cakxkug,Cak-xkug,Cakx-kug
Cakxkut,Cak-xkut,Cakx-kut
Cakxkus,Cak-xkus,Cakx-kus
Cakxkuf,Cak-xkuf,Cakx-kuf
Cakxkux,Cak-xkux,Cakx-kux
CakxkuC,Cak-xkuC,Cakx-kuC
Cakxkul,Cak-xkul,Cakx-kul
Cakxlim,Cak-xlim,Cakx-lim
Cakxlib,Cak-xlib,Cakx-lib
Cakxlit,Cak-xlit,Cakx-lit
Cakxlik,Cak-xlik,Cakx-lik
Cakxlis,Cak-xlis,Cakx-lis
Cakxlif,Cak-xlif,Cakx-lif
Cakxlix,Cak-xlix,Cakx-lix
CakxliC,Cak-xliC,Cakx-liC
Cakxlam,Cak-xlam,Cakx-lam
Cakxlab,Cak-xlab,Cakx-lab
Cakxlag,Cak-xlag,Cakx-lag
Cakxlat,Cak-xlat,Cakx-lat
Cakxlas,Cak-xlas,Cakx-las
Cakxlav,Cak-xlav,Cakx-lav
Cakxlax,Cak-xlax,Cakx-lax
Cakxlal,Cak-xlal,Cakx-lal
Cakxlum,Cak-xlum,Cakx-lum
Cakxlub,Cak-xlub,Cakx-lub
Cakxlug,Cak-xlug,Cakx-lug
Cakxlut,Cak-xlut,Cakx-lut
Cakxlus,Cak-xlus,Cakx-lus
Cakxluf,Cak-xluf,Cakx-luf
Cakxlux,Cak-xlux,Cakx-lux
CakxluC,Cak-xluC,Cakx-luC
Cakxlul,Cak-xlul,Cakx-lul
Casplib,Cas-plib,Casp-lib
Casplix,Cas-plix,Casp-lix
Casplan,Cas-plan,Casp-lan
Casplax,Cas-plax,Casp-lax
Casksim,Cas-ksim,Cask-sim
Casksib,Cas-ksib,Cask-sib
Casksig,Cas-ksig,Cask-sig
Casksit,Cas-ksit,Cask-sit
Casksis,Cas-ksis,Cask-sis
Casksif,Cas-ksif,Cask-sif
Casksix,Cas-ksix,Cask-six
CasksiC,Cas-ksiC,Cask-siC
Casksam,Cas-ksam,Cask-sam
Casksab,Cas-ksab,Cask-sab
Casksag,Cas-ksag,Cask-sag
Casksat,Cas-ksat,Cask-sat
Casksas,Cas-ksas,Cask-sas
Casksaf,Cas-ksaf,Cask-saf
Casksax,Cas-ksax,Cask-sax
CasksaC,Cas-ksaC,Cask-saC
Casksal,Cas-ksal,Cask-sal
Casksum,Cas-ksum,Cask-sum
Casksub,Cas-ksub,Cask-sub
Casksug,Cas-ksug,Cask-sug
Casksut,Cas-ksut,Cask-sut
Casksus,Cas-ksus,Cask-sus
Casksuf,Cas-ksuf,Cask-suf
Casksux,Cas-ksux,Cask-sux
CasksuC,Cas-ksuC,Cask-suC
Casksul,Cas-ksul,Cask-sul
Casklek,Cas-klek,Cask-lek
Caskloz,Cas-kloz,Cask-loz
Caftxal,Caf-txal,Caft-xal
Caftxum,Caf-txum,Caft-xum
Caftrin,Caf-trin,Caft-rin
Caftrik,Caf-trik,Caft-rik
Caftris,Caf-tris,Caft-ris
Caftrif,Caf-trif,Caft-rif
CaftriC,Caf-triC,Caft-riC
Caftret,Caf-tret,Caft-ret
Caftrab,Caf-trab,Caft-rab
Caftrag,Caf-trag,Caft-rag
Caftras,Caf-tras,Caft-ras
Caftraf,Caf-traf,Caft-raf
CaftraC,Caf-traC,Caft-raC
Caftral,Caf-tral,Caft-ral
Caftrot,Caf-trot,Caft-rot
Caftrum,Caf-trum,Caft-rum
Caftrub,Caf-trub,Caft-rub
Caftrug,Caf-trug,Caft-rug
Caftrus,Caf-trus,Caft-rus
Caftruf,Caf-truf,Caft-ruf
Caftrux,Caf-trux,Caft-rux
CaftruC,Caf-truC,Caft-ruC
Caftrul,Caf-trul,Caft-rul
Cafsmin,Caf-smin,Cafs-min
Cafsmib,Caf-smib,Cafs-mib
Cafsmit,Caf-smit,Cafs-mit
Cafsmis,Caf-smis,Cafs-mis
Cafsmix,Caf-smix,Cafs-mix
CafsmiC,Caf-smiC,Cafs-miC
Cafsmek,Caf-smek,Cafs-mek
Cafsmad,Caf-smad,Cafs-mad
Cafsmas,Caf-smas,Cafs-mas
Cafsmaf,Caf-smaf,Cafs-maf
Cafsmax,Caf-smax,Cafs-max
CafsmaC,Caf-smaC,Cafs-maC
Cafsmal,Caf-smal,Cafs-mal
Cafsmok,Caf-smok,Cafs-mok
Cafsmub,Caf-smub,Cafs-mub
Cafsmut,Caf-smut,Cafs-mut
Cafsmus,Caf-smus,Cafs-mus
Cafsmuf,Caf-smuf,Cafs-muf
Cafsmux,Caf-smux,Cafs-mux
CafsmuC,Caf-smuC,Cafs-muC
Cafsmul,Caf-smul,Cafs-mul
Cafsnif,Caf-snif,Cafs-nif
Cafsnap,Caf-snap,Cafs-nap
Cafsnom,Caf-snom,Cafs-nom
Cafspin,Caf-spin,Cafs-pin
Cafspib,Caf-spib,Cafs-pib
Cafspit,Caf-spit,Cafs-pit
Cafspik,Caf-spik,Cafs-pik
Cafspis,Caf-spis,Cafs-pis
Cafspix,Caf-spix,Cafs-pix
CafspiC,Caf-spiC,Cafs-piC
Cafspan,Caf-span,Cafs-pan
Cafspak,Caf-spak,Cafs-pak
Cafspas,Caf-spas,Cafs-pas
Cafspof,Caf-spof,Cafs-pof
Cafspum,Caf-spum,Cafs-pum
Cafspug,Caf-spug,Cafs-pug
Cafspus,Caf-spus,Cafs-pus
Cafspul,Caf-spul,Cafs-pul
Cafstef,Caf-stef,Cafs-tef
Cafstab,Caf-stab,Cafs-tab
Cafstat,Caf-stat,Cafs-tat
Cafstal,Caf-stal,Cafs-tal
Cafstoj,Caf-stoj,Cafs-toj
Cafstud,Caf-stud,Cafs-tud
Cafstup,Caf-stup,Cafs-tup
Cafskim,Caf-skim,Cafs-kim
Cafskib,Caf-skib,Cafs-kib
Cafskig,Caf-skig,Cafs-kig
Cafskit,Caf-skit,Cafs-kit
Cafskis,Caf-skis,Cafs-kis
Cafskif,Caf-skif,Cafs-kif
Cafskix,Caf-skix,Cafs-kix
CafskiC,Caf-skiC,Cafs-kiC
Cafskad,Caf-skad,Cafs-kad
Cafskag,Caf-skag,Cafs-kag
Cafskap,Caf-skap,Cafs-kap
Cafskas,Caf-skas,Cafs-kas
Cafskaf,Caf-skaf,Cafs-kaf
Cafskax,Caf-skax,Cafs-kax
CafskaC,Caf-skaC,Cafs-kaC
Cafskal,Caf-skal,Cafs-kal
Cafskoq,Caf-skoq,Cafs-koq
Cafskud,Caf-skud,Cafs-kud
Cafskug,Caf-skug,Cafs-kug
Cafskup,Caf-skup,Cafs-kup
Cafskuz,Caf-skuz,Cafs-kuz
Cafskuf,Caf-skuf,Cafs-kuf
Cafskux,Caf-skux,Cafs-kux
Cafskul,Caf-skul,Cafs-kul
Cafsfim,Caf-sfim,Cafs-fim
Cafsfib,Caf-sfib,Cafs-fib
Cafsfit,Caf-sfit,Cafs-fit
Cafsfis,Caf-sfis,Cafs-fis
Cafsfif,Caf-sfif,Cafs-fif
Cafsfix,Caf-sfix,Cafs-fix
CafsfiC,Caf-sfiC,Cafs-fiC
Cafsfam,Caf-sfam,Cafs-fam
Cafsfab,Caf-sfab,Cafs-fab
Cafsfag,Caf-sfag,Cafs-fag
Cafsfat,Caf-sfat,Cafs-fat
Cafsfaf,Caf-sfaf,Cafs-faf
Cafsfax,Caf-sfax,Cafs-fax
CafsfaC,Caf-sfaC,Cafs-faC
Cafsfal,Caf-sfal,Cafs-fal
Cafsfum,Caf-sfum,Cafs-fum
Cafsfub,Caf-sfub,Cafs-fub
Cafsfug,Caf-sfug,Cafs-fug
Cafsfut,Caf-sfut,Cafs-fut
Cafsfus,Caf-sfus,Cafs-fus
Cafsfuf,Caf-sfuf,Cafs-fuf
Cafsfux,Caf-sfux,Cafs-fux
CafsfuC,Caf-sfuC,Cafs-fuC
Cafsvik,Caf-svik,Cafs-vik
Cafsvas,Caf-svas,Cafs-vas
Cafsvur,Caf-svur,Cafs-vur
Cafslim,Caf-slim,Cafs-lim
Cafslid,Caf-slid,Cafs-lid
Cafslig,Caf-slig,Cafs-lig
Cafslip,Caf-slip,Cafs-lip
Cafslis,Caf-slis,Cafs-lis
Cafslif,Caf-slif,Cafs-lif
Cafslix,Caf-slix,Cafs-lix
CafsliC,Caf-sliC,Cafs-liC
Cafslad,Caf-slad,Cafs-lad
Cafslag,Caf-slag,Cafs-lag
Cafslap,Caf-slap,Cafs-lap
Cafslas,Caf-slas,Cafs-las
Cafslaf,Caf-slaf,Cafs-laf
Cafslax,Caf-slax,Cafs-lax
CafslaC,Caf-slaC,Cafs-laC
Cafslal,Caf-slal,Cafs-lal
Cafslom,Caf-slom,Cafs-lom
Cafslud,Caf-slud,Cafs-lud
Cafslug,Caf-slug,Cafs-lug
Cafslup,Caf-slup,Cafs-lup
Cafslus,Caf-slus,Cafs-lus
Cafsluf,Caf-sluf,Cafs-luf
Cafslux,Caf-slux,Cafs-lux
CafsluC,Caf-sluC,Cafs-luC
Cafslur,Caf-slur,Cafs-lur
Caxtxal,Cax-txal,Caxt-xal
Caxtxum,Cax-txum,Caxt-xum
Caxtrin,Cax-trin,Caxt-rin
Caxtrik,Cax-trik,Caxt-rik
Caxtris,Cax-tris,Caxt-ris
Caxtrif,Cax-trif,Caxt-rif
CaxtriC,Cax-triC,Caxt-riC
Caxtret,Cax-tret,Caxt-ret
Caxtrab,Cax-trab,Caxt-rab
Caxtrag,Cax-trag,Caxt-rag
Caxtras,Cax-tras,Caxt-ras
Caxtraf,Cax-traf,Caxt-raf
CaxtraC,Cax-traC,Caxt-raC
Caxtral,Cax-tral,Caxt-ral
Caxtrot,Cax-trot,Caxt-rot
Caxtrum,Cax-trum,Caxt-rum
Caxtrub,Cax-trub,Caxt-rub
Caxtrug,Cax-trug,Caxt-rug
Caxtrus,Cax-trus,Caxt-rus
Caxtruf,Cax-truf,Caxt-ruf
Caxtrux,Cax-trux,Caxt-rux
CaxtruC,Cax-truC,Caxt-ruC
Caxtrul,Cax-trul,Caxt-rul
Caltxal,Cal-txal,Calt-xal
Caltxum,Cal-txum,Calt-xum
Caltrin,Cal-trin,Calt-rin
Caltrik,Cal-trik,Calt-rik
Caltris,Cal-tris,Calt-ris
Caltrif,Cal-trif,Calt-rif
CaltriC,Cal-triC,Calt-riC
Caltret,Cal-tret,Calt-ret
Caltrab,Cal-trab,Calt-rab
Caltrag,Cal-trag,Calt-rag
Caltras,Cal-tras,Calt-ras
Caltraf,Cal-traf,Calt-raf
CaltraC,Cal-traC,Calt-raC
Caltral,Cal-tral,Calt-ral
Caltrot,Cal-trot,Calt-rot
Caltrum,Cal-trum,Calt-rum
Caltrub,Cal-trub,Calt-rub
Caltrug,Cal-trug,Calt-rug
Caltrus,Cal-trus,Calt-rus
Caltruf,Cal-truf,Calt-ruf
Caltrux,Cal-trux,Calt-rux
CaltruC,Cal-truC,Calt-ruC
Caltrul,Cal-trul,Calt-rul
Cotsmin,Cot-smin,Cots-min
Cotsmib,Cot-smib,Cots-mib
Cotsmit,Cot-smit,Cots-mit
Cotsmis,Cot-smis,Cots-mis
Cotsmix,Cot-smix,Cots-mix
CotsmiC,Cot-smiC,Cots-miC
Cotsmek,Cot-smek,Cots-mek
Cotsmad,Cot-smad,Cots-mad
Cotsmas,Cot-smas,Cots-mas
Cotsmaf,Cot-smaf,Cots-maf
Cotsmax,Cot-smax,Cots-max
CotsmaC,Cot-smaC,Cots-maC
Cotsmal,Cot-smal,Cots-mal
Cotsmok,Cot-smok,Cots-mok
Cotsmub,Cot-smub,Cots-mub
Cotsmut,Cot-smut,Cots-mut
Cotsmus,Cot-smus,Cots-mus
Cotsmuf,Cot-smuf,Cots-muf
Cotsmux,Cot-smux,Cots-mux
CotsmuC,Cot-smuC,Cots-muC
Cotsmul,Cot-smul,Cots-mul
Cotsnif,Cot-snif,Cots-nif
Cotsnap,Cot-snap,Cots-nap
Cotsnom,Cot-snom,Cots-nom
Cotspin,Cot-spin,Cots-pin
Cotspib,Cot-spib,Cots-pib
Cotspit,Cot-spit,Cots-pit
Cotspik,Cot-spik,Cots-pik
Cotspis,Cot-spis,Cots-pis
Cotspix,Cot-spix,Cots-pix
CotspiC,Cot-spiC,Cots-piC
Cotspan,Cot-span,Cots-pan
Cotspak,Cot-spak,Cots-pak
Cotspas,Cot-spas,Cots-pas
Cotspof,Cot-spof,Cots-pof
Cotspum,Cot-spum,Cots-pum
Cotspug,Cot-spug,Cots-pug
Cotspus,Cot-spus,Cots-pus
Cotspul,Cot-spul,Cots-pul
Cotstef,Cot-stef,Cots-tef
Cotstab,Cot-stab,Cots-tab
Cotstat,Cot-stat,Cots-tat
Cotstal,Cot-stal,Cots-tal
Cotstoj,Cot-stoj,Cots-toj
Cotstud,Cot-stud,Cots-tud
Cotstup,Cot-stup,Cots-tup
Cotskim,Cot-skim,Cots-kim
Cotskib,Cot-skib,Cots-kib
Cotskig,Cot-skig,Cots-kig
Cotskit,Cot-skit,Cots-kit
Cotskis,Cot-skis,Cots-kis
Cotskif,Cot-skif,Cots-kif
Cotskix,Cot-skix,Cots-kix
CotskiC,Cot-skiC,Cots-kiC
Cotskad,Cot-skad,Cots-kad
Cotskag,Cot-skag,Cots-kag
Cotskap,Cot-skap,Cots-kap
Cotskas,Cot-skas,Cots-kas
Cotskaf,Cot-skaf,Cots-kaf
Cotskax,Cot-skax,Cots-kax
CotskaC,Cot-skaC,Cots-kaC
Cotskal,Cot-skal,Cots-kal
Cotskoq,Cot-skoq,Cots-koq
Cotskud,Cot-skud,Cots-kud
Cotskug,Cot-skug,Cots-kug
Cotskup,Cot-skup,Cots-kup
Cotskuz,Cot-skuz,Cots-kuz
Cotskuf,Cot-skuf,Cots-kuf
Cotskux,Cot-skux,Cots-kux
Cotskul,Cot-skul,Cots-kul
Cotsfim,Cot-sfim,Cots-fim
Cotsfib,Cot-sfib,Cots-fib
Cotsfit,Cot-sfit,Cots-fit
Cotsfis,Cot-sfis,Cots-fis
Cotsfif,Cot-sfif,Cots-fif
Cotsfix,Cot-sfix,Cots-fix
CotsfiC,Cot-sfiC,Cots-fiC
Cotsfam,Cot-sfam,Cots-fam
Cotsfab,Cot-sfab,Cots-fab
Cotsfag,Cot-sfag,Cots-fag
Cotsfat,Cot-sfat,Cots-fat
Cotsfaf,Cot-sfaf,Cots-faf
Cotsfax,Cot-sfax,Cots-fax
CotsfaC,Cot-sfaC,Cots-faC
Cotsfal,Cot-sfal,Cots-fal
Cotsfum,Cot-sfum,Cots-fum
Cotsfub,Cot-sfub,Cots-fub
Cotsfug,Cot-sfug,Cots-fug
Cotsfut,Cot-sfut,Cots-fut
Cotsfus,Cot-sfus,Cots-fus
Cotsfuf,Cot-sfuf,Cots-fuf
Cotsfux,Cot-sfux,Cots-fux
CotsfuC,Cot-sfuC,Cots-fuC
Cotsvik,Cot-svik,Cots-vik
Cotsvas,Cot-svas,Cots-vas
Cotsvur,Cot-svur,Cots-vur
Cotslim,Cot-slim,Cots-lim
Cotslid,Cot-slid,Cots-lid
Cotslig,Cot-slig,Cots-lig
Cotslip,Cot-slip,Cots-lip
Cotslis,Cot-slis,Cots-lis
Cotslif,Cot-slif,Cots-lif
Cotslix,Cot-slix,Cots-lix
CotsliC,Cot-sliC,Cots-liC
Cotslad,Cot-slad,Cots-lad
Cotslag,Cot-slag,Cots-lag
Cotslap,Cot-slap,Cots-lap
Cotslas,Cot-slas,Cots-las
Cotslaf,Cot-slaf,Cots-laf
Cotslax,Cot-slax,Cots-lax
CotslaC,Cot-slaC,Cots-laC
Cotslal,Cot-slal,Cots-lal
Cotslom,Cot-slom,Cots-lom
Cotslud,Cot-slud,Cots-lud
Cotslug,Cot-slug,Cots-lug
Cotslup,Cot-slup,Cots-lup
Cotslus,Cot-slus,Cots-lus
Cotsluf,Cot-sluf,Cots-luf
Cotslux,Cot-slux,Cots-lux
CotsluC,Cot-sluC,Cots-luC
Cotslur,Cot-slur,Cots-lur
Corksim,Cor-ksim,Cork-sim
Corksib,Cor-ksib,Cork-sib
Corksig,Cor-ksig,Cork-sig
Corksit,Cor-ksit,Cork-sit
Corksis,Cor-ksis,Cork-sis
Corksif,Cor-ksif,Cork-sif
Corksix,Cor-ksix,Cork-six
CorksiC,Cor-ksiC,Cork-siC
Corksam,Cor-ksam,Cork-sam
Corksab,Cor-ksab,Cork-sab
Corksag,Cor-ksag,Cork-sag
Corksat,Cor-ksat,Cork-sat
Corksas,Cor-ksas,Cork-sas
Corksaf,Cor-ksaf,Cork-saf
Corksax,Cor-ksax,Cork-sax
CorksaC,Cor-ksaC,Cork-saC
Corksal,Cor-ksal,Cork-sal
Corksum,Cor-ksum,Cork-sum
Corksub,Cor-ksub,Cork-sub
Corksug,Cor-ksug,Cork-sug
Corksut,Cor-ksut,Cork-sut
Corksus,Cor-ksus,Cork-sus
Corksuf,Cor-ksuf,Cork-suf
Corksux,Cor-ksux,Cork-sux
CorksuC,Cor-ksuC,Cork-suC
Corksul,Cor-ksul,Cork-sul
Corklek,Cor-klek,Cork-lek
Corkloz,Cor-kloz,Cork-loz
Cumdjin,Cum-djin,Cumd-jin
Cumdjid,Cum-djid,Cumd-jid
Cumdjip,Cum-djip,Cumd-jip
Cumdjiz,Cum-djiz,Cumd-jiz
Cumdjif,Cum-djif,Cumd-jif
Cumdjix,Cum-djix,Cumd-jix
Cumdjek,Cum-djek,Cumd-jek
Cumdjam,Cum-djam,Cumd-jam
Cumdjab,Cum-djab,Cumd-jab
Cumdjat,Cum-djat,Cumd-jat
Cumdjas,Cum-djas,Cumd-jas
Cumdjaf,Cum-djaf,Cumd-jaf
Cumdjax,Cum-djax,Cumd-jax
CumdjaC,Cum-djaC,Cumd-jaC
Cumdjok,Cum-djok,Cumd-jok
Cumdjud,Cum-djud,Cumd-jud
Cumdjup,Cum-djup,Cumd-jup
Cumdjus,Cum-djus,Cumd-jus
Cumdjuf,Cum-djuf,Cumd-juf
Cumdjux,Cum-djux,Cumd-jux
CumdjuC,Cum-djuC,Cumd-juC
Cumdjul,Cum-djul,Cumd-jul
Cumdrib,Cum-drib,Cumd-rib
Cumdrix,Cum-drix,Cumd-rix
Cumdram,Cum-dram,Cumd-ram
Cumdrax,Cum-drax,Cumd-rax
Cumplib,Cum-plib,Cump-lib
Cumplix,Cum-plix,Cump-lix
Cumplan,Cum-plan,Cump-lan
Cumplax,Cum-plax,Cump-lax
Cupflid,Cup-flid,Cupf-lid
Cupflip,Cup-flip,Cupf-lip
Cupflif,Cup-flif,Cupf-lif
Cupflem,Cup-flem,Cupf-lem
Cupflek,Cup-flek,Cupf-lek
CupfleC,Cup-fleC,Cupf-leC
Cupflad,Cup-flad,Cupf-lad
Cupflap,Cup-flap,Cupf-lap
Cupflaf,Cup-flaf,Cupf-laf
Cupflax,Cup-flax,Cupf-lax
Cupflom,Cup-flom,Cupf-lom
Cupflok,Cup-flok,Cupf-lok
Cupflor,Cup-flor,Cupf-lor
Cupflud,Cup-flud,Cupf-lud
Cupflup,Cup-flup,Cupf-lup
Cupfluz,Cup-fluz,Cupf-luz
Cupfluf,Cup-fluf,Cupf-luf
Cupflux,Cup-flux,Cupf-lux
Cupfris,Cup-fris,Cupf-ris
Cupfrix,Cup-frix,Cupf-rix
Cupfras,Cup-fras,Cupf-ras
Cukxnim,Cuk-xnim,Cukx-nim
Cukxnib,Cuk-xnib,Cukx-nib
Cukxnig,Cuk-xnig,Cukx-nig
Cukxnit,Cuk-xnit,Cukx-nit
Cukxnis,Cuk-xnis,Cukx-nis
Cukxnif,Cuk-xnif,Cukx-nif
Cukxnix,Cuk-xnix,Cukx-nix
CukxniC,Cuk-xniC,Cukx-niC
Cukxnam,Cuk-xnam,Cukx-nam
Cukxnab,Cuk-xnab,Cukx-nab
Cukxnag,Cuk-xnag,Cukx-nag
Cukxnat,Cuk-xnat,Cukx-nat
Cukxnas,Cuk-xnas,Cukx-nas
Cukxnaf,Cuk-xnaf,Cukx-naf
Cukxnax,Cuk-xnax,Cukx-nax
CukxnaC,Cuk-xnaC,Cukx-naC
Cukxnal,Cuk-xnal,Cukx-nal
Cukxnum,Cuk-xnum,Cukx-num
Cukxnub,Cuk-xnub,Cukx-nub
Cukxnug,Cuk-xnug,Cukx-nug
Cukxnut,Cuk-xnut,Cukx-nut
Cukxnus,Cuk-xnus,Cukx-nus
Cukxnuf,Cuk-xnuf,Cukx-nuf
Cukxnux,Cuk-xnux,Cukx-nux
CukxnuC,Cuk-xnuC,Cukx-nuC
Cukxnul,Cuk-xnul,Cukx-nul
Cukxkim,Cuk-xkim,Cukx-kim
Cukxkib,Cuk-xkib,Cukx-kib
Cukxkig,Cuk-xkig,Cukx-kig
Cukxkit,Cuk-xkit,Cukx-kit
Cukxkis,Cuk-xkis,Cukx-kis
Cukxkif,Cuk-xkif,Cukx-kif
Cukxkix,Cuk-xkix,Cukx-kix
CukxkiC,Cuk-xkiC,Cukx-kiC
Cukxkam,Cuk-xkam,Cukx-kam
Cukxkab,Cuk-xkab,Cukx-kab
Cukxkag,Cuk-xkag,Cukx-kag
Cukxkat,Cuk-xkat,Cukx-kat
Cukxkas,Cuk-xkas,Cukx-kas
Cukxkaf,Cuk-xkaf,Cukx-kaf
Cukxkax,Cuk-xkax,Cukx-kax
CukxkaC,Cuk-xkaC,Cukx-kaC
Cukxkal,Cuk-xkal,Cukx-kal
Cukxkum,Cuk-xkum,Cukx-kum
Cukxkub,Cuk-xkub,Cukx-kub
Cukxkug,Cuk-xkug,Cukx-kug
Cukxkut,Cuk-xkut,Cukx-kut
Cukxkus,Cuk-xkus,Cukx-kus
Cukxkuf,Cuk-xkuf,Cukx-kuf
Cukxkux,Cuk-xkux,Cukx-kux
CukxkuC,Cuk-xkuC,Cukx-kuC
Cukxkul,Cuk-xkul,Cukx-kul
Cukxlim,Cuk-xlim,Cukx-lim
Cukxlib,Cuk-xlib,Cukx-lib
Cukxlit,Cuk-xlit,Cukx-lit
Cukxlik,Cuk-xlik,Cukx-lik
Cukxlis,Cuk-xlis,Cukx-lis
Cukxlif,Cuk-xlif,Cukx-lif
Cukxlix,Cuk-xlix,Cukx-lix
CukxliC,Cuk-xliC,Cukx-liC
Cukxlam,Cuk-xlam,Cukx-lam
Cukxlab,Cuk-xlab,Cukx-lab
Cukxlag,Cuk-xlag,Cukx-lag
Cukxlat,Cuk-xlat,Cukx-lat
Cukxlas,Cuk-xlas,Cukx-las
Cukxlav,Cuk-xlav,Cukx-lav
Cukxlax,Cuk-xlax,Cukx-lax
Cukxlal,Cuk-xlal,Cukx-lal
Cukxlum,Cuk-xlum,Cukx-lum
Cukxlub,Cuk-xlub,Cukx-lub
Cukxlug,Cuk-xlug,Cukx-lug
Cukxlut,Cuk-xlut,Cukx-lut
Cukxlus,Cuk-xlus,Cukx-lus
Cukxluf,Cuk-xluf,Cukx-luf
Cukxlux,Cuk-xlux,Cukx-lux
CukxluC,Cuk-xluC,Cukx-luC
Cukxlul,Cuk-xlul,Cukx-lul
Cusksim,Cus-ksim,Cusk-sim
Cusksib,Cus-ksib,Cusk-sib
Cusksig,Cus-ksig,Cusk-sig
Cusksit,Cus-ksit,Cusk-sit
Cusksis,Cus-ksis,Cusk-sis
Cusksif,Cus-ksif,Cusk-sif
Cusksix,Cus-ksix,Cusk-six
CusksiC,Cus-ksiC,Cusk-siC
Cusksam,Cus-ksam,Cusk-sam
Cusksab,Cus-ksab,Cusk-sab
Cusksag,Cus-ksag,Cusk-sag
Cusksat,Cus-ksat,Cusk-sat
Cusksas,Cus-ksas,Cusk-sas
Cusksaf,Cus-ksaf,Cusk-saf
Cusksax,Cus-ksax,Cusk-sax
CusksaC,Cus-ksaC,Cusk-saC
Cusksal,Cus-ksal,Cusk-sal
Cusksum,Cus-ksum,Cusk-sum
Cusksub,Cus-ksub,Cusk-sub
Cusksug,Cus-ksug,Cusk-sug
Cusksut,Cus-ksut,Cusk-sut
Cusksus,Cus-ksus,Cusk-sus
Cusksuf,Cus-ksuf,Cusk-suf
Cusksux,Cus-ksux,Cusk-sux
CusksuC,Cus-ksuC,Cusk-suC
Cusksul,Cus-ksul,Cusk-sul
Cusklek,Cus-klek,Cusk-lek
Cuskloz,Cus-kloz,Cusk-loz
Cuftxal,Cuf-txal,Cuft-xal
Cuftxum,Cuf-txum,Cuft-xum
Cuftrin,Cuf-trin,Cuft-rin
Cuftrik,Cuf-trik,Cuft-rik
Cuftris,Cuf-tris,Cuft-ris
Cuftrif,Cuf-trif,Cuft-rif
CuftriC,Cuf-triC,Cuft-riC
Cuftret,Cuf-tret,Cuft-ret
Cuftrab,Cuf-trab,Cuft-rab
Cuftrag,Cuf-trag,Cuft-rag
Cuftras,Cuf-tras,Cuft-ras
Cuftraf,Cuf-traf,Cuft-raf
CuftraC,Cuf-traC,Cuft-raC
Cuftral,Cuf-tral,Cuft-ral
Cuftrot,Cuf-trot,Cuft-rot
Cuftrum,Cuf-trum,Cuft-rum
Cuftrub,Cuf-trub,Cuft-rub
Cuftrug,Cuf-trug,Cuft-rug
Cuftrus,Cuf-trus,Cuft-rus
Cuftruf,Cuf-truf,Cuft-ruf
Cuftrux,Cuf-trux,Cuft-rux
CuftruC,Cuf-truC,Cuft-ruC
Cuftrul,Cuf-trul,Cuft-rul
Cufsmin,Cuf-smin,Cufs-min
Cufsmib,Cuf-smib,Cufs-mib
Cufsmit,Cuf-smit,Cufs-mit
Cufsmis,Cuf-smis,Cufs-mis
Cufsmix,Cuf-smix,Cufs-mix
CufsmiC,Cuf-smiC,Cufs-miC
Cufsmek,Cuf-smek,Cufs-mek
Cufsmad,Cuf-smad,Cufs-mad
Cufsmas,Cuf-smas,Cufs-mas
Cufsmaf,Cuf-smaf,Cufs-maf
Cufsmax,Cuf-smax,Cufs-max
CufsmaC,Cuf-smaC,Cufs-maC
Cufsmal,Cuf-smal,Cufs-mal
Cufsmok,Cuf-smok,Cufs-mok
Cufsmub,Cuf-smub,Cufs-mub
Cufsmut,Cuf-smut,Cufs-mut
Cufsmus,Cuf-smus,Cufs-mus
Cufsmuf,Cuf-smuf,Cufs-muf
Cufsmux,Cuf-smux,Cufs-mux
CufsmuC,Cuf-smuC,Cufs-muC
Cufsmul,Cuf-smul,Cufs-mul
Cufsnif,Cuf-snif,Cufs-nif
Cufsnap,Cuf-snap,Cufs-nap
Cufsnom,Cuf-snom,Cufs-nom
Cufspin,Cuf-spin,Cufs-pin
Cufspib,Cuf-spib,Cufs-pib
Cufspit,Cuf-spit,Cufs-pit
Cufspik,Cuf-spik,Cufs-pik
Cufspis,Cuf-spis,Cufs-pis
Cufspix,Cuf-spix,Cufs-pix
CufspiC,Cuf-spiC,Cufs-piC
Cufspan,Cuf-span,Cufs-pan
Cufspak,Cuf-spak,Cufs-pak
Cufspas,Cuf-spas,Cufs-pas
Cufspof,Cuf-spof,Cufs-pof
Cufspum,Cuf-spum,Cufs-pum
Cufspug,Cuf-spug,Cufs-pug
Cufspus,Cuf-spus,Cufs-pus
Cufspul,Cuf-spul,Cufs-pul
Cufstef,Cuf-stef,Cufs-tef
Cufstab,Cuf-stab,Cufs-tab
Cufstat,Cuf-stat,Cufs-tat
Cufstal,Cuf-stal,Cufs-tal
Cufstoj,Cuf-stoj,Cufs-toj
Cufstud,Cuf-stud,Cufs-tud
Cufstup,Cuf-stup,Cufs-tup
Cufskim,Cuf-skim,Cufs-kim
Cufskib,Cuf-skib,Cufs-kib
Cufskig,Cuf-skig,Cufs-kig
Cufskit,Cuf-skit,Cufs-kit
Cufskis,Cuf-skis,Cufs-kis
Cufskif,Cuf-skif,Cufs-kif
Cufskix,Cuf-skix,Cufs-kix
CufskiC,Cuf-skiC,Cufs-kiC
Cufskad,Cuf-skad,Cufs-kad
Cufskag,Cuf-skag,Cufs-kag
Cufskap,Cuf-skap,Cufs-kap
Cufskas,Cuf-skas,Cufs-kas
Cufskaf,Cuf-skaf,Cufs-kaf
Cufskax,Cuf-skax,Cufs-kax
CufskaC,Cuf-skaC,Cufs-kaC
Cufskal,Cuf-skal,Cufs-kal
Cufskoq,Cuf-skoq,Cufs-koq
Cufskud,Cuf-skud,Cufs-kud
Cufskug,Cuf-skug,Cufs-kug
Cufskup,Cuf-skup,Cufs-kup
Cufskuz,Cuf-skuz,Cufs-kuz
Cufskuf,Cuf-skuf,Cufs-kuf
Cufskux,Cuf-skux,Cufs-kux
Cufskul,Cuf-skul,Cufs-kul
Cufsfim,Cuf-sfim,Cufs-fim
Cufsfib,Cuf-sfib,Cufs-fib
Cufsfit,Cuf-sfit,Cufs-fit
Cufsfis,Cuf-sfis,Cufs-fis
Cufsfif,Cuf-sfif,Cufs-fif
Cufsfix,Cuf-sfix,Cufs-fix
CufsfiC,Cuf-sfiC,Cufs-fiC
Cufsfam,Cuf-sfam,Cufs-fam
Cufsfab,Cuf-sfab,Cufs-fab
Cufsfag,Cuf-sfag,Cufs-fag
Cufsfat,Cuf-sfat,Cufs-fat
Cufsfaf,Cuf-sfaf,Cufs-faf
Cufsfax,Cuf-sfax,Cufs-fax
CufsfaC,Cuf-sfaC,Cufs-faC
Cufsfal,Cuf-sfal,Cufs-fal
Cufsfum,Cuf-sfum,Cufs-fum
Cufsfub,Cuf-sfub,Cufs-fub
Cufsfug,Cuf-sfug,Cufs-fug
Cufsfut,Cuf-sfut,Cufs-fut
Cufsfus,Cuf-sfus,Cufs-fus
Cufsfuf,Cuf-sfuf,Cufs-fuf
Cufsfux,Cuf-sfux,Cufs-fux
CufsfuC,Cuf-sfuC,Cufs-fuC
Cufsvik,Cuf-svik,Cufs-vik
Cufsvas,Cuf-svas,Cufs-vas
Cufsvur,Cuf-svur,Cufs-vur
Cufslim,Cuf-slim,Cufs-lim
Cufslid,Cuf-slid,Cufs-lid
Cufslig,Cuf-slig,Cufs-lig
Cufslip,Cuf-slip,Cufs-lip
Cufslis,Cuf-slis,Cufs-lis
Cufslif,Cuf-slif,Cufs-lif
Cufslix,Cuf-slix,Cufs-lix
CufsliC,Cuf-sliC,Cufs-liC
Cufslad,Cuf-slad,Cufs-lad
Cufslag,Cuf-slag,Cufs-lag
Cufslap,Cuf-slap,Cufs-lap
Cufslas,Cuf-slas,Cufs-las
Cufslaf,Cuf-slaf,Cufs-laf
Cufslax,Cuf-slax,Cufs-lax
CufslaC,Cuf-slaC,Cufs-laC
Cufslal,Cuf-slal,Cufs-lal
Cufslom,Cuf-slom,Cufs-lom
Cufslud,Cuf-slud,Cufs-lud
Cufslug,Cuf-slug,Cufs-lug
Cufslup,Cuf-slup,Cufs-lup
Cufslus,Cuf-slus,Cufs-lus
Cufsluf,Cuf-sluf,Cufs-luf
Cufslux,Cuf-slux,Cufs-lux
CufsluC,Cuf-sluC,Cufs-luC
Cufslur,Cuf-slur,Cufs-lur
Cuxtxal,Cux-txal,Cuxt-xal
Cuxtxum,Cux-txum,Cuxt-xum
Cuxtrin,Cux-trin,Cuxt-rin
Cuxtrik,Cux-trik,Cuxt-rik
Cuxtris,Cux-tris,Cuxt-ris
Cuxtrif,Cux-trif,Cuxt-rif
CuxtriC,Cux-triC,Cuxt-riC
Cuxtret,Cux-tret,Cuxt-ret
Cuxtrab,Cux-trab,Cuxt-rab
Cuxtrag,Cux-trag,Cuxt-rag
Cuxtras,Cux-tras,Cuxt-ras
Cuxtraf,Cux-traf,Cuxt-raf
CuxtraC,Cux-traC,Cuxt-raC
Cuxtral,Cux-tral,Cuxt-ral
Cuxtrot,Cux-trot,Cuxt-rot
Cuxtrum,Cux-trum,Cuxt-rum
Cuxtrub,Cux-trub,Cuxt-rub
Cuxtrug,Cux-trug,Cuxt-rug
Cuxtrus,Cux-trus,Cuxt-rus
Cuxtruf,Cux-truf,Cuxt-ruf
Cuxtrux,Cux-trux,Cuxt-rux
CuxtruC,Cux-truC,Cuxt-ruC
Cuxtrul,Cux-trul,Cuxt-rul
Cultxal,Cul-txal,Cult-xal
Cultxum,Cul-txum,Cult-xum
Cultrin,Cul-trin,Cult-rin
Cultrik,Cul-trik,Cult-rik
Cultris,Cul-tris,Cult-ris
Cultrif,Cul-trif,Cult-rif
CultriC,Cul-triC,Cult-riC
Cultret,Cul-tret,Cult-ret
Cultrab,Cul-trab,Cult-rab
Cultrag,Cul-trag,Cult-rag
Cultras,Cul-tras,Cult-ras
Cultraf,Cul-traf,Cult-raf
CultraC,Cul-traC,Cult-raC
Cultral,Cul-tral,Cult-ral
Cultrot,Cul-trot,Cult-rot
Cultrum,Cul-trum,Cult-rum
Cultrub,Cul-trub,Cult-rub
Cultrug,Cul-trug,Cult-rug
Cultrus,Cul-trus,Cult-rus
Cultruf,Cul-truf,Cult-ruf
Cultrux,Cul-trux,Cult-rux
CultruC,Cul-truC,Cult-ruC
Cultrul,Cul-trul,Cult-rul
Culsmin,Cul-smin,Culs-min
Culsmib,Cul-smib,Culs-mib
Culsmit,Cul-smit,Culs-mit
Culsmis,Cul-smis,Culs-mis
Culsmix,Cul-smix,Culs-mix
CulsmiC,Cul-smiC,Culs-miC
Culsmek,Cul-smek,Culs-mek
Culsmad,Cul-smad,Culs-mad
Culsmas,Cul-smas,Culs-mas
Culsmaf,Cul-smaf,Culs-maf
Culsmax,Cul-smax,Culs-max
CulsmaC,Cul-smaC,Culs-maC
Culsmal,Cul-smal,Culs-mal
Culsmok,Cul-smok,Culs-mok
Culsmub,Cul-smub,Culs-mub
Culsmut,Cul-smut,Culs-mut
Culsmus,Cul-smus,Culs-mus
Culsmuf,Cul-smuf,Culs-muf
Culsmux,Cul-smux,Culs-mux
CulsmuC,Cul-smuC,Culs-muC
Culsmul,Cul-smul,Culs-mul
Culsnif,Cul-snif,Culs-nif
Culsnap,Cul-snap,Culs-nap
Culsnom,Cul-snom,Culs-nom
Culspin,Cul-spin,Culs-pin
Culspib,Cul-spib,Culs-pib
Culspit,Cul-spit,Culs-pit
Culspik,Cul-spik,Culs-pik
Culspis,Cul-spis,Culs-pis
Culspix,Cul-spix,Culs-pix
CulspiC,Cul-spiC,Culs-piC
Culspan,Cul-span,Culs-pan
Culspak,Cul-spak,Culs-pak
Culspas,Cul-spas,Culs-pas
Culspof,Cul-spof,Culs-pof
Culspum,Cul-spum,Culs-pum
Culspug,Cul-spug,Culs-pug
Culspus,Cul-spus,Culs-pus
Culspul,Cul-spul,Culs-pul
Culstef,Cul-stef,Culs-tef
Culstab,Cul-stab,Culs-tab
Culstat,Cul-stat,Culs-tat
Culstal,Cul-stal,Culs-tal
Culstoj,Cul-stoj,Culs-toj
Culstud,Cul-stud,Culs-tud
Culstup,Cul-stup,Culs-tup
Culskim,Cul-skim,Culs-kim
Culskib,Cul-skib,Culs-kib
Culskig,Cul-skig,Culs-kig
Culskit,Cul-skit,Culs-kit
Culskis,Cul-skis,Culs-kis
Culskif,Cul-skif,Culs-kif
Culskix,Cul-skix,Culs-kix
CulskiC,Cul-skiC,Culs-kiC
Culskad,Cul-skad,Culs-kad
Culskag,Cul-skag,Culs-kag
Culskap,Cul-skap,Culs-kap
Culskas,Cul-skas,Culs-kas
Culskaf,Cul-skaf,Culs-kaf
Culskax,Cul-skax,Culs-kax
CulskaC,Cul-skaC,Culs-kaC
Culskal,Cul-skal,Culs-kal
Culskoq,Cul-skoq,Culs-koq
Culskud,Cul-skud,Culs-kud
Culskug,Cul-skug,Culs-kug
Culskup,Cul-skup,Culs-kup
Culskuz,Cul-skuz,Culs-kuz
Culskuf,Cul-skuf,Culs-kuf
Culskux,Cul-skux,Culs-kux
Culskul,Cul-skul,Culs-kul
Culsfim,Cul-sfim,Culs-fim
Culsfib,Cul-sfib,Culs-fib
Culsfit,Cul-sfit,Culs-fit
Culsfis,Cul-sfis,Culs-fis
Culsfif,Cul-sfif,Culs-fif
Culsfix,Cul-sfix,Culs-fix
CulsfiC,Cul-sfiC,Culs-fiC
Culsfam,Cul-sfam,Culs-fam
Culsfab,Cul-sfab,Culs-fab
Culsfag,Cul-sfag,Culs-fag
Culsfat,Cul-sfat,Culs-fat
Culsfaf,Cul-sfaf,Culs-faf
Culsfax,Cul-sfax,Culs-fax
CulsfaC,Cul-sfaC,Culs-faC
Culsfal,Cul-sfal,Culs-fal
Culsfum,Cul-sfum,Culs-fum
Culsfub,Cul-sfub,Culs-fub
Culsfug,Cul-sfug,Culs-fug
Culsfut,Cul-sfut,Culs-fut
Culsfus,Cul-sfus,Culs-fus
Culsfuf,Cul-sfuf,Culs-fuf
Culsfux,Cul-sfux,Culs-fux
CulsfuC,Cul-sfuC,Culs-fuC
Culsvik,Cul-svik,Culs-vik
Culsvas,Cul-svas,Culs-vas
Culsvur,Cul-svur,Culs-vur
Culslim,Cul-slim,Culs-lim
Culslid,Cul-slid,Culs-lid
Culslig,Cul-slig,Culs-lig
Culslip,Cul-slip,Culs-lip
Culslis,Cul-slis,Culs-lis
Culslif,Cul-slif,Culs-lif
Culslix,Cul-slix,Culs-lix
CulsliC,Cul-sliC,Culs-liC
Culslad,Cul-slad,Culs-lad
Culslag,Cul-slag,Culs-lag
Culslap,Cul-slap,Culs-lap
Culslas,Cul-slas,Culs-las
Culslaf,Cul-slaf,Culs-laf
Culslax,Cul-slax,Culs-lax
CulslaC,Cul-slaC,Culs-laC
Culslal,Cul-slal,Culs-lal
Culslom,Cul-slom,Culs-lom
Culslud,Cul-slud,Culs-lud
Culslug,Cul-slug,Culs-lug
Culslup,Cul-slup,Culs-lup
Culslus,Cul-slus,Culs-lus
Culsluf,Cul-sluf,Culs-luf
Culslux,Cul-slux,Culs-lux
CulsluC,Cul-sluC,Culs-luC
Culslur,Cul-slur,Culs-lur
Culflid,Cul-flid,Culf-lid
Culflip,Cul-flip,Culf-lip
Culflif,Cul-flif,Culf-lif
Culflem,Cul-flem,Culf-lem
Culflek,Cul-flek,Culf-lek
CulfleC,Cul-fleC,Culf-leC
Culflad,Cul-flad,Culf-lad
Culflap,Cul-flap,Culf-lap
Culflaf,Cul-flaf,Culf-laf
Culflax,Cul-flax,Culf-lax
Culflom,Cul-flom,Culf-lom
Culflok,Cul-flok,Culf-lok
Culflor,Cul-flor,Culf-lor
Culflud,Cul-flud,Culf-lud
Culflup,Cul-flup,Culf-lup
Culfluz,Cul-fluz,Culf-luz
Culfluf,Cul-fluf,Culf-luf
Culflux,Cul-flux,Culf-lux
Culfris,Cul-fris,Culf-ris
Culfrix,Cul-frix,Culf-rix
Culfras,Cul-fras,Culf-ras
Culxnim,Cul-xnim,Culx-nim
Culxnib,Cul-xnib,Culx-nib
Culxnig,Cul-xnig,Culx-nig
Culxnit,Cul-xnit,Culx-nit
Culxnis,Cul-xnis,Culx-nis
Culxnif,Cul-xnif,Culx-nif
Culxnix,Cul-xnix,Culx-nix
CulxniC,Cul-xniC,Culx-niC
Culxnam,Cul-xnam,Culx-nam
Culxnab,Cul-xnab,Culx-nab
Culxnag,Cul-xnag,Culx-nag
Culxnat,Cul-xnat,Culx-nat
Culxnas,Cul-xnas,Culx-nas
Culxnaf,Cul-xnaf,Culx-naf
Culxnax,Cul-xnax,Culx-nax
CulxnaC,Cul-xnaC,Culx-naC
Culxnal,Cul-xnal,Culx-nal
Culxnum,Cul-xnum,Culx-num
Culxnub,Cul-xnub,Culx-nub
Culxnug,Cul-xnug,Culx-nug
Culxnut,Cul-xnut,Culx-nut
Culxnus,Cul-xnus,Culx-nus
Culxnuf,Cul-xnuf,Culx-nuf
Culxnux,Cul-xnux,Culx-nux
CulxnuC,Cul-xnuC,Culx-nuC
Culxnul,Cul-xnul,Culx-nul
Culxkim,Cul-xkim,Culx-kim
Culxkib,Cul-xkib,Culx-kib
Culxkig,Cul-xkig,Culx-kig
Culxkit,Cul-xkit,Culx-kit
Culxkis,Cul-xkis,Culx-kis
Culxkif,Cul-xkif,Culx-kif
Culxkix,Cul-xkix,Culx-kix
CulxkiC,Cul-xkiC,Culx-kiC
Culxkam,Cul-xkam,Culx-kam
Culxkab,Cul-xkab,Culx-kab
Culxkag,Cul-xkag,Culx-kag
Culxkat,Cul-xkat,Culx-kat
Culxkas,Cul-xkas,Culx-kas
Culxkaf,Cul-xkaf,Culx-kaf
Culxkax,Cul-xkax,Culx-kax
CulxkaC,Cul-xkaC,Culx-kaC
Culxkal,Cul-xkal,Culx-kal
Culxkum,Cul-xkum,Culx-kum
Culxkub,Cul-xkub,Culx-kub
Culxkug,Cul-xkug,Culx-kug
Culxkut,Cul-xkut,Culx-kut
Culxkus,Cul-xkus,Culx-kus
Culxkuf,Cul-xkuf,Culx-kuf
Culxkux,Cul-xkux,Culx-kux
CulxkuC,Cul-xkuC,Culx-kuC
Culxkul,Cul-xkul,Culx-kul
Culxlim,Cul-xlim,Culx-lim
Culxlib,Cul-xlib,Culx-lib
Culxlit,Cul-xlit,Culx-lit
Culxlik,Cul-xlik,Culx-lik
Culxlis,Cul-xlis,Culx-lis
Culxlif,Cul-xlif,Culx-lif
Culxlix,Cul-xlix,Culx-lix
CulxliC,Cul-xliC,Culx-liC
Culxlam,Cul-xlam,Culx-lam
Culxlab,Cul-xlab,Culx-lab
Culxlag,Cul-xlag,Culx-lag
Culxlat,Cul-xlat,Culx-lat
Culxlas,Cul-xlas,Culx-las
Culxlav,Cul-xlav,Culx-lav
Culxlax,Cul-xlax,Culx-lax
Culxlal,Cul-xlal,Culx-lal
Culxlum,Cul-xlum,Culx-lum
Culxlub,Cul-xlub,Culx-lub
Culxlug,Cul-xlug,Culx-lug
Culxlut,Cul-xlut,Culx-lut
Culxlus,Cul-xlus,Culx-lus
Culxluf,Cul-xluf,Culx-luf
Culxlux,Cul-xlux,Culx-lux
CulxluC,Cul-xluC,Culx-luC
Culxlul,Cul-xlul,Culx-lul
wimdjin,wim-djin,wimd-jin
wimdjid,wim-djid,wimd-jid
wimdjip,wim-djip,wimd-jip
wimdjiz,wim-djiz,wimd-jiz
wimdjif,wim-djif,wimd-jif
wimdjix,wim-djix,wimd-jix
wimdjek,wim-djek,wimd-jek
wimdjam,wim-djam,wimd-jam
wimdjab,wim-djab,wimd-jab
wimdjat,wim-djat,wimd-jat
wimdjas,wim-djas,wimd-jas
wimdjaf,wim-djaf,wimd-jaf
wimdjax,wim-djax,wimd-jax
wimdjaC,wim-djaC,wimd-jaC
wimdjok,wim-djok,wimd-jok
wimdjud,wim-djud,wimd-jud
wimdjup,wim-djup,wimd-jup
wimdjus,wim-djus,wimd-jus
wimdjuf,wim-djuf,wimd-juf
wimdjux,wim-djux,wimd-jux
wimdjuC,wim-djuC,wimd-juC
wimdjul,wim-djul,wimd-jul
wimdrib,wim-drib,wimd-rib
wimdrix,wim-drix,wimd-rix
wimdram,wim-dram,wimd-ram
wimdrax,wim-drax,wimd-rax
wimplib,wim-plib,wimp-lib
wimplix,wim-plix,wimp-lix
wimplan,wim-plan,wimp-lan
wimplax,wim-plax,wimp-lax
winksim,win-ksim,wink-sim
winksib,win-ksib,wink-sib
winksig,win-ksig,wink-sig
winksit,win-ksit,wink-sit
winksis,win-ksis,wink-sis
winksif,win-ksif,wink-sif
winksix,win-ksix,wink-six
winksiC,win-ksiC,wink-siC
winksam,win-ksam,wink-sam
winksab,win-ksab,wink-sab
winksag,win-ksag,wink-sag
winksat,win-ksat,wink-sat
winksas,win-ksas,wink-sas
winksaf,win-ksaf,wink-saf
winksax,win-ksax,wink-sax
winksaC,win-ksaC,wink-saC
winksal,win-ksal,wink-sal
winksum,win-ksum,wink-sum
winksub,win-ksub,wink-sub
winksug,win-ksug,wink-sug
winksut,win-ksut,wink-sut
winksus,win-ksus,wink-sus
winksuf,win-ksuf,wink-suf
winksux,win-ksux,wink-sux
winksuC,win-ksuC,wink-suC
winksul,win-ksul,wink-sul
winklek,win-klek,wink-lek
winkloz,win-kloz,wink-loz
wipflid,wip-flid,wipf-lid
wipflip,wip-flip,wipf-lip
wipflif,wip-flif,wipf-lif
wipflem,wip-flem,wipf-lem
wipflek,wip-flek,wipf-lek
wipfleC,wip-fleC,wipf-leC
wipflad,wip-flad,wipf-lad
wipflap,wip-flap,wipf-lap
wipflaf,wip-flaf,wipf-laf
wipflax,wip-flax,wipf-lax
wipflom,wip-flom,wipf-lom
wipflok,wip-flok,wipf-lok
wipflor,wip-flor,wipf-lor
wipflud,wip-flud,wipf-lud
wipflup,wip-flup,wipf-lup
wipfluz,wip-fluz,wipf-luz
wipfluf,wip-fluf,wipf-luf
wipflux,wip-flux,wipf-lux
wipfris,wip-fris,wipf-ris
wipfrix,wip-frix,wipf-rix
wipfras,wip-fras,wipf-ras
wipxnim,wip-xnim,wipx-nim
wipxnib,wip-xnib,wipx-nib
wipxnig,wip-xnig,wipx-nig
wipxnit,wip-xnit,wipx-nit
wipxnis,wip-xnis,wipx-nis
wipxnif,wip-xnif,wipx-nif
wipxnix,wip-xnix,wipx-nix
wipxniC,wip-xniC,wipx-niC
wipxnam,wip-xnam,wipx-nam
wipxnab,wip-xnab,wipx-nab
wipxnag,wip-xnag,wipx-nag
wipxnat,wip-xnat,wipx-nat
wipxnas,wip-xnas,wipx-nas
wipxnaf,wip-xnaf,wipx-naf
wipxnax,wip-xnax,wipx-nax
wipxnaC,wip-xnaC,wipx-naC
wipxnal,wip-xnal,wipx-nal
wipxnum,wip-xnum,wipx-num
wipxnub,wip-xnub,wipx-nub
wipxnug,wip-xnug,wipx-nug
wipxnut,wip-xnut,wipx-nut
wipxnus,wip-xnus,wipx-nus
wipxnuf,wip-xnuf,wipx-nuf
wipxnux,wip-xnux,wipx-nux
wipxnuC,wip-xnuC,wipx-nuC
wipxnul,wip-xnul,wipx-nul
wipxkim,wip-xkim,wipx-kim
wipxkib,wip-xkib,wipx-kib
wipxkig,wip-xkig,wipx-kig
wipxkit,wip-xkit,wipx-kit
wipxkis,wip-xkis,wipx-kis
wipxkif,wip-xkif,wipx-kif
wipxkix,wip-xkix,wipx-kix
wipxkiC,wip-xkiC,wipx-kiC
wipxkam,wip-xkam,wipx-kam
wipxkab,wip-xkab,wipx-kab
wipxkag,wip-xkag,wipx-kag
wipxkat,wip-xkat,wipx-kat
wipxkas,wip-xkas,wipx-kas
wipxkaf,wip-xkaf,wipx-kaf
wipxkax,wip-xkax,wipx-kax
wipxkaC,wip-xkaC,wipx-kaC
wipxkal,wip-xkal,wipx-kal
wipxkum,wip-xkum,wipx-kum
wipxkub,wip-xkub,wipx-kub
wipxkug,wip-xkug,wipx-kug
wipxkut,wip-xkut,wipx-kut
wipxkus,wip-xkus,wipx-kus
wipxkuf,wip-xkuf,wipx-kuf
wipxkux,wip-xkux,wipx-kux
wipxkuC,wip-xkuC,wipx-kuC
wipxkul,wip-xkul,wipx-kul
wipxlim,wip-xlim,wipx-lim
wipxlib,wip-xlib,wipx-lib
wipxlit,wip-xlit,wipx-lit
wipxlik,wip-xlik,wipx-lik
wipxlis,wip-xlis,wipx-lis
wipxlif,wip-xlif,wipx-lif
wipxlix,wip-xlix,wipx-lix
wipxliC,wip-xliC,wipx-liC
wipxlam,wip-xlam,wipx-lam
wipxlab,wip-xlab,wipx-lab
wipxlag,wip-xlag,wipx-lag
wipxlat,wip-xlat,wipx-lat
wipxlas,wip-xlas,wipx-las
wipxlav,wip-xlav,wipx-lav
wipxlax,wip-xlax,wipx-lax
wipxlal,wip-xlal,wipx-lal
wipxlum,wip-xlum,wipx-lum
wipxlub,wip-xlub,wipx-lub
wipxlug,wip-xlug,wipx-lug
wipxlut,wip-xlut,wipx-lut
wipxlus,wip-xlus,wipx-lus
wipxluf,wip-xluf,wipx-luf
wipxlux,wip-xlux,wipx-lux
wipxluC,wip-xluC,wipx-luC
wipxlul,wip-xlul,wipx-lul
wikxnim,wik-xnim,wikx-nim
wikxnib,wik-xnib,wikx-nib
wikxnig,wik-xnig,wikx-nig
wikxnit,wik-xnit,wikx-nit
wikxnis,wik-xnis,wikx-nis
wikxnif,wik-xnif,wikx-nif
wikxnix,wik-xnix,wikx-nix
wikxniC,wik-xniC,wikx-niC
wikxnam,wik-xnam,wikx-nam
wikxnab,wik-xnab,wikx-nab
wikxnag,wik-xnag,wikx-nag
wikxnat,wik-xnat,wikx-nat
wikxnas,wik-xnas,wikx-nas
wikxnaf,wik-xnaf,wikx-naf
wikxnax,wik-xnax,wikx-nax
wikxnaC,wik-xnaC,wikx-naC
wikxnal,wik-xnal,wikx-nal
wikxnum,wik-xnum,wikx-num
wikxnub,wik-xnub,wikx-nub
wikxnug,wik-xnug,wikx-nug
wikxnut,wik-xnut,wikx-nut
wikxnus,wik-xnus,wikx-nus
wikxnuf,wik-xnuf,wikx-nuf
wikxnux,wik-xnux,wikx-nux
wikxnuC,wik-xnuC,wikx-nuC
wikxnul,wik-xnul,wikx-nul
wikxkim,wik-xkim,wikx-kim
wikxkib,wik-xkib,wikx-kib
wikxkig,wik-xkig,wikx-kig
wikxkit,wik-xkit,wikx-kit
wikxkis,wik-xkis,wikx-kis
wikxkif,wik-xkif,wikx-kif
wikxkix,wik-xkix,wikx-kix
wikxkiC,wik-xkiC,wikx-kiC
wikxkam,wik-xkam,wikx-kam
wikxkab,wik-xkab,wikx-kab
wikxkag,wik-xkag,wikx-kag
wikxkat,wik-xkat,wikx-kat
wikxkas,wik-xkas,wikx-kas
wikxkaf,wik-xkaf,wikx-kaf
wikxkax,wik-xkax,wikx-kax
wikxkaC,wik-xkaC,wikx-kaC
wikxkal,wik-xkal,wikx-kal
wikxkum,wik-xkum,wikx-kum
wikxkub,wik-xkub,wikx-kub
wikxkug,wik-xkug,wikx-kug
wikxkut,wik-xkut,wikx-kut
wikxkus,wik-xkus,wikx-kus
wikxkuf,wik-xkuf,wikx-kuf
wikxkux,wik-xkux,wikx-kux
wikxkuC,wik-xkuC,wikx-kuC
wikxkul,wik-xkul,wikx-kul
wikxlim,wik-xlim,wikx-lim
wikxlib,wik-xlib,wikx-lib
wikxlit,wik-xlit,wikx-lit
wikxlik,wik-xlik,wikx-lik
wikxlis,wik-xlis,wikx-lis
wikxlif,wik-xlif,wikx-lif
wikxlix,wik-xlix,wikx-lix
wikxliC,wik-xliC,wikx-liC
wikxlam,wik-xlam,wikx-lam
wikxlab,wik-xlab,wikx-lab
wikxlag,wik-xlag,wikx-lag
wikxlat,wik-xlat,wikx-lat
wikxlas,wik-xlas,wikx-las
wikxlav,wik-xlav,wikx-lav
wikxlax,wik-xlax,wikx-lax
wikxlal,wik-xlal,wikx-lal
wikxlum,wik-xlum,wikx-lum
wikxlub,wik-xlub,wikx-lub
wikxlug,wik-xlug,wikx-lug
wikxlut,wik-xlut,wikx-lut
wikxlus,wik-xlus,wikx-lus
wikxluf,wik-xluf,wikx-luf
wikxlux,wik-xlux,wikx-lux
wikxluC,wik-xluC,wikx-luC
wikxlul,wik-xlul,wikx-lul
wisplib,wis-plib,wisp-lib
wisplix,wis-plix,wisp-lix
wisplan,wis-plan,wisp-lan
wisplax,wis-plax,wisp-lax
wisksim,wis-ksim,wisk-sim
wisksib,wis-ksib,wisk-sib
wisksig,wis-ksig,wisk-sig
wisksit,wis-ksit,wisk-sit
wisksis,wis-ksis,wisk-sis
wisksif,wis-ksif,wisk-sif
wisksix,wis-ksix,wisk-six
wisksiC,wis-ksiC,wisk-siC
wisksam,wis-ksam,wisk-sam
wisksab,wis-ksab,wisk-sab
wisksag,wis-ksag,wisk-sag
wisksat,wis-ksat,wisk-sat
wisksas,wis-ksas,wisk-sas
wisksaf,wis-ksaf,wisk-saf
wisksax,wis-ksax,wisk-sax
wisksaC,wis-ksaC,wisk-saC
wisksal,wis-ksal,wisk-sal
wisksum,wis-ksum,wisk-sum
wisksub,wis-ksub,wisk-sub
wisksug,wis-ksug,wisk-sug
wisksut,wis-ksut,wisk-sut
wisksus,wis-ksus,wisk-sus
wisksuf,wis-ksuf,wisk-suf
wisksux,wis-ksux,wisk-sux
wisksuC,wis-ksuC,wisk-suC
wisksul,wis-ksul,wisk-sul
wisklek,wis-klek,wisk-lek
wiskloz,wis-kloz,wisk-loz
wiftxal,wif-txal,wift-xal
wiftxum,wif-txum,wift-xum
wiftrin,wif-trin,wift-rin
wiftrik,wif-trik,wift-rik
wiftris,wif-tris,wift-ris
wiftrif,wif-trif,wift-rif
wiftriC,wif-triC,wift-riC
wiftret,wif-tret,wift-ret
wiftrab,wif-trab,wift-rab
wiftrag,wif-trag,wift-rag
wiftras,wif-tras,wift-ras
wiftraf,wif-traf,wift-raf
wiftraC,wif-traC,wift-raC
wiftral,wif-tral,wift-ral
wiftrot,wif-trot,wift-rot
wiftrum,wif-trum,wift-rum
wiftrub,wif-trub,wift-rub
wiftrug,wif-trug,wift-rug
wiftrus,wif-trus,wift-rus
wiftruf,wif-truf,wift-ruf
wiftrux,wif-trux,wift-rux
wiftruC,wif-truC,wift-ruC
wiftrul,wif-trul,wift-rul
wifsmin,wif-smin,wifs-min
wifsmib,wif-smib,wifs-mib
wifsmit,wif-smit,wifs-mit
wifsmis,wif-smis,wifs-mis
wifsmix,wif-smix,wifs-mix
wifsmiC,wif-smiC,wifs-miC
wifsmek,wif-smek,wifs-mek
wifsmad,wif-smad,wifs-mad
wifsmas,wif-smas,wifs-mas
wifsmaf,wif-smaf,wifs-maf
wifsmax,wif-smax,wifs-max
wifsmaC,wif-smaC,wifs-maC
wifsmal,wif-smal,wifs-mal
wifsmok,wif-smok,wifs-mok
wifsmub,wif-smub,wifs-mub
wifsmut,wif-smut,wifs-mut
wifsmus,wif-smus,wifs-mus
wifsmuf,wif-smuf,wifs-muf
wifsmux,wif-smux,wifs-mux
wifsmuC,wif-smuC,wifs-muC
wifsmul,wif-smul,wifs-mul
wifsnif,wif-snif,wifs-nif
wifsnap,wif-snap,wifs-nap
wifsnom,wif-snom,wifs-nom
wifspin,wif-spin,wifs-pin
wifspib,wif-spib,wifs-pib
wifspit,wif-spit,wifs-pit
wifspik,wif-spik,wifs-pik
wifspis,wif-spis,wifs-pis
wifspix,wif-spix,wifs-pix
wifspiC,wif-spiC,wifs-piC
wifspan,wif-span,wifs-pan
wifspak,wif-spak,wifs-pak
wifspas,wif-spas,wifs-pas
wifspof,wif-spof,wifs-pof
wifspum,wif-spum,wifs-pum
wifspug,wif-spug,wifs-pug
wifspus,wif-spus,wifs-pus
wifspul,wif-spul,wifs-pul
wifstef,wif-stef,wifs-tef
wifstab,wif-stab,wifs-tab
wifstat,wif-stat,wifs-tat
wifstal,wif-stal,wifs-tal
wifstoj,wif-stoj,wifs-toj
wifstud,wif-stud,wifs-tud
wifstup,wif-stup,wifs-tup
wifskim,wif-skim,wifs-kim
wifskib,wif-skib,wifs-kib
wifskig,wif-skig,wifs-kig
wifskit,wif-skit,wifs-kit
wifskis,wif-skis,wifs-kis
wifskif,wif-skif,wifs-kif
wifskix,wif-skix,wifs-kix
wifskiC,wif-skiC,wifs-kiC
wifskad,wif-skad,wifs-kad
wifskag,wif-skag,wifs-kag
wifskap,wif-skap,wifs-kap
wifskas,wif-skas,wifs-kas
wifskaf,wif-skaf,wifs-kaf
wifskax,wif-skax,wifs-kax
wifskaC,wif-skaC,wifs-kaC
wifskal,wif-skal,wifs-kal
wifskoq,wif-skoq,wifs-koq
wifskud,wif-skud,wifs-kud
wifskug,wif-skug,wifs-kug
wifskup,wif-skup,wifs-kup
wifskuz,wif-skuz,wifs-kuz
wifskuf,wif-skuf,wifs-kuf
wifskux,wif-skux,wifs-kux
wifskul,wif-skul,wifs-kul
wifsfim,wif-sfim,wifs-fim
wifsfib,wif-sfib,wifs-fib
wifsfit,wif-sfit,wifs-fit
wifsfis,wif-sfis,wifs-fis
wifsfif,wif-sfif,wifs-fif
wifsfix,wif-sfix,wifs-fix
wifsfiC,wif-sfiC,wifs-fiC
wifsfam,wif-sfam,wifs-fam
wifsfab,wif-sfab,wifs-fab
wifsfag,wif-sfag,wifs-fag
wifsfat,wif-sfat,wifs-fat
wifsfaf,wif-sfaf,wifs-faf
wifsfax,wif-sfax,wifs-fax
wifsfaC,wif-sfaC,wifs-faC
wifsfal,wif-sfal,wifs-fal
wifsfum,wif-sfum,wifs-fum
wifsfub,wif-sfub,wifs-fub
wifsfug,wif-sfug,wifs-fug
wifsfut,wif-sfut,wifs-fut
wifsfus,wif-sfus,wifs-fus
wifsfuf,wif-sfuf,wifs-fuf
wifsfux,wif-sfux,wifs-fux
wifsfuC,wif-sfuC,wifs-fuC
wifsvik,wif-svik,wifs-vik
wifsvas,wif-svas,wifs-vas
wifsvur,wif-svur,wifs-vur
wifslim,wif-slim,wifs-lim
wifslid,wif-slid,wifs-lid
wifslig,wif-slig,wifs-lig
wifslip,wif-slip,wifs-lip
wifslis,wif-slis,wifs-lis
wifslif,wif-slif,wifs-lif
wifslix,wif-slix,wifs-lix
wifsliC,wif-sliC,wifs-liC
wifslad,wif-slad,wifs-lad
wifslag,wif-slag,wifs-lag
wifslap,wif-slap,wifs-lap
wifslas,wif-slas,wifs-las
wifslaf,wif-slaf,wifs-laf
wifslax,wif-slax,wifs-lax
wifslaC,wif-slaC,wifs-laC
wifslal,wif-slal,wifs-lal
wifslom,wif-slom,wifs-lom
wifslud,wif-slud,wifs-lud
wifslug,wif-slug,wifs-lug
wifslup,wif-slup,wifs-lup
wifslus,wif-slus,wifs-lus
wifsluf,wif-sluf,wifs-luf
wifslux,wif-slux,wifs-lux
wifsluC,wif-sluC,wifs-luC
wifslur,wif-slur,wifs-lur
wixtxal,wix-txal,wixt-xal
wixtxum,wix-txum,wixt-xum
wixtrin,wix-trin,wixt-rin
wixtrik,wix-trik,wixt-rik
wixtris,wix-tris,wixt-ris
wixtrif,wix-trif,wixt-rif
wixtriC,wix-triC,wixt-riC
wixtret,wix-tret,wixt-ret
wixtrab,wix-trab,wixt-rab
wixtrag,wix-trag,wixt-rag
wixtras,wix-tras,wixt-ras
wixtraf,wix-traf,wixt-raf
wixtraC,wix-traC,wixt-raC
wixtral,wix-tral,wixt-ral
wixtrot,wix-trot,wixt-rot
wixtrum,wix-trum,wixt-rum
wixtrub,wix-trub,wixt-rub
wixtrug,wix-trug,wixt-rug
wixtrus,wix-trus,wixt-rus
wixtruf,wix-truf,wixt-ruf
wixtrux,wix-trux,wixt-rux
wixtruC,wix-truC,wixt-ruC
wixtrul,wix-trul,wixt-rul
wamplib,wam-plib,wamp-lib
wamplix,wam-plix,wamp-lix
wamplan,wam-plan,wamp-lan
wamplax,wam-plax,wamp-lax
wandjin,wan-djin,wand-jin
wandjid,wan-djid,wand-jid
wandjip,wan-djip,wand-jip
wandjiz,wan-djiz,wand-jiz
wandjif,wan-djif,wand-jif
wandjix,wan-djix,wand-jix
wandjek,wan-djek,wand-jek
wandjam,wan-djam,wand-jam
wandjab,wan-djab,wand-jab
wandjat,wan-djat,wand-jat
wandjas,wan-djas,wand-jas
wandjaf,wan-djaf,wand-jaf
wandjax,wan-djax,wand-jax
wandjaC,wan-djaC,wand-jaC
wandjok,wan-djok,wand-jok
wandjud,wan-djud,wand-jud
wandjup,wan-djup,wand-jup
wandjus,wan-djus,wand-jus
wandjuf,wan-djuf,wand-juf
wandjux,wan-djux,wand-jux
wandjuC,wan-djuC,wand-juC
wandjul,wan-djul,wand-jul
wandrib,wan-drib,wand-rib
wandrix,wan-drix,wand-rix
wandram,wan-dram,wand-ram
wandrax,wan-drax,wand-rax
wanksim,wan-ksim,wank-sim
wanksib,wan-ksib,wank-sib
wanksig,wan-ksig,wank-sig
wanksit,wan-ksit,wank-sit
wanksis,wan-ksis,wank-sis
wanksif,wan-ksif,wank-sif
wanksix,wan-ksix,wank-six
wanksiC,wan-ksiC,wank-siC
wanksam,wan-ksam,wank-sam
wanksab,wan-ksab,wank-sab
wanksag,wan-ksag,wank-sag
wanksat,wan-ksat,wank-sat
wanksas,wan-ksas,wank-sas
wanksaf,wan-ksaf,wank-saf
wanksax,wan-ksax,wank-sax
wanksaC,wan-ksaC,wank-saC
wanksal,wan-ksal,wank-sal
wanksum,wan-ksum,wank-sum
wanksub,wan-ksub,wank-sub
wanksug,wan-ksug,wank-sug
wanksut,wan-ksut,wank-sut
wanksus,wan-ksus,wank-sus
wanksuf,wan-ksuf,wank-suf
wanksux,wan-ksux,wank-sux
wanksuC,wan-ksuC,wank-suC
wanksul,wan-ksul,wank-sul
wanklek,wan-klek,wank-lek
wankloz,wan-kloz,wank-loz
wapflid,wap-flid,wapf-lid
wapflip,wap-flip,wapf-lip
wapflif,wap-flif,wapf-lif
wapflem,wap-flem,wapf-lem
wapflek,wap-flek,wapf-lek
wapfleC,wap-fleC,wapf-leC
wapflad,wap-flad,wapf-lad
wapflap,wap-flap,wapf-lap
wapflaf,wap-flaf,wapf-laf
wapflax,wap-flax,wapf-lax
wapflom,wap-flom,wapf-lom
wapflok,wap-flok,wapf-lok
wapflor,wap-flor,wapf-lor
wapflud,wap-flud,wapf-lud
wapflup,wap-flup,wapf-lup
wapfluz,wap-fluz,wapf-luz
wapfluf,wap-fluf,wapf-luf
wapflux,wap-flux,wapf-lux
wapfris,wap-fris,wapf-ris
wapfrix,wap-frix,wapf-rix
wapfras,wap-fras,wapf-ras
watsmin,wat-smin,wats-min
watsmib,wat-smib,wats-mib
watsmit,wat-smit,wats-mit
watsmis,wat-smis,wats-mis
watsmix,wat-smix,wats-mix
watsmiC,wat-smiC,wats-miC
watsmek,wat-smek,wats-mek
watsmad,wat-smad,wats-mad
watsmas,wat-smas,wats-mas
watsmaf,wat-smaf,wats-maf
watsmax,wat-smax,wats-max
watsmaC,wat-smaC,wats-maC
watsmal,wat-smal,wats-mal
watsmok,wat-smok,wats-mok
watsmub,wat-smub,wats-mub
watsmut,wat-smut,wats-mut
watsmus,wat-smus,wats-mus
watsmuf,wat-smuf,wats-muf
watsmux,wat-smux,wats-mux
watsmuC,wat-smuC,wats-muC
watsmul,wat-smul,wats-mul
watsnif,wat-snif,wats-nif
watsnap,wat-snap,wats-nap
watsnom,wat-snom,wats-nom
watspin,wat-spin,wats-pin
watspib,wat-spib,wats-pib
watspit,wat-spit,wats-pit
watspik,wat-spik,wats-pik
watspis,wat-spis,wats-pis
watspix,wat-spix,wats-pix
watspiC,wat-spiC,wats-piC
watspan,wat-span,wats-pan
watspak,wat-spak,wats-pak
watspas,wat-spas,wats-pas
watspof,wat-spof,wats-pof
watspum,wat-spum,wats-pum
watspug,wat-spug,wats-pug
watspus,wat-spus,wats-pus
watspul,wat-spul,wats-pul
watstef,wat-stef,wats-tef
watstab,wat-stab,wats-tab
watstat,wat-stat,wats-tat
watstal,wat-stal,wats-tal
watstoj,wat-stoj,wats-toj
watstud,wat-stud,wats-tud
watstup,wat-stup,wats-tup
watskim,wat-skim,wats-kim
watskib,wat-skib,wats-kib
watskig,wat-skig,wats-kig
watskit,wat-skit,wats-kit
watskis,wat-skis,wats-kis
watskif,wat-skif,wats-kif
watskix,wat-skix,wats-kix
watskiC,wat-skiC,wats-kiC
watskad,wat-skad,wats-kad
watskag,wat-skag,wats-kag
watskap,wat-skap,wats-kap
watskas,wat-skas,wats-kas
watskaf,wat-skaf,wats-kaf
watskax,wat-skax,wats-kax
watskaC,wat-skaC,wats-kaC
watskal,wat-skal,wats-kal
watskoq,wat-skoq,wats-koq
watskud,wat-skud,wats-kud
watskug,wat-skug,wats-kug
watskup,wat-skup,wats-kup
watskuz,wat-skuz,wats-kuz
watskuf,wat-skuf,wats-kuf
watskux,wat-skux,wats-kux
watskul,wat-skul,wats-kul
watsfim,wat-sfim,wats-fim
watsfib,wat-sfib,wats-fib
watsfit,wat-sfit,wats-fit
watsfis,wat-sfis,wats-fis
watsfif,wat-sfif,wats-fif
watsfix,wat-sfix,wats-fix
watsfiC,wat-sfiC,wats-fiC
watsfam,wat-sfam,wats-fam
watsfab,wat-sfab,wats-fab
watsfag,wat-sfag,wats-fag
watsfat,wat-sfat,wats-fat
watsfaf,wat-sfaf,wats-faf
watsfax,wat-sfax,wats-fax
watsfaC,wat-sfaC,wats-faC
watsfal,wat-sfal,wats-fal
watsfum,wat-sfum,wats-fum
watsfub,wat-sfub,wats-fub
watsfug,wat-sfug,wats-fug
watsfut,wat-sfut,wats-fut
watsfus,wat-sfus,wats-fus
watsfuf,wat-sfuf,wats-fuf
watsfux,wat-sfux,wats-fux
watsfuC,wat-sfuC,wats-fuC
watsvik,wat-svik,wats-vik
watsvas,wat-svas,wats-vas
watsvur,wat-svur,wats-vur
watslim,wat-slim,wats-lim
watslid,wat-slid,wats-lid
watslig,wat-slig,wats-lig
watslip,wat-slip,wats-lip
watslis,wat-slis,wats-lis
watslif,wat-slif,wats-lif
watslix,wat-slix,wats-lix
watsliC,wat-sliC,wats-liC
watslad,wat-slad,wats-lad
watslag,wat-slag,wats-lag
watslap,wat-slap,wats-lap
watslas,wat-slas,wats-las
watslaf,wat-slaf,wats-laf
watslax,wat-slax,wats-lax
watslaC,wat-slaC,wats-laC
watslal,wat-slal,wats-lal
watslom,wat-slom,wats-lom
watslud,wat-slud,wats-lud
watslug,wat-slug,wats-lug
watslup,wat-slup,wats-lup
watslus,wat-slus,wats-lus
watsluf,wat-sluf,wats-luf
watslux,wat-slux,wats-lux
watsluC,wat-sluC,wats-luC
watslur,wat-slur,wats-lur
watxnim,wat-xnim,watx-nim
watxnib,wat-xnib,watx-nib
watxnig,wat-xnig,watx-nig
watxnit,wat-xnit,watx-nit
watxnis,wat-xnis,watx-nis
watxnif,wat-xnif,watx-nif
watxnix,wat-xnix,watx-nix
watxniC,wat-xniC,watx-niC
watxnam,wat-xnam,watx-nam
watxnab,wat-xnab,watx-nab
watxnag,wat-xnag,watx-nag
watxnat,wat-xnat,watx-nat
watxnas,wat-xnas,watx-nas
watxnaf,wat-xnaf,watx-naf
watxnax,wat-xnax,watx-nax
watxnaC,wat-xnaC,watx-naC
watxnal,wat-xnal,watx-nal
watxnum,wat-xnum,watx-num
watxnub,wat-xnub,watx-nub
watxnug,wat-xnug,watx-nug
watxnut,wat-xnut,watx-nut
watxnus,wat-xnus,watx-nus
watxnuf,wat-xnuf,watx-nuf
watxnux,wat-xnux,watx-nux
watxnuC,wat-xnuC,watx-nuC
watxnul,wat-xnul,watx-nul
watxkim,wat-xkim,watx-kim
watxkib,wat-xkib,watx-kib
watxkig,wat-xkig,watx-kig
watxkit,wat-xkit,watx-kit
watxkis,wat-xkis,watx-kis
watxkif,wat-xkif,watx-kif
watxkix,wat-xkix,watx-kix
watxkiC,wat-xkiC,watx-kiC
watxkam,wat-xkam,watx-kam
watxkab,wat-xkab,watx-kab
watxkag,wat-xkag,watx-kag
watxkat,wat-xkat,watx-kat
watxkas,wat-xkas,watx-kas
watxkaf,wat-xkaf,watx-kaf
watxkax,wat-xkax,watx-kax
watxkaC,wat-xkaC,watx-kaC
watxkal,wat-xkal,watx-kal
watxkum,wat-xkum,watx-kum
watxkub,wat-xkub,watx-kub
watxkug,wat-xkug,watx-kug
watxkut,wat-xkut,watx-kut
watxkus,wat-xkus,watx-kus
watxkuf,wat-xkuf,watx-kuf
watxkux,wat-xkux,watx-kux
watxkuC,wat-xkuC,watx-kuC
watxkul,wat-xkul,watx-kul
watxlim,wat-xlim,watx-lim
watxlib,wat-xlib,watx-lib
watxlit,wat-xlit,watx-lit
watxlik,wat-xlik,watx-lik
watxlis,wat-xlis,watx-lis
watxlif,wat-xlif,watx-lif
watxlix,wat-xlix,watx-lix
watxliC,wat-xliC,watx-liC
watxlam,wat-xlam,watx-lam
watxlab,wat-xlab,watx-lab
watxlag,wat-xlag,watx-lag
watxlat,wat-xlat,watx-lat
watxlas,wat-xlas,watx-las
watxlav,wat-xlav,watx-lav
watxlax,wat-xlax,watx-lax
watxlal,wat-xlal,watx-lal
watxlum,wat-xlum,watx-lum
watxlub,wat-xlub,watx-lub
watxlug,wat-xlug,watx-lug
watxlut,wat-xlut,watx-lut
watxlus,wat-xlus,watx-lus
watxluf,wat-xluf,watx-luf
watxlux,wat-xlux,watx-lux
watxluC,wat-xluC,watx-luC
watxlul,wat-xlul,watx-lul
wakxnim,wak-xnim,wakx-nim
wakxnib,wak-xnib,wakx-nib
wakxnig,wak-xnig,wakx-nig
wakxnit,wak-xnit,wakx-nit
wakxnis,wak-xnis,wakx-nis
wakxnif,wak-xnif,wakx-nif
wakxnix,wak-xnix,wakx-nix
wakxniC,wak-xniC,wakx-niC
wakxnam,wak-xnam,wakx-nam
wakxnab,wak-xnab,wakx-nab
wakxnag,wak-xnag,wakx-nag
wakxnat,wak-xnat,wakx-nat
wakxnas,wak-xnas,wakx-nas
wakxnaf,wak-xnaf,wakx-naf
wakxnax,wak-xnax,wakx-nax
wakxnaC,wak-xnaC,wakx-naC
wakxnal,wak-xnal,wakx-nal
wakxnum,wak-xnum,wakx-num
wakxnub,wak-xnub,wakx-nub
wakxnug,wak-xnug,wakx-nug
wakxnut,wak-xnut,wakx-nut
wakxnus,wak-xnus,wakx-nus
wakxnuf,wak-xnuf,wakx-nuf
wakxnux,wak-xnux,wakx-nux
wakxnuC,wak-xnuC,wakx-nuC
wakxnul,wak-xnul,wakx-nul
wakxkim,wak-xkim,wakx-kim
wakxkib,wak-xkib,wakx-kib
wakxkig,wak-xkig,wakx-kig
wakxkit,wak-xkit,wakx-kit
wakxkis,wak-xkis,wakx-kis
wakxkif,wak-xkif,wakx-kif
wakxkix,wak-xkix,wakx-kix
wakxkiC,wak-xkiC,wakx-kiC
wakxkam,wak-xkam,wakx-kam
wakxkab,wak-xkab,wakx-kab
wakxkag,wak-xkag,wakx-kag
wakxkat,wak-xkat,wakx-kat
wakxkas,wak-xkas,wakx-kas
wakxkaf,wak-xkaf,wakx-kaf
wakxkax,wak-xkax,wakx-kax
wakxkaC,wak-xkaC,wakx-kaC
wakxkal,wak-xkal,wakx-kal
wakxkum,wak-xkum,wakx-kum
wakxkub,wak-xkub,wakx-kub
wakxkug,wak-xkug,wakx-kug
wakxkut,wak-xkut,wakx-kut
wakxkus,wak-xkus,wakx-kus
wakxkuf,wak-xkuf,wakx-kuf
wakxkux,wak-xkux,wakx-kux
wakxkuC,wak-xkuC,wakx-kuC
wakxkul,wak-xkul,wakx-kul
wakxlim,wak-xlim,wakx-lim
wakxlib,wak-xlib,wakx-lib
wakxlit,wak-xlit,wakx-lit
wakxlik,wak-xlik,wakx-lik
wakxlis,wak-xlis,wakx-lis
wakxlif,wak-xlif,wakx-lif
wakxlix,wak-xlix,wakx-lix
wakxliC,wak-xliC,wakx-liC
wakxlam,wak-xlam,wakx-lam
wakxlab,wak-xlab,wakx-lab
wakxlag,wak-xlag,wakx-lag
wakxlat,wak-xlat,wakx-lat
wakxlas,wak-xlas,wakx-las
wakxlav,wak-xlav,wakx-lav
wakxlax,wak-xlax,wakx-lax
wakxlal,wak-xlal,wakx-lal
wakxlum,wak-xlum,wakx-lum
wakxlub,wak-xlub,wakx-lub
wakxlug,wak-xlug,wakx-lug
wakxlut,wak-xlut,wakx-lut
wakxlus,wak-xlus,wakx-lus
wakxluf,wak-xluf,wakx-luf
wakxlux,wak-xlux,wakx-lux
wakxluC,wak-xluC,wakx-luC
wakxlul,wak-xlul,wakx-lul
wasplib,was-plib,wasp-lib
wasplix,was-plix,wasp-lix
wasplan,was-plan,wasp-lan
wasplax,was-plax,wasp-lax
wasksim,was-ksim,wask-sim
wasksib,was-ksib,wask-sib
wasksig,was-ksig,wask-sig
wasksit,was-ksit,wask-sit
wasksis,was-ksis,wask-sis
wasksif,was-ksif,wask-sif
wasksix,was-ksix,wask-six
wasksiC,was-ksiC,wask-siC
wasksam,was-ksam,wask-sam
wasksab,was-ksab,wask-sab
wasksag,was-ksag,wask-sag
wasksat,was-ksat,wask-sat
wasksas,was-ksas,wask-sas
wasksaf,was-ksaf,wask-saf
wasksax,was-ksax,wask-sax
wasksaC,was-ksaC,wask-saC
wasksal,was-ksal,wask-sal
wasksum,was-ksum,wask-sum
wasksub,was-ksub,wask-sub
wasksug,was-ksug,wask-sug
wasksut,was-ksut,wask-sut
wasksus,was-ksus,wask-sus
wasksuf,was-ksuf,wask-suf
wasksux,was-ksux,wask-sux
wasksuC,was-ksuC,wask-suC
wasksul,was-ksul,wask-sul
wasklek,was-klek,wask-lek
waskloz,was-kloz,wask-loz
waftxal,waf-txal,waft-xal
waftxum,waf-txum,waft-xum
waftrin,waf-trin,waft-rin
waftrik,waf-trik,waft-rik
waftris,waf-tris,waft-ris
waftrif,waf-trif,waft-rif
waftriC,waf-triC,waft-riC
waftret,waf-tret,waft-ret
waftrab,waf-trab,waft-rab
waftrag,waf-trag,waft-rag
waftras,waf-tras,waft-ras
waftraf,waf-traf,waft-raf
waftraC,waf-traC,waft-raC
waftral,waf-tral,waft-ral
waftrot,waf-trot,waft-rot
waftrum,waf-trum,waft-rum
waftrub,waf-trub,waft-rub
waftrug,waf-trug,waft-rug
waftrus,waf-trus,waft-rus
waftruf,waf-truf,waft-ruf
waftrux,waf-trux,waft-rux
waftruC,waf-truC,waft-ruC
waftrul,waf-trul,waft-rul
wafsmin,waf-smin,wafs-min
wafsmib,waf-smib,wafs-mib
wafsmit,waf-smit,wafs-mit
wafsmis,waf-smis,wafs-mis
wafsmix,waf-smix,wafs-mix
wafsmiC,waf-smiC,wafs-miC
wafsmek,waf-smek,wafs-mek
wafsmad,waf-smad,wafs-mad
wafsmas,waf-smas,wafs-mas
wafsmaf,waf-smaf,wafs-maf
wafsmax,waf-smax,wafs-max
wafsmaC,waf-smaC,wafs-maC
wafsmal,waf-smal,wafs-mal
wafsmok,waf-smok,wafs-mok
wafsmub,waf-smub,wafs-mub
wafsmut,waf-smut,wafs-mut
wafsmus,waf-smus,wafs-mus
wafsmuf,waf-smuf,wafs-muf
wafsmux,waf-smux,wafs-mux
wafsmuC,waf-smuC,wafs-muC
wafsmul,waf-smul,wafs-mul
wafsnif,waf-snif,wafs-nif
wafsnap,waf-snap,wafs-nap
wafsnom,waf-snom,wafs-nom
wafspin,waf-spin,wafs-pin
wafspib,waf-spib,wafs-pib
wafspit,waf-spit,wafs-pit
wafspik,waf-spik,wafs-pik
wafspis,waf-spis,wafs-pis
wafspix,waf-spix,wafs-pix
wafspiC,waf-spiC,wafs-piC
wafspan,waf-span,wafs-pan
wafspak,waf-spak,wafs-pak
wafspas,waf-spas,wafs-pas
wafspof,waf-spof,wafs-pof
wafspum,waf-spum,wafs-pum
wafspug,waf-spug,wafs-pug
wafspus,waf-spus,wafs-pus
wafspul,waf-spul,wafs-pul
wafstef,waf-stef,wafs-tef
wafstab,waf-stab,wafs-tab
wafstat,waf-stat,wafs-tat
wafstal,waf-stal,wafs-tal
wafstoj,waf-stoj,wafs-toj
wafstud,waf-stud,wafs-tud
wafstup,waf-stup,wafs-tup
wafskim,waf-skim,wafs-kim
wafskib,waf-skib,wafs-kib
wafskig,waf-skig,wafs-kig
wafskit,waf-skit,wafs-kit
wafskis,waf-skis,wafs-kis
wafskif,waf-skif,wafs-kif
wafskix,waf-skix,wafs-kix
wafskiC,waf-skiC,wafs-kiC
wafskad,waf-skad,wafs-kad
wafskag,waf-skag,wafs-kag
wafskap,waf-skap,wafs-kap
wafskas,waf-skas,wafs-kas
wafskaf,waf-skaf,wafs-kaf
wafskax,waf-skax,wafs-kax
wafskaC,waf-skaC,wafs-kaC
wafskal,waf-skal,wafs-kal
wafskoq,waf-skoq,wafs-koq
wafskud,waf-skud,wafs-kud
wafskug,waf-skug,wafs-kug
wafskup,waf-skup,wafs-kup
wafskuz,waf-skuz,wafs-kuz
wafskuf,waf-skuf,wafs-kuf
wafskux,waf-skux,wafs-kux
wafskul,waf-skul,wafs-kul
wafsfim,waf-sfim,wafs-fim
wafsfib,waf-sfib,wafs-fib
wafsfit,waf-sfit,wafs-fit
wafsfis,waf-sfis,wafs-fis
wafsfif,waf-sfif,wafs-fif
wafsfix,waf-sfix,wafs-fix
wafsfiC,waf-sfiC,wafs-fiC
wafsfam,waf-sfam,wafs-fam
wafsfab,waf-sfab,wafs-fab
wafsfag,waf-sfag,wafs-fag
wafsfat,waf-sfat,wafs-fat
wafsfaf,waf-sfaf,wafs-faf
wafsfax,waf-sfax,wafs-fax
wafsfaC,waf-sfaC,wafs-faC
wafsfal,waf-sfal,wafs-fal
wafsfum,waf-sfum,wafs-fum
wafsfub,waf-sfub,wafs-fub
wafsfug,waf-sfug,wafs-fug
wafsfut,waf-sfut,wafs-fut
wafsfus,waf-sfus,wafs-fus
wafsfuf,waf-sfuf,wafs-fuf
wafsfux,waf-sfux,wafs-fux
wafsfuC,waf-sfuC,wafs-fuC
wafsvik,waf-svik,wafs-vik
wafsvas,waf-svas,wafs-vas
wafsvur,waf-svur,wafs-vur
wafslim,waf-slim,wafs-lim
wafslid,waf-slid,wafs-lid
wafslig,waf-slig,wafs-lig
wafslip,waf-slip,wafs-lip
wafslis,waf-slis,wafs-lis
wafslif,waf-slif,wafs-lif
wafslix,waf-slix,wafs-lix
wafsliC,waf-sliC,wafs-liC
wafslad,waf-slad,wafs-lad
wafslag,waf-slag,wafs-lag
wafslap,waf-slap,wafs-lap
wafslas,waf-slas,wafs-las
wafslaf,waf-slaf,wafs-laf
wafslax,waf-slax,wafs-lax
wafslaC,waf-slaC,wafs-laC
wafslal,waf-slal,wafs-lal
wafslom,waf-slom,wafs-lom
wafslud,waf-slud,wafs-lud
wafslug,waf-slug,wafs-lug
wafslup,waf-slup,wafs-lup
wafslus,waf-slus,wafs-lus
wafsluf,waf-sluf,wafs-luf
wafslux,waf-slux,wafs-lux
wafsluC,waf-sluC,wafs-luC
wafslur,waf-slur,wafs-lur
waxtxal,wax-txal,waxt-xal
waxtxum,wax-txum,waxt-xum
waxtrin,wax-trin,waxt-rin
waxtrik,wax-trik,waxt-rik
waxtris,wax-tris,waxt-ris
waxtrif,wax-trif,waxt-rif
waxtriC,wax-triC,waxt-riC
waxtret,wax-tret,waxt-ret
waxtrab,wax-trab,waxt-rab
waxtrag,wax-trag,waxt-rag
waxtras,wax-tras,waxt-ras
waxtraf,wax-traf,waxt-raf
waxtraC,wax-traC,waxt-raC
waxtral,wax-tral,waxt-ral
waxtrot,wax-trot,waxt-rot
waxtrum,wax-trum,waxt-rum
waxtrub,wax-trub,waxt-rub
waxtrug,wax-trug,waxt-rug
waxtrus,wax-trus,waxt-rus
waxtruf,wax-truf,waxt-ruf
waxtrux,wax-trux,waxt-rux
waxtruC,wax-truC,waxt-ruC
waxtrul,wax-trul,waxt-rul
waldjin,wal-djin,wald-jin
waldjid,wal-djid,wald-jid
waldjip,wal-djip,wald-jip
waldjiz,wal-djiz,wald-jiz
waldjif,wal-djif,wald-jif
waldjix,wal-djix,wald-jix
waldjek,wal-djek,wald-jek
waldjam,wal-djam,wald-jam
waldjab,wal-djab,wald-jab
waldjat,wal-djat,wald-jat
waldjas,wal-djas,wald-jas
waldjaf,wal-djaf,wald-jaf
waldjax,wal-djax,wald-jax
waldjaC,wal-djaC,wald-jaC
waldjok,wal-djok,wald-jok
waldjud,wal-djud,wald-jud
waldjup,wal-djup,wald-jup
waldjus,wal-djus,wald-jus
waldjuf,wal-djuf,wald-juf
waldjux,wal-djux,wald-jux
waldjuC,wal-djuC,wald-juC
waldjul,wal-djul,wald-jul
waldrib,wal-drib,wald-rib
waldrix,wal-drix,wald-rix
waldram,wal-dram,wald-ram
waldrax,wal-drax,wald-rax
walsmin,wal-smin,wals-min
walsmib,wal-smib,wals-mib
walsmit,wal-smit,wals-mit
walsmis,wal-smis,wals-mis
walsmix,wal-smix,wals-mix
walsmiC,wal-smiC,wals-miC
walsmek,wal-smek,wals-mek
walsmad,wal-smad,wals-mad
walsmas,wal-smas,wals-mas
walsmaf,wal-smaf,wals-maf
walsmax,wal-smax,wals-max
walsmaC,wal-smaC,wals-maC
walsmal,wal-smal,wals-mal
walsmok,wal-smok,wals-mok
walsmub,wal-smub,wals-mub
walsmut,wal-smut,wals-mut
walsmus,wal-smus,wals-mus
walsmuf,wal-smuf,wals-muf
walsmux,wal-smux,wals-mux
walsmuC,wal-smuC,wals-muC
walsmul,wal-smul,wals-mul
walsnif,wal-snif,wals-nif
walsnap,wal-snap,wals-nap
walsnom,wal-snom,wals-nom
walspin,wal-spin,wals-pin
walspib,wal-spib,wals-pib
walspit,wal-spit,wals-pit
walspik,wal-spik,wals-pik
walspis,wal-spis,wals-pis
walspix,wal-spix,wals-pix
walspiC,wal-spiC,wals-piC
walspan,wal-span,wals-pan
walspak,wal-spak,wals-pak
walspas,wal-spas,wals-pas
walspof,wal-spof,wals-pof
walspum,wal-spum,wals-pum
walspug,wal-spug,wals-pug
walspus,wal-spus,wals-pus
walspul,wal-spul,wals-pul
walstef,wal-stef,wals-tef
walstab,wal-stab,wals-tab
walstat,wal-stat,wals-tat
walstal,wal-stal,wals-tal
walstoj,wal-stoj,wals-toj
walstud,wal-stud,wals-tud
walstup,wal-stup,wals-tup
walskim,wal-skim,wals-kim
walskib,wal-skib,wals-kib
walskig,wal-skig,wals-kig
walskit,wal-skit,wals-kit
walskis,wal-skis,wals-kis
walskif,wal-skif,wals-kif
walskix,wal-skix,wals-kix
walskiC,wal-skiC,wals-kiC
walskad,wal-skad,wals-kad
walskag,wal-skag,wals-kag
walskap,wal-skap,wals-kap
walskas,wal-skas,wals-kas
walskaf,wal-skaf,wals-kaf
walskax,wal-skax,wals-kax
walskaC,wal-skaC,wals-kaC
walskal,wal-skal,wals-kal
walskoq,wal-skoq,wals-koq
walskud,wal-skud,wals-kud
walskug,wal-skug,wals-kug
walskup,wal-skup,wals-kup
walskuz,wal-skuz,wals-kuz
walskuf,wal-skuf,wals-kuf
walskux,wal-skux,wals-kux
walskul,wal-skul,wals-kul
walsfim,wal-sfim,wals-fim
walsfib,wal-sfib,wals-fib
walsfit,wal-sfit,wals-fit
walsfis,wal-sfis,wals-fis
walsfif,wal-sfif,wals-fif
walsfix,wal-sfix,wals-fix
walsfiC,wal-sfiC,wals-fiC
walsfam,wal-sfam,wals-fam
walsfab,wal-sfab,wals-fab
walsfag,wal-sfag,wals-fag
walsfat,wal-sfat,wals-fat
walsfaf,wal-sfaf,wals-faf
walsfax,wal-sfax,wals-fax
walsfaC,wal-sfaC,wals-faC
walsfal,wal-sfal,wals-fal
walsfum,wal-sfum,wals-fum
walsfub,wal-sfub,wals-fub
walsfug,wal-sfug,wals-fug
walsfut,wal-sfut,wals-fut
walsfus,wal-sfus,wals-fus
walsfuf,wal-sfuf,wals-fuf
walsfux,wal-sfux,wals-fux
walsfuC,wal-sfuC,wals-fuC
walsvik,wal-svik,wals-vik
walsvas,wal-svas,wals-vas
walsvur,wal-svur,wals-vur
walslim,wal-slim,wals-lim
walslid,wal-slid,wals-lid
walslig,wal-slig,wals-lig
walslip,wal-slip,wals-lip
walslis,wal-slis,wals-lis
walslif,wal-slif,wals-lif
walslix,wal-slix,wals-lix
walsliC,wal-sliC,wals-liC
walslad,wal-slad,wals-lad
walslag,wal-slag,wals-lag
walslap,wal-slap,wals-lap
walslas,wal-slas,wals-las
walslaf,wal-slaf,wals-laf
walslax,wal-slax,wals-lax
walslaC,wal-slaC,wals-laC
walslal,wal-slal,wals-lal
walslom,wal-slom,wals-lom
walslud,wal-slud,wals-lud
walslug,wal-slug,wals-lug
walslup,wal-slup,wals-lup
walslus,wal-slus,wals-lus
walsluf,wal-sluf,wals-luf
walslux,wal-slux,wals-lux
walsluC,wal-sluC,wals-luC
walslur,wal-slur,wals-lur
warplib,war-plib,warp-lib
warplix,war-plix,warp-lix
warplan,war-plan,warp-lan
warplax,war-plax,warp-lax
warksim,war-ksim,wark-sim
warksib,war-ksib,wark-sib
warksig,war-ksig,wark-sig
warksit,war-ksit,wark-sit
warksis,war-ksis,wark-sis
warksif,war-ksif,wark-sif
warksix,war-ksix,wark-six
warksiC,war-ksiC,wark-siC
warksam,war-ksam,wark-sam
warksab,war-ksab,wark-sab
warksag,war-ksag,wark-sag
warksat,war-ksat,wark-sat
warksas,war-ksas,wark-sas
warksaf,war-ksaf,wark-saf
warksax,war-ksax,wark-sax
warksaC,war-ksaC,wark-saC
warksal,war-ksal,wark-sal
warksum,war-ksum,wark-sum
warksub,war-ksub,wark-sub
warksug,war-ksug,wark-sug
warksut,war-ksut,wark-sut
warksus,war-ksus,wark-sus
warksuf,war-ksuf,wark-suf
warksux,war-ksux,wark-sux
warksuC,war-ksuC,wark-suC
warksul,war-ksul,wark-sul
warklek,war-klek,wark-lek
warkloz,war-kloz,wark-loz
warxnim,war-xnim,warx-nim
warxnib,war-xnib,warx-nib
warxnig,war-xnig,warx-nig
warxnit,war-xnit,warx-nit
warxnis,war-xnis,warx-nis
warxnif,war-xnif,warx-nif
warxnix,war-xnix,warx-nix
warxniC,war-xniC,warx-niC
warxnam,war-xnam,warx-nam
warxnab,war-xnab,warx-nab
warxnag,war-xnag,warx-nag
warxnat,war-xnat,warx-nat
warxnas,war-xnas,warx-nas
warxnaf,war-xnaf,warx-naf
warxnax,war-xnax,warx-nax
warxnaC,war-xnaC,warx-naC
warxnal,war-xnal,warx-nal
warxnum,war-xnum,warx-num
warxnub,war-xnub,warx-nub
warxnug,war-xnug,warx-nug
warxnut,war-xnut,warx-nut
warxnus,war-xnus,warx-nus
warxnuf,war-xnuf,warx-nuf
warxnux,war-xnux,warx-nux
warxnuC,war-xnuC,warx-nuC
warxnul,war-xnul,warx-nul
warxkim,war-xkim,warx-kim
warxkib,war-xkib,warx-kib
warxkig,war-xkig,warx-kig
warxkit,war-xkit,warx-kit
warxkis,war-xkis,warx-kis
warxkif,war-xkif,warx-kif
warxkix,war-xkix,warx-kix
warxkiC,war-xkiC,warx-kiC
warxkam,war-xkam,warx-kam
warxkab,war-xkab,warx-kab
warxkag,war-xkag,warx-kag
warxkat,war-xkat,warx-kat
warxkas,war-xkas,warx-kas
warxkaf,war-xkaf,warx-kaf
warxkax,war-xkax,warx-kax
warxkaC,war-xkaC,warx-kaC
warxkal,war-xkal,warx-kal
warxkum,war-xkum,warx-kum
warxkub,war-xkub,warx-kub
warxkug,war-xkug,warx-kug
warxkut,war-xkut,warx-kut
warxkus,war-xkus,warx-kus
warxkuf,war-xkuf,warx-kuf
warxkux,war-xkux,warx-kux
warxkuC,war-xkuC,warx-kuC
warxkul,war-xkul,warx-kul
warxlim,war-xlim,warx-lim
warxlib,war-xlib,warx-lib
warxlit,war-xlit,warx-lit
warxlik,war-xlik,warx-lik
warxlis,war-xlis,warx-lis
warxlif,war-xlif,warx-lif
warxlix,war-xlix,warx-lix
warxliC,war-xliC,warx-liC
warxlam,war-xlam,warx-lam
warxlab,war-xlab,warx-lab
warxlag,war-xlag,warx-lag
warxlat,war-xlat,warx-lat
warxlas,war-xlas,warx-las
warxlav,war-xlav,warx-lav
warxlax,war-xlax,warx-lax
warxlal,war-xlal,warx-lal
warxlum,war-xlum,warx-lum
warxlub,war-xlub,warx-lub
warxlug,war-xlug,warx-lug
warxlut,war-xlut,warx-lut
warxlus,war-xlus,warx-lus
warxluf,war-xluf,warx-luf
warxlux,war-xlux,warx-lux
warxluC,war-xluC,warx-luC
warxlul,war-xlul,warx-lul
wolflid,wol-flid,wolf-lid
wolflip,wol-flip,wolf-lip
wolflif,wol-flif,wolf-lif
wolflem,wol-flem,wolf-lem
wolflek,wol-flek,wolf-lek
wolfleC,wol-fleC,wolf-leC
wolflad,wol-flad,wolf-lad
wolflap,wol-flap,wolf-lap
wolflaf,wol-flaf,wolf-laf
wolflax,wol-flax,wolf-lax
wolflom,wol-flom,wolf-lom
wolflok,wol-flok,wolf-lok
wolflor,wol-flor,wolf-lor
wolflud,wol-flud,wolf-lud
wolflup,wol-flup,wolf-lup
wolfluz,wol-fluz,wolf-luz
wolfluf,wol-fluf,wolf-luf
wolflux,wol-flux,wolf-lux
wolfris,wol-fris,wolf-ris
wolfrix,wol-frix,wolf-rix
wolfras,wol-fras,wolf-ras
wumdjin,wum-djin,wumd-jin
wumdjid,wum-djid,wumd-jid
wumdjip,wum-djip,wumd-jip
wumdjiz,wum-djiz,wumd-jiz
wumdjif,wum-djif,wumd-jif
wumdjix,wum-djix,wumd-jix
wumdjek,wum-djek,wumd-jek
wumdjam,wum-djam,wumd-jam
wumdjab,wum-djab,wumd-jab
wumdjat,wum-djat,wumd-jat
wumdjas,wum-djas,wumd-jas
wumdjaf,wum-djaf,wumd-jaf
wumdjax,wum-djax,wumd-jax
wumdjaC,wum-djaC,wumd-jaC
wumdjok,wum-djok,wumd-jok
wumdjud,wum-djud,wumd-jud
wumdjup,wum-djup,wumd-jup
wumdjus,wum-djus,wumd-jus
wumdjuf,wum-djuf,wumd-juf
wumdjux,wum-djux,wumd-jux
wumdjuC,wum-djuC,wumd-juC
wumdjul,wum-djul,wumd-jul
wumdrib,wum-drib,wumd-rib
wumdrix,wum-drix,wumd-rix
wumdram,wum-dram,wumd-ram
wumdrax,wum-drax,wumd-rax
wumplib,wum-plib,wump-lib
wumplix,wum-plix,wump-lix
wumplan,wum-plan,wump-lan
wumplax,wum-plax,wump-lax
wunksim,wun-ksim,wunk-sim
wunksib,wun-ksib,wunk-sib
wunksig,wun-ksig,wunk-sig
wunksit,wun-ksit,wunk-sit
wunksis,wun-ksis,wunk-sis
wunksif,wun-ksif,wunk-sif
wunksix,wun-ksix,wunk-six
wunksiC,wun-ksiC,wunk-siC
wunksam,wun-ksam,wunk-sam
wunksab,wun-ksab,wunk-sab
wunksag,wun-ksag,wunk-sag
wunksat,wun-ksat,wunk-sat
wunksas,wun-ksas,wunk-sas
wunksaf,wun-ksaf,wunk-saf
wunksax,wun-ksax,wunk-sax
wunksaC,wun-ksaC,wunk-saC
wunksal,wun-ksal,wunk-sal
wunksum,wun-ksum,wunk-sum
wunksub,wun-ksub,wunk-sub
wunksug,wun-ksug,wunk-sug
wunksut,wun-ksut,wunk-sut
wunksus,wun-ksus,wunk-sus
wunksuf,wun-ksuf,wunk-suf
wunksux,wun-ksux,wunk-sux
wunksuC,wun-ksuC,wunk-suC
wunksul,wun-ksul,wunk-sul
wunklek,wun-klek,wunk-lek
wunkloz,wun-kloz,wunk-loz
wupsmin,wup-smin,wups-min
wupsmib,wup-smib,wups-mib
wupsmit,wup-smit,wups-mit
wupsmis,wup-smis,wups-mis
wupsmix,wup-smix,wups-mix
wupsmiC,wup-smiC,wups-miC
wupsmek,wup-smek,wups-mek
wupsmad,wup-smad,wups-mad
wupsmas,wup-smas,wups-mas
wupsmaf,wup-smaf,wups-maf
wupsmax,wup-smax,wups-max
wupsmaC,wup-smaC,wups-maC
wupsmal,wup-smal,wups-mal
wupsmok,wup-smok,wups-mok
wupsmub,wup-smub,wups-mub
wupsmut,wup-smut,wups-mut
wupsmus,wup-smus,wups-mus
wupsmuf,wup-smuf,wups-muf
wupsmux,wup-smux,wups-mux
wupsmuC,wup-smuC,wups-muC
wupsmul,wup-smul,wups-mul
wupsnif,wup-snif,wups-nif
wupsnap,wup-snap,wups-nap
wupsnom,wup-snom,wups-nom
wupspin,wup-spin,wups-pin
wupspib,wup-spib,wups-pib
wupspit,wup-spit,wups-pit
wupspik,wup-spik,wups-pik
wupspis,wup-spis,wups-pis
wupspix,wup-spix,wups-pix
wupspiC,wup-spiC,wups-piC
wupspan,wup-span,wups-pan
wupspak,wup-spak,wups-pak
wupspas,wup-spas,wups-pas
wupspof,wup-spof,wups-pof
wupspum,wup-spum,wups-pum
wupspug,wup-spug,wups-pug
wupspus,wup-spus,wups-pus
wupspul,wup-spul,wups-pul
wupstef,wup-stef,wups-tef
wupstab,wup-stab,wups-tab
wupstat,wup-stat,wups-tat
wupstal,wup-stal,wups-tal
wupstoj,wup-stoj,wups-toj
wupstud,wup-stud,wups-tud
wupstup,wup-stup,wups-tup
wupskim,wup-skim,wups-kim
wupskib,wup-skib,wups-kib
wupskig,wup-skig,wups-kig
wupskit,wup-skit,wups-kit
wupskis,wup-skis,wups-kis
wupskif,wup-skif,wups-kif
wupskix,wup-skix,wups-kix
wupskiC,wup-skiC,wups-kiC
wupskad,wup-skad,wups-kad
wupskag,wup-skag,wups-kag
wupskap,wup-skap,wups-kap
wupskas,wup-skas,wups-kas
wupskaf,wup-skaf,wups-kaf
wupskax,wup-skax,wups-kax
wupskaC,wup-skaC,wups-kaC
wupskal,wup-skal,wups-kal
wupskoq,wup-skoq,wups-koq
wupskud,wup-skud,wups-kud
wupskug,wup-skug,wups-kug
wupskup,wup-skup,wups-kup
wupskuz,wup-skuz,wups-kuz
wupskuf,wup-skuf,wups-kuf
wupskux,wup-skux,wups-kux
wupskul,wup-skul,wups-kul
wupsfim,wup-sfim,wups-fim
wupsfib,wup-sfib,wups-fib
wupsfit,wup-sfit,wups-fit
wupsfis,wup-sfis,wups-fis
wupsfif,wup-sfif,wups-fif
wupsfix,wup-sfix,wups-fix
wupsfiC,wup-sfiC,wups-fiC
wupsfam,wup-sfam,wups-fam
wupsfab,wup-sfab,wups-fab
wupsfag,wup-sfag,wups-fag
wupsfat,wup-sfat,wups-fat
wupsfaf,wup-sfaf,wups-faf
wupsfax,wup-sfax,wups-fax
wupsfaC,wup-sfaC,wups-faC
wupsfal,wup-sfal,wups-fal
wupsfum,wup-sfum,wups-fum
wupsfub,wup-sfub,wups-fub
wupsfug,wup-sfug,wups-fug
wupsfut,wup-sfut,wups-fut
wupsfus,wup-sfus,wups-fus
wupsfuf,wup-sfuf,wups-fuf
wupsfux,wup-sfux,wups-fux
wupsfuC,wup-sfuC,wups-fuC
wupsvik,wup-svik,wups-vik
wupsvas,wup-svas,wups-vas
wupsvur,wup-svur,wups-vur
wupslim,wup-slim,wups-lim
wupslid,wup-slid,wups-lid
wupslig,wup-slig,wups-lig
wupslip,wup-slip,wups-lip
wupslis,wup-slis,wups-lis
wupslif,wup-slif,wups-lif
wupslix,wup-slix,wups-lix
wupsliC,wup-sliC,wups-liC
wupslad,wup-slad,wups-lad
wupslag,wup-slag,wups-lag
wupslap,wup-slap,wups-lap
wupslas,wup-slas,wups-las
wupslaf,wup-slaf,wups-laf
wupslax,wup-slax,wups-lax
wupslaC,wup-slaC,wups-laC
wupslal,wup-slal,wups-lal
wupslom,wup-slom,wups-lom
wupslud,wup-slud,wups-lud
wupslug,wup-slug,wups-lug
wupslup,wup-slup,wups-lup
wupslus,wup-slus,wups-lus
wupsluf,wup-sluf,wups-luf
wupslux,wup-slux,wups-lux
wupsluC,wup-sluC,wups-luC
wupslur,wup-slur,wups-lur
wupflid,wup-flid,wupf-lid
wupflip,wup-flip,wupf-lip
wupflif,wup-flif,wupf-lif
wupflem,wup-flem,wupf-lem
wupflek,wup-flek,wupf-lek
wupfleC,wup-fleC,wupf-leC
wupflad,wup-flad,wupf-lad
wupflap,wup-flap,wupf-lap
wupflaf,wup-flaf,wupf-laf
wupflax,wup-flax,wupf-lax
wupflom,wup-flom,wupf-lom
wupflok,wup-flok,wupf-lok
wupflor,wup-flor,wupf-lor
wupflud,wup-flud,wupf-lud
wupflup,wup-flup,wupf-lup
wupfluz,wup-fluz,wupf-luz
wupfluf,wup-fluf,wupf-luf
wupflux,wup-flux,wupf-lux
wupfris,wup-fris,wupf-ris
wupfrix,wup-frix,wupf-rix
wupfras,wup-fras,wupf-ras
wupxnim,wup-xnim,wupx-nim
wupxnib,wup-xnib,wupx-nib
wupxnig,wup-xnig,wupx-nig
wupxnit,wup-xnit,wupx-nit
wupxnis,wup-xnis,wupx-nis
wupxnif,wup-xnif,wupx-nif
wupxnix,wup-xnix,wupx-nix
wupxniC,wup-xniC,wupx-niC
wupxnam,wup-xnam,wupx-nam
wupxnab,wup-xnab,wupx-nab
wupxnag,wup-xnag,wupx-nag
wupxnat,wup-xnat,wupx-nat
wupxnas,wup-xnas,wupx-nas
wupxnaf,wup-xnaf,wupx-naf
wupxnax,wup-xnax,wupx-nax
wupxnaC,wup-xnaC,wupx-naC
wupxnal,wup-xnal,wupx-nal
wupxnum,wup-xnum,wupx-num
wupxnub,wup-xnub,wupx-nub
wupxnug,wup-xnug,wupx-nug
wupxnut,wup-xnut,wupx-nut
wupxnus,wup-xnus,wupx-nus
wupxnuf,wup-xnuf,wupx-nuf
wupxnux,wup-xnux,wupx-nux
wupxnuC,wup-xnuC,wupx-nuC
wupxnul,wup-xnul,wupx-nul
wupxkim,wup-xkim,wupx-kim
wupxkib,wup-xkib,wupx-kib
wupxkig,wup-xkig,wupx-kig
wupxkit,wup-xkit,wupx-kit
wupxkis,wup-xkis,wupx-kis
wupxkif,wup-xkif,wupx-kif
wupxkix,wup-xkix,wupx-kix
wupxkiC,wup-xkiC,wupx-kiC
wupxkam,wup-xkam,wupx-kam
wupxkab,wup-xkab,wupx-kab
wupxkag,wup-xkag,wupx-kag
wupxkat,wup-xkat,wupx-kat
wupxkas,wup-xkas,wupx-kas
wupxkaf,wup-xkaf,wupx-kaf
wupxkax,wup-xkax,wupx-kax
wupxkaC,wup-xkaC,wupx-kaC
wupxkal,wup-xkal,wupx-kal
wupxkum,wup-xkum,wupx-kum
wupxkub,wup-xkub,wupx-kub
wupxkug,wup-xkug,wupx-kug
wupxkut,wup-xkut,wupx-kut
wupxkus,wup-xkus,wupx-kus
wupxkuf,wup-xkuf,wupx-kuf
wupxkux,wup-xkux,wupx-kux
wupxkuC,wup-xkuC,wupx-kuC
wupxkul,wup-xkul,wupx-kul
wupxlim,wup-xlim,wupx-lim
wupxlib,wup-xlib,wupx-lib
wupxlit,wup-xlit,wupx-lit
wupxlik,wup-xlik,wupx-lik
wupxlis,wup-xlis,wupx-lis
wupxlif,wup-xlif,wupx-lif
wupxlix,wup-xlix,wupx-lix
wupxliC,wup-xliC,wupx-liC
wupxlam,wup-xlam,wupx-lam
wupxlab,wup-xlab,wupx-lab
wupxlag,wup-xlag,wupx-lag
wupxlat,wup-xlat,wupx-lat
wupxlas,wup-xlas,wupx-las
wupxlav,wup-xlav,wupx-lav
wupxlax,wup-xlax,wupx-lax
wupxlal,wup-xlal,wupx-lal
wupxlum,wup-xlum,wupx-lum
wupxlub,wup-xlub,wupx-lub
wupxlug,wup-xlug,wupx-lug
wupxlut,wup-xlut,wupx-lut
wupxlus,wup-xlus,wupx-lus
wupxluf,wup-xluf,wupx-luf
wupxlux,wup-xlux,wupx-lux
wupxluC,wup-xluC,wupx-luC
wupxlul,wup-xlul,wupx-lul
wukxnim,wuk-xnim,wukx-nim
wukxnib,wuk-xnib,wukx-nib
wukxnig,wuk-xnig,wukx-nig
wukxnit,wuk-xnit,wukx-nit
wukxnis,wuk-xnis,wukx-nis
wukxnif,wuk-xnif,wukx-nif
wukxnix,wuk-xnix,wukx-nix
wukxniC,wuk-xniC,wukx-niC
wukxnam,wuk-xnam,wukx-nam
wukxnab,wuk-xnab,wukx-nab
wukxnag,wuk-xnag,wukx-nag
wukxnat,wuk-xnat,wukx-nat
wukxnas,wuk-xnas,wukx-nas
wukxnaf,wuk-xnaf,wukx-naf
wukxnax,wuk-xnax,wukx-nax
wukxnaC,wuk-xnaC,wukx-naC
wukxnal,wuk-xnal,wukx-nal
wukxnum,wuk-xnum,wukx-num
wukxnub,wuk-xnub,wukx-nub
wukxnug,wuk-xnug,wukx-nug
wukxnut,wuk-xnut,wukx-nut
wukxnus,wuk-xnus,wukx-nus
wukxnuf,wuk-xnuf,wukx-nuf
wukxnux,wuk-xnux,wukx-nux
wukxnuC,wuk-xnuC,wukx-nuC
wukxnul,wuk-xnul,wukx-nul
wukxkim,wuk-xkim,wukx-kim
wukxkib,wuk-xkib,wukx-kib
wukxkig,wuk-xkig,wukx-kig
wukxkit,wuk-xkit,wukx-kit
wukxkis,wuk-xkis,wukx-kis
wukxkif,wuk-xkif,wukx-kif
wukxkix,wuk-xkix,wukx-kix
wukxkiC,wuk-xkiC,wukx-kiC
wukxkam,wuk-xkam,wukx-kam
wukxkab,wuk-xkab,wukx-kab
wukxkag,wuk-xkag,wukx-kag
wukxkat,wuk-xkat,wukx-kat
wukxkas,wuk-xkas,wukx-kas
wukxkaf,wuk-xkaf,wukx-kaf
wukxkax,wuk-xkax,wukx-kax
wukxkaC,wuk-xkaC,wukx-kaC
wukxkal,wuk-xkal,wukx-kal
wukxkum,wuk-xkum,wukx-kum
wukxkub,wuk-xkub,wukx-kub
wukxkug,wuk-xkug,wukx-kug
wukxkut,wuk-xkut,wukx-kut
wukxkus,wuk-xkus,wukx-kus
wukxkuf,wuk-xkuf,wukx-kuf
wukxkux,wuk-xkux,wukx-kux
wukxkuC,wuk-xkuC,wukx-kuC
wukxkul,wuk-xkul,wukx-kul
wukxlim,wuk-xlim,wukx-lim
wukxlib,wuk-xlib,wukx-lib
wukxlit,wuk-xlit,wukx-lit
wukxlik,wuk-xlik,wukx-lik
wukxlis,wuk-xlis,wukx-lis
wukxlif,wuk-xlif,wukx-lif
wukxlix,wuk-xlix,wukx-lix
wukxliC,wuk-xliC,wukx-liC
wukxlam,wuk-xlam,wukx-lam
wukxlab,wuk-xlab,wukx-lab
wukxlag,wuk-xlag,wukx-lag
wukxlat,wuk-xlat,wukx-lat
wukxlas,wuk-xlas,wukx-las
wukxlav,wuk-xlav,wukx-lav
wukxlax,wuk-xlax,wukx-lax
wukxlal,wuk-xlal,wukx-lal
wukxlum,wuk-xlum,wukx-lum
wukxlub,wuk-xlub,wukx-lub
wukxlug,wuk-xlug,wukx-lug
wukxlut,wuk-xlut,wukx-lut
wukxlus,wuk-xlus,wukx-lus
wukxluf,wuk-xluf,wukx-luf
wukxlux,wuk-xlux,wukx-lux
wukxluC,wuk-xluC,wukx-luC
wukxlul,wuk-xlul,wukx-lul
wusplib,wus-plib,wusp-lib
wusplix,wus-plix,wusp-lix
wusplan,wus-plan,wusp-lan
wusplax,wus-plax,wusp-lax
wusksim,wus-ksim,wusk-sim
wusksib,wus-ksib,wusk-sib
wusksig,wus-ksig,wusk-sig
wusksit,wus-ksit,wusk-sit
wusksis,wus-ksis,wusk-sis
wusksif,wus-ksif,wusk-sif
wusksix,wus-ksix,wusk-six
wusksiC,wus-ksiC,wusk-siC
wusksam,wus-ksam,wusk-sam
wusksab,wus-ksab,wusk-sab
wusksag,wus-ksag,wusk-sag
wusksat,wus-ksat,wusk-sat
wusksas,wus-ksas,wusk-sas
wusksaf,wus-ksaf,wusk-saf
wusksax,wus-ksax,wusk-sax
wusksaC,wus-ksaC,wusk-saC
wusksal,wus-ksal,wusk-sal
wusksum,wus-ksum,wusk-sum
wusksub,wus-ksub,wusk-sub
wusksug,wus-ksug,wusk-sug
wusksut,wus-ksut,wusk-sut
wusksus,wus-ksus,wusk-sus
wusksuf,wus-ksuf,wusk-suf
wusksux,wus-ksux,wusk-sux
wusksuC,wus-ksuC,wusk-suC
wusksul,wus-ksul,wusk-sul
wusklek,wus-klek,wusk-lek
wuskloz,wus-kloz,wusk-loz
wuftxal,wuf-txal,wuft-xal
wuftxum,wuf-txum,wuft-xum
wuftrin,wuf-trin,wuft-rin
wuftrik,wuf-trik,wuft-rik
wuftris,wuf-tris,wuft-ris
wuftrif,wuf-trif,wuft-rif
wuftriC,wuf-triC,wuft-riC
wuftret,wuf-tret,wuft-ret
wuftrab,wuf-trab,wuft-rab
wuftrag,wuf-trag,wuft-rag
wuftras,wuf-tras,wuft-ras
wuftraf,wuf-traf,wuft-raf
wuftraC,wuf-traC,wuft-raC
wuftral,wuf-tral,wuft-ral
wuftrot,wuf-trot,wuft-rot
wuftrum,wuf-trum,wuft-rum
wuftrub,wuf-trub,wuft-rub
wuftrug,wuf-trug,wuft-rug
wuftrus,wuf-trus,wuft-rus
wuftruf,wuf-truf,wuft-ruf
wuftrux,wuf-trux,wuft-rux
wuftruC,wuf-truC,wuft-ruC
wuftrul,wuf-trul,wuft-rul
wufsmin,wuf-smin,wufs-min
wufsmib,wuf-smib,wufs-mib
wufsmit,wuf-smit,wufs-mit
wufsmis,wuf-smis,wufs-mis
wufsmix,wuf-smix,wufs-mix
wufsmiC,wuf-smiC,wufs-miC
wufsmek,wuf-smek,wufs-mek
wufsmad,wuf-smad,wufs-mad
wufsmas,wuf-smas,wufs-mas
wufsmaf,wuf-smaf,wufs-maf
wufsmax,wuf-smax,wufs-max
wufsmaC,wuf-smaC,wufs-maC
wufsmal,wuf-smal,wufs-mal
wufsmok,wuf-smok,wufs-mok
wufsmub,wuf-smub,wufs-mub
wufsmut,wuf-smut,wufs-mut
wufsmus,wuf-smus,wufs-mus
wufsmuf,wuf-smuf,wufs-muf
wufsmux,wuf-smux,wufs-mux
wufsmuC,wuf-smuC,wufs-muC
wufsmul,wuf-smul,wufs-mul
wufsnif,wuf-snif,wufs-nif
wufsnap,wuf-snap,wufs-nap
wufsnom,wuf-snom,wufs-nom
wufspin,wuf-spin,wufs-pin
wufspib,wuf-spib,wufs-pib
wufspit,wuf-spit,wufs-pit
wufspik,wuf-spik,wufs-pik
wufspis,wuf-spis,wufs-pis
wufspix,wuf-spix,wufs-pix
wufspiC,wuf-spiC,wufs-piC
wufspan,wuf-span,wufs-pan
wufspak,wuf-spak,wufs-pak
wufspas,wuf-spas,wufs-pas
wufspof,wuf-spof,wufs-pof
wufspum,wuf-spum,wufs-pum
wufspug,wuf-spug,wufs-pug
wufspus,wuf-spus,wufs-pus
wufspul,wuf-spul,wufs-pul
wufstef,wuf-stef,wufs-tef
wufstab,wuf-stab,wufs-tab
wufstat,wuf-stat,wufs-tat
wufstal,wuf-stal,wufs-tal
wufstoj,wuf-stoj,wufs-toj
wufstud,wuf-stud,wufs-tud
wufstup,wuf-stup,wufs-tup
wufskim,wuf-skim,wufs-kim
wufskib,wuf-skib,wufs-kib
wufskig,wuf-skig,wufs-kig
wufskit,wuf-skit,wufs-kit
wufskis,wuf-skis,wufs-kis
wufskif,wuf-skif,wufs-kif
wufskix,wuf-skix,wufs-kix
wufskiC,wuf-skiC,wufs-kiC
wufskad,wuf-skad,wufs-kad
wufskag,wuf-skag,wufs-kag
wufskap,wuf-skap,wufs-kap
wufskas,wuf-skas,wufs-kas
wufskaf,wuf-skaf,wufs-kaf
wufskax,wuf-skax,wufs-kax
wufskaC,wuf-skaC,wufs-kaC
wufskal,wuf-skal,wufs-kal
wufskoq,wuf-skoq,wufs-koq
wufskud,wuf-skud,wufs-kud
wufskug,wuf-skug,wufs-kug
wufskup,wuf-skup,wufs-kup
wufskuz,wuf-skuz,wufs-kuz
wufskuf,wuf-skuf,wufs-kuf
wufskux,wuf-skux,wufs-kux
wufskul,wuf-skul,wufs-kul
wufsfim,wuf-sfim,wufs-fim
wufsfib,wuf-sfib,wufs-fib
wufsfit,wuf-sfit,wufs-fit
wufsfis,wuf-sfis,wufs-fis
wufsfif,wuf-sfif,wufs-fif
wufsfix,wuf-sfix,wufs-fix
wufsfiC,wuf-sfiC,wufs-fiC
wufsfam,wuf-sfam,wufs-fam
wufsfab,wuf-sfab,wufs-fab
wufsfag,wuf-sfag,wufs-fag
wufsfat,wuf-sfat,wufs-fat
wufsfaf,wuf-sfaf,wufs-faf
wufsfax,wuf-sfax,wufs-fax
wufsfaC,wuf-sfaC,wufs-faC
wufsfal,wuf-sfal,wufs-fal
wufsfum,wuf-sfum,wufs-fum
wufsfub,wuf-sfub,wufs-fub
wufsfug,wuf-sfug,wufs-fug
wufsfut,wuf-sfut,wufs-fut
wufsfus,wuf-sfus,wufs-fus
wufsfuf,wuf-sfuf,wufs-fuf
wufsfux,wuf-sfux,wufs-fux
wufsfuC,wuf-sfuC,wufs-fuC
wufsvik,wuf-svik,wufs-vik
wufsvas,wuf-svas,wufs-vas
wufsvur,wuf-svur,wufs-vur
wufslim,wuf-slim,wufs-lim
wufslid,wuf-slid,wufs-lid
wufslig,wuf-slig,wufs-lig
wufslip,wuf-slip,wufs-lip
wufslis,wuf-slis,wufs-lis
wufslif,wuf-slif,wufs-lif
wufslix,wuf-slix,wufs-lix
wufsliC,wuf-sliC,wufs-liC
wufslad,wuf-slad,wufs-lad
wufslag,wuf-slag,wufs-lag
wufslap,wuf-slap,wufs-lap
wufslas,wuf-slas,wufs-las
wufslaf,wuf-slaf,wufs-laf
wufslax,wuf-slax,wufs-lax
wufslaC,wuf-slaC,wufs-laC
wufslal,wuf-slal,wufs-lal
wufslom,wuf-slom,wufs-lom
wufslud,wuf-slud,wufs-lud
wufslug,wuf-slug,wufs-lug
wufslup,wuf-slup,wufs-lup
wufslus,wuf-slus,wufs-lus
wufsluf,wuf-sluf,wufs-luf
wufslux,wuf-slux,wufs-lux
wufsluC,wuf-sluC,wufs-luC
wufslur,wuf-slur,wufs-lur
wuxtxal,wux-txal,wuxt-xal
wuxtxum,wux-txum,wuxt-xum
wuxtrin,wux-trin,wuxt-rin
wuxtrik,wux-trik,wuxt-rik
wuxtris,wux-tris,wuxt-ris
wuxtrif,wux-trif,wuxt-rif
wuxtriC,wux-triC,wuxt-riC
wuxtret,wux-tret,wuxt-ret
wuxtrab,wux-trab,wuxt-rab
wuxtrag,wux-trag,wuxt-rag
wuxtras,wux-tras,wuxt-ras
wuxtraf,wux-traf,wuxt-raf
wuxtraC,wux-traC,wuxt-raC
wuxtral,wux-tral,wuxt-ral
wuxtrot,wux-trot,wuxt-rot
wuxtrum,wux-trum,wuxt-rum
wuxtrub,wux-trub,wuxt-rub
wuxtrug,wux-trug,wuxt-rug
wuxtrus,wux-trus,wuxt-rus
wuxtruf,wux-truf,wuxt-ruf
wuxtrux,wux-trux,wuxt-rux
wuxtruC,wux-truC,wuxt-ruC
wuxtrul,wux-trul,wuxt-rul
wulblim,wul-blim,wulb-lim
wulbliz,wul-bliz,wulb-liz
wulblet,wul-blet,wulb-let
wulblab,wul-blab,wulb-lab
wulbloz,wul-bloz,wulb-loz
wulblof,wul-blof,wulb-lof
wulblor,wul-blor,wulb-lor
wulblum,wul-blum,wulb-lum
wulblub,wul-blub,wulb-lub
wulblut,wul-blut,wulb-lut
wulblux,wul-blux,wulb-lux
wulbrig,wul-brig,wulb-rig
wulbrif,wul-brif,wulb-rif
wulbrak,wul-brak,wulb-rak
wulbruk,wul-bruk,wulb-ruk
wulglip,wul-glip,wulg-lip
wulglix,wul-glix,wulg-lix
wulglen,wul-glen,wulg-len
wulgled,wul-gled,wulg-led
wulglez,wul-glez,wulg-lez
wulglav,wul-glav,wulg-lav
wulglaj,wul-glaj,wulg-laj
wulglob,wul-glob,wulg-lob
wulglot,wul-glot,wulg-lot
wulglok,wul-glok,wulg-lok
wulglor,wul-glor,wulg-lor
wulglux,wul-glux,wulg-lux
wulgriv,wul-griv,wulg-riv
wulgrac,wul-grac,wulg-rac
wulgroq,wul-groq,wulg-roq
wulgruv,wul-gruv,wulg-ruv
wultxal,wul-txal,wult-xal
wultxum,wul-txum,wult-xum
wultrin,wul-trin,wult-rin
wultrik,wul-trik,wult-rik
wultris,wul-tris,wult-ris
wultrif,wul-trif,wult-rif
wultriC,wul-triC,wult-riC
wultret,wul-tret,wult-ret
wultrab,wul-trab,wult-rab
wultrag,wul-trag,wult-rag
wultras,wul-tras,wult-ras
wultraf,wul-traf,wult-raf
wultraC,wul-traC,wult-raC
wultral,wul-tral,wult-ral
wultrot,wul-trot,wult-rot
wultrum,wul-trum,wult-rum
wultrub,wul-trub,wult-rub
wultrug,wul-trug,wult-rug
wultrus,wul-trus,wult-rus
wultruf,wul-truf,wult-ruf
wultrux,wul-trux,wult-rux
wultruC,wul-truC,wult-ruC
wultrul,wul-trul,wult-rul
wulsmin,wul-smin,wuls-min
wulsmib,wul-smib,wuls-mib
wulsmit,wul-smit,wuls-mit
wulsmis,wul-smis,wuls-mis
wulsmix,wul-smix,wuls-mix
wulsmiC,wul-smiC,wuls-miC
wulsmek,wul-smek,wuls-mek
wulsmad,wul-smad,wuls-mad
wulsmas,wul-smas,wuls-mas
wulsmaf,wul-smaf,wuls-maf
wulsmax,wul-smax,wuls-max
wulsmaC,wul-smaC,wuls-maC
wulsmal,wul-smal,wuls-mal
wulsmok,wul-smok,wuls-mok
wulsmub,wul-smub,wuls-mub
wulsmut,wul-smut,wuls-mut
wulsmus,wul-smus,wuls-mus
wulsmuf,wul-smuf,wuls-muf
wulsmux,wul-smux,wuls-mux
wulsmuC,wul-smuC,wuls-muC
wulsmul,wul-smul,wuls-mul
wulsnif,wul-snif,wuls-nif
wulsnap,wul-snap,wuls-nap
wulsnom,wul-snom,wuls-nom
wulspin,wul-spin,wuls-pin
wulspib,wul-spib,wuls-pib
wulspit,wul-spit,wuls-pit
wulspik,wul-spik,wuls-pik
wulspis,wul-spis,wuls-pis
wulspix,wul-spix,wuls-pix
wulspiC,wul-spiC,wuls-piC
wulspan,wul-span,wuls-pan
wulspak,wul-spak,wuls-pak
wulspas,wul-spas,wuls-pas
wulspof,wul-spof,wuls-pof
wulspum,wul-spum,wuls-pum
wulspug,wul-spug,wuls-pug
wulspus,wul-spus,wuls-pus
wulspul,wul-spul,wuls-pul
wulstef,wul-stef,wuls-tef
wulstab,wul-stab,wuls-tab
wulstat,wul-stat,wuls-tat
wulstal,wul-stal,wuls-tal
wulstoj,wul-stoj,wuls-toj
wulstud,wul-stud,wuls-tud
wulstup,wul-stup,wuls-tup
wulskim,wul-skim,wuls-kim
wulskib,wul-skib,wuls-kib
wulskig,wul-skig,wuls-kig
wulskit,wul-skit,wuls-kit
wulskis,wul-skis,wuls-kis
wulskif,wul-skif,wuls-kif
wulskix,wul-skix,wuls-kix
wulskiC,wul-skiC,wuls-kiC
wulskad,wul-skad,wuls-kad
wulskag,wul-skag,wuls-kag
wulskap,wul-skap,wuls-kap
wulskas,wul-skas,wuls-kas
wulskaf,wul-skaf,wuls-kaf
wulskax,wul-skax,wuls-kax
wulskaC,wul-skaC,wuls-kaC
wulskal,wul-skal,wuls-kal
wulskoq,wul-skoq,wuls-koq
wulskud,wul-skud,wuls-kud
wulskug,wul-skug,wuls-kug
wulskup,wul-skup,wuls-kup
wulskuz,wul-skuz,wuls-kuz
wulskuf,wul-skuf,wuls-kuf
wulskux,wul-skux,wuls-kux
wulskul,wul-skul,wuls-kul
wulsfim,wul-sfim,wuls-fim
wulsfib,wul-sfib,wuls-fib
wulsfit,wul-sfit,wuls-fit
wulsfis,wul-sfis,wuls-fis
wulsfif,wul-sfif,wuls-fif
wulsfix,wul-sfix,wuls-fix
wulsfiC,wul-sfiC,wuls-fiC
wulsfam,wul-sfam,wuls-fam
wulsfab,wul-sfab,wuls-fab
wulsfag,wul-sfag,wuls-fag
wulsfat,wul-sfat,wuls-fat
wulsfaf,wul-sfaf,wuls-faf
wulsfax,wul-sfax,wuls-fax
wulsfaC,wul-sfaC,wuls-faC
wulsfal,wul-sfal,wuls-fal
wulsfum,wul-sfum,wuls-fum
wulsfub,wul-sfub,wuls-fub
wulsfug,wul-sfug,wuls-fug
wulsfut,wul-sfut,wuls-fut
wulsfus,wul-sfus,wuls-fus
wulsfuf,wul-sfuf,wuls-fuf
wulsfux,wul-sfux,wuls-fux
wulsfuC,wul-sfuC,wuls-fuC
wulsvik,wul-svik,wuls-vik
wulsvas,wul-svas,wuls-vas
wulsvur,wul-svur,wuls-vur
wulslim,wul-slim,wuls-lim
wulslid,wul-slid,wuls-lid
wulslig,wul-slig,wuls-lig
wulslip,wul-slip,wuls-lip
wulslis,wul-slis,wuls-lis
wulslif,wul-slif,wuls-lif
wulslix,wul-slix,wuls-lix
wulsliC,wul-sliC,wuls-liC
wulslad,wul-slad,wuls-lad
wulslag,wul-slag,wuls-lag
wulslap,wul-slap,wuls-lap
wulslas,wul-slas,wuls-las
wulslaf,wul-slaf,wuls-laf
wulslax,wul-slax,wuls-lax
wulslaC,wul-slaC,wuls-laC
wulslal,wul-slal,wuls-lal
wulslom,wul-slom,wuls-lom
wulslud,wul-slud,wuls-lud
wulslug,wul-slug,wuls-lug
wulslup,wul-slup,wuls-lup
wulslus,wul-slus,wuls-lus
wulsluf,wul-sluf,wuls-luf
wulslux,wul-slux,wuls-lux
wulsluC,wul-sluC,wuls-luC
wulslur,wul-slur,wuls-lur
wulxnim,wul-xnim,wulx-nim
wulxnib,wul-xnib,wulx-nib
wulxnig,wul-xnig,wulx-nig
wulxnit,wul-xnit,wulx-nit
wulxnis,wul-xnis,wulx-nis
wulxnif,wul-xnif,wulx-nif
wulxnix,wul-xnix,wulx-nix
wulxniC,wul-xniC,wulx-niC
wulxnam,wul-xnam,wulx-nam
wulxnab,wul-xnab,wulx-nab
wulxnag,wul-xnag,wulx-nag
wulxnat,wul-xnat,wulx-nat
wulxnas,wul-xnas,wulx-nas
wulxnaf,wul-xnaf,wulx-naf
wulxnax,wul-xnax,wulx-nax
wulxnaC,wul-xnaC,wulx-naC
wulxnal,wul-xnal,wulx-nal
wulxnum,wul-xnum,wulx-num
wulxnub,wul-xnub,wulx-nub
wulxnug,wul-xnug,wulx-nug
wulxnut,wul-xnut,wulx-nut
wulxnus,wul-xnus,wulx-nus
wulxnuf,wul-xnuf,wulx-nuf
wulxnux,wul-xnux,wulx-nux
wulxnuC,wul-xnuC,wulx-nuC
wulxnul,wul-xnul,wulx-nul
wulxkim,wul-xkim,wulx-kim
wulxkib,wul-xkib,wulx-kib
wulxkig,wul-xkig,wulx-kig
wulxkit,wul-xkit,wulx-kit
wulxkis,wul-xkis,wulx-kis
wulxkif,wul-xkif,wulx-kif
wulxkix,wul-xkix,wulx-kix
wulxkiC,wul-xkiC,wulx-kiC
wulxkam,wul-xkam,wulx-kam
wulxkab,wul-xkab,wulx-kab
wulxkag,wul-xkag,wulx-kag
wulxkat,wul-xkat,wulx-kat
wulxkas,wul-xkas,wulx-kas
wulxkaf,wul-xkaf,wulx-kaf
wulxkax,wul-xkax,wulx-kax
wulxkaC,wul-xkaC,wulx-kaC
wulxkal,wul-xkal,wulx-kal
wulxkum,wul-xkum,wulx-kum
wulxkub,wul-xkub,wulx-kub
wulxkug,wul-xkug,wulx-kug
wulxkut,wul-xkut,wulx-kut
wulxkus,wul-xkus,wulx-kus
wulxkuf,wul-xkuf,wulx-kuf
wulxkux,wul-xkux,wulx-kux
wulxkuC,wul-xkuC,wulx-kuC
wulxkul,wul-xkul,wulx-kul
wulxlim,wul-xlim,wulx-lim
wulxlib,wul-xlib,wulx-lib
wulxlit,wul-xlit,wulx-lit
wulxlik,wul-xlik,wulx-lik
wulxlis,wul-xlis,wulx-lis
wulxlif,wul-xlif,wulx-lif
wulxlix,wul-xlix,wulx-lix
wulxliC,wul-xliC,wulx-liC
wulxlam,wul-xlam,wulx-lam
wulxlab,wul-xlab,wulx-lab
wulxlag,wul-xlag,wulx-lag
wulxlat,wul-xlat,wulx-lat
wulxlas,wul-xlas,wulx-las
wulxlav,wul-xlav,wulx-lav
wulxlax,wul-xlax,wulx-lax
wulxlal,wul-xlal,wulx-lal
wulxlum,wul-xlum,wulx-lum
wulxlub,wul-xlub,wulx-lub
wulxlug,wul-xlug,wulx-lug
wulxlut,wul-xlut,wulx-lut
wulxlus,wul-xlus,wulx-lus
wulxluf,wul-xluf,wulx-luf
wulxlux,wul-xlux,wulx-lux
wulxluC,wul-xluC,wulx-luC
wulxlul,wul-xlul,wulx-lul
limplib,lim-plib,limp-lib
limplix,lim-plix,limp-lix
limplan,lim-plan,limp-lan
limplax,lim-plax,limp-lax
lipflid,lip-flid,lipf-lid
lipflip,lip-flip,lipf-lip
lipflif,lip-flif,lipf-lif
lipflem,lip-flem,lipf-lem
lipflek,lip-flek,lipf-lek
lipfleC,lip-fleC,lipf-leC
lipflad,lip-flad,lipf-lad
lipflap,lip-flap,lipf-lap
lipflaf,lip-flaf,lipf-laf
lipflax,lip-flax,lipf-lax
lipflom,lip-flom,lipf-lom
lipflok,lip-flok,lipf-lok
lipflor,lip-flor,lipf-lor
lipflud,lip-flud,lipf-lud
lipflup,lip-flup,lipf-lup
lipfluz,lip-fluz,lipf-luz
lipfluf,lip-fluf,lipf-luf
lipflux,lip-flux,lipf-lux
lipfris,lip-fris,lipf-ris
lipfrix,lip-frix,lipf-rix
lipfras,lip-fras,lipf-ras
lipxnim,lip-xnim,lipx-nim
lipxnib,lip-xnib,lipx-nib
lipxnig,lip-xnig,lipx-nig
lipxnit,lip-xnit,lipx-nit
lipxnis,lip-xnis,lipx-nis
lipxnif,lip-xnif,lipx-nif
lipxnix,lip-xnix,lipx-nix
lipxniC,lip-xniC,lipx-niC
lipxnam,lip-xnam,lipx-nam
lipxnab,lip-xnab,lipx-nab
lipxnag,lip-xnag,lipx-nag
lipxnat,lip-xnat,lipx-nat
lipxnas,lip-xnas,lipx-nas
lipxnaf,lip-xnaf,lipx-naf
lipxnax,lip-xnax,lipx-nax
lipxnaC,lip-xnaC,lipx-naC
lipxnal,lip-xnal,lipx-nal
lipxnum,lip-xnum,lipx-num
lipxnub,lip-xnub,lipx-nub
lipxnug,lip-xnug,lipx-nug
lipxnut,lip-xnut,lipx-nut
lipxnus,lip-xnus,lipx-nus
lipxnuf,lip-xnuf,lipx-nuf
lipxnux,lip-xnux,lipx-nux
lipxnuC,lip-xnuC,lipx-nuC
lipxnul,lip-xnul,lipx-nul
lipxkim,lip-xkim,lipx-kim
lipxkib,lip-xkib,lipx-kib
lipxkig,lip-xkig,lipx-kig
lipxkit,lip-xkit,lipx-kit
lipxkis,lip-xkis,lipx-kis
lipxkif,lip-xkif,lipx-kif
lipxkix,lip-xkix,lipx-kix
lipxkiC,lip-xkiC,lipx-kiC
lipxkam,lip-xkam,lipx-kam
lipxkab,lip-xkab,lipx-kab
lipxkag,lip-xkag,lipx-kag
lipxkat,lip-xkat,lipx-kat
lipxkas,lip-xkas,lipx-kas
lipxkaf,lip-xkaf,lipx-kaf
lipxkax,lip-xkax,lipx-kax
lipxkaC,lip-xkaC,lipx-kaC
lipxkal,lip-xkal,lipx-kal
lipxkum,lip-xkum,lipx-kum
lipxkub,lip-xkub,lipx-kub
lipxkug,lip-xkug,lipx-kug
lipxkut,lip-xkut,lipx-kut
lipxkus,lip-xkus,lipx-kus
lipxkuf,lip-xkuf,lipx-kuf
lipxkux,lip-xkux,lipx-kux
lipxkuC,lip-xkuC,lipx-kuC
lipxkul,lip-xkul,lipx-kul
lipxlim,lip-xlim,lipx-lim
lipxlib,lip-xlib,lipx-lib
lipxlit,lip-xlit,lipx-lit
lipxlik,lip-xlik,lipx-lik
lipxlis,lip-xlis,lipx-lis
lipxlif,lip-xlif,lipx-lif
lipxlix,lip-xlix,lipx-lix
lipxliC,lip-xliC,lipx-liC
lipxlam,lip-xlam,lipx-lam
lipxlab,lip-xlab,lipx-lab
lipxlag,lip-xlag,lipx-lag
lipxlat,lip-xlat,lipx-lat
lipxlas,lip-xlas,lipx-las
lipxlav,lip-xlav,lipx-lav
lipxlax,lip-xlax,lipx-lax
lipxlal,lip-xlal,lipx-lal
lipxlum,lip-xlum,lipx-lum
lipxlub,lip-xlub,lipx-lub
lipxlug,lip-xlug,lipx-lug
lipxlut,lip-xlut,lipx-lut
lipxlus,lip-xlus,lipx-lus
lipxluf,lip-xluf,lipx-luf
lipxlux,lip-xlux,lipx-lux
lipxluC,lip-xluC,lipx-luC
lipxlul,lip-xlul,lipx-lul
likxnim,lik-xnim,likx-nim
likxnib,lik-xnib,likx-nib
likxnig,lik-xnig,likx-nig
likxnit,lik-xnit,likx-nit
likxnis,lik-xnis,likx-nis
likxnif,lik-xnif,likx-nif
likxnix,lik-xnix,likx-nix
likxniC,lik-xniC,likx-niC
likxnam,lik-xnam,likx-nam
likxnab,lik-xnab,likx-nab
likxnag,lik-xnag,likx-nag
likxnat,lik-xnat,likx-nat
likxnas,lik-xnas,likx-nas
likxnaf,lik-xnaf,likx-naf
likxnax,lik-xnax,likx-nax
likxnaC,lik-xnaC,likx-naC
likxnal,lik-xnal,likx-nal
likxnum,lik-xnum,likx-num
likxnub,lik-xnub,likx-nub
likxnug,lik-xnug,likx-nug
likxnut,lik-xnut,likx-nut
likxnus,lik-xnus,likx-nus
likxnuf,lik-xnuf,likx-nuf
likxnux,lik-xnux,likx-nux
likxnuC,lik-xnuC,likx-nuC
likxnul,lik-xnul,likx-nul
likxkim,lik-xkim,likx-kim
likxkib,lik-xkib,likx-kib
likxkig,lik-xkig,likx-kig
likxkit,lik-xkit,likx-kit
likxkis,lik-xkis,likx-kis
likxkif,lik-xkif,likx-kif
likxkix,lik-xkix,likx-kix
likxkiC,lik-xkiC,likx-kiC
likxkam,lik-xkam,likx-kam
likxkab,lik-xkab,likx-kab
likxkag,lik-xkag,likx-kag
likxkat,lik-xkat,likx-kat
likxkas,lik-xkas,likx-kas
likxkaf,lik-xkaf,likx-kaf
likxkax,lik-xkax,likx-kax
likxkaC,lik-xkaC,likx-kaC
likxkal,lik-xkal,likx-kal
likxkum,lik-xkum,likx-kum
likxkub,lik-xkub,likx-kub
likxkug,lik-xkug,likx-kug
likxkut,lik-xkut,likx-kut
likxkus,lik-xkus,likx-kus
likxkuf,lik-xkuf,likx-kuf
likxkux,lik-xkux,likx-kux
likxkuC,lik-xkuC,likx-kuC
likxkul,lik-xkul,likx-kul
likxlim,lik-xlim,likx-lim
likxlib,lik-xlib,likx-lib
likxlit,lik-xlit,likx-lit
likxlik,lik-xlik,likx-lik
likxlis,lik-xlis,likx-lis
likxlif,lik-xlif,likx-lif
likxlix,lik-xlix,likx-lix
likxliC,lik-xliC,likx-liC
likxlam,lik-xlam,likx-lam
likxlab,lik-xlab,likx-lab
likxlag,lik-xlag,likx-lag
likxlat,lik-xlat,likx-lat
likxlas,lik-xlas,likx-las
likxlav,lik-xlav,likx-lav
likxlax,lik-xlax,likx-lax
likxlal,lik-xlal,likx-lal
likxlum,lik-xlum,likx-lum
likxlub,lik-xlub,likx-lub
likxlug,lik-xlug,likx-lug
likxlut,lik-xlut,likx-lut
likxlus,lik-xlus,likx-lus
likxluf,lik-xluf,likx-luf
likxlux,lik-xlux,likx-lux
likxluC,lik-xluC,likx-luC
likxlul,lik-xlul,likx-lul
listxal,lis-txal,list-xal
listxum,lis-txum,list-xum
listrin,lis-trin,list-rin
listrik,lis-trik,list-rik
listris,lis-tris,list-ris
listrif,lis-trif,list-rif
listriC,lis-triC,list-riC
listret,lis-tret,list-ret
listrab,lis-trab,list-rab
listrag,lis-trag,list-rag
listras,lis-tras,list-ras
listraf,lis-traf,list-raf
listraC,lis-traC,list-raC
listral,lis-tral,list-ral
listrot,lis-trot,list-rot
listrum,lis-trum,list-rum
listrub,lis-trub,list-rub
listrug,lis-trug,list-rug
listrus,lis-trus,list-rus
listruf,lis-truf,list-ruf
listrux,lis-trux,list-rux
listruC,lis-truC,list-ruC
listrul,lis-trul,list-rul
liftxal,lif-txal,lift-xal
liftxum,lif-txum,lift-xum
liftrin,lif-trin,lift-rin
liftrik,lif-trik,lift-rik
liftris,lif-tris,lift-ris
liftrif,lif-trif,lift-rif
liftriC,lif-triC,lift-riC
liftret,lif-tret,lift-ret
liftrab,lif-trab,lift-rab
liftrag,lif-trag,lift-rag
liftras,lif-tras,lift-ras
liftraf,lif-traf,lift-raf
liftraC,lif-traC,lift-raC
liftral,lif-tral,lift-ral
liftrot,lif-trot,lift-rot
liftrum,lif-trum,lift-rum
liftrub,lif-trub,lift-rub
liftrug,lif-trug,lift-rug
liftrus,lif-trus,lift-rus
liftruf,lif-truf,lift-ruf
liftrux,lif-trux,lift-rux
liftruC,lif-truC,lift-ruC
liftrul,lif-trul,lift-rul
lifsmin,lif-smin,lifs-min
lifsmib,lif-smib,lifs-mib
lifsmit,lif-smit,lifs-mit
lifsmis,lif-smis,lifs-mis
lifsmix,lif-smix,lifs-mix
lifsmiC,lif-smiC,lifs-miC
lifsmek,lif-smek,lifs-mek
lifsmad,lif-smad,lifs-mad
lifsmas,lif-smas,lifs-mas
lifsmaf,lif-smaf,lifs-maf
lifsmax,lif-smax,lifs-max
lifsmaC,lif-smaC,lifs-maC
lifsmal,lif-smal,lifs-mal
lifsmok,lif-smok,lifs-mok
lifsmub,lif-smub,lifs-mub
lifsmut,lif-smut,lifs-mut
lifsmus,lif-smus,lifs-mus
lifsmuf,lif-smuf,lifs-muf
lifsmux,lif-smux,lifs-mux
lifsmuC,lif-smuC,lifs-muC
lifsmul,lif-smul,lifs-mul
lifsnif,lif-snif,lifs-nif
lifsnap,lif-snap,lifs-nap
lifsnom,lif-snom,lifs-nom
lifspin,lif-spin,lifs-pin
lifspib,lif-spib,lifs-pib
lifspit,lif-spit,lifs-pit
lifspik,lif-spik,lifs-pik
lifspis,lif-spis,lifs-pis
lifspix,lif-spix,lifs-pix
lifspiC,lif-spiC,lifs-piC
lifspan,lif-span,lifs-pan
lifspak,lif-spak,lifs-pak
lifspas,lif-spas,lifs-pas
lifspof,lif-spof,lifs-pof
lifspum,lif-spum,lifs-pum
lifspug,lif-spug,lifs-pug
lifspus,lif-spus,lifs-pus
lifspul,lif-spul,lifs-pul
lifstef,lif-stef,lifs-tef
lifstab,lif-stab,lifs-tab
lifstat,lif-stat,lifs-tat
lifstal,lif-stal,lifs-tal
lifstoj,lif-stoj,lifs-toj
lifstud,lif-stud,lifs-tud
lifstup,lif-stup,lifs-tup
lifskim,lif-skim,lifs-kim
lifskib,lif-skib,lifs-kib
lifskig,lif-skig,lifs-kig
lifskit,lif-skit,lifs-kit
lifskis,lif-skis,lifs-kis
lifskif,lif-skif,lifs-kif
lifskix,lif-skix,lifs-kix
lifskiC,lif-skiC,lifs-kiC
lifskad,lif-skad,lifs-kad
lifskag,lif-skag,lifs-kag
lifskap,lif-skap,lifs-kap
lifskas,lif-skas,lifs-kas
lifskaf,lif-skaf,lifs-kaf
lifskax,lif-skax,lifs-kax
lifskaC,lif-skaC,lifs-kaC
lifskal,lif-skal,lifs-kal
lifskoq,lif-skoq,lifs-koq
lifskud,lif-skud,lifs-kud
lifskug,lif-skug,lifs-kug
lifskup,lif-skup,lifs-kup
lifskuz,lif-skuz,lifs-kuz
lifskuf,lif-skuf,lifs-kuf
lifskux,lif-skux,lifs-kux
lifskul,lif-skul,lifs-kul
lifsfim,lif-sfim,lifs-fim
lifsfib,lif-sfib,lifs-fib
lifsfit,lif-sfit,lifs-fit
lifsfis,lif-sfis,lifs-fis
lifsfif,lif-sfif,lifs-fif
lifsfix,lif-sfix,lifs-fix
lifsfiC,lif-sfiC,lifs-fiC
lifsfam,lif-sfam,lifs-fam
lifsfab,lif-sfab,lifs-fab
lifsfag,lif-sfag,lifs-fag
lifsfat,lif-sfat,lifs-fat
lifsfaf,lif-sfaf,lifs-faf
lifsfax,lif-sfax,lifs-fax
lifsfaC,lif-sfaC,lifs-faC
lifsfal,lif-sfal,lifs-fal
lifsfum,lif-sfum,lifs-fum
lifsfub,lif-sfub,lifs-fub
lifsfug,lif-sfug,lifs-fug
lifsfut,lif-sfut,lifs-fut
lifsfus,lif-sfus,lifs-fus
lifsfuf,lif-sfuf,lifs-fuf
lifsfux,lif-sfux,lifs-fux
lifsfuC,lif-sfuC,lifs-fuC
lifsvik,lif-svik,lifs-vik
lifsvas,lif-svas,lifs-vas
lifsvur,lif-svur,lifs-vur
lifslim,lif-slim,lifs-lim
lifslid,lif-slid,lifs-lid
lifslig,lif-slig,lifs-lig
lifslip,lif-slip,lifs-lip
lifslis,lif-slis,lifs-lis
lifslif,lif-slif,lifs-lif
lifslix,lif-slix,lifs-lix
lifsliC,lif-sliC,lifs-liC
lifslad,lif-slad,lifs-lad
lifslag,lif-slag,lifs-lag
lifslap,lif-slap,lifs-lap
lifslas,lif-slas,lifs-las
lifslaf,lif-slaf,lifs-laf
lifslax,lif-slax,lifs-lax
lifslaC,lif-slaC,lifs-laC
lifslal,lif-slal,lifs-lal
lifslom,lif-slom,lifs-lom
lifslud,lif-slud,lifs-lud
lifslug,lif-slug,lifs-lug
lifslup,lif-slup,lifs-lup
lifslus,lif-slus,lifs-lus
lifsluf,lif-sluf,lifs-luf
lifslux,lif-slux,lifs-lux
lifsluC,lif-sluC,lifs-luC
lifslur,lif-slur,lifs-lur
lixtxal,lix-txal,lixt-xal
lixtxum,lix-txum,lixt-xum
lixtrin,lix-trin,lixt-rin
lixtrik,lix-trik,lixt-rik
lixtris,lix-tris,lixt-ris
lixtrif,lix-trif,lixt-rif
lixtriC,lix-triC,lixt-riC
lixtret,lix-tret,lixt-ret
lixtrab,lix-trab,lixt-rab
lixtrag,lix-trag,lixt-rag
lixtras,lix-tras,lixt-ras
lixtraf,lix-traf,lixt-raf
lixtraC,lix-traC,lixt-raC
lixtral,lix-tral,lixt-ral
lixtrot,lix-trot,lixt-rot
lixtrum,lix-trum,lixt-rum
lixtrub,lix-trub,lixt-rub
lixtrug,lix-trug,lixt-rug
lixtrus,lix-trus,lixt-rus
lixtruf,lix-truf,lixt-ruf
lixtrux,lix-trux,lixt-rux
lixtruC,lix-truC,lixt-ruC
lixtrul,lix-trul,lixt-rul
laqksim,laq-ksim,laqk-sim
laqksib,laq-ksib,laqk-sib
laqksig,laq-ksig,laqk-sig
laqksit,laq-ksit,laqk-sit
laqksis,laq-ksis,laqk-sis
laqksif,laq-ksif,laqk-sif
laqksix,laq-ksix,laqk-six
laqksiC,laq-ksiC,laqk-siC
laqksam,laq-ksam,laqk-sam
laqksab,laq-ksab,laqk-sab
laqksag,laq-ksag,laqk-sag
laqksat,laq-ksat,laqk-sat
laqksas,laq-ksas,laqk-sas
laqksaf,laq-ksaf,laqk-saf
laqksax,laq-ksax,laqk-sax
laqksaC,laq-ksaC,laqk-saC
laqksal,laq-ksal,laqk-sal
laqksum,laq-ksum,laqk-sum
laqksub,laq-ksub,laqk-sub
laqksug,laq-ksug,laqk-sug
laqksut,laq-ksut,laqk-sut
laqksus,laq-ksus,laqk-sus
laqksuf,laq-ksuf,laqk-suf
laqksux,laq-ksux,laqk-sux
laqksuC,laq-ksuC,laqk-suC
laqksul,laq-ksul,laqk-sul
laqklek,laq-klek,laqk-lek
laqkloz,laq-kloz,laqk-loz
lapflid,lap-flid,lapf-lid
lapflip,lap-flip,lapf-lip
lapflif,lap-flif,lapf-lif
lapflem,lap-flem,lapf-lem
lapflek,lap-flek,lapf-lek
lapfleC,lap-fleC,lapf-leC
lapflad,lap-flad,lapf-lad
lapflap,lap-flap,lapf-lap
lapflaf,lap-flaf,lapf-laf
lapflax,lap-flax,lapf-lax
lapflom,lap-flom,lapf-lom
lapflok,lap-flok,lapf-lok
lapflor,lap-flor,lapf-lor
lapflud,lap-flud,lapf-lud
lapflup,lap-flup,lapf-lup
lapfluz,lap-fluz,lapf-luz
lapfluf,lap-fluf,lapf-luf
lapflux,lap-flux,lapf-lux
lapfris,lap-fris,lapf-ris
lapfrix,lap-frix,lapf-rix
lapfras,lap-fras,lapf-ras
lapxnim,lap-xnim,lapx-nim
lapxnib,lap-xnib,lapx-nib
lapxnig,lap-xnig,lapx-nig
lapxnit,lap-xnit,lapx-nit
lapxnis,lap-xnis,lapx-nis
lapxnif,lap-xnif,lapx-nif
lapxnix,lap-xnix,lapx-nix
lapxniC,lap-xniC,lapx-niC
lapxnam,lap-xnam,lapx-nam
lapxnab,lap-xnab,lapx-nab
lapxnag,lap-xnag,lapx-nag
lapxnat,lap-xnat,lapx-nat
lapxnas,lap-xnas,lapx-nas
lapxnaf,lap-xnaf,lapx-naf
lapxnax,lap-xnax,lapx-nax
lapxnaC,lap-xnaC,lapx-naC
lapxnal,lap-xnal,lapx-nal
lapxnum,lap-xnum,lapx-num
lapxnub,lap-xnub,lapx-nub
lapxnug,lap-xnug,lapx-nug
lapxnut,lap-xnut,lapx-nut
lapxnus,lap-xnus,lapx-nus
lapxnuf,lap-xnuf,lapx-nuf
lapxnux,lap-xnux,lapx-nux
lapxnuC,lap-xnuC,lapx-nuC
lapxnul,lap-xnul,lapx-nul
lapxkim,lap-xkim,lapx-kim
lapxkib,lap-xkib,lapx-kib
lapxkig,lap-xkig,lapx-kig
lapxkit,lap-xkit,lapx-kit
lapxkis,lap-xkis,lapx-kis
lapxkif,lap-xkif,lapx-kif
lapxkix,lap-xkix,lapx-kix
lapxkiC,lap-xkiC,lapx-kiC
lapxkam,lap-xkam,lapx-kam
lapxkab,lap-xkab,lapx-kab
lapxkag,lap-xkag,lapx-kag
lapxkat,lap-xkat,lapx-kat
lapxkas,lap-xkas,lapx-kas
lapxkaf,lap-xkaf,lapx-kaf
lapxkax,lap-xkax,lapx-kax
lapxkaC,lap-xkaC,lapx-kaC
lapxkal,lap-xkal,lapx-kal
lapxkum,lap-xkum,lapx-kum
lapxkub,lap-xkub,lapx-kub
lapxkug,lap-xkug,lapx-kug
lapxkut,lap-xkut,lapx-kut
lapxkus,lap-xkus,lapx-kus
lapxkuf,lap-xkuf,lapx-kuf
lapxkux,lap-xkux,lapx-kux
lapxkuC,lap-xkuC,lapx-kuC
lapxkul,lap-xkul,lapx-kul
lapxlim,lap-xlim,lapx-lim
lapxlib,lap-xlib,lapx-lib
lapxlit,lap-xlit,lapx-lit
lapxlik,lap-xlik,lapx-lik
lapxlis,lap-xlis,lapx-lis
lapxlif,lap-xlif,lapx-lif
lapxlix,lap-xlix,lapx-lix
lapxliC,lap-xliC,lapx-liC
lapxlam,lap-xlam,lapx-lam
lapxlab,lap-xlab,lapx-lab
lapxlag,lap-xlag,lapx-lag
lapxlat,lap-xlat,lapx-lat
lapxlas,lap-xlas,lapx-las
lapxlav,lap-xlav,lapx-lav
lapxlax,lap-xlax,lapx-lax
lapxlal,lap-xlal,lapx-lal
lapxlum,lap-xlum,lapx-lum
lapxlub,lap-xlub,lapx-lub
lapxlug,lap-xlug,lapx-lug
lapxlut,lap-xlut,lapx-lut
lapxlus,lap-xlus,lapx-lus
lapxluf,lap-xluf,lapx-luf
lapxlux,lap-xlux,lapx-lux
lapxluC,lap-xluC,lapx-luC
lapxlul,lap-xlul,lapx-lul
lakxnim,lak-xnim,lakx-nim
lakxnib,lak-xnib,lakx-nib
lakxnig,lak-xnig,lakx-nig
lakxnit,lak-xnit,lakx-nit
lakxnis,lak-xnis,lakx-nis
lakxnif,lak-xnif,lakx-nif
lakxnix,lak-xnix,lakx-nix
lakxniC,lak-xniC,lakx-niC
lakxnam,lak-xnam,lakx-nam
lakxnab,lak-xnab,lakx-nab
lakxnag,lak-xnag,lakx-nag
lakxnat,lak-xnat,lakx-nat
lakxnas,lak-xnas,lakx-nas
lakxnaf,lak-xnaf,lakx-naf
lakxnax,lak-xnax,lakx-nax
lakxnaC,lak-xnaC,lakx-naC
lakxnal,lak-xnal,lakx-nal
lakxnum,lak-xnum,lakx-num
lakxnub,lak-xnub,lakx-nub
lakxnug,lak-xnug,lakx-nug
lakxnut,lak-xnut,lakx-nut
lakxnus,lak-xnus,lakx-nus
lakxnuf,lak-xnuf,lakx-nuf
lakxnux,lak-xnux,lakx-nux
lakxnuC,lak-xnuC,lakx-nuC
lakxnul,lak-xnul,lakx-nul
lakxkim,lak-xkim,lakx-kim
lakxkib,lak-xkib,lakx-kib
lakxkig,lak-xkig,lakx-kig
lakxkit,lak-xkit,lakx-kit
lakxkis,lak-xkis,lakx-kis
lakxkif,lak-xkif,lakx-kif
lakxkix,lak-xkix,lakx-kix
lakxkiC,lak-xkiC,lakx-kiC
lakxkam,lak-xkam,lakx-kam
lakxkab,lak-xkab,lakx-kab
lakxkag,lak-xkag,lakx-kag
lakxkat,lak-xkat,lakx-kat
lakxkas,lak-xkas,lakx-kas
lakxkaf,lak-xkaf,lakx-kaf
lakxkax,lak-xkax,lakx-kax
lakxkaC,lak-xkaC,lakx-kaC
lakxkal,lak-xkal,lakx-kal
lakxkum,lak-xkum,lakx-kum
lakxkub,lak-xkub,lakx-kub
lakxkug,lak-xkug,lakx-kug
lakxkut,lak-xkut,lakx-kut
lakxkus,lak-xkus,lakx-kus
lakxkuf,lak-xkuf,lakx-kuf
lakxkux,lak-xkux,lakx-kux
lakxkuC,lak-xkuC,lakx-kuC
lakxkul,lak-xkul,lakx-kul
lakxlim,lak-xlim,lakx-lim
lakxlib,lak-xlib,lakx-lib
lakxlit,lak-xlit,lakx-lit
lakxlik,lak-xlik,lakx-lik
lakxlis,lak-xlis,lakx-lis
lakxlif,lak-xlif,lakx-lif
lakxlix,lak-xlix,lakx-lix
lakxliC,lak-xliC,lakx-liC
lakxlam,lak-xlam,lakx-lam
lakxlab,lak-xlab,lakx-lab
lakxlag,lak-xlag,lakx-lag
lakxlat,lak-xlat,lakx-lat
lakxlas,lak-xlas,lakx-las
lakxlav,lak-xlav,lakx-lav
lakxlax,lak-xlax,lakx-lax
lakxlal,lak-xlal,lakx-lal
lakxlum,lak-xlum,lakx-lum
lakxlub,lak-xlub,lakx-lub
lakxlug,lak-xlug,lakx-lug
lakxlut,lak-xlut,lakx-lut
lakxlus,lak-xlus,lakx-lus
lakxluf,lak-xluf,lakx-luf
lakxlux,lak-xlux,lakx-lux
lakxluC,lak-xluC,lakx-luC
lakxlul,lak-xlul,lakx-lul
lastxal,las-txal,last-xal
lastxum,las-txum,last-xum
lastrin,las-trin,last-rin
lastrik,las-trik,last-rik
lastris,las-tris,last-ris
lastrif,las-trif,last-rif
lastriC,las-triC,last-riC
lastret,las-tret,last-ret
lastrab,las-trab,last-rab
lastrag,las-trag,last-rag
lastras,las-tras,last-ras
lastraf,las-traf,last-raf
lastraC,las-traC,last-raC
lastral,las-tral,last-ral
lastrot,las-trot,last-rot
lastrum,las-trum,last-rum
lastrub,las-trub,last-rub
lastrug,las-trug,last-rug
lastrus,las-trus,last-rus
lastruf,las-truf,last-ruf
lastrux,las-trux,last-rux
lastruC,las-truC,last-ruC
lastrul,las-trul,last-rul
laftxal,laf-txal,laft-xal
laftxum,laf-txum,laft-xum
laftrin,laf-trin,laft-rin
laftrik,laf-trik,laft-rik
laftris,laf-tris,laft-ris
laftrif,laf-trif,laft-rif
laftriC,laf-triC,laft-riC
laftret,laf-tret,laft-ret
laftrab,laf-trab,laft-rab
laftrag,laf-trag,laft-rag
laftras,laf-tras,laft-ras
laftraf,laf-traf,laft-raf
laftraC,laf-traC,laft-raC
laftral,laf-tral,laft-ral
laftrot,laf-trot,laft-rot
laftrum,laf-trum,laft-rum
laftrub,laf-trub,laft-rub
laftrug,laf-trug,laft-rug
laftrus,laf-trus,laft-rus
laftruf,laf-truf,laft-ruf
laftrux,laf-trux,laft-rux
laftruC,laf-truC,laft-ruC
laftrul,laf-trul,laft-rul
lafsmin,laf-smin,lafs-min
lafsmib,laf-smib,lafs-mib
lafsmit,laf-smit,lafs-mit
lafsmis,laf-smis,lafs-mis
lafsmix,laf-smix,lafs-mix
lafsmiC,laf-smiC,lafs-miC
lafsmek,laf-smek,lafs-mek
lafsmad,laf-smad,lafs-mad
lafsmas,laf-smas,lafs-mas
lafsmaf,laf-smaf,lafs-maf
lafsmax,laf-smax,lafs-max
lafsmaC,laf-smaC,lafs-maC
lafsmal,laf-smal,lafs-mal
lafsmok,laf-smok,lafs-mok
lafsmub,laf-smub,lafs-mub
lafsmut,laf-smut,lafs-mut
lafsmus,laf-smus,lafs-mus
lafsmuf,laf-smuf,lafs-muf
lafsmux,laf-smux,lafs-mux
lafsmuC,laf-smuC,lafs-muC
lafsmul,laf-smul,lafs-mul
lafsnif,laf-snif,lafs-nif
lafsnap,laf-snap,lafs-nap
lafsnom,laf-snom,lafs-nom
lafspin,laf-spin,lafs-pin
lafspib,laf-spib,lafs-pib
lafspit,laf-spit,lafs-pit
lafspik,laf-spik,lafs-pik
lafspis,laf-spis,lafs-pis
lafspix,laf-spix,lafs-pix
lafspiC,laf-spiC,lafs-piC
lafspan,laf-span,lafs-pan
lafspak,laf-spak,lafs-pak
lafspas,laf-spas,lafs-pas
lafspof,laf-spof,lafs-pof
lafspum,laf-spum,lafs-pum
lafspug,laf-spug,lafs-pug
lafspus,laf-spus,lafs-pus
lafspul,laf-spul,lafs-pul
lafstef,laf-stef,lafs-tef
lafstab,laf-stab,lafs-tab
lafstat,laf-stat,lafs-tat
lafstal,laf-stal,lafs-tal
lafstoj,laf-stoj,lafs-toj
lafstud,laf-stud,lafs-tud
lafstup,laf-stup,lafs-tup
lafskim,laf-skim,lafs-kim
lafskib,laf-skib,lafs-kib
lafskig,laf-skig,lafs-kig
lafskit,laf-skit,lafs-kit
lafskis,laf-skis,lafs-kis
lafskif,laf-skif,lafs-kif
lafskix,laf-skix,lafs-kix
lafskiC,laf-skiC,lafs-kiC
lafskad,laf-skad,lafs-kad
lafskag,laf-skag,lafs-kag
lafskap,laf-skap,lafs-kap
lafskas,laf-skas,lafs-kas
lafskaf,laf-skaf,lafs-kaf
lafskax,laf-skax,lafs-kax
lafskaC,laf-skaC,lafs-kaC
lafskal,laf-skal,lafs-kal
lafskoq,laf-skoq,lafs-koq
lafskud,laf-skud,lafs-kud
lafskug,laf-skug,lafs-kug
lafskup,laf-skup,lafs-kup
lafskuz,laf-skuz,lafs-kuz
lafskuf,laf-skuf,lafs-kuf
lafskux,laf-skux,lafs-kux
lafskul,laf-skul,lafs-kul
lafsfim,laf-sfim,lafs-fim
lafsfib,laf-sfib,lafs-fib
lafsfit,laf-sfit,lafs-fit
lafsfis,laf-sfis,lafs-fis
lafsfif,laf-sfif,lafs-fif
lafsfix,laf-sfix,lafs-fix
lafsfiC,laf-sfiC,lafs-fiC
lafsfam,laf-sfam,lafs-fam
lafsfab,laf-sfab,lafs-fab
lafsfag,laf-sfag,lafs-fag
lafsfat,laf-sfat,lafs-fat
lafsfaf,laf-sfaf,lafs-faf
lafsfax,laf-sfax,lafs-fax
lafsfaC,laf-sfaC,lafs-faC
lafsfal,laf-sfal,lafs-fal
lafsfum,laf-sfum,lafs-fum
lafsfub,laf-sfub,lafs-fub
lafsfug,laf-sfug,lafs-fug
lafsfut,laf-sfut,lafs-fut
lafsfus,laf-sfus,lafs-fus
lafsfuf,laf-sfuf,lafs-fuf
lafsfux,laf-sfux,lafs-fux
lafsfuC,laf-sfuC,lafs-fuC
lafsvik,laf-svik,lafs-vik
lafsvas,laf-svas,lafs-vas
lafsvur,laf-svur,lafs-vur
lafslim,laf-slim,lafs-lim
lafslid,laf-slid,lafs-lid
lafslig,laf-slig,lafs-lig
lafslip,laf-slip,lafs-lip
lafslis,laf-slis,lafs-lis
lafslif,laf-slif,lafs-lif
lafslix,laf-slix,lafs-lix
lafsliC,laf-sliC,lafs-liC
lafslad,laf-slad,lafs-lad
lafslag,laf-slag,lafs-lag
lafslap,laf-slap,lafs-lap
lafslas,laf-slas,lafs-las
lafslaf,laf-slaf,lafs-laf
lafslax,laf-slax,lafs-lax
lafslaC,laf-slaC,lafs-laC
lafslal,laf-slal,lafs-lal
lafslom,laf-slom,lafs-lom
lafslud,laf-slud,lafs-lud
lafslug,laf-slug,lafs-lug
lafslup,laf-slup,lafs-lup
lafslus,laf-slus,lafs-lus
lafsluf,laf-sluf,lafs-luf
lafslux,laf-slux,lafs-lux
lafsluC,laf-sluC,lafs-luC
lafslur,laf-slur,lafs-lur
laxtxal,lax-txal,laxt-xal
laxtxum,lax-txum,laxt-xum
laxtrin,lax-trin,laxt-rin
laxtrik,lax-trik,laxt-rik
laxtris,lax-tris,laxt-ris
laxtrif,lax-trif,laxt-rif
laxtriC,lax-triC,laxt-riC
laxtret,lax-tret,laxt-ret
laxtrab,lax-trab,laxt-rab
laxtrag,lax-trag,laxt-rag
laxtras,lax-tras,laxt-ras
laxtraf,lax-traf,laxt-raf
laxtraC,lax-traC,laxt-raC
laxtral,lax-tral,laxt-ral
laxtrot,lax-trot,laxt-rot
laxtrum,lax-trum,laxt-rum
laxtrub,lax-trub,laxt-rub
laxtrug,lax-trug,laxt-rug
laxtrus,lax-trus,laxt-rus
laxtruf,lax-truf,laxt-ruf
laxtrux,lax-trux,laxt-rux
laxtruC,lax-truC,laxt-ruC
laxtrul,lax-trul,laxt-rul
laldjin,lal-djin,lald-jin
laldjid,lal-djid,lald-jid
laldjip,lal-djip,lald-jip
laldjiz,lal-djiz,lald-jiz
laldjif,lal-djif,lald-jif
laldjix,lal-djix,lald-jix
laldjek,lal-djek,lald-jek
laldjam,lal-djam,lald-jam
laldjab,lal-djab,lald-jab
laldjat,lal-djat,lald-jat
laldjas,lal-djas,lald-jas
laldjaf,lal-djaf,lald-jaf
laldjax,lal-djax,lald-jax
laldjaC,lal-djaC,lald-jaC
laldjok,lal-djok,lald-jok
laldjud,lal-djud,lald-jud
laldjup,lal-djup,lald-jup
laldjus,lal-djus,lald-jus
laldjuf,lal-djuf,lald-juf
laldjux,lal-djux,lald-jux
laldjuC,lal-djuC,lald-juC
laldjul,lal-djul,lald-jul
laldrib,lal-drib,lald-rib
laldrix,lal-drix,lald-rix
laldram,lal-dram,lald-ram
laldrax,lal-drax,lald-rax
lalsmin,lal-smin,lals-min
lalsmib,lal-smib,lals-mib
lalsmit,lal-smit,lals-mit
lalsmis,lal-smis,lals-mis
lalsmix,lal-smix,lals-mix
lalsmiC,lal-smiC,lals-miC
lalsmek,lal-smek,lals-mek
lalsmad,lal-smad,lals-mad
lalsmas,lal-smas,lals-mas
lalsmaf,lal-smaf,lals-maf
lalsmax,lal-smax,lals-max
lalsmaC,lal-smaC,lals-maC
lalsmal,lal-smal,lals-mal
lalsmok,lal-smok,lals-mok
lalsmub,lal-smub,lals-mub
lalsmut,lal-smut,lals-mut
lalsmus,lal-smus,lals-mus
lalsmuf,lal-smuf,lals-muf
lalsmux,lal-smux,lals-mux
lalsmuC,lal-smuC,lals-muC
lalsmul,lal-smul,lals-mul
lalsnif,lal-snif,lals-nif
lalsnap,lal-snap,lals-nap
lalsnom,lal-snom,lals-nom
lalspin,lal-spin,lals-pin
lalspib,lal-spib,lals-pib
lalspit,lal-spit,lals-pit
lalspik,lal-spik,lals-pik
lalspis,lal-spis,lals-pis
lalspix,lal-spix,lals-pix
lalspiC,lal-spiC,lals-piC
lalspan,lal-span,lals-pan
lalspak,lal-spak,lals-pak
lalspas,lal-spas,lals-pas
lalspof,lal-spof,lals-pof
lalspum,lal-spum,lals-pum
lalspug,lal-spug,lals-pug
lalspus,lal-spus,lals-pus
lalspul,lal-spul,lals-pul
lalstef,lal-stef,lals-tef
lalstab,lal-stab,lals-tab
lalstat,lal-stat,lals-tat
lalstal,lal-stal,lals-tal
lalstoj,lal-stoj,lals-toj
lalstud,lal-stud,lals-tud
lalstup,lal-stup,lals-tup
lalskim,lal-skim,lals-kim
lalskib,lal-skib,lals-kib
lalskig,lal-skig,lals-kig
lalskit,lal-skit,lals-kit
lalskis,lal-skis,lals-kis
lalskif,lal-skif,lals-kif
lalskix,lal-skix,lals-kix
lalskiC,lal-skiC,lals-kiC
lalskad,lal-skad,lals-kad
lalskag,lal-skag,lals-kag
lalskap,lal-skap,lals-kap
lalskas,lal-skas,lals-kas
lalskaf,lal-skaf,lals-kaf
lalskax,lal-skax,lals-kax
lalskaC,lal-skaC,lals-kaC
lalskal,lal-skal,lals-kal
lalskoq,lal-skoq,lals-koq
lalskud,lal-skud,lals-kud
lalskug,lal-skug,lals-kug
lalskup,lal-skup,lals-kup
lalskuz,lal-skuz,lals-kuz
lalskuf,lal-skuf,lals-kuf
lalskux,lal-skux,lals-kux
lalskul,lal-skul,lals-kul
lalsfim,lal-sfim,lals-fim
lalsfib,lal-sfib,lals-fib
lalsfit,lal-sfit,lals-fit
lalsfis,lal-sfis,lals-fis
lalsfif,lal-sfif,lals-fif
lalsfix,lal-sfix,lals-fix
lalsfiC,lal-sfiC,lals-fiC
lalsfam,lal-sfam,lals-fam
lalsfab,lal-sfab,lals-fab
lalsfag,lal-sfag,lals-fag
lalsfat,lal-sfat,lals-fat
lalsfaf,lal-sfaf,lals-faf
lalsfax,lal-sfax,lals-fax
lalsfaC,lal-sfaC,lals-faC
lalsfal,lal-sfal,lals-fal
lalsfum,lal-sfum,lals-fum
lalsfub,lal-sfub,lals-fub
lalsfug,lal-sfug,lals-fug
lalsfut,lal-sfut,lals-fut
lalsfus,lal-sfus,lals-fus
lalsfuf,lal-sfuf,lals-fuf
lalsfux,lal-sfux,lals-fux
lalsfuC,lal-sfuC,lals-fuC
lalsvik,lal-svik,lals-vik
lalsvas,lal-svas,lals-vas
lalsvur,lal-svur,lals-vur
lalslim,lal-slim,lals-lim
lalslid,lal-slid,lals-lid
lalslig,lal-slig,lals-lig
lalslip,lal-slip,lals-lip
lalslis,lal-slis,lals-lis
lalslif,lal-slif,lals-lif
lalslix,lal-slix,lals-lix
lalsliC,lal-sliC,lals-liC
lalslad,lal-slad,lals-lad
lalslag,lal-slag,lals-lag
lalslap,lal-slap,lals-lap
lalslas,lal-slas,lals-las
lalslaf,lal-slaf,lals-laf
lalslax,lal-slax,lals-lax
lalslaC,lal-slaC,lals-laC
lalslal,lal-slal,lals-lal
lalslom,lal-slom,lals-lom
lalslud,lal-slud,lals-lud
lalslug,lal-slug,lals-lug
lalslup,lal-slup,lals-lup
lalslus,lal-slus,lals-lus
lalsluf,lal-sluf,lals-luf
lalslux,lal-slux,lals-lux
lalsluC,lal-sluC,lals-luC
lalslur,lal-slur,lals-lur
larglip,lar-glip,larg-lip
larglix,lar-glix,larg-lix
larglen,lar-glen,larg-len
largled,lar-gled,larg-led
larglez,lar-glez,larg-lez
larglav,lar-glav,larg-lav
larglaj,lar-glaj,larg-laj
larglob,lar-glob,larg-lob
larglot,lar-glot,larg-lot
larglok,lar-glok,larg-lok
larglor,lar-glor,larg-lor
larglux,lar-glux,larg-lux
largriv,lar-griv,larg-riv
largrac,lar-grac,larg-rac
largroq,lar-groq,larg-roq
largruv,lar-gruv,larg-ruv
larplib,lar-plib,larp-lib
larplix,lar-plix,larp-lix
larplan,lar-plan,larp-lan
larplax,lar-plax,larp-lax
larxnim,lar-xnim,larx-nim
larxnib,lar-xnib,larx-nib
larxnig,lar-xnig,larx-nig
larxnit,lar-xnit,larx-nit
larxnis,lar-xnis,larx-nis
larxnif,lar-xnif,larx-nif
larxnix,lar-xnix,larx-nix
larxniC,lar-xniC,larx-niC
larxnam,lar-xnam,larx-nam
larxnab,lar-xnab,larx-nab
larxnag,lar-xnag,larx-nag
larxnat,lar-xnat,larx-nat
larxnas,lar-xnas,larx-nas
larxnaf,lar-xnaf,larx-naf
larxnax,lar-xnax,larx-nax
larxnaC,lar-xnaC,larx-naC
larxnal,lar-xnal,larx-nal
larxnum,lar-xnum,larx-num
larxnub,lar-xnub,larx-nub
larxnug,lar-xnug,larx-nug
larxnut,lar-xnut,larx-nut
larxnus,lar-xnus,larx-nus
larxnuf,lar-xnuf,larx-nuf
larxnux,lar-xnux,larx-nux
larxnuC,lar-xnuC,larx-nuC
larxnul,lar-xnul,larx-nul
larxkim,lar-xkim,larx-kim
larxkib,lar-xkib,larx-kib
larxkig,lar-xkig,larx-kig
larxkit,lar-xkit,larx-kit
larxkis,lar-xkis,larx-kis
larxkif,lar-xkif,larx-kif
larxkix,lar-xkix,larx-kix
larxkiC,lar-xkiC,larx-kiC
larxkam,lar-xkam,larx-kam
larxkab,lar-xkab,larx-kab
larxkag,lar-xkag,larx-kag
larxkat,lar-xkat,larx-kat
larxkas,lar-xkas,larx-kas
larxkaf,lar-xkaf,larx-kaf
larxkax,lar-xkax,larx-kax
larxkaC,lar-xkaC,larx-kaC
larxkal,lar-xkal,larx-kal
larxkum,lar-xkum,larx-kum
larxkub,lar-xkub,larx-kub
larxkug,lar-xkug,larx-kug
larxkut,lar-xkut,larx-kut
larxkus,lar-xkus,larx-kus
larxkuf,lar-xkuf,larx-kuf
larxkux,lar-xkux,larx-kux
larxkuC,lar-xkuC,larx-kuC
larxkul,lar-xkul,larx-kul
larxlim,lar-xlim,larx-lim
larxlib,lar-xlib,larx-lib
larxlit,lar-xlit,larx-lit
larxlik,lar-xlik,larx-lik
larxlis,lar-xlis,larx-lis
larxlif,lar-xlif,larx-lif
larxlix,lar-xlix,larx-lix
larxliC,lar-xliC,larx-liC
larxlam,lar-xlam,larx-lam
larxlab,lar-xlab,larx-lab
larxlag,lar-xlag,larx-lag
larxlat,lar-xlat,larx-lat
larxlas,lar-xlas,larx-las
larxlav,lar-xlav,larx-lav
larxlax,lar-xlax,larx-lax
larxlal,lar-xlal,larx-lal
larxlum,lar-xlum,larx-lum
larxlub,lar-xlub,larx-lub
larxlug,lar-xlug,larx-lug
larxlut,lar-xlut,larx-lut
larxlus,lar-xlus,larx-lus
larxluf,lar-xluf,larx-luf
larxlux,lar-xlux,larx-lux
larxluC,lar-xluC,larx-luC
larxlul,lar-xlul,larx-lul
lumplib,lum-plib,lump-lib
lumplix,lum-plix,lump-lix
lumplan,lum-plan,lump-lan
lumplax,lum-plax,lump-lax
lunksim,lun-ksim,lunk-sim
lunksib,lun-ksib,lunk-sib
lunksig,lun-ksig,lunk-sig
lunksit,lun-ksit,lunk-sit
lunksis,lun-ksis,lunk-sis
lunksif,lun-ksif,lunk-sif
lunksix,lun-ksix,lunk-six
lunksiC,lun-ksiC,lunk-siC
lunksam,lun-ksam,lunk-sam
lunksab,lun-ksab,lunk-sab
lunksag,lun-ksag,lunk-sag
lunksat,lun-ksat,lunk-sat
lunksas,lun-ksas,lunk-sas
lunksaf,lun-ksaf,lunk-saf
lunksax,lun-ksax,lunk-sax
lunksaC,lun-ksaC,lunk-saC
lunksal,lun-ksal,lunk-sal
lunksum,lun-ksum,lunk-sum
lunksub,lun-ksub,lunk-sub
lunksug,lun-ksug,lunk-sug
lunksut,lun-ksut,lunk-sut
lunksus,lun-ksus,lunk-sus
lunksuf,lun-ksuf,lunk-suf
lunksux,lun-ksux,lunk-sux
lunksuC,lun-ksuC,lunk-suC
lunksul,lun-ksul,lunk-sul
lunklek,lun-klek,lunk-lek
lunkloz,lun-kloz,lunk-loz
lupflid,lup-flid,lupf-lid
lupflip,lup-flip,lupf-lip
lupflif,lup-flif,lupf-lif
lupflem,lup-flem,lupf-lem
lupflek,lup-flek,lupf-lek
lupfleC,lup-fleC,lupf-leC
lupflad,lup-flad,lupf-lad
lupflap,lup-flap,lupf-lap
lupflaf,lup-flaf,lupf-laf
lupflax,lup-flax,lupf-lax
lupflom,lup-flom,lupf-lom
lupflok,lup-flok,lupf-lok
lupflor,lup-flor,lupf-lor
lupflud,lup-flud,lupf-lud
lupflup,lup-flup,lupf-lup
lupfluz,lup-fluz,lupf-luz
lupfluf,lup-fluf,lupf-luf
lupflux,lup-flux,lupf-lux
lupfris,lup-fris,lupf-ris
lupfrix,lup-frix,lupf-rix
lupfras,lup-fras,lupf-ras
lupxnim,lup-xnim,lupx-nim
lupxnib,lup-xnib,lupx-nib
lupxnig,lup-xnig,lupx-nig
lupxnit,lup-xnit,lupx-nit
lupxnis,lup-xnis,lupx-nis
lupxnif,lup-xnif,lupx-nif
lupxnix,lup-xnix,lupx-nix
lupxniC,lup-xniC,lupx-niC
lupxnam,lup-xnam,lupx-nam
lupxnab,lup-xnab,lupx-nab
lupxnag,lup-xnag,lupx-nag
lupxnat,lup-xnat,lupx-nat
lupxnas,lup-xnas,lupx-nas
lupxnaf,lup-xnaf,lupx-naf
lupxnax,lup-xnax,lupx-nax
lupxnaC,lup-xnaC,lupx-naC
lupxnal,lup-xnal,lupx-nal
lupxnum,lup-xnum,lupx-num
lupxnub,lup-xnub,lupx-nub
lupxnug,lup-xnug,lupx-nug
lupxnut,lup-xnut,lupx-nut
lupxnus,lup-xnus,lupx-nus
lupxnuf,lup-xnuf,lupx-nuf
lupxnux,lup-xnux,lupx-nux
lupxnuC,lup-xnuC,lupx-nuC
lupxnul,lup-xnul,lupx-nul
lupxkim,lup-xkim,lupx-kim
lupxkib,lup-xkib,lupx-kib
lupxkig,lup-xkig,lupx-kig
lupxkit,lup-xkit,lupx-kit
lupxkis,lup-xkis,lupx-kis
lupxkif,lup-xkif,lupx-kif
lupxkix,lup-xkix,lupx-kix
lupxkiC,lup-xkiC,lupx-kiC
lupxkam,lup-xkam,lupx-kam
lupxkab,lup-xkab,lupx-kab
lupxkag,lup-xkag,lupx-kag
lupxkat,lup-xkat,lupx-kat
lupxkas,lup-xkas,lupx-kas
lupxkaf,lup-xkaf,lupx-kaf
lupxkax,lup-xkax,lupx-kax
lupxkaC,lup-xkaC,lupx-kaC
lupxkal,lup-xkal,lupx-kal
lupxkum,lup-xkum,lupx-kum
lupxkub,lup-xkub,lupx-kub
lupxkug,lup-xkug,lupx-kug
lupxkut,lup-xkut,lupx-kut
lupxkus,lup-xkus,lupx-kus
lupxkuf,lup-xkuf,lupx-kuf
lupxkux,lup-xkux,lupx-kux
lupxkuC,lup-xkuC,lupx-kuC
lupxkul,lup-xkul,lupx-kul
lupxlim,lup-xlim,lupx-lim
lupxlib,lup-xlib,lupx-lib
lupxlit,lup-xlit,lupx-lit
lupxlik,lup-xlik,lupx-lik
lupxlis,lup-xlis,lupx-lis
lupxlif,lup-xlif,lupx-lif
lupxlix,lup-xlix,lupx-lix
lupxliC,lup-xliC,lupx-liC
lupxlam,lup-xlam,lupx-lam
lupxlab,lup-xlab,lupx-lab
lupxlag,lup-xlag,lupx-lag
lupxlat,lup-xlat,lupx-lat
lupxlas,lup-xlas,lupx-las
lupxlav,lup-xlav,lupx-lav
lupxlax,lup-xlax,lupx-lax
lupxlal,lup-xlal,lupx-lal
lupxlum,lup-xlum,lupx-lum
lupxlub,lup-xlub,lupx-lub
lupxlug,lup-xlug,lupx-lug
lupxlut,lup-xlut,lupx-lut
lupxlus,lup-xlus,lupx-lus
lupxluf,lup-xluf,lupx-luf
lupxlux,lup-xlux,lupx-lux
lupxluC,lup-xluC,lupx-luC
lupxlul,lup-xlul,lupx-lul
lukxnim,luk-xnim,lukx-nim
lukxnib,luk-xnib,lukx-nib
lukxnig,luk-xnig,lukx-nig
lukxnit,luk-xnit,lukx-nit
lukxnis,luk-xnis,lukx-nis
lukxnif,luk-xnif,lukx-nif
lukxnix,luk-xnix,lukx-nix
lukxniC,luk-xniC,lukx-niC
lukxnam,luk-xnam,lukx-nam
lukxnab,luk-xnab,lukx-nab
lukxnag,luk-xnag,lukx-nag
lukxnat,luk-xnat,lukx-nat
lukxnas,luk-xnas,lukx-nas
lukxnaf,luk-xnaf,lukx-naf
lukxnax,luk-xnax,lukx-nax
lukxnaC,luk-xnaC,lukx-naC
lukxnal,luk-xnal,lukx-nal
lukxnum,luk-xnum,lukx-num
lukxnub,luk-xnub,lukx-nub
lukxnug,luk-xnug,lukx-nug
lukxnut,luk-xnut,lukx-nut
lukxnus,luk-xnus,lukx-nus
lukxnuf,luk-xnuf,lukx-nuf
lukxnux,luk-xnux,lukx-nux
lukxnuC,luk-xnuC,lukx-nuC
lukxnul,luk-xnul,lukx-nul
lukxkim,luk-xkim,lukx-kim
lukxkib,luk-xkib,lukx-kib
lukxkig,luk-xkig,lukx-kig
lukxkit,luk-xkit,lukx-kit
lukxkis,luk-xkis,lukx-kis
lukxkif,luk-xkif,lukx-kif
lukxkix,luk-xkix,lukx-kix
lukxkiC,luk-xkiC,lukx-kiC
lukxkam,luk-xkam,lukx-kam
lukxkab,luk-xkab,lukx-kab
lukxkag,luk-xkag,lukx-kag
lukxkat,luk-xkat,lukx-kat
lukxkas,luk-xkas,lukx-kas
lukxkaf,luk-xkaf,lukx-kaf
lukxkax,luk-xkax,lukx-kax
lukxkaC,luk-xkaC,lukx-kaC
lukxkal,luk-xkal,lukx-kal
lukxkum,luk-xkum,lukx-kum
lukxkub,luk-xkub,lukx-kub
lukxkug,luk-xkug,lukx-kug
lukxkut,luk-xkut,lukx-kut
lukxkus,luk-xkus,lukx-kus
lukxkuf,luk-xkuf,lukx-kuf
lukxkux,luk-xkux,lukx-kux
lukxkuC,luk-xkuC,lukx-kuC
lukxkul,luk-xkul,lukx-kul
lukxlim,luk-xlim,lukx-lim
lukxlib,luk-xlib,lukx-lib
lukxlit,luk-xlit,lukx-lit
lukxlik,luk-xlik,lukx-lik
lukxlis,luk-xlis,lukx-lis
lukxlif,luk-xlif,lukx-lif
lukxlix,luk-xlix,lukx-lix
lukxliC,luk-xliC,lukx-liC
lukxlam,luk-xlam,lukx-lam
lukxlab,luk-xlab,lukx-lab
lukxlag,luk-xlag,lukx-lag
lukxlat,luk-xlat,lukx-lat
lukxlas,luk-xlas,lukx-las
lukxlav,luk-xlav,lukx-lav
lukxlax,luk-xlax,lukx-lax
lukxlal,luk-xlal,lukx-lal
lukxlum,luk-xlum,lukx-lum
lukxlub,luk-xlub,lukx-lub
lukxlug,luk-xlug,lukx-lug
lukxlut,luk-xlut,lukx-lut
lukxlus,luk-xlus,lukx-lus
lukxluf,luk-xluf,lukx-luf
lukxlux,luk-xlux,lukx-lux
lukxluC,luk-xluC,lukx-luC
lukxlul,luk-xlul,lukx-lul
lusplib,lus-plib,lusp-lib
lusplix,lus-plix,lusp-lix
lusplan,lus-plan,lusp-lan
lusplax,lus-plax,lusp-lax
luftxal,luf-txal,luft-xal
luftxum,luf-txum,luft-xum
luftrin,luf-trin,luft-rin
luftrik,luf-trik,luft-rik
luftris,luf-tris,luft-ris
luftrif,luf-trif,luft-rif
luftriC,luf-triC,luft-riC
luftret,luf-tret,luft-ret
luftrab,luf-trab,luft-rab
luftrag,luf-trag,luft-rag
luftras,luf-tras,luft-ras
luftraf,luf-traf,luft-raf
luftraC,luf-traC,luft-raC
luftral,luf-tral,luft-ral
luftrot,luf-trot,luft-rot
luftrum,luf-trum,luft-rum
luftrub,luf-trub,luft-rub
luftrug,luf-trug,luft-rug
luftrus,luf-trus,luft-rus
luftruf,luf-truf,luft-ruf
luftrux,luf-trux,luft-rux
luftruC,luf-truC,luft-ruC
luftrul,luf-trul,luft-rul
lufsmin,luf-smin,lufs-min
lufsmib,luf-smib,lufs-mib
lufsmit,luf-smit,lufs-mit
lufsmis,luf-smis,lufs-mis
lufsmix,luf-smix,lufs-mix
lufsmiC,luf-smiC,lufs-miC
lufsmek,luf-smek,lufs-mek
lufsmad,luf-smad,lufs-mad
lufsmas,luf-smas,lufs-mas
lufsmaf,luf-smaf,lufs-maf
lufsmax,luf-smax,lufs-max
lufsmaC,luf-smaC,lufs-maC
lufsmal,luf-smal,lufs-mal
lufsmok,luf-smok,lufs-mok
lufsmub,luf-smub,lufs-mub
lufsmut,luf-smut,lufs-mut
lufsmus,luf-smus,lufs-mus
lufsmuf,luf-smuf,lufs-muf
lufsmux,luf-smux,lufs-mux
lufsmuC,luf-smuC,lufs-muC
lufsmul,luf-smul,lufs-mul
lufsnif,luf-snif,lufs-nif
lufsnap,luf-snap,lufs-nap
lufsnom,luf-snom,lufs-nom
lufspin,luf-spin,lufs-pin
lufspib,luf-spib,lufs-pib
lufspit,luf-spit,lufs-pit
lufspik,luf-spik,lufs-pik
lufspis,luf-spis,lufs-pis
lufspix,luf-spix,lufs-pix
lufspiC,luf-spiC,lufs-piC
lufspan,luf-span,lufs-pan
lufspak,luf-spak,lufs-pak
lufspas,luf-spas,lufs-pas
lufspof,luf-spof,lufs-pof
lufspum,luf-spum,lufs-pum
lufspug,luf-spug,lufs-pug
lufspus,luf-spus,lufs-pus
lufspul,luf-spul,lufs-pul
lufstef,luf-stef,lufs-tef
lufstab,luf-stab,lufs-tab
lufstat,luf-stat,lufs-tat
lufstal,luf-stal,lufs-tal
lufstoj,luf-stoj,lufs-toj
lufstud,luf-stud,lufs-tud
lufstup,luf-stup,lufs-tup
lufskim,luf-skim,lufs-kim
lufskib,luf-skib,lufs-kib
lufskig,luf-skig,lufs-kig
lufskit,luf-skit,lufs-kit
lufskis,luf-skis,lufs-kis
lufskif,luf-skif,lufs-kif
lufskix,luf-skix,lufs-kix
lufskiC,luf-skiC,lufs-kiC
lufskad,luf-skad,lufs-kad
lufskag,luf-skag,lufs-kag
lufskap,luf-skap,lufs-kap
lufskas,luf-skas,lufs-kas
lufskaf,luf-skaf,lufs-kaf
lufskax,luf-skax,lufs-kax
lufskaC,luf-skaC,lufs-kaC
lufskal,luf-skal,lufs-kal
lufskoq,luf-skoq,lufs-koq
lufskud,luf-skud,lufs-kud
lufskug,luf-skug,lufs-kug
lufskup,luf-skup,lufs-kup
lufskuz,luf-skuz,lufs-kuz
lufskuf,luf-skuf,lufs-kuf
lufskux,luf-skux,lufs-kux
lufskul,luf-skul,lufs-kul
lufsfim,luf-sfim,lufs-fim
lufsfib,luf-sfib,lufs-fib
lufsfit,luf-sfit,lufs-fit
lufsfis,luf-sfis,lufs-fis
lufsfif,luf-sfif,lufs-fif
lufsfix,luf-sfix,lufs-fix
lufsfiC,luf-sfiC,lufs-fiC
lufsfam,luf-sfam,lufs-fam
lufsfab,luf-sfab,lufs-fab
lufsfag,luf-sfag,lufs-fag
lufsfat,luf-sfat,lufs-fat
lufsfaf,luf-sfaf,lufs-faf
lufsfax,luf-sfax,lufs-fax
lufsfaC,luf-sfaC,lufs-faC
lufsfal,luf-sfal,lufs-fal
lufsfum,luf-sfum,lufs-fum
lufsfub,luf-sfub,lufs-fub
lufsfug,luf-sfug,lufs-fug
lufsfut,luf-sfut,lufs-fut
lufsfus,luf-sfus,lufs-fus
lufsfuf,luf-sfuf,lufs-fuf
lufsfux,luf-sfux,lufs-fux
lufsfuC,luf-sfuC,lufs-fuC
lufsvik,luf-svik,lufs-vik
lufsvas,luf-svas,lufs-vas
lufsvur,luf-svur,lufs-vur
lufslim,luf-slim,lufs-lim
lufslid,luf-slid,lufs-lid
lufslig,luf-slig,lufs-lig
lufslip,luf-slip,lufs-lip
lufslis,luf-slis,lufs-lis
lufslif,luf-slif,lufs-lif
lufslix,luf-slix,lufs-lix
lufsliC,luf-sliC,lufs-liC
lufslad,luf-slad,lufs-lad
lufslag,luf-slag,lufs-lag
lufslap,luf-slap,lufs-lap
lufslas,luf-slas,lufs-las
lufslaf,luf-slaf,lufs-laf
lufslax,luf-slax,lufs-lax
lufslaC,luf-slaC,lufs-laC
lufslal,luf-slal,lufs-lal
lufslom,luf-slom,lufs-lom
lufslud,luf-slud,lufs-lud
lufslug,luf-slug,lufs-lug
lufslup,luf-slup,lufs-lup
lufslus,luf-slus,lufs-lus
lufsluf,luf-sluf,lufs-luf
lufslux,luf-slux,lufs-lux
lufsluC,luf-sluC,lufs-luC
lufslur,luf-slur,lufs-lur
luxtxal,lux-txal,luxt-xal
luxtxum,lux-txum,luxt-xum
luxtrin,lux-trin,luxt-rin
luxtrik,lux-trik,luxt-rik
luxtris,lux-tris,luxt-ris
luxtrif,lux-trif,luxt-rif
luxtriC,lux-triC,luxt-riC
luxtret,lux-tret,luxt-ret
luxtrab,lux-trab,luxt-rab
luxtrag,lux-trag,luxt-rag
luxtras,lux-tras,luxt-ras
luxtraf,lux-traf,luxt-raf
luxtraC,lux-traC,luxt-raC
luxtral,lux-tral,luxt-ral
luxtrot,lux-trot,luxt-rot
luxtrum,lux-trum,luxt-rum
luxtrub,lux-trub,luxt-rub
luxtrug,lux-trug,luxt-rug
luxtrus,lux-trus,luxt-rus
luxtruf,lux-truf,luxt-ruf
luxtrux,lux-trux,luxt-rux
luxtruC,lux-truC,luxt-ruC
luxtrul,lux-trul,luxt-rul
lulblim,lul-blim,lulb-lim
lulbliz,lul-bliz,lulb-liz
lulblet,lul-blet,lulb-let
lulblab,lul-blab,lulb-lab
lulbloz,lul-bloz,lulb-loz
lulblof,lul-blof,lulb-lof
lulblor,lul-blor,lulb-lor
lulblum,lul-blum,lulb-lum
lulblub,lul-blub,lulb-lub
lulblut,lul-blut,lulb-lut
lulblux,lul-blux,lulb-lux
lulbrig,lul-brig,lulb-rig
lulbrif,lul-brif,lulb-rif
lulbrak,lul-brak,lulb-rak
lulbruk,lul-bruk,lulb-ruk
lulglip,lul-glip,lulg-lip
lulglix,lul-glix,lulg-lix
lulglen,lul-glen,lulg-len
lulgled,lul-gled,lulg-led
lulglez,lul-glez,lulg-lez
lulglav,lul-glav,lulg-lav
lulglaj,lul-glaj,lulg-laj
lulglob,lul-glob,lulg-lob
lulglot,lul-glot,lulg-lot
lulglok,lul-glok,lulg-lok
lulglor,lul-glor,lulg-lor
lulglux,lul-glux,lulg-lux
lulgriv,lul-griv,lulg-riv
lulgrac,lul-grac,lulg-rac
lulgroq,lul-groq,lulg-roq
lulgruv,lul-gruv,lulg-ruv
lultxal,lul-txal,lult-xal
lultxum,lul-txum,lult-xum
lultrin,lul-trin,lult-rin
lultrik,lul-trik,lult-rik
lultris,lul-tris,lult-ris
lultrif,lul-trif,lult-rif
lultriC,lul-triC,lult-riC
lultret,lul-tret,lult-ret
lultrab,lul-trab,lult-rab
lultrag,lul-trag,lult-rag
lultras,lul-tras,lult-ras
lultraf,lul-traf,lult-raf
lultraC,lul-traC,lult-raC
lultral,lul-tral,lult-ral
lultrot,lul-trot,lult-rot
lultrum,lul-trum,lult-rum
lultrub,lul-trub,lult-rub
lultrug,lul-trug,lult-rug
lultrus,lul-trus,lult-rus
lultruf,lul-truf,lult-ruf
lultrux,lul-trux,lult-rux
lultruC,lul-truC,lult-ruC
lultrul,lul-trul,lult-rul
lulsmin,lul-smin,luls-min
lulsmib,lul-smib,luls-mib
lulsmit,lul-smit,luls-mit
lulsmis,lul-smis,luls-mis
lulsmix,lul-smix,luls-mix
lulsmiC,lul-smiC,luls-miC
lulsmek,lul-smek,luls-mek
lulsmad,lul-smad,luls-mad
lulsmas,lul-smas,luls-mas
lulsmaf,lul-smaf,luls-maf
lulsmax,lul-smax,luls-max
lulsmaC,lul-smaC,luls-maC
lulsmal,lul-smal,luls-mal
lulsmok,lul-smok,luls-mok
lulsmub,lul-smub,luls-mub
lulsmut,lul-smut,luls-mut
lulsmus,lul-smus,luls-mus
lulsmuf,lul-smuf,luls-muf
lulsmux,lul-smux,luls-mux
lulsmuC,lul-smuC,luls-muC
lulsmul,lul-smul,luls-mul
lulsnif,lul-snif,luls-nif
lulsnap,lul-snap,luls-nap
lulsnom,lul-snom,luls-nom
lulspin,lul-spin,luls-pin
lulspib,lul-spib,luls-pib
lulspit,lul-spit,luls-pit
lulspik,lul-spik,luls-pik
lulspis,lul-spis,luls-pis
lulspix,lul-spix,luls-pix
lulspiC,lul-spiC,luls-piC
lulspan,lul-span,luls-pan
lulspak,lul-spak,luls-pak
lulspas,lul-spas,luls-pas
lulspof,lul-spof,luls-pof
lulspum,lul-spum,luls-pum
lulspug,lul-spug,luls-pug
lulspus,lul-spus,luls-pus
lulspul,lul-spul,luls-pul
lulstef,lul-stef,luls-tef
lulstab,lul-stab,luls-tab
lulstat,lul-stat,luls-tat
lulstal,lul-stal,luls-tal
lulstoj,lul-stoj,luls-toj
lulstud,lul-stud,luls-tud
lulstup,lul-stup,luls-tup
lulskim,lul-skim,luls-kim
lulskib,lul-skib,luls-kib
lulskig,lul-skig,luls-kig
lulskit,lul-skit,luls-kit
lulskis,lul-skis,luls-kis
lulskif,lul-skif,luls-kif
lulskix,lul-skix,luls-kix
lulskiC,lul-skiC,luls-kiC
lulskad,lul-skad,luls-kad
lulskag,lul-skag,luls-kag
lulskap,lul-skap,luls-kap
lulskas,lul-skas,luls-kas
lulskaf,lul-skaf,luls-kaf
lulskax,lul-skax,luls-kax
lulskaC,lul-skaC,luls-kaC
lulskal,lul-skal,luls-kal
lulskoq,lul-skoq,luls-koq
lulskud,lul-skud,luls-kud
lulskug,lul-skug,luls-kug
lulskup,lul-skup,luls-kup
lulskuz,lul-skuz,luls-kuz
lulskuf,lul-skuf,luls-kuf
lulskux,lul-skux,luls-kux
lulskul,lul-skul,luls-kul
lulsfim,lul-sfim,luls-fim
lulsfib,lul-sfib,luls-fib
lulsfit,lul-sfit,luls-fit
lulsfis,lul-sfis,luls-fis
lulsfif,lul-sfif,luls-fif
lulsfix,lul-sfix,luls-fix
lulsfiC,lul-sfiC,luls-fiC
lulsfam,lul-sfam,luls-fam
lulsfab,lul-sfab,luls-fab
lulsfag,lul-sfag,luls-fag
lulsfat,lul-sfat,luls-fat
lulsfaf,lul-sfaf,luls-faf
lulsfax,lul-sfax,luls-fax
lulsfaC,lul-sfaC,luls-faC
lulsfal,lul-sfal,luls-fal
lulsfum,lul-sfum,luls-fum
lulsfub,lul-sfub,luls-fub
lulsfug,lul-sfug,luls-fug
lulsfut,lul-sfut,luls-fut
lulsfus,lul-sfus,luls-fus
lulsfuf,lul-sfuf,luls-fuf
lulsfux,lul-sfux,luls-fux
lulsfuC,lul-sfuC,luls-fuC
lulsvik,lul-svik,luls-vik
lulsvas,lul-svas,luls-vas
lulsvur,lul-svur,luls-vur
lulslim,lul-slim,luls-lim
lulslid,lul-slid,luls-lid
lulslig,lul-slig,luls-lig
lulslip,lul-slip,luls-lip
lulslis,lul-slis,luls-lis
lulslif,lul-slif,luls-lif
lulslix,lul-slix,luls-lix
lulsliC,lul-sliC,luls-liC
lulslad,lul-slad,luls-lad
lulslag,lul-slag,luls-lag
lulslap,lul-slap,luls-lap
lulslas,lul-slas,luls-las
lulslaf,lul-slaf,luls-laf
lulslax,lul-slax,luls-lax
lulslaC,lul-slaC,luls-laC
lulslal,lul-slal,luls-lal
lulslom,lul-slom,luls-lom
lulslud,lul-slud,luls-lud
lulslug,lul-slug,luls-lug
lulslup,lul-slup,luls-lup
lulslus,lul-slus,luls-lus
lulsluf,lul-sluf,luls-luf
lulslux,lul-slux,luls-lux
lulsluC,lul-sluC,luls-luC
lulslur,lul-slur,luls-lur
lulxnim,lul-xnim,lulx-nim
lulxnib,lul-xnib,lulx-nib
lulxnig,lul-xnig,lulx-nig
lulxnit,lul-xnit,lulx-nit
lulxnis,lul-xnis,lulx-nis
lulxnif,lul-xnif,lulx-nif
lulxnix,lul-xnix,lulx-nix
lulxniC,lul-xniC,lulx-niC
lulxnam,lul-xnam,lulx-nam
lulxnab,lul-xnab,lulx-nab
lulxnag,lul-xnag,lulx-nag
lulxnat,lul-xnat,lulx-nat
lulxnas,lul-xnas,lulx-nas
lulxnaf,lul-xnaf,lulx-naf
lulxnax,lul-xnax,lulx-nax
lulxnaC,lul-xnaC,lulx-naC
lulxnal,lul-xnal,lulx-nal
lulxnum,lul-xnum,lulx-num
lulxnub,lul-xnub,lulx-nub
lulxnug,lul-xnug,lulx-nug
lulxnut,lul-xnut,lulx-nut
lulxnus,lul-xnus,lulx-nus
lulxnuf,lul-xnuf,lulx-nuf
lulxnux,lul-xnux,lulx-nux
lulxnuC,lul-xnuC,lulx-nuC
lulxnul,lul-xnul,lulx-nul
lulxkim,lul-xkim,lulx-kim
lulxkib,lul-xkib,lulx-kib
lulxkig,lul-xkig,lulx-kig
lulxkit,lul-xkit,lulx-kit
lulxkis,lul-xkis,lulx-kis
lulxkif,lul-xkif,lulx-kif
lulxkix,lul-xkix,lulx-kix
lulxkiC,lul-xkiC,lulx-kiC
lulxkam,lul-xkam,lulx-kam
lulxkab,lul-xkab,lulx-kab
lulxkag,lul-xkag,lulx-kag
lulxkat,lul-xkat,lulx-kat
lulxkas,lul-xkas,lulx-kas
lulxkaf,lul-xkaf,lulx-kaf
lulxkax,lul-xkax,lulx-kax
lulxkaC,lul-xkaC,lulx-kaC
lulxkal,lul-xkal,lulx-kal
lulxkum,lul-xkum,lulx-kum
lulxkub,lul-xkub,lulx-kub
lulxkug,lul-xkug,lulx-kug
lulxkut,lul-xkut,lulx-kut
lulxkus,lul-xkus,lulx-kus
lulxkuf,lul-xkuf,lulx-kuf
lulxkux,lul-xkux,lulx-kux
lulxkuC,lul-xkuC,lulx-kuC
lulxkul,lul-xkul,lulx-kul
lulxlim,lul-xlim,lulx-lim
lulxlib,lul-xlib,lulx-lib
lulxlit,lul-xlit,lulx-lit
lulxlik,lul-xlik,lulx-lik
lulxlis,lul-xlis,lulx-lis
lulxlif,lul-xlif,lulx-lif
lulxlix,lul-xlix,lulx-lix
lulxliC,lul-xliC,lulx-liC
lulxlam,lul-xlam,lulx-lam
lulxlab,lul-xlab,lulx-lab
lulxlag,lul-xlag,lulx-lag
lulxlat,lul-xlat,lulx-lat
lulxlas,lul-xlas,lulx-las
lulxlav,lul-xlav,lulx-lav
lulxlax,lul-xlax,lulx-lax
lulxlal,lul-xlal,lulx-lal
lulxlum,lul-xlum,lulx-lum
lulxlub,lul-xlub,lulx-lub
lulxlug,lul-xlug,lulx-lug
lulxlut,lul-xlut,lulx-lut
lulxlus,lul-xlus,lulx-lus
lulxluf,lul-xluf,lulx-luf
lulxlux,lul-xlux,lulx-lux
lulxluC,lul-xluC,lulx-luC
lulxlul,lul-xlul,lulx-lul
riqksim,riq-ksim,riqk-sim
riqksib,riq-ksib,riqk-sib
riqksig,riq-ksig,riqk-sig
riqksit,riq-ksit,riqk-sit
riqksis,riq-ksis,riqk-sis
riqksif,riq-ksif,riqk-sif
riqksix,riq-ksix,riqk-six
riqksiC,riq-ksiC,riqk-siC
riqksam,riq-ksam,riqk-sam
riqksab,riq-ksab,riqk-sab
riqksag,riq-ksag,riqk-sag
riqksat,riq-ksat,riqk-sat
riqksas,riq-ksas,riqk-sas
riqksaf,riq-ksaf,riqk-saf
riqksax,riq-ksax,riqk-sax
riqksaC,riq-ksaC,riqk-saC
riqksal,riq-ksal,riqk-sal
riqksum,riq-ksum,riqk-sum
riqksub,riq-ksub,riqk-sub
riqksug,riq-ksug,riqk-sug
riqksut,riq-ksut,riqk-sut
riqksus,riq-ksus,riqk-sus
riqksuf,riq-ksuf,riqk-suf
riqksux,riq-ksux,riqk-sux
riqksuC,riq-ksuC,riqk-suC
riqksul,riq-ksul,riqk-sul
riqklek,riq-klek,riqk-lek
riqkloz,riq-kloz,riqk-loz
risksim,ris-ksim,risk-sim
risksib,ris-ksib,risk-sib
risksig,ris-ksig,risk-sig
risksit,ris-ksit,risk-sit
risksis,ris-ksis,risk-sis
risksif,ris-ksif,risk-sif
risksix,ris-ksix,risk-six
risksiC,ris-ksiC,risk-siC
risksam,ris-ksam,risk-sam
risksab,ris-ksab,risk-sab
risksag,ris-ksag,risk-sag
risksat,ris-ksat,risk-sat
risksas,ris-ksas,risk-sas
risksaf,ris-ksaf,risk-saf
risksax,ris-ksax,risk-sax
risksaC,ris-ksaC,risk-saC
risksal,ris-ksal,risk-sal
risksum,ris-ksum,risk-sum
risksub,ris-ksub,risk-sub
risksug,ris-ksug,risk-sug
risksut,ris-ksut,risk-sut
risksus,ris-ksus,risk-sus
risksuf,ris-ksuf,risk-suf
risksux,ris-ksux,risk-sux
risksuC,ris-ksuC,risk-suC
risksul,ris-ksul,risk-sul
risklek,ris-klek,risk-lek
riskloz,ris-kloz,risk-loz
rendjin,ren-djin,rend-jin
rendjid,ren-djid,rend-jid
rendjip,ren-djip,rend-jip
rendjiz,ren-djiz,rend-jiz
rendjif,ren-djif,rend-jif
rendjix,ren-djix,rend-jix
rendjek,ren-djek,rend-jek
rendjam,ren-djam,rend-jam
rendjab,ren-djab,rend-jab
rendjat,ren-djat,rend-jat
rendjas,ren-djas,rend-jas
rendjaf,ren-djaf,rend-jaf
rendjax,ren-djax,rend-jax
rendjaC,ren-djaC,rend-jaC
rendjok,ren-djok,rend-jok
rendjud,ren-djud,rend-jud
rendjup,ren-djup,rend-jup
rendjus,ren-djus,rend-jus
rendjuf,ren-djuf,rend-juf
rendjux,ren-djux,rend-jux
rendjuC,ren-djuC,rend-juC
rendjul,ren-djul,rend-jul
rendrib,ren-drib,rend-rib
rendrix,ren-drix,rend-rix
rendram,ren-dram,rend-ram
rendrax,ren-drax,rend-rax
ramplib,ram-plib,ramp-lib
ramplix,ram-plix,ramp-lix
ramplan,ram-plan,ramp-lan
ramplax,ram-plax,ramp-lax
rasksim,ras-ksim,rask-sim
rasksib,ras-ksib,rask-sib
rasksig,ras-ksig,rask-sig
rasksit,ras-ksit,rask-sit
rasksis,ras-ksis,rask-sis
rasksif,ras-ksif,rask-sif
rasksix,ras-ksix,rask-six
rasksiC,ras-ksiC,rask-siC
rasksam,ras-ksam,rask-sam
rasksab,ras-ksab,rask-sab
rasksag,ras-ksag,rask-sag
rasksat,ras-ksat,rask-sat
rasksas,ras-ksas,rask-sas
rasksaf,ras-ksaf,rask-saf
rasksax,ras-ksax,rask-sax
rasksaC,ras-ksaC,rask-saC
rasksal,ras-ksal,rask-sal
rasksum,ras-ksum,rask-sum
rasksub,ras-ksub,rask-sub
rasksug,ras-ksug,rask-sug
rasksut,ras-ksut,rask-sut
rasksus,ras-ksus,rask-sus
rasksuf,ras-ksuf,rask-suf
rasksux,ras-ksux,rask-sux
rasksuC,ras-ksuC,rask-suC
rasksul,ras-ksul,rask-sul
rasklek,ras-klek,rask-lek
raskloz,ras-kloz,rask-loz
rondjin,ron-djin,rond-jin
rondjid,ron-djid,rond-jid
rondjip,ron-djip,rond-jip
rondjiz,ron-djiz,rond-jiz
rondjif,ron-djif,rond-jif
rondjix,ron-djix,rond-jix
rondjek,ron-djek,rond-jek
rondjam,ron-djam,rond-jam
rondjab,ron-djab,rond-jab
rondjat,ron-djat,rond-jat
rondjas,ron-djas,rond-jas
rondjaf,ron-djaf,rond-jaf
rondjax,ron-djax,rond-jax
rondjaC,ron-djaC,rond-jaC
rondjok,ron-djok,rond-jok
rondjud,ron-djud,rond-jud
rondjup,ron-djup,rond-jup
rondjus,ron-djus,rond-jus
rondjuf,ron-djuf,rond-juf
rondjux,ron-djux,rond-jux
rondjuC,ron-djuC,rond-juC
rondjul,ron-djul,rond-jul
rondrib,ron-drib,rond-rib
rondrix,ron-drix,rond-rix
rondram,ron-dram,rond-ram
rondrax,ron-drax,rond-rax
rupsmin,rup-smin,rups-min
rupsmib,rup-smib,rups-mib
rupsmit,rup-smit,rups-mit
rupsmis,rup-smis,rups-mis
rupsmix,rup-smix,rups-mix
rupsmiC,rup-smiC,rups-miC
rupsmek,rup-smek,rups-mek
rupsmad,rup-smad,rups-mad
rupsmas,rup-smas,rups-mas
rupsmaf,rup-smaf,rups-maf
rupsmax,rup-smax,rups-max
rupsmaC,rup-smaC,rups-maC
rupsmal,rup-smal,rups-mal
rupsmok,rup-smok,rups-mok
rupsmub,rup-smub,rups-mub
rupsmut,rup-smut,rups-mut
rupsmus,rup-smus,rups-mus
rupsmuf,rup-smuf,rups-muf
rupsmux,rup-smux,rups-mux
rupsmuC,rup-smuC,rups-muC
rupsmul,rup-smul,rups-mul
rupsnif,rup-snif,rups-nif
rupsnap,rup-snap,rups-nap
rupsnom,rup-snom,rups-nom
rupspin,rup-spin,rups-pin
rupspib,rup-spib,rups-pib
rupspit,rup-spit,rups-pit
rupspik,rup-spik,rups-pik
rupspis,rup-spis,rups-pis
rupspix,rup-spix,rups-pix
rupspiC,rup-spiC,rups-piC
rupspan,rup-span,rups-pan
rupspak,rup-spak,rups-pak
rupspas,rup-spas,rups-pas
rupspof,rup-spof,rups-pof
rupspum,rup-spum,rups-pum
rupspug,rup-spug,rups-pug
rupspus,rup-spus,rups-pus
rupspul,rup-spul,rups-pul
rupstef,rup-stef,rups-tef
rupstab,rup-stab,rups-tab
rupstat,rup-stat,rups-tat
rupstal,rup-stal,rups-tal
rupstoj,rup-stoj,rups-toj
rupstud,rup-stud,rups-tud
rupstup,rup-stup,rups-tup
rupskim,rup-skim,rups-kim
rupskib,rup-skib,rups-kib
rupskig,rup-skig,rups-kig
rupskit,rup-skit,rups-kit
rupskis,rup-skis,rups-kis
rupskif,rup-skif,rups-kif
rupskix,rup-skix,rups-kix
rupskiC,rup-skiC,rups-kiC
rupskad,rup-skad,rups-kad
rupskag,rup-skag,rups-kag
rupskap,rup-skap,rups-kap
rupskas,rup-skas,rups-kas
rupskaf,rup-skaf,rups-kaf
rupskax,rup-skax,rups-kax
rupskaC,rup-skaC,rups-kaC
rupskal,rup-skal,rups-kal
rupskoq,rup-skoq,rups-koq
rupskud,rup-skud,rups-kud
rupskug,rup-skug,rups-kug
rupskup,rup-skup,rups-kup
rupskuz,rup-skuz,rups-kuz
rupskuf,rup-skuf,rups-kuf
rupskux,rup-skux,rups-kux
rupskul,rup-skul,rups-kul
rupsfim,rup-sfim,rups-fim
rupsfib,rup-sfib,rups-fib
rupsfit,rup-sfit,rups-fit
rupsfis,rup-sfis,rups-fis
rupsfif,rup-sfif,rups-fif
rupsfix,rup-sfix,rups-fix
rupsfiC,rup-sfiC,rups-fiC
rupsfam,rup-sfam,rups-fam
rupsfab,rup-sfab,rups-fab
rupsfag,rup-sfag,rups-fag
rupsfat,rup-sfat,rups-fat
rupsfaf,rup-sfaf,rups-faf
rupsfax,rup-sfax,rups-fax
rupsfaC,rup-sfaC,rups-faC
rupsfal,rup-sfal,rups-fal
rupsfum,rup-sfum,rups-fum
rupsfub,rup-sfub,rups-fub
rupsfug,rup-sfug,rups-fug
rupsfut,rup-sfut,rups-fut
rupsfus,rup-sfus,rups-fus
rupsfuf,rup-sfuf,rups-fuf
rupsfux,rup-sfux,rups-fux
rupsfuC,rup-sfuC,rups-fuC
rupsvik,rup-svik,rups-vik
rupsvas,rup-svas,rups-vas
rupsvur,rup-svur,rups-vur
rupslim,rup-slim,rups-lim
rupslid,rup-slid,rups-lid
rupslig,rup-slig,rups-lig
rupslip,rup-slip,rups-lip
rupslis,rup-slis,rups-lis
rupslif,rup-slif,rups-lif
rupslix,rup-slix,rups-lix
rupsliC,rup-sliC,rups-liC
rupslad,rup-slad,rups-lad
rupslag,rup-slag,rups-lag
rupslap,rup-slap,rups-lap
rupslas,rup-slas,rups-las
rupslaf,rup-slaf,rups-laf
rupslax,rup-slax,rups-lax
rupslaC,rup-slaC,rups-laC
rupslal,rup-slal,rups-lal
rupslom,rup-slom,rups-lom
rupslud,rup-slud,rups-lud
rupslug,rup-slug,rups-lug
rupslup,rup-slup,rups-lup
rupslus,rup-slus,rups-lus
rupsluf,rup-sluf,rups-luf
rupslux,rup-slux,rups-lux
rupsluC,rup-sluC,rups-luC
rupslur,rup-slur,rups-lur
rusksim,rus-ksim,rusk-sim
rusksib,rus-ksib,rusk-sib
rusksig,rus-ksig,rusk-sig
rusksit,rus-ksit,rusk-sit
rusksis,rus-ksis,rusk-sis
rusksif,rus-ksif,rusk-sif
rusksix,rus-ksix,rusk-six
rusksiC,rus-ksiC,rusk-siC
rusksam,rus-ksam,rusk-sam
rusksab,rus-ksab,rusk-sab
rusksag,rus-ksag,rusk-sag
rusksat,rus-ksat,rusk-sat
rusksas,rus-ksas,rusk-sas
rusksaf,rus-ksaf,rusk-saf
rusksax,rus-ksax,rusk-sax
rusksaC,rus-ksaC,rusk-saC
rusksal,rus-ksal,rusk-sal
rusksum,rus-ksum,rusk-sum
rusksub,rus-ksub,rusk-sub
rusksug,rus-ksug,rusk-sug
rusksut,rus-ksut,rusk-sut
rusksus,rus-ksus,rusk-sus
rusksuf,rus-ksuf,rusk-suf
rusksux,rus-ksux,rusk-sux
rusksuC,rus-ksuC,rusk-suC
rusksul,rus-ksul,rusk-sul
rusklek,rus-klek,rusk-lek
ruskloz,rus-kloz,rusk-loz
yimdjin,yim-djin,yimd-jin
yimdjid,yim-djid,yimd-jid
yimdjip,yim-djip,yimd-jip
yimdjiz,yim-djiz,yimd-jiz
yimdjif,yim-djif,yimd-jif
yimdjix,yim-djix,yimd-jix
yimdjek,yim-djek,yimd-jek
yimdjam,yim-djam,yimd-jam
yimdjab,yim-djab,yimd-jab
yimdjat,yim-djat,yimd-jat
yimdjas,yim-djas,yimd-jas
yimdjaf,yim-djaf,yimd-jaf
yimdjax,yim-djax,yimd-jax
yimdjaC,yim-djaC,yimd-jaC
yimdjok,yim-djok,yimd-jok
yimdjud,yim-djud,yimd-jud
yimdjup,yim-djup,yimd-jup
yimdjus,yim-djus,yimd-jus
yimdjuf,yim-djuf,yimd-juf
yimdjux,yim-djux,yimd-jux
yimdjuC,yim-djuC,yimd-juC
yimdjul,yim-djul,yimd-jul
yimdrib,yim-drib,yimd-rib
yimdrix,yim-drix,yimd-rix
yimdram,yim-dram,yimd-ram
yimdrax,yim-drax,yimd-rax
yimplib,yim-plib,yimp-lib
yimplix,yim-plix,yimp-lix
yimplan,yim-plan,yimp-lan
yimplax,yim-plax,yimp-lax
yiqksim,yiq-ksim,yiqk-sim
yiqksib,yiq-ksib,yiqk-sib
yiqksig,yiq-ksig,yiqk-sig
yiqksit,yiq-ksit,yiqk-sit
yiqksis,yiq-ksis,yiqk-sis
yiqksif,yiq-ksif,yiqk-sif
yiqksix,yiq-ksix,yiqk-six
yiqksiC,yiq-ksiC,yiqk-siC
yiqksam,yiq-ksam,yiqk-sam
yiqksab,yiq-ksab,yiqk-sab
yiqksag,yiq-ksag,yiqk-sag
yiqksat,yiq-ksat,yiqk-sat
yiqksas,yiq-ksas,yiqk-sas
yiqksaf,yiq-ksaf,yiqk-saf
yiqksax,yiq-ksax,yiqk-sax
yiqksaC,yiq-ksaC,yiqk-saC
yiqksal,yiq-ksal,yiqk-sal
yiqksum,yiq-ksum,yiqk-sum
yiqksub,yiq-ksub,yiqk-sub
yiqksug,yiq-ksug,yiqk-sug
yiqksut,yiq-ksut,yiqk-sut
yiqksus,yiq-ksus,yiqk-sus
yiqksuf,yiq-ksuf,yiqk-suf
yiqksux,yiq-ksux,yiqk-sux
yiqksuC,yiq-ksuC,yiqk-suC
yiqksul,yiq-ksul,yiqk-sul
yiqklek,yiq-klek,yiqk-lek
yiqkloz,yiq-kloz,yiqk-loz
yipflid,yip-flid,yipf-lid
yipflip,yip-flip,yipf-lip
yipflif,yip-flif,yipf-lif
yipflem,yip-flem,yipf-lem
yipflek,yip-flek,yipf-lek
yipfleC,yip-fleC,yipf-leC
yipflad,yip-flad,yipf-lad
yipflap,yip-flap,yipf-lap
yipflaf,yip-flaf,yipf-laf
yipflax,yip-flax,yipf-lax
yipflom,yip-flom,yipf-lom
yipflok,yip-flok,yipf-lok
yipflor,yip-flor,yipf-lor
yipflud,yip-flud,yipf-lud
yipflup,yip-flup,yipf-lup
yipfluz,yip-fluz,yipf-luz
yipfluf,yip-fluf,yipf-luf
yipflux,yip-flux,yipf-lux
yipfris,yip-fris,yipf-ris
yipfrix,yip-frix,yipf-rix
yipfras,yip-fras,yipf-ras
yipxnim,yip-xnim,yipx-nim
yipxnib,yip-xnib,yipx-nib
yipxnig,yip-xnig,yipx-nig
yipxnit,yip-xnit,yipx-nit
yipxnis,yip-xnis,yipx-nis
yipxnif,yip-xnif,yipx-nif
yipxnix,yip-xnix,yipx-nix
yipxniC,yip-xniC,yipx-niC
yipxnam,yip-xnam,yipx-nam
yipxnab,yip-xnab,yipx-nab
yipxnag,yip-xnag,yipx-nag
yipxnat,yip-xnat,yipx-nat
yipxnas,yip-xnas,yipx-nas
yipxnaf,yip-xnaf,yipx-naf
yipxnax,yip-xnax,yipx-nax
yipxnaC,yip-xnaC,yipx-naC
yipxnal,yip-xnal,yipx-nal
yipxnum,yip-xnum,yipx-num
yipxnub,yip-xnub,yipx-nub
yipxnug,yip-xnug,yipx-nug
yipxnut,yip-xnut,yipx-nut
yipxnus,yip-xnus,yipx-nus
yipxnuf,yip-xnuf,yipx-nuf
yipxnux,yip-xnux,yipx-nux
yipxnuC,yip-xnuC,yipx-nuC
yipxnul,yip-xnul,yipx-nul
yipxkim,yip-xkim,yipx-kim
yipxkib,yip-xkib,yipx-kib
yipxkig,yip-xkig,yipx-kig
yipxkit,yip-xkit,yipx-kit
yipxkis,yip-xkis,yipx-kis
yipxkif,yip-xkif,yipx-kif
yipxkix,yip-xkix,yipx-kix
yipxkiC,yip-xkiC,yipx-kiC
yipxkam,yip-xkam,yipx-kam
yipxkab,yip-xkab,yipx-kab
yipxkag,yip-xkag,yipx-kag
yipxkat,yip-xkat,yipx-kat
yipxkas,yip-xkas,yipx-kas
yipxkaf,yip-xkaf,yipx-kaf
yipxkax,yip-xkax,yipx-kax
yipxkaC,yip-xkaC,yipx-kaC
yipxkal,yip-xkal,yipx-kal
yipxkum,yip-xkum,yipx-kum
yipxkub,yip-xkub,yipx-kub
yipxkug,yip-xkug,yipx-kug
yipxkut,yip-xkut,yipx-kut
yipxkus,yip-xkus,yipx-kus
yipxkuf,yip-xkuf,yipx-kuf
yipxkux,yip-xkux,yipx-kux
yipxkuC,yip-xkuC,yipx-kuC
yipxkul,yip-xkul,yipx-kul
yipxlim,yip-xlim,yipx-lim
yipxlib,yip-xlib,yipx-lib
yipxlit,yip-xlit,yipx-lit
yipxlik,yip-xlik,yipx-lik
yipxlis,yip-xlis,yipx-lis
yipxlif,yip-xlif,yipx-lif
yipxlix,yip-xlix,yipx-lix
yipxliC,yip-xliC,yipx-liC
yipxlam,yip-xlam,yipx-lam
yipxlab,yip-xlab,yipx-lab
yipxlag,yip-xlag,yipx-lag
yipxlat,yip-xlat,yipx-lat
yipxlas,yip-xlas,yipx-las
yipxlav,yip-xlav,yipx-lav
yipxlax,yip-xlax,yipx-lax
yipxlal,yip-xlal,yipx-lal
yipxlum,yip-xlum,yipx-lum
yipxlub,yip-xlub,yipx-lub
yipxlug,yip-xlug,yipx-lug
yipxlut,yip-xlut,yipx-lut
yipxlus,yip-xlus,yipx-lus
yipxluf,yip-xluf,yipx-luf
yipxlux,yip-xlux,yipx-lux
yipxluC,yip-xluC,yipx-luC
yipxlul,yip-xlul,yipx-lul
yikxnim,yik-xnim,yikx-nim
yikxnib,yik-xnib,yikx-nib
yikxnig,yik-xnig,yikx-nig
yikxnit,yik-xnit,yikx-nit
yikxnis,yik-xnis,yikx-nis
yikxnif,yik-xnif,yikx-nif
yikxnix,yik-xnix,yikx-nix
yikxniC,yik-xniC,yikx-niC
yikxnam,yik-xnam,yikx-nam
yikxnab,yik-xnab,yikx-nab
yikxnag,yik-xnag,yikx-nag
yikxnat,yik-xnat,yikx-nat
yikxnas,yik-xnas,yikx-nas
yikxnaf,yik-xnaf,yikx-naf
yikxnax,yik-xnax,yikx-nax
yikxnaC,yik-xnaC,yikx-naC
yikxnal,yik-xnal,yikx-nal
yikxnum,yik-xnum,yikx-num
yikxnub,yik-xnub,yikx-nub
yikxnug,yik-xnug,yikx-nug
yikxnut,yik-xnut,yikx-nut
yikxnus,yik-xnus,yikx-nus
yikxnuf,yik-xnuf,yikx-nuf
yikxnux,yik-xnux,yikx-nux
yikxnuC,yik-xnuC,yikx-nuC
yikxnul,yik-xnul,yikx-nul
yikxkim,yik-xkim,yikx-kim
yikxkib,yik-xkib,yikx-kib
yikxkig,yik-xkig,yikx-kig
yikxkit,yik-xkit,yikx-kit
yikxkis,yik-xkis,yikx-kis
yikxkif,yik-xkif,yikx-kif
yikxkix,yik-xkix,yikx-kix
yikxkiC,yik-xkiC,yikx-kiC
yikxkam,yik-xkam,yikx-kam
yikxkab,yik-xkab,yikx-kab
yikxkag,yik-xkag,yikx-kag
yikxkat,yik-xkat,yikx-kat
yikxkas,yik-xkas,yikx-kas
yikxkaf,yik-xkaf,yikx-kaf
yikxkax,yik-xkax,yikx-kax
yikxkaC,yik-xkaC,yikx-kaC
yikxkal,yik-xkal,yikx-kal
yikxkum,yik-xkum,yikx-kum
yikxkub,yik-xkub,yikx-kub
yikxkug,yik-xkug,yikx-kug
yikxkut,yik-xkut,yikx-kut
yikxkus,yik-xkus,yikx-kus
yikxkuf,yik-xkuf,yikx-kuf
yikxkux,yik-xkux,yikx-kux
yikxkuC,yik-xkuC,yikx-kuC
yikxkul,yik-xkul,yikx-kul
yikxlim,yik-xlim,yikx-lim
yikxlib,yik-xlib,yikx-lib
yikxlit,yik-xlit,yikx-lit
yikxlik,yik-xlik,yikx-lik
yikxlis,yik-xlis,yikx-lis
yikxlif,yik-xlif,yikx-lif
yikxlix,yik-xlix,yikx-lix
yikxliC,yik-xliC,yikx-liC
yikxlam,yik-xlam,yikx-lam
yikxlab,yik-xlab,yikx-lab
yikxlag,yik-xlag,yikx-lag
yikxlat,yik-xlat,yikx-lat
yikxlas,yik-xlas,yikx-las
yikxlav,yik-xlav,yikx-lav
yikxlax,yik-xlax,yikx-lax
yikxlal,yik-xlal,yikx-lal
yikxlum,yik-xlum,yikx-lum
yikxlub,yik-xlub,yikx-lub
yikxlug,yik-xlug,yikx-lug
yikxlut,yik-xlut,yikx-lut
yikxlus,yik-xlus,yikx-lus
yikxluf,yik-xluf,yikx-luf
yikxlux,yik-xlux,yikx-lux
yikxluC,yik-xluC,yikx-luC
yikxlul,yik-xlul,yikx-lul
yisplib,yis-plib,yisp-lib
yisplix,yis-plix,yisp-lix
yisplan,yis-plan,yisp-lan
yisplax,yis-plax,yisp-lax
yisksim,yis-ksim,yisk-sim
yisksib,yis-ksib,yisk-sib
yisksig,yis-ksig,yisk-sig
yisksit,yis-ksit,yisk-sit
yisksis,yis-ksis,yisk-sis
yisksif,yis-ksif,yisk-sif
yisksix,yis-ksix,yisk-six
yisksiC,yis-ksiC,yisk-siC
yisksam,yis-ksam,yisk-sam
yisksab,yis-ksab,yisk-sab
yisksag,yis-ksag,yisk-sag
yisksat,yis-ksat,yisk-sat
yisksas,yis-ksas,yisk-sas
yisksaf,yis-ksaf,yisk-saf
yisksax,yis-ksax,yisk-sax
yisksaC,yis-ksaC,yisk-saC
yisksal,yis-ksal,yisk-sal
yisksum,yis-ksum,yisk-sum
yisksub,yis-ksub,yisk-sub
yisksug,yis-ksug,yisk-sug
yisksut,yis-ksut,yisk-sut
yisksus,yis-ksus,yisk-sus
yisksuf,yis-ksuf,yisk-suf
yisksux,yis-ksux,yisk-sux
yisksuC,yis-ksuC,yisk-suC
yisksul,yis-ksul,yisk-sul
yisklek,yis-klek,yisk-lek
yiskloz,yis-kloz,yisk-loz
yiftxal,yif-txal,yift-xal
yiftxum,yif-txum,yift-xum
yiftrin,yif-trin,yift-rin
yiftrik,yif-trik,yift-rik
yiftris,yif-tris,yift-ris
yiftrif,yif-trif,yift-rif
yiftriC,yif-triC,yift-riC
yiftret,yif-tret,yift-ret
yiftrab,yif-trab,yift-rab
yiftrag,yif-trag,yift-rag
yiftras,yif-tras,yift-ras
yiftraf,yif-traf,yift-raf
yiftraC,yif-traC,yift-raC
yiftral,yif-tral,yift-ral
yiftrot,yif-trot,yift-rot
yiftrum,yif-trum,yift-rum
yiftrub,yif-trub,yift-rub
yiftrug,yif-trug,yift-rug
yiftrus,yif-trus,yift-rus
yiftruf,yif-truf,yift-ruf
yiftrux,yif-trux,yift-rux
yiftruC,yif-truC,yift-ruC
yiftrul,yif-trul,yift-rul
yifsmin,yif-smin,yifs-min
yifsmib,yif-smib,yifs-mib
yifsmit,yif-smit,yifs-mit
yifsmis,yif-smis,yifs-mis
yifsmix,yif-smix,yifs-mix
yifsmiC,yif-smiC,yifs-miC
yifsmek,yif-smek,yifs-mek
yifsmad,yif-smad,yifs-mad
yifsmas,yif-smas,yifs-mas
yifsmaf,yif-smaf,yifs-maf
yifsmax,yif-smax,yifs-max
yifsmaC,yif-smaC,yifs-maC
yifsmal,yif-smal,yifs-mal
yifsmok,yif-smok,yifs-mok
yifsmub,yif-smub,yifs-mub
yifsmut,yif-smut,yifs-mut
yifsmus,yif-smus,yifs-mus
yifsmuf,yif-smuf,yifs-muf
yifsmux,yif-smux,yifs-mux
yifsmuC,yif-smuC,yifs-muC
yifsmul,yif-smul,yifs-mul
yifsnif,yif-snif,yifs-nif
yifsnap,yif-snap,yifs-nap
yifsnom,yif-snom,yifs-nom
yifspin,yif-spin,yifs-pin
yifspib,yif-spib,yifs-pib
yifspit,yif-spit,yifs-pit
yifspik,yif-spik,yifs-pik
yifspis,yif-spis,yifs-pis
yifspix,yif-spix,yifs-pix
yifspiC,yif-spiC,yifs-piC
yifspan,yif-span,yifs-pan
yifspak,yif-spak,yifs-pak
yifspas,yif-spas,yifs-pas
yifspof,yif-spof,yifs-pof
yifspum,yif-spum,yifs-pum
yifspug,yif-spug,yifs-pug
yifspus,yif-spus,yifs-pus
yifspul,yif-spul,yifs-pul
yifstef,yif-stef,yifs-tef
yifstab,yif-stab,yifs-tab
yifstat,yif-stat,yifs-tat
yifstal,yif-stal,yifs-tal
yifstoj,yif-stoj,yifs-toj
yifstud,yif-stud,yifs-tud
yifstup,yif-stup,yifs-tup
yifskim,yif-skim,yifs-kim
yifskib,yif-skib,yifs-kib
yifskig,yif-skig,yifs-kig
yifskit,yif-skit,yifs-kit
yifskis,yif-skis,yifs-kis
yifskif,yif-skif,yifs-kif
yifskix,yif-skix,yifs-kix
yifskiC,yif-skiC,yifs-kiC
yifskad,yif-skad,yifs-kad
yifskag,yif-skag,yifs-kag
yifskap,yif-skap,yifs-kap
yifskas,yif-skas,yifs-kas
yifskaf,yif-skaf,yifs-kaf
yifskax,yif-skax,yifs-kax
yifskaC,yif-skaC,yifs-kaC
yifskal,yif-skal,yifs-kal
yifskoq,yif-skoq,yifs-koq
yifskud,yif-skud,yifs-kud
yifskug,yif-skug,yifs-kug
yifskup,yif-skup,yifs-kup
yifskuz,yif-skuz,yifs-kuz
yifskuf,yif-skuf,yifs-kuf
yifskux,yif-skux,yifs-kux
yifskul,yif-skul,yifs-kul
yifsfim,yif-sfim,yifs-fim
yifsfib,yif-sfib,yifs-fib
yifsfit,yif-sfit,yifs-fit
yifsfis,yif-sfis,yifs-fis
yifsfif,yif-sfif,yifs-fif
yifsfix,yif-sfix,yifs-fix
yifsfiC,yif-sfiC,yifs-fiC
yifsfam,yif-sfam,yifs-fam
yifsfab,yif-sfab,yifs-fab
yifsfag,yif-sfag,yifs-fag
yifsfat,yif-sfat,yifs-fat
yifsfaf,yif-sfaf,yifs-faf
yifsfax,yif-sfax,yifs-fax
yifsfaC,yif-sfaC,yifs-faC
yifsfal,yif-sfal,yifs-fal
yifsfum,yif-sfum,yifs-fum
yifsfub,yif-sfub,yifs-fub
yifsfug,yif-sfug,yifs-fug
yifsfut,yif-sfut,yifs-fut
yifsfus,yif-sfus,yifs-fus
yifsfuf,yif-sfuf,yifs-fuf
yifsfux,yif-sfux,yifs-fux
yifsfuC,yif-sfuC,yifs-fuC
yifsvik,yif-svik,yifs-vik
yifsvas,yif-svas,yifs-vas
yifsvur,yif-svur,yifs-vur
yifslim,yif-slim,yifs-lim
yifslid,yif-slid,yifs-lid
yifslig,yif-slig,yifs-lig
yifslip,yif-slip,yifs-lip
yifslis,yif-slis,yifs-lis
yifslif,yif-slif,yifs-lif
yifslix,yif-slix,yifs-lix
yifsliC,yif-sliC,yifs-liC
yifslad,yif-slad,yifs-lad
yifslag,yif-slag,yifs-lag
yifslap,yif-slap,yifs-lap
yifslas,yif-slas,yifs-las
yifslaf,yif-slaf,yifs-laf
yifslax,yif-slax,yifs-lax
yifslaC,yif-slaC,yifs-laC
yifslal,yif-slal,yifs-lal
yifslom,yif-slom,yifs-lom
yifslud,yif-slud,yifs-lud
yifslug,yif-slug,yifs-lug
yifslup,yif-slup,yifs-lup
yifslus,yif-slus,yifs-lus
yifsluf,yif-sluf,yifs-luf
yifslux,yif-slux,yifs-lux
yifsluC,yif-sluC,yifs-luC
yifslur,yif-slur,yifs-lur
yixtxal,yix-txal,yixt-xal
yixtxum,yix-txum,yixt-xum
yixtrin,yix-trin,yixt-rin
yixtrik,yix-trik,yixt-rik
yixtris,yix-tris,yixt-ris
yixtrif,yix-trif,yixt-rif
yixtriC,yix-triC,yixt-riC
yixtret,yix-tret,yixt-ret
yixtrab,yix-trab,yixt-rab
yixtrag,yix-trag,yixt-rag
yixtras,yix-tras,yixt-ras
yixtraf,yix-traf,yixt-raf
yixtraC,yix-traC,yixt-raC
yixtral,yix-tral,yixt-ral
yixtrot,yix-trot,yixt-rot
yixtrum,yix-trum,yixt-rum
yixtrub,yix-trub,yixt-rub
yixtrug,yix-trug,yixt-rug
yixtrus,yix-trus,yixt-rus
yixtruf,yix-truf,yixt-ruf
yixtrux,yix-trux,yixt-rux
yixtruC,yix-truC,yixt-ruC
yixtrul,yix-trul,yixt-rul
yamdjin,yam-djin,yamd-jin
yamdjid,yam-djid,yamd-jid
yamdjip,yam-djip,yamd-jip
yamdjiz,yam-djiz,yamd-jiz
yamdjif,yam-djif,yamd-jif
yamdjix,yam-djix,yamd-jix
yamdjek,yam-djek,yamd-jek
yamdjam,yam-djam,yamd-jam
yamdjab,yam-djab,yamd-jab
yamdjat,yam-djat,yamd-jat
yamdjas,yam-djas,yamd-jas
yamdjaf,yam-djaf,yamd-jaf
yamdjax,yam-djax,yamd-jax
yamdjaC,yam-djaC,yamd-jaC
yamdjok,yam-djok,yamd-jok
yamdjud,yam-djud,yamd-jud
yamdjup,yam-djup,yamd-jup
yamdjus,yam-djus,yamd-jus
yamdjuf,yam-djuf,yamd-juf
yamdjux,yam-djux,yamd-jux
yamdjuC,yam-djuC,yamd-juC
yamdjul,yam-djul,yamd-jul
yamdrib,yam-drib,yamd-rib
yamdrix,yam-drix,yamd-rix
yamdram,yam-dram,yamd-ram
yamdrax,yam-drax,yamd-rax
yamplib,yam-plib,yamp-lib
yamplix,yam-plix,yamp-lix
yamplan,yam-plan,yamp-lan
yamplax,yam-plax,yamp-lax
yanksim,yan-ksim,yank-sim
yanksib,yan-ksib,yank-sib
yanksig,yan-ksig,yank-sig
yanksit,yan-ksit,yank-sit
yanksis,yan-ksis,yank-sis
yanksif,yan-ksif,yank-sif
yanksix,yan-ksix,yank-six
yanksiC,yan-ksiC,yank-siC
yanksam,yan-ksam,yank-sam
yanksab,yan-ksab,yank-sab
yanksag,yan-ksag,yank-sag
yanksat,yan-ksat,yank-sat
yanksas,yan-ksas,yank-sas
yanksaf,yan-ksaf,yank-saf
yanksax,yan-ksax,yank-sax
yanksaC,yan-ksaC,yank-saC
yanksal,yan-ksal,yank-sal
yanksum,yan-ksum,yank-sum
yanksub,yan-ksub,yank-sub
yanksug,yan-ksug,yank-sug
yanksut,yan-ksut,yank-sut
yanksus,yan-ksus,yank-sus
yanksuf,yan-ksuf,yank-suf
yanksux,yan-ksux,yank-sux
yanksuC,yan-ksuC,yank-suC
yanksul,yan-ksul,yank-sul
yanklek,yan-klek,yank-lek
yankloz,yan-kloz,yank-loz
yapflid,yap-flid,yapf-lid
yapflip,yap-flip,yapf-lip
yapflif,yap-flif,yapf-lif
yapflem,yap-flem,yapf-lem
yapflek,yap-flek,yapf-lek
yapfleC,yap-fleC,yapf-leC
yapflad,yap-flad,yapf-lad
yapflap,yap-flap,yapf-lap
yapflaf,yap-flaf,yapf-laf
yapflax,yap-flax,yapf-lax
yapflom,yap-flom,yapf-lom
yapflok,yap-flok,yapf-lok
yapflor,yap-flor,yapf-lor
yapflud,yap-flud,yapf-lud
yapflup,yap-flup,yapf-lup
yapfluz,yap-fluz,yapf-luz
yapfluf,yap-fluf,yapf-luf
yapflux,yap-flux,yapf-lux
yapfris,yap-fris,yapf-ris
yapfrix,yap-frix,yapf-rix
yapfras,yap-fras,yapf-ras
yapxnim,yap-xnim,yapx-nim
yapxnib,yap-xnib,yapx-nib
yapxnig,yap-xnig,yapx-nig
yapxnit,yap-xnit,yapx-nit
yapxnis,yap-xnis,yapx-nis
yapxnif,yap-xnif,yapx-nif
yapxnix,yap-xnix,yapx-nix
yapxniC,yap-xniC,yapx-niC
yapxnam,yap-xnam,yapx-nam
yapxnab,yap-xnab,yapx-nab
yapxnag,yap-xnag,yapx-nag
yapxnat,yap-xnat,yapx-nat
yapxnas,yap-xnas,yapx-nas
yapxnaf,yap-xnaf,yapx-naf
yapxnax,yap-xnax,yapx-nax
yapxnaC,yap-xnaC,yapx-naC
yapxnal,yap-xnal,yapx-nal
yapxnum,yap-xnum,yapx-num
yapxnub,yap-xnub,yapx-nub
yapxnug,yap-xnug,yapx-nug
yapxnut,yap-xnut,yapx-nut
yapxnus,yap-xnus,yapx-nus
yapxnuf,yap-xnuf,yapx-nuf
yapxnux,yap-xnux,yapx-nux
yapxnuC,yap-xnuC,yapx-nuC
yapxnul,yap-xnul,yapx-nul
yapxkim,yap-xkim,yapx-kim
yapxkib,yap-xkib,yapx-kib
yapxkig,yap-xkig,yapx-kig
yapxkit,yap-xkit,yapx-kit
yapxkis,yap-xkis,yapx-kis
yapxkif,yap-xkif,yapx-kif
yapxkix,yap-xkix,yapx-kix
yapxkiC,yap-xkiC,yapx-kiC
yapxkam,yap-xkam,yapx-kam
yapxkab,yap-xkab,yapx-kab
yapxkag,yap-xkag,yapx-kag
yapxkat,yap-xkat,yapx-kat
yapxkas,yap-xkas,yapx-kas
yapxkaf,yap-xkaf,yapx-kaf
yapxkax,yap-xkax,yapx-kax
yapxkaC,yap-xkaC,yapx-kaC
yapxkal,yap-xkal,yapx-kal
yapxkum,yap-xkum,yapx-kum
yapxkub,yap-xkub,yapx-kub
yapxkug,yap-xkug,yapx-kug
yapxkut,yap-xkut,yapx-kut
yapxkus,yap-xkus,yapx-kus
yapxkuf,yap-xkuf,yapx-kuf
yapxkux,yap-xkux,yapx-kux
yapxkuC,yap-xkuC,yapx-kuC
yapxkul,yap-xkul,yapx-kul
yapxlim,yap-xlim,yapx-lim
yapxlib,yap-xlib,yapx-lib
yapxlit,yap-xlit,yapx-lit
yapxlik,yap-xlik,yapx-lik
yapxlis,yap-xlis,yapx-lis
yapxlif,yap-xlif,yapx-lif
yapxlix,yap-xlix,yapx-lix
yapxliC,yap-xliC,yapx-liC
yapxlam,yap-xlam,yapx-lam
yapxlab,yap-xlab,yapx-lab
yapxlag,yap-xlag,yapx-lag
yapxlat,yap-xlat,yapx-lat
yapxlas,yap-xlas,yapx-las
yapxlav,yap-xlav,yapx-lav
yapxlax,yap-xlax,yapx-lax
yapxlal,yap-xlal,yapx-lal
yapxlum,yap-xlum,yapx-lum
yapxlub,yap-xlub,yapx-lub
yapxlug,yap-xlug,yapx-lug
yapxlut,yap-xlut,yapx-lut
yapxlus,yap-xlus,yapx-lus
yapxluf,yap-xluf,yapx-luf
yapxlux,yap-xlux,yapx-lux
yapxluC,yap-xluC,yapx-luC
yapxlul,yap-xlul,yapx-lul
yakxnim,yak-xnim,yakx-nim
yakxnib,yak-xnib,yakx-nib
yakxnig,yak-xnig,yakx-nig
yakxnit,yak-xnit,yakx-nit
yakxnis,yak-xnis,yakx-nis
yakxnif,yak-xnif,yakx-nif
yakxnix,yak-xnix,yakx-nix
yakxniC,yak-xniC,yakx-niC
yakxnam,yak-xnam,yakx-nam
yakxnab,yak-xnab,yakx-nab
yakxnag,yak-xnag,yakx-nag
yakxnat,yak-xnat,yakx-nat
yakxnas,yak-xnas,yakx-nas
yakxnaf,yak-xnaf,yakx-naf
yakxnax,yak-xnax,yakx-nax
yakxnaC,yak-xnaC,yakx-naC
yakxnal,yak-xnal,yakx-nal
yakxnum,yak-xnum,yakx-num
yakxnub,yak-xnub,yakx-nub
yakxnug,yak-xnug,yakx-nug
yakxnut,yak-xnut,yakx-nut
yakxnus,yak-xnus,yakx-nus
yakxnuf,yak-xnuf,yakx-nuf
yakxnux,yak-xnux,yakx-nux
yakxnuC,yak-xnuC,yakx-nuC
yakxnul,yak-xnul,yakx-nul
yakxkim,yak-xkim,yakx-kim
yakxkib,yak-xkib,yakx-kib
yakxkig,yak-xkig,yakx-kig
yakxkit,yak-xkit,yakx-kit
yakxkis,yak-xkis,yakx-kis
yakxkif,yak-xkif,yakx-kif
yakxkix,yak-xkix,yakx-kix
yakxkiC,yak-xkiC,yakx-kiC
yakxkam,yak-xkam,yakx-kam
yakxkab,yak-xkab,yakx-kab
yakxkag,yak-xkag,yakx-kag
yakxkat,yak-xkat,yakx-kat
yakxkas,yak-xkas,yakx-kas
yakxkaf,yak-xkaf,yakx-kaf
yakxkax,yak-xkax,yakx-kax
yakxkaC,yak-xkaC,yakx-kaC
yakxkal,yak-xkal,yakx-kal
yakxkum,yak-xkum,yakx-kum
yakxkub,yak-xkub,yakx-kub
yakxkug,yak-xkug,yakx-kug
yakxkut,yak-xkut,yakx-kut
yakxkus,yak-xkus,yakx-kus
yakxkuf,yak-xkuf,yakx-kuf
yakxkux,yak-xkux,yakx-kux
yakxkuC,yak-xkuC,yakx-kuC
yakxkul,yak-xkul,yakx-kul
yakxlim,yak-xlim,yakx-lim
yakxlib,yak-xlib,yakx-lib
yakxlit,yak-xlit,yakx-lit
yakxlik,yak-xlik,yakx-lik
yakxlis,yak-xlis,yakx-lis
yakxlif,yak-xlif,yakx-lif
yakxlix,yak-xlix,yakx-lix
yakxliC,yak-xliC,yakx-liC
yakxlam,yak-xlam,yakx-lam
yakxlab,yak-xlab,yakx-lab
yakxlag,yak-xlag,yakx-lag
yakxlat,yak-xlat,yakx-lat
yakxlas,yak-xlas,yakx-las
yakxlav,yak-xlav,yakx-lav
yakxlax,yak-xlax,yakx-lax
yakxlal,yak-xlal,yakx-lal
yakxlum,yak-xlum,yakx-lum
yakxlub,yak-xlub,yakx-lub
yakxlug,yak-xlug,yakx-lug
yakxlut,yak-xlut,yakx-lut
yakxlus,yak-xlus,yakx-lus
yakxluf,yak-xluf,yakx-luf
yakxlux,yak-xlux,yakx-lux
yakxluC,yak-xluC,yakx-luC
yakxlul,yak-xlul,yakx-lul
yasplib,yas-plib,yasp-lib
yasplix,yas-plix,yasp-lix
yasplan,yas-plan,yasp-lan
yasplax,yas-plax,yasp-lax
yasksim,yas-ksim,yask-sim
yasksib,yas-ksib,yask-sib
yasksig,yas-ksig,yask-sig
yasksit,yas-ksit,yask-sit
yasksis,yas-ksis,yask-sis
yasksif,yas-ksif,yask-sif
yasksix,yas-ksix,yask-six
yasksiC,yas-ksiC,yask-siC
yasksam,yas-ksam,yask-sam
yasksab,yas-ksab,yask-sab
yasksag,yas-ksag,yask-sag
yasksat,yas-ksat,yask-sat
yasksas,yas-ksas,yask-sas
yasksaf,yas-ksaf,yask-saf
yasksax,yas-ksax,yask-sax
yasksaC,yas-ksaC,yask-saC
yasksal,yas-ksal,yask-sal
yasksum,yas-ksum,yask-sum
yasksub,yas-ksub,yask-sub
yasksug,yas-ksug,yask-sug
yasksut,yas-ksut,yask-sut
yasksus,yas-ksus,yask-sus
yasksuf,yas-ksuf,yask-suf
yasksux,yas-ksux,yask-sux
yasksuC,yas-ksuC,yask-suC
yasksul,yas-ksul,yask-sul
yasklek,yas-klek,yask-lek
yaskloz,yas-kloz,yask-loz
yaftxal,yaf-txal,yaft-xal
yaftxum,yaf-txum,yaft-xum
yaftrin,yaf-trin,yaft-rin
yaftrik,yaf-trik,yaft-rik
yaftris,yaf-tris,yaft-ris
yaftrif,yaf-trif,yaft-rif
yaftriC,yaf-triC,yaft-riC
yaftret,yaf-tret,yaft-ret
yaftrab,yaf-trab,yaft-rab
yaftrag,yaf-trag,yaft-rag
yaftras,yaf-tras,yaft-ras
yaftraf,yaf-traf,yaft-raf
yaftraC,yaf-traC,yaft-raC
yaftral,yaf-tral,yaft-ral
yaftrot,yaf-trot,yaft-rot
yaftrum,yaf-trum,yaft-rum
yaftrub,yaf-trub,yaft-rub
yaftrug,yaf-trug,yaft-rug
yaftrus,yaf-trus,yaft-rus
yaftruf,yaf-truf,yaft-ruf
yaftrux,yaf-trux,yaft-rux
yaftruC,yaf-truC,yaft-ruC
yaftrul,yaf-trul,yaft-rul
yafsmin,yaf-smin,yafs-min
yafsmib,yaf-smib,yafs-mib
yafsmit,yaf-smit,yafs-mit
yafsmis,yaf-smis,yafs-mis
yafsmix,yaf-smix,yafs-mix
yafsmiC,yaf-smiC,yafs-miC
yafsmek,yaf-smek,yafs-mek
yafsmad,yaf-smad,yafs-mad
yafsmas,yaf-smas,yafs-mas
yafsmaf,yaf-smaf,yafs-maf
yafsmax,yaf-smax,yafs-max
yafsmaC,yaf-smaC,yafs-maC
yafsmal,yaf-smal,yafs-mal
yafsmok,yaf-smok,yafs-mok
yafsmub,yaf-smub,yafs-mub
yafsmut,yaf-smut,yafs-mut
yafsmus,yaf-smus,yafs-mus
yafsmuf,yaf-smuf,yafs-muf
yafsmux,yaf-smux,yafs-mux
yafsmuC,yaf-smuC,yafs-muC
yafsmul,yaf-smul,yafs-mul
yafsnif,yaf-snif,yafs-nif
yafsnap,yaf-snap,yafs-nap
yafsnom,yaf-snom,yafs-nom
yafspin,yaf-spin,yafs-pin
yafspib,yaf-spib,yafs-pib
yafspit,yaf-spit,yafs-pit
yafspik,yaf-spik,yafs-pik
yafspis,yaf-spis,yafs-pis
yafspix,yaf-spix,yafs-pix
yafspiC,yaf-spiC,yafs-piC
yafspan,yaf-span,yafs-pan
yafspak,yaf-spak,yafs-pak
yafspas,yaf-spas,yafs-pas
yafspof,yaf-spof,yafs-pof
yafspum,yaf-spum,yafs-pum
yafspug,yaf-spug,yafs-pug
yafspus,yaf-spus,yafs-pus
yafspul,yaf-spul,yafs-pul
yafstef,yaf-stef,yafs-tef
yafstab,yaf-stab,yafs-tab
yafstat,yaf-stat,yafs-tat
yafstal,yaf-stal,yafs-tal
yafstoj,yaf-stoj,yafs-toj
yafstud,yaf-stud,yafs-tud
yafstup,yaf-stup,yafs-tup
yafskim,yaf-skim,yafs-kim
yafskib,yaf-skib,yafs-kib
yafskig,yaf-skig,yafs-kig
yafskit,yaf-skit,yafs-kit
yafskis,yaf-skis,yafs-kis
yafskif,yaf-skif,yafs-kif
yafskix,yaf-skix,yafs-kix
yafskiC,yaf-skiC,yafs-kiC
yafskad,yaf-skad,yafs-kad
yafskag,yaf-skag,yafs-kag
yafskap,yaf-skap,yafs-kap
yafskas,yaf-skas,yafs-kas
yafskaf,yaf-skaf,yafs-kaf
yafskax,yaf-skax,yafs-kax
yafskaC,yaf-skaC,yafs-kaC
yafskal,yaf-skal,yafs-kal
yafskoq,yaf-skoq,yafs-koq
yafskud,yaf-skud,yafs-kud
yafskug,yaf-skug,yafs-kug
yafskup,yaf-skup,yafs-kup
yafskuz,yaf-skuz,yafs-kuz
yafskuf,yaf-skuf,yafs-kuf
yafskux,yaf-skux,yafs-kux
yafskul,yaf-skul,yafs-kul
yafsfim,yaf-sfim,yafs-fim
yafsfib,yaf-sfib,yafs-fib
yafsfit,yaf-sfit,yafs-fit
yafsfis,yaf-sfis,yafs-fis
yafsfif,yaf-sfif,yafs-fif
yafsfix,yaf-sfix,yafs-fix
yafsfiC,yaf-sfiC,yafs-fiC
yafsfam,yaf-sfam,yafs-fam
yafsfab,yaf-sfab,yafs-fab
yafsfag,yaf-sfag,yafs-fag
yafsfat,yaf-sfat,yafs-fat
yafsfaf,yaf-sfaf,yafs-faf
yafsfax,yaf-sfax,yafs-fax
yafsfaC,yaf-sfaC,yafs-faC
yafsfal,yaf-sfal,yafs-fal
yafsfum,yaf-sfum,yafs-fum
yafsfub,yaf-sfub,yafs-fub
yafsfug,yaf-sfug,yafs-fug
yafsfut,yaf-sfut,yafs-fut
yafsfus,yaf-sfus,yafs-fus
yafsfuf,yaf-sfuf,yafs-fuf
yafsfux,yaf-sfux,yafs-fux
yafsfuC,yaf-sfuC,yafs-fuC
yafsvik,yaf-svik,yafs-vik
yafsvas,yaf-svas,yafs-vas
yafsvur,yaf-svur,yafs-vur
yafslim,yaf-slim,yafs-lim
yafslid,yaf-slid,yafs-lid
yafslig,yaf-slig,yafs-lig
yafslip,yaf-slip,yafs-lip
yafslis,yaf-slis,yafs-lis
yafslif,yaf-slif,yafs-lif
yafslix,yaf-slix,yafs-lix
yafsliC,yaf-sliC,yafs-liC
yafslad,yaf-slad,yafs-lad
yafslag,yaf-slag,yafs-lag
yafslap,yaf-slap,yafs-lap
yafslas,yaf-slas,yafs-las
yafslaf,yaf-slaf,yafs-laf
yafslax,yaf-slax,yafs-lax
yafslaC,yaf-slaC,yafs-laC
yafslal,yaf-slal,yafs-lal
yafslom,yaf-slom,yafs-lom
yafslud,yaf-slud,yafs-lud
yafslug,yaf-slug,yafs-lug
yafslup,yaf-slup,yafs-lup
yafslus,yaf-slus,yafs-lus
yafsluf,yaf-sluf,yafs-luf
yafslux,yaf-slux,yafs-lux
yafsluC,yaf-sluC,yafs-luC
yafslur,yaf-slur,yafs-lur
yaxtxal,yax-txal,yaxt-xal
yaxtxum,yax-txum,yaxt-xum
yaxtrin,yax-trin,yaxt-rin
yaxtrik,yax-trik,yaxt-rik
yaxtris,yax-tris,yaxt-ris
yaxtrif,yax-trif,yaxt-rif
yaxtriC,yax-triC,yaxt-riC
yaxtret,yax-tret,yaxt-ret
yaxtrab,yax-trab,yaxt-rab
yaxtrag,yax-trag,yaxt-rag
yaxtras,yax-tras,yaxt-ras
yaxtraf,yax-traf,yaxt-raf
yaxtraC,yax-traC,yaxt-raC
yaxtral,yax-tral,yaxt-ral
yaxtrot,yax-trot,yaxt-rot
yaxtrum,yax-trum,yaxt-rum
yaxtrub,yax-trub,yaxt-rub
yaxtrug,yax-trug,yaxt-rug
yaxtrus,yax-trus,yaxt-rus
yaxtruf,yax-truf,yaxt-ruf
yaxtrux,yax-trux,yaxt-rux
yaxtruC,yax-truC,yaxt-ruC
yaxtrul,yax-trul,yaxt-rul
yalplib,yal-plib,yalp-lib
yalplix,yal-plix,yalp-lix
yalplan,yal-plan,yalp-lan
yalplax,yal-plax,yalp-lax
yalsmin,yal-smin,yals-min
yalsmib,yal-smib,yals-mib
yalsmit,yal-smit,yals-mit
yalsmis,yal-smis,yals-mis
yalsmix,yal-smix,yals-mix
yalsmiC,yal-smiC,yals-miC
yalsmek,yal-smek,yals-mek
yalsmad,yal-smad,yals-mad
yalsmas,yal-smas,yals-mas
yalsmaf,yal-smaf,yals-maf
yalsmax,yal-smax,yals-max
yalsmaC,yal-smaC,yals-maC
yalsmal,yal-smal,yals-mal
yalsmok,yal-smok,yals-mok
yalsmub,yal-smub,yals-mub
yalsmut,yal-smut,yals-mut
yalsmus,yal-smus,yals-mus
yalsmuf,yal-smuf,yals-muf
yalsmux,yal-smux,yals-mux
yalsmuC,yal-smuC,yals-muC
yalsmul,yal-smul,yals-mul
yalsnif,yal-snif,yals-nif
yalsnap,yal-snap,yals-nap
yalsnom,yal-snom,yals-nom
yalspin,yal-spin,yals-pin
yalspib,yal-spib,yals-pib
yalspit,yal-spit,yals-pit
yalspik,yal-spik,yals-pik
yalspis,yal-spis,yals-pis
yalspix,yal-spix,yals-pix
yalspiC,yal-spiC,yals-piC
yalspan,yal-span,yals-pan
yalspak,yal-spak,yals-pak
yalspas,yal-spas,yals-pas
yalspof,yal-spof,yals-pof
yalspum,yal-spum,yals-pum
yalspug,yal-spug,yals-pug
yalspus,yal-spus,yals-pus
yalspul,yal-spul,yals-pul
yalstef,yal-stef,yals-tef
yalstab,yal-stab,yals-tab
yalstat,yal-stat,yals-tat
yalstal,yal-stal,yals-tal
yalstoj,yal-stoj,yals-toj
yalstud,yal-stud,yals-tud
yalstup,yal-stup,yals-tup
yalskim,yal-skim,yals-kim
yalskib,yal-skib,yals-kib
yalskig,yal-skig,yals-kig
yalskit,yal-skit,yals-kit
yalskis,yal-skis,yals-kis
yalskif,yal-skif,yals-kif
yalskix,yal-skix,yals-kix
yalskiC,yal-skiC,yals-kiC
yalskad,yal-skad,yals-kad
yalskag,yal-skag,yals-kag
yalskap,yal-skap,yals-kap
yalskas,yal-skas,yals-kas
yalskaf,yal-skaf,yals-kaf
yalskax,yal-skax,yals-kax
yalskaC,yal-skaC,yals-kaC
yalskal,yal-skal,yals-kal
yalskoq,yal-skoq,yals-koq
yalskud,yal-skud,yals-kud
yalskug,yal-skug,yals-kug
yalskup,yal-skup,yals-kup
yalskuz,yal-skuz,yals-kuz
yalskuf,yal-skuf,yals-kuf
yalskux,yal-skux,yals-kux
yalskul,yal-skul,yals-kul
yalsfim,yal-sfim,yals-fim
yalsfib,yal-sfib,yals-fib
yalsfit,yal-sfit,yals-fit
yalsfis,yal-sfis,yals-fis
yalsfif,yal-sfif,yals-fif
yalsfix,yal-sfix,yals-fix
yalsfiC,yal-sfiC,yals-fiC
yalsfam,yal-sfam,yals-fam
yalsfab,yal-sfab,yals-fab
yalsfag,yal-sfag,yals-fag
yalsfat,yal-sfat,yals-fat
yalsfaf,yal-sfaf,yals-faf
yalsfax,yal-sfax,yals-fax
yalsfaC,yal-sfaC,yals-faC
yalsfal,yal-sfal,yals-fal
yalsfum,yal-sfum,yals-fum
yalsfub,yal-sfub,yals-fub
yalsfug,yal-sfug,yals-fug
yalsfut,yal-sfut,yals-fut
yalsfus,yal-sfus,yals-fus
yalsfuf,yal-sfuf,yals-fuf
yalsfux,yal-sfux,yals-fux
yalsfuC,yal-sfuC,yals-fuC
yalsvik,yal-svik,yals-vik
yalsvas,yal-svas,yals-vas
yalsvur,yal-svur,yals-vur
yalslim,yal-slim,yals-lim
yalslid,yal-slid,yals-lid
yalslig,yal-slig,yals-lig
yalslip,yal-slip,yals-lip
yalslis,yal-slis,yals-lis
yalslif,yal-slif,yals-lif
yalslix,yal-slix,yals-lix
yalsliC,yal-sliC,yals-liC
yalslad,yal-slad,yals-lad
yalslag,yal-slag,yals-lag
yalslap,yal-slap,yals-lap
yalslas,yal-slas,yals-las
yalslaf,yal-slaf,yals-laf
yalslax,yal-slax,yals-lax
yalslaC,yal-slaC,yals-laC
yalslal,yal-slal,yals-lal
yalslom,yal-slom,yals-lom
yalslud,yal-slud,yals-lud
yalslug,yal-slug,yals-lug
yalslup,yal-slup,yals-lup
yalslus,yal-slus,yals-lus
yalsluf,yal-sluf,yals-luf
yalslux,yal-slux,yals-lux
yalsluC,yal-sluC,yals-luC
yalslur,yal-slur,yals-lur
yalflid,yal-flid,yalf-lid
yalflip,yal-flip,yalf-lip
yalflif,yal-flif,yalf-lif
yalflem,yal-flem,yalf-lem
yalflek,yal-flek,yalf-lek
yalfleC,yal-fleC,yalf-leC
yalflad,yal-flad,yalf-lad
yalflap,yal-flap,yalf-lap
yalflaf,yal-flaf,yalf-laf
yalflax,yal-flax,yalf-lax
yalflom,yal-flom,yalf-lom
yalflok,yal-flok,yalf-lok
yalflor,yal-flor,yalf-lor
yalflud,yal-flud,yalf-lud
yalflup,yal-flup,yalf-lup
yalfluz,yal-fluz,yalf-luz
yalfluf,yal-fluf,yalf-luf
yalflux,yal-flux,yalf-lux
yalfris,yal-fris,yalf-ris
yalfrix,yal-frix,yalf-rix
yalfras,yal-fras,yalf-ras
yalxnim,yal-xnim,yalx-nim
yalxnib,yal-xnib,yalx-nib
yalxnig,yal-xnig,yalx-nig
yalxnit,yal-xnit,yalx-nit
yalxnis,yal-xnis,yalx-nis
yalxnif,yal-xnif,yalx-nif
yalxnix,yal-xnix,yalx-nix
yalxniC,yal-xniC,yalx-niC
yalxnam,yal-xnam,yalx-nam
yalxnab,yal-xnab,yalx-nab
yalxnag,yal-xnag,yalx-nag
yalxnat,yal-xnat,yalx-nat
yalxnas,yal-xnas,yalx-nas
yalxnaf,yal-xnaf,yalx-naf
yalxnax,yal-xnax,yalx-nax
yalxnaC,yal-xnaC,yalx-naC
yalxnal,yal-xnal,yalx-nal
yalxnum,yal-xnum,yalx-num
yalxnub,yal-xnub,yalx-nub
yalxnug,yal-xnug,yalx-nug
yalxnut,yal-xnut,yalx-nut
yalxnus,yal-xnus,yalx-nus
yalxnuf,yal-xnuf,yalx-nuf
yalxnux,yal-xnux,yalx-nux
yalxnuC,yal-xnuC,yalx-nuC
yalxnul,yal-xnul,yalx-nul
yalxkim,yal-xkim,yalx-kim
yalxkib,yal-xkib,yalx-kib
yalxkig,yal-xkig,yalx-kig
yalxkit,yal-xkit,yalx-kit
yalxkis,yal-xkis,yalx-kis
yalxkif,yal-xkif,yalx-kif
yalxkix,yal-xkix,yalx-kix
yalxkiC,yal-xkiC,yalx-kiC
yalxkam,yal-xkam,yalx-kam
yalxkab,yal-xkab,yalx-kab
yalxkag,yal-xkag,yalx-kag
yalxkat,yal-xkat,yalx-kat
yalxkas,yal-xkas,yalx-kas
yalxkaf,yal-xkaf,yalx-kaf
yalxkax,yal-xkax,yalx-kax
yalxkaC,yal-xkaC,yalx-kaC
yalxkal,yal-xkal,yalx-kal
yalxkum,yal-xkum,yalx-kum
yalxkub,yal-xkub,yalx-kub
yalxkug,yal-xkug,yalx-kug
yalxkut,yal-xkut,yalx-kut
yalxkus,yal-xkus,yalx-kus
yalxkuf,yal-xkuf,yalx-kuf
yalxkux,yal-xkux,yalx-kux
yalxkuC,yal-xkuC,yalx-kuC
yalxkul,yal-xkul,yalx-kul
yalxlim,yal-xlim,yalx-lim
yalxlib,yal-xlib,yalx-lib
yalxlit,yal-xlit,yalx-lit
yalxlik,yal-xlik,yalx-lik
yalxlis,yal-xlis,yalx-lis
yalxlif,yal-xlif,yalx-lif
yalxlix,yal-xlix,yalx-lix
yalxliC,yal-xliC,yalx-liC
yalxlam,yal-xlam,yalx-lam
yalxlab,yal-xlab,yalx-lab
yalxlag,yal-xlag,yalx-lag
yalxlat,yal-xlat,yalx-lat
yalxlas,yal-xlas,yalx-las
yalxlav,yal-xlav,yalx-lav
yalxlax,yal-xlax,yalx-lax
yalxlal,yal-xlal,yalx-lal
yalxlum,yal-xlum,yalx-lum
yalxlub,yal-xlub,yalx-lub
yalxlug,yal-xlug,yalx-lug
yalxlut,yal-xlut,yalx-lut
yalxlus,yal-xlus,yalx-lus
yalxluf,yal-xluf,yalx-luf
yalxlux,yal-xlux,yalx-lux
yalxluC,yal-xluC,yalx-luC
yalxlul,yal-xlul,yalx-lul
yardjin,yar-djin,yard-jin
yardjid,yar-djid,yard-jid
yardjip,yar-djip,yard-jip
yardjiz,yar-djiz,yard-jiz
yardjif,yar-djif,yard-jif
yardjix,yar-djix,yard-jix
yardjek,yar-djek,yard-jek
yardjam,yar-djam,yard-jam
yardjab,yar-djab,yard-jab
yardjat,yar-djat,yard-jat
yardjas,yar-djas,yard-jas
yardjaf,yar-djaf,yard-jaf
yardjax,yar-djax,yard-jax
yardjaC,yar-djaC,yard-jaC
yardjok,yar-djok,yard-jok
yardjud,yar-djud,yard-jud
yardjup,yar-djup,yard-jup
yardjus,yar-djus,yard-jus
yardjuf,yar-djuf,yard-juf
yardjux,yar-djux,yard-jux
yardjuC,yar-djuC,yard-juC
yardjul,yar-djul,yard-jul
yardrib,yar-drib,yard-rib
yardrix,yar-drix,yard-rix
yardram,yar-dram,yard-ram
yardrax,yar-drax,yard-rax
yorksim,yor-ksim,york-sim
yorksib,yor-ksib,york-sib
yorksig,yor-ksig,york-sig
yorksit,yor-ksit,york-sit
yorksis,yor-ksis,york-sis
yorksif,yor-ksif,york-sif
yorksix,yor-ksix,york-six
yorksiC,yor-ksiC,york-siC
yorksam,yor-ksam,york-sam
yorksab,yor-ksab,york-sab
yorksag,yor-ksag,york-sag
yorksat,yor-ksat,york-sat
yorksas,yor-ksas,york-sas
yorksaf,yor-ksaf,york-saf
yorksax,yor-ksax,york-sax
yorksaC,yor-ksaC,york-saC
yorksal,yor-ksal,york-sal
yorksum,yor-ksum,york-sum
yorksub,yor-ksub,york-sub
yorksug,yor-ksug,york-sug
yorksut,yor-ksut,york-sut
yorksus,yor-ksus,york-sus
yorksuf,yor-ksuf,york-suf
yorksux,yor-ksux,york-sux
yorksuC,yor-ksuC,york-suC
yorksul,yor-ksul,york-sul
yorklek,yor-klek,york-lek
yorkloz,yor-kloz,york-loz
yumdjin,yum-djin,yumd-jin
yumdjid,yum-djid,yumd-jid
yumdjip,yum-djip,yumd-jip
yumdjiz,yum-djiz,yumd-jiz
yumdjif,yum-djif,yumd-jif
yumdjix,yum-djix,yumd-jix
yumdjek,yum-djek,yumd-jek
yumdjam,yum-djam,yumd-jam
yumdjab,yum-djab,yumd-jab
yumdjat,yum-djat,yumd-jat
yumdjas,yum-djas,yumd-jas
yumdjaf,yum-djaf,yumd-jaf
yumdjax,yum-djax,yumd-jax
yumdjaC,yum-djaC,yumd-jaC
yumdjok,yum-djok,yumd-jok
yumdjud,yum-djud,yumd-jud
yumdjup,yum-djup,yumd-jup
yumdjus,yum-djus,yumd-jus
yumdjuf,yum-djuf,yumd-juf
yumdjux,yum-djux,yumd-jux
yumdjuC,yum-djuC,yumd-juC
yumdjul,yum-djul,yumd-jul
yumdrib,yum-drib,yumd-rib
yumdrix,yum-drix,yumd-rix
yumdram,yum-dram,yumd-ram
yumdrax,yum-drax,yumd-rax
yumplib,yum-plib,yump-lib
yumplix,yum-plix,yump-lix
yumplan,yum-plan,yump-lan
yumplax,yum-plax,yump-lax
yunksim,yun-ksim,yunk-sim
yunksib,yun-ksib,yunk-sib
yunksig,yun-ksig,yunk-sig
yunksit,yun-ksit,yunk-sit
yunksis,yun-ksis,yunk-sis
yunksif,yun-ksif,yunk-sif
yunksix,yun-ksix,yunk-six
yunksiC,yun-ksiC,yunk-siC
yunksam,yun-ksam,yunk-sam
yunksab,yun-ksab,yunk-sab
yunksag,yun-ksag,yunk-sag
yunksat,yun-ksat,yunk-sat
yunksas,yun-ksas,yunk-sas
yunksaf,yun-ksaf,yunk-saf
yunksax,yun-ksax,yunk-sax
yunksaC,yun-ksaC,yunk-saC
yunksal,yun-ksal,yunk-sal
yunksum,yun-ksum,yunk-sum
yunksub,yun-ksub,yunk-sub
yunksug,yun-ksug,yunk-sug
yunksut,yun-ksut,yunk-sut
yunksus,yun-ksus,yunk-sus
yunksuf,yun-ksuf,yunk-suf
yunksux,yun-ksux,yunk-sux
yunksuC,yun-ksuC,yunk-suC
yunksul,yun-ksul,yunk-sul
yunklek,yun-klek,yunk-lek
yunkloz,yun-kloz,yunk-loz
yupflid,yup-flid,yupf-lid
yupflip,yup-flip,yupf-lip
yupflif,yup-flif,yupf-lif
yupflem,yup-flem,yupf-lem
yupflek,yup-flek,yupf-lek
yupfleC,yup-fleC,yupf-leC
yupflad,yup-flad,yupf-lad
yupflap,yup-flap,yupf-lap
yupflaf,yup-flaf,yupf-laf
yupflax,yup-flax,yupf-lax
yupflom,yup-flom,yupf-lom
yupflok,yup-flok,yupf-lok
yupflor,yup-flor,yupf-lor
yupflud,yup-flud,yupf-lud
yupflup,yup-flup,yupf-lup
yupfluz,yup-fluz,yupf-luz
yupfluf,yup-fluf,yupf-luf
yupflux,yup-flux,yupf-lux
yupfris,yup-fris,yupf-ris
yupfrix,yup-frix,yupf-rix
yupfras,yup-fras,yupf-ras
yupxnim,yup-xnim,yupx-nim
yupxnib,yup-xnib,yupx-nib
yupxnig,yup-xnig,yupx-nig
yupxnit,yup-xnit,yupx-nit
yupxnis,yup-xnis,yupx-nis
yupxnif,yup-xnif,yupx-nif
yupxnix,yup-xnix,yupx-nix
yupxniC,yup-xniC,yupx-niC
yupxnam,yup-xnam,yupx-nam
yupxnab,yup-xnab,yupx-nab
yupxnag,yup-xnag,yupx-nag
yupxnat,yup-xnat,yupx-nat
yupxnas,yup-xnas,yupx-nas
yupxnaf,yup-xnaf,yupx-naf
yupxnax,yup-xnax,yupx-nax
yupxnaC,yup-xnaC,yupx-naC
yupxnal,yup-xnal,yupx-nal
yupxnum,yup-xnum,yupx-num
yupxnub,yup-xnub,yupx-nub
yupxnug,yup-xnug,yupx-nug
yupxnut,yup-xnut,yupx-nut
yupxnus,yup-xnus,yupx-nus
yupxnuf,yup-xnuf,yupx-nuf
yupxnux,yup-xnux,yupx-nux
yupxnuC,yup-xnuC,yupx-nuC
yupxnul,yup-xnul,yupx-nul
yupxkim,yup-xkim,yupx-kim
yupxkib,yup-xkib,yupx-kib
yupxkig,yup-xkig,yupx-kig
yupxkit,yup-xkit,yupx-kit
yupxkis,yup-xkis,yupx-kis
yupxkif,yup-xkif,yupx-kif
yupxkix,yup-xkix,yupx-kix
yupxkiC,yup-xkiC,yupx-kiC
yupxkam,yup-xkam,yupx-kam
yupxkab,yup-xkab,yupx-kab
yupxkag,yup-xkag,yupx-kag
yupxkat,yup-xkat,yupx-kat
yupxkas,yup-xkas,yupx-kas
yupxkaf,yup-xkaf,yupx-kaf
yupxkax,yup-xkax,yupx-kax
yupxkaC,yup-xkaC,yupx-kaC
yupxkal,yup-xkal,yupx-kal
yupxkum,yup-xkum,yupx-kum
yupxkub,yup-xkub,yupx-kub
yupxkug,yup-xkug,yupx-kug
yupxkut,yup-xkut,yupx-kut
yupxkus,yup-xkus,yupx-kus
yupxkuf,yup-xkuf,yupx-kuf
yupxkux,yup-xkux,yupx-kux
yupxkuC,yup-xkuC,yupx-kuC
yupxkul,yup-xkul,yupx-kul
yupxlim,yup-xlim,yupx-lim
yupxlib,yup-xlib,yupx-lib
yupxlit,yup-xlit,yupx-lit
yupxlik,yup-xlik,yupx-lik
yupxlis,yup-xlis,yupx-lis
yupxlif,yup-xlif,yupx-lif
yupxlix,yup-xlix,yupx-lix
yupxliC,yup-xliC,yupx-liC
yupxlam,yup-xlam,yupx-lam
yupxlab,yup-xlab,yupx-lab
yupxlag,yup-xlag,yupx-lag
yupxlat,yup-xlat,yupx-lat
yupxlas,yup-xlas,yupx-las
yupxlav,yup-xlav,yupx-lav
yupxlax,yup-xlax,yupx-lax
yupxlal,yup-xlal,yupx-lal
yupxlum,yup-xlum,yupx-lum
yupxlub,yup-xlub,yupx-lub
yupxlug,yup-xlug,yupx-lug
yupxlut,yup-xlut,yupx-lut
yupxlus,yup-xlus,yupx-lus
yupxluf,yup-xluf,yupx-luf
yupxlux,yup-xlux,yupx-lux
yupxluC,yup-xluC,yupx-luC
yupxlul,yup-xlul,yupx-lul
yukxnim,yuk-xnim,yukx-nim
yukxnib,yuk-xnib,yukx-nib
yukxnig,yuk-xnig,yukx-nig
yukxnit,yuk-xnit,yukx-nit
yukxnis,yuk-xnis,yukx-nis
yukxnif,yuk-xnif,yukx-nif
yukxnix,yuk-xnix,yukx-nix
yukxniC,yuk-xniC,yukx-niC
yukxnam,yuk-xnam,yukx-nam
yukxnab,yuk-xnab,yukx-nab
yukxnag,yuk-xnag,yukx-nag
yukxnat,yuk-xnat,yukx-nat
yukxnas,yuk-xnas,yukx-nas
yukxnaf,yuk-xnaf,yukx-naf
yukxnax,yuk-xnax,yukx-nax
yukxnaC,yuk-xnaC,yukx-naC
yukxnal,yuk-xnal,yukx-nal
yukxnum,yuk-xnum,yukx-num
yukxnub,yuk-xnub,yukx-nub
yukxnug,yuk-xnug,yukx-nug
yukxnut,yuk-xnut,yukx-nut
yukxnus,yuk-xnus,yukx-nus
yukxnuf,yuk-xnuf,yukx-nuf
yukxnux,yuk-xnux,yukx-nux
yukxnuC,yuk-xnuC,yukx-nuC
yukxnul,yuk-xnul,yukx-nul
yukxkim,yuk-xkim,yukx-kim
yukxkib,yuk-xkib,yukx-kib
yukxkig,yuk-xkig,yukx-kig
yukxkit,yuk-xkit,yukx-kit
yukxkis,yuk-xkis,yukx-kis
yukxkif,yuk-xkif,yukx-kif
yukxkix,yuk-xkix,yukx-kix
yukxkiC,yuk-xkiC,yukx-kiC
yukxkam,yuk-xkam,yukx-kam
yukxkab,yuk-xkab,yukx-kab
yukxkag,yuk-xkag,yukx-kag
yukxkat,yuk-xkat,yukx-kat
yukxkas,yuk-xkas,yukx-kas
yukxkaf,yuk-xkaf,yukx-kaf
yukxkax,yuk-xkax,yukx-kax
yukxkaC,yuk-xkaC,yukx-kaC
yukxkal,yuk-xkal,yukx-kal
yukxkum,yuk-xkum,yukx-kum
yukxkub,yuk-xkub,yukx-kub
yukxkug,yuk-xkug,yukx-kug
yukxkut,yuk-xkut,yukx-kut
yukxkus,yuk-xkus,yukx-kus
yukxkuf,yuk-xkuf,yukx-kuf
yukxkux,yuk-xkux,yukx-kux
yukxkuC,yuk-xkuC,yukx-kuC
yukxkul,yuk-xkul,yukx-kul
yukxlim,yuk-xlim,yukx-lim
yukxlib,yuk-xlib,yukx-lib
yukxlit,yuk-xlit,yukx-lit
yukxlik,yuk-xlik,yukx-lik
yukxlis,yuk-xlis,yukx-lis
yukxlif,yuk-xlif,yukx-lif
yukxlix,yuk-xlix,yukx-lix
yukxliC,yuk-xliC,yukx-liC
yukxlam,yuk-xlam,yukx-lam
yukxlab,yuk-xlab,yukx-lab
yukxlag,yuk-xlag,yukx-lag
yukxlat,yuk-xlat,yukx-lat
yukxlas,yuk-xlas,yukx-las
yukxlav,yuk-xlav,yukx-lav
yukxlax,yuk-xlax,yukx-lax
yukxlal,yuk-xlal,yukx-lal
yukxlum,yuk-xlum,yukx-lum
yukxlub,yuk-xlub,yukx-lub
yukxlug,yuk-xlug,yukx-lug
yukxlut,yuk-xlut,yukx-lut
yukxlus,yuk-xlus,yukx-lus
yukxluf,yuk-xluf,yukx-luf
yukxlux,yuk-xlux,yukx-lux
yukxluC,yuk-xluC,yukx-luC
yukxlul,yuk-xlul,yukx-lul
yustxal,yus-txal,yust-xal
yustxum,yus-txum,yust-xum
yustrin,yus-trin,yust-rin
yustrik,yus-trik,yust-rik
yustris,yus-tris,yust-ris
yustrif,yus-trif,yust-rif
yustriC,yus-triC,yust-riC
yustret,yus-tret,yust-ret
yustrab,yus-trab,yust-rab
yustrag,yus-trag,yust-rag
yustras,yus-tras,yust-ras
yustraf,yus-traf,yust-raf
yustraC,yus-traC,yust-raC
yustral,yus-tral,yust-ral
yustrot,yus-trot,yust-rot
yustrum,yus-trum,yust-rum
yustrub,yus-trub,yust-rub
yustrug,yus-trug,yust-rug
yustrus,yus-trus,yust-rus
yustruf,yus-truf,yust-ruf
yustrux,yus-trux,yust-rux
yustruC,yus-truC,yust-ruC
yustrul,yus-trul,yust-rul
yusksim,yus-ksim,yusk-sim
yusksib,yus-ksib,yusk-sib
yusksig,yus-ksig,yusk-sig
yusksit,yus-ksit,yusk-sit
yusksis,yus-ksis,yusk-sis
yusksif,yus-ksif,yusk-sif
yusksix,yus-ksix,yusk-six
yusksiC,yus-ksiC,yusk-siC
yusksam,yus-ksam,yusk-sam
yusksab,yus-ksab,yusk-sab
yusksag,yus-ksag,yusk-sag
yusksat,yus-ksat,yusk-sat
yusksas,yus-ksas,yusk-sas
yusksaf,yus-ksaf,yusk-saf
yusksax,yus-ksax,yusk-sax
yusksaC,yus-ksaC,yusk-saC
yusksal,yus-ksal,yusk-sal
yusksum,yus-ksum,yusk-sum
yusksub,yus-ksub,yusk-sub
yusksug,yus-ksug,yusk-sug
yusksut,yus-ksut,yusk-sut
yusksus,yus-ksus,yusk-sus
yusksuf,yus-ksuf,yusk-suf
yusksux,yus-ksux,yusk-sux
yusksuC,yus-ksuC,yusk-suC
yusksul,yus-ksul,yusk-sul
yusklek,yus-klek,yusk-lek
yuskloz,yus-kloz,yusk-loz
yuftxal,yuf-txal,yuft-xal
yuftxum,yuf-txum,yuft-xum
yuftrin,yuf-trin,yuft-rin
yuftrik,yuf-trik,yuft-rik
yuftris,yuf-tris,yuft-ris
yuftrif,yuf-trif,yuft-rif
yuftriC,yuf-triC,yuft-riC
yuftret,yuf-tret,yuft-ret
yuftrab,yuf-trab,yuft-rab
yuftrag,yuf-trag,yuft-rag
yuftras,yuf-tras,yuft-ras
yuftraf,yuf-traf,yuft-raf
yuftraC,yuf-traC,yuft-raC
yuftral,yuf-tral,yuft-ral
yuftrot,yuf-trot,yuft-rot
yuftrum,yuf-trum,yuft-rum
yuftrub,yuf-trub,yuft-rub
yuftrug,yuf-trug,yuft-rug
yuftrus,yuf-trus,yuft-rus
yuftruf,yuf-truf,yuft-ruf
yuftrux,yuf-trux,yuft-rux
yuftruC,yuf-truC,yuft-ruC
yuftrul,yuf-trul,yuft-rul
yufsmin,yuf-smin,yufs-min
yufsmib,yuf-smib,yufs-mib
yufsmit,yuf-smit,yufs-mit
yufsmis,yuf-smis,yufs-mis
yufsmix,yuf-smix,yufs-mix
yufsmiC,yuf-smiC,yufs-miC
yufsmek,yuf-smek,yufs-mek
yufsmad,yuf-smad,yufs-mad
yufsmas,yuf-smas,yufs-mas
yufsmaf,yuf-smaf,yufs-maf
yufsmax,yuf-smax,yufs-max
yufsmaC,yuf-smaC,yufs-maC
yufsmal,yuf-smal,yufs-mal
yufsmok,yuf-smok,yufs-mok
yufsmub,yuf-smub,yufs-mub
yufsmut,yuf-smut,yufs-mut
yufsmus,yuf-smus,yufs-mus
yufsmuf,yuf-smuf,yufs-muf
yufsmux,yuf-smux,yufs-mux
yufsmuC,yuf-smuC,yufs-muC
yufsmul,yuf-smul,yufs-mul
yufsnif,yuf-snif,yufs-nif
yufsnap,yuf-snap,yufs-nap
yufsnom,yuf-snom,yufs-nom
yufspin,yuf-spin,yufs-pin
yufspib,yuf-spib,yufs-pib
yufspit,yuf-spit,yufs-pit
yufspik,yuf-spik,yufs-pik
yufspis,yuf-spis,yufs-pis
yufspix,yuf-spix,yufs-pix
yufspiC,yuf-spiC,yufs-piC
yufspan,yuf-span,yufs-pan
yufspak,yuf-spak,yufs-pak
yufspas,yuf-spas,yufs-pas
yufspof,yuf-spof,yufs-pof
yufspum,yuf-spum,yufs-pum
yufspug,yuf-spug,yufs-pug
yufspus,yuf-spus,yufs-pus
yufspul,yuf-spul,yufs-pul
yufstef,yuf-stef,yufs-tef
yufstab,yuf-stab,yufs-tab
yufstat,yuf-stat,yufs-tat
yufstal,yuf-stal,yufs-tal
yufstoj,yuf-stoj,yufs-toj
yufstud,yuf-stud,yufs-tud
yufstup,yuf-stup,yufs-tup
yufskim,yuf-skim,yufs-kim
yufskib,yuf-skib,yufs-kib
yufskig,yuf-skig,yufs-kig
yufskit,yuf-skit,yufs-kit
yufskis,yuf-skis,yufs-kis
yufskif,yuf-skif,yufs-kif
yufskix,yuf-skix,yufs-kix
yufskiC,yuf-skiC,yufs-kiC
yufskad,yuf-skad,yufs-kad
yufskag,yuf-skag,yufs-kag
yufskap,yuf-skap,yufs-kap
yufskas,yuf-skas,yufs-kas
yufskaf,yuf-skaf,yufs-kaf
yufskax,yuf-skax,yufs-kax
yufskaC,yuf-skaC,yufs-kaC
yufskal,yuf-skal,yufs-kal
yufskoq,yuf-skoq,yufs-koq
yufskud,yuf-skud,yufs-kud
yufskug,yuf-skug,yufs-kug
yufskup,yuf-skup,yufs-kup
yufskuz,yuf-skuz,yufs-kuz
yufskuf,yuf-skuf,yufs-kuf
yufskux,yuf-skux,yufs-kux
yufskul,yuf-skul,yufs-kul
yufsfim,yuf-sfim,yufs-fim
yufsfib,yuf-sfib,yufs-fib
yufsfit,yuf-sfit,yufs-fit
yufsfis,yuf-sfis,yufs-fis
yufsfif,yuf-sfif,yufs-fif
yufsfix,yuf-sfix,yufs-fix
yufsfiC,yuf-sfiC,yufs-fiC
yufsfam,yuf-sfam,yufs-fam
yufsfab,yuf-sfab,yufs-fab
yufsfag,yuf-sfag,yufs-fag
yufsfat,yuf-sfat,yufs-fat
yufsfaf,yuf-sfaf,yufs-faf
yufsfax,yuf-sfax,yufs-fax
yufsfaC,yuf-sfaC,yufs-faC
yufsfal,yuf-sfal,yufs-fal
yufsfum,yuf-sfum,yufs-fum
yufsfub,yuf-sfub,yufs-fub
yufsfug,yuf-sfug,yufs-fug
yufsfut,yuf-sfut,yufs-fut
yufsfus,yuf-sfus,yufs-fus
yufsfuf,yuf-sfuf,yufs-fuf
yufsfux,yuf-sfux,yufs-fux
yufsfuC,yuf-sfuC,yufs-fuC
yufsvik,yuf-svik,yufs-vik
yufsvas,yuf-svas,yufs-vas
yufsvur,yuf-svur,yufs-vur
yufslim,yuf-slim,yufs-lim
yufslid,yuf-slid,yufs-lid
yufslig,yuf-slig,yufs-lig
yufslip,yuf-slip,yufs-lip
yufslis,yuf-slis,yufs-lis
yufslif,yuf-slif,yufs-lif
yufslix,yuf-slix,yufs-lix
yufsliC,yuf-sliC,yufs-liC
yufslad,yuf-slad,yufs-lad
yufslag,yuf-slag,yufs-lag
yufslap,yuf-slap,yufs-lap
yufslas,yuf-slas,yufs-las
yufslaf,yuf-slaf,yufs-laf
yufslax,yuf-slax,yufs-lax
yufslaC,yuf-slaC,yufs-laC
yufslal,yuf-slal,yufs-lal
yufslom,yuf-slom,yufs-lom
yufslud,yuf-slud,yufs-lud
yufslug,yuf-slug,yufs-lug
yufslup,yuf-slup,yufs-lup
yufslus,yuf-slus,yufs-lus
yufsluf,yuf-sluf,yufs-luf
yufslux,yuf-slux,yufs-lux
yufsluC,yuf-sluC,yufs-luC
yufslur,yuf-slur,yufs-lur
yuxtxal,yux-txal,yuxt-xal
yuxtxum,yux-txum,yuxt-xum
yuxtrin,yux-trin,yuxt-rin
yuxtrik,yux-trik,yuxt-rik
yuxtris,yux-tris,yuxt-ris
yuxtrif,yux-trif,yuxt-rif
yuxtriC,yux-triC,yuxt-riC
yuxtret,yux-tret,yuxt-ret
yuxtrab,yux-trab,yuxt-rab
yuxtrag,yux-trag,yuxt-rag
yuxtras,yux-tras,yuxt-ras
yuxtraf,yux-traf,yuxt-raf
yuxtraC,yux-traC,yuxt-raC
yuxtral,yux-tral,yuxt-ral
yuxtrot,yux-trot,yuxt-rot
yuxtrum,yux-trum,yuxt-rum
yuxtrub,yux-trub,yuxt-rub
yuxtrug,yux-trug,yuxt-rug
yuxtrus,yux-trus,yuxt-rus
yuxtruf,yux-truf,yuxt-ruf
yuxtrux,yux-trux,yuxt-rux
yuxtruC,yux-truC,yuxt-ruC
yuxtrul,yux-trul,yuxt-rul
yulblim,yul-blim,yulb-lim
yulbliz,yul-bliz,yulb-liz
yulblet,yul-blet,yulb-let
yulblab,yul-blab,yulb-lab
yulbloz,yul-bloz,yulb-loz
yulblof,yul-blof,yulb-lof
yulblor,yul-blor,yulb-lor
yulblum,yul-blum,yulb-lum
yulblub,yul-blub,yulb-lub
yulblut,yul-blut,yulb-lut
yulblux,yul-blux,yulb-lux
yulbrig,yul-brig,yulb-rig
yulbrif,yul-brif,yulb-rif
yulbrak,yul-brak,yulb-rak
yulbruk,yul-bruk,yulb-ruk
yultxal,yul-txal,yult-xal
yultxum,yul-txum,yult-xum
yultrin,yul-trin,yult-rin
yultrik,yul-trik,yult-rik
yultris,yul-tris,yult-ris
yultrif,yul-trif,yult-rif
yultriC,yul-triC,yult-riC
yultret,yul-tret,yult-ret
yultrab,yul-trab,yult-rab
yultrag,yul-trag,yult-rag
yultras,yul-tras,yult-ras
yultraf,yul-traf,yult-raf
yultraC,yul-traC,yult-raC
yultral,yul-tral,yult-ral
yultrot,yul-trot,yult-rot
yultrum,yul-trum,yult-rum
yultrub,yul-trub,yult-rub
yultrug,yul-trug,yult-rug
yultrus,yul-trus,yult-rus
yultruf,yul-truf,yult-ruf
yultrux,yul-trux,yult-rux
yultruC,yul-truC,yult-ruC
yultrul,yul-trul,yult-rul
yulsmin,yul-smin,yuls-min
yulsmib,yul-smib,yuls-mib
yulsmit,yul-smit,yuls-mit
yulsmis,yul-smis,yuls-mis
yulsmix,yul-smix,yuls-mix
yulsmiC,yul-smiC,yuls-miC
yulsmek,yul-smek,yuls-mek
yulsmad,yul-smad,yuls-mad
yulsmas,yul-smas,yuls-mas
yulsmaf,yul-smaf,yuls-maf
yulsmax,yul-smax,yuls-max
yulsmaC,yul-smaC,yuls-maC
yulsmal,yul-smal,yuls-mal
yulsmok,yul-smok,yuls-mok
yulsmub,yul-smub,yuls-mub
yulsmut,yul-smut,yuls-mut
yulsmus,yul-smus,yuls-mus
yulsmuf,yul-smuf,yuls-muf
yulsmux,yul-smux,yuls-mux
yulsmuC,yul-smuC,yuls-muC
yulsmul,yul-smul,yuls-mul
yulsnif,yul-snif,yuls-nif
yulsnap,yul-snap,yuls-nap
yulsnom,yul-snom,yuls-nom
yulspin,yul-spin,yuls-pin
yulspib,yul-spib,yuls-pib
yulspit,yul-spit,yuls-pit
yulspik,yul-spik,yuls-pik
yulspis,yul-spis,yuls-pis
yulspix,yul-spix,yuls-pix
yulspiC,yul-spiC,yuls-piC
yulspan,yul-span,yuls-pan
yulspak,yul-spak,yuls-pak
yulspas,yul-spas,yuls-pas
yulspof,yul-spof,yuls-pof
yulspum,yul-spum,yuls-pum
yulspug,yul-spug,yuls-pug
yulspus,yul-spus,yuls-pus
yulspul,yul-spul,yuls-pul
yulstef,yul-stef,yuls-tef
yulstab,yul-stab,yuls-tab
yulstat,yul-stat,yuls-tat
yulstal,yul-stal,yuls-tal
yulstoj,yul-stoj,yuls-toj
yulstud,yul-stud,yuls-tud
yulstup,yul-stup,yuls-tup
yulskim,yul-skim,yuls-kim
yulskib,yul-skib,yuls-kib
yulskig,yul-skig,yuls-kig
yulskit,yul-skit,yuls-kit
yulskis,yul-skis,yuls-kis
yulskif,yul-skif,yuls-kif
yulskix,yul-skix,yuls-kix
yulskiC,yul-skiC,yuls-kiC
yulskad,yul-skad,yuls-kad
yulskag,yul-skag,yuls-kag
yulskap,yul-skap,yuls-kap
yulskas,yul-skas,yuls-kas
yulskaf,yul-skaf,yuls-kaf
yulskax,yul-skax,yuls-kax
yulskaC,yul-skaC,yuls-kaC
yulskal,yul-skal,yuls-kal
yulskoq,yul-skoq,yuls-koq
yulskud,yul-skud,yuls-kud
yulskug,yul-skug,yuls-kug
yulskup,yul-skup,yuls-kup
yulskuz,yul-skuz,yuls-kuz
yulskuf,yul-skuf,yuls-kuf
yulskux,yul-skux,yuls-kux
yulskul,yul-skul,yuls-kul
yulsfim,yul-sfim,yuls-fim
yulsfib,yul-sfib,yuls-fib
yulsfit,yul-sfit,yuls-fit
yulsfis,yul-sfis,yuls-fis
yulsfif,yul-sfif,yuls-fif
yulsfix,yul-sfix,yuls-fix
yulsfiC,yul-sfiC,yuls-fiC
yulsfam,yul-sfam,yuls-fam
yulsfab,yul-sfab,yuls-fab
yulsfag,yul-sfag,yuls-fag
yulsfat,yul-sfat,yuls-fat
yulsfaf,yul-sfaf,yuls-faf
yulsfax,yul-sfax,yuls-fax
yulsfaC,yul-sfaC,yuls-faC
yulsfal,yul-sfal,yuls-fal
yulsfum,yul-sfum,yuls-fum
yulsfub,yul-sfub,yuls-fub
yulsfug,yul-sfug,yuls-fug
yulsfut,yul-sfut,yuls-fut
yulsfus,yul-sfus,yuls-fus
yulsfuf,yul-sfuf,yuls-fuf
yulsfux,yul-sfux,yuls-fux
yulsfuC,yul-sfuC,yuls-fuC
yulsvik,yul-svik,yuls-vik
yulsvas,yul-svas,yuls-vas
yulsvur,yul-svur,yuls-vur
yulslim,yul-slim,yuls-lim
yulslid,yul-slid,yuls-lid
yulslig,yul-slig,yuls-lig
yulslip,yul-slip,yuls-lip
yulslis,yul-slis,yuls-lis
yulslif,yul-slif,yuls-lif
yulslix,yul-slix,yuls-lix
yulsliC,yul-sliC,yuls-liC
yulslad,yul-slad,yuls-lad
yulslag,yul-slag,yuls-lag
yulslap,yul-slap,yuls-lap
yulslas,yul-slas,yuls-las
yulslaf,yul-slaf,yuls-laf
yulslax,yul-slax,yuls-lax
yulslaC,yul-slaC,yuls-laC
yulslal,yul-slal,yuls-lal
yulslom,yul-slom,yuls-lom
yulslud,yul-slud,yuls-lud
yulslug,yul-slug,yuls-lug
yulslup,yul-slup,yuls-lup
yulslus,yul-slus,yuls-lus
yulsluf,yul-sluf,yuls-luf
yulslux,yul-slux,yuls-lux
yulsluC,yul-sluC,yuls-luC
yulslur,yul-slur,yuls-lur
yulflid,yul-flid,yulf-lid
yulflip,yul-flip,yulf-lip
yulflif,yul-flif,yulf-lif
yulflem,yul-flem,yulf-lem
yulflek,yul-flek,yulf-lek
yulfleC,yul-fleC,yulf-leC
yulflad,yul-flad,yulf-lad
yulflap,yul-flap,yulf-lap
yulflaf,yul-flaf,yulf-laf
yulflax,yul-flax,yulf-lax
yulflom,yul-flom,yulf-lom
yulflok,yul-flok,yulf-lok
yulflor,yul-flor,yulf-lor
yulflud,yul-flud,yulf-lud
yulflup,yul-flup,yulf-lup
yulfluz,yul-fluz,yulf-luz
yulfluf,yul-fluf,yulf-luf
yulflux,yul-flux,yulf-lux
yulfris,yul-fris,yulf-ris
yulfrix,yul-frix,yulf-rix
yulfras,yul-fras,yulf-ras
yulxnim,yul-xnim,yulx-nim
yulxnib,yul-xnib,yulx-nib
yulxnig,yul-xnig,yulx-nig
yulxnit,yul-xnit,yulx-nit
yulxnis,yul-xnis,yulx-nis
yulxnif,yul-xnif,yulx-nif
yulxnix,yul-xnix,yulx-nix
yulxniC,yul-xniC,yulx-niC
yulxnam,yul-xnam,yulx-nam
yulxnab,yul-xnab,yulx-nab
yulxnag,yul-xnag,yulx-nag
yulxnat,yul-xnat,yulx-nat
yulxnas,yul-xnas,yulx-nas
yulxnaf,yul-xnaf,yulx-naf
yulxnax,yul-xnax,yulx-nax
yulxnaC,yul-xnaC,yulx-naC
yulxnal,yul-xnal,yulx-nal
yulxnum,yul-xnum,yulx-num
yulxnub,yul-xnub,yulx-nub
yulxnug,yul-xnug,yulx-nug
yulxnut,yul-xnut,yulx-nut
yulxnus,yul-xnus,yulx-nus
yulxnuf,yul-xnuf,yulx-nuf
yulxnux,yul-xnux,yulx-nux
yulxnuC,yul-xnuC,yulx-nuC
yulxnul,yul-xnul,yulx-nul
yulxkim,yul-xkim,yulx-kim
yulxkib,yul-xkib,yulx-kib
yulxkig,yul-xkig,yulx-kig
yulxkit,yul-xkit,yulx-kit
yulxkis,yul-xkis,yulx-kis
yulxkif,yul-xkif,yulx-kif
yulxkix,yul-xkix,yulx-kix
yulxkiC,yul-xkiC,yulx-kiC
yulxkam,yul-xkam,yulx-kam
yulxkab,yul-xkab,yulx-kab
yulxkag,yul-xkag,yulx-kag
yulxkat,yul-xkat,yulx-kat
yulxkas,yul-xkas,yulx-kas
yulxkaf,yul-xkaf,yulx-kaf
yulxkax,yul-xkax,yulx-kax
yulxkaC,yul-xkaC,yulx-kaC
yulxkal,yul-xkal,yulx-kal
yulxkum,yul-xkum,yulx-kum
yulxkub,yul-xkub,yulx-kub
yulxkug,yul-xkug,yulx-kug
yulxkut,yul-xkut,yulx-kut
yulxkus,yul-xkus,yulx-kus
yulxkuf,yul-xkuf,yulx-kuf
yulxkux,yul-xkux,yulx-kux
yulxkuC,yul-xkuC,yulx-kuC
yulxkul,yul-xkul,yulx-kul
yulxlim,yul-xlim,yulx-lim
yulxlib,yul-xlib,yulx-lib
yulxlit,yul-xlit,yulx-lit
yulxlik,yul-xlik,yulx-lik
yulxlis,yul-xlis,yulx-lis
yulxlif,yul-xlif,yulx-lif
yulxlix,yul-xlix,yulx-lix
yulxliC,yul-xliC,yulx-liC
yulxlam,yul-xlam,yulx-lam
yulxlab,yul-xlab,yulx-lab
yulxlag,yul-xlag,yulx-lag
yulxlat,yul-xlat,yulx-lat
yulxlas,yul-xlas,yulx-las
yulxlav,yul-xlav,yulx-lav
yulxlax,yul-xlax,yulx-lax
yulxlal,yul-xlal,yulx-lal
yulxlum,yul-xlum,yulx-lum
yulxlub,yul-xlub,yulx-lub
yulxlug,yul-xlug,yulx-lug
yulxlut,yul-xlut,yulx-lut
yulxlus,yul-xlus,yulx-lus
yulxluf,yul-xluf,yulx-luf
yulxlux,yul-xlux,yulx-lux
yulxluC,yul-xluC,yulx-luC
yulxlul,yul-xlul,yulx-lul
