english,english_parts,tune,tune_parts,joiner,parts,whole,where,kind
abbreviation,"short + form",letainunt,"let + nunt",ai,2,yes,sense,verdict
abdomen,"lower + body + region",,"? + vat + roqk",ai,3,no,sense,verdict
abdominal,"abdomen + of",,"? + yov",ai,2,no,judged,verdict
abduce,"best + explain + infer",,"? + yep + fliq",ai,3,no,sense,verdict
ability,"able + nature",fipainep,"fip + nep",ai,2,yes,sense,verdict
ablation,"ablate + act",,"? + yez",ai,2,no,judged,verdict
abnormal,"away + normal",yadaimebz,"yad + mebz",ai,2,yes,judged,verdict
abnormality,"abnormal + ness",,"? + ?",ai,2,no,judged,verdict
abortion,"abort + act",lorvaiyez,"lorv + yez",ai,2,yes,judged,verdict
abrasive,"abrade + like",,"? + lak",ai,2,no,sense,verdict
absence,"absent + state",brufaidom,"bruf + dom",ai,2,yes,sense,verdict
absorption,"absorb + act",zubaiyez,"zub + yez",ai,2,yes,judged,verdict
abstraction,"abstract + act",habzauyez,"habz + yez",au,2,yes,affix,verdict
academic,"academy + of",vebzaiyov,"vebz + yov",ai,2,yes,judged,verdict
acceleration,"accelerate + act",snaCauyez,"snaC + yez",au,2,yes,affix,verdict
accelerator,"accelerate + thing",snaCainiv,"snaC + niv",ai,2,yes,judged,verdict
acceptance,"accept + act",kedjaiyez,"kedj + yez",ai,2,yes,judged,verdict
acceptor,"accept + agent",kedjaiyug,"kedj + yug",ai,2,yes,judged,verdict
accessory,"access + thing",dispainiv,"disp + niv",ai,2,yes,judged,verdict
accidental,"accident + like",weqaulak,"weq + lak",au,2,yes,affix,verdict
accommodation,"accommodate + act",txidaiyez,"txid + yez",ai,2,yes,judged,verdict
accordance,"accord + act",kluvauyez,"kluv + yez",au,2,yes,affix,verdict
accountable,"answer + able",vadaifip,"vad + fip",ai,2,yes,sense,verdict
accumulation,"accumulate + act",fruvaiyez,"fruv + yez",ai,2,yes,judged,verdict
accuracy,"accurate + nature",jempaunep,"jemp + nep",au,2,yes,affix,verdict
acetate,"acetic + salt",,"? + tigz",ai,2,no,judged,verdict
achievement,"achieve + act",judzauyez,"judz + yez",au,2,yes,affix,verdict
acidity,"acid + ness",,"falf + ?",ai,2,no,judged,verdict
acknowledge,"know + say",numainib,"num + nib",ai,2,yes,sense,verdict
acquaintance,"meet + person",mitainar,"mit + nar",ai,2,yes,sense,verdict
acquisition,"acquire + act",bridaiyez,"brid + yez",ai,2,yes,judged,verdict
action,"act + act",yezauyez,"yez + yez",au,2,yes,affix,verdict
activate,"active + make",,"? + mek",ai,2,no,sense,verdict
activation,"activate + act",,"? + yez",ai,2,no,judged,verdict
activator,"activate + agent",,"? + yug",ai,2,no,judged,verdict
active,"act + like",yezaulak,"yez + lak",au,2,yes,affix,verdict
activist,"active + agent",,"? + yug",au,2,no,affix,verdict
activity,"active + nature",,"? + nep",au,2,no,affix,verdict
actor,"act + agent",yezauyug,"yez + yug",au,2,yes,affix,verdict
ad,"advertisement",,"?",ai,1,no,clipping,verdict
adaptation,"adapt + act",brezauyez,"brez + yez",au,2,yes,affix,verdict
adaptive,"adapt + like",brezailak,"brez + lak",ai,2,yes,judged,verdict
addiction,"addict + act",yolbaiyez,"yolb + yez",ai,2,yes,judged,verdict
addition,"add + act",laxauyez,"lax + yez",au,2,yes,affix,verdict
additive,"add + like",laxailak,"lax + lak",ai,2,yes,judged,verdict
adhesion,"adhere + act",frufaiyez,"fruf + yez",ai,2,yes,judged,verdict
adipose,"fat + of",wesaiyov,"wes + yov",ai,2,yes,judged,verdict
adjective,"nature + term",nepaitod,"nep + tod",ai,2,yes,sense,verdict
adjoin,"next + join",fidaigoz,"fid + goz",ai,2,yes,sense,verdict
adjustment,"adjust + act",yarpaiyez,"yarp + yez",ai,2,yes,judged,verdict
administration,"administer + act",klomauyez,"klom + yez",au,2,yes,affix,verdict
administrative,"administer + like",klomailak,"klom + lak",ai,2,yes,judged,verdict
admiration,"admire + act",siskauyez,"sisk + yez",au,2,yes,affix,verdict
admission,"admit + act",modzaiyez,"modz + yez",ai,2,yes,sense,verdict
adrenal,"upon + kidney",pandaifund,"pand + fund",ai,2,yes,judged,verdict
adrenergic,"adrenaline + of",,"? + yov",ai,2,no,judged,verdict
adsorb,"surface + adhere",sorfaifruf,"sorf + fruf",ai,2,yes,sense,verdict
advection,"flow + carry",suntaimaft,"sunt + maft",ai,2,yes,sense,verdict
adverb,"manner + term",kuqaitod,"kuq + tod",ai,2,yes,sense,verdict
advertise,"notice + make",mogzaimek,"mogz + mek",ai,2,yes,sense,verdict
advertisement,"advertise + act",,"? + yez",au,2,no,affix,verdict
advice,"advise + act",vadjaiyez,"vadj + yez",ai,2,yes,sense,verdict
aerial,"air + of",lesaiyov,"les + yov",ai,2,yes,judged,verdict
aerobic,"air + life + of",lesaicadaiyov,"les + cad + yov",ai,3,yes,judged,verdict
affiliate,"group + join",hipaigoz,"hip + goz",ai,2,yes,sense,verdict
affinity,"affine + ness",,"? + ?",ai,2,no,judged,verdict
afraid,"fear + full",froCaivup,"froC + vup",ai,2,yes,sense,verdict
afterlife,"after + life",retaicad,"ret + cad",ai,2,yes,compound,verdict
afternoon,"after + noon",retaikibz,"ret + kibz",ai,2,yes,compound,verdict
agency,"agent + ness",,"yug + ?",ai,2,no,judged,verdict
aggregation,"aggregate + act",kanaiyez,"kan + yez",ai,2,yes,judged,verdict
agonist,"act + agent",yezaiyug,"yez + yug",ai,2,yes,judged,verdict
agreement,"agree + act",kekauyez,"kek + yez",au,2,yes,affix,verdict
agricultural,"agriculture + of",,"? + yov",ai,2,no,judged,verdict
airport,"sky + port",xumaihups,"xum + hups",ai,2,yes,sense,verdict
albatross,"big + sea + bird",brataimalcaibax,"brat + malc + bax",ai,3,yes,sense,verdict
alignment,"align + act",mokaiyez,"mok + yez",ai,2,yes,judged,verdict
alkaline,"alkali + like",,"? + lak",ai,2,no,judged,verdict
allocation,"allocate + act",,"? + yez",ai,2,no,judged,verdict
allowed,"allow + done",,"norg + ?",au,2,no,affix,verdict
aloud,"out + loud",bukaigift,"buk + gift",ai,2,yes,sense,verdict
alphabet,"letter + code",witaikod,"wit + kod",ai,2,yes,sense,verdict
alpine,"mountain + live",motaikib,"mot + kib",ai,2,yes,sense,verdict
alternative,"alter + native",ledzaixolk,"ledz + xolk",ai,2,yes,compound,verdict
altruistic,"other + benefit + self + cost",nezaisintaidepaimunt,"nez + sint + dep + munt",ai,4,yes,sense,verdict
aluminum,"light + metal",litaimalt,"lit + malt",ai,2,yes,sense,verdict
alveolar,"alveolus + of",,"? + yov",ai,2,no,judged,verdict
am,"grammar",,"?",au,1,no,grammar,verdict
amber,"tree + resin + rock",,"dip + ? + rak",ai,3,no,sense,verdict
amendment,"amend + act",,"? + yez",ai,2,no,judged,verdict
amethyst,"purple + gem",sifaiblod,"sif + blod",ai,2,yes,sense,verdict
amino,"ammonia + group",smavaihip,"smav + hip",ai,2,yes,judged,verdict
ammonium,"ammonia + ion",,"smav + ?",ai,2,no,judged,verdict
amorphous,"no + shape",nopaideps,"nop + deps",ai,2,yes,sense,verdict
amplification,"amplify + act",,"? + yez",ai,2,no,judged,verdict
amplify,"strong + make",livaimek,"liv + mek",ai,2,yes,sense,verdict
anaesthetic,"anesthesia + thing",,"? + niv",ai,2,no,judged,verdict
anal,"anus + of",spabaiyov,"spab + yov",ai,2,yes,judged,verdict
analysis,"analyze + act",djixaiyez,"djix + yez",ai,2,yes,sense,verdict
analytical,"analysis + of",,"? + yov",ai,2,no,judged,verdict
anatomical,"anatomy + of",,"? + yov",ai,2,no,judged,verdict
ancestor,"before + kin",toraiwest,"tor + west",ai,2,yes,sense,verdict
anchovy,"salt + herring",tigzaidjup,"tigz + djup",ai,2,yes,sense,verdict
anemia,"without + blood",CevaibloC,"Cev + bloC",ai,2,yes,judged,verdict
anemone,"sea + flower + animal",malcaifloraizul,"malc + flor + zul",ai,3,yes,sense,verdict
angry,"anger + like",tidzaulak,"tidz + lak",au,2,yes,affix,verdict
angular,"angle + like",hompailak,"homp + lak",ai,2,yes,judged,verdict
anion,"negative + ion",,"dum + ?",ai,2,no,sense,verdict
anniversary,"year + loop + feast",yarailupaiCunt,"yar + lup + Cunt",ai,3,yes,sense,verdict
annoyance,"annoy + act",blevauyez,"blev + yez",au,2,yes,affix,verdict
annual,"one + year + live",zanaiyaraikib,"zan + yar + kib",ai,3,yes,sense,verdict
annular,"ring + of",ropaiyov,"rop + yov",ai,2,yes,judged,verdict
annulus,"ring + small",ropaismal,"rop + smal",ai,2,yes,judged,verdict
antagonist,"against + agent",zofaiyug,"zof + yug",ai,2,yes,judged,verdict
anteater,"ant + eat + animal",yolvaigabaizul,"yolv + gab + zul",ai,3,yes,sense,verdict
antelope,"fast + deer",fastaixars,"fast + xars",ai,2,yes,sense,verdict
anterior,"before + more",torainis,"tor + nis",ai,2,yes,judged,verdict
antibiotic,"microbe + kill + medicine",,"? + klub + gorz",ai,3,no,sense,verdict
antibodies,"antibody + many",,"? + mav",ai,2,no,judged,verdict
antigen,"antibody + generate",,"? + ?",ai,2,no,judged,verdict
antonym,"opposite + meaning",handaimog,"hand + mog",ai,2,yes,sense,verdict
anvil,"iron + block",kitxaigiks,"kitx + giks",ai,2,yes,sense,verdict
anxiety,"anxious + nature",segzainep,"segz + nep",ai,2,yes,sense,verdict
aperture,"opening",getx,"getx",ai,1,yes,sense,verdict
aphid,"sap + suck + bug",glomaigotxaipamp,"glom + gotx + pamp",ai,3,yes,sense,verdict
apical,"apex + of",,"? + yov",ai,2,no,judged,verdict
apologise,"apology + make",hipsaimek,"hips + mek",ai,2,yes,sense,verdict
apologize,"apology + make",hipsaimek,"hips + mek",ai,2,yes,sense,verdict
appearance,"appear + act",fleCauyez,"fleC + yez",au,2,yes,affix,verdict
application,"apply + act",vendauyez,"vend + yez",au,2,yes,affix,verdict
appointment,"appoint + act",txatauyez,"txat + yez",au,2,yes,affix,verdict
appreciation,"appreciate + act",lebauyez,"leb + yez",au,2,yes,affix,verdict
apprentice,"learn + agent",linaiyug,"lin + yug",ai,2,yes,sense,verdict
approximately,"approximate + manner",snozaukuq,"snoz + kuq",au,2,yes,affix,verdict
apricot,"small + peach",smalaicesp,"smal + cesp",ai,2,yes,sense,verdict
aquatic,"water + live",waCaikib,"waC + kib",ai,2,yes,sense,verdict
aqueduct,"water + road",waCaiyeb,"waC + yeb",ai,2,yes,sense,verdict
aqueous,"water + of",waCaiyov,"waC + yov",ai,2,yes,judged,verdict
arachnid,"spider + group",falpaihip,"falp + hip",ai,2,yes,sense,verdict
arboreal,"tree + live",dipaikib,"dip + kib",ai,2,yes,sense,verdict
archipelago,"island + group",gendaihip,"gend + hip",ai,2,yes,sense,verdict
architectural,"architecture + of",,"? + yov",ai,2,no,judged,verdict
architecture,"architect + act",,"? + yez",ai,2,no,judged,verdict
are,"grammar",,"?",au,1,no,grammar,verdict
argument,"argue + act",tintauyez,"tint + yez",au,2,yes,affix,verdict
arid,"very + dry",penaidral,"pen + dral",ai,2,yes,sense,verdict
arise,"come + up",gumaited,"gum + ted",ai,2,yes,sense,verdict
armadillo,"shell + animal",txalaizul,"txal + zul",ai,2,yes,sense,verdict
armor,"protect + covering",mepsaivedz,"meps + vedz",ai,2,yes,sense,verdict
armory,"armor + like",,"? + lak",au,2,no,affix,verdict
army,"military + group",gibzaihip,"gibz + hip",ai,2,yes,sense,verdict
arousal,"arouse + like",snuvaulak,"snuv + lak",au,2,yes,affix,verdict
arrangement,"arrange + act",hentauyez,"hent + yez",au,2,yes,affix,verdict
array,"order + list",nordailist,"nord + list",ai,2,yes,sense,verdict
arrest,"law + seize",xufailidj,"xuf + lidj",ai,2,yes,sense,verdict
arsenate,"arsenic + salt",,"? + tigz",ai,2,no,judged,verdict
arterial,"artery + of",yubzaiyov,"yubz + yov",ai,2,yes,judged,verdict
article,"point + term",leCaitod,"leC + tod",ai,2,yes,sense,verdict
articulation,"articulate + act",,"? + yez",ai,2,no,judged,verdict
artist,"art + agent",meqkauyug,"meqk + yug",au,2,yes,affix,verdict
artwork,"art + work",meqkaiwark,"meqk + wark",ai,2,yes,sense,verdict
ascending,"ascend + act",skiqauyez,"skiq + yez",au,2,yes,affix,verdict
ashamed,"ashame + done",,"? + ?",au,2,no,affix,verdict
aspiration,"aspirate + act",,"? + yez",ai,2,no,judged,verdict
assassin,"hire + kill + agent",bedjaiklubaiyug,"bedj + klub + yug",ai,3,yes,sense,verdict
assembly,"assemble + like",djeqaulak,"djeq + lak",au,2,yes,affix,verdict
assess,"as + female",nazaufim,"naz + fim",au,2,yes,affix,verdict
assessment,"assess + act",,"? + yez",ai,2,no,judged,verdict
asset,"own + thing",tikainiv,"tik + niv",ai,2,yes,sense,verdict
assignment,"assign + act",druqaiyez,"druq + yez",ai,2,yes,judged,verdict
assist,"as + agent",nazauyug,"naz + yug",au,2,yes,affix,verdict
assistance,"assist + act",,"? + yez",ai,2,no,judged,verdict
assistant,"assist + agent",,"? + yug",au,2,no,affix,verdict
associated,"associate + done",,"xesk + ?",au,2,no,affix,verdict
association,"associate + act",xeskauyez,"xesk + yez",au,2,yes,affix,verdict
asteroid,"rock + star",rakaistar,"rak + star",ai,2,yes,sense,verdict
astronomical,"astronomy + of",,"? + yov",ai,2,no,judged,verdict
asylum,"safe + place",stefainad,"stef + nad",ai,2,yes,sense,verdict
asymmetric,"asymmetry + like",,"? + lak",au,2,no,affix,verdict
asymmetry,"asymmetric + like",,"? + lak",au,2,no,affix,verdict
asynchronous,"not + same + time",masainobaikal,"mas + nob + kal",ai,3,yes,sense,verdict
athletic,"athlete + like",lodjaulak,"lodj + lak",au,2,yes,affix,verdict
atoll,"ring + reef",,"rop + ?",ai,2,no,sense,verdict
atomic,"atom + like",tomaulak,"tom + lak",au,2,yes,affix,verdict
atrophy,"without + nourish",,"Cev + ?",ai,2,no,judged,verdict
attached,"attach + done",,"totx + ?",au,2,no,affix,verdict
attachment,"attach + act",totxaiyez,"totx + yez",ai,2,yes,judged,verdict
attendance,"attend + act",setxauyez,"setx + yez",au,2,yes,affix,verdict
attention,"attend + act",setxauyez,"setx + yez",au,2,yes,affix,verdict
attentive,"attend + like",setxaulak,"setx + lak",au,2,yes,affix,verdict
attenuate,"weak + make",slokaimek,"slok + mek",ai,2,yes,sense,verdict
attenuation,"attenuate + act",,"? + yez",ai,2,no,judged,verdict
attraction,"attract + act",yaqkauyez,"yaqk + yez",au,2,yes,affix,verdict
attractive,"attract + like",yaqkaulak,"yaqk + lak",au,2,yes,affix,verdict
attractor,"attract + state",yaqkaidom,"yaqk + dom",ai,2,yes,sense,verdict
attrition,"rub + act",gruvaiyez,"gruv + yez",ai,2,yes,judged,verdict
audacious,"very + bold",penaijarb,"pen + jarb",ai,2,yes,sense,verdict
audible,"hear + able",pubaifip,"pub + fip",ai,2,yes,sense,verdict
auditory,"hear + of",pubaiyov,"pub + yov",ai,2,yes,judged,verdict
augury,"sign + read",saqkairid,"saqk + rid",ai,2,yes,sense,verdict
aunt,"parent + sibling",sasaitat,"sas + tat",ai,2,yes,sense,verdict
aurora,"pole + light",viksailit,"viks + lit",ai,2,yes,sense,verdict
authenticate,"true + prove",nufaipruv,"nuf + pruv",ai,2,yes,sense,verdict
authorize,"authority + give",pepsaigif,"peps + gif",ai,2,yes,sense,verdict
automated,"self + move + done",,"dep + muv + ?",ai,3,no,judged,verdict
autonomous,"autonomy + like",,"? + lak",au,2,no,affix,verdict
autonomy,"autonomous + like",,"? + lak",au,2,no,affix,verdict
autosomal,"autosome + of",,"? + yov",ai,2,no,judged,verdict
avalanche,"snow + slide",snomaislad,"snom + slad",ai,2,yes,sense,verdict
avatar,"proxy + body",skegaivat,"skeg + vat",ai,2,yes,sense,verdict
avenge,"revenge",teft,"teft",ai,1,yes,sense,verdict
avian,"bird + of",baxaiyov,"bax + yov",ai,2,yes,judged,verdict
aviation,"fly + act",lefaiyez,"lef + yez",ai,2,yes,judged,verdict
avoidable,"avoid + able",vordaifip,"vord + fip",ai,2,yes,compound,verdict
awareness,"aware + nature",dubaunep,"dub + nep",au,2,yes,affix,verdict
axial,"axis + of",vovaiyov,"vov + yov",ai,2,yes,judged,verdict
backup,"spare + copy",degzaixok,"degz + xok",ai,2,yes,sense,verdict
backward,"back + oriented",,"gok + ?",ai,2,no,sense,verdict
bacon,"pig + meat",pragaimak,"prag + mak",ai,2,yes,sense,verdict
bacterial,"bacteria + of",brakaiyov,"brak + yov",ai,2,yes,judged,verdict
badger,"badge + agent",heftauyug,"heft + yug",au,2,yes,affix,verdict
badminton,"racket + feather + ball + sport",jorvaicindaibralaipudj,"jorv + cind + bral + pudj",ai,4,yes,sense,verdict
balanced,"balance + done",,"halv + ?",au,2,no,affix,verdict
bamboo,"hollow + grass",vabzaigras,"vabz + gras",ai,2,yes,sense,verdict
bandit,"rob + agent",borgaiyug,"borg + yug",ai,2,yes,sense,verdict
banish,"ban + like",djexaulak,"djex + lak",au,2,yes,affix,verdict
banner,"ban + agent",djexauyug,"djex + yug",au,2,yes,affix,verdict
baobab,"fat + tree",wesaidip,"wes + dip",ai,2,yes,sense,verdict
baptism,"holy + bathe",mestaiblam,"mest + blam",ai,2,yes,sense,verdict
barbecue,"fire + cook",forainalf,"for + nalf",ai,2,yes,sense,verdict
barn,"farm + building",,"desp + ?",ai,2,no,sense,verdict
barnacle,"stick + shell",rebaitxal,"reb + txal",ai,2,yes,sense,verdict
barracks,"soldier + house",,"? + puz",ai,2,no,sense,verdict
barrel,"round + wood + container",mapsaivriCaiweps,"maps + vriC + weps",ai,3,yes,sense,verdict
barter,"thing + trade",nivaitred,"niv + tred",ai,2,yes,sense,verdict
basalt,"dark + rock",ramairak,"ram + rak",ai,2,yes,sense,verdict
baseball,"bat + ball + sport",batxaibralaipudj,"batx + bral + pudj",ai,3,yes,sense,verdict
baseline,"base + line",besaizob,"bes + zob",ai,2,yes,compound,verdict
basement,"base + act",besauyez,"bes + yez",au,2,yes,affix,verdict
basic,"base + like",besaulak,"bes + lak",au,2,yes,affix,verdict
basket,"weave + open + container",worvaizarkaiweps,"worv + zark + weps",ai,3,yes,sense,verdict
basketball,"basket + ball + sport",,"? + bral + pudj",ai,3,no,sense,verdict
bath,"bathe + place",blamainad,"blam + nad",ai,2,yes,sense,verdict
bearer,"bear + one",nuqkaizan,"nuqk + zan",ai,2,yes,judged,verdict
bearing,"bear + act",nuqkauyez,"nuqk + yez",au,2,yes,affix,verdict
beautiful,"beauty + full",batauvup,"bat + vup",au,2,yes,affix,verdict
beautify,"beauty + make",bataumek,"bat + mek",au,2,yes,affix,verdict
beaver,"wood + cut + river + rat",vriCaizepainarvaidimp,"vriC + zep + narv + dimp",ai,4,yes,sense,verdict
beef,"cow + meat",vaqkaimak,"vaqk + mak",ai,2,yes,sense,verdict
been,"grammar",,"?",au,1,no,grammar,verdict
beetle,"shell + bug",txalaipamp,"txal + pamp",ai,2,yes,sense,verdict
beggar,"beg + agent",nispaiyug,"nisp + yug",ai,2,yes,sense,verdict
beginner,"begin + agent",morkauyug,"mork + yug",au,2,yes,affix,verdict
beginning,"begin + act",morkauyez,"mork + yez",au,2,yes,affix,verdict
behavior,"behave + agent",kolvauyug,"kolv + yug",au,2,yes,affix,verdict
being,"grammar",,"?",au,1,no,grammar,verdict
belief,"believe + act",pofaiyez,"pof + yez",ai,2,yes,sense,verdict
belittle,"less + important + make",gefaiportaimek,"gef + port + mek",ai,3,yes,sense,verdict
belly,"bell + like",gentaulak,"gent + lak",au,2,yes,affix,verdict
beneficial,"benefit + like",sintailak,"sint + lak",ai,2,yes,sense,verdict
benevolent,"other + good + want",nezaitafaiwant,"nez + taf + want",ai,3,yes,sense,verdict
benzoate,"benzoic + salt",,"? + tigz",ai,2,no,judged,verdict
besides,"beside + many",sadjaumav,"sadj + mav",au,2,yes,affix,verdict
best,"grammar",,"?",au,1,no,grammar,verdict
best case,"best + possible + outcome",,"? + yen + wutx",ai,3,no,sense,verdict
better,"grammar",,"?",au,1,no,grammar,verdict
beverage,"drink + thing",dugainiv,"dug + niv",ai,2,yes,judged,verdict
bible,"holy + book",mestaivam,"mest + vam",ai,2,yes,sense,verdict
bicycle,"bike",,"?",ai,1,no,sense,verdict
bifurcate,"behavior + branch + threshold",,"? + lum + droq",ai,3,no,sense,verdict
bike,"bicycle",,"?",ai,1,no,clipping,verdict
bilateral,"two + side + symmetry",dobaisardaimatx,"dob + sard + matx",ai,3,yes,sense,verdict
billion,"bill + act",xazauyez,"xaz + yez",au,2,yes,affix,verdict
binary,"two + system",dobaiwux,"dob + wux",ai,2,yes,sense,verdict
binder,"bind + thing",binainiv,"bin + niv",ai,2,yes,judged,verdict
biodiversity,"life + diversity",,"cad + ?",ai,2,no,sense,verdict
biological,"life + study + like",cadainedzailak,"cad + nedz + lak",ai,3,yes,sense,verdict
biology,"life + study",cadainedz,"cad + nedz",ai,2,yes,sense,verdict
biome,"life + region",cadairoqk,"cad + roqk",ai,2,yes,sense,verdict
birch,"white + bark + tree",wipaiyogzaidip,"wip + yogz + dip",ai,3,yes,sense,verdict
birthday,"birth + day",dolbaiyam,"dolb + yam",ai,2,yes,sense,verdict
bishop,"church + chief",,"? + wob",ai,2,no,sense,verdict
bison,"wild + cow",waldaivaqk,"wald + vaqk",ai,2,yes,sense,verdict
blackberry,"black + berry",vogaiglaf,"vog + glaf",ai,2,yes,sense,verdict
blanket,"bed + covering",vifaivedz,"vif + vedz",ai,2,yes,sense,verdict
bleat,"sheep + call",zigzaikar,"zigz + kar",ai,2,yes,sense,verdict
blend in,"same + seem + become",nobaifopaijef,"nob + fop + jef",ai,3,yes,sense,verdict
blessing,"bless + act",godjauyez,"godj + yez",au,2,yes,affix,verdict
blindness,"blind + ness",,"nald + ?",ai,2,no,judged,verdict
blizzard,"snow + storm",snomaideqk,"snom + deqk",ai,2,yes,sense,verdict
blockade,"block + act",giksaiyez,"giks + yez",ai,2,yes,sense,verdict
blocker,"block + agent",giksaiyug,"giks + yug",ai,2,yes,judged,verdict
blossom,"tree + flower",dipaiflor,"dip + flor",ai,2,yes,sense,verdict
blotch,"rough + spot",gabzaimals,"gabz + mals",ai,2,yes,sense,verdict
blueberry,"blue + berry",bulaiglaf,"bul + glaf",ai,2,yes,sense,verdict
blurred,"blur + done",,"blor + ?",au,2,no,affix,verdict
boar,"wild + pig",waldaiprag,"wald + prag",ai,2,yes,sense,verdict
boastful,"boast + like",spunailak,"spun + lak",ai,2,yes,sense,verdict
bodily,"body + like",vatailak,"vat + lak",ai,2,yes,judged,verdict
bony,"bone + like",brodailak,"brod + lak",ai,2,yes,judged,verdict
boor,"rude + coarse + agent",buksaisnicaiyug,"buks + snic + yug",ai,3,yes,sense,verdict
boot,"tall + shoe",talsaidebz,"tals + debz",ai,2,yes,sense,verdict
border,"bound + between",tudjaitin,"tudj + tin",ai,2,yes,sense,verdict
bored,"bore + done",,"jesp + ?",au,2,no,affix,verdict
boredom,"bore + state",jespaudom,"jesp + dom",au,2,yes,affix,verdict
boring,"bore + act",jespauyez,"jesp + yez",au,2,yes,affix,verdict
bother,"both + agent",korauyug,"kor + yug",au,2,yes,affix,verdict
bottle,"narrow + neck + container",Ceftaimondaiweps,"Ceft + mond + weps",ai,3,yes,sense,verdict
bottleneck,"flow + limit + component",suntaizarfaismif,"sunt + zarf + smif",ai,3,yes,sense,verdict
boulder,"big + rock + piece",bratairakaifuf,"brat + rak + fuf",ai,3,yes,sense,verdict
boundary,"bound + line",tudjaizob,"tudj + zob",ai,2,yes,sense,verdict
bounded,"bound + have",tudjaihaz,"tudj + haz",ai,2,yes,sense,verdict
bounty,"gift + pay",,"? + peq",ai,2,no,sense,verdict
bovine,"cow + of",vaqkaiyov,"vaqk + yov",ai,2,yes,judged,verdict
branching,"branch + act",lumauyez,"lum + yez",au,2,yes,affix,verdict
brass,"yellow + copper",buxairov,"bux + rov",ai,2,yes,sense,verdict
bray,"small + horse + call",smalaihorsaikar,"smal + hors + kar",ai,3,yes,sense,verdict
brazen,"bold + shameless",,"jarb + ?",ai,2,no,sense,verdict
breadth,"broad + measure",horbaiyaj,"horb + yaj",ai,2,yes,sense,verdict
breaker,"break + thing",geqainiv,"geq + niv",ai,2,yes,judged,verdict
breakfast,"morning + meal",tanaidarg,"tan + darg",ai,2,yes,sense,verdict
bridle,"horse + head + strap",horsaihadairegz,"hors + had + regz",ai,3,yes,sense,verdict
brightness,"bright + nature",dinaunep,"din + nep",au,2,yes,affix,verdict
bristle,"stiff + hair",fatxaifif,"fatx + fif",ai,2,yes,sense,verdict
broadcast,"broad + cast",horbaikast,"horb + kast",ai,2,yes,compound,verdict
broker,"deal + middle + agent",djataimadaiyug,"djat + mad + yug",ai,3,yes,sense,verdict
bromide,"bromine + compound",,"? + Ceqk",ai,2,no,judged,verdict
bronze,"copper + tin",rovaixalb,"rov + xalb",ai,2,yes,sense,verdict
brook,"small + stream",smalaixuts,"smal + xuts",ai,2,yes,sense,verdict
buccal,"cheek + of",Ciksaiyov,"Ciks + yov",ai,2,yes,judged,verdict
bucket,"open + carry + container",zarkaimaftaiweps,"zark + maft + weps",ai,3,yes,sense,verdict
buddy,"bud + like",gondaulak,"gond + lak",au,2,yes,affix,verdict
budget,"money + plan",povaiplan,"pov + plan",ai,2,yes,sense,verdict
buffalo,"wild + cow",waldaivaqk,"wald + vaqk",ai,2,yes,sense,verdict
builder,"build + one",gufaizan,"guf + zan",ai,2,yes,judged,verdict
building,"build + act",gufauyez,"guf + yez",au,2,yes,affix,verdict
bunker,"under + shelter",betaivond,"bet + vond",ai,2,yes,sense,verdict
buoyancy,"buoyant + nature",,"? + nep",ai,2,no,sense,verdict
burglar,"house + steal + agent",puzaimuksaiyug,"puz + muks + yug",ai,3,yes,sense,verdict
bus,"omnibus",,"?",ai,1,no,clipping,verdict
busy,"bus + like",,"? + lak",au,2,no,affix,verdict
butte,"narrow + flat + hill",Ceftaiflataigagz,"Ceft + flat + gagz",ai,3,yes,sense,verdict
butterfly,"day + moth",yamaiplem,"yam + plem",ai,2,yes,sense,verdict
cab,"cabriolet",,"?",ai,1,no,clipping,verdict
calcification,"calcium + act",krazaiyez,"kraz + yez",ai,2,yes,judged,verdict
calcite,"chalk + crystal",glifaikuqk,"glif + kuqk",ai,2,yes,sense,verdict
caldera,"big + crater",brataibrof,"brat + brof",ai,2,yes,sense,verdict
callous,"suffer + insensitive",bugzaigron,"bugz + gron",ai,2,yes,sense,verdict
camel,"hump + horse",witsaihors,"wits + hors",ai,2,yes,sense,verdict
canal,"can + like",kardaulak,"kard + lak",au,2,yes,affix,verdict
candor,"candy + agent",galvauyug,"galv + yug",au,2,yes,affix,verdict
canine,"point + tooth",leCaicutx,"leC + cutx",ai,2,yes,sense,verdict
canola,"oil + seed",gipsaisid,"gips + sid",ai,2,yes,sense,verdict
canonical,"canon + of",stazaiyov,"staz + yov",ai,2,yes,judged,verdict
capability,"cap + ability",,"talb + ?",au,2,no,affix,verdict
capable,"cap + able",talbaufip,"talb + fip",au,2,yes,affix,verdict
cape,"land + point",lanaileC,"lan + leC",ai,2,yes,sense,verdict
capillary,"narrow + tube + liquid + rise",Ceftaitubaikridairiz,"Ceft + tub + krid + riz",ai,4,yes,sense,verdict
captive,"capture + done",,"femp + ?",ai,2,no,sense,verdict
carapace,"back + shell",gokaitxal,"gok + txal",ai,2,yes,sense,verdict
carbohydrate,"sugar + chain",gandailip,"gand + lip",ai,2,yes,sense,verdict
carbonate,"carbon + salt",rintaitigz,"rint + tigz",ai,2,yes,judged,verdict
carbonyl,"carbon + group",rintaihip,"rint + hip",ai,2,yes,judged,verdict
carboxylate,"carboxyl + salt",,"? + tigz",ai,2,no,judged,verdict
carboxylic,"carboxyl + of",,"? + yov",ai,2,no,judged,verdict
cardboard,"thick + paper",sespaiyof,"sesp + yof",ai,2,yes,sense,verdict
cardiac,"heart + of",zifaiyov,"zif + yov",ai,2,yes,judged,verdict
careful,"care + full",kriqauvup,"kriq + vup",au,2,yes,affix,verdict
cargo,"carry + load",maftailod,"maft + lod",ai,2,yes,sense,verdict
caribou,"snow + deer",snomaixars,"snom + xars",ai,2,yes,sense,verdict
carnivore,"meat + eat + agent",makaigabaiyug,"mak + gab + yug",ai,3,yes,sense,verdict
carriage,"carry + vehicle",maftaiyan,"maft + yan",ai,2,yes,sense,verdict
carrier,"carry + agent",maftaiyug,"maft + yug",ai,2,yes,judged,verdict
carrying capacity,"environment + support + population + limit",ronainiskaixebzaizarf,"ron + nisk + xebz + zarf",ai,4,yes,sense,verdict
cartilaginous,"cartilage + of",vracaiyov,"vrac + yov",ai,2,yes,judged,verdict
cash,"hand + money",zeqkaipov,"zeqk + pov",ai,2,yes,sense,verdict
cashew,"bend + nut",bendaihiks,"bend + hiks",ai,2,yes,sense,verdict
casket,"death + box",dacaibraz,"dac + braz",ai,2,yes,sense,verdict
catalyst,"react + speed + thing",,"? + gidj + niv",ai,3,no,sense,verdict
catalytic,"catalyst + of",,"? + yov",ai,2,no,judged,verdict
catchy,"catch + like",vucaulak,"vuc + lak",au,2,yes,affix,verdict
catfish,"whisker + fish",,"? + frix",ai,2,no,sense,verdict
cation,"positive + ion",,"mid + ?",ai,2,no,sense,verdict
caudal,"tail + of",tadaiyov,"tad + yov",ai,2,yes,judged,verdict
caulk,"seal + paste",hodjaipest,"hodj + pest",ai,2,yes,sense,verdict
caustic,"harsh + cut + criticize",,"Cent + zep + ?",ai,3,no,sense,verdict
cavern,"big + cave",brataikliv,"brat + kliv",ai,2,yes,sense,verdict
cavity,"cave + nature",klivaunep,"kliv + nep",au,2,yes,affix,verdict
caw,"crow + call",wintaikar,"wint + kar",ai,2,yes,sense,verdict
cedar,"red + pine",gicaicomp,"gic + comp",ai,2,yes,sense,verdict
celebration,"celebrate + act",badzauyez,"badz + yez",au,2,yes,affix,verdict
celestial,"sky + of",xumaiyov,"xum + yov",ai,2,yes,judged,verdict
cellular,"cell + of",mudzaiyov,"mudz + yov",ai,2,yes,judged,verdict
cemetery,"bury + place",parfainad,"parf + nad",ai,2,yes,sense,verdict
census,"count + all + population",jaqaikolaixebz,"jaq + kol + xebz",ai,3,yes,sense,verdict
cent,"hundred + part + coin",wefaipartaifolk,"wef + part + folk",ai,3,yes,sense,verdict
centaur,"human + horse + body + join",dramaihorsaivataigoz,"dram + hors + vat + goz",ai,4,yes,sense,verdict
centimeter,"hundred + part + meter",wefaipartaicarf,"wef + part + carf",ai,3,yes,sense,verdict
centipede,"many + foot + worm",mavaigralaifald,"mav + gral + fald",ai,3,yes,sense,verdict
centrality,"network + center + degree",mixainavaidrig,"mix + nav + drig",ai,3,yes,sense,verdict
centralize,"central + make",barpaumek,"barp + mek",au,2,yes,affix,verdict
centralized,"centralize + done",,"? + ?",au,2,no,affix,verdict
cephalopod,"head + foot + mollusk",,"had + gral + ?",ai,3,no,sense,verdict
cerebral,"brain + of",brenaiyov,"bren + yov",ai,2,yes,judged,verdict
ceremonial,"ceremony + of",higzaiyov,"higz + yov",ai,2,yes,judged,verdict
certification,"certify + act",,"? + yez",ai,2,no,judged,verdict
cervical,"neck + of",mondaiyov,"mond + yov",ai,2,yes,judged,verdict
championship,"champion + ness",,"pabz + ?",ai,2,no,judged,verdict
charcoal,"char + coal",,"smut + ?",ai,2,no,compound,verdict
charismatic,"charm + social + power",hiskaigundaifep,"hisk + gund + fep",ai,3,yes,sense,verdict
charity,"char + nature",smutaunep,"smut + nep",au,2,yes,affix,verdict
charlatan,"false + skill + agent",rotaijipsaiyug,"rot + jips + yug",ai,3,yes,sense,verdict
chat,"light + talk",litaitak,"lit + tak",ai,2,yes,sense,verdict
checkpoint,"check + place",txakainad,"txak + nad",ai,2,yes,sense,verdict
cheerful,"cheer + full",tondauvup,"tond + vup",au,2,yes,affix,verdict
cheetah,"fast + wild + cat",fastaiwaldaiklat,"fast + wald + klat",ai,3,yes,sense,verdict
chela,"grasp + claw",lolfaiklan,"lolf + klan",ai,2,yes,sense,verdict
chemical,"molecule + like",malailak,"mal + lak",ai,2,yes,sense,verdict
chemistry,"molecule + study",malainedz,"mal + nedz",ai,2,yes,sense,verdict
chicken,"chick + make",bipsaumek,"bips + mek",au,2,yes,affix,verdict
chickpea,"round + pea",mapsaigriq,"maps + griq",ai,2,yes,sense,verdict
childhood,"child + hood",gagaihets,"gag + hets",ai,2,yes,compound,verdict
chili,"hot + pepper",gepaixard,"gep + xard",ai,2,yes,sense,verdict
chimney,"smoke + pipe",smokaitidj,"smok + tidj",ai,2,yes,sense,verdict
chirp,"bird + beep",baxaibrip,"bax + brip",ai,2,yes,sense,verdict
chive,"small + onion",smalaiwont,"smal + wont",ai,2,yes,sense,verdict
chloride,"chlorine + compound",vraqaiCeqk,"vraq + Ceqk",ai,2,yes,judged,verdict
chloroplast,"green + organelle",,"pes + ?",ai,2,no,sense,verdict
choice,"choose + act",txuzaiyez,"txuz + yez",ai,2,yes,sense,verdict
chorionic,"chorion + of",,"? + yov",ai,2,no,judged,verdict
chromatic,"colour + of",,"? + yov",ai,2,no,judged,verdict
chromosome,"gene + thread",djinairent,"djin + rent",ai,2,yes,sense,verdict
chuckle,"small + laugh",smalailaft,"smal + laft",ai,2,yes,sense,verdict
church,"worship + building",,"xuks + ?",ai,2,no,sense,verdict
cicada,"sing + bug",remaipamp,"rem + pamp",ai,2,yes,sense,verdict
cinema,"move + picture + house",muvaifozaipuz,"muv + foz + puz",ai,3,yes,sense,verdict
circular,"circle + like",salkailak,"salk + lak",ai,2,yes,sense,verdict
circulation,"circulate + act",skidaiyez,"skid + yez",ai,2,yes,judged,verdict
circumference,"around + line",pozaizob,"poz + zob",ai,2,yes,sense,verdict
cirrus,"hair + cloud",fifaiklad,"fif + klad",ai,2,yes,sense,verdict
cistern,"water + hold + pit",waCaihoqaizesp,"waC + hoq + zesp",ai,3,yes,sense,verdict
citadel,"high + fortress",,"mol + ?",ai,2,no,sense,verdict
citrate,"citric + salt",,"? + tigz",ai,2,no,judged,verdict
civic,"city + of",vugaiyov,"vug + yov",ai,2,yes,judged,verdict
civilization,"civil + act",himpauyez,"himp + yez",au,2,yes,affix,verdict
civilize,"civil + make",himpaumek,"himp + mek",au,2,yes,affix,verdict
clade,"ancestor + all + descendant",,"bev + kol + ?",ai,3,no,sense,verdict
clarify,"clear + make",vobaimek,"vob + mek",ai,2,yes,sense,verdict
clarity,"clear + state",vobaidom,"vob + dom",ai,2,yes,sense,verdict
classic,"class + like",gevaulak,"gev + lak",au,2,yes,affix,verdict
classify,"class + make",gevaumek,"gev + mek",au,2,yes,affix,verdict
classroom,"teach + room",titxaitif,"titx + tif",ai,2,yes,sense,verdict
clearance,"clear + act",vobaiyez,"vob + yez",ai,2,yes,judged,verdict
cleavage,"cleave + act",,"? + yez",ai,2,no,judged,verdict
clinic,"small + hospital",smalaixes,"smal + xes",ai,2,yes,sense,verdict
cloaca,"shared + body + opening",,"? + vat + getx",ai,3,no,sense,verdict
clockwise,"clock + oriented",,"klak + ?",ai,2,no,sense,verdict
clog,"accumulate + channel + block",fruvaibarkaigiks,"fruv + bark + giks",ai,3,yes,sense,verdict
closed,"close + done",,"kloz + ?",au,2,no,affix,verdict
closer,"close + agent",klozauyug,"kloz + yug",au,2,yes,affix,verdict
clothes,"cloth + many",corvaumav,"corv + mav",au,2,yes,affix,verdict
clothing,"cloth + act",corvauyez,"corv + yez",au,2,yes,affix,verdict
cloudy,"cloud + like",kladaulak,"klad + lak",au,2,yes,affix,verdict
clover,"three + leaf + grass",suCailifaigras,"suC + lif + gras",ai,3,yes,sense,verdict
cluck,"hen + call",djedaikar,"djed + kar",ai,2,yes,sense,verdict
coagulation,"coagulate + act",,"? + yez",ai,2,no,judged,verdict
coal,"burn + rock",molcairak,"molc + rak",ai,2,yes,sense,verdict
cobble,"round + rock + piece",mapsairakaifuf,"maps + rak + fuf",ai,3,yes,sense,verdict
cockroach,"flat + bug",flataipamp,"flat + pamp",ai,2,yes,sense,verdict
coconut,"palm + nut",zebzaihiks,"zebz + hiks",ai,2,yes,sense,verdict
cocoon,"silk + shell",fordaitxal,"ford + txal",ai,2,yes,sense,verdict
coefficient,"together + do + thing",tugaiduzainiv,"tug + duz + niv",ai,3,yes,judged,verdict
coexist,"together + exist",tugaiwav,"tug + wav",ai,2,yes,sense,verdict
coffin,"death + box",dacaibraz,"dac + braz",ai,2,yes,sense,verdict
cognate,"same + origin",nobaiwimp,"nob + wimp",ai,2,yes,sense,verdict
cohere,"same + stick",nobaireb,"nob + reb",ai,2,yes,sense,verdict
coincidence,"coincide + act",vrivauyez,"vriv + yez",au,2,yes,affix,verdict
collateral,"side + of",sardaiyov,"sard + yov",ai,2,yes,judged,verdict
collection,"collect + act",lekauyez,"lek + yez",au,2,yes,affix,verdict
collective,"collect + like",lekaulak,"lek + lak",au,2,yes,affix,verdict
collision,"collide + act",skibaiyez,"skib + yez",ai,2,yes,sense,verdict
colonial,"colony + like",yibzailak,"yibz + lak",ai,2,yes,sense,verdict
colonize,"colon + make",blenaumek,"blen + mek",au,2,yes,affix,verdict
colorful,"color + full",klorauvup,"klor + vup",au,2,yes,affix,verdict
coloured,"colour + done",,"? + ?",ai,2,no,judged,verdict
columnar,"column + of",zoltaiyov,"zolt + yov",ai,2,yes,judged,verdict
combination,"combine + act",plazauyez,"plaz + yez",au,2,yes,affix,verdict
combust,"burn",molc,"molc",ai,1,yes,sense,verdict
combustion,"burn + act",molcaiyez,"molc + yez",ai,2,yes,sense,verdict
comet,"tail + star",tadaistar,"tad + star",ai,2,yes,sense,verdict
comfortable,"comfort + able",krafaifip,"kraf + fip",ai,2,yes,compound,verdict
commensalism,"one + benefit + relation",zanaisintaiwort,"zan + sint + wort",ai,3,yes,sense,verdict
comment,"come + act",gumauyez,"gum + yez",au,2,yes,affix,verdict
commercial,"commerce + of",,"? + yov",ai,2,no,judged,verdict
commission,"commit + act",degaiyez,"deg + yez",ai,2,yes,judged,verdict
commitment,"commit + act",degauyez,"deg + yez",au,2,yes,affix,verdict
committee,"commit + target",degaubim,"deg + bim",au,2,yes,affix,verdict
communication,"communicate + act",kenauyez,"ken + yez",au,2,yes,affix,verdict
communion,"commune + act",,"? + yez",ai,2,no,judged,verdict
commute,"swap + same",solpainob,"solp + nob",ai,2,yes,sense,verdict
companion,"company + person",fejainar,"fej + nar",ai,2,yes,sense,verdict
compensate,"pay + back",peqaigok,"peq + gok",ai,2,yes,sense,verdict
compensation,"compensate + act",,"? + yez",ai,2,no,judged,verdict
competition,"compete + act",xotxauyez,"xotx + yez",au,2,yes,affix,verdict
completely,"complete + manner",nibzaukuq,"nibz + kuq",au,2,yes,affix,verdict
compliance,"comply + act",pronaiyez,"pron + yez",ai,2,yes,judged,verdict
complication,"complicate + act",,"? + yez",ai,2,no,judged,verdict
composition,"compose + act",smedaiyez,"smed + yez",ai,2,yes,judged,verdict
compression,"compress + act",fravauyez,"frav + yez",au,2,yes,affix,verdict
compromise,"middle + agree",madaikek,"mad + kek",ai,2,yes,sense,verdict
compulsive,"compel + like",stegailak,"steg + lak",ai,2,yes,judged,verdict
concave,"in + curve",rasaikurv,"ras + kurv",ai,2,yes,sense,verdict
concede,"give + point",gifaileC,"gif + leC",ai,2,yes,sense,verdict
conceited,"self + opinion + high",depainuftaimol,"dep + nuft + mol",ai,3,yes,sense,verdict
concentration,"concentrate + act",hitxaiyez,"hitx + yez",ai,2,yes,judged,verdict
conception,"conceive + act",pligaiyez,"plig + yez",ai,2,yes,sense,verdict
conclusion,"conclude + act",blaCaiyez,"blaC + yez",ai,2,yes,sense,verdict
concord,"together + heart",tugaizif,"tug + zif",ai,2,yes,judged,verdict
concurrent,"same + time + run",nobaikalairin,"nob + kal + rin",ai,3,yes,sense,verdict
condensation,"condense + act",,"? + yez",ai,2,no,judged,verdict
condescending,"express + superior + toward + other",risaizondainolainez,"ris + zond + nol + nez",ai,4,yes,sense,verdict
conditional,"condition + like",geftaulak,"geft + lak",au,2,yes,affix,verdict
conditional probability,"probability + condition",,"? + geft",ai,2,no,sense,verdict
conditioner,"condition + agent",geftaiyug,"geft + yug",ai,2,yes,judged,verdict
conduction,"conduct + act",vuntaiyez,"vunt + yez",ai,2,yes,judged,verdict
conductive,"conduct + like",vuntaulak,"vunt + lak",au,2,yes,affix,verdict
conductivity,"conduct + ability",,"vunt + ?",ai,2,no,sense,verdict
conductor,"conduct + agent",vuntauyug,"vunt + yug",au,2,yes,affix,verdict
confederate,"together + federate",,"tug + ?",ai,2,no,judged,verdict
conference,"confer + act",,"? + yez",ai,2,no,judged,verdict
confidence,"confident + nature",fiksainep,"fiks + nep",ai,2,yes,sense,verdict
confidence interval,"estimate + uncertainty + range",,"lesp + ? + raj",ai,3,no,sense,verdict
confiscate,"law + take",xufaitek,"xuf + tek",ai,2,yes,sense,verdict
confluence,"river + join",narvaigoz,"narv + goz",ai,2,yes,sense,verdict
confusion,"confuse + act",leksaiyez,"leks + yez",ai,2,yes,sense,verdict
congenital,"with + born + of",bopailofaiyov,"bop + lof + yov",ai,3,yes,judged,verdict
conglomerate,"pebble + rock",,"? + rak",ai,2,no,sense,verdict
congruence,"same + shape",nobaideps,"nob + deps",ai,2,yes,sense,verdict
conjecture,"guess + claim",gresaiklem,"gres + klem",ai,2,yes,sense,verdict
conjugate,"together + yoke",,"tug + ?",ai,2,no,judged,verdict
conjunction,"join + term",gozaitod,"goz + tod",ai,2,yes,sense,verdict
connected,"connect + done",,"dib + ?",au,2,no,affix,verdict
connection,"connect + act",dibauyez,"dib + yez",au,2,yes,affix,verdict
connective,"connect + like",dibailak,"dib + lak",ai,2,yes,judged,verdict
connector,"connect + agent",dibauyug,"dib + yug",au,2,yes,affix,verdict
conscience,"conscious + act",tivauyez,"tiv + yez",au,2,yes,affix,verdict
conscientious,"careful + duty + follow",,"? + nist + darb",ai,3,no,sense,verdict
consciousness,"conscious + nature",tivaunep,"tiv + nep",au,2,yes,affix,verdict
consecutive,"follow + order",darbainord,"darb + nord",ai,2,yes,sense,verdict
consensus,"all + agree",kolaikek,"kol + kek",ai,2,yes,sense,verdict
conservation,"conserve + act",skazauyez,"skaz + yez",au,2,yes,affix,verdict
consistent,"consist + agent",,"? + yug",au,2,no,affix,verdict
consolidation,"consolidate + act",,"? + yez",ai,2,no,judged,verdict
consonant,"close + sound",klozaisam,"kloz + sam",ai,2,yes,sense,verdict
constituent,"constitute + agent",skovauyug,"skov + yug",au,2,yes,affix,verdict
constitution,"constitute + act",skovaiyez,"skov + yez",ai,2,yes,judged,verdict
construction,"construct + act",smodauyez,"smod + yez",au,2,yes,affix,verdict
consulate,"nation + speak + place",pompaivikainad,"pomp + vik + nad",ai,3,yes,sense,verdict
consumer,"consume + agent",txejaiyug,"txej + yug",ai,2,yes,judged,verdict
consumption,"consume + act",txejaiyez,"txej + yez",ai,2,yes,judged,verdict
container,"contain + agent",corfauyug,"corf + yug",au,2,yes,affix,verdict
contamination,"contaminate + act",vrobaiyez,"vrob + yez",ai,2,yes,judged,verdict
contingency plan,"plan + alternative + condition",,"plan + ? + geft",ai,3,no,sense,verdict
contingent,"depend + like",fontailak,"font + lak",ai,2,yes,sense,verdict
continuity,"continue + nature",sefaunep,"sef + nep",au,2,yes,affix,verdict
continuous,"continue + like",sefaulak,"sef + lak",au,2,yes,affix,verdict
contraceptive,"against + conceive + like",zofaipligailak,"zof + plig + lak",ai,3,yes,judged,verdict
contraction,"contract + act",didzauyez,"didz + yez",au,2,yes,affix,verdict
contradiction,"against + say",zofainib,"zof + nib",ai,2,yes,sense,verdict
convection,"heat + flow + carry",hitaisuntaimaft,"hit + sunt + maft",ai,3,yes,sense,verdict
convention,"custom + agree",calfaikek,"calf + kek",ai,2,yes,sense,verdict
conversion,"convert + act",djaxaiyez,"djax + yez",ai,2,yes,judged,verdict
convex,"out + curve",bukaikurv,"buk + kurv",ai,2,yes,sense,verdict
convolution,"convolute + act",,"? + yez",ai,2,no,sense,verdict
cooked,"cook + done",,"nalf + ?",au,2,no,affix,verdict
cooperate,"with + operate",bopauzift,"bop + zift",au,2,yes,prefix,verdict
cooperation,"cooperate + act",feskaiyez,"fesk + yez",ai,2,yes,sense,verdict
cooperative,"cooperate + like",feskailak,"fesk + lak",ai,2,yes,judged,verdict
coordination,"coordinate + act",blibaiyez,"blib + yez",ai,2,yes,judged,verdict
coping,"cope + act",djibaiyez,"djib + yez",ai,2,yes,judged,verdict
coriander,"cilantro + seed",,"? + sid",ai,2,no,sense,verdict
corneal,"cornea + of",,"? + yov",ai,2,no,judged,verdict
corollary,"follow + claim",darbaiklem,"darb + klem",ai,2,yes,sense,verdict
coronary,"crown + of",kartaiyov,"kart + yov",ai,2,yes,judged,verdict
corporate,"body + of",vataiyov,"vat + yov",ai,2,yes,judged,verdict
correction,"correct + act",noqkaiyez,"noqk + yez",ai,2,yes,judged,verdict
correlated,"correlate + done",,"? + ?",au,2,no,affix,verdict
correlation,"correlate + act",,"? + yez",ai,2,no,judged,verdict
correspondence,"correspond + act",stutaiyez,"stut + yez",ai,2,yes,judged,verdict
corroborate,"more + support",nisainisk,"nis + nisk",ai,2,yes,sense,verdict
cosmetic,"order + of",nordaiyov,"nord + yov",ai,2,yes,judged,verdict
cough,"with + ugh",bopauhusk,"bop + husk",au,2,yes,prefix,verdict
could,"grammar",,"?",au,1,no,grammar,verdict
counter,"count + agent",jaqauyug,"jaq + yug",au,2,yes,affix,verdict
counterargument,"against + argument",,"zof + ?",ai,2,no,sense,verdict
counterclockwise,"against + clock + oriented",,"zof + klak + ?",ai,3,no,sense,verdict
counterexample,"against + example",zofaidest,"zof + dest",ai,2,yes,sense,verdict
counterfactual,"not + fact",masaivoq,"mas + voq",ai,2,yes,sense,verdict
courthouse,"judge + building",,"wep + ?",ai,2,no,sense,verdict
covalent,"share + bond",xalainuq,"xal + nuq",ai,2,yes,sense,verdict
cove,"small + bay",smalaibalb,"smal + balb",ai,2,yes,sense,verdict
coverage,"cover + ness",,"kov + ?",ai,2,no,judged,verdict
covering,"cove + ring",,"? + rop",ai,2,no,compound,verdict
cowardly,"coward + manner",sindaukuq,"sind + kuq",au,2,yes,affix,verdict
cranberry,"sour + berry",yedzaiglaf,"yedz + glaf",ai,2,yes,sense,verdict
cranial,"cranium + of",vrifaiyov,"vrif + yov",ai,2,yes,judged,verdict
crass,"coarse + rude",snicaibuks,"snic + buks",ai,2,yes,sense,verdict
crayfish,"river + lobster",narvaijups,"narv + jups",ai,2,yes,sense,verdict
creation,"create + act",bamauyez,"bam + yez",au,2,yes,affix,verdict
creative,"create + like",bamaulak,"bam + lak",au,2,yes,affix,verdict
credible,"believe + able",pofaifip,"pof + fip",ai,2,yes,sense,verdict
credulous,"believe + too + ready",,"pof + gal + ?",ai,3,no,sense,verdict
crepuscular,"dusk + active",,"snuj + ?",ai,2,no,sense,verdict
cricket,"bat + ball + wicket + sport",,"batx + bral + ? + pudj",ai,4,no,sense,verdict
criminal,"crime + of",mempaiyov,"memp + yov",ai,2,yes,judged,verdict
critical,"critic + of",grataiyov,"grat + yov",ai,2,yes,judged,verdict
criticize,"critic + make",grataumek,"grat + mek",au,2,yes,affix,verdict
croak,"frog + call",ranaikar,"ran + kar",ai,2,yes,sense,verdict
crop,"store + stomach",sutaistok,"sut + stok",ai,2,yes,sense,verdict
crown,"king + ring",fubairop,"fub + rop",ai,2,yes,sense,verdict
crystalline,"crystal + like",kuqkailak,"kuqk + lak",ai,2,yes,sense,verdict
cuboid,"cube + like",kubailak,"kub + lak",ai,2,yes,judged,verdict
cultivation,"cultivate + act",stukaiyez,"stuk + yez",ai,2,yes,judged,verdict
cumulus,"heap + cloud",rutxaiklad,"rutx + klad",ai,2,yes,sense,verdict
curvature,"curve + ness",,"kurv + ?",ai,2,no,judged,verdict
curved,"curve + done",,"kurv + ?",au,2,no,affix,verdict
customer,"buy + agent",zufaiyug,"zuf + yug",ai,2,yes,sense,verdict
cutaneous,"skin + of",skinaiyov,"skin + yov",ai,2,yes,judged,verdict
cutter,"cut + agent",zepaiyug,"zep + yug",ai,2,yes,judged,verdict
cuttlefish,"bone + octopus",brodaitxug,"brod + txug",ai,2,yes,sense,verdict
cylindrical,"cylinder + of",smebaiyov,"smeb + yov",ai,2,yes,judged,verdict
cytoplasm,"cell + fluid",mudzaiflud,"mudz + flud",ai,2,yes,sense,verdict
dab,"the light form of tap",,"?",ai,1,no,judged,verdict
daily,"day + like",yamailak,"yam + lak",ai,2,yes,judged,verdict
daisy,"sun + flower",sanaiflor,"san + flor",ai,2,yes,sense,verdict
dampen,"quiet + make",xudaimek,"xud + mek",ai,2,yes,sense,verdict
dangerous,"danger + like",nolfaulak,"nolf + lak",au,2,yes,affix,verdict
darkness,"dark + nature",ramaunep,"ram + nep",au,2,yes,affix,verdict
database,"data + base",vuqaibes,"vuq + bes",ai,2,yes,compound,verdict
deactivate,"not + active + make",,"mas + ? + mek",ai,3,no,sense,verdict
deadline,"dead + line",tisaizob,"tis + zob",ai,2,yes,compound,verdict
deadpan,"humor + face + flat",kalfaifesaiflat,"kalf + fes + flat",ai,3,yes,sense,verdict
deafness,"deaf + ness",,"huks + ?",ai,2,no,judged,verdict
debit,"owe + record",mibzaigop,"mibz + gop",ai,2,yes,sense,verdict
debug,"error + fix",lobailen,"lob + len",ai,2,yes,sense,verdict
deception,"deceive + act",glozaiyez,"gloz + yez",ai,2,yes,sense,verdict
deciduous,"leaf + shed + year",lifaivutsaiyar,"lif + vuts + yar",ai,3,yes,sense,verdict
decision,"decide + act",niftaiyez,"nift + yez",ai,2,yes,sense,verdict
declaration,"declare + act",jaftauyez,"jaft + yez",au,2,yes,affix,verdict
decoration,"decorate + act",promauyez,"prom + yez",au,2,yes,affix,verdict
decouple,"not + couple",masaizef,"mas + zef",ai,2,yes,sense,verdict
decrypt,"secret + open",kretaizark,"kret + zark",ai,2,yes,sense,verdict
deduction,"deduce + act",flimauyez,"flim + yez",au,2,yes,affix,verdict
defeated,"defeat + done",,"voft + ?",au,2,no,affix,verdict
defer,"defy + agent",djoqauyug,"djoq + yug",au,2,yes,affix,verdict
deficiency,"deficient + ness",,"? + ?",ai,2,no,judged,verdict
definition,"define + act",difauyez,"dif + yez",au,2,yes,affix,verdict
deformity,"deform + ness",,"? + ?",ai,2,no,judged,verdict
degeneration,"degenerate + act",,"? + yez",ai,2,no,judged,verdict
degradation,"degrade + act",vruxaiyez,"vrux + yez",ai,2,yes,judged,verdict
delayed,"delay + done",,"vudj + ?",au,2,no,affix,verdict
deletion,"delete + act",dulaiyez,"dul + yez",ai,2,yes,judged,verdict
delinquent,"young + crime + agent",zenaimempaiyug,"zen + memp + yug",ai,3,yes,sense,verdict
delivery,"deliver + like",dolvaulak,"dolv + lak",au,2,yes,affix,verdict
delta,"river + mouth + land",narvaimucailan,"narv + muc + lan",ai,3,yes,sense,verdict
demean,"dignity + lower",,"fidj + ?",ai,2,no,sense,verdict
democratic,"democracy + of",,"? + yov",ai,2,no,judged,verdict
denim,"blue + cloth",bulaicorv,"bul + corv",ai,2,yes,sense,verdict
density,"dense + nature",txifaunep,"txif + nep",au,2,yes,affix,verdict
department,"depart + act",txibauyez,"txib + yez",au,2,yes,affix,verdict
dependence,"depend + ness",,"font + ?",ai,2,no,judged,verdict
dependent,"depend + agent",fontauyug,"font + yug",au,2,yes,affix,verdict
depletion,"deplete + act",,"? + yez",ai,2,no,judged,verdict
deposit,"put + in",dradairas,"drad + ras",ai,2,yes,sense,verdict
deposition,"deposit + act",,"? + yez",ai,2,no,judged,verdict
depressed,"depress + done",,"vrok + ?",ai,2,no,judged,verdict
deprivation,"deprive + act",snakaiyez,"snak + yez",ai,2,yes,judged,verdict
depth,"deep + measure",govaiyaj,"gov + yaj",ai,2,yes,sense,verdict
dequeue,"queue + take",bavaitek,"bav + tek",ai,2,yes,sense,verdict
deride,"ridicule",txoc,"txoc",ai,1,yes,sense,verdict
derivation,"derive + act",vrubauyez,"vrub + yez",au,2,yes,affix,verdict
derivative,"change + rate",xunaibagz,"xun + bagz",ai,2,yes,sense,verdict
derived,"derive + done",,"vrub + ?",au,2,no,affix,verdict
descendant,"after + kin",retaiwest,"ret + west",ai,2,yes,sense,verdict
descending,"descend + act",txufauyez,"txuf + yez",au,2,yes,affix,verdict
description,"describe + act",sabaiyez,"sab + yez",ai,2,yes,sense,verdict
designer,"design + one",kolfaizan,"kolf + zan",ai,2,yes,judged,verdict
desirable,"desire + able",poqkaufip,"poqk + fip",au,2,yes,affix,verdict
destruction,"destroy + act",xivaiyez,"xiv + yez",ai,2,yes,sense,verdict
destructive,"destroy + like",xivailak,"xiv + lak",ai,2,yes,sense,verdict
detachment,"detach + act",bogaiyez,"bog + yez",ai,2,yes,judged,verdict
detain,"hold + keep",hoqaikarp,"hoq + karp",ai,2,yes,sense,verdict
detection,"detect + act",ragzaiyez,"ragz + yez",ai,2,yes,judged,verdict
detector,"detect + device",ragzaifon,"ragz + fon",ai,2,yes,sense,verdict
detergent,"cleanse + agent",smozaiyug,"smoz + yug",ai,2,yes,judged,verdict
deterioration,"deteriorate + act",,"? + yez",ai,2,no,judged,verdict
determination,"determine + act",xorpaiyez,"xorp + yez",ai,2,yes,judged,verdict
detritivore,"dead + matter + eat + agent",tisaitufaigabaiyug,"tis + tuf + gab + yug",ai,4,yes,sense,verdict
development,"develop + act",fupsauyez,"fups + yez",au,2,yes,affix,verdict
deviation,"deviate + act",vradauyez,"vrad + yez",au,2,yes,affix,verdict
devotion,"devote + act",txojauyez,"txoj + yez",au,2,yes,affix,verdict
devout,"devote + like",txojailak,"txoj + lak",ai,2,yes,sense,verdict
diabetic,"diabetes + of",,"? + yov",ai,2,no,judged,verdict
diagnosis,"diagnose + act",spuzaiyez,"spuz + yez",ai,2,yes,sense,verdict
diagnostic,"diagnose + like",spuzailak,"spuz + lak",ai,2,yes,judged,verdict
diamond,"hard + gem",kadaiblod,"kad + blod",ai,2,yes,sense,verdict
dictator,"dictate + agent",krozaiyug,"kroz + yug",ai,2,yes,sense,verdict
dictionary,"term + book",todaivam,"tod + vam",ai,2,yes,sense,verdict
did,"grammar",,"?",au,1,no,grammar,verdict
difference,"differ + act",bluzauyez,"bluz + yez",au,2,yes,affix,verdict
different,"differ + agent",bluzauyug,"bluz + yug",au,2,yes,affix,verdict
diffract,"bend + spread",bendaidend,"bend + dend",ai,2,yes,sense,verdict
diffraction,"wave + edge + spread",wevaipadjaidend,"wev + padj + dend",ai,3,yes,sense,verdict
diffusion,"diffuse + act",stavaiyez,"stav + yez",ai,2,yes,judged,verdict
digestion,"digest + act",gluxauyez,"glux + yez",au,2,yes,affix,verdict
digestive,"digest + like",gluxailak,"glux + lak",ai,2,yes,judged,verdict
digital,"digit + like",jitaulak,"jit + lak",au,2,yes,affix,verdict
dilatation,"dilate + act",,"? + yez",ai,2,no,judged,verdict
dilute,"concentrate + lower",,"hitx + ?",ai,2,no,sense,verdict
dinner,"night + meal",yitaidarg,"yit + darg",ai,2,yes,sense,verdict
directory,"file + list",noldailist,"nold + list",ai,2,yes,sense,verdict
disability,"not + able + ness",,"mas + fip + ?",ai,3,no,judged,verdict
disable,"not + able",masaufip,"mas + fip",au,2,yes,prefix,verdict
disabled,"disable + done",,"? + ?",au,2,no,affix,verdict
disagree,"not + agree",masaukek,"mas + kek",au,2,yes,prefix,verdict
disappear,"not + appear",masaufleC,"mas + fleC",au,2,yes,prefix,verdict
disappointment,"not + appointment",,"mas + ?",au,2,no,prefix,verdict
disapprove,"not + approve",masauvosk,"mas + vosk",au,2,yes,prefix,verdict
disarrange,"not + arrange",masauhent,"mas + hent",au,2,yes,prefix,verdict
discard,"not + card",masaulez,"mas + lez",au,2,yes,prefix,verdict
discomfort,"not + comfort",masaukraf,"mas + kraf",au,2,yes,prefix,verdict
disconnect,"not + connect",masaudib,"mas + dib",au,2,yes,prefix,verdict
disconnected,"not + connected",,"mas + ?",au,2,no,prefix,verdict
discontent,"not + content",masaudad,"mas + dad",au,2,yes,prefix,verdict
discourage,"not + courage",masaubodz,"mas + bodz",au,2,yes,prefix,verdict
discourse,"not + course",masautig,"mas + tig",au,2,yes,prefix,verdict
discrepancy,"expect + observe + difference",,"yop + suv + ?",ai,3,no,sense,verdict
discrimination,"discriminate + act",,"? + yez",ai,2,no,judged,verdict
discussion,"discuss + act",nalkauyez,"nalk + yez",au,2,yes,affix,verdict
disengage,"not + engage",masaicoqk,"mas + coqk",ai,2,yes,sense,verdict
disgust,"not + gust",,"mas + ?",au,2,no,prefix,verdict
dishonest,"not + honest",masaumitx,"mas + mitx",au,2,yes,prefix,verdict
dishonorable,"not + honor + able",masairesaifip,"mas + res + fip",ai,3,yes,sense,verdict
disingenuous,"not + genuine",masaixund,"mas + xund",ai,2,yes,sense,verdict
dislike,"not + like",masaulak,"mas + lak",au,2,yes,prefix,verdict
dislocation,"dislocate + act",,"? + yez",ai,2,no,judged,verdict
disloyal,"not + loyal",masauvarp,"mas + varp",au,2,yes,prefix,verdict
disobey,"not + obey",masauxand,"mas + xand",au,2,yes,prefix,verdict
disorder,"not + order",masaunord,"mas + nord",au,2,yes,prefix,verdict
disown,"not + own",masautik,"mas + tik",au,2,yes,prefix,verdict
disparage,"worth + lower + speak",,"yes + ? + vik",ai,3,no,sense,verdict
dispersion,"disperse + act",krenaiyez,"kren + yez",ai,2,yes,judged,verdict
displace,"move + away",muvaiyad,"muv + yad",ai,2,yes,sense,verdict
displacement,"displace + act",,"? + yez",ai,2,no,judged,verdict
displeasure,"not + pleasure",masauzim,"mas + zim",au,2,yes,prefix,verdict
disposal,"dispose + act",djaqaiyez,"djaq + yez",ai,2,yes,judged,verdict
disposition,"not + position",masaugiz,"mas + giz",au,2,yes,prefix,verdict
disprove,"not + prove",masaupruv,"mas + pruv",au,2,yes,prefix,verdict
disrespect,"not + respect",masauspek,"mas + spek",au,2,yes,prefix,verdict
disrespectful,"disrespect + full",,"? + vup",au,2,no,affix,verdict
dissection,"dissect + act",,"? + yez",ai,2,no,judged,verdict
dissociation,"dissociate + act",,"? + yez",ai,2,no,judged,verdict
distal,"distant + of",xalkaiyov,"xalk + yov",ai,2,yes,judged,verdict
distill,"not + till",masauvut,"mas + vut",au,2,yes,prefix,verdict
distort,"twist + shape",vitsaideps,"vits + deps",ai,2,yes,sense,verdict
distortion,"distort + act",,"? + yez",ai,2,no,judged,verdict
distress,"apart + stress",prataihisp,"prat + hisp",ai,2,yes,judged,verdict
distribute,"spread + give",dendaigif,"dend + gif",ai,2,yes,sense,verdict
distributed,"distribute + done",,"nuz + ?",au,2,no,affix,verdict
distribution,"distribute + act",nuzauyez,"nuz + yez",au,2,yes,affix,verdict
distrust,"not + trust",masauvef,"mas + vef",au,2,yes,prefix,verdict
disturbance,"disturb + act",vuqkaiyez,"vuqk + yez",ai,2,yes,judged,verdict
diurnal,"day + active",,"yam + ?",ai,2,no,sense,verdict
diverge,"not + converge",masaifran,"mas + fran",ai,2,yes,sense,verdict
diversity,"diverse + nature",vredaunep,"vred + nep",au,2,yes,affix,verdict
dividend,"profit + share",vuksaixal,"vuks + xal",ai,2,yes,sense,verdict
divination,"hidden + know + act",pedjainumaiyez,"pedj + num + yez",ai,3,yes,sense,verdict
division,"divide + act",kuvaiyez,"kuv + yez",ai,2,yes,sense,verdict
documentary,"document + like",falbaulak,"falb + lak",au,2,yes,affix,verdict
documentation,"document + act",falbaiyez,"falb + yez",ai,2,yes,judged,verdict
does,"grammar",,"?",au,1,no,grammar,verdict
dolphin,"small + whale",smalaivols,"smal + vols",ai,2,yes,sense,verdict
donation,"donate + act",wubzaiyez,"wubz + yez",ai,2,yes,judged,verdict
done,"grammar",,"?",au,1,no,grammar,verdict
donkey,"small + horse",smalaihors,"smal + hors",ai,2,yes,sense,verdict
donor,"donate + agent",wubzaiyug,"wubz + yug",ai,2,yes,judged,verdict
dorsal,"back + of",gokaiyov,"gok + yov",ai,2,yes,judged,verdict
dosage,"dose + ness",,"yutx + ?",ai,2,no,judged,verdict
double,"two + fold",dobaifold,"dob + fold",ai,2,yes,sense,verdict
doubtful,"doubt + full",doltauvup,"dolt + vup",au,2,yes,affix,verdict
downpour,"heavy + rain",nantairen,"nant + ren",ai,2,yes,sense,verdict
downward,"down + oriented",,"dot + ?",ai,2,no,sense,verdict
dozen,"twelve + group",mopaihip,"mop + hip",ai,2,yes,sense,verdict
dragonfly,"dragon + fly",tendailef,"tend + lef",ai,2,yes,sense,verdict
drainage,"drain + act",xalpaiyez,"xalp + yez",ai,2,yes,judged,verdict
driver,"drive + agent",divaiyug,"div + yug",ai,2,yes,judged,verdict
drizzle,"light + rain",litairen,"lit + ren",ai,2,yes,sense,verdict
droopy,"droop + like",,"? + lak",ai,2,no,sense,verdict
ductile,"much + deform + without + fracture",,"nen + ? + Cev + remp",ai,4,no,sense,verdict
dune,"sand + hill",sandaigagz,"sand + gagz",ai,2,yes,sense,verdict
duplex,"two + fold",dobaifold,"dob + fold",ai,2,yes,judged,verdict
duplication,"duplicate + act",plidauyez,"plid + yez",au,2,yes,affix,verdict
earthquake,"earth + quake",riqaismig,"riq + smig",ai,2,yes,compound,verdict
eastward,"east + oriented",,"rog + ?",ai,2,no,sense,verdict
easy,"ease + like",tebzaulak,"tebz + lak",au,2,yes,affix,verdict
ebb,"tide + fall",juqkaizur,"juqk + zur",ai,2,yes,sense,verdict
eccentric,"convention + unusual + differ",,"? + bogz + bluz",ai,3,no,sense,verdict
echinacea,"cone + flower",korbaiflor,"korb + flor",ai,2,yes,sense,verdict
eclipse,"shadow + sun",petsaisan,"pets + san",ai,2,yes,sense,verdict
ecology,"life + place + study",cadainadainedz,"cad + nad + nedz",ai,3,yes,sense,verdict
economy,"wealth + system",,"? + wux",ai,2,no,sense,verdict
ecosystem,"life + place + system",cadainadaiwux,"cad + nad + wux",ai,3,yes,sense,verdict
ecotone,"ecosystem + between + zone",,"? + tin + zon",ai,3,no,sense,verdict
eddy,"small + vortex",,"smal + ?",ai,2,no,sense,verdict
edible,"eat + able",gabaifip,"gab + fip",ai,2,yes,sense,verdict
edition,"edit + act",regaiyez,"reg + yez",ai,2,yes,judged,verdict
education,"educate + act",txanauyez,"txan + yez",au,2,yes,affix,verdict
effect size,"effect + magnitude",zakaismuq,"zak + smuq",ai,2,yes,sense,verdict
effective,"effect + like",zakaulak,"zak + lak",au,2,yes,affix,verdict
efficiency,"efficient + nature",rolvainep,"rolv + nep",ai,2,yes,sense,verdict
effusion,"effuse + act",,"? + yez",ai,2,no,judged,verdict
eighteen,"ten + eight",feCaifet,"feC + fet",ai,2,yes,sense,verdict
eighth,"eight + order",fetainord,"fet + nord",ai,2,yes,sense,verdict
eighty,"eight + ten",fetaifeC,"fet + feC",ai,2,yes,sense,verdict
ejaculation,"ejaculate + act",,"? + yez",ai,2,no,judged,verdict
elasticity,"elastic + ness",,"stin + ?",ai,2,no,judged,verdict
elder,"grammar",,"?",au,1,no,grammar,verdict
eldest,"grammar",,"?",au,1,no,grammar,verdict
election,"elect + act",smuvauyez,"smuv + yez",au,2,yes,affix,verdict
electricity,"electric + nature",kespaunep,"kesp + nep",au,2,yes,affix,verdict
electron,"negative + particle",dumairav,"dum + rav",ai,2,yes,sense,verdict
elevation,"elevate + act",skotauyez,"skot + yez",au,2,yes,affix,verdict
eleven,"elevate + make",skotaumek,"skot + mek",au,2,yes,affix,verdict
eleventh,"eleven + order",cukainord,"cuk + nord",ai,2,yes,sense,verdict
eligible,"requirement + satisfy",,"? + yarz",ai,2,no,sense,verdict
eliminate,"remove",pebz,"pebz",ai,1,yes,sense,verdict
elk,"big + deer",brataixars,"brat + xars",ai,2,yes,sense,verdict
elongation,"elongate + act",,"? + yez",ai,2,no,judged,verdict
embassy,"nation + speak + place",pompaivikainad,"pomp + vik + nad",ai,3,yes,sense,verdict
embody,"body + give",vataigif,"vat + gif",ai,2,yes,sense,verdict
embryonic,"embryo + of",vrenaiyov,"vren + yov",ai,2,yes,judged,verdict
emerald,"green + gem",pesaiblod,"pes + blod",ai,2,yes,sense,verdict
emigrate,"migrate + out",,"? + buk",ai,2,no,sense,verdict
eminence,"eminent + ness",,"? + ?",ai,2,no,judged,verdict
emission,"emit + act",,"? + yez",ai,2,no,sense,verdict
emphasize,"emphasis + do",snogaiduz,"snog + duz",ai,2,yes,judged,verdict
employee,"employ + target",gluqaubim,"gluq + bim",au,2,yes,affix,verdict
employer,"employ + agent",gluqauyug,"gluq + yug",au,2,yes,affix,verdict
employment,"employ + act",gluqaiyez,"gluq + yez",ai,2,yes,judged,verdict
emulate,"imitate",trut,"trut",ai,1,yes,sense,verdict
enabled,"enable + done",,"bef + ?",au,2,no,affix,verdict
encapsulate,"shell + put",txalaidrad,"txal + drad",ai,2,yes,sense,verdict
encephalitis,"brain + inflammation",brenaifrep,"bren + frep",ai,2,yes,judged,verdict
encrypt,"secret + make",kretaimek,"kret + mek",ai,2,yes,sense,verdict
endothermic,"heat + absorb",hitaizub,"hit + zub",ai,2,yes,sense,verdict
endpoint,"end + point",guvaileC,"guv + leC",ai,2,yes,sense,verdict
endurance,"endure + act",wigzauyez,"wigz + yez",au,2,yes,affix,verdict
engagement,"engage + act",coqkaiyez,"coqk + yez",ai,2,yes,judged,verdict
engineer,"engine + agent",diksauyug,"diks + yug",au,2,yes,affix,verdict
enhancement,"enhance + act",,"? + yez",ai,2,no,judged,verdict
enlargement,"large + make + act",giqkaimekaiyez,"giqk + mek + yez",ai,3,yes,judged,verdict
enqueue,"queue + put",bavaidrad,"bav + drad",ai,2,yes,sense,verdict
entail,"must + include",,"? + dab",ai,2,no,sense,verdict
entitlement,"right + give",pobaigif,"pob + gif",ai,2,yes,sense,verdict
entity,"end + nature",guvaunep,"guv + nep",au,2,yes,affix,verdict
entrain,"cause + synchronize",,"kaz + ?",ai,2,no,sense,verdict
entrance,"entry + act",,"? + yez",au,2,no,affix,verdict
entry,"enter + like",drozaulak,"droz + lak",au,2,yes,affix,verdict
epidermal,"epidermis + of",,"? + yov",ai,2,no,judged,verdict
equal,"equate + like",,"? + lak",au,2,no,affix,verdict
equality,"equal + nature",,"? + nep",au,2,no,affix,verdict
equation,"equate + act",,"? + yez",au,2,no,affix,verdict
equator,"equate + agent",,"? + yug",au,2,no,affix,verdict
equine,"horse + of",horsaiyov,"hors + yov",ai,2,yes,judged,verdict
equinox,"equal + night + day",,"? + yit + yam",ai,3,no,sense,verdict
equipment,"equip + act",,"? + yez",ai,2,no,judged,verdict
equity,"own + share",tikaixal,"tik + xal",ai,2,yes,sense,verdict
erection,"erect + act",spipaiyez,"spip + yez",ai,2,yes,judged,verdict
eruption,"erupt + act",,"? + yez",ai,2,no,judged,verdict
escarpment,"long + cliff",nucaipidj,"nuc + pidj",ai,2,yes,sense,verdict
esophageal,"esophagus + of",,"? + yov",ai,2,no,judged,verdict
especial,"special",fez,"fez",ai,1,yes,sense,verdict
espresso,"strong + coffee",livaifoq,"liv + foq",ai,2,yes,sense,verdict
essential,"essence + of",yarkaiyov,"yark + yov",ai,2,yes,judged,verdict
establishment,"establish + act",campaiyez,"camp + yez",ai,2,yes,judged,verdict
estuary,"river + mouth",narvaimuc,"narv + muc",ai,2,yes,sense,verdict
eternity,"eternal + ness",,"xax + ?",ai,2,no,judged,verdict
ethereal,"air + like",lesailak,"les + lak",ai,2,yes,sense,verdict
ethnic,"nation + of",pompaiyov,"pomp + yov",ai,2,yes,judged,verdict
etymology,"word + origin",dataiwimp,"dat + wimp",ai,2,yes,sense,verdict
evaluation,"evaluate + act",kruvaiyez,"kruv + yez",ai,2,yes,judged,verdict
evergreen,"leaf + keep + always",lifaikarpainaq,"lif + karp + naq",ai,3,yes,sense,verdict
everyone,"every + one",hezaizan,"hez + zan",ai,2,yes,sense,verdict
everything,"every + thing",hezainiv,"hez + niv",ai,2,yes,sense,verdict
evict,"force + out",rosaibuk,"ros + buk",ai,2,yes,sense,verdict
evident,"evidence + like",lapailak,"lap + lak",ai,2,yes,sense,verdict
exactly,"exact + manner",bolvaukuq,"bolv + kuq",au,2,yes,affix,verdict
exam,"examination",,"?",ai,1,no,clipping,verdict
examination,"examine + act",foqkaiyez,"foqk + yez",ai,2,yes,judged,verdict
exception,"except + act",Cozauyez,"Coz + yez",au,2,yes,affix,verdict
excessive,"excess + like",djozaulak,"djoz + lak",au,2,yes,affix,verdict
excited,"excite + done",,"plux + ?",au,2,no,affix,verdict
excretion,"excrete + act",,"? + yez",ai,2,no,judged,verdict
execute,"run",rin,"rin",ai,1,yes,sense,verdict
execution,"execute + act",,"? + yez",ai,2,no,judged,verdict
executive,"execute + like",,"? + lak",ai,2,no,judged,verdict
exemplify,"example + give",destaigif,"dest + gif",ai,2,yes,sense,verdict
exhaustion,"exhaust + act",txipauyez,"txip + yez",au,2,yes,affix,verdict
exhaustive,"all + cover",kolaikov,"kol + kov",ai,2,yes,sense,verdict
exhibition,"exhibit + act",,"? + yez",ai,2,no,judged,verdict
existence,"exist + act",wavauyez,"wav + yez",au,2,yes,affix,verdict
exoskeleton,"outer + shell",,"? + txal",ai,2,no,sense,verdict
exothermic,"heat + release",hitaigarf,"hit + garf",ai,2,yes,sense,verdict
expectation,"expect + act",yopauyez,"yop + yez",au,2,yes,affix,verdict
expected value,"probability + weigh + average",,"? + Cend + vraj",ai,3,no,sense,verdict
expense,"spend + act",robaiyez,"rob + yez",ai,2,yes,sense,verdict
expensive,"expense + like",,"? + lak",au,2,no,affix,verdict
explanation,"explain + act",yepauyez,"yep + yez",au,2,yes,affix,verdict
explosion,"explode + act",forpaiyez,"forp + yez",ai,2,yes,sense,verdict
explosive,"explode + like",forpailak,"forp + lak",ai,2,yes,sense,verdict
extension,"extend + act",cegzaiyez,"cegz + yez",ai,2,yes,judged,verdict
extinction,"extinct + act",blaqauyez,"blaq + yez",au,2,yes,affix,verdict
extirpate,"local + extinct",ruvaiblaq,"ruv + blaq",ai,2,yes,sense,verdict
extraction,"extract + act",djufaiyez,"djuf + yez",ai,2,yes,judged,verdict
extrapolate,"beyond + estimate",numpailesp,"nump + lesp",ai,2,yes,sense,verdict
extremity,"extreme + ness",,"vuft + ?",ai,2,no,judged,verdict
eyebrow,"eye + brow",xicaibrol,"xic + brol",ai,2,yes,sense,verdict
eyelid,"eye + lid",,"xic + ?",ai,2,no,sense,verdict
eyespot,"simple + eye",brizaixic,"briz + xic",ai,2,yes,sense,verdict
fable,"beast + story",bistaizam,"bist + zam",ai,2,yes,sense,verdict
facet,"flat + face",flataifes,"flat + fes",ai,2,yes,sense,verdict
facetious,"humor + not + serious",kalfaimasaifev,"kalf + mas + fev",ai,3,yes,sense,verdict
facial,"face + of",fesaiyov,"fes + yov",ai,2,yes,judged,verdict
facility,"facilitate + like",staxaulak,"stax + lak",au,2,yes,affix,verdict
faction,"face + act",fesauyez,"fes + yez",au,2,yes,affix,verdict
factory,"factor + like",Ciqkaulak,"Ciqk + lak",au,2,yes,affix,verdict
failure,"fail + act",furaiyez,"fur + yez",ai,2,yes,sense,verdict
fairness,"fair + nature",romaunep,"rom + nep",au,2,yes,affix,verdict
faithful,"faith + full",narpauvup,"narp + vup",au,2,yes,affix,verdict
falcon,"fast + eagle",fastaivotx,"fast + votx",ai,2,yes,sense,verdict
fallback,"spare + choice",,"degz + ?",ai,2,no,sense,verdict
falsify,"false + prove",rotaipruv,"rot + pruv",ai,2,yes,sense,verdict
familial,"family + of",famaiyov,"fam + yov",ai,2,yes,judged,verdict
fang,"long + sharp + tooth",nucaibontaicutx,"nuc + bont + cutx",ai,3,yes,sense,verdict
farmer,"farm + agent",despauyug,"desp + yug",au,2,yes,affix,verdict
farther,"grammar",,"?",au,1,no,grammar,verdict
farthest,"grammar",,"?",au,1,no,grammar,verdict
fastener,"fasten + agent",grodauyug,"grod + yug",au,2,yes,affix,verdict
faster,"fast + agent",fastauyug,"fast + yug",au,2,yes,affix,verdict
fatigue,"repeat + stress + weaken",,"vav + hisp + ?",ai,3,no,sense,verdict
fatty,"fat + like",wesailak,"wes + lak",ai,2,yes,judged,verdict
fault tolerance,"tolerate + fault",Calbaiyob,"Calb + yob",ai,2,yes,sense,verdict
feasible,"do + able",duzaifip,"duz + fip",ai,2,yes,sense,verdict
featuring,"feature + act",sarzauyez,"sarz + yez",au,2,yes,affix,verdict
fecal,"feces + of",vrexaiyov,"vrex + yov",ai,2,yes,judged,verdict
federal,"federation + of",,"? + yov",ai,2,no,judged,verdict
federation,"federate + act",,"? + yez",ai,2,no,judged,verdict
feedback,"feed + back",nubzaigok,"nubz + gok",ai,2,yes,compound,verdict
feeder,"feed + agent",nubzaiyug,"nubz + yug",ai,2,yes,judged,verdict
feeler,"feel + agent",nagauyug,"nag + yug",au,2,yes,affix,verdict
feeling,"feel + act",nagauyez,"nag + yez",au,2,yes,affix,verdict
femoral,"femur + of",,"? + yov",ai,2,no,judged,verdict
fen,"wet + meadow",gegzaiplix,"gegz + plix",ai,2,yes,sense,verdict
fenugreek,"bitter + seed",vumpaisid,"vump + sid",ai,2,yes,sense,verdict
fermentation,"ferment + act",,"? + yez",ai,2,no,judged,verdict
fertility,"fertile + ness",,"smeq + ?",ai,2,no,judged,verdict
fertilization,"fertilize + act",,"? + yez",ai,2,no,judged,verdict
fertilize,"fertile + make",smeqaumek,"smeq + mek",au,2,yes,affix,verdict
fertilizer,"plant + food",dorfaifiz,"dorf + fiz",ai,2,yes,sense,verdict
fetus,"embryo + grow",vrenaigrun,"vren + grun",ai,2,yes,sense,verdict
fibrous,"fiber + like",djotaulak,"djot + lak",au,2,yes,affix,verdict
fifth,"five + order",komainord,"kom + nord",ai,2,yes,sense,verdict
fifty,"five + ten",komaifeC,"kom + feC",ai,2,yes,sense,verdict
figurative,"not + literal",,"mas + ?",ai,2,no,sense,verdict
filler,"fill + agent",nolbaiyug,"nolb + yug",ai,2,yes,judged,verdict
film,"thin + layer",porvaigrof,"porv + grof",ai,2,yes,sense,verdict
filth,"foul + nature",hustainep,"hust + nep",ai,2,yes,sense,verdict
filthy,"filth + like",,"? + lak",au,2,no,affix,verdict
filtration,"filter + act",vekaiyez,"vek + yez",ai,2,yes,judged,verdict
finance,"fin + act",glovauyez,"glov + yez",au,2,yes,affix,verdict
financial,"finance + of",,"? + yov",ai,2,no,judged,verdict
finch,"small + sparrow",smalaibrax,"smal + brax",ai,2,yes,sense,verdict
finish,"fin + like",glovaulak,"glov + lak",au,2,yes,affix,verdict
fir,"needle + pine",valdaicomp,"vald + comp",ai,2,yes,sense,verdict
firewood,"fire + wood",foraivriC,"for + vriC",ai,2,yes,sense,verdict
first,"one + order",zanainord,"zan + nord",ai,2,yes,sense,verdict
fisher,"fish + agent",frixauyug,"frix + yug",au,2,yes,affix,verdict
fission,"nucleus + split",klisaidit,"klis + dit",ai,2,yes,sense,verdict
fixation,"fix + act",lenaiyez,"len + yez",ai,2,yes,judged,verdict
fixed,"fix + done",,"len + ?",au,2,no,affix,verdict
fixture,"fix + thing",lenainiv,"len + niv",ai,2,yes,judged,verdict
fjord,"deep + sea + valley",govaimalcaibaqk,"gov + malc + baqk",ai,3,yes,sense,verdict
flattened,"flat + make + done",,"flat + mek + ?",ai,3,no,judged,verdict
flea,"jump + bug",metsaipamp,"mets + pamp",ai,2,yes,sense,verdict
flexible,"flex + able",vusaufip,"vus + fip",au,2,yes,affix,verdict
flexure,"flex + ness",,"vus + ?",ai,2,no,judged,verdict
flight,"fly + act",lefaiyez,"lef + yez",ai,2,yes,sense,verdict
flint,"spark + rock",cadjairak,"cadj + rak",ai,2,yes,sense,verdict
flipper,"swim + limb",wumailarf,"wum + larf",ai,2,yes,sense,verdict
floater,"float + agent",flotauyug,"flot + yug",au,2,yes,affix,verdict
floodplain,"flood + plain",yeftaipind,"yeft + pind",ai,2,yes,sense,verdict
flounder,"flat + fish",flataifrix,"flat + frix",ai,2,yes,sense,verdict
flu,"influenza",,"?",ai,1,no,clipping,verdict
fluorescence,"fluoresce + act",,"? + yez",ai,2,no,judged,verdict
fluoride,"fluorine + salt",,"? + tigz",ai,2,no,judged,verdict
flux,"flow + rate + boundary",suntaibagzaibund,"sunt + bagz + bund",ai,3,yes,sense,verdict
folder,"file + hold",noldaihoq,"nold + hoq",ai,2,yes,sense,verdict
follower,"follow + agent",darbauyug,"darb + yug",au,2,yes,affix,verdict
food,"feed + thing",nubzainiv,"nubz + niv",ai,2,yes,sense,verdict
foolish,"fool + like",limaulak,"lim + lak",au,2,yes,affix,verdict
foothill,"foot + hill",gralaigagz,"gral + gagz",ai,2,yes,sense,verdict
forbidden,"forbid + make",xalcaumek,"xalc + mek",au,2,yes,affix,verdict
forced,"force + done",,"ros + ?",au,2,no,affix,verdict
forceful,"force + full",rosauvup,"ros + vup",au,2,yes,affix,verdict
ford,"river + cross + place",narvaikrasainad,"narv + kras + nad",ai,3,yes,sense,verdict
fore,"front",keg,"keg",ai,1,yes,sense,verdict
forearm,"front + arm",kegaimarb,"keg + marb",ai,2,yes,sense,verdict
forecast,"before + predict",toraiwudj,"tor + wudj",ai,2,yes,sense,verdict
forehead,"front + head",kegaihad,"keg + had",ai,2,yes,sense,verdict
foreigner,"foreign + agent",bubzauyug,"bubz + yug",au,2,yes,affix,verdict
foresight,"before + sight",toraisat,"tor + sat",ai,2,yes,sense,verdict
foretell,"before + tell",toraital,"tor + tal",ai,2,yes,sense,verdict
formate,"formic + salt",,"? + tigz",ai,2,no,judged,verdict
formation,"form + act",nuntaiyez,"nunt + yez",ai,2,yes,judged,verdict
former,"form + agent",nuntauyug,"nunt + yug",au,2,yes,affix,verdict
formulation,"formulate + act",,"? + yez",ai,2,no,judged,verdict
forth,"forward",mat,"mat",ai,1,yes,sense,verdict
fortify,"fort + make",fortaumek,"fort + mek",au,2,yes,affix,verdict
fortress,"fort + place",fortainad,"fort + nad",ai,2,yes,sense,verdict
forty,"four + ten",lafaifeC,"laf + feC",ai,2,yes,sense,verdict
forward,"front + oriented",,"keg + ?",ai,2,no,sense,verdict
fossorial,"burrow + live",flifaikib,"flif + kib",ai,2,yes,sense,verdict
foundation,"found + act",totauyez,"tot + yez",au,2,yes,affix,verdict
fourth,"four + order",lafainord,"laf + nord",ai,2,yes,sense,verdict
fragility,"fragile + ness",,"reft + ?",ai,2,no,judged,verdict
fragmentation,"fragment + act",trigaiyez,"trig + yez",ai,2,yes,judged,verdict
framework,"frame + work",fretaiwark,"fret + wark",ai,2,yes,compound,verdict
freckle,"face + dot",fesaiCuft,"fes + Cuft",ai,2,yes,sense,verdict
freedom,"free + state",podaudom,"pod + dom",au,2,yes,affix,verdict
freight,"cargo",,"?",ai,1,no,sense,verdict
frequent,"often",gug,"gug",ai,1,yes,sense,verdict
friendly,"friend + manner",dudaukuq,"dud + kuq",au,2,yes,affix,verdict
friendship,"friend + ship",dudaixup,"dud + xup",ai,2,yes,compound,verdict
frighten,"fright + make",draxaumek,"drax + mek",au,2,yes,affix,verdict
fruitful,"fruit + full",magauvup,"mag + vup",au,2,yes,affix,verdict
fully,"full + like",vupailak,"vup + lak",ai,2,yes,judged,verdict
fumarate,"fumaric + salt",,"? + tigz",ai,2,no,judged,verdict
fundamental,"base + like",besailak,"bes + lak",ai,2,yes,sense,verdict
funny,"fun + like",zedaulak,"zed + lak",au,2,yes,affix,verdict
furious,"fur + like",xoltaulak,"xolt + lak",au,2,yes,affix,verdict
furnish,"furniture + give",harbaigif,"harb + gif",ai,2,yes,sense,verdict
further,"grammar",,"?",au,1,no,grammar,verdict
furthest,"grammar",,"?",au,1,no,grammar,verdict
fusion,"nucleus + join",klisaigoz,"klis + goz",ai,2,yes,sense,verdict
galaxy,"star + swarm",staraisneC,"star + sneC",ai,2,yes,sense,verdict
gale,"strong + wind",livaiwand,"liv + wand",ai,2,yes,sense,verdict
gambling,"gamble + act",xadzaiyez,"xadz + yez",ai,2,yes,judged,verdict
gangster,"gang + member",detsaimast,"dets + mast",ai,2,yes,sense,verdict
gastric,"stomach + of",stokaiyov,"stok + yov",ai,2,yes,judged,verdict
gazelle,"small + deer",smalaixars,"smal + xars",ai,2,yes,sense,verdict
generalize,"general + make",Cefaumek,"Cef + mek",au,2,yes,affix,verdict
generate,"gene + rate",djinaibagz,"djin + bagz",ai,2,yes,compound,verdict
generation,"generate + act",,"? + yez",ai,2,no,sense,verdict
generator,"generate + agent",,"? + yug",au,2,no,affix,verdict
generic,"genus + of",,"? + yov",ai,2,no,judged,verdict
genetic,"gene + of",djinaiyov,"djin + yov",ai,2,yes,judged,verdict
genital,"generate + of",,"? + yov",ai,2,no,judged,verdict
genitalia,"genital + thing",,"? + niv",ai,2,no,judged,verdict
genome,"gene + all",djinaikol,"djin + kol",ai,2,yes,sense,verdict
genotype,"gene + trait",djinaitret,"djin + tret",ai,2,yes,sense,verdict
geographic,"geography + of",,"? + yov",ai,2,no,judged,verdict
geological,"geology + of",,"? + yov",ai,2,no,judged,verdict
germinal,"germ + of",snopaiyov,"snop + yov",ai,2,yes,judged,verdict
germinate,"seed + sprout",sidaisked,"sid + sked",ai,2,yes,sense,verdict
geyser,"hot + water + spout",gepaiwaCaistib,"gep + waC + stib",ai,3,yes,sense,verdict
gift,"give + thing",gifainiv,"gif + niv",ai,2,yes,sense,verdict
giraffe,"long + neck + deer",nucaimondaixars,"nuc + mond + xars",ai,3,yes,sense,verdict
giver,"give + agent",gifauyug,"gif + yug",au,2,yes,affix,verdict
gizzard,"grind + stomach",grotaistok,"grot + stok",ai,2,yes,sense,verdict
glacier,"ice + river",halsainarv,"hals + narv",ai,2,yes,sense,verdict
glandular,"gland + of",smaqaiyov,"smaq + yov",ai,2,yes,judged,verdict
glossary,"term + list",todailist,"tod + list",ai,2,yes,sense,verdict
glossy,"shine + like",palbailak,"palb + lak",ai,2,yes,sense,verdict
glove,"hand + covering",zeqkaivedz,"zeqk + vedz",ai,2,yes,sense,verdict
glutamate,"glutamic + salt",,"? + tigz",ai,2,no,judged,verdict
glycol,"sweet + alcohol",skitaikoqk,"skit + koqk",ai,2,yes,judged,verdict
gneiss,"band + rock",mupsairak,"mups + rak",ai,2,yes,sense,verdict
goddess,"god + female",gadaufim,"gad + fim",au,2,yes,affix,verdict
golden,"gold + like",godailak,"god + lak",ai,2,yes,judged,verdict
golem,"make + body + animate",,"mek + vat + ?",ai,3,no,sense,verdict
golf,"club + ball + hole + sport",rigaibralaihatxaipudj,"rig + bral + hatx + pudj",ai,4,yes,sense,verdict
gorge,"deep + valley",govaibaqk,"gov + baqk",ai,2,yes,sense,verdict
government,"govern + act",snutauyez,"snut + yez",au,2,yes,affix,verdict
graceful,"grace + full",nutsauvup,"nuts + vup",au,2,yes,affix,verdict
gradient,"grade + agent",datxauyug,"datx + yug",au,2,yes,affix,verdict
graduate,"grade + do",datxaiduz,"datx + duz",ai,2,yes,judged,verdict
grainy,"grain + like",letxaulak,"letx + lak",au,2,yes,affix,verdict
grammar,"language + code",garaikod,"gar + kod",ai,2,yes,sense,verdict
grandchild,"child + child",gagaigag,"gag + gag",ai,2,yes,sense,verdict
grandfather,"parent + father",sasaibab,"sas + bab",ai,2,yes,sense,verdict
grandmother,"parent + mother",sasaimam,"sas + mam",ai,2,yes,sense,verdict
grandparent,"grand + parent",malbaisas,"malb + sas",ai,2,yes,compound,verdict
granite,"hard + rock",kadairak,"kad + rak",ai,2,yes,sense,verdict
granular,"grain + like",letxailak,"letx + lak",ai,2,yes,sense,verdict
granularity,"unit + scale",galpaiskal,"galp + skal",ai,2,yes,sense,verdict
granule,"grain + small",letxaismal,"letx + smal",ai,2,yes,judged,verdict
granules,"granule + many",,"? + mav",ai,2,no,judged,verdict
grapefruit,"grape + fruit",grepaimag,"grep + mag",ai,2,yes,compound,verdict
graphic,"graph + like",zipaulak,"zip + lak",au,2,yes,affix,verdict
grasshopper,"grass + hop + bug",grasaiflapaipamp,"gras + flap + pamp",ai,3,yes,sense,verdict
grassland,"grass + land",grasailan,"gras + lan",ai,2,yes,compound,verdict
gratify,"grate + make",stizaumek,"stiz + mek",au,2,yes,affix,verdict
gravel,"small + rock + many",smalairakaimav,"smal + rak + mav",ai,3,yes,sense,verdict
greater,"grammar",,"?",au,1,no,grammar,verdict
greatest,"grammar",,"?",au,1,no,grammar,verdict
greedy,"greed + like",lendaulak,"lend + lak",au,2,yes,affix,verdict
grinder,"grind + thing",grotainiv,"grot + niv",ai,2,yes,judged,verdict
growl,"beast + low + call",bistailemaikar,"bist + lem + kar",ai,3,yes,sense,verdict
growth,"grow + act",grunaiyez,"grun + yez",ai,2,yes,sense,verdict
guardian,"guard + agent",moftaiyug,"moft + yug",ai,2,yes,sense,verdict
guidance,"guide + act",gibaiyez,"gib + yez",ai,2,yes,judged,verdict
guilty,"guilt + like",galtaulak,"galt + lak",au,2,yes,affix,verdict
guitar,"string + instrument",desaixudz,"des + xudz",ai,2,yes,sense,verdict
gulf,"big + bay",brataibalb,"brat + balb",ai,2,yes,sense,verdict
gullible,"easy + deceive",toksaigloz,"toks + gloz",ai,2,yes,sense,verdict
gully,"small + ravine",,"smal + ?",ai,2,no,sense,verdict
gust,"sudden + wind",golzaiwand,"golz + wand",ai,2,yes,sense,verdict
gym,"body + train + place",vatairadainad,"vat + rad + nad",ai,3,yes,sense,verdict
gypsum,"soft + crystal",saftaikuqk,"saft + kuqk",ai,2,yes,sense,verdict
had,"grammar",,"?",au,1,no,grammar,verdict
haddock,"small + cod",smalaiplam,"smal + plam",ai,2,yes,sense,verdict
hairy,"hair + like",fifaulak,"fif + lak",au,2,yes,affix,verdict
half,"two + part",dobaipart,"dob + part",ai,2,yes,sense,verdict
halibut,"big + flat + fish",brataiflataifrix,"brat + flat + frix",ai,3,yes,sense,verdict
halite,"salt + crystal",tigzaikuqk,"tigz + kuqk",ai,2,yes,sense,verdict
handkerchief,"hand + cloth",zeqkaicorv,"zeqk + corv",ai,2,yes,sense,verdict
handy,"hand + like",zeqkaulak,"zeqk + lak",au,2,yes,affix,verdict
hangar,"plane + shed",revaivuts,"rev + vuts",ai,2,yes,sense,verdict
harden,"hard + make",kadaumek,"kad + mek",au,2,yes,affix,verdict
hardware,"hard + ware",kadaiplog,"kad + plog",ai,2,yes,compound,verdict
hare,"rabbit",pagz,"pagz",ai,1,yes,sense,verdict
harmful,"harm + full",drakauvup,"drak + vup",au,2,yes,affix,verdict
harmonize,"harmony + make",maqaimek,"maq + mek",ai,2,yes,sense,verdict
has,"grammar",,"?",au,1,no,grammar,verdict
haughty,"proud + distant",lolaixalk,"lol + xalk",ai,2,yes,sense,verdict
having,"grammar",,"?",au,1,no,grammar,verdict
hawk,"small + eagle",smalaivotx,"smal + votx",ai,2,yes,sense,verdict
hazelnut,"bush + nut",sendaihiks,"send + hiks",ai,2,yes,sense,verdict
hazy,"haze + like",smagaulak,"smag + lak",au,2,yes,affix,verdict
header,"head + agent",hadauyug,"had + yug",au,2,yes,affix,verdict
health,"whole + nature",holainep,"hol + nep",ai,2,yes,sense,verdict
healthy,"health + like",giskaulak,"gisk + lak",au,2,yes,affix,verdict
hearth,"fire + floor",forairim,"for + rim",ai,2,yes,sense,verdict
hedgehog,"thorn + rat",rargaidimp,"rarg + dimp",ai,2,yes,sense,verdict
helper,"help + agent",neqauyug,"neq + yug",au,2,yes,affix,verdict
hematite,"iron + ore",kitxaiklod,"kitx + klod",ai,2,yes,sense,verdict
hemisphere,"half + sphere",,"? + bloq",ai,2,no,sense,verdict
hepatic,"liver + of",,"? + yov",ai,2,no,judged,verdict
her,"grammar",,"?",au,1,no,grammar,verdict
herbaceous,"herb + like",rorbailak,"rorb + lak",ai,2,yes,sense,verdict
herbivore,"plant + eat + agent",dorfaigabaiyug,"dorf + gab + yug",ai,3,yes,sense,verdict
herder,"herd + agent",Cedjaiyug,"Cedj + yug",ai,2,yes,sense,verdict
hereditary,"heredity + of",,"? + yov",ai,2,no,judged,verdict
hero,"brave + person",brevainar,"brev + nar",ai,2,yes,sense,verdict
heroic,"hero + like",,"? + lak",au,2,no,affix,verdict
heron,"river + crane",narvaigolp,"narv + golp",ai,2,yes,sense,verdict
hers,"grammar",,"?",au,1,no,grammar,verdict
herself,"grammar",,"?",au,1,no,grammar,verdict
hesitant,"hesitate + agent",yorgauyug,"yorg + yug",au,2,yes,affix,verdict
hexagon,"six + side + shape",vipaisardaideps,"vip + sard + deps",ai,3,yes,sense,verdict
higher,"grammar",,"?",au,1,no,grammar,verdict
highest,"grammar",,"?",au,1,no,grammar,verdict
highland,"high + land",molailan,"mol + lan",ai,2,yes,compound,verdict
highly,"high + like",molailak,"mol + lak",ai,2,yes,judged,verdict
highway,"big + road",brataiyeb,"brat + yeb",ai,2,yes,sense,verdict
him,"grammar",,"?",au,1,no,grammar,verdict
himself,"grammar",,"?",au,1,no,grammar,verdict
hind,"back",gok,"gok",ai,1,yes,sense,verdict
hinder,"hind + agent",,"? + yug",au,2,no,affix,verdict
hindsight,"after + sight",retaisat,"ret + sat",ai,2,yes,sense,verdict
hippo,"river + beast",narvaibist,"narv + bist",ai,2,yes,sense,verdict
hippopotamus,"river + horse",narvaihors,"narv + hors",ai,2,yes,sense,verdict
his,"grammar",,"?",au,1,no,grammar,verdict
histamine,"tissue + amine",,"txum + ?",ai,2,no,judged,verdict
histology,"tissue + study",txumainedz,"txum + nedz",ai,2,yes,judged,verdict
hockey,"stick + puck + sport",rebaidrenaipudj,"reb + dren + pudj",ai,3,yes,sense,verdict
holder,"hold + agent",hoqauyug,"hoq + yug",au,2,yes,affix,verdict
homeland,"home + land",homailan,"hom + lan",ai,2,yes,sense,verdict
homeostasis,"self + regulate + stable",depaivrezaitab,"dep + vrez + tab",ai,3,yes,sense,verdict
honesty,"honest + like",mitxaulak,"mitx + lak",au,2,yes,affix,verdict
hoodlum,"violent + crime + agent",volzaimempaiyug,"volz + memp + yug",ai,3,yes,sense,verdict
hooligan,"rowdy + agent",stixaiyug,"stix + yug",ai,2,yes,sense,verdict
hoot,"owl + call",yalpaikar,"yalp + kar",ai,2,yes,sense,verdict
hopeful,"hope + full",hopauvup,"hop + vup",au,2,yes,affix,verdict
hornet,"big + wasp",brataismup,"brat + smup",ai,2,yes,sense,verdict
horrible,"fear + able",froCaifip,"froC + fip",ai,2,yes,sense,verdict
household,"house + hold",puzaihoq,"puz + hoq",ai,2,yes,compound,verdict
humanity,"human + nature",dramaunep,"dram + nep",au,2,yes,affix,verdict
humeral,"humerus + of",,"? + yov",ai,2,no,judged,verdict
humidity,"humid + nature",skekaunep,"skek + nep",au,2,yes,affix,verdict
humiliation,"humiliate + act",woskauyez,"wosk + yez",au,2,yes,affix,verdict
hundredth,"hundred + order",wefainord,"wef + nord",ai,2,yes,sense,verdict
hungry,"hunger + like",huqkaulak,"huqk + lak",au,2,yes,affix,verdict
hunter,"hunt + agent",hantauyug,"hant + yug",au,2,yes,affix,verdict
hurricane,"sea + cyclone",,"malc + ?",ai,2,no,sense,verdict
hurtful,"hurt + full",zisauvup,"zis + vup",au,2,yes,affix,verdict
husband,"wed + male",blojaimaf,"bloj + maf",ai,2,yes,sense,verdict
husk,"seed + covering",sidaivedz,"sid + vedz",ai,2,yes,sense,verdict
hydrate,"water + compound",waCaiCeqk,"waC + Ceqk",ai,2,yes,judged,verdict
hydraulic,"water + of",waCaiyov,"waC + yov",ai,2,yes,judged,verdict
hydride,"hydrogen + salt",brimaitigz,"brim + tigz",ai,2,yes,judged,verdict
hydroxide,"hydrogen + oxide",,"brim + ?",ai,2,no,judged,verdict
hydroxy,"water + oxygen group",,"waC + ?",ai,2,no,judged,verdict
hyena,"laugh + wild + dog",laftaiwaldaidag,"laft + wald + dag",ai,3,yes,sense,verdict
hymn,"god + song",gadaisaq,"gad + saq",ai,2,yes,sense,verdict
hypertrophy,"over + nourish",,"djip + ?",ai,2,no,judged,verdict
hypha,"fungus + thread",ploqairent,"ploq + rent",ai,2,yes,sense,verdict
hypothetical,"hypothesis + like",skonailak,"skon + lak",ai,2,yes,sense,verdict
hysteresis,"state + depend + history",domaifontailop,"dom + font + lop",ai,3,yes,sense,verdict
iceberg,"ice + mountain",halsaimot,"hals + mot",ai,2,yes,sense,verdict
identification,"identify + act",,"? + yez",ai,2,no,judged,verdict
identifier,"identify + agent",,"? + yug",au,2,no,affix,verdict
identify,"identity + find",zutaifan,"zut + fan",ai,2,yes,sense,verdict
igneous,"fire + rock",forairak,"for + rak",ai,2,yes,sense,verdict
ignorant,"ignore + agent",torgauyug,"torg + yug",au,2,yes,affix,verdict
illegal,"not + legal",masaigalf,"mas + galf",ai,2,yes,sense,verdict
illegitimate,"not + legitimate",masaijalb,"mas + jalb",ai,2,yes,sense,verdict
illness,"ill + nature",pedzaunep,"pedz + nep",au,2,yes,affix,verdict
illogical,"not + logical",,"mas + ?",ai,2,no,sense,verdict
illumination,"illuminate + act",,"? + yez",ai,2,no,judged,verdict
imagery,"image + ness",,"madj + ?",ai,2,no,judged,verdict
imaginary,"imagine + like",xipaulak,"xip + lak",au,2,yes,affix,verdict
imagination,"imagine + act",xipauyez,"xip + yez",au,2,yes,affix,verdict
imbibe,"drink + absorb",dugaizub,"dug + zub",ai,2,yes,sense,verdict
imitation,"imitate + act",trutauyez,"trut + yez",au,2,yes,affix,verdict
immature,"not + mature",masaixolz,"mas + xolz",ai,2,yes,sense,verdict
immense,"very + vast",penaivast,"pen + vast",ai,2,yes,sense,verdict
immerse,"deep + put",govaidrad,"gov + drad",ai,2,yes,sense,verdict
immersion,"immerse + act",,"? + yez",ai,2,no,judged,verdict
immigrate,"migrate + in",,"? + ras",ai,2,no,sense,verdict
immortal,"not + die",masaisex,"mas + sex",ai,2,yes,sense,verdict
immunity,"immune + ness",,"weqk + ?",ai,2,no,judged,verdict
impairment,"impair + act",,"? + yez",ai,2,no,judged,verdict
impartial,"not + side",masaisard,"mas + sard",ai,2,yes,sense,verdict
impedance,"impede + ness",,"? + ?",ai,2,no,judged,verdict
imperial,"empire + of",vidzaiyov,"vidz + yov",ai,2,yes,judged,verdict
implantation,"implant + act",,"? + yez",ai,2,no,judged,verdict
implosion,"collapse + inward",,"yomp + ?",ai,2,no,sense,verdict
impolite,"not + polite",masaisarv,"mas + sarv",ai,2,yes,sense,verdict
important,"import + agent",begauyug,"beg + yug",au,2,yes,affix,verdict
impossible,"not + possible",masaiyen,"mas + yen",ai,2,yes,sense,verdict
impostor,"false + identity + agent",rotaizutaiyug,"rot + zut + yug",ai,3,yes,sense,verdict
impound,"seize + hold",lidjaihoq,"lidj + hoq",ai,2,yes,sense,verdict
impression,"impress + act",farpaiyez,"farp + yez",ai,2,yes,judged,verdict
improper,"not + proper",masaibest,"mas + best",ai,2,yes,sense,verdict
improvement,"improve + ness",,"xudj + ?",ai,2,no,judged,verdict
impulsive,"impulse + like",yuspaulak,"yusp + lak",au,2,yes,affix,verdict
inaccurate,"not + accurate",masaijemp,"mas + jemp",ai,2,yes,sense,verdict
inactivation,"not + activate + act",,"mas + ? + yez",ai,3,no,judged,verdict
inactive,"not + active",,"mas + ?",ai,2,no,sense,verdict
inappropriate,"not + appropriate",masaizugz,"mas + zugz",ai,2,yes,sense,verdict
incisor,"cut + tooth",zepaicutx,"zep + cutx",ai,2,yes,sense,verdict
inclusion,"include + act",dabaiyez,"dab + yez",ai,2,yes,sense,verdict
incomplete,"not + complete",masainibz,"mas + nibz",ai,2,yes,sense,verdict
inconsistent,"not + consistent",,"mas + ?",ai,2,no,sense,verdict
incontinence,"not + hold + ness",,"mas + hoq + ?",ai,3,no,judged,verdict
incorporeal,"not + body",masaivat,"mas + vat",ai,2,yes,sense,verdict
incorrect,"not + correct",masainoqk,"mas + noqk",ai,2,yes,sense,verdict
incredible,"hard + believe",kadaipof,"kad + pof",ai,2,yes,sense,verdict
independence,"not + depend + ness",,"mas + font + ?",ai,3,no,judged,verdict
indeterminate,"determine + not + done",,"xorp + mas + ?",ai,3,no,sense,verdict
indicator,"indicate + thing",xolbainiv,"xolb + niv",ai,2,yes,sense,verdict
indirect,"not + direct",masaibalk,"mas + balk",ai,2,yes,sense,verdict
induction,"induce + act",smitaiyez,"smit + yez",ai,2,yes,judged,verdict
industrial,"industry + of",vompaiyov,"vomp + yov",ai,2,yes,judged,verdict
inefficient,"not + efficient",masairolv,"mas + rolv",ai,2,yes,sense,verdict
inevitability,"prevent + not + able",dekaimasaifip,"dek + mas + fip",ai,3,yes,sense,verdict
infancy,"infant + ness",,"? + ?",ai,2,no,judged,verdict
infantile,"infant + like",,"? + lak",ai,2,no,judged,verdict
infection,"infect + act",snubauyez,"snub + yez",au,2,yes,affix,verdict
inferior,"infer + agent",fliqauyug,"fliq + yug",au,2,yes,affix,verdict
infertility,"infertile + ness",,"? + ?",ai,2,no,judged,verdict
infiltration,"infiltrate + act",,"? + yez",ai,2,no,judged,verdict
inflation,"price + rise",mutsairiz,"muts + riz",ai,2,yes,sense,verdict
inflection,"inflect + act",,"? + yez",au,2,no,affix,verdict
informal,"inform + like",vipsaulak,"vips + lak",au,2,yes,affix,verdict
information,"inform + act",vipsauyez,"vips + yez",au,2,yes,affix,verdict
infrastructure,"base + structure",besaitok,"bes + tok",ai,2,yes,sense,verdict
infusion,"infuse + act",,"? + yez",ai,2,no,judged,verdict
ingenious,"clever + invent",duntailorf,"dunt + lorf",ai,2,yes,sense,verdict
ingestion,"ingest + act",,"? + yez",ai,2,no,judged,verdict
inhabit,"live + in",kibairas,"kib + ras",ai,2,yes,sense,verdict
inheritance,"inherit + act",glegauyez,"gleg + yez",au,2,yes,affix,verdict
inhibition,"inhibit + act",,"? + yez",ai,2,no,judged,verdict
inhibitor,"inhibit + agent",,"? + yug",ai,2,no,judged,verdict
initial,"initiate + like",gluzaulak,"gluz + lak",au,2,yes,affix,verdict
initialize,"first + set",,"? + gig",ai,2,no,sense,verdict
initiation,"initiate + act",gluzaiyez,"gluz + yez",ai,2,yes,judged,verdict
initiative,"initiate + like",gluzailak,"gluz + lak",ai,2,yes,judged,verdict
injection,"inject + act",blujaiyez,"bluj + yez",ai,2,yes,judged,verdict
injury,"injure + like",stedaulak,"sted + lak",au,2,yes,affix,verdict
inner,"inn + agent",xorbauyug,"xorb + yug",au,2,yes,affix,verdict
innovation,"innovate + act",,"? + yez",ai,2,no,judged,verdict
inorganic,"not + organic",,"mas + ?",ai,2,no,judged,verdict
inquiry,"inquire + like",kletaulak,"klet + lak",au,2,yes,affix,verdict
inscription,"inscribe + act",,"? + yez",ai,2,no,sense,verdict
insertion,"insert + act",drafaiyez,"draf + yez",ai,2,yes,judged,verdict
inspection,"inspect + act",blipaiyez,"blip + yez",ai,2,yes,judged,verdict
instability,"not + stable + ness",,"mas + tab + ?",ai,3,no,judged,verdict
installation,"set + place",gigainad,"gig + nad",ai,2,yes,sense,verdict
instruction,"instruct + act",klaqauyez,"klaq + yez",au,2,yes,affix,verdict
insufficiency,"insufficient + ness",,"? + ?",ai,2,no,judged,verdict
insulating,"insulate + act",,"? + yez",au,2,no,affix,verdict
insulation,"insulate + act",,"? + yez",ai,2,no,judged,verdict
insulator,"insulate + agent",,"? + yug",au,2,no,affix,verdict
insurance,"insure + act",spubaiyez,"spub + yez",ai,2,yes,judged,verdict
intact,"whole",hol,"hol",ai,1,yes,sense,verdict
intake,"take + in",tekairas,"tek + ras",ai,2,yes,sense,verdict
intangible,"not + touch + able",masaitatxaifip,"mas + tatx + fip",ai,3,yes,sense,verdict
integral,"area + sum",mintaifabz,"mint + fabz",ai,2,yes,sense,verdict
integration,"integrate + act",vrixaiyez,"vrix + yez",ai,2,yes,judged,verdict
integrity,"integrate + nature",vrixaunep,"vrix + nep",au,2,yes,affix,verdict
intelligence,"intelligent + ness",,"? + ?",ai,2,no,judged,verdict
intensity,"intense + nature",bizaunep,"biz + nep",au,2,yes,affix,verdict
intensive,"intense + like",bizailak,"biz + lak",ai,2,yes,judged,verdict
intention,"intent + act",kivauyez,"kiv + yez",au,2,yes,affix,verdict
intentional,"intention + like",,"? + lak",au,2,no,affix,verdict
interesting,"interest + act",trisauyez,"tris + yez",au,2,yes,affix,verdict
interface,"between + face",tinaufes,"tin + fes",au,2,yes,prefix,verdict
interference,"interfere + act",fustaiyez,"fust + yez",ai,2,yes,judged,verdict
internet,"between + net",tinauhift,"tin + hift",au,2,yes,prefix,verdict
interpolate,"between + estimate",tinailesp,"tin + lesp",ai,2,yes,sense,verdict
interpretation,"interpret + act",bludauyez,"blud + yez",au,2,yes,affix,verdict
intersect,"between + sect",tinauvrak,"tin + vrak",au,2,yes,prefix,verdict
intersection,"between + section",,"tin + ?",au,2,no,prefix,verdict
interstitial,"between + space + of",tinaipasaiyov,"tin + pas + yov",ai,3,yes,judged,verdict
intervention,"intervene + act",smuxaiyez,"smux + yez",ai,2,yes,judged,verdict
intolerance,"not + tolerate + ness",,"mas + Calb + ?",ai,3,no,judged,verdict
intrinsic,"inward + of",,"? + yov",ai,2,no,judged,verdict
introduction,"introduce + act",gordaiyez,"gord + yez",ai,2,yes,sense,verdict
introductory,"introduce + like",gordailak,"gord + lak",ai,2,yes,sense,verdict
intruder,"trespass + agent",smubaiyug,"smub + yug",ai,2,yes,sense,verdict
intrusion,"intrude + act",blezaiyez,"blez + yez",ai,2,yes,judged,verdict
invasion,"invade + act",djofaiyez,"djof + yez",ai,2,yes,sense,verdict
invasive,"invade + like",djofailak,"djof + lak",ai,2,yes,judged,verdict
inventory,"invent + thing",lorfainiv,"lorf + niv",ai,2,yes,judged,verdict
inversion,"invert + act",,"? + yez",ai,2,no,judged,verdict
invertebrate,"not + spine + animal",masaispanaizul,"mas + span + zul",ai,3,yes,sense,verdict
investigation,"investigate + act",xintauyez,"xint + yez",au,2,yes,affix,verdict
investment,"invest + act",lampaiyez,"lamp + yez",ai,2,yes,judged,verdict
involuntary,"not + voluntary",masaitxoq,"mas + txoq",ai,2,yes,sense,verdict
involvement,"involve + act",ciskaiyez,"cisk + yez",ai,2,yes,judged,verdict
invulnerable,"not + hurt + able",masaizisaifip,"mas + zis + fip",ai,3,yes,sense,verdict
inward,"in + oriented",,"ras + ?",ai,2,no,sense,verdict
iodide,"iodine + compound",snoxaiCeqk,"snox + Ceqk",ai,2,yes,judged,verdict
ion,"charge + atom",rufaitom,"ruf + tom",ai,2,yes,sense,verdict
ionic,"charge + bond",rufainuq,"ruf + nuq",ai,2,yes,sense,verdict
ionization,"ionize + act",,"? + yez",ai,2,no,judged,verdict
irony,"iron + like",kitxaulak,"kitx + lak",au,2,yes,affix,verdict
irradiation,"irradiate + act",,"? + yez",ai,2,no,judged,verdict
irregular,"not + regular",masaigolb,"mas + golb",ai,2,yes,sense,verdict
irregularity,"irregular + ness",,"? + ?",ai,2,no,judged,verdict
irrelevant,"not + relevant",masaiyalt,"mas + yalt",ai,2,yes,sense,verdict
irreversible,"not + reverse + able",,"mas + ? + fip",ai,3,no,sense,verdict
irrigation,"irrigate + act",frotaiyez,"frot + yez",ai,2,yes,judged,verdict
is,"grammar",,"?",au,1,no,grammar,verdict
isolation,"isolate + act",dricaiyez,"dric + yez",ai,2,yes,judged,verdict
isomorphism,"same + structure",nobaitok,"nob + tok",ai,2,yes,sense,verdict
isotope,"element + neutron + vary",largainartaistux,"larg + nart + stux",ai,3,yes,sense,verdict
its,"grammar",,"?",au,1,no,grammar,verdict
itself,"grammar",,"?",au,1,no,grammar,verdict
ivy,"wall + vine",medzaitxek,"medz + txek",ai,2,yes,sense,verdict
jackal,"small + wild + dog",smalaiwaldaidag,"smal + wald + dag",ai,3,yes,sense,verdict
jade,"green + rock",pesairak,"pes + rak",ai,2,yes,sense,verdict
jaded,"interest + wear + away",trisaiwaraiyad,"tris + war + yad",ai,3,yes,sense,verdict
jar,"wide + mouth + container",bondaimucaiweps,"bond + muc + weps",ai,3,yes,sense,verdict
jealousy,"jealous + like",geksaulak,"geks + lak",au,2,yes,affix,verdict
jeer,"mock + shout",dovaixut,"dov + xut",ai,2,yes,sense,verdict
jellyfish,"jelly + fish",Ciftaifrix,"Cift + frix",ai,2,yes,sense,verdict
jimmy,"pry + open",worzaizark,"worz + zark",ai,2,yes,sense,verdict
judgment,"judge + act",wepaiyez,"wep + yez",ai,2,yes,judged,verdict
judgmental,"judge + too + much",wepaigalainen,"wep + gal + nen",ai,3,yes,sense,verdict
judicial,"judge + of",wepaiyov,"wep + yov",ai,2,yes,judged,verdict
junior,"young + more",zenainis,"zen + nis",ai,2,yes,judged,verdict
jupiter,"king + planet",fubaiglob,"fub + glob",ai,2,yes,sense,verdict
jurisdiction,"law + reach",xufaimorz,"xuf + morz",ai,2,yes,sense,verdict
justify,"just + make",bofaumek,"bof + mek",au,2,yes,affix,verdict
jute,"rough + thread",gabzairent,"gabz + rent",ai,2,yes,sense,verdict
juvenile,"young + one",zenaizan,"zen + zan",ai,2,yes,sense,verdict
keeper,"keep + agent",karpauyug,"karp + yug",au,2,yes,affix,verdict
keeping,"keep + act",karpauyez,"karp + yez",au,2,yes,affix,verdict
kelp,"sea + weed",malcaivalf,"malc + valf",ai,2,yes,sense,verdict
kettle,"boil + pot",yigzaibunt,"yigz + bunt",ai,2,yes,sense,verdict
killer,"kill + agent",klubaiyug,"klub + yug",ai,2,yes,judged,verdict
kiln,"fire + oven",foraixatx,"for + xatx",ai,2,yes,sense,verdict
kilo,"thousand",metx,"metx",ai,1,yes,sense,verdict
kindle,"small + fire + wood",smalaiforaivriC,"smal + for + vriC",ai,3,yes,sense,verdict
kinetic,"move + like",muvailak,"muv + lak",ai,2,yes,sense,verdict
kingdom,"king + land",fubailan,"fub + lan",ai,2,yes,sense,verdict
kingfisher,"king + fish + bird",fubaifrixaibax,"fub + frix + bax",ai,3,yes,sense,verdict
koala,"tree + bear",dipainuqk,"dip + nuqk",ai,2,yes,sense,verdict
krill,"tiny + shrimp",dibzaixarv,"dibz + xarv",ai,2,yes,sense,verdict
lacking,"lack + act",laksauyez,"laks + yez",au,2,yes,affix,verdict
lactate,"milk + salt",nudjaitigz,"nudj + tigz",ai,2,yes,judged,verdict
lager,"lag + agent",smonauyug,"smon + yug",au,2,yes,affix,verdict
lagoon,"shut + sea",sesaimalc,"ses + malc",ai,2,yes,sense,verdict
laminar,"flow + layer + smooth",suntaigrofaikind,"sunt + grof + kind",ai,3,yes,sense,verdict
lamprey,"round + mouth + eel",mapsaimucaismun,"maps + muc + smun",ai,3,yes,sense,verdict
landfill,"waste + ground",muspaimits,"musp + mits",ai,2,yes,sense,verdict
landform,"land + form",lanainunt,"lan + nunt",ai,2,yes,compound,verdict
landmark,"land + mark",lanaiwen,"lan + wen",ai,2,yes,compound,verdict
landscape,"land + view",lanaiyuv,"lan + yuv",ai,2,yes,sense,verdict
landslide,"land + slide",lanaislad,"lan + slad",ai,2,yes,sense,verdict
larger,"grammar",,"?",au,1,no,grammar,verdict
largest,"grammar",,"?",au,1,no,grammar,verdict
lark,"sing + sparrow",remaibrax,"rem + brax",ai,2,yes,sense,verdict
latent,"late + agent",segauyug,"seg + yug",au,2,yes,affix,verdict
laterality,"lateral + ness",,"smef + ?",ai,2,no,judged,verdict
latitude,"north + south + position",yinailutaigiz,"yin + lut + giz",ai,3,yes,sense,verdict
laundry,"launder + thing",,"? + niv",ai,2,no,judged,verdict
lawful,"law + full",xufauvup,"xuf + vup",au,2,yes,affix,verdict
leader,"lead + agent",lidauyug,"lid + yug",au,2,yes,affix,verdict
leakage,"leak + ness",,"farf + ?",ai,2,no,judged,verdict
learner,"learn + agent",linauyug,"lin + yug",au,2,yes,affix,verdict
legacy,"leg + nature",legzaunep,"legz + nep",au,2,yes,affix,verdict
legible,"read + able",ridaifip,"rid + fip",ai,2,yes,sense,verdict
legislation,"law + carry + act",xufaimaftaiyez,"xuf + maft + yez",ai,3,yes,judged,verdict
lemma,"step + claim",tipaiklem,"tip + klem",ai,2,yes,sense,verdict
lemongrass,"lemon + grass",vargaigras,"varg + gras",ai,2,yes,sense,verdict
lemur,"night + monkey",yitaimaqk,"yit + maqk",ai,2,yes,sense,verdict
length,"long + measure",nucaiyaj,"nuc + yaj",ai,2,yes,sense,verdict
lengthen,"length + make",daraumek,"dar + mek",au,2,yes,affix,verdict
lentil,"flat + bean",flataiColv,"flat + Colv",ai,2,yes,sense,verdict
leopard,"spot + wild + cat",malsaiwaldaiklat,"mals + wald + klat",ai,3,yes,sense,verdict
lessen,"less + make",gefaumek,"gef + mek",au,2,yes,affix,verdict
lesser,"less + agent",gefauyug,"gef + yug",au,2,yes,affix,verdict
lethal,"death + of",dacaiyov,"dac + yov",ai,2,yes,judged,verdict
leukemia,"white + blood",wipaibloC,"wip + bloC",ai,2,yes,judged,verdict
liability,"owe + thing",mibzainiv,"mibz + niv",ai,2,yes,sense,verdict
liberate,"liberty + make",kompaimek,"komp + mek",ai,2,yes,sense,verdict
licorice,"sweet + root",skitaifebz,"skit + febz",ai,2,yes,sense,verdict
lid,"container + closure",wepsaidjog,"weps + djog",ai,2,yes,sense,verdict
lighten,"light + make",litaumek,"lit + mek",au,2,yes,affix,verdict
likely,"like + manner",lakaukuq,"lak + kuq",au,2,yes,affix,verdict
limestone,"white + rock",wipairak,"wip + rak",ai,2,yes,sense,verdict
limitation,"limit + act",zarfaiyez,"zarf + yez",ai,2,yes,judged,verdict
linear,"line + like",zobaulak,"zob + lak",au,2,yes,affix,verdict
liner,"line + agent",zobaiyug,"zob + yug",ai,2,yes,judged,verdict
linguistic,"language + of",garaiyov,"gar + yov",ai,2,yes,judged,verdict
lining,"line + act",zobauyez,"zob + yez",au,2,yes,affix,verdict
linkage,"link + act",likaiyez,"lik + yez",ai,2,yes,judged,verdict
lipid,"fat",wes,"wes",ai,1,yes,sense,verdict
liter,"lice + agent",txiqauyug,"txiq + yug",au,2,yes,affix,verdict
literal,"liter + like",,"? + lak",au,2,no,affix,verdict
literature,"write + art",rataimeqk,"rat + meqk",ai,2,yes,sense,verdict
livelihood,"live + way",kibaiyat,"kib + yat",ai,2,yes,sense,verdict
liver,"live + agent",kibauyug,"kib + yug",au,2,yes,affix,verdict
livestock,"live + stock",kibaibeps,"kib + beps",ai,2,yes,compound,verdict
living,"live + act",kibauyez,"kib + yez",au,2,yes,affix,verdict
llama,"mountain + hump + horse",motaiwitsaihors,"mot + wits + hors",ai,3,yes,sense,verdict
localization,"localize + act",,"? + yez",ai,2,no,judged,verdict
location,"locate + act",fadjauyez,"fadj + yez",au,2,yes,affix,verdict
locust,"swarm + bug",sneCaipamp,"sneC + pamp",ai,2,yes,sense,verdict
logarithm,"power + inverse",fepaiwis,"fep + wis",ai,2,yes,sense,verdict
logic,"log + like",defaulak,"def + lak",au,2,yes,affix,verdict
logical,"log + like",defaulak,"def + lak",au,2,yes,affix,verdict
lonely,"lone + manner",rimpaukuq,"rimp + kuq",au,2,yes,affix,verdict
longer,"grammar",,"?",au,1,no,grammar,verdict
longest,"grammar",,"?",au,1,no,grammar,verdict
longitude,"east + west + position",rogaiwebaigiz,"rog + web + giz",ai,3,yes,sense,verdict
longitudinal,"length + of",daraiyov,"dar + yov",ai,2,yes,judged,verdict
lookup,"look + up",lukaited,"luk + ted",ai,2,yes,sense,verdict
looter,"loot + agent",glebaiyug,"gleb + yug",ai,2,yes,sense,verdict
loss,"lose + act",guzaiyez,"guz + yez",ai,2,yes,sense,verdict
lotus,"water + lily",waCaidutx,"waC + dutx",ai,2,yes,sense,verdict
louse,"hair + bug",fifaipamp,"fif + pamp",ai,2,yes,sense,verdict
lout,"crude + rude + agent",djojaibuksaiyug,"djoj + buks + yug",ai,3,yes,sense,verdict
lower,"grammar",,"?",au,1,no,grammar,verdict
lowest,"grammar",,"?",au,1,no,grammar,verdict
lubrication,"friction + lower",,"snum + ?",ai,2,no,sense,verdict
lumbar,"loin + of",,"? + yov",ai,2,no,judged,verdict
luminous,"light + full",litaivup,"lit + vup",ai,2,yes,sense,verdict
lunar,"moon + of",lunaiyov,"lun + yov",ai,2,yes,judged,verdict
lunch,"day + meal",yamaidarg,"yam + darg",ai,2,yes,sense,verdict
lustful,"lust + full",yalfauvup,"yalf + vup",au,2,yes,affix,verdict
lymphatic,"lymph + of",,"? + yov",ai,2,no,judged,verdict
lynx,"small + wild + cat",smalaiwaldaiklat,"smal + wald + klat",ai,3,yes,sense,verdict
lyre,"string + music + tool",desaifebaitul,"des + feb + tul",ai,3,yes,sense,verdict
lyric,"lyre + like",,"? + lak",au,2,no,affix,verdict
machinery,"machine + ness",,"xin + ?",ai,2,no,judged,verdict
mackerel,"stripe + fish",smogaifrix,"smog + frix",ai,2,yes,sense,verdict
macromolecule,"big + molecule",brataimal,"brat + mal",ai,2,yes,sense,verdict
macroscopic,"big + scale + visible",,"brat + skal + ?",ai,3,no,sense,verdict
magazine,"news + book",,"? + vam",ai,2,no,sense,verdict
magician,"magic + agent",gimauyug,"gim + yug",au,2,yes,affix,verdict
magnetic,"magnet + like",nampaulak,"namp + lak",au,2,yes,affix,verdict
magnetism,"magnet + practice",nampaunalp,"namp + nalp",au,2,yes,affix,verdict
magnetite,"magnet + ore",nampaiklod,"namp + klod",ai,2,yes,sense,verdict
magpie,"black + white + crow",vogaiwipaiwint,"vog + wip + wint",ai,3,yes,sense,verdict
maintenance,"maintain + act",zoqkaiyez,"zoqk + yez",ai,2,yes,sense,verdict
maize,"corn",sips,"sips",ai,1,yes,sense,verdict
majestic,"grand + noble",malbaihugz,"malb + hugz",ai,2,yes,sense,verdict
maker,"make + agent",mekauyug,"mek + yug",au,2,yes,affix,verdict
malevolent,"malice + like",,"? + lak",ai,2,no,sense,verdict
malice,"bad + intent",futaikiv,"fut + kiv",ai,2,yes,sense,verdict
malignant,"bad + like",futailak,"fut + lak",ai,2,yes,judged,verdict
malleable,"shape + able",depsaifip,"deps + fip",ai,2,yes,sense,verdict
mammalian,"mammal + of",snuzaiyov,"snuz + yov",ai,2,yes,judged,verdict
mammary,"breast + of",xampaiyov,"xamp + yov",ai,2,yes,judged,verdict
management,"manage + act",piskaiyez,"pisk + yez",ai,2,yes,judged,verdict
manager,"manage + agent",piskauyug,"pisk + yug",au,2,yes,affix,verdict
manatee,"sea + cow",malcaivaqk,"malc + vaqk",ai,2,yes,sense,verdict
mandatory,"require",fist,"fist",ai,1,yes,sense,verdict
mandible,"lower + jaw",,"? + grac",ai,2,no,sense,verdict
maneuver,"hand + work",zeqkaiwark,"zeqk + wark",ai,2,yes,judged,verdict
mangrove,"sea + tree",malcaidip,"malc + dip",ai,2,yes,sense,verdict
manner,"man + agent",nimauyug,"nim + yug",au,2,yes,affix,verdict
mantis,"pray + bug",pamaipamp,"pam + pamp",ai,2,yes,sense,verdict
mantle,"body + cover + layer",vataikovaigrof,"vat + kov + grof",ai,3,yes,sense,verdict
maple,"sweet + sap + tree",skitaiglomaidip,"skit + glom + dip",ai,3,yes,sense,verdict
marble,"smooth + rock",kindairak,"kind + rak",ai,2,yes,sense,verdict
margin,"allow + range",norgairaj,"norg + raj",ai,2,yes,sense,verdict
marine,"sea + live",malcaikib,"malc + kib",ai,2,yes,sense,verdict
maritime,"sea + of",malcaiyov,"malc + yov",ai,2,yes,judged,verdict
marker,"mark + agent",wenauyug,"wen + yug",au,2,yes,affix,verdict
marlin,"spear + fish",luntaifrix,"lunt + frix",ai,2,yes,sense,verdict
mars,"war + planet",gekaiglob,"gek + glob",ai,2,yes,sense,verdict
marsupial,"pouch + mammal",,"? + snuz",ai,2,no,sense,verdict
martial,"war + of",gekaiyov,"gek + yov",ai,2,yes,judged,verdict
maternal,"mother + of",mamaiyov,"mam + yov",ai,2,yes,judged,verdict
maternity,"mother + ness",,"mam + ?",ai,2,no,judged,verdict
math,"mathematics",,"?",ai,1,no,clipping,verdict
mathematical,"mathematics + of",,"? + yov",ai,2,no,judged,verdict
mathematics,"learn + thing",linainiv,"lin + niv",ai,2,yes,judged,verdict
mattress,"matter + female",tufaufim,"tuf + fim",au,2,yes,affix,verdict
maturation,"mature + act",xolzaiyez,"xolz + yez",ai,2,yes,judged,verdict
maxilla,"upper + jaw",,"? + grac",ai,2,no,sense,verdict
maximize,"most + make",nofaimek,"nof + mek",ai,2,yes,sense,verdict
me,"grammar",,"?",au,1,no,grammar,verdict
meaning,"mean + act",pizauyez,"piz + yez",au,2,yes,affix,verdict
means,"mean + many",pizaumav,"piz + mav",au,2,yes,affix,verdict
medial,"middle + of",madaiyov,"mad + yov",ai,2,yes,judged,verdict
medical,"medicine + of",gorzaiyov,"gorz + yov",ai,2,yes,judged,verdict
medieval,"middle + age + of",madaihedjaiyov,"mad + hedj + yov",ai,3,yes,judged,verdict
meeting,"meet + act",mitauyez,"mit + yez",au,2,yes,affix,verdict
megastructure,"huge + structure",nestaitok,"nest + tok",ai,2,yes,sense,verdict
memorize,"memory + make",gujaumek,"guj + mek",au,2,yes,affix,verdict
mental,"mind + oriented",,"man + ?",ai,2,no,sense,verdict
mentor,"teach + agent",titxaiyug,"titx + yug",ai,2,yes,sense,verdict
meow,"cat + call",klataikar,"klat + kar",ai,2,yes,sense,verdict
merchant,"trade + agent",tredaiyug,"tred + yug",ai,2,yes,sense,verdict
mercury,"fast + planet",fastaiglob,"fast + glob",ai,2,yes,sense,verdict
mermaid,"human + fish + body + join",dramaifrixaivataigoz,"dram + frix + vat + goz",ai,4,yes,sense,verdict
mesa,"flat + hill",flataigagz,"flat + gagz",ai,2,yes,sense,verdict
messenger,"message + agent",mujaiyug,"muj + yug",ai,2,yes,judged,verdict
metabolic,"metabolism + of",spovaiyov,"spov + yov",ai,2,yes,judged,verdict
metabolite,"metabolism + thing",spovainiv,"spov + niv",ai,2,yes,judged,verdict
metallic,"metal + bond",maltainuq,"malt + nuq",ai,2,yes,sense,verdict
metamorphic,"change + rock",xunairak,"xun + rak",ai,2,yes,sense,verdict
metamorphose,"body + form + change",vatainuntaixun,"vat + nunt + xun",ai,3,yes,sense,verdict
meteor,"fall + star",zuraistar,"zur + star",ai,2,yes,sense,verdict
metric,"meter + like",carfaulak,"carf + lak",au,2,yes,affix,verdict
mic,"sound + catch + device",samaivucaifon,"sam + vuc + fon",ai,3,yes,sense,verdict
mica,"sheet + crystal",vodjaikuqk,"vodj + kuqk",ai,2,yes,sense,verdict
microphone,"sound + catch + device",samaivucaifon,"sam + vuc + fon",ai,3,yes,sense,verdict
microscope,"small + see + tool",smalaivisaitul,"smal + vis + tul",ai,3,yes,sense,verdict
microscopic,"small + scale + visible",,"smal + skal + ?",ai,3,no,sense,verdict
might,"grammar",,"?",au,1,no,grammar,verdict
migration,"migrate + act",,"? + yez",au,2,no,affix,verdict
migratory,"migrate + like",,"? + lak",ai,2,no,judged,verdict
millipede,"thousand + foot + worm",metxaigralaifald,"metx + gral + fald",ai,3,yes,sense,verdict
mince,"tiny + slice",dibzaixogz,"dibz + xogz",ai,2,yes,sense,verdict
mine,"grammar",,"?",au,1,no,grammar,verdict
mineralization,"mineral + act",bromaiyez,"brom + yez",ai,2,yes,judged,verdict
miniature,"small + like",smalailak,"smal + lak",ai,2,yes,judged,verdict
minimal,"minimum + of",skimaiyov,"skim + yov",ai,2,yes,judged,verdict
minimize,"least + make",zoqaimek,"zoq + mek",ai,2,yes,sense,verdict
minus,"the noun of subtract",,"?",ai,1,no,judged,verdict
mirage,"false + vision",rotaibalc,"rot + balc",ai,2,yes,sense,verdict
misalign,"wrong + align",raqaimok,"raq + mok",ai,2,yes,sense,verdict
mischief,"wrong + chief",raqauwob,"raq + wob",au,2,yes,prefix,verdict
miscreant,"wrong + do + agent",raqaiduzaiyug,"raq + duz + yug",ai,3,yes,sense,verdict
mislead,"wrong + lead",raqaulid,"raq + lid",au,2,yes,prefix,verdict
mission,"miss + act",titauyez,"tit + yez",au,2,yes,affix,verdict
mistake,"wrong + take",raqautek,"raq + tek",au,2,yes,prefix,verdict
misunderstand,"wrong + understand",raqaudas,"raq + das",au,2,yes,prefix,verdict
mite,"tiny + tick",dibzaiCigz,"dibz + Cigz",ai,2,yes,sense,verdict
mitochondrial,"mitochondrion + of",,"? + yov",ai,2,no,judged,verdict
mixed,"mix + done",,"miks + ?",au,2,no,affix,verdict
mixer,"mix + thing",miksainiv,"miks + niv",ai,2,yes,judged,verdict
mobility,"mobile + ness",,"jotx + ?",ai,2,no,judged,verdict
mobilize,"mobile + make",jotxaumek,"jotx + mek",au,2,yes,affix,verdict
moderate,"mode + rate",modaibagz,"mod + bagz",ai,2,yes,compound,verdict
modification,"modify + act",,"? + yez",ai,2,no,judged,verdict
modify,"mode + make",modaumek,"mod + mek",au,2,yes,affix,verdict
modular,"part + like",partailak,"part + lak",ai,2,yes,sense,verdict
modulation,"module + act",bivauyez,"biv + yez",au,2,yes,affix,verdict
modulator,"modulate + thing",,"? + niv",ai,2,no,judged,verdict
molar,"grind + tooth",grotaicutx,"grot + cutx",ai,2,yes,sense,verdict
mole,"dirt + rat",dortaidimp,"dort + dimp",ai,2,yes,sense,verdict
molecular,"molecule + of",malaiyov,"mal + yov",ai,2,yes,judged,verdict
monastery,"monk + house",,"? + puz",ai,2,no,sense,verdict
monetary,"money + of",povaiyov,"pov + yov",ai,2,yes,judged,verdict
mongoose,"snake + kill + weasel",hisaiklubairudj,"his + klub + rudj",ai,3,yes,sense,verdict
monk,"worship + devote + agent",xuksaitxojaiyug,"xuks + txoj + yug",ai,3,yes,sense,verdict
monomer,"one + unit",zanaigalp,"zan + galp",ai,2,yes,sense,verdict
monsoon,"rain + season",renaidist,"ren + dist",ai,2,yes,sense,verdict
moo,"cow + call",vaqkaikar,"vaqk + kar",ai,2,yes,sense,verdict
moose,"big + deer",brataixars,"brat + xars",ai,2,yes,sense,verdict
morpheme,"meaning + part",mogaipart,"mog + part",ai,2,yes,sense,verdict
morphism,"structure + map",tokaideq,"tok + deq",ai,2,yes,sense,verdict
morphological,"morphology + of",,"? + yov",ai,2,no,judged,verdict
mortality,"mortal + ness",,"? + ?",ai,2,no,judged,verdict
mosque,"worship + building",,"xuks + ?",ai,2,no,sense,verdict
mostly,"most + manner",nofaukuq,"nof + kuq",au,2,yes,affix,verdict
motility,"motile + ness",,"? + ?",ai,2,no,judged,verdict
motivation,"motive + act",zepsauyez,"zeps + yez",au,2,yes,affix,verdict
movement,"move + act",muvauyez,"muv + yez",au,2,yes,affix,verdict
movie,"moving picture",,"?",ai,1,no,clipping,verdict
mucosa,"mucus + layer",frumaigrof,"frum + grof",ai,2,yes,judged,verdict
mule,"mix + horse",miksaihors,"miks + hors",ai,2,yes,sense,verdict
multiplex,"many + fold",mavaifold,"mav + fold",ai,2,yes,judged,verdict
multistable,"many + stable + state",mavaitabaidom,"mav + tab + dom",ai,3,yes,sense,verdict
municipal,"municipality + of",,"? + yov",ai,2,no,judged,verdict
muscular,"muscle + of",suftaiyov,"suft + yov",ai,2,yes,judged,verdict
musculature,"muscle + set",suftaigig,"suft + gig",ai,2,yes,judged,verdict
mushroom,"mush + room",draqaitif,"draq + tif",ai,2,yes,compound,verdict
musician,"music + agent",febauyug,"feb + yug",au,2,yes,affix,verdict
mussel,"long + clam",nucaiwuft,"nuc + wuft",ai,2,yes,sense,verdict
must,"grammar",,"?",au,1,no,grammar,verdict
mutation,"mud + act",catauyez,"cat + yez",au,2,yes,affix,verdict
mutton,"sheep + meat",zigzaimak,"zigz + mak",ai,2,yes,sense,verdict
mutualism,"both + benefit + relation",koraisintaiwort,"kor + sint + wort",ai,3,yes,sense,verdict
mutually exclusive,"both + impossible",,"kor + ?",ai,2,no,sense,verdict
mycelium,"fungus + thread",ploqairent,"ploq + rent",ai,2,yes,sense,verdict
myself,"grammar",,"?",au,1,no,grammar,verdict
naked,"bare + body",xoldaivat,"xold + vat",ai,2,yes,sense,verdict
namespace,"name + space",namaipas,"nam + pas",ai,2,yes,sense,verdict
narcotic,"numb + of",ruspaiyov,"rusp + yov",ai,2,yes,judged,verdict
narrative,"narrate + thing",,"? + niv",ai,2,no,judged,verdict
nasal,"nose + of",nozaiyov,"noz + yov",ai,2,yes,judged,verdict
naturalized,"introduce + self + sustain",gordaidepaidruv,"gord + dep + druv",ai,3,yes,sense,verdict
nautilus,"shell + octopus",txalaitxug,"txal + txug",ai,2,yes,sense,verdict
navigation,"navigate + act",txuxaiyez,"txux + yez",ai,2,yes,judged,verdict
nearby,"near + place",lubainad,"lub + nad",ai,2,yes,sense,verdict
nebula,"star + cloud",staraiklad,"star + klad",ai,2,yes,sense,verdict
necessity,"necessary + nature",narfaunep,"narf + nep",au,2,yes,affix,verdict
necrosis,"death + state",dacaidom,"dac + dom",ai,2,yes,judged,verdict
negate,"not + make",masaimek,"mas + mek",ai,2,yes,sense,verdict
negative,"negate + like",nanaulak,"nan + lak",au,2,yes,affix,verdict
negligent,"neglect + like",klexailak,"klex + lak",ai,2,yes,sense,verdict
neigh,"horse + call",horsaikar,"hors + kar",ai,2,yes,sense,verdict
neighbor,"near + person",lubainar,"lub + nar",ai,2,yes,sense,verdict
neighborhood,"near + place",lubainad,"lub + nad",ai,2,yes,sense,verdict
nephew,"sibling + child",tataigag,"tat + gag",ai,2,yes,sense,verdict
nested,"nest + done",,"nas + ?",au,2,no,affix,verdict
nettle,"sting + weed",Campaivalf,"Camp + valf",ai,2,yes,sense,verdict
neural,"nerve + of",nurvaiyov,"nurv + yov",ai,2,yes,judged,verdict
neuron,"nerve + cell",nurvaimudz,"nurv + mudz",ai,2,yes,sense,verdict
neutralize,"neutral + make",nalaimek,"nal + mek",ai,2,yes,sense,verdict
neutron,"neutral + particle",nalairav,"nal + rav",ai,2,yes,sense,verdict
news,"new + many",gumpaumav,"gump + mav",au,2,yes,affix,verdict
newspaper,"news + paper",,"? + yof",ai,2,no,compound,verdict
newt,"water + lizard",waCaizart,"waC + zart",ai,2,yes,sense,verdict
niece,"sibling + child",tataigag,"tat + gag",ai,2,yes,sense,verdict
nightingale,"night + sing + bird",yitairemaibax,"yit + rem + bax",ai,3,yes,sense,verdict
nineteen,"ten + nine",feCaimamp,"feC + mamp",ai,2,yes,sense,verdict
ninety,"nine + ten",mampaifeC,"mamp + feC",ai,2,yes,sense,verdict
ninth,"nine + order",mampainord,"mamp + nord",ai,2,yes,sense,verdict
nitrate,"nitrogen + salt",snucaitigz,"snuc + tigz",ai,2,yes,judged,verdict
nitrite,"nitrogen + salt",snucaitigz,"snuc + tigz",ai,2,yes,judged,verdict
nitrous,"nitrogen + of",snucaiyov,"snuc + yov",ai,2,yes,judged,verdict
nocturnal,"night + active",,"yit + ?",ai,2,no,sense,verdict
nodular,"node + of",kragaiyov,"krag + yov",ai,2,yes,judged,verdict
nodule,"node + small",kragaismal,"krag + smal",ai,2,yes,judged,verdict
noisy,"noise + like",gobzaulak,"gobz + lak",au,2,yes,affix,verdict
nominal,"name + of",namaiyov,"nam + yov",ai,2,yes,judged,verdict
nonexistence,"not + existence",,"mas + ?",au,2,no,prefix,verdict
nonlinear,"not + proportion",masaidrof,"mas + drof",ai,2,yes,sense,verdict
normalize,"normal + make",mebzaumek,"mebz + mek",au,2,yes,affix,verdict
northward,"north + oriented",,"yin + ?",ai,2,no,sense,verdict
not touching,"not + touch",masaitatx,"mas + tatx",ai,2,yes,sense,verdict
notable,"not + able",masaufip,"mas + fip",au,2,yes,affix,verdict
notify,"not + make",masaumek,"mas + mek",au,2,yes,affix,verdict
notion,"not + act",masauyez,"mas + yez",au,2,yes,affix,verdict
notochord,"first + spine",,"? + span",ai,2,no,sense,verdict
noun,"object + term",kaqaitod,"kaq + tod",ai,2,yes,sense,verdict
novice,"new + agent",gumpaiyug,"gump + yug",ai,2,yes,sense,verdict
nuclear,"nucleus + like",klisailak,"klis + lak",ai,2,yes,sense,verdict
nursery,"child + care + place",gagaikriqainad,"gag + kriq + nad",ai,3,yes,sense,verdict
nutrition,"nutrient + act",,"? + yez",ai,2,no,sense,verdict
nymph,"water + spirit",waCaijan,"waC + jan",ai,2,yes,sense,verdict
oasis,"water + desert",waCaidors,"waC + dors",ai,2,yes,sense,verdict
obelisk,"needle + pillar",valdaismiC,"vald + smiC",ai,2,yes,sense,verdict
obesity,"obese + ness",,"? + ?",ai,2,no,judged,verdict
objective,"object + like",kaqaulak,"kaq + lak",au,2,yes,affix,verdict
obligate,"obligation + make",Cundaimek,"Cund + mek",ai,2,yes,sense,verdict
obligation,"oblige + act",plafauyez,"plaf + yez",au,2,yes,affix,verdict
observation,"observe + act",suvauyez,"suv + yez",au,2,yes,affix,verdict
observatory,"watch + sky + place",watxaixumainad,"watx + xum + nad",ai,3,yes,sense,verdict
obsession,"obsess + act",fromauyez,"from + yez",au,2,yes,affix,verdict
obsidian,"glass + rock",malzairak,"malz + rak",ai,2,yes,sense,verdict
obstruction,"obstruct + act",frutaiyez,"frut + yez",ai,2,yes,judged,verdict
occasional,"occasion + like",kodjaulak,"kodj + lak",au,2,yes,affix,verdict
occlusion,"occlude + act",,"? + yez",ai,2,no,judged,verdict
occult,"hidden",pedj,"pedj",ai,1,yes,judged,verdict
occupation,"occupy + act",blogaiyez,"blog + yez",ai,2,yes,judged,verdict
occupational,"occupation + of",,"? + yov",ai,2,no,judged,verdict
occupied,"occupy + done",,"blog + ?",au,2,no,affix,verdict
occurrence,"occur + act",joftauyez,"joft + yez",au,2,yes,affix,verdict
octagon,"eight + side + shape",fetaisardaideps,"fet + sard + deps",ai,3,yes,sense,verdict
ocular,"eye + of",xicaiyov,"xic + yov",ai,2,yes,judged,verdict
odds,"odd + many",baltaumav,"balt + mav",au,2,yes,affix,verdict
offensive,"offense + like",kotxaulak,"kotx + lak",au,2,yes,affix,verdict
offering,"offer + act",migzauyez,"migz + yez",au,2,yes,affix,verdict
officer,"office + agent",zopauyug,"zop + yug",au,2,yes,affix,verdict
oink,"pig + call",pragaikar,"prag + kar",ai,2,yes,sense,verdict
older,"grammar",,"?",au,1,no,grammar,verdict
oldest,"grammar",,"?",au,1,no,grammar,verdict
olfactory,"smell + of",lugaiyov,"lug + yov",ai,2,yes,judged,verdict
omission,"omit + act",,"? + yez",ai,2,no,sense,verdict
omnivore,"all + eat + agent",kolaigabaiyug,"kol + gab + yug",ai,3,yes,sense,verdict
oneness,"one + nature",zanaunep,"zan + nep",au,2,yes,affix,verdict
onward,"on + oriented",,"vun + ?",ai,2,no,sense,verdict
opacity,"opaque + ness",,"prik + ?",ai,2,no,judged,verdict
opal,"shine + gem",palbaiblod,"palb + blod",ai,2,yes,sense,verdict
opening,"open + act",zarkauyez,"zark + yez",au,2,yes,affix,verdict
operation,"operate + act",ziftauyez,"zift + yez",au,2,yes,affix,verdict
operator,"operate + agent",ziftaiyug,"zift + yug",ai,2,yes,judged,verdict
opossum,"night + pouch + animal",,"yit + ? + zul",ai,3,no,sense,verdict
optical,"eye + of",xicaiyov,"xic + yov",ai,2,yes,judged,verdict
optimize,"best + make",,"? + mek",ai,2,no,sense,verdict
optional,"option + like",huftaulak,"huft + lak",au,2,yes,affix,verdict
oral,"mouth + of",mucaiyov,"muc + yov",ai,2,yes,judged,verdict
orchard,"fruit + tree + garden",magaidipaigan,"mag + dip + gan",ai,3,yes,sense,verdict
orchestra,"music + group",febaihip,"feb + hip",ai,2,yes,sense,verdict
orchid,"rare + flower",raraiflor,"rar + flor",ai,2,yes,sense,verdict
ordinal,"ordinary + like",tetxaulak,"tetx + lak",au,2,yes,affix,verdict
organelle,"cell + organ",mudzaiCint,"mudz + Cint",ai,2,yes,sense,verdict
organic,"organ + like",Cintaulak,"Cint + lak",au,2,yes,affix,verdict
organization,"organize + act",,"? + yez",ai,2,no,sense,verdict
organize,"organ + make",Cintaumek,"Cint + mek",au,2,yes,affix,verdict
organized,"organize + done",,"? + ?",au,2,no,affix,verdict
orientation,"orient + act",lijaiyez,"lij + yez",ai,2,yes,sense,verdict
oriented,"orient + done",,"lij + ?",au,2,no,affix,verdict
orphan,"no + parent + child",nopaisasaigag,"nop + sas + gag",ai,3,yes,sense,verdict
orthodox,"straight + opinion",ricainuft,"ric + nuft",ai,2,yes,judged,verdict
oscillation,"oscillate + act",,"? + yez",au,2,no,affix,verdict
osmosis,"solvent + diffuse + membrane",,"? + stav + broq",ai,3,no,sense,verdict
ossification,"bone + act",brodaiyez,"brod + yez",ai,2,yes,judged,verdict
ostrich,"big + run + bird",bratairinaibax,"brat + rin + bax",ai,3,yes,sense,verdict
otherwise,"other + wise",nezaidald,"nez + dald",ai,2,yes,compound,verdict
otter,"river + weasel",narvairudj,"narv + rudj",ai,2,yes,sense,verdict
ought,"grammar",,"?",au,1,no,grammar,verdict
ours,"grammar",,"?",au,1,no,grammar,verdict
ourselves,"grammar",,"?",au,1,no,grammar,verdict
outer,"out + agent",bukauyug,"buk + yug",au,2,yes,affix,verdict
outlaw,"law + outside + agent",xufaigesaiyug,"xuf + ges + yug",ai,3,yes,sense,verdict
outlier,"observe + far + other",suvaizadainez,"suv + zad + nez",ai,3,yes,sense,verdict
outpost,"far + base",zadaibes,"zad + bes",ai,2,yes,sense,verdict
outsider,"outside + agent",gesauyug,"ges + yug",au,2,yes,affix,verdict
outward,"out + oriented",,"buk + ?",ai,2,no,sense,verdict
ovarian,"ovary + of",flaqaiyov,"flaq + yov",ai,2,yes,judged,verdict
overcast,"all + cloud",kolaiklad,"kol + klad",ai,2,yes,sense,verdict
overcome,"over + come",djipaigum,"djip + gum",ai,2,yes,compound,verdict
overload,"too + much + load",galainenailod,"gal + nen + lod",ai,3,yes,sense,verdict
override,"over + ride",djipairab,"djip + rab",ai,2,yes,compound,verdict
overshoot,"exceed + target",snotaibim,"snot + bim",ai,2,yes,sense,verdict
owner,"own + agent",tikauyug,"tik + yug",au,2,yes,affix,verdict
ownership,"own + ness",,"tik + ?",ai,2,no,judged,verdict
ox,"work + cow",warkaivaqk,"wark + vaqk",ai,2,yes,sense,verdict
oxalate,"oxalic + salt",,"? + tigz",ai,2,no,judged,verdict
oxidation,"oxidize + act",,"? + yez",ai,2,no,judged,verdict
oxide,"oxygen + compound",,"? + Ceqk",ai,2,no,judged,verdict
oxidize,"oxygen + join",,"? + goz",ai,2,no,sense,verdict
oxygen,"breath + gas",nogzaimesk,"nogz + mesk",ai,2,yes,sense,verdict
oyster,"pearl + clam",,"? + wuft",ai,2,no,sense,verdict
painful,"pain + full",muzauvup,"muz + vup",au,2,yes,affix,verdict
painter,"paint + one",pentaizan,"pent + zan",ai,2,yes,judged,verdict
palace,"king + house",fubaipuz,"fub + puz",ai,2,yes,sense,verdict
palatine,"palate + of",stacaiyov,"stac + yov",ai,2,yes,judged,verdict
palp,"feel + appendage",nagaidedj,"nag + dedj",ai,2,yes,sense,verdict
pancreas,"gut + gland",gutaismaq,"gut + smaq",ai,2,yes,sense,verdict
pancreatic,"pancreas + of",,"? + yov",ai,2,no,judged,verdict
panic,"sudden + fear",golzaifroC,"golz + froC",ai,2,yes,sense,verdict
panther,"dark + wild + cat",ramaiwaldaiklat,"ram + wald + klat",ai,3,yes,sense,verdict
papaya,"tree + melon",dipaiweft,"dip + weft",ai,2,yes,sense,verdict
papillary,"papilla + of",,"? + yov",ai,2,no,judged,verdict
paradise,"parade + make",zumpaumek,"zump + mek",au,2,yes,affix,verdict
paragraph,"text + part",toxaipart,"tox + part",ai,2,yes,sense,verdict
paranoid,"suspicion + extreme",juftaivuft,"juft + vuft",ai,2,yes,sense,verdict
paraphrase,"again + say",palainib,"pal + nib",ai,2,yes,sense,verdict
parasitism,"one + benefit + one + harm + relation",zanaisintaizanaidrakaiwort,"zan + sint + zan + drak + wort",ai,5,yes,sense,verdict
parietal,"wall + of",medzaiyov,"medz + yov",ai,2,yes,judged,verdict
parity,"par + ness",,"rump + ?",ai,2,no,judged,verdict
parody,"imitate + mock",trutaidov,"trut + dov",ai,2,yes,sense,verdict
parrot,"talk + bird",takaibax,"tak + bax",ai,2,yes,sense,verdict
participation,"participate + act",wiskaiyez,"wisk + yez",ai,2,yes,judged,verdict
partition,"part + act",partauyez,"part + yez",au,2,yes,affix,verdict
partly,"part + manner",partaukuq,"part + kuq",au,2,yes,affix,verdict
partnership,"partner + ness",,"mind + ?",ai,2,no,judged,verdict
passion,"paste + act",pestauyez,"pest + yez",au,2,yes,affix,verdict
passionate,"passion + like",tindailak,"tind + lak",ai,2,yes,judged,verdict
passive,"pass + like",yefaulak,"yef + lak",au,2,yes,affix,verdict
patent,"pace + agent",futsauyug,"futs + yug",au,2,yes,affix,verdict
path dependence,"history + depend",lopaifont,"lop + font",ai,2,yes,sense,verdict
pathogen,"disease + cause",bidjaikaz,"bidj + kaz",ai,2,yes,sense,verdict
pathological,"pathology + of",,"? + yov",ai,2,no,judged,verdict
pathology,"disease + study",bidjainedz,"bidj + nedz",ai,2,yes,judged,verdict
patience,"patient + ness",,"marv + ?",ai,2,no,judged,verdict
payment,"pay + act",peqauyez,"peq + yez",au,2,yes,affix,verdict
peaceful,"peace + full",sizauvup,"siz + vup",au,2,yes,affix,verdict
peacock,"fan + tail + bird",gogzaitadaibax,"gogz + tad + bax",ai,3,yes,sense,verdict
peanut,"ground + nut",mitsaihiks,"mits + hiks",ai,2,yes,sense,verdict
pearl,"shell + gem",txalaiblod,"txal + blod",ai,2,yes,sense,verdict
pebble,"small + rock + piece",smalairakaifuf,"smal + rak + fuf",ai,3,yes,sense,verdict
pectoral,"chest + of",gitxaiyov,"gitx + yov",ai,2,yes,judged,verdict
peel,"fruit + covering",magaivedz,"mag + vedz",ai,2,yes,sense,verdict
pelican,"bag + throat + bird",rodaigalkaibax,"rod + galk + bax",ai,3,yes,sense,verdict
pencil,"erase + able + pen",calbaifipaibart,"calb + fip + bart",ai,3,yes,sense,verdict
penetration,"penetrate + act",drebaiyez,"dreb + yez",ai,2,yes,judged,verdict
penguin,"ice + swim + bird",halsaiwumaibax,"hals + wum + bax",ai,3,yes,sense,verdict
pentagon,"five + side + shape",komaisardaideps,"kom + sard + deps",ai,3,yes,sense,verdict
percentage,"percent + amount",beqkaibarg,"beqk + barg",ai,2,yes,sense,verdict
perception,"perceive + act",sivaiyez,"siv + yez",ai,2,yes,sense,verdict
perch,"small + bass",smalaijarf,"smal + jarf",ai,2,yes,sense,verdict
percussion,"strike + act",nalcaiyez,"nalc + yez",ai,2,yes,judged,verdict
perennial,"many + year + live",mavaiyaraikib,"mav + yar + kib",ai,3,yes,sense,verdict
perforation,"perforate + act",,"? + yez",ai,2,no,judged,verdict
performance,"perform + act",kudzauyez,"kudz + yez",au,2,yes,affix,verdict
periodic,"period + like",dotxaulak,"dotx + lak",au,2,yes,affix,verdict
peripheral,"periphery + like",,"? + lak",au,2,no,affix,verdict
perish,"per + like",porkaulak,"pork + lak",au,2,yes,affix,verdict
permeability,"permeate + ability",,"pim + ?",ai,2,no,sense,verdict
permission,"permit + act",vaksaiyez,"vaks + yez",ai,2,yes,sense,verdict
persistent,"persist + agent",spimauyug,"spim + yug",au,2,yes,affix,verdict
personality,"personal + nature",rofaunep,"rof + nep",au,2,yes,affix,verdict
personnel,"person + thing",narainiv,"nar + niv",ai,2,yes,judged,verdict
persuasion,"persuade + act",cebzaiyez,"cebz + yez",ai,2,yes,sense,verdict
petroleum,"rock + oil",rakaigips,"rak + gips",ai,2,yes,sense,verdict
petty,"small + matter + concern + too + much",smalaitufaibitxaigalainen,"smal + tuf + bitx + gal + nen",ai,5,yes,sense,verdict
pharmaceutical,"pharmacy + of",,"? + yov",ai,2,no,judged,verdict
pharmacy,"medicine + shop",gorzaimubz,"gorz + mubz",ai,2,yes,sense,verdict
pharyngeal,"pharynx + of",,"? + yov",ai,2,no,judged,verdict
phenotype,"show + trait",xolaitret,"xol + tret",ai,2,yes,sense,verdict
pheromone,"signal + smell",tetailug,"tet + lug",ai,2,yes,sense,verdict
philosophy,"wisdom + love",jakailav,"jak + lav",ai,2,yes,sense,verdict
phloem,"sugar + tube",gandaitub,"gand + tub",ai,2,yes,sense,verdict
phoenix,"fire + bird",foraibax,"for + bax",ai,2,yes,sense,verdict
phone,"telephone",,"?",ai,1,no,clipping,verdict
phosphate,"phosphorus + salt",friqaitigz,"friq + tigz",ai,2,yes,judged,verdict
phosphoric,"phosphorus + of",friqaiyov,"friq + yov",ai,2,yes,judged,verdict
photo,"photograph",,"?",ai,1,no,clipping,verdict
photograph,"photo + graph",,"? + zip",ai,2,no,compound,verdict
photography,"photograph + like",,"? + lak",au,2,no,affix,verdict
photon,"light + particle",litairav,"lit + rav",ai,2,yes,sense,verdict
phrase,"word + group",dataihip,"dat + hip",ai,2,yes,sense,verdict
physician,"heal + one",vorsaizan,"vors + zan",ai,2,yes,judged,verdict
physics,"matter + study",tufainedz,"tuf + nedz",ai,2,yes,sense,verdict
physiological,"physiology + of",,"? + yov",ai,2,no,judged,verdict
piano,"pianoforte",,"?",ai,1,no,clipping,verdict
picky,"pick + like",prukaulak,"pruk + lak",au,2,yes,affix,verdict
pigeon,"town + dove",suzaiyalv,"suz + yalv",ai,2,yes,sense,verdict
pigmentation,"pigment + act",,"? + yez",ai,2,no,judged,verdict
pike,"long + tooth + fish",nucaicutxaifrix,"nuc + cutx + frix",ai,3,yes,sense,verdict
pilgrimage,"holy + journey",mestaipugz,"mest + pugz",ai,2,yes,sense,verdict
pincer,"grasp + claw",lolfaiklan,"lolf + klan",ai,2,yes,sense,verdict
pineapple,"cone + fruit",korbaimag,"korb + mag",ai,2,yes,sense,verdict
pipeline,"pipe + line",tidjaizob,"tidj + zob",ai,2,yes,sense,verdict
pistachio,"green + nut",pesaihiks,"pes + hiks",ai,2,yes,sense,verdict
pitcher,"pour + thing",haftainiv,"haft + niv",ai,2,yes,judged,verdict
placement,"place + act",nadaiyez,"nad + yez",ai,2,yes,judged,verdict
placenta,"birth + organ",dolbaiCint,"dolb + Cint",ai,2,yes,sense,verdict
placental,"placenta + of",,"? + yov",ai,2,no,judged,verdict
plane,"airplane",,"?",ai,1,no,clipping,verdict
plantain,"cook + banana",nalfaifitx,"nalf + fitx",ai,2,yes,sense,verdict
plaster,"plastic + agent",tarfauyug,"tarf + yug",au,2,yes,affix,verdict
plastic deformation,"deform + remain",,"? + gugz",ai,2,no,sense,verdict
platypus,"duck + mouth + animal",babzaimucaizul,"babz + muc + zul",ai,3,yes,sense,verdict
play,"plate + like",pletaulak,"plet + lak",au,2,yes,affix,verdict
player,"play + agent",plarauyug,"plar + yug",au,2,yes,affix,verdict
playground,"play + ground",plaraimits,"plar + mits",ai,2,yes,sense,verdict
plaza,"open + square",zarkaiskar,"zark + skar",ai,2,yes,sense,verdict
pleasant,"please + agent",plizauyug,"pliz + yug",au,2,yes,affix,verdict
pleural,"pleura + of",,"? + yov",ai,2,no,judged,verdict
poacher,"illegal + hunt + agent",,"? + hant + yug",ai,3,no,sense,verdict
poem,"art + word + work",meqkaidataiwark,"meqk + dat + wark",ai,3,yes,sense,verdict
poet,"art + word + agent",meqkaidataiyug,"meqk + dat + yug",ai,3,yes,sense,verdict
pointed,"point + done",,"leC + ?",au,2,no,affix,verdict
pointer,"point + thing",leCainiv,"leC + niv",ai,2,yes,judged,verdict
poisonous,"poison + bear",borzainuqk,"borz + nuqk",ai,2,yes,sense,verdict
polar,"pole + like",viksaulak,"viks + lak",au,2,yes,affix,verdict
polarity,"polar + nature",,"? + nep",ai,2,no,sense,verdict
polarize,"polar + make",,"? + mek",au,2,no,affix,verdict
politic,"polite + like",sarvaulak,"sarv + lak",au,2,yes,affix,verdict
political,"politics + of",,"? + yov",ai,2,no,judged,verdict
pollen,"poll + make",blakaumek,"blak + mek",au,2,yes,affix,verdict
pollinate,"pollen + carry",,"? + maft",ai,2,no,sense,verdict
pollock,"north + cod",yinaiplam,"yin + plam",ai,2,yes,sense,verdict
pollution,"pollute + act",,"? + yez",au,2,no,affix,verdict
polyhedron,"many + face + solid",mavaifesaisold,"mav + fes + sold",ai,3,yes,sense,verdict
polymer,"repeat + unit + chain",vavaigalpailip,"vav + galp + lip",ai,3,yes,sense,verdict
polyp,"stalk + body + animal",klepaivataizul,"klep + vat + zul",ai,3,yes,sense,verdict
pompous,"self + important + show",depaiportaixol,"dep + port + xol",ai,3,yes,sense,verdict
poppy,"sleep + flower",slipaiflor,"slip + flor",ai,2,yes,sense,verdict
population,"populate + act",,"? + yez",ai,2,no,sense,verdict
porcine,"pig + like",pragailak,"prag + lak",ai,2,yes,judged,verdict
porcupine,"big + thorn + rat",bratairargaidimp,"brat + rarg + dimp",ai,3,yes,sense,verdict
pork,"pig + meat",pragaimak,"prag + mak",ai,2,yes,sense,verdict
porous,"pore + like",,"? + lak",au,2,no,affix,verdict
portable,"carry + able",maftaifip,"maft + fip",ai,2,yes,judged,verdict
porter,"port + agent",hupsauyug,"hups + yug",au,2,yes,affix,verdict
portion,"pore + act",,"? + yez",au,2,no,affix,verdict
portray,"depict",flev,"flev",ai,1,yes,sense,verdict
possession,"possess + act",gazauyez,"gaz + yez",au,2,yes,affix,verdict
possibility,"possible + nature",yenainep,"yen + nep",ai,2,yes,sense,verdict
possible,"can + able",kardaifip,"kard + fip",ai,2,yes,sense,verdict
posterior,"after + more",retainis,"ret + nis",ai,2,yes,judged,verdict
postulate,"assume + claim",golfaiklem,"golf + klem",ai,2,yes,sense,verdict
potable,"drink + able",dugaifip,"dug + fip",ai,2,yes,sense,verdict
potter,"pot + make + agent",buntaimekaiyug,"bunt + mek + yug",ai,3,yes,sense,verdict
pottery,"potter + like",,"? + lak",au,2,no,affix,verdict
pouch,"small + bag",smalairod,"smal + rod",ai,2,yes,sense,verdict
poultry,"bird + meat",baxaimak,"bax + mak",ai,2,yes,sense,verdict
poverty,"poor + state",poraidom,"por + dom",ai,2,yes,sense,verdict
powerful,"power + full",fepauvup,"fep + vup",au,2,yes,affix,verdict
pox,"skin + disease",skinaibidj,"skin + bidj",ai,2,yes,sense,verdict
prairie,"grass + plain",grasaipind,"gras + pind",ai,2,yes,sense,verdict
prawn,"big + shrimp",brataixarv,"brat + xarv",ai,2,yes,sense,verdict
prayer,"pray + word",pamaidat,"pam + dat",ai,2,yes,sense,verdict
precipitation,"fall + water",zuraiwaC,"zur + waC",ai,2,yes,sense,verdict
precognition,"before + know",torainum,"tor + num",ai,2,yes,sense,verdict
precursor,"before + run + agent",torairinaiyug,"tor + rin + yug",ai,3,yes,judged,verdict
predecessor,"before + one",toraizan,"tor + zan",ai,2,yes,sense,verdict
predictable,"predict + able",wudjaifip,"wudj + fip",ai,2,yes,compound,verdict
prediction,"predicate + act",,"? + yez",au,2,no,affix,verdict
predisposition,"predispose + act",,"? + yez",ai,2,no,judged,verdict
preference,"prefer + act",gutxaiyez,"gutx + yez",ai,2,yes,judged,verdict
prefix,"before + fix",toraulen,"tor + len",au,2,yes,prefix,verdict
pregnancy,"pregnant + state",nintaidom,"nint + dom",ai,2,yes,sense,verdict
premise,"first + claim",,"? + klem",ai,2,no,sense,verdict
premolar,"small + grind + tooth",smalaigrotaicutx,"smal + grot + cutx",ai,3,yes,sense,verdict
preparation,"prepare + act",golkauyez,"golk + yez",au,2,yes,affix,verdict
preposition,"relation + term",wortaitod,"wort + tod",ai,2,yes,sense,verdict
prerequisite,"before + necessary + condition",torainarfaigeft,"tor + narf + geft",ai,3,yes,sense,verdict
prescribe,"before + scribe",,"tor + ?",au,2,no,prefix,verdict
prescription,"prescribe + act",,"? + yez",ai,2,no,sense,verdict
presentation,"present + act",gogaiyez,"gog + yez",ai,2,yes,judged,verdict
preservation,"preserve + act",vixaiyez,"vix + yez",ai,2,yes,judged,verdict
president,"lead + agent",lidaiyug,"lid + yug",ai,2,yes,sense,verdict
presumptuous,"presume + too + much",xuqkaigalainen,"xuqk + gal + nen",ai,3,yes,sense,verdict
presuppose,"before + suppose",toraufuv,"tor + fuv",au,2,yes,prefix,verdict
pretentious,"claim + self + greater + than + real",,"klem + dep + ? + pos + lam",ai,5,no,sense,verdict
prevention,"prevent + act",dekaiyez,"dek + yez",ai,2,yes,judged,verdict
preventive,"prevent + like",dekaulak,"dek + lak",au,2,yes,affix,verdict
prey,"pre + like",,"? + lak",au,2,no,affix,verdict
priest,"holy + agent",mestaiyug,"mest + yug",ai,2,yes,sense,verdict
primary,"first + like",,"? + lak",ai,2,no,sense,verdict
prince,"king + child",fubaigag,"fub + gag",ai,2,yes,sense,verdict
princess,"king + child + female",fubaigagaifim,"fub + gag + fim",ai,3,yes,sense,verdict
principal,"prince + of",,"? + yov",ai,2,no,judged,verdict
prior,"prize + agent",prazauyug,"praz + yug",au,2,yes,affix,verdict
prioritize,"priority + make",,"? + mek",au,2,no,affix,verdict
priority,"prior + nature",,"? + nep",au,2,no,affix,verdict
prisoner,"prison + agent",maspauyug,"masp + yug",au,2,yes,affix,verdict
privacy,"private + nature",bozaunep,"boz + nep",au,2,yes,affix,verdict
probability,"probable + nature",prabainep,"prab + nep",ai,2,yes,sense,verdict
proboscis,"long + feed + tube",nucainubzaitub,"nuc + nubz + tub",ai,3,yes,sense,verdict
processor,"process + thing",kixainiv,"kix + niv",ai,2,yes,judged,verdict
production,"produce + act",vugzaiyez,"vugz + yez",ai,2,yes,sense,verdict
productive,"product + like",horgaulak,"horg + lak",au,2,yes,affix,verdict
profession,"profess + act",,"? + yez",au,2,no,affix,verdict
professional,"profession + like",,"? + lak",au,2,no,affix,verdict
progenitor,"before + beget + agent",,"tor + ? + yug",ai,3,no,judged,verdict
progression,"progress + act",reCaiyez,"reC + yez",ai,2,yes,judged,verdict
progressive,"progress + like",reCailak,"reC + lak",ai,2,yes,judged,verdict
prohibition,"prohibit + act",flutauyez,"flut + yez",au,2,yes,affix,verdict
projection,"project + act",gapsauyez,"gaps + yez",au,2,yes,affix,verdict
proliferation,"proliferate + act",,"? + yez",ai,2,no,judged,verdict
prominence,"prominent + ness",,"blid + ?",ai,2,no,judged,verdict
prone,"tend",vagz,"vagz",ai,1,yes,sense,verdict
pronoun,"swap + term",solpaitod,"solp + tod",ai,2,yes,sense,verdict
pronunciation,"pronounce + act",citxaiyez,"citx + yez",ai,2,yes,sense,verdict
proof,"prove + act",pruvaiyez,"pruv + yez",ai,2,yes,sense,verdict
propellant,"propel + thing",,"? + niv",ai,2,no,judged,verdict
propensity,"tend + nature",vagzainep,"vagz + nep",ai,2,yes,sense,verdict
prostate,"seed + gland",sidaismaq,"sid + smaq",ai,2,yes,sense,verdict
protection,"protect + act",mepsauyez,"meps + yez",au,2,yes,affix,verdict
protective,"protect + like",mepsailak,"meps + lak",ai,2,yes,judged,verdict
protector,"protect + one",mepsaizan,"meps + zan",ai,2,yes,judged,verdict
proton,"positive + particle",midairav,"mid + rav",ai,2,yes,sense,verdict
provision,"provide + act",xitaiyez,"xit + yez",ai,2,yes,sense,verdict
proximal,"near + of",lubaiyov,"lub + yov",ai,2,yes,judged,verdict
proxy measure,"substitute + measure",lompaiyaj,"lomp + yaj",ai,2,yes,sense,verdict
pruning,"prune + act",,"? + yez",ai,2,no,judged,verdict
psychological,"psychology + of",,"? + yov",ai,2,no,judged,verdict
psychology,"mind + study",manainedz,"man + nedz",ai,2,yes,judged,verdict
publication,"publish + act",,"? + yez",ai,2,no,judged,verdict
publish,"public + like",zabaulak,"zab + lak",au,2,yes,affix,verdict
pufferfish,"swell + fish",parbaifrix,"parb + frix",ai,2,yes,sense,verdict
pulmonary,"lung + of",xolsaiyov,"xols + yov",ai,2,yes,judged,verdict
pumice,"foam + rock",glaqairak,"glaq + rak",ai,2,yes,sense,verdict
pumpkin,"big + squash",brataiskax,"brat + skax",ai,2,yes,sense,verdict
punctual,"on + time",vunaikal,"vun + kal",ai,2,yes,sense,verdict
punctuation,"write + mark",rataiwen,"rat + wen",ai,2,yes,sense,verdict
pungent,"sharp + taste",bontaitest,"bont + test",ai,2,yes,sense,verdict
punishment,"punish + act",fuqkauyez,"fuqk + yez",au,2,yes,affix,verdict
pupa,"change + shell",xunaitxal,"xun + txal",ai,2,yes,sense,verdict
purify,"pure + make",pitaumek,"pit + mek",au,2,yes,affix,verdict
purity,"pure + nature",pitaunep,"pit + nep",au,2,yes,affix,verdict
purr,"cat + hum",klatailibz,"klat + libz",ai,2,yes,sense,verdict
pyramid,"point + tomb",leCaiyart,"leC + yart",ai,2,yes,sense,verdict
pyrite,"false + gold",rotaigod,"rot + god",ai,2,yes,sense,verdict
quack,"duck + call",babzaikar,"babz + kar",ai,2,yes,sense,verdict
quadrilateral,"four + side + shape",lafaisardaideps,"laf + sard + deps",ai,3,yes,sense,verdict
quadruple,"four + fold",lafaifold,"laf + fold",ai,2,yes,judged,verdict
quarrel,"word + fight",dataiflet,"dat + flet",ai,2,yes,sense,verdict
quarry,"rock + mine",rakaimeq,"rak + meq",ai,2,yes,sense,verdict
quarter,"four + part",lafaipart,"laf + part",ai,2,yes,sense,verdict
quartz,"clear + crystal",vobaikuqk,"vob + kuqk",ai,2,yes,sense,verdict
quartzite,"quartz + rock",,"? + rak",ai,2,no,sense,verdict
queen,"king + female",fubaifim,"fub + fim",ai,2,yes,sense,verdict
query,"ask",xask,"xask",ai,1,yes,sense,verdict
raccoon,"mask + face + animal",maskaifesaizul,"mask + fes + zul",ai,3,yes,sense,verdict
racial,"race + of",malkaiyov,"malk + yov",ai,2,yes,judged,verdict
radial,"ray + symmetry",reqaimatx,"req + matx",ai,2,yes,sense,verdict
radiate,"ray + emit",,"req + ?",ai,2,no,sense,verdict
radiation,"radiate + act",,"? + yez",au,2,no,affix,verdict
radical,"root + of",febzaiyov,"febz + yov",ai,2,yes,judged,verdict
radioactive,"radio + active",,"wot + ?",ai,2,no,compound,verdict
radish,"sharp + root",bontaifebz,"bont + febz",ai,2,yes,sense,verdict
radula,"scrape + tongue",workaitaq,"work + taq",ai,2,yes,sense,verdict
rainbow,"rain + light + arc",renailitaihark,"ren + lit + hark",ai,3,yes,sense,verdict
rainfall,"rain + fall",renaizur,"ren + zur",ai,2,yes,compound,verdict
rainforest,"rain + forest",renaivarz,"ren + varz",ai,2,yes,sense,verdict
rampart,"war + wall",gekaimedz,"gek + medz",ai,2,yes,sense,verdict
rapeseed,"oil + seed",gipsaisid,"gips + sid",ai,2,yes,sense,verdict
rapids,"fast + water",fastaiwaC,"fast + waC",ai,2,yes,sense,verdict
rarefy,"density + lower",,"smoc + ?",ai,2,no,sense,verdict
rarely,"rare + manner",raraukuq,"rar + kuq",au,2,yes,affix,verdict
raspberry,"red + berry",gicaiglaf,"gic + glaf",ai,2,yes,sense,verdict
ration,"rat + act",dimpauyez,"dimp + yez",au,2,yes,affix,verdict
rational,"ration + like",,"? + lak",au,2,no,affix,verdict
raven,"big + crow",brataiwint,"brat + wint",ai,2,yes,sense,verdict
ravine,"narrow + valley",Ceftaibaqk,"Ceft + baqk",ai,2,yes,sense,verdict
react,"again + act",palauyez,"pal + yez",au,2,yes,prefix,verdict
reactant,"react + thing",,"? + niv",ai,2,no,sense,verdict
reaction,"again + action",palaukiq,"pal + kiq",au,2,yes,prefix,verdict
reactive,"react + like",,"? + lak",ai,2,no,judged,verdict
reactor,"react + thing",,"? + niv",ai,2,no,judged,verdict
ready,"read + like",ridaulak,"rid + lak",au,2,yes,affix,verdict
reagent,"react + cause + thing",,"? + kaz + niv",ai,3,no,sense,verdict
reality,"real + nature",lamaunep,"lam + nep",au,2,yes,affix,verdict
realize,"real + make",lamaumek,"lam + mek",au,2,yes,affix,verdict
rearrangement,"rearrange + act",,"? + yez",ai,2,no,judged,verdict
reassemble,"again + assemble",palaidjeq,"pal + djeq",ai,2,yes,sense,verdict
rebut,"against + answer",zofaivad,"zof + vad",ai,2,yes,sense,verdict
recall,"again + call",palaukar,"pal + kar",au,2,yes,prefix,verdict
receiver,"receive + agent",kabauyug,"kab + yug",au,2,yes,affix,verdict
recent,"again + cent",,"pal + ?",au,2,no,prefix,verdict
reception,"receive + act",kabaiyez,"kab + yez",ai,2,yes,sense,verdict
receptor,"receive + structure",kabaitok,"kab + tok",ai,2,yes,sense,verdict
recession,"recede + act",,"? + yez",ai,2,no,judged,verdict
recipient,"recipe + agent",jatxauyug,"jatx + yug",au,2,yes,affix,verdict
reciprocal,"reciprocate + like",flodailak,"flod + lak",ai,2,yes,judged,verdict
reclaim,"again + claim",palaiklem,"pal + klem",ai,2,yes,sense,verdict
recognition,"recognize + act",gortauyez,"gort + yez",au,2,yes,affix,verdict
recombinant,"again + combine + like",palaiplazailak,"pal + plaz + lak",ai,3,yes,judged,verdict
recombination,"again + combine + act",palaiplazaiyez,"pal + plaz + yez",ai,3,yes,judged,verdict
reconcile,"friend + again + make",dudaipalaimek,"dud + pal + mek",ai,3,yes,sense,verdict
reconstruction,"again + construct + act",palaismodaiyez,"pal + smod + yez",ai,3,yes,judged,verdict
recording,"record + act",gopauyez,"gop + yez",au,2,yes,affix,verdict
recovery,"recover + act",xustaiyez,"xust + yez",ai,2,yes,judged,verdict
recreation,"again + create + act",palaibamaiyez,"pal + bam + yez",ai,3,yes,judged,verdict
recreational,"recreation + of",,"? + yov",ai,2,no,judged,verdict
rectal,"rectum + of",,"? + yov",ai,2,no,judged,verdict
recurrent,"again + run + like",palairinailak,"pal + rin + lak",ai,3,yes,judged,verdict
recurse,"again + curse",palaukidz,"pal + kidz",au,2,yes,prefix,verdict
recursion,"recur + act",,"? + yez",au,2,no,affix,verdict
redirect,"again + direct",palaibalk,"pal + balk",ai,2,yes,sense,verdict
reduction,"reduce + act",dusaiyez,"dus + yez",ai,2,yes,sense,verdict
redundant,"extra + copy",mobzaixok,"mobz + xok",ai,2,yes,sense,verdict
redwood,"red + tree",gicaidip,"gic + dip",ai,2,yes,sense,verdict
reef,"coral + ridge",prixaiCedz,"prix + Cedz",ai,2,yes,sense,verdict
reference,"refer + act",judjauyez,"judj + yez",au,2,yes,affix,verdict
refine,"again + fine",palaupol,"pal + pol",au,2,yes,prefix,verdict
reflection,"reflect + act",wotxauyez,"wotx + yez",au,2,yes,affix,verdict
reflexive,"self + relation",depaiwort,"dep + wort",ai,2,yes,sense,verdict
refract,"bend + light",bendailit,"bend + lit",ai,2,yes,sense,verdict
refractive,"refract + like",,"? + lak",ai,2,no,judged,verdict
refractory,"refract + like",,"? + lak",ai,2,no,judged,verdict
refresh,"again + fresh",palaufrax,"pal + frax",au,2,yes,prefix,verdict
regenerate,"again + grow",palaigrun,"pal + grun",ai,2,yes,sense,verdict
regeneration,"again + generate + act",,"pal + ? + yez",ai,3,no,judged,verdict
regional,"region + like",roqkaulak,"roqk + lak",au,2,yes,affix,verdict
registration,"register + act",vupsauyez,"vups + yez",au,2,yes,affix,verdict
regression,"regress + act",,"? + yez",ai,2,no,judged,verdict
regulation,"regulate + act",vrezaiyez,"vrez + yez",ai,2,yes,judged,verdict
regulations,"regulation + many",,"? + mav",ai,2,no,judged,verdict
regulator,"regulate + agent",vrezaiyug,"vrez + yug",ai,2,yes,judged,verdict
regulatory,"regulate + like",vrezailak,"vrez + lak",ai,2,yes,judged,verdict
regurgitation,"back + throat + act",gokaigalkaiyez,"gok + galk + yez",ai,3,yes,judged,verdict
rehabilitation,"again + able + act",palaifipaiyez,"pal + fip + yez",ai,3,yes,judged,verdict
reindeer,"snow + deer",snomaixars,"snom + xars",ai,2,yes,sense,verdict
reinforce,"rein + force",vremairos,"vrem + ros",ai,2,yes,compound,verdict
rejection,"reject + act",djekauyez,"djek + yez",au,2,yes,affix,verdict
relate,"again + late",palauseg,"pal + seg",au,2,yes,prefix,verdict
related,"relation + have",wortaihaz,"wort + haz",ai,2,yes,sense,verdict
relationship,"relation + ship",wortaixup,"wort + xup",ai,2,yes,compound,verdict
relative,"relate + like",,"? + lak",au,2,no,affix,verdict
relay,"again + lay",palaugled,"pal + gled",au,2,yes,prefix,verdict
reliable,"rely + able",Cibzaufip,"Cibz + fip",au,2,yes,affix,verdict
reliance,"rely + act",Cibzauyez,"Cibz + yez",au,2,yes,affix,verdict
relic,"relate + like",,"? + lak",au,2,no,affix,verdict
religious,"religion + of",sumpaiyov,"sump + yov",ai,2,yes,judged,verdict
relinquish,"claim + release",klemaigarf,"klem + garf",ai,2,yes,sense,verdict
remark,"again + mark",palauwen,"pal + wen",au,2,yes,prefix,verdict
remind,"again + mind",palauman,"pal + man",au,2,yes,prefix,verdict
remission,"remit + act",,"? + yez",ai,2,no,judged,verdict
renal,"kidney + of",fundaiyov,"fund + yov",ai,2,yes,judged,verdict
renew,"again + new",palaugump,"pal + gump",au,2,yes,prefix,verdict
repeated,"repeat + done",,"vav + ?",au,2,no,affix,verdict
replace,"again + place",palaunad,"pal + nad",au,2,yes,prefix,verdict
replacement,"replace + act",zendaiyez,"zend + yez",ai,2,yes,judged,verdict
replicate,"copy",xok,"xok",ai,1,yes,sense,verdict
replication,"replicate + act",,"? + yez",ai,2,no,judged,verdict
representation,"represent + act",hagzauyez,"hagz + yez",au,2,yes,affix,verdict
reproduce,"again + produce",palauvugz,"pal + vugz",au,2,yes,prefix,verdict
reproduction,"again + production",,"pal + ?",au,2,no,prefix,verdict
reproductive,"reproduce + like",smetailak,"smet + lak",ai,2,yes,judged,verdict
republic,"again + public",palauzab,"pal + zab",au,2,yes,prefix,verdict
repulse,"again + pulse",palaubobz,"pal + bobz",au,2,yes,prefix,verdict
required,"require + done",,"fist + ?",au,2,no,affix,verdict
requirement,"require + act",fistauyez,"fist + yez",au,2,yes,affix,verdict
resembling,"resemble + act",kleqauyez,"kleq + yez",au,2,yes,affix,verdict
reservation,"reserve + act",Cipsaiyez,"Cips + yez",ai,2,yes,judged,verdict
reservoir,"hold + lake",hoqaigals,"hoq + gals",ai,2,yes,sense,verdict
reset,"again + set",palaugig,"pal + gig",au,2,yes,prefix,verdict
reside,"again + side",palausard,"pal + sard",au,2,yes,prefix,verdict
residence,"reside + act",,"? + yez",ai,2,no,judged,verdict
residual,"observe + predict + difference",,"suv + wudj + ?",ai,3,no,sense,verdict
resilient,"recover + able",xustaifip,"xust + fip",ai,2,yes,sense,verdict
resin,"again + sin",palauvon,"pal + von",au,2,yes,prefix,verdict
resistance,"resist + act",zistauyez,"zist + yez",au,2,yes,affix,verdict
resistant,"resist + agent",zistauyug,"zist + yug",au,2,yes,affix,verdict
resolution,"again + solution",palauhidz,"pal + hidz",au,2,yes,prefix,verdict
resolve,"again + solve",palauwiz,"pal + wiz",au,2,yes,prefix,verdict
resonance,"resonate + act",razauyez,"raz + yez",au,2,yes,affix,verdict
resonant,"resonate + agent",razauyug,"raz + yug",au,2,yes,affix,verdict
resorption,"resorb + act",,"? + yez",ai,2,no,judged,verdict
resort,"rest + place",zaxainad,"zax + nad",ai,2,yes,sense,verdict
resourceful,"skill + means + find",,"jips + ? + fan",ai,3,no,sense,verdict
respiration,"breathe + act",netsaiyez,"nets + yez",ai,2,yes,judged,verdict
respiratory,"breathe + of",netsaiyov,"nets + yov",ai,2,yes,judged,verdict
responsibility,"response + ability",,"paq + ?",au,2,no,affix,verdict
responsible,"response + able",paqaufip,"paq + fip",au,2,yes,affix,verdict
responsive,"respond + like",sedzailak,"sedz + lak",ai,2,yes,judged,verdict
restitution,"give + back",gifaigok,"gif + gok",ai,2,yes,sense,verdict
restoration,"restore + act",rorfaiyez,"rorf + yez",ai,2,yes,judged,verdict
restrain,"again + strain",palauCegz,"pal + Cegz",au,2,yes,prefix,verdict
restricted,"restrict + done",,"fleb + ?",ai,2,no,judged,verdict
restriction,"restrict + act",flebaiyez,"fleb + yez",ai,2,yes,judged,verdict
resurrection,"die + rise + again",sexairizaipal,"sex + riz + pal",ai,3,yes,sense,verdict
retardation,"retard + act",wuksaiyez,"wuks + yez",ai,2,yes,judged,verdict
retention,"retain + act",prenaiyez,"pren + yez",ai,2,yes,judged,verdict
retinal,"retina + of",,"? + yov",ai,2,no,judged,verdict
retirement,"retire + act",forvaiyez,"forv + yez",ai,2,yes,judged,verdict
retreat,"again + treat",palaunidz,"pal + nidz",au,2,yes,prefix,verdict
retry,"again + try",palauzok,"pal + zok",au,2,yes,prefix,verdict
reuse,"again + use",palauyuz,"pal + yuz",au,2,yes,prefix,verdict
revenue,"income",jolv,"jolv",ai,1,yes,sense,verdict
reverse,"again + verse",palaulalb,"pal + lalb",au,2,yes,prefix,verdict
reversible,"reverse + able",,"? + fip",ai,2,no,sense,verdict
revision,"revise + act",skabaiyez,"skab + yez",ai,2,yes,sense,verdict
revolt,"rebel",yolk,"yolk",ai,1,yes,sense,verdict
revolution,"revolve + act",vruzaiyez,"vruz + yez",ai,2,yes,judged,verdict
rhino,"horn + beast",peksaibist,"peks + bist",ai,2,yes,sense,verdict
rhinoceros,"nose + horn + animal",nozaipeksaizul,"noz + peks + zul",ai,3,yes,sense,verdict
rigidity,"rigid + ness",,"tram + ?",ai,2,no,judged,verdict
rioter,"riot + agent",ciksaiyug,"ciks + yug",ai,2,yes,sense,verdict
robin,"red + chest + sparrow",gicaigitxaibrax,"gic + gitx + brax",ai,3,yes,sense,verdict
rocky,"rock + like",rakailak,"rak + lak",ai,2,yes,judged,verdict
roe,"fish + egg",frixaibisp,"frix + bisp",ai,2,yes,sense,verdict
rollback,"past + state + return",gezaidomaixuv,"gez + dom + xuv",ai,3,yes,sense,verdict
roller,"roll + agent",maldaiyug,"mald + yug",ai,2,yes,judged,verdict
romantic,"romance + like",hempaulak,"hemp + lak",au,2,yes,affix,verdict
roof,"building + covering",,"? + vedz",ai,2,no,sense,verdict
rosette,"rose + small",rozaismal,"roz + smal",ai,2,yes,judged,verdict
rostrum,"point + snout",leCaiskod,"leC + skod",ai,2,yes,sense,verdict
rotation,"rot + act",jampauyez,"jamp + yez",au,2,yes,affix,verdict
rotten,"rot + make",jampaumek,"jamp + mek",au,2,yes,affix,verdict
rubber,"rub + agent",gruvauyug,"gruv + yug",au,2,yes,affix,verdict
rubbish,"rub + like",gruvaulak,"gruv + lak",au,2,yes,affix,verdict
ruby,"red + gem",gicaiblod,"gic + blod",ai,2,yes,sense,verdict
ruffian,"rough + violent + agent",gabzaivolzaiyug,"gabz + volz + yug",ai,3,yes,sense,verdict
rugby,"carry + ball + sport",maftaibralaipudj,"maft + bral + pudj",ai,3,yes,sense,verdict
ruler,"rule + agent",neskauyug,"nesk + yug",au,2,yes,affix,verdict
runaway,"feedback + reinforce + control + without",,"? + ? + fol + Cev",ai,4,no,sense,verdict
runner,"run + agent",rinaiyug,"rin + yug",ai,2,yes,judged,verdict
rural,"country + of",fibaiyov,"fib + yov",ai,2,yes,judged,verdict
saboteur,"secret + damage + agent",kretaigutsaiyug,"kret + guts + yug",ai,3,yes,sense,verdict
sack,"cloth + bag",corvairod,"corv + rod",ai,2,yes,sense,verdict
sadistic,"other + suffer + pleasure",nezaibugzaizim,"nez + bugz + zim",ai,3,yes,sense,verdict
sadness,"sad + nature",studaunep,"stud + nep",au,2,yes,affix,verdict
safety,"safe + state",stefaidom,"stef + dom",ai,2,yes,judged,verdict
saga,"long + story",nucaizam,"nuc + zam",ai,2,yes,sense,verdict
sailor,"sail + agent",frasaiyug,"fras + yug",ai,2,yes,sense,verdict
saint,"holy + person",mestainar,"mest + nar",ai,2,yes,sense,verdict
salary,"work + pay",warkaipeq,"wark + peq",ai,2,yes,sense,verdict
sale,"sell + act",rokaiyez,"rok + yez",ai,2,yes,sense,verdict
salicylate,"salicylic + salt",,"? + tigz",ai,2,no,judged,verdict
salivary,"saliva + of",brixaiyov,"brix + yov",ai,2,yes,judged,verdict
salmon,"river + climb + fish",narvaikimaifrix,"narv + kim + frix",ai,3,yes,sense,verdict
salty,"salt + like",tigzaulak,"tigz + lak",au,2,yes,affix,verdict
sandstone,"sand + rock",sandairak,"sand + rak",ai,2,yes,sense,verdict
sandy,"sand + like",sandailak,"sand + lak",ai,2,yes,judged,verdict
sanitize,"clean + make",klinaimek,"klin + mek",ai,2,yes,sense,verdict
sapient,"wise + like",daldailak,"dald + lak",ai,2,yes,sense,verdict
sapphire,"blue + gem",bulaiblod,"bul + blod",ai,2,yes,sense,verdict
sardine,"small + herring",smalaidjup,"smal + djup",ai,2,yes,sense,verdict
sardonic,"bitter + cynical + mock",vumpaiglimaidov,"vump + glim + dov",ai,3,yes,sense,verdict
satirical,"humor + criticize + expose",,"kalf + ? + Cebz",ai,3,no,sense,verdict
saturation,"saturate + act",txoraiyez,"txor + yez",ai,2,yes,judged,verdict
saturn,"ring + planet",ropaiglob,"rop + glob",ai,2,yes,sense,verdict
savings,"save + act",sevaiyez,"sev + yez",ai,2,yes,judged,verdict
scalar,"single + number",miskaidis,"misk + dis",ai,2,yes,sense,verdict
scallion,"green + onion",pesaiwont,"pes + wont",ai,2,yes,sense,verdict
scaly,"scale + like",skalaulak,"skal + lak",au,2,yes,affix,verdict
scanner,"scan + thing",xibzainiv,"xibz + niv",ai,2,yes,judged,verdict
scapular,"scapula + of",,"? + yov",ai,2,no,judged,verdict
scary,"scar + like",xoksaulak,"xoks + lak",au,2,yes,affix,verdict
scavenger,"scavenge + agent",,"? + yug",ai,2,no,sense,verdict
scenario,"possible + story",yenaizam,"yen + zam",ai,2,yes,sense,verdict
schist,"flake + rock",kronairak,"kron + rak",ai,2,yes,sense,verdict
scientific,"science + of",gaskaiyov,"gask + yov",ai,2,yes,judged,verdict
scientist,"science + agent",gaskauyug,"gask + yug",au,2,yes,affix,verdict
scoff,"mock + dismiss",dovaiyord,"dov + yord",ai,2,yes,sense,verdict
scornful,"scorn + full",spemauvup,"spem + vup",au,2,yes,affix,verdict
scoundrel,"dishonest + agent",,"? + yug",ai,2,no,sense,verdict
scribe,"write + agent",rataiyug,"rat + yug",ai,2,yes,sense,verdict
scripture,"holy + writing",,"mest + ?",ai,2,no,sense,verdict
scruffy,"scruff + like",,"? + lak",au,2,no,affix,verdict
seafloor,"sea + floor",malcairim,"malc + rim",ai,2,yes,sense,verdict
seagrass,"sea + grass",malcaigras,"malc + gras",ai,2,yes,sense,verdict
seahorse,"sea + horse",malcaihors,"malc + hors",ai,2,yes,sense,verdict
sealed,"seal + done",,"hodj + ?",au,2,no,affix,verdict
seamount,"sea + mountain",malcaimot,"malc + mot",ai,2,yes,sense,verdict
seasoning,"taste + thing",testainiv,"test + niv",ai,2,yes,sense,verdict
seat,"sit + thing",kefainiv,"kef + niv",ai,2,yes,sense,verdict
sebaceous,"sebum + of",,"? + yov",ai,2,no,judged,verdict
second,"two + order",dobainord,"dob + nord",ai,2,yes,sense,verdict
secondary,"second + like",,"? + lak",au,2,no,affix,verdict
secretary,"secret + like",kretaulak,"kret + lak",au,2,yes,affix,verdict
secretion,"secrete + act",,"? + yez",au,2,no,affix,verdict
secretory,"secrete + like",,"? + lak",ai,2,no,judged,verdict
section,"sect + act",vrakauyez,"vrak + yez",au,2,yes,affix,verdict
security,"secure + nature",barfaunep,"barf + nep",au,2,yes,affix,verdict
sedge,"marsh + grass",glataigras,"glat + gras",ai,2,yes,sense,verdict
sedimentary,"sediment + rock",,"? + rak",ai,2,no,sense,verdict
sedimentation,"particle + settle + accumulate",ravaivretaifruv,"rav + vret + fruv",ai,3,yes,sense,verdict
segmentation,"segment + act",txofaiyez,"txof + yez",ai,2,yes,judged,verdict
segmented,"segment + many",txofaimav,"txof + mav",ai,2,yes,sense,verdict
segregation,"segregate + act",,"? + yez",ai,2,no,judged,verdict
seizure,"seize + act",lidjaiyez,"lidj + yez",ai,2,yes,judged,verdict
selection,"select + act",glepauyez,"glep + yez",au,2,yes,affix,verdict
selective,"select + like",glepailak,"glep + lak",ai,2,yes,judged,verdict
self-organize,"self + organize",,"dep + ?",ai,2,no,sense,verdict
self-reliant,"self + rely",depaiCibz,"dep + Cibz",ai,2,yes,sense,verdict
selfish,"self + like",depaulak,"dep + lak",au,2,yes,affix,verdict
semantics,"meaning + study",mogainedz,"mog + nedz",ai,2,yes,sense,verdict
seminal,"semen + of",wuspaiyov,"wusp + yov",ai,2,yes,judged,verdict
senior,"old + more",margainis,"marg + nis",ai,2,yes,judged,verdict
sensation,"sense + act",zoxauyez,"zox + yez",au,2,yes,affix,verdict
sensitivity,"sensitive + nature",buqkaunep,"buqk + nep",au,2,yes,affix,verdict
sensor,"detect + device",ragzaifon,"ragz + fon",ai,2,yes,sense,verdict
sensory,"sense + of",zoxaiyov,"zox + yov",ai,2,yes,judged,verdict
sentence,"thought + line",,"? + zob",ai,2,no,sense,verdict
separation,"separate + act",nubauyez,"nub + yez",au,2,yes,affix,verdict
septic,"rot + of",jampaiyov,"jamp + yov",ai,2,yes,judged,verdict
sequential,"order + like",nordailak,"nord + lak",ai,2,yes,sense,verdict
sequestration,"sequester + act",,"? + yez",ai,2,no,judged,verdict
serialize,"line + form + make",zobainuntaimek,"zob + nunt + mek",ai,3,yes,sense,verdict
serous,"serum + of",grafaiyov,"graf + yov",ai,2,yes,judged,verdict
serpent,"snake",his,"his",ai,1,yes,sense,verdict
servant,"serve + agent",gampauyug,"gamp + yug",au,2,yes,affix,verdict
server,"serve + agent",gampauyug,"gamp + yug",au,2,yes,affix,verdict
sessile,"attach + fixed",,"totx + ?",ai,2,no,sense,verdict
seta,"bristle",,"?",ai,1,no,sense,verdict
setpoint,"target + value",bimaival,"bim + val",ai,2,yes,sense,verdict
setter,"set + one",gigaizan,"gig + zan",ai,2,yes,judged,verdict
settlement,"settle + act",vretauyez,"vret + yez",au,2,yes,affix,verdict
seventeen,"ten + seven",feCaixab,"feC + xab",ai,2,yes,sense,verdict
seventh,"seven + order",xabainord,"xab + nord",ai,2,yes,sense,verdict
seventy,"seven + ten",xabaifeC,"xab + feC",ai,2,yes,sense,verdict
severity,"severe + ness",,"xips + ?",ai,2,no,judged,verdict
sewer,"waste + pipe",muspaitidj,"musp + tidj",ai,2,yes,sense,verdict
shaker,"shake + agent",gempaiyug,"gemp + yug",ai,2,yes,judged,verdict
shaky,"shake + like",gempaulak,"gemp + lak",au,2,yes,affix,verdict
shale,"mud + rock",catairak,"cat + rak",ai,2,yes,sense,verdict
shall,"grammar",,"?",au,1,no,grammar,verdict
shaman,"spirit + talk + agent",janaitakaiyug,"jan + tak + yug",ai,3,yes,sense,verdict
shameful,"shame + full",gintauvup,"gint + vup",au,2,yes,affix,verdict
shameless,"shame + without",gintaiCev,"gint + Cev",ai,2,yes,sense,verdict
shaped,"shape + done",,"deps + ?",au,2,no,affix,verdict
shapeshift,"shape + change",depsaixun,"deps + xun",ai,2,yes,sense,verdict
shared,"share + done",,"xal + ?",au,2,no,affix,verdict
sharpen,"sharp + make",bontaumek,"bont + mek",au,2,yes,affix,verdict
shear,"she + like",momaulak,"mom + lak",au,2,yes,affix,verdict
shock wave,"shock + wave",dardaiwev,"dard + wev",ai,2,yes,sense,verdict
shorten,"short + make",letaumek,"let + mek",au,2,yes,affix,verdict
should,"grammar",,"?",au,1,no,grammar,verdict
shower,"show + agent",xolauyug,"xol + yug",au,2,yes,affix,verdict
shrew,"sharp + nose + rat",bontainozaidimp,"bont + noz + dimp",ai,3,yes,sense,verdict
sieve,"filter + size",vekaigux,"vek + gux",ai,2,yes,sense,verdict
sight,"see + act",visaiyez,"vis + yez",ai,2,yes,sense,verdict
significance,"significant + ness",,"? + ?",ai,2,no,judged,verdict
significant,"signify + agent",,"? + yug",au,2,no,affix,verdict
signify,"sign + make",saqkaumek,"saqk + mek",au,2,yes,affix,verdict
silicate,"silicon + salt",kledaitigz,"kled + tigz",ai,2,yes,judged,verdict
silo,"grain + tower",,"letx + ?",ai,2,no,sense,verdict
silt,"fine + sand",polaisand,"pol + sand",ai,2,yes,sense,verdict
similarity,"similar + nature",subzaunep,"subz + nep",au,2,yes,affix,verdict
simulation,"simulate + act",liqauyez,"liq + yez",au,2,yes,affix,verdict
sinew,"tendon",,"?",ai,1,no,sense,verdict
singleton,"one + set",zanaigig,"zan + gig",ai,2,yes,sense,verdict
siphon,"draw + tube",gispaitub,"gisp + tub",ai,2,yes,sense,verdict
sixteen,"ten + six",feCaivip,"feC + vip",ai,2,yes,sense,verdict
sixteenth,"sixteen + order",,"? + nord",ai,2,no,sense,verdict
sixth,"six + order",vipainord,"vip + nord",ai,2,yes,sense,verdict
sixty,"six + ten",vipaifeC,"vip + feC",ai,2,yes,sense,verdict
skate,"small + ray",smalaireq,"smal + req",ai,2,yes,sense,verdict
skeletal,"skeleton + of",radjaiyov,"radj + yov",ai,2,yes,judged,verdict
skiing,"ski + act",,"? + yez",ai,2,no,judged,verdict
skillful,"skill + full",jipsauvup,"jips + vup",au,2,yes,affix,verdict
skinny,"skin + like",skinaulak,"skin + lak",au,2,yes,affix,verdict
slate,"sheet + stone",vodjaiston,"vodj + ston",ai,2,yes,sense,verdict
sleepy,"sleep + like",slipaulak,"slip + lak",au,2,yes,affix,verdict
sleet,"rain + snow",renaisnom,"ren + snom",ai,2,yes,sense,verdict
slightly,"slight + manner",sletaukuq,"slet + kuq",au,2,yes,affix,verdict
slimy,"slim + like",valbaulak,"valb + lak",au,2,yes,affix,verdict
slower,"slow + agent",slomauyug,"slom + yug",au,2,yes,affix,verdict
smaller,"grammar",,"?",au,1,no,grammar,verdict
smallest,"grammar",,"?",au,1,no,grammar,verdict
smith,"metal + work + agent",maltaiwarkaiyug,"malt + wark + yug",ai,3,yes,sense,verdict
smoker,"smoke + agent",smokaiyug,"smok + yug",ai,2,yes,judged,verdict
smug,"self + satisfy + superior",depaiyarzaizond,"dep + yarz + zond",ai,3,yes,sense,verdict
smuggler,"secret + carry + agent",kretaimaftaiyug,"kret + maft + yug",ai,3,yes,sense,verdict
sneaky,"sneak + like",snikaulak,"snik + lak",au,2,yes,affix,verdict
sneer,"contempt + face + show",rodjaifesaixol,"rodj + fes + xol",ai,3,yes,sense,verdict
snuff,"nose + powder",nozaikubz,"noz + kubz",ai,2,yes,sense,verdict
soccer,"foot + ball + sport",gralaibralaipudj,"gral + bral + pudj",ai,3,yes,sense,verdict
sock,"soft + foot + covering",saftaigralaivedz,"saft + gral + vedz",ai,3,yes,sense,verdict
soften,"soft + make",saftaumek,"saft + mek",au,2,yes,affix,verdict
software,"soft + ware",saftaiplog,"saft + plog",ai,2,yes,compound,verdict
solar,"sole + like",yuftaulak,"yuft + lak",au,2,yes,affix,verdict
soldier,"war + agent",gekaiyug,"gek + yug",ai,2,yes,sense,verdict
solitary,"sole + like",yuftailak,"yuft + lak",ai,2,yes,judged,verdict
solstice,"sun + stand + day",sanaizesaiyam,"san + zes + yam",ai,3,yes,sense,verdict
soluble,"dissolve + able",zalvaifip,"zalv + fip",ai,2,yes,sense,verdict
solute,"dissolve + thing",zalvainiv,"zalv + niv",ai,2,yes,sense,verdict
solution,"solve + act",wizaiyez,"wiz + yez",ai,2,yes,sense,verdict
solvent,"solve + agent",wizauyug,"wiz + yug",au,2,yes,affix,verdict
somatic,"body + of",vataiyov,"vat + yov",ai,2,yes,judged,verdict
someone,"some + one",ninaizan,"nin + zan",ai,2,yes,sense,verdict
something,"some + thing",ninainiv,"nin + niv",ai,2,yes,sense,verdict
sometime,"some + time",ninaikal,"nin + kal",ai,2,yes,sense,verdict
sometimes,"some + time",ninaikal,"nin + kal",ai,2,yes,sense,verdict
song,"sing + thing",remainiv,"rem + niv",ai,2,yes,sense,verdict
sophisticated,"refine + done",,"? + ?",ai,2,no,sense,verdict
southward,"south + oriented",,"lut + ?",ai,2,no,sense,verdict
sovereignty,"highest + rule",,"? + nesk",ai,2,no,sense,verdict
soybean,"oil + bean",gipsaiColv,"gips + Colv",ai,2,yes,sense,verdict
speaker,"speak + one",vikaizan,"vik + zan",ai,2,yes,judged,verdict
specialist,"special + agent",fezauyug,"fez + yug",au,2,yes,affix,verdict
specialize,"special + make",fezaumek,"fez + mek",au,2,yes,affix,verdict
speciation,"population + isolate + diverge",,"xebz + dric + ?",ai,3,no,sense,verdict
species,"life + kind",cadainab,"cad + nab",ai,2,yes,sense,verdict
specification,"specify + act",,"? + yez",ai,2,no,judged,verdict
specified,"specify + done",,"? + ?",ai,2,no,judged,verdict
specimen,"one + sample",zanaihund,"zan + hund",ai,2,yes,sense,verdict
spectacular,"grand + sight",malbaisat,"malb + sat",ai,2,yes,sense,verdict
spectral,"ghost + like",gostailak,"gost + lak",ai,2,yes,sense,verdict
speech,"speak + act",vikaiyez,"vik + yez",ai,2,yes,sense,verdict
sphinx,"lion + body + human + head",groqaivataidramaihad,"groq + vat + dram + had",ai,4,yes,sense,verdict
spicy,"spice + like",spasaulak,"spas + lak",au,2,yes,affix,verdict
spiny,"spine + like",spanailak,"span + lak",ai,2,yes,judged,verdict
spiracle,"breathe + opening",netsaigetx,"nets + getx",ai,2,yes,sense,verdict
splenic,"spleen + of",bruvaiyov,"bruv + yov",ai,2,yes,judged,verdict
splicing,"splice + act",,"? + yez",ai,2,no,judged,verdict
spruce,"needle + pine",valdaicomp,"vald + comp",ai,2,yes,sense,verdict
squawk,"bird + screech",baxaicarb,"bax + carb",ai,2,yes,sense,verdict
squid,"long + octopus",nucaitxug,"nuc + txug",ai,2,yes,sense,verdict
squirrel,"tree + rat",dipaidimp,"dip + dimp",ai,2,yes,sense,verdict
squishy,"squish + like",stiqaulak,"stiq + lak",au,2,yes,affix,verdict
stadium,"big + arena",brataiglib,"brat + glib",ai,2,yes,sense,verdict
staging,"stage + act",nalvaiyez,"nalv + yez",ai,2,yes,judged,verdict
stairs,"stair + many",snedaumav,"sned + mav",au,2,yes,affix,verdict
standard deviation,"typical + deviation",,"visp + ?",ai,2,no,sense,verdict
starfish,"star + fish",staraifrix,"star + frix",ai,2,yes,sense,verdict
state space,"state + set",domaigig,"dom + gig",ai,2,yes,sense,verdict
statement,"state + act",domauyez,"dom + yez",au,2,yes,affix,verdict
static,"state + like",domaulak,"dom + lak",au,2,yes,affix,verdict
station,"stay + act",stevauyez,"stev + yez",au,2,yes,affix,verdict
statistics,"state + thing",domainiv,"dom + niv",ai,2,yes,judged,verdict
stay,"state + like",domaulak,"dom + lak",au,2,yes,affix,verdict
steel,"hard + iron",kadaikitx,"kad + kitx",ai,2,yes,sense,verdict
stellate,"star + like",starailak,"star + lak",ai,2,yes,judged,verdict
steppe,"dry + plain",dralaipind,"dral + pind",ai,2,yes,sense,verdict
steroid,"sterol + like",,"? + lak",ai,2,no,judged,verdict
stevia,"sweet + leaf",skitailif,"skit + lif",ai,2,yes,sense,verdict
sticky,"stick + like",rebaulak,"reb + lak",au,2,yes,affix,verdict
stiffness,"stiff + ness",,"fatx + ?",ai,2,no,judged,verdict
stimulation,"stimulate + act",,"? + yez",ai,2,no,judged,verdict
stinger,"sting + part",Campaipart,"Camp + part",ai,2,yes,sense,verdict
stinking,"stink + act",zaqkauyez,"zaqk + yez",au,2,yes,affix,verdict
stochastic,"random",fard,"fard",ai,1,yes,sense,verdict
stocking,"stock + act",bepsauyez,"beps + yez",au,2,yes,affix,verdict
stoic,"feeling + restrain",,"? + ?",ai,2,no,sense,verdict
stomata,"leaf + pore",,"lif + ?",ai,2,no,sense,verdict
stork,"long + leg + crane",nucailegzaigolp,"nuc + legz + golp",ai,3,yes,sense,verdict
stranger,"unknown + person",,"? + nar",ai,2,no,sense,verdict
stratification,"stratum + act",,"? + yez",ai,2,no,judged,verdict
stratified,"stratum + done",,"? + ?",ai,2,no,judged,verdict
stratus,"layer + cloud",grofaiklad,"grof + klad",ai,2,yes,sense,verdict
strawberry,"grass + berry",grasaiglaf,"gras + glaf",ai,2,yes,sense,verdict
strength,"strong + measure",livaiyaj,"liv + yaj",ai,2,yes,sense,verdict
strengthen,"strength + make",,"? + mek",au,2,no,affix,verdict
studio,"art + room",meqkaitif,"meqk + tif",ai,2,yes,sense,verdict
sturgeon,"ancient + fish",xantaifrix,"xant + frix",ai,2,yes,sense,verdict
sub,"submarine",,"?",ai,1,no,clipping,verdict
sublimation,"solid + gas + become",soldaimeskaijef,"sold + mesk + jef",ai,3,yes,sense,verdict
submerge,"below + merge",dodjaubas,"dodj + bas",au,2,yes,prefix,verdict
submission,"submit + act",slimaiyez,"slim + yez",ai,2,yes,sense,verdict
subordinate,"below + rank",dodjaireqk,"dodj + reqk",ai,2,yes,sense,verdict
subscription,"subscribe + act",skadaiyez,"skad + yez",ai,2,yes,sense,verdict
subset,"below + set",dodjaugig,"dodj + gig",au,2,yes,prefix,verdict
subside,"below + side",dodjausard,"dodj + sard",au,2,yes,prefix,verdict
subsidy,"help + money",neqaipov,"neq + pov",ai,2,yes,sense,verdict
substation,"small + station",,"smal + ?",ai,2,no,sense,verdict
subsume,"under + include",betaidab,"bet + dab",ai,2,yes,sense,verdict
subsystem,"below + system",dodjauwux,"dodj + wux",au,2,yes,prefix,verdict
subtype,"below + type",dodjautuq,"dodj + tuq",au,2,yes,prefix,verdict
succession,"succeed + act",xigzaiyez,"xigz + yez",ai,2,yes,judged,verdict
successive,"follow + order",darbainord,"darb + nord",ai,2,yes,sense,verdict
successor,"next + one",fidaizan,"fid + zan",ai,2,yes,sense,verdict
succinate,"succinic + salt",,"? + tigz",ai,2,no,judged,verdict
suction,"suck + act",gotxaiyez,"gotx + yez",ai,2,yes,judged,verdict
suffering,"suffer + act",bugzauyez,"bugz + yez",au,2,yes,affix,verdict
suffice,"enough + be",puxaibaq,"pux + baq",ai,2,yes,sense,verdict
sufficient,"enough",pux,"pux",ai,1,yes,sense,verdict
sugarcane,"sugar + grass",gandaigras,"gand + gras",ai,2,yes,sense,verdict
suggestion,"suggest + act",geqkauyez,"geqk + yez",au,2,yes,affix,verdict
sulfate,"sulfur + salt",spizaitigz,"spiz + tigz",ai,2,yes,judged,verdict
sulfide,"sulfur + salt",spizaitigz,"spiz + tigz",ai,2,yes,judged,verdict
sunflower,"sun + flower",sanaiflor,"san + flor",ai,2,yes,sense,verdict
sunshine,"sun + light",sanailit,"san + lit",ai,2,yes,sense,verdict
superficial,"surface + of",sorfaiyov,"sorf + yov",ai,2,yes,judged,verdict
supernatural,"above + natural",nedjaunups,"nedj + nups",au,2,yes,prefix,verdict
supertype,"above + type",nedjautuq,"nedj + tuq",au,2,yes,prefix,verdict
supper,"night + meal",yitaidarg,"yit + darg",ai,2,yes,sense,verdict
suppression,"suppress + act",smazaiyez,"smaz + yez",ai,2,yes,judged,verdict
surface tension,"surface + tension",sorfaixalf,"sorf + xalf",ai,2,yes,sense,verdict
surprised,"surprise + done",,"lib + ?",au,2,no,affix,verdict
surrounding,"surround + act",djovauyez,"djov + yez",au,2,yes,affix,verdict
surveillance,"over + watch + act",djipaiwatxaiyez,"djip + watx + yez",ai,3,yes,judged,verdict
survey,"many + sample + observe",mavaihundaisuv,"mav + hund + suv",ai,3,yes,sense,verdict
susceptibility,"susceptible + ness",,"? + ?",ai,2,no,judged,verdict
suspension,"suspend + act",dromaiyez,"drom + yez",ai,2,yes,judged,verdict
swan,"white + goose",wipaizarv,"wip + zarv",ai,2,yes,sense,verdict
swindler,"cheat + agent",kendaiyug,"kend + yug",ai,2,yes,sense,verdict
swordfish,"sword + fish",bibzaifrix,"bibz + frix",ai,2,yes,sense,verdict
syllable,"sound + beat",samaibit,"sam + bit",ai,2,yes,sense,verdict
symbiosis,"live + together",kibaitug,"kib + tug",ai,2,yes,sense,verdict
symbolic,"symbol + like",maraulak,"mar + lak",au,2,yes,affix,verdict
symbolize,"symbol + make",maraumek,"mar + mek",au,2,yes,affix,verdict
symmetric,"symmetry + like",matxaulak,"matx + lak",au,2,yes,affix,verdict
sympathetic,"sympathy + of",xorzaiyov,"xorz + yov",ai,2,yes,judged,verdict
synchronize,"same + time + make",nobaikalaimek,"nob + kal + mek",ai,3,yes,sense,verdict
synchronous,"same + time",nobaikal,"nob + kal",ai,2,yes,sense,verdict
synergy,"combine + effect + greater",,"plaz + zak + ?",ai,3,no,sense,verdict
synonym,"same + meaning",nobaimog,"nob + mog",ai,2,yes,sense,verdict
synovial,"synovia + of",,"? + yov",ai,2,no,judged,verdict
synthetic,"synthesis + like",,"? + lak",ai,2,no,judged,verdict
tactful,"social + skill + offense + avoid",gundaijipsaikotxaivord,"gund + jips + kotx + vord",ai,4,yes,sense,verdict
tactic,"tact + like",spoqaulak,"spoq + lak",au,2,yes,affix,verdict
tactile,"touch + of",tatxaiyov,"tatx + yov",ai,2,yes,judged,verdict
talkable,"talk + able",takaifip,"tak + fip",ai,2,yes,compound,verdict
talkative,"talk + like",takailak,"tak + lak",ai,2,yes,sense,verdict
talky,"talk + like",takaulak,"tak + lak",au,2,yes,affix,verdict
tambourine,"shake + drum",gempaidrum,"gemp + drum",ai,2,yes,sense,verdict
tangible,"touch + able",tatxaifip,"tatx + fip",ai,2,yes,sense,verdict
tank,"big + liquid + container",brataikridaiweps,"brat + krid + weps",ai,3,yes,sense,verdict
taper,"tap + agent",hoftauyug,"hoft + yug",au,2,yes,affix,verdict
tartrate,"tartaric + salt",,"? + tigz",ai,2,no,judged,verdict
tasty,"taste + like",testaulak,"test + lak",au,2,yes,affix,verdict
taunt,"mock + provoke",dovaiblac,"dov + blac",ai,2,yes,sense,verdict
taxation,"tax + act",hubzaiyez,"hubz + yez",ai,2,yes,judged,verdict
taxi,"taximeter cab",,"?",ai,1,no,clipping,verdict
teacher,"teach + agent",titxauyug,"titx + yug",au,2,yes,affix,verdict
tech,"technology",,"?",ai,1,no,clipping,verdict
technical,"technique + of",,"? + yov",ai,2,no,judged,verdict
techniques,"technique + many",,"? + mav",ai,2,no,judged,verdict
technology,"craft + study",yabzainedz,"yabz + nedz",ai,2,yes,sense,verdict
telepathy,"far + mind + talk",zadaimanaitak,"zad + man + tak",ai,3,yes,sense,verdict
telephone,"far + talk + machine",zadaitakaixin,"zad + tak + xin",ai,3,yes,sense,verdict
telescope,"far + see + tool",zadaivisaitul,"zad + vis + tul",ai,3,yes,sense,verdict
temple,"worship + building",,"xuks + ?",ai,2,no,sense,verdict
temporal,"time + of",kalaiyov,"kal + yov",ai,2,yes,judged,verdict
tenable,"ten + able",feCaufip,"feC + fip",au,2,yes,affix,verdict
tenant,"ten + agent",feCauyug,"feC + yug",au,2,yes,affix,verdict
tender,"tend + agent",vagzauyug,"vagz + yug",au,2,yes,affix,verdict
tendon,"muscle + cord",suftaiCesk,"suft + Cesk",ai,2,yes,sense,verdict
tennis,"racket + ball + sport",jorvaibralaipudj,"jorv + bral + pudj",ai,3,yes,sense,verdict
tenth,"ten + order",feCainord,"feC + nord",ai,2,yes,sense,verdict
terminal,"end + station",,"guv + ?",ai,2,no,sense,verdict
terminate,"end + make",guvaimek,"guv + mek",ai,2,yes,sense,verdict
termination,"terminate + act",,"? + yez",ai,2,no,judged,verdict
termite,"wood + ant",vriCaiyolv,"vriC + yolv",ai,2,yes,sense,verdict
terrace,"flat + step + land",flataitipailan,"flat + tip + lan",ai,3,yes,sense,verdict
terrain,"land + shape",lanaideps,"lan + deps",ai,2,yes,sense,verdict
terrestrial,"land + live",lanaikib,"lan + kib",ai,2,yes,sense,verdict
terrible,"fear + able",froCaifip,"froC + fip",ai,2,yes,sense,verdict
territory,"rule + land",neskailan,"nesk + lan",ai,2,yes,sense,verdict
tessellation,"tile + pattern",txivaijom,"txiv + jom",ai,2,yes,sense,verdict
testimony,"witness + word",nitxaidat,"nitx + dat",ai,2,yes,sense,verdict
textile,"weave + thing",worvainiv,"worv + niv",ai,2,yes,judged,verdict
theft,"steal + act",muksaiyez,"muks + yez",ai,2,yes,sense,verdict
theirs,"grammar",,"?",au,1,no,grammar,verdict
them,"grammar",,"?",au,1,no,grammar,verdict
themselves,"grammar",,"?",au,1,no,grammar,verdict
theorem,"prove + claim",pruvaiklem,"pruv + klem",ai,2,yes,sense,verdict
therapeutic,"therapy + of",tundaiyov,"tund + yov",ai,2,yes,judged,verdict
thermal,"heat + of",hitaiyov,"hit + yov",ai,2,yes,judged,verdict
they,"the + like",danaulak,"dan + lak",au,2,yes,affix,verdict
thickening,"thick + make + act",sespaimekaiyez,"sesp + mek + yez",ai,3,yes,judged,verdict
thicket,"thick + tree + group",sespaidipaihip,"sesp + dip + hip",ai,3,yes,sense,verdict
thickness,"thick + ness",,"sesp + ?",ai,2,no,judged,verdict
third,"three + order",suCainord,"suC + nord",ai,2,yes,sense,verdict
thirsty,"thirst + like",hostaulak,"host + lak",au,2,yes,affix,verdict
thirty,"three + ten",suCaifeC,"suC + feC",ai,2,yes,sense,verdict
thistle,"thorn + weed",rargaivalf,"rarg + valf",ai,2,yes,sense,verdict
thoracic,"thorax + of",,"? + yov",ai,2,no,judged,verdict
thorax,"middle + body + region",madaivatairoqk,"mad + vat + roqk",ai,3,yes,sense,verdict
thought,"think + act",ciqkaiyez,"ciqk + yez",ai,2,yes,sense,verdict
thousandth,"thousand + order",metxainord,"metx + nord",ai,2,yes,sense,verdict
threaten,"threat + make",parvaumek,"parv + mek",au,2,yes,affix,verdict
thrifty,"thrift + like",,"? + lak",au,2,no,affix,verdict
throne,"king + seat",,"fub + ?",ai,2,no,sense,verdict
throughput,"output + rate",bipaibagz,"bip + bagz",ai,2,yes,sense,verdict
thug,"violent + intimidate + agent",volzaiklixaiyug,"volz + klix + yug",ai,3,yes,sense,verdict
tidy,"tide + like",juqkaulak,"juqk + lak",au,2,yes,affix,verdict
tier,"level + layer",nitsaigrof,"nits + grof",ai,2,yes,sense,verdict
tiger,"stripe + wild + cat",smogaiwaldaiklat,"smog + wald + klat",ai,3,yes,sense,verdict
tilapia,"lake + fish",galsaifrix,"gals + frix",ai,2,yes,sense,verdict
timeout,"time + end",kalaiguv,"kal + guv",ai,2,yes,sense,verdict
tipping point,"cascade + threshold",framaidroq,"fram + droq",ai,2,yes,sense,verdict
tired,"tire + done",,"vetx + ?",au,2,no,affix,verdict
titan,"giant + god",dudjaigad,"dudj + gad",ai,2,yes,sense,verdict
toad,"wart + frog",snudairan,"snud + ran",ai,2,yes,sense,verdict
tolerance,"tolerate + act",Calbauyez,"Calb + yez",au,2,yes,affix,verdict
topic,"top + like",sukaulak,"suk + lak",au,2,yes,affix,verdict
torque,"turn + force",kakairos,"kak + ros",ai,2,yes,sense,verdict
torsion,"twist + stress",vitsaihisp,"vits + hisp",ai,2,yes,sense,verdict
tortoise,"land + turtle",lanaikagz,"lan + kagz",ai,2,yes,sense,verdict
torus,"ring + solid",ropaisold,"rop + sold",ai,2,yes,sense,verdict
totem,"kin + sign",westaisaqk,"west + saqk",ai,2,yes,sense,verdict
touching,"touch + act",tatxauyez,"tatx + yez",au,2,yes,affix,verdict
touchy,"offense + easy + take",kotxaitoksaitek,"kotx + toks + tek",ai,3,yes,sense,verdict
tourism,"tour + ism",,"dedz + ?",ai,2,no,judged,verdict
tourist,"tour + agent",dedzauyug,"dedz + yug",au,2,yes,affix,verdict
toward,"to + oriented",,"mib + ?",ai,2,no,sense,verdict
tower,"tow + agent",yepsauyug,"yeps + yug",au,2,yes,affix,verdict
toxin,"toxic + thing",rugzainiv,"rugz + niv",ai,2,yes,sense,verdict
trabecular,"trabecula + of",,"? + yov",ai,2,no,judged,verdict
trachea,"air + tube",lesaitub,"les + tub",ai,2,yes,sense,verdict
tradition,"trade + act",tredauyez,"tred + yez",au,2,yes,affix,verdict
train,"fire + cart",foraixets,"for + xets",ai,2,yes,sense,verdict
trammel,"move + restrain",,"muv + ?",ai,2,no,sense,verdict
transaction,"trade + act",tredaiyez,"tred + yez",ai,2,yes,sense,verdict
transcription,"transcribe + act",,"? + yez",ai,2,no,judged,verdict
transform,"across + form",roqaununt,"roq + nunt",au,2,yes,prefix,verdict
transformation,"transform + act",plobauyez,"plob + yez",au,2,yes,affix,verdict
transient,"transit + like",djetailak,"djet + lak",ai,2,yes,judged,verdict
transitive,"chain + relation",lipaiwort,"lip + wort",ai,2,yes,sense,verdict
translation,"translate + act",litxauyez,"litx + yez",au,2,yes,affix,verdict
translucent,"part + transparent",partaitruf,"part + truf",ai,2,yes,sense,verdict
transmission,"transmit + act",dretaiyez,"dret + yez",ai,2,yes,sense,verdict
transport,"across + port",roqauhups,"roq + hups",au,2,yes,prefix,verdict
transportation,"transport + act",,"? + yez",ai,2,no,judged,verdict
transporter,"transport + thing",,"? + niv",ai,2,no,judged,verdict
transverse,"across + turn",roqaikak,"roq + kak",ai,2,yes,judged,verdict
traumatic,"trauma + of",kaqkaiyov,"kaqk + yov",ai,2,yes,judged,verdict
tray,"trace + like",tresaulak,"tres + lak",au,2,yes,affix,verdict
treacherous,"betray + likely",xedzaibemp,"xedz + bemp",ai,2,yes,sense,verdict
treatment,"treat + act",nidzauyez,"nidz + yez",au,2,yes,affix,verdict
treaty,"treat + like",nidzaulak,"nidz + lak",au,2,yes,affix,verdict
trial,"try + like",zokaulak,"zok + lak",au,2,yes,affix,verdict
triangular,"triangle + of",traqaiyov,"traq + yov",ai,2,yes,judged,verdict
tributary,"branch + river",lumainarv,"lum + narv",ai,2,yes,sense,verdict
trickery,"trick + practice",trikainalp,"trik + nalp",ai,2,yes,sense,verdict
triple,"three + fold",suCaifold,"suC + fold",ai,2,yes,sense,verdict
troublemaker,"trouble + make + agent",zezaimekaiyug,"zez + mek + yug",ai,3,yes,sense,verdict
trouser,"leg + cloth",legzaicorv,"legz + corv",ai,2,yes,sense,verdict
trout,"stream + fish",xutsaifrix,"xuts + frix",ai,2,yes,sense,verdict
truth,"true + nature",nufainep,"nuf + nep",ai,2,yes,sense,verdict
tsunami,"big + sea + wave",brataimalcaiwev,"brat + malc + wev",ai,3,yes,sense,verdict
tuber,"thick + root",sespaifebz,"sesp + febz",ai,2,yes,sense,verdict
tubercle,"small + bump",smalaibamp,"smal + bamp",ai,2,yes,sense,verdict
tuberculosis,"tubercle + state",,"? + dom",ai,2,no,judged,verdict
tubular,"tube + of",tubaiyov,"tub + yov",ai,2,yes,judged,verdict
tubule,"tube + small",tubaismal,"tub + smal",ai,2,yes,judged,verdict
tufted,"tuft + done",,"? + ?",ai,2,no,judged,verdict
tulip,"cup + flower",nipsaiflor,"nips + flor",ai,2,yes,sense,verdict
tundra,"cold + plain",koldaipind,"kold + pind",ai,2,yes,sense,verdict
tuning,"tune + act",kipauyez,"kip + yez",au,2,yes,affix,verdict
turbulent,"flow + irregular",,"sunt + ?",ai,2,no,sense,verdict
turner,"turn + one",kakaizan,"kak + zan",ai,2,yes,judged,verdict
turnip,"round + root",mapsaifebz,"maps + febz",ai,2,yes,sense,verdict
turquoise,"blue + gem",bulaiblod,"bul + blod",ai,2,yes,sense,verdict
tweet,"bird + beep",baxaibrip,"bax + brip",ai,2,yes,sense,verdict
twelfth,"twelve + order",mopainord,"mop + nord",ai,2,yes,sense,verdict
twentieth,"twenty + order",,"? + nord",ai,2,no,sense,verdict
twenty,"two + ten",dobaifeC,"dob + feC",ai,2,yes,sense,verdict
twice,"two + fold",dobaifold,"dob + fold",ai,2,yes,sense,verdict
twig,"small + branch",smalailum,"smal + lum",ai,2,yes,sense,verdict
typhoon,"sea + cyclone",,"malc + ?",ai,2,no,sense,verdict
tyranny,"cruel + rule",tutxainesk,"tutx + nesk",ai,2,yes,sense,verdict
ulceration,"ulcer + act",bligaiyez,"blig + yez",ai,2,yes,judged,verdict
umbilical,"navel + of",snunaiyov,"snun + yov",ai,2,yes,judged,verdict
unable,"not + able",masaufip,"mas + fip",au,2,yes,prefix,verdict
unavailable,"not + available",masaubisk,"mas + bisk",au,2,yes,prefix,verdict
unbind,"not + bind",masaubin,"mas + bin",au,2,yes,prefix,verdict
unbounded,"bound + without",tudjaiCev,"tudj + Cev",ai,2,yes,sense,verdict
uncertain,"not + certain",masausart,"mas + sart",au,2,yes,prefix,verdict
uncertainty,"uncertain + nature",preqainep,"preq + nep",ai,2,yes,sense,verdict
uncle,"parent + sibling",sasaitat,"sas + tat",ai,2,yes,sense,verdict
unconscious,"not + conscious",masautiv,"mas + tiv",au,2,yes,prefix,verdict
uncover,"not + cover",masaukov,"mas + kov",au,2,yes,prefix,verdict
undead,"dead + animate",,"tis + ?",ai,2,no,sense,verdict
undershoot,"fall + short + target",zurailetaibim,"zur + let + bim",ai,3,yes,sense,verdict
understandable,"understand + able",dasaifip,"das + fip",ai,2,yes,compound,verdict
underworld,"under + world",betaiwold,"bet + wold",ai,2,yes,sense,verdict
uneven,"not + even",masaupev,"mas + pev",au,2,yes,prefix,verdict
unfair,"not + fair",masaurom,"mas + rom",au,2,yes,prefix,verdict
unhappy,"not + happy",masaukeq,"mas + keq",au,2,yes,prefix,verdict
unicorn,"one + horn + horse",zanaipeksaihors,"zan + peks + hors",ai,3,yes,sense,verdict
uniformity,"uniform + nature",badjaunep,"badj + nep",au,2,yes,affix,verdict
unity,"unit + like",galpaulak,"galp + lak",au,2,yes,affix,verdict
university,"universe + nature",julaunep,"jul + nep",au,2,yes,affix,verdict
unjust,"not + just",masaibof,"mas + bof",ai,2,yes,sense,verdict
unknowable,"know + impossible",,"num + ?",ai,2,no,sense,verdict
unknown,"not + known",masauxef,"mas + xef",au,2,yes,prefix,verdict
unlike,"not + like",masaulak,"mas + lak",au,2,yes,prefix,verdict
unlikely,"not + likely",masaubemp,"mas + bemp",au,2,yes,prefix,verdict
unlink,"not + link",masaulik,"mas + lik",au,2,yes,prefix,verdict
unlock,"not + lock",masaumols,"mas + mols",au,2,yes,prefix,verdict
unmove,"not + move",masaumuv,"mas + muv",au,2,yes,prefix,verdict
unpleasant,"not + pleasant",,"mas + ?",au,2,no,prefix,verdict
unpredictable,"not + predictable",,"mas + ?",au,2,no,prefix,verdict
unrelated,"not + related",,"mas + ?",au,2,no,prefix,verdict
unsatisfiable,"not + satisfy + able",masaiyarzaifip,"mas + yarz + fip",ai,3,yes,sense,verdict
unstable,"not + stable",masautab,"mas + tab",au,2,yes,prefix,verdict
untangle,"not + tangle",masauspuv,"mas + spuv",au,2,yes,prefix,verdict
untie,"not + tie",masaunotx,"mas + notx",au,2,yes,prefix,verdict
untouch,"not + touch",masautatx,"mas + tatx",au,2,yes,prefix,verdict
untreat,"not + treat",masaunidz,"mas + nidz",au,2,yes,prefix,verdict
unverify,"not + verify",masauvurf,"mas + vurf",au,2,yes,prefix,verdict
unwant,"not + want",masauwant,"mas + want",au,2,yes,prefix,verdict
upper,"up + agent",tedauyug,"ted + yug",au,2,yes,affix,verdict
upward,"up + oriented",,"ted + ?",ai,2,no,sense,verdict
urinate,"urine + make",cidjaimek,"cidj + mek",ai,2,yes,sense,verdict
urn,"ash + pot",praxaibunt,"prax + bunt",ai,2,yes,sense,verdict
us,"grammar",,"?",au,1,no,grammar,verdict
useful,"use + full",yuzauvup,"yuz + vup",au,2,yes,affix,verdict
useless,"use + without",yuzauCev,"yuz + Cev",au,2,yes,affix,verdict
user,"use + agent",yuzaiyug,"yuz + yug",ai,2,yes,sense,verdict
usually,"usual + manner",gaftaukuq,"gaft + kuq",au,2,yes,affix,verdict
utensil,"eat + tool",gabaitul,"gab + tul",ai,2,yes,sense,verdict
uterine,"uterus + of",trudaiyov,"trud + yov",ai,2,yes,judged,verdict
utility,"use + ness",,"yuz + ?",ai,2,no,judged,verdict
utilization,"utilize + act",,"? + yez",ai,2,no,judged,verdict
vaccination,"vaccine + act",,"? + yez",ai,2,no,judged,verdict
vagabond,"wander + home + without + agent",yempaihomaiCevaiyug,"yemp + hom + Cev + yug",ai,4,yes,sense,verdict
vaginal,"vagina + of",ralbaiyov,"ralb + yov",ai,2,yes,judged,verdict
validate,"valid + make",djijaimek,"djij + mek",ai,2,yes,sense,verdict
valor,"brave + nature",brevainep,"brev + nep",ai,2,yes,sense,verdict
valuable,"value + able",valaufip,"val + fip",au,2,yes,affix,verdict
vandal,"vandalize + agent",,"? + yug",ai,2,no,sense,verdict
vandalize,"vandal + make",,"? + mek",au,2,no,affix,verdict
vanish,"van + like",nidjaulak,"nidj + lak",au,2,yes,affix,verdict
vanity,"van + nature",nidjaunep,"nidj + nep",au,2,yes,affix,verdict
variability,"variable + ness",,"var + ?",ai,2,no,judged,verdict
variable,"vary + able",stuxaifip,"stux + fip",ai,2,yes,sense,verdict
variance,"spread + measure",dendaiyaj,"dend + yaj",ai,2,yes,sense,verdict
variant,"vary + kind",stuxainab,"stux + nab",ai,2,yes,sense,verdict
variation,"various + act",,"? + yez",au,2,no,affix,verdict
variety,"vary + nature",stuxainep,"stux + nep",ai,2,yes,sense,verdict
various,"vary + like",stuxailak,"stux + lak",ai,2,yes,sense,verdict
vascular,"vessel + of",vesaiyov,"ves + yov",ai,2,yes,judged,verdict
vasculature,"vessel + ness",,"ves + ?",ai,2,no,judged,verdict
vase,"flower + pot",floraibunt,"flor + bunt",ai,2,yes,sense,verdict
veal,"young + cow + meat",zenaivaqkaimak,"zen + vaqk + mak",ai,3,yes,sense,verdict
venison,"deer + meat",xarsaimak,"xars + mak",ai,2,yes,sense,verdict
venom,"inject + poison",blujaiborz,"bluj + borz",ai,2,yes,sense,verdict
venomous,"venom + bear",,"? + nuqk",ai,2,no,sense,verdict
ventilation,"ventilate + act",,"? + yez",ai,2,no,judged,verdict
ventral,"belly + of",blinaiyov,"blin + yov",ai,2,yes,judged,verdict
ventricular,"ventricle + of",,"? + yov",ai,2,no,judged,verdict
venus,"love + planet",lavaiglob,"lav + glob",ai,2,yes,sense,verdict
verb,"action + term",kiqaitod,"kiq + tod",ai,2,yes,sense,verdict
verdict,"judge + word",wepaidat,"wep + dat",ai,2,yes,sense,verdict
vertebra,"spine + bone",spanaibrod,"span + brod",ai,2,yes,sense,verdict
vertebrate,"spine + animal",spanaizul,"span + zul",ai,2,yes,sense,verdict
vertex,"corner + point",muftaileC,"muft + leC",ai,2,yes,sense,verdict
vestibular,"vestibule + of",,"? + yov",ai,2,no,judged,verdict
veterinary,"vet + of",,"? + yov",ai,2,no,judged,verdict
vibration,"vibrate + act",spaxauyez,"spax + yez",au,2,yes,affix,verdict
villain,"bad + person",futainar,"fut + nar",ai,2,yes,sense,verdict
vindictive,"persist + revenge + want",spimaiteftaiwant,"spim + teft + want",ai,3,yes,sense,verdict
vineyard,"grape + field",grepaigor,"grep + gor",ai,2,yes,sense,verdict
violation,"violate + act",priqauyez,"priq + yez",au,2,yes,affix,verdict
violence,"violate + act",priqauyez,"priq + yez",au,2,yes,affix,verdict
violent,"violate + agent",priqauyug,"priq + yug",au,2,yes,affix,verdict
virtuous,"virtue + like",repsaulak,"reps + lak",au,2,yes,affix,verdict
visceral,"viscera + of",,"? + yov",ai,2,no,judged,verdict
viscosity,"viscous + ness",,"? + ?",ai,2,no,judged,verdict
viscous,"flow + resist",suntaizist,"sunt + zist",ai,2,yes,sense,verdict
visible,"see + able",visaifip,"vis + fip",ai,2,yes,sense,verdict
visualize,"visual + make",votsaumek,"vots + mek",au,2,yes,affix,verdict
vitreous,"glass + of",malzaiyov,"malz + yov",ai,2,yes,judged,verdict
vocabulary,"term + set",todaigig,"tod + gig",ai,2,yes,sense,verdict
vocal,"voice + of",vozaiyov,"voz + yov",ai,2,yes,judged,verdict
volatile,"change + sudden + strong",xunaigolzailiv,"xun + golz + liv",ai,3,yes,sense,verdict
volcanic,"volcano + of",,"? + yov",ai,2,no,judged,verdict
volcano,"fire + mountain",foraimot,"for + mot",ai,2,yes,sense,verdict
volleyball,"net + ball + sport",hiftaibralaipudj,"hift + bral + pudj",ai,3,yes,sense,verdict
volumetric,"volume + of",Caftaiyov,"Caft + yov",ai,2,yes,judged,verdict
volunteer,"will + agent",xiqaiyug,"xiq + yug",ai,2,yes,judged,verdict
vortex,"flow + rotate",suntaitxub,"sunt + txub",ai,2,yes,sense,verdict
vowel,"open + sound",zarkaisam,"zark + sam",ai,2,yes,sense,verdict
vulgar,"common + coarse",nobzaisnic,"nobz + snic",ai,2,yes,sense,verdict
vulture,"dead + eat + eagle",tisaigabaivotx,"tis + gab + votx",ai,3,yes,sense,verdict
walrus,"tusk + seal",,"? + hodj",ai,2,no,sense,verdict
wanderer,"wander + agent",yempaiyug,"yemp + yug",ai,2,yes,sense,verdict
wane,"shrink",vorv,"vorv",ai,1,yes,sense,verdict
warmth,"warm + nature",wemainep,"wem + nep",ai,2,yes,sense,verdict
warning,"warn + act",bespauyez,"besp + yez",au,2,yes,affix,verdict
warrant,"war + agent",gekauyug,"gek + yug",au,2,yes,affix,verdict
was,"grammar",,"?",au,1,no,grammar,verdict
waterbody,"water + body",waCaivat,"waC + vat",ai,2,yes,compound,verdict
watercourse,"water + course",waCaitig,"waC + tig",ai,2,yes,compound,verdict
waterfall,"water + fall",waCaizur,"waC + zur",ai,2,yes,compound,verdict
waterproof,"water + block",waCaigiks,"waC + giks",ai,2,yes,sense,verdict
watershed,"water + gather + land",waCaigaCailan,"waC + gaC + lan",ai,3,yes,sense,verdict
wavelength,"wave + length",wevaidar,"wev + dar",ai,2,yes,compound,verdict
weaken,"weak + make",slokaumek,"slok + mek",au,2,yes,affix,verdict
weakness,"weak + ness",,"slok + ?",ai,2,no,judged,verdict
wealth,"rich + nature",ripainep,"rip + nep",ai,2,yes,sense,verdict
weary,"wear + like",waraulak,"war + lak",au,2,yes,affix,verdict
weathering,"break + down + place + expose",geqaidotainadaiCebz,"geq + dot + nad + Cebz",ai,4,yes,sense,verdict
weaver,"weave + agent",worvaiyug,"worv + yug",ai,2,yes,sense,verdict
weber,"web + agent",xendauyug,"xend + yug",au,2,yes,affix,verdict
wedding,"wed + act",blojauyez,"bloj + yez",au,2,yes,affix,verdict
weevil,"grain + beetle",,"letx + ?",ai,2,no,sense,verdict
weight,"weigh + measure",Cendaiyaj,"Cend + yaj",ai,2,yes,sense,verdict
were,"grammar",,"?",au,1,no,grammar,verdict
werewolf,"human + wolf + change",dramaiwolfaixun,"dram + wolf + xun",ai,3,yes,sense,verdict
westward,"west + oriented",,"web + ?",ai,2,no,sense,verdict
wetland,"wet + land",gegzailan,"gegz + lan",ai,2,yes,sense,verdict
whinny,"horse + call",horsaikar,"hors + kar",ai,2,yes,sense,verdict
whiny,"whine + like",kluzaulak,"kluz + lak",au,2,yes,affix,verdict
whiten,"white + make",wipaumek,"wip + mek",au,2,yes,affix,verdict
whom,"grammar",,"?",au,1,no,grammar,verdict
whose,"grammar",,"?",au,1,no,grammar,verdict
widen,"wide + make",bondaumek,"bond + mek",au,2,yes,affix,verdict
widow,"dead + mate + woman",tisaimentainom,"tis + ment + nom",ai,3,yes,sense,verdict
width,"wide + measure",bondaiyaj,"bond + yaj",ai,2,yes,sense,verdict
wife,"wed + female",blojaifim,"bloj + fim",ai,2,yes,sense,verdict
wilderness,"wild + land",waldailan,"wald + lan",ai,2,yes,sense,verdict
wildfire,"wild + fire",waldaifor,"wald + for",ai,2,yes,sense,verdict
willow,"weep + tree",yotxaidip,"yotx + dip",ai,2,yes,sense,verdict
wisdom,"wise + state",daldaudom,"dald + dom",au,2,yes,affix,verdict
witchcraft,"witch + craft",dorgaiyabz,"dorg + yabz",ai,2,yes,sense,verdict
withdraw,"with + draw",bopaigisp,"bop + gisp",ai,2,yes,compound,verdict
withhold,"with + hold",bopaihoq,"bop + hoq",ai,2,yes,compound,verdict
withstand,"against + stand",zofaizes,"zof + zes",ai,2,yes,sense,verdict
witty,"wit + like",yitsaulak,"yits + lak",au,2,yes,affix,verdict
wombat,"dig + pouch + animal",,"narz + ? + zul",ai,3,no,sense,verdict
woodpecker,"wood + peck + bird",vriCaiglexaibax,"vriC + glex + bax",ai,3,yes,sense,verdict
worker,"work + agent",warkauyug,"wark + yug",au,2,yes,affix,verdict
workplace,"work + place",warkainad,"wark + nad",ai,2,yes,compound,verdict
workshop,"work + shop",warkaimubz,"wark + mubz",ai,2,yes,compound,verdict
wormwood,"bitter + herb",vumpairorb,"vump + rorb",ai,2,yes,sense,verdict
worse,"grammar",,"?",au,1,no,grammar,verdict
worsen,"worse + make",,"? + mek",au,2,no,affix,verdict
worst,"grammar",,"?",au,1,no,grammar,verdict
worst case,"worst + possible + outcome",,"? + yen + wutx",ai,3,no,sense,verdict
worthless,"worth + less",yesaigef,"yes + gef",ai,2,yes,compound,verdict
worthy,"worth + like",yesaulak,"yes + lak",au,2,yes,affix,verdict
would,"grammar",,"?",au,1,no,grammar,verdict
wraith,"dead + spirit",tisaijan,"tis + jan",ai,2,yes,sense,verdict
wren,"tiny + sparrow",dibzaibrax,"dibz + brax",ai,2,yes,sense,verdict
wrestling,"wrestle + act",,"? + yez",ai,2,no,judged,verdict
writing,"write + act",ratauyez,"rat + yez",au,2,yes,affix,verdict
xylem,"water + tube",waCaitub,"waC + tub",ai,2,yes,sense,verdict
yarn,"thick + thread",sespairent,"sesp + rent",ai,2,yes,sense,verdict
yarrow,"feather + herb",cindairorb,"cind + rorb",ai,2,yes,sense,verdict
younger,"grammar",,"?",au,1,no,grammar,verdict
youngest,"grammar",,"?",au,1,no,grammar,verdict
yours,"grammar",,"?",au,1,no,grammar,verdict
yourself,"grammar",,"?",au,1,no,grammar,verdict
youth,"young + state",zenaidom,"zen + dom",ai,2,yes,judged,verdict
zebra,"stripe + horse",smogaihors,"smog + hors",ai,2,yes,sense,verdict
zodiac,"beast + circle",bistaisalk,"bist + salk",ai,2,yes,sense,verdict
zombie,"dead + body + animate",,"tis + vat + ?",ai,3,no,sense,verdict
zone out,"mind + leave",manailurv,"man + lurv",ai,2,yes,sense,verdict
zoo,"zoological garden",,"?",ai,1,no,clipping,verdict
