concept,domains
flush,12
discharge,11
colour,8
concord,8
fret,8
acceptance,7
accession,7
condensation,7
encounter,7
extension,7
flick,7
halt,7
heave,7
lap,7
mould,7
plunge,7
rag,7
rally,7
rap,7
regulation,7
retire,7
slash,7
smack,7
sputter,7
upgrade,7
whiff,7
abuse,6
acidity,6
appeal,6
assumption,6
backfire,6
bail,6
bluster,6
boost,6
broadside,6
bust,6
centre,6
chafe,6
circulation,6
composition,6
constitution,6
crisscross,6
curvature,6
favour,6
fiddle,6
foliate,6
glare,6
hitch,6
identification,6
inversion,6
irradiation,6
jog,6
lapse,6
m,6
pall,6
parity,6
plague,6
plunk,6
remit,6
repose,6
reprieve,6
s,6
scrub,6
scruple,6
shit,6
skim,6
slack,6
stall,6
stimulate,6
stratification,6
surcharge,6
tan,6
torment,6
troll,6
wanton,6
accumulation,5
ace,5
antagonism,5
approval,5
approximation,5
ascension,5
aspiration,5
assay,5
assessment,5
attrition,5
background,5
baroque,5
blubber,5
bluff,5
bombard,5
bosom,5
bracket,5
breakdown,5
c,5
characteristic,5
chatter,5
chill,5
climax,5
commission,5
con,5
concentration,5
consideration,5
conversion,5
coordination,5
corruption,5
crackle,5
craze,5
crib,5
dab,5
deflection,5
delineate,5
deluge,5
diffusion,5
discord,5
discriminate,5
displacement,5
distemper,5
distress,5
dodge,5
douse,5
dribble,5
dump,5
dun,5
exhibit,5
fertility,5
flicker,5
flutter,5
fume,5
gag,5
gall,5
gush,5
gutter,5
h,5
hack,5
handicap,5
harness,5
hedge,5
honour,5
imperative,5
impression,5
imprint,5
inclination,5
intelligence,5
inventory,5
isolation,5
jumble,5
kink,5
l,5
labour,5
lactation,5
lease,5
lethargy,5
limitation,5
lurch,5
maneuver,5
manipulate,5
manoeuvre,5
maroon,5
maturity,5
menace,5
morbidity,5
nick,5
nip,5
nod,5
outrage,5
overhead,5
overrun,5
pat,5
peep,5
perturbation,5
piggyback,5
plumb,5
pm,5
posture,5
preservation,5
proceed,5
programme,5
prospect,5
prostrate,5
puddle,5
purge,5
rake,5
ramp,5
recapture,5
recess,5
reconstruction,5
recreate,5
refinement,5
reflectivity,5
replication,5
rerun,5
respite,5
restlessness,5
restoration,5
riffle,5
rig,5
rut,5
sanction,5
saturation,5
scald,5
scorch,5
scotch,5
singsong,5
slap,5
slick,5
smut,5
snarl,5
sop,5
sprinkle,5
squelch,5
squint,5
supplement,5
surf,5
surfeit,5
swagger,5
swash,5
tack,5
tally,5
tenor,5
thickness,5
thrill,5
thump,5
toll,5
torture,5
transplant,5
triumph,5
twang,5
undulate,5
upstage,5
utility,5
vamp,5
vermilion,5
viscosity,5
volley,5
waltz,5
warp,5
whitewash,5
winnow,5
wrench,5
wrestle,5
zap,5
a.m.,4
abnormality,4
abrasion,4
accommodation,4
accompaniment,4
accretion,4
adagio,4
adhesion,4
adjustment,4
affinity,4
agitate,4
agitation,4
alarm,4
alignment,4
allegretto,4
allegro,4
alliance,4
allowance,4
alto,4
amnesty,4
andante,4
antecedent,4
architecture,4
articulate,4
articulation,4
aspirate,4
assimilation,4
atrophy,4
b,4
bandy,4
behaviour,4
biquadratic,4
bitterness,4
blackout,4
blunder,4
blush,4
breach,4
bunk,4
buoy,4
cackle,4
campaign,4
capitalise,4
capitalize,4
capsule,4
carom,4
chink,4
cipher,4
circularize,4
clamor,4
clout,4
clutch,4
cohesion,4
compatibility,4
compensation,4
complication,4
concavity,4
concurrence,4
confirmation,4
conformity,4
conga,4
conk,4
connexion,4
consistency,4
constipation,4
constriction,4
consumption,4
contamination,4
continuation,4
contour,4
correction,4
counterbalance,4
cramp,4
cretaceous,4
croquet,4
crusade,4
cuboid,4
cultivation,4
curb,4
cypher,4
d,4
dally,4
damn,4
decomposition,4
decree,4
dedication,4
deflect,4
degeneration,4
dehydration,4
deletion,4
delusion,4
depreciation,4
depress,4
descent,4
despatch,4
detachment,4
detection,4
devastation,4
din,4
disapproval,4
discount,4
discrimination,4
disdain,4
disgrace,4
dishonor,4
dishonour,4
dispose,4
disregard,4
dissent,4
dissociation,4
distinction,4
distortion,4
disturbance,4
divergence,4
dogfight,4
domestication,4
dope,4
downhill,4
dowse,4
draught,4
e,4
efflorescence,4
elaborate,4
elaboration,4
elasticity,4
embarrassment,4
embellish,4
english,4
esteem,4
excise,4
exemption,4
extraction,4
facilitation,4
falter,4
fawn,4
fecundity,4
flavour,4
fling,4
flourish,4
flurry,4
foil,4
forfeit,4
forte,4
fragmentation,4
frank,4
freshness,4
g,4
gait,4
gamble,4
gangrene,4
gape,4
geminate,4
gi,4
gleam,4
glimpse,4
goad,4
gothic,4
gouge,4
grey,4
gross,4
grumble,4
harbour,4
harmonic,4
hasten,4
highlight,4
hobble,4
honk,4
hospitalization,4
hostility,4
humour,4
hurl,4
hustle,4
immobilise,4
immobilize,4
immunity,4
impotence,4
improvement,4
incident,4
indentation,4
induction,4
inhibition,4
insolation,4
instill,4
insurance,4
interrogative,4
intrigue,4
intrude,4
investment,4
involvement,4
irritability,4
italic,4
jest,4
jingle,4
jolly,4
judgement,4
judgment,4
k,4
keynote,4
kip,4
larval,4
lather,4
leadership,4
legislation,4
leverage,4
levy,4
lick,4
ligature,4
locomotion,4
looseness,4
lull,4
madness,4
magenta,4
magnetization,4
manual,4
mar,4
marathon,4
maternity,4
metamorphosis,4
mill,4
mire,4
morphology,4
mortification,4
mosaic,4
ms,4
muddy,4
n,4
nationalism,4
negociate,4
neutrality,4
nibble,4
nobble,4
nonconformity,4
o.k.,4
occlusion,4
opacity,4
ordinance,4
organise,4
outline,4
overflow,4
overweight,4
overwhelm,4
ownership,4
p.m.,4
par,4
patronage,4
pedal,4
peril,4
persistence,4
pica,4
pickup,4
pigmentation,4
ping,4
pip,4
plop,4
pluck,4
ply,4
politics,4
polka,4
posit,4
preference,4
prelude,4
pretence,4
pretense,4
probate,4
probe,4
progressive,4
prominence,4
pullulate,4
pulp,4
punt,4
purport,4
quantitative,4
quarantine,4
quaternary,4
quickstep,4
r,4
radiance,4
radical,4
ramification,4
rationalise,4
rationalization,4
rationalize,4
rave,4
rebound,4
rebuff,4
recognise,4
recoil,4
reconstruct,4
redundancy,4
reek,4
reel,4
reflexion,4
regeneration,4
regress,4
regression,4
regurgitate,4
relaxation,4
rendition,4
replacement,4
replay,4
repress,4
requisition,4
reservation,4
resile,4
resultant,4
retail,4
retake,4
retardation,4
reticulate,4
retrofit,4
retrograde,4
reverberate,4
reverence,4
rhomboid,4
riposte,4
romp,4
roughness,4
ruffle,4
rumination,4
rusticate,4
safeguard,4
salinity,4
salute,4
salvage,4
salvo,4
samba,4
sandbag,4
scintillation,4
scourge,4
scramble,4
scream,4
sequestration,4
sharpness,4
shave,4
shimmy,4
shipwreck,4
shiver,4
shivering,4
shrinkage,4
shudder,4
sigh,4
slam,4
slaughter,4
slop,4
slosh,4
slump,4
smirch,4
smother,4
snag,4
snooker,4
snub,4
solace,4
solubility,4
soprano,4
souse,4
spar,4
spatter,4
splurge,4
splutter,4
stagger,4
stampede,4
steamroller,4
stoop,4
straddle,4
stratify,4
streak,4
stub,4
stump,4
stunt,4
subdue,4
submarine,4
subordination,4
substantiate,4
suction,4
sufficiency,4
survival,4
suspension,4
swish,4
swoop,4
synchronise,4
syncope,4
tackle,4
tenderness,4
tenure,4
termination,4
tinge,4
trademark,4
transcription,4
transient,4
travail,4
treble,4
trifle,4
trot,4
truncate,4
tubular,4
tug,4
tweak,4
twilight,4
twinge,4
twinkle,4
unbalance,4
unbend,4
unfold,4
update,4
utopia,4
v,4
ventilate,4
verge,4
veto,4
vex,4
vexation,4
viability,4
w,4
wager,4
wallop,4
wallow,4
waver,4
welfare,4
wholesale,4
wince,4
x,4
youth,4
zigzag,4
ablation,3
ablative,3
abnegate,3
abortion,3
abscission,3
absorptance,3
absorption,3
abundance,3
accelerando,3
acceptation,3
accusative,3
acidemia,3
acidic,3
acidophilic,3
acidosis,3
acinar,3
acquisition,3
acuminate,3
addiction,3
admittance,3
adolescent,3
adonic,3
adorn,3
adulteration,3
advent,3
advert,3
aeration,3
aesthetic,3
aetiology,3
afghani,3
agalactia,3
agape,3
aggression,3
albinism,3
albuminuria,3
alcoholism,3
alertness,3
alienation,3
aliform,3
alkalosis,3
allocation,3
allurement,3
alopecia,3
alpha,3
ambition,3
americanism,3
amputation,3
anaesthetic,3
anatomy,3
anchorage,3
angiosarcoma,3
angular,3
animation,3
ankylosis,3
annulment,3
annunciation,3
anorexia,3
anserine,3
antic,3
anticipation,3
antique,3
anuria,3
apparition,3
appease,3
appellative,3
apposition,3
appraisal,3
apprehend,3
apprehension,3
arctic,3
aroma,3
arrhythmia,3
arteriosclerosis,3
arteritis,3
arthritis,3
ascent,3
asceticism,3
ascites,3
assignment,3
assistance,3
assuage,3
asthma,3
ataxia,3
athletics,3
atomise,3
atomize,3
attachment,3
attain,3
audit,3
audition,3
augmentation,3
authorisation,3
authorization,3
autoimmunity,3
automation,3
avail,3
axial,3
azimuth,3
azure,3
babble,3
backhand,3
backlash,3
baffle,3
balanitis,3
balk,3
ballast,3
ballot,3
banishment,3
bankruptcy,3
baritone,3
barrage,3
basophilic,3
bate,3
beacon,3
beige,3
belabor,3
belabour,3
belch,3
bench,3
benevolence,3
benight,3
berth,3
beset,3
besiege,3
beta,3
betterment,3
biconcave,3
bilk,3
billionth,3
billow,3
bimonthly,3
bin,3
binge,3
binomial,3
bioremediation,3
birr,3
bisexuality,3
bitch,3
biweekly,3
blackball,3
blackjack,3
blackmail,3
blackwash,3
blank,3
bleach,3
blight,3
blindness,3
blister,3
bloody,3
bodily,3
boggle,3
bootleg,3
bop,3
bout,3
brandish,3
brawl,3
breakage,3
broil,3
bronchitis,3
buck,3
bucolic,3
buff,3
buildup,3
bulimia,3
bulletin,3
bum,3
bumble,3
bungle,3
bunt,3
burlesque,3
bursitis,3
bushwhack,3
cachexia,3
caesarean,3
caesarian,3
calculation,3
callus,3
calmness,3
camber,3
cambrian,3
cancellous,3
canker,3
canter,3
capacitance,3
capitulation,3
caramel,3
carbonate,3
carboniferous,3
carcinoma,3
cardinal,3
cardiomyopathy,3
carmine,3
carnalize,3
carol,3
cartilaginous,3
cartwheel,3
catalogue,3
cataract,3
catastrophe,3
caucasian,3
caudal,3
cd,3
cellularity,3
cellulitis,3
celluloid,3
censure,3
certification,3
certify,3
championship,3
channelise,3
channelize,3
chap,3
characterization,3
charter,3
checkmate,3
chemotaxis,3
chi,3
chicane,3
chlorination,3
cholecystitis,3
chorea,3
chronology,3
chuck,3
ciliated,3
cinch,3
circularise,3
circumstance,3
cite,3
clack,3
clarion,3
classical,3
classification,3
cleanup,3
clearance,3
cleavage,3
cleft,3
clinch,3
cloister,3
clothe,3
clumsiness,3
clutter,3
coagulation,3
cockney,3
codification,3
coinage,3
coldness,3
colitis,3
collagenous,3
collateral,3
coma,3
commencement,3
commercial,3
compaction,3
comparative,3
complexion,3
compliance,3
composite,3
comprehend,3
compressibility,3
concatenation,3
conceit,3
conciliate,3
conciliation,3
concoction,3
concretion,3
condemnation,3
confederate,3
confinement,3
conformation,3
congee,3
conjugate,3
conjugation,3
conjunctivitis,3
conjuration,3
consecrate,3
consort,3
conspicuousness,3
constellate,3
constitutional,3
constitutionalize,3
contagion,3
contend,3
continental,3
continuant,3
contractile,3
contractility,3
contralto,3
convergence,3
converse,3
copulation,3
copyright,3
corrections,3
correlation,3
correspondence,3
corrosion,3
countenance,3
countercheck,3
countermarch,3
countermine,3
counterpoint,3
countertenor,3
courtesy,3
coverage,3
covetousness,3
cram,3
craziness,3
crescendo,3
cringe,3
crinkle,3
crock,3
crotchet,3
crucify,3
cruelty,3
cruise,3
crump,3
cryptorchidism,3
crystallization,3
cull,3
culminate,3
culmination,3
curry,3
curtsy,3
cuspidate,3
cyan,3
cyanosis,3
cylindrical,3
daily,3
damascene,3
daydream,3
debut,3
deceleration,3
decentralization,3
deck,3
declarative,3
decompress,3
decrescendo,3
decussate,3
deductible,3
defence,3
defiance,3
deflate,3
deflation,3
deflexion,3
defoliation,3
deforestation,3
degenerate,3
degradation,3
deliberation,3
delinquency,3
demineralization,3
demolish,3
demoralisation,3
demoralization,3
demoralize,3
demotic,3
demurrer,3
dendritic,3
denial,3
depersonalization,3
depiction,3
deposition,3
deprivation,3
derogation,3
descant,3
desolate,3
desolation,3
deterioration,3
determination,3
determinative,3
deterrence,3
detoxification,3
detrition,3
deuce,3
devise,3
devolution,3
devour,3
dialectic,3
differential,3
differentiation,3
diminution,3
dimple,3
ding,3
diploid,3
directive,3
disagreement,3
disarray,3
discoid,3
discolouration,3
disconnection,3
discontinuous,3
discouragement,3
discourtesy,3
discovery,3
discredit,3
discretion,3
disentangle,3
disfavor,3
disfavour,3
disintegration,3
disinvest,3
disjoint,3
dislocation,3
dispensation,3
dispense,3
dispersion,3
dispossession,3
disquiet,3
disruption,3
dissemble,3
dissemination,3
dissociate,3
dissonance,3
distensible,3
diversification,3
divert,3
divest,3
docket,3
documentation,3
dominance,3
doomsday,3
dormancy,3
drench,3
drone,3
drumbeat,3
dub,3
duet,3
dunk,3
dysphagia,3
dysuria,3
earmark,3
easement,3
easiness,3
easterly,3
ecchymosis,3
echolalia,3
echolocation,3
eclampsia,3
efface,3
egress,3
ejaculation,3
eject,3
electrolysis,3
electromagnetism,3
elimination,3
elliptic,3
elongated,3
elude,3
emasculate,3
embark,3
embolism,3
employment,3
emptiness,3
emulation,3
enactment,3
encapsulation,3
encephalopathy,3
enchantment,3
encouragement,3
encroachment,3
endocarditis,3
endometritis,3
endowment,3
enervation,3
enfranchisement,3
engagement,3
engrave,3
enjoyment,3
enlargement,3
enquiry,3
enthalpy,3
enthusiasm,3
enticement,3
epididymitis,3
episodic,3
epistaxis,3
equivocation,3
erythema,3
espouse,3
establishment,3
esthetic,3
estimation,3
etiolate,3
etiolation,3
evacuation,3
evade,3
evaluation,3
eviscerate,3
evoke,3
exalt,3
examination,3
excision,3
excitement,3
excretion,3
execration,3
execution,3
exert,3
expenditure,3
experimentation,3
expiration,3
exploration,3
extravasate,3
extrusion,3
f,3
fabrication,3
familiarity,3
famine,3
fascination,3
fathom,3
favorite,3
favourite,3
federal,3
fermentation,3
ferret,3
fertilization,3
fete,3
fibroma,3
filtration,3
finale,3
fingerprint,3
fixation,3
flaky,3
flatness,3
flattened,3
flatulence,3
fledge,3
fleet,3
fleshy,3
flexibility,3
flexion,3
flexure,3
flirt,3
flotation,3
fluency,3
fluorescence,3
focal,3
focalise,3
focalize,3
foolishness,3
footstep,3
foray,3
foreboding,3
forego,3
forgo,3
formality,3
fortissimo,3
foster,3
founder,3
foursquare,3
fractionation,3
fragility,3
frailty,3
franchise,3
fraudulence,3
frazzle,3
french,3
frisk,3
fruition,3
fuck,3
fucking,3
fuddle,3
fulfil,3
functional,3
funk,3
furlough,3
fury,3
galvanise,3
galvanize,3
gargle,3
gash,3
gastritis,3
gavotte,3
gee,3
gemination,3
germination,3
gibe,3
gigantism,3
gingivitis,3
glaucoma,3
gleaming,3
glimmer,3
glint,3
glitter,3
gloat,3
glomerulonephritis,3
gloominess,3
glossitis,3
glut,3
glycosuria,3
gnarl,3
gobble,3
goodwill,3
gospel,3
gout,3
gradation,3
graduate,3
graduation,3
granuloma,3
gravitation,3
grope,3
grouse,3
grumbling,3
guile,3
guttural,3
gymkhana,3
hale,3
halloo,3
haploid,3
hardship,3
harmonise,3
hassle,3
haste,3
haul,3
headache,3
headline,3
heartbeat,3
heaving,3
helplessness,3
hem,3
hepatitis,3
hermaphroditism,3
hernia,3
hesitation,3
hex,3
hibernation,3
hieratic,3
hijack,3
hike,3
hollywood,3
homer,3
honeycomb,3
hornpipe,3
hotfoot,3
huff,3
humbleness,3
humbug,3
hunch,3
hungriness,3
hurdle,3
hush,3
hybrid,3
hydrocephalus,3
hydrophobicity,3
hygiene,3
hypercapnia,3
hypersensitivity,3
hypertension,3
hyperthyroidism,3
hypertrophy,3
hyperventilation,3
hypoproteinemia,3
hypostasis,3
hypotension,3
hypothermia,3
hypothyroidism,3
idealisation,3
idealization,3
ileitis,3
illuminance,3
illuminate,3
illumination,3
immersion,3
immunodeficiency,3
impairment,3
impatience,3
impedance,3
imperialism,3
implantation,3
implication,3
impose,3
impromptu,3
impropriety,3
inactivation,3
inactivity,3
inaugural,3
incarnate,3
incarnation,3
incense,3
incidence,3
incidental,3
incision,3
incite,3
incitement,3
incompatibility,3
inconvenience,3
incorporation,3
incubation,3
incurvate,3
indebtedness,3
indenture,3
indicative,3
indifference,3
indigo,3
indispose,3
induct,3
infertility,3
infiltration,3
infrared,3
infuse,3
infusion,3
initiation,3
initiative,3
innovation,3
inoculate,3
insistence,3
instability,3
installment,3
insulation,3
intensive,3
intercept,3
interchange,3
interdict,3
interference,3
interleave,3
interlock,3
interlocking,3
interlude,3
interpolation,3
interpose,3
interruption,3
intimacy,3
intimidation,3
introversion,3
intrusion,3
intussusception,3
invalid,3
invigorate,3
invocation,3
ionization,3
irrational,3
irregularity,3
irritate,3
irritation,3
irruption,3
isometric,3
isometry,3
iv,3
ivory,3
j,3
jack,3
jazz,3
jibe,3
jig,3
jinx,3
jocularity,3
joggle,3
jot,3
journalism,3
jubilation,3
juggle,3
jumpstart,3
juncture,3
junket,3
jurassic,3
justification,3
jut,3
kb,3
keenness,3
keratitis,3
keratoconjunctivitis,3
ketosis,3
kickoff,3
killer,3
kite,3
kowtow,3
kyphosis,3
lace,3
lacerate,3
lam,3
lament,3
languish,3
languor,3
lard,3
largo,3
lassitude,3
laterality,3
leach,3
leapfrog,3
leash,3
lecture,3
leer,3
leeward,3
levitation,3
licence,3
ligate,3
limber,3
linkage,3
lipoma,3
liquidity,3
lisp,3
litter,3
lobate,3
localise,3
localization,3
localize,3
localized,3
loneliness,3
loosen,3
lowness,3
luminance,3
luminescence,3
lurk,3
lx,3
lymphadenitis,3
lymphadenopathy,3
lymphoma,3
maceration,3
maculate,3
magnetisation,3
magnification,3
major,3
majority,3
malabsorption,3
malnutrition,3
manhood,3
manifestation,3
mannerism,3
manoeuver,3
marshal,3
masa,3
mash,3
masquerade,3
massage,3
masse,3
mastery,3
mastication,3
mastitis,3
mb,3
mechanization,3
medical,3
meiosis,3
melanoma,3
meld,3
melioration,3
mellow,3
mellowness,3
meningitis,3
mercifulness,3
mercurial,3
meridian,3
mesozoic,3
meteorology,3
metre,3
mi,3
midway,3
midweek,3
migratory,3
mileage,3
millenary,3
millionth,3
mimesis,3
mingle,3
minuet,3
miosis,3
miscarriage,3
misdirect,3
misplay,3
mistrust,3
misuse,3
mitigation,3
mitzvah,3
mobility,3
modal,3
modality,3
moderation,3
modernization,3
modification,3
moil,3
mononucleate,3
monthly,3
moot,3
mortality,3
mortgage,3
motley,3
muck,3
muddiness,3
mulct,3
multicellular,3
multinucleate,3
multipotent,3
mummify,3
musical,3
muster,3
mutter,3
myocarditis,3
myoglobinuria,3
myositis,3
nag,3
nasal,3
negotiation,3
neologism,3
nephritis,3
nervousness,3
nestle,3
neuritis,3
neuroblastoma,3
neuter,3
neutralise,3
neutralization,3
nickel,3
nodular,3
nominal,3
nomination,3
nominative,3
nonstop,3
nordic,3
normality,3
northeast,3
northeastward,3
northerly,3
northwest,3
northwestward,3
nosedive,3
novel,3
nucleated,3
nudge,3
nullify,3
numerate,3
obesity,3
oblong,3
obscenity,3
observance,3
obstruction,3
occult,3
occupation,3
occurrent,3
oceanic,3
ochre,3
odour,3
offside,3
ok,3
oliguria,3
onset,3
onslaught,3
oogenesis,3
ooze,3
oppression,3
oral,3
orchitis,3
ordinate,3
organisation,3
ornamentation,3
ossification,3
osteoarthritis,3
osteomyelitis,3
ostracism,3
outburst,3
outcry,3
outflow,3
outpouring,3
overbear,3
overcharge,3
overdrive,3
overestimate,3
overgrowth,3
overhaul,3
overleap,3
overlook,3
overmuch,3
overtake,3
overthrow,3
overwork,3
palatal,3
pallor,3
pancreatitis,3
pancytopenia,3
papilloma,3
para,3
paradigm,3
parallelogram,3
paralysis,3
parole,3
parry,3
partake,3
participation,3
partitive,3
pastoral,3
paternity,3
pathological,3
pathology,3
pathos,3
patronise,3
patronize,3
pawn,3
pelt,3
penetration,3
perceptiveness,3
percolate,3
perfection,3
perforate,3
perfume,3
pericarditis,3
perimeter,3
peritonitis,3
perturb,3
pervert,3
phagocytosis,3
pharyngitis,3
phimosis,3
phlegm,3
phosphorescence,3
photosensitivity,3
physiology,3
pi,3
pianissimo,3
picket,3
picnic,3
pictorial,3
piffle,3
pigeonhole,3
pillage,3
pinnacle,3
pinpoint,3
pizzicato,3
placard,3
placement,3
placidity,3
playfulness,3
plight,3
ploidy,3
plumose,3
plunder,3
plus,3
pneumonia,3
poaching,3
polarization,3
polymeric,3
polyploid,3
polyuria,3
porosity,3
portrayal,3
possessive,3
postmortem,3
poundage,3
pout,3
practise,3
pragmatic,3
prank,3
precaution,3
precedence,3
precedency,3
precedent,3
precondition,3
predate,3
predisposition,3
preempt,3
preemption,3
preen,3
prejudice,3
premiere,3
prepossess,3
presage,3
presentation,3
presumption,3
prevail,3
prevalence,3
prevarication,3
prim,3
prise,3
pro,3
proclamation,3
productivity,3
profoundness,3
prognostication,3
promenade,3
propagation,3
proposition,3
proteinuria,3
proteolysis,3
protuberance,3
providence,3
provocation,3
prowl,3
pruritus,3
psalm,3
puissance,3
punic,3
pupal,3
purification,3
purl,3
purpura,3
purse,3
pursue,3
putrefaction,3
pyelonephritis,3
pyrrhic,3
quadrangular,3
quadratic,3
quadruple,3
qualification,3
qualitative,3
quarterly,3
quaver,3
queer,3
quicken,3
quickening,3
quieten,3
radioactivity,3
radiography,3
railroad,3
rallying,3
ramble,3
rapacity,3
rape,3
rasp,3
rationalisation,3
raving,3
razing,3
razz,3
reactivity,3
readiness,3
realisation,3
realise,3
realism,3
realization,3
ream,3
rebate,3
rebirth,3
recapitulation,3
recession,3
reciprocal,3
reckoning,3
recommit,3
recompense,3
recovery,3
rectification,3
recuperate,3
recurrent,3
redevelop,3
redress,3
reflectance,3
reflex,3
refocus,3
refractory,3
refrigeration,3
refund,3
refutation,3
regency,3
regurgitation,3
rehash,3
reincarnate,3
reinforcement,3
reissue,3
rejoicing,3
rejuvenate,3
relish,3
reluctance,3
remand,3
remission,3
remittal,3
remount,3
remuneration,3
renascence,3
renewal,3
rental,3
renunciation,3
reorder,3
reorient,3
repayment,3
reposition,3
repression,3
reproach,3
reprobate,3
repulsion,3
requiem,3
reshuffle,3
resign,3
resilience,3
resurface,3
retention,3
retirement,3
retract,3
retrieval,3
retroflection,3
retroflex,3
retroflexion,3
retroversion,3
revel,3
revelation,3
reverberation,3
reversal,3
reversion,3
revolutionize,3
rewrite,3
rhinitis,3
rhumba,3
rhyme,3
rick,3
rickets,3
ricochet,3
riff,3
rime,3
romanticize,3
rouse,3
rout,3
rubric,3
rubricate,3
rugose,3
ruination,3
rum,3
rumba,3
rummage,3
rummy,3
runoff,3
rustle,3
rustling,3
safety,3
saltation,3
saltiness,3
salve,3
sarcoma,3
savage,3
savor,3
savour,3
scant,3
schizoid,3
scholarship,3
scintillate,3
scollop,3
scrabble,3
screaming,3
scribble,3
scrunch,3
scuff,3
scuffle,3
seaward,3
sec,3
sector,3
seethe,3
segmentation,3
segregation,3
seizure,3
semimonthly,3
semiweekly,3
senescence,3
sensitisation,3
sensitiveness,3
sensitization,3
sensualize,3
sericulture,3
shakedown,3
sham,3
sheer,3
shimmer,3
shlep,3
shove,3
shriek,3
shuffle,3
sicken,3
sift,3
significance,3
sinusitis,3
sixtieth,3
sketch,3
skimming,3
skirl,3
skulk,3
slog,3
slough,3
sluice,3
smartness,3
smite,3
smoulder,3
smudge,3
snafu,3
snipe,3
snivel,3
snore,3
snuffle,3
soar,3
sob,3
sobriety,3
somberness,3
sombreness,3
sophisticate,3
sophistication,3
southeast,3
southeastward,3
southerly,3
southwest,3
southwestward,3
sparge,3
specialise,3
specify,3
speculate,3
speculation,3
spelaeology,3
speleology,3
spellbind,3
spermatogenesis,3
spherical,3
spiel,3
spiny,3
splat,3
splatter,3
splay,3
splosh,3
spoilage,3
sporadic,3
sprawl,3
sprinkling,3
sprint,3
spurt,3
squall,3
stalemate,3
standardization,3
startle,3
starvation,3
statute,3
stave,3
steamroll,3
stigma,3
stimulation,3
stint,3
stomatitis,3
stooge,3
strabismus,3
straighten,3
strangle,3
stride,3
strum,3
stud,3
stultify,3
stun,3
stupefaction,3
stupefy,3
stymie,3
stymy,3
subacute,3
sublimate,3
subsistence,3
substitution,3
subvention,3
succession,3
suffocate,3
summation,3
sunburn,3
superannuate,3
superannuation,3
superficial,3
superlative,3
superordinate,3
superposition,3
surety,3
surmise,3
surmount,3
swank,3
swat,3
sweetness,3
swerve,3
swig,3
swipe,3
symbolisation,3
symbolization,3
symphysis,3
synchronization,3
synergism,3
synovitis,3
synthesis,3
t,3
tabu,3
tachycardia,3
taint,3
takeoff,3
tame,3
tango,3
tankage,3
tanning,3
tarry,3
tat,3
taxonomy,3
tb,3
technical,3
tempest,3
temporal,3
temptation,3
tenesmus,3
tenosynovitis,3
tertiary,3
testament,3
tetanus,3
theatrical,3
thermal,3
thickening,3
thoughtfulness,3
thrash,3
thud,3
thunderbolt,3
thyroiditis,3
tibia,3
tightness,3
tincture,3
tingle,3
tinker,3
tinsel,3
tint,3
toggle,3
tomentose,3
tonic,3
toot,3
topography,3
torrent,3
torticollis,3
toxicity,3
traction,3
traditionalism,3
tramp,3
tranquility,3
tranquillity,3
transcribe,3
transfiguration,3
transfuse,3
transgress,3
transpire,3
transpose,3
transposition,3
triangulate,3
triassic,3
tripartite,3
trounce,3
trump,3
tumult,3
turbidity,3
turbulence,3
turgor,3
turmoil,3
turnaround,3
turnover,3
twiddle,3
twitter,3
u,3
ultrasound,3
unblock,3
unclothe,3
uncoiled,3
unction,3
undercut,3
underlay,3
undertake,3
undertone,3
undertow,3
undress,3
uneasiness,3
unfairness,3
unification,3
unify,3
unilateral,3
unitise,3
unitize,3
unreality,3
unsex,3
unsoundness,3
upbeat,3
upheaval,3
uprise,3
uproot,3
urbanization,3
urgency,3
urticaria,3
usance,3
usufruct,3
utopian,3
uveitis,3
vacate,3
vaccination,3
valedictory,3
valuation,3
variegation,3
vegetate,3
vegetation,3
velar,3
ventilation,3
vest,3
vestigial,3
vet,3
victorian,3
violet,3
virginal,3
virulence,3
visibility,3
visualise,3
vitality,3
vitriol,3
vocal,3
voicelessness,3
volunteer,3
vulgarise,3
vulgarize,3
vulnerability,3
wail,3
wakefulness,3
wastage,3
wavering,3
waxy,3
weakness,3
wee,3
weekly,3
welsh,3
welt,3
welter,3
westerly,3
whack,3
whacking,3
whang,3
wheeze,3
whirr,3
whiteout,3
whoop,3
whore,3
whorled,3
wickedness,3
wilt,3
windward,3
winkle,3
withdrawal,3
wrangle,3
wring,3
xi,3
yachting,3
yak,3
yaw,3
yearly,3
yen,3
yoke,3
z,3
zest,3
zoom,3
0,2
1,2
10,2
100,2
1000,2
11,2
12,2
120,2
13,2
14,2
15,2
16,2
17,2
18,2
19,2
2,2
20,2
21,2
22,2
23,2
24,2
25,2
26,2
27,2
28,2
29,2
3,2
30,2
3d,2
4,2
40,2
5,2
50,2
500,2
6,2
60,2
7,2
70,2
78,2
8,2
80,2
9,2
90,2
ab,2
abasement,2
abasia,2
abatement,2
abduction,2
aberration,2
abetalipoproteinemia,2
abide,2
abkhazian,2
ablactation,2
abnaki,2
abnegation,2
abnormal,2
abolitionism,2
abomasum,2
abomination,2
aboveboard,2
abreast,2
abridgement,2
abscess,2
abseil,2
absolution,2
absolutism,2
absorbance,2
abstinence,2
abstruseness,2
absurdity,2
abulia,2
abyssal,2
academic,2
acanthocytosis,2
acantholysis,2
acanthoma,2
acariasis,2
acatalectic,2
accede,2
accentual,2
accentuation,2
acceptability,2
acclaim,2
acclimatization,2
accomplish,2
accomplishment,2
accountability,2
accredit,2
accrue,2
acculturation,2
acentric,2
acerbate,2
acetify,2
acetylation,2
acetylcholine,2
achlorhydria,2
achondritic,2
acidification,2
acidify,2
acidimetry,2
acipenser,2
acipenseridae,2
acipenseriformes,2
acknowledgement,2
acknowledgment,2
acme,2
acne,2
acoustics,2
acquiescence,2
acquit,2
acridity,2
acrobatics,2
acrocyanosis,2
acromicria,2
actinomorphic,2
actinomycosis,2
activation,2
activeness,2
actualise,2
actualize,2
acupressure,2
acupuncture,2
acuteness,2
acylation,2
adactyly,2
adamantine,2
adaptability,2
additive,2
addle,2
adduction,2
adenohypophysis,2
adenoidal,2
adenoma,2
adenomyosis,2
adherence,2
adiaphoron,2
adiposity,2
adjourn,2
adjudicate,2
adjudication,2
adjunct,2
adjuvant,2
admixture,2
adolescence,2
adoration,2
adp,2
adrift,2
adsorption,2
adulterate,2
adulthood,2
advancement,2
adverbial,2
adversity,2
advisory,2
advocacy,2
aeonian,2
aerate,2
aerial,2
aerobatics,2
aerobic,2
aerobics,2
aerobiosis,2
aerodynamic,2
aerodynamics,2
aerophagia,2
aestivation,2
affectedness,2
affectionateness,2
affiliation,2
affine,2
affirm,2
affirmation,2
affirmative,2
affixation,2
afflict,2
affliction,2
afforestation,2
affray,2
affright,2
affront,2
afghan,2
afibrinogenemia,2
afoot,2
afrikaans,2
aft,2
aftereffect,2
afterglow,2
aftermath,2
agammaglobulinemia,2
agency,2
agenda,2
agenesis,2
agglomerate,2
agglutinate,2
aggravate,2
aggravation,2
aggressiveness,2
aggrieve,2
agitating,2
agnostic,2
agonistic,2
agony,2
agoraphobia,2
agricultural,2
agriculture,2
agrology,2
agronomy,2
aground,2
ague,2
ahorse,2
ahorseback,2
ai,2
airlift,2
airmail,2
akimbo,2
akinesia,2
alabaster,2
alar,2
albanian,2
albedo,2
alchemy,2
alcoholize,2
aldosterone,2
alexia,2
alfresco,2
algaita,2
algology,2
algonkian,2
algonquian,2
algonquin,2
algorism,2
alibi,2
alienate,2
alienism,2
alight,2
aliquot,2
aliveness,2
aliyah,2
alkalemia,2
alkaline,2
alkalinity,2
allay,2
allegorise,2
allegorize,2
allergic,2
alleviate,2
alleviation,2
alliaceous,2
allometry,2
allopatry,2
allotment,2
alluvion,2
aloof,2
aloofness,2
alphabetic,2
alphabetical,2
alphabetize,2
alright,2
altaic,2
alteration,2
alternation,2
altogether,2
alveolar,2
amalgamate,2
amaranthine,2
amass,2
ambiguity,2
amble,2
amblyopia,2
ambrosian,2
ambulatory,2
ambuscade,2
ambystoma,2
ambystomatidae,2
amelia,2
amelogenesis,2
amend,2
amendment,2
amends,2
amenorrhea,2
american,2
amerind,2
amharic,2
amiability,2
amicability,2
amicableness,2
amidship,2
amiidae,2
amiiformes,2
aminoaciduria,2
amiss,2
amitosis,2
amity,2
ammonification,2
ammonium,2
amnesic,2
amnion,2
amok,2
amphibia,2
amphibious,2
amphimixis,2
amplification,2
amuck,2
amusement,2
amyloidosis,2
amylolysis,2
amylopectin,2
amylose,2
anabolic,2
anabolism,2
anaemia,2
anaemic,2
anaerobic,2
anaesthesia,2
anagram,2
anal,2
analog,2
analogue,2
analogy,2
analphabetic,2
analytic,2
anamnesis,2
anaplasmosis,2
anaplastic,2
anarthria,2
anasarca,2
anastigmatic,2
anatomical,2
anatomize,2
ancestral,2
ancestry,2
androgenesis,2
androgynous,2
anecdotal,2
anemia,2
anemic,2
anencephaly,2
anestrous,2
aneuploid,2
aneuploidy,2
aneurysm,2
angelic,2
angelical,2
angelus,2
angioedema,2
angiogenesis,2
angiography,2
angioma,2
anglicism,2
anguilliformes,2
angularity,2
angulate,2
anhedonia,2
anhidrosis,2
anicteric,2
animalise,2
animalism,2
animalize,2
anisometropia,2
anisotropy,2
ankyloglossia,2
annelida,2
annex,2
annihilation,2
annotate,2
annotation,2
annul,2
anoestrus,2
anoint,2
anolis,2
anomie,2
anomy,2
anorchism,2
anorgasmia,2
anosmia,2
anosmic,2
anoxia,2
anseriformes,2
antacid,2
antagonise,2
antagonize,2
antarctic,2
ante,2
antedate,2
antediluvian,2
antepenultimate,2
anthracosis,2
anthrax,2
anthropology,2
anthropometry,2
anticlimactic,2
anticlimax,2
anticlockwise,2
antipathy,2
antiphonal,2
antiphonary,2
antipodal,2
antiquity,2
antisepsis,2
antithesis,2
antrorse,2
anucleate,2
anura,2
anxiousness,2
aorta,2
aortitis,2
apartheid,2
apatite,2
aphakia,2
aphasia,2
aphasic,2
apheresis,2
aphoristic,2
apical,2
apiculture,2
aplasia,2
apnea,2
apocalypse,2
apocalyptic,2
apocryphal,2
apocryphalness,2
apomictic,2
apomixis,2
apoplexy,2
apoptosis,2
apostasy,2
apothegmatic,2
appalling,2
append,2
appendicitis,2
appointive,2
apprenticeship,2
apprise,2
apprize,2
approbate,2
approbation,2
appropriation,2
apraxia,2
apropos,2
aquaculture,2
aquatint,2
aqueous,2
arabic,2
aramaic,2
arawakan,2
arbitrage,2
arbitration,2
arboriculture,2
archaeology,2
archaeozoic,2
archean,2
archeozoic,2
archery,2
areflexia,2
areolate,2
argumentation,2
aridity,2
armageddon,2
armenian,2
armistice,2
aromatherapy,2
aromaticity,2
arraign,2
arrears,2
arrhythmic,2
arthralgia,2
arthropathy,2
arthroplasty,2
arthropoda,2
artiodactyla,2
artistic,2
asatayak,2
ascariasis,2
ascendant,2
ascendent,2
ascertain,2
ascetic,2
ascetical,2
ascidiacea,2
asepsis,2
aside,2
askance,2
askew,2
aslant,2
aspergillosis,2
aspersion,2
asphyxia,2
asphyxiate,2
asphyxiation,2
assamese,2
assassinate,2
assassination,2
assent,2
assenting,2
assibilate,2
assibilation,2
assort,2
assure,2
astasia,2
astereognosis,2
asterisk,2
asteroidea,2
asthenia,2
asthenopia,2
astigmatism,2
astringe,2
astringency,2
astringent,2
astronomic,2
astronomical,2
astronomy,2
asunder,2
asymmetrical,2
asynergia,2
atelectasis,2
atheistic,2
atheistical,2
atheriniformes,2
atherosclerosis,2
athetosis,2
atm,2
atone,2
atonement,2
atonic,2
atonicity,2
atopy,2
atrocity,2
atrophied,2
attainment,2
attaint,2
attendant,2
attentiveness,2
attenuation,2
attic,2
attribution,2
auction,2
audience,2
audiometry,2
august,2
aura,2
aureole,2
auriculate,2
auspicate,2
austral,2
australian,2
austronesian,2
autarkical,2
authentication,2
authorise,2
autism,2
autofluorescence,2
autogenous,2
autograph,2
autolysis,2
automotive,2
autopsy,2
autoradiography,2
autotomy,2
availability,2
avarice,2
averageness,2
avert,2
aves,2
avestan,2
aviation,2
avidity,2
avoirdupois,2
avulsion,2
awaken,2
awkwardness,2
awry,2
ax,2
axiomatic,2
azerbaijani,2
azotemia,2
baa,2
babyhood,2
babylonian,2
baccate,2
bacchanal,2
bacchanalia,2
bach,2
bachelorhood,2
bacillar,2
bacillary,2
backbone,2
backdoor,2
backgammon,2
backlog,2
backpedal,2
backscatter,2
backstage,2
backstop,2
backstroke,2
backwash,2
bacteremia,2
bacteriology,2
bagatelle,2
balaenopteridae,2
bald,2
ballet,2
ballgame,2
ballistics,2
ballyhoo,2
baltic,2
bandage,2
bankroll,2
bankrupt,2
banter,2
bantu,2
bara,2
barbarity,2
barbel,2
bareback,2
barebacked,2
barefoot,2
barefooted,2
bareness,2
baris,2
baronetcy,2
barony,2
barrack,2
barrenness,2
barricade,2
bash,2
bastardise,2
bastardization,2
bastardize,2
baste,2
bastinado,2
bathos,2
bathymetry,2
batrachoididae,2
batrachoidiformes,2
batter,2
baulk,2
bawdy,2
bawl,2
beastly,2
beatification,2
beatify,2
beatitude,2
bebop,2
becharm,2
beckon,2
bedevil,2
bedizen,2
beeswax,2
befool,2
beforehand,2
befuddle,2
beggary,2
beguile,2
beguilement,2
beguine,2
behalf,2
behindhand,2
belarusian,2
beleaguer,2
belie,2
belligerence,2
belligerency,2
bellow,2
bellowing,2
bellyache,2
benediction,2
benefaction,2
benefice,2
beneficence,2
beneficiary,2
bengali,2
benignity,2
benthos,2
besmirch,2
bespangle,2
bestiality,2
bestowal,2
bestowment,2
bethink,2
betrayal,2
betrothal,2
bewitch,2
bicentenary,2
bicentennial,2
bicker,2
biconvex,2
bicornuate,2
biff,2
bifora,2
bifurcation,2
bigamy,2
bight,2
bilabial,2
bilious,2
biliousness,2
billet,2
bilobed,2
bimetallic,2
binucleate,2
bioassay,2
biochemistry,2
bioclimatology,2
bioelectricity,2
bioethics,2
biogenesis,2
biogenic,2
biogeny,2
biogeography,2
bioluminescence,2
biomass,2
biometry,2
bionic,2
biophysics,2
biopsy,2
biosafety,2
biostatistics,2
biosynthesis,2
biosystematics,2
biotechnology,2
bioterrorism,2
bipartite,2
bipolar,2
birdie,2
birthright,2
bivalent,2
bivalvia,2
biyearly,2
blackleg,2
blacklist,2
blackness,2
bladed,2
blanch,2
blandishment,2
blare,2
blaring,2
blarney,2
blasphemy,2
blastogenesis,2
blate,2
blather,2
blear,2
bleep,2
blepharitis,2
blepharospasm,2
blether,2
blindfold,2
blindside,2
blinker,2
blip,2
blistering,2
blitz,2
blitzkrieg,2
blockage,2
blond,2
blonde,2
bloodiness,2
blotchy,2
blowback,2
blowout,2
blowup,2
bludgeon,2
blueprint,2
bluetongue,2
blurry,2
bobble,2
bocce,2
bodybuilding,2
bogey,2
bohemian,2
boisterousness,2
boldface,2
bole,2
bolero,2
bolivar,2
bolster,2
bombardment,2
bombproof,2
bong,2
bony,2
boo,2
boodle,2
boogie,2
boomerang,2
boon,2
boondoggle,2
borderline,2
boreal,2
botany,2
botch,2
botheration,2
botryoidal,2
botulism,2
bovidae,2
bovine,2
boycott,2
boylike,2
brachiate,2
brachiopoda,2
brachycephaly,2
brachydactyly,2
bradycardia,2
brail,2
braille,2
brainstorm,2
brainwash,2
brainwave,2
braising,2
branchiness,2
brassy,2
bravery,2
breakaway,2
breakers,2
breakthrough,2
breakup,2
bream,2
breaststroke,2
brecciate,2
breeziness,2
brevet,2
brevity,2
brew,2
brewing,2
bridal,2
brighten,2
brilliance,2
brink,2
brisk,2
britishism,2
broadening,2
brobdingnagian,2
broiling,2
bromidic,2
brotherhood,2
brotherly,2
brouhaha,2
browbeat,2
brucellosis,2
brutalisation,2
brutalise,2
brutality,2
brutalization,2
brutalize,2
brute,2
bruxism,2
bryozoa,2
buccal,2
buckram,2
bugle,2
bulbous,2
bulgarian,2
bulletproof,2
bullfighting,2
bullshit,2
bunco,2
bung,2
burgundy,2
burial,2
burke,2
burl,2
burmese,2
burnish,2
burnup,2
burundi,2
bushel,2
business,2
bustle,2
butylate,2
bygone,2
byronism,2
byzantine,2
cabal,2
cabala,2
cabalism,2
cabbala,2
cabbalah,2
cabotage,2
cacophony,2
cadaverous,2
cadence,2
caenorhabditis,2
caesura,2
cakewalk,2
calcification,2
calcinosis,2
calcitonin,2
calibration,2
calico,2
caliphate,2
calk,2
callosity,2
calorimetry,2
calumny,2
calve,2
camelidae,2
camelus,2
canary,2
canasta,2
cancellation,2
cancroid,2
candidiasis,2
candour,2
canidae,2
canis,2
cannibalism,2
cannon,2
cannonade,2
canonic,2
canonical,2
canopy,2
cant,2
cantilever,2
canton,2
capableness,2
capaciousness,2
capacitate,2
caper,2
capitalisation,2
capitalist,2
capitalistic,2
capitalization,2
capitulary,2
caprinae,2
capriole,2
capsizing,2
capsulate,2
capsulise,2
capsulize,2
caption,2
captivation,2
captivity,2
carbonates,2
carbonation,2
carbuncle,2
cardiomegaly,2
careen,2
career,2
carefreeness,2
carelessness,2
caress,2
caricature,2
carillon,2
carioca,2
carnal,2
carnation,2
carnivora,2
carnivorous,2
carouse,2
carpet,2
carpetbag,2
cartography,2
cartoon,2
čas,2
casebook,2
caseous,2
castigate,2
castigation,2
castrate,2
castration,2
catabolic,2
catabolism,2
cataclysm,2
catalan,2
catalectic,2
catalysis,2
catcall,2
catechols,2
categoric,2
categorical,2
categorisation,2
categorization,2
catenary,2
catenulate,2
catering,2
caterwaul,2
catholic,2
catholicity,2
catnap,2
catty,2
caudata,2
caudate,2
causeway,2
cavil,2
cc,2
ccc,2
celestial,2
celibacy,2
cellular,2
celtic,2
cenozoic,2
censor,2
centenary,2
centennial,2
centesimal,2
centime,2
centralization,2
centring,2
cephalohematoma,2
cephalopoda,2
cerebellum,2
cerebral,2
ceremonial,2
ceremonious,2
cerise,2
certainty,2
cerulean,2
cervicitis,2
cervidae,2
cesarean,2
cesarian,2
cession,2
cestoda,2
cetacea,2
cf,2
chad,2
chaffer,2
chaffy,2
chagrin,2
chalazion,2
chalky,2
chandelle,2
characterise,2
characterize,2
charade,2
charitable,2
charleston,2
chartreuse,2
charybdis,2
chasse,2
chasten,2
chastisement,2
chastity,2
chauvinism,2
chauvinistic,2
chechen,2
checker,2
checkers,2
checkout,2
cheep,2
cheerfulness,2
cheilitis,2
chelate,2
chelation,2
chelicerata,2
chemiluminescence,2
chemosis,2
chemosynthesis,2
cheque,2
chequer,2
chess,2
chic,2
chicago,2
chichi,2
chilblains,2
childbearing,2
chilling,2
chimaera,2
chimaeriformes,2
chimerical,2
chinese,2
chinook,2
chiroptera,2
chirpy,2
chirrup,2
chitchat,2
chitin,2
chivalry,2
chlamydia,2
chlorinate,2
chloroform,2
chlorosis,2
chock,2
chokehold,2
cholangitis,2
cholelithiasis,2
cholera,2
cholestasis,2
choline,2
chomp,2
chondrichthyes,2
chondrodystrophy,2
chondrosarcoma,2
choral,2
chordata,2
choreograph,2
choreography,2
chorioretinitis,2
chortle,2
christian,2
chromatic,2
chromaticity,2
chromatin,2
chromatism,2
chromatography,2
chrome,2
chronicle,2
chug,2
churn,2
chyle,2
chyme,2
ci,2
ciliate,2
cinematography,2
cionidae,2
circinate,2
circumcision,2
circumscribe,2
circumscribed,2
circumspection,2
circumstances,2
cirrhosis,2
citizenship,2
civilisation,2
civilise,2
civility,2
cl,2
clamber,2
clamour,2
clangor,2
clangour,2
clank,2
clapper,2
clapperclaw,2
claret,2
clarification,2
classifier,2
claustrophobia,2
clavus,2
claxon,2
cleanliness,2
cleanly,2
cleat,2
cleistogamy,2
clemency,2
clench,2
clerical,2
cleverness,2
clew,2
cliffhanger,2
climatology,2
clincher,2
clinical,2
clink,2
clinodactyly,2
cloak,2
clobber,2
clonus,2
clop,2
closeness,2
cloture,2
cloudiness,2
clowning,2
cloy,2
clunk,2
clutches,2
cnidaria,2
coach,2
coaching,2
coagulate,2
coalesce,2
coalition,2
coarctation,2
coarsen,2
coarseness,2
coastal,2
coastwise,2
coaxing,2
coccidioidomycosis,2
coccidiosis,2
coccyx,2
cockfight,2
cockle,2
coddle,2
coelacanthiformes,2
cogency,2
cogitative,2
cognition,2
coherence,2
coherency,2
cohesiveness,2
coif,2
colic,2
collate,2
collectivism,2
collectivization,2
colligation,2
collocate,2
collocation,2
collusion,2
colonialism,2
colonic,2
colonise,2
coloration,2
colorcast,2
colorimetry,2
colorless,2
colostomy,2
colostrum,2
colouration,2
colouring,2
colubridae,2
columbidae,2
columbiformes,2
columnar,2
comatose,2
combustibility,2
comeback,2
comfortableness,2
comic,2
commandment,2
commemoration,2
commence,2
commend,2
commendable,2
commerce,2
commercialization,2
commercialize,2
commingle,2
commiseration,2
commonness,2
commonplace,2
commove,2
communal,2
communicative,2
communion,2
communism,2
commutation,2
compartmentalisation,2
compartmentalization,2
compassionate,2
compel,2
compilation,2
compile,2
complementary,2
complementation,2
completeness,2
complexity,2
compliment,2
comport,2
comprehension,2
comprehensive,2
comprehensiveness,2
computation,2
computerise,2
computerize,2
concatenate,2
concealment,2
conceptualisation,2
conceptualization,2
concertina,2
conchology,2
concoct,2
concomitant,2
concordance,2
concretize,2
concur,2
concurrency,2
concuss,2
condescend,2
condescension,2
conductance,2
confab,2
confabulate,2
confabulation,2
confection,2
confectionery,2
confederation,2
confer,2
confession,2
confide,2
confidentiality,2
confrontation,2
confutation,2
conge,2
congested,2
conglobation,2
conglomeration,2
conglutination,2
congratulate,2
congregational,2
conic,2
conical,2
conjoin,2
conjunctiva,2
conjunctive,2
connectedness,2
connective,2
connive,2
connotation,2
connubial,2
consanguinity,2
consolation,2
consolidation,2
consonance,2
consonantal,2
conspiracy,2
constancy,2
constipate,2
constrict,2
constricted,2
consultation,2
consumerism,2
consummate,2
containment,2
contemplate,2
contemplation,2
contemporise,2
contemporize,2
contention,2
contingency,2
continuance,2
continuum,2
contortion,2
contradance,2
contradictory,2
contrapuntal,2
contrary,2
contravene,2
contredanse,2
contribution,2
contrivance,2
controvert,2
contusion,2
convene,2
convenience,2
conventionality,2
conventionalize,2
convergency,2
convertible,2
convexity,2
conveyance,2
conviviality,2
convoy,2
convulsion,2
coo,2
coolness,2
cooperative,2
cop,2
copepoda,2
coprolalia,2
coprophagia,2
coptic,2
copulative,2
copyrighted,2
cornea,2
cornish,2
cornucopia,2
corona,2
coronary,2
corporate,2
corpus,2
correlative,2
corrugation,2
corruptness,2
cortex,2
coruscate,2
coruscation,2
coryza,2
cosign,2
cosmic,2
costochondritis,2
costume,2
cotilion,2
cotillion,2
counsel,2
counterattack,2
countercharge,2
counterclaim,2
countercurrent,2
counterfeit,2
countermand,2
counterplot,2
counterrevolutionary,2
countersign,2
countervail,2
couplet,2
coupon,2
courante,2
couth,2
cozen,2
cradlesong,2
craftiness,2
crap,2
craps,2
crate,2
crawfish,2
creed,2
crenel,2
creole,2
creosote,2
crescent,2
cretinism,2
crick,2
crimp,2
cripple,2
crisis,2
crispness,2
critical,2
criticise,2
criticism,2
crocodylia,2
crocodylidae,2
crook,2
crookedness,2
crosscheck,2
crosscurrent,2
crossfire,2
crosshatch,2
crossness,2
crossover,2
crossroads,2
crosstown,2
crosswise,2
crucifixion,2
crudeness,2
crudity,2
cryobiology,2
cryptococcosis,2
cryptography,2
crystalise,2
crystalize,2
crystallise,2
crystallize,2
cubic,2
cuff,2
cultural,2
cuneate,2
cuneiform,2
cupulate,2
curfew,2
curiousness,2
curlicue,2
curriculum,2
cursive,2
cursorial,2
curtailment,2
curtsey,2
curvet,2
cuss,2
custody,2
customise,2
customize,2
cv,2
cyclic,2
cyclicity,2
cycloid,2
cyclopia,2
cymbal,2
cynosure,2
cyprian,2
cypriniformes,2
cyprinoidei,2
cyrillic,2
cystic,2
cystitis,2
cystocele,2
cytogenetics,2
cytology,2
cytotoxicity,2
czech,2
dabble,2
dacryocystitis,2
dado,2
dairying,2
damnation,2
damned,2
dandle,2
danish,2
dapple,2
dappled,2
darken,2
darkening,2
darn,2
dateline,2
daub,2
daylong,2
daytime,2
deaden,2
deadening,2
deadly,2
deadwood,2
deafen,2
deafness,2
dealings,2
deamination,2
dearth,2
deathly,2
debacle,2
debar,2
debarment,2
debase,2
debasement,2
debauch,2
debenture,2
debouch,2
decade,2
decapoda,2
decarboxylation,2
decathlon,2
decease,2
decipher,2
declension,2
declination,2
decorticate,2
decrement,2
decrepitude,2
decriminalization,2
decubitus,2
decumbent,2
deduct,2
deductive,2
deepening,2
deepness,2
defalcation,2
defamation,2
defecation,2
defection,2
defenceless,2
defenseless,2
defensive,2
deference,2
deferral,2
deficiency,2
defile,2
deflagrate,2
deflower,2
defoliate,2
deformation,2
deformity,2
degeneracy,2
dehiscence,2
dehumanise,2
dehumanize,2
deictic,2
deification,2
deify,2
delaware,2
delectation,2
delegacy,2
delicacy,2
delimit,2
delimitate,2
delineation,2
delirium,2
delphic,2
deltoid,2
demagnetise,2
demagnetize,2
dementia,2
demerit,2
demineralisation,2
demise,2
demo,2
democracy,2
democratic,2
demographic,2
demography,2
demolition,2
demonstration,2
demonstrative,2
demoralise,2
demur,2
demurrage,2
demyelination,2
dendrology,2
dengue,2
denier,2
denigration,2
denominational,2
denotation,2
denouement,2
denounce,2
denseness,2
densitometry,2
dental,2
dentition,2
denudate,2
denudation,2
departure,2
depersonalisation,2
depilation,2
depletion,2
deplume,2
deport,2
depose,2
depravity,2
deprecation,2
depreciate,2
depredation,2
deracinate,2
derange,2
derangement,2
dereliction,2
derision,2
dermatitis,2
dermatology,2
derp,2
descriptor,2
desecrate,2
desensitise,2
desensitize,2
desertification,2
desexualise,2
desexualize,2
desiccate,2
desiccation,2
designation,2
desorption,2
desperation,2
despite,2
despoil,2
despotic,2
destabilization,2
destine,2
detention,2
deteriorate,2
determinant,2
determiner,2
deterrent,2
detonation,2
detoxify,2
detraction,2
deuteranopia,2
devaluation,2
deviance,2
devilish,2
devonian,2
devotional,2
dextrocardia,2
dhol,2
diabetes,2
diabetic,2
diacritic,2
diagnostic,2
dialysis,2
diametric,2
diametrical,2
diarrhea,2
diarrhoea,2
diaspora,2
diastema,2
diastrophism,2
diathesis,2
diaulos,2
dice,2
dichromacy,2
dichromatic,2
dictatorial,2
diddle,2
dieback,2
dietetics,2
differentiable,2
differentiate,2
differentiated,2
difficulty,2
digestibility,2
digitalize,2
digitate,2
dignify,2
digress,2
digression,2
dilapidate,2
dilapidation,2
dilatation,2
dilate,2
dilation,2
diligence,2
dimensional,2
diminuendo,2
diminutive,2
dimness,2
dingdong,2
dinge,2
diploidy,2
diplomacy,2
diplopia,2
diptera,2
directional,2
directmate,2
dirtiness,2
disadvantage,2
disaffection,2
disappearance,2
disarm,2
disarming,2
disbud,2
disbursal,2
disbursement,2
discernment,2
disciplinary,2
disclose,2
disco,2
discoloration,2
discombobulate,2
discomposure,2
discordance,2
discountenance,2
discreetness,2
disesteem,2
disfiguration,2
disfigurement,2
disgorge,2
disheartenment,2
disheveled,2
dishonesty,2
disillusion,2
disinclination,2
disinfection,2
disinformation,2
disjunction,2
dislocated,2
dislodge,2
dismantle,2
dismay,2
dismissal,2
dismission,2
dismount,2
disobedience,2
disoblige,2
disomy,2
disorderliness,2
disorganisation,2
disorganization,2
disorganized,2
disorientation,2
disoriented,2
disparagement,2
displume,2
disport,2
disposal,2
disproof,2
disqualification,2
disqualify,2
dissect,2
dissection,2
dissembling,2
dissension,2
dissipation,2
dissolution,2
dissonate,2
distaff,2
distal,2
distended,2
distensibility,2
distension,2
distention,2
distil,2
distinctness,2
distomatosis,2
distraction,2
distraint,2
disunite,2
dit,2
dither,2
ditto,2
diuresis,2
divagation,2
divan,2
divaricate,2
divergency,2
divers,2
divestiture,2
divinity,2
divisional,2
dm,2
dockage,2
dodging,2
dogma,2
dogmatic,2
doldrums,2
dole,2
dolichocephaly,2
domed,2
domesticity,2
domiciliate,2
dominant,2
dominate,2
domination,2
don,2
donation,2
dong,2
doom,2
dopamine,2
doric,2
dosage,2
dote,2
doubtfulness,2
douche,2
dower,2
downfall,2
downfield,2
downgrade,2
downplay,2
downright,2
downsize,2
downstage,2
downstairs,2
downstream,2
downtown,2
downwind,2
doze,2
drab,2
dracunculiasis,2
drainage,2
dramatic,2
dramatics,2
dramatise,2
dramatize,2
drape,2
drawl,2
dressage,2
drivel,2
drollery,2
dropkick,2
drosophilidae,2
drouth,2
drowse,2
drowsiness,2
drubbing,2
drunkenness,2
drusen,2
dryness,2
dubiousness,2
dud,2
duel,2
dullness,2
dumping,2
dumpy,2
dung,2
dunkirk,2
duo,2
duodecimal,2
duodenum,2
duplex,2
duplicity,2
duskiness,2
duster,2
dutch,2
dwarfism,2
dwindling,2
dynamism,2
dysarthria,2
dyscalculia,2
dysentery,2
dysgraphia,2
dyskinesia,2
dyslexia,2
dyslexic,2
dysmenorrhea,2
dyspepsia,2
dysphonia,2
dysphoria,2
dysplasia,2
dysplastic,2
dyspnea,2
dyspnoea,2
dyssynergia,2
dystopia,2
dystopian,2
eagerness,2
earnestness,2
earthy,2
easter,2
eb,2
ebony,2
eccentricity,2
ecclesiasticism,2
echinococcosis,2
echinococcus,2
echinodermata,2
echinoidea,2
echocardiography,2
echography,2
eclat,2
econometrics,2
economic,2
economical,2
economics,2
ecotourism,2
ectrodactyly,2
eczema,2
edacity,2
edema,2
edematous,2
edibility,2
edict,2
edition,2
editorial,2
educational,2
educe,2
effacement,2
effervescence,2
effuse,2
effusion,2
egoism,2
egotism,2
egyptian,2
eighteenth,2
eightieth,2
ejaculate,2
elan,2
elasmobranchii,2
elation,2
elderly,2
electioneering,2
elective,2
electoral,2
electrification,2
electrify,2
electrocardiography,2
electrochemistry,2
electromyography,2
electronegativity,2
electronics,2
electrophoresis,2
elegiac,2
elemental,2
elementary,2
elfin,2
elisa,2
elision,2
ellipsoid,2
elocutionary,2
elongate,2
elongation,2
elucidate,2
elysian,2
emaciation,2
email,2
emanate,2
emanation,2
emarginate,2
emasculation,2
embargo,2
embattle,2
embellishment,2
embodiment,2
embonpoint,2
embryology,2
emergence,2
emersion,2
emigration,2
emissivity,2
emotional,2
emotionlessness,2
empanel,2
emphysema,2
empiric,2
empirical,2
empiricism,2
empowerment,2
empyreal,2
empyrean,2
emulous,2
enact,2
enamel,2
enanthema,2
encephalitis,2
encephalocele,2
encephalomalacia,2
enchondroma,2
enclosure,2
encopresis,2
encore,2
encroach,2
encrust,2
encumbrance,2
encyclical,2
endanger,2
endeavor,2
endeavour,2
endemism,2
endocrinology,2
endocytosis,2
endogenous,2
endometriosis,2
endometrium,2
endorse,2
endorsement,2
endoscopy,2
endow,2
energie,2
energise,2
energize,2
energizing,2
enervate,2
enfilade,2
enforcement,2
engender,2
engorgement,2
engrossment,2
engulf,2
enigma,2
enkindle,2
enlarge,2
enlightenment,2
enlistment,2
enliven,2
enmity,2
ennoblement,2
enormity,2
enquire,2
enrich,2
enrichment,2
enrobe,2
enshrine,2
enslavement,2
ensnare,2
entalpie,2
entangle,2
enteritis,2
enterocolitis,2
enterprise,2
enthalpie,2
enthuse,2
entitle,2
entomology,2
entoprocta,2
entozoan,2
entr'acte,2
entrap,2
entree,2
entrench,2
entrepreneurial,2
entropi,2
entropie,2
entwine,2
enucleation,2
enumeration,2
enuresis,2
envenom,2
environmentalism,2
enzymology,2
eocene,2
eolithic,2
eonian,2
eosinophilia,2
epicurean,2
epidemic,2
epidemiology,2
epididymis,2
epidural,2
epiglottis,2
epilation,2
epilepsy,2
epiphany,2
epiphora,2
episcleritis,2
episcopal,2
episcopate,2
episode,2
epispadias,2
epistle,2
epithelium,2
epitome,2
equalise,2
equalize,2
equatorial,2
equidae,2
equilateral,2
equilibrate,2
equip,2
equitation,2
equivalence,2
eradicate,2
erasure,2
erection,2
eremitic,2
eremitical,2
ergonomics,2
ergotism,2
eristic,2
erose,2
eroticism,2
erotism,2
err,2
ersatz,2
erstwhile,2
eructation,2
eruption,2
eruptive,2
erysipelas,2
erythematous,2
erythroderma,2
erythropoiesis,2
escalade,2
esophagitis,2
esotropia,2
esports,2
esr,2
essential,2
estonian,2
estrange,2
estrangement,2
estrus,2
esurience,2
eternize,2
ethic,2
ethical,2
ethology,2
etiology,2
etymologise,2
etymologize,2
euchromatin,2
eukaryota,2
euphoria,2
euploid,2
euthanasia,2
eutrophication,2
evangelical,2
evangelise,2
evangelistic,2
evangelize,2
evaporation,2
evasion,2
evenness,2
evensong,2
eversion,2
eviction,2
evidentiary,2
evisceration,2
ex,2
exacerbate,2
exaggerate,2
exaggeration,2
exaltation,2
exanthem,2
exanthema,2
exasperate,2
exasperation,2
excavate,2
excellence,2
excerpt,2
excerption,2
excitability,2
excitation,2
excogitate,2
excommunicate,2
excommunication,2
excoriate,2
excoriation,2
excreta,2
excruciate,2
excruciation,2
exculpation,2
execrate,2
exemplification,2
exfoliate,2
exhibitionism,2
exigency,2
exile,2
existential,2
exodus,2
exoneration,2
exotropia,2
expansivity,2
expatriate,2
expatriation,2
expectancy,2
expectedness,2
expectorate,2
expectoration,2
expedient,2
expedition,2
experiential,2
experimental,2
expiation,2
expiry,2
exponential,2
exposition,2
expropriation,2
extempore,2
extemporize,2
extenuation,2
exteriorize,2
exterminate,2
extermination,2
externalisation,2
externalise,2
externalization,2
externalize,2
extirpation,2
extort,2
extortion,2
extradition,2
extraneousness,2
extravagance,2
extravasation,2
exuberance,2
exudate,2
exudation,2
exude,2
exult,2
exultation,2
eyedrop,2
fabian,2
facial,2
factorial,2
factual,2
facultative,2
fag,2
faggot,2
fagot,2
fain,2
faintness,2
falciform,2
falconry,2
fallow,2
falsehood,2
falseness,2
falsetto,2
falsification,2
falsity,2
faltering,2
familial,2
farce,2
farewell,2
faro,2
farrow,2
farsightedness,2
fart,2
fasciculation,2
fascinate,2
fascioliasis,2
fatality,2
fatherhood,2
fatigability,2
fattening,2
fatty,2
faultfinding,2
fauna,2
favism,2
favoritism,2
favouritism,2
fearfulness,2
fearlessness,2
featherbed,2
fecundate,2
federalisation,2
federalism,2
federalization,2
federate,2
feebleness,2
feign,2
feigning,2
feint,2
felicity,2
felidae,2
fellowship,2
feminine,2
feminization,2
femur,2
fend,2
fenestrated,2
fenestration,2
feria,2
fermata,2
fertilise,2
fervor,2
fervour,2
fester,2
fetichism,2
fetish,2
fetishism,2
fettle,2
feudatory,2
feverish,2
fib,2
fibrillation,2
fibrinolysis,2
fibula,2
fictile,2
fictional,2
fictionalisation,2
fictionalise,2
fictionalization,2
fictionalize,2
fidget,2
fiducial,2
fifteen,2
fifteenth,2
fiftieth,2
fijian,2
filamentous,2
filet,2
filial,2
filiation,2
filibuster,2
filipino,2
filler,2
fillet,2
filthiness,2
finis,2
fink,2
finnish,2
fireproof,2
firestorm,2
firmness,2
firsthand,2
fishy,2
fissiparity,2
fissure,2
fistfight,2
fistulous,2
fitness,2
fixedness,2
fixture,2
fizzle,2
flagellate,2
flail,2
flakey,2
flakiness,2
flamenco,2
flammability,2
flank,2
flashback,2
flashpoint,2
flaunt,2
flavourful,2
flavourless,2
fleck,2
flection,2
fleece,2
fleer,2
flemish,2
flinty,2
flit,2
floatation,2
flocculation,2
flora,2
floral,2
floriculture,2
flounce,2
flowage,2
flowery,2
flub,2
fluctuation,2
fluidity,2
flump,2
flunk,2
fluorescent,2
fluorosis,2
flushing,2
fluster,2
focalisation,2
focalization,2
fogginess,2
foghorn,2
foible,2
foist,2
foliaceous,2
foliated,2
foliation,2
folliculitis,2
foment,2
fondness,2
foolproof,2
football,2
footer,2
footle,2
footnote,2
footprint,2
forbearance,2
forbiddance,2
foreclose,2
foreground,2
foregut,2
forehand,2
foremost,2
forerunner,2
foreshadowing,2
forestry,2
foreswear,2
forfeiture,2
forgiveness,2
formalised,2
formalism,2
formalized,2
formation,2
formative,2
formosan,2
formulary,2
formulate,2
formulation,2
forthright,2
fortieth,2
fortification,2
fortnightly,2
forza,2
fossilisation,2
fossilization,2
fosterage,2
fostering,2
foulness,2
fourfold,2
fourscore,2
fourteen,2
fourteenth,2
foxhunt,2
foxtrot,2
frap,2
fraternal,2
fraud,2
fray,2
freehold,2
freelance,2
freewheel,2
freightage,2
fresco,2
freshen,2
fretted,2
friability,2
friable,2
fricative,2
friendliness,2
frisian,2
frivolity,2
frizz,2
frizzle,2
frogmarch,2
frolic,2
frontage,2
frontal,2
froth,2
frothing,2
fructify,2
fruitfulness,2
fruitlessness,2
frustration,2
ftp,2
fuchsia,2
fudge,2
fugacity,2
fugue,2
fulfillment,2
fulfilment,2
fullback,2
fullness,2
fulminate,2
fulmination,2
fulsomeness,2
fumigation,2
functionality,2
furor,2
furore,2
furrow,2
furrowed,2
furtherance,2
furuncle,2
furunculosis,2
fusiform,2
fusillade,2
fussiness,2
futurity,2
gab,2
gabble,2
gad,2
gaelic,2
galactic,2
gallantry,2
galliformes,2
gallus,2
galvanic,2
galvanisation,2
galvanism,2
galvanization,2
gambit,2
gambling,2
gambol,2
gametogenesis,2
gamma,2
gamut,2
gantlet,2
garland,2
garner,2
garnish,2
gasconade,2
gasification,2
gasp,2
gastroenteritis,2
gastronomy,2
gastropoda,2
gastrulation,2
gaucherie,2
gauntlet,2
gazette,2
gb,2
gekkonidae,2
generalise,2
generality,2
generalship,2
generic,2
generosity,2
genetic,2
genetics,2
genial,2
genitive,2
genomics,2
genre,2
genuineness,2
genus,2
geochemistry,2
geodesic,2
geodesy,2
geographic,2
geographical,2
geography,2
geology,2
geometric,2
geometrical,2
geomorphology,2
geophagia,2
geophysics,2
geopolitics,2
georgian,2
geriatrics,2
german,2
germanic,2
germinal,2
gerontology,2
gerrymander,2
gestate,2
getaway,2
giantism,2
giardiasis,2
gibber,2
giddiness,2
gigantic,2
gilbertian,2
gimmick,2
gimp,2
gin,2
gingerly,2
gingiva,2
gip,2
gird,2
girth,2
gist,2
giveaway,2
glabrous,2
glacial,2
glaciate,2
glaciation,2
glamorize,2
glamour,2
glamourise,2
glanders,2
glandular,2
glioma,2
glissade,2
glissando,2
glisten,2
glistening,2
glitch,2
globalization,2
glockenspiel,2
glorification,2
glorify,2
glossoptosis,2
glower,2
glucagon,2
gluconeogenesis,2
glucose,2
glumness,2
glutinous,2
glycogen,2
glycogenesis,2
glycolysis,2
gnaw,2
gnostic,2
goddam,2
goddamn,2
goddamned,2
goiter,2
goitre,2
goldbrick,2
google,2
gore,2
governance,2
gradate,2
graduated,2
graft,2
grafting,2
grammatical,2
grandiosity,2
grandness,2
granulate,2
granulation,2
graphical,2
gratification,2
gratis,2
gravimetry,2
gravitate,2
gravure,2
greasy,2
greek,2
greenness,2
grievance,2
grimace,2
grime,2
gripe,2
grizzle,2
groan,2
grogginess,2
groom,2
grotesque,2
groundbreaking,2
groundwork,2
grub,2
grubby,2
grubstake,2
grunt,2
gu,2
guarani,2
guesstimate,2
guffaw,2
guggle,2
guidance,2
guideline,2
guidepost,2
guillotine,2
guinea,2
gummosis,2
gumption,2
gunshot,2
gymnastics,2
gynecomastia,2
gynogenesis,2
gyp,2
gyration,2
habanera,2
habilitate,2
habituate,2
habituation,2
habitus,2
hackwork,2
hadean,2
hadith,2
haematemesis,2
haematocele,2
haematochezia,2
haematocrit,2
haematology,2
haematoma,2
haematopoiesis,2
haematuria,2
haemoglobinuria,2
haemolysis,2
haemophilia,2
haemorrhage,2
haemostasis,2
haggle,2
hairlessness,2
hairline,2
hairsplitting,2
halfway,2
halitosis,2
hallmark,2
hallucination,2
halter,2
hamartoma,2
hamstring,2
handball,2
handedness,2
handiness,2
handout,2
handwriting,2
hangover,2
hap,2
haphazard,2
haploidy,2
happiness,2
harangue,2
harassment,2
harbinger,2
hardball,2
hardiness,2
hardness,2
harmonisation,2
harmonization,2
harrowing,2
harry,2
hauling,2
haunt,2
hauteur,2
hawaiian,2
haymaking,2
hazel,2
headfirst,2
headiness,2
headlong,2
headroom,2
headshaking,2
headway,2
hearsay,2
heavenly,2
heavenward,2
heaviness,2
hebrew,2
heckle,2
hedging,2
hedonism,2
heedlessness,2
heft,2
hegira,2
heighten,2
heist,2
hejira,2
heliotropism,2
hellenic,2
helminthiasis,2
hemangioma,2
hematemesis,2
hematochezia,2
hematocolpos,2
hematuria,2
hemeralopia,2
hemianopia,2
hemiplegia,2
hemoglobinuria,2
hemopoiesis,2
hemoptysis,2
hemorrhage,2
hemorrhagic,2
hemostasis,2
hemothorax,2
hepatomegaly,2
hepatopancreas,2
herald,2
heraldic,2
hereafter,2
heredity,2
hermaphrodite,2
herpetology,2
hesitancy,2
heterochromatin,2
heterodoxy,2
heterodyne,2
heterosexuality,2
heterosis,2
heterotaxy,2
heuristic,2
hexagonal,2
hexapoda,2
hiatus,2
hibernate,2
hiccough,2
hiccup,2
hieroglyphic,2
highjack,2
hiking,2
hinderance,2
hindgut,2
hindi,2
hindrance,2
hindustani,2
hirsutism,2
hispid,2
histamine,2
histiocytosis,2
histocompatibility,2
histology,2
historical,2
historicalness,2
historiography,2
hittite,2
hmong,2
hoard,2
hoax,2
hock,2
holdout,2
holler,2
hollo,2
hollowness,2
holocaust,2
holocene,2
holographic,2
holography,2
homeopathy,2
homeostatic,2
homestead,2
homeward,2
homogenization,2
homologize,2
homosexuality,2
hone,2
honeymoon,2
honorific,2
hoodoo,2
hoodwink,2
hopefulness,2
hopelessness,2
hordeolum,2
horseshoes,2
horticulture,2
hotness,2
hourly,2
housework,2
howler,2
huddle,2
humane,2
humanist,2
humanistic,2
humanitarian,2
humdrum,2
humerus,2
hungarian,2
hurdling,2
hurling,2
hurrah,2
hurtle,2
hybridization,2
hydatidosis,2
hydramnios,2
hydration,2
hydrocephalic,2
hydrodynamics,2
hydrogenation,2
hydrography,2
hydrology,2
hydrolysis,2
hydrometry,2
hydronephrosis,2
hydrophilic,2
hydrophilicity,2
hydrophobia,2
hydrophobic,2
hydroponics,2
hydroxides,2
hymeneal,2
hymenoptera,2
hype,2
hyperactivity,2
hyperacusis,2
hyperadrenocorticism,2
hyperbilirubinemia,2
hyperbolic,2
hypercalcaemia,2
hypercalcemia,2
hypercalciuria,2
hypercatalectic,2
hypercholesterolemia,2
hyperglycaemia,2
hyperglycemia,2
hyperhidrosis,2
hyperkalemia,2
hyperlipidaemia,2
hyperlipidemia,2
hyperlipoproteinemia,2
hypermedia,2
hypermetropia,2
hypernatremia,2
hyperparathyroidism,2
hyperpituitarism,2
hyperplasia,2
hyperpyrexia,2
hypersplenism,2
hyperthermia,2
hypertonia,2
hypervolemia,2
hyphema,2
hyphen,2
hypnotic,2
hypocalcaemia,2
hypocalcemia,2
hypocapnia,2
hypocrisy,2
hypoesthesia,2
hypogammaglobulinemia,2
hypoglycaemia,2
hypoglycemia,2
hypogonadism,2
hypokalemia,2
hypolipoproteinemia,2
hyponatremia,2
hypoparathyroidism,2
hypoplasia,2
hypopnea,2
hyposmia,2
hypospadias,2
hypothalamus,2
hypothecate,2
hypotonia,2
hypoventilation,2
hypovolemia,2
hypoxia,2
hypsography,2
hypsometry,2
hysterectomy,2
hysteria,2
iambic,2
icelandic,2
ichthyology,2
ichthyosis,2
ictal,2
id,2
idealism,2
idealistic,2
ideological,2
idleness,2
idolatrous,2
idyll,2
ie,2
ignition,2
ii,2
iii,2
ileum,2
ileus,2
ilium,2
illative,2
illegitimacy,2
illinois,2
illiteracy,2
illustrate,2
illustration,2
imagery,2
imago,2
imbalance,2
imbecility,2
imbibition,2
imbricate,2
imbroglio,2
imbue,2
imidazoles,2
immateriality,2
immediacy,2
immigration,2
immobile,2
immobility,2
immobilization,2
immodesty,2
immorality,2
immortalise,2
immortality,2
immortalize,2
immovable,2
immunise,2
immunization,2
immunize,2
immunochemistry,2
immunoelectrophoresis,2
immunofluorescence,2
immunohistochemistry,2
immunology,2
immunopathology,2
immunosuppression,2
immunotherapy,2
impaction,2
impanel,2
impart,2
impede,2
impel,2
imperativeness,2
imperfect,2
imperforate,2
imperial,2
impermeable,2
impersonate,2
impersonation,2
impertinence,2
impetigo,2
impetus,2
impinge,2
impingement,2
implant,2
implement,2
implementation,2
imponderable,2
importance,2
importunity,2
imposition,2
impossibility,2
impotency,2
impoverish,2
impoverishment,2
impregnate,2
impregnation,2
imprisonment,2
improvise,2
impudence,2
impuls,2
impulsion,2
imputation,2
inability,2
inactivate,2
inactiveness,2
inadequacy,2
inadvertence,2
inattentiveness,2
inaugurate,2
inbreeding,2
incandescence,2
incapability,2
incapableness,2
incapacitate,2
incapacity,2
incendiary,2
incentive,2
inchoative,2
incitation,2
inclemency,2
inclose,2
inclosure,2
incognito,2
incoherence,2
incoherency,2
incoming,2
incompatible,2
incompetence,2
inconsistency,2
inconspicuous,2
incontinence,2
incoordination,2
increment,2
incriminate,2
incrust,2
incubate,2
incumbency,2
incumbrance,2
incur,2
incurvation,2
indecency,2
indecision,2
indecisiveness,2
indecorum,2
indelicacy,2
indemnification,2
indemnity,2
independence,2
indian,2
indication,2
indigestion,2
indiscretion,2
indiscriminate,2
indisposition,2
individualise,2
individualism,2
individualize,2
individuate,2
individuation,2
indoles,2
indonesian,2
indorse,2
indorsement,2
inducement,2
inductance,2
inductive,2
indulgence,2
indurate,2
industrial,2
industrialization,2
inebriate,2
inedible,2
inelastic,2
ineptitude,2
ineptness,2
inequality,2
infancy,2
infantile,2
infantilism,2
infarction,2
infatuation,2
infectious,2
inferential,2
inferiority,2
infernal,2
inferno,2
infest,2
infestation,2
infiltrate,2
infinitesimal,2
infinitude,2
infix,2
inflexible,2
infliction,2
inflow,2
infringe,2
ingeniousness,2
ingenuity,2
ingest,2
ingrain,2
ingress,2
inhospitableness,2
inhumanity,2
initialise,2
injection,2
injudiciousness,2
injustice,2
inland,2
innervate,2
innervation,2
innocence,2
inoculation,2
inpouring,2
inquisitiveness,2
inquisitorial,2
insecta,2
insecurity,2
inseminate,2
insemination,2
insensibility,2
insertion,2
inshore,2
insinuate,2
insinuation,2
insist,2
insistency,2
insolence,2
insomnia,2
inspection,2
inspiration,2
inspissation,2
instal,2
instalment,2
instigation,2
instillation,2
institutional,2
instrumental,2
instrumentation,2
insubordination,2
insufficiency,2
insufficient,2
insufflate,2
insufflation,2
insular,2
integration,2
integument,2
intemperance,2
intensification,2
interaction,2
intercession,2
intercommunicate,2
interconnect,2
interconnection,2
intercourse,2
interdepartmental,2
interim,2
interjection,2
interlink,2
intermediate,2
intermezzo,2
intermission,2
internationalise,2
internationalism,2
internationalize,2
internment,2
interoperability,2
interpellation,2
interrelate,2
interrogatory,2
intersperse,2
intertwine,2
intervention,2
interview,2
intimate,2
intimation,2
intolerance,2
intonation,2
intoxication,2
intransitive,2
introject,2
introvert,2
introverted,2
intumesce,2
intumescence,2
intumescency,2
inundate,2
inundation,2
invaginated,2
invagination,2
invalidation,2
invariable,2
invention,2
investiture,2
inveterate,2
invigoration,2
invitation,2
invoice,2
involute,2
invulnerability,2
inwardness,2
iodise,2
iodize,2
ionisation,2
iota,2
iowa,2
ira,2
iranian,2
ire,2
iridocyclitis,2
iris,2
irish,2
iritis,2
irradiance,2
irradiate,2
irresolution,2
irreverence,2
irrigation,2
irrupt,2
ischaemia,2
ischium,2
isomerism,2
isomerization,2
isometrical,2
isotonic,2
isotropy,2
italian,2
iteration,2
iterative,2
itinerary,2
ix,2
jabber,2
jackknife,2
jactitation,2
jag,2
jangle,2
japan,2
japanese,2
jaunt,2
java,2
javanese,2
jawbone,2
jejuneness,2
jejunitis,2
jejunum,2
jeopardize,2
jettison,2
jib,2
jiggle,2
jingoism,2
jitterbug,2
jittery,2
jive,2
jockey,2
jocosity,2
jocular,2
jogging,2
jointure,2
jostle,2
jounce,2
joust,2
joviality,2
joyride,2
jubilate,2
judicial,2
judiciousness,2
judo,2
jugular,2
juiciness,2
junior,2
jutting,2
juvenility,2
kabala,2
kabbala,2
kabbalah,2
kabbalism,2
kafkaesque,2
kansas,2
kashmiri,2
katabolic,2
katzenjammer,2
kayo,2
kechuan,2
keratinization,2
keratinous,2
keratoacanthoma,2
keratoconus,2
keratosis,2
kerion,2
kernicterus,2
ketoacidosis,2
ketonuria,2
kindly,2
kindness,2
kinematics,2
kinesis,2
kinetics,2
klondike,2
knell,2
knockdown,2
knockout,2
koine,2
korean,2
kotow,2
kundi,2
kurdish,2
kvetch,2
kwanza,2
kwashiorkor,2
labial,2
labyrinthine,2
laceration,2
lacrosse,2
lacteal,2
laden,2
lagomorpha,2
lagophthalmos,2
lallation,2
lambast,2
lambaste,2
lameness,2
lamentation,2
laminate,2
laminitis,2
lampoon,2
lance,2
lanceolate,2
landler,2
langsyne,2
lao,2
laparoscopy,2
laparotomy,2
laputan,2
largeness,2
largess,2
largesse,2
larghetto,2
laryngitis,2
laryngospasm,2
larynx,2
latin,2
latinise,2
latinize,2
latter,2
latvian,2
laughter,2
launder,2
lave,2
lavish,2
lavishness,2
lawlessness,2
laxation,2
laxity,2
laxness,2
layout,2
laziness,2
leaching,2
leaden,2
league,2
leaven,2
leeway,2
leftover,2
legality,2
legato,2
legitimacy,2
leiomyosarcoma,2
leishmaniosis,2
leisurely,2
lengthways,2
lengthwise,2
lenience,2
leniency,2
lento,2
lepidoptera,2
lepisosteidae,2
leprosy,2
lepton,2
leptospirosis,2
lethargic,2
leucoma,2
leukaemia,2
leukemia,2
leukopenia,2
levity,2
li,2
liaison,2
libel,2
liberality,2
liberalness,2
libido,2
librate,2
licentiousness,2
licking,2
lien,2
lifelessness,2
lifeline,2
lighterage,2
lightheadedness,2
lightness,2
lightsomeness,2
ligneous,2
lilac,2
lilliputian,2
lilt,2
limbo,2
limnology,2
linage,2
lingual,2
linguistics,2
liposarcoma,2
lipstick,2
liquefaction,2
liquefy,2
liquidate,2
liquidize,2
liquidness,2
lira,2
listeriosis,2
listlessness,2
litany,2
literacy,2
literary,2
lithography,2
lithuanian,2
litigation,2
litigious,2
liturgy,2
livedo,2
liveliness,2
livery,2
lividity,2
lob,2
localisation,2
localism,2
lockage,2
logistics,2
longevity,2
longhand,2
longitudinal,2
longueur,2
longways,2
loopy,2
loosening,2
lope,2
lordosis,2
lordship,2
lottery,2
louden,2
loudness,2
lounge,2
lour,2
lousiness,2
lovingness,2
lowball,2
lowercase,2
lucidity,2
lucubration,2
luff,2
luge,2
lullaby,2
lumbago,2
lumber,2
lumbering,2
lunacy,2
lunge,2
luo,2
luridness,2
lustrum,2
lutein,2
luxuriate,2
lxx,2
lxxviii,2
lxxx,2
lymph,2
lymphangiectasis,2
lymphangioma,2
lymphangitis,2
lymphedema,2
ma,2
macaca,2
mace,2
macedonian,2
machinate,2
macro,2
macrocephaly,2
macroeconomics,2
macroglossia,2
macropodidae,2
macropus,2
macula,2
maculation,2
macumba,2
madrigal,2
magisterial,2
magnetise,2
magnetize,2
magnify,2
magyar,2
mahjong,2
maiden,2
majuscule,2
makeshift,2
makeup,2
malacology,2
malacostraca,2
malaise,2
malapropos,2
malaria,2
malay,2
malaysian,2
maledict,2
maleficence,2
malevolence,2
malformation,2
malformed,2
malfunction,2
malign,2
malignance,2
malignancy,2
malignity,2
malt,2
maltese,2
mambo,2
mammalia,2
mammalogy,2
management,2
mandaean,2
mandean,2
mange,2
mangle,2
manicure,2
manifold,2
manly,2
manx,2
mapquest,2
marasmus,2
maraud,2
marauding,2
marginalization,2
maritime,2
markup,2
martyr,2
masculinization,2
masonic,2
massachusetts,2
massacre,2
mastalgia,2
mastectomy,2
mastership,2
masticate,2
mastoiditis,2
materialisation,2
materialism,2
materiality,2
materialization,2
maternal,2
maternalism,2
mathematical,2
mathematics,2
matrimonial,2
matrimony,2
matt,2
maturate,2
maturation,2
maunder,2
mauve,2
mawkishness,2
mazurka,2
meagerly,2
mealy,2
meander,2
meaninglessness,2
meantime,2
meanwhile,2
measurement,2
mechanical,2
mechanisation,2
mechanistic,2
medallion,2
meddling,2
mediaeval,2
mediation,2
medieval,2
meekness,2
megillah,2
melanosis,2
melasma,2
melatonin,2
melena,2
melodic,2
meltability,2
meltdown,2
membranous,2
memorialise,2
memorialize,2
mendelism,2
mendicancy,2
meningioma,2
meningocele,2
meningoencephalitis,2
menorrhagia,2
mensurable,2
menu,2
mercantile,2
mercilessness,2
meretricious,2
merger,2
meridional,2
meromelia,2
merriment,2
mesic,2
mesmerise,2
mesmerize,2
mesolithic,2
messiness,2
metabolic,2
metallurgy,2
metamorphism,2
metamorphopsia,2
metamorphous,2
metaphysical,2
meteoric,2
methodology,2
metier,2
metrical,2
metrify,2
metrology,2
metrorrhagia,2
mew,2
miaou,2
miaow,2
michigan,2
microbiology,2
microcephaly,2
microeconomics,2
microscopical,2
microscopy,2
microwave,2
micturition,2
midi,2
midmost,2
midterm,2
midwifery,2
miff,2
mighty,2
migraine,2
mildew,2
mildness,2
milestone,2
militarise,2
militarism,2
militarize,2
mime,2
mimicry,2
min,2
mineralized,2
mineralogy,2
miniature,2
minim,2
minimal,2
minimalist,2
minimise,2
minority,2
minstrelsy,2
mintage,2
minty,2
minus,2
minuscule,2
minutia,2
miocene,2
misanthropy,2
miscarry,2
mischance,2
mischievousness,2
misconduct,2
miscount,2
misdeal,2
misdirection,2
misery,2
misfire,2
misfortune,2
misgiving,2
misguide,2
mishap,2
misinformation,2
misinterpret,2
mismatch,2
misprint,2
misquote,2
misrepresent,2
misrepresentation,2
missouri,2
misspend,2
miter,2
mitigate,2
mitosis,2
mitsvah,2
mizzle,2
mnemonic,2
moan,2
mobilise,2
mockery,2
modernism,2
moisten,2
molecular,2
molest,2
mollification,2
mollify,2
mollusca,2
mon,2
monandrous,2
moneymaking,2
mongolian,2
mongoloid,2
mono,2
monochromacy,2
monochromatic,2
monoculture,2
monocytosis,2
monodon,2
monodontidae,2
monogamy,2
mononeuropathy,2
monoploid,2
monopolise,2
monopolize,2
monorchism,2
monosomy,2
monotone,2
monotremata,2
monstrous,2
monumental,2
moodiness,2
moonlight,2
moonshine,2
moorage,2
moorish,2
mop,2
morale,2
moralisation,2
moralise,2
moralism,2
morality,2
moralization,2
moralize,2
moratorium,2
morbidness,2
morbilliform,2
moroseness,2
morphea,2
morphogenesis,2
mortal,2
mortify,2
mortmain,2
mosaicism,2
mot,2
motherly,2
mothproof,2
motif,2
motility,2
motivating,2
motorize,2
moulding,2
moult,2
moulting,2
mountaineering,2
mousey,2
mousy,2
movable,2
mow,2
mt,2
mucoid,2
muff,2
muliebrity,2
mull,2
multiciliated,2
multicollinearity,2
multimedia,2
multinomial,2
multiparous,2
multipartite,2
multiplex,2
multiplication,2
mum,2
mummification,2
munch,2
municipal,2
muraenidae,2
murderousness,2
muridae,2
murinae,2
murk,2
murkiness,2
muscular,2
muscularity,2
muse,2
musing,2
muss,2
mustela,2
mustelidae,2
mutagenesis,2
mute,2
muteness,2
mutilate,2
mutilation,2
mutiny,2
mutism,2
muttering,2
myalgia,2
mycology,2
mydriasis,2
myelin,2
myelitis,2
myelofibrosis,2
myeloma,2
myelomeningocele,2
myiasis,2
myocardium,2
myoclonus,2
myometrium,2
myopathy,2
myopia,2
myosis,2
myotonia,2
myriad,2
mystic,2
mystical,2
mysticeti,2
mystification,2
mystify,2
mythic,2
mythicise,2
mythicize,2
mythologise,2
mythologize,2
myxinidae,2
myxiniformes,2
myxomatosis,2
nacreous,2
nafta,2
nagara,2
nakedness,2
nanotechnology,2
narcotic,2
nark,2
narrative,2
narrowness,2
nastiness,2
national,2
nationality,2
nationwide,2
nativism,2
nativity,2
naturalisation,2
naturalization,2
naturalize,2
naturopathy,2
naught,2
nauseate,2
navigation,2
nay,2
neandertal,2
neanderthal,2
neaten,2
neatness,2
nebular,2
nebulous,2
necromantic,2
necrosis,2
necrotic,2
neediness,2
negativeness,2
negativism,2
negativity,2
negligence,2
nematoda,2
nemertea,2
neolithic,2
neology,2
neonatal,2
neoplasm,2
neoplastic,2
neoteny,2
nepali,2
nephrectomy,2
nephroblastoma,2
nephrocalcinosis,2
nephropathy,2
nephroptosis,2
nephrosclerosis,2
nephrosis,2
neritic,2
netball,2
nett,2
neuralgia,2
neurectomy,2
neurobiological,2
neurofibroma,2
neurogenesis,2
neurohypophysis,2
neuroma,2
neuropathy,2
neurophysiology,2
neurosurgery,2
neurotic,2
neutralisation,2
neutrophillic,2
nevus,2
nicety,2
nicker,2
nickname,2
nidation,2
niggle,2
nigh,2
nightly,2
nightmare,2
nihilism,2
nilotic,2
nimbleness,2
ninefold,2
nineteenth,2
ninetieth,2
nitrification,2
nix,2
nobility,2
nocturia,2
nocturne,2
nomadism,2
nomenclature,2
nominate,2
nonconformance,2
nonconformism,2
nonionic,2
nonpayment,2
nonprofit,2
nonprogressive,2
nonsense,2
noose,2
normalcy,2
normative,2
norse,2
northern,2
norwegian,2
notation,2
nothingness,2
notification,2
novelty,2
nowadays,2
nowhere,2
nub,2
nucleate,2
nucleolus,2
nude,2
nuke,2
null,2
nullification,2
nullity,2
numbness,2
numeral,2
numeration,2
numeric,2
numerical,2
numinous,2
nutation,2
nyctalopia,2
nymphomania,2
nystagmus,2
o,2
obedience,2
obeisance,2
obfuscation,2
objection,2
oblanceolate,2
oblate,2
oblation,2
oblique,2
obliquity,2
obliterate,2
obliteration,2
oblivion,2
obloquy,2
obnubilate,2
obovate,2
obscurantism,2
obscureness,2
obscurity,2
obstetrics,2
obstinate,2
obstipation,2
obtrude,2
obtuseness,2
obviate,2
occidental,2
occidentalism,2
occlusive,2
occupancy,2
oceanography,2
ocher,2
ochronosis,2
octet,2
ocular,2
oddness,2
odium,2
odobenidae,2
odontoceti,2
odorless,2
odorous,2
odynophagia,2
odyssey,2
oedema,2
oenology,2
offbeat,2
offence,2
offertory,2
offhand,2
offhanded,2
officiate,2
offload,2
offshore,2
offstage,2
olfaction,2
oligocene,2
oligodactyly,2
oligodontia,2
oligomenorrhea,2
oligopoly,2
oligopotent,2
olympiad,2
olympian,2
omasum,2
omega,2
omentum,2
omnibus,2
omphalocele,2
onchocerciasis,2
oncology,2
oncoming,2
oncorhynchus,2
online,2
onomatopoeic,2
onomatopoetic,2
onrush,2
onshore,2
onstage,2
onycholysis,2
oophoritis,2
oozing,2
opalesce,2
opalescence,2
opera,2
operational,2
ophidiiformes,2
ophthalmoplegia,2
opine,2
opposition,2
oppressiveness,2
optative,2
optics,2
optimise,2
optimism,2
optimum,2
oracular,2
orbicular,2
orchestrate,2
orchestration,2
ordain,2
ordeal,2
orderliness,2
ordination,2
ordovician,2
orientalism,2
originality,2
origination,2
ornateness,2
ornithology,2
ornithorhynchus,2
orogeny,2
orphic,2
orthodox,2
orthodoxy,2
orthoepy,2
orthogonality,2
orthography,2
orthopaedics,2
orthopnea,2
oscitance,2
oscitancy,2
osculate,2
osculation,2
osmolality,2
osseous,2
ossified,2
osteitis,2
ostentation,2
osteoblastoma,2
osteochondroma,2
osteodystrophy,2
osteoglossiformes,2
osteology,2
osteolysis,2
osteoma,2
osteomalacia,2
osteopathy,2
osteopetrosis,2
osteoporosis,2
osteosarcoma,2
otitis,2
otosclerosis,2
outage,2
outdoor,2
outflank,2
outgo,2
outgrow,2
outgrowth,2
outlay,2
outlook,2
outpoint,2
outreach,2
outride,2
outright,2
outshine,2
outsize,2
outstrip,2
outwardness,2
outwear,2
outweigh,2
ovariectomy,2
ovate,2
overabundance,2
overage,2
overarch,2
overbalance,2
overbid,2
overburden,2
overcapitalise,2
overcapitalize,2
overcloud,2
overcompensate,2
overcompensation,2
overdose,2
overdraw,2
overeating,2
overestimation,2
overexploitation,2
overfeeding,2
overgrow,2
overkill,2
overnight,2
overpayment,2
overpower,2
overpraise,2
overproduction,2
overprotect,2
overreach,2
oversea,2
overseas,2
overshadow,2
oversight,2
oversimplification,2
overstep,2
overstrain,2
oversupply,2
overtime,2
overtone,2
overture,2
overuse,2
overvaluation,2
ovoid,2
ovotestis,2
ovulation,2
oxidation,2
oxycephaly,2
p,2
pachydermatous,2
pacific,2
pacification,2
pacify,2
pageant,2
pageantry,2
painfulness,2
palaeobotany,2
palaeoclimatology,2
palaeoecology,2
palaeogeography,2
palaeolithic,2
palaeontology,2
palatability,2
palatial,2
palaver,2
paleolithic,2
paleozoic,2
palilalia,2
palliate,2
pallone,2
palpebrate,2
palsy,2
pandemic,2
panegyric,2
pang,2
pantomime,2
papermaking,2
papery,2
papillary,2
papilledema,2
papism,2
papuan,2
papule,2
parabolic,2
parabolical,2
paragliding,2
parakeratosis,2
paralytic,2
paranoia,2
paraparesis,2
paraphilia,2
paraphimosis,2
paraplegia,2
parasailing,2
parasitic,2
parasitical,2
pare,2
parenchyma,2
parentage,2
parental,2
parenthetical,2
paresis,2
paresthesia,2
parkinsonism,2
parkour,2
parlay,2
parley,2
parliamentary,2
parochial,2
paronychia,2
parotitis,2
parous,2
parthenocarpy,2
parthenogenesis,2
parthian,2
partiality,2
participial,2
partnership,2
parturient,2
parturition,2
passeriformes,2
passport,2
pastel,2
pasteurellosis,2
pasteurization,2
patchy,2
paternal,2
pathogenesis,2
pathogenicity,2
pathologic,2
patriarchal,2
patristics,2
patrol,2
patrology,2
patronymic,2
pauperization,2
pavage,2
pavan,2
pavane,2
payable,2
payback,2
payoff,2
pb,2
peacefulness,2
peacekeeping,2
peal,2
peculiarity,2
pedagogy,2
pedicure,2
pedigree,2
pedology,2
pedunculate,2
peek,2
peeve,2
peevishness,2
penal,2
penance,2
pending,2
pengo,2
penny,2
pension,2
pensiveness,2
pentagonal,2
pentathlon,2
penultimate,2
penuriousness,2
peonage,2
peradventure,2
perambulate,2
perceptive,2
percolation,2
perfidy,2
perfoliate,2
pericardium,2
periderm,2
perineal,2
perineum,2
periodical,2
periodicity,2
periodontitis,2
periostitis,2
peripatetic,2
perissodactyla,2
peristalsis,2
peritoneum,2
perk,2
perkiness,2
permanence,2
permeable,2
permeation,2
permian,2
permutation,2
perpendicularity,2
perplex,2
perquisite,2
perseverance,2
perseveration,2
persian,2
persona,2
personate,2
personification,2
personify,2
perspicacity,2
pervaporation,2
perversion,2
peso,2
pessimism,2
pestilence,2
petechiae,2
petite,2
petition,2
petrology,2
petromyzontidae,2
petromyzontiformes,2
pettiness,2
ph,2
phallic,2
phanerozoic,2
phantasy,2
phantom,2
pharmaceutical,2
pharmacokinetics,2
pharmacology,2
pharyngeal,2
pharynx,2
phasianidae,2
phenols,2
phenomenal,2
pheochromocytoma,2
philander,2
philanthropic,2
philharmonic,2
philippine,2
philistine,2
philosophic,2
philosophical,2
phlebitis,2
phlebotomus,2
phobia,2
phocidae,2
phocomelia,2
phoenician,2
pholidota,2
phonemic,2
phonophobia,2
phosphorylation,2
photochemistry,2
photographic,2
photogravure,2
photomechanics,2
photophobia,2
photosensitive,2
photosynthesis,2
phototropism,2
phylogeny,2
physeter,2
physeteridae,2
physiography,2
physiological,2
phytochemistry,2
phytotherapy,2
pickle,2
piddle,2
piecemeal,2
pietistic,2
pietistical,2
pillory,2
pilosity,2
pineal,2
pinealoma,2
pinion,2
pinnate,2
pinnipedia,2
pinocytosis,2
pioneer,2
pious,2
pipidae,2
piping,2
pique,2
piracy,2
pirate,2
pirouette,2
piss,2
pitcher,2
pitilessness,2
pivot,2
pku,2
plagiarism,2
plagiocephaly,2
plaguey,2
plaguy,2
plainness,2
planetary,2
plash,2
plasmacytoma,2
plasticity,2
platelike,2
platonic,2
platyhelminthes,2
playbook,2
plea,2
pleasantness,2
pleistocene,2
pleomorphic,2
plethora,2
pleura,2
pleurisy,2
pleuropneumonia,2
plication,2
pliocene,2
plod,2
plodding,2
plonk,2
plough,2
ploughing,2
ploy,2
plucking,2
plundering,2
pluperfect,2
pluralism,2
plurality,2
plush,2
pms,2
pneumoconiosis,2
pneumothorax,2
poach,2
pockmark,2
podcast,2
poetic,2
poetical,2
poignancy,2
poker,2
polarisation,2
polarography,2
polemic,2
poliosis,2
politeness,2
political,2
polity,2
pollination,2
polo,2
polychaeta,2
polychromatophilic,2
polychrome,2
polycythemia,2
polydactyly,2
polydipsia,2
polymerization,2
polymorphic,2
polymorphism,2
polymorphous,2
polynesian,2
polyneuritis,2
polynomial,2
polyodontidae,2
polyphonic,2
polyploidy,2
polypteridae,2
polypteriformes,2
polypus,2
pomp,2
pong,2
pontifical,2
pontificate,2
poorly,2
poorness,2
popularisation,2
popularise,2
popularization,2
popularize,2
porcine,2
porphyria,2
porphyrins,2
portability,2
portage,2
porterage,2
portfolio,2
portraiture,2
portuguese,2
positiveness,2
positivism,2
positivity,2
postage,2
postdate,2
postdoctoral,2
postmark,2
postponement,2
potency,2
potentiality,2
pother,2
potshot,2
pounce,2
powwow,2
praetorian,2
pragmatical,2
pragmatism,2
prance,2
prang,2
prate,2
prattle,2
preamble,2
precambrian,2
precept,2
precession,2
precis,2
precocity,2
predation,2
predestinate,2
predestination,2
predestine,2
predetermination,2
predilection,2
predominance,2
predominate,2
predomination,2
preeclampsia,2
preface,2
preferment,2
prefigure,2
prehistoric,2
prejudicial,2
prejudicious,2
prelim,2
preliminary,2
premature,2
prematurity,2
premedical,2
premier,2
premiss,2
premium,2
premonition,2
preoccupancy,2
preoccupation,2
preoccupy,2
preparedness,2
prepossession,2
prepubescent,2
prepuce,2
prepupal,2
presentment,2
presidency,2
presidential,2
prestissimo,2
presto,2
pretension,2
pretext,2
pretorian,2
preview,2
previse,2
priapism,2
priestly,2
primatology,2
primiparous,2
primitive,2
primo,2
principal,2
prismatic,2
privateness,2
privation,2
privatization,2
prizefight,2
probation,2
procedural,2
proceedings,2
procession,2
processional,2
procrastination,2
procumbent,2
procure,2
prod,2
prodigality,2
prodigy,2
profaneness,2
proffer,2
proficiency,2
proficient,2
profitability,2
profligacy,2
profound,2
profundity,2
progesterone,2
prognosis,2
prognostic,2
progression,2
prolactin,2
prolapse,2
prolate,2
prologue,2
prolong,2
prolongation,2
prolonged,2
prolusion,2
promotion,2
promulgation,2
pronephros,2
pronominal,2
propaedeutic,2
propel,2
propellant,2
propitiatory,2
proportional,2
proportionality,2
proprietary,2
proprioception,2
propulsion,2
propulsive,2
prorogue,2
proscription,2
proselytism,2
prosody,2
prosperity,2
prostatitis,2
prostration,2
protanopia,2
protectiveness,2
proteomics,2
proterozoic,2
protestant,2
protozoology,2
protraction,2
protrusion,2
provencal,2
proventriculus,2
proverbial,2
providential,2
provincial,2
proximal,2
proximity,2
prudence,2
prune,2
pruning,2
pseudohermaphrodite,2
pseudohermaphroditism,2
psi,2
psilosis,2
psychodynamics,2
psychogenic,2
psychological,2
psychology,2
psychosis,2
psychotherapeutic,2
psychotherapy,2
ptolemaic,2
ptosis,2
pubescent,2
pubis,2
publication,2
publicity,2
pucker,2
puerile,2
puerility,2
puerperium,2
puffiness,2
pulsación,2
pulsate,2
pulsation,2
pulverise,2
pulverize,2
pun,2
punctilio,2
punctuate,2
pungency,2
punk,2
puppetry,2
pureness,2
purgatory,2
purging,2
puritanical,2
puritanism,2
pursuance,2
pursuit,2
pushball,2
pustule,2
putrescence,2
putrid,2
putt,2
putter,2
pyelitis,2
pylorus,2
pyramidal,2
pyrolysis,2
pyrotechnic,2
pyrotechnics,2
pyuria,2
q,2
qanun,2
quadball,2
quadrate,2
quadrille,2
quadrillionth,2
quadripartite,2
quadruplicate,2
qualm,2
quandary,2
quantification,2
quartan,2
quarterback,2
quartet,2
queasiness,2
quechuan,2
queerness,2
quell,2
quibble,2
quickness,2
quid,2
quidditch,2
quiddity,2
quiescence,2
quiescency,2
quietness,2
quincentenary,2
quincentennial,2
quintet,2
quintillionth,2
quintuple,2
quip,2
quirk,2
quitclaim,2
quiz,2
quoits,2
quotation,2
quotidian,2
quotient,2
rabid,2
rabies,2
racial,2
racism,2
racquetball,2
raddle,2
radiobiology,2
radiochemistry,2
radiogram,2
radioimmunoassay,2
radiology,2
radiolucent,2
radiolysis,2
radiopacity,2
radiopaque,2
radiosensitivity,2
radiotherapy,2
raffle,2
rajiformes,2
rallentando,2
ramadan,2
rampage,2
rancidity,2
ransack,2
rant,2
ranula,2
rapaciousness,2
rappel,2
raptorial,2
rascality,2
rash,2
rasping,2
ratability,2
ratification,2
ratiocination,2
rationality,2
rattus,2
ratty,2
ravage,2
ravaging,2
ravel,2
ravish,2
ravishment,2
rawness,2
reactance,2
realistic,2
reallocation,2
reap,2
reappearance,2
rearm,2
rearward,2
reasonableness,2
rebelliousness,2
rebroadcast,2
rebuke,2
recap,2
recapitulate,2
receivership,2
receptivity,2
recessional,2
recessive,2
recharge,2
reciprocity,2
recitation,2
recite,2
reclamation,2
recline,2
recombination,2
recommendation,2
reconditeness,2
reconsideration,2
recount,2
recourse,2
recreation,2
recreational,2
rectangular,2
rectify,2
rectocele,2
rectum,2
recuperation,2
recurved,2
recuse,2
recycle,2
recycling,2
redact,2
redaction,2
redden,2
redefine,2
redemption,2
redemptive,2
redeposit,2
redness,2
redo,2
redound,2
reduplication,2
reecho,2
reenact,2
reenforcement,2
reeve,2
reexamination,2
referee,2
referent,2
referral,2
refit,2
reflexology,2
reflux,2
reforestation,2
reform,2
reformation,2
reformed,2
refractile,2
refraction,2
refractive,2
refractivity,2
refresher,2
refrigerant,2
regal,2
regardless,2
regionalism,2
regionality,2
regroup,2
regularisation,2
regularise,2
regularization,2
regularize,2
rehabilitation,2
reincarnation,2
reinstatement,2
reinsure,2
reinterpret,2
reinterpretation,2
reinvestment,2
rejoice,2
rejoin,2
rejuvenation,2
rekindle,2
relativity,2
relegate,2
religionism,2
reline,2
relinquishment,2
rem,2
remembrance,2
reminder,2
remitment,2
remodel,2
remold,2
remould,2
removal,2
renaissance,2
rename,2
rendezvous,2
renegade,2
renege,2
reniform,2
renin,2
renovate,2
renovation,2
reorientation,2
repaint,2
reparation,2
repay,2
repeal,2
repellant,2
repellent,2
repercussion,2
repetitive,2
replete,2
repletion,2
representative,2
reprimand,2
reprint,2
reprobation,2
reproducibility,2
reproof,2
republican,2
republication,2
republish,2
repudiate,2
repudiation,2
repugnance,2
repurchase,2
repute,2
requital,2
rescript,2
reseat,2
resection,2
reseed,2
resettlement,2
reshape,2
residential,2
resignation,2
resiliency,2
resistive,2
resistivity,2
resourcefulness,2
respiration,2
responsive,2
responsiveness,2
restart,2
restitute,2
restiveness,2
restrict,2
restriction,2
restrictiveness,2
resurrect,2
resuscitation,2
retard,2
retch,2
retell,2
retentive,2
retentiveness,2
retentivity,2
rethink,2
reticular,2
retina,2
retinitis,2
retinoblastoma,2
retinopathy,2
retool,2
retort,2
retrace,2
retracted,2
retraction,2
retread,2
retrench,2
retribution,2
retro,2
retrogress,2
retrogression,2
retrorse,2
retrospect,2
retrospection,2
rev,2
revaluation,2
reveille,2
revenant,2
reverend,2
reverting,2
revitalize,2
revocation,2
revolution,2
revolutionary,2
revolutionise,2
rewatch,2
rhabditidae,2
rhabdomyolysis,2
rhabdomyoma,2
rhabdomyosarcoma,2
rhapsody,2
rheology,2
rhetorical,2
rheumatism,2
rhinorrhea,2
rhinotracheitis,2
rhizoidal,2
rhythmic,2
ribaldry,2
richness,2
rickettsiosis,2
rigamarole,2
rigidity,2
rigmarole,2
rile,2
rinderpest,2
ringworm,2
ripening,2
ritualism,2
roach,2
robe,2
robotic,2
robotics,2
rococo,2
rodentia,2
rodeo,2
roguishness,2
roil,2
roller,2
romaic,2
roman,2
romanian,2
romansh,2
romanticise,2
romanticism,2
romany,2
roominess,2
ropey,2
ropy,2
rosaceous,2
rosette,2
rosin,2
rosiness,2
rosy,2
rotary,2
rotogravure,2
rottenness,2
rotundity,2
roughcast,2
roulette,2
rounders,2
roundness,2
roundup,2
rousing,2
roving,2
rubberstamp,2
rubel,2
ruck,2
ruckle,2
ruddle,2
rudeness,2
rudiments,2
rue,2
ruff,2
ruffled,2
rumanian,2
rumansh,2
rumen,2
ruminantia,2
ruminate,2
rumour,2
rumple,2
rumpus,2
ruralism,2
russian,2
rustication,2
rustiness,2
rusty,2
ruth,2
ruthlessness,2
sabbatical,2
sable,2
sabotage,2
saccharify,2
saccular,2
sacral,2
saffron,2
sagaciousness,2
sagacity,2
saharan,2
sake,2
salaam,2
salamandridae,2
salivate,2
salivation,2
sallow,2
sally,2
salmonellosis,2
salmonidae,2
salmoniformes,2
salpingitis,2
salta,2
salvation,2
sanctify,2
sandblast,2
sanguine,2
sanitation,2
sanitise,2
sapidity,2
saponification,2
sapphic,2
saprophytic,2
saraband,2
sardinian,2
sashay,2
sass,2
satanic,2
satellite,2
satiation,2
satiety,2
saturnalia,2
saunter,2
saute,2
savagery,2
savings,2
savory,2
savvy,2
scab,2
scam,2
scamper,2
scandalisation,2
scandalization,2
scandalmongering,2
scandinavian,2
scaphocephaly,2
scaphoid,2
scapula,2
scarlet,2
scat,2
scatology,2
scenic,2
scepter,2
sceptre,2
schematize,2
schism,2
schistosomiasis,2
schizophrenia,2
schizophrenic,2
schlep,2
schmoose,2
schmooze,2
scholasticism,2
schottische,2
schtick,2
schtik,2
sciatica,2
scientific,2
sclaff,2
scleritis,2
scleroderma,2
scoliosis,2
scorcher,2
scorching,2
scotoma,2
scots,2
scottish,2
scour,2
scouring,2
scowl,2
scrapie,2
scrawl,2
screak,2
screamer,2
screwball,2
scrimmage,2
scrotum,2
scrutinise,2
scrutinize,2
scud,2
sculling,2
sculpt,2
sculptural,2
scupper,2
scurfy,2
scurry,2
scurvy,2
scythian,2
se,2
seafaring,2
seam,2
seamanship,2
sear,2
seaworthiness,2
sebum,2
secant,2
secernment,2
secession,2
seclusion,2
secondhand,2
secondment,2
secrecy,2
sectional,2
secular,2
secularize,2
secureness,2
sedate,2
sedation,2
seduce,2
segmental,2
segue,2
seigneury,2
seigniory,2
seismology,2
selflessness,2
sellout,2
semblance,2
semen,2
semicentenary,2
semicentennial,2
semicircular,2
seminal,2
semitic,2
senescent,2
senility,2
seniority,2
sensational,2
sensationalism,2
sensibility,2
sensitise,2
sensitising,2
sensitize,2
sensitizing,2
sensory,2
sensualism,2
sentience,2
sentiment,2
sentimentalise,2
sentimentalism,2
sentimentality,2
sentimentalize,2
separateness,2
separatism,2
sepia,2
sepsis,2
septet,2
septic,2
septicaemia,2
sepulchral,2
sequel,2
sequester,2
seraphic,2
serenade,2
serenity,2
seriousness,2
serology,2
serositis,2
serotonin,2
serous,2
serpentes,2
serration,2
sesquipedalian,2
sestet,2
setback,2
setose,2
setup,2
sevenfold,2
seventeenth,2
seventieth,2
severalty,2
severance,2
severity,2
sexiness,2
sext,2
sextet,2
shabbiness,2
shadiness,2
shag,2
shagginess,2
shakiness,2
shamble,2
shampoo,2
shanghai,2
shank,2
shapelessness,2
sheepshearing,2
shekere,2
shellac,2
shelve,2
shilling,2
shillyshally,2
shinny,2
shinto,2
shipbuilding,2
shirk,2
shmooze,2
shoeshine,2
shogi,2
shona,2
shortage,2
shorthand,2
shortlist,2
shortness,2
shortsightedness,2
shovel,2
showstopper,2
shrieking,2
shrill,2
shriveled,2
shroud,2
shrug,2
shtick,2
shtik,2
shucks,2
shuffleboard,2
si,2
sialadenitis,2
siamese,2
sibilant,2
sibilation,2
sic,2
sidearm,2
sideline,2
sidelong,2
sidereal,2
sideshow,2
sidestep,2
sideswipe,2
sideways,2
sigmoid,2
signalise,2
signalize,2
signpost,2
silhouette,2
silurian,2
silviculture,2
simmer,2
simmering,2
simper,2
simplification,2
simplism,2
sincerity,2
sinecure,2
sinewy,2
singe,2
singhalese,2
sinhala,2
sinhalese,2
sinitic,2
sinuous,2
sinusoid,2
siouan,2
siren,2
sirenia,2
sisyphean,2
situate,2
sixfold,2
skank,2
skateboarding,2
skedaddle,2
skeletal,2
skew,2
skid,2
skiing,2
skimp,2
skirmish,2
skitter,2
skittles,2
skreak,2
skunk,2
skydive,2
skydiving,2
skyrocket,2
skyward,2
slake,2
slalom,2
slang,2
slapdash,2
slapstick,2
slashing,2
slat,2
slating,2
slaveholding,2
slavery,2
slavic,2
slavonic,2
slay,2
sledge,2
sleek,2
slenderize,2
slew,2
slickness,2
sling,2
slippage,2
sliver,2
sloped,2
sloppiness,2
slouch,2
slovenliness,2
slowness,2
sluggishness,2
slumber,2
slush,2
smallness,2
smatter,2
smattering,2
smirk,2
smooch,2
smoothen,2
smoothness,2
smouldering,2
smuttiness,2
snaffle,2
snick,2
snicker,2
sniffle,2
snigger,2
snip,2
snitch,2
snooze,2
snoring,2
snorkeling,2
snowball,2
snowboarding,2
snuggle,2
soapy,2
soaring,2
soberness,2
socialise,2
socialism,2
socialize,2
sociology,2
softball,2
softness,2
sojourn,2
solacement,2
solemnise,2
solemnity,2
solemnize,2
solferino,2
solicit,2
solicitation,2
solidity,2
solidness,2
solidus,2
solitaire,2
solitariness,2
solitary,2
solmization,2
somali,2
somatostatin,2
somersault,2
somnolence,2
sonant,2
sonic,2
sonnet,2
sophistic,2
sordidness,2
soreness,2
soricidae,2
sorption,2
sorrowfulness,2
sotho,2
sottishness,2
soubrette,2
soundness,2
soundproof,2
sourness,2
southernism,2
southwestern,2
sovietise,2
sovietize,2
sow,2
spam,2
spangle,2
spanish,2
spank,2
spanking,2
sparring,2
spartan,2
spastic,2
spasticity,2
spate,2
spatiotemporal,2
spattering,2
spatulate,2
specialisation,2
specialism,2
specialistic,2
speciality,2
specialization,2
specialty,2
specification,2
speckle,2
spectacle,2
spectrometry,2
spectroscopy,2
speculativeness,2
sphacelus,2
spheroid,2
spillage,2
spinal,2
spirant,2
spiritual,2
spiritualise,2
spiritualism,2
spirituality,2
spiritualize,2
spirt,2
spitefulness,2
splashy,2
splattering,2
splenectomy,2
splenetic,2
splenomegaly,2
splice,2
splinter,2
splintery,2
splotch,2
spondylitis,2
spondylolisthesis,2
spongy,2
spoof,2
spook,2
spoonfeed,2
sportive,2
sportscast,2
sporulate,2
sporulation,2
spotlight,2
sprain,2
sprawling,2
sprechgesang,2
spree,2
springtime,2
spritz,2
spud,2
squabble,2
squalene,2
squamata,2
squander,2
squeal,2
squeamishness,2
squinch,2
squinty,2
squirt,2
stabilise,2
staccato,2
stag,2
staging,2
stagnate,2
staleness,2
stammer,2
standardisation,2
standardise,2
standardize,2
standdown,2
standoff,2
standstill,2
staple,2
starboard,2
stargaze,2
stark,2
starving,2
statistics,2
stature,2
statutory,2
staunch,2
std,2
steatorrhea,2
steeplechase,2
stellar,2
stemma,2
stenograph,2
stenography,2
stenosis,2
stepwise,2
stereophotography,2
stereotype,2
sterilization,2
sterling,2
sternum,2
sternutatory,2
stet,2
stickiness,2
stiffening,2
stiffness,2
stifle,2
stifling,2
stigmatic,2
stigmatise,2
stigmatism,2
stigmatize,2
stillbirth,2
stillness,2
stimulant,2
stipendiary,2
stipple,2
stipulation,2
stockpile,2
stocktaking,2
stoicism,2
stolidity,2
stomatous,2
stomp,2
stonewall,2
stoppage,2
stopper,2
storminess,2
stowage,2
strafe,2
straightaway,2
straightness,2
straiten,2
strangeness,2
stranglehold,2
strangles,2
strangulate,2
strangulation,2
stratagem,2
strategic,2
stratified,2
stratigraphy,2
streamer,2
streamline,2
stria,2
striate,2
striated,2
striation,2
stricture,2
stridor,2
strife,2
strigiformes,2
strikingness,2
stringency,2
structural,2
struthioniformes,2
stubby,2
stucco,2
stuffiness,2
stultification,2
stunning,2
stunting,2
stupidity,2
stupor,2
sturdiness,2
stutter,2
subatomic,2
subconscious,2
subcontract,2
subcylindrical,2
subdivision,2
subduction,2
subjection,2
subjectivism,2
subjugation,2
subjunctive,2
sublease,2
sublet,2
sublunar,2
sublunary,2
submerse,2
submersion,2
subnormality,2
suborn,2
subpoena,2
subscript,2
subsequence,2
subservience,2
subsidence,2
subsidisation,2
subsidization,2
substantiation,2
substantive,2
subsumption,2
subterminal,2
subtilize,2
subtitle,2
subtlety,2
subulate,2
subvert,2
succor,2
succour,2
succumb,2
suckling,2
sudoku,2
suds,2
suffocation,2
suffrage,2
sugarcoat,2
sugariness,2
suidae,2
sulfate,2
sulfurous,2
sulk,2
sulkiness,2
sullenness,2
sully,2
sulphurous,2
sultriness,2
summarise,2
summary,2
summate,2
sumo,2
sumptuousness,2
sunstroke,2
suntan,2
super,2
superelliptic,2
superiority,2
superlunar,2
superlunary,2
supernatant,2
supernaturalism,2
superscript,2
superscription,2
supple,2
supplementation,2
supplication,2
supposition,2
suppression,2
suppurative,2
surd,2
sureness,2
surfing,2
surgical,2
surtax,2
sus,2
suspense,2
sustainability,2
sustenance,2
susurration,2
suture,2
swab,2
swag,2
swashbuckling,2
swazi,2
swedish,2
sweeten,2
swindle,2
swoon,2
swoosh,2
swop,2
swordsmanship,2
syllabic,2
syllabise,2
syllabize,2
syllogistic,2
symbolical,2
symbolism,2
symmetrical,2
sympathetic,2
sympathise,2
sympathize,2
sympatry,2
symphonia,2
symphonic,2
symptomatic,2
synchronisation,2
syncretism,2
syndactyly,2
syndicate,2
syndrome,2
synergistic,2
synesthesia,2
synoptic,2
syrinx,2
systematic,2
taal,2
tabular,2
tabulate,2
tabulation,2
tactile,2
tactual,2
taeniidae,2
tahitian,2
tai,2
tailor,2
tailspin,2
taiwanese,2
takeaway,2
takedown,2
takeout,2
talipes,2
talpidae,2
tambora,2
tamburello,2
tamil,2
tamper,2
tandem,2
tang,2
tangential,2
tangerine,2
tantra,2
tar,2
tarantella,2
tare,2
tariff,2
tarnish,2
tartness,2
tattle,2
taupe,2
taurine,2
tautness,2
taxation,2
teal,2
tearfulness,2
technicality,2
technological,2
tectonics,2
tedium,2
teem,2
teetotal,2
telecast,2
telecommunication,2
telegraphic,2
telemetry,2
telescopic,2
teleworking,2
temperament,2
temperamental,2
temperance,2
temperateness,2
tenancy,2
tendinitis,2
tendonitis,2
tenfold,2
tenner,2
tensile,2
teratology,2
teratoma,2
terminology,2
ternary,2
terrene,2
territorial,2
territorialise,2
territoriality,2
territorialize,2
terrorise,2
terrorism,2
terrorize,2
tessellate,2
testimonial,2
testosterone,2
testudinata,2
testudines,2
tetany,2
tetraodontidae,2
tetraodontiformes,2
tetraodontoidei,2
textbook,2
thai,2
thalweg,2
thanksgiving,2
thatch,2
thaumaturgy,2
theologise,2
theologize,2
theology,2
therapeutic,2
therapy,2
thermodynamics,2
thermography,2
thermoplastic,2
thermotropism,2
thesaurus,2
thieving,2
thinness,2
thirdhand,2
thirstiness,2
thirteen,2
thirteenth,2
thirtieth,2
thracian,2
thrashing,2
threefold,2
thresh,2
threshing,2
thrombocytopenia,2
thrombocytosis,2
thromboembolism,2
thrombophlebitis,2
thrombosis,2
throttle,2
throwaway,2
throwback,2
thrum,2
thumping,2
thwack,2
thwarting,2
tibetan,2
ticktack,2
ticktock,2
tidiness,2
tierce,2
tillage,2
timelessness,2
timely,2
timidity,2
timorousness,2
tinea,2
ting,2
tingling,2
tinkle,2
tinnitus,2
tinny,2
tiptoe,2
tiptop,2
tithe,2
titillate,2
titillation,2
titration,2
titter,2
titular,2
tlak,2
tobogganing,2
tod,2
toehold,2
toka,2
toleration,2
tomography,2
tonal,2
tonga,2
tongan,2
tonicity,2
tonight,2
tonsillitis,2
tonsure,2
tootle,2
topical,2
topology,2
toponomy,2
toponymy,2
torpidity,2
torpor,2
torrential,2
tortuousness,2
torturing,2
tot,2
totalitarian,2
totality,2
totipotency,2
totipotent,2
tourism,2
tourney,2
toxicology,2
toxoplasmosis,2
trabecular,2
tracheitis,2
tracheotomy,2
tragedy,2
tragic,2
tragicomic,2
tramontane,2
tranquilize,2
tranquillise,2
tranquillize,2
transamination,2
transcendental,2
transducers,2
transference,2
transfix,2
transgression,2
transit,2
translucence,2
translunar,2
translunary,2
transmigrate,2
transmittance,2
transmutation,2
transparence,2
transparency,2
transpiration,2
transplantation,2
transplanting,2
transportation,2
transshipment,2
transubstantiation,2
transudate,2
transverse,2
trapezoid,2
traumatic,2
travesty,2
treachery,2
treadle,2
treason,2
treasury,2
trek,2
trematoda,2
tremolo,2
triad,2
triangular,2
triangulation,2
tribalism,2
trice,2
trichechidae,2
trichomoniasis,2
trichuriasis,2
trickle,2
tricuspidate,2
triennial,2
trifling,2
trig,2
trilateral,2
trill,2
trillionth,2
trilobed,2
trinucleate,2
trio,2
triploid,2
trismus,2
trisomy,2
triumphal,2
triviality,2
trojan,2
trolling,2
trough,2
trouncing,2
truckage,2
truckle,2
trudge,2
trueness,2
truncated,2
truncation,2
tryout,2
tryptamines,2
tubercular,2
tuberculosis,2
tubulidentata,2
tuck,2
tuition,2
tularemia,2
turbinate,2
turf,2
turkic,2
turkish,2
turkmen,2
turnabout,2
tuscan,2
tussle,2
tutorial,2
twaddle,2
tweedle,2
twinkling,2
twit,2
twofold,2
tylopoda,2
typecast,2
typhoid,2
typification,2
typify,2
typography,2
typology,2
tyrannise,2
tyrannize,2
udu,2
ukase,2
ukrainian,2
ulcerate,2
ulceration,2
ulna,2
ultracentrifugation,2
ultramarine,2
ultramontane,2
ultrasonic,2
ultrasonography,2
ultraviolet,2
umbellate,2
umber,2
umbilicus,2
umpirage,2
unabridged,2
unaccompanied,2
unaffected,2
unary,2
unbalanced,2
unbeknown,2
unbeknownst,2
unbrace,2
unbranched,2
unburden,2
uncheerfulness,2
uncial,2
uncloak,2
uncomfortableness,2
unconcern,2
unconventionality,2
uncoordinated,2
uncrowded,2
undamaged,2
underarm,2
undercharge,2
undercurrent,2
underdevelopment,2
underestimate,2
undergird,2
underground,2
underhand,2
underline,2
undermine,2
undernourishment,2
underpayment,2
underperform,2
underpin,2
underplay,2
underquote,2
underrun,2
underscore,2
undervalue,2
undifferentiated,2
undistributed,2
undivided,2
undock,2
undulation,2
unearth,2
unease,2
unemotionality,2
unemployment,2
unfit,2
unfitness,2
unfriendliness,2
unhappiness,2
unhinge,2
unicellular,2
unicuspidate,2
unidirectional,2
unimportance,2
unintelligibility,2
unipotent,2
unison,2
unitary,2
unitisation,2
unitization,2
unkindly,2
unknowing,2
unloading,2
unloose,2
unloosen,2
unmanly,2
unmask,2
unoriginality,2
unornamented,2
unorthodoxy,2
unpaired,2
unpigmented,2
unpleasantness,2
unrecognisable,2
unrest,2
unroll,2
unscramble,2
unseat,2
unseen,2
unselfishness,2
unstratified,2
unstructured,2
unthinking,2
untidiness,2
untimely,2
untune,2
unveil,2
unveiling,2
unwind,2
unwrap,2
upbringing,2
upcountry,2
upend,2
uphill,2
uphold,2
uppercase,2
uppermost,2
uproar,2
upstairs,2
upstart,2
upstream,2
upsurge,2
uptake,2
uptown,2
upturned,2
upvote,2
upwind,2
uraemia,2
uranoscopidae,2
urbanisation,2
ureter,2
ureterocele,2
urethra,2
urethritis,2
urethrocele,2
urination,2
urolithiasis,2
ursidae,2
urtication,2
usage,2
usurp,2
usury,2
ut,2
utilization,2
utilize,2
utmost,2
uttermost,2
vacancy,2
vacillate,2
vacillation,2
vacuity,2
vacuolated,2
vagina,2
vaginismus,2
vaginitis,2
valediction,2
valency,2
validation,2
vampirism,2
vaporisation,2
vaporization,2
vaporize,2
variability,2
varicocele,2
vascularization,2
vasculitis,2
vasectomy,2
vasopressin,2
vaunt,2
veer,2
vegetal,2
vegetative,2
veil,2
velleity,2
vellicate,2
veneration,2
verbal,2
verbalise,2
verbalize,2
verbatim,2
verification,2
verity,2
vermiculate,2
vernacular,2
vertigo,2
vertu,2
vestal,2
vhf,2
vi,2
viable,2
vicissitude,2
victimization,2
victual,2
vietnamese,2
vigil,2
vigilance,2
vigour,2
vii,2
viii,2
villainy,2
villeinage,2
vim,2
vinaceous,2
vindication,2
viola,2
viremia,2
virology,2
virtu,2
visa,2
visceral,2
viscid,2
viscosimetry,2
viscountcy,2
visitation,2
vitiate,2
viticulture,2
vitiligo,2
vitreous,2
vitrification,2
vivace,2
viverridae,2
vivification,2
vivify,2
vlog,2
vocalic,2
vocalise,2
vocalization,2
vocalize,2
vocative,2
vogue,2
volatility,2
volcanic,2
volcanology,2
volition,2
voltaic,2
volumed,2
volumen,2
volvulus,2
vomer,2
voodoo,2
voraciousness,2
voracity,2
vorticity,2
vouch,2
vroom,2
vulcanization,2
vulgarism,2
vulvitis,2
vulvovaginitis,2
wad,2
waddle,2
waft,2
wag,2
waggery,2
waggle,2
wai,2
wailing,2
waive,2
walloping,2
wan,2
wangle,2
waning,2
wank,2
ward,2
warmness,2
warpath,2
warty,2
washout,2
wassail,2
wastefulness,2
watchfulness,2
watercolor,2
watercolour,2
watercress,2
wateriness,2
waterloo,2
watery,2
wattle,2
waxen,2
waxiness,2
wayfaring,2
weakly,2
wean,2
weaning,2
weatherproof,2
weekend,2
weightlift,2
weightlifting,2
western,2
wetness,2
whammy,2
wharf,2
wheezing,2
whet,2
whicker,2
whimper,2
whimsey,2
whimsy,2
whiplash,2
whippomorpha,2
whipsaw,2
whir,2
whirligig,2
whirlpool,2
whirring,2
whish,2
whisk,2
whiteness,2
whiz,2
whizz,2
wholeness,2
whomp,2
whoosh,2
whopping,2
widowhood,2
wield,2
wigwag,2
wildness,2
wilting,2
windage,2
windiness,2
windup,2
winemaking,2
winnowing,2
wipeout,2
wireless,2
wiretap,2
wiry,2
wisecrack,2
withering,2
wittiness,2
wive,2
woe,2
wolfish,2
womanhood,2
womanize,2
womanlike,2
wondrous,2
woodworking,2
woolgathering,2
wordnet,2
wrack,2
wrath,2
wreathe,2
wrestling,2
wretchedness,2
wrick,2
wriggle,2
wrongdoing,2
wushu,2
xanthelasma,2
xanthomatosis,2
xc,2
xenarthra,2
xenogenesis,2
xerophthalmia,2
xerostomia,2
xii,2
xiii,2
xiv,2
xix,2
xl,2
xv,2
xvi,2
xvii,2
xviii,2
xx,2
xxi,2
xxii,2
xxiii,2
xxiv,2
xxix,2
xxv,2
xxvi,2
xxvii,2
xxviii,2
xxx,2
xylophone,2
y,2
yack,2
yap,2
yb,2
yea,2
yeasty,2
yelp,2
yip,2
yodel,2
yoga,2
yon,2
yonder,2
yowl,2
yue,2
yukon,2
yuman,2
zapotec,2
zb,2
zeal,2
zeaxanthin,2
zillion,2
zinc,2
zing,2
zizz,2
zonal,2
zoology,2
zygomorphic,2
'tween,1
'uli'uli,1
10000,1
100000,1
1000000,1
1000000000,1
1000000000000,1
1000th,1
100th,1
101,1
101st,1
105,1
105th,1
10th,1
10v2t,1
110,1
110th,1
115,1
115th,1
11th,1
120th,1
125,1
125th,1
12th,1
130,1
130th,1
135,1
135th,1
13th,1
140,1
140th,1
144,1
145,1
145th,1
14th,1
150,1
150th,1
1530s,1
155,1
155th,1
15th,1
160,1
160th,1
165,1
165th,1
16th,1
170,1
170th,1
1728,1
175,1
1750s,1
175th,1
1760s,1
1770s,1
1780s,1
1790s,1
17th,1
180,1
180th,1
1820s,1
1830s,1
1840s,1
1850s,1
1860s,1
1870s,1
1880s,1
1890s,1
18th,1
190,1
1900s,1
190th,1
1920s,1
1930s,1
1940s,1
1950s,1
1960s,1
1970s,1
1980s,1
1990s,1
19th,1
1st,1
20/20,1
200,1
2001,1
200th,1
20th,1
21st,1
22nd,1
23rd,1
24/7,1
24th,1
25th,1
26th,1
27th,1
28th,1
29th,1
2d,1
2nd,1
2t22,1
300,1
300th,1
30th,1
31,1
31st,1
32,1
32nd,1
33,1
33rd,1
34,1
34th,1
35,1
35th,1
36,1
36th,1
37,1
37th,1
38,1
38th,1
39,1
39th,1
3rd,1
3t22,1
400,1
400th,1
401(k),1
40th,1
41,1
41st,1
42,1
42nd,1
43,1
43rd,1
44,1
44th,1
45,1
45th,1
46,1
46th,1
47,1
47th,1
48,1
48th,1
49,1
49th,1
4th,1
4to,1
500th,1
50th,1
51,1
52,1
53,1
54,1
55,1
55th,1
56,1
57,1
58,1
59,1
5th,1
60th,1
61,1
62,1
63,1
64,1
64th,1
65,1
65th,1
66,1
67,1
68,1
69,1
6th,1
70th,1
71,1
72,1
73,1
74,1
75,1
75th,1
76,1
77,1
79,1
7th,1
80th,1
81,1
82,1
83,1
84,1
85,1
85th,1
86,1
87,1
88,1
888slot,1
89,1
8th,1
8vo,1
9/11,1
90th,1
91,1
92,1
93,1
94,1
95,1
95th,1
96,1
97,1
98,1
99,1
9th,1
a.d.,1
a.k.a.,1
a0,1
a1,1
a2,1
a4,1
a5,1
a6,1
aa,1
aaa,1
aah,1
aas,1
aave,1
aba,1
abaca,1
abacinate,1
aback,1
abactinal,1
abaft,1
abalones,1
abamectin,1
abamp,1
abampere,1
abandonment,1
abarticulation,1
abase,1
abash,1
abashed,1
abashment,1
abasic,1
abatable,1
abate,1
abatic,1
abattoirs,1
abaxial,1
abaxially,1
abbatial,1
abbreviate,1
abbreviated,1
abc,1
abc's,1
abcoulomb,1
abcs,1
abdias,1
abdicable,1
abdicate,1
abdication,1
abdominal,1
abdominocentesis,1
abdominoplasty,1
abdominous,1
abdominousness,1
abdominovesical,1
abducent,1
abduct,1
abducting,1
abeam,1
abecedarian,1
abecedarius,1
abed,1
abelmoschus,1
aberdonian,1
aberrance,1
aberrancy,1
aberrant,1
aberrate,1
abet,1
abetment,1
abettal,1
abeyance,1
abeyant,1
abfarad,1
abhenry,1
abhor,1
abhorrence,1
abhorrent,1
abidance,1
abiding,1
abience,1
abient,1
abies,1
abiogenesis,1
abiogenetic,1
abiotrophy,1
abject,1
abjection,1
abjectly,1
abjuration,1
abjure,1
abkhasian,1
abkhaz,1
ablactate,1
ablate,1
ablated,1
ablattaria,1
ablaut,1
ablaze,1
ableism,1
ablepharia,1
ablepharon,1
ablism,1
abloom,1
abls,1
ablution,1
ablutionary,1
ably,1
abnormalcy,1
abnormally,1
aboard,1
abocclusion,1
abohm,1
abolish,1
abolishable,1
abolishment,1
abolition,1
abolitionary,1
abomasal,1
abominable,1
abominably,1
abominate,1
abor,1
aborad,1
aboral,1
aboriginal,1
aborticide,1
abortifacient,1
abortive,1
abortively,1
aboulia,1
aboulic,1
abound,1
abounding,1
aboveground,1
abracadabra,1
abrachia,1
abramis,1
abranchial,1
abranchiate,1
abranchious,1
abrase,1
abrased,1
abrasiveness,1
abreact,1
abreaction,1
abridge,1
abridged,1
abridgment,1
abrin,1
abroach,1
abrogate,1
abrogation,1
abrupt,1
abruption,1
abruptly,1
abruptness,1
abruzzo,1
abscessed,1
abscesses,1
abscise,1
abscissa,1
abscond,1
abscondment,1
absenteeism,1
absently,1
absentminded,1
absentmindedly,1
absentmindedness,1
absidia,1
absolutely,1
absoluteness,1
absolutisation,1
absolutist,1
absolutistic,1
absolutization,1
absolve,1
absolved,1
absolvitory,1
absorbable,1
absorbefacient,1
absorbency,1
absorbent,1
absorbents,1
absorptive,1
absorptivity,1
absquatulate,1
abstemious,1
abstemiously,1
abstemiousness,1
abstention,1
abstentious,1
abstinent,1
abstractedly,1
abstractedness,1
abstractionism,1
abstractionist,1
abstractive,1
abstractly,1
abstractness,1
abstruse,1
abstrusely,1
abstrusity,1
absurdly,1
absurdness,1
abub,1
abulic,1
abundantly,1
aburukuwa,1
abused,1
abusive,1
abusively,1
abut,1
abutilon,1
abutting,1
abuzz,1
abvolt,1
abwatt,1
aby,1
abye,1
abysmal,1
abysmally,1
abyssocottidae,1
ac,1
academically,1
academicianship,1
academicism,1
academism,1
acalitus,1
acalymma,1
acalyptratae,1
acantha,1
acanthaceae,1
acanthamoeba,1
acanthaster,1
acanthocephala,1
acanthocheilonema,1
acanthochitonidae,1
acanthoid,1
acanthomorphata,1
acanthopagrus,1
acanthoscelides,1
acanthosis,1
acanthotic,1
acanthous,1
acanthuridae,1
acanthuroidei,1
acanthus,1
acapnia,1
acapnial,1
acapnic,1
acapnotic,1
acarapidae,1
acarapis,1
acardia,1
acari,1
acaricides,1
acaridae,1
acaridiasis,1
acariosis,1
acarologists,1
acarology,1
acarophobia,1
acarpellous,1
acarpelous,1
acarpous,1
acarus,1
acataphasia,1
acathexia,1
acathexis,1
acaudal,1
acaudate,1
acaulescent,1
acaulospora,1
acca,1
accelerație,1
acceleratio,1
accélération,1
accelerative,1
acceleratory,1
accelerazione,1
accelerometers,1
accentuate,1
acceptable,1
acceptableness,1
acceptably,1
acceptant,1
acceptive,1
acceptor,1
accessary,1
accessibility,1
accessible,1
accessional,1
accessorial,1
accessory,1
acciaccatura,1
accidence,1
accidentally,1
accipitridae,1
accipitriformes,1
accipitrine,1
acclamation,1
acclimate,1
acclimation,1
acclimatisation,1
acclimatise,1
acclimatize,1
acclivitous,1
accolade,1
accommodatingly,1
accommodational,1
accommodative,1
accomplishable,1
accomplished,1
accordant,1
accordina,1
accordingly,1
accordion,1
accost,1
accouchement,1
accountancy,1
accountantship,1
accouter,1
accoutered,1
accoutre,1
accoutred,1
accreditation,1
accredited,1
accrete,1
accretionary,1
accretive,1
accrual,1
accrued,1
accruement,1
acculturate,1
acculturational,1
acculturative,1
accumbent,1
accumulative,1
accurately,1
accurse,1
accursed,1
accurst,1
accusal,1
accusation,1
accusatorial,1
accusatory,1
accusingly,1
accusive,1
accustom,1
accustomed,1
acedia,1
aceleração,1
aceleración,1
acellular,1
acephalia,1
acephalism,1
acephalous,1
acephaly,1
acephate,1
acer,1
aceraceae,1
acerate,1
acerb,1
acerbic,1
acerbity,1
aceria,1
acerophagus,1
acerose,1
aceruloplasminemia,1
acervate,1
acesulfame,1
acetabular,1
acetaldehyde,1
acetamides,1
acetate,1
acetates,1
acetic,1
acetoacetates,1
acetobacter,1
acetobacteraceae,1
acetochlor,1
acetoin,1
acetonemia,1
acetonic,1
acetonuria,1
acetose,1
acetous,1
acetylate,1
acetylcholinesterase,1
acetylene,1
acetylenic,1
acetylglucosamine,1
acetylic,1
acetylise,1
acetylize,1
achaean,1
achalasia,1
achatina,1
achatinidae,1
achenes,1
achenial,1
acheronian,1
acherontic,1
acheta,1
achievability,1
achievable,1
achillea,1
achiridae,1
achiropsettidae,1
achlamydeous,1
achlorhydric,1
achlya,1
acholeplasma,1
acholia,1
achomawi,1
achondroplasia,1
achondroplastic,1
achondroplasty,1
achromasia,1
achromatic,1
achromaticity,1
achromatinic,1
achromatise,1
achromatism,1
achromatize,1
achromatopsia,1
achromatous,1
achromia,1
achromic,1
achromous,1
achy,1
achylia,1
acicular,1
aciculate,1
acidimetric,1
acidophilous,1
acidotic,1
acidulants,1
acidulate,1
acidulent,1
acidulous,1
acidulousness,1
aciduria,1
aciduric,1
acifluorfen,1
acigona,1
acinetobacter,1
acinic,1
acinonyx,1
acinose,1
acinous,1
acinus,1
acipenserinae,1
acipenserini,1
acipenseroidei,1
acknowledgeable,1
aclerdidae,1
aclonifen,1
acned,1
acneiform,1
acoelomorpha,1
acoelous,1
acold,1
aconitum,1
acoraceae,1
acorales,1
acordeon,1
acorea,1
acorus,1
acousma,1
acoustic,1
acoustical,1
acoustically,1
acousticophobia,1
acp,1
acquaint,1
acquaintanceship,1
acquainted,1
acquiesce,1
acquiescent,1
acquirable,1
acquirement,1
acquisitive,1
acquisitiveness,1
acquittal,1
acquittance,1
acquitted,1
acral,1
acrania,1
acreage,1
acremonium,1
acrid,1
acrididae,1
acridness,1
acridology,1
acriflavine,1
acrimonious,1
acrimony,1
acrisols,1
acritical,1
acroanaesthesia,1
acroanesthesia,1
acrobasis,1
acrobatic,1
acrobrachycephaly,1
acrocarpous,1
acrocarpus,1
acrocentric,1
acrocephaly,1
acroceras,1
acrocercops,1
acrocomia,1
acrocylindrium,1
acrodin,1
acrogenic,1
acrogenous,1
acrokeratosis,1
acrolepiopsis,1
acromegalia,1
acromegalic,1
acromegaly,1
acromelia,1
acromesomelia,1
acromikria,1
acromion,1
acromphalus,1
acromyotonia,1
acromyrmex,1
acronym,1
acronymic,1
acronymous,1
acronyms,1
acroparesthesia,1
acropetal,1
acrophobia,1
acrophobic,1
acrophony,1
acropomatidae,1
acroporidae,1
acroscopic,1
acrosome,1
acrosternum,1
acrostic,1
acrotylus,1
acroyoga,1
acrylamide,1
actable,1
actaea,1
actin,1
actinal,1
actiniaria,1
actinic,1
actinides,1
actinidia,1
actinidiaceae,1
actiniidae,1
actinism,1
actinium,1
actinobacillus,1
actinodromous,1
actinoid,1
actinometers,1
actinometric,1
actinometrical,1
actinometry,1
actinomorphous,1
actinomyces,1
actinomycetal,1
actinomycetales,1
actinomycetous,1
actinomycotic,1
actinopteri,1
actinopterygii,1
actinotherapy,1
actinotrichium,1
actionable,1
actium,1
actively,1
activism,1
activistic,1
actomyosin,1
actualisation,1
actuality,1
actualization,1
actually,1
actuarial,1
actuate,1
actuated,1
actuating,1
actuation,1
acuaria,1
acuariidae,1
acuate,1
acuity,1
aculeate,1
aculeated,1
aculops,1
aculus,1
acumen,1
acutely,1
acyclic,1
acylcholine,1
acylglycerols,1
acyltransferases,1
acyrthosiphon,1
adactylia,1
adactylism,1
adactylous,1
adage,1
adalia,1
adamance,1
adamant,1
adamantinoma,1
adamantly,1
adansonia,1
adaptable,1
adaptational,1
adaptative,1
adaption,1
adaptive,1
adar,1
adaxial,1
adaxially,1
addable,1
addend,1
addendum,1
addible,1
addictive,1
additional,1
additionally,1
additives,1
addlebrained,1
addled,1
addlepated,1
addressable,1
adduce,1
adducent,1
adducing,1
adduct,1
adducting,1
adductive,1
adelges,1
adelgidae,1
adelphocoris,1
adenanthera,1
adenine,1
adenitis,1
adenocarcinoma,1
adenocarcinomatous,1
adenoid,1
adenoidectomy,1
adenoiditis,1
adenomatous,1
adenomegaly,1
adenomyosarcoma,1
adenopathy,1
adenosine,1
adenosis,1
adenoviridae,1
adept,1
adeptness,1
adequacy,1
adequately,1
adequateness,1
adermatoglyphia,1
adhatoda,1
adhd,1
adherent,1
adhesiveness,1
adhesivity,1
adiabatic,1
adiabaticity,1
adiantum,1
adiaphone,1
adience,1
adient,1
adieu,1
adios,1
adipocyte,1
adipose,1
adiposeness,1
adiposis,1
adipsia,1
adırna,1
adjacency,1
adjalin,1
adjectival,1
adjectivally,1
adjectively,1
adjournment,1
adjudge,1
adjudicative,1
adjudicatory,1
adjunction,1
adjunctive,1
adjuration,1
adjuratory,1
adjure,1
adjustable,1
adjustive,1
adjuvants,1
admeasure,1
administrable,1
administrate,1
administrative,1
administratively,1
administrivia,1
admirability,1
admirable,1
admirableness,1
admirably,1
admiralty,1
admiringly,1
admissibility,1
admissible,1
admissive,1
admittable,1
admittedly,1
admittible,1
admix,1
admonish,1
admonishing,1
admonishment,1
admonition,1
admonitory,1
adnate,1
adnexal,1
adnoun,1
ado,1
adolesce,1
adolescents,1
adonis,1
adoptable,1
adoption,1
adoptive,1
adorability,1
adorable,1
adorableness,1
adorably,1
adore,1
adored,1
adoretus,1
adoring,1
adoringly,1
adorned,1
adornment,1
adoxa,1
adoxaceae,1
adoxography,1
adoxophyes,1
adpressed,1
adrenal,1
adrenalectomy,1
adrenarche,1
adrenergic,1
adrenocortical,1
adrenocorticotrophic,1
adrenocorticotropic,1
adrianichthyidae,1
adroit,1
adroitly,1
adroitness,1
adscititious,1
adscript,1
adscripted,1
adsorbable,1
adsorbate,1
adsorbent,1
adsorbents,1
adsorptive,1
adufe,1
adulate,1
adulation,1
adulatory,1
adulterant,1
adulterated,1
adulterating,1
adulterine,1
adulterous,1
adulterously,1
adulterousness,1
adultery,1
adulting,1
adumbrate,1
adumbration,1
adumbrative,1
adust,1
advantageous,1
advantageously,1
advantageousness,1
advect,1
advective,1
adventism,1
adventitia,1
adventitial,1
adventitious,1
adventive,1
adventuresome,1
adventurism,1
adventuristic,1
adventurous,1
adventurousness,1
adverbially,1
adversative,1
adverse,1
adversely,1
advertence,1
advertency,1
advertent,1
advertently,1
advertize,1
advertizement,1
advertizing,1
advertorial,1
advisability,1
advisable,1
advisedly,1
advisement,1
advocate,1
advowson,1
adynamia,1
adynamic,1
aechmea,1
aecial,1
aeciospores,1
aedes,1
aegean,1
aegilops,1
aegir,1
aegis,1
aegle,1
aegopodium,1
aegospotami,1
aegospotamos,1
aegyptianella,1
aelia,1
aelodicon,1
aelurostrongylus,1
aeneid,1
aeneolamia,1
aeolian,1
aeolic,1
aeoline,1
aeolodion,1
aeolothripidae,1
aeolotropic,1
aeolsklavier,1
aeon,1
aeotana,1
aequipecten,1
aequoreidae,1
aerated,1
aerially,1
aeriferous,1
aeriform,1
aerify,1
aerobiotic,1
aerococcus,1
aerodance,1
aerodontalgia,1
aeroembolism,1
aerogram,1
aerogramme,1
aerolitic,1
aerological,1
aerology,1
aeromechanic,1
aeromechanics,1
aeromedical,1
aeromedicine,1
aeromonas,1
aeronautic,1
aeronautical,1
aeronautics,1
aerophilatelic,1
aerophilately,1
aerophilic,1
aerophilous,1
aerophone,1
aeroponics,1
aerosol,1
aerosolise,1
aerosolised,1
aerosolize,1
aerosolized,1
aerosols,1
aery,1
aeschylean,1
aeschynomene,1
aesculapian,1
aesculus,1
aesthesia,1
aesthesis,1
aesthetical,1
aesthetically,1
aesthetics,1
aestival,1
aestivate,1
aether,1
aethusa,1
aetiologic,1
aetiological,1
afar,1
afeard,1
afeared,1
afebrile,1
affability,1
affable,1
affableness,1
affably,1
affaire,1
affectation,1
affectedly,1
affectingly,1
affection,1
affectional,1
affectionate,1
affectionately,1
affective,1
afferent,1
affiance,1
affidavit,1
affinal,1
affined,1
affirmable,1
affirmatively,1
affirmativeness,1
affirmatory,1
affixal,1
affixial,1
afflatus,1
afflicted,1
afflictive,1
affluence,1
affluent,1
affluenza,1
affordability,1
affordable,1
afforest,1
affranchise,1
affricate,1
affrication,1
affricative,1
affuage,1
affuente,1
affusion,1
afghanistan,1
afghanistani,1
afield,1
afire,1
aflame,1
aflare,1
aflatoxicosis,1
aflatoxins,1
aflicker,1
afloat,1
aflutter,1
aforementioned,1
aforesaid,1
aforethought,1
afoul,1
afoxé,1
aframomum,1
afrasian,1
afresh,1
africa,1
african,1
afrikaner,1
afroasiatic,1
afrosoricida,1
afrotheria,1
aftercare,1
afterfeather,1
afterimage,1
aftermost,1
afterpains,1
afterpiece,1
aftersensation,1
aftershafted,1
aftershock,1
aftertaste,1
afterthought,1
afterwards,1
afterworld,1
afzelia,1
aga,1
agalactosis,1
agama,1
agamic,1
agamidae,1
agamogenesis,1
agamogenetic,1
agamous,1
agaonidae,1
agapanthaceae,1
agapanthus,1
agar,1
agaricales,1
agariciidae,1
agaricomycetes,1
agaricomycetidae,1
agaricomycotina,1
agaricus,1
agarose,1
agastache,1
agathis,1
agavaceae,1
agave,1
agaze,1
agbomboya,1
agbosí,1
agedness,1
ageism,1
agelastica,1
ageless,1
agelessness,1
agelong,1
agencies,1
agendum,1
ageneiosidae,1
agenesia,1
agenise,1
agenize,1
agential,1
agerasia,1
ageratum,1
ageusia,1
aggeus,1
agglomerated,1
agglomerating,1
agglomeration,1
agglomerative,1
agglutination,1
agglutinative,1
agglutinins,1
aggrade,1
aggrandise,1
aggrandisement,1
aggrandize,1
aggrandizement,1
aggravated,1
aggravating,1
aggravatingly,1
aggregation,1
aggregative,1
aggress,1
aggressively,1
aggro,1
aggroup,1
agha,1
aghan,1
aghast,1
agiarut,1
agidigbo,1
agile,1
agilely,1
agility,1
agincourt,1
agio,1
agiotage,1
agism,1
agitative,1
agitprop,1
ağırlık,1
aglaia,1
aglaonema,1
agleam,1
aglinet,1
aglitter,1
aglossia,1
aglow,1
agnate,1
agnatic,1
agnation,1
agnise,1
agnize,1
agnomen,1
agnosia,1
agnostical,1
agnosticism,1
agog,1
agogo,1
agogô,1
agon,1
agonadal,1
agonadism,1
agonal,1
agone,1
agonidae,1
agonise,1
agonised,1
agonising,1
agonist,1
agonistical,1
agonists,1
agonize,1
agonized,1
agonizing,1
agonizingly,1
agonomycetales,1
agonoscena,1
agora,1
agoraphobic,1
agoutis,1
agranulocytic,1
agranulocytosis,1
agranulosis,1
agrapha,1
agraphesthesia,1
agraphia,1
agraphic,1
agraphon,1
agrarian,1
agraulis,1
agreeability,1
agreeable,1
agreeableness,1
agreeably,1
agrestic,1
agria,1
agribusiness,1
agrilus,1
agrimonia,1
agrinter,1
agriotes,1
agritainment,1
agrobacterium,1
agrobiodiversity,1
agrobiologic,1
agrobiological,1
agrobiology,1
agrochemical,1
agrochemicals,1
agroclimatology,1
agrocorridors,1
agrocybe,1
agroecology,1
agroecosystems,1
agroemi,1
agroforestry,1
agrologic,1
agrological,1
agromania,1
agrometeorologists,1
agrometeorology,1
agromyza,1
agromyzidae,1
agronomic,1
agronomical,1
agronomists,1
agropastoralists,1
agropisciculture,1
agropyron,1
agrostis,1
agrostologists,1
agrostology,1
agrotis,1
agrotourism,1
agrovoc,1
agrypnia,1
agrypnotic,1
aguascalientes,1
aguish,1
agung,1
agyria,1
ahardin,1
ahem,1
ahenk,1
ahimsa,1
ahistorical,1
ahnfeltiaceae,1
ahoko,1
aikido,1
ailanthus,1
ailment,1
ailuridae,1
ailurophobia,1
ailuropoda,1
aimantation,1
aimless,1
aimlessly,1
aimlessness,1
ain,1
ainhum,1
aiolopus,1
airbadminton,1
airborne,1
airbrush,1
airburst,1
aircraft,1
airdrop,1
aire,1
airfare,1
airflow,1
airfreight,1
airheaded,1
airily,1
airiness,1
airless,1
airlike,1
airmanship,1
airplanes,1
airpods,1
airpost,1
airsick,1
airsickness,1
airsoft,1
airspeed,1
airstream,1
airt,1
airtight,1
airwave,1
airworthiness,1
airworthy,1
airy,1
aixabeba,1
aizai,1
aizkolaritza,1
aizoaceae,1
ajaeng,1
ajalkalá,1
ajar,1
ajayu,1
ajellomyces,1
ajman,1
ajuga,1
ajwain,1
akadinda,1
akan,1
akathisia,1
akebia,1
akees,1
akete,1
akha,1
akhilaragamelaveena,1
akin,1
akinesis,1
akkadian,1
akkordolia,1
akonting,1
akrokranion,1
aku,1
akwa'ala,1
akysidae,1
alabama,1
alabastrine,1
alachlor,1
alacrima,1
alacritous,1
alacrity,1
alagoas,1
alalia,1
alamo,1
alan,1
alangiaceae,1
alanine,1
alaninuria,1
alaria,1
alariaceae,1
alarmed,1
alarming,1
alarmingly,1
alarmism,1
alarum,1
alary,1
alaska,1
alaskan,1
alastrim,1
alate,1
alated,1
alawism,1
albania,1
albedometers,1
albendazole,1
alberta,1
albertism,1
albescent,1
albigensian,1
albigensianism,1
albinal,1
albinic,1
albinistic,1
albino,1
albinotic,1
albisiphone,1
albitic,1
albizia,1
alboka,1
albugo,1
albulidae,1
albuliformes,1
album,1
albumen,1
albuminous,1
albumins,1
albuminuric,1
albuneidae,1
alcaic,1
alcalescent,1
alcaligenes,1
alcaptonuria,1
alcea,1
alces,1
alchemic,1
alchemical,1
alchemilla,1
alchemise,1
alchemistic,1
alchemistical,1
alchemize,1
alcoholic,1
alcoholise,1
aldehyde,1
aldehydes,1
aldehydic,1
aldermanic,1
aldermanly,1
aldicarb,1
aldohexose,1
aldose,1
aldoses,1
aldosteronism,1
aldrin,1
aleatory,1
alectoris,1
alectra,1
alee,1
aleochara,1
aleph,1
alepisauridae,1
alepocephalidae,1
alertly,1
alertronic,1
ales,1
alestes,1
alestiidae,1
aleurites,1
aleurocanthus,1
aleurodicus,1
aleurone,1
aleuronic,1
aleurothrixus,1
aleut,1
aleutian,1
alexandrian,1
alexandrine,1
alexic,1
alexithymia,1
aleyrodes,1
aleyrodidae,1
aleyrodoidea,1
alfaia,1
alfamovirus,1
algal,1
algebra,1
algebraic,1
algebraical,1
algebraically,1
algeria,1
algerian,1
alghoza,1
algicides,1
algid,1
algidity,1
alginates,1
algoid,1
algol,1
algolagnia,1
algolagnic,1
algologists,1
algometric,1
algometrical,1
algometry,1
algonkin,1
algophilia,1
algophobia,1
algophobic,1
algorithmic,1
alhamdulilah,1
alicyclobacillaceae,1
alienable,1
alienage,1
alienated,1
alienating,1
alikeness,1
aliment,1
alimental,1
alimentary,1
alimentation,1
alimentative,1
alimony,1
aline,1
aliphatic,1
aliquant,1
alisma,1
alismataceae,1
alismatales,1
alisols,1
alkahestic,1
alkalescent,1
alkalic,1
alkalify,1
alkalimetry,1
alkalinise,1
alkalinization,1
alkalinize,1
alkalinuria,1
alkalise,1
alkalize,1
alkaloid,1
alkaloidal,1
alkaloids,1
alkalotic,1
alkaluria,1
alkane,1
alkanes,1
alkanna,1
alkaptonuria,1
alkylic,1
alkylresorcinols,1
allamanda,1
allanblackia,1
allantoic,1
allantoid,1
allantoin,1
allantois,1
allantonematidae,1
allantosoma,1
allargando,1
allatotropin,1
allegation,1
allege,1
alleged,1
allegedly,1
allegement,1
allegiant,1
allegoresis,1
allegoric,1
allegorical,1
allegorically,1
allegoricalness,1
allegory,1
alleles,1
allelic,1
allelism,1
allelochemicals,1
allelomorphic,1
allelopathins,1
allelopathy,1
allergen,1
allergenic,1
allergens,1
allergology,1
allesthesia,1
allethrin,1
alleviated,1
alleviative,1
alleviatory,1
allhallows,1
allhallowtide,1
alliaceae,1
alliances,1
alligator,1
alligatored,1
alligatoridae,1
alligators,1
alliterate,1
alliteration,1
alliterative,1
alliteratively,1
allium,1
allocable,1
allocatable,1
allochronic,1
allochthonous,1
allocortex,1
allocution,1
allodynia,1
allogamous,1
allogamy,1
allogeneic,1
allograph,1
allographic,1
allolobophora,1
allomerism,1
allomerous,1
allometric,1
allomones,1
allomorph,1
allomorphic,1
allopathic,1
allopathy,1
allopatric,1
allophane,1
allophone,1
allophonic,1
alloploidy,1
allopolyploidy,1
allorhogas,1
allot,1
alloteuthis,1
allotments,1
allotriocarida,1
allotropic,1
allotropical,1
allotropism,1
allotropy,1
allotted,1
allover,1
allowable,1
allowably,1
alloxydim,1
allozymes,1
allspice,1
allude,1
allusion,1
allusive,1
allusiveness,1
alluvial,1
alluviation,1
alluvium,1
allylic,1
almanac,1
almanacs,1
almighty,1
alms,1
almsgiving,1
alnus,1
alobate,1
alocasia,1
aloft,1
aloha,1
aloneness,1
alongside,1
alopecic,1
alopecurus,1
alopias,1
alopiidae,1
alosa,1
alouatta,1
alouattinae,1
alounloun,1
aloysia,1
alpacas,1
alpestrine,1
alphabetically,1
alphabetisation,1
alphabetise,1
alphabetised,1
alphabetization,1
alphabetized,1
alphacoronavirus,1
alphacryptovirus,1
alphaflexiviridae,1
alphameric,1
alphamerical,1
alphanumeric,1
alphanumerical,1
alphanumerics,1
alphasphere,1
alphavirus,1
alpheidae,1
alphitobius,1
alphitonia,1
alphorn,1
alpinia,1
alpinism,1
alps,1
als,1
alsace,1
alsatian,1
alsophila,1
alstonia,1
alstroemeria,1
alstroemeriaceae,1
alt,1
altcoin,1
alterability,1
alterable,1
alterative,1
altercate,1
altercation,1
alternanthera,1
alternaria,1
alternately,1
alternatively,1
altezza,1
althaea,1
altica,1
altimeters,1
altimetry,1
altingiaceae,1
altissimo,1
altitudinal,1
altitudinous,1
altmezzo,1
altocrustacea,1
altricial,1
altruism,1
altruistically,1
altura,1
alular,1
aluminiferous,1
aluminise,1
aluminium,1
aluminize,1
aluminous,1
alutera,1
alveographs,1
alveolate,1
alveoli,1
alveolitis,1
alveolus,1
alvine,1
alysh,1
alysicarpus,1
alyssum,1
alzheimer's,1
alzheimers,1
amadinda,1
amain,1
amalgamated,1
amalgamation,1
amalgamations,1
amalgamative,1
aman,1
amanita,1
amanitin,1
amapa,1
amara,1
amaranthaceae,1
amaranthus,1
amarsipidae,1
amaryllidaceae,1
amaryllis,1
amastia,1
amateur,1
amateurish,1
amateurishly,1
amateurishness,1
amateurism,1
amateurs,1
amative,1
amativeness,1
amatory,1
amatoxins,1
amaurosis,1
amaurotic,1
amazement,1
amazingly,1
amazonia,1
ambage,1
ambages,1
ambagious,1
ambassadorial,1
ambassadorship,1
ambassidae,1
ambergris,1
amberola,1
ambiance,1
ambidexterity,1
ambidextrous,1
ambidextrousness,1
ambience,1
ambient,1
ambiguously,1
ambit,1
ambitionless,1
ambitious,1
ambitiously,1
ambitiousness,1
ambivalence,1
ambivalency,1
ambivalent,1
ambiversion,1
ambiversive,1
amblycipitidae,1
amblyomma,1
amblyopic,1
amblyopsidae,1
amblyseius,1
ambrosia,1
ambrosial,1
ambulacral,1
ambulant,1
ambulate,1
ambulation,1
amd,1
ameban,1
amebiasis,1
amebic,1
amebiosis,1
ameboid,1
amebous,1
amelanchier,1
ameliorate,1
ameliorating,1
amelioration,1
ameliorative,1
amelioratory,1
ameloblast,1
ameloblastoma,1
amenability,1
amenable,1
amenableness,1
amendable,1
amendatory,1
amended,1
amenia,1
amenities,1
amenity,1
amenorrheal,1
amenorrheic,1
amenorrhoea,1
amenorrhoeal,1
amenorrhoeic,1
amentaceous,1
amentia,1
amentiferous,1
amerce,1
amercement,1
amerciable,1
americanisation,1
americanise,1
americanization,1
americanize,1
americanness,1
americas,1
americium,1
amerindic,1
ametabolic,1
ametabolous,1
ametastegia,1
amethystine,1
ametria,1
ametropia,1
ametropic,1
ametryn,1
amiable,1
amiableness,1
amiably,1
amicable,1
amicably,1
amicarbalide,1
amicarbazone,1
amiculum,1
amidase,1
amide,1
amides,1
amidines,1
amidostomatidae,1
amidostomum,1
amidships,1
amikacin,1
amination,1
amine,1
amines,1
aminic,1
amino,1
aminoalkylindole,1
aminocarb,1
aminoglycan,1
aminopeptidase,1
aminopyralid,1
aminotransferases,1
amitotic,1
amitraz,1
amitrole,1
amitus,1
ammi,1
ammino,1
ammocetes,1
ammocoete,1
ammodytes,1
ammodytidae,1
ammodytoidei,1
ammoniac,1
ammoniacal,1
ammoniate,1
ammoniated,1
ammoniation,1
ammonify,1
ammonitic,1
ammoniuria,1
ammoperdix,1
ammunition,1
amnesia,1
amnesiac,1
amnestic,1
amnic,1
amnio,1
amniocentesis,1
amniocyte,1
amnionic,1
amnioserosa,1
amniota,1
amniotic,1
amoeba,1
amoeban,1
amoebiasis,1
amoebic,1
amoebida,1
amoebiosis,1
amoebocytes,1
amoeboid,1
amoebous,1
amomum,1
amoralism,1
amorality,1
amorally,1
amoristic,1
amorous,1
amorously,1
amorousness,1
amorpha,1
amorphophallus,1
amorphotheca,1
amort,1
amortisation,1
amortise,1
amortization,1
amortize,1
amos,1
amour,1
amoy,1
ampelomyces,1
amperage,1
ampersand,1
amphiarthrosis,1
amphibiotic,1
amphibolites,1
amphibology,1
amphiboly,1
amphibrach,1
amphicoelous,1
amphidiploidy,1
amphiesmenoptera,1
amphigory,1
amphiliidae,1
amphimallon,1
amphioxiformes,1
amphiphilic,1
amphipoda,1
amphiprostylar,1
amphiprostyle,1
amphiprotic,1
amphistylar,1
amphitetranychus,1
amphitheatric,1
amphitheatrical,1
amphitropous,1
amphoric,1
amphorophora,1
amphoteric,1
amphotericin,1
ampicillin,1
ample,1
ampleness,1
amply,1
amprolium,1
ampullar,1
ampullary,1
amputate,1
amrasca,1
amsacta,1
amusd,1
amusingly,1
amusium,1
amusive,1
amyelia,1
amyelois,1
amygdala,1
amygdaliform,1
amygdalin,1
amygdaline,1
amygdaloid,1
amygdaloidal,1
amygdalotomy,1
amylaceous,1
amylases,1
amylographs,1
amyloid,1
amyloidal,1
amylolytic,1
amyloodinium,1
amyloplast,1
amyoplasia,1
amyotonia,1
amyotrophia,1
amyotrophy,1
amyxia,1
an,1
anabaena,1
anabantidae,1
anabantoidei,1
anabaptism,1
anabasine,1
anabasis,1
anabatic,1
anabiosis,1
anabiotic,1
anablepidae,1
anabolics,1
anacanthobatidae,1
anacanthotermes,1
anacardiaceae,1
anacardium,1
anachronic,1
anachronism,1
anachronistic,1
anachronistically,1
anachronous,1
anaclinal,1
anaclisis,1
anaclitic,1
anacoluthia,1
anacoluthic,1
anacoluthon,1
anacridium,1
anacyclus,1
anacystis,1
anadara,1
anadiplosis,1
anadromous,1
anaerobiosis,1
anaerobiotic,1
anaesthetics,1
anaesthetise,1
anaesthetize,1
anagallis,1
anaglyphic,1
anaglyphical,1
anaglyphy,1
anaglyptic,1
anaglyptical,1
anagoge,1
anagogic,1
anagogical,1
anagrammatic,1
anagrammatical,1
anagrammatise,1
anagrammatize,1
anagrams,1
anagrus,1
anagyrus,1
analbuminemia,1
analcime,1
analecta,1
analects,1
analeptic,1
analeptics,1
analgesia,1
analgesic,1
analgesics,1
analgetic,1
analogical,1
analogise,1
analogize,1
analogous,1
analogously,1
analphabetism,1
analyse,1
analytes,1
analytical,1
analytically,1
analyticity,1
analyzable,1
anamnestic,1
anamorphic,1
anamorphism,1
anamorphosis,1
anamorphs,1
ananas,1
anancasm,1
anandalahari,1
anapaest,1
anapaestic,1
anapest,1
anapestic,1
anaphase,1
anaphasic,1
anaphes,1
anaphor,1
anaphora,1
anaphoric,1
anaphrodisia,1
anaphrodisiac,1
anaphylactic,1
anaphylaxis,1
anaplasia,1
anaplasma,1
anaplasmataceae,1
anaplasty,1
anapulvinaria,1
anarchic,1
anarchical,1
anarchically,1
anarchism,1
anarchistic,1
anarchy,1
anarhichadidae,1
anarhichas,1
anarsia,1
anas,1
anasarcous,1
anastalsis,1
anastatus,1
anastomose,1
anastomotic,1
anastrepha,1
anastrophe,1
anastylosis,1
anathema,1
anathematisation,1
anathematise,1
anathematization,1
anathematize,1
anathemise,1
anathemize,1
anatidae,1
anatolian,1
anatomic,1
anatomically,1
anatomise,1
anatomists,1
anatoxins,1
anatropous,1
ancho,1
anchoa,1
anchorages,1
anchoritic,1
anchusa,1
anchylosis,1
anciently,1
ancientness,1
ancillary,1
ancylose,1
ancylostoma,1
ancylostomatidae,1
ancymidol,1
andalusian,1
andantino,1
andean,1
andorra,1
andorran,1
andosols,1
andrena,1
andricus,1
androecium,1
androgen,1
androgenetic,1
androgenic,1
androgenous,1
androgens,1
androgeny,1
androglossia,1
androgyny,1
android,1
andrology,1
androphobia,1
andropogon,1
androstane,1
androstanoid,1
androstenedione,1
ane,1
anecdotalism,1
anecdote,1
anecdotic,1
anecdotical,1
anechoic,1
anecic,1
anejaculation,1
anele,1
anemographic,1
anemography,1
anemometers,1
anemometric,1
anemometrical,1
anemometry,1
anemophilous,1
anencephalia,1
anencephalic,1
anencephalous,1
anergy,1
aneroid,1
anesthesia,1
anesthesiology,1
anesthetise,1
anesthetize,1
anestric,1
anestrum,1
anestrus,1
anethum,1
anetoderma,1
aneurism,1
aneurismal,1
aneurismatic,1
aneurysmal,1
aneurysmatic,1
anew,1
anfractuous,1
angary,1
angas,1
angelica,1
angelically,1
angélique,1
angelology,1
angiitis,1
angina,1
anginal,1
anginose,1
anginous,1
angiocardiography,1
angiocarpic,1
angiocarpous,1
angiofibromas,1
angiohemophilia,1
angiokeratoma,1
angiology,1
angiomatous,1
angiopathy,1
angioplasty,1
angiospermous,1
angiosperms,1
angiostrongylidae,1
angiostrongylus,1
angiotelectasia,1
angiotensin,1
angiotensinogenase,1
angklung,1
anglerfish,1
anglian,1
anglican,1
anglicanism,1
anglicisation,1
anglicise,1
anglicization,1
anglicize,1
anglomania,1
anglophilia,1
anglophilic,1
anglophobia,1
anglophobic,1
angola,1
angolan,1
angrily,1
angriness,1
angst,1
angstrom,1
anguilla,1
anguillan,1
anguillicola,1
anguillicolidae,1
anguillidae,1
anguilloidei,1
anguillospora,1
anguina,1
anguine,1
anguinidae,1
angulation,1
angulosplenial,1
anhimidae,1
anhui,1
anhydramnios,1
anhydrobiosis,1
anhydrosis,1
anhydrous,1
aniba,1
anile,1
anilides,1
anima,1
animadversion,1
animadvert,1
animalia,1
animalisation,1
animalistic,1
animality,1
animalization,1
animatedly,1
animateness,1
animatism,1
animatistic,1
animatronics,1
anime,1
animise,1
animism,1
animist,1
animistic,1
animize,1
animosity,1
animus,1
anionic,1
aniridia,1
anisakidae,1
anisakis,1
aniseikonia,1
aniseikonic,1
anisocoria,1
anisocytosis,1
anisogametic,1
anisogamic,1
anisogamous,1
anisogamy,1
anisometric,1
anisometropic,1
anisoplia,1
anisopoikilocytosis,1
anisopteromalus,1
anisospondyly,1
anisotremus,1
anisotropic,1
anisotropically,1
ankyloblepharon,1
ankylose,1
ankylotic,1
anlage,1
anna,1
annalism,1
annalistic,1
annals,1
annamese,1
annamite,1
annelidan,1
annexal,1
annexation,1
annexational,1
annihilate,1
annihilated,1
annihilating,1
annihilative,1
annona,1
annonaceae,1
annotating,1
announcement,1
annoyingly,1
annually,1
annuity,1
annular,1
annulate,1
annulated,1
annulus,1
annum,1
annunciate,1
annunciatory,1
annwfn,1
annwn,1
anobiidae,1
anobium,1
anocleithrum,1
anodal,1
anodes,1
anodic,1
anodise,1
anodize,1
anodontia,1
anodyne,1
anoestrous,1
anoestrum,1
anoetus,1
anogeissus,1
anointing,1
anointment,1
anomala,1
anomalopidae,1
anomalous,1
anomalously,1
anomalousness,1
anomia,1
anomic,1
anomiidae,1
anomis,1
anomocoelous,1
anomura,1
anon,1
anon.,1
anonychia,1
anonym,1
anonymity,1
anonymous,1
anonymously,1
anoperineal,1
anopheles,1
anopheline,1
anophthalmia,1
anopia,1
anoplocephala,1
anoplocephalidae,1
anoplogasteridae,1
anoplophora,1
anoplopoma,1
anoplopomatidae,1
anoplura,1
anoplus,1
anorchia,1
anorchidism,1
anorectal,1
anorectic,1
anorectum,1
anorexic,1
anorexigenic,1
anorthic,1
anorthitic,1
anorthography,1
anorthopia,1
anosmatic,1
anostomidae,1
anostraca,1
anotia,1
anotopteridae,1
anova,1
anovulation,1
anoxemia,1
anoxemic,1
anoxic,1
anschlag,1
anser,1
answerability,1
answerable,1
answerableness,1
antagonist,1
antagonistic,1
antagonistically,1
antara,1
antarctica,1
antebellum,1
antecede,1
antecedence,1
antecedency,1
antecedently,1
antecubital,1
antediluvial,1
antemeridian,1
antemortem,1
antenatal,1
antennal,1
antennaria,1
antennariidae,1
antennary,1
antenuptial,1
antepartum,1
antepenult,1
antepenultima,1
anterior,1
anteriority,1
anteriorized,1
anteriorly,1
anterograde,1
anteverted,1
anthaxia,1
anthelminthic,1
anthelmintic,1
anthelmintics,1
anthem,1
anthemis,1
antheraea,1
antheral,1
antheraxanthin,1
antheridial,1
anthers,1
anthesis,1
anthipatharia,1
anthocephalus,1
anthocerotophyta,1
anthocoridae,1
anthocoris,1
anthocyanidins,1
anthocyanins,1
anthologise,1
anthologize,1
anthology,1
anthomyiidae,1
anthonomus,1
anthophagous,1
anthophila,1
anthophilous,1
anthophora,1
anthoxanthum,1
anthozoa,1
anthracitic,1
anthracnosis,1
anthraquinones,1
anthrenus,1
anthribidae,1
anthriscus,1
anthropic,1
anthropical,1
anthropocene,1
anthropocentric,1
anthropocentricity,1
anthropocentrism,1
anthropogenesis,1
anthropogenetic,1
anthropogenic,1
anthropogeny,1
anthropoid,1
anthropoidal,1
anthropolatry,1
anthropological,1
anthropologism,1
anthropometric,1
anthropometrical,1
anthropomorphic,1
anthropomorphise,1
anthropomorphism,1
anthropomorphize,1
anthropomorphous,1
anthropopathism,1
anthropophagous,1
anthropophagy,1
anthroposophy,1
anthrosols,1
anthurium,1
anthyllis,1
antiadrenergic,1
antiaircraft,1
antialiasing,1
antiapartheid,1
antiaris,1
antiauthoritarian,1
antibacterial,1
antibiosis,1
antiblack,1
antibodies,1
anticancer,1
anticarsia,1
anticholinergic,1
anticipant,1
anticipative,1
anticipatory,1
anticlimactical,1
anticlinal,1
anticlines,1
anticoagulants,1
anticoagulation,1
anticoagulative,1
anticoccidials,1
anticonvulsant,1
anticyclone,1
anticyclones,1
anticyclonic,1
antidesma,1
antido,1
antidotal,1
antidromic,1
antidunes,1
antiemetics,1
antiestablishment,1
antiestablishmentarianism,1
antiestablishmentism,1
antifeedants,1
antifeminism,1
antiferromagnetic,1
antiferromagnetism,1
antifertility,1
antifreezes,1
antifungal,1
antigastra,1
antigenic,1
antigens,1
antigram,1
antiguan,1
antihelix,1
antiheretical,1
antihistaminics,1
antiknock,1
antiknocking,1
antilog,1
antilogarithm,1
antilogism,1
antimagnetic,1
antimere,1
antimesosalpinx,1
antimetabolites,1
antimetathesis,1
antimicrobial,1
antimicrobials,1
antimicrobic,1
antimonial,1
antimonic,1
antimonious,1
antimonopoly,1
antimony,1
antimutagens,1
antineoplastic,1
antinomasia,1
antinomian,1
antinomianism,1
antinomy,1
antioxidant,1
antioxidants,1
antiparallel,1
antipathetic,1
antipathetical,1
antipathidae,1
antipersonnel,1
antiphlogistic,1
antiphon,1
antiphony,1
antiphrasis,1
antipode,1
antipodean,1
antipollution,1
antiporters,1
antipyresis,1
antipyretic,1
antipyretics,1
antiquarian,1
antiquate,1
antiquated,1
antiquatedness,1
antiqueness,1
antiredeposition,1
antireligiousness,1
antirrhinum,1
antisatellite,1
antisemitic,1
antisemitism,1
antiseptic,1
antisepticize,1
antiseptics,1
antisocial,1
antistrophe,1
antistrophic,1
antisubmarine,1
antitank,1
antithetic,1
antithetical,1
antithetically,1
antithyroid,1
antitoxic,1
antitrade,1
antitrades,1
antitragus,1
antitranspirants,1
antitrochanter,1
antitrogus,1
antitrust,1
antitumor,1
antitumour,1
antitype,1
antitypic,1
antitypical,1
antiviral,1
antivitamins,1
antlered,1
antonymous,1
antonymy,1
antorbital,1
antsy,1
anuran,1
anuraphis,1
anuresis,1
anuretic,1
anuric,1
anurous,1
anxiolytic,1
anxiously,1
anyagmennyiség,1
anyhow,1
anymore,1
anyplace,1
anyway,1
anyways,1
anywhere,1
anzoategui,1
aonidiella,1
aorist,1
aoristic,1
aortal,1
aortic,1
apace,1
apache,1
apamea,1
apanage,1
apanteles,1
aparaglossata,1
aparavirus,1
apathetically,1
apelike,1
apene,1
apennines,1
apentemma,1
apera,1
apercu,1
aperient,1
aperiodic,1
apertintaille,1
apery,1
apetalous,1
aphaeresis,1
aphaeretic,1
aphagia,1
aphakic,1
aphalaridae,1
aphanes,1
aphanitic,1
aphanomyces,1
aphanostigma,1
aphantasia,1
aphelenchidae,1
aphelenchoides,1
aphelenchoididae,1
aphelenchus,1
aphelinidae,1
aphelinus,1
apheretic,1
aphesis,1
aphetic,1
aphicides,1
aphididae,1
aphidius,1
aphidoidea,1
aphidoletes,1
aphis,1
aphodius,1
aphonia,1
aphonic,1
aphorise,1
aphorism,1
aphorize,1
aphotic,1
aphredoderidae,1
aphrodisia,1
aphrodisiac,1
aphrodisiacal,1
aphrophoridae,1
aphthona,1
aphthovirus,1
aphyllophorales,1
aphyllous,1
aphyonidae,1
aphytis,1
apiaceae,1
apiales,1
apian,1
apiarian,1
apiaries,1
apicalization,1
apiculate,1
apicultural,1
apidae,1
apiece,1
apigenin,1
apinti,1
apiognomonia,1
apion,1
apionidae,1
apios,1
apiospora,1
apis,1
apish,1
apistidae,1
apitong,1
apium,1
apivorous,1
apkhyarta,1
aplacental,1
aplacophora,1
aplanatic,1
aplastic,1
aplastic/hypoplastic,1
aplitic,1
aploactinidae,1
aplocheilidae,1
aplodactylidae,1
aplodinotus,1
aplomb,1
apneic,1
apnoea,1
apnoeic,1
apoanagyrus,1
apocalyptical,1
apocarpous,1
apochromatic,1
apocope,1
apocrine,1
apocrita,1
apocrypha,1
apocynaceae,1
apocynaceous,1
apocynales,1
apodal,1
apodeictic,1
apodemus,1
apodictic,1
apodiformes,1
apodiphus,1
apodous,1
apogametic,1
apogamic,1
apogamous,1
apogamy,1
apogean,1
apogee,1
apogonidae,1
apolipoprotein,1
apolitical,1
apoliticism,1
apollonicon,1
apologetic,1
apologetically,1
apologetics,1
apologia,1
apologue,1
apolysis,1
apomictical,1
aponeurosis,1
aponeurotic,1
aponogetonaceae,1
apopemptic,1
apophasis,1
apophatic,1
apophatism,1
apophthegm,1
apophyseal,1
apophysis,1
apoplectic,1
apoplectiform,1
apoplectoid,1
apoprotein,1
apoproteins,1
apoptotic,1
aporrectodea,1
aporrhaididae,1
aposiopesis,1
aposiopetic,1
apostate,1
apostatise,1
apostatize,1
apostleship,1
apostolic,1
apostolical,1
apostrophe,1
apostrophic,1
apostrophise,1
apostrophize,1
apothecial,1
apothegm,1
apothegmatical,1
apotheose,1
apotheosis,1
apotheosise,1
apotheosize,1
apotropaic,1
appal,1
appalachian,1
appall,1
appalled,1
appallingly,1
appanage,1
apparel,1
appareled,1
apparency,1
apparently,1
apparentness,1
apparitional,1
appealable,1
appealing,1
appealingly,1
appealingness,1
appeasable,1
appeasement,1
appeasing,1
appellant,1
appellate,1
appellation,1
appendaged,1
appendant,1
appendectomy,1
appendicectomy,1
appendicular,1
apperceive,1
apperception,1
apperceptive,1
appertain,1
appetence,1
appetency,1
appetent,1
appetising,1
appetisingness,1
appetitive,1
appetizing,1
appetizingness,1
applaud,1
applaudable,1
applecart,1
applesauce,1
applet,1
applicability,1
applicable,1
applicative,1
applicatory,1
applique,1
appoggiatura,1
apport,1
apportion,1
apportionable,1
apportioned,1
apportioning,1
apportionment,1
apposable,1
appose,1
apposite,1
appositeness,1
appositional,1
appositive,1
appositively,1
appraise,1
appraising,1
appreciable,1
appreciably,1
appreciative,1
appreciatively,1
appreciativeness,1
apprehended,1
apprehensible,1
apprehensive,1
apprehensively,1
apprehensiveness,1
appressed,1
apprisal,1
appro,1
approachability,1
approachable,1
approbative,1
approbatory,1
appropriable,1
appropriately,1
appropriateness,1
appropriative,1
approvingly,1
approximative,1
appurtenant,1
apr,1
apractic,1
apramycin,1
apraxic,1
april,1
apriorism,1
aprosencephaly,1
apscaviroid,1
apsidal,1
apsilus,1
apt,1
aptamers,1
aptasensors,1
apteral,1
apteronotidae,1
apterous,1
apterygiformes,1
aptitude,1
aptitudinal,1
aptly,1
aptness,1
apudoma,1
apukudron,1
apulia,1
apure,1
aqua,1
aquabike,1
aquacultural,1
aquaculturists,1
aquajogging,1
aquamarine,1
aquaphobia,1
aquaphobic,1
aquaplane,1
aquaponics,1
aquaria,1
aquariology,1
aquathlon,1
aquicultural,1
aquiculture,1
aquiferous,1
aquifoliaceae,1
aquifoliales,1
aquilegia,1
aquiline,1
aquitaine,1
ar,1
arabesque,1
arabian,1
arabidopsis,1
arability,1
arabinose,1
arable,1
araceae,1
araceous,1
arachis,1
arachnida,1
arachnidian,1
arachnis,1
arachnodactyly,1
arachnoid,1
arachnophobia,1
arachnose,1
aradidae,1
aradus,1
araecerus,1
aragonite,1
aragua,1
arak,1
aralia,1
araliaceae,1
aramaean,1
aramaicism,1
aramaism,1
aramean,1
aranda,1
araneae,1
araneidae,1
araneidal,1
araneidan,1
aranyaka,1
arapaho,1
arapahoe,1
araucaria,1
araucariaceae,1
arawak,1
arbaciidae,1
arbajo,1
arbeit,1
arbiska,1
arbitrable,1
arbitral,1
arbitrament,1
arbitrarily,1
arbitrariness,1
arbitrate,1
arbitrational,1
arbitrative,1
arbitrement,1
arboraceous,1
arborary,1
arboreous,1
arborescent,1
arboresque,1
arboreta,1
arborical,1
arboricides,1
arboriform,1
arborise,1
arborize,1
arborolatry,1
arborous,1
arboviruses,1
arbutus,1
arca,1
arcadian,1
arcadic,1
arcane,1
arcanum,1
arccos,1
arccosecant,1
arccosine,1
arccotangent,1
arcdegree,1
arceuthobium,1
archaea,1
archaean,1
archaeologic,1
archaeological,1
archaic,1
archaicism,1
archaise,1
archaism,1
archaistic,1
archaize,1
archangelic,1
archangelical,1
archdiocesan,1
archducal,1
archegonial,1
archegoniate,1
archelosauria,1
archenteron,1
archeologic,1
archeological,1
archeology,1
archéophone,1
archepiscopal,1
archesporial,1
archetypal,1
archetype,1
archetypical,1
archicembalo,1
archicortex,1
archidiaconal,1
archidiaconate,1
archiepiscopal,1
archine,1
archipelagic,1
archips,1
architectonic,1
architectonicidae,1
architectonics,1
architectural,1
architecturally,1
archival,1
archivists,1
archlute,1
archly,1
archness,1
archosargus,1
archosauria,1
archosaurian,1
archytas,1
arcidae,1
arciform,1
arcminute,1
arco,1
arcopallium,1
arcsec,1
arcsecant,1
arcsecond,1
arcsin,1
arcsine,1
arctan,1
arctangent,1
arctica,1
arcticidae,1
arctiidae,1
arctocebus,1
arcuate,1
ardeb,1
ardent,1
ardently,1
ardin,1
ardor,1
ardour,1
ards,1
arduous,1
arduously,1
arduousness,1
área,1
areal,1
areca,1
arecaceae,1
arecales,1
arecoline,1
arenaceous,1
arenaeus,1
arenaviridae,1
arenga,1
arenicolidae,1
arenicolous,1
arenosols,1
areola,1
areolar,1
argania,1
argas,1
argasidae,1
argemone,1
argent,1
argentic,1
argentiferous,1
argentina,1
argentine,1
argentineness,1
argentines,1
argentinian,1
argentinidae,1
argentous,1
arghul,1
argidae,1
argillaceous,1
arginase,1
arginine,1
argininuria,1
argive,1
argon,1
argonautidae,1
argonne,1
argopecten,1
argot,1
arguable,1
arguably,1
argufy,1
argulus,1
argumentative,1
argumentatively,1
argyresthia,1
argyrosomus,1
argyrotaenia,1
aria,1
arianism,1
aricara,1
aridisols,1
aridness,1
arie,1
arietta,1
aright,1
ariidae,1
arikara,1
ariled,1
arillate,1
ariommatidae,1
ariose,1
arioso,1
aristaeidae,1
aristeidae,1
aristeus,1
aristida,1
aristocratic,1
aristocratical,1
aristocratically,1
aristocratism,1
aristolochia,1
aristolochiaceae,1
aristolochiales,1
aristotelean,1
aristotelian,1
aristotelianism,1
aristotelic,1
arithmancy,1
arithmetical,1
arithmetically,1
arity,1
arius,1
arizona,1
arkansas,1
arkshells,1
arles,1
armadillidium,1
armament,1
armband,1
armeeposaune,1
armenia,1
armful,1
armillaria,1
armillary,1
arminian,1
arminianism,1
armless,1
armlike,1
armónico,1
armoracia,1
armorial,1
armour,1
armoured,1
armoury,1
arnica,1
arnis,1
aroid,1
aromatise,1
aromatize,1
aronia,1
arpeggio,1
arpeggione,1
arpent,1
arpicordo,1
arrabel,1
arracacia,1
arraignment,1
arrant,1
arrhamphus,1
arrhenatherum,1
arrhinencephaly,1
arrhythmical,1
arripidae,1
arripis,1
arrival,1
arrivederci,1
arroba,1
arrogance,1
arrogantly,1
arrogate,1
arrogation,1
arrowroot,1
arsenates,1
arsenic,1
arsenical,1
arsenious,1
arsenites,1
artabotrys,1
artedidraconidae,1
artefact,1
artefactual,1
artemia,1
artemiidae,1
artemisia,1
artemisinin,1
arterial,1
arterialise,1
arterialize,1
arteriectasia,1
arteriectasis,1
arteriography,1
arteriolar,1
arteriole,1
arteriolosclerosis,1
arteriosclerotic,1
arteriovenous,1
arteriviridae,1
arterivirus,1
artesian,1
artful,1
artfully,1
artfulness,1
arthralgia/arthritis,1
arthralgic,1
arthritic,1
arthrobacter,1
arthrobotrys,1
arthrocentesis,1
arthroderma,1
arthrodesis,1
arthrography,1
arthromeric,1
arthropodal,1
arthropodan,1
arthropodous,1
arthroscopy,1
arthrosis,1
arthrosporic,1
arthrosporous,1
arthurian,1
articular,1
articular/anguloarticular,1
articulary,1
articulated,1
articulately,1
articulateness,1
articulative,1
articulatory,1
artifactual,1
artifice,1
artificiality,1
artificially,1
artillery,1
artiodactyl,1
artiodactylous,1
artistically,1
artistry,1
artlang,1
artless,1
artlessly,1
artlessness,1
artocarpus,1
artsd,1
arty,1
aruba,1
arulo,1
arum,1
arundina,1
arundinaceous,1
arundinaria,1
arundo,1
arvicola,1
arvicolinae,1
aryan,1
asadha,1
asafoetida,1
asamiya,1
asana,1
asap,1
asarh,1
asat,1
asbestos,1
asbestosis,1
ascaridia,1
ascarididae,1
ascaridiidae,1
ascaris,1
ascarops,1
ascendable,1
ascendance,1
ascendancy,1
ascendence,1
ascendency,1
ascender,1
ascendible,1
ascensional,1
ascensive,1
ascertainable,1
ascertained,1
ascesis,1
ascetically,1
ascetospora,1
aschelminthes,1
aschersonia,1
asci,1
ascii,1
ascitic,1
asclepiadaceous,1
ascocarpous,1
ascochyta,1
ascogaster,1
ascomycetous,1
ascomycota,1
ascorbase,1
ascosphaera,1
ascosphaerales,1
ascosphaeriosis,1
ascospores,1
ascosporic,1
ascosporous,1
ascribable,1
ascribe,1
ascription,1
asea,1
asean,1
asellus,1
aseptic,1
asexual,1
asexuality,1
asexually,1
asgard,1
ash'arism,1
ashamedly,1
ashen,1
ashiko,1
ashore,1
ashtam,1
ashy,1
asia,1
asian,1
asiatic,1
aṣíkò,1
asimina,1
asin,1
asinine,1
asininity,1
ask.com,1
askant,1
askomandoura,1
asl,1
aslope,1
asmr,1
asocial,1
asparagaceae,1
asparagales,1
asparagine,1
asparaginuria,1
aspartame,1
aspartylglucosaminuria,1
aspectual,1
asper,1
aspergillus,1
asperity,1
asperse,1
asphalt,1
asphaltic,1
aspheric,1
aspherical,1
asphodelus,1
asphondylia,1
asphyxiated,1
asphyxiating,1
aspidiotus,1
aspidistra,1
aspidosperma,1
aspirant,1
aspire,1
aspiring,1
aspius,1
asplenia,1
asplenium,1
aspredinidae,1
asquint,1
ass,1
assailability,1
assailable,1
assam,1
assara,1
assassinated,1
assaultive,1
assemblage,1
assembler,1
assentient,1
assertable,1
assertion,1
assertive,1
assertively,1
assertiveness,1
assessable,1
asseverate,1
asseveration,1
assiduity,1
assiduous,1
assiduously,1
assiduousness,1
assignable,1
assignation,1
assimilability,1
assimilable,1
assimilative,1
assimilatory,1
assistive,1
assize,1
associability,1
associable,1
associableness,1
associateship,1
associational,1
associationism,1
associative,1
associatory,1
assoil,1
assonance,1
assonant,1
assonate,1
assorted,1
assortment,1
assuagement,1
assuasive,1
assumptive,1
assured,1
assuredly,1
assuredness,1
assurgent,1
assuring,1
assyrian,1
assyriology,1
astacidae,1
astacus,1
astatic,1
astaxanthin,1
aster,1
asteraceae,1
asterales,1
asteriated,1
asteriidae,1
asteriscus,1
asterisked,1
asterism,1
asterismal,1
asterixis,1
astern,1
asternal,1
asternia,1
asteroidal,1
asterolecaniidae,1
asterolecanium,1
asterozoa,1
asthenic,1
astheny,1
asthmatic,1
astigmata,1
astigmatic,1
astigmia,1
astir,1
astomatal,1
astomatous,1
astonied,1
astonish,1
astonished,1
astonishing,1
astonishingly,1
astonishment,1
astound,1
astounded,1
astounding,1
astraddle,1
astragalar,1
astragalus,1
astral,1
astraphobia,1
astray,1
astrebla,1
astride,1
astringence,1
astringents,1
astrobiology,1
astroblepidae,1
astrocaryum,1
astrocyte,1
astrocytic,1
astrocytoma,1
astrocytosis,1
astrodynamics,1
astrogate,1
astrolatry,1
astrological,1
astrology,1
astrometry,1
astronautic,1
astronautical,1
astronautics,1
astronavigation,1
astronomically,1
astrophysical,1
astrophysics,1
astute,1
astutely,1
astuteness,1
astyanax,1
astylar,1
asulam,1
asvina,1
asw,1
asymmetrasca,1
asymmetrically,1
asymptomatic,1
asymptote,1
asymptotic,1
asymptotically,1
asynchronism,1
asynchrony,1
asynclitism,1
asyndetic,1
asyndeton,1
asynergic,1
asynergy,1
asystole,1
atabal,1
atabaque,1
atactic,1
atakapa,1
atakapan,1
atalantia,1
ataractic,1
ataraxia,1
ataraxic,1
ataraxis,1
atavism,1
atavistic,1
ataxic,1
ataxy,1
atayalic,1
atelecyclidae,1
ateleiosis,1
ateleiotic,1
atelencephaly,1
ateleopodidae,1
atelidae,1
ateliosis,1
atenteben,1
atergatopsis,1
athabascan,1
athabaskan,1
athalia,1
athanasianism,1
athapascan,1
athapaskan,1
atharvaveda,1
atheism,1
atheist,1
athelia,1
athenian,1
atheresthes,1
atherigona,1
atherina,1
atherinidae,1
atherinomorphae,1
atherogenesis,1
atheromatic,1
atheromatous,1
atherosclerotic,1
athetis,1
athirst,1
athleticism,1
athwart,1
atilt,1
atlanta,1
atlantic,1
atlantis,1
atlas,1
atlases,1
atmometers,1
atmospheric,1
atmospherical,1
atmospherics,1
atomaria,1
atomisation,1
atomism,1
atomistic,1
atomistical,1
atomization,1
atonal,1
atonalism,1
atonalistic,1
atonality,1
atonally,1
atonia,1
atony,1
atop,1
atopognosia,1
atopognosis,1
atoxic,1
atp,1
atpase,1
atrabilious,1
atransferrinemia,1
atrazine,1
atresia,1
atretic,1
atrial,1
atrichia,1
atrioventricular,1
atrip,1
atriplex,1
atrocious,1
atrociously,1
atrociousness,1
atropa,1
atrophedema,1
atrophic,1
atropine,1
atsugewi,1
atta,1
attacapa,1
attacapan,1
attachable,1
attagenus,1
attainability,1
attainable,1
attainableness,1
attainder,1
attained,1
attalea,1
attelabidae,1
attemper,1
attentional,1
attentively,1
attenuance,1
attestation,1
attire,1
attired,1
attitudinal,1
attitudinise,1
attitudinize,1
attorn,1
attorneyship,1
attosecond,1
attractable,1
attractants,1
attracter,1
attractively,1
attractiveness,1
attributable,1
attributive,1
attributively,1
attrited,1
attritional,1
attune,1
atyidae,1
atylosia,1
atypic,1
atypical,1
atypicality,1
atypically,1
au,1
auburn,1
auchenipteridae,1
auchenorrhyncha,1
aucho,1
aucoumea,1
auctioneer,1
auctions,1
auctorial,1
audaciously,1
audaciousness,1
audacity,1
audenesque,1
audibility,1
audibleness,1
audibly,1
audile,1
audiology,1
audiometric,1
audiovisual,1
auditing,1
auditive,1
auditory,1
aug,1
augean,1
augend,1
augers,1
aught,1
augitic,1
augment,1
augmentative,1
augmented,1
augur,1
augustan,1
auks,1
aulacaspis,1
aulacophora,1
aulacorthum,1
auld,1
aulopidae,1
aulopiformes,1
aulorhynchidae,1
aulos,1
aulostomidae,1
aural,1
aurally,1
aureate,1
aureobasidium,1
aureusvirus,1
auric,1
auricular,1
auriculariales,1
auriculated,1
auriculitis,1
auriculoventricular,1
auriferous,1
auriform,1
aurify,1
auroral,1
aurorean,1
aurous,1
auscultate,1
auscultation,1
auscultatory,1
auspice,1
auspices,1
auspicious,1
auspiciously,1
auspiciousness,1
austenitic,1
austere,1
austerely,1
austereness,1
austerity,1
austerlitz,1
australasian,1
australaves,1
australia,1
australianness,1
australophocaena,1
australopithecine,1
austria,1
austrian,1
austrocedrus,1
austromenidia,1
austropotamobius,1
autacoidal,1
autarchic,1
autarchical,1
autarchy,1
autarkic,1
autarky,1
autecology,1
authentic,1
authentically,1
authenticity,1
authigenesis,1
authorial,1
authorised,1
authoritarian,1
authoritative,1
authoritatively,1
authorship,1
autistic,1
autoamputation,1
autoantigens,1
autoball,1
autobiographic,1
autobiographical,1
autobiographies,1
autobiography,1
autocatalysis,1
autocatalytic,1
autochthonal,1
autochthonic,1
autochthonous,1
autochthony,1
autoclave,1
autoclaves,1
autoclaving,1
autocorrect,1
autocracy,1
autocratic,1
autocratically,1
autodidactic,1
autoecious,1
autoerotic,1
autoeroticism,1
autoerotism,1
autofluorescent,1
autogamic,1
autogamous,1
autogamy,1
autogenesis,1
autogenetic,1
autogenic,1
autogenics,1
autogeny,1
autographa,1
autographed,1
autographic,1
autoharp,1
autoicous,1
autoimmune,1
autolatry,1
autoloading,1
autologous,1
autolytic,1
automate,1
automated,1
automatically,1
automatise,1
automatism,1
automatize,1
automatonism,1
automatonlike,1
automobile,1
automysophobia,1
autonomic,1
autopalatine,1
autophagia,1
autophony,1
autophytic,1
autopilot,1
autoplastic,1
autoplasty,1
autopolyploid,1
autoradiographic,1
autoregulation,1
autoscopy,1
autosemantic,1
autosexing,1
autoslalom,1
autosomal,1
autosomes,1
autostereotype,1
autostichidae,1
autosuggestion,1
autotelic,1
autotelism,1
autotetraploidy,1
autotomic,1
autotomise,1
autotomize,1
autotopagnosia,1
autotrophic,1
autotrophy,1
autotype,1
autotypic,1
autotypy,1
autumnal,1
auvergne,1
auxesis,1
auxetic,1
auxetophone,1
auxiliary,1
auxinic,1
auxins,1
auxis,1
auxotrophic,1
auxotrophy,1
av,1
availableness,1
avaricious,1
avariciously,1
avariciousness,1
avaritia,1
avascular,1
aveira,1
avellan,1
avellane,1
avena,1
avenasterol,1
avenavirus,1
avenue,1
aver,1
avermectins,1
averment,1
averrhoa,1
averse,1
aversive,1
avertable,1
avertible,1
averting,1
avesta,1
avhrr,1
aviadenovirus,1
avian,1
avianise,1
avianize,1
aviaries,1
aviate,1
avicennia,1
avicenniaceae,1
avicides,1
aviculture,1
avid,1
avidin,1
avidly,1
avidness,1
avifaunal,1
avifaunistic,1
avionic,1
avionics,1
avipoxvirus,1
avirulence,1
avirulent,1
avitaminosis,1
avitaminotic,1
avo,1
avocation,1
avocational,1
avoidance,1
avoparcin,1
avouch,1
avouchment,1
avow,1
avowal,1
avowed,1
avowedly,1
avulse,1
avuncular,1
awakened,1
awakening,1
awash,1
awayness,1
aweary,1
aweigh,1
aweless,1
awesome,1
awestricken,1
awestruck,1
awfully,1
awfulness,1
awheel,1
awhile,1
awkwardly,1
awless,1
awned,1
awninged,1
awnless,1
awny,1
awol,1
axatse,1
axbts,1
axenic,1
axially,1
axiidae,1
axile,1
axilla,1
axillary,1
axiological,1
axiology,1
axiomatical,1
axiomatically,1
axochord,1
axolotl,1
axon,1
axonal,1
axoneme,1
axonogenesis,1
axonopus,1
ayacachtli,1
ayin,1
aykhori,1
ayotl,1
ayoyotes,1
ayran,1
aythya,1
ayumaa,1
ayurveda,1
az,1
azadirachta,1
azadirachtin,1
azane,1
azanide,1
azerbaijan,1
azides,1
azido,1
azimsulfuron,1
azimuthal,1
azines,1
azo,1
azoic,1
azole,1
azoles,1
azolla,1
azomonas,1
azonal,1
azonic,1
azoospermia,1
azores,1
azorhizobium,1
azospirillum,1
azotaemia,1
azotemic,1
azotic,1
azotobacter,1
azotobacteriaceae,1
azoturia,1
āžrags,1
azteca,1
aztecan,1
azygos,1
azygous,1
azymia,1
b.c.,1
b.c.e.,1
b.o.,1
b.t.u.,1
b.th.u.,1
b0,1
b1,1
b2,1
b3,1
b4,1
b5,1
b6,1
ba,1
babbitt,1
babbitting,1
babbling,1
babel,1
babelike,1
babendil,1
babesia,1
babesiosis,1
babeufism,1
babinski,1
baboonish,1
baboons,1
babyish,1
babysit,1
babysitting,1
babytalk,1
baccalaureate,1
baccarat,1
baccaurea,1
bacchanalian,1
bacchantic,1
baccharis,1
bacchic,1
bacciferous,1
baccivorous,1
bachelor,1
bachi,1
bachîn,1
baciatico,1
bacillaceae,1
bacillales,1
bacillariophyceae,1
bacilli,1
bacilliform,1
bacillus,1
bacitracin,1
backache,1
backbeat,1
backbend,1
backbite,1
backblast,1
backbreaking,1
backchat,1
backcross,1
backcrossing,1
backdate,1
backdown,1
backfat,1
backflow,1
backflowing,1
backgrounder,1
backgrounding,1
backhanded,1
backhander,1
backless,1
backmost,1
backpack,1
backpacking,1
backseat,1
backsheesh,1
backslap,1
backslide,1
backsliding,1
backspace,1
backspin,1
backstair,1
backstairs,1
backsticking,1
backstitch,1
backswept,1
backtalk,1
backtrack,1
backusella,1
backwardation,1
backwardness,1
backwards,1
bacopa,1
bacteremic,1
bacteriaemia,1
bacterial,1
bacterially,1
bactericidal,1
bactericides,1
bacteriemia,1
bacterins,1
bacteriocins,1
bacterioid,1
bacterioidal,1
bacteriologic,1
bacteriological,1
bacteriologists,1
bacteriolysis,1
bacteriolytic,1
bacteriophages,1
bacteriophagic,1
bacteriophagous,1
bacteriostasis,1
bacteriostatic,1
bacterise,1
bacteriuria,1
bacterize,1
bacteroid,1
bacteroidaceae,1
bacteroidal,1
bacteroides,1
bactra,1
bactris,1
bactrocera,1
baculiform,1
baculoviridae,1
baculovirus,1
bacurinha,1
badaga,1
badass,1
badeng,1
badinage,1
badly,1
badmouth,1
badness,1
badugi,1
baedeker,1
baffled,1
bafflement,1
baffling,1
bagascosis,1
bagasse,1
bagassosis,1
bagful,1
baggy,1
baghèt,1
bağlama,1
baglamas,1
bagpipe,1
bagre,1
bagridae,1
bahai,1
bahaism,1
bahamas,1
bahamian,1
bahasa,1
bahia,1
bahrain,1
bahraini,1
baht,1
bai,1
baic,1
baikiaea,1
bailable,1
bailiffship,1
bailiwick,1
bailment,1
baisa,1
baisakh,1
baitboats,1
baiza,1
baja,1
bajón,1
bak,1
bakio,1
bakllama,1
baksheesh,1
bakshis,1
bakshish,1
balaban,1
balaena,1
balaenidae,1
balaenoptera,1
balafon,1
balagan,1
balalaika,1
balanidae,1
balanites,1
balanophoraceae,1
balanoposthitis,1
balantidium,1
balanus,1
balboa,1
balconied,1
balderdash,1
balding,1
baldly,1
baldness,1
bale,1
baleens,1
balefire,1
baleful,1
balefully,1
balefulness,1
balers,1
bales,1
bali,1
balinese,1
baling,1
baliothrips,1
balistes,1
balistidae,1
balistoidei,1
balitoridae,1
balkanise,1
balkanize,1
balkans,1
balkiness,1
balking,1
balkline,1
balky,1
ballad,1
ballade,1
balletic,1
balletomania,1
ballistic,1
ballistocardiogram,1
balloting,1
ballottement,1
ballpark,1
ballup,1
bally,1
ballyrag,1
balmily,1
balminess,1
balmy,1
balochi,1
baloney,1
balsamic,1
balsaminaceae,1
balsamy,1
balsie,1
baluchi,1
balzacian,1
bam,1
bambermycin,1
bambir,1
bamboozle,1
bamboula,1
bambusa,1
bambusetum,1
bana,1
banal,1
banalité,1
banality,1
banam,1
banausic,1
bandaged,1
bandaging,1
bandicota,1
bandido,1
banditry,1
bandola,1
bandolim,1
bandolin,1
bandolina,1
bandolón,1
bandoneon,1
bandora,1
bandsaws,1
bandura,1
bandurria,1
bandwagon,1
bandwidth,1
bane,1
baneful,1
banefully,1
bangasternus,1
bangdi,1
banghyang,1
bangiaceae,1
bangka,1
bangla,1
bangladesh,1
bangladeshi,1
bangsi,1
bangu,1
bangwe,1
banhu,1
banisteriopsis,1
banja,1
banjeaurine,1
banjo,1
banjolin,1
banjosidae,1
bankable,1
bankbook,1
banknote,1
banksia,1
bannerlike,1
bannockburn,1
banns,1
banquet,1
banqueting,1
bansuri,1
bantam,1
banteng,1
bantering,1
banteringly,1
bantoid,1
banzai,1
baphia,1
baptise,1
baptised,1
baptismal,1
baptistic,1
baptize,1
baptized,1
baraban,1
baranta,1
barbadian,1
barbados,1
barban,1
barbarian,1
barbaric,1
barbarine,1
barbarisation,1
barbarise,1
barbarism,1
barbarization,1
barbarize,1
barbarous,1
barbarously,1
barbarousness,1
barbat,1
barbate,1
barbellate,1
barbels,1
barbeque,1
barber,1
barbiton,1
barbiturates,1
barbourisiidae,1
barbus,1
barcarole,1
barcarolle,1
bard,1
barde,1
bardic,1
bardolatry,1
bareboating,1
barefaced,1
barefacedly,1
barehanded,1
bareheaded,1
barelegged,1
barely,1
barf,1
barge,1
barges,1
baric,1
barinas,1
barish,1
baritenor,1
barítona,1
barium,1
barkers,1
barky,1
barleria,1
barmy,1
barnburner,1
barnful,1
barnstorm,1
barographic,1
barographs,1
barometers,1
barometric,1
barometrical,1
baronetage,1
baronetise,1
baronetize,1
baronial,1
baroqueness,1
baroreceptor,1
barracking,1
barracudas,1
barrages,1
barratry,1
barrelful,1
barricaded,1
barricado,1
barróg,1
barrow,1
barrowful,1
barrows,1
bartonella,1
baruch,1
barye,1
baryon,1
barytic,1
baryton,1
basal,1
basaltic,1
baseborn,1
basedla,1
baseless,1
basella,1
basellaceae,1
basely,1
baseness,1
bashful,1
bashfully,1
bashfulness,1
bashni,1
basically,1
basicity,1
basicranium,1
basidial,1
basidiobolus,1
basidiomycetous,1
basidiomycota,1
basidiospores,1
basidiosporous,1
basidorsal,1
basifixed,1
basify,1
basilar,1
basilary,1
basilican,1
basilicata,1
basimandibulare,1
basinal,1
basined,1
basinful,1
basion,1
basipetal,1
basiscopic,1
basiventral,1
basınç,1
basketful,1
basketry,1
basolia,1
basophilia,1
basophils,1
basque,1
bassanello,1
basset,1
basshorn,1
basso,1
bassoon,1
basstar,1
bastard,1
bastardisation,1
bastardised,1
bastardized,1
bastardly,1
bastardy,1
basting,1
bastioned,1
bastonets,1
basuto,1
bata,1
bataan,1
batfowl,1
bathetic,1
batholithic,1
batholitic,1
bathrocephaly,1
bathyal,1
bathyclupeidae,1
bathydraconidae,1
bathylagidae,1
bathylutichthyidae,1
bathymasteridae,1
bathymeters,1
bathymetric,1
bathymetrical,1
bathynectes,1
bathyplectes,1
bathystoma,1
bathyteuthidae,1
bathythermograms,1
bathythermographs,1
batik,1
batoidea,1
batrachia,1
batrachian,1
batrachoidaria,1
batrachomyomachia,1
battalion,1
batten,1
battered,1
battering,1
batters,1
battledore,1
battleful,1
battlemented,1
battue,1
batty,1
batuka,1
batuque,1
batwing,1
batyphone,1
bauble,1
baud,1
bauernschnapsen,1
bauhaus,1
bauhinia,1
bauxitic,1
bavaria,1
bavarian,1
bawbee,1
bawdily,1
bawdiness,1
bawdry,1
bawling,1
bawu,1
bayan,1
bayat,1
bayesian,1
baylisascaris,1
bayonet,1
bayoud,1
bazaar,1
bazillion,1
bazooka,1
bbl,1
bc,1
bce,1
bcgitis,1
bcgosis,1
bd,1
beachhead,1
beachminton,1
beachrock,1
beadlike,1
beady,1
beagling,1
beakless,1
beaklike,1
beamish,1
beamy,1
beamz,1
beanball,1
beaner,1
beano,1
bearable,1
bearcats,1
beardedness,1
beardless,1
beardown,1
bearish,1
beastliness,1
beatable,1
beatboxing,1
beater,1
beatific,1
beatified,1
beaut,1
beauteous,1
beauteousness,1
beautification,1
beautifully,1
beauveria,1
becalm,1
becalmed,1
bechance,1
beck,1
becloud,1
becomingly,1
becomingness,1
bedamn,1
bedaub,1
bedaubed,1
bedaze,1
bedazzle,1
bedders,1
bedeck,1
bedevilment,1
bedew,1
bedewed,1
bedfast,1
bedhop,1
bedight,1
bedim,1
bedimmed,1
bedlam,1
bedless,1
bedon,1
bedotiidae,1
bedraggle,1
bedraggled,1
bedrest,1
bedrid,1
bedridden,1
bedrock,1
bedsore,1
bedtime,1
bedug,1
beechen,1
beefy,1
beekeepers,1
beekeeping,1
beery,1
beethoven,1
beethovenian,1
beetroot,1
befall,1
befit,1
befitting,1
befittingly,1
befog,1
befogged,1
befooling,1
befoul,1
befouled,1
befoulment,1
befriend,1
befuddled,1
befuddlement,1
begena,1
beget,1
beggarly,1
begild,1
begomovirus,1
begonia,1
begoniaceae,1
begotten,1
begrime,1
begrimed,1
begrudge,1
beguiled,1
beguiling,1
behavioral,1
behaviorism,1
behaviorist,1
behavioristic,1
behavioural,1
behaviourism,1
behaviourist,1
behaviouristic,1
behead,1
beheaded,1
beheading,1
behest,1
behmenism,1
behold,1
beholden,1
beholding,1
behoove,1
behove,1
beigoma,1
beijing,1
beingness,1
bejewel,1
bel,1
belarus,1
belated,1
belatedly,1
belay,1
belching,1
beleaguering,1
belembaotuyan,1
belemnitic,1
beleuchtungsstärke,1
belgian,1
belgium,1
believability,1
believable,1
believably,1
believingly,1
belike,1
belittlement,1
belize,1
bellbottom,1
belletristic,1
bellevalia,1
bellicose,1
bellicoseness,1
bellicosity,1
belligerent,1
belligerently,1
bellis,1
belloneon,1
bellyful,1
bellylaugh,1
bellyless,1
belone,1
belongings,1
belonidae,1
beloniformes,1
belonolaimidae,1
belonolaimus,1
belontiidae,1
beloved,1
belowground,1
beltless,1
beltlike,1
bembidion,1
bembridae,1
bemire,1
bemisia,1
bemoan,1
bemock,1
bemuse,1
bemused,1
bemusement,1
benazolin,1
bencarbazone,1
benchmark,1
benchmarks,1
bendability,1
bendable,1
benday,1
bender,1
bendiocarb,1
bendir,1
bendopnea,1
bendré,1
benedictine,1
benedictive,1
benedictory,1
benefact,1
benefic,1
beneficed,1
beneficent,1
beneficially,1
beneficiate,1
beneficiation,1
benefin,1
benelux,1
benevolently,1
benficiate,1
benfuracarb,1
benighted,1
benign,1
benignancy,1
benignant,1
benignantly,1
benignly,1
benin,1
benincasa,1
beninese,1
benison,1
benju,1
benodanil,1
benomyl,1
benoxacor,1
bensulfuron,1
benta,1
bentazone,1
benthal,1
benthesicymidae,1
benthic,1
benthodesmus,1
benthonic,1
bentonite,1
bentonitic,1
benumb,1
benumbed,1
benzaldehyde,1
benzene,1
benzenediols,1
benzenoid,1
benzimidazoles,1
benzoates,1
benzocaine,1
benzoic,1
benzopyrene,1
benzopyrrole,1
benzoylphenylureas,1
benzylic,1
benzylpenicillin,1
beplaster,1
bequeath,1
bequest,1
berardius,1
berat,1
berate,1
berating,1
berber,1
berberidaceae,1
berberis,1
berceuse,1
berda,1
bereave,1
bereaved,1
bereavement,1
bereft,1
bérenté,1
beresta,1
bergenia,1
bergsonism,1
beriberi,1
berimbau,1
berit,1
berith,1
berlin,1
bermuda,1
bermudan,1
berrante,1
berrylike,1
berserk,1
berthing,1
bertholletia,1
berycidae,1
beryciformes,1
beryllium,1
berytidae,1
beschleunigung,1
beseech,1
beseeching,1
beseechingly,1
beseechingness,1
beseem,1
beshrew,1
besieged,1
besieging,1
besmear,1
besnoitia,1
besnoitiosis,1
besot,1
besotted,1
bespatter,1
bespeak,1
bespeckle,1
bespectacled,1
bespoke,1
bespoken,1
bespot,1
besprent,1
besprinkle,1
bestial,1
bestialise,1
bestialize,1
bestially,1
bestiary,1
bestir,1
bestow,1
bestrahlungsstärke,1
bestrew,1
bestride,1
bestseller,1
bestubbled,1
betabaculovirus,1
betacoronavirus,1
betacryptovirus,1
betaflexiviridae,1
betaine,1
betäubungsmittelgesetz,1
betel,1
beth,1
bethylidae,1
betide,1
betimes,1
betise,1
betoken,1
betroth,1
betrothed,1
betula,1
betulaceae,1
betulaceous,1
betwixt,1
bevel,1
beverages,1
bewail,1
beware,1
beweglichkeit,1
bewhisker,1
bewhiskered,1
bewilderedly,1
bewilderingly,1
bewilderment,1
bewitched,1
bewitchery,1
bewitching,1
bewitchingly,1
bewitchment,1
bewray,1
bezant,1
bezique,1
bezzant,1
bhadawari,1
bhadon,1
bhadrapada,1
bhagavadgita,1
bhakti,1
bhankora,1
bhapang,1
bhutan,1
bhutanese,1
biannual,1
biannually,1
bianqing,1
bianzhong,1
biarum,1
biathle,1
biathlon,1
biaural,1
biauricular,1
biaxal,1
biaxate,1
biaxial,1
bib,1
bibbed,1
bibio,1
bibionidae,1
bibless,1
biblical,1
bibliographic,1
bibliographical,1
bibliographies,1
bibliography,1
bibliolatrous,1
bibliolatry,1
bibliomania,1
bibliomaniacal,1
bibliophilic,1
bibliopolic,1
bibliothecal,1
bibliothecarial,1
bibliotic,1
bibliotics,1
bibulous,1
bicameral,1
bicapsular,1
bicarbonates,1
bicarbonaturia,1
bicentric,1
bicephalous,1
bichromated,1
bichrome,1
bicipital,1
bickering,1
bicolor,1
bicolored,1
bicolour,1
bicoloured,1
bicorn,1
bicornate,1
bicorned,1
bicornuous,1
bicuspid,1
bicuspidate,1
bicyclic,1
bicylindrical,1
biddable,1
bide,1
bidens,1
bidentate,1
bidirectional,1
biedermeier,1
biennial,1
biennially,1
biennials,1
bieter,1
biface,1
bifacial,1
bifenazate,1
bifenox,1
bifid,1
bifidobacterium,1
bifilar,1
biflagellate,1
bifocal,1
bifoliate,1
biform,1
bifurcata,1
bigamous,1
bigeminal,1
bigeneric,1
biggish,1
bighead,1
bigheaded,1
bighearted,1
bigheartedness,1
bights,1
bigmouthed,1
bigness,1
bignoniaceae,1
bignoniaceous,1
bigophone,1
bigoted,1
bigotry,1
bigram,1
bihar,1
bihari,1
bikejoring,1
bikepacking,1
biketrial,1
bilabiate,1
biladienes,1
bilateralism,1
bilaterality,1
bilaterally,1
bilateria,1
bilberries,1
bilecik,1
bilge,1
bilgewater,1
bilgy,1
bilharzia,1
bilharziasis,1
biliary,1
bilinear,1
bilingual,1
bilingualism,1
bilingually,1
bilirubin,1
bilirubinuria,1
billabong,1
billiard,1
billiards,1
billingsgate,1
billowing,1
billowy,1
billygoats,1
billyo,1
billyoh,1
biloba,1
bilobate,1
bilobated,1
bilocular,1
biloculate,1
biloxi,1
bimanual,1
bimester,1
bimestrial,1
bimetal,1
bimetallism,1
bimetallistic,1
bimillenary,1
bimillenial,1
bimillennium,1
bimodal,1
bimolecular,1
bimorphemic,1
bimotored,1
binate,1
binaural,1
binaurally,1
binayo,1
bindable,1
binful,1
bingle,1
bingo,1
biniou,1
binocular,1
binominal,1
bins,1
binuclear,1
binucleated,1
binzasara,1
bioaccumulation,1
bioacoustics,1
bioaeration,1
bioaerosols,1
bioattack,1
bioavailability,1
biocatalysts,1
biocatalytic,1
biochar,1
biochemical,1
biochemically,1
biochemists,1
biocides,1
bioclimatic,1
biocoenosis,1
biocomposites,1
bioconcentration,1
bioconversion,1
biodefence,1
biodefense,1
biodegradability,1
biodegradable,1
biodegradation,1
biodegrade,1
biodeterioration,1
biodiesel,1
biodigesters,1
biodrainage,1
biodynamics,1
bioeconomics,1
bioeconomy,1
bioencapsulation,1
bioenergetics,1
bioenergy,1
bioengineering,1
bioerosion,1
bioethanol,1
biofeedback,1
biofertilizers,1
biofilters,1
biofiltration,1
biofortification,1
biofouling,1
biofuels,1
biofumigation,1
biogas,1
biogenetic,1
biogenous,1
biogeochemistry,1
biogeographic,1
biogeographical,1
biographic,1
biographical,1
biographies,1
biographism,1
biography,1
biohazard,1
bioherms,1
bioinformatics,1
biola,1
biolaw,1
biolistics,1
biologic,1
biological_process,1
biologically,1
biologism,1
biologistic,1
biologists,1
bioluminescent,1
biomacromolecule,1
biomarkers,1
biomedical,1
biomedicine,1
biometeorology,1
biometrics,1
biomimetics,1
biomineralization,1
biomonitoring,1
biomphalaria,1
bionics,1
bionomic,1
bionomical,1
bionomics,1
biont,1
biopesticides,1
biopiracy,1
bioplastics,1
biopolymers,1
bioponics,1
bioprinting,1
bioprospecting,1
bioreactors,1
bioresmethrin,1
bioretention,1
bioscience,1
bioscrubbers,1
biosecurity,1
biosensors,1
biosolids,1
biosorption,1
biospeleology,1
biosteres,1
biostimulants,1
biostratigraphy,1
biosurfactants,1
biosynthetic,1
biosystematic,1
biosystematy,1
biota,1
biotech,1
biotelemetry,1
biotic,1
biotin,1
biotite,1
biotitic,1
biotopes,1
bioturbation,1
biotypes,1
biotypic,1
biotyping,1
biovular,1
bipa,1
biparous,1
bipartisan,1
bipartizan,1
biped,1
bipedal,1
bipedalism,1
biphenyl,1
bipinnate,1
bipinnatifid,1
bipolaris,1
biquadrate,1
biracial,1
biradial,1
biradially,1
biram,1
biramous,1
birbynė,1
birchen,1
birdcall,1
birdlime,1
birdnest,1
birdnesting,1
birdsong,1
birdwatch,1
birefringence,1
birefringent,1
biriba,1
biribol,1
birken,1
birl,1
birle,1
birling,1
birnaviridae,1
birnavirus,1
birthmark,1
birthrate,1
biscuits,1
biscupidate,1
bise,1
bisect,1
bisection,1
bisectional,1
bisernica,1
biserrate,1
bisexual,1
bishgüür,1
bishopry,1
bismarckian,1
bismuth,1
bismuthal,1
bismuthic,1
bisontine,1
bistered,1
bistred,1
bistroic,1
bisulcate,1
bitchery,1
bitches,1
bitchiness,1
bitchy,1
bitertanol,1
bitey,1
bithionol,1
bitingly,1
bitt,1
bitterish,1
bitterly,1
bittersweet,1
bittie,1
bitty,1
bitumen,1
bitumenoid,1
bituminise,1
bituminize,1
bituminoid,1
bituminous,1
bivalve,1
bivalved,1
bivariate,1
bivouac,1
bivouacking,1
biwa,1
bixa,1
bixaceae,1
biz,1
bizarre,1
bizarreness,1
bize,1
bizonal,1
bjerkandera,1
blab,1
blabber,1
blabbermouthed,1
blabby,1
blaberidae,1
blaberus,1
blackbirds,1
blacken,1
blackened,1
blackening,1
blackfoot,1
blackguard,1
blackguardly,1
blackheart,1
blackish,1
blacklead,1
blacksmiths,1
blacktop,1
blackwater,1
bladderlike,1
bladdery,1
bladelike,1
blae,1
blagovestnik,1
blah,1
blahs,1
blain,1
blakeslea,1
blamable,1
blameable,1
blameful,1
blameless,1
blamelessly,1
blamelessness,1
blameworthiness,1
blameworthy,1
blanched,1
blanching,1
blandish,1
blandly,1
blandness,1
blaniulus,1
blankly,1
blankness,1
blase,1
blaspheme,1
blasphemous,1
blasphemously,1
blastema,1
blastemal,1
blastematic,1
blastemic,1
blastocele,1
blastocladiales,1
blastocladiomycota,1
blastocoelic,1
blastocyst,1
blastocystis,1
blastocytoma,1
blastoderm,1
blastodermatic,1
blastodermic,1
blastodisc,1
blastoff,1
blastogenetic,1
blastoma,1
blastomeric,1
blastomyces,1
blastomycetes,1
blastomycosis,1
blastomycotic,1
blastophaga,1
blastoporal,1
blastopore,1
blastoporic,1
blastoschizomyces,1
blastospheric,1
blastula,1
blastular,1
blat,1
blatancy,1
blatant,1
blatantly,1
blatherskite,1
blatta,1
blattaria,1
blattella,1
blattellidae,1
blattidae,1
blaxploitation,1
blazon,1
bleached,1
bleaching,1
bleak,1
bleakly,1
bleakness,1
bleary,1
bleb,1
blebbed,1
blebby,1
blench,1
blenheim,1
blenniidae,1
blennioidei,1
blepharism,1
blepharochalasis,1
blepharophimosis,1
blessedly,1
blessedness,1
blighia,1
blighted,1
blimpish,1
blindfolded,1
blindleistung,1
blindly,1
blissful,1
blissfully,1
blissfulness,1
blissus,1
blistered,1
blisters,1
blistery,1
blithe,1
blithely,1
blitheness,1
blither,1
blithesome,1
blitt,1
blockboard,1
blockbuster,1
blockheaded,1
blockish,1
blockwerk,1
blocky,1
blondness,1
bloodbath,1
bloodcurdling,1
bloodguilt,1
bloodguilty,1
bloodily,1
bloodless,1
bloodlessly,1
bloodletting,1
bloodline,1
bloodlust,1
bloodshed,1
bloodshot,1
bloodstain,1
bloodstained,1
bloodsucking,1
bloodthirstiness,1
bloodthirsty,1
bloomer,1
blooper,1
blotter,1
blotto,1
bloviate,1
blowbang,1
blowhole,1
blowjob,1
blowouts,1
blowsy,1
blowy,1
blowzy,1
blub,1
blubbery,1
bluefish,1
bluegrass,1
blueish,1
blueness,1
bluffly,1
bluffness,1
bluish,1
bluishness,1
blul,1
blumea,1
blumeria,1
blumeriella,1
bluntly,1
bluntness,1
blûr,1
blurb,1
blurriness,1
blurt,1
blushful,1
blushing,1
blustering,1
blusterous,1
blustery,1
bm,1
bmi,1
bmr,1
bmus,1
bmx,1
bns,1
bo,1
boardsport,1
boastfully,1
boastfulness,1
boatload,1
boatmanship,1
bobre,1
bobsled,1
bobsledding,1
bobsleigh,1
bobtail,1
bobtailed,1
bocci,1
boccia,1
boccie,1
bocina,1
bock,1
bodacious,1
bode,1
bodega,1
bodge,1
bodhrán,1
bodiless,1
boding,1
bodoni,1
bodyboarding,1
bodyless,1
bodypaint,1
bodysurfing,1
bodywork,1
boehmenism,1
boehmeria,1
boeotian,1
boffo,1
bofu,1
bogartian,1
bogginess,1
boggy,1
bogus,1
boha,1
bohemianism,1
boidae,1
boilerplate,1
boilers,1
boisterous,1
boisterously,1
bokkos,1
bokmaal,1
bokmal,1
bolanci,1
boldly,1
boldness,1
boletales,1
boletus,1
bolide,1
bolivia,1
bolivian,1
boliviano,1
bollix,1
bollocks,1
bolographic,1
bolombatto,1
bolometric,1
bolon,1
boloney,1
bolschewik,1
bolshevik,1
bolshevise,1
bolshevist,1
bolshevistic,1
bolshevize,1
bolshy,1
bolus,1
bombacaceae,1
bombacopsis,1
bombardón,1
bombast,1
bombastic,1
bombastically,1
bombax,1
bombilate,1
bombilation,1
bombinate,1
bombination,1
bombo,1
bombshell,1
bombus,1
bombycidae,1
bombyliidae,1
bombyx,1
bonaire,1
bonamia,1
bonamiosis,1
bonang,1
bonanza,1
bonasa,1
bondable,1
bonderise,1
bonderize,1
boneheaded,1
boneless,1
bonelike,1
boner,1
boney,1
bonfire,1
bongkel,1
bongo,1
bonheur,1
bonhomie,1
boniness,1
bonitos,1
bonk,1
bonkers,1
bonnemaisoniaceae,1
bonnet,1
bonnie,1
bonnily,1
bonny,1
bonsai,1
bonshō,1
bonyness,1
bonzer,1
boob,1
boobam,1
booby,1
bookable,1
bookbinding,1
bookfair,1
bookish,1
bookishness,1
bookkeeping,1
booklet,1
bookplate,1
boolean,1
boomwhacker,1
boophilus,1
boops,1
boorish,1
boorishly,1
boorishness,1
bootlegging,1
bootless,1
bootlick,1
bootlicking,1
bootstrap,1
booty,1
booze,1
boozing,1
boozy,1
bopeep,1
boracic,1
borage,1
boraginaceae,1
boraginales,1
borago,1
borassus,1
borated,1
borates,1
borax,1
bordetella,1
bordonua,1
boreas,1
boreholes,1
boreoeutheria,1
boreogadus,1
boric,1
boringly,1
boringness,1
borneo,1
borodino,1
boron,1
boronic,1
borrelia,1
borreliosis,1
borrindo,1
borroka,1
boru,1
bos,1
bosh,1
bosie,1
boskopoid,1
bosky,1
bosnian,1
bosomed,1
bosomy,1
boson,1
bossaball,1
bossism,1
bossy,1
boston,1
bostrichidae,1
boswellia,1
botanic,1
botanical,1
botanise,1
botanists,1
botanize,1
botanophila,1
botched,1
botchy,1
botet,1
bothersome,1
bothidae,1
bothriocephalidae,1
bothriocephalus,1
bothriochloa,1
bothynoderes,1
botifarra,1
botija,1
botonee,1
botonnee,1
botryococcus,1
botryodiplodia,1
botryoid,1
botryosphaeria,1
botryosphaeriales,1
botryotinia,1
botrytis,1
botswana,1
botswanan,1
bottlefeed,1
bottleful,1
bottomless,1
bottomlessness,1
bottommost,1
botuliform,1
botulinal,1
bouea,1
bouffant,1
bouffe,1
bougainville,1
bougainvillea,1
bougarabou,1
boughed,1
boughless,1
boughten,1
boula,1
bouldered,1
bouldering,1
bouldery,1
boultenn,1
bounciness,1
bouncy,1
boundedness,1
bounden,1
bounderish,1
boundless,1
boundlessly,1
boundlessness,1
bounteous,1
bounteously,1
bounteousness,1
bountied,1
bountiful,1
bountifully,1
bountifulness,1
bouquet,1
bourdon,1
bourgeois,1
bourgeon,1
bourle,1
bourn,1
bourne,1
bouse,1
boustrophedon,1
boustrophedonic,1
bouteillophone,1
bouteloua,1
bouvardia,1
bouvines,1
bouyei,1
bouzouki,1
bovichtidae,1
bovicola,1
bovid,1
bovinae,1
bowdlerisation,1
bowdlerise,1
bowdlerism,1
bowdlerization,1
bowdlerize,1
bowelless,1
bower,1
bowery,1
bowfishing,1
bowfront,1
bowhunting,1
bowleg,1
bowlegged,1
bowlful,1
bowse,1
boxcars,1
boxful,1
boxlike,1
boxy,1
boyhood,1
boyish,1
boyishly,1
boyishness,1
boyne,1
boytrose,1
bozuk,1
bph,1
bpi,1
bpm,1
bps,1
brabble,1
brač,1
brachaeluridae,1
brachial,1
brachiaria,1
brachiation,1
brachionichthyidae,1
brachionidae,1
brachionus,1
brachiopod,1
brachiopodous,1
brachioradialis,1
brachioteuthidae,1
brachistochrone,1
brachium,1
brachycaudus,1
brachycephalic,1
brachycephalism,1
brachycera,1
brachychiton,1
brachycoleus,1
brachycolus,1
brachycorynella,1
brachycranial,1
brachycranic,1
brachydactylia,1
brachydactylic,1
brachydactylous,1
brachydont,1
brachymeria,1
brachypodium,1
brachypterous,1
brachystegia,1
brachytelomesophalangy,1
brachyturricephaly,1
brachyura,1
brachyurous,1
brackish,1
brackishness,1
bracon,1
braconidae,1
bracteal,1
bracteate,1
bracted,1
bracteolate,1
brad,1
bradykinesia,1
bradykinin,1
bradylalia,1
bradyopsia,1
bradypnea,1
bradyrhizobium,1
bradysia,1
braggadocio,1
braggart,1
braggy,1
brahmana,1
brahmanism,1
brahmi,1
brahminic,1
brahminical,1
brahminism,1
brahms,1
brahui,1
brainish,1
brainless,1
brainpower,1
brainsick,1
brainstem,1
brainstorming,1
brainwashed,1
brainwashing,1
brainy,1
braise,1
braised,1
braky,1
braless,1
brama,1
brambly,1
bramevac,1
bramidae,1
branchial,1
branchiate,1
branchiomyces,1
branchiopod,1
branchiopoda,1
branchiopodan,1
branchiopodous,1
branchiostegidae,1
branchiostoma,1
branchiostomatidae,1
branchiura,1
branchless,1
branchwood,1
branchy,1
brandenburg,1
brandmark,1
brandy,1
brännboll,1
branta,1
brash,1
brashly,1
brashness,1
brassbound,1
brassica,1
brassicaceae,1
brassicales,1
brassinolide,1
brassinosteroids,1
brasslike,1
brattice,1
brattiness,1
brattish,1
brattle,1
bratty,1
braula,1
braulidae,1
bräus,1
bravado,1
bravely,1
braveness,1
bravura,1
braw,1
brawn,1
brawniness,1
brawny,1
braze,1
brazenly,1
brazenness,1
brazil,1
brazilian,1
breadfruits,1
breadmaking,1
breadthways,1
breadthwise,1
breakability,1
breakable,1
breakableness,1
breakdance,1
breaker,1
breakneck,1
breakout,1
breakwaters,1
breastfeed,1
breastfeeding,1
breastless,1
breathalyse,1
breathalyze,1
breather,1
breathless,1
breathlessly,1
breathlessness,1
breathtaking,1
brechzahl,1
breeched,1
breezily,1
breezy,1
bregma,1
bregmacerotidae,1
bregmatic,1
breite,1
brelo,1
bremen,1
bremia,1
breton,1
breve,1
breviary,1
brevibacterium,1
brevicoryne,1
brevipalpus,1
brevoortia,1
breweries,1
briary,1
briazkalnytsia,1
bribable,1
bribery,1
brickbat,1
bricklaying,1
brickle,1
brickly,1
bricolage,1
bridelia,1
bridgeable,1
briefless,1
briefly,1
briefness,1
briery,1
brigade,1
brightly,1
brill,1
brille,1
brilliancy,1
brilliantly,1
brimful,1
brimfull,1
brimless,1
brinded,1
brindle,1
brindled,1
brine,1
brines,1
brininess,1
brining,1
brinkmanship,1
brinquinho,1
briny,1
brio,1
briquettes,1
briquetting,1
bris,1
brisance,1
brisant,1
brisken,1
briskly,1
briskness,1
briss,1
bristlelike,1
bristliness,1
bristly,1
britannic,1
brith,1
briticism,1
british,1
briton,1
brittanic,1
brittany,1
brittleness,1
brix,1
bro,1
broach,1
broached,1
broadband,1
broaden,1
broadleaf,1
broadloom,1
broadly,1
broadness,1
broadnosed,1
broadsheet,1
broadwise,1
broancă,1
brobdingnag,1
brocade,1
brocaded,1
broccoli,1
brochidodromous,1
brochothrix,1
brochure,1
brodifacoum,1
broider,1
broiled,1
brokenhearted,1
brokenheartedness,1
bromacil,1
bromadiolone,1
bromance,1
bromate,1
bromates,1
bromatology,1
bromeliaceae,1
bromic,1
bromide,1
bromides,1
brominate,1
bromine,1
bromophos,1
bromoviridae,1
bromovirus,1
bromoxynil,1
bromus,1
bronchi,1
bronchial,1
bronchiectasis,1
bronchiolar,1
bronchiole,1
bronchiolectasis,1
bronchiolitis,1
bronchitic,1
bronchocele,1
bronchocentric,1
bronchoconstriction,1
bronchodysplasia,1
broncholith,1
bronchomalacia,1
bronchomegaly,1
bronchopneumonia,1
bronchoscopic,1
bronchospasm,1
bronchus,1
bronzy,1
brooch,1
brooders,1
broodiness,1
broody,1
broomball,1
brosimum,1
brotherlike,1
broussonetia,1
brownish,1
brownness,1
brownout,1
browser,1
brucella,1
brucellin,1
bruchidae,1
bruchidius,1
bruchophagus,1
bruchus,1
brugia,1
brugmansia,1
bruguiera,1
bruit,1
brumaire,1
brumal,1
brummagem,1
brumous,1
brunanburh,1
brunch,1
bruneian,1
brunet,1
brunette,1
brunoniaceae,1
brunt,1
brushcutters,1
brushlike,1
brushup,1
brushwork,1
brushy,1
brusk,1
brusque,1
brusquely,1
brusqueness,1
brut,1
brutal,1
brutally,1
brutish,1
brutishly,1
bryndza,1
bryobia,1
bryologists,1
bryology,1
bryophyta,1
bryophytes,1
bryophytic,1
bryopsidales,1
bryopsidophyceae,1
brythonic,1
bs,1
bsarch,1
bse,1
btu,1
bu,1
bubaline,1
bubalus,1
bubanj,1
bubbliness,1
bubbly,1
bubo,1
bubon,1
bubonic,1
buccaneer,1
buccaneering,1
buccin,1
buccina,1
buccinidae,1
buccinum,1
bucculatrix,1
bucephala,1
bucephalidae,1
büchel,1
buchloe,1
bucium,1
bucketful,1
buckhorn,1
buckshee,1
buckwheat,1
buddhism,1
buddhist,1
buddhistic,1
buddleja,1
budge,1
budgetary,1
budwood,1
buffet,1
buffeted,1
buffeting,1
buffoonery,1
buffoonish,1
bufonidae,1
bugaboo,1
bugarija,1
bugbear,1
bugchu,1
bugger,1
buggery,1
bugginess,1
buggy,1
buglossoides,1
būgnas,1
būgnelis,1
bugology,1
buhay,1
buildering,1
buirdly,1
buisine,1
buk,1
bukhalo,1
buki,1
bulbaceous,1
bulbar,1
bulbed,1
bulblike,1
bulbophyllum,1
bulgari,1
bulgaria,1
bulginess,1
bulgur,1
bulgy,1
bulimarexia,1
bulimic,1
bulkiness,1
bulky,1
bullate,1
bulldog,1
bulldoze,1
bulldozers,1
bullhead,1
bullheaded,1
bullheadedness,1
bullion,1
bullish,1
bullnecked,1
bullocks,1
bullocky,1
bullroarer,1
bullyrag,1
bultong,1
bulwark,1
bumbass,1
bumblebees,1
bumbling,1
bumf,1
bummer,1
bumph,1
bumpiness,1
bumpkinly,1
bumptious,1
bumptiously,1
bumptiousness,1
bumpy,1
bunamidine,1
bunce,1
bunchy,1
buncombe,1
bundengan,1
bundeshotel,1
bunding,1
bunfight,1
bungaloid,1
bungas,1
bungkaka,1
bungkau,1
bungled,1
bunglesome,1
bungling,1
bunion,1
bunko,1
bunkokuhō,1
bunkum,1
buno,1
bunostomum,1
bunyaviridae,1
buoyantly,1
buoys,1
bupalus,1
buphthalmos,1
bupleurum,1
buprestidae,1
buprofezin,1
bur,1
bura,1
buraco,1
burble,1
burbling,1
burbly,1
burbots,1
burczybas,1
burdenless,1
burdensome,1
burdensomeness,1
bureaucracy,1
bureaucratic,1
bureaucratically,1
bureaus,1
burgenland,1
burgeon,1
burgeoning,1
burglarious,1
burglarise,1
burglarize,1
burglarproof,1
burglary,1
burgle,1
burgrecht,1
burked,1
burkholderiaceae,1
burled,1
burly,1
burnability,1
burnable,1
burners,1
burnished,1
burny,1
burqa,1
burqini,1
burr,1
burred,1
burrlike,1
burrocross,1
burry,1
bursal,1
bursaphelenchus,1
bursary,1
bursera,1
burseraceae,1
bursidae,1
bursiform,1
burthen,1
burundian,1
bushido,1
bushmeat,1
bushwhacking,1
bushy,1
busily,1
businesslike,1
busk,1
busload,1
busseola,1
busted,1
bustling,1
busty,1
busybodied,1
busyness,1
busywork,1
butane,1
butanol,1
butat,1
butch,1
butcherly,1
butchery,1
buteonine,1
buthidazole,1
butomaceae,1
butralin,1
butroxydim,1
butt,1
butterfingered,1
butterfish,1
buttermaking,1
buttermilk,1
buttery,1
buttock,1
buttonhole,1
buttonlike,1
buttony,1
buttress,1
buttressed,1
buttweld,1
butut,1
butylhydroquinone,1
butyraceous,1
butyrate,1
butyrates,1
butyric,1
butyrivibrio,1
butyrometers,1
butyrospermum,1
buxaceae,1
buxales,1
buxom,1
buxomly,1
buxomness,1
buxus,1
buyback,1
buyi,1
buyout,1
buzuq,1
buzzer,1
buzzword,1
bw,1
bycatch,1
bye,1
byelorussian,1
byhorn,1
bylaw,1
bymovirus,1
byname,1
bypass,1
bypast,1
byplay,1
byproduct,1
byssochlamys,1
byssus,1
bythitidae,1
bythitoidei,1
byturidae,1
byword,1
byz,1
byzaanchy,1
byzant,1
byzantinism,1
c.e.,1
c.o.d.,1
c0,1
c1,1
c2,1
c3,1
c4,1
c5,1
c6,1
caadp,1
cabalistic,1
cabaret,1
cabasa,1
cabg,1
cabin,1
cabinetmaking,1
cabinetry,1
cabinetwork,1
cablegram,1
cableways,1
cabrette,1
cacharaina,1
cachectic,1
cachet,1
cachexy,1
cachinnate,1
cachinnation,1
cackel,1
cackly,1
cacm,1
cacodaemonic,1
cacodemonic,1
cacodylic,1
cacoecimorpha,1
cacoethes,1
cacogenesis,1
cacogenic,1
cacogenics,1
cacography,1
cacophonic,1
cacophonous,1
cacopsylla,1
cactaceae,1
cactodera,1
cacuminal,1
cad,1
cadaster,1
cadastral,1
cadastre,1
cadastres,1
cadaveric,1
cadaverine,1
caddie,1
caddish,1
caddo,1
caddoan,1
caddy,1
cadenced,1
cadency,1
cadent,1
cadenza,1
cadetship,1
cadge,1
cadherin,1
cadmium,1
cadra,1
caducean,1
caduceus,1
caducous,1
caecal,1
caecilia,1
caecilian,1
caeciliidae,1
caecotrophy,1
caecum,1
caelifera,1
caenogenesis,1
caesalpinia,1
caesalpinioideae,1
caesaropapism,1
caesionidae,1
caesium,1
caespitose,1
caesural,1
caffeine,1
caffeinic,1
caffeinism,1
cagey,1
cagily,1
çağur,1
cagy,1
cahita,1
cahoot,1
caiman,1
caimaninae,1
cainogenesis,1
cairina,1
cairn,1
cairned,1
caisa,1
caissons,1
caitiff,1
caitra,1
caixinha,1
cajanus,1
cajole,1
cajolery,1
cajolingly,1
cajón,1
cak,1
cakalele,1
cakchiquel,1
calabria,1
calacarus,1
caladium,1
calamagrostis,1
calamitous,1
calamity,1
calamondins,1
calando,1
calappa,1
calappidae,1
calathea,1
calbindin,1
calcaneal,1
calcaneus,1
calcar,1
calcareous,1
calced,1
calceiform,1
calceolaria,1
calceolariaceae,1
calceolate,1
calcic,1
calcicolous,1
calciferous,1
calcific,1
calcified,1
calcifugous,1
calcify,1
calcimine,1
calcination,1
calcine,1
calcisols,1
calcitic,1
calcitization,1
calcium(2+),1
calcrete,1
calculability,1
calculable,1
calculatingly,1
calculative,1
calculators,1
calculous,1
calculus,1
calcuttan,1
calefacient,1
calefaction,1
calefactive,1
calefactory,1
calender,1
calendered,1
calendric,1
calendrical,1
calendula,1
calepitrimerus,1
cales,1
calf,1
caliber,1
calibre,1
caliciviridae,1
calicular,1
california,1
californian,1
californium,1
caliginous,1
caligus,1
calinda,1
caliper,1
caliroa,1
calisthenic,1
calisthenics,1
callable,1
callanthiidae,1
callaphididae,1
callaphis,1
callathump,1
callback,1
caller,1
callianassidae,1
calliandra,1
callicarpa,1
callichthyidae,1
calligonum,1
calligraph,1
calligraphic,1
calligraphical,1
calligraphy,1
callinectes,1
callionymidae,1
calliope,1
calliper,1
calliphora,1
calliphoridae,1
calliptamus,1
callipygian,1
callipygous,1
callistemon,1
callistephus,1
callisthenics,1
callisto,1
callithump,1
callithumpian,1
callitrichaceae,1
callitrichidae,1
callogenesis,1
callorhinchidae,1
callorhinus,1
callosectomy,1
callosobruchus,1
callosotomy,1
callously,1
callousness,1
callow,1
callowness,1
calluna,1
calmly,1
calmodulin,1
calocarpum,1
calocoris,1
calocybe,1
calonectria,1
calophyllum,1
calopogonium,1
calor,1
calore,1
caloric,1
calorifacient,1
calorific,1
calorimetric,1
calosoma,1
calothrix,1
calotropis,1
calpain,1
calpastatin,1
calpe,1
calque,1
caltha,1
calumniate,1
calumniation,1
calumniatory,1
calumnious,1
calumniously,1
calung,1
calva,1
calvary,1
calvatia,1
calves,1
calving,1
calvinism,1
calvinist,1
calvinistic,1
calvinistical,1
calycanthaceae,1
calyceal,1
calycinal,1
calycine,1
calycled,1
calycular,1
calyculate,1
calyptrate,1
calystegia,1
camaguey,1
camaraderie,1
cambaridae,1
cambarus,1
cambial,1
cambisols,1
cambium,1
cambodia,1
cambodian,1
camelids,1
camelina,1
camellia,1
camelpox,1
camembert,1
cameraria,1
cameroon,1
cameroonian,1
cammag,1
camogie,1
campaigning,1
campana,1
campania,1
campanula,1
campanulaceae,1
campanulales,1
campanular,1
campanulate,1
campanulated,1
campeche,1
campesterol,1
campestral,1
campfire,1
camphechlor,1
camphor,1
camphoraceous,1
camphorate,1
camphorated,1
camphoric,1
campoletis,1
camponotus,1
campsis,1
camptochironomus,1
camptocormia,1
camptodactyly,1
camptotrichium,1
campy,1
campylobacter,1
campylobacteriosis,1
campylomma,1
campylonotidae,1
campylotropous,1
canaanite,1
canaanitic,1
canada,1
canadian,1
canalicular,1
canaliculate,1
canalipalpata,1
canalisation,1
canalise,1
canalization,1
canalize,1
cananga,1
canard,1
canaries,1
canarium,1
canavalia,1
canavanine,1
cancan,1
cancellate,1
cancellated,1
cancer,1
cancerous,1
cancridae,1
candent,1
candescent,1
candid,1
candida,1
candidacy,1
candidature,1
candidly,1
candidness,1
candlelight,1
candlemas,1
candlepins,1
candlepower,1
cane,1
canescent,1
canfield,1
canful,1
cảnh,1
canicular,1
canicule,1
caniformia,1
cankerous,1
cankers,1
canna,1
cannabaceae,1
cannaceae,1
cannae,1
canneries,1
cannibalic,1
cannibalise,1
cannibalistic,1
cannibalize,1
cannily,1
cannular,1
cannulate,1
cannulation,1
cannulisation,1
cannulise,1
cannulization,1
cannulize,1
canny,1
canoe,1
canoeing,1
canoes,1
canon,1
canonically,1
canonisation,1
canonise,1
canonised,1
canonist,1
canonization,1
canonize,1
canonized,1
canoodle,1
canopied,1
canorous,1
cantabile,1
cantabrigian,1
cantaloupes,1
cantankerous,1
cantankerously,1
cantaro,1
cantata,1
canted,1
cantering,1
cantharellaceae,1
cantharellales,1
cantharellus,1
cantharidae,1
cantharophily,1
cantharus,1
canthaxanthin,1
canthus,1
canticle,1
canticles,1
cantillate,1
cantillation,1
canto,1
cantonal,1
cantonese,1
canty,1
canulate,1
canulation,1
canulisation,1
canulization,1
canvassing,1
canyoning,1
çap,1
capably,1
capacious,1
capacitive,1
caparison,1
caparisoned,1
capea,1
capelado,1
capelin,1
caperea,1
capetian,1
capful,1
capillaria,1
capillariasis,1
capillarity,1
capitalism,1
capitate,1
capitation,1
capitula,1
capitular,1
capitulate,1
capitulum,1
capnodiales,1
capnodis,1
capoeira,1
caponise,1
caponize,1
caponizing,1
capons,1
caporetto,1
cappadocian,1
capparaceae,1
capparis,1
capra,1
capreolus,1
capriccio,1
caprice,1
capricious,1
capriciously,1
capriciousness,1
caprification,1
caprifoliaceae,1
caprimulgiformes,1
caprine,1
capripoxvirus,1
caproidae,1
capsaicin,1
capsella,1
capsicum,1
capsize,1
capstone,1
capsular,1
capsulated,1
captafol,1
captaincy,1
captainship,1
captan,1
captious,1
captiously,1
captivate,1
captivated,1
captivating,1
captivatingly,1
capulidae,1
caput,1
carabidae,1
carabobo,1
caracal,1
caracanthidae,1
caracole,1
caragana,1
carambolas,1
caramelise,1
caramelize,1
caramera,1
caramusa,1
carángano,1
carangid,1
carangidae,1
carangoides,1
caranx,1
carapidae,1
carassius,1
carat,1
caravan,1
caravanning,1
caravella,1
caraway,1
carbachol,1
carbadox,1
carbamate,1
carbamates,1
carbarsone,1
carbaryl,1
carbendazim,1
carbetamide,1
carbocyclic,1
carbofuran,1
carbohydrases,1
carbolated,1
carbonaceous,1
carbonated,1
carbonic,1
carbonisation,1
carbonise,1
carbonization,1
carbonize,1
carbonous,1
carbonyl,1
carbonylic,1
carbophenothion,1
carbosulfan,1
carboxamide,1
carboxin,1
carboxyl,1
carboxylate,1
carboxylation,1
carboxylesterase,1
carboxylic,1
carboxylyases,1
carboxymethylcellulose,1
carbuncled,1
carbuncular,1
carburet,1
carburettors,1
carburise,1
carburize,1
carcabas,1
carcharhinidae,1
carcharhiniformes,1
carcharhinus,1
carcharodon,1
carcinogenesis,1
carcinogenic,1
carcinogens,1
carcinoid,1
carcinologists,1
carcinology,1
carcinomatous,1
carcinoplax,1
carcinosarcoma,1
carcinus,1
cardamom,1
cardia,1
cardiac,1
cardiidae,1
cardinalate,1
cardinality,1
cardinalship,1
cardioblast,1
cardiocyte,1
cardiogram,1
cardiographic,1
cardiography,1
cardioid,1
cardiolipins,1
cardiologic,1
cardiology,1
cardiopathy,1
cardiophorus,1
cardiopulmonary,1
cardiorespiratory,1
cardiospasm,1
cardiovascular,1
cardisoma,1
carditidae,1
carditis,1
cardium,1
cardoons,1
carduelis,1
carduus,1
careerism,1
carefree,1
carefully,1
carefulness,1
careless,1
carelessly,1
carelian,1
carémère,1
caressing,1
caret,1
caretta,1
careworn,1
carex,1
carfare,1
carfentrazone,1
carful,1
carib,1
caribbean,1
carica,1
caricaceae,1
caricom,1
caries,1
carimba,1
carinal,1
carinate,1
carinated,1
carinthia,1
carious,1
caris,1
carissa,1
caristiidae,1
carjack,1
carjacking,1
cark,1
carlavirus,1
carload,1
carludovica,1
carmelite,1
carminative,1
carmovirus,1
carnage,1
carnalise,1
carnality,1
carnallite,1
carnally,1
carnassial,1
carnify,1
carnitine,1
carnitinuria,1
carnival,1
carnivorousness,1
carnivory,1
carnobacterium,1
carnosinuria,1
carnyx,1
carobs,1
carolean,1
caroline,1
caroling,1
carolingian,1
carotene,1
carotenemia,1
carotenes,1
carotenoid,1
carotenoids,1
carotenol,1
carotid,1
carotidynia,1
carousal,1
carousing,1
carpal,1
carpellary,1
carpellate,1
carpels,1
carpenter,1
carpentry,1
carpetbagging,1
carpeted,1
carpinus,1
carpobrotus,1
carpoglyphidae,1
carpometacarpus,1
carpomya,1
carpophagous,1
carpophilus,1
carposina,1
carposinidae,1
carposporic,1
carposporous,1
carpus,1
carrageenans,1
carrier,1
carroty,1
carsick,1
carsidaridae,1
cartage,1
cartap,1
carte,1
cartel,1
cartelization,1
cartels,1
cartesian,1
carthaginian,1
carthamus,1
carthusian,1
cartilaginification,1
cartload,1
cartographic,1
cartographical,1
carton,1
cartonful,1
carum,1
caruncular,1
carunculate,1
carunculated,1
carunculous,1
carvacrol,1
carven,1
carvone,1
carwash,1
carya,1
caryedon,1
caryocar,1
caryocaraceae,1
caryophyllaceae,1
caryophyllaceous,1
caryophyllales,1
caryophyllidae,1
caryopses,1
caryopteris,1
caryota,1
cascabel,1
cascahuilla,1
caseate,1
caseful,1
casein,1
caseinates,1
casework,1
cashable,1
cashcard,1
cashier,1
cashmere,1
casimiroa,1
casings,1
casino,1
casiotone,1
cask,1
caskful,1
cassabananas,1
cassia,1
cassida,1
cassidae,1
cassino,1
cassipourea,1
cassite,1
cassocked,1
cassowaries,1
castanea,1
castanets,1
castanopsis,1
caste,1
casteless,1
castellated,1
castilian,1
castilla,1
castnia,1
castniidae,1
castoreum,1
castoridae,1
castorimorpha,1
castrated,1
castroism,1
casually,1
casualness,1
casualty,1
casuariiformes,1
casuarina,1
casuarinaceae,1
casuistic,1
casuistical,1
casuistry,1
catá,1
catabatic,1
catabiosis,1
catabolise,1
catabolites,1
catabolize,1
catacaustic,1
catachresis,1
catachrestic,1
catachrestical,1
cataclinal,1
cataclysmal,1
cataclysmic,1
catacorner,1
catadromous,1
catalase,1
catalatic,1
catalepsy,1
cataleptic,1
catalexis,1
catalogues,1
cataloguing,1
catalpa,1
catalyse,1
catalytic,1
catalytically,1
catalyze,1
catamarans,1
catamarca,1
catamenia,1
catamenial,1
catananche,1
cataphasia,1
cataphatic,1
cataphatism,1
cataphoresis,1
cataphoretic,1
cataplasia,1
cataplastic,1
cataplexy,1
catapult,1
catapultian,1
catapultic,1
catarrh,1
catarrhal,1
catarrhine,1
catarrhini,1
catarrhinian,1
catasetum,1
catastrophic,1
catastrophically,1
catathymia,1
catatonia,1
catatonic,1
catawba,1
catchability,1
catcher,1
catchpenny,1
catchphrase,1
catchword,1
catechesis,1
catechetic,1
catechetical,1
catechin,1
catechise,1
catechism,1
catechismal,1
catechistic,1
catechize,1
catecholamine,1
catecholamines,1
categorem,1
categorematic,1
categoreme,1
categorial,1
categorically,1
categorise,1
categorised,1
categorize,1
categorized,1
catenate,1
cater,1
catercorner,1
caterpillars,1
catha,1
catharanthus,1
catharism,1
catharsis,1
cathartic,1
cathect,1
cathectic,1
cathedral,1
cathepsins,1
catheterisation,1
catheterise,1
catheterization,1
catheterize,1
cathexis,1
cathodic,1
catholicise,1
catholicism,1
catholicize,1
cationic,1
catjang,1
catkinate,1
catla,1
catolaccus,1
catoptric,1
catoptrical,1
catoptrics,1
catostomidae,1
catostomus,1
cattie,1
cattiness,1
cattish,1
cattleya,1
caucalis,1
caucasic,1
caucasoid,1
caucus,1
caudalipuboischiotibialis,1
caudally,1
caudated,1
caudofemoralis,1
caulerpaceae,1
caulescent,1
cauliflowers,1
caulimovirus,1
cauline,1
caulophrynidae,1
causa,1
causal,1
causalgia,1
causality,1
causally,1
causation,1
causative,1
causeless,1
causerie,1
caustically,1
cauterisation,1
cauterise,1
cauterization,1
cauterize,1
cautery,1
cautionary,1
cautiously,1
cautiousness,1
caval,1
cavalier,1
cavalierly,1
cavaquinho,1
cavariella,1
caveat,1
cavernous,1
cavia,1
caviar,1
cavitation,1
cavitied,1
cavort,1
caxirola,1
caxixi,1
cays,1
cayuga,1
cbc,1
cbd,1
cbr,1
ce,1
ceara,1
ceaseless,1
ceaselessly,1
ceaselessness,1
cebuan,1
cebuano,1
cecal,1
cecidia,1
cecidomyiidae,1
cecidophyopsis,1
cecidozoa,1
cécilium,1
cecity,1
cecropia,1
cecum,1
cedarn,1
cedaw,1
cede,1
cedi,1
cedilla,1
ceding,1
cedrela,1
cedrobium,1
cedrus,1
cefotaxime,1
ceftiofur,1
ceiba,1
ceilidh,1
ceilinged,1
cekuntrung,1
celastraceae,1
celastrales,1
celebratory,1
celebrity,1
celempung,1
celeriac,1
celerity,1
celesta,1
celiac,1
celibate,1
celinder,1
celiocentesis,1
celioma,1
celioscopy,1
cellarage,1
cellars,1
cello,1
cellobiose,1
cellone,1
cellophane,1
celloridoo,1
cellular_component,1
cellulase,1
cellulolysis,1
cellulomonas,1
cellulose,1
cellulosid,1
čelo,1
celosia,1
celtis,1
cembalet,1
cementation,1
cementitious,1
cementoma,1
cementum,1
cenangium,1
cenchrus,1
çeng,1
cenobitic,1
cenobitical,1
cenococcum,1
cenogenesis,1
cenogenetic,1
cenopalpus,1
cense,1
censored,1
censorial,1
censoring,1
censorious,1
censorship,1
censurable,1
cental,1
centare,1
centas,1
centaurea,1
centavo,1
centenarian,1
centennially,1
centerfield,1
centerfold,1
centerline,1
centerpiece,1
centesimo,1
centesis,1
centigrade,1
centile,1
centiliter,1
centilitre,1
centimetre,1
centimo,1
centner,1
centracanthidae,1
centrale,1
centralisation,1
centralise,1
centralised,1
centralising,1
centralism,1
centralist,1
centralistic,1
centrally,1
centranthus,1
centrarchidae,1
centred,1
centrefold,1
centrepiece,1
centres,1
centric,1
centrical,1
centrifugal,1
centrifugate,1
centrifugation,1
centrifuge,1
centrifuges,1
centrifuging,1
centrilobular,1
centriole,1
centripetal,1
centris,1
centriscidae,1
centrism,1
centrist,1
centrogeniidae,1
centroidal,1
centrolophidae,1
centromeres,1
centromeric,1
centrophrynidae,1
centropomidae,1
centropristis,1
centroscyllium,1
centrosema,1
centrosomic,1
centrospermae,1
centrosymmetric,1
cephaelis,1
cephalacanthus,1
cephalalgia,1
cephalaria,1
cephalcia,1
cephalhematoma,1
cephalic,1
cephalins,1
cephalitis,1
cephalocele,1
cephalochordata,1
cephalodorsosubpharyngeus,1
cephalometry,1
cephalonema,1
cephalopodan,1
cephalorhynchus,1
cephalosporins,1
cephalosporium,1
cephalotaxaceae,1
cephalothecium,1
cephalothorax,1
cephenemyia,1
cephidae,1
cephus,1
cepolidae,1
cer,1
cerambycidae,1
ceramiaceae,1
ceramide,1
ceramides,1
ceraphronidae,1
cerastium,1
ceratiidae,1
ceratitis,1
ceratocystis,1
ceratodontidae,1
ceratodontiformes,1
ceratoglossus,1
ceratomyxa,1
ceratonia,1
ceratophyllaceae,1
ceratophyllales,1
ceratophyllidae,1
ceratopogonidae,1
ceratostomella,1
ceratotheca,1
ceratotrichium,1
ceratozamia,1
cercaria,1
cercarial,1
cercidiphyllaceae,1
cercis,1
cercopidae,1
cercopithecidae,1
cercopithecinae,1
cercopithecoidea,1
cercopoidea,1
cercoseptoria,1
cercospora,1
cercosporella,1
cercosporidium,1
cere,1
cerebellar,1
cerebrally,1
cerebrate,1
cerebration,1
cerebrocerebellum,1
cerebromeningitis,1
cerebroside,1
cerebrosides,1
cerebrospinal,1
cerebrovascular,1
cerebrum,1
ceremonially,1
ceremoniously,1
ceremoniousness,1
ceric,1
cerithiidae,1
cerium,1
cernuous,1
cerography,1
ceroplastes,1
ceroplastics,1
cerotoma,1
cerous,1
ceroxylon,1
cert,1
certainly,1
certifiable,1
certificatory,1
certified,1
certiorari,1
certitude,1
cerumen,1
ceruminous,1
cervical,1
cervine,1
cervus,1
cespitose,1
cessation,1
cestoball,1
cestrum,1
cetacean,1
cetaceous,1
cetara,1
ceterone,1
cetology,1
cetomimidae,1
cetomimiformes,1
cetonia,1
cetopsidae,1
cetorhinidae,1
cetorhinus,1
cetra,1
ceutorhynchus,1
ceylonese,1
cf.,1
cgiar,1
cgs,1
ch'i,1
chabad,1
chabertia,1
chabertiidae,1
chabrette,1
chácaras,1
chaceon,1
chacidae,1
chaco,1
chaconne,1
chadagan,1
chadian,1
chadic,1
chador,1
chadri,1
chaenomeles,1
chaenopsidae,1
chaeronea,1
chaerophyllum,1
chaetal,1
chaetocnema,1
chaetodermatidae,1
chaetodontidae,1
chaetognatha,1
chaetognathan,1
chaetognathous,1
chaetomium,1
chaetopleuridae,1
chaetopsina,1
chaetosiphon,1
chaetothyriales,1
chafed,1
chafflike,1
chafing,1
chaga,1
chagane,1
chagatai,1
chagga,1
chagrined,1
chahta,1
chainlike,1
chainsaws,1
chairman,1
chairmanship,1
chait,1
chaitophoridae,1
chajchas,1
chakapa,1
chakhe,1
chalara,1
chalcididae,1
chalcodermus,1
chalcogen,1
chalcones,1
chaldaean,1
chaldean,1
chaldee,1
chaldron,1
challengeable,1
chalons,1
chalumeau,1
chalybeate,1
chamaecyparis,1
chamaedorea,1
chamaemyiidae,1
chamberlin,1
chamfer,1
chamidae,1
chamois,1
chamomilla,1
champ,1
champagnization,1
champerty,1
champleve,1
champsodontidae,1
chan,1
chanceful,1
chancellorship,1
chancellorsville,1
chancre,1
chancroid,1
chancroidal,1
chancrous,1
chancy,1
chande,1
chandigarh,1
chang,1
changeability,1
changeable,1
changeableness,1
changeful,1
changefulness,1
changeless,1
changelessness,1
changeover,1
changi,1
chanidae,1
channa,1
channelisation,1
channelization,1
channichthyidae,1
channidae,1
channukah,1
channukkah,1
chanoidei,1
chanos,1
chanoyu,1
chantey,1
chantlike,1
chantry,1
chanty,1
chanukah,1
chanukkah,1
chanza,1
chaoboridae,1
chaoborus,1
chaotically,1
chapareque,1
chapel,1
chaperon,1
chaperone,1
chapey,1
chapfallen,1
chaplaincy,1
chaplainship,1
chapleted,1
chapped,1
chaptalization,1
chapultepec,1
characeae,1
characidae,1
characiformes,1
characinoidei,1
characterisation,1
characteristically,1
characteristicness,1
characterless,1
charades,1
charadriidae,1
charadriiformes,1
charales,1
charango,1
charangon,1
chargeable,1
charily,1
chariness,1
chariot,1
charipidae,1
charisma,1
charitableness,1
charitably,1
charivari,1
charka,1
charlatanism,1
charmingly,1
charnel,1
charophyceae,1
charophyta,1
charrasquiño,1
chartaceous,1
chartered,1
chartism,1
chartless,1
charumera,1
chary,1
chasidic,1
chasidism,1
chaskele,1
chassidic,1
chassidism,1
chaste,1
chastely,1
chasteness,1
chastening,1
chastise,1
chatoyant,1
chatroom,1
chattanooga,1
chattel,1
chattering,1
chattily,1
chatty,1
chaturbate,1
chaudhuriidae,1
chauffeur,1
chaunacidae,1
chaw,1
chazakah,1
cheapen,1
cheapjack,1
cheaply,1
cheapness,1
checkbook,1
checkered,1
checklist,1
checkrow,1
checksum,1
checkup,1
checo,1
cheddar,1
cheddaring,1
cheekily,1
cheekiness,1
cheeky,1
cheerdance,1
cheerfully,1
cheerily,1
cheerio,1
cheerlead,1
cheerleading,1
cheerless,1
cheerlessly,1
cheerlessness,1
cheery,1
cheeselike,1
cheeseparing,1
cheesy,1
cheilodactylidae,1
cheiloschisis,1
cheiloscopy,1
cheilosis,1
cheilotrema,1
chekker,1
chelated,1
chelates,1
cheliceral,1
chelicerate,1
chelicerous,1
chelidae,1
chelidonichthys,1
cheliferous,1
chelishish,1
cheloid,1
chelonian,1
cheloniidae,1
chelonus,1
chelydridae,1
chelys,1
chemakuan,1
chemakum,1
chemic,1
chemically,1
chemiluminescent,1
chemisorb,1
chemisorption,1
chemisorptive,1
chemists,1
chemodectoma,1
chemoimmunology,1
chemoprophylaxis,1
chemoreceptive,1
chemoreceptor,1
chemoreceptors,1
chemosensitivity,1
chemosorption,1
chemosorptive,1
chemosterilants,1
chemosurgery,1
chemotaxonomy,1
chemotherapeutants,1
chemotherapeutic,1
chemotherapeutical,1
chemotherapy,1
chemotropism,1
chemotypes,1
chenda,1
chengila,1
cheniers,1
chenopodiaceae,1
chenopodium,1
chequebook,1
chequered,1
cherax,1
cheremis,1
cheremiss,1
cherimoyas,1
cherish,1
cherished,1
chernozems,1
cherokee,1
chertification,1
cherty,1
cherubic,1
chervil,1
cheskers,1
chesty,1
chetrum,1
chevron,1
chevvy,1
chevy,1
chewable,1
chewiness,1
chewy,1
cheyenne,1
cheyletidae,1
cheyletiella,1
cheyletiellidae,1
chhattisgarh,1
chhepchher,1
chian,1
chiapas,1
chiasmal,1
chiasmatic,1
chiasmic,1
chiasmodontidae,1
chiasmus,1
chiba,1
chiboni,1
chicahuaztli,1
chicanery,1
chichewa,1
chickamauga,1
chickasaw,1
chickenfeed,1
chickenfight,1
chickenhearted,1
chickenpox,1
chickenshit,1
chicle,1
chicness,1
chicory,1
chidaoba,1
chide,1
chiding,1
chiefly,1
chieftaincies,1
chieftaincy,1
chieftainship,1
chigufe,1
chihuahua,1
chikara,1
chikuzenbiwa,1
chilblain,1
chilblained,1
childbed,1
childbirth,1
childcare,1
childish,1
childishly,1
childishness,1
childless,1
childlessness,1
childlike,1
childly,1
childproof,1
chile,1
chilean,1
chiliad,1
chiliasm,1
chiliastic,1
chillador,1
chiller,1
chillies,1
chilliness,1
chills,1
chilly,1
chilo,1
chilocorus,1
chilomastix,1
chilopoda,1
chimaeras,1
chimaeridae,1
chimariko,1
chimera,1
chimeral,1
chimeric,1
chimpanzees,1
chimta,1
chimwini,1
china,1
chinaman,1
chinchillidae,1
chinchy,1
chine,1
ching,1
chingpo,1
chinked,1
chinless,1
chinlili,1
chinookan,1
chinotto,1
chintzily,1
chintzy,1
chionididae,1
chionodoxa,1
chionoecetes,1
chipendani,1
chipewyan,1
chippendale,1
chipper,1
chippewa,1
chippewaian,1
chippewyan,1
chiralgia,1
chirimia,1
chirk,1
chirocentridae,1
chirography,1
chirology,1
chiromance,1
chiromancy,1
chiromantic,1
chironemidae,1
chironomidae,1
chironomus,1
chiropody,1
chiropractic,1
chiropterophily,1
chiroteuthidae,1
chirpily,1
chirpiness,1
chirr,1
chishona,1
chislev,1
chit,1
chitarrone,1
chitinase,1
chitinous,1
chitonidae,1
chitosan,1
chitosome,1
chitter,1
chivalric,1
chivalrous,1
chivalrously,1
chivaree,1
chivvy,1
chivy,1
chiwang,1
chiwere,1
chizambi,1
chlamydeous,1
chlamydiaceae,1
chlamydiae,1
chlamydial,1
chlamydiales,1
chlamydiosis,1
chlamydomonadaceae,1
chlamydomonadales,1
chlamydomonas,1
chlamydophila,1
chlamydoselachidae,1
chlamydoselachus,1
chlamydospores,1
chlamys,1
chlefelen,1
chloasma,1
chlopsidae,1
chloramben,1
chloramphenicol,1
chloranthaceae,1
chloranthales,1
chlorantraniliprole,1
chlorates,1
chlordane,1
chlordecone,1
chlordimeform,1
chlorella,1
chlorellaceae,1
chlorellales,1
chlorfenapyr,1
chlorfenvinphos,1
chlorfluazuron,1
chlorflurenol,1
chloridazon,1
chlorides,1
chlorimuron,1
chlorine,1
chlorinity,1
chloris,1
chlormadinone,1
chlormequat,1
chlorochroa,1
chlorococcales,1
chlorofluorocarbons,1
chlorophacinone,1
chlorophenols,1
chlorophora,1
chlorophorus,1
chlorophthalmidae,1
chlorophyceae,1
chlorophyllose,1
chlorophyllous,1
chlorophylls,1
chlorophyllum,1
chlorophyta,1
chloropidae,1
chlorops,1
chlorothalonil,1
chlorothiazide,1
chlorotic,1
chlorotoluron,1
chlorpropham,1
chlorpyrifos,1
chlorsulfuron,1
chlortetracycline,1
choanephora,1
chocalho,1
chockablock,1
chockful,1
choctaw,1
choghur,1
choiceness,1
choiromyces,1
chokepoint,1
chokushi,1
choky,1
cholagogues,1
cholane,1
cholangiocarcinoma,1
cholangiocyte,1
cholangiography,1
cholanoid,1
cholecalciferol,1
cholecystectomy,1
cholecystokinin,1
choledocholithiasis,1
cholelithotomy,1
choler,1
choleraic,1
choleric,1
cholesteatoma,1
cholesterol,1
cholinergic,1
cholines,1
cholinesterase,1
chompi,1
chomping,1
chon,1
chondrify,1
chondrilla,1
chondritic,1
chondritis,1
chondroblast,1
chondroblastoma,1
chondrocalcinosis,1
chondrocranium,1
chondrocyte,1
chondroma,1
chondrostei,1
chondrostereum,1
chondrus,1
chongqing,1
chonguri,1
choor,1
choosey,1
choosy,1
chopfallen,1
chopin,1
chopper,1
choppers,1
choppiness,1
choppy,1
choragic,1
chorale,1
chorally,1
chorangioma,1
chordal,1
chordamesoderm,1
chordate,1
chordee,1
chorditis,1
chordoma,1
chordophone,1
chore,1
choreoathetosis,1
choreographic,1
choreutidae,1
choreutis,1
choric,1
choriocarcinoma,1
choriomeningitis,1
chorion,1
chorionic,1
chorioptes,1
choristoneura,1
chorthippus,1
chortoicetes,1
chouse,1
chratze,1
chrestomathy,1
christen,1
christening,1
christianisation,1
christianise,1
christianity,1
christianization,1
christianize,1
christianly,1
christless,1
christlike,1
christly,1
christmas,1
christmastide,1
christmastime,1
christocentrism,1
christological,1
christology,1
chroma,1
chromadorea,1
chromaesthesia,1
chromaphis,1
chromatically,1
chromatids,1
chromatinic,1
chromatographic,1
chromatographical,1
chromatographically,1
chromatomyia,1
chromatophores,1
chromesthesia,1
chromhidrosis,1
chromium,1
chromoblastomycosis,1
chromolaena,1
chromolithography,1
chromoplasts,1
chromosomal,1
chronically,1
chronological,1
chronologically,1
chronologise,1
chronologize,1
chronometers,1
chronostratigraphy,1
chrozophora,1
chrysalidocarpus,1
chrysanthemum,1
chrysanthemums,1
chrysocharis,1
chrysodeixis,1
chrysomela,1
chrysomelidae,1
chrysomphalus,1
chrysomya,1
chrysomyxa,1
chrysopa,1
chrysoperla,1
chrysophyceae,1
chrysophyllum,1
chrysopidae,1
chrysopogon,1
chrysops,1
chrysosporium,1
chrysothamnus,1
chrysotherapy,1
chthonian,1
chthonic,1
chub,1
chubbiness,1
chubby,1
chubut,1
chuff,1
chuffed,1
chuiwan,1
chuk,1
chukchi,1
chukka,1
chukker,1
chumminess,1
chummy,1
chuniri,1
chunky,1
chuño,1
chunyu,1
churchgoing,1
churchillian,1
churchly,1
churlish,1
churlishly,1
churning,1
churr,1
churrigueresco,1
churrigueresque,1
chutzpa,1
chutzpah,1
chuuk,1
chuvash,1
chylaceous,1
chylifactive,1
chylifactory,1
chyliferous,1
chylific,1
chyliza,1
chyloderma,1
chylomicrons,1
chylopericardium,1
chylothorax,1
chylous,1
chymosin,1
chymotrypsin,1
chytridiales,1
chytridiomycetes,1
chytridiomycosis,1
chytridiomycota,1
ciao,1
ciaramella,1
ciarmella,1
cibi,1
cicadellidae,1
cicadelloidea,1
cicadidae,1
cicadoidea,1
cicadulina,1
cicatrice,1
cicatricial,1
cicatrise,1
cicatrix,1
cicatrize,1
cicer,1
cicero,1
ciceronianism,1
cichlasoma,1
cichlidae,1
cichorium,1
ciclosporin,1
ciconiiformes,1
ciders,1
ciepło,1
cifor,1
çifte,1
çifteli,1
cigars,1
ciguatera,1
ciguatoxin,1
cilia,1
cilial,1
ciliary,1
ciliophora,1
cilium,1
cimbalom,1
cimbasso,1
cimbex,1
cimbicidae,1
cimboa,1
cimex,1
cimicidae,1
cimmerian,1
cimpoi,1
cinara,1
cinchona,1
cinco,1
cinematic,1
cinematise,1
cinematize,1
cinerary,1
cingulata,1
cinnabar,1
cinnamomum,1
cinque,1
ciona,1
ciprofloxacin,1
circadian,1
circassian,1
circinella,1
circinotrichum,1
circlet,1
circoviridae,1
circuitous,1
circuitousness,1
circulaire,1
circularisation,1
circularity,1
circularization,1
circularly,1
circulative,1
circulatory,1
circulifer,1
circumambulate,1
circumboreal,1
circumcise,1
circumduction,1
circumferent,1
circumferential,1
circumflex,1
circumfuse,1
circumlocution,1
circumlocutious,1
circumlocutory,1
circumnavigate,1
circumnavigation,1
circumpolar,1
circumscription,1
circumspect,1
circumspectly,1
circumstantial,1
circumstantially,1
circumstantiate,1
circumvallate,1
circumvention,1
circumvolute,1
circumvolution,1
circumvolve,1
circus,1
cirrhinus,1
cirrhitidae,1
cirripedia,1
cirsium,1
cisalpine,1
cisc,1
cislunar,1
cismontane,1
ciśnienie,1
cissy,1
cistaceae,1
cistanche,1
cistus,1
citaharp,1
citation,1
citera,1
cites,1
citharidae,1
citharinidae,1
citified,1
citify,1
citole,1
citral,1
citranges,1
citrate,1
citrates,1
citric,1
citrinin,1
citrobacter,1
citronellol,1
citrons,1
citropsis,1
citrous,1
citrullinuria,1
citrullus,1
cittern,1
cityfied,1
cityscape,1
citywide,1
civets,1
civic,1
civics,1
civilian,1
civilised,1
civilly,1
cixiidae,1
çığırtma,1
cjd,1
clabber,1
clad,1
cladistia,1
cladistics,1
cladocera,1
cladodes,1
cladodromous,1
cladogram,1
cladonia,1
cladophoraceae,1
cladophorales,1
cladosporiosis,1
cladosporium,1
clairvoyance,1
clairvoyant,1
clamant,1
clamatorial,1
clammily,1
clamminess,1
clammy,1
clamoring,1
clamorous,1
clamorously,1
clamouring,1
clampdown,1
clandestine,1
clanger,1
clangoring,1
clangorous,1
clanking,1
clannish,1
clannishly,1
clannishness,1
clapboard,1
clappertonia,1
clapstick,1
claptrap,1
clarias,1
clariidae,1
clarin,1
clarinet,1
clasper,1
classicalism,1
classically,1
classicise,1
classicism,1
classicistic,1
classicize,1
classifiable,1
classificatory,1
classless,1
classwork,1
classy,1
clastic,1
clastics,1
clathrate,1
clattery,1
claudication,1
clausal,1
clausena,1
claustrophobic,1
clavate,1
claver,1
claves,1
clavibacter,1
claviceps,1
clavichord,1
clavicor,1
clavicylinder,1
clavicymbalum,1
clavicytherium,1
claviharp,1
clavinet,1
clavinimbus,1
claviola,1
clavioline,1
claviorgan,1
clavivox,1
clawback,1
clawfoot,1
clawlike,1
clayey,1
clayeyness,1
clayiness,1
clayishness,1
cleanable,1
cleaners,1
cleanness,1
clearcutness,1
clearfelling,1
clearheaded,1
clearinghouses,1
clearly,1
clearness,1
cleavable,1
cleave,1
clef,1
cleistogamic,1
cleistogamous,1
cleithrum,1
clematis,1
clement,1
clementines,1
clenbuterol,1
clenched,1
clepsis,1
clericalism,1
clericalization,1
cleridae,1
clerihew,1
clerkship,1
clerodendrum,1
clethodim,1
clethraceae,1
cletus,1
cleverly,1
cli,1
cliche,1
cliched,1
clicker,1
clientage,1
climacteric,1
climactic,1
climatic,1
climatical,1
climatically,1
climatologists,1
climbable,1
climbers,1
clime,1
clinched,1
clindamycin,1
clingy,1
clinically,1
clinidae,1
clinker,1
clinking,1
clinocephalism,1
clinocephaly,1
clinquant,1
clioxanide,1
clippers,1
cliquish,1
cliquishly,1
cliquishness,1
clitic,1
clitocybe,1
clitoral,1
clitoria,1
clitoric,1
clitoridectomy,1
clitoris,1
clitter,1
clivia,1
clivina,1
cloaked,1
cloches,1
cloddish,1
clodinafop,1
cloethocarb,1
cloggy,1
cloisonne,1
cloistered,1
cloistral,1
clomazone,1
clomp,1
clonal,1
clonic,1
clonorchis,1
clopidol,1
clopping,1
cloproxydim,1
clopyralid,1
cloquintocet,1
cloridopsis,1
closedown,1
closefisted,1
closelipped,1
closely,1
closemouthed,1
closeout,1
closet,1
closterotomus,1
closteroviridae,1
closterovirus,1
clostridia,1
clostridiaceae,1
clostridiales,1
clostridium,1
clothed,1
clothesless,1
cloudburst,1
cloudless,1
cloudlessness,1
cloudlike,1
cloven,1
cloves,1
clown,1
clownish,1
clownlike,1
cloxacillin,1
cloying,1
cloyingly,1
cloze,1
clubable,1
clubbable,1
clubbish,1
clubby,1
clubfoot,1
clubfooted,1
clubionidae,1
clueless,1
clumsily,1
clunking,1
clunky,1
clupea,1
clupeidae,1
clupeiformes,1
clupeocephala,1
clupeoidei,1
clusterfuck,1
cluttered,1
clv,1
clx,1
clxv,1
clxx,1
clxxv,1
clxxx,1
clypeasteridae,1
clyster,1
cm,1
cm–15,1
cmb,1
cmbr,1
cmea,1
cms,1
cnaphalocrocis,1
cneoraceae,1
cnephasia,1
cnidoscolus,1
co2equivalent,1
coact,1
coaction,1
coagulable,1
coagulants,1
coagulated,1
coahuila,1
coalesced,1
coalescence,1
coalescency,1
coalescent,1
coalescing,1
coalitions,1
coancestry,1
coapt,1
coarctate,1
coarsely,1
coarsened,1
coastguards,1
coastward,1
coax,1
coaxal,1
coaxial,1
coaxingly,1
cobalt,1
cobblers,1
cobblestone,1
cobitidae,1
cobol,1
cobras,1
cobwebby,1
cobza,1
coca,1
cocadviroid,1
cocaine,1
cocainise,1
cocainize,1
coccal,1
coccidae,1
coccidia,1
coccidioides,1
coccidiomycosis,1
coccinella,1
coccinellidae,1
coccinia,1
coccoid,1
coccoidea,1
coccoliths,1
coccomyxaceae,1
coccophagus,1
coccus,1
coccygeal,1
cochimi,1
cochlea,1
cochlear,1
cochliobolus,1
cochliomyia,1
cochlonema,1
cochylis,1
cockaigne,1
cockamamie,1
cockamamy,1
cockcrow,1
cocker,1
cockerels,1
cockeyed,1
cockfighting,1
cockiness,1
cockles,1
cocksure,1
cocksureness,1
cockup,1
cocky,1
coconspire,1
cocopa,1
cocopah,1
cocos,1
coda,1
codends,1
codex,1
codiaceae,1
codiaeum,1
codicil,1
codified,1
codify,1
codinaea,1
codium,1
codons,1
codswallop,1
coeducate,1
coeducation,1
coeducational,1
coefficient,1
coefficientofperformance,1
coelacanthidae,1
coelacanthimorpha,1
coelaenomenodera,1
coeliac,1
coeloides,1
coelom,1
coelomomyces,1
coelomycetes,1
coelurosauria,1
coenobitic,1
coenobitical,1
coenobitidae,1
coenurosis,1
coenzymes,1
coequal,1
coercion,1
coercive,1
coercivity,1
coetaneous,1
coeval,1
coexistence,1
coexistent,1
coextension,1
coextensive,1
cofactor,1
cofactors,1
coffea,1
cog,1
cogent,1
cogged,1
coggle,1
cogitable,1
cogitate,1
cogitation,1
cognac,1
cognation,1
cognisable,1
cognisance,1
cognisant,1
cognise,1
cognitive,1
cognitively,1
cognizable,1
cognizance,1
cognizant,1
cognize,1
cognomen,1
cognoscible,1
çöğür,1
cohabit,1
cohabitation,1
coherent,1
coherently,1
cohesive,1
cohorts,1
coiffe,1
coiffure,1
coiidae,1
coincident,1
coincidental,1
coincidentally,1
coincidently,1
coinoculation,1
coinsurance,1
coinsure,1
coir,1
coital,1
coition,1
coitus,1
coix,1
cojedes,1
coke,1
colascione,1
colaspis,1
colchicine,1
colchicum,1
coldcock,1
coldhearted,1
coldheartedness,1
coldly,1
coldwork,1
coleophora,1
coleophoridae,1
coleoptera,1
coleoptiles,1
coleotechnites,1
coleridgean,1
coleridgian,1
coleus,1
coleviroid,1
colf,1
colias,1
colibacillosis,1
colicins,1
colicky,1
coliiformes,1
colima,1
colimycin,1
colinus,1
colistin,1
colistium,1
collaboration,1
collaborationism,1
collaborative,1
collagen,1
collagenases,1
collagenic,1
collagenoma,1
collapsable,1
collapsible,1
collarettes,1
collarless,1
collateralize,1
collation,1
collectable,1
collectedly,1
collectibility,1
collectible,1
collectionism,1
collectively,1
collectivisation,1
collectivise,1
collectivised,1
collectivist,1
collectivistic,1
collectivize,1
collectivized,1
collegial,1
collegiate,1
collembola,1
collenchyma,1
colletotrichum,1
colligate,1
collimate,1
collimation,1
collinear,1
collodion,1
collogue,1
colloidal,1
colloidally,1
colloids,1
colloquial,1
colloquialism,1
colloquially,1
colloquium,1
colloquy,1
collotype,1
collude,1
collusive,1
colluvium,1
colly,1
collybia,1
collywobbles,1
coloboma,1
colocasia,1
colocongridae,1
cololabis,1
colombia,1
colombian,1
colomerus,1
colonisation,1
colonised,1
colonization,1
colonnaded,1
colonoscopy,1
colorado,1
coloratura,1
colorectal,1
colorectum,1
colorfast,1
colorimeters,1
colorimetric,1
colorimetrical,1
colorise,1
colorize,1
colorlessness,1
colossal,1
colossians,1
colossoma,1
colourants,1
colourcast,1
coloured,1
colourful,1
colourise,1
colourize,1
colourless,1
colourlessness,1
colpitis,1
colpocele,1
colpocephaly,1
colpocystitis,1
colpocystocele,1
colpoma,1
colpoxerosis,1
coltish,1
coltricia,1
colts,1
colubrariidae,1
colubrina,1
colubroidea,1
columba,1
columbellidae,1
columbian,1
columbicola,1
columbimorphae,1
columella,1
columnaris,1
columned,1
columnella,1
columniation,1
columniform,1
columnlike,1
comal,1
comanche,1
comate,1
comatoseness,1
combatant,1
combative,1
combatively,1
combativeness,1
comber,1
combinable,1
combinational,1
combinative,1
combinatorial,1
combinatory,1
combolin,1
combretaceae,1
combretum,1
comburant,1
comburent,1
combustible,1
combustibleness,1
combustive,1
comedo,1
comedown,1
comeliness,1
comely,1
comephoridae,1
comestible,1
cometary,1
cometic,1
comeupance,1
comeuppance,1
comfit,1
comfortably,1
comfortingly,1
comfortless,1
comfy,1
comical,1
comicality,1
comically,1
comint,1
comity,1
comma,1
commandeer,1
commandership,1
commandery,1
commelina,1
commelinaceae,1
commelinales,1
commemorate,1
commemorating,1
commemorative,1
commendation,1
commensal,1
commensally,1
commensals,1
commensurable,1
commensurate,1
commensurateness,1
commentary,1
commentate,1
commercialisation,1
commercialise,1
commercialised,1
commercialism,1
commercialized,1
commercially,1
comminate,1
commination,1
comminatory,1
comminute,1
comminution,1
commiphora,1
commiserate,1
commiserative,1
commissioned,1
commissioning,1
committal,1
committedness,1
commix,1
commixture,1
commodious,1
commodiousness,1
commodities,1
commonage,1
commonality,1
commonly,1
commonplaceness,1
commonsense,1
commonsensible,1
commonsensical,1
commonweal,1
communalise,1
communalism,1
communalize,1
communally,1
commune,1
communes,1
communicable,1
communicational,1
communicativeness,1
communicatory,1
communique,1
communisation,1
communise,1
communist,1
communistic,1
communization,1
communize,1
communostraca,1
commutability,1
commutable,1
commutate,1
commutative,1
comorbidity,1
comoros,1
comose,1
comovirinae,1
comovirus,1
comp,1
compaci,1
compactly,1
compactness,1
companionability,1
companionable,1
companionableness,1
companionate,1
companionship,1
comparability,1
comparable,1
comparably,1
comparatively,1
compart,1
compartmental,1
compartmentalise,1
compartmentalised,1
compartmentalize,1
compartmentalized,1
compartmented,1
compassionately,1
compassionateness,1
compatibly,1
compelling,1
compendious,1
compendium,1
compensable,1
compere,1
comperiella,1
competence,1
competency,1
competent,1
competently,1
competitive,1
competitively,1
competitiveness,1
competitors,1
competitory,1
compiler,1
compiling,1
complacence,1
complacency,1
complacently,1
complainingly,1
complaintive,1
complaisance,1
complaisant,1
complect,1
complemental,1
complementarity,1
completion,1
complexify,1
complexing,1
complexly,1
complexness,1
complexometry,1
compliancy,1
compliant,1
complicate,1
complicated,1
complicatedness,1
complicit,1
complicity,1
complimentariness,1
complimentary,1
compliments,1
complin,1
compline,1
complot,1
comportment,1
composedly,1
composedness,1
compositeness,1
compositional,1
compost,1
composting,1
composts,1
composure,1
compotes,1
comprehended,1
comprehendible,1
comprehensibility,1
comprehensible,1
comprehensively,1
compressible,1
compressors,1
comprimento,1
comptrollership,1
compulsive,1
compulsively,1
compulsiveness,1
compulsivity,1
compulsorily,1
compulsory,1
compunction,1
computable,1
computational,1
computationally,1
computerization,1
comradeliness,1
comradely,1
comradery,1
comradeship,1
comstockery,1
comtism,1
concavely,1
concaveness,1
conceitedly,1
conceitedness,1
conceivability,1
conceivable,1
conceivableness,1
conceivably,1
concenter,1
concentre,1
concentric,1
concentrical,1
concentricity,1
conceptional,1
conceptive,1
conceptual,1
conceptualise,1
conceptualism,1
conceptualistic,1
conceptuality,1
conceptualize,1
conceptually,1
conceptus,1
concernedly,1
concertise,1
concertize,1
concerto,1
concession,1
concessive,1
conch,1
concheras,1
conching,1
conchoid,1
conciliable,1
conciliative,1
conciliatory,1
concise,1
concisely,1
conciseness,1
concision,1
conclusive,1
conclusively,1
conclusiveness,1
concomitance,1
concordant,1
concordat,1
concourse,1
concretely,1
concreteness,1
concretions,1
concretise,1
concretism,1
concretistic,1
concubinage,1
concupiscence,1
concupiscent,1
concurrently,1
concurring,1
concussion,1
condemnable,1
condemnatory,1
condensate,1
condescendingly,1
condescendingness,1
condign,1
condiments,1
conditionality,1
conditionally,1
conditioner,1
condole,1
condolence,1
condolent,1
condominium,1
condonation,1
condone,1
condop,1
conduce,1
conducive,1
conductimetry,1
conduction,1
condylar,1
condyle,1
conelike,1
confect,1
confederacy,1
confederations,1
confederative,1
conference,1
conferences,1
conferment,1
conferral,1
confessedly,1
confidential,1
confidentially,1
confidently,1
confiding,1
confidingly,1
configurational,1
configurationism,1
configure,1
configured,1
confirmable,1
confirmative,1
confirmatory,1
confiscation,1
conflagrate,1
conflagration,1
conflate,1
confluent,1
conflux,1
conformable,1
conformably,1
conformance,1
conformism,1
conformist,1
confoundedly,1
confrontational,1
confucian,1
confucianism,1
confusable,1
confusedly,1
confusedness,1
confusingly,1
confutable,1
confutative,1
confute,1
congeal,1
congealed,1
congealment,1
congelation,1
congener,1
congeneric,1
congenerical,1
congenerous,1
congenial,1
congeniality,1
congenially,1
congenialness,1
congenital,1
congers,1
congest,1
congestive,1
congiopodidae,1
congius,1
conglobate,1
conglobe,1
conglutinate,1
conglycinin,1
congo,1
congolese,1
congratulation,1
congratulations,1
congratulatory,1
congregate,1
congregating,1
congregation,1
congregationalism,1
congregationalist,1
congress,1
congressional,1
congridae,1
congruent,1
congruity,1
congruous,1
congruousness,1
conically,1
conidae,1
conidia,1
conidiobolus,1
conidiophores,1
coniella,1
coniferous,1
coniophora,1
coniopterygidae,1
coniothyrium,1
conium,1
conjectural,1
conjecturally,1
conjoined,1
conjoint,1
conjointly,1
conjugal,1
conjugally,1
conjugated,1
conjunct,1
conjunctival,1
conjunctivochalasis,1
conjuncture,1
conjury,1
conn,1
connaraceae,1
connate,1
connatural,1
connecticut,1
connectivity,1
conniption,1
connivance,1
conniving,1
connoisseurship,1
connotational,1
connotative,1
connote,1
conocybe,1
conoderus,1
conoid,1
conophthorus,1
conophytum,1
conopia,1
conopomorpha,1
conorhynchus,1
conotrachelus,1
conotruncus,1
conquerable,1
conquest,1
consanguine,1
consanguineal,1
consanguineous,1
conscienceless,1
conscientiously,1
conscientiousness,1
conscionable,1
consciously,1
conscript,1
conscription,1
consecrated,1
consecration,1
consecutively,1
consensual,1
consentaneous,1
consentient,1
consequent,1
consequential,1
consequentially,1
consequently,1
conservancy,1
conservatism,1
conservative,1
conservatively,1
conservativism,1
considerable,1
considerably,1
considerate,1
considerately,1
considerateness,1
consign,1
consignment,1
consistence,1
consistently,1
consociate,1
consolable,1
consolatory,1
console,1
consolida,1
consolidate,1
consolidated,1
consolidative,1
consoling,1
consolingly,1
consonate,1
consortia,1
conspecific,1
conspectus,1
conspicuously,1
conspirative,1
conspiratorial,1
conspire,1
constantly,1
constatation,1
consternate,1
consternation,1
constipated,1
constitutionalise,1
constitutionalism,1
constitutionally,1
constitutive,1
constrainedly,1
constricting,1
constrictive,1
constringe,1
constringence,1
construal,1
constructive,1
constructively,1
constructiveness,1
construe,1
consubstantial,1
consubstantiate,1
consubstantiation,1
consuetude,1
consuetudinal,1
consuetudinary,1
consular,1
consulship,1
consult,1
consultancies,1
consultancy,1
consultative,1
consultatory,1
consultive,1
consumable,1
consumers,1
consummated,1
consummation,1
consumptive,1
contagious,1
contagiously,1
contagiousness,1
containerful,1
containerise,1
containerize,1
contaminants,1
contaminative,1
contarinia,1
contemn,1
contemplative,1
contemplativeness,1
contemporaneity,1
contemporaneous,1
contemporaneously,1
contemporaneousness,1
contemporariness,1
contemporary,1
contemptibility,1
contemptible,1
contemptibly,1
contemptuous,1
contemptuously,1
contemptuousness,1
contentedly,1
contentedness,1
contentious,1
contentiousness,1
contentment,1
conterminous,1
contestable,1
contestation,1
contextual,1
contextualism,1
contextually,1
contiguity,1
contiguous,1
contiguousness,1
continence,1
continency,1
contingence,1
continual,1
continually,1
continuative,1
continuo,1
continuously,1
continuousness,1
conto,1
contort,1
contorted,1
contraband,1
contrabass,1
contrabassoon,1
contraception,1
contraceptive,1
contraceptives,1
contraclockwise,1
contractable,1
contractual,1
contractually,1
contracture,1
contradictorily,1
contradictoriness,1
contradistinction,1
contradistinguish,1
contraforte,1
contraguitar,1
contraindicate,1
contraindication,1
contralateral,1
contrariety,1
contrarily,1
contrariness,1
contrarious,1
contrariwise,1
contrastingly,1
contrastive,1
contrasty,1
contravention,1
contretemps,1
contributive,1
contributory,1
contrite,1
contritely,1
contriteness,1
contrition,1
contrive,1
contrived,1
controllable,1
controllership,1
controversial,1
controversially,1
controversy,1
contumacious,1
contumaciously,1
contumacy,1
contumelious,1
contumeliously,1
contumely,1
contuse,1
conundrum,1
conus,1
convalesce,1
convalescence,1
convalescent,1
convallaria,1
convect,1
conveniences,1
conveniently,1
convening,1
conventional,1
conventionalisation,1
conventionalise,1
conventionalised,1
conventionalism,1
conventionalization,1
conventionalized,1
conventionally,1
conventual,1
convergent,1
conversance,1
conversancy,1
conversant,1
conversational,1
conversationally,1
conversely,1
convertibility,1
convexly,1
convexness,1
conveyable,1
conveyancing,1
conveyers,1
convict,1
convincible,1
convincingly,1
convincingness,1
convivial,1
convivially,1
convocation,1
convoke,1
convolve,1
convolvulaceae,1
convolvulus,1
convulsions,1
convulsive,1
convulsively,1
conyza,1
cooccur,1
cooccurring,1
cookbook,1
cookery,1
cookie,1
coolers,1
coolheaded,1
coolly,1
cooper,1
cooperatively,1
cooperativeness,1
cooperatives,1
cooperia,1
coordinately,1
coordinative,1
coownership,1
copacetic,1
copaiba,1
copaifera,1
copals,1
copasetic,1
copeck,1
copehan,1
copernican,1
copernicia,1
copesetic,1
copesettic,1
copestone,1
copidosoma,1
copious,1
copiously,1
copiousness,1
coplanar,1
copolymerise,1
copolymerization,1
copolymerize,1
copolymers,1
copout,1
copperplate,1
coppery,1
coppia,1
coppicing,1
copra,1
coprecipitates,1
coprecipitation,1
coprinus,1
coprodeum,1
coprophagy,1
coptotermes,1
copula,1
copular,1
copulate,1
copulatory,1
copybook,1
copyedit,1
copyhold,1
copyleft,1
copyread,1
coquet,1
coquetry,1
coquette,1
coquettish,1
coquettishly,1
coquillettidia,1
coraciiformes,1
coracinidae,1
coracoradialis,1
coraebus,1
coralliidae,1
corallinaceae,1
coralliophilidae,1
corbel,1
corbelled,1
corbiculidae,1
corchorus,1
corcyra,1
cordage,1
cordana,1
cordate,1
cordeauxia,1
cordia,1
cordial,1
cordiality,1
cordially,1
cordiform,1
corditis,1
cordless,1
cordoba,1
cordon,1
corduroy,1
cordyceps,1
cordyline,1
coreference,1
coreferent,1
coreferential,1
coregonidae,1
coregonus,1
coreidae,1
corelcentral,1
coriaceous,1
coriandrum,1
coriaria,1
coriariaceae,1
coridodax,1
corinthian,1
coriolus,1
corkage,1
corker,1
corkscrew,1
corky,1
cormel,1
cormorants,1
cormose,1
cormous,1
corms,1
cornaceae,1
cornales,1
cornamuse,1
corneal,1
cornemuse,1
corneocyte,1
corneous,1
cornerstone,1
cornet,1
cornett,1
cornetta,1
cornettino,1
cornflakes,1
cornhole,1
cornhusking,1
cornice,1
cornophone,1
cornu,1
cornus,1
corny,1
corolla,1
coronach,1
coronate,1
coronation,1
coronaviridae,1
coronavirus,1
coroneted,1
coronilla,1
coronomeckelian,1
corozo,1
corporal,1
corporality,1
corporations,1
corporatism,1
corporatist,1
corporeal,1
corporeality,1
corposant,1
corpulence,1
corpulency,1
corpulent,1
corpuscular,1
corrade,1
corral,1
corrals,1
corrasion,1
correbous,1
correctable,1
correctional,1
correctitude,1
corrective,1
correctly,1
correctness,1
corregidor,1
correlational,1
correlativity,1
correspondent,1
correspondingly,1
corridors,1
corrientes,1
corrigenda,1
corrigendum,1
corrigible,1
corroborant,1
corroboration,1
corroborative,1
corroboratory,1
corrosive,1
corrugate,1
corrugated,1
corruptedly,1
corruptibility,1
corruptible,1
corruptive,1
corruptly,1
corset,1
corsica,1
corsican,1
cortaderia,1
cortical,1
cortically,1
corticifugal,1
corticipetal,1
corticium,1
corticoafferent,1
corticoefferent,1
corticofugal,1
corticoids,1
corticosteroid,1
corticosterone,1
corticotropin,1
cortinarius,1
cortisone,1
coruscant,1
corvee,1
corvidae,1
corvine,1
corvus,1
corydalidae,1
corydalis,1
corylaceae,1
corylobium,1
corylus,1
corymbose,1
corynebacterium,1
corynespora,1
coryneum,1
coryphaena,1
coryphaenidae,1
corythucha,1
cos,1
cosec,1
cosecant,1
coseismal,1
coseismic,1
cosh,1
cosher,1
cosignatory,1
cosily,1
cosine,1
cosiness,1
cosmetic,1
cosmetically,1
cosmetology,1
cosmids,1
cosmine,1
cosmogenic,1
cosmogeny,1
cosmogonic,1
cosmogonical,1
cosmogony,1
cosmography,1
cosmolatry,1
cosmologic,1
cosmological,1
cosmology,1
cosmopolitan,1
cosmopolitanity,1
cosmopolites,1
cosmopterigidae,1
cosmos,1
cosplay,1
cosponsor,1
coss,1
cosset,1
cossidae,1
cossus,1
costae,1
costal,1
costalgia,1
costanoan,1
costate,1
costellariidae,1
costelytra,1
costiasis,1
costive,1
costless,1
costliness,1
costly,1
costumed,1
costus,1
cosy,1
cota,1
cotan,1
cotangent,1
coterminous,1
coterminously,1
cotesia,1
cotinus,1
cotoneaster,1
cottidae,1
cottocomephoridae,1
cottoidei,1
cottonseed,1
cottontails,1
cottony,1
cottus,1
coturnix,1
cotyla,1
cotyledons,1
cotylephore,1
cotyloid,1
cotyloidal,1
cotylurus,1
couch,1
couchant,1
couesnophone,1
cougars,1
coumaphos,1
coumarins,1
councillorship,1
councilorship,1
counseling,1
counselling,1
counsellorship,1
counselorship,1
countable,1
countdown,1
counteract,1
counteraction,1
counteractive,1
counteractively,1
counterattraction,1
counterbalanced,1
counterblast,1
counterblow,1
counterbombardment,1
counterchallenge,1
counterchange,1
countercoup,1
counterculture,1
countercurrents,1
counterdemonstration,1
counterespionage,1
counterevidence,1
counterfactuality,1
counterfire,1
counterfoil,1
counterglow,1
counterimmunoelectrophoresis,1
counterinsurgency,1
counterinsurgent,1
counterintelligence,1
counterintuitive,1
counterintuitively,1
countermeasure,1
countermove,1
counteroffensive,1
counteroffer,1
counterpart,1
counterplan,1
counterplay,1
counterplea,1
counterpoise,1
counterpoised,1
counterpose,1
counterproductive,1
counterproject,1
counterproposal,1
counterpunch,1
counterreformation,1
counterrevolution,1
countershot,1
countersignature,1
countersink,1
counterstrike,1
countersubversion,1
countersuit,1
counterterror,1
counterterrorism,1
counterterrorist,1
countertransference,1
counterweight,1
countless,1
countlessness,1
countrate,1
countrified,1
countryfied,1
countryseat,1
countrywide,1
counts/minute,1
countywide,1
coup,1
courageous,1
courageously,1
courageousness,1
courbette,1
coursework,1
courteous,1
courteously,1
courtliness,1
courtly,1
courtship,1
cousinly,1
couthie,1
couthy,1
couture,1
couvade,1
covalence,1
covalency,1
covariance,1
covariant,1
covariation,1
coventry,1
covert,1
covertly,1
covertness,1
covet,1
coveted,1
covetous,1
covetously,1
cowardice,1
cowardliness,1
cowbell,1
cowdria,1
cower,1
cowhide,1
cowl,1
cowled,1
cowpeas,1
cowpens,1
cowpox,1
cox,1
coxiella,1
coy,1
coyly,1
coyness,1
coyotes,1
cozenage,1
cozily,1
coziness,1
cpi,1
cpr,1
cps,1
crabbedness,1
crabbiness,1
crabby,1
crabwise,1
crackbrained,1
crackdown,1
crackers,1
crackles,1
crackling,1
craftily,1
craftsmanship,1
crafty,1
cragfast,1
cragged,1
craggy,1
crambe,1
crammer,1
cramped,1
cran,1
cranch,1
cranchiidae,1
crangon,1
crangonidae,1
cranial,1
craniology,1
craniometric,1
craniometrical,1
craniometry,1
craniopharyngioma,1
craniorachischisis,1
craniosynostosis,1
craniotomy,1
cranium,1
crankiness,1
crankshafts,1
cranky,1
crannied,1
cranny,1
cranoglanididae,1
crape,1
crapette,1
crappy,1
crapshoot,1
crapulence,1
crapulent,1
crapulous,1
craspedodromous,1
crassitude,1
crassness,1
crassocephalum,1
crassostrea,1
crassulaceae,1
crataegus,1
crateful,1
craterellus,1
cratons,1
cratylia,1
craunch,1
craven,1
cravenness,1
craviola,1
crayon,1
crazed,1
crazily,1
creakily,1
creakingly,1
creaky,1
creaminess,1
creampie,1
creamy,1
creaseless,1
creaseproof,1
creatine,1
creatinine,1
creationism,1
creatively,1
creativeness,1
creativity,1
crecy,1
cred,1
credal,1
credence,1
credendum,1
credentialled,1
credibility,1
credibleness,1
credibly,1
creditable,1
creditably,1
creditworthiness,1
creditworthy,1
credo,1
credulity,1
credulously,1
credulousness,1
cree,1
creedal,1
creediidae,1
creepiness,1
creepy,1
cremate,1
cremation,1
crematogaster,1
crenate,1
crenated,1
crenation,1
crenature,1
crenelate,1
crenelated,1
crenelation,1
crenellate,1
crenellation,1
crenelle,1
crenulate,1
crenulated,1
creolize,1
creontiades,1
crepe,1
crepidulidae,1
crepitate,1
crepitation,1
crepuscle,1
crepuscule,1
crescentia,1
cresols,1
cresson,1
crestfallen,1
cretinous,1
crevice,1
cribbage,1
cribriform,1
cricetidae,1
cricetomys,1
cricetus,1
cricko,1
criconematidae,1
criconemella,1
criconemoides,1
criminal,1
criminalisation,1
criminalise,1
criminalism,1
criminality,1
criminalization,1
criminalize,1
criminally,1
criminalness,1
criminate,1
criminative,1
criminatory,1
criminological,1
criminology,1
cringey,1
cringing,1
crinipellis,1
crinivirus,1
crinkled,1
crinkly,1
crinoid,1
crinoidea,1
crinum,1
cripavirus,1
crippled,1
crippling,1
crispate,1
crispen,1
crispiness,1
crisply,1
crispr,1
crispy,1
crisscrossed,1
cristulariella,1
crit,1
criterial,1
criterional,1
criterium,1
crith,1
crithidia,1
crithmum,1
criticality,1
critically,1
criticalness,1
croakers,1
croaky,1
croatia,1
croatian,1
crochet,1
crocheting,1
crocidolomia,1
crocked,1
crocketed,1
crocosmia,1
crocus,1
cromorne,1
cromulent,1
cromwellian,1
cronartium,1
cronius,1
cronk,1
cronyism,1
crookback,1
crookbacked,1
crookedly,1
croon,1
crooning,1
crore,1
crosier,1
crossandra,1
crossbones,1
crossbred,1
crossbreds,1
crossbreed,1
crossbreeding,1
crosscut,1
crosshairs,1
crosshatched,1
crosshead,1
crossheading,1
crosskart,1
crosslinking,1
crossly,1
crossminton,1
crossosomatales,1
crosspicking,1
crossruff,1
crosstalk,1
crossways,1
crosswind,1
crossword,1
crotalaria,1
crotales,1
crotalum,1
crotalus,1
crotaphion,1
crotchetiness,1
crotchety,1
croton,1
croup,1
croupy,1
crowberries,1
crowdfunding,1
crowdsourcing,1
crownless,1
crozier,1
cruciality,1
crucially,1
cruciate,1
cruciferous,1
crucifix,1
cruciform,1
crud,1
cruddy,1
crudely,1
cruelly,1
cruelness,1
cruises,1
crumbliness,1
crumbly,1
crumenulopsis,1
crumhorn,1
crummy,1
crural,1
crushers,1
crushingly,1
crustacea,1
crustaceous,1
crustal,1
crustlike,1
crustose,1
crusty,1
crutch,1
crux,1
crwth,1
cryaesthesia,1
cryesthesia,1
cryoanaesthesia,1
cryoanesthesia,1
cryocautery,1
cryofibrinogenemia,1
cryogels,1
cryogenic,1
cryogenics,1
cryogeny,1
cryoglobulinemia,1
cryolite,1
cryonic,1
cryonics,1
cryopathy,1
cryophobia,1
cryoplankton,1
cryopreservation,1
cryoprotectants,1
cryoscopy,1
cryosols,1
cryosphere,1
cryosurgery,1
cryphonectria,1
cryptacanthodidae,1
cryptanalysis,1
cryptanalytic,1
cryptanalytics,1
crypthecodiniaceae,1
cryptical,1
cryptically,1
cryptobia,1
cryptobiosis,1
cryptobiotic,1
cryptoblabes,1
cryptocarya,1
cryptochaetum,1
cryptococcoma,1
cryptocurrency,1
cryptodiaporthe,1
cryptodira,1
cryptogamic,1
cryptogamous,1
cryptogams,1
cryptogram,1
cryptograph,1
cryptographic,1
cryptographical,1
cryptographically,1
cryptolaemus,1
cryptolestes,1
cryptologic,1
cryptological,1
cryptology,1
cryptomeria,1
cryptonemiaceae,1
cryptophagidae,1
cryptophlebia,1
cryptophthalmos,1
cryptorchidy,1
cryptorchism,1
cryptorhynchus,1
cryptosporella,1
cryptosporidium,1
cryptostigmata,1
cryptostroma,1
cryptotermes,1
cryptotia,1
cryptozoospermia,1
cryspovirus,1
crystalised,1
crystalized,1
crystallinity,1
crystallisation,1
crystallised,1
crystallized,1
crystallizing,1
crystallography,1
crystallophone,1
crystalluria,1
csakan,1
csardas,1
csfr,1
cst,1
ct,1
ctenactinium,1
ctenicera,1
cteniopus,1
ctenius,1
ctenocephalides,1
ctenoid,1
ctenolabrus,1
ctenoluciidae,1
ctenopharyngodon,1
ctenophora,1
ctenopterygidae,1
ctenosquamata,1
cuatro,1
cub,1
cuba,1
cuban,1
cubelike,1
cubical,1
cubicity,1
cubiform,1
cubist,1
cubistic,1
cubit,1
cubital,1
cuboidal,1
cuckold,1
cuckolding,1
cuckoldom,1
cuckoldry,1
cuclotogaster,1
cucujidae,1
cuculiformes,1
cucullaeidae,1
cucumaria,1
cucumis,1
cucumovirus,1
cucurbita,1
cucurbitaceae,1
cucurbitaceous,1
cucurbitacins,1
cucurbitales,1
cud,1
cuddlesome,1
cuddly,1
cudgel,1
cudrania,1
cuenca,1
cufraneb,1
cuíca,1
cuju,1
cuk,1
cula,1
culdoscopy,1
culex,1
culicidae,1
culicinomyces,1
culicoides,1
culinary,1
culiseta,1
culling,1
culoepuya,1
culpability,1
culpable,1
culpableness,1
culpably,1
cult,1
cultch,1
cultism,1
cultivable,1
cultivatable,1
cultivators,1
cultrún,1
culturally,1
cultus,1
cumber,1
cumbersome,1
cumbersomeness,1
cumbrous,1
cümbüş,1
cuminum,1
cumswallow,1
cumulate,1
cumulative,1
cumulatively,1
cumuliform,1
cumulous,1
cunaxa,1
cunctation,1
cuneal,1
cuneus,1
cunnilinctus,1
cunnilingus,1
cunninghamella,1
cunninghamia,1
cunningly,1
cunoniaceae,1
cununo,1
cupful,1
cuphea,1
cupid,1
cupidity,1
cuplike,1
cupressaceae,1
cupressus,1
cupric,1
cuprobam,1
cuprous,1
cupular,1
curability,1
curable,1
curableness,1
curaçao,1
curacy,1
curative,1
curatorial,1
curatorship,1
curculio,1
curculionidae,1
curcuma,1
curcumin,1
curettage,1
curettement,1
curie,1
curietherapy,1
curimatidae,1
curiosa,1
curiously,1
curium,1
curliness,1
curly,1
curmudgeonly,1
currants,1
currently,1
currentness,1
curricular,1
currish,1
currishly,1
currycomb,1
cursedly,1
cursively,1
cursorily,1
cursory,1
cursynth,1
curt,1
curtail,1
curtainless,1
curtal,1
curtly,1
curtness,1
curvaceous,1
curvaceously,1
curvaceousness,1
curvey,1
curvilineal,1
curvilinear,1
curvularia,1
curvy,1
cuscuta,1
cushiony,1
cushitic,1
cushy,1
cuspate,1
cuspated,1
cusped,1
cuspid,1
cuspidal,1
cuspidated,1
cussed,1
cussedly,1
cussedness,1
cussonia,1
custodial,1
custodianship,1
customarily,1
customariness,1
customary,1
cutaneal,1
cutaneous,1
cutaway,1
cutback,1
cutely,1
cuteness,1
cuterebra,1
cuterebridae,1
cuticular,1
cutinize,1
cutlassfish,1
cutoff,1
cuttable,1
cutthroat,1
cuttingly,1
cuttings,1
cva,1
cwt,1
cx,1
cxl,1
cxlv,1
cxv,1
cxx,1
cxxv,1
cxxx,1
cxxxv,1
cyamopsis,1
cyanamides,1
cyanazine,1
cyanides,1
cyanidin,1
cyanobacteria,1
cyanobacterial,1
cyanogenetic,1
cyanogenic,1
cyanophyceae,1
cyanophyte,1
cyantraniliprole,1
cyathostoma,1
cyberarts,1
cybercrime,1
cyberculture,1
cybernate,1
cybernation,1
cybernetic,1
cybernetics,1
cyberphobia,1
cyberpunk,1
cybersecurity,1
cybersex,1
cyberwar,1
cycadaceae,1
cycadales,1
cycadophyta,1
cycadopsida,1
cycas,1
cyclamates,1
cyclamen,1
cyclaneusma,1
cyclanthaceae,1
cycles/second,1
cyclical,1
cycloate,1
cyclocephala,1
cycloconium,1
cyclocybe,1
cyclodeviation,1
cyclodextrins,1
cycloheximide,1
cycloidal,1
cyclologistics,1
cyclonal,1
cyclonic,1
cyclonical,1
cyclonudism,1
cyclopaedia,1
cyclopean,1
cyclopedia,1
cyclophoria,1
cyclophosphamide,1
cyclophyllidea,1
cyclops,1
cyclopteridae,1
cyclopterus,1
cyclorrhapha,1
cyclosis,1
cyclostomata,1
cyclostomes,1
cyclostomi,1
cyclostyle,1
cycloteuthidae,1
cyclothymia,1
cyclothymic,1
cyclotropia,1
cycloxydim,1
cydia,1
cydnidae,1
cydonia,1
cyematidae,1
cyfluthrin,1
cyhalofop,1
cyhalothrin,1
cyhexatin,1
cylas,1
cyli,1
cylindric,1
cylindricality,1
cylindricalness,1
cylindrocarpon,1
cylindrocladium,1
cylindrocopturus,1
cylindroma,1
cylindrosporium,1
cylindruria,1
cymadothea,1
cymbalum,1
cymbidium,1
cymbopogon,1
cymodoceaceae,1
cymose,1
cymric,1
cynanchum,1
cynara,1
cynically,1
cynicism,1
cynipidae,1
cynodon,1
cynodontidae,1
cynoglossidae,1
cynophobia,1
cynoscephalae,1
cynoscion,1
cynosurus,1
cynthia,1
cyperaceae,1
cypermethrin,1
cyperus,1
cyphomandra,1
cypraeidae,1
cyprinid,1
cyprinidae,1
cypriniphysae,1
cyprinodontidae,1
cyprinodontiformes,1
cyprinoid,1
cyprinus,1
cypriot,1
cypriote,1
cypripedium,1
cyproconazole,1
cyprosulfamide,1
cyprus,1
cypselurus,1
cyrenaicism,1
cyromazine,1
cyrtomenus,1
cyrtorhinus,1
cyrtosperma,1
cystathionine,1
cystathioninemia,1
cystathioninuria,1
cysteamine,1
cysteine,1
cysticercosis,1
cystine,1
cystinuria,1
cystocaulus,1
cystocloniaceae,1
cystofilobasidiales,1
cystopage,1
cystoparalysis,1
cystoplegia,1
cystoseiraceae,1
cytauxzoon,1
cytauxzoonosis,1
cythara,1
cytidine,1
cytisus,1
cytoarchitectonic,1
cytoarchitectonics,1
cytoarchitectural,1
cytoarchitecture,1
cytochalasins,1
cytochemistry,1
cytochromes,1
cytogenesis,1
cytogenetic,1
cytogenetical,1
cytogeny,1
cytokines,1
cytokinesis,1
cytokinetic,1
cytokinins,1
cytologic,1
cytological,1
cytologists,1
cytolysis,1
cytolytic,1
cytomegalic,1
cytomegalovirus,1
cytopathogenic,1
cytopenia,1
cytophaga,1
cytophagales,1
cytophotometric,1
cytophotometrically,1
cytophotometry,1
cytoplasmatic,1
cytoplasmic,1
cytoplasmically,1
cytoplastic,1
cytorhabdovirus,1
cytosine,1
cytoskeleton,1
cytosol,1
cytospora,1
cytotaxonomy,1
cytotoxic,1
cytotrophoblast,1
czardas,1
czarist,1
czaristic,1
czas,1
czechia,1
czechoslovakian,1
częstotliwość,1
d.a.,1
d.o.a.,1
da'wah,1
daba,1
dabakan,1
dabbing,1
dabbled,1
dabıl,1
dabo,1
dabs,1
dacitic,1
dacnusa,1
dacoity,1
dacrolith,1
dacrycarpus,1
dacryocystocele,1
dacryocytosis,1
dacryodes,1
dactuliophora,1
dactyl,1
dactylella,1
dactylic,1
dactylis,1
dactyloctenium,1
dactylogyridae,1
dactylogyrus,1
dactyloidae,1
dactylomegaly,1
dactylopatagium,1
dactylopiidae,1
dactylopius,1
dactylopteridae,1
dactylopteriformes,1
dactylopterus,1
dactylorhiza,1
dactyloscopidae,1
dacus,1
dadaiko,1
daedal,1
daedalea,1
daegeum,1
daemonorops,1
daf,1
daffo,1
dafla,1
daft,1
daftly,1
daftness,1
dag,1
dagger,1
dagu,1
daguangxian,1
dah,1
dahlia,1
dahu,1
daidzein,1
daintily,1
daintiness,1
dainty,1
dairies,1
daisylike,1
dakkari,1
dakoity,1
dakota,1
daktulosphaira,1
daktylos,1
dal,1
dalasi,1
dalbergia,1
dalbulus,1
daleth,1
dalliance,1
dalmatian,1
daltonism,1
daluo,1
damaha,1
damalinia,1
damaru,1
damask,1
dambe,1
dambura,1
dameo,1
daminozide,1
dammam,1
dammars,1
damnable,1
damnably,1
damnatory,1
damning,1
dampish,1
damply,1
dampness,1
danaus,1
danceable,1
dancesport,1
dander,1
dandified,1
dandify,1
dandily,1
dandruff,1
dandyish,1
dandyism,1
dangaleat,1
dangerously,1
dangerousness,1
dangjeok,1
dangla,1
dangubica,1
daniel,1
danio,1
danionidae,1
danioninae,1
dank,1
dankness,1
danso,1
dantean,1
dantesque,1
danthonia,1
daoism,1
dapaqin,1
daphne,1
daphnia,1
daphniidae,1
dapper,1
dapperness,1
daraf,1
darbuka,1
dard,1
dardanelles,1
dardic,1
daredevil,1
daredevilry,1
daredeviltry,1
dari,1
daringly,1
darkened,1
darkhuang,1
darkish,1
darkling,1
darkly,1
darkminton,1
darling,1
darned,1
darning,1
darsana,1
dartchery,1
darvira,1
darwinian,1
darwinism,1
dashingly,1
dasineura,1
dastard,1
dastardliness,1
dastardly,1
dasyatidae,1
dasyatis,1
dasychira,1
dasypodidae,1
dasypyrum,1
dasytricha,1
dasyuridae,1
dasyuromorphia,1
datable,1
datasets,1
datchball,1
dateable,1
dateless,1
datemark,1
datiscaceae,1
dative,1
datong,1
datum,1
datura,1
daubing,1
daucus,1
daudytė,1
daughterly,1
daukashe,1
daula,1
daunt,1
daunted,1
daunting,1
dauntingly,1
dauntless,1
dauntlessly,1
dauntlessness,1
davainea,1
davaineidae,1
davandai,1
davul,1
dawah,1
dawdle,1
dawdling,1
dawuro,1
daxophone,1
daya,1
daybook,1
daybreak,1
daycare,1
daydreaming,1
dayereh,1
dayspring,1
dazedly,1
dazomet,1
dazzlingly,1
db,1
dba,1
dbms,1
dc,1
dd,1
ddd,1
dde,1
dds,1
ddt,1
deaccession,1
deacidification,1
deactivation,1
deadened,1
deadlift,1
deadliness,1
deadlock,1
deadlocked,1
deadness,1
deaerate,1
deafcycling,1
deafened,1
deafening,1
dealignment,1
deaminate,1
deaminization,1
deaminize,1
deanery,1
deanship,1
dearly,1
dearness,1
deathbed,1
deathblow,1
deathless,1
deathlike,1
deathrate,1
debark,1
debarkation,1
debaryomyces,1
debased,1
debasing,1
debatable,1
debauched,1
debauchery,1
debeaking,1
debertz,1
debile,1
debilitate,1
debilitated,1
debilitating,1
debilitation,1
debilitative,1
debility,1
deblossoming,1
debonair,1
debonaire,1
debone,1
deboned,1
debonnaire,1
debridement,1
debrief,1
debriefing,1
debugger,1
debunk,1
debunking,1
dec,1
decadence,1
decadency,1
decadent,1
decaffeinate,1
decaffeination,1
decagon,1
decagram,1
decahedron,1
decalcification,1
decalcify,1
decalcomania,1
decalescence,1
decalescent,1
decaliter,1
decalitre,1
decalogue,1
decameter,1
decametre,1
decamp,1
decampment,1
decant,1
decantation,1
decanters,1
decanting,1
decapitate,1
decapitated,1
decapitation,1
decapterus,1
decarbonate,1
decarbonise,1
decarbonization,1
decarbonize,1
decarboxylate,1
decarburise,1
decarburize,1
decasyllabic,1
decasyllable,1
decayable,1
deceased,1
deceitful,1
deceitfully,1
deceitfulness,1
deceivingly,1
december,1
decency,1
decennary,1
decennium,1
decentalisation,1
decentering,1
decently,1
decentralisation,1
decentralise,1
decentralised,1
decentralising,1
decentralize,1
decentralized,1
decentralizing,1
decentration,1
deceptive,1
deceptively,1
deceptiveness,1
decerebrate,1
decertify,1
dechlorinate,1
dechlorination,1
deciban,1
decibel,1
decideable,1
decidedly,1
decidua,1
decidualization,1
decigram,1
decile,1
deciliter,1
decilitre,1
decimalisation,1
decimalise,1
decimalization,1
decimalize,1
decimate,1
decimation,1
decimeter,1
decimetre,1
decipherable,1
decipherably,1
deciphered,1
decipherment,1
decisive,1
decisively,1
decisiveness,1
deckled,1
decks,1
declaim,1
declamation,1
declamatory,1
declarable,1
declaratory,1
declassification,1
declassified,1
declassify,1
declaw,1
declivitous,1
declutch,1
decoct,1
decoction,1
decoke,1
decollate,1
decollete,1
decolonisation,1
decolonise,1
decolonization,1
decolonize,1
decolor,1
decolorise,1
decolorize,1
decolour,1
decolourise,1
decolourization,1
decolourize,1
decommission,1
decomposable,1
decompose,1
decompositional,1
decompound,1
decompressing,1
decompression,1
deconcentrate,1
decondensed,1
deconsecrate,1
deconsecrated,1
deconstruct,1
deconstruction,1
deconstructionism,1
deconstructionist,1
decontaminate,1
decontamination,1
decontrol,1
deconvolution,1
decorative,1
decoratively,1
decorativeness,1
decorous,1
decorously,1
decorousness,1
decortication,1
decorum,1
decoupage,1
decoy,1
decreed,1
decrementation,1
decrepit,1
decrepitate,1
decrepitation,1
decretal,1
decriminalisation,1
decriminalise,1
decriminalize,1
decry,1
decryption,1
decurrent,1
decurved,1
ded,1
dedifferentiate,1
dedifferentiated,1
dedifferentiation,1
deducible,1
deem,1
deepen,1
deeply,1
deerstalking,1
deface,1
defacement,1
defaecation,1
defalcate,1
defamatory,1
defame,1
defang,1
defasciculated,1
defat,1
defatting,1
defeasible,1
defeatism,1
defective,1
defectively,1
defectiveness,1
defeminise,1
defeminize,1
defencelessly,1
defencelessness,1
defendable,1
defenestrate,1
defenestration,1
defenselessly,1
defenselessness,1
defensibility,1
defensible,1
defensins,1
defensively,1
defensiveness,1
deferent,1
deferential,1
deferentially,1
deferment,1
defervesce,1
defervescence,1
defervescent,1
defi,1
defiant,1
defiantly,1
defibrillate,1
defibrillation,1
defibrinate,1
deficiencies,1
deficient,1
defiled,1
defilement,1
definability,1
definable,1
definitely,1
definiteness,1
definitive,1
deflagration,1
deflated,1
deflationary,1
deflator,1
deflective,1
defloration,1
defoaming,1
defog,1
defoliants,1
defoliated,1
deforest,1
deformational,1
defraud,1
defray,1
defrayal,1
defrayment,1
defrock,1
defrost,1
defruiting,1
deft,1
deftly,1
deftness,1
defunct,1
defunctness,1
defuse,1
defusing,1
degage,1
degas,1
degassing,1
degauss,1
degaussing,1
degenerative,1
deglaciation,1
deglaze,1
deglutition,1
deglycerolise,1
deglycerolize,1
degrease,1
degreening,1
degressive,1
degumming,1
degust,1
degustation,1
dehisce,1
dehiscent,1
dehorn,1
dehorning,1
dehumanisation,1
dehumanised,1
dehumanization,1
dehumanized,1
dehumidify,1
dehydrate,1
dehydrated,1
dehydrins,1
dehydroepiandrosterone,1
dehydrogenate,1
deice,1
deicing,1
deific,1
deightoniella,1
deign,1
deionize,1
deism,1
deist,1
deistic,1
deixis,1
deject,1
dejected,1
dejectedly,1
dejectedness,1
dejection,1
dekagram,1
dekaliter,1
dekalitre,1
dekameter,1
dekametre,1
dekko,1
delabialization,1
delaminated,1
delbek,1
delectability,1
delectable,1
delegation,1
delesseriaceae,1
deleterious,1
delhi,1
delia,1
deliberately,1
deliberateness,1
deliberative,1
delible,1
delicately,1
deliciously,1
deliciousness,1
delightedly,1
delightful,1
delightfully,1
delignification,1
delimited,1
delineated,1
delineative,1
deliquesce,1
deliquescent,1
deliquium,1
delirious,1
deliriously,1
delist,1
deliverable,1
deliverance,1
délka,1
delo,1
delocalize,1
delonix,1
delouse,1
delphacidae,1
delphian,1
delphinapterus,1
delphinidae,1
delphinidin,1
delphinium,1
delphinus,1
deltamethrin,1
deltavirus,1
delusional,1
delusive,1
delusively,1
delusory,1
deluxe,1
delve,1
demagnetisation,1
demagnetization,1
demagogic,1
demagogical,1
demagoguery,1
demagogy,1
demandingly,1
demarcate,1
demarcation,1
demarche,1
demasculinise,1
demasculinize,1
dematerialise,1
dematerialize,1
demeaningly,1
demeanor,1
demeanour,1
demented,1
dementedly,1
dementedness,1
demesne,1
demilitarise,1
demilitarize,1
demineralise,1
demineralize,1
demisemiquaver,1
demist,1
demob,1
demobilisation,1
demobilise,1
demobilization,1
demobilize,1
democratically,1
democratisation,1
democratise,1
democratism,1
democratization,1
democratize,1
demode,1
demodex,1
demodicidae,1
demodicosis,1
demodulate,1
demodulation,1
demolished,1
demolishing,1
demonetisation,1
demonetise,1
demonetization,1
demonetize,1
demoniac,1
demoniacal,1
demoniacally,1
demonic,1
demonisation,1
demonise,1
demonism,1
demonization,1
demonize,1
demonolatry,1
demonstrability,1
demonstrable,1
demonstrably,1
demonstratively,1
demonstrativeness,1
demoralised,1
demoralising,1
demoralized,1
demoralizing,1
demospongia,1
demospongiae,1
demosthenic,1
demote,1
demotion,1
demulcent,1
demulsify,1
demung,1
demure,1
demurely,1
demureness,1
demurral,1
demyelinate,1
demyelinated,1
demystify,1
demythologisation,1
demythologise,1
demythologised,1
demythologization,1
demythologize,1
demythologized,1
denary,1
denationalisation,1
denationalise,1
denationalization,1
denationalize,1
denaturalise,1
denaturalization,1
denaturalize,1
denaturation,1
denature,1
denatured,1
denaturised,1
denaturized,1
denazification,1
denazify,1
dendranthema,1
dendriform,1
dendriole,1
dendrite,1
dendrobium,1
dendrocalamus,1
dendrochronology,1
dendroclimatology,1
dendrocopos,1
dendroctonus,1
dendrodochium,1
dendroecology,1
dendroid,1
dendroidal,1
dendrolimus,1
dendrophone,1
dengakubue,1
deniable,1
denigrate,1
denigrating,1
denigrative,1
denigratory,1
denitrification,1
denitrify,1
denivelation,1
denmark,1
denominate,1
denomination,1
denominationalism,1
denominationally,1
denominator,1
denotative,1
denotatum,1
denotive,1
denouncement,1
densely,1
densidad,1
densidade,1
densification,1
densità,1
densitate,1
densité,1
densitometers,1
densovirus,1
dentaliidae,1
dentary,1
dentate,1
dentated,1
dentatherinidae,1
denticipitidae,1
denticulate,1
dentine,1
dentinogenesis,1
dentistry,1
dentsivka,1
denude,1
denuded,1
denumerable,1
denunciation,1
denunciative,1
denunciatory,1
deodorise,1
deodorize,1
deodorizing,1
deodourise,1
deois,1
deossification,1
deoxidise,1
deoxidize,1
deoxygenate,1
deoxyribonuclease,1
deoxyribonucleosides,1
departmental,1
departmentally,1
depectinization,1
dependability,1
dependable,1
dependableness,1
dependably,1
dependance,1
dependant,1
dependence,1
dependency,1
depensation,1
depersonalise,1
depersonalize,1
dephosphorylated,1
depictive,1
depigmentation,1
depilate,1
depilatory,1
depilous,1
deplane,1
depletable,1
deplorable,1
deplorably,1
deplore,1
deploy,1
deployment,1
deplumate,1
depolarisation,1
depolarise,1
depolarization,1
depolarize,1
depolymerization,1
depone,1
depopulate,1
depopulated,1
depopulation,1
deportation,1
deportment,1
depravation,1
deprave,1
depraved,1
deprecate,1
deprecating,1
deprecatio,1
deprecative,1
deprecatively,1
deprecatory,1
depreciating,1
depreciative,1
depreciatory,1
depressant,1
depressaria,1
depressed,1
depressing,1
depressingly,1
depressurise,1
depressurize,1
deputation,1
depute,1
deputise,1
deputize,1
deracination,1
deraeocoris,1
derail,1
derailment,1
deranged,1
derate,1
derby,1
derealization,1
derecognise,1
derecognize,1
deregulate,1
deregulating,1
deregulation,1
derelict,1
derequisition,1
derestrict,1
derichthyidae,1
derisive,1
derisively,1
derisorily,1
derisory,1
derivable,1
derivational,1
derkach,1
dermabrasion,1
dermacentor,1
dermal,1
dermanyssidae,1
dermanyssus,1
dermaptera,1
dermatobia,1
dermatochalasis,1
dermatocranium,1
dermatoglyphic,1
dermatoglyphics,1
dermatologic,1
dermatological,1
dermatomal,1
dermatome,1
dermatomycoses,1
dermatomycosis,1
dermatomyositis,1
dermatophagoides,1
dermatophilosis,1
dermatophilus,1
dermatophytosis,1
dermatosclerosis,1
dermatosis,1
dermestes,1
dermestidae,1
dermethmoid,1
dermic,1
dermis,1
dermochelyidae,1
dermochelys,1
dermomyotome,1
dermoptera,1
dermosphenotic,1
dernypace,1
derogate,1
derogative,1
derogatory,1
derris,1
desacralize,1
desalinate,1
desalination,1
desalinisation,1
desalinise,1
desalinization,1
desalinize,1
desalt,1
desalting,1
descabello,1
descale,1
descendent,1
descender,1
descensus,1
deschampsia,1
describable,1
descriptive,1
descriptively,1
descriptivism,1
descry,1
descurainia,1
desecrated,1
desecration,1
desegrated,1
desegregate,1
desegregation,1
desensitisation,1
desensitising,1
desensitization,1
desensitizing,1
desertion,1
deservedly,1
deservingness,1
desex,1
deshabille,1
desiccants,1
desiccated,1
designative,1
designatum,1
designedly,1
desirability,1
desirableness,1
desirous,1
desist,1
deskbound,1
desmanthus,1
desmedipham,1
desmodium,1
desmodus,1
desmoscolecidae,1
desmoscolex,1
desmosome,1
desolately,1
desorb,1
desoxycortone,1
despairingly,1
desperate,1
desperately,1
despicability,1
despicable,1
despicableness,1
despicably,1
despisal,1
despise,1
despised,1
despising,1
despiteful,1
despitefully,1
despoilation,1
despoiled,1
despoilment,1
despoliation,1
despond,1
despondence,1
despondency,1
despondent,1
despondently,1
despotical,1
despotism,1
desquamate,1
desquamation,1
dessertspoon,1
dessertspoonful,1
dessiatine,1
destabilisation,1
destabilise,1
destabilize,1
destain,1
destalinisation,1
destalinise,1
destalinization,1
destalinize,1
destined,1
destitute,1
destitution,1
destocking,1
destoning,1
destress,1
destreza,1
destroyable,1
destruct,1
destructibility,1
destructible,1
destructively,1
destructiveness,1
desuckering,1
desuetude,1
desugaring,1
desulfurize,1
desulphurize,1
desultory,1
desynchronisation,1
desynchronise,1
desynchronization,1
desynchronize,1
desynchronizing,1
detachable,1
detainment,1
detasseling,1
detectability,1
detectable,1
detente,1
deter,1
deterge,1
detergence,1
detergency,1
detergent,1
determent,1
determinable,1
determinate,1
determinateness,1
determinedly,1
determinism,1
deterministic,1
detersive,1
detest,1
detestable,1
detestably,1
detestation,1
detested,1
dethaw,1
dethrone,1
dethronement,1
detick,1
detomidine,1
detonate,1
detonative,1
detonators,1
detour,1
detox,1
detoxicants,1
detoxicate,1
detract,1
detractive,1
detrain,1
detransitivise,1
detransitivize,1
detribalisation,1
detribalise,1
detribalization,1
detribalize,1
detriment,1
detrimental,1
detrimentally,1
detritivores,1
detritus,1
detumescence,1
detuner,1
detusk,1
deuced,1
deucedly,1
deuteranomaly,1
deuteranopic,1
deuterium,1
deuteromycotina,1
deuteronomy,1
deuterophoma,1
deuterosome,1
deuterostomia,1
deutschmark,1
deutzia,1
devaluate,1
devalue,1
devalued,1
devanagari,1
devastate,1
devastating,1
devein,1
developmental,1
developmentally,1
deviant,1
deviationism,1
devilise,1
devilishly,1
devilishness,1
devilize,1
devilment,1
devilry,1
deviltry,1
devious,1
deviously,1
deviousness,1
devisal,1
devising,1
devitalisation,1
devitalise,1
devitalization,1
devitalize,1
devitrify,1
devoice,1
devoid,1
devoir,1
devolvement,1
devotedly,1
devotedness,1
devouring,1
devoutly,1
devoutness,1
dewberries,1
dewdrop,1
deweyan,1
dewiness,1
dewlap,1
deworming,1
dewy,1
dexamethasone,1
dexter,1
dexterity,1
dexterous,1
dexterously,1
dextral,1
dextrality,1
dextranase,1
dextrans,1
dextrinization,1
dextrins,1
dextrorotary,1
dextrorotation,1
dextrorotatory,1
dextrorsal,1
dextrorse,1
dextrous,1
dextrously,1
deze,1
dg,1
dhaa,1
dhadd,1
dhak,1
dhantal,1
dhantara,1
dharma,1
dhegiha,1
dhimay,1
dholak,1
dhyāngro,1
diabatic,1
diabolatry,1
diabolic,1
diabolical,1
diabolically,1
diabolise,1
diabolism,1
diabolize,1
diabrotica,1
diacetyl,1
diachronic,1
diachrony,1
diacrisia,1
diacritical,1
diadegma,1
diadematidae,1
diadromous,1
diadromus,1
diaeresis,1
diaeretiella,1
diagenesis,1
diagnosable,1
diagnostics,1
diagonalisation,1
diagonalise,1
diagonalizable,1
diagonalization,1
diagonalize,1
diagonally,1
diagrammatic,1
diagrammatical,1
diagrammatically,1
diakinesis,1
dialectal,1
dialectical,1
dialectically,1
dialectics,1
dialectology,1
dialeurodes,1
diallate,1
dialog,1
dialogism,1
dialogue,1
dialyse,1
dialyze,1
diam,1
diamagnetic,1
diamagnetism,1
diamantine,1
diametral,1
diamètre,1
diametrically,1
diametro,1
diámetro,1
diâmetro,1
diaminoaciduria,1
diandrous,1
dianoetic,1
dianthovirus,1
dianthus,1
diapause,1
diapedesis,1
diaphania,1
diaphanous,1
diaphone,1
diaphoresis,1
diaphoretic,1
diaphorina,1
diaphyseal,1
diaphysial,1
diaphysis,1
diapirs,1
diaporthales,1
diaporthe,1
diaprepes,1
diapriidae,1
diarrheal,1
diarrheic,1
diarrhetic,1
diarrhoeal,1
diarrhoeic,1
diarrhoetic,1
diary,1
diaspididae,1
diastasis,1
diastatic,1
diastole,1
diastolic,1
diastomatomyelia,1
diathermy,1
diatomic,1
diatomite,1
diatonic,1
diatraea,1
diatribe,1
diaula,1
diaveridine,1
diazinon,1
diazo,1
diazole,1
diazotize,1
diazotrophy,1
dibasicaminoaciduria,1
dibber,1
dibble,1
dibbling,1
dibeke,1
dibenzofurans,1
dibrach,1
dibs,1
dicamba,1
dicarboxylic,1
dicentrarchus,1
diceratiidae,1
dicey,1
dichanthium,1
dichapetalaceae,1
dichelobacter,1
dichlobenil,1
dichlofluanid,1
dichlorophen,1
dichloropropene,1
dichlorprop,1
dichlorvos,1
dichocrocis,1
dichotomisation,1
dichotomise,1
dichotomization,1
dichotomize,1
dichotomous,1
dichotomously,1
dichrocephala,1
dichroism,1
dichromasy,1
dichromatism,1
dichromatopsia,1
dichromia,1
dichrostachys,1
dicistroviridae,1
dickens,1
dickensian,1
dicker,1
dickey,1
dickeya,1
dicky,1
diclinous,1
diclofop,1
dicofol,1
dicondylia,1
dicotyledonous,1
dicotyledons,1
dicoumarol,1
dicrocoeliasis,1
dicrocoeliidae,1
dicrocoelium,1
dicrotophos,1
dictation,1
dictatorially,1
dictatorship,1
diction,1
dictum,1
dictyocaulidae,1
dictyocaulosis,1
dictyocaulus,1
dictyopharidae,1
dictyoptera,1
dictyopteran,1
dictyosomes,1
dictyosteliomycetes,1
dictyostelium,1
dictyotaceae,1
dicyphus,1
didactic,1
didactical,1
didactically,1
didacticism,1
didactics,1
didder,1
diddley,1
diddly,1
diddlyshit,1
diddlysquat,1
didelphidae,1
didelphimorphia,1
didelphis,1
didgeridoo,1
didymascella,1
didymella,1
didymellaceae,1
didymosphaeria,1
dieffenbachia,1
diegueno,1
diehliomyces,1
dieldrin,1
dielectrolysis,1
diencephalon,1
dieresis,1
diesis,1
diestrous,1
diestrual,1
diestrum,1
diestrus,1
dietary,1
dietetic,1
dietetical,1
diethyltoluamide,1
difenacoum,1
difenzoquat,1
differentia,1
differentially,1
differently,1
differenzler,1
difficultness,1
diffidence,1
diffident,1
diffidently,1
diffusely,1
diffuseness,1
diffusionskoeffizient,1
diffusive,1
diflubenzuron,1
diflufenican,1
digenea,1
digenesis,1
digesta,1
digestate,1
digesters,1
digestible,1
digestibleness,1
digestive,1
dighted,1
digitalis,1
digitalisation,1
digitalise,1
digitalization,1
digitally,1
digitaria,1
digitately,1
digitigrade,1
digitisation,1
digitise,1
digitization,1
digitize,1
diglycerides,1
diglyphus,1
dignified,1
dignifying,1
digor,1
digoxigenin,1
digram,1
digraph,1
digressive,1
digressiveness,1
dihaploidy,1
diheteropogon,1
diheterospora,1
dihu,1
dihydrochalcones,1
dihydrogenphosphate,1
dike,1
dikegulac,1
diktat,1
dilapidated,1
dilated,1
dilatometry,1
dilatoriness,1
dilatory,1
dilemma,1
dilepididae,1
dilettante,1
dilettanteish,1
dilettantish,1
diligently,1
dilleniaceae,1
dilleniales,1
dillydally,1
dilrupa,1
dilution,1
diluvial,1
diluvian,1
dimdi,1
dime,1
dimensionality,1
dimensionless,1
dimercaprol,1
dimethenamid,1
dimethoate,1
dimetridazole,1
diminazene,1
diminutiveness,1
dimly,1
dimocarpus,1
dimorphic,1
dimorphism,1
dimorphous,1
dimout,1
dinar,1
dindimi,1
dinero,1
dingily,1
dinginess,1
dingy,1
diniconazole,1
dining,1
dinitramine,1
dink,1
dinka,1
dinky,1
dinnertime,1
dinocap,1
dinolestidae,1
dinopercidae,1
dinophyceae,1
dinophysis,1
dinosauria,1
dinoseb,1
dint,1
diocesan,1
dioctophymatidae,1
dioctophyme,1
diodontidae,1
dioecian,1
dioecious,1
dioestrous,1
dioestrual,1
diogenidae,1
diomedeidae,1
diomus,1
dionconotus,1
dionysia,1
dionysian,1
diopsidae,1
diopsis,1
diopter,1
dioptidae,1
dioptre,1
dioryctria,1
dioscorea,1
dioscoreaceae,1
dioscoreales,1
diosgenin,1
diospyros,1
dioxides,1
dioxins,1
dioxygen,1
diparopsis,1
dipeptides,1
dipetalonema,1
diphenamid,1
diphtheria,1
diphthong,1
diphthongise,1
diphthongize,1
diphyllobothriidae,1
diphyllobothrium,1
diphysa,1
diplachne,1
dipladenia,1
diple,1
diplectrum,1
diplegia,1
diplica,1
diplocarpon,1
diplodia,1
diplodinium,1
diplodus,1
diploma,1
diplomatical,1
diplomatically,1
diplomyelia,1
diplomystidae,1
diplopoda,1
diploptera,1
diplostomidae,1
diplostomum,1
diplotaxis,1
diplotene,1
diplozoidae,1
diplozoon,1
diplura,1
dipnomorpha,1
dipnotetrapodomorpha,1
dipodidae,1
dipodinae,1
dipodoidea,1
dipolar,1
diprion,1
diprionidae,1
diprotodontia,1
dipsacaceae,1
dipsacales,1
dipsomania,1
dipterocarpaceae,1
dipterocarpus,1
dipterous,1
dipteryx,1
dipylidium,1
dipylon,1
diquat,1
dire,1
directionality,1
directionless,1
directiveness,1
directivity,1
directly,1
directness,1
directorship,1
direful,1
direfully,1
diretmidae,1
dirge,1
dirham,1
dirigible,1
dirofilaria,1
dirofilariasis,1
dirphya,1
dirtily,1
disabilities,1
disability,1
disablement,1
disabuse,1
disabused,1
disaccharides,1
disaccord,1
disadvantaged,1
disadvantageous,1
disadvantageously,1
disaffect,1
disaffected,1
disaffirmation,1
disafforest,1
disagreeable,1
disagreeableness,1
disagreeably,1
disallow,1
disambiguate,1
disambiguation,1
disambiguator,1
disappointedly,1
disappointingly,1
disapprobation,1
disapprovingly,1
disarmament,1
disarrangement,1
disarrayed,1
disarticulate,1
disassemble,1
disassembled,1
disassembly,1
disassociate,1
disassociation,1
disastrous,1
disastrously,1
disavow,1
disavowable,1
disavowal,1
disband,1
disbandment,1
disbar,1
disbarment,1
disbelief,1
disbelieve,1
disbelieving,1
disbelievingly,1
disbudding,1
disburden,1
disburse,1
discalceate,1
discalced,1
discant,1
discase,1
disceptation,1
discernability,1
discernable,1
discernible,1
discerp,1
discharged,1
disciform,1
discipleship,1
disciplinal,1
disclaim,1
disclaimer,1
disclike,1
disclosed,1
disclosure,1
discography,1
discoidal,1
discolor,1
discolored,1
discolorise,1
discolorize,1
discolour,1
discolourise,1
discombobulated,1
discombobulation,1
discomfit,1
discomfited,1
discomfiture,1
discommode,1
discompose,1
discomposed,1
discomycetous,1
disconcert,1
disconcerted,1
disconcerting,1
disconcertingly,1
disconcertion,1
disconcertment,1
disconfirming,1
disconnectedness,1
disconsolate,1
disconsolately,1
disconsolateness,1
discontentedly,1
discontentedness,1
discontentment,1
discontinuance,1
discontinuation,1
discontinue,1
discontinued,1
discontinuity,1
discordant,1
discordantly,1
discorporate,1
discouragingly,1
discourteous,1
discourteously,1
discoverable,1
discreditable,1
discreditably,1
discredited,1
discreet,1
discreetly,1
discrepant,1
discreteness,1
discretional,1
discretionary,1
discriminable,1
discriminating,1
discriminative,1
discriminatory,1
discula,1
discursive,1
discursively,1
discursiveness,1
discus,1
disdainful,1
disdainfully,1
disdainfulness,1
diseased,1
disembark,1
disembarkation,1
disembarkment,1
disembarrass,1
disembarrassment,1
disembodied,1
disembody,1
disembowel,1
disembowelment,1
disembroil,1
disenable,1
disenchant,1
disenchanted,1
disenchanting,1
disenchantment,1
disencumber,1
disenfranchise,1
disenfranchised,1
disenfranchisement,1
disengagement,1
disentangled,1
disentanglement,1
disequilibrium,1
disestablish,1
disestablishment,1
disfigure,1
disfigured,1
disfluency,1
disforest,1
disforestation,1
disfranchise,1
disfranchised,1
disfranchisement,1
disfunction,1
disgorgement,1
disgraced,1
disgraceful,1
disgracefully,1
disgracefulness,1
disgruntle,1
disgruntled,1
disgruntlement,1
disgustedly,1
disgustful,1
disgustingly,1
disgustingness,1
dishabille,1
disharmonious,1
disharmonize,1
disharmony,1
dishearten,1
disheartened,1
disheartening,1
dishevel,1
dishevelled,1
dishful,1
dishonestly,1
dishonorableness,1
dishonorably,1
dishonored,1
dishonourable,1
dishonourableness,1
dishonourably,1
dishwashing,1
dishy,1
disillusioned,1
disillusioning,1
disillusionment,1
disincarnate,1
disincentive,1
disincline,1
disinclined,1
disinfect,1
disinfectant,1
disinfectants,1
disinfest,1
disinfestation,1
disinflation,1
disingenuously,1
disingenuousness,1
disinherit,1
disinheritance,1
disinherited,1
disinhibition,1
disintegrable,1
disintegrate,1
disintegrative,1
disinter,1
disinterest,1
disinterested,1
disinterestedly,1
disinterestedness,1
disinterment,1
disinvestment,1
disinvolve,1
disjoin,1
disjoined,1
disjointed,1
disjointedly,1
disjointedness,1
disjunct,1
disjunctive,1
disjuncture,1
diskitis,1
disklike,1
dislikable,1
dislocate,1
dislocations,1
dislodgement,1
dislodgment,1
dislogistic,1
disloyally,1
disloyalty,1
dismal,1
dismally,1
dismantled,1
dismantlement,1
dismantling,1
dismayed,1
dismaying,1
dismember,1
dismemberment,1
dismissible,1
dismissive,1
disobediently,1
disobliging,1
disonycha,1
disorderly,1
disorganise,1
disorganised,1
disorganize,1
disorient,1
disorientate,1
disorienting,1
disownment,1
disparagingly,1
disparate,1
disparateness,1
disparity,1
dispassion,1
dispassionate,1
dispassionately,1
dispassionateness,1
dispel,1
dispensability,1
dispensable,1
dispensableness,1
dispensed,1
dispersal,1
dispersants,1
dispersions,1
dispersive,1
dispirit,1
dispirited,1
dispiritedly,1
dispiritedness,1
dispiriting,1
displasiocoelous,1
displease,1
displeased,1
displeasing,1
displeasingly,1
disposable,1
disposed,1
dispossess,1
dispossessed,1
dispraise,1
dispread,1
disproportion,1
disproportional,1
disproportionate,1
disproportionately,1
disputable,1
disputation,1
disputatious,1
disputatiously,1
disputative,1
disqualified,1
disqualifying,1
disquieted,1
disquieting,1
disquietingly,1
disquietude,1
disquisition,1
disregarded,1
disregarding,1
disregardless,1
disrepair,1
disreputability,1
disreputableness,1
disreputably,1
disrepute,1
disrespectfully,1
disrobe,1
disruptions,1
disruptive,1
disruptively,1
diss,1
dissatisfaction,1
dissatisfactory,1
dissatisfied,1
dissatisfy,1
dissected,1
disseminate,1
disseminative,1
dissentient,1
dissenting,1
dissentious,1
dissertate,1
dissertation,1
disservice,1
dissever,1
dissidence,1
dissident,1
dissilience,1
dissilient,1
dissimilar,1
dissimilarity,1
dissimilate,1
dissimilation,1
dissimilitude,1
dissimulate,1
dissimulation,1
dissimulative,1
dissipance,1
dissociable,1
dissociative,1
dissolubility,1
dissoluble,1
dissolute,1
dissolutely,1
dissoluteness,1
dissolvable,1
dissonant,1
dissuade,1
dissuasion,1
dissuasive,1
dissyllable,1
dissymmetry,1
distally,1
distancia,1
distância,1
distantiella,1
distantly,1
distanza,1
distaste,1
distasteful,1
distastefully,1
distastefulness,1
distend,1
distich,1
distichiasis,1
distichlis,1
distichous,1
distillation,1
distilling,1
distillment,1
distinctive,1
distinctively,1
distinctiveness,1
distinctly,1
distinguishability,1
distinguishable,1
distortable,1
distractedly,1
distrain,1
distrait,1
distraught,1
distressed,1
distressful,1
distressfully,1
distressfulness,1
distressing,1
distressingly,1
distressingness,1
distributaries,1
distributional,1
distributive,1
distributively,1
distrustful,1
distrustfully,1
distrustfulness,1
disturbingly,1
disul,1
disulfiram,1
disulfoton,1
disunify,1
disunion,1
disunited,1
disunity,1
disuse,1
disused,1
disyllabic,1
disyllable,1
ditchers,1
diterpenoids,1
dithering,1
dithyramb,1
dithyrambic,1
ditrysia,1
ditty,1
ditylenchus,1
diuraphis,1
diuretics,1
diuron,1
divagate,1
divalent,1
divarication,1
divergent,1
diversely,1
diverseness,1
diversified,1
diversify,1
diversion,1
diversionary,1
diverted,1
diverticulitis,1
diverticulosis,1
diverticulum,1
divertimento,1
diverting,1
divertingly,1
dividable,1
divinatory,1
divinely,1
divisibility,1
divisible,1
divisive,1
divisor,1
divorcement,1
divulge,1
divulgement,1
divulgence,1
divvy,1
diwan,1
diwas,1
diyingehu,1
dizen,1
dizi,1
dizygotic,1
dizygous,1
dizzily,1
dizziness,1
dj,1
djéguélé,1
djembe,1
djendjen,1
djibouti,1
djiboutian,1
djomolo,1
djoza,1
dkg,1
dkl,1
dkm,1
dl,1
dle,1
długość,1
dmd,1
dmus,1
dna,1
dnoc,1
doable,1
dobra,1
dobro,1
docetism,1
docile,1
docility,1
dociostaurus,1
doctoral,1
doctorate,1
doctorial,1
doctorspeak,1
doctrinaire,1
doctrinal,1
doctrinally,1
docudrama,1
documental,1
dodder,1
doddering,1
doddery,1
doddle,1
dodds,1
dodecagon,1
dodecahedron,1
dodgeball,1
dodgebee,1
dodgy,1
dodine,1
doedelzak,1
doelings,1
doff,1
dogfish,1
doggedly,1
doggedness,1
doggerel,1
doggo,1
doghouse,1
dogleg,1
doglike,1
dogmatical,1
dogmatically,1
dogmatise,1
dogmatism,1
dogmatize,1
dogshit,1
dogsled,1
dogtrot,1
dogwatch,1
doh,1
dohol,1
doings,1
dojo,1
dokra,1
dol,1
dolabellidae,1
dolabrate,1
dolabriform,1
dolce,1
dolceola,1
doleful,1
dolefully,1
dolefulness,1
doli,1
dolichocephalic,1
dolichocephalism,1
dolichocranial,1
dolichocranic,1
dolichodoridae,1
dolichopodidae,1
dolichos,1
dolichovespula,1
dolio,1
dollop,1
dollu,1
dolomite,1
dolomitic,1
dolomitization,1
dolor,1
dolorous,1
dolour,1
dolourous,1
dolphinfish,1
doltish,1
doltishly,1
dolycoris,1
dolžina,1
dombra,1
domestically,1
domesticise,1
domesticize,1
domicile,1
domiciliary,1
dominated,1
dominating,1
domineer,1
domineering,1
domineeringly,1
domineeringness,1
dominica,1
dominical,1
dominican,1
dominicus,1
dominion,1
dominoes,1
dominos,1
domra,1
dona,1
donacidae,1
donatism,1
donatist,1
donax,1
dondersiidae,1
dongdi,1
donkeywork,1
donnean,1
donnian,1
donnish,1
donor,1
doodle,1
doomed,1
doorbell,1
dopa,1
dopaminium(1+),1
doped,1
dopey,1
doping,1
doplophone,1
doppelzentner,1
dopy,1
doradidae,1
dord,1
dorei,1
dorian,1
dorippidae,1
dormie,1
dormition,1
dormy,1
dorosoma,1
dorper,1
dorsal,1
dorsalized,1
dorsally,1
dorsiflexion,1
dorsobronchus,1
dorsoventral,1
dorsoventrally,1
dorsum,1
dorylaimidae,1
dorylus,1
dos,1
doshpuluur,1
dosimetry,1
doss,1
dossier,1
dostoevskian,1
dostoyevskian,1
dotage,1
dōtaku,1
dotara,1
dothideales,1
dottily,1
dotty,1
doubleheader,1
doublespeak,1
doublethink,1
doubleton,1
doubloon,1
doubly,1
doubtfully,1
doubtless,1
doubtlessly,1
doughiness,1
doughnut,1
doughy,1
dour,1
dourine,1
dourly,1
douro,1
dousing,1
dovetail,1
dovish,1
dovishness,1
dovyalis,1
dowdily,1
dowdiness,1
dowdy,1
doweling,1
dowered,1
dowerless,1
dowery,1
downbeat,1
downbound,1
downcast,1
downdraft,1
downhearted,1
downheartedness,1
downiness,1
downlike,1
download,1
downmarket,1
downpicking,1
downrightness,1
downriver,1
downscale,1
downshift,1
downside,1
downsizing,1
downspin,1
downstair,1
downstroke,1
downswing,1
downtick,1
downtime,1
downtrodden,1
downturn,1
downwardly,1
downwards,1
downy,1
dowry,1
dowsing,1
doxing,1
doxology,1
doxorubicin,1
dozaleh,1
dozy,1
dph,1
dphil,1
drably,1
drabness,1
dracaena,1
drachm,1
drachma,1
draconettidae,1
draconian,1
dracunculidae,1
dracunculus,1
draftsmanship,1
drafty,1
draggingly,1
draggle,1
draggled,1
dragoon,1
drakes,1
dram,1
dramatically,1
dramatisation,1
dramatization,1
dramaturgic,1
dramaturgical,1
dramaturgy,1
dramyin,1
draped,1
drastic,1
drastically,1
draughts,1
draughty,1
dravidian,1
dravidic,1
drawback,1
dreadful,1
dreadfully,1
dreadfulness,1
dreadnought,1
dreamfully,1
dreamily,1
dreaminess,1
dreamland,1
dreamless,1
dreamlike,1
dreamworld,1
dreamy,1
drear,1
drearily,1
dreariness,1
dreary,1
drechslera,1
dredgers,1
dreg,1
drehstoß,1
dreidel,1
dreierschnapsen,1
dreissenidae,1
drejelire,1
drenched,1
drenching,1
drepane,1
drepanidae,1
drepanopeziza,1
drepanosiphum,1
drepanothrips,1
dressmaking,1
dressy,1
dreyfusia,1
drib,1
dribbling,1
driblet,1
driftage,1
driftnets,1
drily,1
drinkable,1
drinkers,1
dripless,1
drippage,1
drippily,1
drippiness,1
drippy,1
dris,1
driver,1
drizzly,1
drogheda,1
drogue,1
droll,1
dromedaries,1
dromia,1
dromiidae,1
droning,1
droopingly,1
dropforge,1
droplet,1
dropline,1
dropsical,1
dropsondes,1
dropsy,1
droseraceae,1
drosophila,1
drosophilinae,1
drosophilini,1
drova,1
drowsily,1
drowsing,1
drowsy,1
drub,1
druck,1
drudge,1
drudgery,1
drudging,1
drugless,1
druidism,1
drumfire,1
drumhead,1
drummer,1
drumsticks,1
drunken,1
drunkenly,1
drupaceous,1
drupes,1
druthers,1
drydock,1
dryers,1
drylands,1
dryly,1
dryobalanops,1
dryocosmus,1
dryomyzidae,1
dryopteris,1
ds,1
dts,1
duad,1
dualism,1
dualistic,1
duality,1
duathlon,1
dubă,1
dubai,1
dubiety,1
dubious,1
dubiously,1
dubitable,1
dubstep,1
ducal,1
ducat,1
ducheke,1
duckbill,1
ducklings,1
duckpins,1
ductileness,1
ductility,1
ductless,1
duda,1
dūdas,1
dudgeon,1
dudi,1
dudka,1
duduk,1
duette,1
duggi,1
dugongidae,1
dugongs,1
duhul,1
duhulla,1
duilian,1
duitara,1
dukedom,1
dulcet,1
dulcian,1
dulcify,1
dulcimer,1
dulcin,1
dulcitar,1
dulcitone,1
dulcorate,1
dulla,1
dully,1
duly,1
dulzaina,1
dumbfound,1
dumbfounded,1
dumbfounding,1
dumbly,1
dumbness,1
dumbstricken,1
dumbstruck,1
dumfounded,1
dumfounding,1
dumog,1
dumontiaceae,1
dumpiness,1
dumps,1
dunaliella,1
dunaliellaceae,1
duncical,1
duncish,1
dungchen,1
dunghill,1
dungo,1
dunkerque,1
dunun,1
duodenal,1
duodenitis,1
duologue,1
dupe,1
dupery,1
duple,1
duplicability,1
duplicable,1
duplicatable,1
duplicitous,1
durability,1
durak,1
dural,1
durance,1
durango,1
durative,1
durchmesser,1
duress,1
durians,1
durio,1
durisols,1
durvillaeaceae,1
dusky,1
dusters,1
dustiness,1
dustlike,1
dustpan,1
dustpanful,1
dustup,1
düstur,1
dusty,1
dutar,1
duteous,1
dutiable,1
dutiful,1
dutifully,1
dutifulness,1
duudaram,1
duxianqin,1
dvojnice,1
dvoyanka,1
dwarfish,1
dwarfishness,1
dwindle,1
dyad,1
dyadic,1
dyads,1
dyera,1
dyirbal,1
dyke,1
dynamical,1
dynamically,1
dynamise,1
dynamite,1
dynamize,1
dynamometers,1
dynaspidiotus,1
dynastic,1
dyne,1
dysaphia,1
dysaphis,1
dysautonomia,1
dyschezia,1
dyschondroplasia,1
dyschromatopsia,1
dyschronometria,1
dyscrasia,1
dysdercus,1
dysdiadochokinesis,1
dysesthesia,1
dysfibrinogenemia,1
dysfunction,1
dysfunctional,1
dysfunctionality,1
dysgenesis,1
dysgenic,1
dysgenics,1
dysgerminoma,1
dysgyria,1
dyskeratosis,1
dyslectic,1
dyslogia,1
dyslogistic,1
dysmetria,1
dysomia,1
dysorthography,1
dysosmia,1
dyspareunia,1
dyspeptic,1
dysphasia,1
dysphemism,1
dysphemistic,1
dysphoric,1
dyspneal,1
dyspneic,1
dyspnoeal,1
dyspnoeic,1
dysprosium,1
dysregulation,1
dysthymia,1
dystocia,1
dystonia,1
dystonicity,1
dystrophic,1
dystrophy,1
dytiscidae,1
dzindzinis,1
e.g.,1
e.s.p.,1
e'en,1
e'er,1
eagerly,1
eagre,1
earache,1
earbuds,1
eared,1
earful,1
earias,1
earldom,1
earless,1
earliness,1
earlyish,1
earlywood,1
earnestly,1
earnings,1
earsplitting,1
earthborn,1
earthbound,1
earthen,1
earthlike,1
earthly,1
earthmoving,1
earthshaking,1
earthworms,1
eas,1
easily,1
eastbound,1
eastern,1
easternmost,1
eastertide,1
eastmost,1
eastside,1
easygoing,1
easygoingness,1
eatable,1
eavesdrop,1
ebbtide,1
ebenaceae,1
ebenales,1
ebionite,1
ebit,1
ebitda,1
ebn,1
ebola,1
ebolavirus,1
ebon,1
ebonics,1
ebonise,1
ebonize,1
ebow,1
ebracteate,1
ebs,1
ebullience,1
ebullient,1
ebulliently,1
ebullition,1
eburnation,1
ecarte,1
ecballium,1
ecc,1
eccentrically,1
ecclesiastes,1
ecclesiastic,1
ecclesiastical,1
ecclesiastically,1
ecclesiasticus,1
ecclesiology,1
eccm,1
eccrine,1
eccyesis,1
ecdemic,1
ecdysis,1
ecdysones,1
ecdysozoa,1
ecdysterone,1
ecesis,1
ecg,1
echelon,1
echeneidae,1
echidna,1
echinidae,1
echinochloa,1
echinocnemus,1
echinometridae,1
echinophora,1
echinorhinidae,1
echinostoma,1
echinostomatidae,1
echinozoa,1
echinus,1
echium,1
echiuroidea,1
echocardiogram,1
echoencephalogram,1
echoencephalography,1
echoflöte,1
echoic,1
echoless,1
echolike,1
echophenomenon,1
echoplex,1
echopraxia,1
echosounders,1
echosounding,1
echowerk,1
echt,1
eclabion,1
eclectic,1
eclecticism,1
eclipsis,1
eclogue,1
eclosion,1
ecm,1
ecoacoustics,1
ecobabble,1
ecofriendly,1
ecogeography,1
ecohydrology,1
ecolabelling,1
ecologic,1
ecological,1
ecologically,1
ecologists,1
econometric,1
economically,1
economise,1
economists,1
economize,1
ecophysiology,1
ecoterrorism,1
ecotones,1
ecotoxicity,1
ecotoxicology,1
ecotypes,1
ecphonesis,1
ecru,1
ecstatic,1
ecstatically,1
ect,1
ectasia,1
ectasis,1
ectethmoid,1
ectocervix,1
ectochordal,1
ectoderm,1
ectodermal,1
ectodermic,1
ectomeninx,1
ectomorphic,1
ectomorphy,1
ectomycorrhizae,1
ectomyelois,1
ectoparasites,1
ectoparasitism,1
ectopia,1
ectopic,1
ectorbitale,1
ectothermic,1
ectotherms,1
ectozoan,1
ectropion,1
ecuador,1
ecuadorian,1
ecumenic,1
ecumenical,1
ecumenicalism,1
ecumenicism,1
ecumenism,1
ed,1
edacious,1
edam,1
edd,1
edda,1
eden,1
edental,1
edentate,1
edentulate,1
edentulous,1
edgeless,1
edgeways,1
edgewise,1
edgeworthia,1
edginess,1
edgy,1
edibleness,1
edification,1
edified,1
edify,1
edifying,1
editor,1
editorialise,1
editorialize,1
editorially,1
editorship,1
edovum,1
edp,1
edta,1
educationally,1
educative,1
edulcorate,1
edutainment,1
edwardian,1
edwardsiella,1
ee,1
eeg,1
eellike,1
eeng,1
eerie,1
eerily,1
eeriness,1
eery,1
eff,1
effaceable,1
effectively,1
effectiveness,1
effectivity,1
effectors,1
effectual,1
effectuality,1
effectually,1
effectualness,1
effectuate,1
effectuation,1
effeminacy,1
effeminate,1
effeminateness,1
effeminise,1
effeminize,1
efferent,1
effervesce,1
effervescent,1
effervescing,1
effete,1
efficacious,1
efficaciously,1
efficaciousness,1
efficacy,1
efficiently,1
efficienza,1
effleurage,1
effloresce,1
efflorescent,1
effluence,1
effluent,1
effluents,1
efflux,1
effortful,1
effortfulness,1
effortless,1
effortlessly,1
effortlessness,1
effrontery,1
effulgence,1
effulgent,1
effusive,1
effusively,1
effusiveness,1
eficiência,1
eflops,1
efta,1
egalitarian,1
egalitarianism,1
egalite,1
egality,1
egek,1
egest,1
eggshell,1
egocentric,1
egocentrism,1
egoistic,1
egoistical,1
egomania,1
egotistic,1
egotistical,1
egotistically,1
egotrip,1
egregious,1
egression,1
egypt,1
egyptology,1
ehf,1
ehrlichia,1
ehrlichiosis,1
eib,1
eibit,1
eichhornia,1
eicosanoids,1
eidetic,1
eidos,1
eierseksjonssameie,1
eigenfunctions,1
eigenharp,1
eigenvalue,1
eightfold,1
eightpence,1
eightpenny,1
eightsome,1
eightvo,1
eimeria,1
einsteinian,1
eisegesis,1
eisenji,1
eisteddfod,1
ejection,1
ejective,1
ekg,1
ekiden,1
ekkalam,1
ekpili,1
ekscedent,1
ektara,1
ekwe,1
el,1
elaborated,1
elaborately,1
elaborateness,1
elaeagnaceae,1
elaeagnus,1
elaeidobius,1
elaeis,1
elaeocarpaceae,1
elaeocarpus,1
elamite,1
elamitic,1
eland,1
elaphostrongylus,1
elapidae,1
elapse,1
elapsed,1
elasmidae,1
elasmodine,1
elasmolomus,1
elasmopalpus,1
elassomatidae,1
elastance,1
elasticised,1
elasticized,1
elastomers,1
elastosis,1
elateridae,1
elatinaceae,1
elatobium,1
eld,1
eldana,1
eldership,1
eldorado,1
eldritch,1
eleaticism,1
electioneer,1
electiveness,1
electone,1
electrical,1
electrically,1
electrifying,1
electroacupuncture,1
electrocardiogram,1
electrocardiographic,1
electrocardiophone,1
electrocautery,1
electroception,1
electrochemical,1
electrocute,1
electrocution,1
electrodeposition,1
electrodes,1
electrodialysis,1
electrodiaphone,1
electroejaculation,1
electroencephalogram,1
electroencephalographic,1
electroencephalography,1
electroencephalophone,1
electrolocation,1
electrolytes,1
electrolytic,1
electromagnetic,1
electromagnetics,1
electromechanical,1
electromotive,1
electromyogram,1
electronegative,1
electroneutral,1
electronic,1
electronically,1
electrophone,1
electrophoretic,1
electrophoridae,1
electrophysiology,1
electroplate,1
electroporation,1
electropositive,1
electroretinogram,1
electroshock,1
electrosleep,1
electrostatic,1
electrostatically,1
electrostatics,1
electrosurgery,1
electrotherapy,1
eledone,1
eleemosynary,1
elegance,1
elegantly,1
eleginus,1
elegise,1
elegize,1
elegy,1
elektronium,1
elementarily,1
eleocharis,1
eleodes,1
eleotridae,1
elephantiasis,1
elephantidae,1
elephantine,1
elettaria,1
eleusine,1
eleutherococcus,1
eleutheronema,1
eleutherozoa,1
elevators,1
elf,1
elfish,1
elflike,1
elfstedentocht,1
elgéphone,1
elicitation,1
elide,1
eligibility,1
elint,1
elite,1
elitism,1
elitloppet,1
elizabethan,1
ellagitannins,1
ellipsis,1
ellipsoidal,1
elliptical,1
ellipticity,1
elliptocytosis,1
ellul,1
elocute,1
elocution,1
elodea,1
elope,1
elopement,1
elopidae,1
elopiformes,1
elopocephala,1
elopocephalai,1
elopomorpha,1
elops,1
eloquence,1
eloquently,1
elsewhere,1
elsholtzia,1
elsinoe,1
eltron,1
elucidation,1
elucidative,1
elucubration,1
eluding,1
elul,1
elusion,1
elusive,1
elusiveness,1
elute,1
elution,1
elvers,1
elves,1
elvish,1
elymus,1
elysium,1
em,1
emaciate,1
emaciated,1
emancipate,1
emancipated,1
emancipation,1
emancipative,1
emaravirus,1
emasculated,1
embaire,1
embalm,1
embalmment,1
embank,1
embargos,1
embarkation,1
embarkment,1
embarrassingly,1
embattled,1
embeddedness,1
embellisia,1
embezzle,1
embezzled,1
embezzlement,1
embilta,1
embioptera,1
embiotocidae,1
embitter,1
embitterment,1
emblazon,1
emblem,1
emblematic,1
emblematical,1
embolden,1
emboldened,1
embolectomy,1
embolic,1
embolus,1
emboss,1
embossed,1
embossment,1
embower,1
embracement,1
embrangle,1
embrittle,1
embrocate,1
embroidery,1
embroil,1
embroiled,1
embroilment,1
embrown,1
embryologic,1
embryonal,1
embryonic,1
embryophyta,1
embryotic,1
embryotomy,1
emcee,1
emda,1
emend,1
emendation,1
emended,1
emergent,1
emeritus,1
emesis,1
emetics,1
emf,1
emg,1
eminence,1
eminent,1
eminently,1
eminia,1
emirate,1
emmelichthyidae,1
emmental,1
emmetropia,1
emmetropic,1
emmonsia,1
emmy,1
emodin,1
emoji,1
emollient,1
emolument,1
emote,1
emoticon,1
emotionalism,1
emotionality,1
emotionally,1
emotionless,1
emotionlessly,1
emotive,1
empale,1
empathetic,1
empathetically,1
empathic,1
empathise,1
empathize,1
empetrum,1
emphasise,1
emphasised,1
emphatic,1
emphatically,1
emphysematous,1
empirically,1
emplace,1
emplacement,1
emplane,1
employable,1
empoasca,1
empower,1
empowered,1
empres,1
empurple,1
empurpled,1
empyema,1
ems,1
emu,1
emulously,1
emulsifiers,1
emulsify,1
emulsifying,1
emulsions,1
emus,1
emydidae,1
en,1
enallage,1
enameloid,1
enamor,1
enamored,1
enamoredness,1
enamour,1
enamovirus,1
enanthem,1
enantiomorphism,1
enarmonia,1
enate,1
enatic,1
enation,1
encamp,1
encampment,1
encarsia,1
encase,1
encased,1
encasement,1
enceinte,1
encephalartos,1
encephalitozoon,1
encephalogram,1
encephalography,1
encephalomeningitis,1
encephalomyelitis,1
enchain,1
enchained,1
enchantingly,1
enchantingness,1
enchiridion,1
enchytraeidae,1
encipher,1
encircle,1
encircled,1
encirclement,1
encircling,1
enclothe,1
encomiastic,1
encomium,1
encompassment,1
encouragingly,1
encrimson,1
encroaching,1
encrustation,1
encrusted,1
encryption,1
enculturation,1
encumber,1
encumbered,1
encyclopaedia,1
encyclopaedias,1
encyclopaedic,1
encyclopaedism,1
encyclopedia,1
encyclopedic,1
encyclopedism,1
encyrtidae,1
encysted,1
endaemonism,1
endangered,1
endangerment,1
endarterectomy,1
endarteritis,1
endear,1
endearing,1
endearingly,1
endearment,1
endemical,1
endergonic,1
endermatic,1
endermic,1
endgame,1
endives,1
endless,1
endlessly,1
endlessness,1
endmost,1
endocardium,1
endocarp,1
endocentric,1
endocervicitis,1
endocervix,1
endocrinal,1
endocrine,1
endocronartium,1
endocuticle,1
endoderm,1
endodontia,1
endodontic,1
endodontics,1
endodontium,1
endoergic,1
endogamic,1
endogamous,1
endogamy,1
endogenetic,1
endogenic,1
endogenously,1
endogeny,1
endoglin,1
endogonales,1
endogone,1
endolimax,1
endolymph,1
endomeninx,1
endometrial,1
endomorphic,1
endomorphy,1
endomycorrhizae,1
endomysium,1
endoneurium,1
endoparasites,1
endoparasitic,1
endoparasitism,1
endophytes,1
endopolyploid,1
endopterygota,1
endorphins,1
endoscopic,1
endoskeleton,1
endosperm,1
endosteum,1
endostyle,1
endosulfan,1
endosymbionts,1
endosymbiosis,1
endothelial,1
endothelium,1
endothermal,1
endotherms,1
endothia,1
endotoxaemia,1
endotoxins,1
endovenous,1
endowed,1
endozoan,1
endozoic,1
endrin,1
endue,1
endurable,1
enduringly,1
enduringness,1
endways,1
endwise,1
ene,1
enema,1
energetic,1
energetically,1
energetism,1
energia,1
énergie,1
energiekosten,1
energija,1
energising,1
enerji,1
enervated,1
enervating,1
enets,1
enfeeble,1
enfeeblement,1
enfeebling,1
enfeoff,1
enfeoffment,1
enfold,1
enfolding,1
enforce,1
enforceable,1
enforced,1
enfranchise,1
enfranchised,1
engagingly,1
engalabi,1
engild,1
england,1
englishness,1
englut,1
engorge,1
engorged,1
engraft,1
engram,1
engraulidae,1
engraulis,1
engraved,1
engraving,1
engross,1
engrossed,1
engrossing,1
enhance,1
enhanced,1
enhancement,1
enhancer,1
enhancive,1
enigmatic,1
enigmatical,1
enigmatically,1
enigmaticness,1
eniwetok,1
enjambement,1
enjambment,1
enjoin,1
enjoining,1
enjoinment,1
enjoyable,1
enjoyableness,1
enjoyably,1
enkindled,1
enl,1
enlace,1
enlarged,1
enlivened,1
enlivening,1
enmesh,1
enmeshed,1
ennanga,1
ennead,1
enneagram,1
ennoble,1
ennobling,1
ennui,1
enolic,1
enology,1
enone,1
enoplometopidae,1
enoplosidae,1
enoploteuthidae,1
enormously,1
enormousness,1
enounce,1
enplane,1
enquiringly,1
enrage,1
enraged,1
enragement,1
enrapture,1
enraptured,1
enrol,1
enrollment,1
enrolment,1
ensconce,1
ensete,1
enshroud,1
ensiform,1
ensign,1
ensile,1
ensis,1
ensky,1
enslave,1
ensnarl,1
ensorcelled,1
enstrophy,1
ensuant,1
ensue,1
ensuing,1
entada,1
entailment,1
entalinidae,1
entalpi,1
entalpia,1
entalpía,1
entalpija,1
entamoeba,1
entandrophragma,1
entangled,1
entanglement,1
entasis,1
entelechy,1
entente,1
enteral,1
enteric,1
enterobacter,1
enterobacteriaceae,1
enterobiasis,1
enterococcus,1
enterolithiasis,1
enterolobium,1
enteropathy,1
enteropneusta,1
enteropogon,1
enteroptosis,1
enterostenosis,1
enterostomy,1
enterotomy,1
enterotoxaemia,1
enterotoxemia,1
enterotoxins,1
enterovirus,1
enterprises,1
enterprising,1
enterprisingly,1
enterprisingness,1
entertainingly,1
entertainment,1
entfernung,1
enthesis,1
enthesitis,1
enthral,1
enthrall,1
enthralled,1
enthralling,1
enthrallingly,1
enthrallment,1
enthrone,1
enthronement,1
enthronisation,1
enthronization,1
enthusiastically,1
entirely,1
entireness,1
entirety,1
entisols,1
entitled,1
entodinium,1
entolasia,1
entomb,1
entombment,1
entomologic,1
entomological,1
entomologists,1
entomophaga,1
entomophagy,1
entomophilous,1
entomophobia,1
entomophthora,1
entomophthorales,1
entomopoxvirinae,1
entopallium,1
entoplastron,1
entopterygoid,1
entorbitale,1
entozoic,1
entrainment,1
entrancement,1
entrapment,1
entreat,1
entreatingly,1
entreaty,1
entrenched,1
entrepreneurs,1
entrepreneurship,1
entropia,1
entropía,1
entropija,1
entropion,1
entrust,1
entsi,1
entsy,1
entyloma,1
entylomatales,1
enucleate,1
enumerable,1
enumerate,1
enunciate,1
enunciation,1
enured,1
envelop,1
enveloping,1
envelopment,1
enviable,1
enviably,1
envious,1
enviously,1
enviousness,1
environ,1
environmental,1
environmentally,1
envisage,1
envision,1
envisioned,1
envisioning,1
envoi,1
envoy,1
enwrap,1
enwrapped,1
enzootic,1
enzymatic,1
enzymolysis,1
eo,1
eolic,1
eolotropic,1
eon,1
eoreuma,1
eosinopenia,1
eosinophilic,1
eosinophils,1
eotetranychus,1
eows,1
epacridaceae,1
epanalepsis,1
epanaphora,1
epanodos,1
epanorthosis,1
eparchial,1
epaxialis,1
epeirogeny,1
ependyma,1
ependymoblastoma,1
ependymoma,1
epenthesis,1
epenthetic,1
eperua,1
eperythrozoon,1
epha,1
ephah,1
ephedra,1
ephedraceae,1
ephedrales,1
ephedrine,1
ephemera,1
ephemeral,1
ephemerality,1
ephemeralness,1
ephemeris,1
ephemeroptera,1
ephesian,1
ephesians,1
ephestia,1
ephippidae,1
ephydridae,1
ephydroidea,1
epi,1
epibionts,1
epibiosis,1
epiblepharon,1
epical,1
epicanthic,1
epicanthus,1
epicardium,1
epicarpal,1
epicauta,1
epicene,1
epicentres,1
epicheirema,1
epichloe,1
epichordal,1
epichoristodes,1
epicness,1
epicoccum,1
epicometis,1
epicondyle,1
epicondylitis,1
epicoracoid,1
epicotyls,1
epicranium,1
epicureanism,1
epicurism,1
epicycle,1
epicyclic,1
epicyclical,1
epicycloid,1
epideictic,1
epideictical,1
epidemics,1
epidemiologic,1
epidemiological,1
epidendrum,1
epidermal,1
epidermic,1
epidermis,1
epidermophyton,1
epidiaspis,1
epigastric,1
epigastrium,1
epigenesis,1
epigenetics,1
epiglottitis,1
epignathus,1
epigonidae,1
epigonion,1
epigram,1
epigrammatic,1
epigraph,1
epigraphy,1
epihyoidean,1
epihyoideum,1
epikeratophakia,1
epilachna,1
epilate,1
epileon,1
epileptic,1
epilimnion,1
epilithic,1
epilobium,1
epilog,1
epilogue,1
epimedium,1
epimerases,1
epimorphic,1
epimysium,1
epimythium,1
epinastic,1
epinephelus,1
epinephrine,1
epineural,1
epineurium,1
epinotia,1
epiotic,1
epipactis,1
epipaleolithic,1
epiphenomenon,1
epiphonema,1
epiphyas,1
epiphyseal,1
epiphysial,1
epiphysis,1
epiphytes,1
epiphytic,1
epiphytotic,1
epiphytotics,1
epiplastron,1
epipleural,1
epiplexis,1
epipremnum,1
epipsammon,1
epipubis,1
episcopalian,1
episcopalianism,1
episesarma,1
episiotomy,1
episodically,1
episodicity,1
episquamata,1
epistasis,1
episteme,1
epistemic,1
epistemological,1
epistemology,1
epistolary,1
epistolatory,1
epistrophe,1
episyrphus,1
epitaph,1
epitaxy,1
epithalamium,1
epithalamus,1
epithelial,1
epithelioid,1
epithelioma,1
epithet,1
epitomise,1
epitomize,1
epitope,1
epitrimerus,1
epitrix,1
epizoan,1
epizoic,1
epizoites,1
epizootic,1
epizootics,1
epoch,1
epochal,1
eponychium,1
eponym,1
eponymic,1
eponymous,1
eponymy,1
epoophoron,1
epos,1
epoxy,1
epsilon,1
eptatretinae,1
eptatretus,1
eptc,1
epural,1
eq,1
equable,1
equably,1
equalisation,1
equalitarianism,1
equalization,1
equalizer,1
equally,1
equanimity,1
equanimous,1
equatability,1
equestrian,1
equiangular,1
equidistant,1
equidistribution,1
equilibration,1
equilibrioception,1
equilibrise,1
equilibrize,1
equine,1
equinoctial,1
equipment,1
equipoise,1
equipoised,1
equipotent,1
equipped,1
equipping,1
equiprobable,1
equipt,1
equisetales,1
equisetum,1
equitable,1
equitably,1
equivocal,1
equivocally,1
equivocalness,1
equivocate,1
equus,1
eradicable,1
eradication,1
eragrostis,1
erannis,1
eranthis,1
erasable,1
erasmian,1
erastianism,1
erbium,1
erectile,1
erectly,1
erectness,1
eremitism,1
eremochloa,1
eremoneura,1
eremurus,1
erethism,1
erethizontidae,1
eretmocerus,1
eretmochelys,1
ereuniidae,1
erewhon,1
erg,1
ergo,1
ergocalciferol,1
ergodic,1
ergodicity,1
ergonomic,1
ergosterol,1
ergot,1
ergotic,1
ergotropic,1
ergotropism,1
erhu,1
eria,1
erianthus,1
erica,1
ericaceae,1
ericales,1
erigeron,1
erikundi,1
erimacrus,1
erinaceidae,1
erinaceinae,1
erinaceomorpha,1
erinaceus,1
erinnyis,1
eriobotrya,1
eriocaulaceae,1
eriochloa,1
eriococcidae,1
eriogonum,1
eriolobus,1
eriophyes,1
eriophyidae,1
eriosoma,1
eriphia,1
eristical,1
eritrea,1
eritrean,1
erizenirei,1
erke,1
erkencho,1
erlang,1
ermines,1
erő,1
erodium,1
erogenous,1
eros,1
erosive,1
erosiveness,1
erotic,1
erotica,1
erotically,1
eroticize,1
errancy,1
errand,1
errant,1
erratic,1
erratically,1
erratum,1
errebotea,1
erremonte,1
errhine,1
erring,1
erroneous,1
erroneously,1
erroneousness,1
errorless,1
erse,1
erst,1
ert,1
eruca,1
eruct,1
erudite,1
eruditely,1
eruditeness,1
erudition,1
erugosquilla,1
erwinia,1
erxian,1
eryngium,1
erynia,1
erysipelothrix,1
erysipelotrichia,1
erysiphaceae,1
erysiphales,1
erysiphe,1
erythrina,1
erythrinidae,1
erythroblast,1
erythroblastosis,1
erythroblasts,1
erythrocyte,1
erythrocytes,1
erythrodontia,1
erythroid,1
erythromelalgia,1
erythromycin,1
erythroneura,1
erythrophore,1
erythropoietic,1
erythropoietin,1
erythrosine,1
erythroxylaceae,1
erythroxylum,1
escalate,1
escalation,1
escalator,1
escallop,1
escapade,1
escapement,1
escapism,1
escapology,1
eschar,1
eschatological,1
eschatologically,1
eschatology,1
eschaton,1
escheat,1
escherichia,1
eschew,1
eschrichtiidae,1
eschrichtius,1
eschscholzia,1
escopetarra,1
escrow,1
escudo,1
ese,1
eskers,1
eskimo,1
esm,1
esocidae,1
esociformes,1
esocoidei,1
esodeviation,1
esop,1
esophageal,1
esophagus,1
esophoria,1
esoteric,1
esoterica,1
esox,1
esp,1
especially,1
esperantido,1
esperanto,1
espial,1
espín,1
espina,1
espionage,1
espousal,1
esprit,1
espy,1
esquimau,1
esraj,1
esselen,1
essene,1
essentiality,1
essentially,1
essentialness,1
est,1
establishmentarianism,1
establishmentism,1
estate,1
esteemed,1
ester,1
esterases,1
esterification,1
esterify,1
esterilla,1
esters,1
esther,1
esthesia,1
esthesiology,1
esthesis,1
esthetical,1
esthetically,1
esthetics,1
esthonian,1
estigmene,1
estimable,1
estival,1
estivate,1
estivation,1
estocada,1
estonia,1
estonianess,1
estoppel,1
estovers,1
estradiol,1
estranged,1
estranging,1
estrogenic,1
estrous,1
estuarial,1
estuarine,1
esurient,1
eswatini,1
eta,1
etc.,1
etcetera,1
eternalise,1
eternalize,1
eternally,1
eternise,1
etf,1
ethalfluralin,1
ethametsulfuron,1
ethane,1
ethanol,1
ethephon,1
ether,1
etherases,1
etherealize,1
etherialise,1
etherify,1
etherise,1
etherize,1
ethers,1
ethicality,1
ethically,1
ethicism,1
ethiofencarb,1
ethiolate,1
ethion,1
ethionine,1
ethiopia,1
ethiopian,1
ethmalosa,1
ethmocephaly,1
ethnic,1
ethnical,1
ethnically,1
ethnicity,1
ethnobiology,1
ethnobotany,1
ethnocentric,1
ethnocentrism,1
ethnographic,1
ethnographical,1
ethnography,1
ethnologic,1
ethnological,1
ethnology,1
ethofumesate,1
ethoprophos,1
ethos,1
ethoxyfen,1
ethoxyquin,1
ethoxysulfuron,1
ethylene,1
ethylvanillin,1
etiella,1
etiolated,1
etiologic,1
etiological,1
etiquette,1
etoxazole,1
etrumeus,1
etruscology,1
etude,1
etymological,1
etymologizing,1
etymon,1
euacanthomorphacea,1
euarchontoglires,1
euastacus,1
eubalaena,1
eublemma,1
eucarida,1
eucaryotic,1
eucelatoria,1
eucera,1
eucestoda,1
eucharist,1
eucharistic,1
eucheuma,1
euchre,1
euchresta,1
euclichthyidae,1
euclidean,1
euclidian,1
eucoilidae,1
eucommia,1
eucommiaceae,1
eucosma,1
eucryphiaceae,1
eudaemonia,1
eudaemonic,1
eudaimonia,1
eudemonic,1
eudemonism,1
eudrilus,1
eugenia,1
eugenic,1
eugenics,1
eugenol,1
euglena,1
euglenida,1
eukaryotic,1
eulaliopsis,1
eulecanium,1
eulipotyphla,1
eulogise,1
eulogistic,1
eulogium,1
eulogize,1
eulogy,1
eulophia,1
eulophidae,1
eumalacostraca,1
eumetabola,1
eumetazoa,1
eunuchoidism,1
euonymus,1
eupatorium,1
eupelmidae,1
eupercaria,1
euphausia,1
euphausiacea,1
euphausiidae,1
euphemise,1
euphemism,1
euphemistic,1
euphemistically,1
euphemize,1
euphon,1
euphonic,1
euphonical,1
euphonicon,1
euphonious,1
euphonium,1
euphonous,1
euphony,1
euphorbia,1
euphorbiaceae,1
euphorbiales,1
euphoriant,1
euphoric,1
euphory,1
euphuism,1
euphylax,1
euphyllura,1
eupnea,1
eupneic,1
eupnoea,1
eupnoeic,1
eupodidae,1
eupoecilia,1
eupomatiaceae,1
euproctis,1
eurafrican,1
eurasia,1
eurasian,1
eurasiatic,1
euraudax,1
eurhythmics,1
eurhythmy,1
euro,1
eurobabble,1
eurocentric,1
eurocentrism,1
eurocode,1
eurocurrency,1
eurodollar,1
europan,1
europe,1
european,1
europeanisation,1
europeanise,1
europeanization,1
europeanize,1
europhilia,1
europium,1
europocentric,1
eurosta,1
eurotiales,1
eurotium,1
euryale,1
euryblepharon,1
eurygaster,1
euryhalinity,1
euryon,1
eurypharyngidae,1
eurypterygia,1
eurythmics,1
eurythmy,1
eurytoma,1
eurytomidae,1
eurytrema,1
euscepes,1
euschistus,1
euseius,1
euspongia,1
eusporangiate,1
eustachys,1
eustoma,1
euteleosteomorpha,1
euteleostomi,1
euterpe,1
eutetranychus,1
euthanatise,1
euthanatize,1
euthanise,1
euthanize,1
euthenics,1
eutheria,1
eutherian,1
euthynnus,1
eutrema,1
eutreta,1
eutrichosiphum,1
eutrigla,1
eutrophic,1
eutypa,1
eutypella,1
euxesta,1
euxoa,1
ev,1
evacuant,1
evala,1
evaluative,1
evanesce,1
evanescence,1
evanescent,1
evangel,1
evangelicalism,1
evangelism,1
evaniidae,1
evaporable,1
evaporative,1
evaporators,1
evaporimeters,1
evaporites,1
evapotranspiration,1
evasive,1
evasively,1
evasiveness,1
eve,1
evenfall,1
evenhanded,1
evenhandedly,1
evenki,1
evenly,1
eventful,1
eventide,1
eventing,1
eventration,1
eventual,1
eventuality,1
eventually,1
eventuate,1
evergestis,1
everlasting,1
everlastingly,1
everlastingness,1
evermannellidae,1
evermore,1
evert,1
everted,1
everting,1
everyday,1
everydayness,1
everyplace,1
everywhere,1
evidential,1
evidently,1
evildoing,1
evilly,1
evilness,1
evince,1
evitable,1
evoboxx,1
evocation,1
evocative,1
evoked,1
evolutionarily,1
evolutionary,1
evolutionism,1
ew,1
ewe,1
ewenki,1
ewes,1
ewi,1
exabit,1
exabyte,1
exacerbating,1
exacerbation,1
exacta,1
exactingness,1
exaction,1
exactitude,1
exactness,1
exaflop,1
exaggerated,1
exaggeratedly,1
exalted,1
exalting,1
examen,1
exanimate,1
exasperated,1
exasperating,1
exasperatingly,1
exaugural,1
exbibit,1
exbibyte,1
excavation,1
exceedance,1
exceedingly,1
excel,1
excellency,1
excellently,1
exceptionable,1
exceptional,1
exceptionally,1
excessively,1
excessiveness,1
exchangeability,1
exchangeable,1
exchequer,1
excitable,1
excitableness,1
excitant,1
excitative,1
excitatory,1
excitedly,1
excitingly,1
exclaim,1
exclaiming,1
exclamation,1
exclamatory,1
exclaustration,1
exclusively,1
exclusiveness,1
excogitation,1
excogitative,1
excrescence,1
excrescent,1
excretory,1
excruciating,1
excruciatingly,1
exculpate,1
exculpated,1
exculpatory,1
excursion,1
excursive,1
excursus,1
excusable,1
excusably,1
excusatory,1
excyclophoria,1
excyclotropia,1
execrable,1
executability,1
executable,1
executive,1
exegesis,1
exegetic,1
exegetical,1
exemplar,1
exemplariness,1
exemplary,1
exencephaly,1
exenterate,1
exenteration,1
exergonic,1
exertion,1
exfiltrate,1
exfoliation,1
exhalation,1
exhale,1
exhaustible,1
exhaustively,1
exhibition,1
exhibitionistic,1
exhibitions,1
exhilarate,1
exhilarated,1
exhilarating,1
exhilaration,1
exhort,1
exhortation,1
exhortative,1
exhortatory,1
exhumation,1
exhume,1
exigent,1
exiguity,1
exiguous,1
exilic,1
existent,1
existentialism,1
existentialist,1
exobasidiales,1
exobasidiomycetes,1
exobasidium,1
exobiology,1
exocarp,1
exocentric,1
exochomus,1
exochorda,1
exocoetidae,1
exocoetus,1
exocrine,1
exocuticle,1
exocytosis,1
exode,1
exodeviation,1
exodontia,1
exodontic,1
exodontics,1
exoergic,1
exogamic,1
exogamous,1
exogamy,1
exogenic,1
exogenous,1
exogonium,1
exomphalos,1
exonerate,1
exonerated,1
exonerative,1
exons,1
exophiala,1
exophoria,1
exophthalmos,1
exopolysaccharide,1
exopolysaccharides,1
exorbitance,1
exorbitant,1
exorbitantly,1
exorcise,1
exorcism,1
exorcize,1
exordium,1
exorista,1
exostoses,1
exostosis,1
exoteric,1
exothermal,1
exotic,1
exoticism,1
exoticness,1
exotism,1
exotoxins,1
expandability,1
expandable,1
expandible,1
expanse,1
expansible,1
expansile,1
expansionism,1
expansionist,1
expansive,1
expansively,1
expansiveness,1
expatiate,1
expatiation,1
expectable,1
expectant,1
expectantly,1
expectorants,1
expedience,1
expediency,1
expediently,1
expedite,1
expeditionary,1
expeditions,1
expeditious,1
expeditiously,1
expeditiousness,1
expendable,1
expensively,1
expensiveness,1
experient,1
experimentalism,1
experimentally,1
expertise,1
expertly,1
expertness,1
expiable,1
expiate,1
expiative,1
expiatory,1
expiratory,1
explainable,1
explanandum,1
explanans,1
explanatory,1
explants,1
expletive,1
explicable,1
explicandum,1
explicate,1
explication,1
explicitly,1
explicitness,1
exploitation,1
exploitative,1
exploitatory,1
exploitive,1
explorative,1
exploratory,1
explorer,1
explosively,1
exponentially,1
exponentiation,1
exportable,1
exportation,1
exposit,1
expositive,1
expository,1
expostulate,1
expostulation,1
expound,1
expounding,1
expressage,1
expressible,1
expressionist,1
expressionistic,1
expressionless,1
expressive,1
expressively,1
expressiveness,1
expressly,1
expropriate,1
expulsion,1
expunction,1
expunge,1
expunging,1
expurgate,1
expurgated,1
expurgation,1
exquisite,1
exquisitely,1
exquisiteness,1
exsanguine,1
exsanguinous,1
exserohilum,1
exsert,1
exserted,1
exsiccate,1
exstrophy,1
extant,1
extemporaneous,1
extemporaneously,1
extemporarily,1
extemporary,1
extemporisation,1
extemporise,1
extemporization,1
extendable,1
extendible,1
extensible,1
extensification,1
extensile,1
extensional,1
extensive,1
extensively,1
extensiveness,1
extensographs,1
extenuate,1
extenuating,1
exteriorisation,1
exteriorise,1
exteriorization,1
exterminable,1
exterminated,1
externality,1
externally,1
exteroception,1
exteroceptive,1
exterritorial,1
extinguishable,1
extirpable,1
extol,1
extolment,1
extortionate,1
extortionately,1
extracellular,1
extracleithrum,1
extractable,1
extractible,1
extractive,1
extractivity,1
extractors,1
extracurricular,1
extradite,1
extrados,1
extradural,1
extragalactic,1
extrajudicial,1
extralegal,1
extralinguistic,1
extramarital,1
extramural,1
extraneity,1
extraneous,1
extraordinaire,1
extraordinarily,1
extraordinariness,1
extraordinary,1
extrapolation,1
extrascapula,1
extrasensory,1
extrasystole,1
extrasystolic,1
extraterrestrial,1
extraterritorial,1
extravagancy,1
extravagantly,1
extravaganza,1
extraversion,1
extraversive,1
extravert,1
extraverted,1
extravertive,1
extremely,1
extremeness,1
extremism,1
extremist,1
extremity,1
extremum,1
extricable,1
extricate,1
extrication,1
extrinsic,1
extropic,1
extropy,1
extrospection,1
extrospective,1
extroversion,1
extroversive,1
extrovert,1
extroverted,1
extrovertish,1
extrovertive,1
extruders,1
extrusive,1
exuberant,1
exuberantly,1
exuberate,1
exudates,1
exultant,1
exultantly,1
exulting,1
exultingly,1
exuvial,1
exuviate,1
eyeball,1
eyedness,1
eyeful,1
eyeless,1
eyelessness,1
eyelike,1
eyesight,1
eyesore,1
eyestalks,1
eyestrain,1
eyewitness,1
eyrir,1
eysarcoris,1
ezechiel,1
ezed,1
ezekiel,1
ezra,1
fa,1
fab,1
fabaceae,1
fabales,1
fabavirus,1
fabianism,1
fabled,1
fabulous,1
fabulously,1
facade,1
faceless,1
facelift,1
facepalm,1
facer,1
faceted,1
facetiously,1
facetiousness,1
facially,1
facile,1
facilitative,1
facilitatory,1
facsimile,1
factious,1
factitious,1
factoid,1
factorisation,1
factorise,1
factorization,1
factorize,1
factuality,1
factually,1
factualness,1
facula,1
faculty,1
faddily,1
faddish,1
faddishly,1
faddy,1
fadedness,1
fadeout,1
fadno,1
fado,1
faecal,1
faeces,1
faerie,1
faeroese,1
faery,1
fagaceae,1
fagales,1
fagged,1
fagopyrum,1
fagus,1
faidherbia,1
faineance,1
faineant,1
fainthearted,1
faintheartedness,1
faintly,1
fairbuds,1
fairish,1
fairly,1
fairyland,1
fairytale,1
faithfully,1
faithfulness,1
faithless,1
faithlessly,1
faithlessness,1
fakery,1
falanga,1
falcate,1
falconiformes,1
falconine,1
fallacious,1
fallaciousness,1
fallacy,1
fallibility,1
fallible,1
falloff,1
fallopia,1
fallout,1
falsely,1
falsifiable,1
falstaffian,1
falteringly,1
famed,1
familiarisation,1
familiarise,1
familiarised,1
familiarising,1
familiarization,1
familiarize,1
familiarized,1
familiarizing,1
familiarly,1
famish,1
famished,1
famishment,1
famously,1
fanatic,1
fanatical,1
fanatically,1
fanaticism,1
fanatism,1
fanciful,1
fancifully,1
fancify,1
fandango,1
fanfare,1
fanfrnoch,1
fanged,1
fangirl,1
fangxiang,1
fanlike,1
fannia,1
fanniidae,1
fanorona,1
fansign,1
fantabulous,1
fantan,1
fantasia,1
fantasise,1
fantasize,1
fantasm,1
fantastic,1
fantastical,1
fantastically,1
fantasticalness,1
fantods,1
fao,1
faq,1
farandole,1
faraway,1
farawayness,1
farcical,1
farcicality,1
farcically,1
fardel,1
farfetched,1
farinaceous,1
farinographs,1
farinosae,1
farmland,1
farmstead,1
farnesane,1
farness,1
faroese,1
farriers,1
farrowing,1
farseeing,1
farsi,1
farsighted,1
farthermost,1
farthing,1
farting,1
fartlek,1
fas,1
fasces,1
fascia,1
fasciacyte,1
fasciated,1
fascicle,1
fasciculated,1
fasciculations,1
fascicule,1
fasciitis,1
fascinated,1
fascinating,1
fascinatingly,1
fasciola,1
fasciolariidae,1
fasciolidae,1
fascioloides,1
fasciolopsiasis,1
fasciolosis,1
fascism,1
fascist,1
fascistic,1
fashionable,1
fashionableness,1
fashionably,1
fast5,1
fastball,1
faste,1
fastidious,1
fastidiously,1
fastidiousness,1
fastigiate,1
fastness,1
fastpacking,1
fatal,1
fatalism,1
fatalist,1
fatalistic,1
fatally,1
fateful,1
fatefully,1
fatheaded,1
fatherless,1
fatherlike,1
fatherliness,1
fatherly,1
fathomable,1
fatiha,1
fatihah,1
fatism,1
fatless,1
fatness,1
fatsia,1
fatten,1
fattened,1
fattiness,1
fattish,1
fattism,1
fatuity,1
fatuous,1
fatuously,1
fatuousness,1
fatwa,1
fatwah,1
faucal,1
fauces,1
faultily,1
faultiness,1
faultless,1
faultlessly,1
faultlessness,1
faulty,1
faustian,1
faux,1
faveolate,1
faveolus,1
faviidae,1
favorable,1
favorableness,1
favorably,1
favourable,1
favourableness,1
favourably,1
favoured,1
favus,1
fawning,1
fawns,1
fax,1
faze,1
fazed,1
fcpf,1
fealty,1
fearful,1
fearfully,1
fearless,1
fearlessly,1
fearsome,1
fearsomely,1
feasibility,1
feasibleness,1
feasibly,1
feat,1
featherbedding,1
featherbrained,1
featheredged,1
featheriness,1
featherless,1
featherlike,1
feathery,1
featureless,1
featurelessness,1
feb,1
febricity,1
febrile,1
febrility,1
february,1
fecal,1
feckless,1
fecklessly,1
fecklessness,1
fecolith,1
feculence,1
feculent,1
fecund,1
fecundation,1
federalise,1
federalize,1
federally,1
federated,1
federation,1
federations,1
fedia,1
feebleminded,1
feeblemindedness,1
feebly,1
feedlots,1
feedstocks,1
feelingly,1
feetfirst,1
feigned,1
feijoa,1
feistiness,1
feisty,1
feldspar,1
felicitate,1
felicitation,1
felicitous,1
felicitously,1
felicitousness,1
feliformia,1
feline,1
fellate,1
fellatio,1
fellation,1
felling,1
felon,1
felonious,1
feloniousness,1
felony,1
felted,1
feltia,1
feltiella,1
femaleness,1
feminineness,1
femininity,1
feminisation,1
feminise,1
feminist,1
feminize,1
femoral,1
femtochemistry,1
femtometer,1
femtometre,1
femtosecond,1
femtovolt,1
fenamiphos,1
fenarimol,1
fencelike,1
fenchlorazole,1
fenchlorphos,1
fenestra,1
fenestral,1
fenitrothion,1
fennic,1
fenoprop,1
fenoxaprop,1
fenoxycarb,1
fenpropathrin,1
fenpropimorph,1
fensulfothion,1
fenthion,1
fentin,1
fenvalerate,1
fényáram,1
fényerősség,1
feoff,1
feresa,1
ferial,1
ferine,1
fermentable,1
fermenters,1
fermi,1
fermion,1
ferned,1
fernless,1
fernlike,1
fernwerk,1
ferny,1
ferocious,1
ferociously,1
ferociousness,1
ferocity,1
feronia,1
ferralsols,1
ferreting,1
ferrets,1
ferric,1
ferrimagnetism,1
ferrinho,1
ferrisia,1
ferritin,1
ferromagnetic,1
ferromagnetism,1
ferrous,1
ferroxidase,1
fertigation,1
fertilisation,1
fertilizable,1
ferula,1
ferulago,1
fervency,1
fervently,1
fervid,1
fervidly,1
fervidness,1
festal,1
festering,1
festinate,1
festination,1
festive,1
festivity,1
festoon,1
festschrift,1
festuca,1
festulolium,1
fetal,1
fetich,1
feticide,1
fetid,1
fetidness,1
fetishize,1
fetology,1
fetometry,1
fetor,1
fetoscopy,1
fetter,1
fettered,1
feudal,1
feudalism,1
feudalistic,1
feudalize,1
feudally,1
fevered,1
feverishly,1
feverishness,1
feverous,1
fevga,1
fewness,1
fey,1
fiasco,1
fiat,1
fibbing,1
fiberoptic,1
fiberoptics,1
fibre,1
fibreboards,1
fibreoptic,1
fibreoptics,1
fibres,1
fibrillary,1
fibrillate,1
fibrillose,1
fibrinogen,1
fibrinoid,1
fibrinolysin,1
fibrinopurulent,1
fibrinous,1
fibroadenoma,1
fibroblast,1
fibroblasts,1
fibrocalcific,1
fibrocartilage,1
fibrocartilaginous,1
fibrochondrocyte,1
fibrofolliculoma,1
fibroid,1
fibromyositis,1
fibrosarcoma,1
fibrosis,1
fibrositis,1
fibrosity,1
fibrotic,1
fibrousness,1
fibulare,1
fica,1
ficidae,1
ficin,1
fickle,1
fickleness,1
fictitious,1
fictitiously,1
fictive,1
ficus,1
fiddlesticks,1
fiddling,1
fiddy,1
fidelity,1
fidgetiness,1
fidgety,1
fiðla,1
fiduciary,1
fief,1
fiendish,1
fiendishly,1
fiercely,1
fierceness,1
fierily,1
fieriness,1
fierljeppen,1
fiery,1
fiesta,1
fifā,1
fife,1
fifo,1
fifthly,1
figment,1
figural,1
figuration,1
figuratively,1
figurativeness,1
fiji,1
fijivirus,1
filamentlike,1
filar,1
filarial,1
filariasis,1
filariid,1
filariidae,1
filaroides,1
filaroididae,1
filch,1
filefish,1
filename,1
filiate,1
filicide,1
filiform,1
filigree,1
filippia,1
fillets,1
filletting,1
fillies,1
fillip,1
filmable,1
filmstrips,1
filmy,1
filobasidiales,1
filoviridae,1
fils,1
filthily,1
filtrate,1
fimbriate,1
fimbriated,1
fimbriidae,1
finable,1
finagle,1
finalisation,1
finalise,1
finality,1
finalization,1
finalize,1
finally,1
financial,1
financially,1
financier,1
findom,1
fineable,1
finedraw,1
finely,1
fineness,1
finespun,1
finesse,1
finestructure,1
fingerboard,1
fingerbreadth,1
fingerless,1
fingerlike,1
fingerlings,1
fingermark,1
fingerpointing,1
fingerpost,1
fingerprinting,1
fingerspell,1
fingerspelling,1
fingerstyling,1
finical,1
finicky,1
finitely,1
finiteness,1
finitude,1
finland,1
finnic,1
finswimming,1
fiorinia,1
fipronil,1
fiqh,1
fireball,1
firebird,1
firebomb,1
firebreaks,1
firefighters,1
firelight,1
fireman,1
firepower,1
fireproofing,1
firewall,1
firkin,1
firmamental,1
firman,1
firmicutes,1
firmly,1
firmware,1
firstborn,1
firstly,1
fisa,1
fisc,1
fiscal,1
fiscally,1
fiscorn,1
fishbowl,1
fisheries,1
fisheye,1
fishily,1
fishmeal,1
fishtail,1
fishways,1
fissidens,1
fissile,1
fissionable,1
fissiparous,1
fissipedia,1
fissurelidae,1
fistball,1
fistful,1
fisticuffs,1
fistmele,1
fistula,1
fistular,1
fistulariidae,1
fistulate,1
fistulation,1
fitful,1
fitfully,1
fitfulness,1
fitly,1
fitspiration,1
fittingly,1
fittingness,1
fivefold,1
fivepence,1
fivesome,1
fixedly,1
fixity,1
fizzy,1
flabbergast,1
flabbergasted,1
flabbily,1
flabbiness,1
flabby,1
flabiol,1
flaccid,1
flaccidity,1
fläche,1
flächenlast,1
flächenträgheitsmoment,1
flack,1
flacourtiaceae,1
flagella,1
flagellated,1
flagellation,1
flageolet,1
flagitious,1
flagrant,1
flagrantly,1
flails,1
flak,1
flambe,1
flamboyance,1
flamboyant,1
flamboyantly,1
flameproof,1
flamingoes,1
flammable,1
flammulina,1
flamprop,1
flappy,1
flashcard,1
flashflood,1
flashily,1
flashiness,1
flashover,1
flashy,1
flask,1
flaskful,1
flatbottom,1
flatbottomed,1
flatfish,1
flatfooted,1
flatheads,1
flatidae,1
flatland,1
flatly,1
flatpicking,1
flatten,1
flattery,1
flatulency,1
flatulent,1
flatus,1
flatworms,1
flaunty,1
flaviviridae,1
flavivirus,1
flavobacterium,1
flavones,1
flavonoids,1
flavorful,1
flavorless,1
flavorlessness,1
flavorous,1
flavorsome,1
flavorsomeness,1
flavouring,1
flavourings,1
flavourlessness,1
flavourous,1
flavoursome,1
flavoursomeness,1
flavta,1
flawless,1
flawlessly,1
flawlessness,1
flaxen,1
flay,1
flecked,1
fledged,1
fledgeless,1
fledgeling,1
fledgling,1
fleeceable,1
fleecy,1
fleeting,1
fleetingness,1
fleetly,1
fleetness,1
flemingia,1
flense,1
fleshiness,1
fleshly,1
flexatone,1
flexibacter,1
flexibleness,1
flexibly,1
flexile,1
flexuous,1
flickering,1
flickers,1
flier,1
flightiness,1
flightless,1
flightlessness,1
flighty,1
flimflam,1
flimsily,1
flimsiness,1
flimsy,1
flindersia,1
flippancy,1
flippant,1
flippantly,1
flirtation,1
flirtatious,1
flirtatiously,1
flirting,1
flitter,1
floaty,1
floccose,1
flocculate,1
flocculent,1
flocculus,1
flodden,1
flog,1
flogging,1
floghera,1
floodgate,1
floodhead,1
floodlight,1
floodlighted,1
floodlit,1
floorball,1
floorshow,1
floorwork,1
floppotron,1
floppy,1
florasulam,1
floreal,1
florentine,1
florescence,1
floricultural,1
florid,1
florida,1
floridity,1
floridly,1
floridness,1
florilegium,1
florin,1
floss,1
flossy,1
flouriness,1
flourishing,1
floury,1
flout,1
flowchart,1
flowerless,1
flowerpot,1
flowlines,1
flowmeters,1
flowriding,1
floyara,1
floyarka,1
floyera,1
fluazifop,1
flucarbazone,1
fluchloralin,1
fluent,1
fluently,1
flufenacet,1
flufenoxuron,1
fluffiness,1
fluffy,1
flugabone,1
flugelhorn,1
fluidness,1
fluidounce,1
fluidram,1
fluier,1
fluke,1
flukey,1
fluky,1
flummery,1
flummox,1
flumpet,1
flunixin,1
fluometuron,1
fluoresce,1
fluoridate,1
fluoridation,1
fluorides,1
fluoridisation,1
fluoridise,1
fluoridization,1
fluoridize,1
fluorimeters,1
fluorimetry,1
fluorine,1
fluorophenylalanine,1
fluoroscopy,1
fluorouracil,1
flurenol,1
fluridone,1
fluroxypyr,1
flushed,1
flusilazole,1
flustered,1
flutina,1
flutophone,1
flutriafol,1
fluttering,1
fluvalinate,1
fluvial,1
fluvisols,1
fluxion,1
flyaway,1
flyblown,1
flyfish,1
flyfishing,1
flygility,1
flyleaf,1
flyover,1
flypast,1
flyspeck,1
fm,1
fmri,1
foal,1
foals,1
foaminess,1
foamy,1
fob,1
focally,1
focussed,1
focussing,1
fodder,1
foehn,1
foeniculum,1
foetal,1
foetid,1
foetology,1
foetometry,1
foetor,1
foetoscopy,1
foetus,1
fogbank,1
fogbound,1
foggy,1
fogsignal,1
fogyish,1
fohn,1
foi,1
foiled,1
foiling,1
foils,1
foldable,1
foldaway,1
folderol,1
foldout,1
foliage,1
foliaged,1
folie,1
folio,1
foliolate,1
foliose,1
folklore,1
folkrace,1
folksong,1
folksy,1
folktale,1
follback,1
follicular,1
follotropin,1
followup,1
folpet,1
fomentation,1
fomes,1
fomites,1
fomitopsis,1
fondle,1
fondling,1
fondly,1
fonio,1
fonofos,1
fonsecaea,1
fontanelle,1
fontenoy,1
fontomfrom,1
foodgasm,1
foodless,1
foodsheds,1
foolery,1
foolhardiness,1
foolhardy,1
foolishly,1
foolscap,1
footage,1
footbaths,1
footcandle,1
footedness,1
footfall,1
footfault,1
footgolf,1
foothold,1
footless,1
footling,1
footloose,1
footmark,1
footrace,1
footslog,1
footsore,1
footsure,1
footvolley,1
footwork,1
foppish,1
foppishness,1
fora,1
forbear,1
forbearing,1
forbiddingly,1
força,1
forcefully,1
forcefulness,1
forceless,1
forcible,1
forcibly,1
forcipate,1
forcipomyia,1
fordable,1
forebode,1
forebrain,1
foreclosure,1
foredate,1
foredoom,1
forefend,1
forefront,1
foregather,1
foregoing,1
foregone,1
foregrounding,1
forehanded,1
foreignness,1
foreknow,1
foreknowledge,1
forelimb,1
foremanship,1
forename,1
forenoon,1
forensic,1
forensics,1
foreordain,1
foreordained,1
foreordination,1
foreplay,1
foreseeable,1
foreshadow,1
foreshock,1
foreshore,1
foreshorten,1
foreshow,1
foresighted,1
foresightedness,1
foresightful,1
foresightfulness,1
forestall,1
forestalling,1
forestation,1
foresters,1
foretaste,1
forethought,1
forethoughtful,1
foretoken,1
forever,1
forevermore,1
forewarn,1
forewarning,1
foreword,1
forfeited,1
forfend,1
forficate,1
forficula,1
forficulidae,1
forgather,1
forgery,1
forgetful,1
forgetfully,1
forgetfulness,1
forgettable,1
forgivable,1
forgivably,1
forgivingly,1
forgivingness,1
forgoing,1
forint,1
forklifts,1
forlorn,1
forlornly,1
forlornness,1
formaldehyde,1
formalin,1
formalisation,1
formalise,1
formalistic,1
formalities,1
formalization,1
formalize,1
formally,1
formalness,1
formate,1
formerly,1
formetanate,1
formic,1
formica,1
formicate,1
formication,1
formicidae,1
formidability,1
formidable,1
formidably,1
formless,1
formlessly,1
formononetin,1
formulaic,1
formularise,1
formularize,1
formulated,1
formulations,1
formulaz,1
fornicate,1
fornication,1
forrad,1
forrader,1
forrard,1
forsake,1
forsaking,1
forsooth,1
forswear,1
forswearing,1
forsythia,1
forță,1
fortemente,1
fortepiano,1
forthcoming,1
forthcomingness,1
forthrightly,1
forthrightness,1
forthwith,1
fortitude,1
fortnight,1
fortran,1
fortuitous,1
fortuitously,1
fortuitousness,1
fortuity,1
fortunately,1
fortunella,1
fortunetelling,1
forum,1
forwardness,1
fosamine,1
fossa,1
fossiliferous,1
fossilise,1
fossilised,1
fossilize,1
fossilized,1
fossilology,1
fothergilla,1
fotuto,1
fou,1
foully,1
foundering,1
fount,1
fountainhead,1
fouquieriaceae,1
fourhanded,1
fourpence,1
fourpenny,1
foursome,1
fourthly,1
foveate,1
foveoschisis,1
fowlpox,1
foxily,1
foxiness,1
foxy,1
fracas,1
fracking,1
fractal,1
fractional,1
fractionate,1
fractious,1
fractiously,1
fractiousness,1
fragaria,1
fragmental,1
fragmentary,1
fragmentise,1
fragmentize,1
fragrancy,1
frailness,1
frambesia,1
framboesia,1
framycetin,1
franc,1
france,1
franciscan,1
franciscanism,1
francisella,1
francolinus,1
francolite,1
francombat,1
frangibility,1
frangible,1
frangibleness,1
frankenstein,1
frankia,1
frankincense,1
franking,1
frankish,1
frankliniella,1
frankly,1
frankness,1
frantic,1
frantically,1
frare,1
frass,1
fraternally,1
fraternisation,1
fraternise,1
fraternization,1
fraternize,1
fratricide,1
frau,1
fraudulent,1
fraudulently,1
fraught,1
fraulein,1
fraxinus,1
frayed,1
freak,1
freakish,1
freakishly,1
freakishness,1
freaky,1
frecuencia,1
frecvență,1
fredericksburg,1
freebee,1
freebie,1
freeborn,1
freecell,1
freediving,1
freeflying,1
freehand,1
freehanded,1
freehearted,1
freeload,1
freely,1
freemail,1
freemartinism,1
freemasonry,1
freeriding,1
freerunning,1
freesia,1
freeskiing,1
freestanding,1
freestyle,1
freethinking,1
freeware,1
freewheeling,1
freewill,1
frekans,1
frekuensi,1
frekvenca,1
frekvence,1
frekvencia,1
frenchify,1
frenchness,1
frenetic,1
frenetically,1
frenziedly,1
freons,1
frequence,1
fréquence,1
frequência,1
frequentative,1
frequentia,1
frequently,1
frequenz,1
frequenza,1
frequenzmaßintervall,1
freshet,1
freshly,1
freshman,1
freshwater,1
fress,1
fretful,1
fretfully,1
fretfulness,1
freudian,1
fri,1
fricassee,1
fricativeness,1
frictional,1
frictionless,1
friday,1
friendless,1
friendlessness,1
friendzone,1
frighteningly,1
frightful,1
frightfully,1
frightfulness,1
frigid,1
frigideira,1
frigidity,1
frigidly,1
frigidness,1
frigorific,1
frilka,1
frilled,1
frilly,1
frimaire,1
fringillidae,1
fringy,1
friskily,1
friskiness,1
frisking,1
frisky,1
frisson,1
fritillaria,1
fritter,1
friuli,1
friulian,1
frivol,1
frivolous,1
frivolously,1
frivolousness,1
frizzly,1
frizzy,1
frock,1
frolicky,1
frolicsome,1
frolicsomeness,1
frontally,1
frontball,1
frontier,1
frontmost,1
frontogenesis,1
frontward,1
frontwards,1
frore,1
frostbite,1
frostbitten,1
frostian,1
frostily,1
frostiness,1
frosty,1
frothily,1
frothiness,1
frothy,1
frottage,1
frottoir,1
froward,1
frowningly,1
frowsty,1
frowsy,1
frowzled,1
frowzy,1
fructans,1
fructidor,1
fructification,1
fructofuranosidase,1
fructokinase,1
fructose,1
fructosuria,1
frugal,1
frugality,1
frugally,1
frugalness,1
fruitfully,1
fruitless,1
fruitlessly,1
fruity,1
frula,1
frumpily,1
frumpish,1
frumpishly,1
frumpy,1
frustrative,1
frustum,1
fruticose,1
fruticulose,1
fsh,1
ft,1
fthm,1
fucaceae,1
fucked,1
fuckup,1
fucose,1
fucosterol,1
fucus,1
fuddled,1
fue,1
fuelwood,1
fuerza,1
fug,1
fugacidad,1
fugacidade,1
fugacious,1
fugaciousness,1
fugacita,1
fugacità,1
fugacitate,1
fugacité,1
fugal,1
fugally,1
fügasite,1
fugasiti,1
fugazität,1
fuggy,1
fugitive,1
fugly,1
fujairah,1
fujara,1
fujian,1
fukien,1
fukkianese,1
ful,1
fula,1
fulani,1
fulcrum,1
fulfilled,1
fulgent,1
fulgid,1
fulgoroidea,1
fulgurant,1
fulgurating,1
fulgurous,1
fulica,1
fullerene,1
fully,1
fulminant,1
fulsome,1
fulsomely,1
fumaria,1
fumariaceae,1
fumed,1
fumigants,1
fumigate,1
fumonisins,1
funambulism,1
functionalism,1
functionally,1
fundament,1
fundamentalism,1
fundamentalist,1
fundamentalistic,1
fundamentally,1
fundamentalness,1
funday,1
fundraise,1
fundraiser,1
fundulidae,1
funerary,1
funereal,1
funfair,1
fungal,1
fungemia,1
fungibility,1
fungible,1
fungicidal,1
fungicides,1
fungiidae,1
fungoid,1
fungous,1
funguslike,1
funicular,1
funiculitis,1
funiño,1
funkbox,1
funkiness,1
funky,1
funnily,1
funniness,1
funrun,1
funtumia,1
furans,1
furathiocarb,1
furazolidone,1
furbish,1
furcate,1
furcation,1
furcellariaceae,1
furcraea,1
furcula,1
furfural,1
fūrin,1
furiously,1
furiousness,1
furl,1
furled,1
furlike,1
furlong,1
furocoumarins,1
furosemide,1
furovirus,1
furry,1
furthermore,1
furthermost,1
furtive,1
furtively,1
furtiveness,1
fusarins,1
fusariosis,1
fusarium,1
fuscous,1
fusible,1
fusicoccin,1
fusicoccum,1
fusobacterium,1
fussily,1
fussy,1
fustian,1
fustigate,1
fusty,1
futile,1
futilely,1
futility,1
futins,1
futsal,1
futureless,1
futurism,1
futurist,1
futuristic,1
futuristics,1
futurology,1
fuzzed,1
fuzziness,1
fuzzy,1
g.i.,1
gabbang,1
gabby,1
gabfest,1
gabled,1
gabon,1
gabonese,1
gaboussi,1
gabusifonio,1
gachi,1
gadaba,1
gadidae,1
gadiformes,1
gadolinium,1
gadulka,1
gadus,1
gaeumannomyces,1
gaffe,1
gaga,1
gagar,1
gage,1
gaggle,1
gaida,1
gaiety,1
gaily,1
gainer,1
gainful,1
gainfully,1
gainfulness,1
gainlessly,1
gainly,1
gainsay,1
gaita,1
gal,1
gala,1
galactans,1
galactia,1
galactitol,1
galactocele,1
galactolipid,1
galactomannans,1
galactorrhea,1
galactosamine,1
galactose,1
galactosemia,1
galactosidases,1
galactosis,1
galactosuria,1
galactosylceramide,1
galangal,1
galantamine,1
galanthus,1
galatheidae,1
galatians,1
galaxauraceae,1
galaxiidae,1
galega,1
galeichthys,1
galeopsis,1
galeorhinus,1
galerucella,1
galeus,1
galgo,1
galician,1
galilaean,1
galilean,1
galinsoga,1
galium,1
gallant,1
gallantly,1
gallates,1
gallbladder,1
galled,1
galleria,1
galliard,1
gallic,1
gallican,1
gallicism,1
gallinaceous,1
gallinago,1
galling,1
gallium,1
gallivant,1
galloanserae,1
gallotannins,1
galop,1
galore,1
galotxa,1
galotxetes,1
galumph,1
galvanising,1
galvanizing,1
galwegian,1
gamasida,1
gambang,1
gambia,1
gambian,1
gamboge,1
gambus,1
gambusia,1
gamely,1
gameness,1
gamesmanship,1
gametocytes,1
gamey,1
gamification,1
gaminess,1
gammaflexiviridae,1
gammarus,1
gammopathy,1
gammy,1
gamopetalous,1
gamy,1
ganders,1
gandhian,1
gandingan,1
ganglia,1
gangling,1
gangliocytoma,1
ganglioglioma,1
ganglion,1
ganglioneuroblastoma,1
ganglioneuroma,1
ganglioneuromatosis,1
gangliosides,1
gangliosidosis,1
gangly,1
gangrenous,1
gangsa,1
gank,1
gannets,1
ganoderma,1
ganoine,1
gansu,1
ganurags,1
ganzá,1
gaohu,1
gaol,1
gaolbreak,1
garamut,1
garantung,1
garb,1
garbage,1
garbed,1
garble,1
garbled,1
garboil,1
garbology,1
garcinia,1
gardant,1
gardenia,1
gargantuan,1
gargoylism,1
garish,1
garishly,1
garishness,1
garlicky,1
garmentless,1
garmon,1
garnishee,1
garnishment,1
garotte,1
garri,1
garrison,1
garrote,1
garrotte,1
garrulity,1
garrulous,1
garrulously,1
garrulousness,1
garrulus,1
garryaceae,1
garryales,1
garter,1
gasba,1
gaseous,1
gaseousness,1
gasified,1
gasifiers,1
gasify,1
gaslight,1
gassy,1
gasteropelecidae,1
gasterophilidae,1
gasterophilosis,1
gasterophilus,1
gasterosteidae,1
gasterosteiformes,1
gasterosteus,1
gastralgia,1
gastralium,1
gastrectomy,1
gastric,1
gastrin,1
gastrocnemius,1
gastroduodenal,1
gastroenterology,1
gastroenterostomy,1
gastroesophageal,1
gastrogavage,1
gastrointestinal,1
gastrolith,1
gastromy,1
gastronomic,1
gastronomical,1
gastroparesis,1
gastropege,1
gastroschisis,1
gastroscopy,1
gastrostomy,1
gastrothylacidae,1
gastrothylax,1
gastrula,1
gataberaya,1
gateball,1
gatefold,1
gathic,1
gatt,1
gauche,1
gaucheness,1
gaudery,1
gaudily,1
gaudiness,1
gaudy,1
gauffer,1
gauguinesque,1
gaultheria,1
gaumless,1
gaunt,1
gauntleted,1
gauntness,1
gaurs,1
gauss,1
gaussian,1
gauzy,1
gavage,1
gaviiformes,1
gawk,1
gawkiness,1
gawky,1
gawp,1
gay,1
gayly,1
gayness,1
gazamba,1
gazella,1
gazetteer,1
gazetteers,1
gazillion,1
gazump,1
gbit,1
gbofe,1
gc,1
gca,1
gcse,1
gdp,1
ge'ez,1
gecarcinidae,1
gecarcinus,1
gecarcoidea,1
gedombak,1
geduk,1
geek,1
geeked,1
geezerhood,1
gef,1
gegenschein,1
gehenna,1
gehu,1
gekkota,1
gelasinospora,1
gelatin,1
gelatinise,1
gelatinization,1
gelatinize,1
gelatinlike,1
gelatinous,1
gelatinousness,1
gelation,1
geld,1
gelded,1
gelding,1
geldings,1
gelechiidae,1
gelid,1
gelidiaceae,1
gelidiella,1
gelidity,1
gelidium,1
gelisols,1
gelsemium,1
gelt,1
gemara,1
gemeindeordnung,1
geminiviridae,1
gemmation,1
gemmiferous,1
gemmule,1
gempylidae,1
gemshorn,1
gen,1
gena,1
genealogic,1
genealogical,1
genealogically,1
genealogy,1
genecology,1
generalcy,1
generalisability,1
generalisation,1
generalised,1
generalizability,1
generalization,1
generally,1
generational,1
generative,1
generically,1
generously,1
generousness,1
genetical,1
genetically,1
geneticism,1
geneticists,1
genets,1
genggong,1
geniality,1
genially,1
genic,1
geniculate,1
genişliği,1
genista,1
genistein,1
genital,1
genitalia,1
genitourinary,1
genocide,1
genoese,1
genotoxicity,1
genotypic,1
genotypical,1
genotyping,1
genovese,1
gentamycin,1
genteel,1
genteelly,1
genteelness,1
gentiana,1
gentianaceae,1
gentianales,1
gentile,1
gentility,1
gentiobiose,1
gentlemanlike,1
gentlemanliness,1
gentlemanly,1
gentleness,1
gently,1
gentrification,1
gentrify,1
genuflect,1
genuflection,1
genuflexion,1
genuinely,1
genyonemus,1
geocentric,1
geocoris,1
geodesical,1
geodetic,1
geoengineering,1
geofence,1
geographers,1
geographically,1
geographics,1
geohashing,1
geologic,1
geological,1
geologically,1
geologists,1
geomagnetism,1
geomancy,1
geomatics,1
geometrically,1
geometridae,1
geommu,1
geomorphologic,1
geomorphological,1
geomorphologists,1
geomungo,1
geomyza,1
geophagy,1
geophone,1
geophysical,1
geophysicists,1
geophytes,1
geophytic,1
geopolitical,1
geordie,1
georgia,1
geostationary,1
geostatistics,1
geostrategic,1
geostrategy,1
geosynchronous,1
geotaxis,1
geotechnology,1
geotextiles,1
geothermal,1
geothermally,1
geothermic,1
geotrichum,1
geotropism,1
geotrupes,1
geotrupidae,1
gerama,1
geraniaceae,1
geraniales,1
geraniol,1
geranium,1
gerbera,1
gerbillinae,1
gerbils,1
gerembo,1
geriatric,1
gerilim,1
gerlachia,1
germane,1
germaneness,1
germanism,1
germanium,1
germanness,1
germany,1
germfree,1
germicidal,1
germinability,1
germinoma,1
germplasm,1
germy,1
gerontological,1
geroprotector,1
gerreidae,1
gerridae,1
gerund,1
gerundial,1
geryon,1
geryonidae,1
gerze,1
geschmacksstreifen,1
geschwindigkeit,1
gesneriaceae,1
gestalt,1
gestational,1
gesticulate,1
gesticulating,1
gesticulation,1
gęstość,1
gestural,1
getable,1
getatable,1
gettable,1
gettysburg,1
gewicht,1
gflops,1
ghana,1
ghanaian,1
ghanese,1
ghanian,1
ghanta,1
gharha,1
ghastliness,1
ghastly,1
ghatam,1
ghaychak,1
ghee,1
gheg,1
gherkins,1
ghetto,1
ghettoise,1
ghettoize,1
ghijak,1
ghostlike,1
ghostliness,1
ghostly,1
ghostwrite,1
ghoulish,1
ghumot,1
ghungroo,1
ghz,1
giardia,1
gib,1
gibberella,1
gibberellins,1
gibberichthyidae,1
gibberish,1
gibbet,1
gibbium,1
gibbose,1
gibbosity,1
gibbous,1
gibbousness,1
gibelike,1
gibibit,1
gibibyte,1
gibingly,1
gibit,1
gibraltar,1
gibraltarian,1
gidar,1
giddily,1
giddy,1
gig,1
giga,1
ģīga,1
gigabit,1
gigabyte,1
gigacycle,1
gigaflop,1
gigahertz,1
gigantactinidae,1
gigantochloa,1
gigantocotyle,1
giganturidae,1
gigartinaceae,1
gigaspora,1
gigatonne,1
gigo,1
gigue,1
gikuyu,1
gilbert,1
gild,1
gilded,1
gilled,1
gilletteella,1
gillnets,1
gillnetters,1
gilmaniella,1
gilpinia,1
gilt,1
gilts,1
gimbaled,1
gimcrack,1
gimel,1
gimmers,1
gimpiness,1
gimpy,1
gingery,1
gingival,1
ginglymostoma,1
ginglymostomatidae,1
gingras,1
ginkgo,1
ginkgoaceae,1
ginkgoales,1
ginkgophyta,1
ginkgopsida,1
ginsenosides,1
giraffidae,1
girdle,1
girdling,1
girella,1
giriama,1
girift,1
girlhood,1
girlish,1
girlishly,1
girlishness,1
giro,1
girondism,1
gita,1
gittern,1
gittith,1
givenness,1
glabellar,1
glabrescent,1
glabromicroplitis,1
glace,1
glacially,1
glaciated,1
gladden,1
gladdened,1
gladfulness,1
gladiatorial,1
gladiolus,1
gladly,1
gladness,1
gladsome,1
gladsomeness,1
glamor,1
glamorisation,1
glamorise,1
glamorization,1
glamorous,1
glamourisation,1
glamourization,1
glamourize,1
glamourous,1
glamping,1
glans,1
glaring,1
glaringly,1
glary,1
glasnost,1
glasschord,1
glassful,1
glassless,1
glassy,1
glaswegian,1
glaucium,1
glauconomidae,1
glaucosomatidae,1
glaucous,1
glean,1
gleaning,1
glebe,1
glebionis,1
glechoma,1
gleditsia,1
glee,1
gleeful,1
gleefully,1
gleefulness,1
gleysols,1
gliadin,1
glial,1
glib,1
glibly,1
glibness,1
gliceridae,1
glima,1
glimmering,1
glimmery,1
glinting,1
glioblast,1
glioblastoma,1
gliocladium,1
gliogenesis,1
gliosis,1
glires,1
gliricidia,1
glischrochilus,1
glister,1
glistering,1
glittering,1
glittery,1
glitz,1
gloam,1
gloaming,1
gloating,1
gloatingly,1
globalisation,1
globalise,1
globalize,1
globally,1
globe,1
globicephala,1
globodera,1
globose,1
globosity,1
globozoospermia,1
globular,1
globularness,1
globulins,1
glochidia,1
gloeocercospora,1
gloeophyllum,1
gloeosporium,1
glom,1
glomerella,1
glomerular,1
glomeruli,1
glomerulomegaly,1
glomerulopathy,1
glomus,1
gloomful,1
gloomily,1
glooming,1
gloomy,1
glop,1
glorified,1
gloriole,1
glorious,1
gloriously,1
glossalgia,1
glossata,1
glossidae,1
glossily,1
glossina,1
glossiness,1
glossinidae,1
glossodynia,1
glossolalia,1
glossopharyngeal,1
glottal,1
glottis,1
glottochronological,1
glottochronology,1
gloved,1
gloveless,1
glowering,1
gloweringly,1
glowingly,1
glowy,1
gloxinia,1
glucagonoma,1
glucan,1
glucans,1
glucoamylase,1
glucobrassicin,1
glucocorticoid,1
glucocorticoids,1
glucomannans,1
gluconapin,1
gluconobacter,1
glucopyranose,1
glucosamine,1
glucosamines,1
glucosidases,1
glucosides,1
glucosinolates,1
glucosuria,1
gluey,1
glueyness,1
glufosinate,1
glug,1
glugea,1
gluiness,1
glum,1
glumes,1
glumiflorae,1
glumly,1
glutamates,1
glutaminase,1
glutamine,1
glutathione,1
glutathionuria,1
gluteal,1
glutelins,1
gluten,1
glutenins,1
glutinosity,1
glutinousness,1
glutted,1
gluttonise,1
gluttonize,1
gluttonous,1
gluttonously,1
glycaemia,1
glycan,1
glyceria,1
glycerol,1
glycerolise,1
glycerolize,1
glycerophospholipids,1
glycinin,1
glycoalkaloids,1
glycogenic,1
glycogenolysis,1
glycogens,1
glycolipid,1
glycolipids,1
glycols,1
glyconeogenesis,1
glycopeptides,1
glycopeptiduria,1
glycophorin,1
glycoprotein,1
glycoproteins,1
glycosaminoglycan,1
glycosaminoglycans,1
glycosidases,1
glycosides,1
glycosphingolipid,1
glycosphingophospholipids,1
glycosylceramide,1
glycosyltransferases,1
glycymerididae,1
glycymeris,1
glycyphagidae,1
glycyphagus,1
glycyrrhiza,1
glypheidae,1
glyphipterigidae,1
glyphocrangonidae,1
glyphosate,1
glypta,1
glyptocephalus,1
glyptography,1
gm,1
gmelina,1
gmt,1
gnarled,1
gnarly,1
gnash,1
gnathanacanthidae,1
gnathostoma,1
gnathostomatidae,1
gnathotrichus,1
gnatophyllidae,1
gnetaceae,1
gnetales,1
gnetophyta,1
gnetopsida,1
gnetum,1
gnome,1
gnomic,1
gnomish,1
gnomonia,1
gnosis,1
gnosticism,1
gnp,1
gnrh,1
goa,1
goaded,1
goading,1
goalball,1
goalie,1
goalkeeper,1
goalless,1
goaltender,1
goateed,1
goatfish,1
goatskin,1
gobbledygook,1
gobiesocidae,1
gobiesociformes,1
gobiidae,1
gobio,1
gobioidei,1
gobs,1
gobsmacked,1
godforsaken,1
godié,1
godless,1
godlessness,1
godlike,1
godliness,1
godly,1
godronia,1
godsend,1
godspeed,1
goema,1
goethean,1
goethian,1
goethite,1
goffer,1
goggle,1
gogona,1
goias,1
goidelic,1
goje,1
goldbricking,1
golden,1
goldfish,1
goldplate,1
goldsmithery,1
gologo,1
golovinomyces,1
gome,1
gonadal,1
gonadectomy,1
gonadoblastoma,1
gonadotrophic,1
gonadotropic,1
gonadotropins,1
gonatidae,1
gondi,1
goneplacidae,1
gongorism,1
gonguê,1
gonia,1
goniocotes,1
gonioctena,1
goniodes,1
goniodidae,1
goniopsis,1
gonioscopy,1
goniozus,1
gonipterus,1
gonocerus,1
gonorrhea,1
gonorrhoea,1
gonorynchidae,1
gonorynchiformes,1
gonostomatidae,1
gonystylus,1
gonzo,1
goodby,1
goodbye,1
goodeidae,1
goodish,1
goodly,1
goodness,1
gooey,1
goof,1
goofproof,1
goofy,1
googly,1
googol,1
googolplex,1
gooseberries,1
goosebump,1
gooseflesh,1
gooselike,1
gooseneck,1
goosey,1
goosy,1
gophers,1
gopherus,1
gordian,1
gorgeous,1
gorgeously,1
gorgeousness,1
gorgoniidae,1
goriziana,1
gormandise,1
gormandize,1
gormless,1
gortyna,1
gory,1
goslings,1
gospels,1
gossamer,1
gossipmongering,1
gossipy,1
gossypium,1
gossypol,1
gostôta,1
gottan,1
gotterdammerung,1
gottuvadhyam,1
gourde,1
gouren,1
gourmandism,1
gourmandize,1
gouty,1
governable,1
governmental,1
governmentally,1
governorship,1
gown,1
gowned,1
gpa,1
grabby,1
graben,1
gracefully,1
gracefulness,1
graceless,1
gracelessly,1
gracelessness,1
gracilaria,1
gracilariaceae,1
gracile,1
gracilis,1
gracility,1
gracillariidae,1
gracious,1
graciously,1
graciousness,1
grad,1
gradable,1
gradational,1
gradatory,1
graders,1
graduality,1
gradually,1
gradualness,1
graecophile,1
graecophilic,1
grahamella,1
grail,1
graïle,1
graininess,1
gralla,1
gralsglockenklavier,1
graminella,1
grammatic,1
grammatically,1
grammatidae,1
grammatolatry,1
gramme,1
grammicolepididae,1
gramophone,1
grampus,1
grandeur,1
grandiloquence,1
grandiloquent,1
grandiloquently,1
grandinia,1
grandiose,1
grandiosely,1
grandly,1
grandstand,1
granicus,1
granitelike,1
granitic,1
granth,1
granulated,1
granules,1
granuliferous,1
granulocyte,1
granulocytes,1
granulocytic,1
granulocytopenia,1
granulomatosis,1
granulomatous,1
granulose,1
grapelike,1
grapevine,1
grapevines,1
grapey,1
grapheme,1
graphene,1
graphically,1
graphiolales,1
graphite,1
graphocephala,1
graphognathus,1
grapholita,1
graphology,1
graphosoma,1
graphospasm,1
grapsidae,1
grapsus,1
grapy,1
graspability,1
graspable,1
grassfire,1
grassless,1
grasslike,1
grassroots,1
grasstrack,1
grassy,1
grateful,1
gratefully,1
gratefulness,1
gratifyingly,1
gratingly,1
gratuitous,1
gratuitously,1
gratuity,1
gratulatory,1
gravehorn,1
gravelly,1
gravely,1
graveness,1
gravid,1
gravida,1
gravidation,1
gravidity,1
gravidness,1
gravikord,1
gravimetric,1
gravitas,1
gravitational,1
gravitationally,1
gravitative,1
gravitropism,1
gravy,1
grayish,1
grayly,1
grayness,1
greaseproof,1
greasily,1
greasiness,1
greathearted,1
greatly,1
greatness,1
grebes,1
grecian,1
grecism,1
greece,1
greedily,1
greediness,1
greekness,1
greenback,1
greenhouse,1
greenhouses,1
greenish,1
greenishness,1
greenland,1
greenlight,1
greenly,1
greenmail,1
greensick,1
greensickness,1
greenside,1
gregarina,1
gregarinida,1
gregariously,1
gregariousness,1
gregorian,1
gremmeniella,1
grenada,1
grenadian,1
greutate,1
grevillea,1
grewia,1
greyed,1
greyish,1
greyly,1
greyness,1
greyzems,1
griddle,1
grievous,1
grievously,1
grifola,1
grim,1
griminess,1
grimly,1
grimness,1
grimoire,1
grimy,1
grinders,1
gripes,1
grippe,1
griseofulvin,1
grisly,1
gristleism,1
gristly,1
gritty,1
grizzled,1
grizzly,1
groak,1
groat,1
groggy,1
grok,1
groomed,1
grooming,1
groovy,1
groping,1
gropingly,1
groschen,1
grossly,1
grossness,1
grossulariaceae,1
grosz,1
grotesquely,1
grotesqueness,1
grotesquerie,1
grotesquery,1
grotty,1
grouch,1
grouchily,1
grouchy,1
groundball,1
grounder,1
groundings,1
groundless,1
groundlessness,1
groundnuts,1
groundspeed,1
groundwater,1
groupers,1
groupthink,1
groupware,1
grout,1
grouting,1
grovel,1
groveling,1
grovelling,1
grownup,1
groynes,1
grubbily,1
grubbiness,1
grubs,1
grudgingly,1
grueling,1
gruelling,1
gruesome,1
gruesomely,1
gruesomeness,1
gruff,1
gruffly,1
gruffness,1
gruiformes,1
grumose,1
grumous,1
grumpily,1
grumpiness,1
grundyism,1
grunge,1
grungily,1
grungy,1
gruntle,1
grunts,1
gruppenhorchgerät,1
gryllidae,1
grylloblattodea,1
gryllotalpa,1
gryllotalpidae,1
gryllus,1
gryon,1
gryphaeidae,1
gsr,1
gst,1
gt,1
guacharaca,1
guache,1
guadalcanal,1
guadeloupe,1
guadua,1
guaiacol,1
guam,1
guan,1
guanacos,1
guanajuato,1
guangdong,1
guangxi,1
guanidines,1
guanine,1
guano,1
guanosine,1
guaranty,1
guardant,1
guardedly,1
guardianship,1
guarico,1
guasa,1
guataca,1
guatemala,1
guatemalan,1
guavas,1
guayo,1
guazatine,1
guban,1
gubernatorial,1
gubguba,1
güç,1
gudastviri,1
gudok,1
gudugudu,1
gue,1
guerdon,1
guernsey,1
guerrero,1
guesswork,1
guestimate,1
guff,1
guggitaler,1
gui,1
guidebook,1
guidelines,1
guideword,1
guignardia,1
guilder,1
guilds,1
guileful,1
guileless,1
guiltily,1
guiltiness,1
guiltless,1
guiltlessness,1
guinean,1
güira,1
güiro,1
guise,1
guitalele,1
guitalin,1
guitaret,1
guitaro,1
guitarró,1
guitarrón,1
guitjo,1
guitorgan,1
guizhou,1
guizotia,1
gujarat,1
gujarati,1
gujerati,1
gula,1
gulden,1
gulesh,1
gullibility,1
gulo,1
gumbass,1
gumbé,1
gumboil,1
gumma,1
gumminess,1
gummy,1
gumptious,1
gundelia,1
gunfight,1
gunfire,1
gungdo,1
gungsa,1
gunjac,1
gunplay,1
gunrunning,1
guqin,1
gur,1
gurnards,1
gushing,1
gushingly,1
gushy,1
gusli,1
gusseted,1
gustation,1
gustative,1
gustatorial,1
gustatory,1
gusto,1
gusty,1
gutierrezia,1
gutless,1
gutlessness,1
gutsiness,1
gutsy,1
guttiferae,1
guttle,1
gutturally,1
guyana,1
guyanese,1
guyots,1
guzheng,1
guzzle,1
guzzling,1
gy,1
gyaling,1
gybe,1
gyil,1
gyile,1
gymel,1
gymnammodytes,1
gymnarchidae,1
gymnodinium,1
gymnophiona,1
gymnosophical,1
gymnosophy,1
gymnospermae,1
gymnospermous,1
gymnosporangium,1
gymnothorax,1
gymnotidae,1
gymnotiformes,1
gymnuridae,1
gynaecological,1
gynaecology,1
gynaeolatry,1
gynaikothrips,1
gynandromorphic,1
gynandromorphous,1
gynandromorphs,1
gynecologic,1
gynecological,1
gynecology,1
gyneolatry,1
gynoecium,1
gynophobia,1
gyōhō,1
gypsisols,1
gypsonoma,1
gypsophila,1
gypsy,1
gyral,1
gyranusoidea,1
gyrate,1
gyre,1
gyres,1
gyrinocheilidae,1
gyrocompasses,1
gyrodactylidae,1
gyrodactylus,1
gyromitra,1
gyroscopes,1
gyroscopic,1
gyrus,1
gyttja,1
h.p.,1
ha,1
ha'p'orth,1
ha'penny,1
habacuc,1
habakkuk,1
habbān,1
habenula,1
habilimented,1
habitability,1
habitable,1
habitableness,1
habitation,1
habitual,1
habitually,1
habitude,1
habronema,1
habronematidae,1
habronemiasis,1
haccp,1
hacek,1
hachure,1
hacienda,1
hacim,1
hackathon,1
hackbrett,1
hackle,1
hackles,1
hackneyed,1
hadal,1
hades,1
hadj,1
hadron,1
haecceity,1
haegeum,1
haem,1
haemagglutinate,1
haemagglutination,1
haemagglutinins,1
haemal,1
haemangioma,1
haemanthus,1
haemaphysalis,1
haematal,1
haematic,1
haematobia,1
haematocoele,1
haematocolpometra,1
haematocolpos,1
haematocytopenia,1
haematocyturia,1
haematogenesis,1
haematogenic,1
haematological,1
haematolysis,1
haematophagy,1
haematopinus,1
haematopoietic,1
haematopota,1
haematopus,1
haematozoa,1
haemic,1
haemobartonella,1
haemocytes,1
haemodialysis,1
haemodoraceae,1
haemodynamics,1
haemogenesis,1
haemoglobin,1
haemoglobinemia,1
haemoglobinopathy,1
haemolymph,1
haemolysins,1
haemolytic,1
haemonchosis,1
haemonchus,1
haemoparasitism,1
haemophilic,1
haemophilus,1
haemopoiesis,1
haemopoietic,1
haemoproteins,1
haemoproteus,1
haemoptysis,1
haemorrhagic,1
haemorrhoid,1
haemorrhoidectomy,1
haemosiderosis,1
haemostasia,1
haemothorax,1
haemulidae,1
haemulon,1
hafnia,1
hafnium,1
haftarah,1
haftorah,1
hagada,1
haggada,1
haggadah,1
haggai,1
haggard,1
haggardly,1
haggling,1
hagiographa,1
hagiography,1
hagiolatry,1
hagiology,1
hagionym,1
hagridden,1
haida,1
haïk,1
haiku,1
hailstorm,1
hailstorms,1
hainan,1
haircare,1
haircut,1
hairdressing,1
haired,1
hairiness,1
hairless,1
hairlike,1
hairsbreadth,1
hairweaving,1
haiti,1
haitian,1
haj,1
hajj,1
haka,1
hakenkreuz,1
hakes,1
hakgediya,1
hakham,1
hakka,1
hako,1
halacha,1
halaju,1
halaka,1
halakah,1
halakha,1
halal,1
halam,1
halbwertszeit,1
halcyon,1
haleness,1
haler,1
halfback,1
halfhearted,1
halfheartedness,1
halfpenny,1
halfpennyworth,1
halftime,1
halichoerus,1
halictus,1
halides,1
haliotidae,1
haliotis,1
haliphthoros,1
hallel,1
hallelujah,1
hallow,1
hallowe'en,1
hallowed,1
halloween,1
hallowmas,1
hallowmass,1
halloysite,1
hallucinate,1
hallucinating,1
hallucinations,1
hallucinatory,1
hallucinogenic,1
hallucinosis,1
halma,1
halocline,1
halogens,1
halophiles,1
halophytes,1
haloragaceae,1
halosauridae,1
halosulfuron,1
halothane,1
halotropism,1
haloxon,1
haloxyfop,1
halszither,1
haltere,1
halting,1
haltingly,1
halve,1
halyomorpha,1
ham,1
hamamelidaceae,1
hamamelidales,1
hamamelis,1
hamartia,1
hamburg,1
hamiltonella,1
hamitic,1
hammerlock,1
hammertoe,1
hamming,1
hammy,1
hams,1
hamsters,1
handbell,1
handbiking,1
handbill,1
handbook,1
handbreadth,1
handbuild,1
handchime,1
handclap,1
handclasp,1
handcolor,1
handcolour,1
handcraft,1
handcuff,1
handel,1
handelian,1
handful,1
handheld,1
handicapped,1
handicraft,1
handicrafts,1
handily,1
handjass,1
handleless,1
handless,1
handlining,1
handmade,1
handmaid,1
handmaiden,1
handoff,1
handover,1
handpan,1
handsbreadth,1
handsewn,1
handshake,1
handshaking,1
handsome,1
handsomely,1
handsomeness,1
handspring,1
handstamp,1
handstand,1
handstitched,1
handwash,1
handwoven,1
handwrite,1
handwritten,1
hanetsuki,1
hangdog,1
hani,1
hanker,1
hankering,1
hanleyidae,1
hannukah,1
hanoverian,1
hansard,1
hansenula,1
hansfordia,1
hanshō,1
hantavirus,1
hanukah,1
hanukkah,1
hao,1
haphazardly,1
haphazardness,1
haphtarah,1
haphtorah,1
hapless,1
haplobasidion,1
haplochromis,1
haplodiploid,1
haplodiplosis,1
haploidic,1
haplomethods,1
haplorrhini,1
haplosporidium,1
haplothrips,1
haplotypes,1
haply,1
happenstance,1
happily,1
haptens,1
haptic,1
haptically,1
harakiri,1
harbours,1
hardaliye,1
hardback,1
hardbacked,1
hardboard,1
hardbound,1
hardcore,1
hardcover,1
hardfisted,1
hardheaded,1
hardheadedness,1
hardhearted,1
hardheartedness,1
hardihood,1
hardline,1
hardly,1
hardpans,1
hardscrabble,1
hardsub,1
hardwood,1
hardworking,1
hardy,1
harebrained,1
harelip,1
hārī,1
harikari,1
härjedalspipa,1
hark,1
harken,1
harlequin,1
harlequinade,1
harlotry,1
harmattan,1
harmfully,1
harmfulness,1
harmless,1
harmlessly,1
harmoneon,1
harmonetta,1
harmonia,1
harmonica,1
harmonical,1
harmonically,1
harmonichord,1
harmonicon,1
harmonics,1
harmoniflûte,1
harmonious,1
harmoniously,1
harmoniousness,1
harmonised,1
harmonizable,1
harmonizer,1
harnessed,1
harpagiferidae,1
harpalus,1
harpastum,1
harpejji,1
harpidae,1
harpiosquilla,1
harpiosquillidae,1
harpoon,1
harposporium,1
harpsichord,1
harried,1
harrow,1
harrows,1
harshen,1
harshly,1
harshness,1
hart,1
hartley,1
hartmannella,1
harvesters,1
haryana,1
hasapi,1
hashmark,1
hashtag,1
hasidic,1
hasidism,1
hasp,1
hassidic,1
hassidism,1
hastate,1
hastilude,1
hastily,1
hastinapura,1
hastiness,1
hastings,1
hatchel,1
hatcheries,1
hateful,1
hatefully,1
hatefulness,1
hatful,1
hatless,1
hatred,1
haughtily,1
haughtiness,1
haulage,1
haunted,1
haunting,1
hausa,1
haussa,1
havana,1
havasupai,1
havdalah,1
havoc,1
haw,1
hawaii,1
hawkinsinuria,1
hawkish,1
hawkishness,1
haworthia,1
haydn,1
haylage,1
haymaker,1
haymow,1
haywire,1
hazardous,1
hazardously,1
hazardousness,1
hazily,1
haziness,1
hch,1
hdtv,1
headbutt,1
headcanon,1
headcount,1
headfoot,1
headful,1
headless,1
headlike,1
headlinese,1
headlock,1
headmastership,1
headmistressship,1
headphone,1
headpoint,1
headquarter,1
headshake,1
headship,1
headshot,1
headspace,1
headstand,1
headstrong,1
headwaters,1
headwind,1
headword,1
heady,1
healthcare,1
healthful,1
healthfulness,1
healthily,1
healthiness,1
hearable,1
hearken,1
heartache,1
heartbreak,1
heartbreaker,1
heartbreaking,1
heartbroken,1
heartburn,1
heartburning,1
hearten,1
heartening,1
heartfelt,1
heartily,1
heartiness,1
heartless,1
heartlessly,1
heartlessness,1
heartrending,1
heartrot,1
heartsease,1
heartsick,1
heartsickness,1
heartstrings,1
heartwarming,1
heartwater,1
heartwood,1
hearty,1
heatable,1
heatedly,1
heater,1
heaters,1
heathen,1
heathenish,1
heathenism,1
heather,1
heathlike,1
heatless,1
heatstroke,1
heatwaves,1
heavenwardly,1
heavenwards,1
heaves,1
heavily,1
heavyhearted,1
heavyheartedness,1
heavyset,1
hebdomad,1
hebdomadal,1
hebdomadally,1
hebdomadary,1
hebe,1
hebei,1
hebeloma,1
hebephrenia,1
hebephrenic,1
hebetude,1
hebraic,1
hebraical,1
hebrews,1
hebridean,1
hecatomb,1
heckelphone,1
heckling,1
hectare,1
hectic,1
hectically,1
hectogram,1
hectograph,1
hectoliter,1
hectolitre,1
hectometer,1
hectometre,1
hector,1
hedera,1
hedged,1
hedgehop,1
hedges,1
hedonic,1
hedonistic,1
hedya,1
hedylepta,1
hedysarum,1
heedful,1
heedfully,1
heedfulness,1
heedless,1
heedlessly,1
heftiness,1
hefty,1
hege,1
hegelian,1
hegelung,1
hegit,1
heifers,1
heightening,1
heilongjiang,1
heinous,1
heinously,1
heinousness,1
heirloom,1
heldenbaritone,1
heldentenor,1
heliac,1
heliacal,1
helianthemum,1
helianthus,1
helical,1
helicidae,1
helicobacter,1
helicobasidiales,1
helicobasidium,1
helicon,1
heliconia,1
heliconiaceae,1
helicopters,1
helicotrema,1
helicotylenchus,1
helicoverpa,1
heligmonellidae,1
heligmosomidae,1
heligmosomoides,1
heligonka,1
heliocentric,1
heliocidaris,1
heliogram,1
heliograph,1
heliolatry,1
helioporidae,1
heliotherapy,1
heliothis,1
heliothrips,1
heliotropium,1
heliskiing,1
helium,1
helleborus,1
hellenism,1
hellenistic,1
hellenistical,1
heller,1
hellfire,1
hellish,1
hellishly,1
hellishness,1
hellula,1
helmeted,1
helminthic,1
helminthology,1
helminthosporium,1
helminths,1
helobiae,1
helogeneidae,1
heloma,1
helopeltis,1
helostomatidae,1
helotiales,1
helpdesk,1
helpful,1
helpfully,1
helpfulness,1
helpless,1
helplessly,1
helpmate,1
helvella,1
helvetica,1
hemagglutinate,1
hemagglutination,1
hemal,1
hemangioblastoma,1
hemangiomatosis,1
hemarthria,1
hematal,1
hematic,1
hematocele,1
hematocoele,1
hematocolpometra,1
hematocrit,1
hematocyst,1
hematocytopenia,1
hematocyturia,1
hematogenesis,1
hematogenic,1
hematologic,1
hematological,1
hematology,1
hematolysis,1
hematoma,1
hematopoiesis,1
hematopoietic,1
hematospermia,1
hemerobiidae,1
hemerobius,1
hemerocallis,1
hemianopsia,1
hemiareflexia,1
hemiatrophy,1
hemiballismus,1
hemic,1
hemicaranx,1
hemicellulose,1
hemichordata,1
hemichromis,1
hemicrania,1
hemicycle,1
hemicycliophora,1
hemidemisemiquaver,1
hemidonacidae,1
hemidrachm,1
hemidystonia,1
hemigaleidae,1
hemihypertrophy,1
hemihypsarrhythmia,1
hemileia,1
hemileuca,1
hemimacroglossia,1
hemimegalencephaly,1
hemimetabolic,1
hemimetabolism,1
hemimetabolous,1
hemimetaboly,1
hemimetamorphic,1
hemimetamorphosis,1
hemimetamorphous,1
hemingwayesque,1
hemiodontidae,1
hemiparasitic,1
hemiparesis,1
hemipenis,1
hemiplegia/hemiparesis,1
hemiptera,1
hemiramphidae,1
hemirhamphus,1
hemisacrum,1
hemiscylliidae,1
hemispheric,1
hemispherical,1
hemispheroid,1
hemisquilla,1
hemisquillidae,1
hemitripteridae,1
hemivertebrae,1
hemobilia,1
hemochromatosis,1
hemodialysis,1
hemodynamic,1
hemodynamics,1
hemogenesis,1
hemoglobinemia,1
hemoglobinopathy,1
hemolacria,1
hemolymph,1
hemolysis,1
hemolytic,1
hemopericardium,1
hemoperitoneum,1
hemophagocytosis,1
hemophilia,1
hemophilic,1
hemopoietic,1
hemorrhoid,1
hemorrhoidectomy,1
hemorrhoids,1
hemosiderinuria,1
hemosiderosis,1
hemostasia,1
hemostatic,1
hempen,1
hemstitch,1
henan,1
hence,1
henceforth,1
henceforward,1
hendersonula,1
hendiadys,1
henequen,1
henna,1
henpecked,1
hep,1
heparin,1
hepatic,1
hepatoblast,1
hepatoblastoma,1
hepatocarcinoma,1
hepatocystis,1
hepatocyte,1
hepatolithiasis,1
hepatoma,1
hepatosis,1
hepatosplenomegaly,1
hepatotoxic,1
hepatotoxins,1
hepatozoon,1
hepatus,1
hepialidae,1
hepsetidae,1
heptachlor,1
heptad,1
heptagon,1
heptaptera,1
heptasyllable,1
heptathlon,1
heptenophos,1
heracleum,1
heralded,1
heraldist,1
heraldry,1
herbal,1
herbaria,1
herbicides,1
herbivorous,1
herbivory,1
herculean,1
hereabout,1
hereabouts,1
hereby,1
hereditament,1
hereditarianism,1
hereditary,1
herein,1
hereinafter,1
hereinbefore,1
hereness,1
hereof,1
herero,1
heresy,1
heretical,1
hereto,1
heretofore,1
hereunder,1
hereupon,1
herewith,1
heritability,1
heritable,1
hermaphrodism,1
hermaphroditic,1
hermeneutic,1
hermeneutics,1
hermetia,1
hermetic,1
hermetically,1
hermitic,1
hermitical,1
hernandiaceae,1
herniated,1
herniation,1
heroical,1
heroically,1
heroism,1
heroization,1
herpangia,1
herpes,1
herpestes,1
herpesviridae,1
herpetiform,1
herpetologists,1
herr,1
hertzian,1
hesek,1
heshvan,1
hesitance,1
hesitantly,1
hesitatingly,1
hesperian,1
hesperidin,1
hesperiidae,1
hesse,1
het,1
heterakidae,1
heterakis,1
heterenchelyidae,1
heteroarene,1
heterobasidion,1
heterobranchus,1
heterocampa,1
heterocercal,1
heterochronic,1
heterocoelous,1
heterocyclic,1
heterocysts,1
heterodactyl,1
heterodera,1
heteroderidae,1
heterodontidae,1
heterodontiformes,1
heterodox,1
heteroecious,1
heterogeneity,1
heterogeneous,1
heterogeneousness,1
heterogenesis,1
heterogenous,1
heteroicous,1
heterologic,1
heterological,1
heterologous,1
heterology,1
heterometabolic,1
heterometabolism,1
heterometabolous,1
heterometaboly,1
heteroneura,1
heteronychus,1
heteronym,1
heteropeza,1
heterophilic,1
heterophoria,1
heterophyidae,1
heteroploidy,1
heteropneustes,1
heteropneustidae,1
heteropogon,1
heteropsylla,1
heteroptera,1
heterorhabditidae,1
heterorhabditis,1
heterosexism,1
heterosexual,1
heterosexualism,1
heterosmilax,1
heterosporous,1
heterospory,1
heterotaxic,1
heterothermic,1
heterotis,1
heterotroph,1
heterotrophic,1
heterotrophy,1
heterotropia,1
heterozostera,1
heterozygosity,1
heterozygotes,1
heterozygous,1
heth,1
hevea,1
hew,1
hewn,1
hexaconazole,1
hexad,1
hexadecimal,1
hexagram,1
hexagrammidae,1
hexahedron,1
hexakosioihexekontahexaphobia,1
hexameter,1
hexanal,1
hexanchidae,1
hexanchiformes,1
hexanchus,1
hexangular,1
hexaploid,1
hexaploidy,1
hexathlon,1
hexatrygonidae,1
hexazinone,1
hexdame,1
hexed,1
hexitols,1
hexokinase,1
hexosamine,1
hexosamines,1
hexose,1
hexoses,1
heyday,1
hf,1
hg,1
hi,1
hiatellidae,1
hibachi,1
hibernal,1
hibernating,1
hibiscus,1
hichiriki,1
hick,1
hickey,1
hidalgo,1
hidatsa,1
hiddenness,1
hidebound,1
hideous,1
hideously,1
hideousness,1
hidrosis,1
hidrotic,1
hie,1
hiemal,1
hierarchal,1
hierarchic,1
hierarchical,1
hierarchically,1
hierarchisation,1
hierarchization,1
hieratical,1
hieroglyph,1
hieroglyphical,1
hieroglyphically,1
hieroglyphus,1
hierolatry,1
hieroxestidae,1
hifalutin,1
higgle,1
highborn,1
highbrow,1
highbrowed,1
highfalutin,1
highfaluting,1
highflying,1
highjacking,1
highlife,1
highlighting,1
highly,1
highness,1
hightail,1
highwater,1
higi,1
hijab,1
hijacking,1
hijinks,1
hikuta,1
hilar,1
hilarious,1
hilariously,1
hilarity,1
hillclimbing,1
hillebrandia,1
hilliness,1
hilly,1
hilsa,1
hilum,1
himalayan,1
himalayish,1
himanthaliaceae,1
himantolophidae,1
hin,1
hinayana,1
hinayanism,1
hindbrain,1
hinderingly,1
hindermost,1
hindersi,1
hindlimb,1
hindmost,1
hindoo,1
hindooism,1
hindoostani,1
hindostani,1
hindu,1
hinduism,1
hinnies,1
hiodontidae,1
hiplength,1
hipless,1
hippeastrum,1
hipped,1
hippelates,1
hippidae,1
hippobosca,1
hippoboscidae,1
hippocastanaceae,1
hippocrateaceae,1
hippocratic,1
hippodamia,1
hippoglossoides,1
hippoglossus,1
hippolytidae,1
hippophae,1
hippospongia,1
hircine,1
hirschioporus,1
hirschmanniella,1
hirsute,1
hirsutella,1
hirsuteness,1
hirtenschalmei,1
hirudinea,1
hirudo,1
hispanic,1
hispaniolan,1
hispidoberycidae,1
hispidulous,1
histaminium,1
histeridae,1
histidine,1
histidinuria,1
histiocytoma,1
histiostomatidae,1
histioteuthidae,1
histoblast,1
histochemistry,1
histogram,1
histoincompatibility,1
histologic,1
histological,1
histologically,1
histologists,1
histomonas,1
histomoniasis,1
histomorphology,1
histones,1
histopathology,1
histoplasma,1
histoplasmosis,1
historic,1
historically,1
historicism,1
historied,1
histosols,1
histrionic,1
histrionics,1
hitches,1
hitchhike,1
hitchiti,1
hither,1
hitherto,1
hitlerian,1
hitless,1
hitoyogiri,1
hitrost,1
hiv,1
hız,1
hl,1
hm,1
hmf,1
hmo,1
hmotnost,1
hnd,1
hne,1
hoar,1
hoariness,1
hoarse,1
hoarsely,1
hoarseness,1
hoary,1
hob,1
hobby,1
hobbyhorse,1
hobbyism,1
hobgoblin,1
hobnail,1
hobnailed,1
hobnob,1
hockey5s,1
hoddu,1
hodgepodge,1
hodotermes,1
hodotermitidae,1
hoe,1
hoeing,1
hoes,1
hoggets,1
hoggish,1
hoggishness,1
hogmanay,1
hogshead,1
hogwash,1
höhe,1
hohenlinden,1
hoist,1
hoka,1
hokan,1
hokey,1
hokkianese,1
hokum,1
holcus,1
hold'em,1
holdfasts,1
holdover,1
holdup,1
holey,1
holiness,1
holism,1
holistic,1
holla,1
hollering,1
holloa,1
hollowly,1
holocentridae,1
holocephali,1
holochordal,1
holograph,1
holographical,1
holometabolic,1
holometabolism,1
holometabolous,1
holometaboly,1
holomorphs,1
holonym,1
holonymy,1
holophytic,1
holoprosencephaly,1
holostei,1
holothuriidae,1
holothurioidea,1
holothuroidea,1
holotype,1
holotypes,1
holozoic,1
hōlua,1
holystone,1
holztrompete,1
hom,1
homage,1
homarus,1
homebound,1
homecoming,1
homegrown,1
homeless,1
homelessness,1
homelike,1
homeliness,1
homely,1
homemade,1
homemaking,1
homeoboxes,1
homeopathic,1
homeostatically,1
homeothermic,1
homeotherms,1
homepage,1
homeric,1
homesick,1
homesickness,1
homespun,1
homestretch,1
homewards,1
homework,1
homey,1
homicidal,1
homicide,1
homiletic,1
homiletical,1
homiletics,1
homily,1
hominal,1
hominian,1
hominid,1
hominidae,1
homininae,1
hominine,1
hominoidea,1
homo,1
homoargininuria,1
homocentric,1
homocercal,1
homochromatic,1
homocitrullinuria,1
homocyclic,1
homocysteine,1
homocystinuria,1
homoecious,1
homoeopathic,1
homoeopathy,1
homoeosoma,1
homoerotic,1
homoeroticism,1
homogeneity,1
homogeneous,1
homogeneously,1
homogeneousness,1
homogenisation,1
homogenise,1
homogenised,1
homogenize,1
homogenized,1
homogenous,1
homogeny,1
homograph,1
homoiothermic,1
homola,1
homolidae,1
homologic,1
homological,1
homologise,1
homologous,1
homology,1
homomorphism,1
homomorphy,1
homona,1
homonym,1
homonymic,1
homonymous,1
homonymy,1
homophile,1
homophilic,1
homophobia,1
homophobic,1
homophone,1
homophonic,1
homophonous,1
homophony,1
homopolysaccharide,1
homoptera,1
homoscleromorpha,1
homoserine,1
homosexual,1
homosexualism,1
homosporous,1
homospory,1
homostyled,1
homostylic,1
homostylous,1
homothecy,1
homothermic,1
homothety,1
homotoma,1
homotoxicology,1
homozygosity,1
homozygotes,1
homozygous,1
homy,1
honduran,1
honduras,1
honestly,1
honestness,1
honeycombed,1
honeycombs,1
honeydew,1
honeylike,1
honolulu,1
honorable,1
honorableness,1
honorably,1
honorarium,1
honorary,1
honourable,1
honourableness,1
honourably,1
honoured,1
honouring,1
honours,1
hoodooism,1
hooey,1
hooflike,1
hoofprint,1
hooklike,1
hookworm,1
hooky,1
hooliganism,1
hoop,1
hoopers,1
hoopla,1
hoops,1
hoopy,1
hooved,1
hoover,1
hopak,1
hopea,1
hopefully,1
hopeless,1
hopelessly,1
hopi,1
hoplichthyidae,1
hoplitodromos,1
hoplocampa,1
hoplochelus,1
hoplolaimidae,1
hoplolaimus,1
hopper,1
hopple,1
hopscotch,1
horagai,1
horary,1
hordein,1
hordeivirus,1
hordeum,1
horizontality,1
horizontally,1
hormathiidae,1
hormion,1
hormism,1
hormonal,1
hornbills,1
hornbook,1
horniness,1
hornless,1
hornlike,1
hornophone,1
hornswoggle,1
horny,1
horology,1
horoscope,1
horoscopy,1
horrendous,1
horribly,1
horrid,1
horridly,1
horridness,1
horrific,1
horrified,1
horrify,1
horrifying,1
horrifyingly,1
horripilate,1
horripilation,1
horror,1
horseback,1
horseball,1
horseflies,1
horselaugh,1
horsemanship,1
horseplay,1
horsepower,1
horseradish,1
horseshit,1
horseshoe,1
horseshow,1
horsewhip,1
horsewhipping,1
hortative,1
hortatory,1
horticultural,1
horticulturally,1
horticulturists,1
hosanna,1
hosaphone,1
hose,1
hosea,1
hoses,1
hosho,1
hospice,1
hospitable,1
hospitableness,1
hospitably,1
hospitalisation,1
hospitalise,1
hospitality,1
hospitalize,1
hospitaller,1
hossz,1
hosta,1
hostilely,1
hostilities,1
hostuviroid,1
hotbed,1
hotchiku,1
hotheaded,1
hotly,1
hottentot,1
hottish,1
hound,1
hourlong,1
housebound,1
housebreak,1
housebreaking,1
housebroken,1
houseclean,1
housecleaning,1
housecraft,1
houseful,1
househusbands,1
housekeep,1
housekeeping,1
houseroom,1
housewifely,1
housewifery,1
housewives,1
houyhnhnms,1
hovenia,1
hovercraft,1
howardula,1
howdy,1
however,1
hoya,1
hoydenish,1
hoydenism,1
hp,1
hplc,1
hpss,1
hpss16,1
hpss32,1
hr,1
hrt,1
hryvnia,1
html,1
http,1
hualapai,1
hualpai,1
huanglongbing,1
huantou,1
huapanguera,1
huapian,1
hubbub,1
hubei,1
hubris,1
hucho,1
huckster,1
huddled,1
huehuetl,1
hueless,1
huffily,1
huffiness,1
huffing,1
huffish,1
huffishness,1
huffy,1
hugely,1
hugoesque,1
hugu,1
huiringua,1
hujia,1
hula,1
hulk,1
hulking,1
hulky,1
hullabaloo,1
hullámszám,1
hullo,1
huluhu,1
huluqin,1
hulusi,1
humanely,1
humaneness,1
humanisation,1
humanise,1
humanism,1
humanitarianism,1
humanization,1
humanize,1
humanlike,1
humanly,1
humanness,1
humbly,1
humbucker,1
humectants,1
humic,1
humicola,1
humidify,1
humidness,1
humification,1
humified,1
humify,1
humiliatingly,1
hummel,1
hümmelchen,1
hummer,1
hummingbirds,1
humongous,1
humoral,1
humorless,1
humorlessly,1
humorous,1
humorously,1
humorousness,1
humouring,1
humourless,1
humourlessly,1
humourous,1
humpback,1
humpbacked,1
humulus,1
humus,1
hun,1
hunan,1
hunchback,1
hunchbacked,1
hunched,1
hundredfold,1
hundredweight,1
hungarumlaut,1
hungary,1
hungover,1
hungrily,1
hunker,1
hunkpapa,1
huobosi,1
hupa,1
huqin,1
hura,1
hurdles,1
hurka,1
hurridly,1
hurriedly,1
hurriedness,1
husbandly,1
husbandry,1
hushed,1
hushing,1
huskily,1
huskiness,1
husky,1
husla,1
huso,1
hussitism,1
hustings,1
hustota,1
hutches,1
hutzpah,1
huxleian,1
huxleyan,1
hvira,1
hwamanda,1
hyacinthaceae,1
hyacinthus,1
hyadaphis,1
hyaenidae,1
hyale,1
hyaline,1
hyalinisation,1
hyalinization,1
hyaloid,1
hyalomma,1
hyalophora,1
hyaloplasmic,1
hyalopterus,1
hyaluronate,1
hyblaea,1
hyblaeidae,1
hybnost,1
hybomitra,1
hybridisation,1
hybridise,1
hybridize,1
hybridizing,1
hybridomas,1
hybrids,1
hydatid,1
hydnum,1
hydra,1
hydracarina,1
hydramethylnon,1
hydranencephaly,1
hydrangea,1
hydrangeaceae,1
hydrarthrosis,1
hydratases,1
hydrate,1
hydrated,1
hydraulic,1
hydraulically,1
hydraulicly,1
hydraulics,1
hydraulis,1
hydraulophone,1
hydrazides,1
hydrellia,1
hydremia,1
hydric,1
hydrides,1
hydridodioxygen(1+),1
hydrilla,1
hydroacoustics,1
hydrobatidae,1
hydrobiology,1
hydrocarbon,1
hydrocarbons,1
hydrocele,1
hydrocephaly,1
hydrochaeridae,1
hydrocharitaceae,1
hydrochemistry,1
hydroclimate,1
hydroclimatology,1
hydrocolpos,1
hydrocortisone,1
hydrocotyle,1
hydrocracking,1
hydroculture,1
hydrodynamic,1
hydroelectric,1
hydroelectricity,1
hydrofoils,1
hydrogels,1
hydrogenate,1
hydrogencarbonate,1
hydrogenphosphate,1
hydrogensulfate,1
hydrogeology,1
hydrogeomorphology,1
hydrographic,1
hydrographical,1
hydrogymnastics,1
hydrokinetic,1
hydrokinetics,1
hydrolagus,1
hydrolases,1
hydrolise,1
hydrolize,1
hydrologists,1
hydrolyases,1
hydrolyse,1
hydrolyzable,1
hydrolyze,1
hydromancy,1
hydrometeorology,1
hydrometeors,1
hydrometers,1
hydrometra,1
hydrometric,1
hydrometrocolpos,1
hydromyelia,1
hydron,1
hydronautics,1
hydropathic,1
hydropathy,1
hydrophiidae,1
hydrophone,1
hydrophones,1
hydrophyllaceae,1
hydrophytic,1
hydropic,1
hydroplane,1
hydroponic,1
hydrops,1
hydrosalpinx,1
hydrosorption,1
hydrostatic,1
hydrostaticity,1
hydrostatics,1
hydrotaea,1
hydrotherapy,1
hydrothorax,1
hydrotropism,1
hydroureter,1
hydrous,1
hydroxide,1
hydroxy,1
hydroxyindoles,1
hydroxylamine,1
hydroxylapatite,1
hydroxylation,1
hydroxylysinemia,1
hydroxylysinuria,1
hydroxyproline,1
hydroxyprolinemia,1
hydroxyprolinuria,1
hydrozoa,1
hygienic,1
hygienical,1
hygienically,1
hygienics,1
hygienise,1
hygienize,1
hygrometers,1
hygrometry,1
hygromycin,1
hygrophytic,1
hygroscopic,1
hygroscopicity,1
hylastes,1
hylemya,1
hylesia,1
hylesinus,1
hylobatidae,1
hylobius,1
hylocereus,1
hylotrupes,1
hylurgopinus,1
hylurgus,1
hymenachne,1
hymenaea,1
hymenal,1
hymeneals,1
hymenella,1
hymenia,1
hymenocallis,1
hymenogastrales,1
hymenolepididae,1
hymenolepis,1
hymenopenaeus,1
hymenopterous,1
hymnal,1
hymnary,1
hymnbook,1
hymnody,1
hymnography,1
hyohyoideus,1
hyoid,1
hyoplastron,1
hyoscyamus,1
hyōshigi,1
hyostrongylus,1
hypaethral,1
hypallage,1
hyparrhenia,1
hypaxialis,1
hypena,1
hypera,1
hyperaccumulators,1
hyperacidity,1
hyperactive,1
hyperacusia,1
hyperadrenalism,1
hyperaemia,1
hyperalaninemia,1
hyperalbuminemia,1
hyperaldosteronism,1
hyperalimentation,1
hyperammonemia,1
hyperamylasemia,1
hyperapobetalipoproteinemia,1
hyperargininemia,1
hyperasparaginemia,1
hyperaspis,1
hyperbaton,1
hyperbetaalaninemia,1
hyperbetalipoproteinemia,1
hyperbole,1
hyperbolically,1
hyperbolise,1
hyperbolism,1
hyperbolize,1
hyperboloid,1
hyperboloidal,1
hypercalcinuria,1
hypercarbia,1
hypercellularity,1
hyperchloremia,1
hyperchlorhydria,1
hyperchloriduria,1
hypercholesteremia,1
hypercholesterolaemia,1
hypercitraturia,1
hypercoagulability,1
hypercritical,1
hypercriticism,1
hypercystinemia,1
hyperdactyly,1
hyperdeviation,1
hyperelliptic,1
hyperemesis,1
hyperemia,1
hyperemic,1
hyperesthesia,1
hyperextend,1
hyperextension,1
hyperfibrinogenemia,1
hyperfibrinolysis,1
hyperfine,1
hyperfunction,1
hypergalactosemia,1
hypergastrinemia,1
hyperglutamatemia,1
hyperglutaminemia,1
hyperglutaminuria,1
hyperglycerolemia,1
hyperglycinemia,1
hyperglycinuria,1
hyperglycorrhachia,1
hypergranulosis,1
hyperhistidinemia,1
hyperhomocystinemia,1
hypericism,1
hypericum,1
hyperidrosis,1
hyperimidodipeptiduria,1
hyperinsulinemia,1
hyperintelligence,1
hyperisoleucinemia,1
hyperkeratosis,1
hyperketonemia,1
hyperleucinemia,1
hyperleukocytosis,1
hyperlink,1
hyperlipaemia,1
hyperlipemia,1
hyperlipoidaemia,1
hyperlipoidemia,1
hyperlordosis,1
hyperlysinemia,1
hyperlysinuria,1
hypermagnesemia,1
hypermagnesiuria,1
hypermanganesemia,1
hypermastigida,1
hypermenorrhea,1
hypermethioninemia,1
hypermetropic,1
hypermetropy,1
hypermotility,1
hypernatriuria,1
hypernym,1
hypernymy,1
hyperoartia,1
hyperomyzus,1
hyperoodon,1
hyperopia,1
hyperopic,1
hyperoplus,1
hyperorality,1
hyperornithinemia,1
hyperosthenuria,1
hyperostosis,1
hyperoxaluria,1
hyperoxemia,1
hyperpallium,1
hyperparakeratosis,1
hyperparasites,1
hyperparasitism,1
hyperperistalsis,1
hyperphagia,1
hyperphantasia,1
hyperphenylalaninemia,1
hyperphoria,1
hyperphosphatemia,1
hyperphosphaturia,1
hyperpiesia,1
hyperpiesis,1
hyperpigmentation,1
hyperplastic,1
hyperpnea,1
hyperprolinemia,1
hyperprostaglandinuria,1
hyperproteinemia,1
hyperreflexia,1
hypersalivation,1
hypersarcosinemia,1
hypersarcosinuria,1
hypersecretion,1
hypersensitised,1
hypersensitive,1
hypersensitized,1
hyperserinemia,1
hypersomnia,1
hypertaurinemia,1
hypertelorism,1
hypertensive,1
hypertext,1
hyperthermal,1
hyperthermy,1
hyperthreoninemia,1
hyperthreoninuria,1
hypertonic,1
hypertonicity,1
hypertonus,1
hypertrichosis,1
hypertriglyceridaemia,1
hypertriglyceridemia,1
hypertrophic,1
hypertrophied,1
hypertropia,1
hypertryptophanemia,1
hypertyrosinemia,1
hyperuricemia,1
hyperuricosuria,1
hypervalinemia,1
hypervelocity,1
hyperventilate,1
hypervideo,1
hypervigilance,1
hypervitaminosis,1
hypervolaemia,1
hyperxanthinemia,1
hypesthesia,1
hypethral,1
hyphaene,1
hyphantria,1
hyphenate,1
hyphenation,1
hyphochytriomycetes,1
hyphomycetes,1
hypnagogic,1
hypneaceae,1
hypnoanalysis,1
hypnogenesis,1
hypnogogic,1
hypnoid,1
hypnopedia,1
hypnophobia,1
hypnosis,1
hypnotherapy,1
hypnotically,1
hypnotise,1
hypnotised,1
hypnotism,1
hypnotize,1
hypnotized,1
hypoactive,1
hypoadrenalism,1
hypoadrenocorticism,1
hypoalaninemia,1
hypoalbuminemia,1
hypoammonemia,1
hypoamylasemia,1
hypoargininemia,1
hypoasparaginemia,1
hypoaspis,1
hypobetalipoproteinemia,1
hypobilirubinemia,1
hypocalciuria,1
hypocellularity,1
hypochloremia,1
hypochloriduria,1
hypochlorites,1
hypocholesterolemia,1
hypochondria,1
hypochondriac,1
hypochondriacal,1
hypochondriasis,1
hypochord,1
hypochromia,1
hypocitraturia,1
hypocleideum,1
hypoconid,1
hypocorism,1
hypocotyls,1
hypocreales,1
hypocritical,1
hypocritically,1
hypocycloid,1
hypocystinemia,1
hypoderma,1
hypodermal,1
hypodermic,1
hypodermis,1
hypodermosis,1
hypodeviation,1
hypodipsia,1
hypodontia,1
hypoelliptic,1
hypofibrinogenemia,1
hypoganglionosis,1
hypogastrium,1
hypogeusia,1
hypoglutamatemia,1
hypoglutaminemia,1
hypoglycaemic,1
hypoglycemic,1
hypoglycinemia,1
hypoglycorrhachia,1
hypognathous,1
hypogranulosis,1
hypohidrosis,1
hypohistidinemia,1
hypohomocysteinemia,1
hypoinsulinemia,1
hypoisoleucinemia,1
hypokalaemia,1
hypokinesia,1
hypoleucinemia,1
hypolimnion,1
hypolipidemia,1
hypolysinemia,1
hypomagnesaemia,1
hypomagnesemia,1
hypomagnesiuria,1
hypomanganesemia,1
hypomaxilla,1
hypomethioninemia,1
hypomyces,1
hyponastic,1
hyponatriuria,1
hyponychium,1
hyponym,1
hyponymy,1
hypoornithinemia,1
hypoperistalsis,1
hypopharynx,1
hypophenylalaninemia,1
hypophoria,1
hypophosphataemia,1
hypophosphatemia,1
hypophosphaturia,1
hypophthalmichthys,1
hypophthalmidae,1
hypophyseal,1
hypophysectomise,1
hypophysectomised,1
hypophysectomize,1
hypophysectomized,1
hypophysectomy,1
hypophysial,1
hypopigmentation,1
hypopituitarism,1
hypoplastic,1
hypoplastron,1
hypopomidae,1
hypoprolinemia,1
hypoptychidae,1
hypopyon,1
hyporeflexia,1
hyporhamphus,1
hyposerinemia,1
hyposoter,1
hypospermatogenesis,1
hypostatisation,1
hypostatise,1
hypostatization,1
hypostatize,1
hyposthenuria,1
hypotaurinemia,1
hypotelorism,1
hypotensive,1
hypotenuse,1
hypothalamic,1
hypothalamically,1
hypothalassia,1
hypothec,1
hypothenemus,1
hypothermic,1
hypothesise,1
hypothesize,1
hypothetic,1
hypothetically,1
hypothreoninemia,1
hypothrombinemia,1
hypotonic,1
hypotonicity,1
hypotonus,1
hypotriglyceridemia,1
hypotrophic,1
hypotropia,1
hypotryptophanemia,1
hypotyposis,1
hypotyrosinemia,1
hypouricemia,1
hypovalinemia,1
hypovirulence,1
hypovitaminosis,1
hypovolaemia,1
hypovolaemic,1
hypovolemic,1
hypoxanthine,1
hypoxemia,1
hypoxidaceae,1
hypoxis,1
hypoxylon,1
hypozeugma,1
hypozeuxis,1
hypsarrhythmia,1
hypsipyla,1
hypsodont,1
hypsometers,1
hyptis,1
hypural,1
hypurapophysis,1
hyracoidea,1
hyssop,1
hyssopus,1
hysteriales,1
hysteric,1
hysterical,1
hysterically,1
hysterics,1
hysterocatalepsy,1
hysteroscopy,1
hysterotomy,1
hystrichopsyllidae,1
hystricidae,1
hystricomorpha,1
hytteplanmila,1
hz,1
i.d.,1
i.e.,1
i.q.,1
iaa,1
iaea,1
iamb,1
iambus,1
iatrogenic,1
ib.,1
iba,1
ibaliidae,1
iberian,1
ibid.,1
ibidem,1
ibrd,1
ibsenian,1
ic,1
icacinaceae,1
iceboarding,1
icebound,1
icebreaker,1
icebreakers,1
icecream,1
iceland,1
icelandicness,1
icelinus,1
icerya,1
ichigenkin,1
ichneumonidae,1
ichorous,1
ichthyofauna,1
ichthyolatry,1
ichthyologists,1
ichthyophonus,1
ichthyophthirius,1
ichthyoplankton,1
icily,1
iciness,1
icky,1
iconic,1
iconoclasm,1
iconoclastic,1
iconolatry,1
iconology,1
icosahedral,1
icosahedron,1
icosathlon,1
icosteidae,1
icraf,1
ictaluridae,1
ictalurus,1
icteric,1
icterogenic,1
icterus,1
ictic,1
ictus,1
icy,1
idaho,1
idakka,1
idb,1
iddm,1
idealise,1
idealised,1
ideality,1
idealize,1
idealized,1
ideally,1
ideate,1
ideation,1
ideational,1
idempotent,1
identically,1
identicalness,1
identifiable,1
identifiably,1
ideogram,1
ideograph,1
ideographic,1
ideographically,1
ideography,1
ideologic,1
ideologically,1
ideologization,1
ideology,1
ideotypes,1
ides,1
idiochord,1
idiocy,1
idiographic,1
idiolatry,1
idiolect,1
idiomatic,1
idiomatical,1
idiomatically,1
idiopathic,1
idiopathy,1
idiophone,1
idioscopus,1
idiosyncrasy,1
idiosyncratic,1
idiotic,1
idiotically,1
iditarod,1
idly,1
ido,1
idő,1
idolatrously,1
idolatry,1
idolisation,1
idolise,1
idolised,1
idolization,1
idolize,1
idolized,1
idoxuridine,1
idp,1
idrc,1
idyl,1
idyllic,1
idyllically,1
ifad,1
iffy,1
iflaviridae,1
iflavirus,1
igba,1
igil,1
iglishmek,1
ignescent,1
ignitable,1
ignitible,1
ignitor,1
ignobility,1
ignoble,1
ignobleness,1
ignobly,1
ignominious,1
ignominiously,1
ignominiousness,1
ignominy,1
ignorance,1
ignorantly,1
ignorantness,1
iguanas,1
iguania,1
iguanidae,1
iifb,1
ijtihad,1
ikembe,1
ikko,1
ikoro,1
il,1
ilarvirus,1
ileostomy,1
ilex,1
iliac,1
iliad,1
ilimba,1
iliopsoas,1
ilk,1
illation,1
illegalise,1
illegality,1
illegalize,1
illegally,1
illegibility,1
illegible,1
illegibly,1
illegitimately,1
illex,1
illiberal,1
illiberality,1
illiberally,1
illicit,1
illicitly,1
illicitness,1
illicium,1
illimitable,1
illinoia,1
illiquidity,1
illiterate,1
illites,1
illogic,1
illogicality,1
illogically,1
illogicalness,1
illume,1
illuminamento,1
illuminated,1
illuminating,1
illumine,1
illusional,1
illusionary,1
illusive,1
illusoriness,1
illusory,1
illustrations,1
illustrative,1
illustrious,1
illustriously,1
illustriousness,1
illyrian,1
ilo,1
ilri,1
ilu,1
iluminamento,1
iluminare,1
ilx,1
ilxx,1
ilxxx,1
imaginable,1
imaginative,1
imaginatively,1
imaginativeness,1
imazalil,1
imazamox,1
imazapyr,1
imbalanced,1
imbecile,1
imbecilic,1
imbed,1
imbricated,1
imbrue,1
imbued,1
imf,1
imidacloprid,1
imitative,1
imitativeness,1
immaculacy,1
immaculate,1
immaculately,1
immaculateness,1
immanence,1
immanency,1
immanent,1
immaterial,1
immaterialise,1
immaterialize,1
immaturely,1
immatureness,1
immaturity,1
immeasurability,1
immeasurable,1
immeasurably,1
immediately,1
immediateness,1
immemorial,1
immensely,1
immenseness,1
immensity,1
immensurable,1
imminence,1
imminency,1
imminent,1
imminently,1
imminentness,1
immingle,1
immiscible,1
immix,1
immobilisation,1
immobilizing,1
immoderate,1
immoderately,1
immoderateness,1
immoderation,1
immodest,1
immodestly,1
immolate,1
immolation,1
immoral,1
immorally,1
immotile,1
immotility,1
immovability,1
immovableness,1
immovably,1
immoveable,1
immunisation,1
immunised,1
immunized,1
immunoassay,1
immunoassays,1
immunoblotting,1
immunochemical,1
immunocompetence,1
immunocompetent,1
immunocompromised,1
immunocytes,1
immunodeficient,1
immunodiagnosis,1
immunogenetics,1
immunogenic,1
immunogenicity,1
immunoglobulins,1
immunologic,1
immunological,1
immunologically,1
immunomodulation,1
immunomodulator,1
immunostimulants,1
immunostimulation,1
immunosuppressants,1
immunosuppressed,1
immunosuppressive,1
immunotaxonomy,1
immunotherapeutic,1
immure,1
immurement,1
immutability,1
immutable,1
immutableness,1
immutably,1
imogolite,1
impala,1
impale,1
impalement,1
impalpability,1
impalpable,1
impalpably,1
imparipinnate,1
impartation,1
impartiality,1
impartially,1
imparting,1
impassable,1
impasse,1
impassioned,1
impassive,1
impassively,1
impassiveness,1
impassivity,1
impasto,1
impatiens,1
impatient,1
impatiently,1
impeach,1
impeachability,1
impeachment,1
impeccability,1
impeccable,1
impeccably,1
impeccant,1
impecunious,1
impecuniousness,1
impeded,1
impediment,1
impeding,1
impelled,1
impellent,1
impelling,1
impend,1
impendence,1
impendency,1
impendent,1
impending,1
impenetrability,1
impenetrable,1
impenetrableness,1
impenitence,1
impenitency,1
impenitent,1
impenitently,1
imperata,1
imperatively,1
imperceptibility,1
imperceptible,1
imperceptibly,1
imperfectibility,1
imperfectible,1
imperfection,1
imperfective,1
imperfectly,1
imperfectness,1
imperialist,1
imperialistic,1
imperially,1
imperialness,1
imperil,1
imperious,1
imperiously,1
imperiousness,1
imperishability,1
imperishable,1
imperishableness,1
imperishingness,1
imperium,1
impermanence,1
impermanency,1
impermanent,1
impermeability,1
impermeableness,1
impermissibility,1
impermissible,1
impermissibly,1
impersonal,1
impersonally,1
impertinent,1
impertinently,1
imperturbability,1
imperturbable,1
imperturbableness,1
imperviable,1
impervious,1
imperviousness,1
impetiginous,1
impetuosity,1
impetuous,1
impetuously,1
impetuousness,1
impiety,1
impinging,1
impious,1
impiously,1
impiousness,1
impish,1
impishly,1
impishness,1
implacable,1
implanted,1
implausibility,1
implausible,1
implausibleness,1
implausibly,1
impleader,1
implemental,1
implemented,1
implicate,1
implicated,1
implicational,1
implicative,1
implicitly,1
implicitness,1
implike,1
implode,1
implore,1
imploring,1
imploringly,1
impolitely,1
impoliteness,1
impolitic,1
importantly,1
importation,1
importunate,1
importunately,1
importunateness,1
importune,1
imposed,1
imposing,1
imposingly,1
impossibleness,1
impossibly,1
impost,1
imposture,1
impotent,1
impotently,1
impoundment,1
impoverished,1
impracticability,1
impracticable,1
impracticableness,1
impracticably,1
impractical,1
impracticality,1
imprecate,1
imprecation,1
imprecise,1
imprecisely,1
impreciseness,1
imprecision,1
impregnability,1
impregnable,1
impregnably,1
impressible,1
impressionable,1
impressionist,1
impressionistic,1
impressive,1
impressively,1
impressiveness,1
impressment,1
imprimatur,1
imprinted,1
imprinting,1
imprison,1
imprisoned,1
improbability,1
improbable,1
improbableness,1
improbably,1
improperium,1
improperly,1
improperness,1
improvable,1
improvidence,1
improvident,1
improvidently,1
improvisation,1
improvised,1
improvize,1
imprudence,1
imprudent,1
imprudently,1
impudent,1
impudently,1
impugn,1
impugnable,1
impuissance,1
impuissant,1
impulsively,1
impulsiveness,1
impulsivity,1
impunity,1
impure,1
impureness,1
impurity,1
imputable,1
impute,1
imputrescible,1
imzad,1
inaccessibility,1
inaccessible,1
inaccessibly,1
inaccuracy,1
inaccurately,1
inaction,1
inadequate,1
inadequately,1
inadequateness,1
inadmissibility,1
inadmissible,1
inadvertency,1
inadvertent,1
inadvertently,1
inadvisability,1
inadvisable,1
inadvisably,1
inaedificatio,1
inaesthetic,1
inalienability,1
inalienable,1
inalienably,1
inalterable,1
înălțime,1
inane,1
inanely,1
inanga,1
inanimacy,1
inanimate,1
inanimateness,1
inanition,1
inanity,1
inapplicability,1
inapplicable,1
inapposite,1
inappositeness,1
inappreciable,1
inappropriately,1
inappropriateness,1
inapt,1
inaptitude,1
inaptness,1
inarguable,1
inarguably,1
inarticulate,1
inarticulately,1
inartistic,1
inattention,1
inattentive,1
inattentively,1
inaudibility,1
inaudible,1
inaudibleness,1
inaudibly,1
inaugurally,1
inauguration,1
inauspicious,1
inauspiciously,1
inauspiciousness,1
inauthentic,1
inboard,1
inborn,1
inbound,1
inbred,1
inbuilt,1
incalculable,1
incalescence,1
incan,1
incandesce,1
incandescent,1
incantation,1
incapable,1
incapacitated,1
incapacitating,1
incarcerate,1
incarceration,1
incarnadine,1
incase,1
incased,1
incasement,1
incaution,1
incautious,1
incautiously,1
incautiousness,1
incendiarism,1
incensed,1
incentives,1
inception,1
inceptisols,1
inceptive,1
incertain,1
incertitude,1
incessancy,1
incessant,1
incessantly,1
incessantness,1
incest,1
incestuous,1
incestuously,1
inchoate,1
inchon,1
incidentally,1
incinerate,1
incineration,1
incipience,1
incipiency,1
incipient,1
incise,1
incised,1
incisiform,1
incisive,1
incisively,1
incisiveness,1
incisura,1
incisure,1
incitive,1
incivility,1
inclement,1
inclementness,1
inclusive,1
incognizable,1
incognizance,1
incognizant,1
incognoscible,1
incoherent,1
incoherently,1
incombustible,1
incommensurable,1
incommensurate,1
incommode,1
incommodious,1
incommodiousness,1
incommunicado,1
incommunicative,1
incommutability,1
incommutable,1
incomparability,1
incomparable,1
incomparably,1
incompatibly,1
incompetency,1
incompetent,1
incompetently,1
incompletely,1
incompleteness,1
incomprehensibility,1
incomprehensible,1
incomprehension,1
incomprehensive,1
incompressibility,1
incompressible,1
incomputable,1
inconceivability,1
inconceivable,1
inconceivableness,1
inconceivably,1
inconclusive,1
inconclusively,1
inconclusiveness,1
incongruent,1
incongruity,1
incongruous,1
incongruously,1
incongruousness,1
inconsequence,1
inconsequent,1
inconsequential,1
inconsequentially,1
inconsequently,1
inconsiderable,1
inconsiderate,1
inconsiderately,1
inconsiderateness,1
inconsideration,1
inconsistently,1
inconsolable,1
inconspicuously,1
inconspicuousness,1
inconstancy,1
inconstant,1
incontestable,1
incontestible,1
incontinency,1
incontinent,1
incontrovertibility,1
incontrovertible,1
incontrovertibleness,1
incontrovertibly,1
inconvenient,1
inconveniently,1
inconvertibility,1
inconvertible,1
incorporative,1
incorporeality,1
incorrectly,1
incorrectness,1
incorrigible,1
incorrigibly,1
incorrupt,1
incorrupted,1
incorruptibility,1
incorruptible,1
incorruption,1
incorruptness,1
increasingly,1
incredibility,1
incredibleness,1
incredibly,1
incredulity,1
incredulous,1
incredulously,1
incremental,1
incrementation,1
incriminating,1
incriminatingly,1
incrimination,1
incriminatory,1
incrustation,1
incubators,1
incubus,1
inculcate,1
inculcation,1
inculpability,1
inculpable,1
inculpableness,1
inculpate,1
inculpation,1
inculpative,1
inculpatory,1
incumbent,1
incurability,1
incurable,1
incurableness,1
incurably,1
incurious,1
incurrence,1
incurring,1
incursion,1
incursive,1
incurvaria,1
incurvariidae,1
incurvature,1
incurved,1
incyclophoria,1
incyclotropia,1
indebted,1
indecent,1
indecently,1
indecipherable,1
indecisive,1
indecisively,1
indecorous,1
indecorously,1
indecorousness,1
indeed,1
indefatigability,1
indefatigable,1
indefatigableness,1
indefatigably,1
indefeasible,1
indefensible,1
indefinability,1
indefinable,1
indefinite,1
indefinitely,1
indefiniteness,1
indefinity,1
indehiscent,1
indelibility,1
indelible,1
indelibly,1
indelicate,1
indemnify,1
indention,1
indentured,1
independency,1
independently,1
indescribability,1
indescribable,1
indescribableness,1
indescribably,1
indestructibility,1
indestructible,1
indeterminable,1
indeterminably,1
indeterminacy,1
indeterminateness,1
indetermination,1
indexation,1
indexical,1
indexless,1
india,1
indiana,1
indic,1
indicant,1
indicatory,1
indict,1
indictability,1
indictable,1
indiction,1
indictment,1
indie,1
indifferent,1
indifferently,1
indigence,1
indigenous,1
indigenously,1
indigenousness,1
indigent,1
indigestibility,1
indigestible,1
indigestibleness,1
indignant,1
indignantly,1
indignation,1
indignity,1
indigofera,1
indingidi,1
indirection,1
indirectly,1
indirectness,1
indiscernibility,1
indiscernible,1
indiscipline,1
indiscreet,1
indiscreetly,1
indiscreetness,1
indiscrete,1
indiscriminately,1
indiscriminating,1
indispensability,1
indispensable,1
indispensableness,1
indisposed,1
indisputability,1
indisputable,1
indissoluble,1
indistinct,1
indistinctly,1
indistinctness,1
indistinguishability,1
indistinguishable,1
indite,1
indium,1
individualisation,1
individualised,1
individualist,1
individualistic,1
individualistically,1
individuality,1
individualization,1
individualized,1
individually,1
indivisibility,1
indivisible,1
indlamu,1
indochina,1
indocile,1
indoctrinate,1
indoctrination,1
indolence,1
indolent,1
indolently,1
indometacin,1
indomitability,1
indomitable,1
indonesia,1
indoor,1
indoors,1
indostomidae,1
indoxacarb,1
indrawn,1
indubitability,1
indubitable,1
indubitably,1
inducive,1
inductancia,1
inductanță,1
inductantia,1
inductionism,1
indue,1
indukčnost,1
indukcyjność,1
indukstans,1
i̇ndüktans,1
induktivitás,1
induktivität,1
induktivnost,1
indulgent,1
indulgently,1
indurated,1
induration,1
indusial,1
industrialisation,1
industrialise,1
industrialised,1
industrialize,1
industrialized,1
industrially,1
industrious,1
industriously,1
industriousness,1
indutância,1
induttanza,1
indwell,1
indweller,1
indwelling,1
inebriated,1
inebriation,1
inebriety,1
ineffable,1
ineffably,1
ineffaceability,1
ineffective,1
ineffectively,1
ineffectiveness,1
ineffectual,1
ineffectuality,1
ineffectually,1
ineffectualness,1
inefficacious,1
inefficaciously,1
inefficaciousness,1
inefficacy,1
inefficiency,1
inefficiently,1
inelaborate,1
inelasticity,1
inelegance,1
inelegant,1
inelegantly,1
ineligibility,1
ineligible,1
ineloquently,1
ineluctability,1
ineluctable,1
ineluctably,1
inept,1
ineptly,1
inequitable,1
inequitably,1
inequity,1
ineradicable,1
inermiidae,1
inerrable,1
inerrancy,1
inerrant,1
inertial,1
inertness,1
inescapable,1
inescapably,1
inessential,1
inessentiality,1
inestimable,1
inevitableness,1
inevitably,1
inexact,1
inexactitude,1
inexactly,1
inexactness,1
inexcusable,1
inexcusably,1
inexhaustibility,1
inexhaustible,1
inexhaustibly,1
inexorability,1
inexorable,1
inexorableness,1
inexorably,1
inexpedience,1
inexpediency,1
inexpedient,1
inexpediently,1
inexpensive,1
inexpensively,1
inexpensiveness,1
inexperience,1
inexperienced,1
inexperient,1
inexpert,1
inexpertly,1
inexpiable,1
inexplicable,1
inexplicably,1
inexplicit,1
inexplicitness,1
inexpressible,1
inexpressibly,1
inexpressive,1
inexpressively,1
inexpugnable,1
inexpungeable,1
inexpungible,1
inextensible,1
inexterminable,1
inextinguishable,1
inextirpable,1
inextricable,1
inextricably,1
infallibility,1
infallible,1
infamous,1
infamy,1
infanticide,1
infants,1
infarct,1
infatuate,1
infatuated,1
infeasibility,1
infeasible,1
infectiously,1
infective,1
infelicitous,1
infelicitously,1
infelicity,1
inference,1
infernally,1
infertile,1
infidelity,1
infighting,1
infiltrative,1
infinitely,1
infiniteness,1
infinitival,1
infinitive,1
infinity,1
infirm,1
infirmity,1
inflammability,1
inflammable,1
inflammatory,1
inflatable,1
inflationary,1
inflectional,1
inflexibility,1
inflexibleness,1
inflexibly,1
inflexion,1
inflict,1
inflorescence,1
inflorescences,1
inflowing,1
influent,1
influential,1
influentially,1
influenza,1
influenzavirus,1
influx,1
info,1
infocentral,1
infolding,1
infomercial,1
informality,1
informally,1
informatics,1
informational,1
informative,1
informatively,1
informatory,1
informercial,1
infotainment,1
infra,1
infracarinalis,1
infraclass,1
infract,1
infraction,1
infrahuman,1
inframaxillary,1
infrangible,1
infraorbital,1
infraorder,1
infrasonic,1
infrequency,1
infrequent,1
infrequently,1
infrigidation,1
infringement,1
infructescence,1
infundibulicybe,1
infuriate,1
infuriated,1
infuriating,1
infuriation,1
infuscate,1
inga,1
ingathering,1
ingeminate,1
ingeniously,1
ingenue,1
ingenuous,1
ingenuously,1
ingenuousness,1
ingestion,1
inglorious,1
ingloriously,1
ingraft,1
ingrained,1
ingraining,1
ingratiate,1
ingratiating,1
ingratiatingly,1
ingratiation,1
ingratiatory,1
ingratitude,1
ingressive,1
ingrian,1
ingrowing,1
ingrown,1
inguinal,1
ingurgitate,1
inhabitable,1
inhabitancy,1
inhabitation,1
inhalant,1
inhalation,1
inharmonic,1
inharmonious,1
inharmoniousness,1
inhere,1
inherence,1
inherency,1
inherent,1
inherently,1
inheritable,1
inhibitor,1
inhibitory,1
inhomogeneity,1
inhomogeneous,1
inhospitable,1
inhospitably,1
inhospitality,1
inhuman,1
inhumane,1
inhumanely,1
inhumaneness,1
inhumation,1
inhume,1
inhumed,1
inia,1
iniencephaly,1
iniidae,1
inimical,1
inimitable,1
inimitably,1
iniquitous,1
iniquitously,1
iniquity,1
initialisation,1
initialism,1
initialization,1
initially,1
initiatives,1
initiatory,1
injectable,1
injectiveness,1
injectors,1
injudicious,1
injudiciously,1
injunction,1
injurious,1
injuriously,1
injuriousness,1
inkblot,1
inkiness,1
inkling,1
inky,1
inlaid,1
inlay,1
inmarriage,1
inmarry,1
inmost,1
innate,1
innately,1
innateness,1
innermost,1
inning,1
innings,1
innocency,1
innocently,1
innocuous,1
innovate,1
innovational,1
innovative,1
innovativeness,1
innoxious,1
innuendo,1
innumerable,1
innumerableness,1
innumerate,1
innumerous,1
inoculating,1
inodorous,1
inoffensive,1
inoffensively,1
inonotus,1
inoperable,1
inoperative,1
inopportune,1
inopportunely,1
inopportuneness,1
inordinate,1
inordinately,1
inordinateness,1
inorganic,1
inorganically,1
inosculate,1
inositol,1
inpour,1
inquest,1
inquietude,1
inquiringly,1
inquisition,1
inquisitively,1
inquisitory,1
inroad,1
inrush,1
insalubrious,1
insalubriousness,1
insalubrity,1
insane,1
insanely,1
insaneness,1
insanitary,1
insanity,1
insatiable,1
insatiably,1
insatiate,1
inscriptive,1
inscriptively,1
inscrutability,1
inscrutable,1
inscrutably,1
insectan,1
insecticidal,1
insecticidally,1
insecticides,1
insectivora,1
insectivores,1
insectivorous,1
insectivory,1
insecure,1
insecurely,1
insecureness,1
insensate,1
insensately,1
insensible,1
insensibly,1
insensitively,1
insensitiveness,1
insensitivity,1
insentience,1
insentient,1
inseparable,1
inseparably,1
inset,1
insidious,1
insidiously,1
insidiousness,1
insightful,1
insightfulness,1
insignia,1
insignificance,1
insignificant,1
insignificantly,1
insincere,1
insincerely,1
insincerity,1
insinuating,1
insinuatingly,1
insipid,1
insipidity,1
insipidly,1
insipidness,1
insistent,1
insistently,1
insisting,1
insobriety,1
insofar,1
insolate,1
insolent,1
insolently,1
insolubility,1
insolubilization,1
insoluble,1
insolvable,1
insolvency,1
insolvent,1
insomniac,1
insomuch,1
insouciance,1
insouciant,1
inspan,1
inspectorship,1
inspirational,1
inspirationally,1
inspiratory,1
inspirit,1
inspiriting,1
inspissate,1
inst,1
instagood,1
instalike,1
instancy,1
instantaneous,1
instantaneously,1
instantaneousness,1
instantiation,1
instantizing,1
instantly,1
instars,1
instauration,1
instead,1
instigative,1
instil,1
instilling,1
instillment,1
instilment,1
instinctive,1
instinctively,1
institute,1
institutes,1
institutionalise,1
institutionalised,1
institutionalize,1
institutionalized,1
institutionally,1
instroke,1
instructional,1
instructive,1
instructively,1
instructorship,1
instrumentalism,1
instrumentality,1
instrumentate,1
insubordinate,1
insubstantial,1
insubstantiality,1
insubstantially,1
insufferable,1
insufferably,1
insufficiently,1
insula,1
insularism,1
insularity,1
insulaspis,1
insulin,1
insulinoma,1
insultingly,1
insuperable,1
insuperably,1
insupportable,1
insurability,1
insurable,1
insurgence,1
insurgency,1
insurgent,1
insurmountable,1
insurrection,1
insurrectional,1
insurrectionary,1
insurrectionism,1
insusceptible,1
intactness,1
intaglio,1
intangibility,1
intangibleness,1
integrality,1
integrally,1
integrative,1
integumental,1
integumentary,1
intellection,1
intellectual,1
intellectualisation,1
intellectualization,1
intellectually,1
intelligent,1
intelligently,1
intelligibility,1
intelligible,1
intelligibly,1
intemperate,1
intemperately,1
intemperateness,1
intensely,1
intensified,1
intensifier,1
intensify,1
intensifying,1
intension,1
intensional,1
intensively,1
intensiveness,1
intentionality,1
intentionally,1
intently,1
intentness,1
inter,1
interact,1
interactional,1
interactions,1
interactive,1
interbred,1
interbreed,1
interbreeding,1
intercalar,1
intercalarium,1
intercalary,1
intercalate,1
intercalation,1
intercede,1
intercellular,1
intercentrum,1
interception,1
intercessio,1
interchangeability,1
interchangeable,1
interchangeableness,1
interchangeably,1
interchurch,1
interclavicle,1
intercollegiate,1
intercommunication,1
intercommunion,1
interconnected,1
interconnectedness,1
intercontinental,1
intercostal,1
intercropping,1
intercrosse,1
intercrossed,1
interdenominational,1
interdepend,1
interdependence,1
interdependency,1
interdependent,1
interdiction,1
interdigitated,1
interdisciplinary,1
interestedness,1
interestingly,1
interestingness,1
interfacial,1
interfaith,1
interferons,1
interfixation,1
intergalactic,1
interhyoideus,1
interiorise,1
interiorize,1
interject,1
interlace,1
interlaced,1
interlacing,1
interlanguage,1
interlard,1
interleaf,1
interleukins,1
interlineal,1
interlinear,1
interlingua,1
interlinking,1
interlobular,1
interlocutory,1
interlope,1
intermandibularis,1
intermarriage,1
intermarry,1
intermediately,1
intermediation,1
intermedium,1
interment,1
intermeshed,1
interminable,1
interminably,1
intermingle,1
intermit,1
intermittence,1
intermittency,1
intermittently,1
intermix,1
intermixture,1
intermolecular,1
intermural,1
intern,1
internalconversionfactor,1
internalisation,1
internalise,1
internality,1
internalization,1
internalize,1
internally,1
international,1
internationale,1
internationalisation,1
internationalist,1
internationalistic,1
internationality,1
internationalization,1
internationally,1
internecine,1
interneuron,1
internship,1
interoception,1
interoceptive,1
interoceptor,1
interoperable,1
interopercle,1
interpellate,1
interpenetrate,1
interpenetration,1
interpersonal,1
interplanetary,1
interplay,1
interposition,1
interpretable,1
interpretative,1
interpreter,1
interpretive,1
interracial,1
interracially,1
interradialis,1
interred,1
interreflection,1
interregnum,1
interrelated,1
interrelatedness,1
interrelation,1
interrelationship,1
interrogate,1
interrogation,1
interrogatively,1
interscholastic,1
interschool,1
intersectant,1
intersectionality,1
intersexual,1
interspecies,1
interspecific,1
interspersal,1
interspersion,1
interstate,1
interstellar,1
interstitial,1
interstocks,1
interstratify,1
intertidal,1
intertribal,1
intertrigo,1
interventions,1
intervertebral,1
interviews,1
interweave,1
interwoven,1
intestacy,1
intestate,1
intestinal,1
inti,1
intifada,1
intifadah,1
intimal,1
intimately,1
intoeing,1
intolerable,1
intolerably,1
intolerant,1
intolerantly,1
intonate,1
intone,1
intoned,1
intoxicant,1
intracellular,1
intracerebral,1
intracranial,1
intractability,1
intractable,1
intractableness,1
intractably,1
intracutaneous,1
intradepartmental,1
intradermal,1
intradermally,1
intradermic,1
intrados,1
intragroup,1
intralinguistic,1
intralobular,1
intramolecular,1
intramural,1
intramuscular,1
intramuscularly,1
intransigence,1
intransigency,1
intransigent,1
intransitively,1
intransitiveness,1
intransitivise,1
intransitivity,1
intransitivize,1
intrapulmonary,1
intrasentential,1
intrasonic,1
intraspecies,1
intraspecific,1
intrastate,1
intrauterine,1
intravasation,1
intravenous,1
intravenously,1
intraventricular,1
intrench,1
intrepid,1
intrepidity,1
intrepidly,1
intricacy,1
intricate,1
intricately,1
intriguing,1
intrinsic,1
intrinsical,1
intrinsically,1
intro,1
introductoriness,1
introgression,1
introit,1
introjected,1
introjection,1
intromission,1
intromit,1
introns,1
introspect,1
introspection,1
introspectionism,1
introspective,1
introspectiveness,1
introuvable,1
introversive,1
introvertish,1
introvertive,1
intruding,1
intrusive,1
intrusiveness,1
intrust,1
intsia,1
intubate,1
intubation,1
intuit,1
intuitionism,1
intuitionist,1
intuitive,1
intuitively,1
intumescent,1
intussuscept,1
inula,1
inulin,1
inunct,1
inunction,1
inundated,1
inuoumono,1
inure,1
inured,1
inutile,1
inutility,1
invaginate,1
invalidism,1
invalidity,1
invalidness,1
invaluable,1
invaluableness,1
invariability,1
invariableness,1
invariably,1
invariance,1
invasive,1
invasiveness,1
invective,1
inveigh,1
inveigle,1
inventive,1
inventively,1
inventiveness,1
inventorying,1
inversely,1
invertible,1
investigative,1
investigatory,1
invidia,1
invidious,1
invidiously,1
invigilate,1
invigilation,1
invigorated,1
invigorating,1
invincibility,1
invincible,1
invincibly,1
inviolable,1
inviolate,1
invisibility,1
invisibleness,1
invisibly,1
invitational,1
invitatory,1
invitingly,1
involucrate,1
involucrum,1
involuntarily,1
involuntariness,1
inwardly,1
inwards,1
inweave,1
inwintering,1
inwrought,1
iodamoeba,1
iodates,1
iodides,1
iodinate,1
iodinated,1
iodinating,1
iodination,1
iodine,1
iodised,1
iodized,1
iodoform,1
iodophors,1
iodosulfuron,1
ionate,1
ionian,1
ionise,1
ionised,1
ionize,1
ionized,1
ionocyte,1
ionophores,1
ionophoresis,1
iontophoresis,1
iontotherapy,1
iop,1
iou,1
ioway,1
ioxynil,1
ip,1
ipfencarbazone,1
ipnopidae,1
ipo,1
ipomoea,1
ipomopsis,1
iprodione,1
ips,1
ipsedixitism,1
ipsilateral,1
ipsus,1
ipu,1
iq,1
iraki,1
iraq,1
iraqi,1
irascibility,1
irascible,1
irate,1
irately,1
ireful,1
ireland,1
irenic,1
iridaceae,1
iridaceous,1
iridectomy,1
iridesce,1
iridescence,1
iridic,1
iridium,1
iridoblast,1
iridodonesis,1
iridoids,1
iridokeratitis,1
iridomyrmex,1
iridoncus,1
iridophore,1
iridotomy,1
iridoviridae,1
iridovirus,1
iritic,1
irk,1
irksome,1
ironclad,1
ironic,1
ironical,1
ironically,1
ironlike,1
ironshod,1
ironstone,1
iroquoian,1
iroquois,1
irradiancia,1
irradiância,1
irradianza,1
irradiated,1
irrationality,1
irrationally,1
irreality,1
irreclaimable,1
irreconcilable,1
irrecoverable,1
irredeemable,1
irredentism,1
irreducible,1
irrefutable,1
irregardless,1
irregularly,1
irrelevance,1
irrelevancy,1
irrelevantly,1
irreligion,1
irreligious,1
irreligiousness,1
irremediable,1
irremovability,1
irremovable,1
irreparable,1
irreparably,1
irreplaceable,1
irreplaceableness,1
irrepressibility,1
irrepressible,1
irreproachable,1
irreproachably,1
irreproducibility,1
irreproducible,1
irresistibility,1
irresistible,1
irresistibleness,1
irresistibly,1
irresolute,1
irresolutely,1
irresoluteness,1
irrespective,1
irresponsibility,1
irresponsible,1
irresponsibleness,1
irresponsibly,1
irretrievable,1
irretrievably,1
irreverent,1
irreverently,1
irreversibility,1
irreversibly,1
irrevocability,1
irrevocable,1
irrevocably,1
irrevokable,1
irridentism,1
irritable,1
irritably,1
irritant,1
irritated,1
irritating,1
irritatingly,1
irritative,1
irruptive,1
irula,1
irvingia,1
irvingiaceae,1
iryanthera,1
iş,1
isaiah,1
isander,1
isaria,1
isatis,1
isavirus,1
ischaemic,1
ischaemum,1
ischemia,1
ischemic,1
ischnocera,1
ischnochitonidae,1
ischnopsyllidae,1
iseilema,1
isentropenexponent,1
isentropic,1
isidae,1
isinglass,1
isipadu,1
islam,1
islamic,1
islamise,1
islamism,1
islamize,1
islamophobia,1
ism,1
ismaili,1
ismailism,1
isoagglutination,1
isoamylase,1
isobilateral,1
isochronal,1
isochronism,1
isochronous,1
isoclinal,1
isoclinic,1
isocyclic,1
isoenzymes,1
isofenphos,1
isoflavones,1
isogamy,1
isognomonidae,1
isogon,1
isogonic,1
isolable,1
isolationism,1
isolationist,1
isolationistic,1
isolectotypes,1
isoleucine,1
isoleucinuria,1
isomaltose,1
isomerases,1
isomeric,1
isomerisation,1
isomerise,1
isomerize,1
isometrics,1
isometropia,1
isomorphic,1
isomorphous,1
isomorphy,1
isoniazid,1
isopoda,1
isopoliteia,1
isoprene,1
isoprenoid,1
isoprenoids,1
isoproturon,1
isoptera,1
isopteran,1
isosceles,1
isosmotic,1
isospora,1
isostasy,1
isosyllabism,1
isotelie,1
isothenuria,1
isothermal,1
isothermic,1
isotopic,1
isotricha,1
isotropic,1
isotropically,1
isotropous,1
isotypes,1
isoxaben,1
isoxadifen,1
isoxaflutole,1
israel,1
israeli,1
issidae,1
issuance,1
issus,1
isthmian,1
isthmus,1
istiophoridae,1
isurus,1
italianness,1
italicise,1
italicize,1
italy,1
itchiness,1
itchy,1
itemisation,1
itemise,1
itemization,1
itemize,1
itinerant,1
itinerate,1
itineration,1
itótele,1
itto,1
iucn,1
iufro,1
ivermectin,1
ivied,1
ivme,1
ivp,1
ivry,1
iw,1
iwo,1
ixc,1
ixia,1
ixioliriaceae,1
ixl,1
ixodes,1
ixodidae,1
ixophorus,1
ixora,1
iyá,1
iyar,1
iyyar,1
izzard,1
jabbering,1
jabberwocky,1
jacaranda,1
jackfruit,1
jacklight,1
jackpot,1
jackrabbit,1
jacks,1
jacksonian,1
jackstones,1
jackstraws,1
jacobean,1
jacobinic,1
jacobinical,1
jacobinism,1
jacquinotia,1
jactation,1
jactitate,1
jaculus,1
jadagan,1
jagatai,1
jagdrecht,1
jaggedly,1
jaggedness,1
jaggery,1
jaggy,1
jaghatai,1
jaguars,1
jailbreak,1
jain,1
jainism,1
jainist,1
jalisco,1
jamaica,1
jamaican,1
jamboree,1
jamesian,1
jampack,1
jan,1
janggu,1
jangi,1
jangling,1
jangly,1
jansenism,1
jantar,1
january,1
janzi,1
jape,1
japery,1
japorn,1
jarak,1
jarful,1
jargon,1
jarringly,1
jasminum,1
jasmonates,1
jass,1
jasus,1
jatropha,1
jauntily,1
jauntiness,1
jaunty,1
jauram,1
javan,1
javelin,1
jawbreaker,1
jawless,1
jaywalk,1
jazzophone,1
jazzy,1
jealously,1
jeeringly,1
jeffersonian,1
jegog,1
jehad,1
jejune,1
jejunely,1
jejunity,1
jejunoileitis,1
jejunostomy,1
jell,1
jelled,1
jellify,1
jellylike,1
jena,1
jeok,1
jeopardise,1
jeopardy,1
jereed,1
jeremiad,1
jeremiah,1
jerkily,1
jerkiness,1
jerkwater,1
jerky,1
jersey,1
jessenia,1
jesting,1
jestingly,1
jesuit,1
jesuitic,1
jesuitical,1
jesuitism,1
jesuitry,1
jeth,1
jetigen,1
jetsprint,1
jewellery,1
jewish,1
jewishness,1
jhallari,1
jharkhand,1
jhyali,1
jhyamta,1
jiangsu,1
jiangu,1
jiangxi,1
jiao,1
jiaohu,1
jiegu,1
jiffy,1
jigg,1
jiggered,1
jigging,1
jihad,1
jihadi,1
jilin,1
jillion,1
jilt,1
jilted,1
jing,1
jinghpaw,1
jinghpo,1
jinghu,1
jingling,1
jingly,1
jingo,1
jingoistic,1
jinks,1
jinxed,1
jirba,1
jirrbal,1
jisim,1
jitter,1
jitteriness,1
jittering,1
jitters,1
jiujitsu,1
jnd,1
jobbery,1
jobless,1
jocose,1
jocosely,1
jocoseness,1
jocund,1
jocundity,1
jōdō,1
joel,1
john,1
joinery,1
jointly,1
jojoba,1
joker,1
jokingly,1
jollification,1
jollify,1
jolliness,1
jollity,1
jolty,1
jonah,1
jordan,1
jordanian,1
jorkyball,1
jorum,1
josh,1
joshua,1
jostling,1
josue,1
jotter,1
jotting,1
jouhikko,1
journalese,1
journalistic,1
journalistically,1
jovial,1
jovially,1
jovian,1
jowly,1
joyful,1
joyfully,1
joyfulness,1
joyless,1
joylessly,1
joylessness,1
joyous,1
joyously,1
joyousness,1
jr.,1
jubilance,1
jubilancy,1
jubilant,1
jubilantly,1
jubilee,1
jublag,1
judaic,1
judaical,1
judaism,1
judder,1
jude,1
judgeship,1
judicable,1
judicature,1
judicially,1
judicious,1
judiciously,1
judith,1
jugendstrafvollzugsgesetz,1
jugful,1
jugger,1
jugglery,1
juggling,1
juglandaceae,1
juglandales,1
juglans,1
juiceless,1
juicy,1
jujitsu,1
juju,1
jujutsu,1
jujuy,1
juke,1
juldarigi,1
julian,1
julienne,1
july,1
jumbled,1
jumentous,1
jumper,1
jumpiness,1
jumpy,1
juncaceae,1
juncus,1
june,1
junggeum,1
jungian,1
jungly,1
juniperus,1
junjung,1
junketeer,1
junketing,1
junoesque,1
jural,1
juridic,1
juridical,1
jurisdictional,1
jurisprudence,1
jurisprudential,1
jurisprudentially,1
juristic,1
justicia,1
justifiable,1
justifiably,1
justificative,1
justificatory,1
justifiedly,1
justly,1
justness,1
jutish,1
jutland,1
juvenescence,1
juxtapose,1
juxtaposed,1
juxtaposition,1
jwago,1
jyaistha,1
k.e.,1
k'jom,1
k’shots,1
ka'eke'eke,1
kabaddi,1
kabasaran,1
kabatiella,1
kabatina,1
kabbalistic,1
kabinetorgels,1
kabosy,1
kacapi,1
kachin,1
kachinic,1
kaco,1
kadai,1
kaempferia,1
kaempferol,1
kafiri,1
kagul,1
kagura,1
kagurabue,1
kailao,1
kainogenesis,1
kairomones,1
kaisa,1
kakaki,1
kaki,1
kakko,1
kakothrips,1
kalaleng,1
kalanchoe,1
kalangba,1
kalangu,1
kalapooian,1
kalapuyan,1
kalari,1
kale,1
kaleidoscope,1
kaleidoscopic,1
kaleidoscopical,1
kalemia,1
kales,1
kali,1
kalimantan,1
kalimba,1
kalindula,1
kaliuresis,1
kalka,1
kallymeniaceae,1
kalmia,1
kalotermes,1
kalotermitidae,1
kalumbu,1
kaluresis,1
kalyuka,1
kamaica,1
kamancheh,1
kamarupan,1
kamasutra,1
kamayacha,1
kamba,1
kamia,1
kamizumo,1
kampana,1
kampimodromus,1
kampuchean,1
kanamycin,1
kanarese,1
kanászkürt,1
kandel,1
kāndla,1
kane,1
kangling,1
kanjira,1
kankangui,1
kanklės,1
kankobela,1
kannada,1
kannel,1
kansa,1
kanshō,1
kantele,1
kantian,1
kanun,1
kaolin,1
kaolinite,1
kapeika,1
kaph,1
kapok,1
kappa,1
kapsiki,1
kaput,1
karakalpak,1
karakucak,1
karamuza,1
karaniing,1
karantouzeni,1
karaoke,1
karat,1
karatalas,1
karate,1
karawasi,1
karelian,1
karen,1
karenic,1
karinding,1
kärjennoukka,1
karkm,1
karma,1
karnal,1
karnataka,1
karok,1
karst,1
kartal,1
kartik,1
karttika,1
karutsapilli,1
karyenda,1
karyogamy,1
karyokinesis,1
karyokinetic,1
karyology,1
karyolysis,1
karyotypes,1
kasagake,1
kashaka,1
kaşik,1
kassite,1
kastanozems,1
katabatic,1
katabolism,1
katamorphism,1
katari,1
katharevusa,1
katharobic,1
katharsis,1
kati,1
kato,1
katsa,1
katsuwonus,1
kattegat,1
kaval,1
kavalierbariton,1
kawala,1
kawina,1
kawinadron,1
kayagum,1
kayak,1
kayamb,1
kayoed,1
kaza,1
kazak,1
kazakh,1
kazakhstan,1
kazakhstani,1
kazoo,1
kbit,1
kc,1
kebero,1
kecer,1
kechua,1
kecrek,1
keenly,1
kefir,1
keg,1
kegel,1
kegful,1
keho,1
kei,1
keiferia,1
keirin,1
keissleriella,1
kekchi,1
keloid,1
keloids,1
kelt,1
kelter,1
keluasan,1
keluri,1
kemanak,1
kemane,1
kemari,1
kemenche,1
kempli,1
kempt,1
kempul,1
kempyang,1
ken,1
kèn,1
kena,1
kenaf,1
kendang,1
kendara,1
kendo,1
kene,1
kennel,1
kennels,1
kenning,1
keno,1
kenogenesis,1
kenong,1
kenosis,1
kenshibu,1
kentish,1
kentucky,1
kenya,1
kenyan,1
kenyen,1
kepenyinaran,1
kepyak,1
kera,1
kerala,1
kerang/kakaki,1
keratalgia,1
keratan,1
keratectasia,1
keratin,1
keratinisation,1
keratinise,1
keratinize,1
keratinocyte,1
keratinomyces,1
keratocele,1
keratocyte,1
keratoderma,1
keratodermia,1
keratoglobus,1
keratoiritis,1
keratomalacia,1
keratomycosis,1
keratonosis,1
keratonosus,1
keratoplasty,1
keratoscleritis,1
keratoscopy,1
keratotomy,1
kerfuffle,1
kerja,1
kerma,1
kermania,1
kermes,1
kermesidae,1
kern,1
kernel,1
kernels,1
kerriidae,1
kerugma,1
kerygma,1
kesi,1
ketamine,1
ketchups,1
kethuk,1
ketinggian,1
ketipung,1
ketoaciduria,1
ketogenesis,1
ketolysis,1
ketonaemia,1
ketone,1
ketonemia,1
ketones,1
ketoses,1
kettleful,1
ketubim,1
ketuvim,1
keycard,1
keyless,1
keynesian,1
keynesianism,1
keystone,1
keystroke,1
keytar,1
kf1,1
kg,1
khaki,1
khalka,1
khalkha,1
khamak,1
khamsin,1
khamti,1
khanate,1
khanjani,1
khanty,1
khartal,1
khattak,1
khaya,1
khene,1
khi,1
khim,1
khin,1
khirghiz,1
khloy,1
khlui,1
khmer,1
khoikhoi,1
khoikhoin,1
khoisan,1
khol,1
kholi,1
khonkhota,1
khorumi,1
khoum,1
khowar,1
khromka,1
khuen,1
khuresh,1
khushtar,1
khuskia,1
khutang,1
khuuchir,1
khz,1
ki,1
kib,1
kibbitz,1
kibbutzim,1
kibe,1
kibibit,1
kibibyte,1
kibit,1
kibitz,1
kiboe,1
kibosh,1
kichaga,1
kickapoo,1
kickback,1
kickboxing,1
kicktennis,1
kidnap,1
kidnapping,1
kiiking,1
kilderkin,1
kiliningan,1
kiliwa,1
kiliwi,1
killable,1
killingly,1
kilning,1
kilobit,1
kilobyte,1
kilocalorie,1
kilocycle,1
kilogram,1
kilohertz,1
kiloliter,1
kilolitre,1
kilometer,1
kilometrage,1
kilometre,1
kiloton,1
kilovolt,1
kilowatt,1
kilter,1
kimbumba,1
kimchi,1
kina,1
kinaesthesia,1
kinaesthesis,1
kinaesthetic,1
kinaesthetically,1
kinanesthesia,1
kinases,1
kinda,1
kindergarten,1
kindhearted,1
kindheartedness,1
kindliness,1
kindred,1
kinesiology,1
kinesiophobia,1
kinesthesia,1
kinesthesis,1
kinesthetic,1
kinesthetically,1
kinesthetics,1
kinetin,1
kinetoplastida,1
kinetosis,1
kinglike,1
kingly,1
kingmackerel,1
kingri,1
kingship,1
kinins,1
kinked,1
kinky,1
kinnor,1
kinomutay,1
kinos,1
kinosternidae,1
kinship,1
kinyarwanda,1
kiowa,1
kiplingesque,1
kipura,1
kirghiz,1
kirgiz,1
kirib,1
kiribati,1
kirikaeshi,1
kirikoketa,1
kiringi,1
kisanji,1
kislev,1
kismat,1
kismet,1
kissar,1
kiswahili,1
kitefoiling,1
kithara,1
kitschy,1
kittee,1
kitten,1
kittenish,1
kittens,1
kittle,1
kitty,1
kiwido,1
kiwifruits,1
kkwaenggwari,1
klabatė,1
klammern,1
klangstuhl,1
klaxon,1
klaxophone,1
klazomania,1
klebsiella,1
klepperlehölzer,1
kleptomania,1
klick,1
klingsor,1
klockor,1
klopotec,1
klossiella,1
kluning,1
kluyveromyces,1
km,1
km/h,1
km/s,1
knack,1
knackered,1
knap,1
knavery,1
knavish,1
knavishly,1
knead,1
kneading,1
kneecap,1
knemidokoptes,1
knemidokoptidae,1
kneriidae,1
knifelike,1
knightliness,1
knightly,1
kniphofia,1
knobbled,1
knobbly,1
knobby,1
knockabout,1
knokwane,1
knottiness,1
knotty,1
knowable,1
knowingly,1
knowingness,1
knowledgeability,1
knowledgeable,1
knowledgeableness,1
knuckleball,1
knucklebones,1
knuckler,1
ko,1
ko'd,1
koan,1
koasati,1
kōauau,1
kobo,1
kobyz,1
kobza,1
kochia,1
kodokan,1
koeleria,1
koelreuteria,1
kogia,1
kogiidae,1
kohlrabi,1
kokh,1
kokiriko,1
kokka,1
kokle,1
kokowa,1
kokuji,1
kokyū,1
kola,1
kolami,1
koleroga,1
kolintang,1
kolitong,1
kologo,1
koluchstyle,1
komabue,1
kombu,1
kombucha,1
komi,1
komo,1
kompang,1
komuz,1
koncovka,1
kongahyan,1
konghou,1
kongo,1
koniocortex,1
konqueror,1
kontigi,1
konting,1
kontra,1
kookie,1
kooky,1
kopeck,1
kopek,1
kopiyka,1
kor,1
kora,1
koran,1
koranic,1
korbball,1
kordofanian,1
korfball,1
kormchaia,1
korrika,1
kortebaanschaatsen,1
kortholt,1
koruna,1
kos,1
kōsatsu,1
kosher,1
kosherness,1
koshnay,1
koshti,1
kosrae,1
kota,1
kōtaishiki,1
kotamo,1
kotar,1
koto,1
kotoko,1
kotsuzumi,1
koudi,1
koumiss,1
kouxian,1
koza,1
kozak,1
kozobas,1
kpanlogo,1
kph,1
krachtbal,1
kraemeriidae,1
kraft,1
krakebs,1
krap,1
krar,1
kraurosis,1
kraussaria,1
kreisfrequenz,1
kreisrepetenz,1
krekhts,1
krem,1
kreuzjass,1
krez,1
kriging,1
krishnaism,1
krolf,1
krona,1
krone,1
kronum,1
kroon,1
krulbol,1
krypton,1
kt,1
kuan,1
kuasa,1
kubing,1
kuchean,1
kūchō,1
kudos,1
kuehneromyces,1
kugo,1
kuhliidae,1
kuhlohorn,1
kui,1
kuisi,1
kuki,1
kukkuma,1
kulanapan,1
kulibit,1
kulintang,1
kumoterki,1
kumquats,1
kumuz,1
kundu,1
kunimi,1
kuningaspallo,1
kuninkuusravit,1
kunstharmonium,1
kurash,1
kuroshio,1
kurtidae,1
kuru,1
kurus,1
kurux,1
kus,1
kusan,1
kusle,1
kutiro,1
kutiyapi,1
kütle,1
kutuplanabilirlik,1
kuvi,1
kuvvet,1
kuvytsi,1
kuwait,1
kuwaiti,1
kuzen,1
kuzhal,1
kv,1
kvieslė,1
kw,1
kwa,1
kwacha,1
kwai,1
kwajalein,1
kwakiutl,1
kwanzaa,1
kwela,1
kwitra,1
kyam,1
kyat,1
kyin,1
kyizi,1
kyobanggo,1
kyōtei,1
kyphoscoliosis,1
kyphosidae,1
kyphotic,1
kyrgyzstan,1
kyrgyzstani,1
kyūdō,1
l2,1
la,1
labanotation,1
labeo,1
labialise,1
labialize,1
labiate,1
labidesthes,1
labidura,1
labiduridae,1
labile,1
labiodental,1
lablab,1
laboratories,1
laborious,1
laboriously,1
laboriousness,1
laborsaving,1
laboured,1
labouring,1
laboursaving,1
labridae,1
labrisomidae,1
labrosones,1
labrus,1
labyrinthian,1
labyrinthitis,1
lac,1
lacanobia,1
laccaria,1
laccase,1
laced,1
lacelike,1
lacerated,1
lacertidae,1
lacertilian,1
lachnellula,1
lachnidae,1
lachnolaimus,1
lachnus,1
lachrymal,1
lachrymation,1
lachrymatory,1
lachrymose,1
lacing,1
laciniate,1
lackadaisical,1
lackadaisically,1
lackluster,1
lacklustre,1
laconic,1
laconically,1
laconicism,1
laconism,1
lacquer,1
lacrimal,1
lacrimation,1
lacrimatory,1
lactalbumin,1
lactariidae,1
lactarius,1
lactase,1
lactate,1
lactates,1
lactating,1
lactic,1
lacticaciduria,1
lactitol,1
lactobacillaceae,1
lactobacillales,1
lactobacillus,1
lactococcus,1
lactocyte,1
lactoferrin,1
lactogenic,1
lactoglobulins,1
lactones,1
lactoperoxidase,1
lactose,1
lactosuria,1
lactotransferrin,1
lactuca,1
lactulose,1
lacustrine,1
lacy,1
lade,1
ladened,1
ladin,1
ladino,1
ladle,1
ladylike,1
ladylikeness,1
ladyship,1
laelapidae,1
laetia,1
laetiporus,1
laetisaria,1
lagenaria,1
lagenidiales,1
lagenidium,1
lagenodelphis,1
lagenorhynchus,1
lagerstroemia,1
laggard,1
laggutu,1
lagniappe,1
lagodon,1
lagomorphs,1
lagopus,1
lagria,1
lagriidae,1
lah,1
lahar,1
lahu,1
lahuta,1
laia,1
laic,1
laicise,1
laicize,1
lak,1
lakh,1
lakita,1
lali,1
lallans,1
lallygag,1
lama,1
lamaism,1
lamarckian,1
lamarckism,1
lambda,1
lambdacism,1
lambency,1
lambent,1
lambert,1
lambliasis,1
lamblike,1
lamedh,1
lamellibranch,1
lamellophone,1
lamely,1
lamentable,1
lamentably,1
lamentations,1
lamented,1
lamenting,1
lamiaceae,1
lamiales,1
lamina,1
laminal,1
laminaria,1
laminariaceae,1
laminates,1
lamination,1
laminectomy,1
lamium,1
lammas,1
lammastide,1
lamna,1
lamnidae,1
lamniformes,1
lampetra,1
lampides,1
lamplight,1
lamplit,1
lampridae,1
lampridoidei,1
lampriformes,1
lampris,1
lamprosema,1
lamzdeliai,1
lanate,1
lancastrian,1
lancelike,1
lancers,1
lancinate,1
lancinating,1
landfall,1
landforms,1
landholding,1
landless,1
landlessness,1
landlocked,1
landlubberly,1
landolphia,1
landowners,1
landraces,1
landrecht,1
landsat,1
landslip,1
landsmaal,1
landsmal,1
landward,1
landwards,1
länge,1
langeleik,1
langley,1
langside,1
langspil,1
languid,1
languidly,1
languorous,1
languorously,1
laniary,1
lank,1
lankesterella,1
lankiness,1
lanky,1
lanoline,1
lansium,1
länsiväyläjuoksu,1
lantana,1
lanthanides,1
lanthanum,1
laodelphax,1
laotian,1
laouto,1
laparocele,1
lapful,1
lapidarian,1
lapidary,1
lapidate,1
lapidation,1
lapidify,1
lapillus,1
lapp,1
lappic,1
lappish,1
lapsed,1
lapsing,1
laputa,1
lara,1
larboard,1
larcenous,1
larceny,1
larchemi,1
lardizabalaceae,1
largely,1
largeur,1
larghezza,1
larghissimo,1
largish,1
largura,1
lari,1
laridae,1
larinus,1
larix,1
larn,1
larrea,1
larrup,1
laruan,1
larvicides,1
larviculture,1
laryngeal,1
laryngectomy,1
laryngismus,1
laryngomalacia,1
laryngopharyngeal,1
laryngopharyngitis,1
laryngostenosis,1
laryngotracheitis,1
laryngotracheobronchitis,1
laryngotracheomalacia,1
lasalocid,1
lasca,1
lascivious,1
lasciviously,1
lasciviousness,1
lasek,1
lasers,1
lashings,1
lasik,1
lasiocampidae,1
lasioderma,1
lasioglossum,1
lasioptera,1
lasiurus,1
lasius,1
lasso,1
lastingly,1
lastingness,1
lastly,1
lateen,1
lately,1
lateness,1
lateolabrax,1
lateralisation,1
lateralization,1
lateralize,1
lateralized,1
laterally,1
laternulidae,1
lateroobronchus,1
lateropterygium,1
lates,1
latewood,1
latex,1
låtfiol,1
lathery,1
latheticus,1
lathlike,1
lathraea,1
lathyrism,1
lathyrus,1
latifundium,1
latimeria,1
latimeriidae,1
latinate,1
latinesce,1
latinism,1
latino,1
latish,1
latitudinal,1
latitudinarian,1
latium,1
latoia,1
latria,1
latridae,1
latrodectus,1
lats,1
latterly,1
latticed,1
latticelike,1
latvia,1
latvianness,1
lau,1
laud,1
laúd,1
laudability,1
laudable,1
laudableness,1
laudably,1
laudatory,1
laughable,1
laughably,1
laugher,1
laughingly,1
laundering,1
launeddas,1
lauraceae,1
laurales,1
laurasiatheria,1
laureate,1
laureled,1
lauridromia,1
laurus,1
lausatök,1
lautenwerck,1
lavabo,1
lavage,1
lavandula,1
lavash,1
lavation,1
läveri,1
lävikkö,1
lavishly,1
lavoro,1
lavta,1
lawfully,1
lawfulness,1
lawle,1
lawless,1
lawlessly,1
lawmaking,1
lawsuit,1
lax,1
laxative,1
laxatives,1
laxly,1
laxoa,1
layoff,1
layover,1
layup,1
laze,1
lazily,1
lazuline,1
lb,1
lbf.,1
lcm,1
le,1
lé,1
lea,1
leachates,1
leadless,1
leadpipe,1
leafless,1
leaflet,1
leaflike,1
leafy,1
leakage,1
leakiness,1
leakproof,1
leaky,1
leal,1
leanness,1
learnedly,1
learnedness,1
leased,1
leasehold,1
leaseholds,1
leases,1
leastways,1
leastwise,1
leatherlike,1
leathery,1
leavened,1
leavening,1
lebanese,1
lebanon,1
lebar,1
lebensraum,1
lebiasinidae,1
lecanora,1
lecanorales,1
leccinum,1
lecherous,1
lecherousness,1
lechery,1
lecithins,1
lectins,1
lectotypes,1
lectures,1
lectureship,1
lecturing,1
lecythidaceae,1
lecythis,1
lede,1
ledger,1
lee,1
leechlike,1
leeks,1
leering,1
leersia,1
leery,1
lees,1
leftfield,1
leftish,1
leftism,1
leftist,1
leftmost,1
legalese,1
legalisation,1
legalise,1
legalism,1
legalization,1
legalize,1
legally,1
legateship,1
legation,1
legendary,1
leger,1
legerdemain,1
legerity,1
legged,1
leggy,1
leghaemoglobin,1
legibility,1
legibly,1
legion,1
legionella,1
legislate,1
legislating,1
legislative,1
legislatively,1
legislatorship,1
legitimately,1
legitimation,1
legitimatise,1
legitimatize,1
legitimise,1
legitimize,1
legless,1
leglike,1
legumin,1
leguminivora,1
leguminous,1
legwegwe,1
leibnitzian,1
leibnizian,1
leiognathidae,1
leiomyoma,1
leiqin,1
leishmania,1
leishmaniasis,1
leistung,1
leistungsfaktor,1
leisured,1
leisureliness,1
leitmotif,1
leitmotiv,1
lek,1
lema,1
lemmings,1
lemna,1
lemniscate,1
lemonlike,1
lemony,1
lempira,1
lenacil,1
lendable,1
lengthily,1
lengthiness,1
lengthy,1
leniently,1
lenify,1
leninism,1
lenitive,1
lenity,1
lenten,1
lententide,1
lentibulariaceae,1
lentic,1
lenticels,1
lenticonus,1
lenticular,1
lentiform,1
lentiginose,1
lentiginous,1
lentiglobus,1
lentinula,1
lentinus,1
lentissimo,1
lentivirus,1
lenzites,1
leona,1
leonardesque,1
leonardite,1
leone,1
leonine,1
leontice,1
leontodon,1
leontopodium,1
lepadidae,1
lepanto,1
lepas,1
lepenelauta,1
lepeophtheirus,1
lepidiota,1
lepidium,1
lepidogalaxiidae,1
lepidophagy,1
lepidophobia,1
lepidopterology,1
lepidoptery,1
lepidopus,1
lepidosaphes,1
lepidosauria,1
lepidosirenidae,1
lepidosireniformes,1
lepidote,1
lepidoteuthidae,1
lepidotrichium,1
lepidotrigla,1
lepiota,1
lepisosteiformes,1
lepista,1
lepomis,1
leporidae,1
leporipoxvirus,1
leppätorvi,1
leprose,1
leprous,1
leptin,1
leptinotarsa,1
leptobarbus,1
leptobramidae,1
leptocardii,1
leptocephali,1
leptochariidae,1
leptochilichthyidae,1
leptochloa,1
leptoconops,1
leptocorisa,1
leptocottus,1
leptodactylidae,1
leptoglossus,1
leptographium,1
leptomastix,1
leptomeningitis,1
leptomeninx,1
leptophos,1
leptopilina,1
leptopsyllidae,1
leptorhine,1
leptorrhine,1
leptorrhinian,1
leptorrhinic,1
leptoscopidae,1
leptosols,1
leptosphaeria,1
leptosphaerulina,1
leptospira,1
leptosporangiate,1
leptotene,1
leptothrium,1
leptotrochila,1
leptotrombidium,1
lepus,1
leresis,1
leropilli,1
lesbian,1
lesbianism,1
lesiba,1
lesioned,1
lesotho,1
lespedeza,1
lessoniaceae,1
letdown,1
lethal,1
lethality,1
lethargically,1
lethrinidae,1
lethrinus,1
lettercard,1
letterhead,1
letterpress,1
lettish,1
letup,1
leu,1
leucaemia,1
leucaena,1
leucaspis,1
leucine,1
leucinodes,1
leucinuria,1
leuciscus,1
leucism,1
leucocytosis,1
leucocytozoon,1
leucojum,1
leuconostoc,1
leuconostocaceae,1
leucopenia,1
leucopholis,1
leucoplasts,1
leucoptera,1
leucospermum,1
leucospidae,1
leucostoma,1
leucotomy,1
leuctra,1
leukocoria,1
leukocyte,1
leukocytes,1
leukocytosis,1
leukoderma,1
leukodystrophy,1
leukoencephalitis,1
leukoencephalomalacia,1
leukoencephalopathy,1
leukoma,1
leukonychia,1
leukopoiesis,1
leukosialin,1
leukosis,1
leukotomy,1
leukotrienes,1
leuresthes,1
leutino,1
lev,1
levamisole,1
levant,1
levanter,1
levantine,1
leveillula,1
levelheaded,1
levelheadedness,1
levelness,1
leveraging,1
levies,1
levirate,1
levitate,1
levitical,1
leviticus,1
levorotary,1
levorotation,1
levorotatory,1
lewdly,1
lewdness,1
lewisia,1
lex,1
lexeme,1
lexical,1
lexicalisation,1
lexicalise,1
lexicalised,1
lexicalization,1
lexicalize,1
lexicalized,1
lexically,1
lexicographic,1
lexicographical,1
lexicography,1
lexicology,1
lexicostatistic,1
lexicostatistics,1
lexington,1
lexis,1
leymus,1
leys,1
leyte,1
lf,1
lgv,1
lh,1
liable,1
liaise,1
liaoning,1
liatris,1
libation,1
libellous,1
libelous,1
liberal,1
liberalisation,1
liberalise,1
liberalism,1
liberalistic,1
liberalization,1
liberalize,1
liberally,1
liberation,1
liberia,1
liberian,1
liberibacter,1
libertarianism,1
libertine,1
libertinism,1
libidinal,1
libidinous,1
libocedrus,1
librarians,1
librarianship,1
libration,1
libretto,1
libya,1
libyan,1
licenced,1
licences,1
licentious,1
licentiously,1
lichenification,1
lichtgeschwindigkeit,1
lichtstärke,1
lichtstrom,1
licit,1
licitly,1
licitness,1
licked,1
lidar,1
lidded,1
lidless,1
lidocaine,1
liechtenstein,1
liechtensteiner,1
lief,1
liege,1
lienal,1
lieu,1
lieutenancy,1
lifeblood,1
lifeboats,1
lifehack,1
lifeless,1
lifelessly,1
lifelike,1
lifelong,1
lifesaving,1
lifesize,1
lifespan,1
lifestyle,1
lifetime,1
lifework,1
lifo,1
liftoff,1
ligament,1
ligamentous,1
ligaments,1
ligands,1
ligases,1
ligation,1
lightheaded,1
lighthearted,1
lightheartedness,1
lighthouses,1
lightless,1
lightlessness,1
lightly,1
lightproof,1
lightships,1
lightsome,1
lightsomely,1
lightweight,1
lignans,1
ligne,1
lignification,1
lignify,1
lignins,1
lignite,1
lignocellulose,1
liguria,1
ligustrum,1
lii,1
liii,1
lijerica,1
likable,1
likeable,1
likelihood,1
likeliness,1
liken,1
likeness,1
likening,1
likewise,1
likuta,1
lilangeni,1
liliaceae,1
liliaceous,1
liliales,1
liliopsida,1
lilium,1
lilliput,1
lilting,1
limaciform,1
limacine,1
limacodidae,1
limacoid,1
limanda,1
limbe,1
limbed,1
limbic,1
limbless,1
limelight,1
limen,1
limequats,1
limerick,1
limidae,1
limitedly,1
limitedness,1
limitless,1
limitlessness,1
limn,1
limnanthaceae,1
limnanthes,1
limnological,1
limnologically,1
limnologists,1
limnothrissa,1
limonene,1
limonin,1
limonium,1
limonius,1
limopsidae,1
limothrips,1
limousin,1
limpid,1
limpidity,1
limpidly,1
limply,1
limpness,1
limulidae,1
limulus,1
linaceae,1
linalool,1
linamarin,1
linao,1
linchpin,1
lincolnesque,1
lincolnian,1
lincomycin,1
lindane,1
lindy,1
lineal,1
lineally,1
lineament,1
linearise,1
linearity,1
linearize,1
linearly,1
lineation,1
linebacker,1
linelike,1
lineman,1
linepithema,1
liner,1
liners,1
lineup,1
ling,1
lingam,1
lingeringly,1
lingm,1
lingo,1
lingonberries,1
lingually,1
lingualumina,1
linguatula,1
linguistic,1
linguistically,1
lingulate,1
linnaean,1
linndrum,1
linnean,1
linognathus,1
linophrynidae,1
linseed,1
linum,1
linuron,1
linux,1
linyphiidae,1
liocarcinus,1
lionhearted,1
lionise,1
lionize,1
liopsetta,1
liothrips,1
lipaemia,1
lipaphis,1
lipases,1
lipectomy,1
lipedema,1
lipemia,1
lipeurus,1
lipidaemia,1
lipidemia,1
lipidosis,1
lipiduria,1
lipless,1
liplike,1
lipoatrophy,1
lipochondrodystrophy,1
lipodystrophy,1
lipogenesis,1
lipogram,1
lipogranulomatosis,1
lipoidaemia,1
lipoidemia,1
lipolysis,1
lipomatosis,1
lipomeningocele,1
lipomyelomeningocele,1
lipophilic,1
lipopolysaccharides,1
lipoprotein,1
lipoproteins,1
lipoptena,1
liposaccharide,1
liposuction,1
lipotes,1
lipotropic,1
lipoxygenase,1
lippia,1
lipread,1
lipreading,1
liquefiable,1
liquefied,1
liquescent,1
liqueurs,1
liquidambar,1
liquidation,1
liquidise,1
liquifiable,1
liquified,1
liquify,1
liquorice,1
liriodendron,1
liriomyza,1
lirone,1
liru,1
lispingly,1
lissencephaly,1
lissodelphis,1
lissom,1
lissome,1
lissomeness,1
lissorhoptrus,1
listeria,1
listeriolysin,1
listless,1
listlessly,1
listronotus,1
lisu,1
litas,1
litchi,1
litchis,1
lite,1
literalise,1
literalism,1
literalize,1
literally,1
literalness,1
literate,1
literatim,1
lithe,1
litheness,1
lithesome,1
lithiasis,1
lithic,1
lithification,1
lithium,1
lithodidae,1
lithograph,1
lithographic,1
lithology,1
lithomancy,1
lithomantic,1
lithophaga,1
lithophone,1
lithophytes,1
lithophytic,1
lithoptysis,1
lithosols,1
lithospermum,1
lithostratigraphy,1
lithotomy,1
lithuania,1
lithuresis,1
litigate,1
litigiousness,1
litomosoides,1
litotes,1
litre,1
litsea,1
littered,1
littleness,1
littoral,1
littorina,1
littorinidae,1
litungu,1
liturgical,1
liturgics,1
liturgiology,1
lituus,1
liujiaoxian,1
liuqin,1
liv,1
livable,1
liveable,1
liveborn,1
livelong,1
lively,1
liven,1
liveness,1
livenka,1
liveried,1
liverish,1
liverpudlian,1
livid,1
lividly,1
lividness,1
livika,1
livonian,1
lixisols,1
lixophaga,1
lixus,1
liza,1
llargues,1
llb,1
lld,1
llm,1
llonges,1
lm,1
loaders,1
loadstar,1
loamless,1
loamy,1
loanblend,1
loanword,1
loasaceae,1
loath,1
loathe,1
loathing,1
loathly,1
loathsome,1
loathsomeness,1
lobar,1
lobated,1
lobby,1
lobbying,1
lobbyism,1
lobectomy,1
lobelia,1
lobeliaceous,1
lobesia,1
lobotidae,1
lobotomy,1
lobular,1
lobularity,1
lobulated,1
lobule,1
localised,1
localist,1
locally,1
localness,1
locative,1
loci,1
lockdown,1
lockjaw,1
lockout,1
locksport,1
lockstep,1
lockup,1
loco,1
locoism,1
locomote,1
locomotive,1
locomotor,1
locusta,1
locustana,1
locution,1
lode,1
lodestar,1
lodgement,1
lodgment,1
lodoicea,1
loess,1
loftily,1
loftiness,1
lofty,1
logagraphia,1
loganberries,1
loganiaceae,1
logarithmic,1
logarithmically,1
logbook,1
logbooks,1
loggerheaded,1
logginess,1
logicality,1
logically,1
logicalness,1
logicism,1
loginess,1
logion,1
logistic,1
logistical,1
logjam,1
logo,1
logogram,1
logogrammatic,1
logogrammatically,1
logograph,1
logographic,1
logomachy,1
logomania,1
logorrhea,1
logotype,1
logroll,1
logrolling,1
logy,1
loiter,1
lokole,1
loliginidae,1
loligo,1
lolium,1
loll,1
lollop,1
lolly,1
lollygag,1
lolo,1
loloish,1
lombardy,1
lomcevak,1
lonchaeidae,1
lonchocarpus,1
lonesome,1
lonesomeness,1
longanimity,1
longanimous,1
longans,1
longboarding,1
longidoridae,1
longidorus,1
longingly,1
longirostres,1
longish,1
longissimus,1
longitarsus,1
longitud,1
longitudinally,1
longitudo,1
longliners,1
longmover,1
longness,1
longsighted,1
longsightedness,1
longstanding,1
longtime,1
longwise,1
lonicera,1
lookout,1
loonie,1
loons,1
loony,1
loophole,1
loophonium,1
looseleaf,1
loosely,1
loosened,1
lop,1
lophichthyidae,1
lophiidae,1
lophiiformes,1
lophioidei,1
lophira,1
lophius,1
lophodermium,1
lophomonas,1
lophophore,1
lophophores,1
lophopidae,1
lophotidae,1
lophotrichus,1
lophotrochozoa,1
lopping,1
lopsided,1
lopsidedly,1
lopsidedness,1
loquacious,1
loquaciously,1
loquaciousness,1
loquacity,1
loquats,1
loranthaceae,1
lordless,1
lordliness,1
lordly,1
lordolatry,1
lordotic,1
loricariidae,1
lorisidae,1
lorisiformes,1
lorraine,1
losings,1
lossless,1
lossy,1
lota,1
loth,1
loti,1
lotic,1
lötkö,1
lotność,1
lotononis,1
lottiidae,1
lotto,1
lotusland,1
louche,1
loudly,1
loudspeaker,1
louisiana,1
loure,1
lousy,1
loutish,1
loutishness,1
louvered,1
lovable,1
lovage,1
loveable,1
loveless,1
loveliness,1
lovelorn,1
lovely,1
lovemaking,1
loverlike,1
loverly,1
lovesick,1
lovesickness,1
lovesome,1
lovingly,1
lovoa,1
lowborn,1
lowbred,1
lowbrow,1
lowbrowed,1
loweringly,1
lowermost,1
lowliness,1
lowly,1
lowset,1
loxechinus,1
loxosceles,1
loxoscelidae,1
loxostege,1
loyally,1
łppumin,1
ltm,1
luau,1
luba,1
lubberly,1
lube,1
lubricants,1
lubricious,1
lubricity,1
lucent,1
lucid,1
lucidly,1
lucidness,1
luciferin,1
lucifugal,1
lucifugous,1
lucilia,1
lucille,1
lucinidae,1
luciocephalidae,1
luckily,1
luckiness,1
luckless,1
lucknow,1
lucrative,1
lucrativeness,1
lucre,1
lucubrate,1
luculent,1
lucullan,1
lucumas,1
ludaya,1
ludian,1
ludic,1
ludicrous,1
ludicrously,1
ludo,1
ludology,1
ludosport,1
ludwigia,1
lues,1
luffa,1
lug,1
luganda,1
luging,1
lugubrious,1
lugubriously,1
lugubriousness,1
luikku,1
lujon,1
luke,1
lukeme,1
lukewarmly,1
lukewarmness,1
lulletti,1
lulz,1
lumbar,1
lumbosacral,1
lumbricidae,1
lumbricus,1
lumbrineridae,1
lumenized,1
luminesce,1
luminescent,1
luminosidad,1
luminosity,1
luminousness,1
lumma,1
lumpectomy,1
lumpen,1
lumpfish,1
lumpiness,1
lumpish,1
lumpy,1
lunar,1
lunate,1
lunatia,1
lunatic,1
lunation,1
lunchtime,1
lunghezza,1
lungime,1
lunisolar,1
luntang,1
luogu,1
lupine,1
lupinosis,1
lupins,1
lupinus,1
lupulones,1
lupus,1
lur,1
lurid,1
luridly,1
lusatian,1
luscious,1
lusciously,1
lusciousness,1
lush,1
lusheng,1
lushness,1
lusitanian,1
luster,1
lusterless,1
lusterlessness,1
lustfully,1
lustfulness,1
lustily,1
lustiness,1
lustrate,1
lustre,1
lustreless,1
lustrelessness,1
lustrous,1
lusty,1
lutar,1
lute,1
luteal,1
luteinization,1
luteolin,1
luteolysis,1
luteoskyrin,1
luteoviridae,1
luteovirus,1
lutetium,1
luthéal,1
lutheran,1
lutheranism,1
lutjanidae,1
lutjanus,1
lutzen,1
lutzomyia,1
luvaridae,1
luvian,1
luvisols,1
luwian,1
luxate,1
luxation,1
luxe,1
luxembourg,1
luxembourgian,1
luxemburger,1
luxuria,1
luxuriance,1
luxuriant,1
luxuriantly,1
luxuriation,1
luxurious,1
luxuriously,1
luxuriousness,1
luyia,1
lv,1
lvi,1
lvii,1
lviii,1
lwei,1
lxi,1
lxii,1
lxiii,1
lxiv,1
lxv,1
lxvi,1
lxvii,1
lxviii,1
lxxi,1
lxxii,1
lxxiii,1
lxxiv,1
lxxv,1
lxxvi,1
lxxvii,1
lxxxi,1
lxxxii,1
lxxxiii,1
lxxxiv,1
lxxxv,1
lxxxvi,1
lxxxvii,1
lxxxviii,1
lyases,1
lycaenidae,1
lycanthropy,1
lycian,1
lycium,1
lycopene,1
lycoperdon,1
lycopodiales,1
lycopodiophyta,1
lycopodiopsida,1
lycoriella,1
lycosa,1
lycosidae,1
lyctidae,1
lyctus,1
lydella,1
lydian,1
lygaeidae,1
lygaeus,1
lygocoris,1
lygus,1
lymantria,1
lymantriidae,1
lymexylidae,1
lymnaea,1
lymphadenoma,1
lymphangiectasia,1
lymphangioblast,1
lymphangiogenesis,1
lymphangiography,1
lymphangiosarcoma,1
lymphatic,1
lymphocyte,1
lymphocytes,1
lymphocytic,1
lymphocytopenia,1
lymphocytosis,1
lymphogranuloma,1
lymphography,1
lymphoid,1
lymphokines,1
lymphopenia,1
lymphopoiesis,1
lymphosarcoma,1
lymphuria,1
lynch,1
lynching,1
lynchpin,1
lyonetia,1
lyonetiidae,1
lyonnaise,1
lyophilisation,1
lyophilise,1
lyophilised,1
lyophilization,1
lyophilize,1
lyophilized,1
lyophyllum,1
lyrate,1
lyrical,1
lyricality,1
lyrically,1
lyricism,1
lyricon,1
lysed,1
lysiloma,1
lysimeters,1
lysine,1
lysinemia,1
lysiosquilla,1
lysiosquillidae,1
lysiphlebus,1
lysis,1
lysocline,1
lysogenic,1
lysogenicity,1
lysogenisation,1
lysogenization,1
lysogenize,1
lysogeny,1
lysophosphatidylcholine,1
lysophospholipases,1
lysosome,1
lysosomes,1
lysozyme,1
lyssa,1
lyssavirus,1
lytavry,1
lythraceae,1
m.m.,1
m.scapulotriceps,1
m'lady,1
m’laya,1
m1,1
m2,1
m3,1
ma'met,1
ma'wo,1
mabu,1
macabre,1
macadam,1
macadamia,1
macadamise,1
macadamize,1
macaroni,1
macaronic,1
macau,1
macerate,1
macerating,1
macerative,1
macguffin,1
machete,1
machiavellian,1
machiavellianism,1
machicolate,1
machination,1
machinelike,1
machismo,1
machlomovirus,1
macho,1
mackle,1
maclura,1
maconellicoccus,1
macrame,1
macrencephalic,1
macrencephalous,1
macrencephaly,1
macrobenthos,1
macrobiotic,1
macrobiotics,1
macrobrachium,1
macrocentrus,1
macrocephalic,1
macrocephalous,1
macrocheles,1
macrochelidae,1
macroclimate,1
macrocosmic,1
macrocystis,1
macrocytosis,1
macrodactyly,1
macrodontia,1
macroeconomic,1
macroevolution,1
macroinvertebrates,1
macrolepiota,1
macrolophus,1
macromolecular,1
macron,1
macronutrient,1
macronutrients,1
macronyssidae,1
macroorchidism,1
macrophage,1
macrophages,1
macrophomina,1
macrophtalmus,1
macrophytes,1
macropipus,1
macroposthonia,1
macroprolactinoma,1
macroptilium,1
macroramphosidae,1
macroscopical,1
macroscopically,1
macrosiphoniella,1
macrosiphum,1
macrosteles,1
macrotermes,1
macrothrombocytopenia,1
macrotia,1
macrotyloma,1
macrouridae,1
macrozamia,1
macrozoospermia,1
macrurocyttidae,1
mactra,1
mactridae,1
macule,1
madagascan,1
madagascar,1
madal,1
madcap,1
maddale,1
madden,1
maddened,1
maddening,1
madeira,1
màdel,1
madhalam,1
madhhab,1
madhuca,1
madia,1
madison,1
madiumba,1
madly,1
madreporite,1
madura,1
madurella,1
maelstrom,1
maesopsis,1
mafa,1
mag,1
magadhan,1
magadis,1
maggots,1
maggoty,1
magh,1
magha,1
magical,1
magically,1
magicicada,1
magisterially,1
magistracy,1
magistrature,1
maglev,1
magnanimity,1
magnanimous,1
magnanimously,1
magnanimousness,1
magnaporthe,1
magnesite,1
magnesium,1
magnetically,1
magnetics,1
magnetised,1
magnetisierung,1
magnetização,1
magnetización,1
magnetized,1
magnetizzazione,1
magnetohydrodynamics,1
magnetometers,1
magneton,1
magnetosphere,1
magnetostratigraphy,1
magnetyzacia,1
magnificat,1
magnificence,1
magnificently,1
magnified,1
magniloquence,1
magniloquent,1
magniloquently,1
magnolia,1
magnoliaceae,1
magnoliales,1
magnoliophyta,1
magnoliopsida,1
maguhu,1
mahabharata,1
mahabharatam,1
mahabharatum,1
mahanarva,1
maharashtra,1
mahayana,1
mahayanism,1
mahayuga,1
mahdism,1
mahican,1
mahogany,1
mahonia,1
mahratti,1
mahuri,1
maidenhood,1
maidenlike,1
maidenliness,1
maidenly,1
maidhood,1
maidism,1
maidu,1
mailer,1
maim,1
maimed,1
maine,1
mainline,1
mainly,1
mainstay,1
mainstream,1
mainstreamed,1
maintainable,1
maiopsis,1
maja,1
majestically,1
majesty,1
majidae,1
majuscular,1
makaira,1
makeover,1
makeready,1
makin,1
maktoum,1
makuta,1
malacanthidae,1
malachi,1
malachias,1
malachra,1
malacia,1
malacologists,1
malacophily,1
malacosoma,1
maladaptive,1
maladjusted,1
maladjustive,1
maladjustment,1
maladroit,1
maladroitly,1
maladroitness,1
malady,1
malakhra,1
malaprop,1
malapropism,1
malapteruridae,1
malarial,1
malarkey,1
malarky,1
malassezia,1
malates,1
malathion,1
malawi,1
malawian,1
malayalam,1
malayan,1
malaysia,1
malcolmia,1
malcontent,1
maldives,1
maldon,1
malecite,1
malediction,1
malefic,1
maleficent,1
maleness,1
maleseet,1
malevolency,1
malevolently,1
malfeasance,1
malformations,1
malformin,1
malfunctioning,1
mali,1
malian,1
maliarpha,1
malicious,1
maliciously,1
maliciousness,1
malignant,1
malignantly,1
malignly,1
malignment,1
malinger,1
malingering,1
mallada,1
malleability,1
malleidae,1
malletiidae,1
mallophaga,1
malnourish,1
malnourished,1
malnourishment,1
malocclusion,1
malodor,1
malodorous,1
malodorousness,1
malodour,1
malodourous,1
malondialdehyde,1
malpighia,1
malpighiaceae,1
malpighiales,1
malposed,1
malposition,1
malpractice,1
mals,1
malta,1
malted,1
malthusian,1
malthusianism,1
malti,1
malting,1
maltitol,1
malto,1
maltodextrins,1
maltose,1
maltotriose,1
maltreat,1
maltreated,1
maltreatment,1
maluku,1
malunga,1
malus,1
malva,1
malvaceae,1
malvales,1
malversate,1
malversation,1
malvidin,1
malware,1
mam,1
mamestra,1
mammalian,1
mammalogists,1
mammary,1
mammea,1
mammography,1
mammomonogamus,1
mammon,1
mammoth,1
mammothermography,1
manacle,1
manageability,1
manageable,1
manageableness,1
manageably,1
managerial,1
managerially,1
managership,1
manana,1
manat,1
manchu,1
manchurian,1
mancozeb,1
mancunian,1
manda,1
mandaeanism,1
mandamus,1
mandara,1
mandarin,1
mandarins,1
mandatorily,1
mande,1
mandeanism,1
mandibular,1
mandibulata,1
mandibulate,1
mandibulofacial,1
mandobass,1
mandocello,1
mandola,1
mandolin,1
mandolone,1
mandolute,1
mandora,1
mandore,1
mandriola,1
mandron,1
manduca,1
manducate,1
manduction,1
maneb,1
maneuverability,1
maneuverable,1
manful,1
manfully,1
manfulness,1
manga,1
manganese,1
mangey,1
mangifera,1
mangily,1
manginess,1
mangled,1
mangolds,1
mangosteens,1
mangtong,1
manguerito,1
mangy,1
manhandle,1
manhunt,1
maniac,1
maniacal,1
maniacally,1
manic,1
manichaean,1
manichaeanism,1
manichaeism,1
manichean,1
manichee,1
maniclike,1
manidae,1
manifestly,1
manifesto,1
manihot,1
manilkara,1
manipulability,1
manipulable,1
manipulation,1
manipulative,1
manipulatively,1
manipulativeness,1
manipur,1
manitoba,1
manjira,1
manjur,1
mänkeri,1
manky,1
manlike,1
manliness,1
manman,1
mannans,1
mannered,1
mannerly,1
mannish,1
mannitol,1
mannose,1
manoeuvrability,1
manoeuvrable,1
manometers,1
manometry,1
manor,1
manorial,1
manque,1
mansard,1
mansi,1
manslaughter,1
mansuba,1
mantic,1
mantinea,1
mantineia,1
mantissa,1
mantodea,1
mantra,1
mantura,1
manually,1
manuals,1
manubrium,1
manumission,1
manumit,1
manure,1
manus,1
manuscript,1
manzello,1
maoism,1
maoist,1
maori,1
maplelike,1
mapmaking,1
marabana,1
maraca,1
maraco,1
marafivirus,1
marakash,1
maram,1
maranhao,1
maranta,1
marantaceae,1
marasmia,1
marasmiellus,1
marasmius,1
marathi,1
marbleisation,1
marbleise,1
marbleised,1
marbleising,1
marbleization,1
marbleize,1
marbleized,1
marbleizing,1
marburgvirus,1
marcel,1
marchalina,1
marchantiophyta,1
marcionism,1
marcodi,1
marengo,1
mares,1
maretangham,1
marfa,1
margarine,1
margarodes,1
margarodidae,1
margasivsa,1
marginal,1
marginalia,1
marginalisation,1
marginalise,1
marginality,1
marginalize,1
marginally,1
mari,1
marian,1
maricopa,1
mariculture,1
marimba,1
marímbula,1
marinade,1
marinades,1
marinas,1
marinate,1
marinating,1
marinauris,1
mariposan,1
mariscus,1
marital,1
mariticide,1
markedly,1
marketable,1
marketplace,1
markka,1
markovian,1
marksmanship,1
marl,1
marly,1
marmalades,1
marmoreal,1
marmorean,1
marmosets,1
maroc,1
maronage,1
marooned,1
marovany,1
marque,1
marred,1
marriageability,1
marriageable,1
marseillaise,1
marshalship,1
marshy,1
marssonina,1
marsupialia,1
marsupium,1
martens,1
martial,1
martially,1
martian,1
martinique,1
martinmas,1
martinstrompete,1
martyniaceae,1
martyrdom,1
martyrise,1
martyrize,1
maruas,1
maruca,1
marvellous,1
marvellously,1
marvelous,1
marvelously,1
marxism,1
marxist,1
marxophone,1
maryland,1
masă,1
masai,1
maschine,1
masculinisation,1
masculinise,1
masculinity,1
masculinize,1
masenqo,1
mashak,1
mashi,1
mashing,1
masochism,1
masochistic,1
masochistically,1
masonquo,1
masonry,1
masora,1
masorah,1
masoretic,1
massa,1
massachuset,1
massendichte,1
massenträgheitsmoment,1
massive,1
massively,1
massiveness,1
massospora,1
mastacembelidae,1
mastadenovirus,1
masted,1
masterful,1
masterfully,1
masterless,1
masterly,1
mastermind,1
masterpiece,1
masterstroke,1
masthead,1
mastigomycotina,1
mastigophora,1
mastocytosis,1
mastoid,1
mastoidal,1
mastoidectomy,1
mastopathy,1
mastopexy,1
masturbate,1
masturbation,1
masturus,1
matabele,1
matakam,1
matanzas,1
matchless,1
matchlessness,1
matchmaking,1
matchup,1
maté,1
mateless,1
matepe,1
materialise,1
materialistic,1
materialistically,1
materialize,1
materially,1
maternalistic,1
maternally,1
matey,1
mathematically,1
matinee,1
matins,1
matófono,1
matouqin,1
matracca,1
matriarchal,1
matriarchic,1
matric,1
matricaria,1
matricentric,1
matricide,1
matriculate,1
matriculation,1
matrilineage,1
matrilineal,1
matrilineality,1
matrilineally,1
matrilinear,1
matronly,1
matronymic,1
matsucoccus,1
matsyendra,1
matthew,1
matthiola,1
mattole,1
maturational,1
maturely,1
maturement,1
matureness,1
matuta,1
matutinal,1
maudlin,1
mauginiella,1
maul,1
maund,1
maundy,1
maung,1
mauritania,1
mauritanian,1
mauritia,1
mauritian,1
mauritius,1
maverick,1
mawkish,1
mawkishly,1
maxi,1
maxillary,1
maxillodental,1
maxillofacial,1
maxillomandibular,1
maxillopalatine,1
maxim,1
maximal,1
maximally,1
maximation,1
maximiliana,1
maximisation,1
maximise,1
maximising,1
maximization,1
maxwell,1
maya,1
mayan,1
mayday,1
mayetiola,1
mayhap,1
mayhem,1
mayidism,1
mayohuacán,1
mayonnaise,1
mayoral,1
mayoralty,1
mayotte,1
mazanki,1
mazdaism,1
maze,1
mazed,1
mazhar,1
mazopathy,1
mazy,1
mba,1
mbd,1
mbira,1
mbit,1
mc,1
mccarthyism,1
mcg,1
mcguffin,1
mcpa,1
mcpb,1
md,1
mdiv,1
mead,1
meager,1
meagerness,1
meagre,1
meagrely,1
meagreness,1
mealtime,1
mealymouthed,1
meandering,1
meanderingly,1
meaningful,1
meaningfully,1
meaningfulness,1
meaningless,1
meanly,1
meanness,1
meanspirited,1
meanspiritedly,1
mearstone,1
measles,1
measly,1
measurability,1
measurable,1
measurably,1
measuredly,1
measureless,1
meatless,1
meatpacking,1
meaty,1
mebendazole,1
mebibit,1
mebibyte,1
mechanically,1
mechanise,1
mechanised,1
mechanistically,1
mechanize,1
mechanized,1
mechanoreceptor,1
mecistocirrus,1
meconium,1
mecoprop,1
mecoptera,1
mecopterous,1
med,1
medal,1
meddle,1
meddlesome,1
meddlesomeness,1
medetomidine,1
medevac,1
mediacy,1
medial,1
mediale,1
medially,1
mediant,1
mediastinum,1
mediateness,1
mediatorial,1
mediatory,1
medicago,1
medicaid,1
medically,1
medicare,1
medicate,1
medication,1
medicative,1
medicinal,1
medicinally,1
medicolegal,1
mediety,1
medievality,1
mediocre,1
mediocrity,1
mediopharyngobranchial,1
meditation,1
meditative,1
meditatively,1
meditativeness,1
mediterranean,1
medivac,1
medlars,1
medley,1
medroxyprogesterone,1
medullary,1
medullated,1
medulloblastoma,1
medulloepithelioma,1
medusoid,1
meed,1
meek,1
meekly,1
meerestone,1
mefenpyr,1
mefluidide,1
meg,1
megabalanus,1
megabit,1
megabucks,1
megabyte,1
megacardia,1
megacephaly,1
megachasmidae,1
megachile,1
megacolon,1
megacycle,1
megacystis,1
megadeath,1
megaduodenum,1
megaflop,1
megagonoscena,1
megahertz,1
megahit,1
megakaryocyte,1
megakaryocytic,1
megakaryocytopenia,1
megalencephaly,1
megalithic,1
megaloblastic,1
megaloblepharon,1
megalocardia,1
megalocephaly,1
megalocornea,1
megalohepatia,1
megalomania,1
megalomaniacal,1
megalomanic,1
megalomycteridae,1
megalopae,1
megalopapilla,1
megalopidae,1
megalops,1
megaloptera,1
meganyctiphanes,1
megaphone,1
megaptera,1
megarectum,1
megascopic,1
megaselia,1
megasphaera,1
megaspilidae,1
megastigmus,1
megaton,1
megawatt,1
meghalaya,1
meglumine,1
megohm,1
megoura,1
megrim,1
megrims,1
megvilágítás,1
meibum,1
meiobenthos,1
meiotic,1
mejoranera,1
melagra,1
melaleuca,1
melamphaidae,1
melampidae,1
melampsora,1
melampsoridium,1
melanagromyza,1
melanaphis,1
melanaspis,1
melancholia,1
melancholic,1
melanconium,1
melanesia,1
melanesian,1
melanins,1
melanise,1
melanism,1
melanitta,1
melanize,1
melanoblast,1
melanocetidae,1
melanocyte,1
melanoderma,1
melanogrammus,1
melanoidins,1
melanonidae,1
melanonychia,1
melanoplus,1
melanosome,1
melanotaeniidae,1
melanotus,1
melanthiaceae,1
melastomataceae,1
meleagris,1
melee,1
melia,1
meliaceae,1
melianthaceae,1
melibiose,1
meligethes,1
melilotus,1
melinis,1
melioidosis,1
meliorate,1
meliorative,1
meliorism,1
melipona,1
meliponiculture,1
melissa,1
mellifluous,1
mellisonant,1
mellitidae,1
mellophone,1
mellotron,1
mellowed,1
mellowing,1
mellowingly,1
mellowly,1
melocanna,1
melodeon,1
melodica,1
melodically,1
melodious,1
melodiously,1
melodiousness,1
melodise,1
melodize,1
melodrama,1
melodramatic,1
melodramatically,1
meloidae,1
meloidogyne,1
meloidogynidae,1
melolontha,1
melongenidae,1
melophagus,1
melophon,1
melopiano,1
melopsittacus,1
melorheostosis,1
meltable,1
meltwater,1
mem,1
membered,1
memberless,1
membership,1
membracidae,1
membranophone,1
membranopipes,1
meme,1
memento,1
memetics,1
memo,1
memoir,1
memorabilia,1
memorability,1
memorable,1
memorably,1
memoranda,1
memorandum,1
memorial,1
memorialisation,1
memorialization,1
memorisation,1
memorise,1
memorization,1
memorymoog,1
memotron,1
menacanthus,1
menacing,1
menacingly,1
menarche,1
mendacious,1
mendaciously,1
mendacity,1
mendelian,1
mendelianism,1
mendicant,1
mendicity,1
mendoza,1
mendzan,1
mengmung,1
menhaden,1
menial,1
menially,1
menidae,1
menidia,1
meningeal,1
meninges,1
meningism,1
meningoencephalocele,1
meninx,1
menippe,1
meniscectomy,1
meniscus,1
menispermaceae,1
mennonitism,1
menochilus,1
menometrorrhagia,1
menominee,1
menomini,1
menopausal,1
menopause,1
menopon,1
mensal,1
menses,1
menstrual,1
menstruate,1
menstruation,1
menstruum,1
mensural,1
mensurate,1
mensuration,1
mentalism,1
mentality,1
mentally,1
mentation,1
mentha,1
menthol,1
mentholated,1
menticirrhus,1
mentomeckelian,1
menyanthaceae,1
menyanthes,1
mephistophelean,1
mephistophelian,1
mephitic,1
mephitidae,1
mephitis,1
mepiquat,1
mepyramine,1
meq,1
meråkerklarinett,1
meralgia,1
mercantilism,1
mercenaria,1
mercenariness,1
mercenary,1
mercerise,1
mercerised,1
mercerization,1
mercerize,1
mercerized,1
mercetaspis,1
merchandise,1
merchandising,1
merchantability,1
merchantable,1
merciful,1
mercifully,1
merciless,1
mercilessly,1
mercosur,1
mercurialis,1
mercuric,1
mercurous,1
mere,1
merely,1
merestone,1
meretriciously,1
meretriciousness,1
meretrix,1
meriones,1
meristems,1
meritable,1
meritless,1
meritocracy,1
meritocratic,1
meritorious,1
meritoriously,1
meritoriousness,1
merlangius,1
merlucciidae,1
merluccius,1
mermithidae,1
meromixis,1
meronym,1
meronymy,1
meroplankton,1
merostomata,1
merovingian,1
merrily,1
merriness,1
merrymaking,1
mers,1
merulinidae,1
mesalliance,1
mesangiolysis,1
mesangium,1
mesasamkranti,1
mesectoderm,1
mesembryanthemum,1
mesenchyme,1
mesenteric,1
mesentery,1
meshuga,1
meshugaas,1
meshugga,1
meshugge,1
meshuggeneh,1
meshuggener,1
mesial,1
mesiodens,1
mesmeric,1
mesmerised,1
mesmerism,1
mesmerized,1
mesmerizing,1
mesoamerican,1
mesoblastic,1
mesobronchus,1
mesocardia,1
mesocardium,1
mesocarp,1
mesocestoides,1
mesocestoididae,1
mesoclimate,1
mesocosms,1
mesocricetus,1
mesoderm,1
mesodermal,1
mesodesma,1
mesodesmatidae,1
mesoduodenum,1
mesomelia,1
mesometrium,1
mesomorphic,1
mesomorphy,1
mesonephros,1
mesonic,1
mesopallium,1
mesophyll,1
mesophytic,1
mesoplodon,1
mesorchium,1
mesosalpinx,1
mesostigmata,1
mesosulfuron,1
mesothelioma,1
mesothelium,1
mesotrione,1
mesovarium,1
mesozoa,1
mespilus,1
messiah,1
messiahship,1
messianic,1
messidor,1
messily,1
messinian,1
messy,1
metabarcoding,1
metabolically,1
metabolise,1
metabolite,1
metabolites,1
metabolome,1
metabolomics,1
metabolous,1
metacarpal,1
metacarpus,1
metacenter,1
metacentre,1
metacentric,1
metacercaria,1
metacestode,1
metacromion,1
metacyesis,1
metadata,1
metaflumizone,1
metagenesis,1
metagenomics,1
metagonimus,1
metagrabolised,1
metagrabolized,1
metagrapsus,1
metagrobolised,1
metagrobolized,1
metaknowledge,1
metalanguage,1
metalaxyl,1
metaldehyde,1
metalepsis,1
metalize,1
metallicity,1
metallike,1
metallize,1
metalloid,1
metallophone,1
metalloproteins,1
metallothionein,1
metallurgic,1
metallurgical,1
metalwork,1
metalworking,1
metamasius,1
metamathematics,1
metameric,1
metamitron,1
metanephridium,1
metanephros,1
metapenaeus,1
metaphase,1
metaphoric,1
metaphorical,1
metaphorically,1
metaphycus,1
metaphysically,1
metaphysics,1
metaphysis,1
metaplasia,1
metaplastic,1
metapterygoid,1
metarbelidae,1
metarhizium,1
metarule,1
metascience,1
metaseiulus,1
metasequoia,1
metasomatism,1
metastability,1
metastable,1
metastasis,1
metastasise,1
metastasize,1
metastatic,1
metastigmata,1
metastrongylidae,1
metastrongylus,1
metatarsal,1
metatarsus,1
metathalamus,1
metatheria,1
metathesis,1
metazachlor,1
metazoa,1
metcalfa,1
metempsychosis,1
metencephalon,1
meteorism,1
meteoritic,1
meteoritical,1
meteorologic,1
meteorological,1
meteorologically,1
meteorologists,1
meteortropism,1
meteorus,1
meteotsunamis,1
methabenzthiazuron,1
methamidophos,1
methane,1
methanobacteriaceae,1
methanobacterium,1
methanococcus,1
methanogens,1
methanol,1
methanothrix,1
methemoglobinemia,1
methidathion,1
methiocarb,1
methionine,1
methioninuria,1
methodical,1
methodically,1
methodicalness,1
methodism,1
methodist,1
methodological,1
methodologically,1
methomyl,1
methoprene,1
methotrexate,1
methoxsalen,1
methoxychlor,1
methoxyflurane,1
methylamines,1
methylated,1
methylation,1
methyridine,1
metical,1
meticulosity,1
meticulous,1
meticulously,1
meticulousness,1
metiram,1
metmyoglobin,1
metobromuron,1
metolachlor,1
metonym,1
metonymic,1
metonymical,1
metonymically,1
metonymy,1
metopolophium,1
metorchis,1
metoxuron,1
metralgia,1
metribuzin,1
metrically,1
metricate,1
metrication,1
metricise,1
metricize,1
metrification,1
metritis,1
metrological,1
metronidazole,1
metronymic,1
metropolitan,1
metroptosis,1
metrosexual,1
metrosideros,1
metroxylon,1
metsulfuron,1
mettle,1
mettlesome,1
mettlesomeness,1
meuse,1
mev,1
mevinphos,1
mewing,1
mewl,1
mexacarbate,1
mexican,1
mexico,1
mey,1
mezuza,1
mezuzah,1
mezzo,1
mf,1
mfa,1
mflop,1
mg,1
mh,1
mho,1
mhz,1
miao,1
miasm,1
miasma,1
miasmal,1
miasmic,1
miaul,1
mib,1
mibit,1
micaceous,1
micah,1
michaelmas,1
michaelmastide,1
micheas,1
michelangelesque,1
michelia,1
michoacan,1
mickle,1
micmac,1
micro,1
microalgae,1
microascales,1
microbar,1
microbenthos,1
microbial,1
microbic,1
microbiologists,1
microbiomes,1
microblepharia,1
microblog,1
microbotryales,1
microbotryomycetes,1
microbrachia,1
microcarriers,1
microcatchments,1
microcephalic,1
microcephalous,1
microcephalus,1
microcerotermes,1
microclimate,1
micrococcaceae,1
micrococcus,1
microcode,1
microcolon,1
microcomputers,1
microcopy,1
microcoria,1
microcornea,1
microcosm,1
microcosmic,1
microcredit,1
microcrystalline,1
microctonus,1
microcuttings,1
microcyclus,1
microcystis,1
microcytosis,1
microdata,1
microdesmidae,1
microdochium,1
microdontia,1
microearthquakes,1
microeconomic,1
microelectronic,1
microelectronics,1
microemulsions,1
microencapsulation,1
microenterprises,1
microevolution,1
microfarad,1
microfilm,1
microfiltration,1
microfinance,1
microforms,1
microgadus,1
microgaster,1
microgastria,1
microgauss,1
microglossia,1
micrognathia,1
microgram,1
micrographia,1
microgreens,1
microhabitats,1
microhylidae,1
microinjection,1
microinvertebrates,1
microlissencephaly,1
micromelia,1
micrometeoric,1
micrometeoritic,1
micrometeorology,1
micrometer,1
micrometre,1
micrometry,1
micromicron,1
micromillimeter,1
micromillimetre,1
micromoog,1
micromus,1
micron,1
micronaire,1
micronekton,1
micronesia,1
micronization,1
micronutrient,1
microorganisms,1
micropalaeontology,1
micropaleontology,1
micropenis,1
microphakia,1
microphallus,1
microphoning,1
microphotography,1
microphthalmia,1
micropinocytosis,1
microplastics,1
microplitis,1
micropogon,1
microprocessors,1
microprolactinoma,1
micropropagation,1
micropterus,1
micropterygidae,1
micropylar,1
microradian,1
microreliefs,1
microretrognathia,1
microrna,1
microsatellites,1
microscopically,1
microsecond,1
microseism,1
microseisms,1
microsleep,1
microsomal,1
microsomes,1
microspermae,1
microsphaera,1
microspherocytosis,1
microspherophakia,1
microspora,1
microsporidiosis,1
microsporum,1
microstegium,1
microstomatidae,1
microsurgery,1
microtermes,1
microtia,1
microtoponym,1
microtropia,1
microtubule,1
microtubules,1
microtus,1
microvillus,1
microvolt,1
micturate,1
mid,1
midafternoon,1
midbrain,1
midday,1
middlemost,1
middlings,1
midface,1
midgard,1
midges,1
midget,1
midgut,1
midland,1
midline,1
midperipheral,1
midplane,1
midrash,1
midshaft,1
midships,1
midspread,1
midsummer,1
midwatch,1
midweekly,1
midwestern,1
midwinter,1
mien,1
miffed,1
mightily,1
mightiness,1
migrant,1
migrants,1
migrational,1
mihbaj,1
mijwiz,1
mikagura,1
mikania,1
mikomya,1
mikvah,1
mil,1
milage,1
milanese,1
milbemycins,1
milch,1
mildews,1
mildly,1
milepost,1
miler,1
milia,1
miliaria,1
miliary,1
milieu,1
militainment,1
militance,1
militancy,1
militant,1
militarily,1
militarisation,1
militarised,1
militaristic,1
militarization,1
militarized,1
militate,1
milkability,1
milkfish,1
milkless,1
milklike,1
milky,1
milkymist,1
milled,1
millenarian,1
millenarianism,1
millenarism,1
millennial,1
millennian,1
millennium,1
millenniumism,1
milleporidae,1
millettia,1
milliampere,1
milliard,1
millibar,1
millicurie,1
millidegree,1
milliequivalent,1
millifarad,1
milligram,1
millihenry,1
milliliter,1
millilitre,1
millime,1
millimeter,1
millimetre,1
millimicron,1
milline,1
milling,1
millionfold,1
milliradian,1
millirem,1
milliroentgen,1
millisecond,1
millivolt,1
milliwatt,1
mills,1
millstone,1
milt,1
mimamsa,1
mimbi,1
mimeo,1
mimeograph,1
mimetic,1
mimosa,1
mimosine,1
mimosoideae,1
mimulus,1
mina,1
minacious,1
minatory,1
mincingly,1
mindaridae,1
minden,1
mindfuck,1
mindful,1
mindfully,1
mindfulness,1
mindless,1
mindlessly,1
mindlessness,1
mindset,1
minelaying,1
mineralization,1
mineralize,1
mineralocorticoid,1
mineralocorticoids,1
mineralogists,1
minesweeping,1
minggah,1
minginess,1
mingling,1
mingy,1
mini,1
miniate,1
miniaturisation,1
miniaturise,1
miniaturization,1
miniaturize,1
minichess,1
minifootball,1
minify,1
minimality,1
minimally,1
minimisation,1
minimization,1
minimoog,1
minipiano,1
minisatellites,1
miniscule,1
ministerial,1
ministerially,1
ministrant,1
ministration,1
ministry,1
minkey,1
minks,1
minnesota,1
minoan,1
minstrel,1
minteki,1
minthostachys,1
mintiness,1
mintmark,1
minuend,1
minuscular,1
minutely,1
minuteness,1
miotic,1
mips,1
mirabilis,1
miraculin,1
miraculous,1
miraculously,1
miranda,1
mirapinnidae,1
mired,1
mires,1
miri,1
miridae,1
miriness,1
mirish,1
mirky,1
mirrorlike,1
mirth,1
mirthful,1
mirthfully,1
mirthfulness,1
mirthless,1
mirwas,1
miry,1
mirza,1
misaddress,1
misadventure,1
misadvise,1
misalignment,1
misalliance,1
misally,1
misanthropic,1
misanthropical,1
misapplication,1
misapply,1
misapprehend,1
misapprehension,1
misappropriate,1
misappropriated,1
misappropriation,1
misbegot,1
misbegotten,1
misbehave,1
misbehavior,1
misbehaviour,1
misbelieve,1
misbranded,1
miscalculate,1
miscalculation,1
miscall,1
miscanthus,1
miscast,1
miscegenate,1
miscegenation,1
miscellaneous,1
miscellany,1
mischievous,1
mischievously,1
miscibility,1
miscible,1
misconceive,1
misconception,1
misconstrual,1
misconstruction,1
misconstrue,1
miscreate,1
miscreation,1
miscue,1
misdate,1
misdating,1
misdeed,1
misdeliver,1
misdemean,1
misdemeanor,1
misdemeanour,1
misdo,1
miserable,1
miserableness,1
miserably,1
miserliness,1
miserly,1
miserotoxin,1
misestimate,1
misestimation,1
misfeasance,1
misfortunate,1
misfunction,1
misgauge,1
misgive,1
misgovern,1
misgovernment,1
misguided,1
misgurnus,1
mishandle,1
mishegaas,1
mishegoss,1
mishna,1
mishnah,1
mishnaic,1
misidentify,1
misinform,1
misinterpretation,1
misiones,1
misjudge,1
miskal,1
mislabeled,1
mislaid,1
mislay,1
misleadingly,1
misleadingness,1
mislocalised,1
mismanage,1
mismanagement,1
mismarry,1
mismatched,1
mismate,1
mismated,1
misname,1
mišnice,1
misnomer,1
miso,1
misocainea,1
misogamy,1
misogynic,1
misogynism,1
misogynistic,1
misogynous,1
misogyny,1
misology,1
misoneism,1
misopedia,1
misophonia,1
misperceive,1
misplace,1
misplaced,1
misplacement,1
mispronounce,1
mispronunciation,1
misquotation,1
misread,1
misreading,1
misreckoning,1
misrelated,1
misremember,1
misrepresented,1
misrouted,1
misrule,1
missal,1
misshapen,1
misshapenness,1
missional,1
missionary,1
mississippi,1
mississippian,1
missive,1
misspeak,1
misspell,1
misspelling,1
misstate,1
misstatement,1
misstep,1
mistakable,1
mistakenly,1
mister,1
mistily,1
mistime,1
mistiming,1
mistiness,1
mistral,1
mistranslate,1
mistranslation,1
mistreat,1
mistreated,1
mistreatment,1
mistrial,1
mistrustful,1
mistrustfully,1
misty,1
misused,1
mitch,1
mitella,1
mithraic,1
mithraicism,1
mithraism,1
mithraistic,1
mithrax,1
miti'qwakik,1
mitigable,1
mitigated,1
mitigative,1
mitigatory,1
mitochondria,1
mitogens,1
mitomycin,1
mitotic,1
mitral,1
mitridae,1
mitsukurinidae,1
mittelschmerz,1
mittlere,1
miwok,1
mixable,1
mixers,1
mixology,1
mixotrophy,1
miyakea,1
mizhavu,1
mizmar,1
mizoram,1
mizwad,1
ml,1
mlitt,1
mls,1
mm,1
mmpi,1
mms,1
mnemiidae,1
mnemonics,1
mnemotechnic,1
mnemotechnical,1
mo,1
moated,1
mobbish,1
mobilidade,1
mobilisation,1
mobilità,1
mobilité,1
mobilization,1
mobilność,1
moblike,1
mobulidae,1
moc,1
moč,1
moceño,1
mocha,1
mochokidae,1
mocis,1
mockingly,1
mod,1
mod3012b,1
mod6024b,1
moderately,1
moderateness,1
moderationism,1
moderatism,1
moderato,1
moderatorship,1
moderne,1
modernisation,1
modernise,1
modernised,1
modernistic,1
modernity,1
modernize,1
modernized,1
modernness,1
modestly,1
modestness,1
modesty,1
modicum,1
modifiable,1
modifier,1
modiolus,1
modish,1
modishly,1
modishness,1
modulator,1
modulus,1
mogul,1
mohair,1
mohammedan,1
mohammedanism,1
moharram,1
mohave,1
mohawk,1
mohican,1
moiety,1
moina,1
moinidae,1
moire,1
moistening,1
moistly,1
moistness,1
moisturise,1
moisturize,1
moixiganga,1
mojave,1
mojo,1
moko,1
moksa,1
mokulu,1
mokushō,1
mol,1
mola,1
molal,1
molality,1
molariform,1
molarity,1
molas,1
molasses,1
moldable,1
molder,1
moldiness,1
moldovan,1
moldy,1
molecular_function,1
molestation,1
molidae,1
molinate,1
molineidae,1
molinukai,1
molise,1
mollisols,1
molluscicides,1
molluscum,1
mollycoddle,1
molmasse,1
molo,1
moloidei,1
molotow,1
molto,1
molva,1
molvolumen,1
molybdates,1
molybdenum,1
momentaneous,1
momentarily,1
momentary,1
momently,1
momentous,1
momentously,1
momentousness,1
momism,1
momordica,1
momphidae,1
monacan,1
monacanthidae,1
monaco,1
monad,1
monagas,1
monandry,1
monarchal,1
monarchic,1
monarchical,1
monarchism,1
monario,1
monas,1
monascus,1
monastic,1
monastical,1
monasticism,1
monatomic,1
monaural,1
monaurally,1
monazite,1
monday,1
monecious,1
monegasque,1
monellia,1
monellin,1
monelliopsis,1
monensin,1
monera,1
moneran,1
monestrous,1
monetarism,1
monetary,1
monetisation,1
monetise,1
monetization,1
monetize,1
moneyed,1
moneyless,1
moneymaker,1
monger,1
mongo,1
mongol,1
mongolia,1
mongolianism,1
mongolic,1
mongolism,1
mongrelise,1
mongrelize,1
monied,1
moniezia,1
moniker,1
monilethrix,1
monilia,1
moniliasis,1
moniliformin,1
monilinia,1
moniliophthora,1
moniliopsis,1
monimiaceae,1
monish,1
monism,1
monistic,1
monition,1
monitory,1
monkish,1
monoamine,1
monoamines,1
monoarticular,1
monoatomic,1
monoblast,1
monobob,1
monocanthus,1
monocarboxylic,1
monocarpic,1
monocentridae,1
monocentrism,1
monochamus,1
monochord,1
monochromasy,1
monochromatism,1
monochrome,1
monochromia,1
monochromic,1
monochromous,1
monociliated,1
monocled,1
monoclinal,1
monoclinic,1
monoclinous,1
monoclonal,1
monocotyledonous,1
monocotyledons,1
monocrotophos,1
monocystic,1
monocystis,1
monocyte,1
monocytes,1
monodactylidae,1
monodic,1
monodical,1
monodonta,1
monodora,1
monody,1
monoecious,1
monoestrous,1
monogamous,1
monogamousness,1
monogenea,1
monogenesis,1
monogenic,1
monognathidae,1
monogram,1
monograph,1
monographella,1
monogynic,1
monogynous,1
monogyny,1
monoicous,1
monoideism,1
monokines,1
monolatry,1
monolepta,1
monolingual,1
monolingually,1
monolinuron,1
monolithic,1
monologue,1
monologuise,1
monologuize,1
monomania,1
monomaniacal,1
monome,1
monometallic,1
monometallism,1
monomorium,1
monomorphemic,1
mononegavirales,1
mononuclear,1
mononucleosis,1
mononychellus,1
monophasic,1
monophonic,1
monophony,1
monophysite,1
monophysitic,1
monophysitism,1
monoplegia,1
monopolisation,1
monopolistic,1
monopolization,1
monopsony,1
monopteral,1
monorchidism,1
monosaccharide,1
monosaccharides,1
monosemous,1
monosemy,1
monoskiing,1
monostromaceae,1
monosyllabic,1
monosyllabically,1
monosyllable,1
monoterpenes,1
monoterpenoids,1
monotheism,1
monotheistic,1
monothelitism,1
monotonic,1
monotonous,1
monotonously,1
monotony,1
monotopism,1
monotron,1
monotypic,1
monounsaturated,1
monovalent,1
monovular,1
monowave,1
monoxides,1
monozygotic,1
monstera,1
monstrance,1
monstrosity,1
monstrously,1
montana,1
montane,1
monte,1
montenegro,1
monthlong,1
monthsary,1
montmorillonites,1
montserrat,1
montserratian,1
monumentalise,1
monumentalize,1
mooch,1
moodily,1
moodswinger,1
moody,1
moogerfooger,1
moolah,1
moonbeam,1
mooneye,1
moonfish,1
moonily,1
moonless,1
moonlike,1
moonlit,1
moonshot,1
moonstruck,1
moonwalk,1
moony,1
moor,1
moors,1
mopaliidae,1
moppan,1
mopping,1
moquelumnan,1
moraceae,1
moraceous,1
moraharpa,1
moralistic,1
moralizing,1
morally,1
morantel,1
moravian,1
moraxella,1
morays,1
morbid,1
morbidly,1
morbific,1
morbilli,1
morbillivirus,1
morceau,1
morchella,1
mordacious,1
mordaciously,1
mordacity,1
mordant,1
mordants,1
mordva,1
mordvin,1
mordvinian,1
morelos,1
moremover,1
moreover,1
moreška,1
moresque,1
morganatic,1
morgen,1
moribund,1
moridae,1
morinda,1
moringa,1
moringaceae,1
moringuidae,1
mormon,1
mormonism,1
mormyridae,1
morn,1
mornight,1
moroccan,1
morocco,1
morone,1
moronic,1
moronidae,1
moronity,1
morose,1
morosely,1
morph,1
morphactins,1
morphallaxis,1
morphemic,1
morphine,1
morphologic,1
morphological,1
morphologically,1
morphometrics,1
morphophoneme,1
morphophonemic,1
morphophonemics,1
morphophysiology,1
morphs,1
morrow,1
morse,1
morsel,1
morsing,1
mortality/aging,1
mortally,1
mortar,1
mortgaged,1
mortgages,1
mortice,1
mortierella,1
mortified,1
mortifying,1
mortise,1
mortuary,1
morula,1
morus,1
mosan,1
moschidae,1
mosey,1
mosh,1
moslem,1
mōsōbiwa,1
mosriteguitar,1
mosstone,1
mossy,1
motet,1
mothball,1
motherese,1
motherhood,1
motherless,1
motherlike,1
motherliness,1
mothy,1
motile,1
motional,1
motionless,1
motionlessly,1
motionlessness,1
motivate,1
motivated,1
motivational,1
motivative,1
motivator,1
motiveless,1
motivity,1
motoball,1
motocross,1
motorbike,1
motorboat,1
motorcycle,1
motorcycling,1
motorial,1
motorisation,1
motorise,1
motorised,1
motorization,1
motorized,1
motorless,1
motorsport,1
motto,1
moue,1
mouflon,1
moulder,1
moulds,1
mouldy,1
mountaineer,1
mountainous,1
mournful,1
mournfully,1
mournfulness,1
mouselike,1
mousetrap,1
mousse,1
moustache,1
mouthful,1
mouthless,1
mouthlike,1
movability,1
movableness,1
moveable,1
moviemaking,1
movilidad,1
movingly,1
mowers,1
mowing,1
mown,1
moxie,1
mozambican,1
mozambique,1
mozart,1
mozartean,1
mozartian,1
mozzarella,1
mpeg,1
mph,1
mpox,1
mr,1
mr.,1
mrd,1
mrem,1
mrhube,1
mri,1
mridangam,1
mrs,1
mrs.,1
ms.,1
msc,1
msec,1
msondo,1
mst,1
mu,1
muchness,1
muchosa,1
muciferous,1
mucilages,1
mucilaginous,1
mucin,1
mucinoid,1
mucinous,1
muckle,1
muckrake,1
muckraking,1
mucky,1
mucocutaneous,1
mucoidal,1
mucopeptides,1
mucopolysaccharide,1
mucopolysaccharides,1
mucopolysaccharidosis,1
mucopolysacchariduria,1
mucopurulent,1
mucor,1
mucorales,1
mucosa,1
mucosal,1
mucose,1
mucous,1
mucoviscidosis,1
mucuna,1
muddied,1
muddleheaded,1
mudra,1
mudslide,1
mudstone,1
mudwrestle,1
muellerius,1
mugful,1
mugginess,1
muggy,1
mugil,1
mugilidae,1
mugiliformes,1
mugiloidei,1
muhammadan,1
muhammadanism,1
muharram,1
muharrum,1
muhlenbergia,1
muixeranga,1
mukha,1
mukhavina,1
mukkuri,1
mukna,1
mukupela,1
mulberries,1
mulch,1
mulches,1
mulching,1
mulish,1
mulishly,1
mulishness,1
mullets,1
mullidae,1
mullioned,1
mullus,1
multicolor,1
multicolored,1
multicolour,1
multicoloured,1
multicultural,1
multiculturalism,1
multicuspidate,1
multidimensional,1
multidimensionality,1
multiethnic,1
multifaceted,1
multifactorial,1
multifarious,1
multifariously,1
multifariousness,1
multifid,1
multifocal,1
multiform,1
multifunctionality,1
multilane,1
multilateral,1
multilaterally,1
multilevel,1
multilingual,1
multimoog,1
multinational,1
multiparity,1
multiphase,1
multiplicand,1
multiplicative,1
multiplicatively,1
multiplicity,1
multiplier,1
multipliers,1
multiprocessing,1
multiprogramming,1
multipurpose,1
multiracial,1
multistage,1
multistorey,1
multistoried,1
multistory,1
multitude,1
multitudinous,1
multitudinousness,1
multivalence,1
multivalency,1
multivalent,1
multivariate,1
mulwi,1
mummery,1
mumps,1
mumpsimus,1
munda,1
mundane,1
mundanely,1
mundaneness,1
mundanity,1
municipally,1
munificence,1
munificent,1
munificently,1
muniments,1
munition,1
munjuk,1
muntingia,1
muntingiaceae,1
muraena,1
muraenesocidae,1
muraeninae,1
muraenolepididae,1
mural,1
murasu,1
murderous,1
murderously,1
muricidae,1
murine,1
murkily,1
murmuration,1
murmurous,1
muroidea,1
murrah,1
murrain,1
murraya,1
mus,1
musa,1
müsa,1
musaceae,1
musca,1
muscari,1
muscidae,1
muscidifurax,1
muscina,1
musclebuilding,1
muscomorpha,1
muscovite,1
musculature,1
musculoskeletal,1
musd,1
musette,1
musgoi,1
musgu,1
mushiness,1
mushy,1
musicality,1
musically,1
musicalness,1
musicianship,1
musicological,1
musicologically,1
musicology,1
musingly,1
musk,1
musketry,1
muskhogean,1
muskiness,1
muskmelons,1
muskogean,1
muskogee,1
muskrats,1
musky,1
muslim,1
muslimism,1
musophobia,1
mussaenda,1
mussatia,1
mussidae,1
mussidia,1
mussiness,1
mussitate,1
mussitation,1
mussy,1
mustached,1
mustachioed,1
mustelinae,1
musteloidea,1
mustelus,1
musth,1
mustiness,1
musty,1
mutability,1
mutable,1
mutableness,1
mutafacient,1
mutagenic,1
mutagenicity,1
mutagens,1
mutant,1
mutants,1
mutate,1
mutational,1
mutative,1
mutchkin,1
muted,1
mutely,1
mutilated,1
mutinous,1
mutterschutz,1
mutualist,1
mutuality,1
mutually,1
mutualness,1
muyu,1
muzzy,1
mv,1
mvet,1
mwera,1
mwh,1
mx,1
mya,1
myagrum,1
myalgic,1
myanmar,1
myasthenia,1
mycenaean,1
mycetism,1
mycetome,1
mycetophagidae,1
mycetophylidae,1
mycetozoa,1
mycobacterium,1
mycocentrospora,1
mycoflora,1
mycogone,1
mycologists,1
mycophagy,1
mycophila,1
mycoplasma,1
mycoplasmataceae,1
mycoplasmatales,1
mycoplasmoses,1
mycoprotein,1
mycorrhizae,1
mycoses,1
mycosis,1
mycosphaerella,1
mycotoxicoses,1
mycotoxins,1
mycovellosiella,1
mycteroperca,1
mycterothrips,1
myctophidae,1
myctophiformes,1
myelatelia,1
myelencephalon,1
myelic,1
myelinated,1
myelination,1
myelinic,1
myelinisation,1
myelinization,1
myeloblast,1
myelocystocele,1
myelodysplasia,1
myeloencephalitis,1
myeloencephalopathy,1
myelography,1
myeloid,1
myelokathexis,1
myelomalacia,1
myelopathy,1
myeloschisis,1
myg,1
myidae,1
myiopharus,1
myleus,1
myliobatidae,1
myllocerus,1
mym,1
mymaridae,1
myndus,1
myobiidae,1
myoblast,1
myocardial,1
myocardiopathy,1
myocastor,1
myocoele,1
myodynia,1
myoepithelium,1
myofibril,1
myofibromatosis,1
myofilament,1
myoglobin,1
myogram,1
myoid,1
myokymia,1
myology,1
myoma,1
myomenippe,1
myometritis,1
myomorpha,1
myonecrosis,1
myopathic,1
myopic,1
myoporaceae,1
myosarcoma,1
myoseptum,1
myosin,1
myosotis,1
myostatin,1
myotic,1
myotome,1
myotomy,1
myotonic,1
myotube,1
myoxidae,1
myoxocephalus,1
myrciaria,1
myriagram,1
myriameter,1
myriametre,1
myriangiales,1
myriapoda,1
myrica,1
myricaceae,1
myricales,1
myringectomy,1
myringoplasty,1
myringotomy,1
myriophyllum,1
myristica,1
myristicaceae,1
myristin,1
myrmecology,1
myrmecophagous,1
myrmecophilous,1
myrmecophytic,1
myrmica,1
myrocongridae,1
myrosinase,1
myrothecium,1
myroxylon,1
myrsinaceae,1
myrtaceae,1
myrtales,1
myrtiflorae,1
myrtillocactus,1
myrtus,1
mysidacea,1
mysis,1
mysoandry,1
mysophilia,1
mysophobia,1
mysophobic,1
mysterious,1
mysteriously,1
mystically,1
mysticism,1
mystified,1
mystifier,1
mystifying,1
mystique,1
mystus,1
mythical,1
mythimna,1
mythologic,1
mythological,1
mythologisation,1
mythologization,1
mythology,1
mytilidae,1
mytilus,1
myxedema,1
myxine,1
myxini,1
myxininae,1
myxobolus,1
myxoedema,1
myxoma,1
myxomycetes,1
myxosoma,1
myxozoa,1
myzocallis,1
myzus,1
n.b.,1
n'vike,1
naa,1
nab,1
nabal,1
naban,1
nabidae,1
nabis,1
nachthorn,1
nacobbus,1
nacre,1
nada,1
nadaswaram,1
nadir,1
naegleria,1
naemacyclus,1
nafir,1
naga,1
nagak,1
nagaland,1
nagari,1
nagging,1
naginata,1
nahara,1
nahuatl,1
nahum,1
nai,1
naiant,1
naif,1
naiki,1
naira,1
nairovirus,1
naively,1
naiveness,1
naivete,1
naivety,1
najadales,1
nakara,1
nakedly,1
nakkare,1
naled,1
nalepellidae,1
namedrop,1
nameless,1
namelessness,1
namely,1
namibia,1
namibian,1
namunjoloba,1
nancere,1
nandidae,1
nang,1
nanism,1
nannizzia,1
nannochloris,1
nannygoats,1
nanobiotechnology,1
nanocapsules,1
nanocellulose,1
nanocephalic,1
nanocephaly,1
nanoclays,1
nanocomposites,1
nanocrystals,1
nanoemulsions,1
nanoencapsulation,1
nanofertilizers,1
nanofibres,1
nanofilms,1
nanofiltration,1
nanofluids,1
nanofoods,1
nanogels,1
nanogram,1
nanoherbicides,1
nanoinsecticides,1
nanolaminates,1
nanomaterials,1
nanomedicine,1
nanometer,1
nanometre,1
nanoparticles,1
nanopesticides,1
nanophthalmos,1
nanophyetidae,1
nanophyetus,1
nanoplankton,1
nanoplastics,1
nanorobotics,1
nanorods,1
nanosecond,1
nanosensors,1
nanospheres,1
nanotoxicology,1
nanovolt,1
nanowires,1
nanticoke,1
nao,1
naobo,1
naoero,1
naphthalene,1
naphthenates,1
naphthols,1
napoleon,1
napoleonic,1
nappes,1
nappy,1
naprapathy,1
napropamide,1
naqara,1
naqareh,1
naqus,1
naranga,1
narcinidae,1
narcism,1
narcissism,1
narcissistic,1
narcissus,1
narcodollar,1
narcolepsy,1
narcoleptic,1
narcosis,1
narcoterrorism,1
narcotise,1
narcotised,1
narcotising,1
narcotize,1
narcotized,1
narcotizing,1
narcotraffic,1
nardostachys,1
nardus,1
narial,1
naringin,1
naris,1
narration,1
narrowly,1
naruko,1
nary,1
nasale,1
nasalisation,1
nasalise,1
nasality,1
nasalization,1
nasalize,1
nasally,1
nascence,1
nascency,1
nascent,1
naseby,1
nasion,1
naskh,1
nasonia,1
nasonovia,1
nasopharyngeal,1
nasopharynx,1
nasopremaxilla,1
nassariidae,1
nastika,1
nastily,1
nasutitermes,1
natal,1
natality,1
natantia,1
natation,1
naticidae,1
nationalisation,1
nationalise,1
nationalist,1
nationalistic,1
nationalization,1
nationalize,1
nationally,1
nationhood,1
nativeness,1
nativist,1
nativistic,1
natriuresis,1
natriuretic,1
natter,1
nattily,1
nattiness,1
natto,1
natty,1
naturalise,1
naturalised,1
naturalism,1
naturalistic,1
naturally,1
naturalness,1
naturism,1
naturistic,1
nauch,1
naughtily,1
naughtiness,1
naupactus,1
naupathia,1
nauphoeta,1
nauplii,1
nauruan,1
nauseated,1
nauseating,1
nauseatingness,1
nauseous,1
nautch,1
nautical,1
nautilidae,1
nautiloidea,1
navaho,1
navajo,1
naval,1
navarino,1
näverlapp,1
navicular,1
navigability,1
navigable,1
navigational,1
nayarit,1
naysaying,1
nazarene,1
nazi,1
nazification,1
nazify,1
nb,1
nbe,1
nbw,1
ndebele,1
ndungu,1
ndzendze,1
ndzumara,1
ne,1
ne'er,1
neanderthalian,1
neap,1
neapolitan,1
nearly,1
nearness,1
nearsighted,1
nearsightedness,1
neatly,1
nebe,1
nebiim,1
nebn,1
nebraska,1
nebulose,1
nebulously,1
neburon,1
nec,1
necessarily,1
necessitate,1
necessitous,1
neckless,1
necklike,1
necora,1
necrobiosis,1
necrolatry,1
necrology,1
necrolysis,1
necromancy,1
necromania,1
necromantical,1
necrophagia,1
necrophagy,1
necrophilia,1
necrophilism,1
necropsy,1
necrose,1
necrovirus,1
nectaries,1
nectariferous,1
nectarines,1
nectarous,1
nectria,1
nee,1
needful,1
needfully,1
needlecraft,1
needlefish,1
needlelike,1
needless,1
needlessly,1
needlework,1
needy,1
nefarious,1
nefariously,1
nefariousness,1
negation,1
negatively,1
neglectful,1
neglectfully,1
neglectfulness,1
negligently,1
negligible,1
negotiable,1
negritude,1
negro,1
nehemiah,1
neighborliness,1
neighborly,1
neighbour,1
neighbouring,1
neighbourliness,1
neighbourly,1
neisseria,1
neisseriaceae,1
nekton,1
nelson,1
nelumbo,1
nelumbonaceae,1
nemaliaceae,1
nemapogon,1
nematicides,1
nematistiidae,1
nematocarcinidae,1
nematodes,1
nematodirus,1
nematoscelis,1
nematus,1
nemesis,1
nemichthyidae,1
nemipteridae,1
nemipterus,1
nenets,1
nentsi,1
nentsy,1
neo,1
neoaliturus,1
neoaves,1
neobalaenidae,1
neobaroque,1
neobehaviorism,1
neocallimastix,1
neoceratiidae,1
neochetina,1
neoclassic,1
neoclassical,1
neoclassicism,1
neoclassicist,1
neoclassicistic,1
neocolonialism,1
neoconservatism,1
neocortex,1
neocortical,1
neocosmospora,1
neocriticism,1
neodermata,1
neodiprion,1
neodymium,1
neoerysiphe,1
neogene,1
neognathae,1
neola,1
neolepidoptera,1
neoliberal,1
neoliberalism,1
neomargarodes,1
neomycin,1
neon,1
neonatology,1
neonotonia,1
neophobia,1
neophocaena,1
neoplasia,1
neoplasms,1
neoplatonism,1
neoptera,1
neopterygii,1
neorhizobium,1
neorickettsia,1
neoscopelidae,1
neoseiulus,1
neosolaniol,1
neospora,1
neosporosis,1
neostigmine,1
neoteleostei,1
neotenic,1
neotenous,1
neotestudina,1
neoteuthidae,1
neotony,1
neotypes,1
neovossia,1
neoxanthin,1
neozygites,1
nepa,1
nepal,1
nepalese,1
nepenthaceae,1
nepenthales,1
nepeta,1
nephelium,1
nephelometers,1
nephelometry,1
nephology,1
nephotettix,1
nephralgia,1
nephridium,1
nephritic,1
nephroangiosclerosis,1
nephroblastomatosis,1
nephrolepis,1
nephrolithiasis,1
nephrology,1
nephron,1
nephronophthisis,1
nephropidae,1
nephrops,1
nephroptosia,1
nephrostome,1
nephrotomy,1
nephrotoxic,1
nephtyidae,1
nephus,1
nepidae,1
nepotism,1
nepovirus,1
neprilysin,1
nepticulidae,1
neptomenus,1
neptunism,1
neptunium,1
neptunus,1
nereididae,1
nerine,1
neritidae,1
nerium,1
nerveless,1
nervelessly,1
nervelessness,1
nervily,1
nervism,1
nervously,1
nervy,1
nescience,1
nescient,1
nesidioblastosis,1
nesidiocoris,1
neslia,1
nestled,1
nestorian,1
nestorianism,1
nether,1
nethermost,1
netherworld,1
netiquette,1
netkeeper,1
netlike,1
netmail,1
netscape,1
netta,1
nettastomatidae,1
nettlesome,1
networklike,1
neuquen,1
neural,1
neuralgic,1
neuralgy,1
neurasthenia,1
neurasthenic,1
neurilemoma,1
neurinoma,1
neuroanatomic,1
neuroanatomical,1
neuroanatomy,1
neurobiology,1
neurochemistry,1
neurocranium,1
neurocytoma,1
neurodegeneration,1
neurodermatitis,1
neuroectoderm,1
neuroendocrine,1
neuroendocrinology,1
neuroepithelioma,1
neuroethics,1
neurofibromatosis,1
neurofilament,1
neurogenic,1
neuroglial,1
neuroinflammation,1
neurolathyrism,1
neuroleptics,1
neurolinguistics,1
neurologic,1
neurological,1
neurology,1
neuromarketing,1
neuromast,1
neuromatous,1
neuromere,1
neuromotor,1
neuromuscular,1
neuromyotonia,1
neuronal,1
neuronic,1
neuropeptides,1
neurophysiological,1
neuropil,1
neuroplasty,1
neuropore,1
neuropsychiatric,1
neuropsychiatry,1
neuropsychological,1
neuropsychology,1
neuroptera,1
neuroright,1
neurosarcoma,1
neuroscience,1
neurosecretion,1
neuroses,1
neurosis,1
neurospora,1
neurosyphilis,1
neurotically,1
neuroticism,1
neurotoma,1
neurotoxic,1
neurotoxicity,1
neurotoxin,1
neurotoxins,1
neurotransmitter,1
neurotransmitters,1
neurotropic,1
neurotropism,1
neuston,1
neutered,1
neutering,1
neutralised,1
neutralism,1
neutronenzahl,1
neutropenia,1
neutrophil,1
neutrophils,1
nevada,1
nével,1
nevermore,1
nevertheless,1
nevi'im,1
newari,1
newborn,1
newfangled,1
newfound,1
newly,1
newmarket,1
newness,1
newsbreak,1
newscast,1
newsflash,1
newsgroup,1
newsless,1
newsletter,1
newspapering,1
newspeak,1
newsprint,1
newsreel,1
newssheet,1
newsworthiness,1
newsworthy,1
newsy,1
newtonian,1
nexus,1
ney,1
nezara,1
ng,1
nganasan,1
ngoma,1
ngombi,1
ngoni,1
ngu,1
ngultrum,1
nguni,1
ngwee,1
niacin,1
nibbed,1
nibelungenlied,1
nicaean,1
nicaragua,1
nicaraguan,1
nicely,1
nicene,1
niceness,1
nickelodeon,1
niclofolan,1
niclosamide,1
nicolaia,1
nicosulfuron,1
nicotiana,1
nicotinamide,1
nicotine,1
nictate,1
nictation,1
nictitate,1
nictitation,1
niddah,1
niddm,1
nidicolous,1
nidifugous,1
nidopallium,1
nidovirales,1
nidus,1
nieo,1
nietzscheanism,1
niff,1
niffy,1
nifty,1
nigella,1
nigenkin,1
niger,1
nigeria,1
nigerian,1
nigerien,1
niggardliness,1
niggardly,1
niggardness,1
niggling,1
nigher,1
nighest,1
nightcap,1
nighted,1
nightfall,1
nightlife,1
nightlong,1
nightmarish,1
nightmarishness,1
nighttime,1
nightwork,1
nigrospora,1
nihil,1
nihilistic,1
nihility,1
nil,1
nilaparvata,1
nilotaspis,1
nilpotent,1
nim,1
nimaviridae,1
nimble,1
nimbly,1
nimbus,1
nimiety,1
ninepence,1
ninepenny,1
ninepins,1
ninera,1
ningxia,1
ninjitsu,1
ninjutsu,1
niobium,1
niosomes,1
nipaecoccus,1
nipping,1
nipponese,1
nippostrongylus,1
nippy,1
niqab,1
nirvana,1
nisan,1
nisi,1
nisin,1
nissan,1
nisus,1
nit,1
nitella,1
nitid,1
nitidulidae,1
nitosols,1
nitpick,1
nitralin,1
nitrapyrin,1
nitraria,1
nitrariaceae,1
nitrate,1
nitrated,1
nitrates,1
nitric,1
nitrify,1
nitrites,1
nitrituria,1
nitrobacter,1
nitrocellulose,1
nitrofen,1
nitrofural,1
nitrofurans,1
nitrogenase,1
nitrogenise,1
nitrogenize,1
nitrogenous,1
nitroimidazoles,1
nitrophenols,1
nitrophosphates,1
nitrosamines,1
nitrosation,1
nitrosoguanidine,1
nitrosomonas,1
nitrosopyrrolidine,1
nitrosourea,1
nitrous,1
nitrovin,1
nitwitted,1
nitzschiaceae,1
niue,1
niutuiqin,1
nivalenol,1
nivose,1
njarka,1
njinga,1
nlp,1
nm,1
nmr,1
nne,1
nnw,1
no.,1
noachian,1
nobleness,1
noblesse,1
nobly,1
nocardia,1
nocaster,1
nocent,1
nociceptive,1
nock,1
noctambulation,1
noctambulism,1
noctilucent,1
noctua,1
noctuidae,1
nocturnally,1
nodaviridae,1
nodding,1
noddle,1
nodo,1
nodulated,1
noduled,1
nodulose,1
noel,1
noesis,1
noetic,1
noetiidae,1
nogo,1
nohkan,1
nohow,1
noiseless,1
noiselessly,1
noiselessness,1
noisily,1
noisiness,1
noisome,1
noisomeness,1
nol.pros.,1
noma,1
nomadacris,1
nomadic,1
nomeidae,1
nomenklatura,1
nomia,1
nominalism,1
nominalistic,1
nominally,1
nominated,1
nomothetic,1
nomuraea,1
nonabsorbency,1
nonabsorbent,1
nonabsorptive,1
nonacceptance,1
nonaccomplishment,1
nonachievement,1
nonadaptive,1
nonaddictive,1
nonadhesive,1
nonadjacent,1
nonadsorbent,1
nonadsorptive,1
nonage,1
nonaged,1
nonagenarian,1
nonaggression,1
nonaggressive,1
nonagon,1
nonalcoholic,1
nonaligned,1
nonappearance,1
nonappointive,1
nonarbitrable,1
nonarbitrary,1
nonarboreal,1
nonassertive,1
nonassociative,1
nonastringent,1
nonattendance,1
nonautonomous,1
nonbearing,1
nonbeing,1
nonbelligerent,1
noncaloric,1
noncarbonated,1
noncausal,1
noncausative,1
nonce,1
noncellular,1
nonchalance,1
nonchalant,1
nonchalantly,1
nonchristian,1
nonchurchgoing,1
noncivilised,1
noncivilized,1
nonclassical,1
noncollapsable,1
noncollapsible,1
noncolumned,1
noncombatant,1
noncombinative,1
noncombining,1
noncombustible,1
noncommercial,1
noncommissioned,1
noncommittal,1
noncommunicable,1
noncompetitive,1
noncompetitively,1
noncompliance,1
noncompliant,1
noncomprehensive,1
noncomprehensively,1
nonconcentric,1
nonconducting,1
nonconductive,1
nonconforming,1
nonconformist,1
nonconscious,1
noncontagious,1
noncontentious,1
noncontinuous,1
noncontroversial,1
nonconvergent,1
noncritical,1
noncrucial,1
noncrystalline,1
noncurrent,1
noncyclic,1
noncyclical,1
nondeductible,1
nondenominational,1
nondescript,1
nondevelopment,1
nondigestible,1
nondisjunction,1
nondisposable,1
nonechoic,1
noneffervescent,1
nonelected,1
nonelective,1
nonenterprising,1
nonentity,1
nonenzymatic,1
nonequivalence,1
nonequivalent,1
nonessential,1
nonetheless,1
nonevent,1
nonexempt,1
nonexistent,1
nonexplorative,1
nonexploratory,1
nonexplosive,1
nonextant,1
nonextensile,1
nonfat,1
nonfatal,1
nonfeasance,1
nonfiction,1
nonfictional,1
nonfigurative,1
nonfinancial,1
nonfinite,1
nonfissile,1
nonfissionable,1
nonflammable,1
nonflavored,1
nonflavoured,1
nonflowering,1
nonfunctional,1
nonglutinous,1
nongranular,1
nongregarious,1
nonhairy,1
nonharmonic,1
nonhereditary,1
nonheritable,1
nonhierarchic,1
nonhierarchical,1
nonhuman,1
nonidentity,1
nonimitative,1
nonimmune,1
nonindulgence,1
nonindulgent,1
nonindustrial,1
noninfectious,1
noninflammatory,1
noninheritable,1
noninstitutional,1
noninstitutionalised,1
noninstitutionalized,1
nonintegrated,1
nonintellectual,1
noninterchangeable,1
noninterference,1
nonintersecting,1
nonintervention,1
noninvasive,1
noninvasiveness,1
nonionised,1
nonionized,1
nonjudgmental,1
nonkosher,1
nonleaded,1
nonlegal,1
nonlethal,1
nonlexical,1
nonlexically,1
nonlinguistic,1
nonliteral,1
nonliterary,1
nonliterate,1
nonliving,1
nonmagnetic,1
nonmandatory,1
nonmaterial,1
nonmeaningful,1
nonmechanical,1
nonmechanistic,1
nonmedicinal,1
nonmetal,1
nonmetallic,1
nonmetals,1
nonmetamorphic,1
nonmigratory,1
nonmilitary,1
nonmodern,1
nonmonotonic,1
nonmotile,1
nonmoving,1
nonmusical,1
nonnative,1
nonnatural,1
nonnegative,1
nonnomadic,1
nonnormative,1
nonobjective,1
nonobligatory,1
nonobservance,1
nonobservant,1
nonoccurrence,1
nonopening,1
nonoperational,1
nonoptimality,1
nonoscillatory,1
nonparallel,1
nonparametric,1
nonparasitic,1
nonpareil,1
nonpareille,1
nonparticipation,1
nonparticulate,1
nonpartisan,1
nonpartisanship,1
nonpartizan,1
nonpasserine,1
nonperformance,1
nonperiodic,1
nonpersonal,1
nonphotosynthetic,1
nonphysical,1
nonplus,1
nonplused,1
nonplussed,1
nonpoisonous,1
nonpolar,1
nonpolitical,1
nonporous,1
nonpregnant,1
nonprehensile,1
nonprescription,1
nonproductive,1
nonprofessional,1
nonprognosticative,1
nonproliferation,1
nonproprietary,1
nonprotractile,1
nonpsychoactive,1
nonpublic,1
nonpurulent,1
nonracial,1
nonracist,1
nonradioactive,1
nonrandom,1
nonrational,1
nonreciprocal,1
nonreciprocating,1
nonrecreational,1
nonreflecting,1
nonreflective,1
nonremittal,1
nonrenewable,1
nonrepetitive,1
nonrepresentational,1
nonrepresentative,1
nonresident,1
nonresidential,1
nonresilient,1
nonresinous,1
nonresiny,1
nonresistance,1
nonresistant,1
nonresonant,1
nonrestrictive,1
nonreticulate,1
nonretractable,1
nonretractile,1
nonreturnable,1
nonreversible,1
nonrhythmic,1
nonrigid,1
nonruminant,1
nonsectarian,1
nonsegmental,1
nonsegregated,1
nonsensical,1
nonsensicality,1
nonsensitive,1
nonsexual,1
nonsignificant,1
nonskid,1
nonslip,1
nonslippery,1
nonsocial,1
nonsovereign,1
nonspatial,1
nonspeaking,1
nonspecific,1
nonspecifically,1
nonspherical,1
nonstandard,1
nonstandardness,1
nonsteroidal,1
nonstick,1
nonstructural,1
nonsubjective,1
nonsubmergible,1
nonsubmersible,1
nonsuppurative,1
nonsurgical,1
nonsweet,1
nonsyllabic,1
nonsymbiotic,1
nonsynchronous,1
nonsynthetic,1
nontaxable,1
nontechnical,1
nontelescopic,1
nontelescoping,1
nonterritorial,1
nonthermal,1
nontoxic,1
nontoxicity,1
nontraditional,1
nontransferable,1
nontranslational,1
nontransmissible,1
nontronite,1
nonturbulent,1
nonuniform,1
nonuniformity,1
nonunion,1
nonunionised,1
nonunionized,1
nonuple,1
nonvenomous,1
nonverbal,1
nonverbally,1
nonviable,1
nonviolence,1
nonviolent,1
nonviolently,1
nonviscid,1
nonvisual,1
nonvolatile,1
nonvolatilisable,1
nonvolatilizable,1
nonvoluntary,1
nonwashable,1
nonwoody,1
noodles,1
nookie,1
nooky,1
noonday,1
noontide,1
nootka,1
noradrenaline,1
noradrenaline(1+),1
noreaster,1
norepinephrine,1
norflurazon,1
normalisation,1
normalise,1
normalization,1
normally,1
norman,1
normanichthyidae,1
normaphone,1
normotensive,1
normothermia,1
norovirus,1
northbound,1
northeaster,1
northeasterly,1
northeastern,1
northeastwardly,1
norther,1
northernmost,1
northernness,1
northmost,1
northwester,1
northwesterly,1
northwestern,1
northwestwardly,1
noruz,1
norway,1
nosebleed,1
nosecount,1
noseless,1
nosema,1
nosework,1
nosey,1
nosh,1
nosiness,1
nosocomial,1
nosohusial,1
nosology,1
nostalgic,1
nostalgically,1
nostoc,1
nosy,1
notably,1
notacanthidae,1
notacanthiformes,1
notam,1
notarise,1
notarize,1
notary,1
notate,1
notebook,1
notepaper,1
noteworthy,1
nothofagus,1
noticeability,1
noticeable,1
noticeableness,1
noticeably,1
notifiable,1
notional,1
notocheiridae,1
notodontidae,1
notograptidae,1
notohaliotis,1
notonecta,1
notonectidae,1
notopteridae,1
notopteroidei,1
notopterus,1
notoriety,1
notorious,1
notoriously,1
notoryctemorphia,1
notoryctes,1
notoryctidae,1
notosudidae,1
nototheniidae,1
notturno,1
notwithstanding,1
nought,1
noumenon,1
nourishment,1
nous,1
nov,1
novate,1
novation,1
novelette,1
novelisation,1
novelise,1
novelization,1
novelize,1
novella,1
november,1
novena,1
novial,1
noviciate,1
novillada,1
novitiate,1
nowise,1
nowness,1
nowrooz,1
nowruz,1
noxious,1
noxiously,1
noxiousness,1
nozzles,1
nplooj,1
nrem,1
nsu,1
nth,1
nu,1
nuarimol,1
nubbiness,1
nubble,1
nubbly,1
nubby,1
nubile,1
nucleases,1
nucleobase,1
nucleologenesis,1
nucleon,1
nucleonics,1
nucleoproteins,1
nucleorhabdovirus,1
nucleosidases,1
nucleosides,1
nucleosynthesis,1
nucleotidase,1
nucleotides,1
nuculanidae,1
nudeness,1
nudism,1
nudity,1
nugatory,1
nukleonenzahl,1
nullified,1
nulliparous,1
numberless,1
numbly,1
numerable,1
numeracy,1
numerator,1
numerically,1
numerological,1
numerology,1
numerosity,1
numerous,1
numerousness,1
numidian,1
numismatics,1
numismatology,1
nun,1
nunavut,1
nung,1
nunun,1
nuphar,1
nuptial,1
nuptials,1
nurtural,1
nurturance,1
nurturant,1
nutate,1
nutbrown,1
nutlike,1
nutmegs,1
nutraceutical,1
nutria,1
nutrify,1
nutritional,1
nutritionally,1
nutritionary,1
nutritious,1
nutritiousness,1
nutritive,1
nutritiveness,1
nuttily,1
nutty,1
nuzhe,1
nuzzle,1
nw,1
nwbn,1
nwbw,1
nyamwezi,1
nyatiti,1
nybble,1
nyckelharpa,1
nyctaginaceae,1
nyctiphanes,1
nyctophobia,1
nycturia,1
nyele,1
nymphaea,1
nymphaeaceae,1
nymphaeales,1
nymphalidae,1
nympholepsy,1
nymphomaniac,1
nymphomaniacal,1
nymphula,1
nynnypilli,1
nynorsk,1
nyomás,1
nypa,1
nysius,1
nyssa,1
nyssaceae,1
nystatin,1
nzango,1
nzoro,1
nzumari,1
o.d.,1
o.e.d.,1
o'clock,1
o'er,1
oafish,1
oaken,1
oarsmanship,1
oas,1
oaten,1
oaxaca,1
ob,1
obadiah,1
obbligato,1
obclavate,1
obconical,1
obduracy,1
obdurate,1
obdurately,1
obeah,1
obedient,1
obediently,1
obelion,1
oberea,1
oberflächenspannung,1
obese,1
obfuscate,1
obi,1
obiism,1
obit,1
obituaries,1
obituary,1
objectification,1
objectify,1
objectionable,1
objectionableness,1
objectionably,1
objectively,1
objectiveness,1
objectivity,1
objectivization,1
objem,1
objętość,1
objurgate,1
objurgation,1
oblateness,1
obligational,1
obligato,1
obligatorily,1
obligatory,1
obligingly,1
obligingness,1
obliquely,1
obliqueness,1
obliterable,1
obliterated,1
oblivious,1
obliviousness,1
oblongness,1
obnoxious,1
obnoxiously,1
obnoxiousness,1
oboe,1
obokano,1
obolus,1
obrom,1
obscene,1
obscenely,1
obscurely,1
obsequious,1
obsequiously,1
obsequiousness,1
obsequy,1
observable,1
observably,1
observant,1
observantly,1
observational,1
observers,1
observingly,1
obsessional,1
obsessionally,1
obsessive,1
obsessively,1
obsessiveness,1
obsessivity,1
obsolesce,1
obsolescence,1
obsolescent,1
obsolete,1
obsoleteness,1
obstetric,1
obstetrical,1
obstinacy,1
obstinance,1
obstinately,1
obstipate,1
obstreperous,1
obstreperously,1
obstreperousness,1
obstructionism,1
obstructive,1
obstructively,1
obstruent,1
obtainable,1
obtainment,1
obtectomera,1
obtention,1
obtrusive,1
obtrusively,1
obtrusiveness,1
obtund,1
obturate,1
obtusely,1
obverse,1
obviating,1
obviation,1
obviously,1
obviousness,1
ocam,1
ocarina,1
occasionally,1
occidentalise,1
occidentalize,1
occipital,1
occipitalis,1
occitan,1
occlude,1
occluded,1
occultation,1
occultism,1
occupational,1
occupations,1
oceangoing,1
oceania,1
oceanographers,1
oceanology,1
ocellated,1
ocellus,1
ochnaceae,1
ochotona,1
ochotonidae,1
ochratoxicosis,1
ochratoxins,1
ochroma,1
ocimum,1
ocotea,1
oct,1
octad,1
octagonal,1
octahedron,1
octal,1
octameter,1
octangular,1
octathlon,1
octavilla,1
octavin,1
octavina,1
octavist,1
octavo,1
octette,1
octillion,1
octoban,1
octobass,1
october,1
octogenarian,1
octonary,1
octophone,1
octopodidae,1
octopoteuthidae,1
octosyllabic,1
octosyllable,1
octroi,1
octuple,1
oculism,1
ocypode,1
ocypodidae,1
ocythoidae,1
ocyurus,1
od,1
odacidae,1
oddish,1
oddity,1
oddly,1
ode,1
odeca,1
odious,1
odiously,1
odiousness,1
odobenus,1
odocoileus,1
odonata,1
odontalgia,1
odontaspididae,1
odontaspis,1
odontiasis,1
odontoblast,1
odontobutidae,1
odontoclast,1
odontodactylidae,1
odontodactylus,1
odontode,1
odontodysplasia,1
odontogenesis,1
odontoglossum,1
odontoids,1
odontology,1
odontoma,1
odontotermes,1
odoriferous,1
odorize,1
odourise,1
odourless,1
odrecillo,1
oebalus,1
oecanthus,1
oecd,1
oecophoridae,1
oecophylla,1
oecumenic,1
oecumenical,1
oed,1
oedaleus,1
oenanthe,1
oenocarpus,1
oenococcus,1
oenopia,1
oenothera,1
oersted,1
oesophagitis,1
oesophagostomum,1
oesophagus,1
oestridae,1
oestrogens,1
oestrus,1
offal,1
offenceless,1
offences,1
offenseless,1
offensively,1
offensiveness,1
offhandedly,1
officialese,1
officialise,1
officialize,1
officially,1
officiating,1
officiation,1
officious,1
officiously,1
officiousness,1
offish,1
offprint,1
offsaddle,1
offshoot,1
offshoots,1
offsides,1
ofo,1
oft,1
oftener,1
oftenness,1
oftentimes,1
ofttimes,1
ogalala,1
ogcocephalidae,1
ogdoad,1
ogene,1
oglala,1
ogle,1
ogyrididae,1
ohio,1
ohmage,1
ohmic,1
oidiopsis,1
oidium,1
oiketicus,1
oiliness,1
oilseeds,1
oily,1
ojibwa,1
ojibway,1
oka,1
okeh,1
okey,1
okinawa,1
oklahoma,1
okónkolo,1
okras,1
okraulo,1
oktawka,1
oktoberfest,1
okuelé,1
olacaceae,1
olaquindox,1
olden,1
oldie,1
oldish,1
oldline,1
oldness,1
olea,1
oleaceae,1
oleaceous,1
oleaginous,1
oleaginousness,1
olecranon,1
olein,1
oleography,1
oleophilic,1
oleophobic,1
oleoresins,1
olfactive,1
olfactology,1
olfactory,1
olifant,1
oligarchic,1
oligarchical,1
oligoarthritis,1
oligochaeta,1
oligodendrocyte,1
oligodendroglioma,1
oligogalacturonide,1
oligohydramnios,1
oligonychus,1
oligopeptides,1
oligosaccharides,1
oligosacchariduria,1
oligospermia,1
oligozoospermia,1
oliphant,1
olivelike,1
olividae,1
olkipilli,1
ollari,1
ollulanus,1
ology,1
olpidium,1
olulo,1
olympic,1
olympics,1
olyridae,1
omaha,1
oman,1
omani,1
omdurman,1
omele,1
omerta,1
omichicahuaztli,1
omicron,1
ominous,1
ominously,1
ominousness,1
omissible,1
omissive,1
ommastrephes,1
ommastrephidae,1
ommatidium,1
ommatissus,1
omnidirectional,1
omnifarious,1
omnipotence,1
omnipotent,1
omnipresence,1
omnipresent,1
omniscience,1
omniscient,1
omnium,1
omnivorous,1
omnivorousness,1
omnivory,1
omniwerk,1
omophagia,1
omosternum,1
omosudidae,1
omotic,1
omphalitis,1
omphalophlebitis,1
omphalopleure,1
omphaloskepsis,1
omubanda,1
onagraceae,1
onanism,1
onavillu,1
onchocerca,1
onchocercidae,1
oncideres,1
oncidium,1
oncobasidium,1
oncocyte,1
oncogenicity,1
oncologic,1
oncological,1
oncopeltus,1
oncovirinae,1
ondioline,1
oneida,1
oneiric,1
oneirism,1
oneirodidae,1
oneiromancy,1
onerous,1
onerously,1
onerousness,1
onetime,1
ongoing,1
ongu,1
onnoven,1
onobrychis,1
onomancy,1
onomastic,1
onomasticon,1
onomastics,1
onomatomania,1
onomatopoeia,1
onomatopoeical,1
onondaga,1
onopordum,1
onside,1
ontario,1
onthophagus,1
ontogenesis,1
ontogenetic,1
ontogeny,1
ontological,1
ontologies,1
ontology,1
onugadu,1
onuphidae,1
onus,1
onwards,1
onychauxis,1
onychiuridae,1
onychiurus,1
onychogryphosis,1
onychoheterotopia,1
onychomadesis,1
onychophora,1
onychosis,1
onychoteuthidae,1
onychotillomania,1
onygenales,1
onymous,1
oocystaceae,1
oocysts,1
oocyte,1
oocytes,1
oodles,1
ooencyrtus,1
ooh,1
oology,1
oomph,1
oomycetes,1
oomyzus,1
oophorectomy,1
oophorosalpingectomy,1
ooplasm,1
oopoochawa,1
oosporein,1
oospores,1
oozy,1
op–z,1
opacification,1
opacify,1
opah,1
opalescent,1
opalinata,1
opaline,1
opalise,1
opalize,1
opaquely,1
opaqueness,1
opencast,1
opencut,1
opener,1
openhanded,1
openhandedness,1
openhearted,1
openly,1
openmouthed,1
openness,1
operable,1
operand,1
operant,1
operatic,1
operationalism,1
operationalist,1
operationally,1
operative,1
operatively,1
operator,1
opercle,1
operculate,1
operculated,1
operetta,1
operons,1
operophtera,1
operose,1
operoseness,1
ophichthidae,1
ophicleide,1
ophidiaria,1
ophidiidae,1
ophidism,1
ophiobolus,1
ophiocephaliformes,1
ophiocephalus,1
ophiolatry,1
ophiomyia,1
ophiostoma,1
ophiostomatales,1
ophioviridae,1
ophiuroidea,1
ophryon,1
ophryoscolex,1
ophrys,1
ophthalmectomy,1
ophthalmia,1
ophthalmic,1
ophthalmitis,1
ophthalmology,1
ophthalmoparesis,1
ophthalmoscopy,1
opiliaceae,1
opiliones,1
opinionated,1
opinionative,1
opisina,1
opisthion,1
opisthocoelous,1
opisthocranion,1
opisthognathous,1
opisthokonta,1
opisthoproctidae,1
opisthorchiasis,1
opisthorchiidae,1
opisthorchis,1
opisthosome,1
opisthoteuthidae,1
opisthotic,1
opisthotonos,1
opisthotonus,1
opistognathidae,1
opium,1
opius,1
oplegnathidae,1
oplophoridae,1
opogona,1
opomyza,1
opomyzidae,1
opopanax,1
opportune,1
opportunely,1
opportuneness,1
opportunism,1
opportunist,1
opportunistic,1
opposable,1
oppositely,1
oppositeness,1
oppositionality,1
oppositive,1
oppressive,1
oppressively,1
opprobrious,1
opprobrium,1
oppugn,1
opsoclonus,1
opsonisation,1
opsonization,1
opsonize,1
opt,1
optez,1
optic,1
optical,1
optically,1
optimal,1
optimally,1
optimisation,1
optimistic,1
optimistically,1
optimization,1
optionality,1
optionally,1
optometry,1
opulence,1
opulent,1
opulently,1
opuntia,1
opuntiales,1
opus,1
orad,1
orally,1
orangeness,1
orangequats,1
orangery,1
orangish,1
orate,1
oration,1
oratorical,1
oratorio,1
oratory,1
oratosquilla,1
oratosquillina,1
orbiculate,1
orbiliales,1
orbital,1
orbitosphenoid,1
orbitual,1
orbivirus,1
orcaella,1
orchestral,1
orchestrated,1
orchestrion,1
orchestron,1
orchidaceae,1
orchidalgia,1
orchidectomy,1
orchiectomy,1
orchiopexy,1
orchis,1
orchotomy,1
orcinus,1
orconectes,1
ordained,1
orderly,1
ordinances,1
ordinarily,1
ordinariness,1
ordonnance,1
orectolobidae,1
orectolobiformes,1
oregon,1
oreochromis,1
oreosomatidae,1
orestias,1
organetto,1
organically,1
organicism,1
organicistic,1
organification,1
organisational,1
organised,1
organismal,1
organismic,1
organizational,1
organizationally,1
organogenesis,1
organola,1
organon,1
orgasm,1
orgiastic,1
orgy,1
orgyia,1
oriental,1
orientalise,1
orientalize,1
orientate,1
orientated,1
orientating,1
oriente,1
orienteering,1
orifice,1
oriflamme,1
origami,1
origanum,1
originalism,1
originally,1
originative,1
orinasal,1
orison,1
orissa,1
orius,1
oriya,1
orleanism,1
orleans,1
orlo,1
ornamental,1
ornamentalism,1
ornamentally,1
ornate,1
ornately,1
orneriness,1
ornery,1
ornithine,1
ornithinuria,1
ornithobacterium,1
ornithodoros,1
ornithogalum,1
ornithological,1
ornithologists,1
ornithonyssus,1
ornithophily,1
ornithopus,1
ornithorhynchidae,1
ornithosis,1
orobanchaceae,1
orobanche,1
orography,1
orology,1
oropharyngeal,1
oropharynx,1
oroticaciduria,1
orotund,1
orphanage,1
orphanhood,1
orpharion,1
orphica,1
orseolia,1
orthobunyavirus,1
orthochorea,1
orthoclase,1
orthocoronavirinae,1
orthodentine,1
orthodeoxia,1
orthodontia,1
orthodontic,1
orthodontics,1
orthodonture,1
orthogonal,1
orthographic,1
orthokeratosis,1
orthomolecular,1
orthomyxoviridae,1
orthopaedic,1
orthopedic,1
orthopedical,1
orthopedics,1
orthophotography,1
orthopoxvirus,1
orthopristis,1
orthops,1
orthoptera,1
orthoptic,1
orthoptics,1
orthorexia,1
orthosia,1
orthostatic,1
orthosulfamuron,1
orthotomicus,1
orthotonophonium,1
orthotropous,1
orutu,1
orwellian,1
orycteropodidae,1
oryctes,1
oryctolagus,1
oryx,1
oryza,1
oryzaephilus,1
oryzalin,1
oryzopsis,1
os,1
osage,1
oscan,1
oscar,1
oscheocele,1
oscheocoele,1
oscillatoriaceae,1
oscillatory,1
oscillopsia,1
oscine,1
oscinella,1
oscitant,1
osmeridae,1
osmerus,1
osmia,1
osmium,1
osmoconditioning,1
osmolarity,1
osmoregulation,1
osmotic,1
osmotically,1
osphradium,1
osphranter,1
osphronemidae,1
osphronemus,1
ossete,1
ossicle,1
ossicone,1
ossicular,1
ossiculate,1
ossiferous,1
ossify,1
ostariophysi,1
osteal,1
osteichthyes,1
ostensibility,1
ostensible,1
ostensibly,1
ostensive,1
ostentate,1
ostentatious,1
ostentatiously,1
ostentatiousness,1
osteoblast,1
osteochondritis,1
osteochondromyxoma,1
osteochondrosis,1
osteoclasis,1
osteoclast,1
osteocyte,1
osteodentine,1
osteofibrosis,1
osteoglossidae,1
osteoglossidei,1
osteoglossocephala,1
osteoglossocephalai,1
osteoglossomorpha,1
osteoid,1
osteon,1
osteonecrosis,1
osteopenia,1
osteopoikilosis,1
osteosclerosis,1
osteotomy,1
ostertagia,1
ostinato,1
ostomy,1
ostraciidae,1
ostracise,1
ostracize,1
ostracoberycidae,1
ostracoda,1
ostrea,1
ostreidae,1
ostrinia,1
ostyak,1
osvetljenost,1
otalgia,1
otamatone,1
otariidae,1
otc,1
oterfløyte,1
otherness,1
otherworld,1
otherworldliness,1
otherworldly,1
otic,1
otididae,1
otidiformes,1
otion,1
otiorhynchus,1
otiose,1
otis,1
otitidae,1
oto,1
otoccipital,1
otodectes,1
otoe,1
otolaryngology,1
otolith,1
otoliths,1
otolithus,1
otology,1
otolymph,1
otomorpha,1
otophysi,1
otoplasty,1
otorhinolaryngology,1
otorrhea,1
ototoxic,1
ōtsuzumi,1
ottavino,1
ottoman,1
ottu,1
oud,1
oudola,1
ouguiya,1
oulema,1
ounce,1
oust,1
ouster,1
ousting,1
outback,1
outbalance,1
outbid,1
outboard,1
outbound,1
outbrave,1
outbreak,1
outbred,1
outbreeding,1
outcall,1
outcast,1
outcaste,1
outclass,1
outclassed,1
outcrop,1
outcrossing,1
outdated,1
outdistance,1
outdo,1
outdoors,1
outdoorsy,1
outdraw,1
outercourse,1
outermost,1
outface,1
outfalls,1
outfight,1
outfit,1
outfitted,1
outfitting,1
outflowing,1
outfox,1
outgeneral,1
outgoing,1
outguess,1
outlandish,1
outlandishly,1
outlandishness,1
outlast,1
outlawry,1
outlet,1
outlined,1
outlive,1
outlying,1
outmaneuver,1
outmanoeuvre,1
outmarch,1
outmatch,1
outmode,1
outmoded,1
outmost,1
outnumber,1
outpace,1
outperform,1
outplay,1
outraged,1
outrageous,1
outrageously,1
outrageousness,1
outrange,1
outrank,1
outre,1
outrigged,1
outrival,1
outro,1
outroar,1
outrun,1
outsail,1
outscore,1
outsell,1
outset,1
outshout,1
outsized,1
outsmart,1
outsource,1
outspan,1
outspoken,1
outspokenly,1
outspokenness,1
outspread,1
outstanding,1
outstandingly,1
outstare,1
outstay,1
outstretched,1
outstroke,1
outtake,1
outvie,1
outvote,1
outwardly,1
outwards,1
outwit,1
ova,1
ovalentaria,1
ovalipes,1
ovarian,1
ovarioles,1
ovaritis,1
ovation,1
ovenbake,1
overabundant,1
overachieve,1
overachievement,1
overact,1
overacting,1
overactive,1
overactivity,1
overaged,1
overall,1
overambitious,1
overanxiety,1
overanxious,1
overappraisal,1
overarm,1
overawe,1
overawed,1
overbearing,1
overbearingly,1
overbearingness,1
overbite,1
overblown,1
overboard,1
overboil,1
overbold,1
overburdened,1
overbusy,1
overcall,1
overcapitalisation,1
overcapitalization,1
overcareful,1
overcautious,1
overclock,1
overclothe,1
overconfidence,1
overconfident,1
overcook,1
overcredulity,1
overcredulous,1
overcritical,1
overcrop,1
overcrowd,1
overcrowding,1
overcultivate,1
overcurious,1
overdelicate,1
overdo,1
overdone,1
overdraft,1
overdramatise,1
overdramatize,1
overdress,1
overdressed,1
overdue,1
overeager,1
overeat,1
overemotional,1
overemphasis,1
overemphasise,1
overemphasize,1
overenthusiastic,1
overexcited,1
overexert,1
overexertion,1
overexploit,1
overexpose,1
overexposure,1
overextend,1
overfamiliar,1
overfamiliarity,1
overfatigue,1
overfed,1
overfeed,1
overfill,1
overfishing,1
overflight,1
overflowing,1
overfly,1
overfond,1
overfriendliness,1
overfull,1
overgeneralise,1
overgeneralize,1
overgenerous,1
overgorge,1
overgrazing,1
overgreedy,1
overgrown,1
overhand,1
overhanded,1
overhang,1
overhasty,1
overhear,1
overheat,1
overheated,1
overheating,1
overindulge,1
overindulgence,1
overindulgent,1
overinterpretation,1
overjealous,1
overjet,1
overjoy,1
overjoyed,1
overladen,1
overland,1
overlarge,1
overlay,1
overleaf,1
overlie,1
overlooked,1
overlooking,1
overlordship,1
overly,1
overlying,1
overmaster,1
overmodest,1
overmuchness,1
overnice,1
overnutrition,1
overpay,1
overplay,1
overplus,1
overpopulate,1
overpopulation,1
overpowering,1
overpoweringly,1
overpressure,1
overprice,1
overpriced,1
overprint,1
overproduce,1
overprotection,1
overprotective,1
overproud,1
overrate,1
overrating,1
overreaching,1
overreact,1
overreaction,1
overreckoning,1
overrefine,1
overrefined,1
overrefinement,1
overripe,1
overrule,1
oversee,1
oversensitive,1
oversensitiveness,1
overserious,1
oversew,1
oversewn,1
oversexed,1
overshielding,1
overside,1
oversimplify,1
oversize,1
oversized,1
oversleep,1
oversolicitous,1
oversowing,1
overspecialise,1
overspecialize,1
overspend,1
overspill,1
overspread,1
overstate,1
overstated,1
overstatement,1
overstay,1
oversteer,1
overstock,1
overstress,1
overstretch,1
overstrung,1
overstuff,1
overstuffed,1
oversubscribed,1
oversuspicious,1
overt,1
overtaking,1
overtax,1
overthink,1
overtire,1
overtly,1
overtolerance,1
overtop,1
overtrump,1
overutilisation,1
overutilization,1
overvaliant,1
overvalue,1
overview,1
overwash,1
overwatch,1
overweary,1
overweening,1
overwhelming,1
overwhelmingly,1
overwinter,1
overwintering,1
overworking,1
overwrite,1
overwrought,1
overzeal,1
overzealous,1
overzealousness,1
oviduct,1
oviducts,1
oviform,1
ovine,1
oviparous,1
oviposition,1
ovipositor,1
ovis,1
ovisac,1
ovoglobulin,1
ovomucin,1
ovoviviparous,1
ovular,1
ovulate,1
ovulidae,1
ovulinia,1
owlish,1
owlishly,1
owlt,1
ownerless,1
oxacillin,1
oxadiazon,1
oxalates,1
oxalic,1
oxalidaceae,1
oxalidales,1
oxalis,1
oxamyl,1
oxfendazole,1
oxidants,1
oxidate,1
oxidative,1
oxide,1
oxides,1
oxidisation,1
oxidise,1
oxidised,1
oxidizable,1
oxidization,1
oxidoreductases,1
oxidoreduction,1
oxidoreductions,1
oximes,1
oxoacid,1
oxoanion,1
oxonian,1
oxonium,1
oxtant,1
oxya,1
oxycarboxin,1
oxycarenus,1
oxyclozanide,1
oxyfluorfen,1
oxygenate,1
oxygenation,1
oxygenise,1
oxygenize,1
oxyhaloidae,1
oxymonadida,1
oxymoron,1
oxynotidae,1
oxyopes,1
oxyopia,1
oxyopidae,1
oxytenanthera,1
oxytetracycline,1
oxytocin,1
oxytone,1
oxytropis,1
oxyuriasis,1
oxyuridae,1
oxyuris,1
oz.,1
ozaena,1
ozena,1
ozokerite,1
ozone,1
ozonise,1
ozonium,1
ozonization,1
ozonize,1
ōzumō,1
p.a.,1
p.e.,1
pa,1
pa'anga,1
pabir,1
pablum,1
pabulum,1
pacemaker,1
pacesetter,1
pachinko,1
pachisi,1
pachnaeus,1
pachycheilia,1
pachyderma,1
pachydermal,1
pachydermic,1
pachydermous,1
pachydiplosis,1
pachygone,1
pachygrapsus,1
pachygyria,1
pachynematus,1
pachyrhizus,1
pachysandra,1
pachytene,1
pacifastacus,1
pacifically,1
pacificism,1
pacifism,1
pacifist,1
pacifistic,1
pacifistically,1
packable,1
paclobutrazol,1
pact,1
padbol,1
paddleboarding,1
paddlefishes,1
paddocks,1
padel,1
padina,1
padlock,1
padus,1
paean,1
paecilomyces,1
paederastic,1
paederasty,1
paederus,1
paediatric,1
paediatrics,1
paedophilia,1
paenibacillus,1
paeonia,1
paeoniaceae,1
paf,1
pagan,1
paganise,1
paganism,1
paganize,1
pagellus,1
paginate,1
pagination,1
pagrus,1
pahlavāni,1
pahlavi,1
pahu,1
paia,1
paiban,1
paidi,1
paigu,1
pail,1
pailful,1
painfully,1
painless,1
painlessly,1
painlessness,1
painstaking,1
painstakingly,1
painstakingness,1
paintable,1
paintball,1
painterly,1
paisa,1
paiute,1
paiwanic,1
paixiao,1
pakhavaj,1
pakistan,1
pakistani,1
palaemon,1
palaemonetes,1
palaemonidae,1
palaeoanthropology,1
palaeobiology,1
palaeoceanography,1
palaeocene,1
palaeoclimate,1
palaeocurrents,1
palaeodendrology,1
palaeoenvironments,1
palaeoethnography,1
palaeogene,1
palaeogeology,1
palaeognathae,1
palaeolatitude,1
palaeolimnology,1
palaeology,1
palaeomagnetism,1
palaeontological,1
palaeontologists,1
palaeopathology,1
palaeornithology,1
palaeosalinity,1
palaeoshorelines,1
palaeosols,1
palaeotemperature,1
palaeotopography,1
palaeozoic,1
palaeozoology,1
palaetiology,1
palaic,1
palant,1
palaquium,1
palatable,1
palatableness,1
palatably,1
palatalise,1
palatalised,1
palatalize,1
palatalized,1
palatine,1
palatoglossal,1
palatopharyngoplasty,1
palau,1
paldong,1
palely,1
palendag,1
paleness,1
paleoanthropological,1
paleoanthropology,1
paleobiology,1
paleobotany,1
paleocene,1
paleoclimatology,1
paleocortex,1
paleocortical,1
paleodendrology,1
paleoecology,1
paleoethnography,1
paleogeography,1
paleogeology,1
paleography,1
paleology,1
paleomammalogy,1
paleontological,1
paleontology,1
paleopathology,1
paleopolyploid,1
paleornithology,1
paleozoology,1
palestine,1
palestinian,1
paletiology,1
paletta,1
palette,1
pali,1
palimony,1
palimpsest,1
palindrome,1
palingenesis,1
palingenetic,1
palinopsia,1
palinuridae,1
palinurus,1
palisade,1
palish,1
palitos,1
paliurus,1
palla,1
palladian,1
palladianism,1
palladium,1
pallapugno,1
pallasea,1
pallet,1
pallets,1
palliation,1
palliative,1
pallid,1
pallidity,1
pallidly,1
pallidness,1
pallidum,1
pallina,1
pallium,1
pally,1
palmar,1
palmariaceae,1
palmas,1
palmate,1
palmately,1
palmatifid,1
palmature,1
palmetum,1
palmistry,1
palmitin,1
palmlike,1
palmy,1
palomena,1
palometa,1
palpability,1
palpable,1
palpably,1
palpate,1
palpation,1
palpatory,1
palpebration,1
palpita,1
palpitant,1
palpitate,1
palpitating,1
palpitation,1
palpitations,1
palsied,1
palter,1
paltering,1
paltriness,1
paltry,1
paludiculture,1
palygorskite,1
palynology,1
pambai,1
pamlico,1
pammene,1
pampas,1
pamphiliidae,1
pamphlet,1
pampus,1
panache,1
panagrellus,1
panagrolaimidae,1
panagrolaimus,1
panama,1
panamanian,1
panarthropoda,1
panax,1
pancarditis,1
panchayats,1
pancolitis,1
pancratium,1
pancreatectomy,1
pancreatic,1
pancreatoblastoma,1
pancrustacea,1
pandaceae,1
pandales,1
pandalidae,1
pandalus,1
pandanaceae,1
pandanales,1
pandanus,1
pandeirão,1
pandeirico,1
pandeiro,1
pandeism,1
pandemics,1
pandemis,1
pandemonium,1
pandiculation,1
pandur,1
pandura,1
pandurate,1
panduri,1
panduriform,1
pandurina,1
panegyrical,1
panencephalitis,1
panentheism,1
pangasiidae,1
pangasius,1
panhandle,1
panhellenic,1
panhypogammaglobulinemia,1
panhypopituitarism,1
panhysterectomy,1
panicky,1
panicled,1
panicles,1
paniculate,1
panicum,1
panipat,1
panjabi,1
panjang,1
panna,1
panniculitis,1
panolis,1
panonychus,1
panoplied,1
panoptic,1
panoptical,1
panorama,1
panoramic,1
panorpida,1
pansa,1
pansinusitis,1
panspermia,1
pansynostosis,1
pantalera,1
pantalon,1
pantalooned,1
pantheism,1
pantheist,1
pantheistic,1
pantherinae,1
panto,1
pantodontidae,1
pantoea,1
pantomorus,1
pantropic,1
pantropical,1
panulirus,1
panus,1
panuveitis,1
pap,1
papain,1
papal,1
papaver,1
papaveraceae,1
paperback,1
paperbacked,1
paperboard,1
paperhanging,1
paperlike,1
paperwork,1
paphiopedilum,1
papilio,1
papilionidae,1
papilionoidea,1
papilionoideae,1
papilla,1
papillate,1
papilliform,1
papillomatous,1
papillose,1
papio,1
papist,1
papistic,1
papistical,1
papovaviridae,1
pappose,1
paprika,1
papuana,1
papula,1
papulovesicle,1
papyrus,1
paqin,1
parabemisia,1
paraboloid,1
paraboloidal,1
parabronchus,1
parabrotulidae,1
paracentesis,1
paracentral,1
paracentrotus,1
parachute,1
parachuting,1
paraclimbing,1
paracoccidioides,1
paracoccus,1
paracone,1
paracosm,1
paracristid,1
paradiddle,1
paradidymis,1
paradigmatic,1
paradisaic,1
paradisaical,1
paradisal,1
paradisiac,1
paradisiacal,1
paradiving,1
paradoxical,1
paradoxically,1
paradoxurus,1
paraduathlon,1
paraesthesia,1
paraffin,1
parafibula,1
parafilaria,1
paraflocculus,1
paraganglioma,1
parageusia,1
paraglossale,1
paragon,1
paragonimidae,1
paragonimus,1
paragram,1
paraguay,1
paraguayan,1
parahyoid,1
paraiba,1
parakysidae,1
paralabrax,1
paralanguage,1
paraleipsis,1
paralepididae,1
paralepsis,1
paraleyrodes,1
paralichthyidae,1
paralichthys,1
paralipomenon,1
paralipsis,1
paralithodes,1
parallax,1
parallelepiped,1
parallelepipedon,1
parallelism,1
parallelize,1
parallelodromous,1
parallelopiped,1
parallelopipedon,1
paralogism,1
paralonchurus,1
paralympics,1
paralyse,1
paralysed,1
paralytical,1
paralyze,1
paralyzed,1
paramagnetic,1
paramagnetism,1
paramecium,1
paramedical,1
parametric,1
parametriotes,1
parametritis,1
parametrium,1
paramilitary,1
paramnesia,1
paramountcy,1
paramphistomidae,1
paramphistomum,1
paramyxoviridae,1
parana,1
paranasal,1
paranephrops,1
paranja,1
pārankū,1
paranormal,1
paranthrene,1
paraoxon,1
paraph,1
paraphaeosphaeria,1
paraphrasis,1
paraphrastic,1
paraphrenia,1
paraplegia/paraparesis,1
paraplegic,1
parapodium,1
parapophysis,1
parapoxvirus,1
parapraxis,1
parapristipoma,1
paraproteinemia,1
parapsychological,1
parapsychology,1
paraquat,1
pararayki,1
parasa,1
parascaris,1
parascorpididae,1
parascylliidae,1
paraseptal,1
paraserianthes,1
parashorea,1
parasilurus,1
parasitaemia,1
parasitemia,1
parasitically,1
parasiticidal,1
parasitoids,1
parasitologists,1
parasitology,1
parasitoses,1
parasomnia,1
parasphenoid,1
parasquilla,1
parastacidae,1
parastatals,1
parastyle,1
parasubiculum,1
parasympathetic,1
parasympatholytics,1
parasympathomimetic,1
parasympathomimetics,1
parathion,1
paratriathlete,1
paratrichodorus,1
paratuberculosis,1
paratylenchidae,1
paratylenchus,1
paratyphoid,1
parazenidae,1
parazoa,1
parboil,1
parcellation,1
parch,1
parched,1
parcheesi,1
parchesi,1
parchisi,1
pardonable,1
pardonably,1
paregmenon,1
pareidolia,1
parelaphostrongylus,1
parelloop,1
parenesis,1
parentally,1
parenteral,1
parenterally,1
parenthesis,1
parenthetic,1
parenthetically,1
parenthood,1
parentless,1
pareve,1
parget,1
pargeting,1
pargetting,1
parheliacal,1
parhelic,1
parhelion,1
parhypural,1
parietal,1
parimutuel,1
paripinnate,1
parisian,1
parisology,1
parji,1
pärk,1
parkapzuk,1
parkia,1
parkinson's,1
parkinsonia,1
parkrun,1
parky,1
parlance,1
parlatoria,1
parlous,1
parmentiera,1
parmesan,1
parochialism,1
parochially,1
paroicous,1
paromola,1
paronomasia,1
paronym,1
paroophoron,1
parosamia,1
parosmia,1
parotid,1
parousia,1
paroxysm,1
paroxysmal,1
paroxytone,1
parquet,1
parr,1
parricide,1
parrotlike,1
parsec,1
parseeism,1
parser,1
parsiism,1
parsimonious,1
parsimoniousness,1
parsimony,1
parsnips,1
partenopeas,1
parthenium,1
parthenogenetic,1
parthenogeny,1
parthenolecanium,1
partially,1
partialness,1
partible,1
participatory,1
participle,1
particolored,1
particoloured,1
particularisation,1
particularise,1
particularised,1
particularism,1
particularistic,1
particularity,1
particularization,1
particularize,1
particularized,1
particularly,1
particulate,1
particulates,1
partisan,1
partisanship,1
partita,1
partitiviridae,1
partitivirus,1
partizan,1
partnerships,1
partridges,1
partsong,1
parttime,1
parturiency,1
parve,1
parvenu,1
parvenue,1
parvoviridae,1
pas,1
pasch,1
pascha,1
paschal,1
pascopyrum,1
paseíllo,1
pashto,1
pashtu,1
pasigraphy,1
pasiphaeidae,1
paspalidium,1
paspalum,1
pasquinade,1
passable,1
passably,1
passado,1
passalurus,1
passamezzo,1
passant,1
passbook,1
passe,1
passee,1
passel,1
passepied,1
passer,1
passeridae,1
passerine,1
passero,1
passiflora,1
passifloraceae,1
passim,1
passionately,1
passionateness,1
passionless,1
passively,1
passiveness,1
passivism,1
passivity,1
passover,1
password,1
pasta,1
pastelike,1
paster,1
pasteurella,1
pasteuria,1
pasteurian,1
pasteurisation,1
pasteurise,1
pasteurised,1
pasteurize,1
pasteurized,1
pasteurizers,1
pastiche,1
pastime,1
pastinaca,1
pastırma,1
pastness,1
pastorale,1
pastoralism,1
pastoralists,1
pastorate,1
pastorship,1
pasty,1
pataca,1
pataecidae,1
patagium,1
pataphysics,1
patchily,1
patchiness,1
patchwork,1
pate,1
patella,1
patellar,1
patellidae,1
patelliform,1
patency,1
patently,1
paternalism,1
paternalistic,1
paternally,1
paternoster,1
pathéphone,1
pathetic,1
pathetically,1
pathless,1
pathogenic,1
pathogenically,1
pathologically,1
pathotypes,1
patiently,1
patinate,1
patinise,1
patinize,1
patness,1
patois,1
patriarchic,1
patricentric,1
patrician,1
patricide,1
patrilineage,1
patrilineal,1
patrilineally,1
patrilinear,1
patrimonial,1
patrimony,1
patrinia,1
patriotic,1
patriotically,1
patriotism,1
patristic,1
patristical,1
patronised,1
patronising,1
patronisingly,1
patronized,1
patronizing,1
patronizingly,1
patronless,1
patronym,1
pattala,1
pattung,1
patulin,1
patwin,1
paucity,1
pauline,1
paullinia,1
paulownia,1
paulowniaceae,1
paunchiness,1
paunchy,1
pauperisation,1
pauperise,1
pauperism,1
pauperize,1
pauropoda,1
pāva,1
pavlovian,1
pavo,1
pavonia,1
pawky,1
pawnee,1
pawpaws,1
pax,1
paxillus,1
paxto,1
payables,1
paycheck,1
payday,1
paye,1
paygrade,1
payola,1
payroll,1
paysheet,1
payslip,1
paywall,1
pbfds,1
pbit,1
pbone,1
pcr,1
pct,1
pdl,1
pe,1
peaceable,1
peaceableness,1
peaceably,1
peacebuilding,1
peacefully,1
peacetime,1
peachy,1
peafowl,1
peaky,1
pealing,1
pean,1
pearlescent,1
pearly,1
peasanthood,1
peasantry,1
peat,1
peatlands,1
peaty,1
pebbly,1
pebibit,1
pebibyte,1
pecans,1
peccable,1
peccadillo,1
peccant,1
peckish,1
pecora,1
pectases,1
pecten,1
pectic,1
pectinate,1
pectineal,1
pectinesterase,1
pectinidae,1
pectiniidae,1
pectinophora,1
pectins,1
pectoantebrachialis,1
pectobacterium,1
pectoral,1
peculate,1
peculation,1
peculiar,1
peculiarly,1
pecuniary,1
pecutan,1
pęd,1
pedagogic,1
pedagogical,1
pedagogically,1
pedagogics,1
pedaliaceae,1
pedalling,1
pedantic,1
pedantically,1
pedantry,1
pedate,1
peddle,1
peddling,1
pederastic,1
pederasty,1
pedesis,1
pedestal,1
pedestrian,1
pediatric,1
pediatrics,1
pedicel,1
pedicellaria,1
pedicellate,1
pedicels,1
pediculosis,1
pediculus,1
pedigreed,1
pedigrees,1
pedinophyceae,1
pediobius,1
pediocins,1
pediococcus,1
pedon,1
pedophilia,1
pedoturbation,1
peduncle,1
peekaboo,1
peepshow,1
peerless,1
peerlessness,1
peeved,1
peevish,1
peevishly,1
peganum,1
pegasidae,1
pegomya,1
pehlevi,1
pehlwani,1
peiron,1
pejorative,1
pejoratively,1
pekmez,1
pēktis,1
pelagianism,1
pelagic,1
pelagiidae,1
pelargonidin,1
pelargonium,1
pelecaniformes,1
pelecypod,1
pelecypodous,1
pelf,1
peliosis,1
pellagra,1
pelleting,1
pellicularia,1
pellionia,1
pellucid,1
pellucidity,1
pellucidly,1
pellucidness,1
peloderinae,1
peloponnesian,1
pelota,1
peltate,1
pelter,1
pelting,1
peltophorum,1
pelvic,1
pelvimetry,1
pempheridae,1
pemphigidae,1
pemphigous,1
pemphigus,1
pena,1
penaeidae,1
penaeus,1
penalisation,1
penalise,1
penalization,1
penalize,1
penally,1
pencahayaan,1
penchant,1
pendant,1
pendent,1
pendimethalin,1
pendulous,1
penetrability,1
penetrable,1
penetratingly,1
penetrative,1
penetratively,1
penetrator,1
penetrometers,1
penial,1
penicillamine,1
penicillins,1
penicillium,1
penile,1
peninsular,1
peniophora,1
penitence,1
penitent,1
penitential,1
penitentially,1
penitentiary,1
penitently,1
penmanship,1
penn'orth,1
pennahia,1
pennant,1
pennate,1
penni,1
penniless,1
pennilessness,1
pennisetum,1
pennsylvania,1
pennsylvanian,1
pennyweight,1
pennyworth,1
penology,1
pensionable,1
pensions,1
pensive,1
pensively,1
penstemon,1
pentacerotidae,1
pentachlorophenol,1
pentacle,1
pentacme,1
pentad,1
pentagram,1
pentahedron,1
pentalonia,1
pentamerous,1
pentameter,1
pentangle,1
pentangular,1
pentaploid,1
pentaprion,1
pentas,1
pentastomida,1
pentasyllabic,1
pentateuch,1
pentatomidae,1
pentatone,1
pentatonic,1
pentatrichomonas,1
pentavalent,1
pentecost,1
pentecostal,1
pentecostalism,1
penthaleidae,1
penthaleus,1
pentito,1
pentobarbital,1
pentosans,1
pentoses,1
penuchle,1
penult,1
penultima,1
penumbra,1
penumbral,1
penurious,1
penuriously,1
penury,1
penutian,1
pep,1
pepa,1
peperomia,1
pepino,1
peponocephala,1
pepperiness,1
peppery,1
peppiness,1
peppy,1
pepsin,1
peptic,1
peptidases,1
peptide,1
peptides,1
peptisation,1
peptise,1
peptization,1
peptize,1
peptococcaceae,1
peptococcus,1
peptonephridium,1
peptostreptococcus,1
peracute,1
perambulating,1
perambulation,1
perca,1
perceivable,1
percentile,1
percept,1
perceptibility,1
perceptible,1
perceptibly,1
perceptively,1
perceptivity,1
perceptual,1
perceptuality,1
perceptually,1
perchance,1
percichthyidae,1
percidae,1
percipient,1
percoidei,1
percomorphaceae,1
percophidae,1
percopsidae,1
percopsiformes,1
percuss,1
percussion,1
percussive,1
percutaneous,1
perdition,1
perdix,1
perdurability,1
perdurable,1
peregrinate,1
peregrination,1
peregrine,1
peregrinus,1
peremptorily,1
peremptory,1
perennate,1
perennation,1
perennially,1
peresean,1
perestroika,1
perfecta,1
perfectibility,1
perfectible,1
perfectionism,1
perfective,1
perfectly,1
perfervid,1
perfidious,1
perfidiously,1
perfidiousness,1
perfluidone,1
perforated,1
perforation,1
perforce,1
perfumed,1
perfumery,1
perfunctorily,1
perfunctory,1
perfuse,1
perfusion,1
pergularia,1
periallocortex,1
perianal,1
perianth,1
periarteritis,1
peribatodes,1
pericardiac,1
pericardial,1
pericarp,1
pericementoclasia,1
pericentral,1
perichondrium,1
perichordal,1
periconia,1
periconiella,1
pericopsis,1
pericranium,1
pericyte,1
peridinium,1
peridroma,1
perifolliculitis,1
perigon,1
perigonal,1
perilampidae,1
perileucoptera,1
perilla,1
perillartine,1
perilobular,1
perilous,1
perilously,1
perilousness,1
perilymph,1
perilymphatic,1
perimenopausal,1
perimysium,1
perinasal,1
perinatal,1
perinatology,1
perineotomy,1
perinephritis,1
perineurium,1
periodically,1
periodicals,1
periodontal,1
periodontia,1
periodontic,1
periodontics,1
periodontium,1
periosteum,1
periostin,1
periostosis,1
peripateticism,1
peripeteia,1
peripetia,1
peripety,1
peripherally,1
periphrasis,1
periphrastic,1
periphyton,1
periplaneta,1
periploca,1
peripteral,1
perirhinal,1
perishability,1
perishable,1
perishableness,1
peristediidae,1
peristenus,1
peristylar,1
perithelial,1
peritoneal,1
peritrichia,1
peritrichous,1
periumbilical,1
periwigged,1
perjure,1
perjury,1
perkily,1
perkinosis,1
perkinsiella,1
perky,1
perleche,1
perlite,1
perm,1
permaculture,1
permafrost,1
permanency,1
permanently,1
permanganates,1
permeableness,1
permeance,1
permeant,1
permeative,1
permed,1
permethrin,1
permic,1
permissibility,1
permissible,1
permissibly,1
permissive,1
permissively,1
permissiveness,1
permissivism,1
permittivity,1
permutability,1
permutable,1
permutableness,1
permute,1
perna,1
pernambuco,1
pernicious,1
perniciously,1
perniciousness,1
pernickety,1
pernio,1
peromelia,1
peroneal,1
peroneus,1
peronophythora,1
peronosclerospora,1
peronospora,1
peronosporaceae,1
peronosporales,1
perorate,1
peroration,1
peroxidases,1
peroxidation,1
peroxide,1
peroxides,1
peroxisomes,1
perpendicularly,1
perpetrate,1
perpetration,1
perpetual,1
perpetually,1
perpetuate,1
perpetuation,1
perpetuity,1
perplexed,1
perplexedly,1
perplexing,1
perplexity,1
perry,1
persea,1
persecute,1
persecution,1
perseverate,1
perseveringly,1
persicaria,1
persiflage,1
persistency,1
persistently,1
persnickety,1
personable,1
personableness,1
personalise,1
personalised,1
personalize,1
personalized,1
personally,1
personalty,1
personation,1
personhood,1
personidae,1
perspicacious,1
perspicaciousness,1
perspicuity,1
perspicuous,1
perspicuously,1
perspicuousness,1
perspiration,1
perspire,1
persuadable,1
persuasible,1
persuasive,1
persuasively,1
persuasiveness,1
pert,1
pertainym,1
perthane,1
pertinacious,1
pertinaciously,1
pertinacity,1
pertinence,1
pertinency,1
pertinent,1
pertinently,1
pertly,1
pertness,1
perturbed,1
perturbing,1
pertussis,1
peru,1
peruked,1
perusal,1
peruse,1
perusing,1
peruvian,1
perv,1
pervade,1
pervaporate,1
pervasion,1
pervasive,1
pervasively,1
pervasiveness,1
perve,1
perverse,1
perversely,1
perverseness,1
perversity,1
perversive,1
perverted,1
pervious,1
perviousness,1
perxa,1
pes,1
pesach,1
pesah,1
pesäpallo,1
peseta,1
pesewa,1
pesky,1
pessimal,1
pessimistic,1
pessimistically,1
pessimum,1
pessulus,1
pestalotia,1
pestalotiopsis,1
pester,1
pestered,1
pestering,1
pesticides,1
pestiferous,1
pestilent,1
pestilential,1
pestis,1
pestivirus,1
pestle,1
petabit,1
petabyte,1
petador,1
petaflop,1
petäjähuilu,1
petaled,1
petalism,1
petalled,1
petalless,1
petallike,1
petaloid,1
petalous,1
petanque,1
petasites,1
peteca,1
petechia,1
petersburg,1
petioles,1
petiteness,1
petitio,1
petitionary,1
petrels,1
petricolidae,1
petrifaction,1
petrification,1
petrify,1
petrifying,1
petrissage,1
petrobia,1
petrocelidaceae,1
petroglyph,1
petrol,1
petrologists,1
petromyzon,1
petroselinum,1
petrous,1
petrova,1
petticoated,1
pettifog,1
pettifoggery,1
pettily,1
pettish,1
pettishly,1
pettishness,1
petulance,1
petulant,1
petulantly,1
petunia,1
peul,1
pezicula,1
peziza,1
pezizaceae,1
pezizales,1
pezothrips,1
pfennig,1
pflops,1
ph.d.,1
phacelia,1
phách,1
phacidiopycnis,1
phacidium,1
phacochoerus,1
phacoemulsification,1
phaeoannellomyces,1
phaeochromocytoma,1
phaeocryptopus,1
phaeocytostroma,1
phaeohyphomycosis,1
phaeoisariopsis,1
phaeophyceae,1
phaeophytins,1
phaeopigments,1
phaeoramularia,1
phaeotrichoconis,1
phaeozems,1
phaffia,1
phagocyte,1
phagocytes,1
phagocytic,1
phagotum,1
phagun,1
phakodonesis,1
phakopsora,1
phalacrocoracidae,1
phalacrosis,1
phalaenopsis,1
phalangeal,1
phalanges,1
phalangitis,1
phalanx,1
phalaris,1
phalguna,1
phallodeum,1
phalloplasty,1
phallostethidae,1
phallotoxins,1
phanerochaete,1
phaneromania,1
phantageusia,1
phantasm,1
phantasma,1
phantasmagoria,1
phantasmagoric,1
phantasmagorical,1
phantasmal,1
phantosmia,1
pharaonic,1
pharbitis,1
pharisaic,1
pharisaical,1
pharmaceutic,1
pharmaceutics,1
pharmacists,1
pharmacodynamics,1
pharmacogenetics,1
pharmacologic,1
pharmacological,1
pharmacologically,1
pharmacopeia,1
pharsalus,1
pharyngalgia,1
pharyngohyoid,1
phascolarctidae,1
phascolarctos,1
phasenverschiebungswinkel,1
phaseolin,1
phaseolus,1
phasianinae,1
phasianus,1
phasmida,1
phd,1
pheidole,1
phellem,1
phellinus,1
phelloderm,1
phellogen,1
phenacoccus,1
phenmedipham,1
phenobarbital,1
phenology,1
phenomenality,1
phenomenally,1
phenomenology,1
phenomics,1
phenothiazines,1
phenothrin,1
phenotypic,1
phenotypical,1
phenotyping,1
phenthoate,1
phenylalanine,1
phenylalaninuria,1
phenylbutazone,1
phenylketonuria,1
pheresis,1
phi,1
phialophora,1
philadelphus,1
philaenus,1
philanthropically,1
philanthropy,1
philanthus,1
philatelic,1
philatelical,1
philatelically,1
philately,1
philemon,1
philhellene,1
philhellenic,1
philhellenism,1
philia,1
philippi,1
philippians,1
philippic,1
philippines,1
philistinism,1
phillyrea,1
philodendron,1
philogyny,1
philological,1
philology,1
philomel,1
philonthus,1
philopatry,1
philosamia,1
philosophically,1
philosophicalness,1
philosophise,1
philosophize,1
philosophizing,1
philtrum,1
philydraceae,1
phin,1
phlaeothripidae,1
phlebectomy,1
phlebia,1
phlebobranchia,1
phlebolith,1
phlebothrombosis,1
phlebotominae,1
phlebotomise,1
phlebotomize,1
phlebotomy,1
phlebovirus,1
phlegmatic,1
phlegmatical,1
phlegmatically,1
phlegmy,1
phleum,1
phloeosinus,1
phloeotribus,1
phlomis,1
phlox,1
phobic,1
phobophobia,1
phoca,1
phocine,1
phocoena,1
phocoenidae,1
phocoenoides,1
phoebe,1
phoenicopteriformes,1
pholadidae,1
pholidae,1
pholidichthyidae,1
pholiota,1
phoma,1
phomopsis,1
phon,1
phonate,1
phonation,1
phondar,1
phonebook,1
phonemically,1
phonemics,1
phonetic,1
phonetically,1
phonetics,1
phoney,1
phonic,1
phonics,1
phonofiddle,1
phonogram,1
phonogramic,1
phonograph,1
phonologic,1
phonological,1
phonology,1
phonotaxis,1
phony,1
phoracantha,1
phorate,1
phorbia,1
phoridae,1
phormia,1
phorminx,1
phormium,1
phorodon,1
phoronida,1
phosalone,1
phosichthyidae,1
phosmet,1
phosphamidon,1
phosphate,1
phosphates,1
phosphatidylinositols,1
phosphatidylserines,1
phosphene,1
phosphides,1
phosphine,1
phosphocholines,1
phosphodextrins,1
phosphodiesterase,1
phosphoethanolaminuria,1
phosphoglucomutase,1
phosphohydroxylysinuria,1
phospholipases,1
phospholipid,1
phospholipids,1
phosphoproteins,1
phosphoresce,1
phosphorescent,1
phosphoric,1
phosphorous,1
phosphorus,1
phosphorylase,1
phosphorylated,1
phosphorylcholine,1
phosphosphingolipid,1
phosphotransferases,1
phot,1
photalgia,1
photic,1
photinia,1
photobomb,1
photochemical,1
photocoagulation,1
photoconduction,1
photoconductive,1
photoconductivity,1
photocopy,1
photoelectric,1
photoelectrical,1
photoelectrically,1
photoelectricity,1
photoemission,1
photoemissive,1
photogenic,1
photogrammetry,1
photographically,1
photoinhibition,1
photoinsensitive,1
photointerpretation,1
photojournalism,1
photolithography,1
photolysis,1
photomechanical,1
photometers,1
photometric,1
photometrical,1
photometrically,1
photometry,1
photomicrography,1
photooxidation,1
photoperiod,1
photoperiodicity,1
photophore,1
photophores,1
photophosphorylation,1
photoplayer,1
photopsia,1
photoreception,1
photoreceptors,1
photoretinitis,1
photorhabdus,1
photosensitise,1
photosensitize,1
photoshop,1
photostat,1
photosynthetic,1
photosystems,1
phototaxis,1
phototelegraphy,1
phototherapy,1
phototoxic,1
phototoxicity,1
phototoxins,1
photovoltaic,1
phoxim,1
phoxinus,1
phractolaemidae,1
phragmidium,1
phragmites,1
phrasal,1
phraseology,1
phreatic,1
phrenetic,1
phrenic,1
phrenitis,1
phrenological,1
phrenology,1
phrygian,1
phrymaceae,1
phthalates,1
phthiraptera,1
phthisis,1
phthorimaea,1
phycis,1
phycocolloids,1
phycocyanin,1
phycology,1
phycomyces,1
phycomycosis,1
phylactery,1
phyletic,1
phyllachorales,1
phyllactinia,1
phyllanthaceae,1
phyllanthus,1
phyllaphis,1
phylliform,1
phyllobius,1
phyllochron,1
phyllocnistidae,1
phyllocnistis,1
phyllocoptes,1
phyllocoptruta,1
phyllodial,1
phyllody,1
phyllonorycter,1
phyllophaga,1
phyllophoraceae,1
phyllosomae,1
phyllospadix,1
phyllosphere,1
phyllostachys,1
phyllosticta,1
phyllotaxy,1
phyllotreta,1
phylloxera,1
phylloxeridae,1
phylogenesis,1
phylogenetic,1
phylogenetically,1
phylogenetics,1
phylogeography,1
phylum,1
phymatotrichopsis,1
physalis,1
physalospora,1
physarum,1
physharmonica,1
physiatrics,1
physicalism,1
physicality,1
physically,1
physicalness,1
physicians,1
physicists,1
physicochemical,1
physiologic,1
physiologically,1
physiologists,1
physiopathology,1
physiotherapeutic,1
physiotherapy,1
physique,1
physocarpus,1
physocephalus,1
physoderma,1
physostigmine,1
phytase,1
phytates,1
phytelephas,1
phytoalexins,1
phytobenthos,1
phytochelatins,1
phytochemicals,1
phytochrome,1
phytoclimatology,1
phytogeography,1
phytohaemagglutinins,1
phytolacca,1
phytolaccaceae,1
phytology,1
phytometra,1
phytomining,1
phytomonas,1
phytomyza,1
phytooestrogens,1
phytophagic,1
phytophagous,1
phytophilous,1
phytophthora,1
phytoplankton,1
phytoplasmas,1
phytoptus,1
phytoremediation,1
phytoreovirus,1
phytorepellents,1
phytoseiidae,1
phytoseiulus,1
phytosiderophores,1
phytosociology,1
phytosterols,1
phytostimulation,1
phytotoxicity,1
phytotoxins,1
piaffe,1
piagetian,1
pianet,1
pianica,1
pianism,1
pianistic,1
piaster,1
piastre,1
piaui,1
pib,1
pibgorn,1
pibit,1
pibroch,1
pic,1
picardy,1
picaresque,1
picayune,1
piccolo,1
picea,1
pichia,1
picidae,1
piciformes,1
pickaback,1
pickings,1
pickleball,1
pickled,1
pickles,1
pickling,1
picloram,1
picoa,1
picofarad,1
picometer,1
picometre,1
picoplankton,1
picornavirales,1
picornaviridae,1
picosecond,1
picovolt,1
pictograph,1
pictographic,1
pictorially,1
pictural,1
picturesque,1
picturesquely,1
picturesqueness,1
picul,1
pid,1
piddling,1
pidgin,1
pidkova,1
pidlimdi,1
pie,1
piebald,1
piecework,1
pied,1
piedmont,1
piedraia,1
pieing,1
piercingly,1
pieridae,1
piers,1
piesmatidae,1
pietism,1
piety,1
piezodorus,1
piezoelectric,1
piezoelectricity,1
piezometers,1
pifana,1
pifano,1
piffero,1
piffling,1
pifilca,1
piganino,1
pigeonholing,1
piggeries,1
piggish,1
piggishly,1
piggishness,1
piggy,1
pigheaded,1
pigheadedness,1
piglets,1
pigsticking,1
piisku,1
pikonema,1
pilai,1
pilar,1
pilary,1
pilates,1
pilea,1
pileup,1
pilfer,1
pilferage,1
pilili,1
pillaged,1
pillaging,1
pillared,1
pilobolus,1
pilocarpine,1
pilomatrixoma,1
pilose,1
pilosebaceous,1
pilotage,1
pilotless,1
pilous,1
pilumnidae,1
pim,1
pima,1
pimelodidae,1
pimelometopon,1
pimenta,1
pimp,1
pimpinella,1
pimpla,1
pimpled,1
pimply,1
pinaceae,1
pinales,1
pinball,1
pinchbeck,1
pinctada,1
pindaric,1
pinealocyte,1
pinellia,1
pinene,1
pineoblastoma,1
pineocytoma,1
pineus,1
pinger,1
pinguecula,1
pinguipedidae,1
pinioned,1
pinkeye,1
pinkify,1
pinkillu,1
pinkish,1
pinkness,1
pinkroot,1
pinna,1
pinnated,1
pinnately,1
pinnatifid,1
pinnatisect,1
pinnidae,1
pinochle,1
pinocle,1
pinophyta,1
pinopsida,1
pinoxaden,1
pinprick,1
pinstriped,1
pint,1
pinus,1
pinyin,1
piophila,1
piophilidae,1
piously,1
piousness,1
pipa,1
pipage,1
pipasso,1
pipeful,1
piper,1
piperaceae,1
piperales,1
piperazines,1
pipettes,1
piphilology,1
pipiolu,1
pipoidea,1
piquance,1
piquancy,1
piquant,1
piquantly,1
piquantness,1
piquet,1
piratical,1
piratically,1
piri,1
pirimicarb,1
piripiri,1
piroplasmea,1
piroplasmosis,1
pisatin,1
piscatorial,1
piscatory,1
pisces,1
piscicides,1
piscine,1
piscivores,1
piscivorous,1
pisha,1
pisiform,1
pisolithus,1
pissed,1
pisser,1
pissing,1
pissodes,1
pistacia,1
pistia,1
pistil,1
pistillate,1
piston,1
pisum,1
pitcairn,1
pitcherful,1
pitchfork,1
pitchy,1
piteous,1
piteously,1
pitfall,1
pithecellobium,1
pithily,1
pithiness,1
pithomyces,1
pithy,1
pitiable,1
pitiably,1
pitiful,1
pitifully,1
pitiless,1
pitilessly,1
pittance,1
pittosporaceae,1
pittosporum,1
pituicytoma,1
pituitary,1
pityingly,1
pityogenes,1
pityophthorus,1
pityriasis,1
piva,1
pivotal,1
piwancha,1
piwang,1
pixilated,1
pixiphone,1
piyapi,1
pizzaz,1
pizzazz,1
pkd,1
pkhachich,1
placable,1
placate,1
placating,1
placatingly,1
placation,1
placative,1
placatory,1
placeable,1
placebo,1
placeholder,1
placental,1
placentation,1
placid,1
placidly,1
placidness,1
placoid,1
placunidae,1
plagiarisation,1
plagiarise,1
plagiarised,1
plagiaristic,1
plagiarization,1
plagiarize,1
plagiarized,1
plagiaulos,1
plagioclase,1
plagioclastic,1
plagiopatagium,1
plagiorchiidae,1
plagiorchis,1
plagiotropism,1
plaguily,1
plagusia,1
plaice,1
plainchant,1
plainly,1
plainsong,1
plainspoken,1
plaint,1
plaintive,1
plaintively,1
plaintiveness,1
plakoto,1
planar,1
planate,1
planation,1
planeness,1
planetal,1
plangency,1
plangent,1
plankton,1
planktonic,1
planktonology,1
planless,1
planococcus,1
planoconcave,1
planoconvex,1
planographic,1
planography,1
planosols,1
plantae,1
plantaginaceae,1
plantaginales,1
plantago,1
plantal,1
plantar,1
plantaris,1
plantation,1
plantations,1
planters,1
plantigrade,1
plasmablast,1
plasmacytosis,1
plasmapheresis,1
plasmaphone,1
plasmids,1
plasmin,1
plasmodesmata,1
plasmodiophora,1
plasmodiophorales,1
plasmodiophoromycetes,1
plasmodium,1
plasmopara,1
plassey,1
plasteins,1
plastically,1
plasticise,1
plasticize,1
plastids,1
plastinate,1
plastination,1
plastron,1
plat,1
plataea,1
platanaceae,1
platanista,1
platanistidae,1
platanus,1
plateful,1
platelet,1
plateletpheresis,1
platelets,1
platichthys,1
plating,1
platinize,1
platinum,1
platitude,1
platitudinal,1
platitudinize,1
platitudinous,1
platonism,1
platonistic,1
platonychia,1
plattdeutsch,1
platybasia,1
platycephalidae,1
platycephalus,1
platycodon,1
platygaster,1
platygasteridae,1
platymera,1
platynosomum,1
platynota,1
platypnea,1
platypodidae,1
platyptilia,1
platyrhine,1
platyrhinian,1
platyrrhine,1
platyrrhini,1
platyrrhinian,1
platyrrhinic,1
platysma,1
platyspondyly,1
platystencephaly,1
platystomatidae,1
platytroctidae,1
plaudit,1
plaudits,1
plausibility,1
plausible,1
plausibleness,1
plausibly,1
plausive,1
plautia,1
playable,1
playact,1
playacting,1
playas,1
playback,1
playbar,1
playbill,1
playday,1
playful,1
playfully,1
playlet,1
playlist,1
playoff,1
playscript,1
playtime,1
pleach,1
pleadingly,1
pleasance,1
pleasantly,1
pleasantry,1
pleasingly,1
pleasingness,1
pleasurable,1
pleasurably,1
pleat,1
pleating,1
plebeian,1
plebeianism,1
plebiscite,1
plebiscitum,1
plecia,1
plecoglossidae,1
plecoglossus,1
plecoptera,1
plectranthus,1
plectritis,1
plectroplites,1
pleioblastus,1
pleiochaeta,1
pleiotropy,1
pleistophora,1
plenarily,1
plenary,1
plenitude,1
plenteous,1
plenteously,1
plenteousness,1
plentiful,1
plentifully,1
plentifulness,1
plentitude,1
pleochaeta,1
pleochroic,1
pleochroism,1
pleocyemata,1
pleomorphism,1
pleonasm,1
pleonastic,1
pleosphaerulina,1
pleospora,1
pleosporales,1
plesiobatidae,1
plesiomonas,1
plesiopidae,1
plethoric,1
pleural,1
pleuralgia,1
pleurapophysis,1
pleurastrophyceae,1
pleuritis,1
pleurocarpous,1
pleurocentrum,1
pleurodynia,1
pleuronectes,1
pleuronectidae,1
pleuronectiformes,1
pleuronectoidei,1
pleurostyle,1
pleurotus,1
pleuston,1
pleven,1
plevna,1
pleximetry,1
plexus,1
pliability,1
pliable,1
pliancy,1
pliant,1
pliantness,1
plicate,1
plinking,1
plinthosols,1
plocamiaceae,1
ploce,1
plocha,1
ploddingly,1
plodia,1
plogging,1
ploong,1
plosion,1
plosive,1
plotosidae,1
ploughed,1
ploughmarks,1
ploughs,1
ploughshares,1
plovers,1
plucked,1
pluckily,1
pluckiness,1
plucky,1
plumage,1
plumaged,1
plumate,1
plumbable,1
plumbaginaceae,1
plumbaginaceous,1
plumbaginales,1
plumbery,1
plumbic,1
plumbing,1
plumbism,1
plumbous,1
plumelike,1
plumeria,1
plumlike,1
plummet,1
plummy,1
plumpness,1
plumule,1
plumy,1
plunderage,1
plundered,1
plunker,1
pluralisation,1
pluralise,1
pluralistic,1
pluralization,1
pluralize,1
pluriarc,1
pluripotent,1
plushy,1
plusia,1
plutella,1
plutocratic,1
plutocratical,1
plutonian,1
plutonic,1
plutonium,1
pluviographs,1
pluviometers,1
pluviometry,1
pluviose,1
plywood,1
pmsg,1
pneumatic,1
pneumatically,1
pneumatics,1
pneumobilia,1
pneumococcal,1
pneumocystis,1
pneumocytosis,1
pneumoenteritis,1
pneumogastric,1
pneumomediastinum,1
pneumonectomy,1
pneumonic,1
pneumonitis,1
pneumonoconiosis,1
pneumovagina,1
pneumovirus,1
pnictogen,1
pnyxia,1
poa,1
poaceae,1
poached,1
poaefusarin,1
poales,1
pochette,1
pocilloporidae,1
pocketable,1
pocketbook,1
pocketful,1
pockmarked,1
podagra,1
podalgia,1
poddavki,1
podgy,1
podiatry,1
podicipediformes,1
podisus,1
podlike,1
podocarpaceae,1
podocarpus,1
podocyte,1
pododermatitis,1
podophthalmus,1
podophyllum,1
podorythmie,1
podosesia,1
podosphaera,1
podospora,1
podotheca,1
podzols,1
podzoluvisols,1
poecilia,1
poeciliidae,1
poekilocerus,1
poenology,1
poesy,1
poetically,1
poeticism,1
poetics,1
poetise,1
poetize,1
pogey,1
pogonias,1
pogonip,1
pogonomyrmex,1
pogonophora,1
pogostemon,1
pogrom,1
pogy,1
poi,1
poids,1
poignance,1
poignant,1
poignantly,1
poikilocytosis,1
poikiloderma,1
poïkilorgue,1
poikilothermic,1
poikilothermous,1
poikilotherms,1
poinciana,1
pointedly,1
pointedness,1
pointer,1
pointfulness,1
pointillist,1
pointillistic,1
pointless,1
pointlessly,1
pointlessness,1
pointleted,1
poisonously,1
poitiers,1
pokey,1
pokomo,1
poky,1
poland,1
polarimetry,1
polarisabilité,1
polarisability,1
polarise,1
polarizabilidad,1
polarizabilidade,1
polarizability,1
polarizovatelnost,1
polarographic,1
polaryzowalność,1
poleax,1
poleaxe,1
polecats,1
polemical,1
polemically,1
polemicise,1
polemicize,1
polemics,1
polemise,1
polemize,1
polemoniaceae,1
polemoniaceous,1
polerovirus,1
polianthes,1
polio,1
polioencephalomalacia,1
poliomyelitis,1
poliovirus,1
polisher,1
polishness,1
polistes,1
politely,1
politesse,1
politically,1
politicalness,1
politicise,1
politicize,1
politick,1
polkabilly,1
polkett,1
pollachius,1
pollack,1
pollakisuria,1
pollard,1
pollarding,1
pollenate,1
pollenation,1
pollicipes,1
pollinators,1
pollinosis,1
pollutants,1
pollyannaish,1
polonium,1
polopalo,1
polster,1
poltroon,1
poltroonery,1
polyacrylamide,1
polyamides,1
polyamines,1
polyandrous,1
polyandry,1
polyarteritis,1
polyatomic,1
polycalycosis,1
polycarbonates,1
polychelidae,1
polychromasia,1
polychromatic,1
polychromic,1
polychromise,1
polychromize,1
polycoria,1
polycrystalline,1
polycyclic,1
polycystic,1
polydactyl,1
polydactylous,1
polydactylus,1
polydnavirus,1
polyembolokoilamania,1
polyembryony,1
polyesters,1
polyestrous,1
polyethers,1
polyethylene,1
polygalaceae,1
polygalacturonase,1
polygamous,1
polygamy,1
polygenes,1
polygenic,1
polyglot,1
polygonaceae,1
polygonal,1
polygonales,1
polygonally,1
polygonatum,1
polygonum,1
polygynous,1
polygyny,1
polyhedral,1
polyhidrosis,1
polyhydramnios,1
polymelia,1
polymenorrhea,1
polymerisation,1
polymerise,1
polymerize,1
polymetry,1
polymicrogyria,1
polyminimyoclonus,1
polymixiidae,1
polymnia,1
polymoog,1
polymorphemic,1
polymyositis,1
polymyxa,1
polymyxin,1
polynemidae,1
polynemiformes,1
polynesia,1
polyneuropathy,1
polynucleotide,1
polynyas,1
polyodon,1
polyoestrous,1
polyoicous,1
polyols,1
polyotia,1
polypectomy,1
polypeptide,1
polypeptides,1
polypetalous,1
polyphagia,1
polyphagotarsonemus,1
polyphase,1
polyphasic,1
polyphenism,1
polyphenols,1
polyphon,1
polyphone,1
polyphonically,1
polyphonous,1
polyphony,1
polyphosphates,1
polyphylla,1
polyplacophora,1
polyplax,1
polypodium,1
polyporus,1
polyprion,1
polyprionidae,1
polypropylene,1
polyptoton,1
polypyrrole,1
polysaccharide,1
polysaccharides,1
polyscytalum,1
polysemant,1
polysemantic,1
polysemous,1
polysemy,1
polysomy,1
polyspermy,1
polysplenia,1
polyspora,1
polystictus,1
polystigma,1
polystyrene,1
polysyllabic,1
polysyllabically,1
polysyllable,1
polysyndeton,1
polysynthetic,1
polytetrafluoroethylene,1
polytheism,1
polytheistic,1
polytonal,1
polytonalism,1
polytonality,1
polyunsaturated,1
polyurethane,1
polyuronides,1
polyvalence,1
polyvalency,1
polyvalent,1
polyvidone,1
pomacanthidae,1
pomace,1
pomacea,1
pomacentridae,1
pomadasys,1
pomade,1
pomaded,1
pomatomidae,1
pomatomus,1
pomegranates,1
pometia,1
pomfrets,1
pommel,1
pommer,1
pomo,1
pomology,1
pomovirus,1
pompadour,1
pompanos,1
pompilidae,1
pomposity,1
pompously,1
pompousness,1
ponape,1
ponca,1
poncirus,1
ponder,1
ponderable,1
pondering,1
ponderosity,1
ponderous,1
ponderously,1
ponderousness,1
pondicherry,1
pongamia,1
ponginae,1
pongo,1
poniard,1
ponies,1
ponka,1
pons,1
pontederiaceae,1
pontonnier,1
pontoons,1
pontoporia,1
pontoporiidae,1
pony,1
pooch,1
pood,1
popcorn,1
popery,1
popeyed,1
popillia,1
popish,1
popishly,1
popliteal,1
poppin,1
poppycock,1
popularism,1
popularity,1
popularly,1
populism,1
populous,1
populus,1
porcelainize,1
porcellio,1
poria,1
porifera,1
poriferous,1
porion,1
poritidae,1
porn,1
porno,1
pornographic,1
pornographically,1
pornography,1
porokeratosis,1
poroma,1
porose,1
porousness,1
porphyra,1
porphyrin,1
porphyrinuria,1
porphyritic,1
porphyrophora,1
porpoises,1
portable,1
portend,1
portent,1
portentous,1
portentously,1
porticoed,1
portlandia,1
portly,1
portmanteau,1
portrait,1
portugal,1
portuguesa,1
portugueseness,1
portulaca,1
portulacaceae,1
portunidae,1
portunus,1
pōrutu,1
poser,1
posh,1
posidonia,1
posidoniaceae,1
positionable,1
positional,1
positively,1
positivist,1
positivistic,1
posology,1
pospešek,1
pospiviroid,1
pospiviroidae,1
possessively,1
possessiveness,1
possibleness,1
possibly,1
postal,1
postalveolar,1
postbiblical,1
postcard,1
postcingulum,1
postcleithrum,1
postcode,1
postcoracoid,1
postdiluvian,1
postdoc,1
poster,1
posterior,1
posteriority,1
posteriorized,1
posteroloph,1
postexilic,1
postfix,1
postganglionic,1
postglacial,1
postgraduate,1
posthitis,1
posthumous,1
posthumously,1
posthypocrista,1
postia,1
postictal,1
postindustrial,1
postlude,1
postmenopausal,1
postmeridian,1
postmillennial,1
postminimus,1
postmodern,1
postmodernist,1
postmortal,1
postnatal,1
postnuptial,1
postoperative,1
postoperatively,1
postpaid,1
postpartum,1
postpone,1
postpose,1
postposition,1
postpositive,1
postprandial,1
postpubis,1
postscript,1
postsocialism,1
postsplenial,1
postsubiculum,1
postsynapse,1
posttemporal,1
postulation,1
postulational,1
postural,1
posturing,1
postwar,1
postzygapophysis,1
potability,1
potamididae,1
potamogeton,1
potamogetonaceae,1
potamotrygonidae,1
potassium,1
potassium(1+),1
potation,1
potawatomi,1
potbellied,1
potboiler,1
potbound,1
potebniamyces,1
potence,1
potencia,1
potência,1
potent,1
potentia,1
potentially,1
potentiate,1
potentiation,1
potentilla,1
potentiometry,1
potently,1
potenza,1
potexvirus,1
potful,1
potholed,1
potlatch,1
potomania,1
potpourri,1
potty,1
potyviridae,1
potyvirus,1
pouchlike,1
poudrin,1
poultice,1
poundal,1
pounder,1
poupartia,1
pourboire,1
pourouma,1
pouteria,1
poutingly,1
površina,1
powderiness,1
powderise,1
powderize,1
powdery,1
powerboating,1
powerfully,1
powerfulness,1
powerless,1
powerlessly,1
powerlessness,1
powerlifting,1
powerwash,1
powhatan,1
poxviridae,1
ppp,1
pr,1
praca,1
práce,1
practicability,1
practicable,1
practicableness,1
practicably,1
practicality,1
practically,1
practised,1
praenomen,1
praetorial,1
praetorship,1
pragmática,1
pragmatically,1
pragmatics,1
prairial,1
praiseful,1
praiseworthily,1
praiseworthiness,1
praiseworthy,1
praisworthiness,1
prakrit,1
prakritic,1
pralidoxime,1
prandial,1
prankish,1
prankishness,1
praon,1
prasinophyceae,1
pratfall,1
pratylenchidae,1
pratylenchus,1
praxis,1
prayerbook,1
prayerful,1
preaca,1
preachification,1
preachify,1
preachment,1
preachy,1
preadipocyte,1
preadolescent,1
preakness,1
preameloblast,1
preanal,1
prearrange,1
prearrangement,1
preassemble,1
prebend,1
prebiotics,1
precalc,1
precalculus,1
precancerous,1
precarious,1
precariously,1
precariousness,1
precast,1
precative,1
precatory,1
precautional,1
precautionary,1
precedented,1
precedentedly,1
precedential,1
precementoblast,1
precentorship,1
preceptorship,1
precess,1
prechlorination,1
prechondroblast,1
precingulum,1
preciosity,1
preciously,1
preciousness,1
precipitance,1
precipitancy,1
precipitant,1
precipitately,1
precipitateness,1
precipitous,1
precipitously,1
precipitousness,1
precisely,1
preciseness,1
precleaner,1
preclinical,1
preclusion,1
preclusive,1
precocenes,1
precocial,1
precocious,1
precociously,1
precociousness,1
precognitive,1
preconceive,1
preconceived,1
preconception,1
preconcerted,1
preconditioned,1
precook,1
precooked,1
precooled,1
precooling,1
precordial,1
precursor,1
precursory,1
predaceous,1
predaceousness,1
predacious,1
predaciousness,1
predatory,1
predecease,1
predestinarian,1
predestinarianism,1
predestined,1
predetermine,1
predetermined,1
predicament,1
predication,1
predicative,1
predicatively,1
predicator,1
predictability,1
predictably,1
predictive,1
predictor,1
predigest,1
predigested,1
predispose,1
predisposed,1
prędkość,1
prednisolone,1
prednisone,1
predominant,1
predominantly,1
preeminence,1
preeminent,1
preeminently,1
preemptive,1
preexist,1
preexistence,1
preexistent,1
preexisting,1
prefab,1
prefabricate,1
prefabrication,1
prefaded,1
prefatorial,1
prefatory,1
prefectural,1
prefecture,1
preferable,1
preferably,1
préférence,1
preferent,1
preferential,1
preferentially,1
prefiguration,1
prefigurative,1
prefixation,1
preform,1
preformation,1
prefrontal,1
pregermination,1
pregnane,1
prehallux,1
preheat,1
prehend,1
prehensile,1
prehension,1
prehistorical,1
prehistory,1
preindication,1
preisolate,1
prejudge,1
prejudgement,1
prejudgment,1
prejudiced,1
prelacy,1
prelapsarian,1
prelature,1
prelims,1
preliterate,1
prellball,1
premarital,1
prematurely,1
prematureness,1
premaxilla,1
premeditate,1
premeditated,1
premeditation,1
premenopausal,1
premenstrual,1
premer,1
premiership,1
premix,1
premnotrypes,1
premonitory,1
prempensua,1
premprensua,1
prenatal,1
prenominal,1
prenuptial,1
preoccupied,1
preodontoblast,1
preoperative,1
preopercle,1
preordain,1
preordination,1
preosteoblast,1
prep,1
prepackaged,1
prepacked,1
prepaid,1
preparative,1
preparatory,1
prepatagium,1
prepay,1
prepayment,1
prepollex,1
preponderance,1
preponderant,1
preponderantly,1
preponderate,1
preponderating,1
prepose,1
prepositional,1
prepositionally,1
prepossessing,1
preposterous,1
preposterously,1
prepotency,1
preprandial,1
preproinsulin,1
preprotocrista,1
prepubertal,1
prepuberty,1
prepupa,1
prepupae,1
prerecord,1
prerecorded,1
preret,1
prerogative,1
presbyopia,1
presbyopic,1
presbyterianism,1
prescience,1
prescient,1
presciently,1
prescript,1
prescriptive,1
prescriptivism,1
preseason,1
presentable,1
presentably,1
presentational,1
presentiment,1
presentism,1
presently,1
presentness,1
preservable,1
preservative,1
preservatives,1
preset,1
preside,1
presidentially,1
presidentship,1
presión,1
presiune,1
presocratic,1
pressão,1
pressingly,1
pressio,1
pression,1
pressione,1
pressmark,1
pressor,1
pressurise,1
pressurize,1
prestidigitation,1
prestige,1
prestigious,1
prestigiousness,1
presubiculum,1
presumable,1
presumably,1
presumptive,1
presumptively,1
presumptuously,1
presumptuousness,1
presupposition,1
presupracleithrum,1
presymptomatic,1
presynapse,1
presyncope,1
preteen,1
pretentiously,1
pretentiousness,1
preterit,1
preterite,1
preterition,1
pretermission,1
pretermit,1
preternatural,1
preternaturally,1
pretorial,1
pretrial,1
prettify,1
prettily,1
prettiness,1
prevailing,1
prevalent,1
prevaricate,1
prevenient,1
preventable,1
preventative,1
prevention,1
preventiveness,1
previously,1
prevision,1
prevotella,1
prevue,1
prewar,1
prezygapophysis,1
priacanthidae,1
priapic,1
priapium,1
priceless,1
pricelessness,1
pricey,1
prickliness,1
prickly,1
pricy,1
prideful,1
pridefulness,1
priestcraft,1
priestlike,1
priggish,1
priggishly,1
priggishness,1
prima,1
primacy,1
primaeval,1
primal,1
primality,1
primarily,1
primateship,1
primed,1
primer,1
primers,1
primeval,1
priming,1
primisulfuron,1
primitively,1
primitiveness,1
primitivism,1
primly,1
primness,1
primogeniture,1
primordial,1
primordiality,1
primordium,1
primp,1
primping,1
primula,1
primulaceae,1
primulales,1
princedom,1
princely,1
principally,1
principalship,1
principe,1
principes,1
principled,1
prink,1
printable,1
printmaking,1
printout,1
prionace,1
prionotus,1
prionoxystus,1
prions,1
prioritise,1
prioritization,1
priorship,1
priscoan,1
prismatoid,1
prismoid,1
prisonbreak,1
prisonlike,1
prissily,1
prissy,1
pristidae,1
pristigasteridae,1
pristinamycins,1
pristine,1
pristiophoridae,1
pristiophorus,1
pristiphora,1
pristis,1
privately,1
privatisation,1
privatise,1
privatize,1
privily,1
privy,1
prizewinning,1
prn,1
proactive,1
proanthocyanidin,1
proatlas,1
probabilism,1
probabilistic,1
probabilistically,1
probably,1
probationary,1
probative,1
probatory,1
probing,1
probiotics,1
probity,1
problematic,1
problematical,1
problematically,1
procaine,1
procambarus,1
procaryotic,1
procecidochares,1
proceeding,1
proceeds,1
procellariidae,1
procellariiformes,1
procerus,1
processidae,1
prochaetodermatidae,1
prochloraz,1
prociphilus,1
proclaim,1
proclaimed,1
proclitic,1
proclivity,1
procoelous,1
proconsular,1
proconsulate,1
proconsulship,1
procrastinate,1
procreate,1
procreation,1
procreative,1
procrustean,1
proctalgia,1
proctitis,1
proctocele,1
proctodeum,1
proctology,1
proctoplasty,1
proctor,1
proctorship,1
proctoscopy,1
procurable,1
procural,1
procurance,1
procurement,1
procyanidins,1
procymidone,1
procyon,1
procyonidae,1
prodding,1
prodigal,1
prodigally,1
prodigious,1
prodigiously,1
prodroma,1
prodromal,1
prodrome,1
prodromic,1
producer,1
productively,1
productiveness,1
proepicardium,1
proerythroblast,1
profanation,1
profanatory,1
profanely,1
profanity,1
profenofos,1
professedly,1
professionalisation,1
professionalise,1
professionalism,1
professionalization,1
professionalize,1
professionally,1
professorial,1
professorially,1
professorship,1
proficiently,1
profilers,1
profitable,1
profitableness,1
profitably,1
profiteer,1
profitless,1
profitlessly,1
profligate,1
profligately,1
profoundly,1
profoxydim,1
profundulidae,1
profuse,1
profusely,1
profuseness,1
profusion,1
progaming,1
progeny,1
progeria,1
progestational,1
progestin,1
progestins,1
progestogen,1
prognathic,1
prognathism,1
prognathous,1
prognichthys,1
prognosticate,1
prognosticative,1
progoitrin,1
programma,1
programmability,1
progressively,1
progressiveness,1
progressivism,1
progressivity,1
prohibitive,1
prohibitively,1
prohibitory,1
proinflammatory,1
proisocortex,1
projectile,1
prokaryotae,1
prokaryotic,1
prolamines,1
prolapsus,1
prolegomenon,1
prolepsis,1
proletarian,1
proletarianism,1
proliferate,1
proliferation,1
proliferative,1
prolific,1
prolificacy,1
proline,1
prolinuria,1
prolix,1
prolixity,1
prolixness,1
prolog,1
prologise,1
prologize,1
prologuize,1
prolusory,1
prom,1
promethazine,1
prometryn,1
prominently,1
prominin,1
promiscuity,1
promiscuous,1
promiscuously,1
promiscuousness,1
promisingly,1
promissory,1
promo,1
promonocyte,1
promoters,1
promotional,1
promotive,1
promposal,1
promptbook,1
promptitude,1
promptly,1
promptness,1
promulgate,1
promulgated,1
promythium,1
pronate,1
pronation,1
proneness,1
pronged,1
prongy,1
pronk,1
pronounceable,1
pronouncement,1
pronto,1
pronucleus,1
pronunciamento,1
proofread,1
prop,1
propachlor,1
propaedeutics,1
propagandise,1
propagandist,1
propagandistic,1
propagandize,1
propagative,1
propane,1
propanil,1
propanol,1
propaquizafop,1
proparoxytone,1
propatagium,1
propellent,1
propelling,1
properly,1
properness,1
propertied,1
propertyless,1
propetamphos,1
propham,1
prophase,1
prophesy,1
prophetic,1
prophetical,1
prophetically,1
prophylactic,1
prophylaxis,1
propiconazole,1
propinquity,1
propionates,1
propionibacterium,1
propitiate,1
propitiation,1
propitiative,1
propitious,1
propitiously,1
propitiousness,1
propolis,1
proportionable,1
proportionally,1
proportionate,1
proportionately,1
proportionateness,1
proposal,1
propound,1
propoxur,1
propoxycarbazone,1
proprietorship,1
propriety,1
proprioceptive,1
props,1
proptosis,1
propyzamide,1
prorate,1
proration,1
prorogation,1
prosaic,1
prosaically,1
prosaicness,1
proscribe,1
proscribed,1
proscylliidae,1
prosecute,1
prosecution,1
proselytise,1
proselytize,1
proseminar,1
prosily,1
prosimulium,1
prosiness,1
prosociality,1
prosodic,1
prosodion,1
prosomere,1
prosopagnosia,1
prosopis,1
prosopopoeia,1
prospecting,1
prospective,1
prospectiveness,1
prospectus,1
prosper,1
prospering,1
prosperous,1
prosperously,1
prospicience,1
prospicient,1
prostaglandins,1
prostagma,1
prostatectomy,1
prostatic,1
prostephanus,1
prostheses,1
prosthetic,1
prosthetics,1
prosthion,1
prosthodontia,1
prosthodontic,1
prosthodontics,1
prosthogonimidae,1
prosthogonimus,1
prostigmata,1
prostitution,1
prostomium,1
prostornina,1
prostyle,1
prosulfocarb,1
prosy,1
protacanthopterygii,1
protactinium,1
protagonism,1
protandrous,1
protandry,1
protanomaly,1
protanopic,1
protea,1
proteaceae,1
proteales,1
protean,1
proteases,1
protectionism,1
protective,1
protectively,1
protectorship,1
proteinaceous,1
proteinaemia,1
proteinases,1
proteles,1
proteoglycans,1
proteolipids,1
proteolytic,1
proteoses,1
protestantism,1
protestation,1
proteus,1
prothalamion,1
prothalamium,1
protip,1
protista,1
proto,1
protoanthropology,1
protoarchaeology,1
protoarcheology,1
protogeometric,1
protogynous,1
protogyny,1
protohistory,1
protology,1
protomyces,1
protomycopsis,1
protonephridium,1
protoneuromast,1
protoplasm,1
protoplasts,1
protopteridae,1
protos,1
protostomia,1
protostrongylidae,1
protostrongylus,1
protothaca,1
prototheca,1
prototheria,1
prototrophic,1
prototypal,1
prototype,1
prototypes,1
prototypic,1
prototypical,1
protozoa,1
protozoal,1
protozoan,1
protozoic,1
protozoological,1
protozoologists,1
protract,1
protracted,1
protractedly,1
protractible,1
protractile,1
protrusible,1
protrusile,1
protrusive,1
protuberant,1
protuberate,1
protura,1
proudly,1
proustian,1
provability,1
provable,1
provably,1
provenance,1
proverb,1
proverbially,1
proverbs,1
provident,1
providentially,1
providently,1
province,1
provincialism,1
provincially,1
proviruses,1
provisional,1
provisionally,1
provisionary,1
proviso,1
provisory,1
provitamin,1
provitamins,1
provocative,1
provocatively,1
provokingly,1
prowess,1
prox,1
proxemics,1
proximate,1
proximo,1
prrs,1
prudential,1
prudently,1
prudery,1
prudish,1
prudishly,1
prudishness,1
průměr,1
prunes,1
prunus,1
prurience,1
pruriency,1
prurient,1
pruriently,1
prurigo,1
prussian,1
pryingly,1
przyspieszenie,1
ps,1
psallus,1
psalmodicon,1
psalmody,1
psalms,1
psalter,1
psaltery,1
psammobiidae,1
psammoma,1
psammon,1
psammotettix,1
psenopsis,1
psephology,1
psettodidae,1
pseudallescheria,1
pseudaonidia,1
pseudatomoscelis,1
pseudaulacaspis,1
pseudemys,1
pseudepigrapha,1
pseudo,1
pseudoaneurysm,1
pseudoangular,1
pseudoarthrosis,1
pseudobulbs,1
pseudocalymma,1
pseudocarchariidae,1
pseudocentrotus,1
pseudocercospora,1
pseudocercosporella,1
pseudocereals,1
pseudochromidae,1
pseudoclasper,1
pseudococcidae,1
pseudococcus,1
pseudocyesis,1
pseudodactylogyrus,1
pseudodentary,1
pseudoepiphyses,1
pseudoexfoliation,1
pseudogenes,1
pseudoglioma,1
pseudohallucination,1
pseudohermaphroditic,1
pseudohyperkalemia,1
pseudohypoaldosteronism,1
pseudohypoparathyroidism,1
pseudolynchia,1
pseudomonaceae,1
pseudomonas,1
pseudomugilidae,1
pseudomuscari,1
pseudonocardiaceae,1
pseudonym,1
pseudonymous,1
pseudopapilledema,1
pseudoperichaeta,1
pseudoperipteral,1
pseudoperonospora,1
pseudopeziza,1
pseudophakia,1
pseudopleuronectes,1
pseudopodium,1
pseudopregnancy,1
pseudoprostyle,1
pseudorca,1
pseudoroegneria,1
pseudorubella,1
pseudosciaena,1
pseudoscience,1
pseudoscientific,1
pseudoscorpiones,1
pseudoscorpionida,1
pseudoseizure,1
pseudosmallpox,1
pseudosquillidae,1
pseudotheraptus,1
pseudotolithus,1
pseudotriakidae,1
pseudotrichonotidae,1
pseudotsuga,1
pseudotuberculosis,1
pseudotympanum,1
pseudouridine,1
pseudourostyle,1
pseudovariola,1
pseudupeneus,1
psidium,1
psila,1
psilidae,1
psilocybe,1
psilorhynchidae,1
psilotales,1
psilotopsida,1
pşine,1
psittaciformes,1
psittacosis,1
psocoptera,1
psophocarpus,1
psoralea,1
psorergates,1
psorergatidae,1
psoriasis,1
psorophora,1
psoroptes,1
psoroptidae,1
psorospermum,1
pst,1
psyche,1
psychedelic,1
psychiatric,1
psychiatrical,1
psychiatry,1
psychic,1
psychical,1
psychically,1
psychidae,1
psychoactive,1
psychoanalyse,1
psychoanalysis,1
psychoanalytic,1
psychoanalytical,1
psychoanalyze,1
psychobabble,1
psychodidae,1
psychogenesis,1
psychogenetic,1
psychographics,1
psychokinesis,1
psychokinetic,1
psycholinguistic,1
psycholinguistics,1
psychologically,1
psychomachy,1
psychometric,1
psychometrics,1
psychometrika,1
psychometry,1
psychomotor,1
psychoneurosis,1
psychoneurotic,1
psychonomics,1
psychopathic,1
psychopathologic,1
psychopathological,1
psychopathology,1
psychopathy,1
psychopharmacological,1
psychopharmacology,1
psychophysics,1
psychophysiology,1
psychosexual,1
psychosexuality,1
psychosomatic,1
psychosurgery,1
psychotherapeutics,1
psychotic,1
psychotria,1
psychotropic,1
psychrolutidae,1
psychrometers,1
psychroteuthidae,1
psylla,1
psyllaephagus,1
psyllidae,1
psylliodes,1
psyllobora,1
psylloidea,1
psyop,1
pteridium,1
pteridological,1
pteridology,1
pteridophyta,1
pteridopsida,1
pteriidae,1
pteris,1
pterocarpus,1
pterocarya,1
pterochloroides,1
pteroid,1
pteromalidae,1
pteromalus,1
pterophoridae,1
pteropodidae,1
pteropus,1
pterosphenoid,1
pterostichus,1
pterotic,1
pterygium,1
pterygoquadrate,1
pterygotrigla,1
ptilichthyidae,1
ptinidae,1
ptomaine,1
ptsd,1
ptyalise,1
ptyalism,1
ptyalize,1
pubertal,1
puberty,1
puberulent,1
pubescence,1
pubic,1
publically,1
publications,1
publicise,1
publicised,1
publicize,1
publicized,1
publicizing,1
publicly,1
publishable,1
pubotibialis,1
puccinia,1
pucciniales,1
pucciniastrum,1
pucciniomycetes,1
pucciniomycotina,1
puce,1
pucka,1
puckish,1
puckishly,1
puckishness,1
puddingheaded,1
puddling,1
pudendal,1
pudginess,1
pudgy,1
pudja,1
puebla,1
pueraria,1
puerperal,1
pueruli,1
puffery,1
puffy,1
pugilism,1
pugilistic,1
pugnacious,1
pugnaciously,1
pugnacity,1
puissant,1
pujunan,1
puke,1
puking,1
pukka,1
pul,1
pula,1
pulchritude,1
pulchritudinous,1
pule,1
pulex,1
pulicidae,1
pullback,1
pullets,1
pullout,1
pullulanase,1
pullulation,1
pulmonary,1
pulmonic,1
pulpiness,1
pulping,1
pulpwood,1
pulpy,1
pulsacja,1
pulsatilla,1
pulseless,1
pulsellidae,1
pulverisation,1
pulverised,1
pulverization,1
pulverized,1
pulvinaria,1
pulvinate,1
pummel,1
pummelos,1
punchable,1
punchline,1
punctate,1
punctiform,1
punctilious,1
punctiliously,1
punctiliousness,1
punctuality,1
punctually,1
puncturable,1
punctureless,1
punding,1
pungently,1
punggyeong,1
pungi,1
punica,1
punicaceae,1
punily,1
puniness,1
punishable,1
punishingly,1
punitive,1
punitively,1
punitorily,1
punitory,1
punjab,1
punjabi,1
punning,1
punny,1
punting,1
puntius,1
puny,1
pup,1
puparium,1
pupate,1
pupillary,1
puppies,1
puppyish,1
puppylike,1
purana,1
puranic,1
purblind,1
purchasable,1
purdah,1
pureblood,1
pureblooded,1
purebred,1
puree,1
purely,1
purgation,1
purgative,1
purgatorial,1
purim,1
purines,1
purism,1
puritanic,1
puritanically,1
purloin,1
puroresu,1
purpleness,1
purplish,1
purportedly,1
purposeful,1
purposefully,1
purposefulness,1
purposeless,1
purposelessly,1
purposelessness,1
purposely,1
purposive,1
purpurate,1
purshia,1
pursual,1
pursuant,1
pursued,1
pursuing,1
pursy,1
purulence,1
purulency,1
purulent,1
purvey,1
purveyance,1
purview,1
puseyism,1
pushful,1
pushiness,1
pushover,1
pushup,1
pushy,1
pusillanimity,1
pusillanimous,1
pusillanimously,1
pusillanimousness,1
pūslinė,1
pussy,1
pussyfoot,1
pussyfuck,1
pustulate,1
pustules,1
putamen,1
pūtātara,1
putative,1
putdownable,1
putere,1
putipù,1
putoff,1
pūtōrino,1
putout,1
putrefacient,1
putrefactive,1
putrefiable,1
putrefy,1
putrescent,1
putrescible,1
putrescine,1
putridity,1
putridness,1
putsch,1
putty,1
pututu,1
puvama,1
puzzlement,1
puzzler,1
pvc,1
pya,1
pyaemia,1
pyaemic,1
pycnocline,1
pycnodysostosis,1
pycnogonida,1
pycnometry,1
pycnoporus,1
pycnosis,1
pycnotic,1
pydna,1
pyelography,1
pyemia,1
pyemic,1
pyemotes,1
pyemotidae,1
pyeongyeong,1
pygostyle,1
pykäläpilli,1
pyknic,1
pyknosis,1
pyknotic,1
pyloric,1
pymetrozine,1
pyngyr,1
pyoderma,1
pyogenic,1
pyometra,1
pyorrhea,1
pyorrhoea,1
pyracantha,1
pyralidae,1
pyralis,1
pyramidalis,1
pyramidic,1
pyramidical,1
pyramidically,1
pyrantel,1
pyrausta,1
pyrazines,1
pyrazophos,1
pyrectic,1
pyreneanism,1
pyrenees,1
pyrenochaeta,1
pyrenopeziza,1
pyrenophora,1
pyrethrins,1
pyretic,1
pyrexia,1
pyrheliometers,1
pyricularia,1
pyriculariopsis,1
pyridaben,1
pyridate,1
pyridines,1
pyridoxine,1
pyrilla,1
pyrimidines,1
pyrochemical,1
pyrochemistry,1
pyroderces,1
pyroelectric,1
pyroelectrical,1
pyroelectricity,1
pyrogallic,1
pyrogenetic,1
pyrogenic,1
pyrogenous,1
pyroglyphidae,1
pyrographic,1
pyrography,1
pyrolatry,1
pyroligneous,1
pyrolignic,1
pyrolytic,1
pyromancy,1
pyromania,1
pyronemataceae,1
pyrophobia,1
pyrophone,1
pyrophosphates,1
pyropoikilocytosis,1
pyrosis,1
pyrostegia,1
pyrotechnical,1
pyrotechny,1
pyroxsulam,1
pyroxylin,1
pyrrhalta,1
pyrrhichios,1
pyrrhocoridae,1
pyrrhocoris,1
pyrrophycophyta,1
pyrus,1
pyruvates,1
pythagorean,1
pythium,1
python,1
pythons,1
pyuridae,1
pyzhatka,1
qabala,1
qabalah,1
qabalistic,1
qabbala,1
qabbalah,1
qairaq,1
qanbūs,1
qatar,1
qatari,1
qatch,1
qcd,1
qed,1
qelutviaq,1
qepiq,1
qi,1
qiang,1
qiangic,1
qilaut,1
qindarka,1
qinghai,1
qinqin,1
qintar,1
qoph,1
qossaz,1
quackery,1
quadragesima,1
quadrangle,1
quadrantanopia,1
quadraphonic,1
quadrasonic,1
quadraspidiotus,1
quadrathlon,1
quadratics,1
quadrature,1
quadrennium,1
quadric,1
quadrillion,1
quadriphonic,1
quadriplegia,1
quadrisonic,1
quadrivium,1
quadruped,1
quadrupedal,1
quadruplet,1
quadruplets,1
quadruplex,1
quadrupling,1
quaff,1
quaggy,1
quahaug,1
quail,1
quails,1
quaint,1
quaintly,1
quaintness,1
quakerism,1
qualifier,1
qualitatively,1
quantal,1
quantic,1
quantifiability,1
quantifiable,1
quantifier,1
quantify,1
quantisation,1
quantise,1
quantitatively,1
quantization,1
quantize,1
quantized,1
quapaw,1
quarantined,1
quarg,1
quarrelsome,1
quarrelsomeness,1
quart,1
quarterfinal,1
quartern,1
quartette,1
quartic,1
quartile,1
quarto,1
quartzose,1
quash,1
quasi,1
quasiparticle,1
quasisplitting,1
quassia,1
quatercentenary,1
quatercentennial,1
quatern,1
quaternate,1
quaternion,1
quaternity,1
quatrain,1
quattrocento,1
quavering,1
quaveringly,1
quayage,1
qudi,1
queasily,1
queasy,1
quebec,1
quebecois,1
quechua,1
queenlessness,1
queenlike,1
queenly,1
queenrightness,1
queensland,1
queerly,1
quelea,1
quelled,1
quelling,1
quellung,1
quena,1
quenchless,1
quenselia,1
quercetin,1
quercus,1
queretaro,1
querulous,1
querulously,1
querulousness,1
questionable,1
questionably,1
questioningly,1
questionnaire,1
questionnaires,1
quetch,1
quetzal,1
quiche,1
quickie,1
quickly,1
quicksand,1
quickset,1
quicksilver,1
quicky,1
quiesce,1
quiescent,1
quietism,1
quietly,1
quietude,1
quietus,1
quijongo,1
quilt,1
quilted,1
quinacrine,1
quinalphos,1
quinapyramine,1
quinces,1
quinine,1
quinmerac,1
quinoa,1
quinolines,1
quinones,1
quinquagesima,1
quinquefoliate,1
quinquennium,1
quinsy,1
quint,1
quintal,1
quintephone,1
quintessence,1
quintessential,1
quintette,1
quinticlave,1
quintillion,1
quinto,1
quintola,1
quinton,1
quintozene,1
quintuplet,1
quintupling,1
quinuronium,1
quire,1
quirkiness,1
quirky,1
quislingism,1
quittance,1
quixotic,1
quixotically,1
quixotism,1
quizalofop,1
quizzical,1
quizzically,1
quodlibet,1
quondam,1
quoratean,1
quotability,1
quotable,1
quran,1
quray,1
qurush,1
r.c.,1
raban,1
rabbet,1
rabbi,1
rabbinate,1
rabbinic,1
rabbinical,1
rabeca,1
rabel,1
rabelaisian,1
rabequet,1
rabidity,1
rabidly,1
rabidness,1
racecard,1
racehorses,1
racemases,1
racemes,1
racemization,1
racemose,1
racewalking,1
rachiplusia,1
rachischisis,1
rachitic,1
rachitis,1
rachycentridae,1
racialism,1
racially,1
racily,1
raciness,1
racist,1
racketeer,1
racketeering,1
racketiness,1
racketlon,1
rackett,1
rackety,1
racon,1
racy,1
rad,1
raddled,1
radiale,1
radially,1
radiancy,1
radiantly,1
radicalism,1
radicalize,1
radically,1
radicchio,1
radicle,1
radiculitis,1
radiculomegaly,1
radiicephalidae,1
radioactively,1
radiocommunication,1
radiodense,1
radiodrum,1
radioecology,1
radiographic,1
radioisotopes,1
radiolocate,1
radiological,1
radiometers,1
radiophonic,1
radiophotography,1
radioprotection,1
radioscopy,1
radiosensitive,1
radiosity,1
radiosondes,1
radiosport,1
radiotelegraph,1
radiotelegraphy,1
radiotelephone,1
radiotelephonic,1
radiotelephony,1
radium,1
radix,1
radon,1
radopholus,1
radurization,1
raffa,1
raffinose,1
raffish,1
raffishly,1
rafflesiaceae,1
rafoxanide,1
rafter,1
raftered,1
raganella,1
ragged,1
raggedly,1
raggedness,1
raghuva,1
raging,1
ragnarok,1
ragtime,1
raillery,1
raillietia,1
raillietina,1
railroading,1
railways,1
raiment,1
raimentless,1
raindrop,1
raininess,1
rainless,1
rainlessness,1
rainmaking,1
rainproof,1
rainstick,1
rainstorm,1
rainwater,1
rainy,1
raisable,1
raiseable,1
raishan,1
raisins,1
raiu,1
raj,1
raja,1
rajab,1
rajão,1
rajasthan,1
rajidae,1
rakatak,1
rakes,1
rakish,1
rakishly,1
rakishness,1
rakkopilli,1
rakuminton,1
rale,1
rallidae,1
rallycross,1
ralstonia,1
ramanavami,1
ramate,1
ramayana,1
rambling,1
ramblingly,1
rambunctious,1
rambutans,1
ramets,1
ramie,1
ramify,1
ramkie,1
ramose,1
ramous,1
rampageous,1
rampant,1
rampantly,1
ramshackle,1
ramsinga,1
ramularia,1
ramulispora,1
ranales,1
ranat,1
ranavirosis,1
ranavirus,1
ranch,1
ranching,1
rancid,1
rancidness,1
rancor,1
rancorous,1
rancour,1
rand,1
randia,1
randomisation,1
randomise,1
randomised,1
randomization,1
randomize,1
randomized,1
randomly,1
randomness,1
randonneuring,1
randy,1
ranellidae,1
rangelands,1
rangertone,1
rangifer,1
ranginess,1
rangy,1
raniceps,1
ranidae,1
raninidae,1
rankers,1
rankine,1
rankle,1
rankness,1
ransacked,1
ransacking,1
ransomware,1
ranting,1
ranunculaceae,1
ranunculales,1
ranunculus,1
raoulius,1
rapach,1
rapacious,1
rapaciously,1
rapapalli,1
rapd,1
raped,1
raphanus,1
raphia,1
rapidity,1
rapidly,1
rapidness,1
rapine,1
rapport,1
rapprochement,1
rapt,1
rapture,1
rapturous,1
rapturously,1
raptus,1
rarefaction,1
rareness,1
rarified,1
rarify,1
raring,1
rarity,1
rascally,1
rase,1
rasgueado,1
rashly,1
rashness,1
raspall,1
raspiness,1
raspingly,1
rassling,1
rastafarian,1
rastafarianism,1
rasterize,1
rastrelliger,1
rastrococcus,1
ratable,1
ratables,1
rataplan,1
rateability,1
rateable,1
rateables,1
ratified,1
ratify,1
ratiocinate,1
ratiocinative,1
rationale,1
rationalism,1
rationalist,1
rationalistic,1
rationally,1
rationalness,1
ratlike,1
ratooning,1
ratoons,1
rattleback,1
rattlebrained,1
rattlepated,1
rattrap,1
räty,1
raucous,1
raucously,1
raumschach,1
raumwinkel,1
raunch,1
raunchy,1
rauschpfeife,1
rauvolfia,1
ravaged,1
ravanahatha,1
ravanne,1
ravenna,1
ravenous,1
ravenously,1
ravenousness,1
ravingly,1
ravishing,1
ravishingly,1
rawap,1
rawboned,1
rayless,1
rayon,1
razbliuto,1
raze,1
razed,1
razmataz,1
razor,1
razorback,1
razorbills,1
razzing,1
razzle,1
razzmatazz,1
rbi,1
re,1
reabsorb,1
reabsorption,1
reachable,1
reactable,1
reactionary,1
reactionism,1
reactionist,1
reactivate,1
reactive,1
readability,1
readable,1
readably,1
readapt,1
reader,1
readily,1
readjust,1
readjustment,1
readmission,1
readmit,1
readout,1
reaffiliation,1
reaffirm,1
reaffirmation,1
realign,1
realine,1
realised,1
realistically,1
realizable,1
reallocate,1
reallot,1
reallotment,1
really,1
realness,1
realpolitik,1
realty,1
reanimate,1
reanimated,1
reappear,1
reapportion,1
reapportionment,1
reappraisal,1
reappraise,1
rearmament,1
rearmost,1
rearrange,1
rearrangement,1
rearwards,1
reasonable,1
reasonably,1
reasonless,1
reassail,1
reassembly,1
reassert,1
reassertion,1
reassess,1
reassessment,1
reassign,1
reassignment,1
reassurance,1
reassure,1
reassured,1
reassuring,1
reassuringly,1
reattribute,1
reave,1
reawaken,1
rebab,1
rebáb,1
rebana,1
rebarbative,1
rebec,1
rebellion,1
rebellious,1
rebelliously,1
rebind,1
reboot,1
reborn,1
rebuild,1
rebuilding,1
rebukingly,1
reburial,1
rebury,1
reburying,1
rebus,1
rebuttal,1
rebutter,1
recalcitrance,1
recalcitrancy,1
recalcitrant,1
recalcitrate,1
recalculate,1
recalculation,1
recant,1
recantation,1
recast,1
recasting,1
recce,1
recco,1
reccy,1
receivable,1
receivables,1
recency,1
recently,1
recentness,1
receptive,1
receptively,1
receptiveness,1
recessed,1
recessionary,1
rechargeable,1
recherche,1
recidivate,1
recidivism,1
recilia,1
reciprocality,1
reciprocally,1
reciprocation,1
reciprocative,1
reciprocatory,1
recirculation,1
recission,1
recital,1
recitative,1
recklessly,1
recklessness,1
reckon,1
reckoner,1
reclaimable,1
reclassification,1
reclassify,1
reclinate,1
reclining,1
recluse,1
reclusive,1
reclusiveness,1
recode,1
recoding,1
recognisable,1
recognisance,1
recognised,1
recognizable,1
recognizably,1
recognizance,1
recoilless,1
recollect,1
recollection,1
recollective,1
recombinant,1
recombine,1
recommence,1
recommencement,1
reconcilable,1
reconciliation,1
recondite,1
recondition,1
reconfirm,1
reconnaissance,1
reconnoiter,1
reconnoitering,1
reconnoitre,1
reconnoitring,1
reconquer,1
reconsecrate,1
reconsider,1
reconstitute,1
reconstitution,1
reconstructed,1
reconstructive,1
reconvene,1
reconvert,1
reconvict,1
recopy,1
recorder,1
recortes,1
recounting,1
recoup,1
recoverable,1
recreant,1
recriminate,1
recrimination,1
recriminative,1
recriminatory,1
recrudesce,1
recrudescence,1
recrudescent,1
recruitment,1
rectal,1
rectangularity,1
rectifiable,1
rectified,1
rectilineal,1
rectilinear,1
rectilinearity,1
rectitude,1
recto,1
rectoplasty,1
rectorate,1
rectorship,1
rectosigmoid,1
recumb,1
recumbent,1
recuperative,1
recurrence,1
recurrently,1
recursive,1
recurvaria,1
recurvate,1
recurve,1
recusal,1
recusancy,1
recusant,1
recusation,1
recyclable,1
redbrick,1
redd+,1
reddened,1
reddish,1
reddishness,1
rede,1
rédeas,1
redecorate,1
rededicate,1
rededication,1
redeemable,1
redefinition,1
redemptional,1
redemptory,1
redeploy,1
redeployment,1
redeposition,1
redesign,1
redetermination,1
redetermine,1
redevelopment,1
redeye,1
redfish,1
redheaded,1
rediffusion,1
rediscover,1
rediscovery,1
redispose,1
redisposition,1
redistribute,1
redistributed,1
redistribution,1
redline,1
redly,1
redoba,1
redolence,1
redolent,1
redouble,1
redoubled,1
redoubtable,1
redox,1
redpoint,1
redraft,1
redshift,1
reducible,1
reductio,1
reductionism,1
reductionist,1
reductive,1
redundance,1
reduplicate,1
reduviidae,1
redux,1
reechoing,1
reedbeds,1
reedlike,1
reedy,1
reefy,1
reeking,1
reelect,1
reelection,1
reenactment,1
reenforce,1
reenlistment,1
reentrant,1
reentry,1
reestablish,1
reevaluate,1
reevaluation,1
reexamine,1
refabrication,1
reface,1
refashion,1
referable,1
refereeing,1
referendum,1
referential,1
refill,1
refilling,1
refinance,1
refinish,1
reflate,1
reflation,1
reflective,1
reflectively,1
reflectiveness,1
reflectometry,1
reflectorise,1
reflectorize,1
reflexed,1
reflexively,1
reflexiveness,1
reflexivity,1
reflexly,1
reflexmate,1
refloat,1
refocusing,1
reforest,1
reforge,1
reformable,1
reformative,1
reformatory,1
reformism,1
reformist,1
reforms,1
reformulate,1
refractiveness,1
refractometry,1
refractoriness,1
refracture,1
refreshen,1
refreshful,1
refreshfully,1
refreshingly,1
refreshment,1
refrigerants,1
refrigerate,1
refrigerated,1
refrigerating,1
refrigerators,1
refuel,1
refueling,1
refugees,1
refugia,1
refulgence,1
refulgency,1
refulgent,1
refurbish,1
refurbishment,1
refurnish,1
refusal,1
refutable,1
refutal,1
regain,1
regaining,1
regale,1
regalecidae,1
regally,1
regardant,1
regardful,1
regatta,1
regent,1
regest,1
reggada,1
reggae,1
regicide,1
regift,1
regime,1
regimen,1
regiment,1
regimental,1
regimentally,1
regimentation,1
regimented,1
regionalization,1
regionally,1
registry,1
regnant,1
regorge,1
regosols,1
regram,1
regressive,1
regretful,1
regretfully,1
regrettable,1
regrettably,1
regrow,1
regrowth,1
reguilete,1
regularity,1
regularly,1
regulations,1
regulative,1
regulatory,1
rehabilitate,1
rehabilitative,1
reharmonisation,1
reharmonise,1
reharmonization,1
reharmonize,1
rehear,1
rehearing,1
rehearsal,1
reheat,1
reheel,1
rehouse,1
rehydration,1
reichsmünzordnung,1
reification,1
reify,1
reignite,1
reimburse,1
reimbursement,1
reimpose,1
reimposition,1
reincarnationism,1
reinforcer,1
reinhardtius,1
reinstall,1
reinstate,1
reinsurance,1
reintegrate,1
reintroduce,1
reintroduction,1
reinvent,1
reinvigorate,1
reinvigorated,1
reiterate,1
reiteration,1
reiterative,1
rejective,1
rejig,1
rejoinder,1
rejuvenescence,1
rekord,1
relace,1
relatable,1
relatedness,1
relational,1
relatively,1
relativisation,1
relativise,1
relativism,1
relativistic,1
relativistically,1
relativization,1
relativize,1
relatum,1
relaxant,1
relaxedness,1
relaxin,1
relearn,1
relegating,1
relegation,1
relent,1
relentless,1
relentlessly,1
relentlessness,1
relevance,1
relevancy,1
relevantly,1
reliability,1
reliableness,1
reliably,1
reliant,1
religiosity,1
religious,1
religiousism,1
religiously,1
religiousness,1
relishing,1
relistening,1
relive,1
reliving,1
reload,1
relocate,1
relocated,1
relocation,1
reluctantly,1
reluctivity,1
relyric,1
remake,1
remarkable,1
remarkably,1
remarriage,1
remarry,1
rematch,1
rembrandtesque,1
remediable,1
remedial,1
remediate,1
remediation,1
remilitarisation,1
remilitarise,1
remilitarization,1
remilitarize,1
remindful,1
reminisce,1
reminiscence,1
reminiscent,1
reminiscently,1
remise,1
remiss,1
remissness,1
remittance,1
remittances,1
remittent,1
remonstrance,1
remonstrate,1
remonstration,1
remorseful,1
remorsefully,1
remorseless,1
remorselessly,1
remotely,1
remoteness,1
remotion,1
removability,1
removable,1
remunerate,1
remunerated,1
remunerative,1
renal,1
renanthera,1
renascent,1
rend,1
rendement,1
rendimiento,1
rending,1
rendzinas,1
renegociate,1
renegotiate,1
renewable,1
renibacterium,1
rennet,1
rennsteiglauf,1
renormalise,1
renormalize,1
renouncement,1
renown,1
renowned,1
rentable,1
rente,1
renunciant,1
renunciative,1
reopen,1
reordering,1
reorganisation,1
reorganise,1
reorganised,1
reorganization,1
reorganize,1
reorganized,1
reorientate,1
reoviridae,1
reovirus,1
repand,1
reparable,1
repartee,1
repatriate,1
repatriation,1
repayable,1
repeatable,1
repeatedly,1
repechage,1
repellently,1
repellents,1
repellingly,1
repentance,1
repentant,1
repentantly,1
repercuss,1
repetency,1
repetenz,1
repetitious,1
repetitiousness,1
repetitively,1
repetitiveness,1
repetundae,1
rephrase,1
rephrasing,1
repine,1
repinique,1
replaceability,1
replaceable,1
replant,1
replanting,1
replenishment,1
repoint,1
reportable,1
reportage,1
reportedly,1
reposeful,1
reposit,1
repositing,1
repositioning,1
repossess,1
repossession,1
repost,1
repot,1
reprehend,1
reprehensibility,1
reprehensible,1
reprehensibly,1
reprehension,1
reprehensively,1
representable,1
representational,1
repressed,1
repressing,1
repressive,1
reprinting,1
reprisal,1
reprise,1
reprize,1
reproachful,1
reproachfully,1
reprocess,1
reproducible,1
reproducibly,1
reproductive,1
reproval,1
reprove,1
reproving,1
reprovingly,1
reptantia,1
reptilia,1
reptilian,1
repu,1
republicanism,1
republishing,1
repudiative,1
repugn,1
repugnant,1
repulsive,1
repulsively,1
repulsiveness,1
reputability,1
reputable,1
reputably,1
reputedly,1
requeening,1
requiescat,1
requisite,1
requisiteness,1
requite,1
requote,1
reread,1
resale,1
rescale,1
reschedule,1
rescind,1
rescindable,1
rescission,1
reseal,1
resect,1
reseda,1
resedaceae,1
resell,1
resemblance,1
resentful,1
resentfully,1
resentment,1
reserpine,1
reservedly,1
resettle,1
resettled,1
resew,1
resh,1
reship,1
reshipment,1
reshoot,1
reshuffling,1
residence,1
residency,1
resident,1
residentially,1
residuary,1
residuum,1
resift,1
resignedly,1
resinate,1
resinated,1
resinlike,1
resinous,1
resiny,1
resistible,1
resistless,1
resize,1
resmethrin,1
resmudge,1
resole,1
resolute,1
resolutely,1
resoluteness,1
resolvable,1
resorantel,1
resorb,1
resorcinols,1
resorption,1
resound,1
resounding,1
resoundingly,1
resourcefully,1
resourceless,1
resowing,1
respectability,1
respectable,1
respectably,1
respectful,1
respectfully,1
respectfulness,1
respective,1
respectively,1
respiratory,1
respire,1
respirometers,1
resplend,1
resplendence,1
resplendency,1
resplendent,1
resplendently,1
respondent,1
responsibleness,1
responsibly,1
resseliella,1
restate,1
restatement,1
restful,1
restfully,1
restfulness,1
restive,1
restively,1
restless,1
restlessly,1
restock,1
restocking,1
restorative,1
restrengthen,1
restricted,1
restricting,1
restrictions,1
restrictive,1
restrictively,1
restructure,1
resublime,1
resubmit,1
resumption,1
resupine,1
resurge,1
resurgence,1
resurgent,1
resurvey,1
resuscitate,1
resuscitated,1
resuspend,1
resveratrol,1
ret,1
retailing,1
retainer,1
retaking,1
retaliation,1
retaliative,1
retaliatory,1
retarded,1
retching,1
retentively,1
reticence,1
reticent,1
reticently,1
retick,1
reticulation,1
reticulitermes,1
reticulitis,1
reticulocyte,1
reticulocytopenia,1
reticulocytosis,1
reticulodromous,1
reticulorumen,1
reticulum,1
retie,1
retinal,1
retinoids,1
retinol,1
retinoschisis,1
retired,1
retiring,1
retisols,1
retortamonas,1
retouch,1
retractable,1
retractile,1
retrain,1
retraining,1
retral,1
retranslate,1
retransmit,1
retrenchment,1
retrial,1
retributive,1
retributory,1
retrievable,1
retroactive,1
retroactively,1
retroarticular,1
retrocollis,1
retroflexed,1
retrogaming,1
retrognathia,1
retrogressive,1
retronym,1
retropinnidae,1
retrospective,1
retrospectively,1
retrousse,1
retrovert,1
retroviridae,1
retrovision,1
retting,1
returnable,1
returnees,1
retuse,1
reunification,1
reunify,1
reunion,1
réunion,1
reunite,1
reuptake,1
reusable,1
revalue,1
revamp,1
revegetation,1
revelatory,1
revelry,1
revengeful,1
revengefully,1
reverberance,1
reverberant,1
reverberating,1
reverberative,1
reverent,1
reverential,1
reverentially,1
reverently,1
reverie,1
reversely,1
reversibility,1
reversibly,1
reversionary,1
reversive,1
revert,1
revertible,1
revery,1
revet,1
revile,1
revilement,1
revisal,1
revisit,1
revitalisation,1
revitalise,1
revitalised,1
revitalising,1
revitalization,1
revitalized,1
revitalizing,1
revival,1
revivalism,1
revivalistic,1
revivification,1
revivify,1
revocable,1
revokable,1
revoltingly,1
revolute,1
revolutionariness,1
revolutionism,1
revue,1
revulsion,1
rewardful,1
rewardingly,1
rewind,1
rewire,1
reword,1
rewording,1
rework,1
rewriting,1
reyong,1
rfd,1
rhabditida,1
rhabditina,1
rhabditis,1
rhabditoidea,1
rhabditomorpha,1
rhabditophora,1
rhabdocline,1
rhabdomancy,1
rhabdosarcoma,1
rhabdoviridae,1
rhadinaphelenchus,1
rhagades,1
rhagoletis,1
rhaita,1
rhammatocerus,1
rhamnaceae,1
rhamnales,1
rhamnose,1
rhamnus,1
rhamphichthyidae,1
rhamphotheca,1
rhanterium,1
rhaponticum,1
rhapsodic,1
rhapsodically,1
rhapsodise,1
rhapsodize,1
rheas,1
rheiformes,1
rhenish,1
rhenium,1
rheologic,1
rheological,1
rheotaxis,1
rheotropism,1
rhetorically,1
rheum,1
rheumatic,1
rheumatoid,1
rheumatology,1
rheumy,1
rhinal,1
rhinarium,1
rhincodontidae,1
rhinobatidae,1
rhinochimaeridae,1
rhinocladiella,1
rhinocyllus,1
rhinolaryngology,1
rhinonyssidae,1
rhinopathy,1
rhinophyma,1
rhinoplasty,1
rhinoscopy,1
rhinosphenoid,1
rhinosporidiosis,1
rhinosporidium,1
rhinostenosis,1
rhinotermitidae,1
rhinotomy,1
rhinovirus,1
rhipicephalus,1
rhipidocotyle,1
rhizina,1
rhizobacteria,1
rhizobiaceae,1
rhizobitoxine,1
rhizobium,1
rhizoctonia,1
rhizofiltration,1
rhizoglyphus,1
rhizomania,1
rhizomatous,1
rhizomelia,1
rhizomes,1
rhizomucor,1
rhizophagidae,1
rhizophagus,1
rhizophora,1
rhizophoraceae,1
rhizophyllidaceae,1
rhizopoda,1
rhizopogon,1
rhizopus,1
rhizosphere,1
rhizostomidae,1
rhizotomy,1
rho,1
rhodesian,1
rhodiola,1
rhodium,1
rhodnius,1
rhodobacter,1
rhododendron,1
rhodomelaceae,1
rhodomontade,1
rhodophyceae,1
rhodophyta,1
rhodopseudomonas,1
rhodospirillum,1
rhodotorula,1
rhoeadales,1
rhomb,1
rhombencephalosynapsis,1
rhombic,1
rhombohedral,1
rhombohedron,1
rhomboidal,1
rhombomere,1
rhomboplites,1
rhombus,1
rhonchi,1
rhonchus,1
rhopalidae,1
rhopalomyia,1
rhopalosiphoninus,1
rhopalosiphum,1
rhopilema,1
rhubarb,1
rhus,1
rhyacichthyidae,1
rhyacionia,1
rhymed,1
rhymeless,1
rhyming,1
rhynchelytrum,1
rhynchites,1
rhynchocinetidae,1
rhynchophorus,1
rhynchosia,1
rhynchosporium,1
rhythmical,1
rhythmically,1
rhythmicity,1
rhythmicon,1
rhytidectomy,1
rhytidoplasty,1
rhytismatales,1
rhyzobius,1
rhyzopertha,1
rial,1
riant,1
ribab,1
ribald,1
ribavirin,1
ribbit,1
ribbon,1
ribbonlike,1
ribbony,1
ribless,1
riblike,1
riboflavin,1
ribonucleases,1
ribonucleosides,1
ribose,1
ribosome,1
ribosomes,1
ribotyping,1
richly,1
ricin,1
ricinus,1
ricketiness,1
rickettsia,1
rickettsial,1
rickettsiales,1
rickettsialpox,1
rickety,1
rico,1
rictus,1
riddance,1
rider,1
ridgers,1
ridiculous,1
ridiculously,1
ridiculousness,1
riel,1
riemannian,1
rifamycin,1
rife,1
riffles,1
riftia,1
rigged,1
rigging,1
righteous,1
righteously,1
righteousness,1
rightfield,1
rightful,1
rightfully,1
rightfulness,1
rightish,1
rightism,1
rightist,1
rightly,1
rightmost,1
rightness,1
rigidification,1
rigidify,1
rigidifying,1
rigidly,1
rigidness,1
rigidoporus,1
rigonda,1
rigor,1
rigorous,1
rigorously,1
rigorousness,1
rigors,1
rigour,1
rigourousness,1
rigveda,1
rih,1
riksmaal,1
riksmal,1
riled,1
rimeless,1
rimless,1
rimose,1
rimsulfuron,1
rimy,1
ringer,1
ringette,1
ringgit,1
ringlet,1
ringleted,1
ringlike,1
rinkball,1
riotous,1
riotously,1
riparian,1
ripely,1
ripen,1
ripened,1
ripeners,1
ripeness,1
riprap,1
riptide,1
riptortus,1
riq,1
risc,1
risibility,1
risible,1
riskily,1
riskiness,1
riskless,1
risklessness,1
risky,1
risque,1
rissoellaceae,1
ristynės,1
rit.,1
ritardando,1
ritenuto,1
riti,1
ritualise,1
ritualistic,1
ritualize,1
ritually,1
ritz,1
ritzy,1
rivalrous,1
rivalry,1
rive,1
riverbanks,1
riverbeds,1
rivula,1
riwana,1
riyal,1
rna,1
rnga,1
ro,1
roadblock,1
roadbook,1
roadless,1
roadworthiness,1
roan,1
robbery,1
robinia,1
robocall,1
robotlike,1
robustious,1
robustly,1
robustness,1
roccus,1
rock'n'roll,1
rockabilly,1
rockbound,1
rocketry,1
rockiness,1
rocklike,1
rockslide,1
rockwool,1
rocky,1
rocroi,1
rodenticides,1
rodlike,1
rodolia,1
rodomontade,1
roentgen,1
roentgenographic,1
roentgenography,1
rogation,1
roguery,1
roguing,1
roguish,1
roguishly,1
roi,1
roiled,1
roiling,1
roily,1
roister,1
roleplay,1
roleplaying,1
rolitetracycline,1
rollerblade,1
rollerblading,1
rollers,1
rollick,1
rollicking,1
rollickingly,1
rollkur,1
rollover,1
rolypoliness,1
romanal,1
romanesque,1
romani,1
romania,1
romanic,1
romanise,1
romanism,1
romanist,1
romanize,1
romanomermis,1
romans,1
romantically,1
romanticisation,1
romanticist,1
romanticistic,1
romanticization,1
romex,1
romish,1
rompler,1
ron,1
rondador,1
rondeau,1
rondel,1
rondelet,1
rondeletia,1
rondeletiidae,1
rondo,1
roneo,1
ronfa,1
ronroco,1
roofless,1
rooftopping,1
rook,1
rookeries,1
roomful,1
roomily,1
roomy,1
rooseveltian,1
rootage,1
rootbound,1
rootle,1
rootless,1
rootstocks,1
ropiness,1
roque,1
roquefortine,1
roraima,1
rorippa,1
rorschach,1
rosa,1
rosacea,1
rosaceae,1
rosales,1
roseate,1
roselle,1
rosellinia,1
roseola,1
rosicrucian,1
rosicrucianism,1
rosmarinus,1
rossbach,1
rossia,1
roster,1
rostrate,1
rostrodermethmoid,1
rota,1
rotatable,1
rotational,1
rotationalfrequency,1
rotationally,1
rotatory,1
rotavirus,1
rote,1
rotenone,1
rothphone,1
rotifera,1
rotl,1
rototom,1
rotta,1
rottboellia,1
rotte,1
rottenly,1
rotund,1
rotundly,1
rotundness,1
rotylenchulus,1
rotylenchus,1
rouble,1
rouge,1
rouged,1
roughage,1
roughdried,1
roughen,1
roughened,1
roughhewn,1
roughhouse,1
roughish,1
roughly,1
roughshod,1
roulade,1
roulèr,1
roumanian,1
roundabout,1
roundedness,1
roundel,1
roundelay,1
roundheaded,1
roundhouse,1
roundish,1
roundly,1
roundnet,1
roundtable,1
roundwood,1
roundworm,1
rousseauan,1
routemarch,1
routinely,1
routineness,1
rove,1
rowdily,1
rowdiness,1
rowdyism,1
royalism,1
royally,1
royalties,1
royalty,1
roystonea,1
rpm,1
rsfsr,1
rtlt,1
ruan,1
ruandan,1
rubab,1
rubato,1
rubberise,1
rubberize,1
rubberlike,1
rubberneck,1
rubbery,1
rubbishy,1
rubboard,1
rubdown,1
rubella,1
rubeola,1
rubia,1
rubiaceae,1
rubiales,1
rubicon,1
rubicund,1
rubidium,1
rubify,1
rubiothrips,1
rubisco,1
rubivirus,1
ruble,1
rubor,1
rubratoxins,1
rubus,1
rückpositiv,1
ruckus,1
ruction,1
rud,1
rudbeckia,1
rudderless,1
ruddiness,1
ruddy,1
rudely,1
rudimentary,1
ruditapes,1
rueful,1
ruefully,1
ruefulness,1
ruffianism,1
ruffianly,1
rugball,1
rugged,1
ruggedisation,1
ruggedise,1
ruggedization,1
ruggedize,1
ruggedly,1
ruggedness,1
rugger,1
rugovo,1
rugulosin,1
ruhemasse,1
ruinous,1
ruinously,1
ruinousness,1
rulership,1
ruly,1
rumbustious,1
rumenitis,1
rumenotomy,1
rumex,1
rumina,1
ruminant,1
ruminants,1
ruminations,1
ruminative,1
ruminococcus,1
rummelpott,1
rumpi,1
rumpled,1
rums,1
runcinate,1
rundown,1
rune,1
runic,1
runnels,1
runniness,1
runny,1
runproof,1
runtiness,1
runty,1
runup,1
rupee,1
rupestral,1
rupiah,1
rupicolous,1
ruppia,1
ruppiaceae,1
rural,1
rurality,1
rurally,1
ruritania,1
ruritanian,1
ruscaceae,1
ruse,1
rushlike,1
rushy,1
russet,1
russianness,1
russula,1
russulaceae,1
russulales,1
rustic,1
rusticism,1
rusticity,1
rustless,1
rustproof,1
rustproofed,1
ruta,1
rutabagas,1
rutaceae,1
rutelinae,1
ruthenium,1
rutherford,1
ruthful,1
ruthfulness,1
ruthless,1
ruthlessly,1
rutilus,1
rutin,1
rutted,1
ruttish,1
rutty,1
rwanda,1
rwandan,1
ryania,1
rychlost,1
rydberg,1
ryukyuan,1
ryūteki,1
s.t.p.,1
s/n,1
saame,1
saami,1
saarland,1
saba,1
sabah,1
sabahan,1
sabal,1
sabar,1
sabbatarian,1
sabbath,1
sabbatic,1
sabbatum,1
sabellian,1
sabellida,1
saber,1
sabertoothed,1
sabianism,1
sabin,1
sabine,1
sablefish,1
sables,1
sabre,1
saccade,1
saccadic,1
saccharimetry,1
saccharin,1
saccharine,1
saccharinity,1
saccharomyces,1
saccharomycetaceae,1
saccharomycetales,1
saccharomycetes,1
saccharopolyspora,1
saccharum,1
sacchiphantes,1
saccopharyngidae,1
saccopharyngiformes,1
saccostrea,1
sacculate,1
sacculated,1
sacerdotal,1
sacerdotalism,1
sackbut,1
sackful,1
saclike,1
sacrament,1
sacramental,1
sacredly,1
sacredness,1
sacrificeable,1
sacrificial,1
sacrilege,1
sacrilegious,1
sacrilegiously,1
sacrilegiousness,1
sacrosanct,1
sadden,1
sadducean,1
sadhe,1
sadism,1
sadly,1
sadomasochism,1
sadomasochistic,1
saek,1
saenghwang,1
safar,1
safari,1
safekeeping,1
safely,1
safeness,1
safflower,1
safou,1
sagacious,1
sagaciously,1
sagayan,1
sagely,1
sagitta,1
sagittal,1
sagittaria,1
sagittate,1
sagittiform,1
sago,1
sahaptin,1
sahara,1
sahel,1
sahlbergella,1
sähly,1
sailfish,1
sailplane,1
sailplaning,1
sainthood,1
saintlike,1
saintliness,1
saintly,1
saintpaulia,1
saipan,1
saissetia,1
saithe,1
saivism,1
saiyōko,1
saka,1
saktism,1
salaah,1
salaat,1
salability,1
salable,1
salableness,1
salacca,1
salacious,1
salaciously,1
salaciousness,1
salacity,1
salafism,1
salah,1
salamanders,1
salamandriform,1
salamandroidea,1
salamiyyah,1
salamuri,1
salangidae,1
salat,1
saleable,1
salep,1
salerno,1
salesmanship,1
salicaceae,1
salicales,1
salicicola,1
salicornia,1
salicylamides,1
salicylates,1
salience,1
saliency,1
salient,1
salientian,1
saliferous,1
salinate,1
saline,1
salinometers,1
salinomycin,1
salish,1
salishan,1
salivary,1
salix,1
sallaneh,1
sallet,1
sallowness,1
salmo,1
salmonella,1
salmoninae,1
salmonoidei,1
salpidae,1
salpingectomy,1
salpinx,1
salsify,1
salsola,1
saltarello,1
saltate,1
salterio,1
saltish,1
saltlike,1
saltmarshes,1
saluang,1
salubrious,1
salubriousness,1
salubrity,1
salutary,1
salutation,1
salutatory,1
salvadoraceae,1
salvadoran,1
salvadorean,1
salvageable,1
salvaging,1
salvelinus,1
salverform,1
salvia,1
salvific,1
salving,1
salvinia,1
salviniaceae,1
salviniales,1
salzburg,1
samanea,1
samaridae,1
samarium,1
samaveda,1
sambal,1
sambo,1
sambuca,1
sambuco,1
sambucus,1
samekh,1
sameness,1
samhita,1
sami,1
samia,1
samica,1
samiel,1
samizdat,1
samoa,1
samoan,1
samorine,1
samoyed,1
samoyedic,1
samphor,1
sampler,1
samponha,1
samsara,1
sanative,1
sanba,1
sanctification,1
sanctified,1
sanctimonious,1
sanctimoniously,1
sanctimoniousness,1
sanctimony,1
sanctionative,1
sanctioned,1
sanctioning,1
sanctitude,1
sanctity,1
sanda,1
sandaled,1
sandalled,1
sandarac,1
sandbanks,1
sandboarding,1
sandeels,1
sandhi,1
sandiness,1
sandlike,1
sandpaper,1
sandpapery,1
sandskiing,1
sandstorm,1
sandstorms,1
sandy,1
sanely,1
saneness,1
sanfona,1
sango,1
sanguification,1
sanguinary,1
sanguineness,1
sanguineous,1
sanguinity,1
sanguisorba,1
sanhu,1
sanious,1
sanitariness,1
sanitate,1
sanitisation,1
sanitised,1
sanitization,1
sanity,1
sanj,1
sankyoku,1
sansevieria,1
sanshin,1
sanskrit,1
santalaceae,1
santalales,1
santalum,1
santee,1
santiago,1
santims,1
santolina,1
santoor,1
santur,1
sanxian,1
sáo,1
sapayi,1
saperda,1
saphar,1
sapid,1
sapidness,1
sapience,1
sapiens,1
sapiential,1
sapiently,1
sapindaceae,1
sapindales,1
sapium,1
sapless,1
sapogenins,1
saponaceous,1
saponaria,1
saponified,1
saponify,1
saponins,1
saponite,1
saporous,1
sapotaceae,1
sapp,1
sapphirine,1
sapphism,1
sappy,1
sapraemia,1
sapremia,1
saprobic,1
saprolegnia,1
saprolegniales,1
sapropels,1
saprophagous,1
saprophytes,1
saprophytism,1
saproplankton,1
saprospira,1
saprozoic,1
sapstain,1
sapwood,1
sarān,1
sarangi,1
saratoga,1
sarawak,1
sarawakian,1
sarcastically,1
sarcina,1
sarcinomyces,1
sarcocornia,1
sarcocystis,1
sarcocystosis,1
sarcodina,1
sarcoid,1
sarcoidosis,1
sarcolemmal,1
sarcolemmic,1
sarcolemnous,1
sarcomastigophora,1
sarcomere,1
sarcophaga,1
sarcophagidae,1
sarcophilus,1
sarcoplasm,1
sarcopterygii,1
sarcoptes,1
sarcoptidae,1
sarcosine,1
sarcosomal,1
sarda,1
sardina,1
sardinella,1
sardinellas,1
sardinia,1
sardinops,1
sardonically,1
sardonyx,1
sarewa,1
sargassaceae,1
sargassum,1
šargija,1
saribus,1
sarinda,1
sark,1
sarocladium,1
sarod,1
saron,1
sarotherodon,1
sarraceniaceae,1
sarraceniales,1
sarronca,1
sarrusophone,1
sars,1
sartorial,1
sarucallis,1
sasa,1
sasando,1
saskatchewan,1
sassafras,1
sassing,1
sassy,1
sataer,1
satang,1
satanism,1
satanophobia,1
sate,1
satellites,1
satiable,1
satiny,1
satiric,1
satirically,1
satirise,1
satirize,1
satisfactorily,1
satisfactoriness,1
satisfactory,1
satisfiable,1
satisfice,1
satisfise,1
satisfyingly,1
sato,1
satong,1
satori,1
satsumas,1
saturday,1
satureja,1
saturniidae,1
saturnine,1
saturnism,1
satyagraha,1
satyriasis,1
satyric,1
satyrical,1
saucer,1
saucily,1
sauciness,1
saucy,1
saudi,1
sauerkraut,1
saung,1
saunigl,1
sauria,1
saurian,1
saurida,1
saurischia,1
sauropsida,1
sauropus,1
saururaceae,1
sauteed,1
sauteing,1
savagely,1
savageness,1
savannahs,1
savara,1
savate,1
savika,1
savoriness,1
savoring,1
savorless,1
savorlessness,1
savouring,1
savourless,1
savourlessness,1
savoury,1
sawadaea,1
sawan,1
sawdust,1
sawfish,1
sawlogs,1
sawm,1
sawmilling,1
sawmills,1
sawnwood,1
saxatile,1
saxello,1
saxhorn,1
saxicoline,1
saxicolous,1
saxidomus,1
saxifraga,1
saxifragaceae,1
saxifragales,1
saxon,1
saxonette,1
saxony,1
saxophone,1
saxotromba,1
saxtuba,1
sayanci,1
sayonara,1
sazs,1
sb,1
sbe,1
sbw,1
scabby,1
scabellum,1
scabies,1
scabiosa,1
scabrous,1
scabs,1
scads,1
scaffold,1
scalability,1
scalable,1
scalage,1
scalding,1
scaleless,1
scalelike,1
scalene,1
scaley,1
scalic,1
scaliness,1
scalpellidae,1
scamp,1
scandalise,1
scandalize,1
scandalous,1
scandalously,1
scandalousness,1
scandent,1
scandinavia,1
scandium,1
scandix,1
scansion,1
scantily,1
scantiness,1
scantness,1
scanty,1
scaphium,1
scaphoideus,1
scapholunate,1
scaphopoda,1
scaphytopius,1
scapose,1
scapteriscus,1
scapular,1
scapulocoracoid,1
scapulohumeral,1
scarabaeidae,1
scarcely,1
scarceness,1
scarcity,1
scarecrowish,1
scarecrows,1
scaridae,1
scarification,1
scarifiers,1
scarify,1
scarily,1
scarlatina,1
scarper,1
scathe,1
scathing,1
scathingly,1
scathophagidae,1
scatological,1
scatophagidae,1
scatophagus,1
scatophagy,1
scatterbrained,1
scatterometers,1
scattershot,1
scatty,1
scd,1
scelionidae,1
scend,1
scenedesmaceae,1
scenedesmus,1
scenically,1
scentless,1
sceptered,1
sceptical,1
sceptically,1
scepticism,1
sceptred,1
scet,1
schadenfreude,1
schafhauser,1
schalldruckpegel,1
schallgeschwindigkeit,1
schallleistung,1
schallschnelle,1
schefflera,1
scheinleistung,1
scheitholt,1
schematic,1
schematically,1
schematisation,1
schematise,1
schematization,1
schemozzle,1
scheol,1
scherzo,1
schieber,1
schilbeidae,1
schilling,1
schima,1
schindleriidae,1
schindlerjuden,1
schinus,1
schismatic,1
schismatical,1
schismatically,1
schismotis,1
schistocerca,1
schistocytosis,1
schistonchus,1
schistorrhachis,1
schistosoma,1
schistosomatidae,1
schizachyrium,1
schizaphis,1
schizencephaly,1
schizogony,1
schizolobium,1
schizophora,1
schizophrys,1
schizophyllum,1
schizosaccharomyces,1
schizosaccharomycetales,1
schizotetranychus,1
schizothymia,1
schlagball,1
schleichera,1
schleuderballwurf,1
schlumbergera,1
schmaltz,1
schmaltzy,1
schmalz,1
schmalzy,1
schmegegge,1
schneeballwalzer,1
schnorr,1
scholarly,1
scholastic,1
scholastically,1
scholia,1
scholium,1
schoolbook,1
schoolboyish,1
schoolchildren,1
schooldays,1
schoolgirlish,1
schooltime,1
schoolwide,1
schoolwork,1
schryari,1
schtickl,1
schtikl,1
schuss,1
schwa,1
schwannoma,1
schwingen,1
schwyzerörgeli,1
sciaena,1
sciaenidae,1
sciaenops,1
sciara,1
sciaridae,1
sciatic,1
scid,1
scienter,1
scientifically,1
scilla,1
scinciformata,1
scindapsus,1
scintigram,1
scintigraphy,1
scintilla,1
scintillant,1
scintillating,1
sciolism,1
sciolistic,1
sciomyzidae,1
scions,1
scirpophaga,1
scirpus,1
scirrhia,1
scirrhous,1
scirtothrips,1
scission,1
scissor,1
scissors,1
scitamineae,1
sclera,1
scleractinia,1
scleredema,1
sclerenchyma,1
sclerochronology,1
sclerocornea,1
sclerodactyly,1
sclerophoma,1
sclerophthora,1
scleroproteins,1
sclerosed,1
sclerosis,1
sclerospora,1
sclerotia,1
sclerotic,1
sclerotinia,1
sclerotiniaceae,1
sclerotome,1
sclerotomy,1
sclk,1
scnt,1
scoffingly,1
scolex,1
scoliodon,1
scolion,1
scolopacidae,1
scolopax,1
scolothrips,1
scolymus,1
scolytidae,1
scolytus,1
scomber,1
scomberesocidae,1
scomberesox,1
scomberomorus,1
scombridae,1
scombroidei,1
scombrolabracidae,1
scombropidae,1
scoopful,1
scoot,1
scop,1
scopal,1
scopelarchidae,1
scophthalmidae,1
scophthalmus,1
scopolamine,1
scopulariopsis,1
scorbutic,1
scorbutus,1
scorched,1
scorchingness,1
scorecard,1
scoreless,1
scornfully,1
scorpaena,1
scorpaenichthys,1
scorpaenidae,1
scorpaeniformes,1
scorpiones,1
scorpionfish,1
scorpiurus,1
scorzonera,1
scotinophara,1
scotland,1
scotomatous,1
scottishness,1
scoundrelly,1
scoured,1
scours,1
scout,1
scouting,1
scowling,1
scrabbly,1
scrag,1
scraggly,1
scraggy,1
scram,1
scrambled,1
scrambling,1
scranch,1
scrappily,1
scrappiness,1
scrappy,1
scratchiness,1
scratchy,1
scraunch,1
scrawniness,1
scrawny,1
screakily,1
screaky,1
screamingly,1
screechy,1
screed,1
screenplay,1
screenshot,1
screwup,1
screwy,1
scrimp,1
scrimpy,1
scrimshank,1
scrimy,1
scrip,1
scriptural,1
scrivened,1
scrobiculariidae,1
scrobiculate,1
scrobipalpa,1
scrobipalpula,1
scrofula,1
scrofulous,1
scrophularia,1
scrophulariaceae,1
scrotal,1
scrounge,1
scrubbed,1
scrubbers,1
scrubbiness,1
scrubbing,1
scrubby,1
scrublands,1
scrum,1
scrummage,1
scrumptious,1
scrumptiously,1
scruples,1
scrupulous,1
scrupulously,1
scrupulousness,1
scrutiny,1
scry,1
scudding,1
scull,1
sculpins,1
sculpted,1
sculpturesque,1
scum,1
scumble,1
scummy,1
scunner,1
scurrility,1
scurrilous,1
scurrilously,1
scurrying,1
scurvily,1
scute,1
scutellaria,1
scutellista,1
scutellonema,1
scutellospora,1
scutigerella,1
scuttle,1
scuttlebutt,1
scyliorhinidae,1
scyliorhinus,1
scylla,1
scyllaridae,1
scymnus,1
scyphozoa,1
scytalidium,1
scytalinidae,1
scythe,1
scythes,1
scytosiphonaceae,1
sdi,1
seabirds,1
seaborne,1
seachannels,1
seafarers,1
seafoods,1
seagirt,1
seagoing,1
seakale,1
seaknolls,1
sealions,1
seamanlike,1
seamanly,1
seamed,1
seamless,1
seamy,1
seaplane,1
seaquake,1
seaquakes,1
searchingly,1
seared,1
searing,1
seascapes,1
seasick,1
seasickness,1
seasonable,1
seasonableness,1
seasonably,1
seasonal,1
seasonality,1
seasonally,1
seawards,1
seawater,1
seaweeds,1
seaworthy,1
sebaceous,1
sebastes,1
sebe,1
sebocyte,1
seborrhea,1
seborrhoea,1
sebs,1
secale,1
secede,1
secern,1
secernate,1
secessionism,1
sechium,1
sechuana,1
seclude,1
secluded,1
secoiridoids,1
secondarily,1
secondly,1
secondo,1
secoviridae,1
secpar,1
secretarial,1
secretariats,1
secretaryship,1
secretive,1
secretively,1
secretiveness,1
secretly,1
secretory,1
sectarian,1
sectarianism,1
sectionalisation,1
sectionalise,1
sectionalism,1
sectionalization,1
sectionalize,1
sectorial,1
secularisation,1
secularise,1
secularism,1
secularization,1
securely,1
sedately,1
sedateness,1
sedative,1
sedatives,1
sedentaria,1
sedentary,1
seder,1
sedgelike,1
sedgy,1
sedimentology,1
sedition,1
seditious,1
seduction,1
seductively,1
sedulity,1
sedulous,1
sedulously,1
sedulousness,1
sedum,1
seeable,1
seediness,1
seedless,1
seedlessness,1
seedlings,1
seedpods,1
seedtime,1
seedy,1
seel,1
seemingly,1
seemliness,1
seemly,1
seepage,1
seepages,1
seesaw,1
seething,1
segno,1
segregationism,1
sehima,1
seiche,1
seiches,1
seid,1
seidh,1
seidhr,1
seidr,1
seigniorage,1
seine,1
seiners,1
seining,1
seiridium,1
seism,1
seismal,1
seismic,1
seismograms,1
seismography,1
seismologic,1
seismological,1
seismologists,1
seismometers,1
seith,1
seithr,1
selachii,1
selar,1
seldom,1
selective,1
selectively,1
selectivity,1
selenarctos,1
selenaspidus,1
selenium,1
selenolatry,1
selenology,1
selenomonas,1
selenoproteins,1
selenothrips,1
selfing,1
selfishly,1
selfishness,1
selfless,1
selflessly,1
selfmate,1
selfsame,1
selfsameness,1
selfshot,1
seljuk,1
selkup,1
sellable,1
selloff,1
sellotape,1
semanotus,1
semantic,1
semantically,1
semantron,1
semaphore,1
semasiology,1
semelidae,1
semelparity,1
semester,1
semestral,1
semestrial,1
semi,1
semiabstract,1
semiannual,1
semiannually,1
semiaquatic,1
semiarid,1
semiautobiographical,1
semiautomatic,1
semibreve,1
semicircle,1
semicolon,1
semicoma,1
semicomatose,1
semiconducting,1
semiconductive,1
semiconductors,1
semiconscious,1
semiconsciousness,1
semidark,1
semidarkness,1
semidetached,1
semidiameter,1
semiempirical,1
semifinal,1
semifluidity,1
semiformal,1
semihard,1
semilegality,1
semiliquid,1
semiliterate,1
semilunar,1
semimetals,1
seminiferous,1
seminole,1
seminoma,1
seminude,1
semiochemicals,1
semiofficial,1
semiology,1
semionotiformes,1
semiopaque,1
semiotic,1
semiotical,1
semiotics,1
semiparasitic,1
semiperiodo,1
semipermanent,1
semipermeable,1
semipolitical,1
semiprecious,1
semiprivate,1
semipublic,1
semiquaver,1
semirigid,1
semiskilled,1
semisoft,1
semisolid,1
semisweet,1
semisynthetic,1
semite,1
semitendinosus,1
semiterrestrial,1
semitone,1
semitrance,1
semitransparency,1
semitransparent,1
semitropic,1
semitropical,1
semivowel,1
semolina,1
sempach,1
sempervivum,1
sempiternal,1
sempiternity,1
sen,1
senatorial,1
senatorship,1
sendup,1
sene,1
seneca,1
senecan,1
senecio,1
senegal,1
senegalese,1
senegalia,1
senesce,1
senile,1
senior,1
senioritis,1
seniti,1
senji,1
senna,1
senor,1
señor,1
senora,1
señora,1
senorita,1
señorita,1
sensapi,1
sensate,1
sensationalistic,1
sensationally,1
senseless,1
senselessly,1
senselessness,1
sensibilise,1
sensibilize,1
sensible,1
sensibleness,1
sensibly,1
sensify,1
sensitised,1
sensitively,1
sensitized,1
sensorial,1
sensorimotor,1
sensorineural,1
sensual,1
sensualise,1
sensuality,1
sensually,1
sensualness,1
sensuous,1
sensuously,1
sensuousness,1
sente,1
sentential,1
sententious,1
sententiously,1
sentiency,1
sentimental,1
sentimentalisation,1
sentimentalization,1
sentimentally,1
sentimentise,1
sentimentize,1
sep,1
sepaline,1
sepaloid,1
separability,1
separable,1
separably,1
separately,1
separationism,1
separatist,1
separative,1
separators,1
separatrix,1
seperewa,1
sepiadariidae,1
sepiidae,1
sepiola,1
sepiolidae,1
sepiolite,1
sepioteuthis,1
seppuku,1
sepsidae,1
sept,1
septal,1
septate,1
septation,1
septectomy,1
september,1
septenary,1
septette,1
septicemia,1
septicemic,1
septillion,1
septoria,1
septrional,1
septuagesima,1
septuagint,1
septum,1
septuple,1
sepulture,1
sequela,1
sequella,1
sequent,1
sequentially,1
sequestered,1
sequestrate,1
sequestrum,1
sequined,1
sequivirus,1
sequoia,1
sequoiadendron,1
serangium,1
seraphical,1
seraphine,1
serbia,1
serbian,1
serbianness,1
sere,1
serendipitous,1
serendipity,1
serenely,1
sereness,1
serer,1
serfdom,1
serfhood,1
serflike,1
sergestidae,1
sergipe,1
serialisation,1
serialise,1
serialism,1
serialization,1
serially,1
seriatim,1
sericeous,1
sericultural,1
seriesmover,1
serif,1
serigraphy,1
serine,1
serinette,1
serinuria,1
seriocomedy,1
seriocomic,1
seriocomical,1
seriola,1
seriously,1
seriph,1
sermon,1
sermonise,1
sermonism,1
sermonize,1
serologic,1
serological,1
serosa,1
serotonin(1+),1
serotypes,1
serpentine,1
serpula,1
serpulina,1
serra,1
serranidae,1
serranus,1
serratia,1
serratula,1
serried,1
serrivomeridae,1
serrulate,1
serunai,1
serviceability,1
serviceable,1
serviceableness,1
servile,1
servilely,1
servility,1
servitude,1
servo,1
servomechanical,1
sesamia,1
sesamum,1
sesarma,1
sesbania,1
sesia,1
sesiidae,1
sesotho,1
sesquicentennial,1
sesquipedalia,1
sesquipedality,1
sesquiterpene,1
sesquiterpenoid,1
sesquiterpenoids,1
seston,1
setaceous,1
setar,1
sethoxydim,1
setor,1
setosphaeria,1
setswana,1
settledness,1
seventhly,1
sever,1
severable,1
severalise,1
severalize,1
severally,1
severed,1
severely,1
severeness,1
severing,1
sewerage,1
sexagenarian,1
sexagesimal,1
sexcapade,1
sexism,1
sexist,1
sexless,1
sexlessness,1
sexploitation,1
sexsomnia,1
sextant,1
sextette,1
sextillion,1
sexting,1
sextuple,1
sextuplet,1
sexualise,1
sexuality,1
sexualize,1
sexually,1
sexy,1
seychelles,1
seychellois,1
sforzando,1
sgml,1
sha'ban,1
shaaban,1
shaanxi,1
shabbily,1
shabby,1
shabel,1
shabuoth,1
shad,1
shadowbox,1
shadowboxing,1
shadowiness,1
shadowy,1
shady,1
shagged,1
shaggily,1
shaggy,1
shagur,1
shahadah,1
shahaptian,1
shahrud,1
shakable,1
shakeable,1
shakeout,1
shaker,1
shakespearean,1
shakespearian,1
shakeup,1
shakily,1
shakon,1
shaktism,1
shakubyoshi,1
shakuhachi,1
shallots,1
shallowly,1
shallowness,1
shamanise,1
shamanism,1
shamanist,1
shamanistic,1
shamanize,1
shambles,1
shambling,1
shambolic,1
shambolically,1
shamed,1
shamefaced,1
shamefacedly,1
shamefacedness,1
shamefully,1
shamefulness,1
shamel,1
shamelessly,1
shamelessness,1
shamisen,1
shamshal,1
shan,1
shandong,1
shang,1
shankha,1
shanks,1
shantu,1
shanty,1
shanxi,1
shapeless,1
shapelessly,1
shapeliness,1
shapely,1
sharecropping,1
shareholding,1
shareware,1
sharia,1
sharjah,1
sharply,1
sharpshoot,1
shart,1
shasta,1
shastan,1
shatranj,1
shatterproof,1
shaum,1
shaved,1
shaven,1
shavian,1
shavous,1
shavuot,1
shavuoth,1
shawm,1
shawnee,1
shawwal,1
sheathe,1
sheathed,1
shebat,1
shedability,1
sheen,1
sheeny,1
sheepish,1
sheepishly,1
sheepishness,1
sheeplike,1
sheepskin,1
sheetlike,1
shehnai,1
shekel,1
shekels,1
shelfful,1
shelflike,1
shelfy,1
shellack,1
shellers,1
shellfire,1
shellfish,1
shellproof,1
shelvy,1
shema,1
shemozzle,1
shenanigan,1
shenbo,1
sheng,1
shepherd,1
shepherdia,1
sherry,1
shevat,1
shew,1
shf,1
shiatsu,1
shibah,1
shibboleth,1
shichepshin,1
shiftily,1
shiftiness,1
shiftless,1
shiftlessness,1
shifty,1
shigella,1
shigellosis,1
shiism,1
shikimoku,1
shill,1
shiloh,1
shimmery,1
shina,1
shindenkai,1
shiner,1
shingle,1
shingles,1
shingling,1
shingly,1
shingon,1
shininess,1
shinney,1
shinobue,1
shinplaster,1
shintoism,1
shintoist,1
shintoistic,1
shinty,1
shipboard,1
shipload,1
shipment,1
shipowners,1
shipshape,1
shipworms,1
shipyards,1
shirking,1
shirr,1
shirring,1
shirtsleeves,1
shirttail,1
shirty,1
shitless,1
shitlist,1
shitpost,1
shitstorm,1
shittiness,1
shitting,1
shitty,1
shitwork,1
shiva,1
shivah,1
shivaism,1
shivaree,1
shivery,1
shmaltz,1
shmegegge,1
shmoose,1
shnorr,1
shō,1
shoal,1
shoaly,1
shockable,1
shocker,1
shockingly,1
shodden,1
shoddily,1
shoddiness,1
shoddy,1
shoeful,1
shoegazing,1
shoehorn,1
shoeless,1
shoemaking,1
shoestring,1
shoetree,1
shofar,1
shōgakkōrei,1
shōko,1
shomer,1
shoo,1
shootfighting,1
shootout,1
shoplift,1
shoplifting,1
shopsoiled,1
shopworn,1
shorea,1
shoreward,1
shorinophone,1
shortages,1
shortcoming,1
shortfall,1
shortish,1
shortly,1
shortsighted,1
shortstop,1
shoshannim,1
shoshone,1
shoshonean,1
shoshonian,1
shougu,1
shovelboard,1
shovelful,1
showcase,1
showdown,1
showery,1
showily,1
showiness,1
showjumping,1
showmanship,1
showtime,1
showy,1
shrewd,1
shrewdly,1
shrewdness,1
shrewish,1
shrewishly,1
shrewishness,1
shrieked,1
shrift,1
shrilling,1
shrillness,1
shrilly,1
shrimpy,1
shrinkable,1
shrinkwrap,1
shrive,1
shrivel,1
shrivelled,1
shrovetide,1
shrubby,1
shtickl,1
shtikl,1
shtup,1
shuck,1
shuddering,1
shudderingly,1
shuddery,1
shudraga,1
shuffling,1
shufti,1
shugu,1
shuha,1
shulan,1
shumoku,1
shunt,1
shurangiz,1
shush,1
shutdown,1
shuteye,1
shutout,1
shutter,1
shuttered,1
shuttle,1
shuttlecock,1
shvi,1
shwa,1
shyly,1
shyness,1
shyuvr,1
sialidae,1
siberian,1
sibilate,1
sibine,1
siboglinidae,1
sibyllic,1
sibylline,1
sica,1
sicana,1
sichuan,1
sicilian,1
sicily,1
sickening,1
sickeningly,1
sickeningness,1
sickish,1
sickliness,1
sickly,1
sickness,1
sicyoniidae,1
sicyos,1
sida,1
sidebar,1
sidecarcross,1
sidecartrial,1
sidedressing,1
siderastreidae,1
siderite,1
sideritis,1
sideropenia,1
siderophores,1
siderosis,1
sidesaddle,1
sideslip,1
sidesplitter,1
sidesplitting,1
sidesplittingly,1
sidestroke,1
sidetrack,1
sideward,1
sidewards,1
sideway,1
sidewise,1
sidle,1
sidnia,1
sids,1
siemens,1
siesta,1
sifting,1
sifung,1
siganidae,1
siganoidei,1
siganus,1
sigeh,1
sightedness,1
sightless,1
sightlessness,1
sightly,1
sightread,1
sightsee,1
sightseeing,1
sightsing,1
sigint,1
siglum,1
sigma,1
sigmodon,1
sigmodontinae,1
sigmoidal,1
sigmoidectomy,1
sigmoidoscopy,1
signal/noise,1
signalisation,1
signalization,1
signally,1
significantly,1
signification,1
significative,1
signifier,1
signiphoridae,1
signora,1
signorina,1
signory,1
sihu,1
sikh,1
sikhism,1
sikkim,1
sikulu,1
sikuri,1
sikus,1
sila,1
siła,1
síla,1
silage,1
silene,1
silently,1
silents,1
silesianness,1
silica,1
silicates,1
siliceous,1
silicification,1
silicious,1
silicones,1
silicosis,1
silken,1
silkily,1
silkiness,1
silklike,1
silkscreen,1
silky,1
sillaginidae,1
silliness,1
silly,1
silotong,1
silphidae,1
silphium,1
siltation,1
silty,1
siluridae,1
siluriformes,1
siluroidei,1
silurus,1
silvan,1
silvanidae,1
silverish,1
silvern,1
silverplate,1
silversides,1
silvery,1
silybum,1
silymarin,1
simaroubaceae,1
simazine,1
simbing,1
simetryn,1
simian,1
simiiformes,1
simikon,1
similarly,1
simile,1
similitude,1
simmondsia,1
simmondsiaceae,1
simmpleness,1
simoleons,1
simonise,1
simonize,1
simonsiella,1
simony,1
simoom,1
simoon,1
simperingly,1
simpleness,1
simplex,1
simplicity,1
simplify,1
simplistic,1
simply,1
simracer,1
simsimiyya,1
simulacrum,1
simulcast,1
simuliidae,1
simulium,1
simultanapraxia,1
simultaneity,1
simultaneously,1
simultaneousness,1
sinaloa,1
sinapine,1
sinapis,1
sincerely,1
sindhi,1
sine,1
sinful,1
sinfulness,1
singable,1
singalong,1
singapore,1
singaporean,1
singleness,1
singly,1
singularise,1
singularity,1
singularize,1
singularly,1
singultus,1
sinigrin,1
sinister,1
sinistral,1
sinistrality,1
sinistrorsal,1
sinistrorse,1
sinkable,1
sinker,1
sinless,1
sinlessness,1
sinningia,1
sinology,1
sinoxylon,1
sinter,1
sintered,1
sintir,1
sinuate,1
sinuosity,1
sinuously,1
sinuousness,1
sinuses,1
sinusoidal,1
sinusoidally,1
sion,1
sipha,1
siphonaptera,1
siphonariidae,1
siphoninus,1
sipsi,1
sipuncula,1
sipunculidae,1
sipunculoidea,1
sirach,1
sire,1
sirenette,1
sirenomelia,1
sirex,1
siriasis,1
siricidae,1
širina,1
sirius,1
šířka,1
sirocco,1
sirococcus,1
sisal,1
sise,1
sisoridae,1
siss,1
sissification,1
sissified,1
sissiness,1
sissy,1
sissyish,1
sisterhood,1
sisterlike,1
sisterly,1
sistership,1
sistil,1
sistrum,1
sisymbrium,1
sitar,1
sitarla,1
sitcom,1
siter,1
sitobion,1
sitodiplosis,1
sitona,1
sitophilus,1
sitosterol,1
sitotroga,1
situated,1
sivaism,1
sivan,1
siwan,1
sixpence,1
sixpenny,1
sixthly,1
siyar,1
sizable,1
sizeable,1
sizeableness,1
sizz,1
sıbızğı,1
sjoelen,1
sjøfløyte,1
skagerrak,1
skagit,1
skanky,1
skat,1
skateboard,1
skatole,1
skeet,1
skepful,1
skeps,1
skeptically,1
skepticism,1
sketchily,1
sketchiness,1
sketchy,1
skewed,1
skewer,1
skewfoot,1
skewness,1
ski,1
skiagraphy,1
skiathlon,1
skiboarding,1
skibobbing,1
skidders,1
skiffle,1
skijoring,1
skilful,1
skilfully,1
skilled,1
skillessness,1
skillfully,1
skillfulness,1
skimcoat,1
skimmed,1
skimpily,1
skimpiness,1
skimpy,1
skincare,1
skinful,1
skinless,1
skinnerian,1
skinniness,1
skint,1
skintight,1
skipper,1
skit,1
skittish,1
skittishly,1
skittishness,1
skittle,1
skive,1
skrabalai,1
skreigh,1
skuas,1
skudučiai,1
skulduggery,1
skulking,1
skullduggery,1
skunks,1
skyjack,1
skylark,1
skype,1
skyr,1
skyrunning,1
skysurfing,1
skywards,1
skywriting,1
slabber,1
slacken,1
slackening,1
slacking,1
slacklining,1
slackly,1
slackness,1
slag,1
slags,1
slain,1
slaked,1
slamball,1
slanderous,1
slanderously,1
slanderousness,1
slangily,1
slanginess,1
slanguage,1
slangy,1
slantingly,1
slantways,1
slantwise,1
slaphappy,1
slapshot,1
slashed,1
slashers,1
slatey,1
slather,1
slatiness,1
slatternliness,1
slatternly,1
slaty,1
slaughtering,1
slaughterous,1
slav,1
slaveless,1
slavelike,1
slaver,1
slavicness,1
slavish,1
slavishly,1
slavophilia,1
slavophilism,1
slaying,1
sle,1
sleaze,1
sleaziness,1
sleazy,1
sledgehammer,1
sleekly,1
sleekness,1
sleeper,1
sleepers,1
sleepily,1
sleepiness,1
sleepless,1
sleeplessly,1
sleeplessness,1
sleepover,1
sleepwalk,1
sleepwalking,1
sleepyheaded,1
sleety,1
sleeved,1
sleeveless,1
sleigh,1
sleight,1
slenderise,1
slenderly,1
slenderness,1
slenthem,1
slentho,1
sleuth,1
sleuthing,1
slews,1
slicked,1
slickly,1
slider,1
slightingly,1
slightness,1
slime,1
sliminess,1
slimly,1
slimness,1
slinging,1
slink,1
slippered,1
slipperiness,1
slippy,1
slipshod,1
slipstream,1
slither,1
slithering,1
slithery,1
slivery,1
sloes,1
sloganeer,1
sloganeering,1
slopestyle,1
sloping,1
slopingly,1
slopped,1
sloppily,1
sloppy,1
sloshed,1
slothful,1
slothfulness,1
slouchily,1
slouchingly,1
slouchy,1
sloughing,1
sloughy,1
slovak,1
slovakia,1
slovakian,1
slovene,1
slovenia,1
slovenian,1
slovenly,1
slowdown,1
slowgoing,1
slowly,1
slub,1
slubbed,1
sludge,1
slue,1
slugfest,1
sluggish,1
sluggishly,1
sluicing,1
slum,1
slumberous,1
slumbery,1
slumbrous,1
slummy,1
slumpflation,1
slums,1
slurp,1
slurry,1
slushy,1
sluttish,1
sluttishness,1
slyly,1
slyness,1
sm,1
smacker,1
smacking,1
smallholders,1
smallholding,1
smallish,1
smallpox,1
smarm,1
smarmily,1
smarminess,1
smarmy,1
smartly,1
smartphones,1
smasher,1
smashingly,1
smectites,1
smegma,1
smelly,1
smelts,1
smicronyx,1
smidge,1
smidgen,1
smidgeon,1
smidgin,1
smilacaceae,1
smilax,1
smiley,1
smilingly,1
sminthuridae,1
sminthurus,1
smitten,1
smock,1
smog,1
smogginess,1
smoggy,1
smokeless,1
smokescreen,1
smoky,1
smol,1
smolderingly,1
smolts,1
smooching,1
smoothbore,1
smoothened,1
smoothly,1
smothered,1
smothering,1
smoulderingly,1
smudgy,1
smugly,1
smugness,1
smutch,1
smuts,1
smuttily,1
smutty,1
smynthurodes,1
smyrnium,1
snadi,1
snakebite,1
snakelike,1
snaky,1
snapchat,1
snappers,1
snappish,1
snappishly,1
snappishness,1
snappy,1
snarf,1
snarky,1
snarled,1
snarly,1
snazzy,1
sneakily,1
sneakiness,1
sneakingly,1
sneeringly,1
sneezy,1
sneng,1
snickersnee,1
snide,1
snidely,1
sniffly,1
sniffy,1
snit,1
sniveling,1
snobbery,1
snobbish,1
snobbishly,1
snobbishness,1
snobbism,1
snobby,1
snocross,1
snog,1
snogging,1
snoopiness,1
snoopy,1
snootily,1
snootiness,1
snooty,1
snorkel,1
snorter,1
snorty,1
snotty,1
snowblindness,1
snowboard,1
snowbound,1
snowfall,1
snowflake,1
snowiness,1
snowkiting,1
snowmelt,1
snowmobile,1
snowmobiles,1
snowshoe,1
snowshoeing,1
snowstorm,1
snowtam,1
snowtubing,1
snowy,1
snp,1
snuffling,1
snuffly,1
snuggled,1
snuggling,1
snugly,1
snugness,1
soakage,1
soaker,1
soapiness,1
soaren,1
sobbing,1
sobbingly,1
sobemovirus,1
soberly,1
sobersided,1
sobriquet,1
socage,1
socavon,1
socca,1
sociability,1
sociable,1
sociableness,1
sociably,1
socialisation,1
socialised,1
socialising,1
socialist,1
socialistic,1
sociality,1
socialization,1
socialized,1
socializing,1
socially,1
societal,1
sociobiologic,1
sociobiological,1
sociobiologically,1
sociobiology,1
sociocultural,1
socioeconomic,1
socioeconomically,1
socioeconomics,1
sociolinguistic,1
sociolinguistically,1
sociolinguistics,1
sociological,1
sociologically,1
sociologists,1
sociometry,1
sociopathic,1
socotra,1
socratic,1
sod,1
sodar,1
sodden,1
sodding,1
sodina,1
sodium,1
sodium(1+),1
sodoku,1
sodomise,1
sodomize,1
sodomy,1
softheaded,1
softhearted,1
softheartedness,1
softish,1
softly,1
softwood,1
sogatella,1
sogeum,1
sogginess,1
soggy,1
soh,1
sohaegeum,1
soigne,1
soignee,1
soilure,1
soinari,1
soissons,1
sokamuturra,1
sokoro,1
soksom,1
soku,1
sol,1
solanaceae,1
solanaceous,1
solanales,1
solanine,1
solanum,1
solarisation,1
solarise,1
solarization,1
solarize,1
solder,1
soldering,1
soldierlike,1
soldierly,1
soldiership,1
solea,1
solecism,1
solecurtidae,1
soleidae,1
soleless,1
solely,1
solemness,1
solemnisation,1
solemnization,1
solemnly,1
solemyidae,1
solen,1
solenidae,1
solenoceridae,1
solenopotes,1
solenopsis,1
solenostemon,1
solenostomidae,1
solfa,1
solfege,1
solfeggio,1
solicitorship,1
solicitous,1
solicitously,1
solicitousness,1
solicitude,1
solidago,1
solidarity,1
solidaster,1
solidification,1
solidified,1
solidify,1
solidifying,1
solidly,1
solieriaceae,1
solifluction,1
solifugae,1
soliloquise,1
soliloquize,1
soliloquy,1
solipsism,1
solitarily,1
soliton,1
solitude,1
solmisation,1
solmizate,1
solomonic,1
solonchaks,1
solonetz,1
solovox,1
solresol,1
solubilization,1
solubleness,1
solvability,1
solvable,1
solvate,1
solvation,1
solvency,1
solvolysis,1
som,1
somaesthesia,1
somaesthesis,1
somalia,1
somalian,1
somataesthesis,1
somatesthesia,1
somatic,1
somatogenetic,1
somatogenic,1
somatopleure,1
somatosense,1
somatosensory,1
somatostatinoma,1
somatotroph,1
somatotropin,1
somatotype,1
somber,1
somberly,1
sombre,1
sombrely,1
somebody,1
someday,1
somehow,1
someplace,1
somersaulting,1
somerset,1
somesthesia,1
somesthesis,1
someway,1
someways,1
somewhat,1
somewhere,1
somite,1
somitogenesis,1
somme,1
somnambulate,1
somnambulation,1
somnambulism,1
somniferous,1
somnific,1
somniloquism,1
somniloquy,1
somnolent,1
somnolently,1
sompoton,1
somrai,1
sonar,1
sonata,1
sonatina,1
sonchus,1
sone,1
songbirds,1
songbook,1
songful,1
songfulness,1
songhai,1
songlike,1
sonneratiaceae,1
sonobuoys,1
sonographs,1
sonography,1
sonora,1
sonority,1
sonorophone,1
sonorous,1
sonorously,1
sonorousness,1
sonsie,1
sonsy,1
sooner,1
soonest,1
sooth,1
soothingly,1
soothsaying,1
sootiness,1
sooty,1
sophism,1
sophistical,1
sophistry,1
sophomore,1
sophonias,1
sophophora,1
sophora,1
sopila,1
sopilka,1
sopor,1
soporiferous,1
soporific,1
sopping,1
soppy,1
sopranino,1
sopranist,1
soprillo,1
sorahi,1
sorb,1
sorbed,1
sorbefacient,1
sorbian,1
sorbitol,1
sorbose,1
sorbus,1
sorcerise,1
sorcerize,1
sorcerous,1
sordariales,1
sordid,1
sordidly,1
sordun,1
sorely,1
sorghastrum,1
sorghum,1
sorna,1
soropilli,1
sororal,1
sorosporium,1
sorrel,1
sorriness,1
sorrowful,1
sorrowfully,1
sortie,1
sortition,1
sos,1
sotalia,1
soteriological,1
soteriology,1
sottish,1
sottishly,1
sou,1
sou'easter,1
sou'west,1
sou'wester,1
soubriquet,1
sough,1
soughing,1
soughingly,1
soulful,1
soulfully,1
soulfulness,1
soulless,1
soullessly,1
soundable,1
soundbar,1
soundless,1
soundlessly,1
soundlessness,1
soundly,1
soupcon,1
soupiness,1
soupy,1
souravli,1
sourdough,1
sourish,1
sourly,1
sousa,1
sousaphone,1
soused,1
sousem,1
sousing,1
southbound,1
southeaster,1
southeasterly,1
southeastern,1
southeastwardly,1
souther,1
southern,1
southernmost,1
southernness,1
southmost,1
southwester,1
southwesterly,1
southwestwardly,1
souvenir,1
sovereign,1
soviet,1
sovietness,1
sowing,1
sown,1
sows,1
soyfoods,1
sozzled,1
spacefaring,1
spaceflight,1
spacetime,1
spacewalk,1
spaceward,1
spacewards,1
spacey,1
spacial,1
spaciotemporal,1
spacious,1
spaciously,1
spaciousness,1
spacy,1
spadeful,1
spadework,1
spaghetti,1
spain,1
spalangia,1
spallation,1
spalling,1
spang,1
spangled,1
spangly,1
spanioneura,1
spaola,1
spareness,1
sparganothis,1
sparidae,1
sparing,1
sparingly,1
sparisoma,1
sparkler,1
sparkly,1
sparsely,1
sparseness,1
sparsity,1
spartina,1
spartium,1
sparus,1
spasmodic,1
spasmodically,1
spasmolysis,1
spatchcock,1
spathiflorae,1
spathiphyllum,1
spatial,1
spatiality,1
spatially,1
spattered,1
spavin,1
spavined,1
spay,1
spayed,1
spaying,1
spaz,1
spd,1
speakable,1
speaker,1
speakership,1
spearfish,1
spearfishing,1
spearhead,1
specialised,1
specially,1
specialness,1
speciate,1
specie,1
specifiable,1
specifically,1
specificity,1
specified,1
specious,1
speciously,1
speciousness,1
speckbrett,1
speckled,1
speckless,1
spectacled,1
spectacularly,1
spectate,1
specter,1
spectinomycin,1
spectrality,1
spectre,1
spectrographic,1
spectrographically,1
spectrometric,1
spectrophotometers,1
spectrophotometry,1
spectroradiometers,1
spectroscopic,1
spectroscopical,1
specular,1
speculative,1
speculatively,1
speechify,1
speechless,1
speechlessly,1
speechlessness,1
speechmaking,1
speedcubing,1
speedily,1
speediness,1
speedometers,1
speedpaint,1
speedup,1
speedy,1
spellbinding,1
spellbound,1
spelldown,1
speller,1
spelunk,1
spendable,1
spendthrift,1
spermaceti,1
spermathecum,1
spermatic,1
spermatid,1
spermatocele,1
spermatocyte,1
spermatogonium,1
spermatophyta,1
spermatozoa,1
spermicidal,1
spermidine,1
spermine,1
spermous,1
spew,1
spf,1
sphacelate,1
sphacelia,1
sphaceloma,1
sphacelotheca,1
sphaeriales,1
sphaeroblasts,1
sphaeroceridae,1
sphaerococcaceae,1
sphaeroides,1
sphaerolecanium,1
sphaeropsis,1
sphaerospora,1
sphaerostilbe,1
sphaerotheca,1
sphaerulina,1
sphagnum,1
sphecidae,1
sphenethmoid,1
spheniscidae,1
sphenisciformes,1
sphenodon,1
sphenodontia,1
sphenodontidae,1
sphenophorus,1
sphenostylis,1
sphenotic,1
sphereing,1
spheric,1
spherically,1
sphericalness,1
sphericity,1
spherocytosis,1
spheroidal,1
spherophakia,1
spherule,1
sphingidae,1
sphingine,1
sphingolipid,1
sphingolipidosis,1
sphingolipids,1
sphingomyelin,1
sphingomyelins,1
sphingophospholipids,1
sphyraena,1
sphyraenidae,1
sphyraenoidei,1
sphyrna,1
sphyrnidae,1
spic,1
spicara,1
spicaria,1
spicate,1
spiccato,1
spicery,1
spicily,1
spiciness,1
spick,1
spiculated,1
spicule,1
spiderlike,1
spiderly,1
spidery,1
spiff,1
spiffing,1
spiffy,1
spikelets,1
spikelike,1
spiky,1
spilanthes,1
spilåpipa,1
spillikins,1
spillover,1
spilocaea,1
spilonota,1
spilopsyllus,1
spilosoma,1
spinacia,1
spinally,1
spindly,1
spineless,1
spinelessness,1
spinescence,1
spinet,1
spinettone,1
spininess,1
spinja,1
spinnability,1
spinnable,1
spinnbar,1
spinnbarkeit,1
spinocerebellum,1
spinosad,1
spinose,1
spinous,1
spinsterhood,1
spinto,1
spiraea,1
spiralia,1
spirally,1
spiramycin,1
spirillaceae,1
spiritedly,1
spiritedness,1
spiritise,1
spiritism,1
spiritize,1
spiritless,1
spiritlessness,1
spiritous,1
spiritualisation,1
spiritualist,1
spiritualistic,1
spiritualization,1
spiritually,1
spiritualty,1
spirituous,1
spirocerca,1
spirocercidae,1
spirochaetales,1
spirodela,1
spiromesifen,1
spirometry,1
spiropidion,1
spiroplasma,1
spiroplasmataceae,1
spirotetramat,1
spirotrichia,1
spirulina,1
spissistilus,1
spisula,1
spitball,1
spiteful,1
spitefully,1
spitter,1
spitzharfe,1
splanchnic,1
splanchnocranium,1
splanchnopleure,1
splashdown,1
splashiness,1
splattered,1
splayed,1
splayfoot,1
splayfooted,1
splendidly,1
splendiferous,1
splendour,1
splenic,1
splenitis,1
splenius,1
splenocyte,1
splint,1
splintering,1
splinterless,1
splinterproof,1
splitsville,1
splodge,1
splotched,1
spodoptera,1
spodosols,1
spoilable,1
spoilation,1
spoliation,1
spondaic,1
spondaise,1
spondaize,1
spondee,1
spondias,1
spondylarthritis,1
spondylidae,1
spondylolysis,1
spongelike,1
spongia,1
spongidae,1
sponginess,1
spongioblastoma,1
spongiosis,1
spongipellis,1
spongospora,1
sponsorship,1
spontaneity,1
spontaneously,1
spontaneousness,1
spookily,1
spooky,1
spoonerism,1
spoonfeeding,1
spoonful,1
spoopy,1
sporadically,1
sporadicalness,1
sporangia,1
sporidesmins,1
sporidiobolales,1
sporobolomyces,1
sporobolus,1
sporogenous,1
sporophores,1
sporothrix,1
sporotrichosis,1
sporotrichum,1
sporozoa,1
sportfishing,1
sportiness,1
sportingly,1
sportively,1
sportiveness,1
sportsball,1
sportsmanlike,1
sportsmanship,1
sporty,1
spotless,1
spotlessly,1
spotlessness,1
spotsylvania,1
spottedness,1
spotty,1
spotweld,1
spousal,1
sprachgefuhl,1
sprats,1
sprattus,1
sprawly,1
sprawność,1
sprayers,1
spreadability,1
spreadeagle,1
spreadhead,1
spreadsheet,1
sprechstimme,1
sprigged,1
sprightliness,1
sprightly,1
springboard,1
springiness,1
springless,1
springlike,1
springtide,1
springy,1
sprinklers,1
sprinting,1
sprites,1
sprivivirus,1
sprucely,1
spruceness,1
sprue,1
spry,1
spue,1
spumavirus,1
spume,1
spumy,1
spunk,1
spunky,1
spurious,1
spuriously,1
spuriousness,1
spurn,1
spurned,1
spurting,1
sputtering,1
sputum,1
spyware,1
squab,1
squabby,1
squalid,1
squalidae,1
squalidly,1
squalidness,1
squaliformes,1
squalling,1
squalls,1
squally,1
squalomorphii,1
squalor,1
squalus,1
squamulose,1
squandered,1
squandering,1
squandermania,1
squarely,1
squareness,1
squarish,1
squashy,1
squatina,1
squatinidae,1
squatness,1
squatters,1
squattiness,1
squatty,1
squawky,1
squeaker,1
squeakiness,1
squeaky,1
squealing,1
squeamish,1
squeamishly,1
squeegee,1
squeezability,1
squeezable,1
squeezebox,1
squelched,1
squelcher,1
squiffy,1
squiggle,1
squiggly,1
squilla,1
squillidae,1
squinched,1
squinting,1
squircle,1
squire,1
squirting,1
sr,1
sr.,1
sralai,1
sravana,1
średnica,1
sring,1
sringa,1
sse,1
ssireum,1
ssmg,1
sspe,1
ssw,1
stabile,1
stabilisation,1
stabilised,1
stabilising,1
stabilization,1
stabilizers,1
stableness,1
stably,1
stabule,1
stachybotrys,1
stachylidium,1
stachyose,1
stachys,1
stachyuraceae,1
stadion,1
stagecraft,1
staged,1
stagemaster,1
stagey,1
stagflation,1
stagflationary,1
staggering,1
staggeringly,1
staggers,1
stagily,1
staginess,1
stagnancy,1
stagnant,1
stagnation,1
stagnosols,1
stagonospora,1
stags,1
stagy,1
staid,1
staidly,1
staidness,1
stainability,1
stainable,1
stainless,1
stakeholders,1
stakeout,1
stalemated,1
stalinisation,1
stalinise,1
stalinist,1
stalinization,1
stalinize,1
stalkless,1
stalling,1
stallions,1
stalls,1
stalwart,1
stalwartness,1
staminate,1
stamna,1
stanch,1
stanchly,1
standardised,1
standardized,1
standby,1
standoffish,1
standoffishly,1
standoffishness,1
standpat,1
standpoint,1
stangskyting,1
stannic,1
stannous,1
stanza,1
stapedectomy,1
staphyleaceae,1
staphylinidae,1
staphylococcal,1
staphylococcus,1
staphylon,1
starchess,1
starchless,1
starchlike,1
starchy,1
stardom,1
stardust,1
starea,1
stargazing,1
starkers,1
starkly,1
starkness,1
starless,1
starlessness,1
starlight,1
starlike,1
starlings,1
starlit,1
starry,1
starter,1
startled,1
startling,1
startlingly,1
startup,1
starve,1
starved,1
starway,1
stasis,1
statant,1
statecraft,1
stateless,1
stateliness,1
stately,1
stater,1
statesmanlike,1
statesmanly,1
statesmanship,1
statewide,1
stationariness,1
stationary,1
stationery,1
statistic,1
statistical,1
statistically,1
statisticians,1
stative,1
statocyst,1
statocysts,1
statolith,1
statoliths,1
statuary,1
statuesque,1
statutorily,1
staunchly,1
staunchness,1
stead,1
steadfast,1
steadfastly,1
steadfastness,1
steadily,1
steadiness,1
steaks,1
stealth,1
stealthily,1
stealthiness,1
stealthy,1
steamer,1
steaminess,1
steampunk,1
steamtightness,1
steamy,1
stearic,1
stearin,1
steatocystoma,1
steatopygia,1
steatorrhoea,1
stecklings,1
steelpan,1
steely,1
steepen,1
steepish,1
steeply,1
steepness,1
steerable,1
steerage,1
steerageway,1
steganography,1
stegobium,1
stegochordal,1
stegostomatidae,1
stegural,1
steinernema,1
steinernematidae,1
steinstossen,1
stele,1
stellaria,1
stellate,1
stemflow,1
stemless,1
stemmatic,1
stemmatics,1
stemmatology,1
stemmer,1
stemonaceae,1
stemphylium,1
stemwood,1
stench,1
stenchaetothrips,1
stencil,1
stenella,1
steneotarsonemus,1
stenka,1
steno,1
stenocarpella,1
stenocereus,1
stenocionops,1
stenographic,1
stenographical,1
stenohalinity,1
stenomask,1
stenomidae,1
stenopodidae,1
stenosed,1
stenotaphrum,1
stenothermy,1
stenotic,1
stenotrophomonas,1
stentorian,1
stephania,1
stephanion,1
stephanitis,1
stephanoberycidae,1
stephanofilaria,1
stephanurus,1
stephead,1
stephensia,1
steprelationship,1
stercorariidae,1
sterculia,1
stereo,1
stereochromy,1
stereolepis,1
stereophonic,1
stereoscopic,1
stereoscopy,1
stereotyped,1
stereotypic,1
stereotypical,1
stereotypically,1
stereum,1
sterigmatocystin,1
sterileness,1
sterilisation,1
sterilise,1
sterilised,1
sterility,1
sterilize,1
sterilized,1
sterilizers,1
sterilizing,1
stern,1
sternal,1
sternbergia,1
sternebra,1
sternly,1
sternness,1
sternocleidomastoid,1
sternoptychidae,1
sternopygidae,1
sternorrhyncha,1
sternostoma,1
sternutation,1
sternutative,1
steroid,1
steroidal,1
steroids,1
sterols,1
stertor,1
stertorous,1
stertorously,1
stethorus,1
stevioside,1
stewardship,1
sthene,1
stichaeidae,1
stichopodidae,1
stichopus,1
stickball,1
sticker,1
stickily,1
stickle,1
sticklerism,1
stickup,1
stickwater,1
stiffen,1
stiffly,1
stifled,1
stigmasterol,1
stigmata,1
stigmatisation,1
stigmatization,1
stigmella,1
stigmina,1
stijldans,1
stilbenes,1
stilbestrol,1
stilesia,1
stillborn,1
stilly,1
stilted,1
stiltedly,1
stimulants,1
stimulated,1
stimulating,1
stimulative,1
stingily,1
stinginess,1
stingless,1
stingy,1
stinkiness,1
stinky,1
stinting,1
stipa,1
stipagrostis,1
stipend,1
stippled,1
stipulate,1
stipulatory,1
stirringly,1
stizostedion,1
stm,1
stochastically,1
stochasticity,1
stockade,1
stockholding,1
stockholdings,1
stockily,1
stockiness,1
stockinged,1
stockpiling,1
stocktake,1
stocky,1
stodgily,1
stodginess,1
stodgy,1
stoffmenge,1
stoical,1
stoically,1
stoichiometric,1
stoichiometry,1
stoke,1
stolid,1
stolidly,1
stolidness,1
stoloniferous,1
stolons,1
stomachache,1
stomachal,1
stomachic,1
stomatal,1
stomatocarida,1
stomatocytosis,1
stomatopoda,1
stomiidae,1
stomiiformes,1
stomochord,1
stomodeum,1
stomolophidae,1
stomoxys,1
stoneless,1
stonelike,1
stonewalling,1
stonewash,1
stonily,1
stony,1
stonyhearted,1
stooped,1
stooping,1
stopgap,1
stoplight,1
stopover,1
stoppable,1
stoppered,1
stoppers,1
stopple,1
storehouses,1
storeyed,1
stormbound,1
stormily,1
stormproof,1
stormy,1
storybook,1
storyline,1
storytelling,1
stotinka,1
stouthearted,1
stoutheartedness,1
stoutly,1
stoutness,1
stovepiped,1
stovepiping,1
stoves,1
stow,1
stowing,1
stp,1
strabotomy,1
stradivarius,1
straggle,1
straggling,1
stragglingly,1
straggly,1
strahenklaviertur,1
strahlungsenergie,1
strahlungsfluss,1
straightarrow,1
straightforward,1
straightforwardly,1
straightforwardness,1
straightlaced,1
straightway,1
straitjacket,1
straitlaced,1
strandlines,1
strangely,1
strangled,1
strangling,1
strapado,1
strapless,1
straplike,1
strapline,1
strappado,1
strategical,1
strategically,1
strategics,1
stratiolaelaps,1
stratiomyidae,1
stratosphere,1
stravinskian,1
stravinsky,1
stravinskyan,1
strawman,1
streaked,1
streaky,1
streamers,1
streamlined,1
streblus,1
streckenlast,1
stredici,1
streetball,1
streetwalk,1
streetwise,1
streichzither,1
strelitzia,1
strelitziaceae,1
strenuosity,1
strenuous,1
strenuously,1
strenuousness,1
strep,1
strepsiptera,1
strepsirrhini,1
streptobacillus,1
streptocarpus,1
streptococcaceae,1
streptococcal,1
streptococcic,1
streptococcus,1
streptolysin,1
streptomyces,1
streptomycin,1
streptopelia,1
stressful,1
stretchability,1
stretchable,1
stretchiness,1
stretchy,1
strew,1
strewing,1
striatum,1
strickle,1
strictly,1
strictness,1
stridence,1
stridency,1
strident,1
stridently,1
stridulate,1
stridulation,1
striga,1
strigeidae,1
strigolactones,1
strikebound,1
strikebreaking,1
strikeout,1
strikingly,1
stringent,1
stringently,1
stringraphy,1
stringy,1
striosome,1
striptease,1
stripy,1
strobilation,1
stroma,1
stromateidae,1
stromateoidei,1
stromateus,1
stromatinia,1
stromatolites,1
strombidae,1
strombus,1
strongly,1
strongylidae,1
strongylocentrotidae,1
strongylocentrotus,1
strongyloides,1
strongyloididae,1
strongylus,1
strontium,1
strop,1
strophanthus,1
strophe,1
stroppy,1
structuralism,1
structurally,1
struma,1
strummolo,1
struthio,1
struthiolariidae,1
struthionidae,1
strychnine,1
strychnos,1
stubbiness,1
stubbled,1
stubbly,1
stubbornly,1
stubbornness,1
studbook,1
studbooks,1
studded,1
studentship,1
studious,1
studiously,1
studiousness,1
stuffer,1
stuffily,1
stuffy,1
stumper,1
stumping,1
stumps,1
stumpy,1
stunned,1
stunner,1
stunningly,1
stunted,1
stuntedness,1
stupefied,1
stupefying,1
stupendous,1
stupendously,1
stupidly,1
stuporous,1
sturdily,1
sturdy,1
stuttering,1
sty,1
stye,1
styelidae,1
stygian,1
stygofauna,1
styleless,1
stylemark,1
stylephoridae,1
stylidiaceae,1
stylisation,1
stylise,1
stylised,1
stylish,1
stylishly,1
stylishness,1
stylistic,1
stylistically,1
stylization,1
stylize,1
stylized,1
stylocone,1
styloglossus,1
stylophone,1
stylopidae,1
stylopod,1
stylosanthes,1
stylostixis,1
styphnolobium,1
stypsis,1
styptic,1
styracaceae,1
styrax,1
styrene,1
styria,1
suability,1
suaeda,1
suasible,1
suasion,1
suave,1
suavely,1
suaveness,1
suavity,1
subacid,1
subalpine,1
subaltern,1
subaquatic,1
subaqueous,1
subarctic,1
subartesian,1
subception,1
subcircular,1
subclass,1
subclavian,1
subclavius,1
subclinical,1
subcommittees,1
subconsciously,1
subconsciousness,1
subcortical,1
subcutaneous,1
subcutaneously,1
subdermal,1
subdimension,1
subdirectory,1
subdivide,1
subdominant,1
subduable,1
subdued,1
subduedness,1
subdural,1
subedit,1
subelliptical,1
subentry,1
suberin,1
subfamily,1
subfigure,1
subfusc,1
subglottis,1
subgross,1
subgroup,1
subharchord,1
subhead,1
subheading,1
subhuman,1
subhyoideus,1
subiculum,1
subjacent,1
subjective,1
subjectively,1
subjectiveness,1
subjectivity,1
subjoin,1
subjoining,1
subjugable,1
subjugate,1
subjugated,1
subjunction,1
subkingdom,1
sublimated,1
sublimely,1
subliminal,1
sublimit,1
sublimity,1
sublingua,1
sublingual,1
subliterary,1
sublittoral,1
subluxate,1
subluxation,1
submarines,1
submediant,1
submentalis,1
submenu,1
submergence,1
submergible,1
submersed,1
submersible,1
submissive,1
submissively,1
submissiveness,1
submucosa,1
subnormal,1
subocean,1
suboceanic,1
subocular,1
subopercle,1
suborbital,1
suborder,1
subordinateness,1
subordinative,1
subornation,1
subovoid,1
subpart,1
subphylum,1
subpoint,1
subpopulation,1
subprogram,1
subrectangular,1
subrogate,1
subrogation,1
subroutine,1
subsequent,1
subsequently,1
subsequentness,1
subserosa,1
subserve,1
subservient,1
subserviently,1
subservientness,1
subsidiarity,1
subsidiary,1
subsidise,1
subsidised,1
subsidize,1
subsidized,1
subsist,1
subsoil,1
subsoilers,1
subsoiling,1
subsonic,1
subspecies,1
subspherical,1
substandard,1
substantial,1
substantiality,1
substantially,1
substantialness,1
substantiating,1
substantiative,1
substantival,1
substitutability,1
substitutable,1
substrata,1
substratum,1
substring,1
subsurface,1
subtend,1
subterfuge,1
subterranean,1
subterraneous,1
subtilise,1
subtly,1
subtonic,1
subtotal,1
subtraction,1
subtractive,1
subtrahend,1
subtreasury,1
subtriangular,1
subtropic,1
subtropical,1
subtweeting,1
subu,1
subunit,1
suburban,1
suburbanise,1
suburbanised,1
suburbanize,1
suburbanized,1
subvent,1
subversion,1
subversive,1
subversiveness,1
subvocalise,1
subvocalize,1
subwoofer,1
succedaneum,1
successful,1
successfully,1
successfulness,1
successively,1
successiveness,1
succinct,1
succinctly,1
succinctness,1
succinic,1
succos,1
succoth,1
succulence,1
succulency,1
succuss,1
succussion,1
suchlike,1
suckering,1
suckers,1
suckle,1
suckled,1
sucre,1
sucrose,1
suctoria,1
suctorial,1
sudan,1
sudanese,1
sudate,1
sudation,1
suddenly,1
suddenness,1
sudorific,1
sudrophone,1
sudsy,1
sueng,1
suerte,1
suet,1
suety,1
sufferable,1
sufferance,1
sufficiently,1
suffixation,1
suffocating,1
suffocative,1
suffrage|function,1
suffragism,1
suffrutescent,1
suffuse,1
suffusion,1
suffusive,1
sufi,1
sufism,1
sugarless,1
sugary,1
suggestibility,1
suggestible,1
suggestive,1
suggestively,1
suggestiveness,1
suicidal,1
suicide,1
suiformes,1
suikinkutsu,1
suillus,1
suina,1
suipoxvirus,1
suitability,1
suitable,1
suitableness,1
suitably,1
suite,1
suka,1
sukkoth,1
sukur,1
sulamicerus,1
sulawesi,1
sulcate,1
sulcus,1
sulfadimethoxine,1
sulfadimidine,1
sulfadoxine,1
sulfamethoxazole,1
sulfapyridine,1
sulfaquinoxaline,1
sulfates,1
sulfathiazole,1
sulfentrazone,1
sulfluramid,1
sulfocysteinuria,1
sulfometuron,1
sulfosate,1
sulfosulfuron,1
sulfurette,1
sulfuretted,1
sulfuric,1
sulfurized,1
sulibao,1
sulidae,1
sulim,1
suling,1
sulkily,1
sulky,1
sullen,1
sullenly,1
sulphanilamide,1
sulphates,1
sulphides,1
sulphitation,1
sulphites,1
sulphonamides,1
sulphonylureas,1
sulphur,1
sulphurette,1
sulphuretted,1
sulphuric,1
sultrily,1
sultry,1
sumac,1
sumatra,1
sumatran,1
sumerian,1
sumerology,1
summarily,1
summarisation,1
summarization,1
summational,1
summative,1
summerise,1
summerize,1
summersault,1
summerset,1
summertime,1
summery,1
sumpsimus,1
sumptuary,1
sumptuosity,1
sumptuous,1
sumptuously,1
sumui,1
sunbaked,1
sunbathe,1
sunbeam,1
sunburned,1
sunburnt,1
sunburst,1
sundanese,1
sundari,1
sundasalangidae,1
sundatang,1
sunday,1
sunder,1
sundog,1
sundown,1
sundried,1
sundry,1
sunless,1
sunlight,1
sunlit,1
sunna,1
sunnah,1
sunnily,1
sunniness,1
sunny,1
sunray,1
sunspot,1
sunstruck,1
suntanned,1
sunup,1
suomi,1
suona,1
sup,1
šupelka,1
supella,1
superable,1
superabundance,1
superabundant,1
superannuated,1
superb,1
superbia,1
superbly,1
superbone,1
supercharge,1
supercharged,1
supercilious,1
superciliously,1
superciliousness,1
superconductivity,1
supercritical,1
supercross,1
superdivision,1
superego,1
supererogation,1
supererogatory,1
superfamily,1
superfatted,1
superfecta,1
superfecundation,1
superfetate,1
superfetation,1
superficiality,1
superficially,1
superficies,1
superfine,1
superfluity,1
superfluous,1
superfluously,1
superfund,1
supergenes,1
supergrass,1
superhuman,1
superhumanity,1
superimpose,1
superimposed,1
superincumbent,1
superinfect,1
superinfection,1
superintelligence,1
superintend,1
superintendence,1
superjacent,1
superlatively,1
supermarkets,1
supermoto,1
supernal,1
supernaturalist,1
supernaturalistic,1
supernaturally,1
supernaturalness,1
supernormal,1
supernumerary,1
superorder,1
superordination,1
superovulation,1
superparasitism,1
superpatriotic,1
superpatriotism,1
superphosphate,1
superposable,1
superpose,1
supersaturated,1
supersaturation,1
superscribe,1
supersedure,1
supersensitised,1
supersensitive,1
supersensitized,1
supersession,1
supersonic,1
superstition,1
superstitious,1
superstitiously,1
superstock,1
superstrat,1
superstrate,1
superstratum,1
supersymmetry,1
supertax,1
supertitle,1
supertonic,1
supertwister,1
supervene,1
supervention,1
supervision,1
supervisor,1
supervisory,1
supinate,1
supination,1
supine,1
supinely,1
suplex,1
supperless,1
suppertime,1
supping,1
supplant,1
supplanting,1
supplemental,1
supplementary,1
supplements,1
suppleness,1
suppliant,1
supplicant,1
supplicate,1
supplicatory,1
supportable,1
supportive,1
supposable,1
supposal,1
supposedly,1
suppositional,1
suppositious,1
supposititious,1
suppressive,1
suppurate,1
suppuration,1
supra,1
supracarinalis,1
supracleithrum,1
supradorsal,1
supraethmoid,1
suprainfection,1
supramaxilla,1
supranational,1
supranormal,1
supraocular,1
supraorbital,1
supraorbitale,1
suprapharyngobranchial,1
suprapreopercle,1
suprarenalectomy,1
suprascapula,1
suprasegmental,1
suprasphenoid,1
supremacism,1
supremacy,1
supreme,1
supremely,1
sur,1
sura,1
suramin,1
surbahar,1
surcease,1
surdam,1
surdo,1
surdulina,1
surefooted,1
surely,1
surfactants,1
surfboard,1
surfboarding,1
surficial,1
surfriding,1
surgically,1
surigane,1
surimi,1
suriname,1
surjection,1
surlily,1
surliness,1
surly,1
surma,1
surmisable,1
surmisal,1
surmountable,1
surmounted,1
surname,1
suroz,1
surpassingly,1
surpliced,1
surplusage,1
surprisal,1
surprisedly,1
surprisingly,1
surprisingness,1
surr,1
surra,1
surreal,1
surrealistic,1
surrebuttal,1
surrebutter,1
surrejoinder,1
surreptitious,1
surreptitiously,1
surrogate,1
surroundings,1
sursanga,1
sursingar,1
surtitle,1
surveil,1
surveillance,1
surveyors,1
susanna,1
susceptance,1
susceptibility,1
susceptible,1
susceptibleness,1
susian,1
suspenseful,1
suspensive,1
suspensorium,1
suspicious,1
suspiciously,1
suspiciousness,1
suspiration,1
suspire,1
sustainable,1
sustainment,1
sustentacular,1
sustentation,1
susurrant,1
susurrate,1
susurrous,1
susurrus,1
sutra,1
suttee,1
sutures,1
suturing,1
suxamethonium,1
suzerainty,1
suzu,1
svalbard,1
svelte,1
svetilnost,1
švilpa,1
svirel,1
svirka,1
svistulka,1
svítivost,1
svm,1
svoboda,1
sw,1
swabbing,1
swaddle,1
swage,1
swaggering,1
swahili,1
swampy,1
swanky,1
swarabat,1
swarmandal,1
swarmatron,1
swart,1
swarthiness,1
swarthy,1
swastika,1
swath,1
swathe,1
swatter,1
swayback,1
swaybacked,1
swazzle,1
swbs,1
swbw,1
swearword,1
sweden,1
swedishness,1
sweepingly,1
sweepstakes,1
sweetbreads,1
sweetened,1
sweetener,1
sweeteners,1
sweetening,1
sweetheart,1
sweetish,1
sweetly,1
swelter,1
sweltering,1
sweltry,1
sweptback,1
sweptwing,1
swertia,1
swerving,1
światłość,1
swietenia,1
swiftly,1
swiftness,1
swill,1
swilling,1
swimmingly,1
swimrun,1
swine,1
swinge,1
swingeing,1
swinglea,1
swingy,1
swinish,1
swinishness,1
swishy,1
swiss,1
switcheroo,1
swither,1
switzerland,1
swivel,1
swivet,1
swiz,1
swob,1
swole,1
swooning,1
swordlike,1
swordplay,1
swosh,1
swot,1
syagrus,1
sybaritic,1
sybyzgy,1
sycophancy,1
sycophantic,1
sydowia,1
sylepta,1
syllabary,1
syllabically,1
syllabicate,1
syllabication,1
syllabicity,1
syllabification,1
syllabify,1
syllabled,1
syllabus,1
syllepsis,1
syllogise,1
syllogism,1
syllogize,1
sylphic,1
sylphlike,1
sylvan,1
sylvinite,1
symbionts,1
symbiotic,1
symbiotically,1
symblepharon,1
symbolatry,1
symbolically,1
symbolise,1
symbolising,1
symbology,1
symbololatry,1
symmachy,1
symmetrically,1
symmetricalness,1
symmetrise,1
symmetrize,1
sympathectomy,1
sympathetically,1
sympatholytics,1
sympathomimetic,1
sympathomimetics,1
sympatric,1
sympetalous,1
symphalangus,1
symphonetta,1
symphonion,1
symphonious,1
symphonise,1
symphonium,1
symphonize,1
symphony,1
symphyla,1
symphysanodontidae,1
symphytum,1
symplectic,1
symplocaceae,1
symploce,1
sympoliteia,1
symptomatically,1
symptomless,1
synaeresis,1
synaesthesia,1
synaesthetic,1
synanceiidae,1
synanthedon,1
synaphobranchidae,1
synapse,1
synapses,1
synapsis,1
synaptic,1
synare,1
synarthrosis,1
synaxidae,1
synbiotics,1
synbranchidae,1
synbranchiformes,1
syncarpous,1
syncategorem,1
syncategorematic,1
syncategoreme,1
syncerus,1
synchondrosis,1
synchronal,1
synchroneity,1
synchronic,1
synchronicity,1
synchronised,1
synchronising,1
synchronism,1
synchronously,1
synchrony,1
synchytrium,1
synclavier,1
synclinal,1
synclines,1
syncopate,1
syncopated,1
syncopation,1
syncretic,1
syncretical,1
syncretise,1
syncretistic,1
syncretistical,1
syncretize,1
syncytiotrophoblast,1
syndactylism,1
syndemics,1
syndesmosis,1
syndetic,1
syndication,1
synecdoche,1
synecdochic,1
synecdochical,1
synechia,1
synechocystis,1
synecology,1
synencephalon,1
syneresis,1
synergetic,1
synergistically,1
synesthetic,1
synezesis,1
syngamidae,1
syngamosis,1
syngamus,1
syngnathidae,1
syngnathiformes,1
synizesis,1
synket,1
synkinesis,1
synodontidae,1
synodontis,1
synoecious,1
synoicous,1
synonymity,1
synonymous,1
synonymously,1
synonymousness,1
synonymy,1
synophrys,1
synopsis,1
synoptical,1
synoptics,1
synoris,1
synostosis,1
synotia,1
synovial,1
synsacrum,1
synsemantic,1
synsphenion,1
syntactic,1
syntactical,1
syntactically,1
syntagm,1
syntagma,1
syntagmatic,1
syntelencephaly,1
synthesise,1
synthesizer,1
synthetic,1
synthetical,1
synthetically,1
syntony,1
syph,1
syphacia,1
syphilis,1
syphilitic,1
syphon,1
syracuse,1
syrian,1
syringa,1
syringe,1
syringeful,1
syringomyelia,1
syrphidae,1
syrphus,1
syrupy,1
systematically,1
systematics,1
systematisation,1
systematise,1
systematism,1
systematization,1
systematize,1
systemic,1
systemise,1
systemize,1
systena,1
systole,1
systolic,1
syzygium,1
syzygy,1
szerokość,1
szög,1
szopelka,1
t.b.,1
t'rưng,1
t'yngryng,1
t´bol,1
ta'ziyeh,1
taarija,1
tab,1
tabal,1
tabalas,1
tabanidae,1
tabanus,1
tabasco,1
tabby,1
tabebuia,1
tabernacles,1
tabernaemontana,1
tabes,1
tabla,1
tablature,1
tableau,1
tablespoon,1
tablespoonful,1
tabletting,1
tabloid,1
tabor,1
tabuah,1
tabularise,1
tabularize,1
tacca,1
taccaceae,1
tachinidae,1
tachira,1
tachogram,1
tachyglossidae,1
tachyglossus,1
tachygraphy,1
tachylalia,1
tachyphagia,1
tachypnea,1
tachypnoea,1
tacit,1
tacitly,1
taciturn,1
taciturnity,1
taciturnly,1
tackiness,1
tacking,1
tacky,1
tactfully,1
tactfulness,1
tactical,1
tactically,1
tactility,1
tactless,1
tactlessly,1
tactlessness,1
tactually,1
tad,1
tadghtita,1
tadorna,1
tadpole,1
tadzhik,1
taekwondo,1
tael,1
taenia,1
taeniasis,1
taeniothrips,1
taepyeongso,1
tagalog,1
tagetes,1
tagger,1
tagosodes,1
taichi,1
taichichuan,1
taigi,1
taiko,1
tailback,1
tailgate,1
tailgut,1
taille,1
tailless,1
taillike,1
tailored,1
tailoring,1
tailslide,1
tailwind,1
tainted,1
taioba,1
tajik,1
tajiki,1
tajikistan,1
tajikistani,1
taka,1
takagari,1
takalo,1
takelma,1
takeover,1
takifugu,1
takilman,1
takings,1
takkanah,1
taklif,1
takoage,1
takuapu,1
takumbo,1
tala,1
talaromyces,1
talc,1
talebearing,1
talempong,1
talented,1
talentless,1
talentlessness,1
talerschwingen,1
talharpa,1
taliks,1
taliped,1
talismanic,1
talkatively,1
talkativeness,1
talkie,1
talkily,1
tallish,1
tallness,1
tallows,1
talmbout,1
talmud,1
taloned,1
talus,1
tamable,1
tamak',1
tamalin,1
tamaricaceae,1
tamarindus,1
tamarix,1
tamaulipas,1
tambala,1
tambin,1
tamboori,1
tambori,1
tamborim,1
tambour,1
tambouras,1
tambur,1
tambura,1
tamburica,1
tamburo,1
tameable,1
tamed,1
tamely,1
tameness,1
tammorra,1
tammuz,1
tamp,1
tampering,1
tampon,1
tamponade,1
tamponage,1
tamur,1
tanacetum,1
tanach,1
tanaidacea,1
tanakh,1
tanbou,1
tanbur,1
tanbūra,1
tanga,1
tangelos,1
tangency,1
tangentially,1
tangerines,1
tanggu,1
tangibility,1
tangibleness,1
tangibly,1
tanginess,1
tangmuri,1
tangors,1
tangy,1
tanka,1
tankful,1
tanned,1
tannenberg,1
tanner,1
tannic,1
tannins,1
tannish,1
tanoan,1
tanpura,1
tantalise,1
tantalising,1
tantalization,1
tantalize,1
tantalizing,1
tantalizingly,1
tantalum,1
tantamount,1
tantric,1
tantrik,1
tantrism,1
tantrum,1
tanymecus,1
tanytarsus,1
tanzanian,1
tao,1
taoism,1
taoist,1
tapdance,1
tapestried,1
tapestry,1
tapetum,1
tapeworms,1
taphephobia,1
taphon,1
taphonomy,1
taphrina,1
taphrinales,1
tapinosis,1
tapioca,1
tapirus,1
tapotement,1
taproot,1
taraban,1
tarabooka,1
tarachodidae,1
taractes,1
taradiddle,1
taralila,1
tarantelle,1
tarantism,1
tarawa,1
tarawangsa,1
taraxacum,1
tardily,1
tardiness,1
tardive,1
tardy,1
tarhu,1
tariffs,1
tarka,1
tarmac,1
taro,1
tarocchini,1
tárogató,1
tarol,1
tarophagus,1
tarota,1
tarpons,1
tarpu,1
tarraca,1
tarradiddle,1
tarragon,1
tarriance,1
tarsal,1
tarsiidae,1
tarsiiformes,1
tarsitis,1
tarsometatarsus,1
tarsonemidae,1
tarsonemus,1
tarsus,1
tart,1
tartarean,1
tartaric,1
tartarus,1
tartly,1
tartrazine,1
tasa,1
tasattur,1
tasmacetus,1
tasmania,1
tasmanian,1
tassa,1
tasseled,1
tasselled,1
tasteful,1
tastefully,1
tastefulness,1
tasteless,1
tastelessly,1
tastelessness,1
tastily,1
tastiness,1
tatahumara,1
tatar,1
tati,1
tatted,1
tatterdemalion,1
tattered,1
tattily,1
tatting,1
tattling,1
tatty,1
tau,1
taule,1
taungya,1
tauntingly,1
taurodontia,1
tauromachy,1
taus,1
taut,1
tauten,1
tautirut,1
tautly,1
tautogolabrus,1
tautologic,1
tautological,1
tautology,1
tavli,1
taw,1
tawak,1
tawdrily,1
tawdriness,1
tawdry,1
tawniness,1
tawny,1
taxa,1
taxability,1
taxable,1
taxaceae,1
taxidermy,1
taxodiaceae,1
taxodium,1
taxol,1
taxonomic,1
taxonomical,1
taxonomically,1
taxonomists,1
taxpaying,1
taxus,1
tay,1
tayalic,1
taylorella,1
tbil,1
tbilat,1
tbit,1
tca,1
tcp,1
tcp/ip,1
tdt,1
te,1
teachable,1
teachership,1
teacup,1
teacupful,1
teamgym,1
teamwork,1
tearaway,1
teardrop,1
tearful,1
tearfully,1
teargas,1
tearjerker,1
tearless,1
teary,1
teaser,1
teasingly,1
teaspoon,1
teaspoonful,1
teats,1
tebet,1
tebibit,1
tebibyte,1
tebuconazole,1
tebufenozide,1
tebupirimfos,1
technetium,1
technically,1
technicians,1
technicolor,1
technique,1
techniques,1
techno,1
technobabble,1
technologically,1
technophilia,1
technophilic,1
technophobia,1
technophobic,1
technosols,1
techy,1
tecoma,1
tectona,1
tectonic,1
tectonophysics,1
tedders,1
tedious,1
tediously,1
tediousness,1
tee,1
teeming,1
teemingness,1
teenage,1
teenaged,1
teensy,1
teentsy,1
teeny,1
teeoff,1
teeter,1
teetertotter,1
teethe,1
teething,1
teetotaling,1
teetotalism,1
teetotum,1
teff,1
tefillin,1
teflon,1
teflubenzuron,1
tegmentum,1
tegular,1
tegumi,1
tekanan,1
tekerőlant,1
teladorsagia,1
telangiectasia,1
telecanthus,1
telecasting,1
telecentres,1
telecom,1
telecommerce,1
telecommunicate,1
telecommunications,1
telecommuting,1
teleconference,1
teleconferencing,1
telefax,1
telefilm,1
telegnosis,1
telegnostic,1
telegram,1
telegraph,1
telegraphese,1
telegraphically,1
telegraphy,1
telekinesis,1
telemark,1
telemarketing,1
telematics,1
telemetered,1
telencephalon,1
telenka,1
telenomus,1
teleogryllus,1
teleological,1
teleology,1
teleomorphs,1
teleostei,1
teleostomi,1
telepathic,1
telepathise,1
telepathize,1
telephonic,1
telephony,1
telephotography,1
teleport,1
teleportation,1
teleprocessing,1
telerobotics,1
telescopically,1
telescopy,1
teleselling,1
televangelism,1
televise,1
televisuality,1
telex,1
telfairia,1
telharmonium,1
telint,1
tellingly,1
tellinidae,1
telltale,1
telluraves,1
tellurian,1
telluric,1
tellurium,1
tellurometers,1
telmatherinidae,1
telocentric,1
telomeres,1
telophase,1
telson,1
telugu,1
temblor,1
tembong,1
tembor,1
tembotrione,1
temephos,1
temerarious,1
temerity,1
tempeh,1
temperamentally,1
temperately,1
temperatura,1
temperaturdifferenz,1
tempests,1
tempestuous,1
tempestuousness,1
templet,1
temporality,1
temporalization,1
temporally,1
temporalty,1
temporarily,1
temporariness,1
temporise,1
temporize,1
temps,1
temptable,1
temptingly,1
temptingness,1
tempus,1
tenability,1
tenableness,1
tenacious,1
tenaciously,1
tenaciousness,1
tenacity,1
tenaga,1
tench,1
tendencious,1
tendentious,1
tendentiously,1
tendentiousness,1
tenderhearted,1
tenderheartedness,1
tenderisation,1
tenderise,1
tenderised,1
tenderization,1
tenderize,1
tenderized,1
tenderizing,1
tenderly,1
tendinous,1
tendosynovitis,1
tendrilous,1
tenebrific,1
tenebrio,1
tenebrionidae,1
tenebrious,1
tenebroides,1
tenebrous,1
tenet,1
tenge,1
tennessee,1
tenonitis,1
tenora,1
tenorino,1
tenoroon,1
tenpence,1
tenpins,1
tenrecidae,1
tensely,1
tenseness,1
tensional,1
tensionless,1
tensity,1
tensometers,1
tensor,1
tentacled,1
tentacular,1
tentaculata,1
tentative,1
tentatively,1
tenthly,1
tenthredinidae,1
tentoxin,1
tenuipalpidae,1
tenuipalpus,1
tenuity,1
tenuivirus,1
tenuous,1
tenuously,1
tenured,1
tephritidae,1
tephritis,1
tephrosia,1
tepid,1
tepidity,1
tepidly,1
tepidness,1
teplota,1
teponaztli,1
tepooh,1
tepovirus,1
tepraloxydim,1
teqball,1
teqvoly,1
tera,1
terabit,1
terabyte,1
teraflop,1
terahertz,1
teramnus,1
terapontidae,1
teratogenesis,1
teratogenic,1
teratogenicity,1
teratogens,1
teraton,1
terbacil,1
terbium,1
terbucarb,1
terbufos,1
terbuthylazine,1
terbutryn,1
terce,1
tercentenary,1
tercentennial,1
tercet,1
terebridae,1
teredinidae,1
terefah,1
terete,1
teretriosoma,1
terfezia,1
tergiversate,1
tergiversation,1
terminable,1
terminalia,1
terminality,1
terminally,1
terminative,1
terminological,1
terminus,1
termiticides,1
termitidae,1
termitomyces,1
termopsidae,1
ternate,1
ternion,1
terns,1
terpene,1
terpenes,1
terpenoid,1
terpenoids,1
terpodion,1
terpsichore,1
terpsichorean,1
terpsitone,1
terrasse,1
terrestrially,1
terribleness,1
terribly,1
terrific,1
terrifically,1
terrified,1
terrify,1
terrifying,1
territorialisation,1
territorialization,1
territorially,1
terrorisation,1
terrorization,1
terse,1
tersely,1
terseness,1
térszög,1
tertian,1
tertry,1
terzarola,1
terzetto,1
tessaratoma,1
tessellated,1
tesseract,1
testa,1
testaceous,1
testamentary,1
testate,1
testcross,1
testicular,1
testify,1
testily,1
testiness,1
testudinidae,1
testy,1
tet,1
tetanic,1
tetanilla,1
tetanops,1
tetartanopia,1
tetawak,1
tetchily,1
tetchiness,1
tetchy,1
teth,1
tether,1
tetherball,1
tethered,1
tethers,1
tethrippon,1
tetraamelia,1
tetrabrachiidae,1
tetrachlorvinphos,1
tetraclinis,1
tetracyclines,1
tetrad,1
tetradecathlon,1
tetradontoidea,1
tetrads,1
tetragnatha,1
tetragnathidae,1
tetragon,1
tetragonal,1
tetragonolobus,1
tetragonuridae,1
tetragram,1
tetragrammaton,1
tetrahedron,1
tetrahymena,1
tetralogy,1
tetrameres,1
tetrameridae,1
tetramerous,1
tetrameter,1
tetrametric,1
tetramisole,1
tetramorium,1
tetranychidae,1
tetranychus,1
tetrao,1
tetraogallus,1
tetraparesis,1
tetraphocomelia,1
tetraplegia,1
tetraplegia/tetraparesis,1
tetraploid,1
tetraploidy,1
tetrapoda,1
tetrapturus,1
tetrapyrrole,1
tetrarogidae,1
tetrastichus,1
tetraterpene,1
tetraterpenoid,1
tetrathlon,1
tetravalent,1
tetri,1
tetrodotoxin,1
tettigella,1
tettigometridae,1
tettigoniidae,1
tetzilacatl,1
teucrium,1
teutonic,1
tevet,1
tewkesbury,1
texan,1
texas,1
textile,1
textiles,1
texting,1
textual,1
textured,1
texturizing,1
th,1
thaboura,1
thagomizer,1
thailand,1
thalamita,1
thalamocortical,1
thalarctos,1
thalassaemia,1
thalassemia,1
thalassic,1
thalassinidae,1
thalassiosiraceae,1
thaliacea,1
thalictrum,1
thallium,1
thalloid,1
thallophyta,1
thallophytic,1
thallus,1
thammuz,1
thamnidium,1
thanasimus,1
thanatephorus,1
thanatology,1
thanatophobia,1
thanatopsis,1
thanatos,1
thaneship,1
thankful,1
thankfully,1
thankfulness,1
thankless,1
thappu,1
thatcherism,1
thattai,1
thaumastochelidae,1
thaumatin,1
thaumatococcus,1
thaumatolatry,1
thaumetopoea,1
thaumetopoeidae,1
thavil,1
thb,1
thd,1
theaceae,1
theales,1
theanthropism,1
theatre,1
theatricality,1
theatrically,1
theatrology,1
theba,1
theban,1
thebe,1
thecodiplosis,1
theileria,1
theileriosis,1
theism,1
theist,1
theistic,1
theistical,1
thelarche,1
thelaxidae,1
thelazia,1
thelaziidae,1
thelephora,1
thelohania,1
thematic,1
thematically,1
themeda,1
thenal,1
thenar,1
thence,1
thenceforth,1
theobroma,1
theobromine,1
theocentrism,1
theocracy,1
theocratic,1
theodicy,1
theogony,1
theological,1
theologically,1
theophany,1
theophylline,1
theorbo,1
theoretic,1
theoretical,1
theoretically,1
theorisation,1
theorise,1
theorization,1
theorize,1
theosophical,1
theosophism,1
theosophy,1
theoterrorism,1
theragra,1
therapeutical,1
therapeutically,1
therapeutics,1
theravada,1
thereabout,1
thereabouts,1
thereafter,1
thereby,1
therefor,1
therefrom,1
therein,1
thereinafter,1
theremin,1
thereness,1
thereof,1
thereon,1
thereto,1
theretofore,1
therevox,1
therewith,1
therewithal,1
theridiidae,1
therioaphis,1
therm,1
thermalgesia,1
thermally,1
thermic,1
thermidor,1
thermionic,1
thermionics,1
thermoactinomyces,1
thermocautery,1
thermochemistry,1
thermocline,1
thermocoagulation,1
thermodynamic,1
thermodynamical,1
thermodynamically,1
thermoelectric,1
thermoelectrical,1
thermoelectricity,1
thermogenesis,1
thermogram,1
thermogravimetric,1
thermogravimetry,1
thermohydrometric,1
thermokarst,1
thermolabile,1
thermoluminescence,1
thermometers,1
thermometric,1
thermometry,1
thermonuclear,1
thermoplastics,1
thermopsis,1
thermopylae,1
thermoreceptor,1
thermoregulation,1
thermosalinographs,1
thermoset,1
thermosetting,1
thermostat,1
thermostatic,1
thermostatically,1
thermostatics,1
thermotaxis,1
thermotherapy,1
theropoda,1
therrya,1
thesis,1
thespesia,1
thespian,1
theta,1
theurgy,1
thiabendazole,1
thiamethoxam,1
thiaminase,1
thiamine,1
thiazoles,1
thicken,1
thickened,1
thickheaded,1
thickly,1
thickset,1
thickspread,1
thidiazuron,1
thielaviopsis,1
thiencarbazone,1
thieve,1
thievery,1
thievish,1
thievishly,1
thievishness,1
thifensulfuron,1
thigmomorphogenesis,1
thigmotaxis,1
thigmotropism,1
thimble,1
thimbleful,1
thimblerig,1
thinkable,1
thinly,1
thinners,1
thinopyrum,1
thiobencarb,1
thiocyanates,1
thiodicarb,1
thiofanox,1
thiols,1
thioneins,1
thiopental,1
thiophanate,1
thiouracil,1
thiourea,1
thiram,1
thirdly,1
thirstily,1
thistlelike,1
thither,1
thixotropy,1
thlaspi,1
thm,1
tho,1
thoda,1
tholiform,1
thomism,1
thomo,1
thon,1
thongophone,1
thoracentesis,1
thoracic,1
thoracica,1
thoracocentesis,1
thoracotomy,1
thoreauvian,1
thoriate,1
thoriated,1
thorium,1
thorniness,1
thornless,1
thorny,1
thoroughbred,1
thoroughgoing,1
thoroughly,1
thoroughness,1
thou,1
thoughtful,1
thoughtfully,1
thoughtless,1
thoughtlessly,1
thoughtlessness,1
thraciidae,1
thraldom,1
thrall,1
thralldom,1
threadbare,1
threadfins,1
threadiness,1
threadlike,1
thready,1
threateningly,1
threemover,1
threepence,1
threepenny,1
threescore,1
threesome,1
threnody,1
threonine,1
threshers,1
thrice,1
thriftily,1
thriftiness,1
thriftless,1
thriftlessly,1
thriftlessness,1
thrilled,1
thriller,1
thrillful,1
thrilling,1
thripidae,1
throated,1
throaty,1
throe,1
throes,1
thrombasthenia,1
thrombectomy,1
thromboblast,1
thrombolysis,1
thrombopenia,1
thrombose,1
thrombosed,1
thrombus,1
throng,1
thronged,1
throttlehold,1
throttling,1
throughfall,1
throughout,1
thrush,1
thrusters,1
thryonomys,1
thudding,1
thuggee,1
thuggery,1
thuja,1
thumbpicking,1
thumbprint,1
thumbtack,1
thunderclap,1
thunderous,1
thunderousness,1
thundershower,1
thunderstorm,1
thunderstorms,1
thunderstruck,1
thundery,1
thunk,1
thunniformes,1
thunnini,1
thunnus,1
thurify,1
thuringia,1
thuringiensin,1
thursday,1
thusly,1
thwart,1
thwarted,1
thwartwise,1
thylakoids,1
thymallidae,1
thymallus,1
thymelaeaceae,1
thymelicus,1
thymidine,1
thymine,1
thymocyte,1
thymoid,1
thymol,1
thymoma,1
thymus,1
thyridopteryx,1
thyroglobulin,1
thyroid,1
thyroidal,1
thyroidectomy,1
thyromegaly,1
thyrotoxic,1
thyrotoxicosis,1
thyrotropin,1
thyroxine,1
thysaniezia,1
thysanoessa,1
thysanoplusia,1
thysanoptera,1
thysanosoma,1
thysanoteuthidae,1
thysanura,1
thz,1
ti,1
tia,1
tiamulin,1
tianjin,1
tianqin,1
tib,1
tiba,1
tibet,1
tibial,1
tibialis,1
tibiofibula,1
tibiotarsus,1
tibit,1
tic,1
tical,1
tickler,1
ticklish,1
ticktacktoe,1
ticktacktoo,1
ticonderoga,1
tics,1
tictac,1
tidal,1
tiddly,1
tiddlywinks,1
tidily,1
tidings,1
tidinit,1
tiebreaker,1
tiempo,1
tiered,1
tiêu,1
tiexianzai,1
tifa,1
tiff,1
tigerish,1
tighten,1
tightening,1
tightfisted,1
tightfistedness,1
tightfitting,1
tightlipped,1
tightly,1
tigridia,1
tíha,1
tihu,1
tilde,1
tilia,1
tiliaceae,1
tillable,1
tillandsia,1
tiller,1
tillering,1
tilletia,1
tilletiales,1
tilletiopsis,1
tilth,1
tiltmeters,1
timbales,1
timbau,1
timbered,1
timberyards,1
timbre,1
timbrel,1
timbrh,1
timecard,1
timekeeping,1
timeless,1
timeline,1
timeliness,1
timeserving,1
timetable,1
timework,1
timeworn,1
timid,1
timidly,1
timidness,1
timila,1
timor,1
timorese,1
timorous,1
timorously,1
timp,1
timpani,1
timple,1
tinamiformes,1
tinca,1
tinct,1
tindé,1
tinderbox,1
tineidae,1
tineola,1
tingidae,1
tingsha,1
tininess,1
tink,1
tinkling,1
tinkly,1
tinospora,1
tinplate,1
tinpot,1
tinseled,1
tinselly,1
tinting,1
tintinnabulate,1
tintinnabulation,1
tintinnabulum,1
tinya,1
tiohuggarrodd,1
tiorbino,1
tiple,1
tipple,1
tippy,1
tippytoe,1
tipsiness,1
tipstaff,1
tipsy,1
tipuana,1
tipula,1
tipulidae,1
tiqin,1
tirade,1
tiredly,1
tiredness,1
tireless,1
tirelessly,1
tirelessness,1
tiresome,1
tiresomely,1
tiresomeness,1
tirmania,1
tishri,1
titanic,1
titanium,1
titaria,1
titer,1
tithonia,1
titillated,1
titillating,1
titivate,1
titivation,1
titrate,1
titre,1
tittering,1
titti,1
tittivate,1
tittivation,1
tittle,1
tittup,1
titubation,1
titulary,1
titus,1
tivela,1
tiyin,1
tizzy,1
tkm,1
tko,1
tlapitzalli,1
tlaxcala,1
tlc,1
tlingit,1
toady,1
toadyish,1
tobago,1
tobagonian,1
tobamovirus,1
tobit,1
toboggan,1
tobramycin,1
tobravirus,1
toccata,1
tochacatl,1
tocharian,1
tocktact,1
tocology,1
tocopherols,1
tocotrienols,1
tocsin,1
toda,1
todarodes,1
toddle,1
toea,1
toeless,1
toenail,1
tofu,1
tog,1
togaviridae,1
togetherness,1
togged,1
togo,1
togolese,1
tōgyū,1
toilette,1
toilsome,1
toilsomeness,1
toke,1
tokelau,1
tokenish,1
tolerable,1
tolerably,1
tolerant,1
tolerantly,1
tololoche,1
toluene,1
tolypocladium,1
tolyposporium,1
tom,1
tomahawk,1
tombola,1
tombolos,1
tomboyish,1
tomboyishness,1
tombstoning,1
tombusviridae,1
tombusvirus,1
tomcod,1
tome,1
tömeg,1
tomentous,1
tomfoolery,1
tomicus,1
tommyrot,1
tonality,1
tonally,1
tonbak,1
toneless,1
tonelessly,1
tonette,1
tongatong,1
tongueless,1
tonguelike,1
tonkori,1
tonnage,1
tonne,1
tonnidae,1
tonometry,1
tonsil,1
tonsillectomy,1
tonsils,1
tonsorial,1
tonsured,1
tontine,1
tonus,1
toon,1
toona,1
toothache,1
toothless,1
toothlessness,1
toothlike,1
toothsome,1
toothsomeness,1
toothy,1
topaz,1
topdress,1
tope,1
topiary,1
topicality,1
topicalization,1
topicalize,1
topically,1
topknotted,1
topless,1
toplota,1
topmost,1
topnotch,1
topognosia,1
topognosis,1
topographic,1
topographical,1
topographically,1
topolatry,1
topologic,1
topological,1
topologically,1
toponym,1
topos,1
topper,1
toppers,1
toppingly,1
topple,1
topsoil,1
topspin,1
topworking,1
torah,1
torama,1
torball,1
torban,1
torch,1
torchlight,1
torilis,1
tormented,1
toroid,1
toroidal,1
töröksíp,1
toropilli,1
torpedinidae,1
torpediniformes,1
torpedo,1
torpid,1
torpidly,1
torpidness,1
torr,1
torrefaction,1
torrents,1
torreya,1
torrid,1
torridity,1
torsioned,1
torsionmoment,1
tort,1
tortious,1
tortricidae,1
tortrix,1
tortuosity,1
tortuous,1
tortuously,1
tortured,1
torturesome,1
torturous,1
torturously,1
torula,1
torulopsis,1
torulose,1
torupill,1
torymidae,1
torymus,1
tosh,1
tōshiya,1
tosk,1
tossup,1
totalise,1
totalism,1
totalistic,1
totalitarianism,1
totalize,1
totally,1
tötbrief,1
tote,1
totemic,1
totemism,1
totipotence,1
totter,1
tottering,1
tottery,1
toubeleki,1
toucans,1
touchable,1
touchback,1
touchdown,1
touchily,1
touchiness,1
touchingly,1
touchstone,1
touchtennis,1
toughen,1
toughened,1
toughie,1
toughly,1
toughness,1
toupeed,1
touristed,1
touristry,1
touristy,1
tournament,1
tousle,1
tousled,1
tout,1
tovshuur,1
towage,1
towel,1
towheaded,1
toxactinium,1
toxaemia,1
toxascaris,1
toxemia,1
toxicant,1
toxicofera,1
toxicologic,1
toxicological,1
toxocara,1
toxoplasma,1
toxopneustidae,1
toxoptera,1
toxorhynchites,1
toxotidae,1
toxotrypana,1
tozacatl,1
tpn,1
trabajo,1
trabalho,1
trabeate,1
trabeated,1
trabecula,1
trabeculate,1
traceability,1
traceable,1
tracheal,1
trachealis,1
tracheids,1
trachelus,1
tracheoblast,1
tracheobronchitis,1
tracheobronchmegaly,1
tracheobronchomalacia,1
tracheomalacia,1
tracheomegaly,1
tracheophyta,1
tracheostomy,1
trachichthyidae,1
trachinidae,1
trachinoidei,1
trachinotus,1
trachinus,1
trachipteridae,1
trachoma,1
trachurus,1
trachycarpus,1
trachyonychia,1
trachypogon,1
trachyspermum,1
trachystemon,1
trackable,1
trackless,1
tract,1
tractability,1
tractable,1
tractableness,1
tractarianism,1
tractile,1
tractive,1
tractors,1
trad,1
tradecraft,1
trademarked,1
tradescantia,1
traditional,1
traditionalist,1
traditionalistic,1
traditionality,1
traditionally,1
traduce,1
traducement,1
trafalgar,1
trafficator,1
tragical,1
tragically,1
tragicomedy,1
tragicomical,1
tragifarce,1
tragopogon,1
tragus,1
trailer,1
trailers,1
traineeship,1
trainload,1
traipse,1
traitorous,1
traitorously,1
traitorousness,1
traktat,1
tralatitious,1
tralkoxydim,1
tram,1
trametes,1
tramontana,1
trancelike,1
tranche,1
tranquil,1
tranquilising,1
tranquilizing,1
tranquillising,1
tranquillizing,1
tranquilly,1
transact,1
transactinide,1
transalpine,1
transaminate,1
transatlantic,1
transcendence,1
transcendency,1
transcendent,1
transcendentalism,1
transcendentally,1
transcontinental,1
transcribed,1
transcript,1
transcriptome,1
transcriptomics,1
transcultural,1
transcutaneous,1
transcytosis,1
transdermal,1
transdermic,1
transduce,1
transduction,1
transect,1
transesterification,1
transeunt,1
transfection,1
transferability,1
transferable,1
transferases,1
transferrable,1
transferral,1
transferrins,1
transfigure,1
transfixed,1
transformable,1
transfusion,1
transgender,1
transgendered,1
transgenes,1
transgenics,1
transhumance,1
transience,1
transiency,1
transiently,1
transistorise,1
transistorised,1
transistorize,1
transistorized,1
transitional,1
transitionally,1
transitively,1
transitiveness,1
transitivise,1
transitivity,1
transitivize,1
transitorily,1
transitoriness,1
transitory,1
translatable,1
translational,1
translator,1
transliterate,1
transliteration,1
translocate,1
translocation,1
translucency,1
transmigration,1
transmissible,1
transmissometers,1
transmittable,1
transmittal,1
transmogrification,1
transmogrify,1
transmontane,1
transmundane,1
transmural,1
transmutability,1
transmutable,1
transmute,1
transnational,1
transoceanic,1
transonic,1
transparently,1
transparentness,1
transphobic,1
transpirate,1
transpiring,1
transplacental,1
transplantable,1
transplanters,1
transpolar,1
transponders,1
transportable,1
transposability,1
transposable,1
transposed,1
transposons,1
transsexual,1
transsexualism,1
transship,1
transubstantiate,1
transudation,1
transude,1
transuranic,1
transversal,1
transversally,1
transversely,1
transvestic,1
transvestism,1
transvestite,1
transvestitism,1
tranzschelia,1
trapa,1
trapezium,1
trapezohedron,1
trapezoidal,1
trapshooting,1
trashiness,1
trashy,1
trasimeno,1
trauma,1
traumatise,1
traumatize,1
traumatology,1
traumatophobia,1
trautonium,1
travelable,1
travelog,1
travelogue,1
traversable,1
traversal,1
trawl,1
trawlers,1
trawling,1
trawlnets,1
trayful,1
tre,1
treacherously,1
treacherousness,1
treacle,1
treacly,1
treadmill,1
treasonable,1
treasonably,1
treasonous,1
treasurership,1
treatise,1
trebouxiophyceae,1
trechus,1
treculia,1
treeless,1
treelike,1
tref,1
trehalase,1
trehalose,1
trejdeksnis,1
trekking,1
trellis,1
trellises,1
trema,1
trembita,1
tremellales,1
tremellomycetes,1
tremendous,1
tremendously,1
tremetol,1
tremoctopodidae,1
tremoloa,1
tremortins,1
tremulous,1
tremulously,1
trenbolone,1
trenchancy,1
trenchant,1
trenchantly,1
trendsetting,1
trendy,1
trepan,1
trephination,1
trephine,1
trepid,1
trepidation,1
trepidly,1
treponema,1
treppenrommé,1
tres,1
treshchotka,1
trey,1
triacanthidae,1
triacanthodidae,1
triadimefon,1
triadimenol,1
triage,1
triakidae,1
trialeurodes,1
triallate,1
triangularity,1
trianthema,1
triasulfuron,1
triathlon,1
triatoma,1
triatovirus,1
triazamate,1
triazines,1
triazophos,1
tribadism,1
tribadistic,1
tribal,1
tribalisation,1
tribalization,1
tribenuron,1
tribolium,1
tribology,1
tribulate,1
tribulation,1
tribulus,1
tribuneship,1
tributyltin,1
tributyrin,1
triccaballacca,1
tricentenary,1
tricentennial,1
trichechus,1
trichiasis,1
trichilemmoma,1
trichinella,1
trichinellidae,1
trichinellosis,1
trichiniasis,1
trichinosis,1
trichiuridae,1
trichiuroidei,1
trichiurus,1
trichlorfon,1
trichodectes,1
trichoderma,1
trichodina,1
trichodiscoma,1
trichodontidae,1
trichodoridae,1
trichodorus,1
trichodysplasia,1
trichoepithelioma,1
trichogaster,1
trichogramma,1
trichogrammatidae,1
trichogrammatoidea,1
tricholoma,1
tricholomataceae,1
trichomalopsis,1
trichomes,1
trichomonas,1
trichomycetes,1
trichomycteridae,1
trichonotidae,1
trichophyton,1
trichoplusia,1
trichoptera,1
trichosanthes,1
trichoschisis,1
trichosirocalus,1
trichosphaeriales,1
trichosporon,1
trichostrongylidae,1
trichostrongylus,1
trichothecenes,1
trichothecium,1
trichotillomania,1
trichroism,1
trichromacy,1
trichromatic,1
trichrome,1
trichuridae,1
trichuris,1
trickily,1
trickiness,1
tricksy,1
tricky,1
triclinic,1
triclopyr,1
tricolor,1
tricordia,1
tricuspid,1
tricyclazole,1
tridacnidae,1
tridax,1
tridemorph,1
trifid,1
trifloxysulfuron,1
triflumuron,1
trifluralin,1
triflusulfuron,1
trifoliate,1
trifoliated,1
trifoliolate,1
trifolium,1
triforine,1
trifurcate,1
trifurcation,1
triggerfish,1
trigla,1
triglidae,1
trigloporus,1
triglycerides,1
trigon,1
trigona,1
trigonal,1
trigonella,1
trigonelline,1
trigonocephaly,1
trigonometric,1
trigonometry,1
trigonon,1
trigram,1
trihydroxy,1
triiodothyronine,1
trikiti,1
trilingual,1
trilled,1
trillium,1
trilobate,1
trilobated,1
trimester,1
trimethoprim,1
trimethylaminuria,1
trimly,1
trimness,1
trimotored,1
trimpanu,1
trine,1
trinervitermes,1
trinidad,1
trinidadian,1
trinitarianism,1
trinitrotoluene,1
trinity,1
trinuclear,1
trinucleated,1
triodontidae,1
triola,1
trionychidae,1
trioses,1
trioxys,1
trioza,1
triozidae,1
tripe,1
tripelennamine,1
tripflare,1
triphasia,1
tripinnate,1
tripinnated,1
tripinnatifid,1
triplet,1
triplets,1
triplex,1
triplicate,1
triplicity,1
triplochiton,1
triploidy,1
triplomyelia,1
tripodal,1
tripos,1
trippingly,1
tripsacum,1
tripterygiidae,1
tripura,1
tripus,1
triradiate,1
trisect,1
trisetacus,1
trisetum,1
triskaidekaphobia,1
triskaidekaphobic,1
trisopterus,1
trissolcus,1
tristania,1
trisyllable,1
tritanomaly,1
tritanopia,1
tritanopic,1
tritare,1
trite,1
tritely,1
triteness,1
triterpene,1
triterpenoids,1
tritheism,1
triticosecale,1
triticum,1
tritimovirus,1
tritirachium,1
tritium,1
tritonikon,1
tritordeum,1
tritosulfuron,1
tritrichomonas,1
trituration,1
triumfetta,1
triumphant,1
triumphantly,1
triune,1
trivalent,1
trivial,1
trivialise,1
trivialize,1
trivially,1
trivium,1
trm,1
tro,1
troat,1
trocar,1
trochaic,1
trochanter,1
trochee,1
trochidae,1
trochiliformes,1
trogoderma,1
trogoniformes,1
trogossitidae,1
troika,1
trombicula,1
trombiculiasis,1
trombiculidae,1
trombidiformes,1
trombone,1
trombonium,1
tromboon,1
trommelpfeife,1
tropaeolaceae,1
tropaeolum,1
trope,1
trophectoderm,1
trophic,1
trophobiosis,1
trophoblast,1
trophoblastic,1
trophosome,1
trophotropic,1
trophotropism,1
trophy,1
tropic,1
tropically,1
tropiduchidae,1
tropilaelaps,1
tropilaelapsosis,1
tropinota,1
tropism,1
tropisms,1
troponym,1
troponymy,1
troposphere,1
troth,1
trotskyism,1
troubleshoot,1
troublesome,1
troublesomeness,1
troublous,1
troughs,1
trousered,1
trove,1
trowel,1
troy,1
truancy,1
truant,1
truba,1
truck,1
trucking,1
truckling,1
trucks,1
truculence,1
truculency,1
truculent,1
truculently,1
truehearted,1
truffles,1
truism,1
trujillo,1
truly,1
trumpery,1
trumping,1
trundle,1
trupanea,1
truss,1
trussed,1
trussing,1
trusteeship,1
trustful,1
trustfully,1
trustfulness,1
trustiness,1
trustingly,1
trustingness,1
trustworthiness,1
trustworthy,1
trusty,1
truthful,1
truthfully,1
truthfulness,1
trutruka,1
trypanosoma,1
trypanosomosis,1
trypanotolerance,1
trypodendron,1
trypsin,1
tryptamine,1
tryptaminium,1
tryptophan,1
tryptophanuria,1
tryst,1
tsampouna,1
tsarist,1
tsaristic,1
tshiluba,1
tsimshian,1
tsintsila,1
tsk,1
tsoris,1
tsouic,1
tss,1
tsuga,1
tsundere,1
tsuris,1
tsushima,1
tsuur,1
tsuzumi,1
tswana,1
tsymbaly,1
tt,1
tuareg,1
tuba,1
tubal,1
tubano,1
tubaphone,1
tubax,1
tubbiness,1
tubby,1
tubeless,1
tubelike,1
tuberaceae,1
tuberales,1
tuberculate,1
tuberculin,1
tuberculoid,1
tuberculous,1
tuberous,1
tubful,1
tubifex,1
tubificidae,1
tubiflorae,1
tubiporidae,1
tubophon,1
tubulum,1
tucked,1
tucker,1
tucket,1
tucuman,1
tudor,1
tues,1
tuesday,1
tuff,1
tufted,1
tugboats,1
tughrik,1
tugrik,1
tuhu,1
tüidük,1
tuila,1
tularaemia,1
tulasnella,1
tulasnellales,1
tulipa,1
tulu,1
tulum,1
tumbadora,1
tumbi,1
tumdak',1
tumefaction,1
tumefy,1
tumesce,1
tumescence,1
tumescent,1
tumid,1
tumidity,1
tumidness,1
tümïr,1
tumour,1
tumpong,1
tumultuous,1
tumultuously,1
tumultuousness,1
tumutumu,1
tumyr,1
tuneful,1
tunefully,1
tunefulness,1
tuneless,1
tunelessly,1
tungehorn,1
tungna,1
tungrovirus,1
tungso,1
tungsten,1
tungus,1
tungusic,1
tunguz,1
tunicata,1
tunisia,1
tunisian,1
tunkul,1
tunnage,1
tunstallia,1
tupaiidae,1
tupan,1
tupi,1
tuppence,1
tuppeny,1
turbaned,1
turbid,1
turbidimeters,1
turbidimetry,1
turbidness,1
turbinelliidae,1
turbinidae,1
turbo,1
turbot,1
turbulency,1
turbulently,1
turcoman,1
turfan,1
turgid,1
turgidity,1
turgidly,1
turgidness,1
turions,1
turkey,1
turkeys,1
turki,1
turkishness,1
türkiye,1
turkmenistan,1
turkoman,1
turnability,1
turndown,1
turneraceae,1
turnoff,1
turnout,1
turnround,1
turnt,1
turntable,1
turp,1
turpentine,1
turpitude,1
turricephaly,1
turridae,1
turritellidae,1
tursiops,1
turu,1
túru,1
tuscany,1
tuscarora,1
tushery,1
tut,1
tuta,1
tutek,1
tutelage,1
tutelar,1
tutelary,1
tutelo,1
tutorially,1
tutorship,1
tuvalu,1
tuxedoed,1
tv,1
twain,1
twee,1
tweediness,1
tweedy,1
tweegram,1
tweeter,1
tweeze,1
twelfthtide,1
twelvemonth,1
twerk,1
twiggy,1
twiglike,1
twilit,1
twill,1
twilled,1
twine,1
twinkly,1
twirlingly,1
twirp,1
twister,1
twisty,1
twitterverse,1
twofer,1
twomover,1
twopence,1
twopenny,1
twoscore,1
twosome,1
tx–6,1
txalaparta,1
txistu,1
tychius,1
tydeidae,1
tyiyn,1
tylenchida,1
tylenchidae,1
tylenchorhynchus,1
tylenchulidae,1
tylenchulus,1
tylenchus,1
tylosema,1
tylosin,1
tymovirales,1
tymoviridae,1
tymovirus,1
tympanic,1
tympanites,1
tympanitic,1
tympanitis,1
tympanon,1
tympanoplasty,1
tympanosclerosis,1
tympanosquamosal,1
tympanum,1
typeface,1
typescript,1
typeset,1
typewrite,1
typewriting,1
typha,1
typhaceae,1
typhlocyba,1
typhlodromus,1
typhlosole,1
typhula,1
typhus,1
typic,1
typicality,1
typically,1
typo,1
typographic,1
typographical,1
typographically,1
tyramine,1
tyrannic,1
tyrannical,1
tyrannicide,1
tyrannosauridae,1
tyrannosaurus,1
tyrannous,1
tyres,1
tyrol,1
tyrolean,1
tyrolese,1
tyromyces,1
tyrophagus,1
tyrosine,1
tyrosinemia,1
tyrosinuria,1
tyumbelek,1
tyzzeria,1
tzarist,1
tzouras,1
ubiety,1
ubiquinated,1
ubiquitous,1
ubiquitousness,1
ubiquity,1
ubykh,1
ucides,1
účiník,1
udder,1
udders,1
udmurt,1
udoteaceae,1
udukai,1
udukku,1
ufabet,1
ufo,1
ufoball,1
ugal,1
uganda,1
ugandan,1
ugaritic,1
uglify,1
ugliness,1
ugrian,1
ugric,1
uhf,1
uighur,1
uigur,1
ukeke,1
ukelin,1
ukraine,1
ukulele,1
ulalgia,1
ulama,1
ulatrophia,1
ulcer,1
ulcerated,1
ulcerative,1
ulcerous,1
ulcers,1
ulemorrhagia,1
ulex,1
ulitis,1
ulla,1
ullage,1
ullucus,1
ulmaceae,1
ulmariidae,1
ulmus,1
ulnar,1
ulnare,1
ult,1
ulterior,1
ulteriority,1
ulteriorly,1
ultima,1
ultimacy,1
ultimately,1
ultimateness,1
ultimatum,1
ultimo,1
ultra,1
ultracentrifuge,1
ultraconservative,1
ultrafiltration,1
ultramarathon,1
ultramicroscopic,1
ultramodern,1
ultramodernity,1
ultramontanism,1
ultranationalism,1
ultranationalistic,1
ultrasonically,1
ultrasonics,1
ultrastructure,1
ululate,1
ululation,1
ulvaceae,1
ulvales,1
ulvans,1
ulvophyceae,1
umakhweyana,1
umami,1
umbellar,1
umbelliferous,1
umbelliflorae,1
umbelliform,1
umbels,1
umbilical,1
umbilicate,1
umbonate,1
umbra,1
umbrage,1
umbrageous,1
umbravirus,1
umbrellalike,1
umbrian,1
umbridae,1
umbrina,1
umbrisols,1
umbundu,1
umlaut,1
umpan,1
umpihuilu,1
umpire,1
umpteen,1
umpteenth,1
umptieth,1
umqangala,1
umteen,1
umteenth,1
umuduri,1
un,1
unabashed,1
unabashedly,1
unabated,1
unabused,1
unaccented,1
unacceptability,1
unacceptable,1
unacceptableness,1
unacceptably,1
unaccepted,1
unaccessible,1
unaccommodating,1
unaccountable,1
unaccountably,1
unaccredited,1
unaccustomed,1
unachievable,1
unachievably,1
unacknowledged,1
unacquainted,1
unacquisitive,1
unactable,1
unadaptability,1
unadaptable,1
unadapted,1
unaddicted,1
unaddressed,1
unadjustable,1
unadjusted,1
unadoptable,1
unadorned,1
unadulterated,1
unadventurous,1
unadvisable,1
unadvised,1
unadvisedly,1
unaerated,1
unaesthetic,1
unaffectedness,1
unaffecting,1
unaffectionate,1
unaffiliated,1
unaffixed,1
unafraid,1
unaged,1
unaggressive,1
unagitated,1
unaided,1
unaired,1
unairworthy,1
unalarming,1
unalert,1
unalienable,1
unalike,1
unalloyed,1
unalterability,1
unalterable,1
unalterably,1
unaltered,1
unambiguity,1
unambiguous,1
unambiguously,1
unambitious,1
unambitiously,1
unamended,1
unanalyzable,1
unanalyzed,1
unangry,1
unanimated,1
unanimity,1
unanimous,1
unanimously,1
unannealed,1
unannounced,1
unanswerable,1
unanswered,1
unanticipated,1
unapologetic,1
unappareled,1
unapparent,1
unappealable,1
unappealing,1
unappealingly,1
unappeasable,1
unappendaged,1
unappetising,1
unappetisingness,1
unappetizing,1
unappetizingness,1
unappreciated,1
unappreciative,1
unappreciatively,1
unapprehensive,1
unapproachability,1
unapproachable,1
unarbitrary,1
unarguable,1
unarguably,1
unargumentative,1
unarm,1
unarmed,1
unarmored,1
unarmoured,1
unarticulate,1
unarticulated,1
unartistic,1
unascertainable,1
unascribable,1
unashamed,1
unashamedly,1
unasked,1
unaspis,1
unassailable,1
unassailably,1
unassertive,1
unassertively,1
unassertiveness,1
unassignable,1
unassigned,1
unassisted,1
unassuming,1
unassumingly,1
unassumingness,1
unassured,1
unasterisked,1
unattached,1
unattackable,1
unattainability,1
unattainable,1
unattainableness,1
unattainably,1
unattended,1
unattired,1
unattractive,1
unattractively,1
unattractiveness,1
unattributable,1
unauthentic,1
unauthorised,1
unauthorized,1
unavailability,1
unavailing,1
unavenged,1
unavoidability,1
unavoidable,1
unavoidably,1
unavowed,1
unawakened,1
unaware,1
unawareness,1
unawares,1
unawed,1
unbacked,1
unbaffled,1
unbalconied,1
unbanded,1
unbaptised,1
unbaptized,1
unbar,1
unbarred,1
unbarreled,1
unbarrelled,1
unbearable,1
unbearably,1
unbeatable,1
unbeaten,1
unbecoming,1
unbecomingly,1
unbecomingness,1
unbefitting,1
unbeholden,1
unbelief,1
unbelievable,1
unbelievably,1
unbelieving,1
unbelievingly,1
unbeloved,1
unbelt,1
unbelted,1
unbendable,1
unbending,1
unbeneficed,1
unbent,1
unbiased,1
unbiassed,1
unbigoted,1
unbitter,1
unbleached,1
unblemished,1
unblended,1
unblessed,1
unblinking,1
unblinkingly,1
unbloody,1
unblushing,1
unblushingly,1
unbodied,1
unbolt,1
unbolted,1
unbooked,1
unbordered,1
unborn,1
unbosom,1
unboundedness,1
unbowed,1
unbox,1
unbraced,1
unbraid,1
unbrainwashed,1
unbranching,1
unbranded,1
unbreakable,1
unbreakableness,1
unbridgeable,1
unbridle,1
unbridled,1
unbroken,1
unbrushed,1
unbuckle,1
unburdened,1
unburied,1
unburnished,1
unbutton,1
unbuttoned,1
uncamphorated,1
uncannily,1
uncanny,1
uncapped,1
uncapping,1
uncarbonated,1
uncaria,1
uncaring,1
uncarpeted,1
uncarved,1
uncase,1
uncastrated,1
uncategorised,1
uncategorized,1
uncaulked,1
uncaused,1
unccd,1
unceasing,1
unceasingly,1
unced,1
uncensored,1
unceremonial,1
unceremonious,1
unceremoniously,1
unceremoniousness,1
uncertainly,1
uncertainness,1
uncertified,1
unchain,1
unchained,1
unchallengeable,1
unchallenged,1
unchangeability,1
unchangeable,1
unchangeableness,1
unchangeably,1
unchanged,1
unchanging,1
unchangingness,1
uncharacteristic,1
uncharacteristically,1
uncharged,1
uncharitable,1
uncharted,1
unchartered,1
unchaste,1
uncheckable,1
unchecked,1
uncheerful,1
unchewable,1
unchivalrous,1
unchivalrously,1
unchristian,1
unchristianly,1
unchristlike,1
unchurch,1
uncinaria,1
uncinula,1
uncivil,1
uncivilised,1
uncivilized,1
uncivilly,1
unclad,1
unclaimed,1
unclasp,1
unclassifiable,1
unclassified,1
unclean,1
uncleanliness,1
uncleanly,1
uncleanness,1
unclear,1
uncleared,1
unclearly,1
unclearness,1
unclimbable,1
unclip,1
unclipped,1
unclog,1
unclogged,1
unclothed,1
unclouded,1
uncloudedness,1
unclutter,1
uncluttered,1
unco,1
uncoated,1
uncoerced,1
uncoil,1
uncollected,1
uncollectible,1
uncolored,1
uncoloured,1
uncolumned,1
uncombable,1
uncombed,1
uncombined,1
uncomely,1
uncomfortable,1
uncomfortably,1
uncommercial,1
uncommercialised,1
uncommercialized,1
uncommitted,1
uncommon,1
uncommonly,1
uncommonness,1
uncommunicative,1
uncommunicativeness,1
uncomparable,1
uncomparably,1
uncompartmented,1
uncompassionate,1
uncompensated,1
uncompetitive,1
uncompetitiveness,1
uncomplaining,1
uncomplainingly,1
uncomplete,1
uncompleted,1
uncomplicated,1
uncomplimentary,1
uncompounded,1
uncomprehended,1
uncomprehending,1
uncomprehensible,1
uncompress,1
uncompromising,1
uncompromisingly,1
unconcealed,1
unconcerned,1
unconcernedly,1
unconditional,1
unconditionality,1
unconditionally,1
unconditioned,1
unconfessed,1
unconfined,1
unconfirmed,1
unconformable,1
unconformist,1
unconfused,1
uncongenial,1
uncongeniality,1
unconnected,1
unconnectedness,1
unconquerable,1
unconquered,1
unconscientious,1
unconscientiousness,1
unconscionable,1
unconsciously,1
unconsciousness,1
unconsecrated,1
unconsidered,1
unconsolable,1
unconsolidated,1
unconstipated,1
unconstitutional,1
unconstitutionality,1
unconstitutionally,1
unconstrained,1
unconstraint,1
unconstricted,1
unconstructive,1
unconsumed,1
unconsummated,1
uncontaminated,1
uncontaminating,1
uncontested,1
uncontrived,1
uncontrollable,1
uncontrollably,1
uncontrolled,1
uncontroversial,1
uncontroversially,1
unconventional,1
unconventionally,1
unconverted,1
unconvertible,1
unconvinced,1
unconvincing,1
unconvincingly,1
uncooked,1
uncool,1
uncooperative,1
uncordial,1
uncork,1
uncorrectable,1
uncorrected,1
uncorrelated,1
uncorroborated,1
uncorrupted,1
uncounted,1
uncouple,1
uncoupled,1
uncousinly,1
uncouth,1
uncouthly,1
uncouthness,1
uncrannied,1
uncrate,1
uncreased,1
uncreative,1
uncreativeness,1
uncritical,1
uncritically,1
uncropped,1
uncross,1
uncrossed,1
uncrowned,1
uncrystallised,1
uncrystallized,1
unctad,1
unctuous,1
unctuously,1
unctuousness,1
uncultivable,1
uncultivatable,1
uncultivated,1
uncultured,1
uncurbed,1
uncured,1
uncurl,1
uncurled,1
uncurtained,1
uncurved,1
uncurving,1
uncus,1
uncut,1
undaria,1
undatable,1
undated,1
undaunted,1
undecagon,1
undeceive,1
undeceived,1
undecideable,1
undecided,1
undecipherable,1
undecipherably,1
undeciphered,1
undeclared,1
undecomposable,1
undecomposed,1
undecorated,1
undedicated,1
undefeated,1
undefendable,1
undefended,1
undeferential,1
undefiled,1
undefinable,1
undefined,1
undelineated,1
undemanding,1
undemocratic,1
undemocratically,1
undemonstrative,1
undeniable,1
undeniably,1
undenominational,1
undependability,1
undependable,1
undependableness,1
undependably,1
undepicted,1
underachieve,1
underachievement,1
underact,1
underactive,1
underage,1
underbelly,1
underbid,1
underbred,1
underclass,1
underclothed,1
undercoat,1
undercoated,1
undercover,1
undercurrents,1
underdevelop,1
underdeveloped,1
underdone,1
underdrainage,1
underdress,1
underdressed,1
undereducated,1
underemployed,1
underemployment,1
underestimation,1
underevaluation,1
underexpose,1
underexposure,1
underfed,1
underfeeding,1
underfishing,1
underfoot,1
undergraduates,1
undergrow,1
undergrowth,1
underhanded,1
underhandedly,1
underhung,1
underivative,1
underived,1
underlie,1
underlying,1
undermanned,1
undermentioned,1
underneath,1
undernourish,1
undernourished,1
undernutrition,1
underpay,1
underplanting,1
underpopulated,1
underprice,1
underprivileged,1
underproduce,1
underproduction,1
underrate,1
underrating,1
underreckoning,1
undersea,1
undersealed,1
undersell,1
undersexed,1
undersign,1
undersize,1
undersized,1
underslung,1
undersowing,1
underspend,1
understaffed,1
understandability,1
understandably,1
understandingly,1
understate,1
understated,1
understatement,1
understeer,1
understock,1
understudy,1
undertaking,1
undertide,1
undervaluation,1
underwater,1
underway,1
underweight,1
underwrite,1
undescended,1
undescriptive,1
undeserved,1
undeservedly,1
undeserving,1
undesigned,1
undesirability,1
undesirable,1
undesirably,1
undesired,1
undesiring,1
undesirous,1
undestroyable,1
undetectable,1
undetected,1
undeterminable,1
undetermined,1
undeterred,1
undeveloped,1
undeviating,1
undiagnosable,1
undiagnosed,1
undigested,1
undignified,1
undiluted,1
undiminished,1
undimmed,1
undiplomatic,1
undiplomatically,1
undirected,1
undiscerning,1
undischarged,1
undiscipline,1
undisciplined,1
undisclosed,1
undiscouraged,1
undiscoverable,1
undiscovered,1
undiscriminating,1
undisguised,1
undismayed,1
undisputable,1
undisputed,1
undisputedly,1
undissolved,1
undistinguishable,1
undistinguished,1
undistorted,1
undisturbed,1
undiversified,1
undividable,1
undoable,1
undocumented,1
undogmatic,1
undogmatical,1
undomestic,1
undomesticated,1
undoubtedly,1
undp,1
undrained,1
undramatic,1
undramatically,1
undrape,1
undraped,1
undrawn,1
undreamed,1
undreamt,1
undressed,1
undried,1
undrinkable,1
undue,1
undulant,1
undulatory,1
unduly,1
undutiful,1
undutifulness,1
undyed,1
undying,1
undynamic,1
uneager,1
unearned,1
unearthly,1
uneasily,1
uneasy,1
uneatable,1
uneconomic,1
uneconomical,1
unedifying,1
unedited,1
uneducated,1
uneffective,1
unelaborate,1
unelaborated,1
unembarrassed,1
unembellished,1
unembodied,1
unemotional,1
unemotionally,1
unemphatic,1
unemployable,1
unemployed,1
unenclosed,1
unencouraging,1
unencumbered,1
unended,1
unending,1
unendingly,1
unendowed,1
unendurable,1
unenergetic,1
unenergetically,1
unenforceable,1
unenforced,1
unengaged,1
unenlightened,1
unenlightening,1
unenlightenment,1
unenlivened,1
unenterprising,1
unenthusiastic,1
unenthusiastically,1
unentitled,1
unenviable,1
unep,1
unequal,1
unequaled,1
unequalised,1
unequalized,1
unequalled,1
unequally,1
unequipped,1
unequivocal,1
unequivocally,1
unequivocalness,1
unerasable,1
unerect,1
unerring,1
unerringly,1
unesco,1
unessential,1
unestablished,1
unethical,1
unethically,1
unevenly,1
unevenness,1
uneventful,1
uneventfully,1
unexacting,1
unexampled,1
unexceeded,1
unexcelled,1
unexceptionable,1
unexceptional,1
unexchangeability,1
unexchangeable,1
unexcitable,1
unexcited,1
unexciting,1
unexcitingly,1
unexclusive,1
unexcused,1
unexhausted,1
unexpansive,1
unexpected,1
unexpectedly,1
unexpectedness,1
unexpendable,1
unexpended,1
unexpired,1
unexplainable,1
unexplained,1
unexploded,1
unexploited,1
unexplorative,1
unexploratory,1
unexplored,1
unexportable,1
unexpressed,1
unexpressible,1
unexpressive,1
unexpurgated,1
unextended,1
unfaceted,1
unfading,1
unfailing,1
unfailingly,1
unfairly,1
unfaithful,1
unfaithfully,1
unfaithfulness,1
unfaltering,1
unfalteringly,1
unfamiliar,1
unfamiliarity,1
unfashionable,1
unfashionably,1
unfasten,1
unfastened,1
unfastening,1
unfastidious,1
unfathomable,1
unfathomed,1
unfattened,1
unfavorable,1
unfavorableness,1
unfavorably,1
unfavourable,1
unfavourableness,1
unfavourably,1
unfccc,1
unfearing,1
unfeasibility,1
unfeasible,1
unfeathered,1
unfed,1
unfeeling,1
unfeelingly,1
unfeelingness,1
unfeigned,1
unfeignedly,1
unfeminine,1
unfenced,1
unfermented,1
unfertile,1
unfertilised,1
unfertilized,1
unfettered,1
unff,1
unfilled,1
unfilmed,1
unfinished,1
unfirm,1
unfitting,1
unfixed,1
unflagging,1
unflappable,1
unflattering,1
unflavored,1
unflavoured,1
unflawed,1
unfledged,1
unflinching,1
unfluctuating,1
unflurried,1
unflustered,1
unfocused,1
unfocussed,1
unfolding,1
unfollow,1
unforbearing,1
unforced,1
unforceful,1
unforeseeable,1
unforeseen,1
unforesightful,1
unforested,1
unforethoughtful,1
unforfeitable,1
unforgettable,1
unforgettably,1
unforgivable,1
unforgivably,1
unforgiving,1
unforgivingly,1
unforgivingness,1
unformed,1
unfortunate,1
unfortunately,1
unfounded,1
unframed,1
unfree,1
unfreeze,1
unfrequented,1
unfretted,1
unfriend,1
unfriendly,1
unfrightened,1
unfrock,1
unfrosted,1
unfrozen,1
unfruitful,1
unfueled,1
unfulfilled,1
unfunctional,1
unfunded,1
unfunny,1
unfurl,1
unfurnished,1
unfurrowed,1
ungainliness,1
ungainly,1
ungallant,1
ungarbed,1
ungarmented,1
ungathered,1
ungeared,1
ungenerous,1
ungentle,1
ungentlemanlike,1
ungentlemanly,1
ungetatable,1
unglamorous,1
unglamourous,1
unglazed,1
ungodliness,1
ungodly,1
ungovernable,1
ungoverned,1
ungraceful,1
ungracefully,1
ungracefulness,1
ungracious,1
ungraciously,1
ungraciousness,1
ungraded,1
ungrammatical,1
ungrammaticality,1
ungrammatically,1
ungrasped,1
ungrateful,1
ungratefully,1
ungratefulness,1
ungratified,1
ungratifying,1
ungreased,1
ungregarious,1
ungroomed,1
ungrudging,1
ungrudgingly,1
ungual,1
unguaranteed,1
unguarded,1
unguiculate,1
unguiculated,1
unguided,1
ungulate,1
ungulated,1
ungulates,1
ungummed,1
ungusseted,1
unhallow,1
unhallowed,1
unhampered,1
unhand,1
unhappily,1
unhardened,1
unharmed,1
unharmonious,1
unharmoniously,1
unharness,1
unhatched,1
unhazardous,1
unheaded,1
unhealed,1
unhealthful,1
unhealthfulness,1
unhealthiness,1
unhealthy,1
unhearable,1
unheard,1
unhearing,1
unheated,1
unheeded,1
unheeding,1
unhelpful,1
unhelpfully,1
unhelpfulness,1
unheralded,1
unhesitating,1
unhesitatingly,1
unhewn,1
unhindered,1
unhinged,1
unhitch,1
unholiness,1
unholy,1
unhomogenised,1
unhomogenized,1
unhook,1
unhoped,1
unhopeful,1
unhorse,1
unhuman,1
unhumorous,1
unhurried,1
unhurriedly,1
unhurriedness,1
unhurt,1
unhygienic,1
unhygienically,1
uniate,1
unicameral,1
unicef,1
uniconazole,1
unicurl,1
unicuspid,1
unicycle,1
unicycling,1
unidentata,1
unidentifiable,1
unidentified,1
unidimensional,1
unido,1
unifacial,1
unified,1
unifilar,1
unifoliate,1
uniformise,1
uniformize,1
uniformly,1
uniformness,1
unifying,1
unilateralism,1
unilaterality,1
unilaterally,1
unilluminated,1
unilluminating,1
unimaginable,1
unimaginably,1
unimaginative,1
unimaginatively,1
unimagined,1
unimodal,1
unimpaired,1
unimpassioned,1
unimpeachable,1
unimpeachably,1
unimpeded,1
unimportant,1
unimposing,1
unimpregnated,1
unimpressed,1
unimpressionable,1
unimpressive,1
unimpressively,1
unimprisoned,1
unimproved,1
unincorporated,1
unindustrialised,1
unindustrialized,1
uninebriated,1
uninfected,1
uninflated,1
uninflected,1
uninfluenced,1
uninfluential,1
uninformative,1
uninformatively,1
uninformed,1
uninhabitable,1
uninhabited,1
uninhibited,1
uninitiate,1
uninitiated,1
uninjectable,1
uninjured,1
uninominal,1
uninquiring,1
uninquisitive,1
uninspired,1
uninspiring,1
uninstructed,1
uninstructive,1
uninstructively,1
uninsurability,1
uninsurable,1
uninsured,1
unintegrated,1
unintelligent,1
unintelligently,1
unintelligible,1
unintelligibly,1
unintended,1
unintentional,1
unintentionally,1
uninterested,1
uninteresting,1
uninterestingly,1
uninterestingness,1
uninterrupted,1
uninterruptedly,1
unintimidated,1
unintoxicated,1
unintrusive,1
uninucleate,1
uninventive,1
uninvited,1
uninvitedly,1
uninviting,1
uninvolved,1
unionidae,1
unionisation,1
unionise,1
unionised,1
unionization,1
unionize,1
unionized,1
uniovular,1
uniovulate,1
uniparous,1
unipolar,1
uniquely,1
uniqueness,1
unironed,1
unisex,1
unisexual,1
unitarian,1
unitarianism,1
unitariness,1
unitarism,1
unitedly,1
univalent,1
univalve,1
universalise,1
universalism,1
universalist,1
universalistic,1
universality,1
universalize,1
universally,1
univocal,1
unix,1
unjointed,1
unjustifiable,1
unjustifiably,1
unjustified,1
unjustly,1
unjustness,1
unkempt,1
unkemptness,1
unkept,1
unkeyed,1
unkind,1
unkindled,1
unkindness,1
unknot,1
unknowingly,1
unknowingness,1
unknowledgeable,1
unlabeled,1
unlabelled,1
unlace,1
unlaced,1
unlade,1
unladylike,1
unlamented,1
unlash,1
unlatched,1
unlaureled,1
unlaurelled,1
unlawful,1
unlawfully,1
unlawfulness,1
unlax,1
unleaded,1
unlearn,1
unlearned,1
unleash,1
unleavened,1
unlettered,1
unlicenced,1
unlicensed,1
unlifelike,1
unlighted,1
unlikable,1
unlikeable,1
unlikelihood,1
unlikeliness,1
unlikeness,1
unlimited,1
unlined,1
unlipped,1
unlisted,1
unlit,1
unliterary,1
unlittered,1
unlivable,1
unlive,1
unliveable,1
unliveried,1
unload,1
unloaded,1
unloaders,1
unlobed,1
unlocalised,1
unlocated,1
unlogical,1
unlovable,1
unloved,1
unlovely,1
unloving,1
unlubricated,1
unluckily,1
unlucky,1
unlumenized,1
unmade,1
unmake,1
unmalicious,1
unmalleability,1
unmalleable,1
unmalted,1
unman,1
unmanageable,1
unmanageableness,1
unmanageably,1
unmanful,1
unmanfully,1
unmanlike,1
unmanliness,1
unmanned,1
unmannered,1
unmannerly,1
unmapped,1
unmarked,1
unmarketable,1
unmarred,1
unmarried,1
unmasking,1
unmatchable,1
unmatched,1
unmated,1
unmeaning,1
unmeasurable,1
unmeasured,1
unmechanical,1
unmechanised,1
unmechanized,1
unmediated,1
unmedical,1
unmedicative,1
unmedicinal,1
unmelodic,1
unmelodious,1
unmelodiously,1
unmelted,1
unmemorable,1
unmemorably,1
unmentionable,1
unmercenary,1
unmerchantable,1
unmerciful,1
unmercifully,1
unmercifulness,1
unmerited,1
unmeritorious,1
unmethodical,1
unmilitary,1
unmindful,1
unmindfully,1
unmindfulness,1
unmined,1
unmingled,1
unmistakable,1
unmistakably,1
unmitigable,1
unmitigated,1
unmixable,1
unmixed,1
unmoderated,1
unmodernised,1
unmodernized,1
unmodifiable,1
unmodified,1
unmodulated,1
unmolested,1
unmortgaged,1
unmotivated,1
unmotorised,1
unmotorized,1
unmourned,1
unmovable,1
unmoved,1
unmoving,1
unmown,1
unmusical,1
unmusicality,1
unmusically,1
unmutilated,1
unmuzzle,1
unmyelinated,1
unnameable,1
unnamed,1
unnatural,1
unnaturalised,1
unnaturalized,1
unnaturally,1
unnaturalness,1
unnavigable,1
unnecessarily,1
unnecessary,1
unneeded,1
unneighborliness,1
unneighborly,1
unneighbourly,1
unnerve,1
unnerved,1
unnerving,1
unneurotic,1
unnotched,1
unnoted,1
unnoticeable,1
unnoticeableness,1
unnoticeably,1
unnoticed,1
unnourished,1
unnumberable,1
unnumbered,1
unnumerable,1
unobjectionable,1
unobjective,1
unobligated,1
unobliging,1
unobservable,1
unobservant,1
unobserved,1
unobstructed,1
unobtainable,1
unobtrusive,1
unobtrusively,1
unobtrusiveness,1
unobvious,1
unoccupied,1
unoffending,1
unofficial,1
unofficially,1
unoiled,1
unopen,1
unopened,1
unopposable,1
unopposed,1
unordered,1
unorganised,1
unorganized,1
unoriented,1
unoriginal,1
unoriginally,1
unorthodox,1
unostentatious,1
unowned,1
unoxygenated,1
unpack,1
unpackaged,1
unpaid,1
unpainful,1
unpaintable,1
unpainted,1
unpalatability,1
unpalatable,1
unpalatableness,1
unpalatably,1
unparallel,1
unparalleled,1
unpardonable,1
unpardonably,1
unparented,1
unparliamentary,1
unpartitioned,1
unpassable,1
unpasteurised,1
unpasteurized,1
unpatented,1
unpatriotic,1
unpatriotically,1
unpatronised,1
unpatronized,1
unpatterned,1
unpaved,1
unpeaceable,1
unpeaceful,1
unpeopled,1
unperceivable,1
unperceived,1
unperceiving,1
unperceptive,1
unperceptiveness,1
unperformed,1
unpermed,1
unpermissive,1
unpermissiveness,1
unperplexed,1
unpersuadable,1
unpersuaded,1
unpersuasive,1
unpersuasiveness,1
unperturbed,1
unpick,1
unpictured,1
unpicturesque,1
unpierced,1
unpillared,1
unpin,1
unpitying,1
unplaced,1
unplanned,1
unplanted,1
unplayable,1
unplayful,1
unpleasantly,1
unpleasing,1
unpleasingness,1
unpledged,1
unploughed,1
unplowed,1
unplug,1
unplumbed,1
unpointed,1
unpointedness,1
unpolished,1
unpolitical,1
unpolluted,1
unpompous,1
unpopular,1
unpopularity,1
unpopulated,1
unportable,1
unposed,1
unpotted,1
unpowered,1
unpracticed,1
unpractised,1
unprecedented,1
unprecedentedly,1
unpredictability,1
unpredictably,1
unpredicted,1
unpredictive,1
unprejudiced,1
unpremeditated,1
unprepared,1
unprepossessing,1
unpresentable,1
unpresidential,1
unpressed,1
unpretending,1
unpretentious,1
unpretentiously,1
unpretentiousness,1
unpreventable,1
unpriestly,1
unprincipled,1
unprintable,1
unproblematic,1
unproblematicalness,1
unprocessed,1
unprocurable,1
unproductive,1
unproductively,1
unproductiveness,1
unprofessional,1
unprofitability,1
unprofitable,1
unprofitableness,1
unprofitably,1
unprogressive,1
unpromised,1
unpromising,1
unprompted,1
unpronounceable,1
unprophetic,1
unpropitious,1
unpropitiously,1
unpropitiousness,1
unprotected,1
unprotectedness,1
unprotective,1
unprovable,1
unproved,1
unproven,1
unprovocative,1
unprovoked,1
unprovoking,1
unpublishable,1
unpublished,1
unpunctual,1
unpunished,1
unpurified,1
unqualified,1
unqualifiedly,1
unquenchable,1
unquestionability,1
unquestionable,1
unquestionableness,1
unquestionably,1
unquestioned,1
unquestioning,1
unquestioningly,1
unquiet,1
unquietly,1
unquotable,1
unraised,1
unranked,1
unratable,1
unratified,1
unreachable,1
unreached,1
unreactive,1
unread,1
unreadable,1
unreadably,1
unready,1
unreal,1
unrealised,1
unrealism,1
unrealistic,1
unrealistically,1
unrealizable,1
unrealized,1
unreason,1
unreasonable,1
unreasonably,1
unreasoning,1
unreasoningly,1
unreassuring,1
unreceptive,1
unreciprocated,1
unrecognised,1
unrecognizable,1
unrecognizably,1
unrecognized,1
unreconcilable,1
unreconciled,1
unreconstructed,1
unrecorded,1
unrecoverable,1
unredeemable,1
unredeemed,1
unreduced,1
unreel,1
unrefined,1
unreflected,1
unreflective,1
unreformable,1
unreformed,1
unrefreshed,1
unregenerate,1
unregenerated,1
unregistered,1
unregretful,1
unregretting,1
unregularity,1
unregulated,1
unrehearsed,1
unrelatedness,1
unrelaxed,1
unreleased,1
unrelenting,1
unrelentingly,1
unreliability,1
unreliable,1
unreliableness,1
unreliably,1
unrelieved,1
unremarkable,1
unremarkably,1
unremarked,1
unremedied,1
unremitting,1
unremorseful,1
unremunerative,1
unrenewable,1
unrenewed,1
unrentable,1
unrepaired,1
unrepeatable,1
unrepentant,1
unrepentantly,1
unreplaceable,1
unreportable,1
unreported,1
unrepresentative,1
unrepressed,1
unreproducible,1
unreproducibly,1
unrequested,1
unrequited,1
unresentful,1
unreserved,1
unreservedly,1
unresistant,1
unresisting,1
unresolvable,1
unresolved,1
unrespectability,1
unrespectable,1
unresponsive,1
unresponsiveness,1
unrested,1
unrestrained,1
unrestrainedly,1
unrestraint,1
unrestricted,1
unrestrictive,1
unretentive,1
unretrievable,1
unrevealed,1
unreverberant,1
unrevised,1
unrevived,1
unrewarded,1
unrewarding,1
unrhetorical,1
unrhymed,1
unrhythmic,1
unrhythmical,1
unrifled,1
unrigged,1
unrighteous,1
unrighteously,1
unrighteousness,1
unrimed,1
unripe,1
unripened,1
unrivaled,1
unrivalled,1
unromantic,1
unromantically,1
unroofed,1
unrouged,1
unruffled,1
unruliness,1
unruly,1
unsaddle,1
unsaddled,1
unsafe,1
unsaid,1
unsalable,1
unsalaried,1
unsaleable,1
unsalted,1
unsanctification,1
unsanctified,1
unsanctify,1
unsanctioned,1
unsanded,1
unsanitariness,1
unsanitary,1
unsaponified,1
unsarcastic,1
unsated,1
unsatiable,1
unsatiably,1
unsatiated,1
unsatisfactorily,1
unsatisfactoriness,1
unsatisfactory,1
unsatisfied,1
unsatisfying,1
unsaturated,1
unsaved,1
unsavoriness,1
unsavory,1
unsavoury,1
unsay,1
unscalable,1
unscathed,1
unscheduled,1
unscholarly,1
unschooled,1
unscientific,1
unscientifically,1
unscrew,1
unscripted,1
unscrupulous,1
unscrupulously,1
unscrupulousness,1
unseal,1
unsealed,1
unseamanlike,1
unseamed,1
unseasonable,1
unseasonableness,1
unseasonably,1
unseasoned,1
unseaworthy,1
unsectarian,1
unsecured,1
unseductive,1
unsee,1
unseeable,1
unseeded,1
unseeing,1
unseemliness,1
unseemly,1
unsegmented,1
unsegregated,1
unselected,1
unselective,1
unselfconscious,1
unselfconsciously,1
unselfconsciousness,1
unselfish,1
unselfishly,1
unsensational,1
unsent,1
unsentimental,1
unsentimentally,1
unserrated,1
unserviceable,1
unservile,1
unsettle,1
unsettled,1
unsexed,1
unsexy,1
unshackled,1
unshaded,1
unshadowed,1
unshakable,1
unshakably,1
unshaken,1
unshaped,1
unshapely,1
unshapen,1
unshared,1
unsharpened,1
unshaved,1
unshaven,1
unsheared,1
unsheathe,1
unsheathed,1
unshelled,1
unshielded,1
unshockable,1
unshod,1
unshoed,1
unshorn,1
unshrinkable,1
unshrinking,1
unshuttered,1
unsighted,1
unsightliness,1
unsightly,1
unsigned,1
unsilenced,1
unsimilarity,1
unsinkable,1
unsized,1
unskilled,1
unskillful,1
unskillfulness,1
unsleeping,1
unsloped,1
unsmiling,1
unsmilingly,1
unsmooth,1
unsmoothed,1
unsnarl,1
unsnarled,1
unsnarling,1
unsociability,1
unsociable,1
unsociableness,1
unsociably,1
unsocial,1
unsoiled,1
unsold,1
unsolder,1
unsoldierly,1
unsolicited,1
unsoluble,1
unsolvability,1
unsolvable,1
unsolved,1
unsophisticated,1
unsorted,1
unsought,1
unsound,1
unsoundable,1
unsounded,1
unsoured,1
unsown,1
unspaced,1
unsparing,1
unsparingly,1
unspeakable,1
unspeakably,1
unspecialised,1
unspecialized,1
unspecific,1
unspecified,1
unspectacular,1
unspell,1
unspent,1
unspoiled,1
unspoilt,1
unspoken,1
unsporting,1
unsportingly,1
unsportsmanlike,1
unspotted,1
unstableness,1
unstaged,1
unstained,1
unstaple,1
unstarred,1
unstated,1
unstatesmanlike,1
unsteadily,1
unsteadiness,1
unsteady,1
unsterilised,1
unsterilized,1
unstilted,1
unstimulating,1
unstinted,1
unstinting,1
unstintingly,1
unstirred,1
unstoppable,1
unstoppered,1
unstrain,1
unstrained,1
unstrap,1
unstressed,1
unstring,1
unstrung,1
unstuck,1
unstudied,1
unstudious,1
unstuff,1
unstylish,1
unsuasible,1
unsubdivided,1
unsubduable,1
unsubdued,1
unsubmissive,1
unsubstantial,1
unsubstantialise,1
unsubstantialize,1
unsubstantiated,1
unsubtle,1
unsuccessful,1
unsuccessfully,1
unsufferable,1
unsufferably,1
unsugared,1
unsuitability,1
unsuitable,1
unsuitableness,1
unsuitably,1
unsuited,1
unsullied,1
unsung,1
unsupervised,1
unsupportable,1
unsupported,1
unsupportive,1
unsuppressed,1
unsure,1
unsurmountable,1
unsurpassable,1
unsurpassed,1
unsurprised,1
unsurprising,1
unsusceptibility,1
unsusceptible,1
unsuspected,1
unsuspecting,1
unsuspectingly,1
unsuspicious,1
unswayed,1
unsweet,1
unsweetened,1
unswept,1
unswerving,1
unswervingly,1
unsworn,1
unsyllabic,1
unsyllabled,1
unsymbolic,1
unsymmetric,1
unsymmetrical,1
unsymmetrically,1
unsympathetic,1
unsympathetically,1
unsympathising,1
unsympathizing,1
unsynchronised,1
unsynchronized,1
unsynchronous,1
unsystematic,1
unsystematically,1
untactful,1
untag,1
untagged,1
untainted,1
untalented,1
untalkative,1
untamed,1
untanned,1
untaped,1
untapped,1
untarnished,1
untasted,1
untaught,1
untaxed,1
unteach,1
untechnical,1
untellable,1
untempered,1
untempting,1
untenable,1
untenanted,1
untended,1
untested,1
untethered,1
unthankful,1
unthaw,1
unthawed,1
untheatrical,1
unthematic,1
unthinkable,1
unthinkably,1
unthinkingly,1
unthought,1
unthoughtful,1
unthoughtfulness,1
unthreatening,1
untidily,1
untidy,1
untilled,1
untimbered,1
untimeliness,1
untipped,1
untired,1
untiring,1
untitled,1
untoasted,1
untold,1
untoothed,1
untouchable,1
untouched,1
untoughened,1
untoward,1
untraceable,1
untracked,1
untraditional,1
untrained,1
untrammeled,1
untrammelled,1
untransferable,1
untranslatable,1
untransmutable,1
untraveled,1
untravelled,1
untraversable,1
untraversed,1
untreated,1
untried,1
untrimmed,1
untrod,1
untrodden,1
untroubled,1
untroublesomeness,1
untrue,1
untruly,1
untrustiness,1
untrusting,1
untrustworthiness,1
untrustworthy,1
untrusty,1
untruth,1
untruthful,1
untruthfully,1
untruthfulness,1
untucked,1
untufted,1
untuneful,1
unturned,1
untutored,1
untwine,1
untwist,1
untwisted,1
untypical,1
untypicality,1
untypically,1
ununderstandably,1
ununderstood,1
unusable,1
unuseable,1
unused,1
unusefulness,1
unusually,1
unusualness,1
unutterable,1
unutterably,1
unuttered,1
unvaccinated,1
unvalued,1
unvaned,1
unvanquishable,1
unvanquished,1
unvaried,1
unvariedness,1
unvarnished,1
unvarying,1
unveiled,1
unvendible,1
unvented,1
unventilated,1
unverbalised,1
unverbalized,1
unverifiable,1
unverified,1
unversed,1
unvigilant,1
unvindictive,1
unvitrified,1
unvoiced,1
unvoluntary,1
unvulcanised,1
unvulcanized,1
unwanted,1
unwantedly,1
unwarily,1
unwariness,1
unwarmed,1
unwarrantable,1
unwarrantably,1
unwarranted,1
unwary,1
unwashed,1
unwatchful,1
unwavering,1
unwaveringly,1
unwaxed,1
unweaned,1
unwearable,1
unwearied,1
unweary,1
unwearying,1
unweathered,1
unweave,1
unwebbed,1
unwed,1
unwedded,1
unwelcome,1
unwell,1
unwellness,1
unwholesome,1
unwholesomeness,1
unwieldiness,1
unwieldy,1
unwilled,1
unwilling,1
unwillingly,1
unwillingness,1
unwire,1
unwise,1
unwisely,1
unwiseness,1
unwished,1
unwitting,1
unwittingly,1
unwomanly,1
unwonted,1
unwontedly,1
unwooded,1
unworkable,1
unworkmanlike,1
unworldly,1
unworried,1
unworthily,1
unworthiness,1
unworthy,1
unwounded,1
unwoven,1
unwrapped,1
unwrinkled,1
unwritten,1
unyielding,1
unyieldingness,1
unyoke,1
unzip,1
upanishad,1
upanishads,1
upbound,1
upbraid,1
upbraiding,1
upchuck,1
upcoming,1
upcurved,1
upcycle,1
updating,1
updraft,1
upeb,1
upended,1
upending,1
upeneus,1
uperization,1
upfield,1
upfront,1
upheave,1
upholster,1
upholstery,1
upic,1
upkeep,1
upland,1
uplink,1
upload,1
upmarket,1
upmost,1
upogebiidae,1
uppercut,1
uppish,1
uppishly,1
uppishness,1
uppity,1
uppityness,1
uppp,1
upraise,1
upraised,1
upright,1
uprightly,1
uprightness,1
uprising,1
upriver,1
uproarious,1
uproariously,1
upscale,1
upshot,1
upsilon,1
upstair,1
upstanding,1
upstate,1
upstroke,1
upthrow,1
upthrust,1
uptick,1
uptight,1
uptime,1
upturn,1
upwardly,1
upwards,1
upwelling,1
urachus,1
uracil,1
uraciluria,1
uraemic,1
ural,1
uralic,1
uranalysis,1
uranium,1
uranology,1
uranoplasty,1
uranoscopiformes,1
uranotaenia,1
urarthritis,1
uratemia,1
uraturia,1
urbanball,1
urbane,1
urbanely,1
urbanise,1
urbanised,1
urbanism,1
urbanity,1
urbanize,1
urbanized,1
urceolate,1
urdu,1
urea,1
ureaplasma,1
urease,1
uremia,1
uremic,1
urena,1
ureteritis,1
ureterostenosis,1
urethane,1
urethral,1
urgently,1
urginea,1
uric,1
uricaciduria,1
uricosuric,1
uridine,1
urinalysis,1
urinary,1
urinoma,1
url,1
urocele,1
urochesia,1
urochezia,1
urochloa,1
urochordata,1
urocyon,1
urocystidiales,1
urocystis,1
urodeum,1
urodynia,1
urogenital,1
urohyal,1
uroleucon,1
urology,1
urolophidae,1
uromyces,1
uroneural,1
uropathy,1
urophlyctis,1
urophora,1
urophycis,1
urophysis,1
uropropatagium,1
urostyle,1
urothelium,1
urovagina,1
ursine,1
ursus,1
urtica,1
urticaceae,1
urticales,1
urticate,1
uruguay,1
uruguayan,1
urumee,1
usability,1
usable,1
usableness,1
usbeg,1
usbek,1
useable,1
useableness,1
usefully,1
usefulness,1
uselessly,1
uselessness,1
usher,1
ussr,1
ustilaginales,1
ustilaginoidea,1
ustilaginomycetes,1
ustilaginomycotina,1
ustilago,1
ustulina,1
usualness,1
usufructuary,1
usurious,1
usuriously,1
usurpation,1
ut1,1
utah,1
utc,1
ute,1
uterine,1
utetheisa,1
utile,1
utilisation,1
utilise,1
utilised,1
utilitarian,1
utilitarianism,1
utilizable,1
utilized,1
ütőgardon,1
utopianism,1
utraqiusm,1
uttarakhand,1
utterable,1
utterance,1
utterly,1
utterness,1
uv,1
uvea,1
uveal,1
uveous,1
uvular,1
uvulitis,1
uvulopalatopharyngoplasty,1
uxorial,1
uxoricide,1
uxorious,1
uxoriously,1
uxoriousness,1
uygur,1
uzaklık,1
uzbak,1
uzbeg,1
uzbek,1
uzbekistan,1
uzbekistani,1
uzunluk,1
va'a,1
vac,1
vacant,1
vacantly,1
vacay,1
vaccina,1
vaccinate,1
vaccinated,1
vaccinating,1
vaccine,1
vaccines,1
vaccinia,1
vaccinium,1
vacillant,1
vacillating,1
vacuolate,1
vacuolation,1
vacuole,1
vacuoles,1
vacuolisation,1
vacuolization,1
vacuous,1
vacuously,1
vacuousness,1
vadya,1
vagabondage,1
vagal,1
vagary,1
vagile,1
vaginal,1
vaginocele,1
vagotomy,1
vagrancy,1
vagrant,1
vaguely,1
vagueness,1
vainglorious,1
vainglory,1
vainly,1
vairimorpha,1
vaisakha,1
vaishnavism,1
vaisnavism,1
valamugil,1
valence,1
valenciidae,1
valent,1
valentine,1
valeriana,1
valerianaceae,1
valerianella,1
valet,1
valetudinarian,1
valetudinarianism,1
valetudinary,1
valgus,1
valhalla,1
valiance,1
valiancy,1
valiant,1
valiantly,1
validatory,1
validity,1
validly,1
validness,1
valiha,1
valimba,1
valine,1
valinuria,1
valliculture,1
valmy,1
valorous,1
valorously,1
valorousness,1
valour,1
vals,1
valsa,1
valse,1
valtu,1
valuableness,1
valuate,1
valueless,1
valuelessness,1
valved,1
valvotomy,1
valvular,1
valvulitis,1
valvulotomy,1
vamidothion,1
vamoose,1
vanadium,1
vanda,1
vandalise,1
vandalism,1
vaned,1
vanellus,1
vanes,1
vanguard,1
vanillin,1
vanishingly,1
vanquish,1
vanquishable,1
vantage,1
vanuatu,1
vape,1
vapid,1
vapidity,1
vapidly,1
vapidness,1
vaping,1
vaporific,1
vaporing,1
vaporise,1
vaporish,1
vaporizability,1
vaporizable,1
vaporized,1
vaporous,1
vaporousness,1
vapour,1
vapourific,1
vapourisable,1
vapourised,1
vapourish,1
vapourous,1
vapourousness,1
vapours,1
var,1
vara,1
varanidae,1
varanus,1
varelina,1
vargas,1
variableness,1
variably,1
variate,1
varicella,1
varicelliform,1
varicolored,1
varicoloured,1
varicose,1
varicosis,1
varicosity,1
variedness,1
variegate,1
variegated,1
variform,1
varinette,1
variola,1
variolar,1
variolation,1
variolic,1
variolization,1
variolous,1
variorum,1
variously,1
varix,1
varnish,1
varnished,1
varnishes,1
varroa,1
varroidae,1
varroosis,1
varuna,1
varus,1
varves,1
vasates,1
vascular,1
vascularisation,1
vascularise,1
vascularity,1
vascularize,1
vasculature,1
vasculogenesis,1
vasectomise,1
vasectomize,1
vasiform,1
vasoconstriction,1
vasoconstrictors,1
vasodentine,1
vasodilation,1
vasodilators,1
vasomotor,1
vasosection,1
vasospasm,1
vasotocin,1
vasotomy,1
vasovasostomy,1
vasovesiculitis,1
vassalage,1
vastly,1
vastness,1
vat,1
vateria,1
vatic,1
vatical,1
vaticinate,1
vaticination,1
vaudeville,1
vauntingly,1
vd,1
veadar,1
veda,1
vedanga,1
vedanta,1
vedic,1
vedism,1
veena,1
veering,1
vegan,1
veganism,1
vegans,1
vegetarian,1
vegetarianism,1
vegetarians,1
vegetational,1
vegetive,1
vehemence,1
vehement,1
vehemently,1
vehicular,1
veiled,1
veinal,1
veinlike,1
velakali,1
velcro,1
veldt,1
veliferidae,1
veligers,1
veliidae,1
vell,1
vellication,1
velloziaceae,1
velocidad,1
velocidade,1
velocità,1
velocitas,1
velvet,1
velvetiness,1
velvety,1
venal,1
venality,1
venally,1
vend,1
vendable,1
vendemiaire,1
vendetta,1
vendible,1
vending,1
vendition,1
vendue,1
veneer,1
veneering,1
veneers,1
venerability,1
venerable,1
venerableness,1
venerate,1
venerating,1
venereal,1
veneridae,1
venesect,1
venesection,1
venetian,1
veneto,1
venezuelan,1
vengeance,1
vengeful,1
vengefully,1
vengefulness,1
venial,1
venipuncture,1
venna,1
venography,1
venomed,1
venomously,1
venomousness,1
venose,1
venous,1
ventilated,1
ventilators,1
ventilatory,1
ventose,1
ventral,1
ventralized,1
ventrally,1
ventricose,1
ventricous,1
ventricular,1
ventriculomegaly,1
ventriloquism,1
ventriloquy,1
ventrobronchus,1
ventrum,1
venturesome,1
venturesomeness,1
venturous,1
venu,1
venue,1
venule,1
veps,1
vepse,1
vepsian,1
veracious,1
veracity,1
veracruz,1
verapamil,1
veratrum,1
verbalisation,1
verbalised,1
verbalism,1
verbalization,1
verbalized,1
verbally,1
verbascum,1
verbena,1
verbenaceae,1
verbiage,1
verbify,1
verbolatry,1
verbose,1
verbosely,1
verboseness,1
verbosity,1
verboten,1
verdancy,1
verdant,1
verdigris,1
verdun,1
verdure,1
veridical,1
verifiability,1
verifiable,1
verificatory,1
verily,1
verisimilar,1
verisimilitude,1
veritable,1
vermetidae,1
vermicomposting,1
vermicomposts,1
vermicular,1
vermiculated,1
vermiculation,1
vermiculites,1
vermiculture,1
vermiform,1
vermillion,1
verminous,1
vermont,1
vermouth,1
vernal,1
vernalization,1
vernolate,1
vernonia,1
veronica,1
verrophone,1
verruca,1
verrucae,1
verrucose,1
verruculogen,1
versatile,1
versatility,1
versicle,1
versification,1
versify,1
verso,1
verst,1
vertebral,1
vertebrata,1
verticality,1
vertically,1
verticalness,1
verticicladiella,1
verticil,1
verticillatae,1
verticillate,1
verticillated,1
verticilliosis,1
verticillium,1
vertiginous,1
vertisols,1
verve,1
vesical,1
vesicant,1
vesicate,1
vesication,1
vesicatory,1
vesicle,1
vesicles,1
vesicopapule,1
vesicular,1
vesiculate,1
vesiculation,1
vesiculitis,1
vesiculovirus,1
vespa,1
vesper,1
vespers,1
vespidae,1
vespula,1
vested,1
vestiary,1
vestibular,1
vestibulocerebellum,1
vestige,1
vestmental,1
vestmented,1
vesture,1
veteran,1
veterancy,1
veterinarians,1
veterinary,1
vetiveria,1
veuze,1
vexatious,1
vexatiously,1
vexed,1
vexing,1
viatical,1
viatication,1
viaticus,1
vibrancy,1
vibrant,1
vibraphone,1
vibraslap,1
vibrational,1
vibrato,1
vibratory,1
vibrio,1
vibrionic,1
vibriosis,1
viburnum,1
vicarial,1
vicarious,1
vicariously,1
vicenary,1
vicennial,1
viceregal,1
viceroyship,1
vicia,1
vicilin,1
vicinal,1
vicine,1
vicious,1
viciously,1
viciousness,1
vicksburg,1
victimisation,1
victimise,1
victimised,1
victimize,1
victimized,1
victoria,1
victorious,1
victoriously,1
vicugna,1
vicuñas,1
videlicet,1
videotape,1
videotex,1
vie,1
vielle,1
vienna,1
viennese,1
vietnam,1
viewable,1
viewless,1
viewpoint,1
vigesimal,1
vigilant,1
vigilantism,1
vigilantly,1
vigna,1
vignette,1
vigorish,1
vigorous,1
vigorously,1
vihuela,1
vile,1
vilely,1
vileness,1
vilification,1
vilify,1
vilipend,1
villainage,1
villainous,1
villainousness,1
villiform,1
villoma,1
villosities,1
vinasse,1
vinca,1
vincible,1
vinclozolin,1
vindicate,1
vindicated,1
vindicatory,1
vindictively,1
vindictiveness,1
vinegariness,1
vinegarish,1
vinegarishness,1
vinegary,1
viniculture,1
vinification,1
vinify,1
vinous,1
viol,1
violable,1
violaceae,1
violales,1
violao,1
violative,1
violaxanthin,1
violently,1
violetta,1
violin,1
violone,1
violotta,1
viperidae,1
vipers,1
viraemia,1
viral,1
virescence,1
virga,1
virgaviridae,1
virginia,1
virginiamycin,1
virginity,1
virgule,1
viricidal,1
viridiplantae,1
viriditoxins,1
viridity,1
virile,1
virilisation,1
virilise,1
virilism,1
virility,1
virilization,1
virilize,1
virions,1
viroids,1
virola,1
virological,1
virologists,1
viroses,1
virtual,1
virtually,1
virtuosity,1
virtuoso,1
virtuously,1
virtuousness,1
virucidal,1
virulency,1
virulent,1
virulently,1
vis,1
visage,1
visaged,1
viscerally,1
visceromegaly,1
viscidity,1
viscidly,1
viscidness,1
viscoelastic,1
viscoelasticity,1
viscometric,1
viscometry,1
viscose,1
viscosimeters,1
viscosimetric,1
viscounty,1
viscousness,1
viscum,1
viscus,1
viselike,1
vishnuism,1
visibleness,1
visibly,1
visionariness,1
visionary,1
viskozita,1
visored,1
vista,1
visualisation,1
visualised,1
visualization,1
visually,1
vitacea,1
vitaceae,1
vitalisation,1
vitalise,1
vitalism,1
vitalization,1
vitalize,1
vitalizing,1
vitally,1
vitalness,1
vitaminise,1
vitaminize,1
vitamins,1
vitellaria,1
vitellogenesis,1
vitellogenins,1
vitesse,1
viteus,1
vitex,1
viteză,1
vitiated,1
vitiation,1
vitiliginous,1
vitis,1
vitivirus,1
vitrectomy,1
vitreoretinopathy,1
vitrified,1
vitrify,1
vitriolic,1
vitriolically,1
vitritis,1
vitroplants,1
vituperate,1
vituperation,1
vituperative,1
viva,1
vivacious,1
vivaciously,1
vivacity,1
viverra,1
vividly,1
vividness,1
viviparous,1
vivisect,1
vivisection,1
vixenish,1
viz.,1
viziership,1
vlf,1
voacanga,1
vocable,1
vocalisation,1
vocalism,1
vocalizing,1
vocally,1
vocaloid,1
vocation,1
vocational,1
vocationally,1
vociferate,1
vociferation,1
vociferous,1
vociferously,1
vocoder,1
vodka,1
vodoun,1
voguish,1
vogul,1
voiceless,1
voicemail,1
voiceprint,1
voidable,1
voidance,1
volant,1
volantín,1
volapuk,1
volar,1
volatilisable,1
volatilise,1
volatilised,1
volatilizable,1
volatilization,1
volatilize,1
volatilized,1
volcanically,1
volcanism,1
voles,1
volgaic,1
volitional,1
volitionally,1
volksmarching,1
volksrecht,1
volleyclub,1
voltairianism,1
voltammetry,1
voltarean,1
voltarian,1
volubility,1
voluble,1
volubly,1
volum,1
volumenausdehnungskoeffizient,1
volumetric,1
volumetrical,1
volumetrically,1
voluminosity,1
voluminous,1
voluminously,1
voluminousness,1
voluntarily,1
voluptuary,1
voluptuous,1
voluptuously,1
voluptuousness,1
volute,1
voluted,1
volutidae,1
volution,1
volvariella,1
volvelle,1
volvocales,1
volynka,1
vombatidae,1
vomitoxin,1
voodooism,1
voracious,1
voraciously,1
vorarlberg,1
voteless,1
votive,1
votyak,1
voucher,1
vouchsafe,1
vowelise,1
vowelize,1
vowellike,1
vox,1
voyeurism,1
voyeuristic,1
voyeuristical,1
voyeuristically,1
vriesea,1
vulcanisation,1
vulcanize,1
vulcanized,1
vulcanology,1
vulgarisation,1
vulgarity,1
vulgarization,1
vulgarly,1
vulgate,1
vulnerably,1
vulnerary,1
vulpecular,1
vulpes,1
vulpia,1
vulpine,1
vulturine,1
vulturous,1
vulva,1
vulval,1
vulvar,1
vulvectomy,1
vulvodynia,1
vuvuzela,1
výkon,1
výška,1
vzdálenost,1
wackily,1
wacky,1
wada,1
wade,1
wadi,1
wading,1
wads,1
waffenlauf,1
waffle,1
wafture,1
waggish,1
waggishly,1
waggishness,1
wagner,1
wagnerian,1
wagram,1
wahabism,1
wahhabism,1
waikavirus,1
wailful,1
wainscoted,1
waisted,1
waitress,1
waiver,1
wakashan,1
wakeboarding,1
wakeful,1
wakeless,1
waken,1
wakening,1
wakeskating,1
wakrapuku,1
walapai,1
walaycho,1
walbiri,1
waldzither,1
wale,1
wales,1
walhalla,1
walkabout,1
walkaway,1
walkout,1
walkover,1
wallabies,1
wallacia,1
walleye,1
walleyed,1
walloon,1
walloper,1
wallpaper,1
walpipe,1
wamble,1
wampum,1
wand,1
wandala,1
wanderlust,1
wangling,1
wankara,1
wanly,1
wanness,1
wantonly,1
wantonness,1
warble,1
wardenship,1
wardership,1
warehouse,1
warehousing,1
warfare,1
warfarin,1
warily,1
wariness,1
warji,1
warlike,1
warlpiri,1
wärme,1
wärmekapazität,1
warmhearted,1
warmheartedness,1
warmly,1
warmongering,1
warped,1
warping,1
warrantee,1
warranty,1
warriorlike,1
warszewiczia,1
wartime,1
wartlike,1
wary,1
wasabi,1
wasaṭism,1
washable,1
washboard,1
washday,1
washington,1
washingtonia,1
washingtonian,1
washint,1
washup,1
washy,1
waspish,1
wasserdampfdiffusionsleitkoeffizient,1
wassermann,1
wasteful,1
wastefully,1
wastewater,1
watchful,1
watchfully,1
watchword,1
waterboarding,1
waterborne,1
watercraft,1
waterfowl,1
watergate,1
waterless,1
waterlessness,1
waterlogged,1
waterlogging,1
watermark,1
watermelons,1
waterphone,1
waterpower,1
waterproofness,1
waterskiing,1
waterspout,1
waterspouts,1
watertight,1
watertightness,1
waterworn,1
wattage,1
wattles,1
waul,1
waveband,1
waveform,1
wavelet,1
wavelike,1
wavenumber,1
waviness,1
wavy,1
waw,1
wawl,1
waxlike,1
waybill,1
waylay,1
wayward,1
wazza,1
wb,1
wbn,1
wbs,1
wchody,1
wcmx,1
weakfish,1
weal,1
wealthily,1
wealthiness,1
wealthy,1
weaned,1
weaners,1
weaponed,1
weaponize,1
weaponless,1
wearable,1
wearily,1
weariness,1
wearisome,1
weatherboard,1
weatherliness,1
weatherly,1
weatherstrip,1
weatherworn,1
webby,1
webinars,1
weblike,1
webpage,1
website,1
websites,1
wedel,1
wedlock,1
wednesday,1
weedless,1
weedy,1
weekday,1
weeklong,1
weeknight,1
weeness,1
weensy,1
weeny,1
weepiness,1
weepy,1
weevers,1
weigela,1
weightily,1
weightiness,1
weightless,1
weightlessness,1
weighty,1
weirdly,1
weirdness,1
weirs,1
weissella,1
weissenborn,1
welch,1
welfarist,1
wellbeing,1
wellborn,1
wellenlänge,1
wellerism,1
wellheads,1
wellness,1
wellspring,1
weltanschauung,1
welterweight,1
weltschmerz,1
welwitschiales,1
wen,1
wench,1
wend,1
wenyonella,1
wesleyan,1
wesleyanism,1
wesleyism,1
westbound,1
westerlies,1
westernisation,1
westernise,1
westernization,1
westernize,1
westernmost,1
westiellopsis,1
westmost,1
westone,1
westside,1
wethers,1
wfp,1
whacked,1
whacky,1
wham,1
whamola,1
whap,1
wharfage,1
whatever,1
whatsoever,1
wheal,1
wheals,1
wheaten,1
wheedle,1
wheedling,1
wheelbarrow,1
wheelbarrows,1
wheelbase,1
wheelhouse,1
wheelless,1
wheezily,1
wheeziness,1
wheezingly,1
wheezy,1
whelk,1
whelks,1
whelm,1
whelp,1
whence,1
wherefore,1
wheresoever,1
wherever,1
wherewithal,1
whey,1
whimsicality,1
whimsically,1
whiney,1
whiplike,1
whippy,1
whirlwind,1
whirlwinds,1
whiskerless,1
whiskery,1
whiskies,1
whispovirus,1
whist,1
whistlestop,1
whit,1
whitecap,1
whitecaps,1
whitefish,1
whitelash,1
whitewashed,1
whitings,1
whitish,1
whitlow,1
whitmonday,1
whitsun,1
whitsunday,1
whitsuntide,1
whittle,1
whitweek,1
whodunit,1
wholehearted,1
wholeheartedly,1
wholeheartedness,1
wholemeal,1
wholesome,1
wholesomely,1
wholesomeness,1
wholly,1
whoopee,1
whop,1
whopper,1
whoredom,1
whorl,1
wicca,1
wiccan,1
wichita,1
wickedly,1
wideband,1
widely,1
wideness,1
widespread,1
wieldy,1
wifelike,1
wifely,1
wiggliness,1
wiggly,1
wigless,1
wikstroemia,1
wildcat,1
wildebeest,1
wildin',1
wilding,1
wildlife,1
wildly,1
wile,1
wilful,1
wilfully,1
wilfulness,1
wiliness,1
willful,1
willfully,1
willfulness,1
willies,1
willingly,1
willingness,1
willowy,1
willpower,1
wilsonian,1
wilted,1
wilts,1
wilty,1
wilwil'telhuku'p,1
wily,1
wimpish,1
wimpy,1
winch,1
windbell,1
windblown,1
windbreaks,1
windburn,1
windburned,1
windburnt,1
windfall,1
windily,1
windless,1
windlessness,1
windmills,1
windrowers,1
windrowing,1
windsock,1
windstorm,1
windsurf,1
windsurfing,1
windswept,1
windy,1
wineries,1
winey,1
wingback,1
wingless,1
winglike,1
wingspan,1
wingspread,1
winkelbeschleunigung,1
winkelgeschwindigkeit,1
winkles,1
winless,1
winnebago,1
winnings,1
winsome,1
winsomely,1
winsomeness,1
winterise,1
winterization,1
winterize,1
winterkill,1
wintertime,1
wintery,1
wintriness,1
wintry,1
wintun,1
winy,1
wirelessness,1
wireworms,1
wiriness,1
wirkleistung,1
wirkungsgrad,1
wisconsin,1
wiseana,1
wisely,1
wiseness,1
wishful,1
wishfully,1
wishfulness,1
wisplike,1
wispy,1
wissadula,1
wisteria,1
wistful,1
wistfully,1
wistfulness,1
witchery,1
witchlike,1
withal,1
withania,1
withdrawnness,1
wither,1
withered,1
witheringly,1
withers,1
withies,1
witless,1
wittgensteinian,1
witticism,1
wittily,1
witting,1
wittingly,1
wizardly,1
wizardry,1
wizen,1
wizened,1
wmo,1
wnw,1
woah,1
wobbly,1
woebegone,1
woeful,1
woefully,1
woefulness,1
wohlfahrtia,1
wolbachia,1
wolffia,1
wolfishly,1
wolflike,1
wolof,1
wolverines,1
womanise,1
womanish,1
womanishness,1
womanliness,1
womanly,1
wonderful,1
wonderfully,1
wonderfulness,1
wonderingly,1
wonderland,1
wonderment,1
wonderworking,1
wondrously,1
wonky,1
wont,1
wonted,1
woo,1
woodchopping,1
woodcraft,1
wooded,1
wooden,1
woodenly,1
woodenness,1
woodgrain,1
woodgraining,1
woodiness,1
woodlands,1
woodsiness,1
woodsy,1
woodwork,1
woody,1
woofer,1
wooing,1
woolen,1
woolgather,1
woollen,1
woolliness,1
woolly,1
wooly,1
woosh,1
woozy,1
wordbook,1
wordfinder,1
wordily,1
wordiness,1
wordless,1
wordlessly,1
wordnet3.1,1
wordplay,1
wordsworthian,1
wordy,1
workable,1
workaday,1
workaholism,1
workbook,1
workday,1
workflow,1
workforce,1
workload,1
workmanlike,1
workmanship,1
workout,1
worksheet,1
workwear,1
workweek,1
worldliness,1
worldly,1
worldwide,1
wormlike,1
wormy,1
worriedly,1
worriment,1
worrisome,1
worryingly,1
worshipful,1
wort,1
worthful,1
worthily,1
worthiness,1
worthlessly,1
worthlessness,1
worthwhile,1
worthwhileness,1
wot,1
wpm,1
wraithlike,1
wrangling,1
wrasses,1
wrathful,1
wrathfully,1
wrawl,1
wreak,1
wrenching,1
wrest,1
wretched,1
wretchedly,1
wriggling,1
wriggly,1
wrinkleless,1
wrinkleproof,1
wrinkly,1
writ,1
writhe,1
writhed,1
writhen,1
writhing,1
wrongful,1
wrongfully,1
wrongfulness,1
wrongheaded,1
wrongheadedly,1
wrongly,1
wrongness,1
wroth,1
wrothful,1
wry,1
wryly,1
wryneck,1
wsw,1
wto,1
wu,1
wuchereria,1
wulst,1
wye,1
wyeomyia,1
wyoming,1
wysiwyg,1
x64,1
x86,1
xalam,1
xanthemia,1
xanthichthys,1
xanthidae,1
xanthines,1
xanthinuria,1
xanthism,1
xanthium,1
xanthoblast,1
xanthoma,1
xanthomonadaceae,1
xanthomonas,1
xanthophyll,1
xanthophylls,1
xanthopsia,1
xanthorrhoeaceae,1
xanthosis,1
xanthosoma,1
xanthous,1
xaphoon,1
xare,1
xbase09,1
xbts,1
xci,1
xcii,1
xciii,1
xciv,1
xcl,1
xcv,1
xcvi,1
xcvii,1
xcviii,1
xenacoelomorpha,1
xenarthrale,1
xenisthmidae,1
xenobiotics,1
xenogeneic,1
xenogens,1
xenon,1
xenophobia,1
xenophobic,1
xenophoridae,1
xenopodinae,1
xenopsylla,1
xenorhabdus,1
xenotransplant,1
xenotransplantation,1
xenoturbella,1
xenoturbellida,1
xenoturbellidae,1
xeremia,1
xeric,1
xeriscaping,1
xeroderma,1
xerodermia,1
xerographic,1
xerography,1
xeroma,1
xerophthalmus,1
xerophytes,1
xerophytic,1
xeroradiography,1
xerosols,1
xerotes,1
xerox,1
xestia,1
xhosa,1
xiangqi,1
xiao,1
xindi,1
xinjiang,1
xiphias,1
xiphihumeralis,1
xiphiidae,1
xiphinema,1
xiphiplastron,1
xiphosura,1
xiphydriidae,1
xiqin,1
xirula,1
xli,1
xlii,1
xliii,1
xliv,1
xlv,1
xlvi,1
xlvii,1
xlviii,1
xmas,1
xpander,1
xt,1
xul,1
xun,1
xutuli,1
xxxi,1
xxxii,1
xxxiii,1
xxxiv,1
xxxv,1
xxxvi,1
xxxvii,1
xxxviii,1
xylans,1
xylariales,1
xylazine,1
xyleborus,1
xylella,1
xylene,1
xylitol,1
xylocopa,1
xylocoris,1
xylohypha,1
xylorimba,1
xyloryctidae,1
xylosandrus,1
xylose,1
xylotrechus,1
y2k,1
yabusame,1
yacht,1
yachts,1
yahi,1
yahoo,1
yahoo!,1
yajurveda,1
yakatat,1
yaks,1
yakut,1
yamaltu,1
yamatogoto,1
yammer,1
yamudi,1
yana,1
yanan,1
yang,1
yangere,1
yanggeum,1
yangqin,1
yank,1
yankee,1
yaogu,1
yaracuy,1
yardage,1
yarder,1
yardstick,1
yaren,1
yargul,1
yarrowia,1
yatagan,1
yatga,1
yatobyo,1
yaup,1
yautia,1
yauza,1
yavapai,1
yawing,1
yawl,1
yawp,1
yaws,1
yaybahar,1
yazh,1
yazheng,1
ybit,1
yeah,1
yearbook,1
yearlings,1
yearlong,1
yearningly,1
yeastlike,1
yeatsian,1
yehu,1
yellowish,1
yellowness,1
yellowtails,1
yelping,1
yemen,1
yemeni,1
yenisei,1
yeniseian,1
yer,1
yermosols,1
yersinia,1
yessotoxins,1
yesteryear,1
yflops,1
yi,1
yib,1
yibit,1
yiddish,1
yiddishism,1
yieldingly,1
yin,1
yinpterochiroptera,1
yips,1
yobibit,1
yobibyte,1
yodeling,1
yodh,1
yogacara,1
yoghurt,1
yogic,1
yogistic,1
yoğunluk,1
yohimbine,1
yokelish,1
yokes,1
yokobue,1
yokuts,1
yolk,1
yonggo,1
yoochin,1
yore,1
yorktown,1
yoruba,1
yotar,1
yottabit,1
yottabyte,1
yottaflop,1
youngish,1
youngness,1
youthful,1
youthfully,1
youthfulness,1
yowlah,1
yponomeuta,1
yponomeutidae,1
ypres,1
yr,1
ytterbium,1
yttrium,1
yu,1
yuan,1
yucatan,1
yucatec,1
yucateco,1
yucca,1
yucky,1
yuehu,1
yueqin,1
yuga,1
yugoslav,1
yugoslavia,1
yugoslavian,1
yükseklik,1
yule,1
yuletide,1
yuma,1
yummy,1
yunluo,1
yunnan,1
yunost,1
yus,1
zaar,1
zabeg,1
zabrotes,1
zabrus,1
zabumba,1
zacatecas,1
zacharias,1
zaftig,1
zag,1
zaire,1
zairean,1
zairese,1
zakat,1
zama,1
zaman,1
zamar,1
zambia,1
zambian,1
zamia,1
zamiaceae,1
zampogna,1
zampoña,1
zanclidae,1
zaniolepididae,1
zantedeschia,1
zanthoxylum,1
zany,1
zapotecan,1
zaproridae,1
żaqq,1
zarb,1
zatula,1
zavot,1
zayin,1
zbit,1
zea,1
zealotry,1
zealous,1
zealously,1
zearalenone,1
zeatin,1
zebibit,1
zebibyte,1
zebu,1
zechariah,1
zed,1
zee,1
zeidae,1
zeiformes,1
zein,1
zeiraphera,1
zeit,1
zeitgeist,1
zeittauchen,1
zen,1
zend,1
zendrum,1
zenithal,1
zeolites,1
zephaniah,1
zephyr,1
zephyranthes,1
zephyros,1
zeranol,1
zerbaghali,1
zeroth,1
zestful,1
zestfully,1
zestfulness,1
zestily,1
zesty,1
zeta,1
zettabit,1
zettabyte,1
zettaflop,1
zeugloptera,1
zeugma,1
zeugopod,1
zeus,1
zeuzera,1
zevenheuvelenloop,1
zeze,1
zflops,1
zhaleika,1
zhangu,1
zhejiang,1
zheng,1
zhengni,1
zhonghu,1
zhongruan,1
zhu,1
zhuang,1
zhuihu,1
zib,1
zibit,1
zig,1
zigzaggedness,1
zihar,1
zilch,1
zill,1
zimbabwe,1
zimbabwean,1
zineb,1
zinger,1
zingiber,1
zingiberaceae,1
zingiberales,1
zinnia,1
zion,1
zionism,1
zionist,1
ziphiidae,1
ziphius,1
zipper,1
zippo,1
zippy,1
ziram,1
zirconium,1
zit,1
zither,1
zizania,1
ziziphus,1
zloty,1
zoanthidea,1
zoanthropy,1
zoarcidae,1
zoarcoidei,1
zodiacal,1
zoeae,1
zoftig,1
zoic,1
zokusō,1
zolaesque,1
zonary,1
zongora,1
zonocerus,1
zoobenthos,1
zooerastia,1
zooerasty,1
zoogeography,1
zoolatry,1
zoological,1
zoologists,1
zoomorphism,1
zoonoses,1
zoonosis,1
zoonotic,1
zoophagous,1
zoophagy,1
zoophilia,1
zoophilism,1
zoophobia,1
zooplankton,1
zoopsia,1
zoospores,1
zootechny,1
zootermopsis,1
zooxanthellae,1
zoraptera,1
zorbing,1
zornia,1
zoroastrian,1
zoroastrianism,1
zoster,1
zostera,1
zosteraceae,1
zoysia,1
zrychlení,1
zubivka,1
zuffolo,1
zuger,1
zukra,1
zulu,1
zummara,1
zurna,1
zurvanism,1
zwitterion,1
zydeco,1
zygaenidae,1
zygantrum,1
zygapophysis,1
zygia,1
zygina,1
zyginidia,1
zygion,1
zygodactyl,1
zygomatic,1
zygomorphous,1
zygomycetes,1
zygomycosis,1
zygomycotina,1
zygophyllaceae,1
zygophyllales,1
zygophyllum,1
zygoptera,1
zygosaccharomyces,1
zygosphene,1
zygote,1
zygotene,1
zygotes,1
zygotic,1
zymase,1
zymoid,1
zymology,1
zymolysis,1
zymolytic,1
zymomonas,1
zymosan,1
zymosis,1
zymotic,1
zymurgy,1
zyrian,1
κυματαριθμός,1
όγκος,1
ταχύτητα,1
индуктивность,1
коэффициент_мощности,1
намагниченность,1
поляризуемость,1
ускоре́ние,1
ширина,1
اسپین/چرخش,1
التسارع,1
سرعت/تندی,1
شتاب,1
क्षेत्रफल,1
マーデルングエネルギー,1
マッハ数n,1
加速度,1
角冲量;冲量矩,1
面积,1
