rock,certainty,syllables,invented,tune,english
hana,held,2,1,hal,how
hana,held,2,1,han,zero
hapa,held,2,1,haf,purple
hapa,held,2,1,hap,event
hata,held,2,1,haz,have
hika,held,2,1,hex,peach (color)
hika,held,2,1,hig,hike
hima,held,2,1,hem,hey
hina,held,2,1,heq,hang
hina,held,2,1,hin,hi
hipa,held,2,1,hiv,floating point
hita,held,2,1,het,heat
hita,held,2,1,his,snake
huka,held,2,1,hoj,cardinal number
huka,held,2,1,huk,hook
huma,held,2,1,hom,home
huna,held,2,1,hoq,hold
huna,held,2,1,hor,era
huna,held,2,1,hul,whole
huna,held,2,1,hun,illusion
hupa,held,2,1,huv,handle
huta,held,2,1,hod,period of x (-hood)
huta,held,2,1,hus,hyper
kaku,held,2,1,kax,perfect
kaku,held,2,1,xaj,eternal
kaku,held,2,1,yax,something
kama,held,2,1,kam,calm
kama,held,2,1,xam,chime
kama,held,2,1,yam,day
kana,held,2,1,gal,too
kana,held,2,1,gan,garden
kana,held,2,1,jal,stream
kana,held,2,1,jan,spirit
kana,held,2,1,kaq,object
kana,held,2,1,kar,call
kana,held,2,1,xaq,share
kana,held,2,1,yaq,permanent
kana,held,2,1,yar,year
kapa,held,2,1,gap,eat
kapa,held,2,1,gav,how (missing-action-focus)
kapa,held,2,1,jap,ship
kata,held,2,1,gas,will (future)
kata,held,2,1,jas,just (close-focus)
kata,held,2,1,kaC,cover
kata,held,2,1,kad,code
kata,held,2,1,xac,eye
kata,held,2,1,xad,should
kata,held,2,1,yaC,sort
kata,held,2,1,yad,away
kika,held,2,1,gej,memory
kika,held,2,1,jig,start
kika,held,2,1,kij,process
kima,held,2,1,gem,game
kima,held,2,1,jem,heaven
kima,held,2,1,kim,climb
kima,held,2,1,xim,speech
kina,held,2,1,geq,goal
kina,held,2,1,gin,sync
kina,held,2,1,jeq,count
kina,held,2,1,jin,paradise
kina,held,2,1,ken,communicate
kina,held,2,1,kiq,action
kina,held,2,1,xen,result
kina,held,2,1,xiq,will
kipa,held,2,1,gif,give
kipa,held,2,1,kep,clone
kipa,held,2,1,kev,intent
kipa,held,2,1,xef,destroy
kipa,held,2,1,xep,imagine
kita,held,2,1,gec,back (front)
kita,held,2,1,get,infinite
kita,held,2,1,giz,position
kita,held,2,1,jet,throw
kita,held,2,1,kes,case (situation)
kita,held,2,1,kic,bottom
kita,held,2,1,kit,but
kita,held,2,1,xit,provide
kuka,held,2,1,gox,cell (biology)
kuka,held,2,1,guk,user
kuka,held,2,1,juk,wisdom
kuka,held,2,1,kuj,fool
kuka,held,2,1,xok,copy
kuka,held,2,1,yok,practice of focusing on x (-ism)
kuka,held,2,1,yuj,measure
kuma,held,2,1,gom,come
kuma,held,2,1,jom,pattern
kuma,held,2,1,kum,back area
kuma,held,2,1,xum,sky
kuma,held,2,1,yum,yum (food)
kuna,held,2,1,goq,job
kuna,held,2,1,gor,language
kuna,held,2,1,gul,exponent
kuna,held,2,1,gun,representation
kuna,held,2,1,joq,flow
kuna,held,2,1,jor,vowel
kuna,held,2,1,jul,universe
kuna,held,2,1,jun,machine
kuna,held,2,1,kol,all
kuna,held,2,1,kon,and
kuna,held,2,1,kur,down
kuna,held,2,1,xol,show
kuna,held,2,1,xon,change
kuna,held,2,1,xuq,subtract
kuna,held,2,1,yol,yell
kuna,held,2,1,yon,vehicle
kuna,held,2,1,yuq,impermanent
kuna,held,2,1,yur,polynomial
kupa,held,2,1,guf,end
kupa,held,2,1,kof,default
kupa,held,2,1,kub,cube
kupa,held,2,1,xov,return
kupa,held,2,1,xub,seven
kupa,held,2,1,yof,of
kupa,held,2,1,yub,yep
kuta,held,2,1,goC,gather
kuta,held,2,1,god,gold
kuta,held,2,1,guz,lose
kuta,held,2,1,jod,digit
kuta,held,2,1,juz,converse (talk)
kuta,held,2,1,koz,z-axis
kuta,held,2,1,kuc,constant
kuta,held,2,1,yoz,use
kuta,held,2,1,yuc,with (con-)
maka,held,2,1,mak,meat
mana,held,2,1,mal,molecule
mana,held,2,1,man,mind
mapa,held,2,1,maf,male
mata,held,2,1,maz,flow (speech utterance)
mika,held,2,1,mex,network
mika,held,2,1,wik,week
mina,held,2,1,meq,mine
mina,held,2,1,min,not know
mina,held,2,1,win,when (time location)
mipa,held,2,1,mip,map (map/reduce)
mipa,held,2,1,miv,idea
mipa,held,2,1,wif,connection network (neighborhood)
mita,held,2,1,meC,great
mita,held,2,1,med,positive
mita,held,2,1,mis,miss (longing)
mita,held,2,1,wiz,solve
muka,held,2,1,moj,emerge
muka,held,2,1,mug,(past particle)
muna,held,2,1,moq,about/encompass
muna,held,2,1,mor,the model of the action (e.g. the transform)
muna,held,2,1,mul,unreal
muna,held,2,1,mun,gut sense
mupa,held,2,1,mob,source
mupa,held,2,1,muv,move
muta,held,2,1,moc,mouth
muta,held,2,1,mus,mercy
naka,held,2,1,laj,orient
naka,held,2,1,naj,hell
nama,held,2,1,lam,real
nama,held,2,1,nam,name
nanu,held,2,1,laq,object feature type
nanu,held,2,1,lar,y-axis
nanu,held,2,1,naq,negate
nanu,held,2,1,nar,person
nanu,held,2,1,ral,raw
nanu,held,2,1,ran,frog
napa,held,2,1,raf,reference
napa,held,2,1,rap,wrap
nata,held,2,1,lac,air
nata,held,2,1,lat,lot (land)
nata,held,2,1,nac,long
nata,held,2,1,nad,static
nata,held,2,1,raz,resonate
nika,held,2,1,leg,square root
nika,held,2,1,lix,add
nika,held,2,1,nix,listen
nika,held,2,1,rex,array
nika,held,2,1,rig,edit
nima,held,2,1,lim,low
nima,held,2,1,nim,not (un- or -im)
nima,held,2,1,rem,dark
nina,held,2,1,len,learn
nina,held,2,1,liq,simulate
nina,held,2,1,niq,omniscient
nina,held,2,1,req,wrong
nina,held,2,1,rin,run
nipa,held,2,1,lef,leaf
nipa,held,2,1,lib,chain
nipa,held,2,1,nef,a (isolated-element-focus)
nipa,held,2,1,nep,nature
nipa,held,2,1,riv,to/arrive
nita,held,2,1,lez,very much of (-some)
nita,held,2,1,liC,point
nita,held,2,1,nez,nest (structure)
nita,held,2,1,niC,off
nita,held,2,1,nit,knit
nita,held,2,1,reC,progress
nita,held,2,1,ret,after
nita,held,2,1,ris,express
nuka,held,2,1,lux,string (computing)
nuka,held,2,1,nok,knock
nuka,held,2,1,nux,notion
nuka,held,2,1,roj,range
nuka,held,2,1,ruk,location
numa,held,2,1,lum,branch
numa,held,2,1,num,know
numa,held,2,1,rom,realm
nuna,held,2,1,lon,loan
nuna,held,2,1,luq,question
nuna,held,2,1,lur,lord
nuna,held,2,1,nol,toward
nuna,held,2,1,nuq,bond
nuna,held,2,1,nur,nerd
nuna,held,2,1,roq,environment
nuna,held,2,1,rul,rule (in system)
nuna,held,2,1,run,glyph
nupa,held,2,1,lop,loop
nupa,held,2,1,lov,love
nupa,held,2,1,nov,empty
nupa,held,2,1,nub,separate
nupa,held,2,1,ruv,local
nuta,held,2,1,los,less of (-less) empty
nuta,held,2,1,luC,rhythm
nuta,held,2,1,lud,load
nuta,held,2,1,nos,nest
nuta,held,2,1,nuC,center
nuta,held,2,1,roc,straight
nuta,held,2,1,rod,update
nuta,held,2,1,rus,force
paka,held,2,1,bag,insect
paka,held,2,1,fak,fuck
paka,held,2,1,paj,magenta
paka,held,2,1,vax,it
pama,held,2,1,pam,pray
pama,held,2,1,vam,having the nature of (-ivity)
pana,held,2,1,bal,limit/restrict
pana,held,2,1,ban,together/bind
pana,held,2,1,fal,feel
pana,held,2,1,fan,find
pana,held,2,1,paq,response
pana,held,2,1,par,depart/from
pana,held,2,1,var,variable
papu,held,2,1,baf,define
papu,held,2,1,pab,father
papu,held,2,1,vab,vibe
pata,held,2,1,baz,private
pata,held,2,1,faz,green
pata,held,2,1,pac,path
pata,held,2,1,vaC,water
pika,held,2,1,bex,bird
pika,held,2,1,bik,send
pika,held,2,1,fex,belief
pika,held,2,1,pek,master
pika,held,2,1,pix,tingle
pika,held,2,1,vek,filter
pima,held,2,1,bem,target
pima,held,2,1,fem,female
pima,held,2,1,pim,permeate
pima,held,2,1,vim,way/style
pina,held,2,1,beq,bang
pina,held,2,1,bin,being
pina,held,2,1,feq,would
pina,held,2,1,fin,device
pina,held,2,1,pen,yes
pina,held,2,1,piq,request
pina,held,2,1,ven,fill (-full)
pina,held,2,1,viq,everything
pipa,held,2,1,biv,many
pipa,held,2,1,fip,borrow
pipa,held,2,1,fiv,repeat
pipa,held,2,1,pef,cough
pita,held,2,1,beC,by
pita,held,2,1,bis,base
pita,held,2,1,fed,next
pita,held,2,1,fis,face
pita,held,2,1,pez,intense
pita,held,2,1,pid,pure
pita,held,2,1,ves,vessel
pita,held,2,1,vic,bit
pita,held,2,1,vid,veer
puka,held,2,1,boj,bosom
puka,held,2,1,foj,refuge
puka,held,2,1,fug,figure (it out)
puka,held,2,1,pog,package
puka,held,2,1,pux,bundle (matter condensing)
puka,held,2,1,vog,black
puka,held,2,1,vuj,reveal
puma,held,2,1,bom,boom
puma,held,2,1,fom,family
puma,held,2,1,pum,time (count)
puma,held,2,1,vum,on
puna,held,2,1,boq,be
puna,held,2,1,bor,condition (case)
puna,held,2,1,bul,blue
puna,held,2,1,bun,awake
puna,held,2,1,foq,function
puna,held,2,1,for,fire
puna,held,2,1,ful,fuel
puna,held,2,1,fun,within (endo-)
puna,held,2,1,pol,pull
puna,held,2,1,pon,different
puna,held,2,1,puq,pay
puna,held,2,1,pur,poor
puna,held,2,1,vol,via
puna,held,2,1,von,sin
puna,held,2,1,vuq,data
puna,held,2,1,vur,remote (far)
pupa,held,2,1,bup,energy
pupa,held,2,1,buv,debug
pupa,held,2,1,fob,byte
pupa,held,2,1,fuv,fusion
pupa,held,2,1,pov,input (computing)
pupa,held,2,1,vof,axis
puta,held,2,1,bot,boat
puta,held,2,1,bus,possessive plural
puta,held,2,1,foc,else
puta,held,2,1,fus,discontinuous
puta,held,2,1,pos,space
puta,held,2,1,put,honorific (address)
puta,held,2,1,voz,voice
puta,held,2,1,vuc,catch
puta,held,2,1,vut,vote
taka,held,2,1,cag,spec
taka,held,2,1,dax,condition (general state)
taka,held,2,1,saj,etc
taka,held,2,1,tak,talk
taka,held,2,1,zag,gain
tama,held,2,1,dam,morality
tama,held,2,1,sam,sound
tana,held,2,1,cal,like (similar)
tana,held,2,1,Car,there (abstract reference)
tana,held,2,1,daq,tongue
tana,held,2,1,dar,tire (sleep)
tana,held,2,1,saq,song
tana,held,2,1,sar,surf
tana,held,2,1,tal,tell
tana,held,2,1,tan,tan (color)
tana,held,2,1,zal,perspective
tana,held,2,1,zan,one
tapa,held,2,1,caf,each
tapa,held,2,1,tav,conscious
tapa,held,2,1,zav,lie
tatu,held,2,1,Cat,get
tatu,held,2,1,caz,emphasize
tatu,held,2,1,daC,divine
tatu,held,2,1,dat,word
tatu,held,2,1,sac,etc.
tatu,held,2,1,sat,sight
tatu,held,2,1,tas,test
tatu,held,2,1,zas,experience
tika,held,2,1,Ceg,though/regard
tika,held,2,1,cex,key
tika,held,2,1,Cij,kaledoscope
tika,held,2,1,cik,thank
tika,held,2,1,deg,sine
tika,held,2,1,dij,orange
tika,held,2,1,seg,front
tika,held,2,1,six,all encompasing thing
tika,held,2,1,tej,down (to be cool with something)
tika,held,2,1,zik,effect
tima,held,2,1,cem,then
tima,held,2,1,Cim,pleasure
tima,held,2,1,dim,you
tima,held,2,1,sim,same (sym-)
tima,held,2,1,tem,team
tima,held,2,1,zem,plasma (matter)
tina,held,2,1,Cen,than/compare
tina,held,2,1,ceq,thing (hatchling)
tina,held,2,1,den,the
tina,held,2,1,diq,mental experience
tina,held,2,1,sen,sun
tina,held,2,1,siq,more (-er)
tina,held,2,1,teq,like (as if)
tina,held,2,1,tin,between
tina,held,2,1,zeq,zing
tina,held,2,1,zin,decision
tipa,held,2,1,ceb,torture
tipa,held,2,1,Cev,without
tipa,held,2,1,Cib,absorb
tipa,held,2,1,civ,brown
tipa,held,2,1,dev,drive
tipa,held,2,1,dib,connect
tipa,held,2,1,sef,continue
tipa,held,2,1,sib,describe
tipa,held,2,1,tif,left
tipa,held,2,1,tip,step
tipa,held,2,1,zeb,public
tipa,held,2,1,zif,equal (iso-)
tita,held,2,1,Ces,thus
tita,held,2,1,cis,parent
tita,held,2,1,des,number
tita,held,2,1,dic,death
tita,held,2,1,sez,sir
tita,held,2,1,siC,hush
tita,held,2,1,tec,fourteen
tita,held,2,1,ted,tail
tita,held,2,1,tiz,ellipse
tuka,held,2,1,duj,do
tuka,held,2,1,sux,wash
tuka,held,2,1,tox,text
tuka,held,2,1,tug,drink
tuka,held,2,1,zox,sense
tuma,held,2,1,Cum,zoom
tuma,held,2,1,dum,negative
tuma,held,2,1,sum,drug
tuma,held,2,1,tom,atom
tuma,held,2,1,zom,so/great
tuna,held,2,1,Col,value
tuna,held,2,1,Con,transition
tuna,held,2,1,coq,eleven
tuna,held,2,1,cor,file (computer)
tuna,held,2,1,cul,still (time)
tuna,held,2,1,cun,wind (air)
tuna,held,2,1,Cur,other
tuna,held,2,1,dol,delete
tuna,held,2,1,don,join (to one)
tuna,held,2,1,duq,minute
tuna,held,2,1,dur,door
tuna,held,2,1,sol,soul
tuna,held,2,1,son,store
tuna,held,2,1,suq,top
tuna,held,2,1,sur,assert
tuna,held,2,1,toq,type
tuna,held,2,1,tor,before
tuna,held,2,1,tul,tool
tuna,held,2,1,tun,agent (one who does x)
tuna,held,2,1,zoq,presence
tuna,held,2,1,zor,fall
tuna,held,2,1,zul,animal
tuna,held,2,1,zun,zone
tupa,held,2,1,Cop,six
tupa,held,2,1,cup,above (super)/hover
tupa,held,2,1,cuv,field (ether)
tupa,held,2,1,dof,previous
tupa,held,2,1,dop,tree
tupa,held,2,1,sop,so/transition
tupa,held,2,1,sov,observe
tupa,held,2,1,tob,tube
tupa,held,2,1,tuf,good
tupa,held,2,1,zuf,self (auto-)
tupa,held,2,1,zup,zap
tuta,held,2,1,cot,mud
tuta,held,2,1,Coz,except
tuta,held,2,1,Cud,life
tuta,held,2,1,doz,here
tuta,held,2,1,duc,emotion
tuta,held,2,1,suC,three
tuta,held,2,1,sud,mystery
tuta,held,2,1,toC,set (get)
tuta,held,2,1,tuz,because
tuta,held,2,1,zot,identity
hakaka,held,3,1,hagak,hack (work)
hakaka,held,3,1,hajak,hijack
hakaka,held,3,1,hakax,actualize
hakama,held,3,1,hakam,establish
hakama,held,3,1,haxam,extermination
hakana,held,3,1,hagal,agriculture
hakana,held,3,1,hagan,icon
hakana,held,3,1,hakar,recognition
hakana,held,3,1,haxar,molt
hakana,held,3,1,hayar,entrust
hakapa,held,3,1,hagav,heel
hakata,held,3,1,hagas,axon
hakata,held,3,1,hakaC,captivate
hakata,held,3,1,hakad,tie
hakata,held,3,1,hayat,allocate
hakika,held,3,1,hagej,engage
hakika,held,3,1,haxix,implant
hakima,held,3,1,hagem,exaggeration
hakima,held,3,1,hakim,enchant
hakima,held,3,1,haxim,omit
hakina,held,3,1,hagin,agony
hakina,held,3,1,haken,choke
hakina,held,3,1,hakiq,subdue
hakina,held,3,1,haxen,lean
hakipa,held,3,1,hagif,enforcement
hakipa,held,3,1,hagip,boost
hakipa,held,3,1,hakep,equip
hakipa,held,3,1,hakev,activate
hakipa,held,3,1,haxep,inspiration
hakita,held,3,1,haged,scar
hakita,held,3,1,hagiz,exaggerate
hakita,held,3,1,hakes,access
hakita,held,3,1,hakit,acquit
hakita,held,3,1,haxez,libel
hakita,held,3,1,haxit,reproduce
hakuka,held,3,1,hagox,serve
hakuka,held,3,1,hakok,engraving
hakuka,held,3,1,haxok,launch of new product
hakuma,held,3,1,hagom,axiom
hakuma,held,3,1,hakum,accompany
hakuna,held,3,1,hagor,hag
hakuna,held,3,1,hagul,haggle
hakuna,held,3,1,hagun,auction
hakuna,held,3,1,hajor,aperture
hakuna,held,3,1,hakol,axel
hakuna,held,3,1,hakon,meadow
hakuna,held,3,1,hakur,acquaint
hakuna,held,3,1,haxol,cooperate
hakuna,held,3,1,haxon,lend
hakuna,held,3,1,haxur,usher
hakuna,held,3,1,hayol,antler
hakupa,held,3,1,hagob,hexapoda
hakupa,held,3,1,hakof,seizure (taking)
hakupa,held,3,1,hakub,obstacle
hakupa,held,3,1,haxov,reply
hakuta,held,3,1,haguz,exert
hakuta,held,3,1,hakoz,extol
hakuta,held,3,1,hayud,allude
hamana,held,3,1,hamal,queue
hamana,held,3,1,haman,amount
hamapa,held,3,1,hamaf,amplify
hamapa,held,3,1,hamap,ampere (electric current)
hamata,held,3,1,hamaz,amaze
hamika,held,3,1,hamex,ambush
hamika,held,3,1,hamig,ungulate
hamima,held,3,1,hamem,stun
hamina,held,3,1,hamin,amend
hamipa,held,3,1,hamiv,envy
hamita,held,3,1,hamet,hum
hamita,held,3,1,hamis,melt
hamuka,held,3,1,hamoj,enjoy
hamuka,held,3,1,hamuk,encode
hamuma,held,3,1,hamom,hmm
hamuna,held,3,1,hamor,hamper
hamuna,held,3,1,hamul,embolden
hamuna,held,3,1,hamun,crowd/mob
hamupa,held,3,1,hamuv,invert
hamuta,held,3,1,hamod,instigate
hamuta,held,3,1,hamus,hummus
hanaka,held,3,1,halax,hair
hanaka,held,3,1,hanaj,angel
hanama,held,3,1,halam,hue
hanama,held,3,1,hanam,entrench
hanana,held,3,1,halar,luxury
hanana,held,3,1,hanaq,mount
hanana,held,3,1,hanar,inherit
hanana,held,3,1,haral,convert
hanana,held,3,1,haran,heron
hanapa,held,3,1,harap,architect
hanapa,held,3,1,harav,expand
hanata,held,3,1,halad,elm
hanata,held,3,1,hanac,enthral
hanata,held,3,1,hanad,annoy
hanata,held,3,1,haras,grip
hanika,held,3,1,halej,allege
hanika,held,3,1,halig,mock
hanika,held,3,1,hanix,resuscitate
hanika,held,3,1,hareg,irritate
hanika,held,3,1,harix,arch
hanima,held,3,1,hanim,diminish
hanima,held,3,1,harim,impress
hanina,held,3,1,halin,cushy
hanina,held,3,1,hanen,onion
hanina,held,3,1,haniq,hunch
hanina,held,3,1,haren,harness
hanina,held,3,1,hariq,discourage
hanipa,held,3,1,halif,suit (clothing)
hanipa,held,3,1,hanef,infect
hanipa,held,3,1,hanep,encompass
hanipa,held,3,1,haref,artifact (museum object)
hanipa,held,3,1,harib,attribute
hanita,held,3,1,halec,ethnicity
hanita,held,3,1,halet,haul
hanita,held,3,1,haliz,always
hanita,held,3,1,hanez,house
hanita,held,3,1,hanit,initialize
hanita,held,3,1,harez,iris
hanuka,held,3,1,halok,law
hanuka,held,3,1,hanok,dedicate
hanuka,held,3,1,hanux,insure
hanuka,held,3,1,harox,dull
hanuka,held,3,1,haruk,squeak
hanuma,held,3,1,halum,helm
hanuma,held,3,1,hanum,honeycomb
hanuma,held,3,1,harom,forbidden/taboo
hanuna,held,3,1,halol,permissible
hanuna,held,3,1,halon,alone
hanuna,held,3,1,halur,allure
hanuna,held,3,1,hanol,annul
hanuna,held,3,1,hanon,park (vehicle)
hanuna,held,3,1,hanuq,uh
hanuna,held,3,1,hanur,endure
hanuna,held,3,1,haroq,along
hanuna,held,3,1,haror,mull
hanuna,held,3,1,harul,habit
hanuna,held,3,1,harun,arrow
hanupa,held,3,1,halof,option
hanupa,held,3,1,halub,protein
hanupa,held,3,1,hanov,envelope
hanupa,held,3,1,hanub,enable
hanuta,held,3,1,haloz,hell (emphasize surprise)
hanuta,held,3,1,hanos,honest
hanuta,held,3,1,harod,arid
hanuta,held,3,1,haruz,arouse
hapaka,held,3,1,hapaj,object (argument)
hapaka,held,3,1,havax,overshadow
hapana,held,3,1,habal,rope
hapana,held,3,1,haban,happen
hapana,held,3,1,hafal,encourage
hapana,held,3,1,hafan,often
hapana,held,3,1,hapar,oppose/against
hapana,held,3,1,havar,shirk
hapapa,held,3,1,hafaf,huff
hapata,held,3,1,habaz,abstract
hapata,held,3,1,hafaz,bomb
hapata,held,3,1,hapac,empathy
hapata,held,3,1,hapat,habituate
hapata,held,3,1,havat,constitute
hapika,held,3,1,habex,abolish
hapika,held,3,1,habik,embrace
hapika,held,3,1,hafex,thaw
hapika,held,3,1,hafig,deposit
hapika,held,3,1,hapix,hatch
hapina,held,3,1,habin,hibernate
hapina,held,3,1,hafin,offend
hapina,held,3,1,hapen,append
hapina,held,3,1,hapiq,hype
hapina,held,3,1,haven,offence
hapipa,held,3,1,habiv,cherish
hapita,held,3,1,habeC,applaud
hapita,held,3,1,habis,obsess
hapita,held,3,1,hafet,curb
hapita,held,3,1,hafis,fuss
hapita,held,3,1,hapez,appease
hapita,held,3,1,haves,oblation
hapuka,held,3,1,haboj,abjure
hapuka,held,3,1,hafuk,production
hapuna,held,3,1,habor,abhor
hapuna,held,3,1,habul,hobble
hapuna,held,3,1,hafor,affirm
hapuna,held,3,1,haful,discriminate
hapuna,held,3,1,hafun,refer
hapuna,held,3,1,hapol,appall
hapuna,held,3,1,hapon,appoint
hapuna,held,3,1,hapur,uproot
hapuna,held,3,1,havol,highlight
hapuna,held,3,1,havon,offense
hapuna,held,3,1,havur,avert
hapupa,held,3,1,habup,abrupt
haputa,held,3,1,habot,overlap
haputa,held,3,1,habus,abuse
haputa,held,3,1,hafod,conserve
haputa,held,3,1,hafus,efficacy
haputa,held,3,1,hapos,episode
haputa,held,3,1,hapud,aptitude
hataka,held,3,1,hadax,lens
hataka,held,3,1,hazag,closure
hatama,held,3,1,hadam,admire
hatama,held,3,1,hasam,placement
hatana,held,3,1,hacal,athlete
hatana,held,3,1,haCar,cautious
hatana,held,3,1,hadar,attire
hatana,held,3,1,hasar,ridiculous
hatana,held,3,1,hatal,shade
hatana,held,3,1,hatan,attend
hatana,held,3,1,hazal,assault
hatana,held,3,1,hazan,invitation
hatapa,held,3,1,hadab,outburst
hatapa,held,3,1,hasab,ascribe
hatapa,held,3,1,hatap,adapt
hatapa,held,3,1,hatav,advice
hatata,held,3,1,hatas,offer
hatika,held,3,1,haCek,proficient
hatika,held,3,1,hacik,authenticate
hatika,held,3,1,hadek,adequate
hatika,held,3,1,hadij,ideology
hatika,held,3,1,hasek,explore
hatika,held,3,1,hasix,especially
hatika,held,3,1,hatej,adjust
hatika,held,3,1,hatig,demonstrate
hatika,held,3,1,hazik,remind
hatima,held,3,1,hadim,admission
hatima,held,3,1,hasim,consent
hatima,held,3,1,hatem,utmost
hatina,held,3,1,haCen,announce
hatina,held,3,1,haden,audition
hatina,held,3,1,hasen,essay
hatina,held,3,1,hasiq,assay
hatina,held,3,1,hateq,salute
hatina,held,3,1,hatin,attain
hatina,held,3,1,hazin,invite
hatipa,held,3,1,hadev,non-dual
hatipa,held,3,1,hasef,expose
hatipa,held,3,1,hatif,advocate
hatipa,held,3,1,hazif,frown
hatita,held,3,1,haCid,acid
hatita,held,3,1,hacis,assist
hatita,held,3,1,hades,myrtle
hatita,held,3,1,hadic,news
hatita,held,3,1,hadid,indeed
hatita,held,3,1,hasid,piety
hatita,held,3,1,hatet,pry
hatita,held,3,1,hatiz,squirt
hatuka,held,3,1,hadog,hound
hatuka,held,3,1,haduj,hedge
hatuka,held,3,1,hasog,recall
hatuka,held,3,1,hatox,hole
hatuka,held,3,1,hatuk,attack
hatuma,held,3,1,hadum,adamant
hatuma,held,3,1,hasum,assume
hatuma,held,3,1,hatom,automatic
hatuma,held,3,1,hazom,awe
hatuna,held,3,1,hacor,author
hatuna,held,3,1,haCur,rigorous
hatuna,held,3,1,hadol,idle
hatuna,held,3,1,hadon,adorn
hatuna,held,3,1,hadur,adore
hatuna,held,3,1,hasol,hustle
hatuna,held,3,1,hason,astound
hatuna,held,3,1,hasur,aspire
hatuna,held,3,1,hatoq,estuary
hatuna,held,3,1,hator,opt
hatuna,held,3,1,hatul,entail
hatuna,held,3,1,hatun,hot
hatuna,held,3,1,hazor,declaration
hatuna,held,3,1,hazul,exclude
hatupa,held,3,1,hadof,repel
hatuta,held,3,1,hacot,arrest
hatuta,held,3,1,hadoz,odds
hatuta,held,3,1,hadut,tilt
hatuta,held,3,1,hasos,assess
hatuta,held,3,1,hasut,expert
hatuta,held,3,1,hatoC,festival
hatuta,held,3,1,hatod,outlaw
hatuta,held,3,1,hatuz,petition
hatuta,held,3,1,hazot,rave
hatuta,held,3,1,hazuz,duration
hikaka,held,3,1,hekak,hour
hikaka,held,3,1,hexak,conviction
hikaka,held,3,1,hiyak,interact
hikama,held,3,1,higam,income
hikana,held,3,1,hegar,acre
hikana,held,3,1,hekal,equal
hikana,held,3,1,hekan,account
hikana,held,3,1,hexal,implication
hikana,held,3,1,heyan,instance
hikana,held,3,1,higar,eager
hikana,held,3,1,hikal,hall
hikana,held,3,1,hikan,squid
hikana,held,3,1,hixal,initial (beginning)
hikana,held,3,1,hiyan,incense (smell)
hikapa,held,3,1,hegab,hunk
hikapa,held,3,1,hekav,scorpion
hikata,held,3,1,hekas,excite
hikata,held,3,1,higat,egg
hikata,held,3,1,hikas,excess
hikika,strained,3,1,hegik,repress
hikima,strained,3,1,hexim,reconcile
hikina,strained,3,1,hekiq,extinct
hikina,strained,3,1,higen,eagle (bird)
hikita,strained,3,1,hegiz,exut
hikita,strained,3,1,hekid,burden
hikita,strained,3,1,higez,vanish
hikuka,held,3,1,hekox,imperishable
hikuka,held,3,1,heyuk,include
hikuka,held,3,1,hikox,anxious
hikuka,held,3,1,hiyug,integral
hikuma,held,3,1,hegum,exhume
hikuna,held,3,1,hegol,exhale
hikuna,held,3,1,hegon,expanse
hikuna,held,3,1,hegur,anchor
hikuna,held,3,1,hekor,characteristic
hikuna,held,3,1,hekul,excel
hikuna,held,3,1,hekun,acorn
hikuna,held,3,1,higol,bed
hikuna,held,3,1,higon,igneous
hikuna,held,3,1,higur,fist
hikuna,held,3,1,hikor,incur
hikuna,held,3,1,hikun,argue
hikuna,held,3,1,hixor,supreme
hikuna,held,3,1,hixul,cluster
hikuna,held,3,1,hiyor,endorse
hikupa,held,3,1,hekob,incubate
hikupa,held,3,1,higop,excerpt
hikupa,held,3,1,hikup,expire
hikupa,held,3,1,hixup,hospital
hikuta,held,3,1,hegos,engross
hikuta,held,3,1,hegut,exhort
hikuta,held,3,1,hekuz,excrete
hikuta,held,3,1,heyod,elude
hikuta,held,3,1,higos,extort
hikuta,held,3,1,hikot,ego
hikuta,held,3,1,hiyus,inscribe
himaka,held,3,1,hemax,incline
himaka,held,3,1,himax,emission
himama,held,3,1,hemam,embalm
himama,held,3,1,himam,nothing
himana,held,3,1,hemaq,hem
himana,held,3,1,hemar,henry (measurement)
himana,held,3,1,himar,immerse
himapa,held,3,1,himab,emboss
himata,held,3,1,hemad,humid
himika,strained,3,1,himek,angry
himina,strained,3,1,hemin,impinge
himina,strained,3,1,himen,imply
himipa,strained,3,1,hemip,impede
himipa,strained,3,1,hemiv,implore
himipa,strained,3,1,himev,innovate
himita,strained,3,1,hemis,invent
himita,strained,3,1,himes,hemp
himuka,held,3,1,hemok,handcuff
himuka,held,3,1,himog,immigrate
himuka,held,3,1,himuj,ammunition
himuna,held,3,1,hemol,emerald
himuna,held,3,1,hemon,confidence
himuna,held,3,1,hemur,insert
himuna,held,3,1,himol,impulse
himuna,held,3,1,himon,indent
himuna,held,3,1,himur,impart
himupa,held,3,1,hemof,unfurl
himupa,held,3,1,hemub,embroider
himupa,held,3,1,himof,inflame
himuta,held,3,1,hemoz,amuse
himuta,held,3,1,himut,emit
hinaka,held,3,1,helak,elect
hinaka,held,3,1,henak,enact
hinaka,held,3,1,heraj,heritage
hinaka,held,3,1,hilag,integrate
hinaka,held,3,1,hinag,giant
hinama,held,3,1,heram,registration
hinama,held,3,1,hiram,flounder (fish)
hinana,held,3,1,helal,alcohol
hinana,held,3,1,helan,island
hinana,held,3,1,henal,analog
hinana,held,3,1,henan,bliss
hinana,held,3,1,hinal,inlay
hinana,held,3,1,hinan,intertwine
hinana,held,3,1,hirar,hear
hinapa,held,3,1,helav,milk
hinapa,held,3,1,henaf,inflect
hinapa,held,3,1,hinaf,enough
hinapa,held,3,1,hirab,arbitrage
hinata,held,3,1,helas,ice
hinata,held,3,1,henaz,antioxidant
hinata,held,3,1,herac,cultivate
hinata,held,3,1,herad,hard (vs. soft)
hinata,held,3,1,hilas,elapse
hinata,held,3,1,hinaz,instead
hinata,held,3,1,hirac,planet earth
hinika,strained,3,1,henix,inch (measurement)
hinika,strained,3,1,herix,brush
hinika,strained,3,1,hilek,partition
hinika,strained,3,1,hinex,initiate
hinima,strained,3,1,herim,argument (conversation)
hinina,strained,3,1,heniq,enlist
hinina,strained,3,1,hilen,alternate
hinipa,strained,3,1,helip,help
hinipa,strained,3,1,hineb,inhabit
hinita,strained,3,1,heliz,sober
hinita,strained,3,1,henid,endear
hinita,strained,3,1,herit,determine
hinita,strained,3,1,hilez,hertz
hinita,strained,3,1,hired,erode
hinuka,held,3,1,helug,allegory
hinuka,held,3,1,henoj,haunt
hinuka,held,3,1,henug,undergo
hinuka,held,3,1,herok,arc
hinuka,held,3,1,hinoj,hinge
hinuka,held,3,1,hirog,irrigate
hinuma,held,3,1,helom,almost
hinuma,held,3,1,henom,inform
hinuma,held,3,1,hirum,emergency
hinuna,held,3,1,helor,allow
hinuna,held,3,1,helun,hyena
hinuna,held,3,1,henor,xnor
hinuna,held,3,1,henul,endow
hinuna,held,3,1,henun,enhance
hinuna,held,3,1,herol,early
hinuna,held,3,1,heron,purse
hinuna,held,3,1,hilor,alter
hinuna,held,3,1,hilul,desecrate
hinuna,held,3,1,hinor,hinder
hinuna,held,3,1,hinul,inhale
hinuna,held,3,1,hinun,intern
hinuna,held,3,1,hirol,article
hinuna,held,3,1,hiron,wasp
hinupa,held,3,1,helob,insult
hinupa,held,3,1,henuv,invertebrate
hinupa,held,3,1,herub,harbor
hinupa,held,3,1,hiluf,replace
hinupa,held,3,1,hinup,interrupt
hinupa,held,3,1,hinuv,invoke
hinupa,held,3,1,hirov,sword
hinuta,held,3,1,henoc,anthracite
hinuta,held,3,1,henus,anus
hinuta,held,3,1,heros,horse
hinuta,held,3,1,hilot,elite
hinuta,held,3,1,hiluz,constrain
hinuta,held,3,1,hinot,hint
hinuta,held,3,1,hinus,invoice
hinuta,held,3,1,hiros,country
hinuta,held,3,1,hirut,hire
hipaka,held,3,1,hibax,bash
hipaka,held,3,1,hipak,impact
hipaka,held,3,1,hivak,evoke
hipana,held,3,1,hebar,mouse
hipana,held,3,1,hefar,afford
hipana,held,3,1,hepal,appeal
hipana,held,3,1,hepan,apply
hipana,held,3,1,heval,avalanche
hipana,held,3,1,hevan,evidence
hipana,held,3,1,hipal,impale
hipana,held,3,1,hipan,hip
hipata,held,3,1,hebat,appetite
hipata,held,3,1,hevas,obvious
hipata,held,3,1,hibad,abide
hipata,held,3,1,hipaz,hypnotize
hipika,strained,3,1,hifek,heave
hipina,strained,3,1,hebin,hippie
hipina,strained,3,1,heviq,evening
hipina,strained,3,1,hiben,abstain
hipipa,strained,3,1,hefip,offspring
hipipa,strained,3,1,hibep,group
hipita,strained,3,1,hebis,ape
hipita,strained,3,1,hefis,affix
hipita,strained,3,1,hepit,inhibit
hipita,strained,3,1,hevit,hive
hipita,strained,3,1,hibes,absence
hipita,strained,3,1,hifes,interface
hipita,strained,3,1,hived,slave
hipuka,held,3,1,hefok,forfeit
hipuka,held,3,1,hevuk,havoc
hipuka,held,3,1,hibok,hug
hipuka,held,3,1,hivox,rustle
hipuna,held,3,1,hebol,sabotage
hipuna,held,3,1,hebur,obstruct
hipuna,held,3,1,hefol,affiliate
hipuna,held,3,1,hefur,effort
hipuna,held,3,1,hepor,operate
hipuna,held,3,1,hepul,helpless
hipuna,held,3,1,hevor,behavior
hipuna,held,3,1,hevun,hang on
hipuna,held,3,1,hifur,infer
hipuna,held,3,1,hipul,impel
hipupa,held,3,1,hibub,x-axis
hiputa,held,3,1,heboz,adsorb
hiputa,held,3,1,hepod,expedite
hiputa,held,3,1,hevuz,aves (birds)
hiputa,held,3,1,hifoz,effusion
hitaka,held,3,1,hedag,induct
hitaka,held,3,1,hetaj,agency
hitama,held,3,1,hetam,yawn
hitama,held,3,1,hitam,etch
hitana,held,3,1,hecar,ethereal
hitana,held,3,1,hedal,agile
hitana,held,3,1,hedan,convince
hitana,held,3,1,hetaq,hate
hitana,held,3,1,hetar,attract
hitana,held,3,1,hezar,execrate
hitana,held,3,1,hiCal,whip
hitana,held,3,1,hicar,aether
hitana,held,3,1,hidal,headline
hitana,held,3,1,hidan,hidden
hitana,held,3,1,hitaq,hitch
hitana,held,3,1,hitar,recover
hitana,held,3,1,hizar,hysterical
hitapa,held,3,1,hedav,advance
hitapa,held,3,1,hidap,explode
hitapa,held,3,1,hisap,convect
hitata,held,3,1,hedas,displacement of water by submerged body
hitata,held,3,1,hetad,disturb
hitata,held,3,1,hezat,ignite
hitata,held,3,1,hidas,iridescence
hitata,held,3,1,hitac,hesitate
hitika,strained,3,1,hedij,polyhedron
hitika,strained,3,1,hidej,age
hitika,strained,3,1,hitek,thrust
hitima,strained,3,1,hesim,escalate
hitima,strained,3,1,hidem,intimate
hitina,strained,3,1,hediq,aid
hitina,strained,3,1,hezin,hasten
hitina,strained,3,1,hiten,intend
hitina,strained,3,1,hizen,neglect
hitipa,strained,3,1,hetif,atmosphere
hitipa,strained,3,1,hetip,eddy
hitipa,strained,3,1,hezif,sprinkle
hitipa,strained,3,1,hitef,spasm
hitipa,strained,3,1,hizep,escape
hitita,strained,3,1,hecis,insist
hitita,strained,3,1,hetiz,parade
hitita,strained,3,1,heziz,every
hitita,strained,3,1,hidet,imitate
hitita,strained,3,1,hiset,impersonate
hitita,strained,3,1,hitez,hay
hituka,held,3,1,hetok,ingratiate
hituka,held,3,1,hetux,itch
hituka,held,3,1,hiduk,bisect
hituka,held,3,1,hizok,exact
hituma,held,3,1,hitum,climax
hituna,held,3,1,hedor,hadron
hituna,held,3,1,hedul,indulge
hituna,held,3,1,hesor,hang out
hituna,held,3,1,hesun,hail (snow)
hituna,held,3,1,hetol,until
hituna,held,3,1,hetur,moonlighting
hituna,held,3,1,hiCor,either
hituna,held,3,1,hidor,adjourn
hituna,held,3,1,hisor,escort
hituna,held,3,1,hisul,eliminate
hituna,held,3,1,hitur,intrude
hituna,held,3,1,hizon,equilibrium
hitupa,held,3,1,hetov,outline
hitupa,held,3,1,hetub,bus
hituta,held,3,1,hedot,idiot
hituta,held,3,1,heduz,induce
hituta,held,3,1,hesot,thirst
hituta,held,3,1,hetos,entice
hituta,held,3,1,hezud,exude
hituta,held,3,1,hidod,indict
hituta,held,3,1,hiduz,design
hituta,held,3,1,hitut,entitle
hukana,held,3,1,hogar,fee
hukana,held,3,1,hokal,resolution
hukana,held,3,1,hokan,expound
hukana,held,3,1,hoxal,humiliation
hukana,held,3,1,hugal,ogle
hukana,held,3,1,hukar,awkward
hukapa,held,3,1,hokap,occupy
hukapa,held,3,1,hoxap,influence
hukapa,held,3,1,hugap,expel
hukata,held,3,1,hogad,honk
hukata,held,3,1,hukat,aunt/uncle
hukika,held,3,1,hukix,esteem
hukima,held,3,1,hokem,acclaim
hukina,held,3,1,huken,acknowledge
hukipa,held,3,1,hogep,expect
hukipa,held,3,1,hogev,engrave
hukipa,held,3,1,hokiv,activity
hukipa,held,3,1,hukib,eclipse
hukita,held,3,1,hoges,eccentric
hukita,held,3,1,hogit,impose
hukita,held,3,1,hokeC,determinant (math)
hukita,held,3,1,hoket,accurate
hukita,held,3,1,hokis,hoax
hukita,held,3,1,hoxet,transplant
hukita,held,3,1,huget,await
hukita,held,3,1,hugis,exceed
hukuka,strained,3,1,hogok,okay
hukuka,strained,3,1,hokuk,length
hukuka,strained,3,1,hoxuk,fetch
hukuna,strained,3,1,hogol,engulf
hukuna,strained,3,1,hogur,hoard
hukuna,strained,3,1,hokor,occur
hukuna,strained,3,1,hokul,occlude
hukuna,strained,3,1,hokun,accrue
hukuna,strained,3,1,hugor,encroach
hukuna,strained,3,1,hukol,enclose
hukuta,strained,3,1,hokod,accord
hukuta,strained,3,1,hokus,blubber
hukuta,strained,3,1,hukos,accelerate
humaka,held,3,1,homaj,ingest
humaka,held,3,1,humag,emigrate
humana,held,3,1,homar,embark
humana,held,3,1,humal,humiliate
humana,held,3,1,human,hump
humata,held,3,1,homat,hunt
humata,held,3,1,humas,instruct
humika,held,3,1,homix,impeach
humika,held,3,1,humik,pelt
humina,held,3,1,homen,empower
humina,held,3,1,humin,imprint
humipa,held,3,1,homib,ambiance
humipa,held,3,1,humeb,ambulance
humipa,held,3,1,humif,inflict
humita,held,3,1,humiz,recommend
humuma,strained,3,1,homum,urge
humuna,strained,3,1,homol,embezzle
humuna,strained,3,1,homon,eminence
humupa,strained,3,1,homop,employ
humupa,strained,3,1,homov,anniversary
humuta,strained,3,1,homos,ferret
humuta,strained,3,1,homud,amplitude
humuta,strained,3,1,humot,amputate
hunaka,held,3,1,horax,oh
hunaka,held,3,1,hunax,serene
hunaka,held,3,1,hurag,organic
hunama,held,3,1,horam,hermit
hunama,held,3,1,hunam,frantic
hunana,held,3,1,holan,hull
hunana,held,3,1,honal,enlighten
hunana,held,3,1,honan,bleak
hunana,held,3,1,hunar,inquire
hunana,held,3,1,hural,articulate
hunana,held,3,1,huran,errand
hunapa,held,3,1,holap,span
hunapa,held,3,1,honav,endeavor
hunapa,held,3,1,huraf,orphan
hunata,held,3,1,holaz,latter
hunata,held,3,1,honas,onus
hunata,held,3,1,horat,till
hunata,held,3,1,hulat,hail (acclaim)
hunata,held,3,1,hunat,owe
hunata,held,3,1,huraz,heuristic
hunika,held,3,1,holeg,dial
hunika,held,3,1,holij,algae
hunika,held,3,1,honej,enrage
hunika,held,3,1,honig,sea urchin
hunika,held,3,1,horej,orgy
hunika,held,3,1,horik,hierarchy
hunika,held,3,1,hulex,allegation
hunika,held,3,1,hulik,elk
hunika,held,3,1,huneg,antiquate
hunika,held,3,1,hunij,injure
hunika,held,3,1,hurek,arcade
hunika,held,3,1,hurij,arrange
hunima,held,3,1,horem,honor
hunina,held,3,1,holen,highway
hunina,held,3,1,holiq,howl
hunina,held,3,1,honeq,hoe
hunina,held,3,1,honin,intervene
hunina,held,3,1,horin,hurry
hunina,held,3,1,hunen,endanger
hunina,held,3,1,huren,ordain
hunipa,held,3,1,honif,infringe
hunipa,held,3,1,horeb,orb
hunipa,held,3,1,huliv,staple (action)
hunipa,held,3,1,hunev,hold off
hunipa,held,3,1,hurev,whale
hunita,held,3,1,holes,last (staying)
hunita,held,3,1,holic,health
hunita,held,3,1,honet,swindle
hunita,held,3,1,honiz,instill
hunita,held,3,1,horiz,tyrant
hunita,held,3,1,hunes,annex
hunita,held,3,1,hures,heresy
hunita,held,3,1,hurid,holy
hunuka,strained,3,1,holuk,hunger
hunuka,strained,3,1,honox,enshrine
hunuka,strained,3,1,honuk,harpoon
hununa,strained,3,1,holor,award
hununa,strained,3,1,honor,enroll
hununa,strained,3,1,honul,ensue
hununa,strained,3,1,honun,engineer
hununa,strained,3,1,horol,hurl
hununa,strained,3,1,horon,horn (animal)
hununa,strained,3,1,hunol,wedding
hununa,strained,3,1,hunon,hence
hununa,strained,3,1,huror,hood (cover)
hunupa,strained,3,1,holuv,elbow
hunupa,strained,3,1,honuf,infuse
hunupa,strained,3,1,horof,horrify
hunupa,strained,3,1,horop,heart (body)
hunupa,strained,3,1,hulov,hallow
hunupa,strained,3,1,hunof,enforce
hunuta,strained,3,1,holod,h sound
hunuta,strained,3,1,honod,ounce
hunuta,strained,3,1,horoz,ravine
hunuta,strained,3,1,horud,ahead
hunuta,strained,3,1,hurot,heir
hupaka,held,3,1,hobaj,oblige
hupaka,held,3,1,hubak,abduct
hupana,held,3,1,hobar,abridge
hupana,held,3,1,hofar,exempt
hupana,held,3,1,hopal,opal
hupana,held,3,1,hopan,opine
hupana,held,3,1,hovan,debt
hupana,held,3,1,huban,obtain
hupana,held,3,1,hupar,upright
hupata,held,3,1,hofat,offset
hupata,held,3,1,hopas,upset
hupika,held,3,1,hobek,oblique
hupika,held,3,1,hopik,perky
hupika,held,3,1,hovik,walrus
hupika,held,3,1,hufik,derive
hupika,held,3,1,hupek,optics
hupika,held,3,1,huvek,diagnose
hupina,held,3,1,hoben,obey
hupina,held,3,1,hopin,apprehend
hupina,held,3,1,hovin,distinguish
hupipa,held,3,1,hufeb,alphabet
hupipa,held,3,1,hufif,congruence (geometry)
hupita,held,3,1,hobid,hybrid
hupita,held,3,1,hopiz,appraise
hupita,held,3,1,hovis,oversee
hupita,held,3,1,hupes,oppress
hupita,held,3,1,huvid,avid
hupuna,strained,3,1,hofol,afflict
hupuna,strained,3,1,hopor,approach
hupuna,strained,3,1,hovor,overturn
hupuna,strained,3,1,hovun,hold on
hupuna,strained,3,1,hubor,abort
hupuna,strained,3,1,hufor,hoof
hupupa,strained,3,1,hopup,hope
hupupa,strained,3,1,hubob,hub
huputa,strained,3,1,hobut,obtuse
huputa,strained,3,1,hopot,heed
huputa,strained,3,1,hovoc,overthrow
huputa,strained,3,1,hovot,ensure
huputa,strained,3,1,hovus,overcast
huputa,strained,3,1,hupoz,oppose
hutaka,held,3,1,hodak,ode
hutaka,held,3,1,hosak,ayahuasca
hutaka,held,3,1,hotax,auroch
hutaka,held,3,1,hudaj,propel
hutaka,held,3,1,hutag,challenge
hutama,held,3,1,husam,assemble
hutana,held,3,1,hocar,oath
hutana,held,3,1,hodan,huge amount
hutana,held,3,1,hosal,tent
hutana,held,3,1,hosan,host
hutana,held,3,1,hotar,hoist
hutana,held,3,1,hozar,hose
hutana,held,3,1,hudar,odor
hutana,held,3,1,husar,film (video)
hutana,held,3,1,hutal,sloth
hutana,held,3,1,huzan,husband
hutata,held,3,1,hodaz,justify
hutata,held,3,1,hotat,scallop
hutata,held,3,1,hudad,head
hutata,held,3,1,husad,aside
hutata,held,3,1,hutaz,cool (action)
hutika,held,3,1,hocek,oust
hutika,held,3,1,hodex,orchard
hutika,held,3,1,hoteg,antique
hutika,held,3,1,hozek,inject
hutika,held,3,1,hudix,train (car)
hutika,held,3,1,hutex,accustom
hutika,held,3,1,hutik,transfer
hutima,held,3,1,husim,exclaim
hutina,held,3,1,hodin,adjoin
hutipa,held,3,1,hodip,enterprise
hutipa,held,3,1,hosip,suffice
hutipa,held,3,1,hotib,dip
hutipa,held,3,1,hudep,adept
hutipa,held,3,1,husep,aspirate
hutipa,held,3,1,hutiv,achieve
hutita,held,3,1,hoded,not hidden
hutita,held,3,1,hodis,address
hutita,held,3,1,hosed,ascend
hutita,held,3,1,hotes,attest
hutita,held,3,1,hozid,resolve
hutita,held,3,1,hudez,peek
hutita,held,3,1,hudit,audit
hutita,held,3,1,husit,osteichthyes
hutuka,strained,3,1,hodoj,vowel u sound
hutuka,strained,3,1,hudok,seam
hutuka,strained,3,1,husok,husk
hutuma,strained,3,1,hutom,hut
hutuna,strained,3,1,hodor,hydrate
hutuna,strained,3,1,hodun,huge
hutuna,strained,3,1,hosor,asteroid
hutuna,strained,3,1,hotur,oat
hutuna,strained,3,1,hutor,act
hutupa,strained,3,1,hosob,iceberg
hutupa,strained,3,1,hotop,at
hututa,strained,3,1,hodus,hat
hututa,strained,3,1,hotoz,lecture
hututa,strained,3,1,hotud,hide
hututa,strained,3,1,hozut,ease
hututa,strained,3,1,hutot,hoot
kakana,strained,3,1,gagal,ad
kakana,strained,3,1,kagal,quell
kakana,strained,3,1,kagan,cognate
kakana,strained,3,1,kajan,occasion
kakana,strained,3,1,xakar,wheel
kakana,strained,3,1,yakar,darling
kakapa,strained,3,1,kagaf,flip-flop
kakapa,strained,3,1,kakab,maple (tree)
kakata,strained,3,1,gayat,gate
kakata,strained,3,1,yakat,infancy
kakata,strained,3,1,yaxat,sustain
kakima,held,3,1,xakim,rehabilitate
kakina,held,3,1,kagin,cognition
kakina,held,3,1,kaxiq,cash
kakina,held,3,1,xagin,shag
kakipa,held,3,1,yajiv,session
kakipa,held,3,1,yaxev,sit
kakita,held,3,1,jakit,jacket
kakita,held,3,1,kagis,congress
kakita,held,3,1,kakid,cascade
kakita,held,3,1,kaxid,suspicion
kakita,held,3,1,xakez,restore
kakita,held,3,1,yaxes,worthy
kakuna,held,3,1,gagor,gag
kakuna,held,3,1,gakol,gunk
kakuna,held,3,1,gakur,gawk
kakuna,held,3,1,kagor,cockroach
kakuna,held,3,1,kajul,cashew
kakuna,held,3,1,kakol,cackle
kakuna,held,3,1,kakur,basin
kakuna,held,3,1,kaxon,quash
kakuna,held,3,1,kayur,culture
kakuna,held,3,1,xagor,envoy
kakuta,held,3,1,jakoz,juxtapose
kakuta,held,3,1,kagot,congregate
kakuta,held,3,1,kakos,cactus
kakuta,held,3,1,kaxut,decorate
kakuta,held,3,1,xagot,shrug
kamaka,held,3,1,kamak,goose
kamaka,held,3,1,xamak,shim
kamana,held,3,1,gamal,camel
kamana,held,3,1,kamal,compile
kamana,held,3,1,kaman,combine
kamana,held,3,1,xaman,shaman
kamapa,held,3,1,gamap,compliment
kamapa,held,3,1,kamav,convulsant
kamata,held,3,1,kamas,thief
kamika,held,3,1,yamik,vowel large I sound
kamina,held,3,1,kameq,comma
kamina,held,3,1,kamin,comedy
kamipa,held,3,1,kamif,configure
kamipa,held,3,1,kamip,camp
kamipa,held,3,1,xamip,shrimp (fish)
kamita,held,3,1,kamed,commandeer
kamita,held,3,1,kamiz,oxygen
kamuka,held,3,1,kamox,commission
kamuna,held,3,1,gamor,gum
kamuna,held,3,1,kamor,gamble
kamuna,held,3,1,kamul,comply
kamuna,held,3,1,kamun,common
kamupa,held,3,1,kamob,combat
kamupa,held,3,1,kamuf,camouflage
kamupa,held,3,1,xamob,shamble
kamuta,held,3,1,kamuz,comprise
kanaka,held,3,1,galax,glacier
kanaka,held,3,1,kalaj,college
kanaka,held,3,1,kanax,crunch
kanaka,held,3,1,karak,query
kanaka,held,3,1,xarak,society
kanaka,held,3,1,yanax,despair
kanama,held,3,1,kalam,clamp
kanama,held,3,1,kanam,condemn
kanama,held,3,1,xalam,lily
kanana,held,3,1,galar,glad
kanana,held,3,1,ganar,confront
kanana,held,3,1,garal,foot
kanana,held,3,1,garan,grand
kanana,held,3,1,janar,degenerate
kanana,held,3,1,kalaq,oven
kanana,held,3,1,kalar,clear
kanana,held,3,1,kanar,con
kanana,held,3,1,karal,kernel
kanana,held,3,1,karan,car
kanana,held,3,1,xalaq,jot
kanana,held,3,1,xalar,villain
kanana,held,3,1,xanaq,hearty
kanana,held,3,1,yanaq,nutritious
kanana,held,3,1,yaral,linger
kanana,held,3,1,yaran,y sound
kanapa,held,3,1,garap,issue
kanapa,held,3,1,garav,graviton
kanapa,held,3,1,kalab,collaborate
kanapa,held,3,1,karaf,comfort
kanata,held,3,1,galad,lay
kanata,held,3,1,ganad,condescend
kanata,held,3,1,garas,gregarious
kanata,held,3,1,karaz,annoint
kanata,held,3,1,xaraz,opposite (anti)
kanata,held,3,1,yanat,unite
kanika,held,3,1,ganix,piano
kanika,held,3,1,garix,garnish
kanika,held,3,1,kalex,clash
kanika,held,3,1,kanek,concoct
kanika,held,3,1,yalik,amateur
kanika,held,3,1,yarek,thigh
kanima,held,3,1,galem,embody
kanima,held,3,1,jalem,jelly
kanima,held,3,1,kalem,claim
kanima,held,3,1,kanim,quantity/quanta
kanima,held,3,1,karim,christen
kanina,held,3,1,galeq,loud
kanina,held,3,1,galin,glance
kanina,held,3,1,ganen,reckon
kanina,held,3,1,garen,granite
kanina,held,3,1,gariq,grizzly
kanina,held,3,1,kalin,colony
kanina,held,3,1,kanen,canyon
kanina,held,3,1,kaniq,cunning
kanina,held,3,1,karen,carry
kanina,held,3,1,kariq,cranky
kanina,held,3,1,xaleq,schläfli
kanina,held,3,1,yalin,stern
kanina,held,3,1,yaren,yarn
kanipa,held,3,1,ganef,confident
kanipa,held,3,1,ganep,industry
kanipa,held,3,1,garef,graft
kanipa,held,3,1,garib,grab
kanipa,held,3,1,kalip,danish a vowel sound
kanipa,held,3,1,kanev,convey
kanipa,held,3,1,karep,keep
kanipa,held,3,1,karev,crave
kanipa,held,3,1,xaliv,inspire
kanipa,held,3,1,xarep,x sound
kanipa,held,3,1,yarev,opponent
kanita,held,3,1,galec,gallery
kanita,held,3,1,galet,recite
kanita,held,3,1,galiz,glaze
kanita,held,3,1,ganit,-gon (polygon)
kanita,held,3,1,garez,lubricate
kanita,held,3,1,kaled,collide
kanita,held,3,1,kalis,clasp
kanita,held,3,1,kanes,consist
kanita,held,3,1,kanid,command
kanita,held,3,1,kares,caress
kanita,held,3,1,karit,crown
kanita,held,3,1,yarid,yard (measurement)
kanuka,held,3,1,galok,lick
kanuka,held,3,1,garuk,quark
kanuka,held,3,1,kalog,clock
kanuka,held,3,1,kalux,dominate
kanuka,held,3,1,kanog,concrete (abstract)
kanuka,held,3,1,kanuj,conjure
kanuka,held,3,1,karoj,cartilage
kanuka,held,3,1,karug,node
kanuma,held,3,1,galum,glamorous
kanuma,held,3,1,garom,cost
kanuma,held,3,1,kalum,cue
kanuma,held,3,1,kanum,conform
kanuma,held,3,1,karom,heal
kanuma,held,3,1,xalum,welfare
kanuma,held,3,1,xarom,10^21
kanuna,held,3,1,galol,superb
kanuna,held,3,1,galon,glide
kanuna,held,3,1,galur,glass
kanuna,held,3,1,ganol,gown
kanuna,held,3,1,ganon,champion
kanuna,held,3,1,ganur,gargle
kanuna,held,3,1,garoq,broadcast
kanuna,held,3,1,garor,delusion
kanuna,held,3,1,garul,garble
kanuna,held,3,1,garun,deficit
kanuna,held,3,1,kalol,scour
kanuna,held,3,1,kalon,kaon
kanuna,held,3,1,kalur,cower
kanuna,held,3,1,kanol,console
kanuna,held,3,1,kanon,condone
kanuna,held,3,1,kanuq,baggy
kanuna,held,3,1,kanur,concur
kanuna,held,3,1,karoq,ring (sound)
kanuna,held,3,1,karor,career
kanuna,held,3,1,karul,crawl
kanuna,held,3,1,karun,cabbage
kanuna,held,3,1,yalol,turquoise
kanuna,held,3,1,yanon,inundate
kanuna,held,3,1,yanuq,application
kanupa,held,3,1,galof,gulf
kanupa,held,3,1,galub,glob
kanupa,held,3,1,ganov,steal
kanupa,held,3,1,jalof,j sound
kanupa,held,3,1,kalov,kelvin
kanupa,held,3,1,kanof,confer
kanupa,held,3,1,karob,unobstruct
kanupa,held,3,1,karuv,curve
kanupa,held,3,1,xalov,phase
kanupa,held,3,1,xarob,wine
kanupa,held,3,1,yanof,owl
kanuta,held,3,1,ganos,gneiss
kanuta,held,3,1,garod,g sound
kanuta,held,3,1,garuz,again (re-)
kanuta,held,3,1,kalos,meticulous
kanuta,held,3,1,kalut,collude
kanuta,held,3,1,kanoz,fancy
kanuta,held,3,1,kanut,connotation
kanuta,held,3,1,karoc,karma
kanuta,held,3,1,karus,cross
kanuta,held,3,1,xalut,mission
kanuta,held,3,1,xanut,ancient
kanuta,held,3,1,yanoz,severe
kapaka,held,3,1,kafak,dust
kapaka,held,3,1,kapax,caption
kapana,held,3,1,gabal,knead
kapana,held,3,1,gafan,guava
kapana,held,3,1,gapar,scold
kapana,held,3,1,jafal,swathe
kapana,held,3,1,japar,legging
kapana,held,3,1,kapar,copyright
kapana,held,3,1,xapar,shop
kapana,held,3,1,yaban,strain (force)
kapapa,held,3,1,gafap,goof
kapata,held,3,1,kabas,capsize
kapata,held,3,1,kafas,celery
kapata,held,3,1,kavad,honor/respect
kapata,held,3,1,xafas,fame
kapima,held,3,1,kafem,however
kapina,held,3,1,kabin,cabinet
kapina,held,3,1,kapen,captain
kapina,held,3,1,xafeq,counterpart
kapina,held,3,1,yabeq,import
kapipa,held,3,1,gabeb,guide
kapipa,held,3,1,gavib,groove
kapipa,held,3,1,kafif,subordinate
kapita,held,3,1,kabet,evil
kapita,held,3,1,kabiz,crop (cut)
kapita,held,3,1,kafed,confide
kapita,held,3,1,kafiz,coil
kapita,held,3,1,kapes,compass
kapita,held,3,1,kapit,compete
kapita,held,3,1,kavit,caveat
kapita,held,3,1,xabec,cling
kapita,held,3,1,xabet,rest
kapita,held,3,1,xabiz,assign
kapita,held,3,1,xapit,renovate
kapita,held,3,1,yapic,yelp
kapita,held,3,1,yapid,destination
kapuka,held,3,1,kabox,conquer
kapuka,held,3,1,kapok,cap
kapuka,held,3,1,kapuj,capture
kapuka,held,3,1,kavok,wolverine
kapuna,held,3,1,gaboq,gob
kapuna,held,3,1,gabor,gabbro
kapuna,held,3,1,gabul,gobble
kapuna,held,3,1,gapol,grapple
kapuna,held,3,1,gavol,grovel
kapuna,held,3,1,jabor,math
kapuna,held,3,1,kabor,calibrate
kapuna,held,3,1,kabul,cobble
kapuna,held,3,1,kafor,close oneself off
kapuna,held,3,1,kapol,encapsulate
kapuna,held,3,1,kapur,concave
kapuna,held,3,1,kavon,cavern
kapuna,held,3,1,xafun,fix
kapuna,held,3,1,xapur,shepherd
kapuna,held,3,1,xavol,shovel
kapuna,held,3,1,yaful,cope
kapupa,held,3,1,kafuf,extenuate
kapupa,held,3,1,xavov,flash
kaputa,held,3,1,kaboC,crop (food)
kaputa,held,3,1,kapoz,compose
kaputa,held,3,1,kapuc,keep up with
kataka,held,3,1,gadax,german i vowel sound
kataka,held,3,1,katak,diacritic
kataka,held,3,1,yadaj,nocturnal
katama,held,3,1,kasam,custom
katama,held,3,1,yaCam,kneel
katana,held,3,1,gaCar,affect
katana,held,3,1,gadar,fence
katana,held,3,1,gasar,gas
katana,held,3,1,gazal,worse
katana,held,3,1,kaCar,coward
katana,held,3,1,kadar,ooze
katana,held,3,1,kasar,return at regular intervals
katana,held,3,1,katal,cuddle
katana,held,3,1,katan,carton
katana,held,3,1,kazal,casualty
katana,held,3,1,xadar,shed
katana,held,3,1,xasaq,twiddle
katana,held,3,1,yadar,obsolete
katana,held,3,1,yasar,arrogant
katapa,held,3,1,gasab,grasshopper
katapa,held,3,1,kataf,shoulder
katata,held,3,1,kadat,succumb
katata,held,3,1,kasat,allot
katata,held,3,1,kataz,butcher
katata,held,3,1,kazaz,cause
katata,held,3,1,xadat,or
katata,held,3,1,yasad,founding
katata,held,3,1,yataz,represent
katika,held,3,1,kaseg,castigate
katika,held,3,1,katex,couch
katika,held,3,1,xadeg,upgrade
katima,held,3,1,gaCim,magnificent
katima,held,3,1,gadim,disk
katina,held,3,1,gaden,grunt
katina,held,3,1,gasen,gasoline
katina,held,3,1,jasen,joust
katina,held,3,1,kaden,carnival
katina,held,3,1,kasen,instant
katina,held,3,1,katin,concatenate
katina,held,3,1,xadiq,shoddy
katina,held,3,1,yaCen,dwindle
katipa,held,3,1,kaCef,projectile
katipa,held,3,1,kadef,scrub
katipa,held,3,1,kasev,conceive
katipa,held,3,1,katip,chip (block)
katita,held,3,1,gades,lentil
katita,held,3,1,gadid,god
katita,held,3,1,gaziz,possess
katita,held,3,1,kacet,incarcerate
katita,held,3,1,kadez,candy
katita,held,3,1,kasic,furniture
katita,held,3,1,katis,tip (peak)
katita,held,3,1,kazet,facade
katita,held,3,1,kazis,piece
katita,held,3,1,xatis,shroud
katita,held,3,1,yadit,night
katuka,held,3,1,kadux,concrete
katuka,held,3,1,xadux,sag
katuma,held,3,1,kadum,precede
katuma,held,3,1,yadum,noxious
katuna,held,3,1,gadon,disgruntle
katuna,held,3,1,gason,gust
katuna,held,3,1,gator,gutter
katuna,held,3,1,gazor,geyser
katuna,held,3,1,gazul,guzzle
katuna,held,3,1,jator,chat
katuna,held,3,1,jazor,gossip
katuna,held,3,1,kaCol,disposition
katuna,held,3,1,kacor,viscous
katuna,held,3,1,kadol,coddle
katuna,held,3,1,kadon,chronicle
katuna,held,3,1,kadur,clatter
katuna,held,3,1,kason,cask
katuna,held,3,1,kasur,connoisseur
katuna,held,3,1,katoq,cut
katuna,held,3,1,kator,cruel
katuna,held,3,1,katul,catalogue
katuna,held,3,1,katun,cottonwood (tree)
katuna,held,3,1,xadol,anticipate
katuna,held,3,1,xadon,shadow
katuna,held,3,1,xadur,shudder
katuna,held,3,1,xasol,kid
katuna,held,3,1,xasur,ask out
katuna,held,3,1,xator,shutter
katuna,held,3,1,yaduq,peruse
katuna,held,3,1,yator,hypotenuse
katupa,held,3,1,gasov,pride
katupa,held,3,1,kadop,catapult
katupa,held,3,1,kasop,explain
katupa,held,3,1,katuv,cut back on
katuta,held,3,1,gadut,solitude
katuta,held,3,1,kados,counsel
katuta,held,3,1,kadud,clod
katuta,held,3,1,katus,catalyst
katuta,held,3,1,xadud,quiet
katuta,held,3,1,yatot,way
kikana,held,3,1,kekal,economy
kikana,held,3,1,kigar,plaza
kikana,held,3,1,xekan,shake
kikana,held,3,1,xikal,consider
kikana,held,3,1,xikan,level
kikata,held,3,1,kekaz,cork
kikata,held,3,1,xigad,chic
kikima,strained,3,1,xixem,student
kikina,strained,3,1,gexiq,personality
kikina,strained,3,1,kigen,kick off
kikipa,strained,3,1,kigep,harsh
kikita,strained,3,1,kiket,cricket
kikuna,held,3,1,gigol,giggle
kikuna,held,3,1,kexun,caution
kikuna,held,3,1,kijon,cajole
kikuna,held,3,1,kikoq,finch (bird)
kikuna,held,3,1,kixor,knot
kikuna,held,3,1,xigur,launch
kikuta,held,3,1,kiyot,cat
kikuta,held,3,1,xikod,persevere
kimama,held,3,1,gimam,magic
kimana,held,3,1,kemar,commerce
kimana,held,3,1,kimar,camera
kimapa,held,3,1,kemab,combust
kimata,held,3,1,kimat,flour
kimika,strained,3,1,kemik,10^15
kimina,strained,3,1,kimen,competent
kimipa,strained,3,1,gemip,complete
kimita,strained,3,1,xemiz,happy
kimuna,held,3,1,gimol,benefut
kimuna,held,3,1,kemol,complement
kimuna,held,3,1,kemon,commence
kimuna,held,3,1,kemur,come up with
kimuna,held,3,1,ximon,oil
kimuna,held,3,1,ximur,shimmer
kimupa,held,3,1,kimop,computer
kimuta,held,3,1,gemoz,vowel e sound
kimuta,held,3,1,kemos,consort
kimuta,held,3,1,kemut,commute
kimuta,held,3,1,kimud,come across
kinaka,held,3,1,geraj,carrot
kinaka,held,3,1,gilag,glee
kinaka,held,3,1,kelag,catalog
kinaka,held,3,1,kenag,congratulate
kinaka,held,3,1,kerax,crash
kinaka,held,3,1,kirax,cache
kinaka,held,3,1,xelag,schlegel
kinama,held,3,1,geram,arm
kinama,held,3,1,giram,grimace
kinama,held,3,1,keram,cramp
kinana,held,3,1,gelal,garland
kinana,held,3,1,gelan,gland
kinana,held,3,1,gerar,grammar
kinana,held,3,1,gilan,glisten
kinana,held,3,1,giraq,grin
kinana,held,3,1,girar,gear (wear)
kinana,held,3,1,jirar,swear
kinana,held,3,1,kelal,scarcity
kinana,held,3,1,kelan,claw
kinana,held,3,1,kenal,cancel
kinana,held,3,1,kenan,canidae
kinana,held,3,1,keraq,audience
kinana,held,3,1,kerar,choreograph
kinana,held,3,1,kilal,curse
kinana,held,3,1,kilan,cotyledon
kinana,held,3,1,kinal,consult
kinana,held,3,1,kinan,aggregate
kinana,held,3,1,kiraq,creed
kinana,held,3,1,kirar,corroborate
kinana,held,3,1,xelan,shale
kinana,held,3,1,xinan,wit
kinapa,held,3,1,gelav,glove
kinapa,held,3,1,gilav,galvanize
kinapa,held,3,1,girab,grebe
kinapa,held,3,1,kelaf,clef
kinapa,held,3,1,kenav,canvas
kinapa,held,3,1,kerab,crab
kinapa,held,3,1,kilaf,classify
kinapa,held,3,1,kilap,clip (bind)
kinapa,held,3,1,kinap,contemplate
kinapa,held,3,1,kinav,convex
kinapa,held,3,1,xinap,sheen
kinata,held,3,1,gerac,jaw
kinata,held,3,1,gerad,grid
kinata,held,3,1,gilas,recruitment
kinata,held,3,1,kelaz,equalize
kinata,held,3,1,kenas,rape
kinata,held,3,1,kilaz,close down
kinata,held,3,1,kinas,conceit
kinata,held,3,1,kirat,secret
kinata,held,3,1,xirat,shred
kinika,strained,3,1,gerix,repetition
kinika,strained,3,1,kelik,quail
kinika,strained,3,1,kerij,crane
kinika,strained,3,1,kileg,click
kinika,strained,3,1,kirej,wicked
kinika,strained,3,1,xelik,deem
kinima,strained,3,1,gerim,grim
kinima,strained,3,1,kerim,chemical
kinima,strained,3,1,kinem,lamentation
kinima,strained,3,1,kirem,cremate
kinina,strained,3,1,gelin,gluon
kinina,strained,3,1,gilen,glean
kinina,strained,3,1,kelin,clean
kinina,strained,3,1,keniq,approve
kinina,strained,3,1,keriq,care
kinina,strained,3,1,kilen,clinch
kinina,strained,3,1,xeriq,shrink
kinina,strained,3,1,xineq,shank/shin (leg)
kinina,strained,3,1,xireq,shear
kinipa,strained,3,1,gelip,gill
kinipa,strained,3,1,keliv,cave
kinipa,strained,3,1,kenib,contribute
kinipa,strained,3,1,kilev,cleave
kinipa,strained,3,1,kireb,crib
kinita,strained,3,1,geliz,10^4
kinita,strained,3,1,gerit,hello
kinita,strained,3,1,gired,grade (score)
kinita,strained,3,1,jerit,jar
kinita,strained,3,1,kelis,chaos
kinita,strained,3,1,kerid,liquid
kinita,strained,3,1,kiles,nucleus
kinita,strained,3,1,kinet,louse
kinuka,held,3,1,gelox,only
kinuka,held,3,1,gerok,cake
kinuka,held,3,1,girog,greed
kinuka,held,3,1,kenox,quench
kinuka,held,3,1,kerog,encounter
kinuka,held,3,1,keruj,curd
kinuka,held,3,1,kiluk,trout
kinuka,held,3,1,xiluk,shriek
kinuma,held,3,1,gelom,glimpse
kinuma,held,3,1,kelom,fatigue
kinuma,held,3,1,kerum,crumple
kinuma,held,3,1,kilom,acclimate
kinuna,held,3,1,gerol,gripe
kinuna,held,3,1,geron,cauliflower
kinuna,held,3,1,gerur,garner
kinuna,held,3,1,girol,case (container)
kinuna,held,3,1,giron,buy
kinuna,held,3,1,girur,that
kinuna,held,3,1,kelor,color
kinuna,held,3,1,kelul,time
kinuna,held,3,1,kelun,caulk
kinuna,held,3,1,kenor,counter
kinuna,held,3,1,kenul,conclude
kinuna,held,3,1,kenun,contend
kinuna,held,3,1,kerol,cull
kinuna,held,3,1,keron,carb
kinuna,held,3,1,kerur,crater
kinuna,held,3,1,kiloq,k sound
kinuna,held,3,1,kilor,cucumber
kinuna,held,3,1,kilul,cyan
kinuna,held,3,1,kilun,pitchfork
kinuna,held,3,1,kinor,control
kinuna,held,3,1,kirol,cream
kinuna,held,3,1,kiron,cure
kinupa,held,3,1,gelob,planet
kinupa,held,3,1,genuv,converge
kinupa,held,3,1,gerov,gravity
kinupa,held,3,1,gerub,seize
kinupa,held,3,1,gilup,lip
kinupa,held,3,1,girov,grieve
kinupa,held,3,1,kelup,clip (cut off)
kinupa,held,3,1,kenuf,confetti
kinupa,held,3,1,kenup,canopy
kinupa,held,3,1,kerof,cuff
kinupa,held,3,1,kiluv,obligate
kinupa,held,3,1,kirof,rhino
kinupa,held,3,1,kirop,crypto
kinuta,held,3,1,genus,construe
kinuta,held,3,1,geros,guess
kinuta,held,3,1,gilot,exile
kinuta,held,3,1,giros,grass
kinuta,held,3,1,girut,grit (strength)
kinuta,held,3,1,kelot,coyote
kinuta,held,3,1,kelus,crest
kinuta,held,3,1,kenot,kin
kinuta,held,3,1,kenuz,construct
kinuta,held,3,1,keroz,ankle
kinuta,held,3,1,kerut,right (vs. wrong)
kinuta,held,3,1,kilod,keel
kinuta,held,3,1,kilus,crystal
kinuta,held,3,1,kinod,condense
kinuta,held,3,1,kiroz,collapse
kinuta,held,3,1,kirud,credit
kinuta,held,3,1,xeroz,infest
kinuta,held,3,1,xerut,cohesion (physics)
kinuta,held,3,1,xilod,shield
kipaka,held,3,1,gibax,consolidate
kipana,held,3,1,kepal,capable
kipana,held,3,1,kifar,quiver (shake)
kipana,held,3,1,kipan,ghast
kipana,held,3,1,kival,isolation
kipana,held,3,1,kivan,equivalent
kipana,held,3,1,xival,shrivel
kipapa,held,3,1,kibab,receive
kipata,held,3,1,kifat,attitude
kipata,held,3,1,xepas,dashing
kipata,held,3,1,xifat,shift
kipika,strained,3,1,kefik,convict
kipina,strained,3,1,gefin,cheese
kipipa,strained,3,1,kebip,tune
kipita,strained,3,1,gived,give away
kipita,strained,3,1,kevid,liver
kipita,strained,3,1,xefiz,shave
kipuka,held,3,1,kepox,kelp
kipuna,held,3,1,gepor,gape
kipuna,held,3,1,gibur,hero
kipuna,held,3,1,kepor,cape
kipuna,held,3,1,kevor,grave
kipuna,held,3,1,kibol,quibble
kipuna,held,3,1,kifol,crease
kipuna,held,3,1,kipul,cripple
kipuna,held,3,1,xepul,shape
kipuna,held,3,1,xipor,improve
kipupa,held,3,1,kevuv,divide
kipupa,held,3,1,kipup,tone
kipupa,held,3,1,xivuv,chip (like computing)
kiputa,held,3,1,kefut,button
kiputa,held,3,1,kipot,skim
kiputa,held,3,1,kivot,compress
kitaka,held,3,1,jetaj,throw away
kitaka,held,3,1,kidak,gun
kitaka,held,3,1,kisak,kiss
kitaka,held,3,1,kitax,kitchen
kitaka,held,3,1,xisak,ask
kitama,held,3,1,xicam,sheath
kitana,held,3,1,gedan,glitter
kitana,held,3,1,kedal,cradle
kitana,held,3,1,kedan,kidnap
kitana,held,3,1,kidal,frolic
kitana,held,3,1,kidan,equidae
kitana,held,3,1,kitar,kit
kitana,held,3,1,xidan,urine
kitapa,held,3,1,gisap,grease
kitapa,held,3,1,kedap,crisp
kitata,held,3,1,gezat,gaze
kitata,held,3,1,kedaz,criticize
kitata,held,3,1,kidaz,foam
kitata,held,3,1,kitat,focus
kitika,strained,3,1,gedij,gauge
kitika,strained,3,1,ketik,critic
kitima,strained,3,1,kesim,longing
kitina,strained,3,1,gediq,gait
kitina,strained,3,1,xideq,appropriate (behavior)
kitita,strained,3,1,giset,guest
kitita,strained,3,1,kedit,quartz
kitita,strained,3,1,kesit,caustic
kitita,strained,3,1,ketis,sequence
kitita,strained,3,1,kided,could
kitita,strained,3,1,xided,grey
kituka,held,3,1,kedoj,accept
kituka,held,3,1,keduk,crack
kituka,held,3,1,kidoj,cage
kituma,held,3,1,kidom,promotion
kituna,held,3,1,jeton,token
kituna,held,3,1,jidor,jitter
kituna,held,3,1,kedul,ashamed
kituna,held,3,1,ketol,demand
kituna,held,3,1,ketur,cater
kituna,held,3,1,kidor,equation
kituna,held,3,1,kidun,creak
kitupa,held,3,1,kesuf,artichoke
kitupa,held,3,1,kezub,ration
kituta,held,3,1,gesot,ghost
kituta,held,3,1,gitut,gut
kituta,held,3,1,kitoz,external
kituta,held,3,1,kizoz,if
kituta,held,3,1,xetut,shout
kituta,held,3,1,xizut,schist
kukama,held,3,1,gojam,parrot
kukama,held,3,1,gukam,factor
kukama,held,3,1,yuxam,priority
kukana,held,3,1,gugal,outlandish
kukana,held,3,1,gujan,gouge (indent)
kukana,held,3,1,jokal,daffodil
kukana,held,3,1,kokan,"cock (action, gun)"
kukana,held,3,1,koxan,quotient (division)
kukana,held,3,1,kugal,coagulant
kukana,held,3,1,kujan,recursion
kukana,held,3,1,xuxaq,hurt
kukana,held,3,1,yokal,depend
kukana,held,3,1,yokan,yucca
kukana,held,3,1,yugan,even
kukana,held,3,1,yujal,usual
kukana,held,3,1,yuxaq,bruise
kukata,held,3,1,kokas,coax
kukata,held,3,1,kukad,infamy
kukata,held,3,1,kuyat,cult
kukina,held,3,1,kokin,coke
kukina,held,3,1,yoxeq,doctor
kukina,held,3,1,yoxin,ambition
kukipa,held,3,1,yoxiv,inhabitant
kukita,held,3,1,koked,collocate
kukita,held,3,1,kokiz,coxeter
kukita,held,3,1,kukit,oyster
kukita,held,3,1,xukit,salmon
kukita,held,3,1,yukid,designate
kukuna,strained,3,1,kokul,curriculum
kukuna,strained,3,1,kukol,crackle
kukuna,strained,3,1,kuxon,cushion
kukuna,strained,3,1,xoxun,sell
kukuna,strained,3,1,yukol,euclidean
kukuta,strained,3,1,kokuz,cuckoo
kukuta,strained,3,1,koyod,cold
kukuta,strained,3,1,yokoC,yank
kumana,held,3,1,komar,comb (hair)
kumana,held,3,1,kumal,accumulate
kumana,held,3,1,kuman,coma
kumana,held,3,1,xuman,fat
kumapa,held,3,1,kumap,compact
kumika,held,3,1,kumig,back up
kumina,held,3,1,komen,commend
kumina,held,3,1,komiq,committee
kumina,held,3,1,kumin,incumbent
kumipa,held,3,1,gomib,serious
kumipa,held,3,1,komep,compare
kumipa,held,3,1,xomep,champagne
kumita,held,3,1,komes,conquest
kumita,held,3,1,komit,comet
kumita,held,3,1,kumet,pear
kumita,held,3,1,kumis,constrict
kumita,held,3,1,kuwit,cute
kumuka,strained,3,1,kumoj,back down
kumuma,strained,3,1,komum,kettle
kumuma,strained,3,1,kumom,five
kumuma,strained,3,1,xomum,now
kumuna,strained,3,1,komol,complain
kumuna,strained,3,1,komon,compound
kumuna,strained,3,1,komur,comprehend
kumuna,strained,3,1,kumor,commercial (tv)
kumupa,strained,3,1,gomop,new
kunaka,held,3,1,junax,scatter
kunaka,held,3,1,kolak,kayak
kunaka,held,3,1,konak,conduct (electricity)
kunaka,held,3,1,kulax,ouch
kunaka,held,3,1,xolak,show up
kunaka,held,3,1,yurak,10^2
kunama,held,3,1,goram,gram (measure)
kunama,held,3,1,gulam,gloom
kunama,held,3,1,gunam,quality
kunama,held,3,1,julam,reality
kunama,held,3,1,koram,carve
kunama,held,3,1,kulam,coulomb
kunana,held,3,1,golan,gulp
kunana,held,3,1,gular,abroad
kunana,held,3,1,gural,destiny
kunana,held,3,1,guran,ground
kunana,held,3,1,jonal,gentle
kunana,held,3,1,junar,general
kunana,held,3,1,kolal,shoot
kunana,held,3,1,kolan,cleanse
kunana,held,3,1,konal,bowl
kunana,held,3,1,konan,consign
kunana,held,3,1,korar,corner
kunana,held,3,1,kunar,contract
kunana,held,3,1,kural,coral
kunana,held,3,1,kuran,current (recent)
kunana,held,3,1,xolal,receipt
kunana,held,3,1,xonal,drill (training)
kunana,held,3,1,xunar,shoe
kunana,held,3,1,yolal,treat (patient)
kunana,held,3,1,yolan,merit
kunana,held,3,1,yonan,murky
kunana,held,3,1,yunaq,campaign
kunana,held,3,1,yuran,urinate
kunapa,held,3,1,golap,gallop
kunapa,held,3,1,guraf,crucify
kunapa,held,3,1,kolav,rack
kunapa,held,3,1,konaf,confine
kunapa,held,3,1,kurap,victim
kunapa,held,3,1,kurav,market
kunapa,held,3,1,xolav,calculate
kunata,held,3,1,gorat,correlate
kunata,held,3,1,gulat,guilt
kunata,held,3,1,guraz,grit
kunata,held,3,1,kolas,coalesce
kunata,held,3,1,korad,can
kunata,held,3,1,kulad,cloud
kunata,held,3,1,kunad,kind (good)
kunata,held,3,1,kuras,curious
kunata,held,3,1,yuras,uranus
kunika,held,3,1,goleg,roll
kunika,held,3,1,gorej,graduate
kunika,held,3,1,gorik,gore
kunika,held,3,1,gulik,craft
kunika,held,3,1,gurek,croak
kunika,held,3,1,kolix,clog
kunika,held,3,1,korex,crustacean
kunika,held,3,1,korig,ore
kunika,held,3,1,kulig,colleague
kunika,held,3,1,kureg,core
kunika,held,3,1,kurix,shark
kunika,held,3,1,xolix,punctual
kunika,held,3,1,yolix,tangible
kunika,held,3,1,yonik,unique
kunika,held,3,1,yunek,smog
kunika,held,3,1,yunix,maneuver
kunima,held,3,1,gorem,factor (math)
kunima,held,3,1,gurim,grumble
kunima,held,3,1,konem,contempt
kunima,held,3,1,korem,cormorant
kunima,held,3,1,kulem,culminate
kunina,held,3,1,golen,lay off
kunina,held,3,1,goneq,fair (just)
kunina,held,3,1,gorin,groan
kunina,held,3,1,guren,well (water)
kunina,held,3,1,guriq,rung
kunina,held,3,1,kolen,clench
kunina,held,3,1,konin,confound
kunina,held,3,1,koreq,currency
kunina,held,3,1,korin,chronic
kunina,held,3,1,kulin,clean up
kunina,held,3,1,kunen,contain
kunina,held,3,1,kuren,curtain
kunina,held,3,1,yoliq,collar
kunina,held,3,1,yorin,warrant
kunipa,held,3,1,goreb,grape
kunipa,held,3,1,gurev,rub
kunipa,held,3,1,jonif,contiguous
kunipa,held,3,1,junib,juniper (tree)
kunipa,held,3,1,kolef,chlorophyll
kunipa,held,3,1,kolep,clap
kunipa,held,3,1,konip,vacate
kunipa,held,3,1,koniv,convene
kunipa,held,3,1,koriv,corvid
kunipa,held,3,1,kulif,successor
kunipa,held,3,1,kunef,convalescence
kunipa,held,3,1,kunep,conspire
kunipa,held,3,1,kuref,cringe
kunipa,held,3,1,kurib,carbonate
kunipa,held,3,1,xonip,shine
kunipa,held,3,1,yulip,appointment
kunipa,held,3,1,yunef,unify
kunita,held,3,1,gonet,constraint
kunita,held,3,1,goriz,eat up
kunita,held,3,1,gulis,gloss
kunita,held,3,1,gures,grasp
kunita,held,3,1,kolez,closet
kunita,held,3,1,koliC,clothing
kunita,held,3,1,kolit,collate
kunita,held,3,1,koned,candidate
kunita,held,3,1,konis,concede
kunita,held,3,1,koret,court (justice)
kunita,held,3,1,koris,anoint
kunita,held,3,1,kulet,leporidae (hare)
kunita,held,3,1,kunez,consecrate
kunita,held,3,1,kunit,quantity
kunita,held,3,1,kurez,cruise
kunita,held,3,1,xoret,sure
kunita,held,3,1,xunit,shun
kunita,held,3,1,yolid,native
kunita,held,3,1,yuled,yield
kunita,held,3,1,yunid,unit
kunita,held,3,1,yurit,intercept
kunuka,strained,3,1,goluk,your
kunuka,strained,3,1,gonuk,apartment
kunuka,strained,3,1,kolox,answer
kunuka,strained,3,1,korok,curl
kunuka,strained,3,1,korux,xor
kunuka,strained,3,1,kulok,quick
kunuka,strained,3,1,kunok,context
kunuka,strained,3,1,kurox,crouch
kunuka,strained,3,1,yolox,outstanding
kunuma,strained,3,1,gorum,row
kunuma,strained,3,1,gurom,groom
kunuma,strained,3,1,korum,ohm (measurement)
kunuma,strained,3,1,kurom,crumble
kunuma,strained,3,1,xolom,mushroom
kunuma,strained,3,1,yorum,uniform (consistent)
kununa,strained,3,1,golor,glare
kununa,strained,3,1,gorol,gurgle
kununa,strained,3,1,goron,grow
kununa,strained,3,1,goruq,lion
kununa,strained,3,1,gorur,growl
kununa,strained,3,1,gulon,bewitched
kununa,strained,3,1,guror,grow up
kununa,strained,3,1,kolor,peculiar
kununa,strained,3,1,kolul,cool (interjection)
kununa,strained,3,1,kolun,community
kununa,strained,3,1,konor,contort
kununa,strained,3,1,konun,conference
kununa,strained,3,1,korol,quarrel
kununa,strained,3,1,koron,category
kununa,strained,3,1,korur,incorporate
kununa,strained,3,1,kulol,clutch
kununa,strained,3,1,kulon,cool
kununa,strained,3,1,kuroq,crux
kununa,strained,3,1,xoloq,handmade
kununa,strained,3,1,xolul,debilitate
kununa,strained,3,1,yolor,superior
kununa,strained,3,1,yolul,hesitant
kununa,strained,3,1,yonoq,wield
kununa,strained,3,1,yonul,retain
kununa,strained,3,1,yonun,perpetuate
kununa,strained,3,1,yoron,yearn
kununa,strained,3,1,yulol,pleasant
kunupa,strained,3,1,gorop,group (math)
kunupa,strained,3,1,gulop,preach
kunupa,strained,3,1,kolob,kill
kunupa,strained,3,1,konuv,contrive
kunupa,strained,3,1,korov,call off
kunupa,strained,3,1,korub,cone
kunupa,strained,3,1,kunov,converse (opposite)
kunupa,strained,3,1,xulof,extract
kunuta,strained,3,1,golod,goat
kunuta,strained,3,1,gonod,instrument
kunuta,strained,3,1,goroz,axe
kunuta,strained,3,1,goruc,grass roots
kunuta,strained,3,1,gorud,gratitude
kunuta,strained,3,1,gurot,provoke
kunuta,strained,3,1,jolus,jealous
kunuta,strained,3,1,koloC,clothe
kunuta,strained,3,1,koluz,close
kunuta,strained,3,1,konus,coincide
kunuta,strained,3,1,koros,cursor
kunuta,strained,3,1,kuloz,pioneer
kunuta,strained,3,1,kunos,concern
kunuta,strained,3,1,kuroC,character (portray)
kunuta,strained,3,1,kurod,corrode
kunuta,strained,3,1,yuloz,utilize
kupaka,held,3,1,yovak,consequence
kupana,held,3,1,joval,jovial
kupana,held,3,1,kopal,compel
kupana,held,3,1,xofar,horn (instrument)
kupana,held,3,1,xoval,spade (shovel)
kupana,held,3,1,yoval,uvula
kupata,held,3,1,jopas,jupiter
kupata,held,3,1,kuvat,covet
kupika,held,3,1,govik,height
kupika,held,3,1,yubig,ubiquitous
kupima,held,3,1,kovem,cove
kupina,held,3,1,xoveq,shove
kupina,held,3,1,xupiq,horizontal
kupipa,held,3,1,yuvev,view
kupita,held,3,1,kopet,carpet
kupita,held,3,1,kopis,incapacitate
kupita,held,3,1,kubis,club (society)
kupuna,strained,3,1,gopor,grope
kupuna,strained,3,1,govul,border
kupuna,strained,3,1,govun,govern
kupuna,strained,3,1,kopun,coal
kupuna,strained,3,1,xofol,shuffle
kupuna,strained,3,1,xubor,shatter
kupupa,strained,3,1,gubob,like (filler)
kupupa,strained,3,1,kofof,clue
kupupa,strained,3,1,kupop,scope
kuputa,strained,3,1,gopot,quaint
kuputa,strained,3,1,kopod,hedgehog
kuputa,strained,3,1,xubot,slump
kutama,held,3,1,kozam,lavender (vegetable)
kutama,held,3,1,yocam,heap
kutana,held,3,1,godal,thumb
kutana,held,3,1,kodal,crocodile
kutana,held,3,1,kodan,corn
kutana,held,3,1,kusar,cuss
kutana,held,3,1,kutal,curtail
kutana,held,3,1,kutan,quota
kutana,held,3,1,xodan,trim
kutapa,held,3,1,yoCap,nag
kutapa,held,3,1,yosaf,increase
kutata,held,3,1,kutas,quote
kutata,held,3,1,yusat,used to
kutika,held,3,1,gutex,engineering
kutika,held,3,1,gutik,pill
kutika,held,3,1,judix,judicious
kutika,held,3,1,kodej,courage
kutika,held,3,1,kodik,critique
kutika,held,3,1,kosik,classic
kutika,held,3,1,kudek,cook
kutika,held,3,1,kutig,accuse
kutika,held,3,1,xodik,pair
kutika,held,3,1,xotix,shame
kutika,held,3,1,xusek,fling
kutika,held,3,1,yudij,estimate
kutina,held,3,1,kozen,cozy
kutina,held,3,1,yociq,youth
kutina,held,3,1,yudiq,schedule
kutipa,held,3,1,gosip,firm
kutita,held,3,1,kodiz,caliber
kutita,held,3,1,kotez,rescue
kutita,held,3,1,kudid,helmet
kutita,held,3,1,kutiz,slot
kutita,held,3,1,xutet,shelter
kutita,held,3,1,yutiz,instinct
kutuka,strained,3,1,kotok,disagree
kutuka,strained,3,1,xotux,export
kutuna,strained,3,1,godoq,agitate
kutuna,strained,3,1,gosul,bath
kutuna,strained,3,1,gotur,gloat
kutuna,strained,3,1,kodor,coerce
kutuna,strained,3,1,kusol,console (help)
kutuna,strained,3,1,yodoq,sport
kutuna,strained,3,1,yotur,chord
kutuna,strained,3,1,yuzor,use up
kutupa,strained,3,1,kodup,keep on
kutupa,strained,3,1,yusop,usurp
kututa,strained,3,1,gutot,antenna
kututa,strained,3,1,kodot,cord
kututa,strained,3,1,kosot,cast
kututa,strained,3,1,kutod,miss (didn't touch)
kututa,strained,3,1,yosod,praise
kututa,strained,3,1,yotut,yet
makaka,held,3,1,makax,fly (bug)
makana,held,3,1,magal,refugee
makana,held,3,1,magan,dock
makapa,held,3,1,magap,mug (rob)
makata,held,3,1,magas,maximum
makata,held,3,1,maxat,oar (boat)
makika,held,3,1,magig,fruit
makika,held,3,1,majej,model
makima,held,3,1,makim,maxim
makina,held,3,1,magin,magazine
makina,held,3,1,maken,mechanism
makipa,held,3,1,magif,epidemic
makipa,held,3,1,makev,grief
makita,held,3,1,maget,maggot
makita,held,3,1,magiz,moss
makita,held,3,1,makes,iron
makuka,held,3,1,magox,tray
makuna,held,3,1,magor,tuna
makuna,held,3,1,makon,mark
makuna,held,3,1,makur,manicure
makuna,held,3,1,maxol,marshal
makupa,held,3,1,maguf,boot (shoe)
makupa,held,3,1,maxov,feedback
makuta,held,3,1,makoz,muck
mamika,held,3,1,mamik,maim
mamuna,held,3,1,mamor,sorrow
mamuna,held,3,1,mamul,mumble
mamuta,held,3,1,mamot,debate
manaka,held,3,1,manaj,manage
manaka,held,3,1,marag,old
manama,held,3,1,manam,mother
manana,held,3,1,manaq,harmony
manana,held,3,1,manar,utter
manana,held,3,1,maral,mettle
manana,held,3,1,maran,muon
manata,held,3,1,malat,cement
manata,held,3,1,manat,ponder
manata,held,3,1,maras,mass
manika,held,3,1,malik,who
manika,held,3,1,manix,munch
manika,held,3,1,marek,soup
manima,held,3,1,manim,monotreme
manina,held,3,1,malin,filth
manina,held,3,1,manen,dose
manina,held,3,1,maren,marinate
manipa,held,3,1,manef,manufacture
manipa,held,3,1,maref,rake
manita,held,3,1,maliz,sermon
manita,held,3,1,marid,sick
manuka,held,3,1,marox,mesh (inter-)
manuma,held,3,1,malum,special
manuma,held,3,1,manum,monument
manuma,held,3,1,marom,mammal
manuna,held,3,1,malur,maul
manuna,held,3,1,manol,round
manuna,held,3,1,manon,passion
manuna,held,3,1,manuq,mmm
manuna,held,3,1,manur,manner
manuna,held,3,1,maror,martyr
manuna,held,3,1,marul,marble
manuna,held,3,1,marun,maroon
manupa,held,3,1,manop,monopoly
manupa,held,3,1,maruf,decend
manupa,held,3,1,marup,marsupial
manuta,held,3,1,maloz,mow (grass)
manuta,held,3,1,malud,metal
manuta,held,3,1,manos,monster
manuta,held,3,1,manuC,humanity
manuta,held,3,1,manud,meander
manuta,held,3,1,maroC,quite
manuta,held,3,1,marot,march
mapana,held,3,1,mapar,map (chart)
mapika,held,3,1,mafik,musk
mapika,held,3,1,mavek,maze/labyrinth
mapina,held,3,1,mapen,mop
mapuna,held,3,1,mapon,habitat
mapuna,held,3,1,mavol,marvel
mapuna,held,3,1,mavon,introduction
maputa,held,3,1,maboc,mob
maputa,held,3,1,maput,minority
maputa,held,3,1,mavut,die
mataka,held,3,1,macak,myth
mataka,held,3,1,madax,symmetry
mataka,held,3,1,masaj,massage
mataka,held,3,1,mazak,mask
matama,held,3,1,madam,intoxicate
matama,held,3,1,masam,must (smell)
matana,held,3,1,madar,shower (water)
matana,held,3,1,masar,expensive
matana,held,3,1,matal,armadillo
matana,held,3,1,matan,thing about the thing (meta-)
matana,held,3,1,mazal,luck
matana,held,3,1,mazan,maze
matata,held,3,1,madad,middle
matata,held,3,1,masad,institution
matata,held,3,1,matas,situation
matata,held,3,1,mazas,mars
matika,held,3,1,madij,image
matika,held,3,1,matik,metric
matima,held,3,1,madim,uniform (clothing)
matima,held,3,1,masim,nail (carpentry)
matina,held,3,1,madiq,video
matipa,held,3,1,masep,misplace
matipa,held,3,1,mateb,coin
matipa,held,3,1,matif,motif
matita,held,3,1,mades,modest
matita,held,3,1,madit,revel
matita,held,3,1,masez,territory
matita,held,3,1,masit,overall
matita,held,3,1,mazec,muze
matuka,held,3,1,maduj,marry (wed)
matuka,held,3,1,masok,erase
matuka,held,3,1,matox,mature
matuna,held,3,1,madol,muddle
matuna,held,3,1,madon,mad
matuna,held,3,1,madur,muster
matuna,held,3,1,masol,mussel
matuna,held,3,1,masur,saw (tool)
matuna,held,3,1,mator,mutter
matuna,held,3,1,mazul,muscle
matupa,held,3,1,madof,shelf
matuta,held,3,1,matot,cracker
matuta,held,3,1,matuz,distress
matuta,held,3,1,mazuz,pain
mikaka,held,3,1,mixak,ointment
mikaka,held,3,1,wikak,walk
mikaka,held,3,1,wixak,scarf
mikana,held,3,1,mejar,major
mikana,held,3,1,migar,survey
mikana,held,3,1,mikal,burrow
mikana,held,3,1,mikan,mechanical
mikana,held,3,1,mixal,transmission
mikana,held,3,1,wigar,revere
mikana,held,3,1,wijar,wager
mikana,held,3,1,wikal,wetland
mikana,held,3,1,wikan,wack
mikana,held,3,1,wixan,sardine
mikana,held,3,1,wiyal,while
mikana,held,3,1,wiyan,wilt
mikata,held,3,1,wikas,wax
mikika,strained,3,1,migek,make
mikima,strained,3,1,wikem,wake
mikina,strained,3,1,wigen,wag
mikita,strained,3,1,mekit,medicate
mikita,strained,3,1,mexit,mush
mikita,strained,3,1,miked,temple
mikita,strained,3,1,wijez,wedge
mikuka,held,3,1,mekox,mute
mikuka,held,3,1,mekuk,earth (dirt)
mikuka,held,3,1,mikox,mixture
mikuka,held,3,1,wigog,kaleidoscope
mikuka,held,3,1,wijux,system
mikuka,held,3,1,wikox,extrovert
mikuka,held,3,1,wikug,emanate
mikuna,held,3,1,mekor,err
mikuna,held,3,1,migur,meager
mikuna,held,3,1,mixor,regulate
mikuna,held,3,1,wigol,stubborn
mikuna,held,3,1,wigon,extraneous
mikuna,held,3,1,wiguq,staff
mikuna,held,3,1,wikor,work out
mikuna,held,3,1,wixun,meek
mikuna,held,3,1,wiyoq,wail
mikuta,held,3,1,mekuz,promiscuous
mikuta,held,3,1,migut,mitigate
mikuta,held,3,1,mikuz,recycle
mikuta,held,3,1,wigos,wink
mikuta,held,3,1,wijut,widget
mikuta,held,3,1,wiyod,world
mimana,held,3,1,memar,memorize
mimana,held,3,1,wimaq,wing
mimata,held,3,1,memat,mane
mimata,held,3,1,mimad,muskox
mimata,held,3,1,wimad,wonder
mimika,strained,3,1,memig,mummy
mimina,strained,3,1,wimen,why
mimita,strained,3,1,mewit,filling
mimuka,held,3,1,mimok,mimic
mimuka,held,3,1,wimok,whine
mimuna,held,3,1,memon,memo
mimuna,held,3,1,wimol,whim
mimuna,held,3,1,wimon,woo
mimuna,held,3,1,wimuq,um
mimuna,held,3,1,wimur,whimper
mimuta,held,3,1,memuc,mammoth
minaka,held,3,1,meraj,merchant
minaka,held,3,1,milak,mail
minaka,held,3,1,minak,money
minaka,held,3,1,miraj,mirage
minaka,held,3,1,wilak,whirl
minaka,held,3,1,winak,wane
minama,held,3,1,meram,texture
minama,held,3,1,miram,fraud
minana,held,3,1,menan,mint (make)
minana,held,3,1,merar,symbol
minana,held,3,1,milan,mill
minana,held,3,1,minal,mineral
minana,held,3,1,minan,offering
minana,held,3,1,mirar,bright
minana,held,3,1,wilal,coat
minana,held,3,1,wilan,wall
minana,held,3,1,winal,stoop
minana,held,3,1,winan,teen
minana,held,3,1,wiraq,wary
minana,held,3,1,wirar,wear
minapa,held,3,1,menap,manipulate
minapa,held,3,1,winaf,wean
minata,held,3,1,merat,must
minata,held,3,1,minaz,means
minata,held,3,1,mirad,revolt
minata,held,3,1,wirac,worth
minata,held,3,1,wirad,weird
minika,strained,3,1,mirex,recipe
minika,strained,3,1,wirex,worship
minima,strained,3,1,winem,ween
minima,strained,3,1,wirem,warm up
minina,strained,3,1,melin,kite
minina,strained,3,1,meniq,mean (verb)
minina,strained,3,1,meriq,merry
minina,strained,3,1,mineq,motion
minina,strained,3,1,wilen,bring forth
minina,strained,3,1,wineq,intact
minina,strained,3,1,wireq,whir
minipa,strained,3,1,merib,suspicious
minita,strained,3,1,menit,internet
minita,strained,3,1,mined,mate
minita,strained,3,1,miret,meter
minita,strained,3,1,wilez,waltz
minita,strained,3,1,wined,wind (coil)
minita,strained,3,1,wiret,wallet
minuka,held,3,1,meluk,king
minuka,held,3,1,menuk,serenity
minuka,held,3,1,minug,custom/traditional practice
minuka,held,3,1,mirok,miracle
minuka,held,3,1,wilug,weigh
minuka,held,3,1,winug,snail
minuka,held,3,1,wirok,work
minuka,held,3,1,wirux,watt (measurement)
minuma,held,3,1,winom,well (good)
minuma,held,3,1,wirum,worm
minuna,held,3,1,melun,melon (vegetable)
minuna,held,3,1,menun,maintain
minuna,held,3,1,minor,lamp
minuna,held,3,1,minul,miniscule
minuna,held,3,1,minun,main
minuna,held,3,1,wiloq,wallow
minuna,held,3,1,wilor,bewilder
minuna,held,3,1,wilul,wow
minuna,held,3,1,wilun,willow
minuna,held,3,1,winoq,sedate
minuna,held,3,1,winor,win
minuna,held,3,1,winul,window
minuna,held,3,1,winun,dusk
minuna,held,3,1,wirol,tender
minuna,held,3,1,wiron,warn
minuna,held,3,1,wiruq,worry
minuna,held,3,1,wirur,forceful (like hard hit)
minupa,held,3,1,merop,10^36
minupa,held,3,1,merov,maybe
minupa,held,3,1,wilob,buddy
minupa,held,3,1,wiluf,wolf
minupa,held,3,1,wirov,weave
minupa,held,3,1,wirub,vowel large A sound
minuta,held,3,1,melod,mold (shape)
minuta,held,3,1,menod,manager
minuta,held,3,1,menus,menace
minuta,held,3,1,merud,manifold
minuta,held,3,1,minus,mince
minuta,held,3,1,wiros,oak
mipana,held,3,1,mepal,maple
mipana,held,3,1,mifar,joint (biology)
mipana,held,3,1,wibar,weber (measurement)
mipana,held,3,1,wifar,waver
mipana,held,3,1,wipal,trump
mipapa,held,3,1,wivav,exist
mipata,held,3,1,mifad,census
mipata,held,3,1,wibat,web
mipata,held,3,1,wipaz,wipe
mipima,strained,3,1,wipem,warm
mipina,strained,3,1,wifen,iff
mipipa,strained,3,1,wifev,wave
mipita,strained,3,1,mipet,meet
mipita,strained,3,1,wipet,warp
mipita,strained,3,1,wivec,waive
mipuka,held,3,1,wipuk,weep
mipuma,held,3,1,wibum,womb
mipuna,held,3,1,mivor,telegram
mipuna,held,3,1,wibol,wobble
mipuna,held,3,1,wipor,cry
mipuna,held,3,1,wipul,warble
miputa,held,3,1,wipus,whoops
mitaka,held,3,1,medak,tension
mitaka,held,3,1,widag,wade
mitaka,held,3,1,witaj,watch
mitama,held,3,1,mizam,initiative
mitama,held,3,1,witam,lunch
mitama,held,3,1,wizam,sock (foot)
mitana,held,3,1,medal,meddle
mitana,held,3,1,mesal,mislead
mitana,held,3,1,metar,chord (math)
mitana,held,3,1,mezar,mesmerize
mitana,held,3,1,miCal,mediate
mitana,held,3,1,midal,tower
mitana,held,3,1,midan,media
mitana,held,3,1,misal,missile
mitana,held,3,1,mitar,myriad
mitana,held,3,1,mizar,prism
mitana,held,3,1,wiCal,withdraw
mitana,held,3,1,wiCan,shore
mitana,held,3,1,wicar,weather
mitana,held,3,1,widal,tang
mitana,held,3,1,widan,wound
mitana,held,3,1,wisal,weasel
mitana,held,3,1,witaq,warranty
mitana,held,3,1,witar,winter
mitana,held,3,1,wizaq,disguise
mitapa,held,3,1,wisaf,depict
mitata,held,3,1,medas,majesty
mitata,held,3,1,metat,forward
mitata,held,3,1,wicat,withstand
mitata,held,3,1,wisaz,problem
mitata,held,3,1,witad,white
mitika,strained,3,1,mezik,music
mitika,strained,3,1,widej,10^45
mitima,strained,3,1,meCim,ticket
mitima,strained,3,1,mesim,apricot
mitima,strained,3,1,misem,certificate
mitima,strained,3,1,widem,wage
mitina,strained,3,1,witen,witty
mitipa,strained,3,1,witep,critical
mitita,strained,3,1,mesid,stumble
mitita,strained,3,1,wices,inverse
mitita,strained,3,1,widec,width
mitita,strained,3,1,wizez,fifteen
mituka,held,3,1,metux,much (large-lot-focus)
mituka,held,3,1,midox,interpret
mituka,held,3,1,widox,which
mituka,held,3,1,witok,vapid
mituka,held,3,1,witux,w sound
mituma,held,3,1,metum,metamorphic
mituna,held,3,1,medor,metaphor
mituna,held,3,1,medun,median (math)
mituna,held,3,1,mesor,tradition
mituna,held,3,1,metur,mentor
mituna,held,3,1,mezol,muzzle
mituna,held,3,1,midor,compartment
mituna,held,3,1,misor,loyalty
mituna,held,3,1,wicol,withhold
mituna,held,3,1,wiCor,wither
mituna,held,3,1,wiCul,bay
mituna,held,3,1,wiCun,whether
mituna,held,3,1,widor,weed
mituna,held,3,1,widul,waddle
mituna,held,3,1,widun,hypocrite
mituna,held,3,1,wisor,whisker
mituna,held,3,1,wisul,whistle
mituna,held,3,1,witol,whittle
mituna,held,3,1,witon,witness
mituna,held,3,1,witur,wad
mitupa,held,3,1,mizov,luggage
mitupa,held,3,1,wisup,whisper
mituta,held,3,1,meduz,jellyfish
mituta,held,3,1,mesus,month
mituta,held,3,1,metos,matrix (math)
mituta,held,3,1,metud,nematoda
mituta,held,3,1,mezut,character (nature)
mituta,held,3,1,micud,method
mituta,held,3,1,midot,spare
mituta,held,3,1,misot,protest
mituta,held,3,1,mizud,fortress
mituta,held,3,1,widot,want
mituta,held,3,1,wisoc,whisk
mituta,held,3,1,wisot,waste
mituta,held,3,1,witos,wince
mukana,held,3,1,mokan,dumb
mukika,held,3,1,mogeg,meaning
mukika,held,3,1,mokik,make up
mukika,held,3,1,moxik,pledge
mukika,held,3,1,mukek,align
mukika,held,3,1,muxek,prolonged
mukuka,strained,3,1,mojuj,message
mukuka,strained,3,1,moxox,immutable
mukuta,strained,3,1,mokot,mutate
mumana,held,3,1,momar,momentum
mumina,held,3,1,momen,moment
mumina,held,3,1,momiq,moo
mumipa,held,3,1,mumip,mime
mumuna,strained,3,1,momur,commemorate
munaka,held,3,1,murak,mercury
munama,held,3,1,munam,bald
munana,held,3,1,monan,shy
munana,held,3,1,moraq,mourn
munana,held,3,1,mural,mortal
munapa,held,3,1,muraf,mortify
munata,held,3,1,molaz,frizz
munata,held,3,1,monas,administer
munika,held,3,1,molek,monkey
munika,held,3,1,monik,motor
munika,held,3,1,murij,margin
munina,held,3,1,moliq,mole
munina,held,3,1,moneq,moan
munina,held,3,1,monin,mend
munina,held,3,1,morin,morning
munina,held,3,1,munen,mundane
munipa,held,3,1,murev,mighty
munita,held,3,1,mored,nurse
munita,held,3,1,muric,marry
munuka,strained,3,1,morog,mortgage
munuka,strained,3,1,moruj,merge
mununa,strained,3,1,molul,high
mununa,strained,3,1,moron,m sound
mununa,strained,3,1,morur,murder
munupa,strained,3,1,morof,morph
munuta,strained,3,1,molot,vowel large O sound
munuta,strained,3,1,molus,mold (bacteria)
munuta,strained,3,1,monot,occuptation
munuta,strained,3,1,moroz,metamorphosis
munuta,strained,3,1,morut,mortar
munuta,strained,3,1,mulos,mollusk
mupaka,held,3,1,mopak,mope
mupana,held,3,1,mubal,mobile
mupipa,held,3,1,mopip,twelve
mupuna,strained,3,1,mofol,muffle
mupuna,strained,3,1,movun,move on
mutaka,held,3,1,mudaj,dive
mutaka,held,3,1,musax,mustache
mutaka,held,3,1,mutak,paddle
mutama,held,3,1,musam,convention
mutana,held,3,1,modan,modern
mutana,held,3,1,mosal,mustelidae
mutana,held,3,1,motar,moat
mutana,held,3,1,musaq,aardvark
mutana,held,3,1,musar,massacre
mutana,held,3,1,mutal,mutual
mutana,held,3,1,mutan,mutant
mutapa,held,3,1,modaf,modify
mutata,held,3,1,mudat,mutilate
mutata,held,3,1,musat,member
mutika,held,3,1,mosig,fork (utensil)
mutika,held,3,1,museg,concept
mutika,held,3,1,muzig,muse
mutina,held,3,1,mutin,mutiny
mutipa,held,3,1,motev,motive
mutipa,held,3,1,musib,party
mutipa,held,3,1,mutip,peak
mutipa,held,3,1,mutiv,motivate
mutita,held,3,1,modet,moderate
mutita,held,3,1,modis,medicine
mutita,held,3,1,moset,emaciate
mutita,held,3,1,mozit,mosquito
mutita,held,3,1,muted,mood
mutuna,strained,3,1,moton,moot
mututa,strained,3,1,modod,mode
mututa,strained,3,1,mosod,most (-est) (large-collection-partition-focus)
mututa,strained,3,1,motut,mountain
mututa,strained,3,1,mozoz,hash
nakaka,held,3,1,lagak,like
nakama,held,3,1,lakam,warfare
nakama,held,3,1,nakam,revenge
nakama,held,3,1,raxam,crime
nakana,held,3,1,lagan,elegant
nakana,held,3,1,lajan,legend
nakana,held,3,1,nagal,palm tree
nakana,held,3,1,nakar,exhaust
nakana,held,3,1,ragal,wrangle
nakana,held,3,1,ragan,rag
nakapa,held,3,1,ragav,rot
nakata,held,3,1,rajas,registry
nakika,held,3,1,lakix,relaxation
nakika,held,3,1,nagik,goad
nakika,held,3,1,nakek,crevice
nakika,held,3,1,rakek,guard
nakima,held,3,1,lakim,prosperity
nakina,held,3,1,laken,diagonal
nakina,held,3,1,laxiq,virtuous
nakina,held,3,1,nagin,eel
nakina,held,3,1,naxen,national
nakina,held,3,1,raken,bow
nakina,held,3,1,raxen,rational
nakipa,held,3,1,lajip,garbage
nakita,held,3,1,lajis,legislate
nakita,held,3,1,lakit,lanky
nakita,held,3,1,rakid,arachnid
nakuka,held,3,1,lagug,organ (body)
nakuka,held,3,1,lakok,client
nakuna,held,3,1,lagor,log
nakuna,held,3,1,lagun,lug
nakuna,held,3,1,lakol,lock
nakuna,held,3,1,nagor,inaugurate
nakuna,held,3,1,nagun,melody
nakuna,held,3,1,nakol,cervidae
nakuna,held,3,1,nakur,knock out
nakuna,held,3,1,ragul,ring (shape)
nakuna,held,3,1,rakol,wrinkle
nakupa,held,3,1,naxof,breeze
nakuta,held,3,1,lakos,lack
nakuta,held,3,1,nagot,contrast
nakuta,held,3,1,najot,nauseate
nakuta,held,3,1,rakut,rocket
nakuta,held,3,1,raxut,permission
namana,held,3,1,laman,lamb
namana,held,3,1,namal,port
namapa,held,3,1,lamap,smear
namata,held,3,1,ramaz,rim
namina,held,3,1,lamin,laminate
namina,held,3,1,namin,nominate
namipa,held,3,1,namip,magnet
namipa,held,3,1,ramip,r sound
namita,held,3,1,lamet,loom
namita,held,3,1,ramed,romp
namuna,held,3,1,lamoq,lump
namuna,held,3,1,lamor,lumber
namuna,held,3,1,namor,humble
namupa,held,3,1,ramob,ramble
namupa,held,3,1,ramuv,remove
namuta,held,3,1,lamod,tutor
namuta,held,3,1,ramus,trample
nanaka,strained,3,1,narak,any
nanaka,strained,3,1,rarak,rear
nanama,strained,3,1,ranam,random
nanapa,strained,3,1,larap,lepton
nanata,strained,3,1,lalad,wild
nanata,strained,3,1,lanad,lounge
nanika,held,3,1,lalex,old-fashioned
nanika,held,3,1,lareg,element
nanika,held,3,1,ranek,rank
nanima,held,3,1,lanim,league
nanipa,held,3,1,laliv,lush
nanipa,held,3,1,larev,larva
nanipa,held,3,1,narev,river
nanita,held,3,1,lanes,miserly
nanita,held,3,1,lanit,lint
nanita,held,3,1,lares,let in
nanita,held,3,1,nanid,nand
nanita,held,3,1,narit,narrate
nanita,held,3,1,raled,revile
nanita,held,3,1,ranez,ram
nanita,held,3,1,ranid,rind
nanuka,held,3,1,lanok,wool
nanuka,held,3,1,laroj,let down
nanuka,held,3,1,naroj,nurture
nanuka,held,3,1,ralog,relegate
nanuka,held,3,1,ranog,runt
nanuma,held,3,1,larom,limb
nanupa,held,3,1,laruv,leave
nanupa,held,3,1,narob,neighbor
nanupa,held,3,1,naruv,nerve
nanuta,held,3,1,larod,large
nanuta,held,3,1,larus,gull
nanuta,held,3,1,nanoz,noise
nanuta,held,3,1,naroc,north
nanuta,held,3,1,ranos,ransack
nanuta,held,3,1,ranut,rant
napaka,held,3,1,nafak,capacity
napaka,held,3,1,rafak,raisard
napana,held,3,1,labal,label/characterization
napana,held,3,1,lafan,satellite
napana,held,3,1,lapar,elaborate
napana,held,3,1,lavar,lava
napana,held,3,1,naban,nub
napana,held,3,1,napar,nap
napana,held,3,1,rabal,rebel
napana,held,3,1,rafal,mist
napana,held,3,1,rapar,rupture
napapa,held,3,1,rabap,ride
napata,held,3,1,lavat,levitate
napata,held,3,1,nabas,neptune
napata,held,3,1,nafas,widespread
napata,held,3,1,rapad,pad
napata,held,3,1,ravaC,drizzle
napika,held,3,1,rapix,rap
napika,held,3,1,ravij,ravish
napina,held,3,1,labin,lobby
napina,held,3,1,nabeq,knob
napina,held,3,1,raven,revenue
napipa,held,3,1,lafif,four
napipa,held,3,1,ravev,particle
napita,held,3,1,lafet,laugh
napita,held,3,1,lapes,lap (race)
napita,held,3,1,navit,navigate
napita,held,3,1,rabet,rabbit
napita,held,3,1,rafed,rife
napita,held,3,1,rapit,interest (banking)
napita,held,3,1,ravit,raft
napuka,held,3,1,napok,inflate
napuka,held,3,1,navok,prophesy
napuka,held,3,1,rabuk,rebuke
napuka,held,3,1,rapok,wrap up
napuka,held,3,1,ravok,profut
napuna,held,3,1,labor,lab
napuna,held,3,1,rabor,rob
napuna,held,3,1,rafor,rough
napuna,held,3,1,raful,ruffle
napuna,held,3,1,rapol,repeal
napupa,held,3,1,lafuf,far (large-distance-focus)
naputa,held,3,1,labot,fan (action)
naputa,held,3,1,rabus,rhombus
nataka,held,3,1,ladaj,l sound
nataka,held,3,1,nadaj,knowledge
nataka,held,3,1,natak,nod
nataka,held,3,1,radax,radish
nataka,held,3,1,rasaj,rouse
nataka,held,3,1,ratak,rhetoric
natana,held,3,1,laCar,lather
natana,held,3,1,lazan,almond
natana,held,3,1,nadar,cnidaria
natana,held,3,1,nasar,ally
natana,held,3,1,natal,exploit
natana,held,3,1,natan,gnat
natana,held,3,1,radaq,cart
natana,held,3,1,radar,rare
natana,held,3,1,ratan,ratify
natana,held,3,1,razal,wrestle
natana,held,3,1,razan,resonance
natapa,held,3,1,lataf,entertain
natapa,held,3,1,nataf,notify
natata,held,3,1,nadat,banish
natata,held,3,1,nasat,attempt
natata,held,3,1,nataz,glory
natata,held,3,1,nazaz,as
natata,held,3,1,radat,eradicate
natata,held,3,1,rasat,furnish
natata,held,3,1,razas,ruse
natika,held,3,1,lasek,flock
natika,held,3,1,latex,latch
natika,held,3,1,naseg,retreat
natika,held,3,1,natex,n sound
natima,held,3,1,lazem,due
natima,held,3,1,natem,parallax
natina,held,3,1,laden,laud
natina,held,3,1,lasen,license
natina,held,3,1,latin,lightning
natina,held,3,1,nateq,knight
natina,held,3,1,razin,resin
natipa,held,3,1,nativ,generous
natipa,held,3,1,rasef,hover
natita,held,3,1,laCid,stack
natita,held,3,1,ladid,delicious
natita,held,3,1,latet,light
natita,held,3,1,latis,lattice
natita,held,3,1,nases,nice
natita,held,3,1,natis,notice
natita,held,3,1,racis,spray
natita,held,3,1,rated,write
natita,held,3,1,ratiz,flicker
natita,held,3,1,razet,rice
natuka,held,3,1,latuk,corny
natuka,held,3,1,ratox,vowel a sound
natuka,held,3,1,razuk,reminiscent of (-esque)
natuma,held,3,1,razom,rhizome
natuna,held,3,1,laCur,leather
natuna,held,3,1,lator,luster
natuna,held,3,1,lazul,lapis lazuli
natuna,held,3,1,nator,monitor
natuna,held,3,1,nazul,lodge
natuna,held,3,1,racun,wrath
natuna,held,3,1,raCur,rather
natuna,held,3,1,rasol,messenger
natuna,held,3,1,rason,rust
natuna,held,3,1,rator,raptor
natuna,held,3,1,ratun,rat
natuna,held,3,1,razun,residue
natupa,held,3,1,lazup,candle
natupa,held,3,1,rasop,rasp
natuta,held,3,1,lasut,last
natuta,held,3,1,latus,lettuce
natuta,held,3,1,nadud,wander
natuta,held,3,1,radud,shallow (depth)
natuta,held,3,1,rasos,in
natuta,held,3,1,ratuz,race (event)
natuta,held,3,1,razod,reside
natuta,held,3,1,razuz,consonant
nikaka,held,3,1,lekak,collect
nikaka,held,3,1,ligax,mangle
nikaka,held,3,1,negax,negotiate
nikana,held,3,1,likan,liken
nikana,held,3,1,liyal,boolean
nikana,held,3,1,nexan,nation
nikana,held,3,1,nikan,enter a state
nikana,held,3,1,nixan,herring (fish)
nikana,held,3,1,regar,regular
nikana,held,3,1,rekan,recognize
nikana,held,3,1,rigar,require
nikana,held,3,1,rikal,recline
nikapa,held,3,1,rekav,ingredient
nikapa,held,3,1,rikap,recap
nikata,held,3,1,nigad,naked
nikata,held,3,1,nixas,ugly
nikata,held,3,1,regac,wreck
nikata,held,3,1,rejat,register
nikata,held,3,1,rigad,regard
nikata,held,3,1,rikas,relax
nikika,strained,3,1,legik,link
nikika,strained,3,1,lekix,languish
nikika,strained,3,1,likex,relinquish
nikina,strained,3,1,lixeq,ideal
nikina,strained,3,1,regin,reign
nikina,strained,3,1,rejin,zeal
nikina,strained,3,1,rigen,rig
nikipa,strained,3,1,negiv,virus
nikipa,strained,3,1,rekib,perpetrate
nikita,strained,3,1,negis,10^27
nikita,strained,3,1,regiz,prerequisite
nikita,strained,3,1,riket,racket (tool)
nikita,strained,3,1,rixet,net
nikuka,held,3,1,legog,permute
nikuka,held,3,1,lejuj,logic
nikuka,held,3,1,lekug,look
nikuka,held,3,1,nijok,specific
nikuka,held,3,1,nikuk,pink
nikuka,held,3,1,rikox,reaction
nikuka,held,3,1,rikuk,up
nikuma,held,3,1,rixom,record
nikuna,held,3,1,ligol,ridicule
nikuna,held,3,1,lijur,leisure
nikuna,held,3,1,nikun,nickname
nikuna,held,3,1,rekul,recluse
nikuna,held,3,1,rigol,wriggle
nikuna,held,3,1,rigur,recruit
nikuna,held,3,1,rijon,origin
nikuna,held,3,1,rikor,recur
nikuna,held,3,1,rikul,recoil
nikupa,held,3,1,regov,wring
nikupa,held,3,1,rekup,recoup
nikupa,held,3,1,rigov,clod of earth
nikuta,held,3,1,legoz,leg
nikuta,held,3,1,negud,dot
nikuta,held,3,1,nekot,anecdote
nikuta,held,3,1,rijos,rejoice
nikuta,held,3,1,rikuz,concentration
nimana,held,3,1,limaq,leeway
nimana,held,3,1,rimar,remark
nimata,held,3,1,rimat,remote (distance)
nimika,strained,3,1,remik,rhyme
nimina,strained,3,1,nimen,depression
nimina,strained,3,1,rimen,remain
nimipa,strained,3,1,lemip,limp
nimuta,held,3,1,nemut,clay
nimuta,held,3,1,rimoz,revise
ninaka,held,3,1,lenak,lone
ninaka,held,3,1,lerax,10^12
ninaka,held,3,1,nirax,inertia
ninaka,held,3,1,renag,renege
ninaka,held,3,1,riraj,rearrange
ninapa,held,3,1,rilap,relapse
ninata,held,3,1,lenas,lane
ninata,held,3,1,linas,stingy
ninata,held,3,1,nelaz,analyse
ninata,held,3,1,nirat,neutron
ninata,held,3,1,relas,rile
ninata,held,3,1,renaz,earnest
ninata,held,3,1,rilas,release
ninika,strained,3,1,linej,lineage
ninika,strained,3,1,relik,calendar
ninika,strained,3,1,renix,ray
ninika,strained,3,1,rinex,ductile
ninima,strained,3,1,linem,courtesy
ninima,strained,3,1,renim,citizen
ninima,strained,3,1,rinem,folk
ninipa,strained,3,1,relif,relief
ninita,strained,3,1,lenid,landscape
ninita,strained,3,1,leric,levy
ninita,strained,3,1,lired,wet
ninita,strained,3,1,niles,lux (measurement)
ninita,strained,3,1,reliz,reel
ninita,strained,3,1,rinet,rinse
ninuka,held,3,1,linox,temporary
ninuka,held,3,1,niluk,wage war
ninuka,held,3,1,ninuk,justification
ninuma,held,3,1,nilom,restraint
ninupa,held,3,1,linuf,lean (fat)
ninuta,held,3,1,linot,lynch
ninuta,held,3,1,linuz,drip
ninuta,held,3,1,nelot,annihilate
ninuta,held,3,1,nilod,neon
ninuta,held,3,1,relot,riot
ninuta,held,3,1,rinus,rhinoceros
nipaka,held,3,1,livak,evict
nipaka,held,3,1,nevak,realize
nipaka,held,3,1,revak,revoke
nipama,held,3,1,rifam,revamp
nipana,held,3,1,lebar,library
nipana,held,3,1,lefar,leverage
nipana,held,3,1,libar,leap
nipana,held,3,1,neval,navel
nipana,held,3,1,nival,harp
nipana,held,3,1,rebar,rib
nipana,held,3,1,refar,refrain
nipana,held,3,1,repal,republic
nipana,held,3,1,reval,rival
nipana,held,3,1,ribar,rebar
nipana,held,3,1,rifar,refresh
nipana,held,3,1,ripal,repulse
nipana,held,3,1,ripan,repent
nipana,held,3,1,rival,revolve
nipapa,held,3,1,lepap,push
nipapa,held,3,1,revav,lot (amount)
nipapa,held,3,1,ribab,ribbit
nipapa,held,3,1,rivav,revive
nipata,held,3,1,nifat,invest
nipata,held,3,1,rifat,rivet
nipata,held,3,1,ripaz,reap
nipika,strained,3,1,lifek,lavish
nipima,strained,3,1,nevim,prophecy
nipina,strained,3,1,rifen,refine
nipipa,strained,3,1,rebip,rich
nipipa,strained,3,1,rebiv,reprieve
nipita,strained,3,1,levit,alleviate
nipita,strained,3,1,lived,evade
nipuka,held,3,1,nibog,genius
nipuma,held,3,1,rifum,reform
nipuma,held,3,1,ripom,rip
nipuna,held,3,1,lebur,labor
nipuna,held,3,1,lefon,elephant
nipuna,held,3,1,lepor,leporidae
nipuna,held,3,1,libur,liberate
nipuna,held,3,1,lipor,leopard
nipuna,held,3,1,nebol,nebula
nipuna,held,3,1,nefol,tumble
nipuna,held,3,1,repor,report
nipuna,held,3,1,ribon,rule (control)
nipuna,held,3,1,ribur,reproach
nipuna,held,3,1,rifol,reef
nipuna,held,3,1,rifon,refund
nipuna,held,3,1,rifur,flutter
nipuna,held,3,1,ripor,repair
nipuna,held,3,1,ripul,ripple
nipuna,held,3,1,rivor,revert
nipuna,held,3,1,rivun,review
nipupa,held,3,1,rebub,logarithm
nipupa,held,3,1,refof,success
nipupa,held,3,1,repob,republican
nipupa,held,3,1,rifof,close (near)
niputa,held,3,1,lifut,lift
niputa,held,3,1,nefos,kidney
niputa,held,3,1,nipot,sift
niputa,held,3,1,nipuz,smashing
niputa,held,3,1,nivus,nervous
niputa,held,3,1,refut,refute
niputa,held,3,1,repus,10^39
niputa,held,3,1,ribuc,intermediate
niputa,held,3,1,ribut,reputation
niputa,held,3,1,rifoz,refuse
niputa,held,3,1,ripot,repute
niputa,held,3,1,ripus,fault
niputa,held,3,1,rivoC,algorithm
niputa,held,3,1,rivot,rift
nitaka,held,3,1,litax,little
nitaka,held,3,1,netax,notch
nitaka,held,3,1,nidak,chunk
nitaka,held,3,1,nisak,damage
nitaka,held,3,1,nitax,nip
nitaka,held,3,1,riCak,sway
nitaka,held,3,1,ridak,irradiate
nitaka,held,3,1,risak,moisture
nitama,held,3,1,ritam,reach
nitana,held,3,1,letar,late
nitana,held,3,1,lidal,literal
nitana,held,3,1,litar,liter (measurement)
nitana,held,3,1,nesal,nestle
nitana,held,3,1,netar,nectar
nitana,held,3,1,nisan,necessary
nitana,held,3,1,nizar,remember suddenly after having forgotten
nitana,held,3,1,redan,radian (measurement)
nitana,held,3,1,resan,restaurant
nitana,held,3,1,retaq,enthusiasm
nitana,held,3,1,retar,retract
nitana,held,3,1,rezar,resurrect
nitana,held,3,1,ridan,region
nitana,held,3,1,risan,rescind
nitana,held,3,1,ritar,retire
nitapa,held,3,1,resap,respond
nitata,held,3,1,lidaz,clown
nitata,held,3,1,nesas,lawn
nitata,held,3,1,reCas,recess
nitata,held,3,1,ridas,righteous
nitata,held,3,1,ritat,soil
nitika,strained,3,1,netik,vagina
nitika,strained,3,1,retik,fascinate
nitika,strained,3,1,ricek,restrict
nitika,strained,3,1,risex,purchase
nitika,strained,3,1,rizek,risk
nitima,strained,3,1,lisem,bread
nitima,strained,3,1,redim,redeem
nitina,strained,3,1,lesiq,lace
nitina,strained,3,1,lezin,lazy
nitina,strained,3,1,liseq,lease
nitina,strained,3,1,recin,rage
nitina,strained,3,1,rediq,rate
nitina,strained,3,1,resiq,raise
nitina,strained,3,1,retin,ready
nitina,strained,3,1,rideq,rid
nitina,strained,3,1,rizen,resent
nitita,strained,3,1,lidet,liquidate
nitita,strained,3,1,liset,elicit
nitita,strained,3,1,nesit,nasty
nitita,strained,3,1,netis,phocidae (seal animal)
nitita,strained,3,1,nided,need
nitita,strained,3,1,nisec,anesthetize
nitita,strained,3,1,recis,sliver
nitita,strained,3,1,redit,radiate
nitita,strained,3,1,resit,race
nitita,strained,3,1,reziz,rise
nitita,strained,3,1,rided,raid
nitita,strained,3,1,rised,recede
nitita,strained,3,1,ritez,floor
nituka,held,3,1,ledoj,theory
nituka,held,3,1,litog,litigate
nituka,held,3,1,neduk,severing
nituka,held,3,1,nisug,recession
nituka,held,3,1,resuk,vowel english r sound
nituka,held,3,1,retux,rate (change)
nituka,held,3,1,ridox,recharge
nituka,held,3,1,ritux,ring (math)
nituka,held,3,1,rizux,asset
nituma,held,3,1,ridom,frank
nituma,held,3,1,rizum,resume
nituna,held,3,1,lesun,lesson
nituna,held,3,1,lidor,lid
nituna,held,3,1,lisul,nimble
nituna,held,3,1,nedor,vow
nituna,held,3,1,nidul,needle
nituna,held,3,1,reCor,irrational (number)
nituna,held,3,1,resor,rehearse
nituna,held,3,1,rezur,razor (tool)
nituna,held,3,1,ridor,redirect
nituna,held,3,1,ridul,riddle
nituna,held,3,1,ridun,redo
nituna,held,3,1,risor,resource
nituna,held,3,1,ritur,retort
nituna,held,3,1,rizur,research
nitupa,held,3,1,lesup,lisp
nitupa,held,3,1,nisob,proportion
nitupa,held,3,1,resuv,street
nituta,held,3,1,leCot,bore (boring)
nituta,held,3,1,leCus,point out
nituta,held,3,1,lesot,list
nituta,held,3,1,lidod,lead
nituta,held,3,1,nezoz,nose
nituta,held,3,1,nitoz,usage
nituta,held,3,1,redod,red
nituta,held,3,1,retut,rattus
nituta,held,3,1,rizut,reset
nukaka,held,3,1,rokak,rock
nukama,held,3,1,lukam,look forward to
nukama,held,3,1,ruxam,impression
nukana,held,3,1,lokan,open space
nukana,held,3,1,lukar,look after
nukana,held,3,1,nokan,nick
nukana,held,3,1,rogar,rug
nukika,held,3,1,lokig,glimmer
nukika,held,3,1,lugig,murmur
nukika,held,3,1,nogek,neck
nukima,held,3,1,rukim,radiant
nukina,held,3,1,luxiq,popular
nukita,held,3,1,logit,lurk
nukita,held,3,1,loket,locate
nukita,held,3,1,nukes,nut
nukita,held,3,1,nukit,ursidae
nukuka,strained,3,1,logok,bet (gamble)
nukuka,strained,3,1,lokuk,place (space location)
nukuka,strained,3,1,rogog,thirteen
nukuka,strained,3,1,rokug,this
nukuna,strained,3,1,lokor,look up
nukupa,strained,3,1,lukop,look for
numana,held,3,1,luman,lumen (measurement)
numana,held,3,1,numan,numb
numana,held,3,1,romar,roam
numana,held,3,1,ruman,ruminant
numata,held,3,1,lomat,lament
numika,held,3,1,rumig,room
numina,held,3,1,lomen,lamprey
numina,held,3,1,nomiq,anomaly
numipa,held,3,1,lumeb,harass
numita,held,3,1,numet,enumerate
numita,held,3,1,romit,remit
numita,held,3,1,rumet,ruminate
numuma,strained,3,1,lomum,plural (many)
numuna,strained,3,1,rumor,rumor
nunaka,held,3,1,lurag,log (diary)
nunaka,held,3,1,nolak,nook
nunaka,held,3,1,rolak,rally
nunaka,held,3,1,ronak,apt
nunama,held,3,1,noram,normal
nunata,held,3,1,lorat,let
nunata,held,3,1,luras,log in
nunata,held,3,1,norad,farenheit
nunata,held,3,1,runad,gnaw
nunika,held,3,1,lorik,ratio
nunika,held,3,1,lulik,reed (plant)
nunika,held,3,1,lurek,lube
nunika,held,3,1,nonex,annunciate
nunika,held,3,1,rolij,religion
nunipa,held,3,1,loreb,lobe
nunipa,held,3,1,nuref,vowel large U sound
nunita,held,3,1,lurid,already
nunita,held,3,1,noris,nursery
nunita,held,3,1,nuriC,nutrition
nunita,held,3,1,roned,french r sound
nunita,held,3,1,rulet,relate
nunuka,strained,3,1,norok,nor
nunuka,strained,3,1,norux,nourish
nunuka,strained,3,1,nunok,bear (animal)
nunuma,strained,3,1,lonom,profile
nunuma,strained,3,1,norum,normal (math)
nunuta,strained,3,1,loros,lust
nunuta,strained,3,1,lurot,pregnant
nunuta,strained,3,1,noros,having some aspects of (-ish)
nunuta,strained,3,1,nurod,order
nupana,held,3,1,luban,boss
nupana,held,3,1,noval,novel
nupana,held,3,1,robaq,bank (river)
nupana,held,3,1,rubal,robe
nupana,held,3,1,rufan,roof
nupana,held,3,1,rupaq,outward appearance
nupata,held,3,1,rubas,robust
nupita,held,3,1,lopis,lapse
nupita,held,3,1,ropet,replicate
nupuna,strained,3,1,nobol,nibble
nupuna,strained,3,1,rubor,rubber
nupupa,strained,3,1,lubob,error
nupupa,strained,3,1,nupop,no
nupupa,strained,3,1,rovuv,copper
nupupa,strained,3,1,rupop,right (time)
nuputa,strained,3,1,lopus,bolt
nuputa,strained,3,1,nobud,noble
nutaka,held,3,1,nosag,steer
nutaka,held,3,1,rotax,rite
nutana,held,3,1,lotar,loiter
nutana,held,3,1,ludar,lewd
nutana,held,3,1,nosal,proceed
nutana,held,3,1,nosan,nuisance
nutana,held,3,1,notar,sodium
nutana,held,3,1,nudar,nutrient
nutana,held,3,1,nutal,newt
nutana,held,3,1,nutan,newton (force)
nutana,held,3,1,rodan,dictator
nutana,held,3,1,rotar,rote
nutana,held,3,1,rudar,root
nutata,held,3,1,ludad,yellow
nutata,held,3,1,lusad,lucid
nutata,held,3,1,rozat,rest (remainder)
nutika,held,3,1,lotix,lurch
nutika,held,3,1,ludij,litter
nutika,held,3,1,nosik,skeptic
nutika,held,3,1,nudij,nude
nutika,held,3,1,roCik,velocity
nutika,held,3,1,rosik,mash
nutika,held,3,1,rutex,route
nutina,held,3,1,lutin,otter
nutina,held,3,1,rutin,routine
nutipa,held,3,1,losiv,elusive
nutipa,held,3,1,noseb,passenger
nutipa,held,3,1,rotev,sauce
nutita,held,3,1,loCed,loath
nutita,held,3,1,losed,elucidate
nutita,held,3,1,lusit,hit (popular)
nutita,held,3,1,notit,annotate
nutita,held,3,1,nuziz,distribute
nutita,held,3,1,rotit,rotate
nutita,held,3,1,rudid,read
nutita,held,3,1,rutet,tremble
nutuka,strained,3,1,loCug,loathe
nutuka,strained,3,1,lotux,protrude
nutuka,strained,3,1,notux,rural
nutuna,strained,3,1,lodun,lunge
nutuna,strained,3,1,losul,halogen
nutuna,strained,3,1,lutor,loot
nutuna,strained,3,1,nozol,nuzzle
nututa,strained,3,1,nodot,note
nututa,strained,3,1,nosot,embed
nututa,strained,3,1,rodot,FALSE
nututa,strained,3,1,rosot,past (distance)
nututa,strained,3,1,rozoz,rose
nututa,strained,3,1,ruzot,slim
pakaka,held,3,1,bakax,backwash
pakaka,held,3,1,pajak,project (task)
pakaka,held,3,1,vagak,multiply
pakama,held,3,1,fakam,surge
pakama,held,3,1,payam,implement
pakana,held,3,1,bagal,bike
pakana,held,3,1,bagan,pessimistic
pakana,held,3,1,bajan,beige
pakana,held,3,1,bakar,inspect
pakana,held,3,1,baxar,herald
pakana,held,3,1,faxaq,aroma
pakana,held,3,1,faxar,compromise
pakana,held,3,1,fayar,flout
pakana,held,3,1,pagal,digest
pakana,held,3,1,paxar,confirm
pakata,held,3,1,bagas,rectangle
pakata,held,3,1,vakad,avocado
pakika,held,3,1,bakek,hatch (egg)
pakika,held,3,1,faxix,rummage
pakima,held,3,1,bakim,fond
pakima,held,3,1,pakim,drift
pakina,held,3,1,baken,pecan
pakina,held,3,1,vaken,crooked
pakina,held,3,1,vakiq,vie
pakipa,held,3,1,pakef,overtake
pakipa,held,3,1,paxep,posh
pakita,held,3,1,bagiz,bark (dog)
pakita,held,3,1,bakid,backpedal
pakita,held,3,1,faget,signature
pakita,held,3,1,fakes,squirm
pakita,held,3,1,pagis,populate
pakita,held,3,1,pakit,pocket
pakita,held,3,1,vagis,vaccine
pakita,held,3,1,vakit,evacuate
pakuka,held,3,1,faguk,foul
pakuka,held,3,1,pakux,puncture
pakuna,held,3,1,bagun,bag
pakuna,held,3,1,bakol,buckle
pakuna,held,3,1,bakon,portion
pakuna,held,3,1,bakur,senior (rank)
pakuna,held,3,1,baxol,ripe
pakuna,held,3,1,bayon,blunder
pakuna,held,3,1,faxon,fashion (style)
pakuna,held,3,1,pagor,pact
pakuna,held,3,1,pakol,confiscate
pakuna,held,3,1,pakur,displace
pakuna,held,3,1,payon,plunge
pakuna,held,3,1,vagor,vine
pakupa,held,3,1,bagup,balk
pakupa,held,3,1,bakof,backfire
pakupa,held,3,1,paguv,seduce
pakupa,held,3,1,pakov,prevent
pakuta,held,3,1,bakut,backtrack
pakuta,held,3,1,fagoC,fax
pakuta,held,3,1,fayut,fluster
pamana,held,3,1,famal,fumble
pamapa,held,3,1,pamap,pomp
pamima,held,3,1,bamem,create
pamima,held,3,1,pamem,dim
pamina,held,3,1,pamin,coach
pamipa,held,3,1,bamip,stage
pamita,held,3,1,bawid,building
pamita,held,3,1,famis,fantasy
pamita,held,3,1,pamet,punt
pamita,held,3,1,pawit,improvise
pamita,held,3,1,vawit,domesticate
pamuna,held,3,1,famul,graze
pamuna,held,3,1,pamor,pamper
pamuna,held,3,1,pamul,pummel
pamuna,held,3,1,pamun,bell
pamupa,held,3,1,bamob,bamboozle
panaka,held,3,1,balax,embellish
panaka,held,3,1,banaj,bandage
panaka,held,3,1,barak,bless
panaka,held,3,1,falax,flesh
panaka,held,3,1,farag,fog
panaka,held,3,1,panax,punish
panaka,held,3,1,vanax,adventure
panama,held,3,1,falam,film (residue)
panama,held,3,1,palam,plump
panama,held,3,1,panam,pendulum
panama,held,3,1,valam,its
panana,held,3,1,balaq,belong
panana,held,3,1,balar,reciprocate
panana,held,3,1,baral,barrel
panana,held,3,1,baran,barren
panana,held,3,1,falaq,flaw
panana,held,3,1,falar,falter
panana,held,3,1,fanar,fondle
panana,held,3,1,faral,fragile
panana,held,3,1,faran,frequency
panana,held,3,1,palaq,nifty
panana,held,3,1,palar,play
panana,held,3,1,panaq,paw
panana,held,3,1,panar,pen
panana,held,3,1,paral,brittle
panana,held,3,1,paran,purr
panana,held,3,1,valar,volunteer
panana,held,3,1,vanar,veneer
panana,held,3,1,varan,vibrant
panapa,held,3,1,balab,blob
panapa,held,3,1,banab,variant
panapa,held,3,1,barav,duck (bird)
panapa,held,3,1,farav,10^24
panapa,held,3,1,paraf,perfume
panapa,held,3,1,parap,perpendicular
panata,held,3,1,balaC,balloon
panata,held,3,1,banac,beneath
panata,held,3,1,baras,tend (I tend to)
panata,held,3,1,falat,flat
panata,held,3,1,fanat,fang
panata,held,3,1,faras,sail
panata,held,3,1,palad,pound (measure)
panata,held,3,1,panad,upon
panata,held,3,1,paraz,p sound
panata,held,3,1,valad,valid
panata,held,3,1,vanad,vandalize
panata,held,3,1,varaz,forest
panika,held,3,1,balej,alarm
panika,held,3,1,banek,punctuate
panika,held,3,1,banix,deform
panika,held,3,1,falik,bland
panika,held,3,1,fanix,foundation
panika,held,3,1,farek,euphoric
panika,held,3,1,farix,refurbish
panika,held,3,1,palex,polish
panika,held,3,1,palig,plastic
panika,held,3,1,pareg,poppy
panika,held,3,1,parij,enclosure
panika,held,3,1,valex,embarrass
panika,held,3,1,valig,flag
panima,held,3,1,balem,blemish
panima,held,3,1,barim,alfalfa (vegetable)
panima,held,3,1,falem,flame
panima,held,3,1,farim,farm (activity)
panima,held,3,1,palem,plummet
panima,held,3,1,panim,pint
panima,held,3,1,parim,permit
panima,held,3,1,valem,valley
panima,held,3,1,varim,stop
panina,held,3,1,baleq,bully
panina,held,3,1,balin,blah
panina,held,3,1,banen,banana
panina,held,3,1,baniq,band (mark)
panina,held,3,1,baren,brain
panina,held,3,1,bariq,berry
panina,held,3,1,faleq,folly
panina,held,3,1,falin,falcon
panina,held,3,1,fanen,rebound
panina,held,3,1,faniq,writhe
panina,held,3,1,faren,danish e vowel sound
panina,held,3,1,palin,plan
panina,held,3,1,panen,pearl
panina,held,3,1,paniq,penalty
panina,held,3,1,paren,apparent
panina,held,3,1,pariq,parody
panina,held,3,1,varen,vary
panipa,held,3,1,balif,blow up
panipa,held,3,1,baref,paraphrase
panipa,held,3,1,barep,obscure
panipa,held,3,1,faleb,fall apart
panipa,held,3,1,falif,fulfil
panipa,held,3,1,fanef,fan (favorite)
panipa,held,3,1,paliv,repulsive
panipa,held,3,1,parev,involve
panipa,held,3,1,parib,parable
panipa,held,3,1,vanep,vane
panita,held,3,1,baled,bait
panita,held,3,1,baliz,guarantee
panita,held,3,1,banid,band (group)
panita,held,3,1,barez,box
panita,held,3,1,barit,orbit
panita,held,3,1,farez,phrase
panita,held,3,1,fariC,foresee
panita,held,3,1,farid,farad (measurement)
panita,held,3,1,palet,pilot
panita,held,3,1,palis,police
panita,held,3,1,panes,penis
panita,held,3,1,panic,panther
panita,held,3,1,panit,delight
panita,held,3,1,pares,pressure
panita,held,3,1,valet,evaluate
panita,held,3,1,vanit,archaea
panuka,held,3,1,balog,mess
panuka,held,3,1,baluj,bulge
panuka,held,3,1,banux,bunch (up)
panuka,held,3,1,barug,bacteria
panuka,held,3,1,fanux,font
panuka,held,3,1,farox,fresh
panuka,held,3,1,palok,pluck
panuka,held,3,1,palux,accomplish
panuka,held,3,1,panok,pine
panuka,held,3,1,paroj,propulsion
panuka,held,3,1,paruk,park (car)
panuka,held,3,1,vanok,cow
panuka,held,3,1,varoj,average
panuka,held,3,1,varuk,syllable
panuma,held,3,1,balum,bloom
panuma,held,3,1,barom,table
panuma,held,3,1,falum,fly (action)
panuma,held,3,1,fanum,phantom
panuma,held,3,1,farom,far
panuma,held,3,1,palum,ply
panuma,held,3,1,panum,pan (move)
panuma,held,3,1,parom,pile
panuma,held,3,1,valum,volume (math)
panuma,held,3,1,varom,circumference
panuna,held,3,1,balol,ballot
panuna,held,3,1,balon,bile
panuna,held,3,1,baluq,blab
panuna,held,3,1,banol,wrench (move with force)
panuna,held,3,1,baror,bear (carry)
panuna,held,3,1,barul,bare
panuna,held,3,1,barun,baryon
panuna,held,3,1,falon,flaunt
panuna,held,3,1,falur,flatter
panuna,held,3,1,fanol,magnify
panuna,held,3,1,fanur,find out
panuna,held,3,1,farul,fractal
panuna,held,3,1,farun,makeup
panuna,held,3,1,palol,plow
panuna,held,3,1,palon,hostile
panuna,held,3,1,palur,power
panuna,held,3,1,panol,panel
panuna,held,3,1,panon,companion
panuna,held,3,1,panur,palindrome
panuna,held,3,1,paroq,prod
panuna,held,3,1,paror,proper
panuna,held,3,1,parul,parabola
panuna,held,3,1,parun,prop (setting)
panuna,held,3,1,valol,vial
panuna,held,3,1,valon,venus
panuna,held,3,1,vanol,vinyl
panuna,held,3,1,varun,ocean
panupa,held,3,1,balof,blow
panupa,held,3,1,barob,barb
panupa,held,3,1,falop,hop
panupa,held,3,1,fanov,fawn (over)
panupa,held,3,1,palov,fur
panupa,held,3,1,paruv,prove
panupa,held,3,1,valov,evolve
panuta,held,3,1,baloz,bawl
panuta,held,3,1,balut,bout
panuta,held,3,1,banut,banter
panuta,held,3,1,baroC,brother
panuta,held,3,1,baruz,buzz
panuta,held,3,1,faloz,flab
panuta,held,3,1,falud,fluid
panuta,held,3,1,fanos,fun
panuta,held,3,1,fanud,fund
panuta,held,3,1,faroC,feather
panuta,held,3,1,farot,fart
panuta,held,3,1,palos,compassion
panuta,held,3,1,panoz,pond
panuta,held,3,1,parod,pod
panuta,held,3,1,parus,press (force)
panuta,held,3,1,varod,elevate
papama,strained,3,1,pavam,pavement
papana,strained,3,1,bafan,dwell
papana,strained,3,1,faban,handy
papana,strained,3,1,favar,favorite
papana,strained,3,1,paban,vicious
papana,strained,3,1,papar,poplar
papana,strained,3,1,pavar,pave
papana,strained,3,1,vabal,confuse
papana,strained,3,1,vapaq,interface (computing)
papana,strained,3,1,vapar,evaporate
papata,strained,3,1,babaz,baptize
papata,strained,3,1,papat,pipe
papata,strained,3,1,pavat,secure
papika,held,3,1,vavix,vivacious
papima,held,3,1,bafem,buff (strength)
papina,held,3,1,pafin,modulate
papita,held,3,1,babet,bribe
papita,held,3,1,pafet,rugged
papuna,held,3,1,babul,bubble
papuna,held,3,1,babun,baboon
papuna,held,3,1,baful,baffle
papuna,held,3,1,pabul,pebble
papuna,held,3,1,pavur,ventilate
paputa,held,3,1,bapos,bypass
paputa,held,3,1,papoz,propose
pataka,held,3,1,badax,bud (flower)
pataka,held,3,1,batak,prank
pataka,held,3,1,padaj,edge
pataka,held,3,1,vasax,stir
patama,held,3,1,fasam,bean (vegetable)
patama,held,3,1,padam,lotus
patana,held,3,1,badar,butter
patana,held,3,1,basar,well-seeing
patana,held,3,1,batan,bat (hit with stick)
patana,held,3,1,bazal,basalt
patana,held,3,1,fazan,pheasant
patana,held,3,1,paCar,prefer
patana,held,3,1,padar,original nature
patana,held,3,1,pasar,sparrow
patana,held,3,1,patal,petal (flower)
patana,held,3,1,patan,patent
patana,held,3,1,pazal,pastel
patana,held,3,1,pazan,peasant
patana,held,3,1,vadar,descent
patana,held,3,1,vasar,disperse
patana,held,3,1,vatal,revitalize
patapa,held,3,1,bazap,bounce
patapa,held,3,1,padab,palatable
patapa,held,3,1,pasab,possible
patapa,held,3,1,pataf,envelop
patapa,held,3,1,patap,polytope
patata,held,3,1,badat,beauty
patata,held,3,1,basac,quest
patata,held,3,1,basat,prime
patata,held,3,1,batas,dough
patata,held,3,1,fadad,demeanor
patata,held,3,1,fasad,corrupt
patata,held,3,1,pataz,gush
patata,held,3,1,vataz,reinforce
patika,held,3,1,badij,mix
patika,held,3,1,baseg,brace
patika,held,3,1,fadij,fudge
patika,held,3,1,fatik,faint
patika,held,3,1,padek,partake
patika,held,3,1,pasek,interval
patika,held,3,1,pasij,passage
patika,held,3,1,patex,hammer
patika,held,3,1,pazik,cite
patika,held,3,1,vacik,catch up
patika,held,3,1,vadek,verdict
patika,held,3,1,vasek,vascular
patika,held,3,1,vatig,vet
patina,held,3,1,baden,bide
patina,held,3,1,basen,bust
patina,held,3,1,bazin,business
patina,held,3,1,fasen,fasten
patina,held,3,1,paden,prance
patina,held,3,1,pazeq,pause
patina,held,3,1,vasen,breadth
patipa,held,3,1,paziv,disappoint
patipa,held,3,1,vasev,genuine
patita,held,3,1,batec,batcam
patita,held,3,1,bazet,bust (action)
patita,held,3,1,fadic,found
patita,held,3,1,fadit,facilitate
patita,held,3,1,fasit,facet
patita,held,3,1,faziz,fuzz
patita,held,3,1,padid,partridge
patita,held,3,1,pases,persist
patita,held,3,1,patet,soar
patita,held,3,1,patis,pout
patita,held,3,1,vases,aspect
patita,held,3,1,vasid,vice
patita,held,3,1,vatet,validate
patuka,held,3,1,baduj,badger
patuka,held,3,1,batox,bat (animal)
patuka,held,3,1,bazuk,barrier
patuma,held,3,1,baCum,cotton
patuma,held,3,1,batom,fellow
patuma,held,3,1,faCum,fathom
patuma,held,3,1,vasum,wealth
patuna,held,3,1,badol,bottle
patuna,held,3,1,basol,own
patuna,held,3,1,bason,bustle
patuna,held,3,1,bator,batter
patuna,held,3,1,batul,birch (tree)
patuna,held,3,1,fadol,radish (vegetable)
patuna,held,3,1,fator,factory
patuna,held,3,1,pacun,pass through
patuna,held,3,1,padol,puddle
patuna,held,3,1,padon,partner
patuna,held,3,1,padur,pat
patuna,held,3,1,pasol,idol
patuna,held,3,1,pason,period (mark)
patuna,held,3,1,pasur,prowl
patuna,held,3,1,pator,encircle
patuna,held,3,1,patul,patrol
patuna,held,3,1,pazor,ban
patuna,held,3,1,vazor,visor
patupa,held,3,1,padov,perturb
patupa,held,3,1,pasof,pacify
patupa,held,3,1,vatuv,vault
patuta,held,3,1,badud,tangent (math)
patuta,held,3,1,batuz,blot
patuta,held,3,1,fatot,tempt
patuta,held,3,1,fatuz,compensate
patuta,held,3,1,pados,prosecute
patuta,held,3,1,padut,simmer
patuta,held,3,1,pasut,posture
patuta,held,3,1,pazot,repository
patuta,held,3,1,vasut,vast
pikaka,held,3,1,pigax,picture
pikaka,held,3,1,vekak,lemming
pikama,held,3,1,bigam,become
pikana,held,3,1,begar,bankrupt
pikana,held,3,1,bekal,breccia
pikana,held,3,1,bekan,beckon
pikana,held,3,1,bigar,bicker
pikana,held,3,1,pegar,peg
pikana,held,3,1,vigar,pace
pikata,held,3,1,begat,bank (holding)
pikata,held,3,1,bigad,begrudge
pikata,held,3,1,pigat,predicate
pikata,held,3,1,vigat,dread
pikika,strained,3,1,begig,go
pikika,strained,3,1,figek,fake
pikika,strained,3,1,vekix,vacation
pikina,strained,3,1,begin,begin
pikina,strained,3,1,bigen,cookie
pikina,strained,3,1,pekiq,peck
pikina,strained,3,1,pigen,pigment
pikina,strained,3,1,vegin,vague
pikita,strained,3,1,bekic,bequeath
pikita,strained,3,1,fexit,officiate
pikita,strained,3,1,pekid,official
pikuka,held,3,1,bikuk,plum
pikuka,held,3,1,fegok,forgo
pikuma,held,3,1,pekom,pay back
pikuma,held,3,1,pigum,scaffolding
pikuna,held,3,1,bekor,bankroll
pikuna,held,3,1,bigur,beleaguer
pikuna,held,3,1,bikor,go ahead
pikuna,held,3,1,bikun,beg
pikuna,held,3,1,figur,finger
pikuna,held,3,1,pigur,lag
pikuna,held,3,1,vigur,vigor
pikupa,held,3,1,bejop,tragic
pikupa,held,3,1,bigov,go on
pikuta,held,3,1,begud,brag
pikuta,held,3,1,figut,flick
pikuta,held,3,1,pegoz,10^5
pikuta,held,3,1,pejut,pit
pikuta,held,3,1,pikot,implicate
pikuta,held,3,1,pixot,asceticism
pimama,held,3,1,bimam,horrible
pimama,held,3,1,pemam,they (communicating-agent-external-reference-focus)
pimapa,held,3,1,bemab,bombard
pimina,strained,3,1,femin,honey
pimipa,strained,3,1,vemip,vampire
pimita,strained,3,1,femis,famous
pimita,strained,3,1,fewit,fight
pimita,strained,3,1,pimez,pea (vegetable)
pimuna,held,3,1,bimon,bemoan
pimuna,held,3,1,vimol,transparent
pinaka,held,3,1,beraj,barrage
pinaka,held,3,1,biraj,barge
pinaka,held,3,1,filak,funk
pinaka,held,3,1,finak,feign
pinaka,held,3,1,firaj,refrigerate
pinaka,held,3,1,pelak,placate
pinaka,held,3,1,penak,punk
pinaka,held,3,1,perax,perish
pinaka,held,3,1,pilag,plug
pinaka,held,3,1,pirax,ash
pinaka,held,3,1,venak,venue
pinaka,held,3,1,virax,spider
pinama,held,3,1,beram,deviate
pinama,held,3,1,biram,reprimand
pinama,held,3,1,feram,format
pinama,held,3,1,firam,ferment
pinama,held,3,1,peram,primordial
pinama,held,3,1,piram,beloved
pinama,held,3,1,veram,vomit
pinama,held,3,1,viram,overwhelm
pinana,held,3,1,belal,brilliant
pinana,held,3,1,belan,bail
pinana,held,3,1,beraq,bring up
pinana,held,3,1,berar,break up
pinana,held,3,1,bilal,bill (beak)
pinana,held,3,1,bilan,belligerent
pinana,held,3,1,binal,morbid
pinana,held,3,1,binan,benign
pinana,held,3,1,biraq,bring down
pinana,held,3,1,birar,break (short time)
pinana,held,3,1,felan,flee
pinana,held,3,1,fenal,heft
pinana,held,3,1,fenan,diffract
pinana,held,3,1,ferar,fragrance
pinana,held,3,1,filan,felidae
pinana,held,3,1,final,final
pinana,held,3,1,finan,finance
pinana,held,3,1,pelal,paralyze
pinana,held,3,1,pelan,pollen
pinana,held,3,1,peraq,parallel
pinana,held,3,1,perar,paragraph
pinana,held,3,1,pilal,pepper
pinana,held,3,1,pilan,plant
pinana,held,3,1,pinal,penalize
pinana,held,3,1,piraq,undo
pinana,held,3,1,pirar,prepare
pinana,held,3,1,velan,valence
pinana,held,3,1,venal,eventual
pinana,held,3,1,vilal,manifest
pinapa,held,3,1,berab,stutter
pinapa,held,3,1,bilap,betray
pinapa,held,3,1,felap,flap
pinapa,held,3,1,pelaf,tame
pinapa,held,3,1,pilaf,pilfer
pinapa,held,3,1,pirab,probable
pinata,held,3,1,belas,blast
pinata,held,3,1,berac,birth
pinata,held,3,1,bilas,bristle
pinata,held,3,1,birat,berate
pinata,held,3,1,felas,file (sand)
pinata,held,3,1,ferat,foot (measurement)
pinata,held,3,1,finaz,finish
pinata,held,3,1,firad,vowel large E sound
pinata,held,3,1,pelaz,present (show)
pinata,held,3,1,penas,torch
pinata,held,3,1,perad,period
pinata,held,3,1,pilaz,please
pinata,held,3,1,pinas,pine (tree)
pinata,held,3,1,piraC,prick
pinata,held,3,1,venas,vein
pinata,held,3,1,viraC,wood
pinika,strained,3,1,belik,cousin
pinika,strained,3,1,berix,breach
pinika,strained,3,1,felig,flake
pinika,strained,3,1,fenix,analysis
pinika,strained,3,1,ferix,fish
pinika,strained,3,1,finex,finch
pinika,strained,3,1,firex,friction
pinika,strained,3,1,perij,prejudice
pinika,strained,3,1,pilek,their
pinika,strained,3,1,pirej,appreciate
pinima,strained,3,1,berim,primp
pinima,strained,3,1,ferim,publish
pinima,strained,3,1,finem,phenomenon
pinima,strained,3,1,perim,prime (primative)
pinima,strained,3,1,pirem,presume
pinina,strained,3,1,belin,belly
pinina,strained,3,1,beriq,bring
pinina,strained,3,1,bilen,title
pinina,strained,3,1,bireq,breed
pinina,strained,3,1,felin,felt (material)
pinina,strained,3,1,feriq,fray
pinina,strained,3,1,pelin,discipline
pinina,strained,3,1,peniq,ink
pinina,strained,3,1,periq,preen
pinina,strained,3,1,pilen,plane (geometry)
pinina,strained,3,1,pireq,pertain
pinipa,strained,3,1,felif,pepper (vegetable)
pinipa,strained,3,1,filep,flip
pinipa,strained,3,1,pelip,poll
pinipa,strained,3,1,peliv,sweat
pinipa,strained,3,1,pilev,block/prevent
pinita,strained,3,1,beliz,our
pinita,strained,3,1,berid,braid
pinita,strained,3,1,bilez,assure
pinita,strained,3,1,binet,bean
pinita,strained,3,1,bireC,breath
pinita,strained,3,1,fenit,fan (machine)
pinita,strained,3,1,feriC,frost
pinita,strained,3,1,fined,faint (dizzy)
pinita,strained,3,1,firet,frame
pinita,strained,3,1,pelis,policy
pinita,strained,3,1,penid,paint
pinita,strained,3,1,peric,pristine
pinita,strained,3,1,perit,pour
pinita,strained,3,1,piles,pulsate
pinita,strained,3,1,pired,part
pinita,strained,3,1,verit,ward (off)
pinita,strained,3,1,vired,settle
pinuka,held,3,1,belox,belch
pinuka,held,3,1,berog,insecta
pinuka,held,3,1,bilox,bewitch
pinuka,held,3,1,biluk,hardly
pinuka,held,3,1,feluk,glow
pinuka,held,3,1,ferux,fortune
pinuka,held,3,1,firok,freak
pinuka,held,3,1,perok,per
pinuka,held,3,1,peruj,projection
pinuka,held,3,1,piloj,pillage
pinuka,held,3,1,pinox,pinch
pinuka,held,3,1,pirog,grant
pinuka,held,3,1,piruj,percussion
pinuka,held,3,1,venox,venture
pinuka,held,3,1,verok,electron
pinuka,held,3,1,viloj,village
pinuma,held,3,1,bilom,brake
pinuma,held,3,1,filom,film (material)
pinuma,held,3,1,pelom,froth
pinuma,held,3,1,perum,broad
pinuma,held,3,1,pirum,publication
pinuna,held,3,1,beloq,bellow
pinuna,held,3,1,belor,blurt
pinuna,held,3,1,belun,belt
pinuna,held,3,1,benul,continent
pinuna,held,3,1,berol,brow
pinuna,held,3,1,beron,procyonidae
pinuna,held,3,1,berur,pick out
pinuna,held,3,1,biloq,billow
pinuna,held,3,1,bilor,beware
pinuna,held,3,1,bilun,bill (money)
pinuna,held,3,1,birol,embryo
pinuna,held,3,1,biron,inevitable
pinuna,held,3,1,biruq,brink
pinuna,held,3,1,birur,inquiry
pinuna,held,3,1,feloq,tax
pinuna,held,3,1,felor,failure
pinuna,held,3,1,fenul,struggle
pinuna,held,3,1,feron,frenzy
pinuna,held,3,1,filoq,fleeting
pinuna,held,3,1,filor,filtrate
pinuna,held,3,1,firon,funny
pinuna,held,3,1,pelor,steel
pinuna,held,3,1,pelul,lute
pinuna,held,3,1,pelun,plunder
pinuna,held,3,1,penor,penetrate
pinuna,held,3,1,penul,peninsula
pinuna,held,3,1,perol,preview
pinuna,held,3,1,peron,imprison
pinuna,held,3,1,perur,preserve
pinuna,held,3,1,piloq,plea
pinuna,held,3,1,pilor,prescribe
pinuna,held,3,1,pilun,pretense
pinuna,held,3,1,pinor,pin
pinuna,held,3,1,pirol,busy
pinuna,held,3,1,piron,print
pinuna,held,3,1,pirur,entrepreneur
pinuna,held,3,1,venor,venerate
pinuna,held,3,1,veron,variation
pinupa,held,3,1,beluf,blindfold
pinupa,held,3,1,berov,brave
pinupa,held,3,1,birop,beep
pinupa,held,3,1,birov,bereave
pinupa,held,3,1,perof,puff
pinupa,held,3,1,perub,perturbation
pinupa,held,3,1,pilup,plop
pinupa,held,3,1,pirof,prevail
pinuta,held,3,1,beloC,blood
pinuta,held,3,1,belot,ability
pinuta,held,3,1,benot,violate
pinuta,held,3,1,beros,breast
pinuta,held,3,1,berut,barter
pinuta,held,3,1,bilod,build
pinuta,held,3,1,biluz,blister
pinuta,held,3,1,biros,beer
pinuta,held,3,1,birud,bridge
pinuta,held,3,1,feloC,appear
pinuta,held,3,1,felod,fold
pinuta,held,3,1,feluz,complex
pinuta,held,3,1,fenod,fend
pinuta,held,3,1,finus,incinerate
pinuta,held,3,1,firos,hiss
pinuta,held,3,1,pelus,pulse
pinuta,held,3,1,peroz,for/purpose
pinuta,held,3,1,piloc,peel
pinuta,held,3,1,pilot,blame
pinuta,held,3,1,pilus,plaster
pinuta,held,3,1,pinot,peanut
pinuta,held,3,1,piroz,pack
pinuta,held,3,1,pirut,proton
pinuta,held,3,1,vilot,affilliate
pinuta,held,3,1,vinot,vindicate
pinuta,held,3,1,virut,vertex
pipaka,held,3,1,vipak,fact
pipana,held,3,1,bival,bevel
pipana,held,3,1,febar,ebb
pipana,held,3,1,pibar,peep
pipana,held,3,1,pipan,pee
pipana,held,3,1,vifar,viverridae
pipika,strained,3,1,febik,fabric
pipina,strained,3,1,bebin,babe
pipita,strained,3,1,pevit,distort
pipita,strained,3,1,vived,vivid
pipuna,held,3,1,bibon,bib
pipuna,held,3,1,fevor,favor
pipuna,held,3,1,fibol,feeble
pipuna,held,3,1,fibur,flea
pipuna,held,3,1,vepor,vapor
piputa,held,3,1,bivot,abbreviate
pitaka,held,3,1,bisak,otherwise
pitaka,held,3,1,fedak,fret
pitaka,held,3,1,pedag,propaganda
pitaka,held,3,1,petax,patch
pitaka,held,3,1,pitax,pitch (sound)
pitama,held,3,1,petam,epitomize
pitama,held,3,1,pitam,nipple
pitana,held,3,1,bedan,obedience
pitana,held,3,1,besal,panic
pitana,held,3,1,betar,buttress
pitana,held,3,1,biCal,plead
pitana,held,3,1,bidal,beetle
pitana,held,3,1,bidan,beet
pitana,held,3,1,bisal,match (competition)
pitana,held,3,1,bitaq,beach
pitana,held,3,1,bitar,obliterate
pitana,held,3,1,bizar,bizarre
pitana,held,3,1,fedan,fade
pitana,held,3,1,fetaq,extraordinary
pitana,held,3,1,fiCal,violin
pitana,held,3,1,fidal,fiddle
pitana,held,3,1,fisal,fizzle
pitana,held,3,1,fisan,feast
pitana,held,3,1,fitar,fantastic
pitana,held,3,1,pedal,pedal
pitana,held,3,1,pedan,apprentice
pitana,held,3,1,pesal,pedestal
pitana,held,3,1,petar,patron
pitana,held,3,1,pidal,practical
pitana,held,3,1,pidan,principle
pitana,held,3,1,pisan,piss
pitana,held,3,1,pitar,petrify
pitana,held,3,1,vesan,vest (let sit)
pitana,held,3,1,vetar,vector (math)
pitana,held,3,1,vidan,young
pitapa,held,3,1,fezab,feasible
pitapa,held,3,1,fidav,definitive
pitapa,held,3,1,visap,vest (clothing)
pitata,held,3,1,bitat,stoke
pitata,held,3,1,fetat,foist
pitata,held,3,1,ficat,faith
pitata,held,3,1,fidas,fetus
pitata,held,3,1,fisaz,fizz
pitata,held,3,1,pedaz,president
pitata,held,3,1,pezat,grind
pitata,held,3,1,pidaz,injury
pitata,held,3,1,pisas,precise
pitata,held,3,1,pizad,preside
pitata,held,3,1,vedaz,vent
pitata,held,3,1,vesas,versus
pitata,held,3,1,visas,see
pitika,strained,3,1,bedij,besiege
pitika,strained,3,1,betik,watermelon
pitika,strained,3,1,bizek,cup
pitika,strained,3,1,fedij,fidget
pitika,strained,3,1,fezik,deter
pitika,strained,3,1,pitek,predict
pitima,strained,3,1,bisem,horror
pitina,strained,3,1,betin,taut
pitina,strained,3,1,fediq,wun
pitina,strained,3,1,fideq,feed
pitina,strained,3,1,pezin,pie
pitina,strained,3,1,pizen,rash
pitipa,strained,3,1,fitep,fret (get upset)
pitita,strained,3,1,bedit,brat
pitita,strained,3,1,besit,beset
pitita,strained,3,1,bided,ignorant
pitita,strained,3,1,bised,beast
pitita,strained,3,1,fedid,food
pitita,strained,3,1,feziz,feces
pitita,strained,3,1,petis,pant
pitita,strained,3,1,pidet,capitulate
pitita,strained,3,1,piset,paste
pitita,strained,3,1,videt,information
pitita,strained,3,1,viset,visit
pituka,held,3,1,beduk,accent
pituka,held,3,1,besuk,basic
pituka,held,3,1,fedug,poise
pituka,held,3,1,pedoj,purge
pituka,held,3,1,pidoj,pigeon
pituka,held,3,1,piduk,preclude
pituka,held,3,1,vedoj,vegetable
pituka,held,3,1,viCuk,supplement
pituka,held,3,1,vidoj,vegetate
pituka,held,3,1,vitog,veto
pituma,held,3,1,pizum,chorus
pituna,held,3,1,bedoq,wiggle
pituna,held,3,1,bedul,battle
pituna,held,3,1,betur,bet
pituna,held,3,1,bidun,fiction
pituna,held,3,1,bisul,behold
pituna,held,3,1,bitur,bitter
pituna,held,3,1,bizol,bestow
pituna,held,3,1,fedor,federate
pituna,held,3,1,fedul,fad
pituna,held,3,1,fitur,feat
pituna,held,3,1,pedor,herd
pituna,held,3,1,pedun,pretend
pituna,held,3,1,pesor,pester
pituna,held,3,1,petol,toll
pituna,held,3,1,petur,patter
pituna,held,3,1,pisor,pest
pituna,held,3,1,pitol,twist
pituna,held,3,1,visor,vociferate
pitupa,held,3,1,bisuv,behoove
pitupa,held,3,1,pedup,rundown
pituta,held,3,1,bedod,bite
pituta,held,3,1,betut,under
pituta,held,3,1,biduz,bedazzle
pituta,held,3,1,pedot,topple
pituta,held,3,1,pedus,produce
pituta,held,3,1,pesot,post (content)
pituta,held,3,1,petoz,explosion
pituta,held,3,1,pisod,fan (person)
pituta,held,3,1,pitoz,fragment
pituta,held,3,1,pitut,chatter
pituta,held,3,1,vitut,wait
pukaka,held,3,1,bokak,backpack
pukama,held,3,1,puxam,potion
pukana,held,3,1,pokal,pretty
pukana,held,3,1,pukar,pick up
pukana,held,3,1,vogar,vulgar
pukata,held,3,1,bukad,buck
pukata,held,3,1,buyat,butt
pukata,held,3,1,pukat,pork
pukika,held,3,1,fokik,halt
pukika,held,3,1,foxik,flashy
pukima,held,3,1,vuxim,genitals
pukina,held,3,1,bogiq,bug (bother)
pukina,held,3,1,bokin,bake
pukipa,held,3,1,fogev,forgive
pukita,held,3,1,boked,barricade
pukita,held,3,1,pogit,park (place)
pukita,held,3,1,poket,poke
pukita,held,3,1,puget,packet
pukuka,strained,3,1,bogog,cosine
pukuna,strained,3,1,foxul,foreshadow
pukuna,strained,3,1,vogon,vogue
pukupa,strained,3,1,bokuv,barbecue
pukupa,strained,3,1,fokuv,fork
pukuta,strained,3,1,fugot,fumigate
pumaka,held,3,1,pumag,pumice
pumana,held,3,1,fuman,foment
pumapa,held,3,1,bumap,bump
pumina,held,3,1,bowin,blind
pumupa,strained,3,1,pomop,pump
punaka,held,3,1,bolak,boycott
punaka,held,3,1,folag,flog
punaka,held,3,1,forax,flourish
punaka,held,3,1,fulaj,flirt
punaka,held,3,1,furak,ant (animal)
punaka,held,3,1,pulax,pulp
punaka,held,3,1,purag,pig
punaka,held,3,1,voraj,version
punaka,held,3,1,vulax,vulture
punaka,held,3,1,vurag,10^18
punama,held,3,1,foram,former
punama,held,3,1,fulam,butterfly
punama,held,3,1,poram,prompt (message)
punama,held,3,1,pulam,fluff
punama,held,3,1,voram,insight
punana,held,3,1,bolan,blend
punana,held,3,1,borar,particular
punana,held,3,1,bulaq,bow (arrow)
punana,held,3,1,bular,bloop
punana,held,3,1,bural,ball
punana,held,3,1,buran,brand (business)
punana,held,3,1,folan,foil
punana,held,3,1,foraq,fern
punana,held,3,1,fulaq,flank
punana,held,3,1,fular,fill in
punana,held,3,1,fural,formal
punana,held,3,1,furan,prompt (speed)
punana,held,3,1,polal,perhaps
punana,held,3,1,polan,pool
punana,held,3,1,poraq,pore
punana,held,3,1,porar,program
punana,held,3,1,pular,polar
punana,held,3,1,pural,prolong
punana,held,3,1,puran,pomegranate
punana,held,3,1,volan,volcano
punana,held,3,1,vural,verbal
punana,held,3,1,vuran,sore
punapa,held,3,1,bolaf,erupt
punapa,held,3,1,buraf,preference
punapa,held,3,1,burap,burp
punapa,held,3,1,folaf,fulfill
punapa,held,3,1,fulab,lob
punapa,held,3,1,polap,glottal stop
punapa,held,3,1,purav,profession
punata,held,3,1,bolaz,boson
punata,held,3,1,borad,b sound
punata,held,3,1,bulad,10^30
punata,held,3,1,bunad,boundary
punata,held,3,1,buraz,brass
punata,held,3,1,foraC,fear
punata,held,3,1,polas,placenta
punata,held,3,1,porat,pirate
punata,held,3,1,pulat,plate
punata,held,3,1,punat,hit
punata,held,3,1,puras,persuade
punata,held,3,1,vorat,variety
punata,held,3,1,vulaC,misery
punata,held,3,1,vulat,volt
punata,held,3,1,vunat,advantage
punika,held,3,1,borej,break down
punika,held,3,1,borig,screw (bolt)
punika,held,3,1,bulex,bleach
punika,held,3,1,bulig,blog
punika,held,3,1,bureg,break (pieces)
punika,held,3,1,folek,mirror
punika,held,3,1,folij,foliage
punika,held,3,1,fonik,even (though)
punika,held,3,1,forej,forge
punika,held,3,1,fulex,flush
punika,held,3,1,poleg,plague
punika,held,3,1,polix,replenish
punika,held,3,1,ponex,punch
punika,held,3,1,porex,precious
punika,held,3,1,porik,opaque
punika,held,3,1,pulik,plight
punika,held,3,1,purek,pick
punika,held,3,1,purix,perch
punika,held,3,1,vorex,voracious
punika,held,3,1,vorik,greet
punika,held,3,1,vurek,bee
punima,held,3,1,bolim,beam
punima,held,3,1,borem,proclaim
punima,held,3,1,folim,phloem
punima,held,3,1,forem,ant
punima,held,3,1,furim,formulate
punima,held,3,1,polim,poem
punima,held,3,1,porem,primate
punima,held,3,1,pulem,forsake
punima,held,3,1,purim,promise
punina,held,3,1,bolen,buoyant
punina,held,3,1,boliq,blink
punina,held,3,1,bonin,transact
punina,held,3,1,boreq,burly
punina,held,3,1,borin,board
punina,held,3,1,buleq,eject
punina,held,3,1,bulin,buoy
punina,held,3,1,buren,barn
punina,held,3,1,foliq,flay
punina,held,3,1,fonin,fountain
punina,held,3,1,forin,foreign
punina,held,3,1,furen,furnace
punina,held,3,1,polen,pull off
punina,held,3,1,ponin,component
punina,held,3,1,poreq,parley
punina,held,3,1,porin,suidae
punina,held,3,1,pulin,cheap
punina,held,3,1,punen,sentient
punina,held,3,1,puren,prune
punina,held,3,1,puriq,parse
punina,held,3,1,voliq,veil
punina,held,3,1,vorin,varnish
punipa,held,3,1,borif,brief
punipa,held,3,1,burib,barbarian
punipa,held,3,1,forip,twitch
punipa,held,3,1,fulip,soothe
punipa,held,3,1,polef,proliferate
punipa,held,3,1,poreb,prohibit
punipa,held,3,1,poriv,provision
punipa,held,3,1,pulif,proofread
punipa,held,3,1,puref,perforate
punipa,held,3,1,voreb,ever
punipa,held,3,1,vuleb,available
punipa,held,3,1,vuref,verify
punita,held,3,1,boles,bolster
punita,held,3,1,bolit,belittle
punita,held,3,1,boned,bend
punita,held,3,1,boret,big
punita,held,3,1,boriz,simple
punita,held,3,1,buleC,bleed
punita,held,3,1,bulet,tile
punita,held,3,1,bures,participate
punita,held,3,1,folid,exfoliate
punita,held,3,1,fored,foe
punita,held,3,1,foriz,freeze
punita,held,3,1,fuled,field (math)
punita,held,3,1,fulis,fallacy
punita,held,3,1,fures,forecast
punita,held,3,1,furit,infuriate
punita,held,3,1,ponet,torment
punita,held,3,1,ponis,pencil
punita,held,3,1,poris,role/as
punita,held,3,1,purez,prize
punita,held,3,1,purid,pervade
punuka,strained,3,1,borok,beak
punuka,strained,3,1,bulok,brew
punuka,strained,3,1,bunok,hazelnut
punuka,strained,3,1,forog,ferry
punuka,strained,3,1,fulog,fungus
punuka,strained,3,1,poluk,persecute
punuka,strained,3,1,porux,land (perch)
punuka,strained,3,1,purox,parachute
punuka,strained,3,1,vorux,vowel o sound
punuma,strained,3,1,borum,pass out
punuma,strained,3,1,burom,remember
punuma,strained,3,1,folom,f sound
punuma,strained,3,1,forum,form
punuma,strained,3,1,furom,foremost
punuma,strained,3,1,polom,promote
punuma,strained,3,1,porum,pass
punuma,strained,3,1,purom,proto
pununa,strained,3,1,boloq,fluctuate
pununa,strained,3,1,bolor,blur
pununa,strained,3,1,bolun,balance
pununa,strained,3,1,borol,boil
pununa,strained,3,1,boron,bury
pununa,strained,3,1,boruq,membrane
pununa,strained,3,1,borur,pervert
pununa,strained,3,1,bulon,blunt
pununa,strained,3,1,buror,purgatory
pununa,strained,3,1,folor,flower
pununa,strained,3,1,folun,few
pununa,strained,3,1,forol,formula
pununa,strained,3,1,foron,fine (good)
pununa,strained,3,1,forur,fail
pununa,strained,3,1,fulon,flute
pununa,strained,3,1,furoq,furrow
pununa,strained,3,1,polor,ploy
pununa,strained,3,1,polul,percolate
pununa,strained,3,1,polun,pion
pununa,strained,3,1,porol,portal
pununa,strained,3,1,poron,porn
pununa,strained,3,1,porur,procure
pununa,strained,3,1,pulon,plateau
pununa,strained,3,1,puror,purport
pununa,strained,3,1,vorol,virtual
pununa,strained,3,1,voron,virtue
pununa,strained,3,1,vulol,mingle
punupa,strained,3,1,bolob,bulb
punupa,strained,3,1,bonuf,bat (action)
punupa,strained,3,1,borof,portfolio
punupa,strained,3,1,borub,decimal
punupa,strained,3,1,folup,flop
punupa,strained,3,1,porop,purpose
punupa,strained,3,1,porov,perform
punupa,strained,3,1,pulof,platform
punupa,strained,3,1,pulop,poop
punupa,strained,3,1,vulop,fox
punuta,strained,3,1,bolus,blossom
punuta,strained,3,1,bonuz,boon
punuta,strained,3,1,boroz,poison
punuta,strained,3,1,burod,bone
punuta,strained,3,1,folot,float
punuta,strained,3,1,folus,fill out
punuta,strained,3,1,fonot,photon
punuta,strained,3,1,foruc,there
punuta,strained,3,1,forut,fort
punuta,strained,3,1,polod,implode
punuta,strained,3,1,ponod,pander
punuta,strained,3,1,ponus,pounce
punuta,strained,3,1,poros,personal
punuta,strained,3,1,porud,apart
punuta,strained,3,1,purot,important
punuta,strained,3,1,volod,folder
punuta,strained,3,1,voluz,violent
punuta,strained,3,1,vorud,avoid
punuta,strained,3,1,vurot,bracket
pupana,held,3,1,pufan,poof
pupata,held,3,1,fupad,pod (flower)
pupata,held,3,1,povas,profess
pupika,held,3,1,puvek,vex
pupina,held,3,1,bovin,bovinae
pupuna,strained,3,1,bovor,buffer
putaka,held,3,1,botax,batch
putaka,held,3,1,podak,protect
putaka,held,3,1,posak,pascal (measurement)
putaka,held,3,1,vodak,vortex
putana,held,3,1,bodan,bode
putana,held,3,1,fodal,ford
putana,held,3,1,podal,ramp
putana,held,3,1,podan,porcupine
putana,held,3,1,posal,postulate
putana,held,3,1,potar,portray
putana,held,3,1,pozar,pose
putata,held,3,1,fudat,bad
putata,held,3,1,fusat,fast
putata,held,3,1,podas,percent
putata,held,3,1,potat,impotent
putata,held,3,1,pudad,prudent
putata,held,3,1,putas,pluto
putata,held,3,1,votat,body
putika,held,3,1,bodik,battery
putika,held,3,1,bosik,bask
putika,held,3,1,butig,brood
putika,held,3,1,podej,shabby
putika,held,3,1,potix,poach
putina,held,3,1,bodin,broccoli
putina,held,3,1,botiq,fickle
putina,held,3,1,buden,abundant
putipa,held,3,1,podip,property (object)
putipa,held,3,1,pudep,perplex
putita,held,3,1,botit,beat
putita,held,3,1,butet,unstable
putita,held,3,1,fodet,eight
putita,held,3,1,foset,faucet
putita,held,3,1,poded,free
putita,held,3,1,podiz,lull
putita,held,3,1,pudit,practice
putita,held,3,1,pusit,pus
putita,held,3,1,voded,study or science of (-ology)
putita,held,3,1,votez,advertise
putuka,strained,3,1,bodoj,remedy
putuka,strained,3,1,botok,bloat
putuka,strained,3,1,potux,pi
putuka,strained,3,1,pudok,product
putuka,strained,3,1,putox,pot
putuka,strained,3,1,votux,entity
putuna,strained,3,1,butoq,augment
putuna,strained,3,1,foCor,further
putuna,strained,3,1,podun,opportune
putuna,strained,3,1,posun,postpone
putuna,strained,3,1,puson,thump
pututa,strained,3,1,bosot,burst
pututa,strained,3,1,fotut,right (direction)
pututa,strained,3,1,potud,post (in the ground)
pututa,strained,3,1,pozut,prostitute
pututa,strained,3,1,putot,dimension
pututa,strained,3,1,vosus,flex
pututa,strained,3,1,votud,void
pututa,strained,3,1,vozut,v sound
pututa,strained,3,1,vutot,what
takaka,held,3,1,takax,chisel
takaka,held,3,1,zagag,lousy
takama,held,3,1,sakam,swamp
takama,held,3,1,taxam,moon month
takama,held,3,1,zaxam,slink
takana,held,3,1,cagal,heckle
takana,held,3,1,cagan,thug
takana,held,3,1,cakar,scratch
takana,held,3,1,Cakar,mention
takana,held,3,1,caxar,chair
takana,held,3,1,dagal,dangle
takana,held,3,1,dagan,duck (below)
takana,held,3,1,dajal,jail
takana,held,3,1,dajan,ordinary
takana,held,3,1,dakar,digress
takana,held,3,1,daxaq,hangover
takana,held,3,1,daxar,gyrate
takana,held,3,1,sagal,scale
takana,held,3,1,sagan,intrigue
takana,held,3,1,sakar,square
takana,held,3,1,tagal,toggle
takana,held,3,1,tagan,tack
takana,held,3,1,tajal,material
takana,held,3,1,tajan,chance
takana,held,3,1,takar,investigate
takana,held,3,1,taxaq,reimburse
takana,held,3,1,taxar,item
takana,held,3,1,zagal,beard
takana,held,3,1,zagan,scene
takana,held,3,1,zakar,masculine
takapa,held,3,1,cagav,archive
takapa,held,3,1,dajap,jeopardize
takapa,held,3,1,sagaf,scoff
takapa,held,3,1,sagap,skip
takapa,held,3,1,tagap,adopt
takapa,held,3,1,tagav,comment
takata,held,3,1,cagas,extradite
takata,held,3,1,dajaz,joy
takata,held,3,1,dakat,dunk
takata,held,3,1,daxat,chert
takata,held,3,1,sakat,socket
takata,held,3,1,saxat,gleam
takata,held,3,1,tajas,check in
takata,held,3,1,takat,interrogate
takata,held,3,1,taxat,chart
takika,held,3,1,dagex,emphasis
takika,held,3,1,dagig,dog
takika,held,3,1,dajig,jagged
takika,held,3,1,sagig,snack
takika,held,3,1,sakeg,squat
takika,held,3,1,sakix,squash
takika,held,3,1,takij,talk over
takika,held,3,1,taxeg,chug
takika,held,3,1,taxix,gasp
takima,held,3,1,dagem,sample
takima,held,3,1,dajem,jam
takima,held,3,1,sakim,sham
takima,held,3,1,takim,respect (object)
takima,held,3,1,taxim,charm
takina,held,3,1,dajeq,junk
takina,held,3,1,dajin,jockey
takina,held,3,1,daken,doctrine
takina,held,3,1,daxen,university
takina,held,3,1,daxiq,sophisticated
takina,held,3,1,sagin,scan
takina,held,3,1,saken,blade
takina,held,3,1,tagin,fry
takina,held,3,1,tajeq,pale
takina,held,3,1,tajin,migrate
takina,held,3,1,taken,correct
takina,held,3,1,taxen,chant
takina,held,3,1,taxiq,mild
takipa,held,3,1,cagif,culture (society)
takipa,held,3,1,dajiv,jive
takipa,held,3,1,dakib,bill (bird)
takipa,held,3,1,sagiv,scavenge
takipa,held,3,1,takev,take off
takipa,held,3,1,taxib,chub
takita,held,3,1,daget,delegate
takita,held,3,1,dajet,deal
takita,held,3,1,dajis,justice
takita,held,3,1,saget,segregate
takita,held,3,1,sagis,prosper
takita,held,3,1,taget,tact
takita,held,3,1,tagiz,budget
takita,held,3,1,tajet,future
takita,held,3,1,takes,ceremony
takita,held,3,1,taxez,100
takuka,held,3,1,dajoj,aggravate
takuka,held,3,1,dajuk,fingernail
takuka,held,3,1,sagoj,psychology
takuka,held,3,1,tajox,soggy
takuka,held,3,1,tajuk,check out
takuka,held,3,1,taxux,intuition
takuma,held,3,1,dajom,jump
takuma,held,3,1,sagom,scum (muck)
takuma,held,3,1,sakum,scheme
takuma,held,3,1,taxum,tissue
takuna,held,3,1,cagor,naughty
takuna,held,3,1,dagor,diagram
takuna,held,3,1,dajoq,sturdy
takuna,held,3,1,dajor,thick
takuna,held,3,1,dajul,jewel
takuna,held,3,1,dajun,exchange
takuna,held,3,1,daxon,decrease
takuna,held,3,1,daxur,jargon
takuna,held,3,1,sagor,swagger
takuna,held,3,1,sagul,scuttle
takuna,held,3,1,sagun,squander
takuna,held,3,1,sakol,succulent
takuna,held,3,1,sakon,sack
takuna,held,3,1,sakur,scare
takuna,held,3,1,tagor,tug
takuna,held,3,1,tagul,compensation
takuna,held,3,1,tagun,antagonize
takuna,held,3,1,tajor,charge (electricity)
takuna,held,3,1,tajul,tide
takuna,held,3,1,tajun,propagate
takuna,held,3,1,takol,tackle
takuna,held,3,1,takon,octopus
takuna,held,3,1,takur,incident
takuna,held,3,1,taxol,shell
takuna,held,3,1,taxon,confess
takuna,held,3,1,taxuq,admit
takuna,held,3,1,zakur,scrounge
takupa,held,3,1,daxop,chapter
takupa,held,3,1,sakop,scrap
takupa,held,3,1,taxop,chip
takupa,held,3,1,zakof,erect
takuta,held,3,1,dajod,judge
takuta,held,3,1,dajus,juice
takuta,held,3,1,dayut,dependent
takuta,held,3,1,sagod,scowl
takuta,held,3,1,sakos,scarce
takuta,held,3,1,sakud,seclude
takuta,held,3,1,sayut,10^9
takuta,held,3,1,tagod,corporation
takuta,held,3,1,tajod,dismal
takuta,held,3,1,taxos,huddle
takuta,held,3,1,taxud,menu
takuta,held,3,1,zakut,privilege
tamaka,held,3,1,samag,smug
tamana,held,3,1,camal,drunk
tamana,held,3,1,damal,extend
tamana,held,3,1,daman,diamond
tamana,held,3,1,samal,small
tamana,held,3,1,saman,partial (semi-)
tamana,held,3,1,tamal,transcribe
tamana,held,3,1,taman,price
tamana,held,3,1,zamal,exemplary
tamata,held,3,1,samas,course
tamika,held,3,1,damik,donkey
tamika,held,3,1,samej,smudge
tamika,held,3,1,samik,sign
tamika,held,3,1,tamik,incentive
tamima,held,3,1,Camem,obnoxious
tamima,held,3,1,tamem,meditate
tamina,held,3,1,sameq,summary
tamina,held,3,1,samin,reminiscient
tamina,held,3,1,tamin,contaminate
tamina,held,3,1,zamin,examine
tamita,held,3,1,tamis,stimulate
tamuka,held,3,1,samox,smash
tamuna,held,3,1,damor,diameter
tamuna,held,3,1,damun,doom
tamuna,held,3,1,samor,summer
tamuna,held,3,1,samul,smile
tamuna,held,3,1,samun,summon
tamuna,held,3,1,tamor,date (fruit)
tamuna,held,3,1,tamul,lyrics
tamuna,held,3,1,tamun,tampon
tamuna,held,3,1,zamor,prune (fruit)
tamuna,held,3,1,zamul,example
tamupa,held,3,1,camob,blaze
tamupa,held,3,1,damup,dam
tamupa,held,3,1,samup,sentence (text)
tamupa,held,3,1,tamup,temperature
tamuta,held,3,1,damot,demote
tamuta,held,3,1,samot,simultaneous
tamuta,held,3,1,tamot,tumultuous
tanaka,held,3,1,canaj,engender
tanaka,held,3,1,carak,10^33
tanaka,held,3,1,darag,drag
tanaka,held,3,1,salaj,soldier
tanaka,held,3,1,sanax,snatch
tanaka,held,3,1,sarag,snore
tanaka,held,3,1,talax,tout
tanaka,held,3,1,tarag,10^42
tanaka,held,3,1,zalax,toe
tanaka,held,3,1,zarak,open
tanama,held,3,1,canam,undermine
tanama,held,3,1,dalam,pity
tanama,held,3,1,danam,dawn
tanama,held,3,1,salam,salamander
tanama,held,3,1,sanam,sentiment
tanana,held,3,1,caral,hill
tanana,held,3,1,caran,ion
tanana,held,3,1,dalar,delirious
tanana,held,3,1,danaq,pawn
tanana,held,3,1,daral,dry
tanana,held,3,1,daran,damn/dam
tanana,held,3,1,salaq,sling
tanana,held,3,1,salar,slur
tanana,held,3,1,sanaq,bulk
tanana,held,3,1,sanar,snare (drum)
tanana,held,3,1,saral,swirl
tanana,held,3,1,saran,surround
tanana,held,3,1,talaq,talent
tanana,held,3,1,tanaq,candid
tanana,held,3,1,taral,trail
tanana,held,3,1,zalar,exhilarate
tanana,held,3,1,zanar,exonerate
tanana,held,3,1,zaran,tragedy
tanapa,held,3,1,carav,thrive
tanapa,held,3,1,daraf,draft (version)
tanapa,held,3,1,saraf,certify
tanapa,held,3,1,tarav,travel
tanapa,held,3,1,zalab,fermion
tanata,held,3,1,caras,thorax
tanata,held,3,1,dalac,cuckold
tanata,held,3,1,dalat,suck
tanata,held,3,1,danat,denote
tanata,held,3,1,daraz,douse
tanata,held,3,1,salat,insulate
tanata,held,3,1,sanat,senate
tanata,held,3,1,saraz,feature
tanata,held,3,1,talaC,spell (charm)
tanata,held,3,1,talat,toilet
tanata,held,3,1,tanat,twin
tanata,held,3,1,taras,torus
tanika,held,3,1,dalik,approximate
tanika,held,3,1,darek,directory
tanika,held,3,1,salex,slash
tanika,held,3,1,salik,circle
tanika,held,3,1,saneg,snug
tanika,held,3,1,sarek,discern
tanika,held,3,1,talik,twirl
tanika,held,3,1,taneg,transduction
tanika,held,3,1,tanix,elastic
tanika,held,3,1,tarek,track (path)
tanika,held,3,1,tarix,sketch
tanika,held,3,1,zanek,abandon
tanima,held,3,1,canim,enmesh
tanima,held,3,1,dalem,dilemma
tanima,held,3,1,darim,philosophical system
tanima,held,3,1,salem,slap
tanima,held,3,1,tanim,sweet (emotion)
tanima,held,3,1,tarim,hibernation
tanima,held,3,1,zanim,transpose
tanina,held,3,1,cariq,thread
tanina,held,3,1,dalin,dally
tanina,held,3,1,danen,donation
tanina,held,3,1,daniq,dine
tanina,held,3,1,daren,dwarf
tanina,held,3,1,saleq,salary
tanina,held,3,1,salin,silly
tanina,held,3,1,saniq,snare (trap)
tanina,held,3,1,saren,axle
tanina,held,3,1,sariq,sorry
tanina,held,3,1,talin,tally
tanina,held,3,1,tanen,attention
tanina,held,3,1,taniq,snoop
tanina,held,3,1,taren,neutrino
tanina,held,3,1,tariq,truss
tanina,held,3,1,zanen,delve
tanina,held,3,1,zaren,alien
tanipa,held,3,1,Carev,forever
tanipa,held,3,1,daliv,dew
tanipa,held,3,1,darev,candela (measurement)
tanipa,held,3,1,saleb,celebrate
tanipa,held,3,1,saliv,salvation
tanipa,held,3,1,sanev,swallow (bird)
tanipa,held,3,1,sanib,snob
tanipa,held,3,1,sarev,entire
tanipa,held,3,1,tanib,fir (tree)
tanipa,held,3,1,zalip,funeral
tanita,held,3,1,canez,analyze
tanita,held,3,1,carez,arise
tanita,held,3,1,carit,threat
tanita,held,3,1,dalis,delicacy
tanita,held,3,1,dares,dress (put on clothes)
tanita,held,3,1,darid,put
tanita,held,3,1,saleC,seal
tanita,held,3,1,salis,faint (light)
tanita,held,3,1,sanes,since
tanita,held,3,1,sares,potent
tanita,held,3,1,sarid,side
tanita,held,3,1,taliz,translate
tanita,held,3,1,tanez,naive
tanita,held,3,1,tarez,reptile
tanita,held,3,1,tariC,truce
tanita,held,3,1,tarid,cod (fish)
tanita,held,3,1,zaliz,marsh (land)
tanita,held,3,1,zanez,war
tanita,held,3,1,zarit,sow
tanuka,held,3,1,carox,threshold
tanuka,held,3,1,carug,amphibian
tanuka,held,3,1,daroj,dredge
tanuka,held,3,1,tarox,torsion
tanuma,held,3,1,carom,revolution (society)
tanuma,held,3,1,darom,human
tanuma,held,3,1,salum,seldom
tanuma,held,3,1,sarom,swerve
tanuma,held,3,1,tanum,wire
tanuma,held,3,1,tarom,translation
tanuna,held,3,1,Calol,dispicable
tanuna,held,3,1,canur,thunder
tanuna,held,3,1,caroq,plenty
tanuna,held,3,1,carul,throttle
tanuna,held,3,1,dalol,matter (physics)
tanuna,held,3,1,dalon,road
tanuna,held,3,1,danol,download
tanuna,held,3,1,danur,dinosaur
tanuna,held,3,1,daror,drop in
tanuna,held,3,1,darul,drool
tanuna,held,3,1,darun,draw
tanuna,held,3,1,salol,swaddle
tanuna,held,3,1,salon,slant
tanuna,held,3,1,saluq,swallow
tanuna,held,3,1,salur,my
tanuna,held,3,1,sanol,snuggle
tanuna,held,3,1,sanon,snipe
tanuna,held,3,1,sanur,snarl
tanuna,held,3,1,sarun,surrender
tanuna,held,3,1,talon,towel
tanuna,held,3,1,talur,tire (car)
tanuna,held,3,1,tanol,tunnel
tanuna,held,3,1,tanon,tendency
tanuna,held,3,1,tanur,tensor
tanuna,held,3,1,taroq,triangle
tanuna,held,3,1,taror,terror
tanuna,held,3,1,tarul,trot
tanuna,held,3,1,tarun,transform
tanuna,held,3,1,zanol,exhibit
tanupa,held,3,1,dalop,weapon
tanupa,held,3,1,dalov,deliver
tanupa,held,3,1,darup,drop
tanupa,held,3,1,daruv,put on
tanupa,held,3,1,salop,slop
tanupa,held,3,1,salov,solvent
tanupa,held,3,1,sanop,snap
tanupa,held,3,1,sarup,syrup
tanupa,held,3,1,talop,satisfy
tanupa,held,3,1,tarup,topology
tanuta,held,3,1,dalud,delude
tanuta,held,3,1,danoz,dance
tanuta,held,3,1,danud,dignity
tanuta,held,3,1,darot,dire
tanuta,held,3,1,darus,radius
tanuta,held,3,1,salos,cellulose
tanuta,held,3,1,salud,slide
tanuta,held,3,1,sanud,sand
tanuta,held,3,1,sarot,certain
tanuta,held,3,1,sarus,sarcasm
tanuta,held,3,1,tanos,tense
tanuta,held,3,1,tarot,tolerate
tanuta,held,3,1,taruz,thrush (bird)
tanuta,held,3,1,zalut,grill
tapaka,held,3,1,dabak,adhere
tapaka,held,3,1,sabak,supplier
tapaka,held,3,1,safag,safeguard
tapaka,held,3,1,sapax,speck
tapaka,held,3,1,savaj,savage
tapama,held,3,1,capam,optimize
tapama,held,3,1,sapam,spam
tapama,held,3,1,savam,welcome
tapama,held,3,1,zapam,fury
tapana,held,3,1,cafal,avow
tapana,held,3,1,dafan,defense
tapana,held,3,1,sabal,splash
tapana,held,3,1,saban,say
tapana,held,3,1,safal,bench
tapana,held,3,1,safan,savanna
tapana,held,3,1,sapar,barber
tapana,held,3,1,savar,several
tapana,held,3,1,tabal,spice (action)
tapana,held,3,1,tapar,apple
tapana,held,3,1,zapar,sprint
tapapa,held,3,1,dabav,dub
tapapa,held,3,1,safav,silver
tapapa,held,3,1,sapab,present (now)
tapata,held,3,1,sabas,spice
tapata,held,3,1,safas,sigh
tapika,held,3,1,dapek,shiver
tapika,held,3,1,davek,ejaculate
tapika,held,3,1,sabej,subject
tapika,held,3,1,safik,suffix
tapika,held,3,1,sapek,respect
tapika,held,3,1,savek,knife
tapika,held,3,1,savix,sufficient
tapika,held,3,1,tafik,duty
tapika,held,3,1,tapek,topic
tapima,held,3,1,sabem,polite
tapima,held,3,1,sapim,submissive
tapima,held,3,1,tapim,coordinate (action)
tapina,held,3,1,caven,avenge
tapina,held,3,1,daven,generate
tapina,held,3,1,sabin,spawn
tapina,held,3,1,sapen,spine
tapina,held,3,1,saven,savant
tapita,held,3,1,dapic,depth
tapita,held,3,1,dapid,dilapidate
tapita,held,3,1,sabed,subdivide
tapita,held,3,1,sapes,suppress
tapita,held,3,1,sapid,subsidy
tapita,held,3,1,tabis,tapestry
tapita,held,3,1,zabet,exacerbate
tapita,held,3,1,zapit,spry
tapita,held,3,1,zavit,angle
tapuma,held,3,1,sabom,submerge
tapuna,held,3,1,capol,uphold
tapuna,held,3,1,dapol,deplete
tapuna,held,3,1,davur,divert
tapuna,held,3,1,sabor,patient
tapuna,held,3,1,sabul,supply
tapuna,held,3,1,sabun,soap
tapuna,held,3,1,safor,sapphire
tapuna,held,3,1,sapol,spot
tapuna,held,3,1,sapon,spend
tapuna,held,3,1,sapuq,spa
tapuna,held,3,1,sapur,spark
tapuna,held,3,1,savon,flavor
tapuna,held,3,1,savuq,grape/berry
tapuna,held,3,1,savur,very
tapuna,held,3,1,tapur,tamper
tapuna,held,3,1,tavur,sanitation
tapuna,held,3,1,zapol,sprawl
tapupa,held,3,1,dabob,aware
tapupa,held,3,1,sapof,specify
tapupa,held,3,1,tabob,stable
taputa,held,3,1,dafot,defeat
taputa,held,3,1,dafuz,diffuse
taputa,held,3,1,sabuz,subsume
taputa,held,3,1,safot,soft
taputa,held,3,1,sapoz,suppose
taputa,held,3,1,saput,meal
taputa,held,3,1,savut,subvert
taputa,held,3,1,taboc,gazelle
taputa,held,3,1,tavut,tuck
tataka,strained,3,1,catak,pathetic
tataka,strained,3,1,dacak,stress
tataka,strained,3,1,dazak,daze
tataka,strained,3,1,sadaj,beside
tataka,strained,3,1,satag,stagger
tataka,strained,3,1,tadax,touch
tataka,strained,3,1,tasaj,toss
tataka,strained,3,1,tatag,turtle
tataka,strained,3,1,tazak,intersect
tatama,strained,3,1,cadam,itemize
tatama,strained,3,1,sadam,sincere
tatama,strained,3,1,tasam,testament
tatana,strained,3,1,cadar,autograph
tatana,strained,3,1,dasar,disability
tatana,strained,3,1,datal,deadlock
tatana,strained,3,1,dazal,dazzle
tatana,strained,3,1,dazan,gender
tatana,strained,3,1,sadar,cedar
tatana,strained,3,1,sasar,subscribe
tatana,strained,3,1,satal,stall
tatana,strained,3,1,satan,stand
tatana,strained,3,1,sazan,size
tatana,strained,3,1,taCar,apologize
tatana,strained,3,1,tadar,develop
tatana,strained,3,1,tasar,churn
tatana,strained,3,1,tatal,spade
tatana,strained,3,1,zasar,exasperate
tatana,strained,3,1,zatal,strut
tatapa,strained,3,1,dazaf,doze
tatapa,strained,3,1,sataf,stuff
tatika,held,3,1,datik,dart
tatika,held,3,1,sadix,stash
tatika,held,3,1,satex,such
tatika,held,3,1,satik,astringent
tatika,held,3,1,tadij,experiment
tatika,held,3,1,tatej,taunt
tatika,held,3,1,tatik,contradict
tatika,held,3,1,zadij,acrobat
tatima,held,3,1,catem,automate
tatima,held,3,1,dasim,dismiss
tatima,held,3,1,sadim,equipment
tatima,held,3,1,satem,rigid
tatima,held,3,1,tasim,delineate
tatina,held,3,1,daCen,starch
tatina,held,3,1,daden,bold
tatina,held,3,1,dasiq,distinct
tatina,held,3,1,datin,detonate
tatina,held,3,1,dazin,dizzy
tatina,held,3,1,saden,sudden
tatina,held,3,1,sasen,assassinate
tatina,held,3,1,sateq,stalk
tatina,held,3,1,satin,stunning
tatina,held,3,1,taden,tarnish
tatina,held,3,1,zatin,anxiety
tatipa,held,3,1,dadep,drop off
tatipa,held,3,1,dasep,dissipate
tatipa,held,3,1,dazip,disappear
tatipa,held,3,1,sadep,strap
tatipa,held,3,1,sasep,suspend
tatipa,held,3,1,sateb,stab
tatipa,held,3,1,sativ,steady
tatipa,held,3,1,tadep,trapezoid
tatipa,held,3,1,tadev,chide
tatuka,held,3,1,casux,eschew
tatuka,held,3,1,dasok,skid
tatuka,held,3,1,sadok,salt
tatuka,held,3,1,sadux,stature
tatuka,held,3,1,satoj,storage
tatuka,held,3,1,tasok,lake
tatuka,held,3,1,tatox,attach
tatuma,held,3,1,sadum,stump (tree)
tatuma,held,3,1,satom,stammer
tatuna,held,3,1,cadur,thud
tatuna,held,3,1,casol,assail
tatuna,held,3,1,catun,atone
tatuna,held,3,1,dadol,avenue
tatuna,held,3,1,dasol,disclose
tatuna,held,3,1,dazul,educate
tatuna,held,3,1,dazun,tough
tatuna,held,3,1,saCur,smother
tatuna,held,3,1,sadol,saddle
tatuna,held,3,1,sadon,steward
tatuna,held,3,1,sadur,tidy
tatuna,held,3,1,sator,star
tatuna,held,3,1,satul,subtle
tatuna,held,3,1,satun,reverberate
tatuna,held,3,1,tadol,tattle
tatuna,held,3,1,tadon,trunk (tree)
tatuna,held,3,1,tasol,tassel
tatuna,held,3,1,tator,totter
tatuna,held,3,1,tatul,tattoo
tatuna,held,3,1,zator,strand
tatupa,held,3,1,satup,stupid
tikaka,held,3,1,dejax,eminent
tikaka,held,3,1,dijax,diet
tikaka,held,3,1,dikak,physical
tikaka,held,3,1,dixak,dish
tikaka,held,3,1,segax,section
tikaka,held,3,1,sigax,sink
tikaka,held,3,1,sikak,seek
tikaka,held,3,1,tikak,tick (sound)
tikaka,held,3,1,tixak,check
tikama,held,3,1,cigam,rely
tikama,held,3,1,dejam,gym
tikama,held,3,1,digam,predicament
tikama,held,3,1,dijam,lash
tikama,held,3,1,segam,segment
tikama,held,3,1,sigam,scream
tikama,held,3,1,tijam,strange
tikana,held,3,1,degar,degrade
tikana,held,3,1,dejaq,alert
tikana,held,3,1,dejar,run into
tikana,held,3,1,dekal,palm
tikana,held,3,1,dexan,blond
tikana,held,3,1,digar,denigrate
tikana,held,3,1,dijaq,spite
tikana,held,3,1,dijar,deer
tikana,held,3,1,dikal,declare
tikana,held,3,1,dikan,decline
tikana,held,3,1,dixal,kind (pleasant)
tikana,held,3,1,segar,scrape
tikana,held,3,1,sekal,sculpt
tikana,held,3,1,sigar,swig
tikana,held,3,1,sikal,skill
tikana,held,3,1,sikan,skin
tikana,held,3,1,siyan,slender
tikana,held,3,1,tejaq,frail
tikana,held,3,1,tejar,shrill
tikana,held,3,1,tekal,twinkle
tikana,held,3,1,tekan,standard
tikana,held,3,1,texal,reassure
tikana,held,3,1,texan,defect
tikana,held,3,1,tijaq,jiggle
tikana,held,3,1,tijar,cherry
tikana,held,3,1,tikal,tickle
tikana,held,3,1,tikan,slit
tikana,held,3,1,zixal,least
tikapa,held,3,1,dijab,gibberish
tikapa,held,3,1,dixav,dishevel
tikapa,held,3,1,sekap,scape (scenery)
tikapa,held,3,1,sigab,scribble
tikapa,held,3,1,sikaf,sycophant
tikapa,held,3,1,texaf,deficient
tikapa,held,3,1,texap,chipper
tikapa,held,3,1,tijab,innocent
tikapa,held,3,1,tixaf,diligent
tikapa,held,3,1,zikap,affinity
tikata,held,3,1,cekas,excise
tikata,held,3,1,dejad,strive
tikata,held,3,1,segad,sacred
tikata,held,3,1,sikaz,squeeze
tikata,held,3,1,tejad,outcast
tikata,held,3,1,tekas,rodentia
tikata,held,3,1,texaz,precursor
tikata,held,3,1,tixaz,resign
tikika,strained,3,1,cekij,think over
tikika,strained,3,1,dijek,reject
tikika,strained,3,1,sekix,switch
tikika,strained,3,1,sigek,percept
tikika,strained,3,1,sikex,sanction
tikika,strained,3,1,texix,bias
tikika,strained,3,1,tigek,take
tikika,strained,3,1,tixex,charity
tikima,strained,3,1,sekim,minimum
tikima,strained,3,1,texim,dreary
tikina,strained,3,1,dejin,gene
tikina,strained,3,1,dexiq,vigilant
tikina,strained,3,1,digen,decay
tikina,strained,3,1,dijen,indecision
tikina,strained,3,1,dixeq,boy/girl friend
tikina,strained,3,1,segin,squint
tikina,strained,3,1,sekiq,ski
tikina,strained,3,1,sigen,subsequent
tikina,strained,3,1,tegin,technique
tikina,strained,3,1,tejin,premise
tikina,strained,3,1,tekiq,take care of
tikina,strained,3,1,texiq,q sound
tikina,strained,3,1,tijen,chicken
tikina,strained,3,1,tixeq,tick (step)
tikipa,strained,3,1,dejip,over
tikipa,strained,3,1,tejip,chop
tikita,strained,3,1,ciket,equate
tikita,strained,3,1,dejis,gist
tikita,strained,3,1,dekit,duct
tikita,strained,3,1,dexit,jet
tikita,strained,3,1,dijes,adjacent
tikita,strained,3,1,diked,dictate
tikita,strained,3,1,dixed,aggress
tikita,strained,3,1,sekit,sweet
tikita,strained,3,1,sexit,satiate
tikita,strained,3,1,siked,cicada
tikita,strained,3,1,tekit,aim
tikita,strained,3,1,texit,shit
tikita,strained,3,1,tiked,extricate
tikita,strained,3,1,zigez,zigzag
tikita,strained,3,1,ziket,syncopate
tikuka,held,3,1,dejok,joke
tikuka,held,3,1,dejuj,frugal
tikuka,held,3,1,dijog,jeer
tikuka,held,3,1,dijuj,fabricate
tikuka,held,3,1,sekuk,around/surround
tikuka,held,3,1,sikoj,skit
tikuka,held,3,1,tegok,dare
tikuka,held,3,1,tejok,chocolate
tikuka,held,3,1,tejux,statement
tikuka,held,3,1,tekuk,caribou
tikuka,held,3,1,texuk,garage
tikuka,held,3,1,tixoj,lasting
tikuka,held,3,1,tixug,undulate
tikuka,held,3,1,zikox,philosophy
tikuka,held,3,1,zikuk,flare
tikuma,held,3,1,dejum,burn
tikuma,held,3,1,dijum,unravel
tikuma,held,3,1,sekom,scamper
tikuma,held,3,1,texom,chamber
tikuna,held,3,1,dejol,juggle
tikuna,held,3,1,dejon,jade
tikuna,held,3,1,dejuq,relieve
tikuna,held,3,1,dejur,jowl
tikuna,held,3,1,digon,dignify
tikuna,held,3,1,digur,dig
tikuna,held,3,1,dijol,digital
tikuna,held,3,1,dijon,disjoint
tikuna,held,3,1,dijuq,jingle
tikuna,held,3,1,dijur,relative
tikuna,held,3,1,dikor,remembrance
tikuna,held,3,1,dixun,restrain
tikuna,held,3,1,segol,sculpture
tikuna,held,3,1,segur,saw (cut)
tikuna,held,3,1,sekor,score
tikuna,held,3,1,sekul,scalar (math)
tikuna,held,3,1,sigur,cigarette
tikuna,held,3,1,sikor,screen (display)
tikuna,held,3,1,sikul,squeal
tikuna,held,3,1,tegol,tangle
tikuna,held,3,1,tejon,legacy
tikuna,held,3,1,tejur,char
tikuna,held,3,1,texoq,commit
tikuna,held,3,1,texor,moreover
tikuna,held,3,1,texul,mastermind
tikuna,held,3,1,texun,chasten
tikuna,held,3,1,tigur,odd
tikuna,held,3,1,tijon,bronze
tikuna,held,3,1,tijuq,frivolity
tikuna,held,3,1,tijur,flimsy
tikuna,held,3,1,tikul,tweak
tikuna,held,3,1,tixor,cheer
tikuna,held,3,1,tixul,gear
tikuna,held,3,1,zikor,screech
tikupa,held,3,1,segub,scab
tikupa,held,3,1,sikuv,refusal
tikuta,held,3,1,cegos,engross.
tikuta,held,3,1,dejoz,jest
tikuta,held,3,1,dekod,decode
tikuta,held,3,1,deyot,doubt
tikuta,held,3,1,dijoz,jeez
tikuta,held,3,1,dijut,basis
tikuta,held,3,1,dikus,cram
tikuta,held,3,1,dixuz,overdo
tikuta,held,3,1,sekod,skate
tikuta,held,3,1,seyot,slight
tikuta,held,3,1,sigut,execute
tikuta,held,3,1,tekod,trek
tikuta,held,3,1,texod,thorough
tikuta,held,3,1,texus,chase
tikuta,held,3,1,tigos,tiger
tikuta,held,3,1,tigut,intricate
tikuta,held,3,1,tijut,cheat
tikuta,held,3,1,tixus,climate
tikuta,held,3,1,zekot,suspect
timana,held,3,1,cimar,theme
timana,held,3,1,demar,democrat
timana,held,3,1,semar,smart
timana,held,3,1,simaq,seem
timana,held,3,1,simar,similar
timana,held,3,1,timaq,teem
timana,held,3,1,zemar,fright
timata,held,3,1,demat,damp
timata,held,3,1,semat,wholesome
timata,held,3,1,simad,smidgin
timata,held,3,1,temat,intimidate
timata,held,3,1,timad,timid
timina,strained,3,1,dimen,demon
timina,strained,3,1,semin,meson
timina,strained,3,1,simen,simultaenous
timipa,strained,3,1,simep,simplex
timita,strained,3,1,demiz,democracy
timita,strained,3,1,dimez,devise
timita,strained,3,1,sewit,silhouette
timuka,held,3,1,dimux,diminution
timuma,held,3,1,zimum,contraction
timuna,held,3,1,dimol,demolish
timuna,held,3,1,dimon,imagination
timuna,held,3,1,semol,mile
timuna,held,3,1,semon,seminar
timuna,held,3,1,simol,smell
timuna,held,3,1,simon,indicate
timuna,held,3,1,temur,temper
timupa,held,3,1,cimop,impound
timupa,held,3,1,demop,dump
timupa,held,3,1,temop,tempo
timuta,held,3,1,cemut,impute
timuta,held,3,1,simos,symbiosis
tinaka,held,3,1,derax,hyphen
tinaka,held,3,1,dilak,delectable
tinaka,held,3,1,dinak,deny
tinaka,held,3,1,dirax,direction
tinaka,held,3,1,silak,select
tinaka,held,3,1,sinak,sneak
tinaka,held,3,1,teraj,trudge
tinaka,held,3,1,tilak,strategy
tinaka,held,3,1,tinak,toy
tinaka,held,3,1,tiraj,treasure
tinama,held,3,1,ciram,theorem
tinama,held,3,1,deram,drama
tinama,held,3,1,seram,creep
tinama,held,3,1,teram,trauma
tinama,held,3,1,tiram,triumph
tinama,held,3,1,ziram,movement (political/etc.)
tinana,held,3,1,cenan,inventory
tinana,held,3,1,cinan,thin
tinana,held,3,1,delan,delta (water)
tinana,held,3,1,denal,drab
tinana,held,3,1,dilan,dill
tinana,held,3,1,dinan,denounce
tinana,held,3,1,dirar,elm (tree)
tinana,held,3,1,selan,silt
tinana,held,3,1,senan,conscientious
tinana,held,3,1,silan,seal (connect)
tinana,held,3,1,sinal,assimilate
tinana,held,3,1,sinan,sneer
tinana,held,3,1,sirar,circumscribe
tinana,held,3,1,telan,fin
tinana,held,3,1,tenal,potential
tinana,held,3,1,tenan,tenant
tinana,held,3,1,teraq,tranquil
tinana,held,3,1,terar,rumble
tinana,held,3,1,tilan,bother
tinana,held,3,1,tirar,TRUE
tinana,held,3,1,zilan,resilient
tinana,held,3,1,zirar,pertaining to x (pleasantry)
tinapa,held,3,1,cinap,inept
tinapa,held,3,1,denap,dune
tinapa,held,3,1,selap,slope
tinapa,held,3,1,telap,bid
tinapa,held,3,1,zelav,dissolve
tinata,held,3,1,cirat,threaten
tinata,held,3,1,derat,direct
tinata,held,3,1,dirad,deride
tinata,held,3,1,senas,snot
tinata,held,3,1,serat,stability
tinata,held,3,1,sinas,synthesize
tinata,held,3,1,siraC,slither
tinata,held,3,1,sirad,sardonic
tinata,held,3,1,telas,tall
tinata,held,3,1,terat,deteriorate
tinata,held,3,1,tirad,towards
tinata,held,3,1,zirat,factorial (math)
tinika,strained,3,1,celik,think
tinika,strained,3,1,delig,magnitude
tinika,strained,3,1,selig,swell
tinika,strained,3,1,senij,singe
tinika,strained,3,1,telig,dodge
tinika,strained,3,1,terix,tetration
tinika,strained,3,1,tirex,treat
tinika,strained,3,1,zelik,hand
tinika,strained,3,1,zenix,authentic
tinima,strained,3,1,denim,responsible
tinima,strained,3,1,derim,dream
tinima,strained,3,1,tinem,tin
tinima,strained,3,1,tirem,terminate
tinina,strained,3,1,delin,dolphin
tinina,strained,3,1,dilen,delay
tinina,strained,3,1,selin,cylinder
tinina,strained,3,1,silen,silence
tinina,strained,3,1,telin,defiant
tinina,strained,3,1,teriq,tea
tinipa,strained,3,1,derib,10^6
tinipa,strained,3,1,seliv,salvage
tinipa,strained,3,1,silep,sleep
tinita,strained,3,1,cinet,internal
tinita,strained,3,1,denit,dense
tinita,strained,3,1,dined,danger
tinita,strained,3,1,diret,mote
tinita,strained,3,1,selis,slice
tinita,strained,3,1,senic,synthetic
tinita,strained,3,1,senit,insinuate
tinita,strained,3,1,siles,pardon
tinita,strained,3,1,sined,saint
tinita,strained,3,1,siret,rent
tinita,strained,3,1,teliz,transfix
tinita,strained,3,1,tenit,tiny
tinita,strained,3,1,tined,teenager
tinita,strained,3,1,tiret,trait
tinuka,held,3,1,deluk,delicate
tinuka,held,3,1,denuk,dent
tinuka,held,3,1,dirok,direct (focus)
tinuka,held,3,1,seluk,weak
tinuka,held,3,1,senox,censure
tinuka,held,3,1,senuk,snicker
tinuka,held,3,1,siloj,bush
tinuka,held,3,1,silug,slog
tinuka,held,3,1,sinug,disintegrate
tinuka,held,3,1,sirok,circuit
tinuka,held,3,1,teluk,chin
tinuka,held,3,1,tenuk,tank (do bad)
tinuka,held,3,1,terux,tortuous
tinuka,held,3,1,tinoj,tinge
tinuka,held,3,1,tirok,slam
tinuka,held,3,1,tirux,trash
tinuka,held,3,1,zinuk,dash (spurt)
tinuma,held,3,1,dilom,delimit
tinuma,held,3,1,dirum,proud
tinuma,held,3,1,silom,submit
tinuma,held,3,1,sinom,syndrome
tinuma,held,3,1,telom,abyss
tinuma,held,3,1,terum,trombone
tinuma,held,3,1,zilom,xylem
tinuna,held,3,1,cerol,toil
tinuna,held,3,1,ceron,south
tinuna,held,3,1,cirol,thrill
tinuna,held,3,1,derol,drill
tinuna,held,3,1,deron,drain
tinuna,held,3,1,derur,drop out
tinuna,held,3,1,dilor,accommodate
tinuna,held,3,1,dilun,discuss
tinuna,held,3,1,dirol,dribble
tinuna,held,3,1,diron,tuber (vegetable)
tinuna,held,3,1,seloq,slay
tinuna,held,3,1,selor,slurp
tinuna,held,3,1,selun,slip
tinuna,held,3,1,senor,sane
tinuna,held,3,1,senun,sentence (ruling)
tinuna,held,3,1,serol,sale
tinuna,held,3,1,seron,circumvent
tinuna,held,3,1,siloq,ceiling
tinuna,held,3,1,silor,slaughter
tinuna,held,3,1,silun,science
tinuna,held,3,1,sinor,senior
tinuna,held,3,1,sirol,cereal
tinuna,held,3,1,siron,carcinogenesis
tinuna,held,3,1,telor,tailor
tinuna,held,3,1,telun,rail (track)
tinuna,held,3,1,tenor,taint
tinuna,held,3,1,tenul,turbulent
tinuna,held,3,1,terol,terrible
tinuna,held,3,1,teron,tyrrany
tinuna,held,3,1,terur,tractor
tinuna,held,3,1,tilor,minor
tinuna,held,3,1,tirol,trial
tinuna,held,3,1,tiron,noob
tinupa,held,3,1,derof,definite
tinupa,held,3,1,derop,drape
tinupa,held,3,1,seluv,consecutive
tinupa,held,3,1,serof,surface
tinupa,held,3,1,silob,garment
tinupa,held,3,1,sinuf,sniff
tinupa,held,3,1,teluf,phone
tinupa,held,3,1,terop,interpolate
tinupa,held,3,1,terov,turn on
tinuta,held,3,1,celot,elate
tinuta,held,3,1,cenot,short
tinuta,held,3,1,ceros,art
tinuta,held,3,1,cerut,puzzle
tinuta,held,3,1,cinod,index
tinuta,held,3,1,delod,illuminate
tinuta,held,3,1,deroz,enter
tinuta,held,3,1,derud,put up with
tinuta,held,3,1,selod,solid
tinuta,held,3,1,senuz,essence
tinuta,held,3,1,seroz,series
tinuta,held,3,1,siroz,sear
tinuta,held,3,1,telod,t sound
tinuta,held,3,1,teros,trace
tinuta,held,3,1,terud,west
tinuta,held,3,1,tiros,interest
tinuta,held,3,1,zelot,column
tinuta,held,3,1,zenot,monotone
tinuta,held,3,1,zinod,oscillate
tipaka,held,3,1,sepag,spectacle
tipaka,held,3,1,zevak,sacrifice
tipama,held,3,1,difam,diaphragm
tipama,held,3,1,sifam,service
tipana,held,3,1,defar,difference (subtraction)
tipana,held,3,1,devan,hobby
tipana,held,3,1,dibaq,debunk
tipana,held,3,1,dibar,department
tipana,held,3,1,difar,defer
tipana,held,3,1,dipal,deplore
tipana,held,3,1,dival,divulge
tipana,held,3,1,divan,echo
tipana,held,3,1,sebar,spiral
tipana,held,3,1,sefar,sphere
tipana,held,3,1,sepal,spill
tipana,held,3,1,sepan,spy
tipana,held,3,1,seval,civil
tipana,held,3,1,sibar,sweep
tipana,held,3,1,sifar,hypothesis
tipana,held,3,1,sipal,split
tipana,held,3,1,sipan,sip
tipana,held,3,1,tefar,stitch
tipana,held,3,1,tibar,tip
tipana,held,3,1,zibar,zip
tipana,held,3,1,zipan,spinach
tipapa,held,3,1,dipav,deprive
tipapa,held,3,1,sipap,asleep
tipata,held,3,1,dibat,despite
tipata,held,3,1,difad,defraud
tipata,held,3,1,dipas,depress
tipata,held,3,1,divaz,divest
tipata,held,3,1,sefat,stave
tipata,held,3,1,sepas,coherent
tipata,held,3,1,sibat,mackerel
tipata,held,3,1,sipas,cypress
tipata,held,3,1,zifat,tar
tipika,strained,3,1,sebik,speak
tipina,strained,3,1,diben,slander
tipina,strained,3,1,difen,deify
tipina,strained,3,1,sebin,spin
tipina,strained,3,1,sefin,symphony
tipina,strained,3,1,siben,seep
tipipa,strained,3,1,difep,display
tipipa,strained,3,1,zebip,graph
tipita,strained,3,1,dipet,deprecate
tipita,strained,3,1,divet,deflate
tipita,strained,3,1,sipet,spit
tipita,strained,3,1,siveC,roast
tipita,strained,3,1,tipet,pungent
tipuka,held,3,1,difok,defy
tipuka,held,3,1,dipuk,kindle
tipuka,held,3,1,divuk,glue
tipuka,held,3,1,sipuk,complication
tipuna,held,3,1,cefur,stench
tipuna,held,3,1,debol,dabble
tipuna,held,3,1,debur,dab
tipuna,held,3,1,devor,divorce
tipuna,held,3,1,difol,deflect
tipuna,held,3,1,difon,defend
tipuna,held,3,1,difur,differ
tipuna,held,3,1,dipor,deport
tipuna,held,3,1,dipul,deploy
tipuna,held,3,1,divor,devour
tipuna,held,3,1,sebol,spout
tipuna,held,3,1,sebon,sprain
tipuna,held,3,1,sebur,react
tipuna,held,3,1,sepor,spread
tipuna,held,3,1,sepul,speckle
tipuna,held,3,1,sepun,sponge (animal)
tipuna,held,3,1,sevor,savor
tipuna,held,3,1,sibol,splinter
tipuna,held,3,1,sibon,spear
tipuna,held,3,1,sibur,spring (tool)
tipuna,held,3,1,sipor,tale
tipuna,held,3,1,sipul,splutter
tipuna,held,3,1,sipun,deck
tipuna,held,3,1,sivor,sever
tipuna,held,3,1,tepor,taper
tipuna,held,3,1,tipor,trip (fall)
tipuna,held,3,1,tipul,tiptoe
tipuna,held,3,1,tipun,case (law)
tipuna,held,3,1,zipor,speed
tipuna,held,3,1,zivun,style
tipupa,held,3,1,divuv,derivative
tipupa,held,3,1,sepup,swipe
tipupa,held,3,1,sevuv,save
tipupa,held,3,1,sifov,perceive
tipupa,held,3,1,sivuv,spinning top
tipupa,held,3,1,tepup,impure
tipupa,held,3,1,tifof,trickle
tiputa,held,3,1,devot,devote
tiputa,held,3,1,devus,devastate
tiputa,held,3,1,difos,deface
tiputa,held,3,1,dipuz,decompose
tiputa,held,3,1,divus,diverse
tiputa,held,3,1,sebut,substitute
tiputa,held,3,1,sepot,support
tiputa,held,3,1,sibud,spearhead
tiputa,held,3,1,sipod,contest
tiputa,held,3,1,tepot,teleport
titaka,held,3,1,dedak,tick tock
titaka,held,3,1,desak,dissect
titaka,held,3,1,disag,disfigure
titaka,held,3,1,ditax,ditch
titaka,held,3,1,sedak,soda
titaka,held,3,1,sesak,sex
titaka,held,3,1,setax,stretch
titaka,held,3,1,siCag,seethe
titaka,held,3,1,sitax,second (time)
titaka,held,3,1,tesak,tesseract
titaka,held,3,1,tetaj,sharp
titaka,held,3,1,tidag,trigger
titama,held,3,1,dizam,dismantle
titama,held,3,1,setam,stem
titama,held,3,1,sitam,steam
titama,held,3,1,zezam,flounder
titana,held,3,1,cesal,unless
titana,held,3,1,cisal,thistle
titana,held,3,1,Cisan,estrange
titana,held,3,1,citaq,get along
titana,held,3,1,citar,theater
titana,held,3,1,dedan,drench
titana,held,3,1,desal,dislodge
titana,held,3,1,desan,dissent
titana,held,3,1,dezar,discard
titana,held,3,1,diCan,fast (eating)
titana,held,3,1,dicar,disrupt
titana,held,3,1,didal,detail
titana,held,3,1,disal,dispel
titana,held,3,1,disan,descend
titana,held,3,1,ditar,deterrent
titana,held,3,1,dizar,desire
titana,held,3,1,sedal,sideline
titana,held,3,1,sedan,straigten (reverse)
titana,held,3,1,setaq,strangle
titana,held,3,1,setar,satire
titana,held,3,1,siCan,page
titana,held,3,1,sidal,still
titana,held,3,1,sidan,obsidian
titana,held,3,1,sisal,sizzle
titana,held,3,1,sisan,easy-going
titana,held,3,1,sitaq,stink
titana,held,3,1,sitar,city
titana,held,3,1,tedal,equator
titana,held,3,1,tedan,transcend
titana,held,3,1,tesal,tessellation
titana,held,3,1,tesan,fig
titana,held,3,1,tetar,tatter
titana,held,3,1,tisal,tesla (measurement)
titana,held,3,1,tisan,testify
titana,held,3,1,titar,titration
titana,held,3,1,zidal,stance
titana,held,3,1,zisan,representative
titana,held,3,1,zitar,sweater
titapa,held,3,1,cesap,espouse
titapa,held,3,1,disav,deceive
titika,strained,3,1,cetik,apathy
titika,strained,3,1,decik,discover
titika,strained,3,1,detig,diuretic
titika,strained,3,1,dezik,dice
titika,strained,3,1,dizeg,disregard
titika,strained,3,1,setig,scent
titika,strained,3,1,sidex,situate
titika,strained,3,1,tetig,treaty
titika,strained,3,1,tezik,frustrate
titika,strained,3,1,zetik,exotic
titika,strained,3,1,zidej,direct (immediate)
titika,strained,3,1,zizek,integrity
titima,strained,3,1,sesim,fraction
titima,strained,3,1,sidem,streamline
titima,strained,3,1,tesim,symptom
titina,strained,3,1,desiq,daisy
titina,strained,3,1,dezin,pyramid
titina,strained,3,1,diCeq,stupendous
titina,strained,3,1,dideq,site
titina,strained,3,1,diten,detain
titina,strained,3,1,dizen,disseminate
titina,strained,3,1,sediq,setting
titina,strained,3,1,setin,stain
titina,strained,3,1,sideq,sting
titina,strained,3,1,siten,stringent
titina,strained,3,1,sizen,season (period)
titina,strained,3,1,tediq,livid
titipa,strained,3,1,diseb,disable
titipa,strained,3,1,setiv,stay
titipa,strained,3,1,sitep,stripe
tituka,held,3,1,cetux,tooth
tituka,held,3,1,dedoj,appendage
tituka,held,3,1,disox,dispatch
tituka,held,3,1,ditok,detect
tituka,held,3,1,sedoj,sage (person)
tituka,held,3,1,setuj,stranger
tituka,held,3,1,sitok,stick (plant)
tituka,held,3,1,tetux,quit
tituka,held,3,1,titux,teach
tituka,held,3,1,zesuk,zest
tituka,held,3,1,zetux,1000
tituma,held,3,1,sedom,sediment
tituma,held,3,1,setum,stamp
tituma,held,3,1,situm,stump (baffle)
tituma,held,3,1,titum,pose (question)
tituma,held,3,1,zisom,pollute
tituna,held,3,1,desor,disburse
tituna,held,3,1,disor,dissuade
tituna,held,3,1,disul,dislocate
tituna,held,3,1,disun,dispense
tituna,held,3,1,dizon,conduct
tituna,held,3,1,dizur,deserve
tituna,held,3,1,sedor,strong
tituna,held,3,1,sedul,straddle
tituna,held,3,1,sedun,sage (plant)
tituna,held,3,1,setol,stale
tituna,held,3,1,seton,station
tituna,held,3,1,setur,stray
tituna,held,3,1,siCor,truncate
tituna,held,3,1,sidor,string
tituna,held,3,1,sidul,sterile
tituna,held,3,1,sisor,cyst
tituna,held,3,1,sitol,still (motion)
tituna,held,3,1,situr,slack
tituna,held,3,1,sizol,fringe
tituna,held,3,1,teCor,tether
tituna,held,3,1,tetuq,ache
tituna,held,3,1,tizur,tease
tituna,held,3,1,zedul,scramble
tituna,held,3,1,zetol,pucker
tituna,held,3,1,zidul,sentience
titupa,held,3,1,desob,disband
titupa,held,3,1,disuf,decipher
titupa,held,3,1,disup,disciple
titupa,held,3,1,dizop,dispute
titupa,held,3,1,setof,safe
titupa,held,3,1,setop,pomegranite
titupa,held,3,1,sidup,steep
titupa,held,3,1,sitof,stifle
titupa,held,3,1,situb,stipulate
titupa,held,3,1,tisup,intersperse
tukaka,held,3,1,dujag,jog
tukaka,held,3,1,sugag,beyond (extra- or hyper-)
tukaka,held,3,1,sukax,keen
tukaka,held,3,1,toxag,supervisor
tukaka,held,3,1,tuxax,tribute
tukaka,held,3,1,zokak,where
tukama,held,3,1,dojam,marijuana
tukama,held,3,1,duxam,fertile
tukama,held,3,1,sogam,convenient
tukama,held,3,1,sukam,scrotum
tukana,held,3,1,cogar,gap
tukana,held,3,1,dojaq,circumstance
tukana,held,3,1,dojar,jury
tukana,held,3,1,dokan,portrait
tukana,held,3,1,doxal,jolt
tukana,held,3,1,doxan,quintessential
tukana,held,3,1,dugan,suffer
tukana,held,3,1,dujal,joule
tukana,held,3,1,dujan,journal
tukana,held,3,1,dukar,mediocre
tukana,held,3,1,duxar,germinate
tukana,held,3,1,sogar,squirrel
tukana,held,3,1,sokal,skulk
tukana,held,3,1,sokan,sciuridae (squirrel)
tukana,held,3,1,soxal,social
tukana,held,3,1,sugal,scald
tukana,held,3,1,sugan,scrutinize
tukana,held,3,1,sukar,scrawl
tukana,held,3,1,tojar,chirp
tukana,held,3,1,tokal,chuckle
tukana,held,3,1,toxal,traverse
tukana,held,3,1,toxan,prospect
tukana,held,3,1,tujal,chill
tukana,held,3,1,tujan,powder
tukana,held,3,1,tuxaq,bit (small amount)
tukana,held,3,1,tuxar,cheer up
tukapa,held,3,1,dujav,swift
tukapa,held,3,1,tuxab,rowdy
tukata,held,3,1,dojat,jut
tukata,held,3,1,dujas,gesture
tukata,held,3,1,sogat,boast
tukata,held,3,1,toxas,perspire
tukika,held,3,1,dujik,jack (take)
tukika,held,3,1,duxek,adjudicate
tukika,held,3,1,sogeg,reason
tukika,held,3,1,sokik,psychic
tukika,held,3,1,tokik,structure
tukika,held,3,1,toxik,chuck
tukika,held,3,1,tugik,ivory
tukika,held,3,1,tujik,dispose
tukika,held,3,1,tuxek,reserve
tukima,held,3,1,dojim,germ
tukima,held,3,1,dujem,gel
tukima,held,3,1,tojim,reek
tukima,held,3,1,toxem,clever
tukima,held,3,1,tuxim,spring (water)
tukina,held,3,1,dojen,journey
tukina,held,3,1,dojiq,stiff
tukina,held,3,1,doxin,fertilize
tukina,held,3,1,dujeq,expense
tukina,held,3,1,dujin,jinx
tukina,held,3,1,duxen,rejuvenate
tukina,held,3,1,duxiq,inert
tukina,held,3,1,sokeq,scurry
tukina,held,3,1,sokin,spectate
tukina,held,3,1,sugin,scrutiny
tukina,held,3,1,suken,screw
tukina,held,3,1,toxin,seat
tukina,held,3,1,tujin,correspond
tukina,held,3,1,tuxen,originality
tukina,held,3,1,tuxiq,substantiate
tukipa,held,3,1,dojef,entangle
tukipa,held,3,1,dojib,jab
tukipa,held,3,1,dujeb,bar
tukipa,held,3,1,toxeb,differential
tukipa,held,3,1,toxif,differentiate
tukita,held,3,1,dujiz,rectify
tukita,held,3,1,sukid,succeed (come next)
tukita,held,3,1,toxiz,skirt
tukita,held,3,1,tujis,chastity
tukita,held,3,1,tukid,torque
tukita,held,3,1,tuxes,trend
tukita,held,3,1,tuxid,ascertain
tukita,held,3,1,zukit,secrete
tukuka,strained,3,1,dujox,picket
tukuka,strained,3,1,sokox,scorch
tukuka,strained,3,1,toxox,longevity
tukuka,strained,3,1,zukok,try
tukuma,strained,3,1,dujom,jumble
tukuma,strained,3,1,toxom,pursue
tukuna,strained,3,1,dojol,dimple
tukuna,strained,3,1,dojon,joint
tukuna,strained,3,1,dojur,jack (tire)
tukuna,strained,3,1,dujor,juke
tukuna,strained,3,1,duxon,military
tukuna,strained,3,1,sogur,scorn
tukuna,strained,3,1,sokoq,cease
tukuna,strained,3,1,sokor,soak
tukuna,strained,3,1,sokul,school
tukuna,strained,3,1,sokun,skew
tukuna,strained,3,1,sugor,sue
tukuna,strained,3,1,sukol,scroll
tukuna,strained,3,1,toxoq,pet
tukuna,strained,3,1,toxor,saturate
tukuna,strained,3,1,toxul,actual
tukuna,strained,3,1,toxun,sneeze
tukuna,strained,3,1,tujor,charter
tukuna,strained,3,1,tukol,flinch
tukuna,strained,3,1,tukon,technology
tukuna,strained,3,1,tuxol,flood
tukuna,strained,3,1,tuxon,mellow
tukupa,strained,3,1,sokup,scoop
tukupa,strained,3,1,suxov,dear
tukupa,strained,3,1,toxup,rude
tukuta,strained,3,1,dojos,jostle
tukuta,strained,3,1,dojud,jew
tukuta,strained,3,1,dujot,traffic
tukuta,strained,3,1,sokoC,opinion
tukuta,strained,3,1,sokot,difficult
tukuta,strained,3,1,sokuz,excuse
tukuta,strained,3,1,sugot,surrogate
tukuta,strained,3,1,tokus,easy
tukuta,strained,3,1,toxot,loose
tukuta,strained,3,1,toxuz,choose
tukuta,strained,3,1,tujot,chew
tumaka,held,3,1,somax,assumption
tumaka,held,3,1,sumak,smoke
tumana,held,3,1,somar,smirk
tumana,held,3,1,sumal,shock
tumana,held,3,1,suman,sum (addition)
tumapa,held,3,1,somab,resemble
tumika,held,3,1,somek,smack
tumita,held,3,1,somid,smite
tumita,held,3,1,sumeC,smooth
tumuka,strained,3,1,somog,smuggle
tumuma,strained,3,1,domum,state
tumuma,strained,3,1,zumom,plot
tumuna,strained,3,1,somol,smilodon
tumuta,strained,3,1,domut,figure
tumuta,strained,3,1,tomut,anguish
tunaka,held,3,1,corax,thrash
tunaka,held,3,1,Curak,large C sound
tunaka,held,3,1,dolag,dialogue
tunaka,held,3,1,doraj,malicious
tunaka,held,3,1,durak,harm
tunaka,held,3,1,solag,slug (animal)
tunaka,held,3,1,sonag,snag
tunaka,held,3,1,surak,stare
tunaka,held,3,1,turak,trick
tunaka,held,3,1,zonak,crucial
tunama,held,3,1,coram,thorn
tunama,held,3,1,doram,crow (bird)
tunama,held,3,1,soram,surmise
tunama,held,3,1,sunam,soy
tunama,held,3,1,toram,speculation
tunana,held,3,1,cural,nonsense (rubbish)
tunana,held,3,1,curan,throne
tunana,held,3,1,doraq,drown
tunana,held,3,1,dular,dole
tunana,held,3,1,dural,truculent
tunana,held,3,1,duran,dragon
tunana,held,3,1,solan,swollen
tunana,held,3,1,sonal,snub
tunana,held,3,1,sonan,blank
tunana,held,3,1,sunar,charming
tunana,held,3,1,sural,circulate
tunana,held,3,1,suran,sour
tunana,held,3,1,tolan,trance
tunana,held,3,1,tonal,flux
tunana,held,3,1,toraq,uncountably large
tunana,held,3,1,tular,totalitarian
tunana,held,3,1,tunar,tow
tunana,held,3,1,tural,exercise
tunana,held,3,1,zonal,weight
tunana,held,3,1,zulaq,earn
tunapa,held,3,1,curap,c sound
tunapa,held,3,1,dorab,follow
tunapa,held,3,1,sulab,slab
tunapa,held,3,1,surav,survive
tunapa,held,3,1,torab,tribe
tunapa,held,3,1,turaf,prey
tunata,held,3,1,dolas,adolescent
tunata,held,3,1,duras,heavy
tunata,held,3,1,solas,celsius
tunata,held,3,1,suras,face (surface)
tunata,held,3,1,turaz,tear (cry)
tunata,held,3,1,zuraz,catalyze
tunika,held,3,1,corej,originate
tunika,held,3,1,dolek,grate
tunika,held,3,1,donik,animate
tunika,held,3,1,solek,torn
tunika,held,3,1,solix,wish
tunika,held,3,1,sonex,accentuate
tunika,held,3,1,sonik,sink (down)
tunika,held,3,1,sunek,sign up
tunika,held,3,1,sunix,sandwich
tunika,held,3,1,torej,tear (paper)
tunima,held,3,1,sorem,sun month
tunima,held,3,1,torem,term (language)
tunina,held,3,1,corin,authority
tunina,held,3,1,doliq,cloak
tunina,held,3,1,doreq,during
tunina,held,3,1,dorin,underneath
tunina,held,3,1,duren,put off
tunina,held,3,1,solen,silk
tunina,held,3,1,soliq,sew
tunina,held,3,1,sorin,surgery
tunina,held,3,1,sulin,swoon
tunina,held,3,1,suren,servant
tunina,held,3,1,tolen,turn off
tunina,held,3,1,torin,tour
tunina,held,3,1,tulin,competition
tunipa,held,3,1,dorip,droop
tunipa,held,3,1,doriv,fate
tunipa,held,3,1,dulif,leak
tunipa,held,3,1,durep,d sound
tunipa,held,3,1,sulip,swoop
tunipa,held,3,1,sunef,snuff
tunipa,held,3,1,surep,surpass
tunipa,held,3,1,torip,trap
tunipa,held,3,1,turep,tarp
tunita,held,3,1,coret,revolution
tunita,held,3,1,cures,orchestrate
tunita,held,3,1,doreC,dash
tunita,held,3,1,dored,east
tunita,held,3,1,doris,dress up
tunita,held,3,1,duled,dilate
tunita,held,3,1,duliz,duly
tunita,held,3,1,durit,electricity
tunita,held,3,1,solez,slosh
tunita,held,3,1,soliC,therefore
tunita,held,3,1,solid,swing
tunita,held,3,1,sonis,sensitive
tunita,held,3,1,sored,serenade
tunita,held,3,1,soris,exorcise
tunita,held,3,1,suliz,trivial
tunita,held,3,1,sunid,neat
tunita,held,3,1,surit,tape
tunita,held,3,1,toniz,blanket
tunita,held,3,1,tored,trade
tunita,held,3,1,toriz,concentrate
tunita,held,3,1,tures,trust
tunita,held,3,1,zolit,solitary
tunita,held,3,1,zoret,lizard
tunuka,strained,3,1,corok,bargain
tunuka,strained,3,1,dorog,degree
tunuka,strained,3,1,solox,slouch
tunuka,strained,3,1,sorog,recent
tunuka,strained,3,1,sulog,slug
tunuka,strained,3,1,toruj,interject
tunuka,strained,3,1,turoj,trajectory
tunuka,strained,3,1,zorok,consume
tunuka,strained,3,1,zunok,z sound
tunuma,strained,3,1,corum,through/tunnel
tunuma,strained,3,1,curom,thrum
tunuma,strained,3,1,dorum,drum
tunuma,strained,3,1,solom,slow
tunuma,strained,3,1,sonom,snow
tunuma,strained,3,1,sorum,some
tunuma,strained,3,1,torum,spectrum
tununa,strained,3,1,coron,british o vowel sound
tununa,strained,3,1,doron,drone (sound)
tununa,strained,3,1,solor,swarm
tununa,strained,3,1,solun,soon
tununa,strained,3,1,sonor,s sound
tununa,strained,3,1,sorur,out
tununa,strained,3,1,sulon,slew
tununa,strained,3,1,tolul,excellence
tununa,strained,3,1,tolun,transmute
tununa,strained,3,1,torol,trouble
tununa,strained,3,1,toron,turn
tununa,strained,3,1,toruq,tart
tununa,strained,3,1,torur,turf
tununa,strained,3,1,zonor,zone out
tununa,strained,3,1,zoron,ear
tunupa,strained,3,1,corub,distance (tele-)
tunupa,strained,3,1,dorov,multicellular life
tunupa,strained,3,1,solup,swap
tunuta,strained,3,1,dolot,dilute
tunuta,strained,3,1,donot,donate
tunuta,strained,3,1,doros,desert
tunuta,strained,3,1,dorut,dirt
tunuta,strained,3,1,solot,nightmare
tunuta,strained,3,1,sonot,snort
tunuta,strained,3,1,sonus,censor
tunuta,strained,3,1,soros,current (river)
tunuta,strained,3,1,sorut,search
tunuta,strained,3,1,tolot,twilight
tunuta,strained,3,1,torut,tight
tunuta,strained,3,1,tulos,torso
tunuta,strained,3,1,zurod,exit
tupaka,held,3,1,sopak,spike
tupaka,held,3,1,tovak,moose
tupama,held,3,1,cuvam,overcome
tupama,held,3,1,supam,supervise
tupana,held,3,1,dopan,dope
tupana,held,3,1,sobar,sob
tupana,held,3,1,sofar,saffron
tupana,held,3,1,sopal,spoil
tupana,held,3,1,sopan,spur
tupana,held,3,1,subal,sublet
tupana,held,3,1,supar,sprout
tupana,held,3,1,suvar,relish
tupana,held,3,1,tufan,tuff (rock)
tupata,held,3,1,cobat,hollow
tupata,held,3,1,sobad,subside
tupata,held,3,1,sopaz,surprise
tupata,held,3,1,supad,sap (tree)
tupata,held,3,1,tupad,torpedo
tupika,held,3,1,sofek,suffocate
tupina,held,3,1,dovin,dove (bird)
tupina,held,3,1,sopin,spurn
tupina,held,3,1,zofen,cipher
tupipa,held,3,1,tofef,tap
tupita,held,3,1,covet,overheat
tupita,held,3,1,dobit,debit
tupita,held,3,1,dopis,bark (tree)
tupita,held,3,1,dupit,duplicate
tupita,held,3,1,sobes,substance
tupita,held,3,1,sobit,swab
tupita,held,3,1,soped,rivalry
tupita,held,3,1,sopis,species
tupita,held,3,1,subet,spurt
tupita,held,3,1,subis,splice
tupita,held,3,1,sufis,speculate
tupita,held,3,1,supit,throb
tupita,held,3,1,tubet,tabulate
tupuka,strained,3,1,dupok,dupe
tupuka,strained,3,1,supok,spoke (wheel)
tupuna,strained,3,1,covor,reverse
tupuna,strained,3,1,covul,overlook
tupuna,strained,3,1,sobol,splatter
tupuna,strained,3,1,sobur,spatter
tupuna,strained,3,1,sopor,sperm
tupuna,strained,3,1,sopul,splendor
tupuna,strained,3,1,subor,spar
tupuna,strained,3,1,supol,supplant
tupuna,strained,3,1,supon,sponsor
tupuna,strained,3,1,tufor,interfere
tupuna,strained,3,1,zupon,conceal
tupupa,strained,3,1,dobub,two
tupupa,strained,3,1,sobub,I
tuputa,strained,3,1,copod,arthropod
tuputa,strained,3,1,subod,subsidize
tutaka,held,3,1,sutak,strike
tutama,held,3,1,sotam,stomata
tutana,held,3,1,codal,dye
tutana,held,3,1,cotaq,rush
tutana,held,3,1,dozar,jerk
tutana,held,3,1,dutan,dote
tutana,held,3,1,soCal,weld
tutana,held,3,1,sodal,stoic
tutana,held,3,1,sotar,stark
tutana,held,3,1,sudar,starve
tutana,held,3,1,sutal,stealth
tutana,held,3,1,sutan,stow
tutana,held,3,1,todal,channel
tutana,held,3,1,todan,turn down
tutana,held,3,1,tutal,total
tutana,held,3,1,zuzal,book
tutapa,held,3,1,dodap,enormous
tutapa,held,3,1,sodap,stereotype
tutapa,held,3,1,sotab,stub (toe)
tutapa,held,3,1,todap,introspect
tutapa,held,3,1,tosap,trespass
tutika,held,3,1,sodej,suggest
tutika,held,3,1,sotek,mistake
tutika,held,3,1,sotix,astonish
tutika,held,3,1,sudij,stochastic
tutika,held,3,1,todig,tardigrada
tutika,held,3,1,tosig,plover (bird)
tutika,held,3,1,tucig,set up
tutima,held,3,1,sotim,strum
tutima,held,3,1,tudim,schematic
tutina,held,3,1,doCin,steadfast
tutina,held,3,1,dotiq,doting
tutina,held,3,1,dozen,elevator
tutina,held,3,1,duzin,army
tutina,held,3,1,soten,send off
tutina,held,3,1,suCiq,sooth
tutina,held,3,1,todin,turn up
tutina,held,3,1,totiq,sympathy
tutina,held,3,1,tuCen,set off
tutipa,held,3,1,susib,associate
tutipa,held,3,1,sutip,stocky (build)
tutuka,strained,3,1,doduk,deduct
tutuka,strained,3,1,dosuk,across (trans-)/cross
tutuka,strained,3,1,dozok,desk
tutuka,strained,3,1,soduk,stomach
tutuka,strained,3,1,sosuk,conflict
tutuka,strained,3,1,sotux,set (math)
tutuka,strained,3,1,sozok,bass (fish)
tutuka,strained,3,1,tosuk,retrieve
tutuma,strained,3,1,sotum,install
tutuma,strained,3,1,sutom,stomp
tutuna,strained,3,1,dosor,discourse
tutuna,strained,3,1,sodor,saunter
tutuna,strained,3,1,sodun,stand out
tutuna,strained,3,1,sotol,stroll
tutuna,strained,3,1,soton,stone
tutuna,strained,3,1,sotur,storm
tutuna,strained,3,1,sudol,stew
tutuna,strained,3,1,sudon,somewhat (pseudo-)
tutuna,strained,3,1,sutor,story
tutuna,strained,3,1,todoq,nudge
tutupa,strained,3,1,sudop,strip
tutupa,strained,3,1,sutob,stubble
